,return,equity,gross,net,beta_exposure,turnover,fees,spread,impact,funding,gross_pnl,pnl_long,pnl_short,n_positions,stops,ic_est
2023-07-31 00:00:00+00:00,0,1,0,0,0,0,0,0,0,0,0,0,0,0,0,0.00122089
2023-08-01 00:00:00+00:00,0,1,0,0,0,0,0,0,0,0,0,0,0,0,0,0.00281966
2023-08-02 00:00:00+00:00,0,1,0,0,0,0,0,0,0,0,0,0,0,0,0,0
2023-08-03 00:00:00+00:00,0,1,0,0,0,0,0,0,0,0,0,0,0,0,0,0.00290019
2023-08-04 00:00:00+00:00,1.95186e-05,1.00002,0.000280397,0.000280397,0.00032407,0.00223474,7.15117e-07,8.93896e-08,1.53886e-07,-2.16916e-07,2.06938e-05,2.06938e-05,0,0.125,0,0.00537056
2023-08-05 00:00:00+00:00,-2.11191e-05,0.999998,0.0042227,0.000246236,0.000283559,0.00221765,7.09656e-07,8.8707e-08,5.54807e-08,-1.44337e-06,-1.88165e-05,-9.21375e-06,-9.60276e-06,1.89583,0,0.00628226
2023-08-06 00:00:00+00:00,9.85129e-05,1.0001,0.00452648,7.14052e-05,-2.97038e-05,0,0,0,0,-1.17209e-06,9.96838e-05,6.91159e-05,3.05679e-05,2,0,0.000334077
2023-08-07 00:00:00+00:00,6.47901e-05,1.00016,0.00441937,0.0001251,0.000350463,0,0,0,0,-4.00704e-08,6.48365e-05,-2.76454e-05,9.24819e-05,2,0,0.000810946
2023-08-08 00:00:00+00:00,-3.20292e-05,1.00013,0.00442109,0.0001725,0.000245551,0,0,0,0,-5.34825e-08,-3.19749e-05,3.22497e-05,-6.42246e-05,2,0,0.00111999
2023-08-09 00:00:00+00:00,1.19075e-05,1.00014,0.00448979,0.000168317,0.000281468,0,0,0,0,-5.06328e-08,1.196e-05,4.60728e-06,7.35275e-06,2,0,0
2023-08-10 00:00:00+00:00,4.46166e-05,1.00019,0.00448209,0.000159556,0.000177366,0,0,0,0,-4.95916e-08,4.46667e-05,2.76415e-05,1.70251e-05,2,0,0
2023-08-11 00:00:00+00:00,5.86249e-05,1.00024,0.00452046,0.000224535,0.000230524,0,0,0,0,-6.78124e-08,5.86948e-05,6.4497e-05,-5.8022e-06,2,0,0
2023-08-12 00:00:00+00:00,-3.10577e-06,1.00024,0.00456373,0.000268963,0.000282908,0,0,0,0,-8.30641e-08,-3.02044e-06,-9.21141e-06,6.19097e-06,2,0,0
2023-08-13 00:00:00+00:00,-5.0423e-05,1.00019,0.004487,0.000246947,0.000376805,0,0,0,0,-7.23638e-08,-5.03505e-05,-9.21323e-05,4.17817e-05,2,0,0
2023-08-14 00:00:00+00:00,-6.42396e-05,1.00013,0.00444439,0.000177204,0.000383715,0,0,0,0,-5.33168e-08,-6.41858e-05,-4.60534e-06,-5.95805e-05,2,0,0
2023-08-15 00:00:00+00:00,4.69895e-05,1.00017,0.00434911,0.000136958,0.000360619,0,0,0,0,-1.96283e-07,4.71883e-05,-0.00014743,0.000194619,2,0,0
2023-08-16 00:00:00+00:00,7.74792e-05,1.00025,0.00401639,0.000219765,0.000149828,0,0,0,0,-1.20602e-07,7.75985e-05,-7.8315e-05,0.000155913,2,0,0
2023-08-17 00:00:00+00:00,9.5768e-05,1.00035,0.00385882,0.000312461,0.000170461,0,0,0,0,-3.36078e-07,9.61032e-05,-0.000170443,0.000266546,2,0,0
2023-08-18 00:00:00+00:00,-6.39742e-05,1.00028,0.00354564,0.000314699,-0.000131491,0,0,0,0,-7.43079e-07,-6.32317e-05,2.30317e-05,-8.62634e-05,2,0,0
2023-08-19 00:00:00+00:00,3.75696e-06,1.00029,0.003582,0.000316147,-0.000139048,0,0,0,0,-6.70985e-07,4.42953e-06,2.7639e-05,-2.32095e-05,2,0,0
2023-08-20 00:00:00+00:00,2.40219e-05,1.00031,0.00360925,0.000331451,-0.000122644,0,0,0,0,-2.77892e-07,2.43007e-05,9.21381e-06,1.50869e-05,2,0,0
2023-08-21 00:00:00+00:00,-4.08243e-06,1.00031,0.00356312,0.000339165,-2.93748e-05,0,0,0,0,-4.64713e-07,-3.61672e-06,-3.2243e-05,2.86263e-05,2,0,0
2023-08-22 00:00:00+00:00,-1.86237e-05,1.00029,0.00357535,0.000288373,-2.3523e-05,0,0,0,0,-1.91911e-06,-1.67001e-05,9.21284e-06,-2.59129e-05,2,0,0
2023-08-23 00:00:00+00:00,-9.61891e-06,1.00028,0.00359676,0.000306431,5.3348e-05,0,0,0,0,-9.30327e-07,-8.68752e-06,2.30328e-05,-3.17204e-05,2,0,0
2023-08-24 00:00:00+00:00,-3.21718e-05,1.00025,0.00364732,0.000286853,2.30996e-05,0,0,0,0,-5.93718e-07,-3.15767e-05,-1.84259e-05,-1.31508e-05,2,0,0.000148516
2023-08-25 00:00:00+00:00,4.09059e-05,1.00029,0.00358274,0.000305875,5.021e-05,0,0,0,0,-3.80942e-07,4.12874e-05,1.38196e-05,2.74678e-05,2,0,0.00297938
2023-08-26 00:00:00+00:00,3.97964e-07,1.00029,0.00360842,0.000326948,5.93613e-05,0,0,0,0,-1.67401e-07,5.66407e-07,-2.30306e-05,2.35971e-05,2,0,0.0016894
2023-08-27 00:00:00+00:00,4.5499e-06,1.00029,0.00358165,0.000325888,5.53968e-05,0,0,0,0,-4.08186e-07,4.95884e-06,9.21421e-06,-4.25537e-06,2,0,0
2023-08-28 00:00:00+00:00,-1.31066e-06,1.00029,0.00355302,0.000326312,9.33908e-05,0,0,0,0,1.65016e-07,-1.47503e-06,-9.21202e-06,7.73699e-06,2,0,0
2023-08-29 00:00:00+00:00,4.09409e-05,1.00033,0.00362399,0.000353692,0.000127566,0,0,0,0,2.05066e-08,4.09209e-05,0.000110549,-6.96282e-05,2,0,0
2023-08-30 00:00:00+00:00,7.90295e-05,1.00041,0.00373373,0.00040553,0.000178911,0,0,0,0,4.38798e-07,7.85891e-05,4.14549e-05,3.71342e-05,2,0,0
2023-08-31 00:00:00+00:00,-1.69061e-05,1.00039,0.00372695,0.00046388,0.000315746,0,0,0,0,-1.43812e-07,-1.67599e-05,-8.28983e-05,6.61384e-05,2,0,0
2023-09-01 00:00:00+00:00,-7.89436e-05,1.00032,0.00353,0.000396078,0.000360579,0,0,0,0,-5.78437e-07,-7.83668e-05,-0.000119756,4.13892e-05,2,0,9.75804e-06
2023-09-02 00:00:00+00:00,5.01982e-05,1.00037,0.00349199,0.000356897,0.000374534,0,0,0,0,-3.63437e-07,5.05627e-05,6.44886e-05,-1.39259e-05,2,0,1.14085e-05
2023-09-03 00:00:00+00:00,-1.39442e-05,1.00035,0.00349817,0.000375982,0.000517508,0,0,0,0,-1.97901e-07,-1.37451e-05,-2.30292e-05,9.28409e-06,2,0,9.121e-05
2023-09-04 00:00:00+00:00,2.2935e-05,1.00037,0.00351307,0.000395929,0.000457711,0,0,0,0,-9.59076e-08,2.30315e-05,2.30307e-05,8.47675e-10,2,0,0.000160592
2023-09-05 00:00:00+00:00,3.78854e-05,1.00041,0.00351495,0.000417186,0.000423712,0,0,0,0,2.27597e-07,3.76582e-05,3.22428e-05,5.41546e-06,2,0,0.00271484
2023-09-06 00:00:00+00:00,-6.59407e-05,1.00035,0.00364483,0.000548606,0.000632152,0.00212924,6.81358e-07,8.51697e-08,1.96113e-07,1.31242e-06,-6.6291e-05,-5.70071e-05,-9.28392e-06,2.0625,0,0.00261549
2023-09-07 00:00:00+00:00,-3.42387e-05,1.00031,0.00743351,0.00435548,0.00515925,0.00669538,2.14249e-06,2.67811e-07,5.45534e-07,7.19095e-06,-3.84584e-05,-4.38747e-05,5.41629e-06,3,0,0.00734733
2023-09-08 00:00:00+00:00,-0.000239503,1.00007,0.0162453,0.00951104,0.0125706,0.00899302,2.87763e-06,3.59703e-07,4.67464e-07,0.000153606,-0.00038931,-0.00041117,2.18602e-05,4.4375,0,0.00926227
2023-09-09 00:00:00+00:00,0.000311043,1.00038,0.0227002,0.00666272,0.0111828,0.00210556,6.73737e-07,8.42172e-08,1.74618e-07,0.000216805,9.52539e-05,3.62307e-05,5.90232e-05,6.85417,0,0.00781918
2023-09-10 00:00:00+00:00,0.00141415,1.0018,0.0316588,0.00196628,0.00317337,0.0144411,4.62108e-06,5.77635e-07,7.62909e-07,0.000400884,0.00101857,0.000631991,0.000386574,7.83333,0,0.0112416
2023-09-11 00:00:00+00:00,-8.38025e-05,1.00171,0.0727607,0.0140502,0.00913101,0.0534762,1.71079e-05,3.51026e-06,4.72356e-06,0.000285724,-0.000342859,-0.00187514,0.00154069,11,0,0.0133699
2023-09-12 00:00:00+00:00,0.00316406,1.00488,0.101425,0.0216492,0.00709836,0.0486076,1.55583e-05,1.94479e-06,3.26617e-06,0.000560567,0.00262035,0.00196931,0.000651037,13.7708,0,0.0141418
2023-09-13 00:00:00+00:00,0.00370763,1.00861,0.118302,0.0203427,0.00138639,0.0373926,1.19672e-05,2.17047e-06,1.65969e-06,0.000839681,0.00287952,0.00337862,-0.000499095,16,0,0.0174215
2023-09-14 00:00:00+00:00,0.00283112,1.01147,0.128491,0.0190512,-0.0001666,0.0301021,9.6328e-06,1.2041e-06,1.97099e-06,0.000845279,0.00199684,0.00185868,0.000138161,16.1042,0,0.0179527
2023-09-15 00:00:00+00:00,0.0070007,1.01855,0.198068,0.0139536,-0.00644116,0.13431,4.29883e-05,6.66997e-06,7.97114e-06,0.000645978,0.00639138,0.00878087,-0.00238948,17.875,0,0.0223396
2023-09-16 00:00:00+00:00,0.000159005,1.01871,0.259068,0.0028192,-0.0112028,0.0492229,1.57521e-05,1.96942e-06,2.53946e-06,0.000625153,-0.000443088,-0.00221552,0.00177243,18.5417,0,0.0232109
2023-09-17 00:00:00+00:00,-0.00525393,1.01336,0.293959,-0.00839434,-0.00440544,0.0562157,1.79821e-05,6.2263e-06,2.88632e-06,0.000889157,-0.00612163,-0.00929254,0.00317091,19.1458,0,0.0245852
2023-09-18 00:00:00+00:00,0.00153915,1.01492,0.339736,-0.0146693,0.00809867,0.0571529,1.82928e-05,1.27976e-05,3.36132e-06,0.000519964,0.00106295,0.00424042,-0.00317747,20.125,0,0.0255184
2023-09-19 00:00:00+00:00,0.00168389,1.01662,0.384565,-0.0148081,0.00179353,0.0549597,1.75882e-05,1.00765e-05,3.2344e-06,0.000340663,0.00138035,0.00853492,-0.00715457,21.5625,0,0.024811
2023-09-20 00:00:00+00:00,0.00199988,1.01866,0.438127,0.01184,0.0147126,0.05938,1.89988e-05,5.81978e-06,3.34458e-06,0.000232563,0.00180024,-0.00336212,0.00516236,23,0,0.0250184
2023-09-21 00:00:00+00:00,-0.00256427,1.01605,0.462217,0.0251059,0.0103335,0.0634352,2.02936e-05,6.71039e-06,3.34518e-06,0.000145851,-0.00267446,-0.00970458,0.00703012,23.3333,0,0.0253217
2023-09-22 00:00:00+00:00,-0.0100353,1.00585,0.518923,0.0313216,0.0114873,0.0585522,1.87138e-05,2.87257e-06,2.91378e-06,9.58151e-05,-0.0101424,0.00205549,-0.0121979,24.4583,0,0.021238
2023-09-23 00:00:00+00:00,9.90786e-05,1.00595,0.541071,0.0244107,0.0136406,0.0262089,8.38868e-06,1.05571e-06,2.34999e-06,0.000117647,-2.99575e-06,-0.00291484,0.00291184,26.3125,0,0.0169798
2023-09-24 00:00:00+00:00,0.00184296,1.0078,0.525204,0.0170751,-0.00476798,0.069334,2.21897e-05,2.95004e-06,2.97636e-06,0.000164277,0.00170785,-0.00292463,0.00463248,27.1667,0,0.0170994
2023-09-25 00:00:00+00:00,0.000563731,1.00837,0.550443,0.0360758,3.54562e-05,0.0781746,2.50238e-05,1.23984e-05,6.12795e-06,0.000143702,0.000468181,0.00531748,-0.0048493,30,0,0.0177805
2023-09-26 00:00:00+00:00,-0.00239771,1.00595,0.561945,0.0477641,0.0120242,0.0205824,6.58612e-06,2.47695e-06,8.16066e-07,2.84854e-05,-0.00241572,-0.0023446,-7.11217e-05,30.7292,0,0.0156312
2023-09-27 00:00:00+00:00,0.000130748,1.00608,0.555585,0.0466285,0.0197664,0.0268923,9.40242e-06,1.99903e-06,1.02113e-06,-0.000137347,0.000286613,0.0017947,-0.00150809,30.8333,1,0.0124174
2023-09-28 00:00:00+00:00,0.00205632,1.00815,0.542535,0.0390104,0.0228879,0.0193102,6.17988e-06,1.23585e-06,1.03585e-06,5.3495e-05,0.00201287,0.00860965,-0.00659678,30,0,0.0113085
2023-09-29 00:00:00+00:00,-0.0028576,1.00527,0.535725,0.0387354,0.0344098,0.0993091,3.17628e-05,8.87052e-06,4.14381e-06,2.827e-05,-0.0028373,0.00194259,-0.00477989,32.4375,0,0.0093424
2023-09-30 00:00:00+00:00,0.000202406,1.00548,0.533569,0.0310672,0.0374555,0.0137916,4.41234e-06,1.02408e-06,3.51622e-07,-1.1931e-06,0.00021169,0.00170216,-0.00149047,34,0,0.00918197
2023-10-01 00:00:00+00:00,-0.00506554,1.00038,0.54386,0.0193749,0.0218248,0.0434926,1.39133e-05,1.73916e-06,3.16648e-06,-2.47409e-05,-0.00502939,0.00895258,-0.013982,34.5208,0,0.00781098
2023-10-02 00:00:00+00:00,-0.00160294,0.998779,0.518696,0.0173515,0.0130787,0.0424393,1.358e-05,2.06474e-06,5.03192e-06,6.06343e-05,-0.00164237,-0.0120474,0.0104299,33,0,0.00678904
2023-10-03 00:00:00+00:00,-0.00111252,0.997668,0.49658,0.0170946,0.0118326,0.023785,7.61583e-06,9.51979e-07,1.27419e-06,5.55542e-05,-0.001156,-0.00392277,0.00276677,33,0,0.00738031
2023-10-04 00:00:00+00:00,0.00160336,0.999268,0.464613,0.0248774,0.0112406,0.0132413,4.23731e-06,5.29664e-07,1.02475e-06,7.01924e-05,0.00153989,-0.00130821,0.00284809,33,0,0.00675827
2023-10-05 00:00:00+00:00,7.88344e-05,0.999347,0.460317,0.0279512,0.0148968,0.00244087,7.81375e-07,9.76719e-08,1.30746e-07,6.91576e-05,1.26757e-05,-0.00408911,0.00410178,33,0,0.00634614
2023-10-06 00:00:00+00:00,0.000794293,1.00014,0.462519,0.025415,0.0147069,0.00536384,1.71676e-06,2.14595e-07,1.07987e-07,4.23774e-05,0.000755104,0.00355854,-0.00280343,33,0,0.00385219
2023-10-07 00:00:00+00:00,0.00184657,1.00199,0.464003,0.0252257,0.0144073,0,0,0,0,5.06415e-05,0.00179558,0.000167145,0.00162843,33,0,0.00375191
2023-10-08 00:00:00+00:00,0.000885293,1.00287,0.460556,0.0269308,0.0183027,0,0,0,0,6.41445e-05,0.000821536,-0.000458685,0.00128022,33,0,0.00502371
2023-10-09 00:00:00+00:00,0.00103688,1.00391,0.456417,0.0341136,0.0159842,0.0192389,6.15753e-06,2.45363e-06,1.15209e-06,0.000151568,0.000896569,-0.00830119,0.0091954,33.0417,0,0.00705066
2023-10-10 00:00:00+00:00,0.000432427,1.00435,0.430593,0.0138307,-0.00561793,0.0400054,1.28444e-05,8.42296e-06,1.34008e-05,3.23037e-05,0.000441107,-0.000540831,0.000981939,34,0,0.00839486
2023-10-11 00:00:00+00:00,0.00154916,1.0059,0.413156,0.00226894,-0.0128021,0,0,0,0,6.15669e-05,0.00148739,-0.000203124,0.00169051,34,0,0.00660084
2023-10-12 00:00:00+00:00,-0.00306327,1.00282,0.412858,0.00071261,-0.013145,4.98435e-05,1.59558e-08,1.99448e-09,2.33173e-11,3.53854e-05,-0.0031023,-0.00318105,7.88554e-05,33.6875,0,0.00523637
2023-10-13 00:00:00+00:00,9.81427e-05,1.00292,0.415182,0.000132166,-0.010725,0.0021647,6.92541e-07,8.65676e-08,8.79401e-08,2.21554e-05,7.78186e-05,0.00158115,-0.00150333,33,0,0.00572284
2023-10-14 00:00:00+00:00,-0.000151611,1.00277,0.419288,0.00200517,-0.00242071,0,0,0,0,8.22015e-05,-0.000232537,0.000742472,-0.000975009,33,0,0.00503025
2023-10-15 00:00:00+00:00,-0.000920897,1.00185,0.417931,0.0011799,-0.00395302,0.00608964,2.53586e-06,4.39404e-07,4.14413e-07,1.29727e-05,-0.000928968,0.00205891,-0.00298788,32.0625,1,0.00233804
2023-10-16 00:00:00+00:00,0.00155644,1.0034,0.419137,-0.00265849,-0.00462388,0.0189448,6.06324e-06,8.37543e-07,7.55974e-07,5.4058e-05,0.00150976,0.00398614,-0.00247435,31,0,0.00468752
2023-10-17 00:00:00+00:00,0.0028344,1.00625,0.410523,-0.000881079,-0.00261206,0.0194503,6.22532e-06,9.10542e-07,1.08712e-06,8.74133e-05,0.00275232,-0.00368434,0.00643666,31.4792,0,0.00845728
2023-10-18 00:00:00+00:00,-0.0011591,1.00508,0.413925,0.00345242,-0.00240133,0.0108815,3.48185e-06,4.35232e-07,6.39223e-07,3.66754e-05,-0.00119084,-0.00283994,0.00164909,32,0,0.0132681
2023-10-19 00:00:00+00:00,-0.000127493,1.00495,0.415395,0.00900109,-0.00129879,0.0232182,7.4295e-06,8.32825e-06,1.64084e-06,4.42336e-05,-0.000152014,-0.00187991,0.00172789,32.1667,0,0.0159543
2023-10-20 00:00:00+00:00,-0.000305677,1.00465,0.441684,0.0325496,0.0271457,0.0171533,5.48884e-06,3.86062e-06,1.00896e-06,1.15232e-05,-0.00030482,0.00456169,-0.00486651,33.4583,0,0.01814
2023-10-21 00:00:00+00:00,0.00181168,1.00647,0.438094,0.0259102,0.023966,0.016531,5.29074e-06,1.81241e-06,1.05329e-06,1.02166e-05,0.00181002,0.00869264,-0.00688262,34,0,0.0144727
2023-10-22 00:00:00+00:00,0.000441418,1.00691,0.440661,0.0218318,0.0196869,0,0,0,0,1.65492e-05,0.000426582,0.00495755,-0.00453097,34,0,0.0114998
2023-10-23 00:00:00+00:00,-0.00302183,1.00387,0.392651,0.038208,0.0370049,0.218574,7.60068e-05,3.00136e-05,3.58497e-05,2.85268e-05,-0.00290234,0.011034,-0.0140098,32.25,3,0.010315
2023-10-24 00:00:00+00:00,-0.00627053,0.997574,0.379093,0.0136597,0.0122448,0.176943,6.68956e-05,1.09429e-05,2.09642e-05,4.33325e-05,-0.00622639,-0.000536289,-0.0056901,36.5833,2,0.0110425
2023-10-25 00:00:00+00:00,0.00400737,1.00157,0.367535,0.00568296,0.00406563,0.0595295,1.90638e-05,3.31257e-06,8.93599e-06,0.000371056,0.00366543,0.00928363,-0.0056182,38,0,0.0090839
2023-10-26 00:00:00+00:00,-0.000986921,1.00058,0.352067,0.00198855,0.00177954,0.0453084,1.8086e-05,3.00856e-06,6.7307e-06,0.000307999,-0.00126173,0.00138877,-0.00265051,38,1,0.0095414
2023-10-27 00:00:00+00:00,-0.00100518,0.999578,0.349647,-0.000155267,-0.00387517,0.0184824,5.91279e-06,7.39099e-07,1.21765e-06,0.000115226,-0.00110962,-0.00386802,0.0027584,38.2292,0,0.0121647
2023-10-28 00:00:00+00:00,-0.000112654,0.999465,0.365476,0.000531552,-0.00256488,0.00753527,2.41089e-06,3.01361e-07,4.90031e-07,3.16764e-05,-0.000139564,0.00461331,-0.00475288,39,0,0.0128232
2023-10-29 00:00:00+00:00,-0.000350447,0.999115,0.377215,0.00733633,-0.000983973,0.0343232,1.09821e-05,1.37277e-06,1.68512e-06,3.62704e-05,-0.000370227,0.00295996,-0.00333018,39,0,0.0129579
2023-10-30 00:00:00+00:00,0.000909329,1.00002,0.381632,0.0161675,0.00300005,0.0364609,1.16712e-05,7.76179e-06,2.9459e-06,9.25323e-05,0.000840924,0.00296858,-0.00209786,38,0,0.0119107
2023-10-31 00:00:00+00:00,0.00194818,1.00197,0.379936,0.0166485,-0.00011753,0.0149744,4.79489e-06,6.14681e-07,5.01073e-07,0.000100549,0.00185432,-0.00117567,0.00302999,38.4167,0,0.0101133
2023-11-01 00:00:00+00:00,0.00128062,1.00325,0.374799,0.020035,0.00053238,0.0723803,2.76585e-05,1.12393e-05,5.58228e-06,2.27094e-05,0.00130366,0.0055061,-0.00420243,39.5417,1,0.0122127
2023-11-02 00:00:00+00:00,-0.00265016,1.0006,0.368889,0.0239238,-0.000226063,0.0591929,1.89459e-05,3.39503e-06,5.93288e-06,5.01907e-05,-0.00267235,-0.00490134,0.00222937,40,0,0.0116542
2023-11-03 00:00:00+00:00,-9.99491e-05,1.0005,0.355775,0.0204882,0.00462423,0.0482521,1.54384e-05,2.59159e-06,2.13893e-06,8.47808e-06,-8.33533e-05,0.00114604,-0.00122939,40,0,0.00795681
2023-11-04 00:00:00+00:00,-9.97692e-05,1.0004,0.340746,0.0214028,0.0121834,0.0239636,7.66802e-06,1.35825e-06,9.83812e-07,1.06256e-05,-9.72953e-05,0.00441418,-0.00451147,40,0,0.00768913
2023-11-05 00:00:00+00:00,-0.00165461,0.998741,0.305219,0.0168432,0.0167567,0.0594595,2.35357e-05,3.90326e-06,4.0817e-06,1.68506e-05,-0.00163966,0.0010607,-0.00270087,40,1,0.00790469
2023-11-06 00:00:00+00:00,-0.000248651,0.998492,0.2625,-0.00795147,0.00256748,0.0937699,3.25015e-05,6.30711e-06,5.53645e-06,-3.25885e-05,-0.000169989,0.00540805,-0.00557883,36.6458,1,0.00824677
2023-11-07 00:00:00+00:00,-0.0016723,0.996823,0.263798,4.8024e-05,0.00740309,0.0129608,4.14911e-06,5.18639e-07,3.40135e-07,-3.90048e-05,-0.00162845,-0.00344867,0.00182022,37,0,0.00844794
2023-11-08 00:00:00+00:00,-0.00531729,0.991522,0.247833,0.00776753,0.0148423,0.0748792,3.05486e-05,1.74266e-05,9.88098e-06,0.000141763,-0.00541249,0.00297808,-0.00839058,36.5833,2,0.00534737
2023-11-09 00:00:00+00:00,-0.00268285,0.988862,0.224014,0.0100237,0.0158784,0.041586,1.69081e-05,2.86395e-06,4.19502e-06,0.000141731,-0.00280023,6.43678e-05,-0.0028646,35.5833,2,0.00372214
2023-11-10 00:00:00+00:00,0.000200909,0.989061,0.216141,0.00786881,0.00612163,0.0116158,3.71983e-06,7.62305e-07,6.07734e-07,2.65815e-06,0.000205962,0.00396078,-0.00375482,35,0,0.00267055
2023-11-11 00:00:00+00:00,0.00137953,0.990425,0.21244,0.0126183,0.0117138,0.0187663,8.44933e-06,7.53967e-06,1.30661e-06,-6.20981e-07,0.00139931,0.00118765,0.000211657,33.1042,3,0.00114025
2023-11-12 00:00:00+00:00,0.000669772,0.991089,0.204978,0.0124974,0.0131072,0.00451847,1.44648e-06,1.8081e-07,2.97576e-07,-8.4705e-06,0.000681831,0.000846601,-0.000164771,33,0,1.7134e-05
2023-11-13 00:00:00+00:00,-0.00536166,0.985775,0.189568,0.00891227,0.00670703,0.0287352,1.12123e-05,1.82335e-06,3.84699e-06,-1.88392e-06,-0.00535511,-0.00466623,-0.000721247,31.5625,1,0
2023-11-14 00:00:00+00:00,-0.00135486,0.984439,0.182657,0.0037595,0.00553911,0.0111219,3.55896e-06,4.4487e-07,2.45611e-07,1.11651e-05,-0.00136212,-0.00190206,0.000539938,31,0,0
2023-11-15 00:00:00+00:00,0.000414073,0.984847,0.186795,-0.00433604,0.00142046,0.0138943,4.44573e-06,5.55716e-07,3.67989e-07,1.53268e-05,0.000404687,0.00514263,-0.00473795,31.4792,0,0
2023-11-16 00:00:00+00:00,-0.000374719,0.984478,0.190232,-0.00595054,0.00066145,0,0,0,0,4.30147e-06,-0.000378088,-0.00373334,0.00335525,32,0,0
2023-11-17 00:00:00+00:00,-0.00158181,0.98292,0.188341,-0.00936858,-0.00145201,0.00242135,7.74932e-07,9.68665e-08,1.72976e-07,-2.05313e-06,-0.00157949,5.34856e-05,-0.00163298,32,0,0
2023-11-18 00:00:00+00:00,0.000346821,0.983261,0.184664,-0.00955453,-0.00307316,0.00209019,6.68808e-07,8.3601e-08,1.04591e-07,-6.28055e-07,0.000348744,-0.00125948,0.00160823,32,0,0
2023-11-19 00:00:00+00:00,-2.39452e-05,0.983238,0.184391,-0.00818317,-0.00200996,5.07465e-05,1.62405e-08,2.03006e-09,3.59451e-10,-4.53303e-07,-2.3246e-05,0.00204419,-0.00206728,31.0417,0,0
2023-11-20 00:00:00+00:00,-0.00132567,0.981934,0.165514,-0.00408975,-0.000862156,0.0637179,2.03755e-05,5.12952e-06,4.7482e-06,5.96628e-06,-0.00130045,-0.0011165,-0.000193236,28.5833,0,0
2023-11-21 00:00:00+00:00,-0.000121313,0.981815,0.136597,-0.00032426,0.00221275,0.0062909,2.01267e-06,2.51583e-07,3.87131e-07,-4.40491e-07,-0.000117541,-0.00516982,0.00505228,30,0,0
2023-11-22 00:00:00+00:00,0.0019571,0.983737,0.132309,0.000591601,0.00154533,0,0,0,0,-1.25964e-05,0.0019681,0.00587474,-0.00390663,30,0,0
2023-11-23 00:00:00+00:00,-0.000683091,0.983065,0.136158,0.00103841,0.00305948,0,0,0,0,-4.114e-06,-0.000678798,-0.000375853,-0.000302945,30,0,0
2023-11-24 00:00:00+00:00,0.000574554,0.98363,0.138519,0.00144948,0.00379374,0,0,0,0,2.55171e-06,0.000572199,0.00176881,-0.00119661,30,0,0
2023-11-25 00:00:00+00:00,-0.000131834,0.9835,0.141238,0.00114793,0.00262453,0,0,0,0,-4.61692e-06,-0.000126886,0.00162613,-0.00175302,30,0,0
2023-11-26 00:00:00+00:00,-0.00051104,0.982997,0.140868,0.00137273,0.0031153,0,0,0,0,-4.48895e-07,-0.000510398,-0.00132297,0.000812576,30,0,0
2023-11-27 00:00:00+00:00,-0.00096115,0.982052,0.136174,0.00116553,0.00242035,0.000734669,2.35102e-07,2.93878e-08,2.53027e-08,-7.41186e-07,-0.000960246,-0.0023984,0.00143747,29,0,2.63457e-05
2023-11-28 00:00:00+00:00,0.000185938,0.982235,0.135289,0.000914716,0.00226272,0,0,0,0,6.21152e-07,0.000185498,0.00059045,-0.000404952,29,0,0.000815648
2023-11-29 00:00:00+00:00,-0.000121671,0.982116,0.135991,0.000889645,0.00248116,0,0,0,0,1.9625e-07,-0.000121718,-0.00109005,0.000968334,29,0,0.00138245
2023-11-30 00:00:00+00:00,7.31833e-05,0.982187,0.135265,0.000619806,0.00265917,0,0,0,0,3.67208e-06,6.97232e-05,0.000525994,-0.000456271,29,0,0.00203616
2023-12-01 00:00:00+00:00,0.000179472,0.982364,0.137626,0.000855826,0.00333663,0,0,0,0,-3.91868e-06,0.000183534,0.00141743,-0.00123389,29,0,0.00455152
2023-12-02 00:00:00+00:00,0.00111405,0.983458,0.139837,0.000901566,0.00425713,0.00203596,6.51549e-07,8.14436e-08,6.14072e-08,-2.55641e-06,0.00111704,0.00296201,-0.00184497,29,0,0.0055513
2023-12-03 00:00:00+00:00,0.000513358,0.983963,0.139005,-0.00163688,-0.000116421,0.00952484,3.04841e-06,3.81051e-07,5.14011e-07,8.95658e-06,0.000508525,0.000513557,-5.03265e-06,29,0,0.00762745
2023-12-04 00:00:00+00:00,-0.000573823,0.983398,0.115224,-0.000402988,-0.00123673,0.093399,3.30393e-05,2.15993e-05,9.80935e-06,1.18786e-05,-0.000519698,0.00308116,-0.00364627,28.1667,2,0.0116512
2023-12-05 00:00:00+00:00,-0.000765444,0.982646,0.109885,0.00707712,0.00368531,0.0158606,5.55483e-06,7.94084e-07,1.11006e-06,4.91998e-06,-0.000762245,-0.00014481,-0.000617434,26.2708,1,0.0127098
2023-12-06 00:00:00+00:00,-0.00133337,0.981335,0.117725,0.00390989,0.00254612,0.0164847,5.27494e-06,1.26384e-06,1.07701e-06,5.11584e-06,-0.0013306,-0.00241928,0.00108868,28.0625,0,0.0127537
2023-12-07 00:00:00+00:00,-0.000517404,0.980828,0.12372,0.00352622,0.00509596,0.0254793,9.25641e-06,1.38684e-06,1.88822e-06,-2.19947e-07,-0.000504195,0.00127459,-0.00177878,28.7917,1,0.0128535
2023-12-08 00:00:00+00:00,-0.000797679,0.980045,0.139653,-0.00134614,0.00187461,0.0121634,3.89238e-06,2.85274e-06,9.97684e-07,7.06982e-06,-0.000796886,0.00214227,-0.00293916,29.625,0,0.0116863
2023-12-09 00:00:00+00:00,-0.000819151,0.979242,0.147774,-0.00400721,-0.0035208,0.00465799,1.49038e-06,1.86297e-07,1.82209e-07,6.89612e-06,-0.000823323,-0.000801739,-2.15832e-05,30.2708,0,0.00953151
2023-12-10 00:00:00+00:00,0.000826142,0.980051,0.142416,-0.00468968,-0.00404225,0.0150075,5.07811e-06,7.93716e-07,5.71087e-07,1.40045e-05,0.00081863,0.00133527,-0.000516644,30.7917,1,0.0103903
2023-12-11 00:00:00+00:00,-0.000905612,0.979164,0.135544,-0.00795343,-0.00459991,0.0572702,1.83249e-05,4.27151e-06,8.36476e-06,3.06479e-06,-0.000877786,-0.00481329,0.00387621,30,0,0.0104229
2023-12-12 00:00:00+00:00,-0.000219995,0.978949,0.128713,-0.00730167,-0.00425893,0.02441,7.81159e-06,9.76449e-07,1.66375e-06,5.7937e-06,-0.00021405,0.00229428,-0.00250833,31,0,0.00725846
2023-12-13 00:00:00+00:00,0.000894394,0.979824,0.113208,-0.00624187,-0.00559497,0.0021442,6.86241e-07,2.0237e-07,2.89847e-08,-2.45572e-06,0.000897817,0.00103203,-0.000131221,30.75,0,0.00520297
2023-12-14 00:00:00+00:00,0.000371001,0.980188,0.117178,-0.00566953,-0.00543499,0.0109546,4.18329e-06,1.12067e-06,6.0561e-07,-1.25086e-06,0.000378412,0.00139005,-0.00101164,30.4167,1,0.00601991
2023-12-15 00:00:00+00:00,0.00114615,0.981311,0.115846,-0.00610397,-0.00625364,0.00505173,1.61691e-06,8.9434e-07,2.77682e-07,-5.61603e-06,0.0011542,-0.00262219,0.00377639,31.2917,0,0.00638872
2023-12-16 00:00:00+00:00,-0.00124689,0.980087,0.116106,-0.00648775,-0.00619944,0.00366369,1.83056e-06,3.66112e-07,5.7538e-07,-3.07303e-06,-0.00124133,0.00175498,-0.00299631,31.6875,1,0.00648807
2023-12-17 00:00:00+00:00,-0.00128539,0.978828,0.113703,-0.00548557,-0.00455482,0,0,0,0,-2.85823e-06,-0.00128318,-0.00213216,0.000848977,31,0,0.00469234
2023-12-18 00:00:00+00:00,-0.000832592,0.978013,0.0960854,-0.00677885,-0.00534796,0.0315629,1.00986e-05,1.14886e-05,2.88981e-06,4.14518e-06,-0.000812338,0.000409761,-0.00123228,30.5625,0,0.00594843
2023-12-19 00:00:00+00:00,-0.000268317,0.97775,0.10209,-0.00952558,-0.00558539,0.0161516,5.16826e-06,7.87804e-07,8.95233e-07,-1.72537e-06,-0.000259598,-0.00097298,0.000713382,32.1667,0,0.00809096
2023-12-20 00:00:00+00:00,-0.0011042,0.976671,0.111502,-0.0117261,-0.00780612,0.00210263,6.7283e-07,8.41038e-08,1.18972e-07,8.9006e-07,-0.00110443,0.00158277,-0.0026872,33.6458,0,0.00659793
2023-12-21 00:00:00+00:00,-0.000397755,0.976282,0.112692,-0.00999325,-0.00574742,0.00266953,9.4998e-07,5.37297e-07,1.29205e-07,-6.19048e-07,-0.000395304,0.00106427,-0.00145957,33.4375,1,0.00617515
2023-12-22 00:00:00+00:00,-0.000142383,0.976143,0.110712,-0.00776299,-0.00206123,0.00901418,2.92276e-06,3.73293e-07,5.49428e-07,4.58694e-06,-0.000142306,0.00272873,-0.00287103,32.8542,1,0.00304
2023-12-23 00:00:00+00:00,-0.000914923,0.97525,0.107732,-0.00757676,-0.00234696,0,0,0,0,-1.47896e-05,-0.000900318,-0.000704921,-0.000195398,32,0,0.00325864
2023-12-24 00:00:00+00:00,0.00180262,0.977008,0.108654,-0.00734198,-0.00190062,0.00225823,7.22733e-07,9.03416e-08,2.15871e-07,1.60747e-07,0.0018023,0.000216778,0.00158553,32,0,0.00440338
2023-12-25 00:00:00+00:00,0.00032882,0.977329,0.105531,-0.0111263,-0.00683574,0.0120092,3.84324e-06,1.20338e-06,7.18253e-07,7.52032e-06,0.000327379,0.00269068,-0.0023505,30,0,0.00373639
2023-12-26 00:00:00+00:00,-0.00107676,0.976277,0.101619,-0.00714681,-0.00528793,0.0133951,5.92981e-06,3.80758e-06,6.43341e-07,-7.96757e-07,-0.00106578,-0.00130621,0.000240427,29.4792,2,0.00285419
2023-12-27 00:00:00+00:00,-0.00152742,0.974786,0.0935853,-0.000332538,0.000398565,0.0109435,5.10846e-06,1.15083e-06,6.18884e-07,-1.06228e-05,-0.00151064,0.00113914,-0.00264978,28.5833,1,0.00374709
2023-12-28 00:00:00+00:00,-0.000104487,0.974684,0.088311,0.00266626,0.00442247,0,0,0,0,-3.38062e-06,-0.000100743,-0.00157101,0.00147027,28,0,0.00224392
2023-12-29 00:00:00+00:00,0.000566561,0.975236,0.0869092,0.00318678,0.00397832,0,0,0,0,2.29732e-05,0.000543629,2.86862e-05,0.000514943,28,0,0.00438748
2023-12-30 00:00:00+00:00,0.000415107,0.975641,0.0838028,0.00442865,0.00421655,0.0066081,2.11398e-06,2.64247e-07,4.09227e-07,3.05662e-05,0.000387796,0.000879741,-0.000514502,27.7083,0,0.00664237
2023-12-31 00:00:00+00:00,-0.000525751,0.975128,0.0833065,0.00272129,0.00294532,0.00609856,1.95163e-06,4.04298e-07,3.23275e-07,0.00016581,-0.000685798,-0.00114875,0.000462956,27.2917,0,0.00718469
2024-01-01 00:00:00+00:00,-0.00117215,0.973985,0.0869012,-0.000491889,0.00471267,0.00202179,6.46995e-07,8.08744e-08,1.56471e-07,1.81163e-05,-0.00118958,0.00133809,-0.00252767,28.0417,0,0.0055324
2024-01-02 00:00:00+00:00,0.000679453,0.974647,0.0931147,0.00274113,0.00682578,0.00201805,6.45836e-07,8.07296e-08,1.42861e-07,-1.37046e-05,0.000694097,-1.0844e-06,0.000695182,29,0,0.00679852
2024-01-03 00:00:00+00:00,-0.00071435,0.973951,0.090386,0.00350192,0.00469305,0.0082778,2.64884e-06,3.31105e-07,6.84617e-07,-6.38759e-06,-0.000704155,-0.00479694,0.00409279,29,0,0.00824331
2024-01-04 00:00:00+00:00,0.000543213,0.97448,0.0982672,0.000409975,-0.000846112,0.0277042,8.86645e-06,1.10831e-06,2.43025e-06,5.13385e-06,0.000551232,0.00200278,-0.00145155,30.1875,0,0.00954045
2024-01-05 00:00:00+00:00,-0.000250994,0.974235,0.105554,4.3674e-07,9.93207e-05,0.0148382,4.74828e-06,5.93535e-07,8.12155e-07,-1.664e-06,-0.000242525,-0.00189414,0.00165162,32.4583,0,0.0106961
2024-01-06 00:00:00+00:00,-1.84454e-05,0.974217,0.0957117,0.000321549,0.00126822,0.0132334,4.23549e-06,1.44254e-06,7.86014e-07,-1.00404e-06,-1.05521e-05,-0.00140816,0.00139761,33,0,0.00999363
2024-01-07 00:00:00+00:00,-0.000552571,0.973679,0.0920238,-0.000567967,0.000795819,0.0165116,6.15192e-06,9.49839e-07,1.79286e-06,1.18925e-05,-0.000555297,-0.00140395,0.00084865,33,1,0.00949016
2024-01-08 00:00:00+00:00,0.00126233,0.974908,0.0936858,-0.00529268,-0.0054794,0.0537078,1.71866e-05,2.14833e-06,3.78591e-06,-5.16143e-07,0.00128575,0.00453848,-0.00324397,31.4375,0,0.0108753
2024-01-09 00:00:00+00:00,0.00114934,0.976028,0.111519,-0.0022636,-0.00548965,0.0377183,1.20718e-05,1.50897e-06,2.14808e-06,1.93254e-06,0.00116339,-0.00151121,0.00267507,32.8125,0,0.0124543
2024-01-10 00:00:00+00:00,0.00349272,0.979437,0.138605,0.000980743,-0.0007689,0.0621281,1.98852e-05,2.48564e-06,5.25141e-06,7.45288e-07,0.00351469,0.00754411,-0.00402152,35.5208,0,0.0131664
2024-01-11 00:00:00+00:00,-0.000315032,0.979129,0.159518,-0.00432312,-0.00120058,0.0257374,8.23567e-06,1.0974e-06,1.49278e-06,6.14821e-07,-0.000302313,0.00253063,-0.00283294,37.1458,0,0.0122396
2024-01-12 00:00:00+00:00,-0.000374008,0.978763,0.163763,-0.00102201,0.000943234,0.0245876,7.86841e-06,1.25499e-06,1.46579e-06,-4.19854e-08,-0.000362288,-0.00340495,0.00304266,38.2917,0,0.0119874
2024-01-13 00:00:00+00:00,-0.00123423,0.977555,0.17126,0.00139814,0.00137132,0.0149648,4.78824e-06,1.28804e-06,9.33002e-07,7.29798e-08,-0.00122723,0.000599073,-0.00182631,39,0,0.0121691
2024-01-14 00:00:00+00:00,-0.000287714,0.977273,0.169437,0.00119683,0.00228204,0.00465936,1.49131e-06,1.86413e-07,3.16739e-07,9.27961e-06,-0.000294467,-0.00372732,0.00343286,39,0,0.0110564
2024-01-15 00:00:00+00:00,0.00216889,0.979393,0.162573,-0.00220299,-0.000220111,0.0209128,6.69292e-06,9.74395e-06,2.25156e-06,1.03876e-05,0.00217559,0.00309297,-0.000954498,38,0,0.0100641
2024-01-16 00:00:00+00:00,-5.71442e-05,0.979337,0.165772,-0.00561359,-0.00394163,0.00452945,1.44914e-06,8.11957e-07,1.0666e-07,1.81952e-05,-7.21396e-05,0.000714117,-0.000786256,38,0,0.0121698
2024-01-17 00:00:00+00:00,-0.000932643,0.978424,0.179065,-0.00757269,-0.00438649,0.015406,4.9291e-06,1.57192e-06,6.69508e-07,5.76044e-06,-0.00093082,-0.00148587,0.000555053,38,0,0.0121247
2024-01-18 00:00:00+00:00,0.000416602,0.978831,0.17598,-0.00636578,-0.00255801,0.00213959,6.84686e-07,8.55858e-08,1.0647e-07,3.45205e-06,0.000414481,-0.00492381,0.00533829,38,0,0.012309
2024-01-19 00:00:00+00:00,-0.000524061,0.978318,0.166449,-0.00890593,-0.00401899,0.0140416,4.4935e-06,1.09169e-06,6.95682e-07,1.87355e-06,-0.000519231,-0.000926012,0.000406782,38,0,0.0130169
2024-01-20 00:00:00+00:00,-0.00257257,0.975801,0.172924,-0.0109522,-0.00450257,0.00935184,2.99192e-06,9.42928e-07,4.12118e-07,6.18962e-06,-0.00257703,-0.00110192,-0.0014751,38,0,0.0118035
2024-01-21 00:00:00+00:00,0.00076951,0.976552,0.182072,-0.00456337,0.00304741,0,0,0,0,5.46289e-06,0.000764163,-0.000949303,0.00171347,38,0,0.0105314
2024-01-22 00:00:00+00:00,0.000781748,0.977316,0.17831,-0.0036855,-0.00297308,0.0357029,1.14259e-05,2.86383e-06,2.83828e-06,6.27788e-05,0.000737144,-0.00457136,0.00532058,38.5625,0,0.0120478
2024-01-23 00:00:00+00:00,0.00327924,0.980521,0.183555,0.00182227,-0.000363466,0.0210651,6.7404e-06,1.73961e-06,1.25511e-06,0.000186094,0.00310015,0.000870371,0.00222978,39,0,0.0133731
2024-01-24 00:00:00+00:00,-0.000898425,0.97964,0.192839,0.00610232,0.00241417,0.00235805,7.54484e-07,9.43105e-08,1.42068e-07,0.00012905,-0.00102464,0.000105746,-0.00113039,39.7292,0,0.013693
2024-01-25 00:00:00+00:00,0.000653417,0.98028,0.19047,0.00414885,0.0015954,0.00201574,6.45067e-07,8.06333e-08,9.13287e-08,0.00014267,0.000513562,-0.00190513,0.0024187,40,0,0.0114354
2024-01-26 00:00:00+00:00,-0.00128263,0.979022,0.198656,0.00289574,0.000730275,0.00599877,1.92041e-06,4.81479e-07,3.65979e-07,0.000212348,-0.00149168,0.00418312,-0.00567679,40,0,0.0104954
2024-01-27 00:00:00+00:00,0.000512264,0.979524,0.201379,0.00127217,-0.00152814,0.0064176,2.05439e-06,2.73345e-07,1.97785e-07,2.95479e-05,0.000486372,0.00150595,-0.00101957,40,0,0.00925291
2024-01-28 00:00:00+00:00,-0.000283536,0.979246,0.196979,0.00401559,0.00278546,0.00210483,6.73364e-07,8.41705e-08,5.4972e-08,1.55386e-05,-0.000297854,-0.00240741,0.00210955,40,0,0.0100606
2024-01-29 00:00:00+00:00,-0.000390102,0.978864,0.182307,7.13156e-05,-0.0018956,0.0360607,1.15386e-05,5.1908e-06,3.63737e-06,5.94944e-06,-0.00037518,0.0033641,-0.00375938,38.4375,0,0.01138
2024-01-30 00:00:00+00:00,-0.00127529,0.977616,0.189454,0.000693017,-0.00123832,0.0181188,5.79818e-06,7.51101e-07,4.42429e-07,8.05562e-06,-0.00127664,-0.00181195,0.000535311,39,0,0.0115623
2024-01-31 00:00:00+00:00,-0.000735419,0.976897,0.183702,-0.00283282,-0.00360883,0.0157993,5.056e-06,1.04555e-06,6.80716e-07,3.06609e-06,-0.000731503,-0.00359128,0.00286114,39.5625,0,0.0117912
2024-02-01 00:00:00+00:00,-0.000217416,0.976685,0.188986,-8.86352e-05,0.00059828,0.0114338,3.65859e-06,4.57324e-07,3.32605e-07,8.93577e-06,-0.000220887,0.0012614,-0.00148229,40,0,0.0113892
2024-02-02 00:00:00+00:00,0.00270072,0.979322,0.193897,0.000997969,0.00492041,0.00924967,2.96142e-06,3.70177e-07,5.3021e-07,3.22296e-05,0.0026702,0.00338465,-0.000714451,40,0,0.011626
2024-02-03 00:00:00+00:00,-0.000273355,0.979055,0.19188,-0.00370792,0.00119766,0,0,0,0,1.06674e-05,-0.000283768,-0.00128914,0.00100537,40,0,0.0110406
2024-02-04 00:00:00+00:00,0.000901316,0.979937,0.190197,-0.00245045,0.00273384,0.00421343,1.34822e-06,5.63369e-07,9.56827e-08,9.75984e-06,0.00089365,-0.00173585,0.0026295,40,0,0.0141604
2024-02-05 00:00:00+00:00,-0.00053247,0.979415,0.219337,-0.000549612,0.000227849,0.109088,3.49092e-05,1.07646e-05,8.41559e-06,3.81611e-06,-0.000481387,0.000917942,-0.00133508,39.9375,0,0.016316
2024-02-06 00:00:00+00:00,-0.000697825,0.978732,0.237554,-0.00274249,-0.00295588,0,0,0,0,1.36901e-05,-0.000710941,0.000136484,-0.000847425,40,0,0.0139307
2024-02-07 00:00:00+00:00,0.000685381,0.979403,0.2288,-0.00517694,-0.00227306,0.0393888,1.26039e-05,1.99192e-06,1.63298e-06,2.20316e-05,0.000679995,0.00441104,-0.00373105,40,0,0.0122529
2024-02-08 00:00:00+00:00,0.000985225,0.980368,0.23897,-0.000381391,0.000125868,0.0207548,6.64155e-06,9.41068e-07,5.94391e-07,7.02508e-06,0.000986449,0.000842285,0.000143024,40,0,0.011873
2024-02-09 00:00:00+00:00,0.000684229,0.981038,0.242342,-0.0068987,-0.010313,0.020962,6.70847e-06,8.38559e-07,1.25967e-06,7.63291e-06,0.000686272,0.00524475,-0.00455848,40,0,0.0125662
2024-02-10 00:00:00+00:00,0.00111254,0.98213,0.244451,-0.0120177,-0.0187876,0.0116782,3.73653e-06,5.3997e-07,4.60424e-07,4.96188e-06,0.00111327,0.00102798,8.52892e-05,40,0,0.0136656
2024-02-11 00:00:00+00:00,-0.000667839,0.981474,0.259844,0.00174568,-0.0101929,0.0361702,1.15815e-05,2.9623e-06,1.38414e-06,4.99785e-05,-0.000700643,6.1162e-05,-0.000761599,40,0,0.0150857
2024-02-12 00:00:00+00:00,-0.00457856,0.97698,0.292641,0.0332634,-0.00346733,0.100764,3.22345e-05,4.22841e-06,9.77087e-06,9.68466e-05,-0.00463622,0.00446165,-0.00902513,38.2917,0,0.013818
2024-02-13 00:00:00+00:00,-0.000623404,0.976371,0.304946,0.0520353,0.0137862,0.0135856,4.34721e-06,5.43401e-07,6.35646e-07,8.58748e-05,-0.000700894,-0.00280355,0.00210266,39,0,0.0129606
2024-02-14 00:00:00+00:00,0.000864589,0.977215,0.299514,0.054842,0.0205608,0.0473993,1.56971e-05,3.96645e-06,2.39253e-06,6.76354e-05,0.000821132,0.00590518,-0.00508405,38.8125,1,0.0135069
2024-02-15 00:00:00+00:00,0.00476141,0.981868,0.308824,0.0222875,0.00286162,0.0752596,2.41006e-05,6.7021e-06,1.12815e-05,8.32251e-05,0.00471648,0.00525199,-0.000535503,39.375,0,0.0141464
2024-02-16 00:00:00+00:00,0.00172882,0.983566,0.315168,0.00765195,-0.00344089,0.0199433,6.38215e-06,6.72374e-06,1.97041e-06,8.19977e-05,0.00166217,0.000369608,0.00129256,40,0,0.0139993
2024-02-17 00:00:00+00:00,-0.000885324,0.982695,0.311123,0.00615874,-0.00902752,0.0186419,5.96482e-06,7.57193e-07,9.09854e-07,6.70116e-05,-0.000943582,-0.00163578,0.000693212,40,0,0.0118648
2024-02-18 00:00:00+00:00,0.00238145,0.985035,0.31891,0.00779124,-0.006558,0.0171456,5.81641e-06,1.2641e-06,9.36339e-07,7.95487e-05,0.00230906,0.00489069,-0.00259231,39.6667,1,0.0104086
2024-02-19 00:00:00+00:00,0.000275887,0.985307,0.324835,0.0132128,-0.00259997,0.0552069,1.76635e-05,4.56928e-06,3.89558e-06,4.84801e-05,0.000255482,0.00308488,-0.00281453,39.625,0,0.012357
2024-02-20 00:00:00+00:00,0.00366468,0.988918,0.327348,0.0144621,-0.00325474,0.0647025,2.07099e-05,2.77661e-06,4.05458e-06,2.29983e-05,0.00366751,-0.0013167,0.00498297,40,0,0.0145177
2024-02-21 00:00:00+00:00,0.00778548,0.996617,0.360536,0.0216055,-0.00211288,0.122172,3.91037e-05,9.40375e-06,7.39387e-06,6.14173e-05,0.00775362,0.00197036,0.00577271,40,0,0.0179314
2024-02-22 00:00:00+00:00,0.00360574,1.00021,0.394731,0.0151416,0.00322483,0.114903,3.67726e-05,6.95887e-06,7.94695e-06,0.000141748,0.00351269,0.00143512,0.00209526,40,0,0.0212504
2024-02-23 00:00:00+00:00,0.00229322,1.0025,0.461872,0.017595,0.00382727,0.118387,3.78874e-05,5.05134e-06,1.16155e-05,0.000143988,0.00220522,-0.00346692,0.00562669,40,0,0.02327
2024-02-24 00:00:00+00:00,-0.000271379,1.00223,0.485488,0.0207605,0.00729894,0.172846,5.531e-05,6.91375e-06,1.07777e-05,0.000189269,-0.000385656,0.0066146,-0.00698829,40,0,0.0228939
2024-02-25 00:00:00+00:00,0.00257107,1.00481,0.554717,0.0377484,0.00742152,0.167102,5.34799e-05,7.28125e-06,8.58843e-06,0.00018538,0.00245862,0.00490749,-0.00243963,40,0,0.0242847
2024-02-26 00:00:00+00:00,0.000467414,1.00528,0.615408,0.0675922,0.019329,0.353246,0.0001131,2.91771e-05,3.46793e-05,0.00019355,0.000463863,0.00776351,-0.00741324,39.8958,0,0.0260035
2024-02-27 00:00:00+00:00,-0.00762161,0.997617,0.735829,0.0580416,0.0207128,0.387859,0.000126169,2.65006e-05,3.10402e-05,0.000362436,-0.0078029,-0.00230819,-0.00545781,40,1,0.0270294
2024-02-28 00:00:00+00:00,0.000995875,0.99861,0.781132,0.0508332,0.0104885,0.46822,0.000151162,3.96294e-05,3.758e-05,0.000259726,0.00101621,0.0133268,-0.0124893,40,1,0.0279604
2024-02-29 00:00:00+00:00,-0.00439899,0.994217,0.757947,0.0504544,-0.00221283,0.403862,0.000129627,6.11555e-05,3.54792e-05,0.000116408,-0.00426736,-0.00152588,-0.00281974,39.9167,1,0.0283376
2024-03-01 00:00:00+00:00,0.00365629,0.997852,0.773843,0.0394203,-0.00575036,0.199419,6.38333e-05,3.7212e-05,1.5474e-05,1.72239e-05,0.00376366,0.0200197,-0.0162372,40,0,0.0260811
2024-03-02 00:00:00+00:00,0.00537168,1.00321,0.707077,0.00503767,-0.0102925,0.29862,9.68066e-05,9.8503e-05,2.16064e-05,0.000135735,0.00545807,0.0202513,-0.0147925,40,1,0.0262901
2024-03-03 00:00:00+00:00,0.00923585,1.01248,0.673892,0.00343453,-0.00618491,0.1688,5.40509e-05,2.72379e-05,1.10419e-05,8.74181e-05,0.00921656,0.00183906,0.0073822,40,0,0.0254264
2024-03-04 00:00:00+00:00,0.0146396,1.0273,0.660369,0.0231,0.00117851,0.59795,0.000194522,0.000110551,8.30932e-05,0.000141824,0.0148067,0.0156846,-0.000766828,40,1,0.0288864
2024-03-05 00:00:00+00:00,0.00214355,1.0295,0.650953,-0.00411735,0.00893553,0.303668,9.71726e-05,4.28176e-05,3.56407e-05,0.000111112,0.00224591,-0.0211036,0.0223867,40,0,0.0300308
2024-03-06 00:00:00+00:00,0.00222272,1.03179,0.703143,-0.0210682,-0.00060723,0.580674,0.000188766,9.37799e-05,6.47858e-05,0.000203963,0.00239327,0.0324019,-0.0298513,40,1,0.0294476
2024-03-07 00:00:00+00:00,0.00668766,1.03869,0.693456,-0.0164894,0.00333134,0.361095,0.000115628,3.66684e-05,3.93757e-05,0.000199767,0.0067006,0.0169067,-0.0102948,40,0,0.0280717
2024-03-08 00:00:00+00:00,0.00396223,1.04281,0.708066,-0.00537221,0.00205884,0.356802,0.000114189,7.11101e-05,2.67287e-05,0.000140454,0.00404821,0.00872499,-0.00486225,40,0,0.0292845
2024-03-09 00:00:00+00:00,-0.00896056,1.03346,0.671725,-0.00377951,-0.00423256,0.296551,9.94902e-05,5.69459e-05,3.37797e-05,0.000329454,-0.00911249,0.0112856,-0.0203856,39.8542,1,0.0279013
2024-03-10 00:00:00+00:00,0.000763127,1.03425,0.6254,-0.00974181,-0.00999507,0.405181,0.000138617,6.19746e-05,5.23533e-05,0.000158794,0.000883154,0.00184284,-0.00103458,40,2,0.0267892
2024-03-11 00:00:00+00:00,0.00135296,1.03565,0.631065,-0.0224186,-0.00370255,0.549314,0.000181444,9.26268e-05,4.40729e-05,0.000283004,0.00142809,0.0174936,-0.0154582,39.9375,1,0.0276345
2024-03-12 00:00:00+00:00,-0.0138793,1.02128,0.658278,-0.0163208,-0.0010052,0.319513,0.0001082,2.4327e-05,2.11691e-05,0.000166918,-0.0139447,-0.00741914,-0.00650777,40,1,0.0266194
2024-03-13 00:00:00+00:00,0.00628327,1.02769,0.648992,0.00982257,0.00144288,0.392026,0.000125489,7.67588e-05,2.12171e-05,0.000103737,0.00639919,0.00630938,0.000138312,40,0,0.0248795
2024-03-14 00:00:00+00:00,0.00369758,1.03149,0.634354,0.0154059,0.0016302,0.246958,7.9029e-05,3.72857e-05,1.29778e-05,9.14793e-05,0.00374556,0.00034981,0.00341314,40,0,0.0238552
2024-03-15 00:00:00+00:00,0.00076959,1.03229,0.631307,0.00187148,0.00254036,0.266556,8.52927e-05,2.55008e-05,1.75711e-05,5.63213e-05,0.000846801,-0.0126809,0.0136157,40,0,0.0235978
2024-03-16 00:00:00+00:00,0.00249219,1.03486,0.682741,-0.00376043,-0.0018074,0.286948,9.18354e-05,3.51586e-05,1.81018e-05,0.000129838,0.00251927,-0.0239068,0.0264526,40,0,0.0252303
2024-03-17 00:00:00+00:00,0.0126815,1.04798,0.699358,0.0135296,0.00533669,0.447983,0.000143421,4.08698e-05,2.72916e-05,5.23614e-05,0.012775,0.0212665,-0.00848343,40,0,0.0292192
2024-03-18 00:00:00+00:00,-0.00421824,1.04356,0.805091,0.0575335,0.013031,0.649927,0.000207902,7.23009e-05,9.04032e-05,0.000220738,-0.00404897,-0.0271016,0.0232671,40,0,0.0301011
2024-03-19 00:00:00+00:00,-0.0188376,1.0239,0.819016,0.0294039,0.0097997,0.223586,7.38854e-05,1.34059e-05,1.75223e-05,7.06124e-05,-0.0189498,-0.0384708,0.0194377,40,1,0.028903
2024-03-20 00:00:00+00:00,0.00900504,1.03312,0.847522,0.0141618,0.0109363,0.177024,5.66474e-05,2.33369e-05,1.29624e-05,7.04914e-05,0.00901851,0.0447652,-0.0358225,40,0,0.0261029
2024-03-21 00:00:00+00:00,-0.0146283,1.01801,0.856829,0.0115549,0.00839501,0.254691,8.14998e-05,1.86184e-05,2.01024e-05,0.000126127,-0.014713,-0.0171475,0.00242174,40,0,0.0253539
2024-03-22 00:00:00+00:00,0.0052097,1.02332,0.85323,-0.00186451,0.00211096,0.125898,4.02931e-05,2.73749e-05,7.66663e-06,6.39526e-05,0.00521934,-0.00699079,0.012199,40,0,0.0234577
2024-03-23 00:00:00+00:00,-0.000857018,1.02244,0.847405,0.00208056,0.00436236,0.0815555,2.60975e-05,2.67912e-05,3.10452e-06,8.25357e-05,-0.000875291,0.00144875,-0.00230661,40,0,0.0239749
2024-03-24 00:00:00+00:00,0.00128855,1.02376,0.859264,-0.00359912,-0.000293447,0.081528,2.60911e-05,2.44701e-05,3.74351e-06,4.74039e-05,0.0013035,0.0174545,-0.016151,40,0,0.0227778
2024-03-25 00:00:00+00:00,-0.00374364,1.01992,0.954387,-0.000649837,0.00419189,0.255173,8.16327e-05,9.81376e-05,1.1991e-05,9.10136e-05,-0.00362499,0.0151028,-0.0187187,40,0,0.025045
2024-03-26 00:00:00+00:00,-0.00692059,1.01286,1.01046,0.00932941,0.00474455,0.0926106,2.96298e-05,3.26455e-05,3.59462e-06,7.78993e-05,-0.00694132,-0.000398185,-0.00654794,40,0,0.0254506
2024-03-27 00:00:00+00:00,0.00232205,1.01522,0.99732,0.011075,0.0072825,0.433379,0.000138706,8.44728e-05,2.42995e-05,3.91901e-05,0.00254994,-0.0101981,0.0127937,40,0,0.0290642
2024-03-28 00:00:00+00:00,0.00478891,1.02008,0.990461,0.0267152,0.0126155,0.301447,9.84044e-05,5.98533e-05,1.87404e-05,8.77364e-05,0.00487825,0.0102501,-0.00548245,40,1,0.0287336
2024-03-29 00:00:00+00:00,0.0105083,1.0308,0.999512,0.0369651,0.00931269,0.270104,8.64583e-05,5.03462e-05,1.14425e-05,5.87621e-05,0.0105595,0.000654115,0.00984671,40,0,0.0290843
2024-03-30 00:00:00+00:00,-0.00415254,1.02652,0.920574,0.041131,0.00863356,0.2322,7.43082e-05,2.91997e-05,1.02602e-05,0.000175916,-0.00420439,-0.00540386,0.00118665,40,0,0.0290528
2024-03-31 00:00:00+00:00,0.00775257,1.03448,0.910508,0.062131,0.000452981,0.259138,8.29409e-05,1.77217e-05,1.22675e-05,0.000138899,0.00771637,0.0164187,-0.00871638,40,0,0.0288809
2024-04-01 00:00:00+00:00,0.00552139,1.04019,0.923577,0.0708092,0.010668,0.514496,0.000164689,6.73538e-05,3.60621e-05,4.02603e-05,0.00574744,-0.0218282,0.027626,39.625,0,0.0313837
2024-04-02 00:00:00+00:00,0.000498191,1.04071,0.939315,0.0283475,0.00722337,0.402293,0.000128735,2.42293e-05,1.9961e-05,-7.08322e-06,0.000698415,-0.0341267,0.0348303,39.8542,0,0.0322664
2024-04-03 00:00:00+00:00,-0.00499357,1.03551,0.982521,0.00818914,0.00794173,0.354673,0.000113473,2.0381e-05,2.90468e-05,3.88557e-05,-0.00485817,-0.0111998,0.00634522,40,0,0.0312668
2024-04-04 00:00:00+00:00,0.000179839,1.03569,1.09016,0.0249743,0.0138529,0.511412,0.000163676,2.68048e-05,3.49954e-05,2.38115e-05,0.000402975,0.0156125,-0.0151843,40,0,0.0310833
2024-04-05 00:00:00+00:00,-0.00376643,1.03179,1.14949,0.0125286,0.0150983,0.307812,9.85001e-05,1.43549e-05,1.84574e-05,-1.15091e-05,-0.0036102,-0.0127767,0.00917073,40,0,0.031138
2024-04-06 00:00:00+00:00,-0.00136689,1.03038,1.17031,-0.00157417,0.0195115,0.150013,4.80062e-05,1.56211e-05,6.65343e-06,-1.05995e-06,-0.00127962,0.0149812,-0.0161887,40,0,0.0292004
2024-04-07 00:00:00+00:00,-0.00229899,1.02801,1.14929,0.0129842,0.0219429,0.272148,8.70922e-05,2.25462e-05,1.23412e-05,3.6849e-07,-0.00216209,0.0109538,-0.0131252,40,0,0.0276999
2024-04-08 00:00:00+00:00,0.000114915,1.02813,1.12056,0.0196682,0.0386218,0.220464,7.05192e-05,2.00902e-05,1.32535e-05,8.14938e-06,0.000230027,0.0189551,-0.01867,40,0,0.0273929
2024-04-09 00:00:00+00:00,-0.00115878,1.02694,1.12708,0.00763229,0.0327135,0.258262,8.2615e-05,1.90099e-05,1.18234e-05,2.34942e-06,-0.00102879,-0.033847,0.0327434,40,0,0.0254298
2024-04-10 00:00:00+00:00,0.00326808,1.0303,1.08392,-0.000599051,0.0160975,0.26504,8.48158e-05,2.15517e-05,1.92663e-05,0.000107375,0.00330005,0.00142168,0.00192082,40,0,0.0270309
2024-04-11 00:00:00+00:00,0.0030466,1.03344,1.06793,0.0113508,0.01725,0.24505,7.84304e-05,2.48236e-05,1.67528e-05,2.64197e-05,0.00314192,-0.0107841,0.0140362,39.9792,0,0.0292855
2024-04-12 00:00:00+00:00,0.000163516,1.03361,1.07511,0.0288246,0.0118908,0.366959,0.000119455,2.17531e-05,3.77587e-05,4.54888e-05,0.000322791,-0.0833332,0.0836322,40,1,0.0292874
2024-04-13 00:00:00+00:00,-0.00223104,1.0313,1.1318,0.0635974,0.00229374,0.755831,0.000274803,4.49656e-05,0.000174059,0.000370395,-0.0020529,-0.0769229,0.0747127,39.6042,6,0.0305275
2024-04-14 00:00:00+00:00,-0.00323618,1.02796,1.1007,0.0610852,0.00199132,0.207732,6.64863e-05,8.31078e-06,3.04598e-05,0.000289468,-0.00339989,0.0386697,-0.0420831,39.3125,0,0.0297885
2024-04-15 00:00:00+00:00,0.00390182,1.03197,1.11461,0.083945,0.00599074,0.454207,0.000145363,1.81704e-05,6.90274e-05,0.000348534,0.00379298,-0.0195866,0.023358,40,0,0.0301607
2024-04-16 00:00:00+00:00,-0.0090934,1.02259,1.16736,0.0732134,0.00910859,0.390336,0.000124875,2.76859e-05,2.98958e-05,0.000261062,-0.00919117,-0.00384931,-0.00530622,39.9792,0,0.0296179
2024-04-17 00:00:00+00:00,-0.010186,1.01217,1.16999,0.0548776,0.0104642,0.344278,0.000110124,1.37655e-05,2.56287e-05,8.97862e-05,-0.0101537,-0.0248982,0.014771,40,0,0.0284031
2024-04-18 00:00:00+00:00,0.000992912,1.01318,1.1189,0.0271231,0.010372,0.360003,0.000115183,1.43979e-05,2.66431e-05,0.000123333,0.00103569,0.021829,-0.0208028,40,0,0.0254204
2024-04-19 00:00:00+00:00,-0.00281731,1.01032,0.986403,0.0155604,0.00684526,0.415185,0.000136606,1.78571e-05,4.33637e-05,0.000165607,-0.00276846,0.00913609,-0.011899,39.8542,1,0.0236837
2024-04-20 00:00:00+00:00,-0.0070445,1.00321,0.978724,0.0121803,0.00872203,0.286771,9.17502e-05,1.70827e-05,3.65959e-05,0.00011926,-0.00702989,0.0401918,-0.0472332,40,0,0.02079
2024-04-21 00:00:00+00:00,0.0050518,1.00827,0.909118,0.0176006,0.00688403,0.196691,6.29542e-05,8.02631e-06,1.21781e-05,6.84095e-05,0.00506141,-0.00423653,0.00929848,40,0,0.019795
2024-04-22 00:00:00+00:00,-0.00480282,1.00343,0.841601,0.0156411,0.00156087,0.298892,9.56495e-05,1.73689e-05,3.15329e-05,5.30983e-05,-0.00471721,0.0113227,-0.0156453,38.9792,0,0.0215112
2024-04-23 00:00:00+00:00,-0.00730408,0.996102,0.85775,0.024874,0.00484517,0.177994,6.38357e-05,1.17971e-05,1.26113e-05,9.87299e-05,-0.00733404,-0.00948101,0.00217675,40,1,0.0200372
2024-04-24 00:00:00+00:00,-0.00307719,0.993037,0.814142,0.0177591,0.001239,0.200669,6.4196e-05,1.07824e-05,8.07144e-06,3.2435e-05,-0.00302092,-0.0165353,0.0135118,40,0,0.0177949
2024-04-25 00:00:00+00:00,0.00415975,0.997168,0.693768,-0.0171638,-0.00214544,0.163256,5.22509e-05,7.53767e-06,8.27866e-06,5.58707e-05,0.00417043,0.00242244,0.00174144,40,0,0.0181688
2024-04-26 00:00:00+00:00,-0.00127045,0.995901,0.700594,-0.00910261,0.00358781,0.0892309,2.85484e-05,6.83752e-06,4.34157e-06,-1.07565e-05,-0.00121524,-0.00703854,0.00583192,39.9792,0,0.0190956
2024-04-27 00:00:00+00:00,0.00444093,1.00032,0.680305,-0.0322956,-0.00690127,0.158473,5.07204e-05,6.34004e-06,7.70711e-06,2.55306e-05,0.00447588,0.00365264,0.000820176,40,0,0.0189037
2024-04-28 00:00:00+00:00,0.000260613,1.00058,0.71725,-0.0397334,-0.0104653,0.0591474,1.89312e-05,4.15757e-06,3.21612e-06,-4.24709e-06,0.000299364,-0.0029475,0.0032471,40,0,0.0195619
2024-04-29 00:00:00+00:00,-0.00332794,0.997255,0.733327,-0.0345701,-0.0067228,0.249294,7.97393e-05,1.04524e-05,1.93968e-05,-1.30862e-05,-0.0031993,-0.00294303,-0.00011745,40,0,0.0190281
2024-04-30 00:00:00+00:00,0.00988346,1.00711,0.709555,-0.0256333,0.00231655,0.200748,6.43306e-05,1.52308e-05,1.59509e-05,9.73135e-06,0.00993853,-0.0200301,0.0300837,40,0,0.0193542
2024-05-01 00:00:00+00:00,0.00108357,1.0082,0.741317,-0.0274187,0.00257384,0.23203,7.42615e-05,1.09453e-05,1.61246e-05,5.55855e-05,0.00114072,0.0085672,-0.00747366,40,0,0.0205626
2024-05-02 00:00:00+00:00,-0.000755877,1.00744,0.804821,-0.0183161,0.0100652,0.159271,5.09687e-05,6.37108e-06,8.52239e-06,8.65529e-05,-0.000770448,0.00654605,-0.00736666,40,0,0.0197273
2024-05-03 00:00:00+00:00,-0.00324076,1.00418,0.82637,-0.0174382,0.00309781,0.115924,3.71017e-05,4.63771e-06,6.54015e-06,0.000107687,-0.0032923,0.0219151,-0.0252074,39.9792,0,0.0178343
2024-05-04 00:00:00+00:00,-0.00360664,1.00055,0.795551,-0.0144795,0.00072247,0.109406,3.50072e-05,4.3759e-06,4.67931e-06,7.11176e-05,-0.00363478,0.00229499,-0.00593418,39.3542,0,0.0158104
2024-05-05 00:00:00+00:00,0.00265922,1.00321,0.754919,-0.0124134,0.00158155,0.0605901,1.9394e-05,2.42425e-06,2.67115e-06,3.21189e-05,0.00265375,0.00501431,-0.00236056,40,0,0.0127825
2024-05-06 00:00:00+00:00,0.00387131,1.0071,0.666518,-0.0119338,-0.00146921,0.175044,5.60248e-05,7.0031e-06,1.55378e-05,3.46342e-05,0.00391602,-0.00167539,0.00543914,39.875,0,0.0126888
2024-05-07 00:00:00+00:00,0.004021,1.01115,0.636217,-0.0021843,0.00320903,0.0752053,2.40675e-05,3.00844e-06,2.99139e-06,2.06579e-05,0.00402617,-0.0051518,0.0091806,40,0,0.014304
2024-05-08 00:00:00+00:00,0.00520968,1.01642,0.595389,-0.000224484,0.00286742,0.0786147,2.51695e-05,3.14619e-06,4.67032e-06,1.80493e-05,0.00521538,-0.000874415,0.00607894,40,0,0.0157434
2024-05-09 00:00:00+00:00,0.000446348,1.01687,0.582341,-0.00749603,-0.00318063,0.0541564,1.73325e-05,2.40683e-06,3.0324e-06,1.35849e-05,0.000459838,0.00973956,-0.00928504,40,0,0.0163055
2024-05-10 00:00:00+00:00,0.000432332,1.01731,0.597092,-0.00702562,-0.00749643,0.0590684,1.89042e-05,2.92084e-06,3.54797e-06,2.787e-05,0.000432981,-0.0120398,0.0124708,40,0,0.0157213
2024-05-11 00:00:00+00:00,0.000608036,1.01793,0.580907,-0.00135391,-0.00510201,0.0163657,5.23762e-06,2.10695e-06,9.18676e-07,1.86351e-05,0.000599304,0.000526772,7.25325e-05,40,0,0.0153869
2024-05-12 00:00:00+00:00,0.00167853,1.01964,0.575949,0.00246456,-0.0021414,0.029157,9.33121e-06,1.67015e-06,1.58655e-06,1.09577e-05,0.00168003,0.000914301,0.000768897,40,0,0.0162864
2024-05-13 00:00:00+00:00,0.00102526,1.02068,0.605559,0.0136924,0.00284052,0.223042,7.13923e-05,2.29444e-05,1.5053e-05,0.000527353,0.000611557,0.000435981,0.000200935,40,0,0.0172709
2024-05-14 00:00:00+00:00,-0.00408828,1.01651,0.643653,0.0319016,0.00303168,0.129112,4.13076e-05,6.21276e-06,8.38786e-06,0.00032046,-0.00435328,-0.0150108,0.0105761,40,0,0.0163027
2024-05-15 00:00:00+00:00,-0.00676042,1.00964,0.652697,0.0257586,0.00356905,0.145951,4.90758e-05,4.04532e-05,1.47619e-05,0.000265993,-0.00693039,0.0159045,-0.0228669,40,1,0.0164428
2024-05-16 00:00:00+00:00,-0.000754005,1.00887,0.672851,0.0134881,-0.00845222,0.15173,4.85521e-05,2.1735e-05,1.28958e-05,2.46899e-05,-0.000690121,-0.00509063,0.00449959,40,0,0.0161345
2024-05-17 00:00:00+00:00,7.91852e-05,1.00895,0.674291,0.0144988,-0.00642213,0.0456934,1.46235e-05,1.82794e-06,2.25096e-06,4.51411e-05,5.68267e-05,0.0108855,-0.0107903,40,0,0.0145003
2024-05-18 00:00:00+00:00,-0.00212366,1.00681,0.685332,0.0166068,-0.00435354,0.100293,3.20925e-05,4.39249e-06,4.15088e-06,1.55517e-05,-0.0020965,-0.00220375,0.00014695,40,0,0.0168396
2024-05-19 00:00:00+00:00,0.000796389,1.00761,0.675134,0.00750657,-0.0139341,0.0330536,1.05782e-05,1.89472e-06,1.39327e-06,-1.14139e-05,0.000823584,-0.0112632,0.0120819,40,0,0.0159635
2024-05-20 00:00:00+00:00,-0.00181477,1.00579,0.693783,0.00351895,-0.0146761,0.177816,5.69008e-05,2.25157e-05,1.43729e-05,2.06576e-05,-0.00173541,0.0316249,-0.0334601,40,0,0.0160679
2024-05-21 00:00:00+00:00,-0.00128391,1.00449,0.707207,0.0121581,-0.0115817,0.215664,6.90642e-05,1.25525e-05,1.10537e-05,4.39397e-06,-0.00118367,0.00133857,-0.00244044,40,0,0.0158049
2024-05-22 00:00:00+00:00,-0.00361615,1.00086,0.671655,0.0141164,-0.0143306,0.0600916,1.92302e-05,4.82258e-06,2.6892e-06,-1.12043e-06,-0.00358762,-0.00856662,0.0051307,40,0,0.0131222
2024-05-23 00:00:00+00:00,0.00829726,1.00917,0.652652,0.0142519,-0.0036567,0.0456871,1.46297e-05,2.9569e-06,1.48854e-06,8.44256e-06,0.00828471,-0.0037027,0.011989,40,0,0.0142132
2024-05-24 00:00:00+00:00,-0.000315151,1.00885,0.611639,0.00564692,-0.00194981,0.0765322,2.44766e-05,3.87249e-06,4.15847e-06,5.88226e-06,-0.000282713,-0.00135363,0.00109347,40,0,0.0158819
2024-05-25 00:00:00+00:00,-0.00373009,1.00508,0.631769,0.00199625,-0.00513344,0.0359915,1.15179e-05,1.43974e-06,1.25934e-06,-7.35529e-06,-0.00371188,0.00301795,-0.00672984,40,0,0.0167116
2024-05-26 00:00:00+00:00,0.00542321,1.01054,0.63624,0.00988019,0.00151806,0.00477929,1.52913e-06,1.91141e-07,1.5232e-07,-8.21421e-06,0.00542213,-0.00180672,0.00722885,40,0,0.0116915
2024-05-27 00:00:00+00:00,-0.00323644,1.00727,0.578384,0.0116007,0.0024466,0.1392,4.45602e-05,1.35815e-05,1.33944e-05,3.60181e-05,-0.00319924,0.0100592,-0.0133157,38.1667,0,0.0122634
2024-05-28 00:00:00+00:00,0.000437206,1.00771,0.559491,0.0175939,0.00948734,0.0342324,1.09537e-05,1.36921e-06,1.38181e-06,4.74075e-07,0.000454817,-0.00287172,0.00332653,39,0,0.0109892
2024-05-29 00:00:00+00:00,-0.00581318,1.00185,0.545739,0.0113515,0.00545669,0.0131437,4.20482e-06,5.25602e-07,3.60498e-07,1.26899e-05,-0.0058338,-0.00593447,0.000100665,39,0,0.00816581
2024-05-30 00:00:00+00:00,0.00231642,1.00417,0.536423,0.0150757,0.00257142,0.0195434,6.25646e-06,8.2258e-07,9.63272e-07,-2.11051e-06,0.00232844,0.00127789,0.00105055,39.3333,0,0.00626674
2024-05-31 00:00:00+00:00,-0.00222092,1.00194,0.51144,0.0182249,0.00654435,0.0193017,6.17573e-06,7.71966e-07,8.6242e-07,5.41131e-07,-0.0022148,-0.00315283,0.000938026,40,0,0.00515819
2024-06-01 00:00:00+00:00,-0.000302728,1.00163,0.506399,0.0122554,0.000362655,0.00514464,1.64662e-06,2.05828e-07,2.66675e-07,-2.36973e-06,-0.000297183,0.000207515,-0.000504698,40,0,0.00252166
2024-06-02 00:00:00+00:00,-0.00124686,1.00039,0.497521,0.0150078,0.00284493,0.0119295,4.52299e-06,7.12818e-07,7.7687e-07,-6.8312e-06,-0.00123284,-0.0027648,0.00153196,39.0417,1,0.00140024
2024-06-03 00:00:00+00:00,-0.000745244,0.99964,0.450572,0.0140458,0.000684272,0.0522124,1.67092e-05,3.822e-06,2.54808e-06,2.42097e-06,-0.000723326,0.00131666,-0.00202543,37.3333,0,0.000100491
2024-06-04 00:00:00+00:00,0.00540183,1.00504,0.445609,0.0179987,0.00363167,0.00752044,2.40756e-06,3.00945e-07,4.99092e-07,-8.30944e-07,0.00539455,0.0103899,-0.00499535,38,0,0
2024-06-05 00:00:00+00:00,-0.00115921,1.00388,0.446635,0.00861011,-0.00019506,0.00997531,3.19354e-06,3.99193e-07,6.91147e-07,-1.55211e-07,-0.00115201,0.00386912,-0.00502114,38,0,0
2024-06-06 00:00:00+00:00,-0.00129489,1.00258,0.446446,0.006609,0.00103505,0.00209721,6.70936e-07,8.3867e-08,6.23816e-08,2.43239e-06,-0.00129551,-0.00390696,0.00261145,38,0,0.00018369
2024-06-07 00:00:00+00:00,0.00152647,1.00411,0.436087,0.0131415,-0.00132165,0.0285458,9.14773e-06,1.14347e-06,1.67732e-06,-1.18241e-05,0.001556,-0.0128974,0.0144677,38.1875,0,0.00214325
2024-06-08 00:00:00+00:00,-0.00264756,1.00145,0.401931,0.0273479,-0.00163548,0.00542399,1.73488e-06,2.16861e-07,4.67568e-07,3.94081e-06,-0.00265158,-0.0056053,0.00295371,38,0,0.00498154
2024-06-09 00:00:00+00:00,0.000756686,1.00221,0.395779,0.0258975,0.000742139,0.00203186,6.49993e-07,8.12491e-08,1.35387e-07,2.25867e-06,0.000756414,0.00246784,-0.00171142,38,0,0.00324945
2024-06-10 00:00:00+00:00,0.000795957,1.003,0.38384,0.0187511,-0.00366705,0.008163,2.61165e-06,3.26456e-07,1.08722e-06,1.84964e-06,0.00079884,-0.00473604,0.00552692,37,0,0.00196583
2024-06-11 00:00:00+00:00,-0.0010122,1.00199,0.359604,0.0199614,0.00273806,0.0191098,6.11262e-06,7.64077e-07,4.99156e-07,1.59255e-05,-0.00101925,-0.00949789,0.00847864,37.5,0,0.000405825
2024-06-12 00:00:00+00:00,0.00173272,1.00372,0.353987,0.0210663,0.00811277,0.0132458,4.24027e-06,5.30034e-07,7.9934e-07,6.68016e-06,0.0017324,0.00877646,-0.00704406,38.4167,0,0.000576276
2024-06-13 00:00:00+00:00,0.00154361,1.00527,0.345092,0.0198886,0.0112412,0.00215268,6.88911e-07,8.61139e-08,1.27839e-07,8.17543e-06,0.00153635,-0.00762046,0.00915681,39,0,0
2024-06-14 00:00:00+00:00,0.00253109,1.00782,0.332555,0.017907,0.00325024,0.0201626,6.44966e-06,8.06207e-07,1.38459e-06,2.53765e-06,0.00253662,-0.00269284,0.00522947,39,0,0
2024-06-15 00:00:00+00:00,0.000283669,1.0081,0.331791,0.0189047,0.000411167,0.00232153,7.42976e-07,9.2872e-08,7.09215e-08,2.3124e-06,0.000282954,0.00255006,-0.0022671,39,0,0
2024-06-16 00:00:00+00:00,0.000693107,1.0088,0.333571,0.0193212,0.000333531,0.00501167,1.60386e-06,2.00482e-07,9.88207e-08,1.25977e-05,0.000682766,0.00251352,-0.00183075,39,0,0
2024-06-17 00:00:00+00:00,0.000371603,1.00918,0.313226,0.00939997,-0.00573013,0.0337858,1.20668e-05,1.76989e-06,2.5473e-06,2.05354e-05,0.000369199,-0.0100617,0.0104219,37.75,1,0
2024-06-18 00:00:00+00:00,0.00312101,1.01233,0.276921,0.0128115,-0.0054944,0.0393762,1.493e-05,2.34945e-06,2.97943e-06,5.67471e-06,0.0031329,-0.00689336,0.0100263,37.0625,2,0
2024-06-19 00:00:00+00:00,-0.000428136,1.01189,0.277423,0.0176288,0.000431544,0.00221064,7.07553e-07,8.84441e-08,8.51374e-08,-5.0515e-06,-0.000421568,0.00166471,-0.00208628,37,0,0
2024-06-20 00:00:00+00:00,-0.00205144,1.00982,0.279638,0.0166546,-0.00115965,0,0,0,0,3.71772e-06,-0.00205621,-0.000358577,-0.00169763,37,0,0
2024-06-21 00:00:00+00:00,-0.00154352,1.00826,0.273199,0.0180869,-0.00125815,0.00607663,2.22473e-06,3.36579e-07,1.86181e-07,1.12703e-05,-0.00155217,-0.000874448,-0.000677725,36.7083,1,0
2024-06-22 00:00:00+00:00,0.00304513,1.01133,0.261359,0.0201109,0.0024618,0.0122394,3.91727e-06,4.89658e-07,7.09145e-07,7.65246e-06,0.00303897,0.000734336,0.00230463,36,0,0
2024-06-23 00:00:00+00:00,-0.000585875,1.01074,0.258358,0.0215241,0.00424158,0,0,0,0,1.28195e-06,-0.000586619,-0.00317172,0.0025851,36,0,0
2024-06-24 00:00:00+00:00,0.000945472,1.01169,0.243771,0.0251255,0.00962982,0.00450583,1.44173e-06,1.80216e-07,4.12812e-07,1.33819e-05,0.000935175,0.000629081,0.0003553,35,0,4.98528e-05
2024-06-25 00:00:00+00:00,0.00113854,1.01284,0.253177,0.0260519,0.0102224,0.00214915,6.87619e-07,8.59523e-08,8.63283e-08,-4.15815e-07,0.00113972,0.00305832,-0.0019186,35.5,0,0.000655962
2024-06-26 00:00:00+00:00,0.00149616,1.01436,0.253246,0.0258582,0.0099289,0,0,0,0,2.10143e-06,0.00149358,-0.000988213,0.00248179,36,0,9.63771e-05
2024-06-27 00:00:00+00:00,0.0024365,1.01683,0.249985,0.0253132,0.00892105,0.0183876,5.88588e-06,7.35734e-07,8.49492e-07,-2.27199e-06,0.00244388,0.00555273,-0.00310885,36,0,0.00171292
2024-06-28 00:00:00+00:00,-0.000921904,1.01589,0.244691,0.020889,0.00440185,0.00470974,1.5068e-06,1.88349e-07,3.00881e-07,-4.75672e-06,-0.000914739,-0.00434984,0.0034351,36,0,0.00110678
2024-06-29 00:00:00+00:00,0.000752247,1.01666,0.238921,0.0175739,0.00119961,0,0,0,0,4.91813e-07,0.000751906,0.000194282,0.000557624,36,0,0.000296525
2024-06-30 00:00:00+00:00,0.000386986,1.01705,0.238219,0.0185544,8.00247e-05,0,0,0,0,2.6481e-06,0.000384859,0.00343516,-0.0030503,36,0,0
2024-07-01 00:00:00+00:00,0.001738,1.01882,0.243118,0.0193798,-0.0015091,0,0,0,0,7.10013e-06,0.00172983,-0.000210571,0.00194041,36,0,0.000403478
2024-07-02 00:00:00+00:00,0.00137285,1.02022,0.241863,0.0212021,0.000469869,0,0,0,0,7.10967e-06,0.00136551,0.00226997,-0.000904458,36,0,0.000859705
2024-07-03 00:00:00+00:00,-0.00194695,1.01823,0.233305,0.0210266,0.0005781,0.00395688,1.46929e-06,2.26064e-07,2.10856e-07,2.21497e-05,-0.0019683,-0.00782533,0.00585703,35.5208,1,0.000412492
2024-07-04 00:00:00+00:00,-0.000907948,1.01731,0.214681,0.019478,0.00500934,0.0245866,1.22931e-05,2.45863e-06,2.49675e-06,2.51201e-05,-0.000915495,-0.0110103,0.0100948,34.9375,2,0.00166545
2024-07-05 00:00:00+00:00,0.00223533,1.01958,0.160282,0.00753098,-0.000757281,0.0358495,1.338e-05,5.04458e-06,3.01804e-06,5.44084e-06,0.00225025,-0.000315988,0.00256624,31.2083,3,0.00299805
2024-07-06 00:00:00+00:00,-0.00212588,1.01741,0.16899,0.00881004,0.000296906,0.00219786,7.02938e-07,8.78673e-08,1.68518e-07,-2.02342e-06,-0.00212422,0.00519664,-0.00732086,31,0,0.00153279
2024-07-07 00:00:00+00:00,-0.000824225,1.01657,0.169308,0.0106813,0.00130256,0.00410381,1.31314e-06,1.64142e-07,3.92999e-07,1.76638e-05,-0.000839914,-0.00644239,0.00560247,31,0,0.00166881
2024-07-08 00:00:00+00:00,0.0019956,1.0186,0.165705,0.0116071,0.00435128,0.00205938,6.58952e-07,8.2369e-08,1.09724e-08,1.19988e-05,0.00198294,0.00353239,-0.00154944,31,0,0.000263002
2024-07-09 00:00:00+00:00,-0.000660676,1.01793,0.16848,0.0121706,0.00567818,0,0,0,0,3.39057e-06,-0.000663955,0.00184357,-0.00250753,31,0,0.000848723
2024-07-10 00:00:00+00:00,0.00120952,1.01916,0.169114,0.0107191,0.0042709,0.00594967,1.90392e-06,2.37989e-07,2.58993e-07,6.27336e-06,0.00120521,0.00119185,1.33638e-05,31,0,0.00062419
2024-07-11 00:00:00+00:00,-0.00107411,1.01807,0.165415,0.010128,0.0038938,0,0,0,0,2.05204e-07,-0.00107443,-0.00187235,0.000797914,31,0,0.000180671
2024-07-12 00:00:00+00:00,-6.3125e-05,1.018,0.166069,0.00741297,0.00124276,0.00526477,1.68458e-06,2.10573e-07,1.3362e-07,1.32418e-06,-6.21215e-05,0.00170048,-0.0017626,31,0,0.000877401
2024-07-13 00:00:00+00:00,-0.00202622,1.01594,0.173814,0.00340309,-0.00208369,0.0292707,9.36466e-06,1.40152e-06,8.57475e-07,1.15949e-05,-0.00202771,0.000985931,-0.00301364,32,0,0
2024-07-14 00:00:00+00:00,0.000436448,1.01638,0.171185,0.00690788,-0.00103495,0,0,0,0,1.11901e-05,0.000425599,0.0026311,-0.0022055,33,0,0.00015842
2024-07-15 00:00:00+00:00,2.61784e-05,1.01641,0.175606,0.0107854,-8.78755e-05,0.00347935,1.11359e-06,1.39198e-07,1.31847e-07,-8.44662e-06,3.63642e-05,0.00657282,-0.00653624,32,0,0.00117496
2024-07-16 00:00:00+00:00,-0.000929343,1.01547,0.181136,0.0110596,0.000728804,0.00480015,1.53608e-06,1.9201e-07,2.53864e-07,-3.44481e-06,-0.000923545,6.53295e-05,-0.000988875,32,0,0
2024-07-17 00:00:00+00:00,-9.73329e-05,1.01537,0.182267,0.0141296,0.00543068,0,0,0,0,1.29894e-05,-0.000109875,-0.00189765,0.00178778,32,0,0
2024-07-18 00:00:00+00:00,0.00151664,1.01691,0.173842,0.0102948,0.00312036,0.00820208,2.62481e-06,6.62834e-07,1.68693e-07,-6.35365e-06,0.0015259,-0.000152355,0.00167825,32,0,0
2024-07-19 00:00:00+00:00,0.000779441,1.0177,0.171543,0.00755829,0.00294085,0.00209628,6.70913e-07,8.38641e-08,8.88071e-08,1.36827e-06,0.000779021,0.00410811,-0.00332909,32,0,4.45637e-05
2024-07-20 00:00:00+00:00,-0.00148316,1.01619,0.176013,0.00547731,-0.000108983,0,0,0,0,2.79674e-06,-0.00148625,0.000560654,-0.0020469,32,0,0.000142857
2024-07-21 00:00:00+00:00,-0.00104209,1.01513,0.175892,0.0048502,-0.0021964,0.0163699,5.23758e-06,6.54697e-07,6.10007e-07,1.2691e-05,-0.0010481,0.00222449,-0.00327259,32,0,0.000596152
2024-07-22 00:00:00+00:00,-0.00162831,1.01348,0.162453,-0.00247435,-0.00768145,0.0125947,4.60899e-06,6.96894e-07,8.26792e-07,1.86925e-05,-0.00164173,-0.00358535,0.00192412,30.7917,1,0
2024-07-23 00:00:00+00:00,0.00139807,1.01489,0.155786,0.000217567,-0.00338148,0,0,0,0,8.26712e-06,0.00138941,-0.00128202,0.00267143,30,0,0
2024-07-24 00:00:00+00:00,0.00166788,1.01659,0.154274,0.00310799,0.000557691,0.00491501,1.57284e-06,1.96605e-07,1.20494e-07,1.14674e-05,0.0016574,-0.000741546,0.00239894,30,0,0
2024-07-25 00:00:00+00:00,-0.000122686,1.01646,0.148578,0.00216855,-0.000356738,0.00453373,1.45059e-06,1.81323e-07,1.13907e-07,8.5077e-06,-0.000129227,-0.00200438,0.00187515,30.8958,0,0
2024-07-26 00:00:00+00:00,-0.00109936,1.01534,0.155325,0.00215113,-0.000354047,0,0,0,0,2.61056e-06,-0.00110227,0.00312543,-0.0042277,31,0,0
2024-07-27 00:00:00+00:00,0.000811278,1.01617,0.158098,0.00174323,-0.00066709,0,0,0,0,5.46505e-06,0.000805844,2.56695e-06,0.000803277,31,0,0
2024-07-28 00:00:00+00:00,0.000965324,1.01715,0.155458,0.00274045,0.000463261,0,0,0,0,-5.35697e-06,0.000970374,-0.000507725,0.0014781,31,0,0.000268005
2024-07-29 00:00:00+00:00,0.000561655,1.01772,0.157234,0.0034506,0.000922217,0,0,0,0,-3.07381e-06,0.000564795,-0.000492063,0.00105686,31,0,0.00117288
2024-07-30 00:00:00+00:00,0.000352288,1.01808,0.152504,0.0038246,0.000581742,0,0,0,0,-1.43269e-05,0.000366773,-0.00119823,0.001565,31,0,7.33715e-05
2024-07-31 00:00:00+00:00,-0.000294521,1.01778,0.150457,0.00444566,0.000704178,0,0,0,0,-2.80089e-06,-0.000291596,-0.0020178,0.00172621,31,0,0
2024-08-01 00:00:00+00:00,0.000105412,1.01789,0.143992,0.00382088,-0.000730454,0,0,0,0,1.51742e-06,0.000104101,-0.000743625,0.000847725,31,0,0
2024-08-02 00:00:00+00:00,-0.000387843,1.01749,0.140173,0.00360093,4.02521e-05,0.00539461,1.72613e-06,2.15766e-07,3.56617e-07,1.38366e-06,-0.000386739,-0.00559662,0.00520988,31.0625,0,0.000521627
2024-08-03 00:00:00+00:00,-0.000454448,1.01703,0.138897,0.00320082,0.000271405,0.00219436,7.02236e-07,8.77795e-08,4.50503e-08,-2.009e-06,-0.000451512,-0.00320261,0.0027511,32,0,0.000546791
2024-08-04 00:00:00+00:00,0.000185353,1.01722,0.133924,0.0040142,0.00138904,0.00960893,3.07496e-06,3.8437e-07,3.0807e-07,-2.95038e-06,0.000192277,-0.00334733,0.00353961,32.4167,0,0.00214991
2024-08-05 00:00:00+00:00,-0.000190424,1.01702,0.0868534,0.0061491,-0.00205814,0.0664822,2.4579e-05,3.76032e-06,4.0992e-06,2.54263e-06,-0.000159761,-0.0055975,0.00543774,27.8542,8,0.00280096
2024-08-06 00:00:00+00:00,-0.00116352,1.01584,0.0905653,0.00775546,-0.00094669,0.00214909,6.87767e-07,8.59709e-08,2.1387e-07,-4.5235e-06,-0.00115825,0.0023477,-0.00350595,28,0,0.00273846
2024-08-07 00:00:00+00:00,-0.000631011,1.0152,0.092755,0.00941782,-0.000295371,0.0067753,2.16756e-06,2.70944e-07,5.35435e-07,-4.52934e-06,-0.000623254,-0.000862802,0.000239549,28,0,0.00298549
2024-08-08 00:00:00+00:00,-0.00265626,1.0125,0.0940423,0.00737305,-0.00282249,0.0121814,3.8979e-06,4.87238e-07,1.00916e-06,-1.55344e-06,-0.00265201,0.00442035,-0.00707236,28,0,0.00509656
2024-08-09 00:00:00+00:00,0.000279753,1.01279,0.0942932,0.0127666,0.00172661,0.00422205,1.35097e-06,1.68871e-07,2.59494e-07,5.80745e-06,0.00027595,-0.000929111,0.00120506,28,0,0.00412143
2024-08-10 00:00:00+00:00,-0.000377987,1.0124,0.0931475,0.0144379,0.00312974,0.00204692,6.54873e-07,8.18591e-08,1.22524e-07,-3.54303e-06,-0.000373555,4.14562e-05,-0.000415012,28,0,0.00380593
2024-08-11 00:00:00+00:00,8.91007e-05,1.01249,0.0871968,0.01236,0.00341998,0.00622202,1.99114e-06,2.48892e-07,1.58089e-07,-4.24239e-07,9.19932e-05,-0.00249723,0.00258922,28,0,0.00249245
2024-08-12 00:00:00+00:00,-0.000882023,1.0116,0.076732,0.00388818,-0.00107983,0.00891121,2.85122e-06,3.56402e-07,2.44391e-07,-5.11753e-06,-0.000873687,0.00177351,-0.00264604,26,0,0.00391865
2024-08-13 00:00:00+00:00,0.000227434,1.01183,0.0778141,0.00405457,-0.000804773,0.00212337,6.79499e-07,8.49374e-08,1.06499e-07,-2.9668e-06,0.000231376,0.000167483,6.38929e-05,26,0,0.00329557
2024-08-14 00:00:00+00:00,0.00122011,1.01307,0.0809833,0.00535592,0.00033962,0.0021238,6.79641e-07,8.49552e-08,1.04921e-07,-4.97806e-06,0.0012253,0.000129348,0.00109596,26.5625,0,0.00590465
2024-08-15 00:00:00+00:00,0.000553477,1.01363,0.0803321,0.00517147,4.63504e-05,0.00504026,1.61294e-06,2.01617e-07,3.58479e-07,-3.8214e-06,0.000559449,-0.00102419,0.00158363,27.0625,0,0.0073773
2024-08-16 00:00:00+00:00,0.000429647,1.01406,0.0933176,0.00837187,0.000233255,0.0506758,1.68232e-05,1.08603e-05,2.213e-06,4.26439e-06,0.000455434,0.000281041,0.00021952,28.3958,1,0.0117246
2024-08-17 00:00:00+00:00,-0.000392003,1.01366,0.106724,0.0104845,-0.00209424,0.00201931,6.46152e-07,8.07691e-08,3.47352e-08,1.24141e-05,-0.000403585,0.000481402,-0.000884987,28,0,0.0132463
2024-08-18 00:00:00+00:00,0.00171863,1.01541,0.10842,0.00802056,-0.00550362,0.00506285,1.62021e-06,2.02526e-07,2.45107e-07,8.8945e-06,0.00171056,0.00129233,0.00041823,28,0,0.0120318
2024-08-19 00:00:00+00:00,0.000430787,1.01584,0.145133,0.0144839,-0.00387293,0.0719493,2.3026e-05,3.95462e-06,4.40746e-06,3.90187e-05,0.000423722,0.00194857,-0.00153129,28.2917,0,0.0127029
2024-08-20 00:00:00+00:00,-0.00247225,1.01333,0.166435,0.0188438,-0.00382853,0.0111241,3.55948e-06,4.44935e-07,4.27033e-07,1.78839e-05,-0.0024876,-0.00084168,-0.00164592,30.9167,0,0.0115838
2024-08-21 00:00:00+00:00,-0.000878932,1.01244,0.169825,0.0225209,-0.000951389,0.00945994,3.02629e-06,3.78287e-07,4.64039e-07,3.21319e-06,-0.000877557,0.00233888,-0.00321644,31,0,0.00940273
2024-08-22 00:00:00+00:00,-0.00063592,1.0118,0.174914,0.0286711,0.00126342,0.0175934,5.62788e-06,1.4973e-06,1.1597e-06,3.67843e-06,-0.000630243,0.000917513,-0.00154776,31.4583,0,0.0090103
2024-08-23 00:00:00+00:00,0.000391509,1.01219,0.184935,0.0354704,0.00624777,0.0313758,1.00386e-05,2.19406e-06,1.39026e-06,-7.48036e-06,0.000414172,0.0087727,-0.00835853,32.1875,0,0.00971141
2024-08-24 00:00:00+00:00,-0.00175229,1.01042,0.199736,0.0335098,0.00320954,0.0159131,5.0892e-06,6.36151e-07,1.46737e-06,-1.03027e-05,-0.00173425,0.000389704,-0.00212396,33,0,0.00870012
2024-08-25 00:00:00+00:00,-0.0018642,1.00854,0.20121,0.0213704,-0.00133142,0.0235076,7.52141e-06,9.40177e-07,1.56547e-06,-1.78185e-06,-0.00185344,-0.00357279,0.00171935,33,0,0.0101884
2024-08-26 00:00:00+00:00,0.00096807,1.00951,0.204836,0.0239691,0.00195095,0.0295649,9.4613e-06,1.84786e-06,1.56153e-06,1.5028e-05,0.000966651,-0.00711038,0.00807669,32.2083,0,0.0119391
2024-08-27 00:00:00+00:00,-0.00252401,1.00697,0.212335,0.0261433,0.00595894,0.0204499,6.54303e-06,8.28027e-07,1.07668e-06,3.1382e-06,-0.00252025,-0.0075168,0.00499655,34.125,0,0.0120886
2024-08-28 00:00:00+00:00,1.39127e-05,1.00698,0.211898,0.0206367,0.00509527,0.0285393,9.13142e-06,1.30193e-06,1.1875e-06,-7.11139e-06,3.5254e-05,-0.00160132,0.00163657,35,0,0.0101979
2024-08-29 00:00:00+00:00,-0.00110044,1.00587,0.2151,0.0207896,0.00685378,0,0,0,0,4.89627e-06,-0.0011052,-0.00187506,0.000769853,35,0,0.00909046
2024-08-30 00:00:00+00:00,-0.000265361,1.0056,0.208191,0.0201065,0.00853646,0.00454763,1.4552e-06,1.819e-07,1.62539e-07,-4.13944e-06,-0.000258751,0.00051229,-0.000771041,35,0,0.00750089
2024-08-31 00:00:00+00:00,-0.000470343,1.00513,0.201392,0.0151118,0.00461596,0.00710547,2.2737e-06,1.56425e-06,3.76518e-07,1.44879e-05,-0.00048033,-0.00176178,0.00128145,35,0,0.00597849
2024-09-01 00:00:00+00:00,-0.000160106,1.00497,0.192874,0.0110825,0.000833398,0.00210699,6.74254e-07,8.42817e-08,9.14982e-08,7.46175e-06,-0.000166332,-0.00543504,0.00526871,35,0,0.00433147
2024-09-02 00:00:00+00:00,-0.000995047,1.00397,0.179519,0.00355271,-0.00701938,0.0162641,5.20568e-06,1.17179e-06,1.1731e-06,-1.74369e-06,-0.000985488,0.00535224,-0.00635174,32,0,0.00408256
2024-09-03 00:00:00+00:00,-0.00208078,1.00188,0.175257,0.00513716,-0.00467117,0.00442167,1.41509e-06,1.76886e-07,1.89244e-07,-1.27387e-05,-0.00206784,-0.00547214,0.00340431,32,0,0.00256817
2024-09-04 00:00:00+00:00,0.000791898,1.00267,0.165434,0.00251594,-0.00683179,0.00750332,2.40117e-06,3.00147e-07,4.67378e-07,-6.23761e-05,0.000858187,0.00263234,-0.00177415,32,0,0.00330201
2024-09-05 00:00:00+00:00,-0.000265349,1.00241,0.159901,0.00139243,-0.0067796,0.00509047,1.62862e-06,2.03577e-07,2.25902e-07,-3.49027e-06,-0.000259538,-0.00201692,0.00175738,32,0,0.00356997
2024-09-06 00:00:00+00:00,0.000640475,1.00305,0.155001,0.00438466,-0.00321254,0.00212569,6.80467e-07,8.50584e-08,1.10227e-07,-5.59046e-06,0.000647204,-0.00174866,0.00239586,32,0,0.00134341
2024-09-07 00:00:00+00:00,0.000875624,1.00393,0.154774,0.00562168,-0.00296227,0.00223,7.13905e-07,8.92381e-08,1.01555e-07,-4.97401e-08,0.000876519,0.00192627,-0.00104975,32,0,0.00163039
2024-09-08 00:00:00+00:00,-0.000583822,1.00334,0.156258,0.00502217,-0.00381472,0,0,0,0,7.68689e-06,-0.000591367,0.00157782,-0.00216918,32,0,1.64335e-05
2024-09-09 00:00:00+00:00,-3.69859e-05,1.00331,0.152331,-0.00122832,-0.0063094,0.0134173,4.293e-06,5.36626e-07,4.11343e-07,1.04434e-06,-3.22884e-05,0.00417145,-0.00420456,30,0,0
2024-09-10 00:00:00+00:00,-0.000116124,1.00319,0.160459,0.00155113,-0.00444601,0.00235341,7.5309e-07,9.41363e-08,9.8048e-08,-1.77938e-06,-0.000113156,0.000686126,-0.000799283,30,0,0
2024-09-11 00:00:00+00:00,0.000475526,1.00367,0.15891,0.00359033,-0.00169321,0,0,0,0,6.49395e-06,0.000469206,-0.0020825,0.00255171,30,0,0
2024-09-12 00:00:00+00:00,0.000653398,1.00432,0.161482,0.00443298,0.000292005,0,0,0,0,-1.22225e-05,0.000665826,0.00230254,-0.00163671,30,0,0
2024-09-13 00:00:00+00:00,-0.00166788,1.00265,0.163959,0.00367336,0.000344935,0,0,0,0,1.45755e-05,-0.00168341,0.0016316,-0.00331501,30,0,0
2024-09-14 00:00:00+00:00,0.000226118,1.00287,0.166227,0.00251585,-0.00185371,0,0,0,0,1.15714e-05,0.000214712,-0.00119402,0.00140874,30,0,0
2024-09-15 00:00:00+00:00,0.00448708,1.00737,0.163124,0.00280903,9.97297e-06,0.00552853,1.76925e-06,2.21156e-07,5.88416e-07,3.70668e-05,0.00444391,0.000877013,0.00356689,30,0,0
2024-09-16 00:00:00+00:00,0.000751148,1.00813,0.138869,-0.0140229,-0.0200463,0.0206124,6.59712e-06,1.63168e-06,4.92442e-06,3.49448e-06,0.000760938,-0.000543697,0.00118859,28.5833,0,0
2024-09-17 00:00:00+00:00,0.000390486,1.00852,0.145142,-0.00895553,-0.0148961,0.00512794,1.64072e-06,2.47975e-07,1.6345e-07,8.79393e-06,0.000384284,0.00210502,-0.00172074,29.4167,0,0
2024-09-18 00:00:00+00:00,0.000623619,1.00915,0.148172,-0.00638848,-0.0139121,0.00712924,2.28176e-06,2.8522e-07,2.8989e-07,1.72334e-05,0.000609619,0.00338736,-0.00277774,30,0,0
2024-09-19 00:00:00+00:00,-0.00279665,1.00633,0.154472,-0.00439546,-0.0110464,0.00906203,2.89609e-06,4.48897e-06,2.45167e-06,7.37565e-06,-0.00279592,0.00191639,-0.00471232,30.9375,0,0
2024-09-20 00:00:00+00:00,0.000731432,1.00707,0.156292,-0.00312071,-0.010927,0,0,0,0,8.70791e-06,0.000723013,0.00137564,-0.000652627,31,0,0
2024-09-21 00:00:00+00:00,0.00127489,1.00835,0.155528,-0.00213226,-0.0100511,0,0,0,0,5.86992e-06,0.00126866,0.00221191,-0.000943242,31,0,0
2024-09-22 00:00:00+00:00,0.000416108,1.00877,0.155,-0.00107071,-0.00731202,0,0,0,0,6.65812e-06,0.00040967,-0.00172139,0.00213106,31,0,0.000887377
2024-09-23 00:00:00+00:00,-0.00119384,1.00757,0.153457,-0.00513734,-0.0108741,0.00756259,2.41945e-06,3.02432e-07,8.54353e-07,8.73817e-06,-0.00119902,0.000691416,-0.00193665,30.8958,0,0.00313111
2024-09-24 00:00:00+00:00,-0.0010477,1.00651,0.155742,-0.00625497,-0.0152332,0,0,0,0,7.77985e-06,-0.00105528,0.00196343,-0.00301871,31,0,0.00184019
2024-09-25 00:00:00+00:00,-0.00176132,1.00474,0.152348,-0.00322128,-0.0108429,0.00956418,3.05953e-06,3.82441e-07,3.33719e-07,1.18602e-05,-0.00177007,-0.000521302,-0.00124877,31,0,0.000102705
2024-09-26 00:00:00+00:00,0.00101112,1.00575,0.155895,-0.00282854,-0.0102943,0.00734621,2.50474e-06,4.14063e-07,3.38137e-07,2.76402e-06,0.00101219,0.00539515,-0.00438297,30.1667,1,0
2024-09-27 00:00:00+00:00,-0.000736896,1.00501,0.158159,0.000760676,-0.00482266,0.0121771,4.88018e-06,8.49082e-07,1.02383e-06,2.36414e-07,-0.000729753,0.00324446,-0.00397421,29.25,1,0
2024-09-28 00:00:00+00:00,-0.00080899,1.0042,0.156024,0.00308741,-0.000915059,0,0,0,0,-5.16847e-06,-0.000803745,-0.0011438,0.000340053,29,0,0
2024-09-29 00:00:00+00:00,0.000274828,1.00448,0.154698,0.00290132,-0.0025927,0,0,0,0,-8.29905e-06,0.000283704,8.23951e-06,0.000275464,29,0,0
2024-09-30 00:00:00+00:00,0.000422972,1.0049,0.151931,0.00278162,-0.00293916,0,0,0,0,-2.20152e-06,0.000425377,-0.00320425,0.00362962,29,0,0
2024-10-01 00:00:00+00:00,9.97321e-05,1.005,0.147908,0.00338782,-0.00304963,0,0,0,0,-7.09377e-06,0.000107581,-0.00513834,0.00524592,29,0,0
2024-10-02 00:00:00+00:00,-0.00040957,1.00459,0.138581,0.00320526,-0.00516377,0,0,0,0,5.34373e-06,-0.000414491,-0.00198088,0.00156639,29,0,0
2024-10-03 00:00:00+00:00,0.000258117,1.00485,0.132886,0.0030466,-0.0041244,0,0,0,0,-3.7935e-06,0.000262117,-0.00114196,0.00140408,29,0,0
2024-10-04 00:00:00+00:00,-0.000288485,1.00456,0.138181,0.00483651,-0.00250385,0.00203477,6.51071e-07,8.13838e-08,2.60537e-08,-3.33247e-06,-0.000284165,0.00325293,-0.00353709,29.9583,0,0
2024-10-05 00:00:00+00:00,2.86723e-05,1.00459,0.138785,0.0030882,-0.00430956,0.0020551,6.57681e-07,8.22101e-08,4.90664e-08,1.01751e-05,1.93947e-05,-0.000553816,0.000573211,30,0,0
2024-10-06 00:00:00+00:00,-0.00100346,1.00358,0.14016,0.00259083,-0.0040457,0,0,0,0,1.83723e-05,-0.00102202,0.002518,-0.00354002,30,0,0
2024-10-07 00:00:00+00:00,0.00099178,1.00457,0.13724,-0.00671451,-0.00720018,0.0146642,4.6925e-06,2.64586e-06,6.68866e-07,6.22976e-06,0.000993508,-0.000270457,0.00122509,28,0,0
2024-10-08 00:00:00+00:00,0.000887412,1.00547,0.133148,-0.0053452,-0.00535047,0,0,0,0,2.78602e-06,0.000884595,-0.000350933,0.00123553,28,0,0
2024-10-09 00:00:00+00:00,-0.000121098,1.00534,0.131554,-0.00478204,-0.00445352,0,0,0,0,2.27681e-06,-0.000123116,-0.00198538,0.00186227,28,0,0
2024-10-10 00:00:00+00:00,-0.000279531,1.00506,0.128383,-0.00468652,-0.0048165,0,0,0,0,1.34989e-06,-0.000280412,0.00014003,-0.000420443,28,0,0
2024-10-11 00:00:00+00:00,-0.00133296,1.00372,0.132495,-0.00573977,-0.00577276,0,0,0,0,3.73861e-06,-0.00133727,0.00252545,-0.00386273,28,0,0
2024-10-12 00:00:00+00:00,0.000627692,1.00435,0.137123,-0.00662417,-0.00684771,0,0,0,0,5.99042e-06,0.000621974,0.00130486,-0.000682884,28,0,0
2024-10-13 00:00:00+00:00,-0.00042358,1.00393,0.136261,-0.00652493,-0.00612659,0,0,0,0,7.18122e-06,-0.000430522,-0.000667231,0.000236709,28,0,0
2024-10-14 00:00:00+00:00,0.00117162,1.0051,0.132593,-0.00662173,-0.00635889,0.0114446,4.18378e-06,5.97069e-06,4.97456e-07,1.15334e-06,0.00118098,0.00490447,-0.00373326,26.0417,1,0
2024-10-15 00:00:00+00:00,0.000716911,1.00582,0.128121,-6.92365e-05,-0.00149667,0.00752271,2.40778e-06,5.03911e-07,4.42918e-07,-2.99565e-06,0.000723547,-0.00091844,0.00164199,26,0,0
2024-10-16 00:00:00+00:00,-0.000712145,1.00511,0.122825,0.00388608,0.00096531,0,0,0,0,-4.59479e-06,-0.000707319,-0.000494361,-0.000212958,26,0,0
2024-10-17 00:00:00+00:00,-0.000911656,1.00419,0.121207,0.00324593,-0.000784409,0,0,0,0,-2.6562e-06,-0.000908666,-0.001518,0.000609333,26,0,1.68347e-05
2024-10-18 00:00:00+00:00,-0.000251078,1.00394,0.119317,0.0074419,0.00291816,0.00506919,1.62168e-06,2.0271e-07,2.22359e-07,1.12581e-06,-0.000249731,0.00208176,-0.00233149,26,0,0.00186243
2024-10-19 00:00:00+00:00,-0.000129502,1.00381,0.120268,0.00800604,0.00346323,0.00128131,6.40585e-07,1.62036e-06,3.44138e-08,1.36803e-06,-0.000128406,0.000347721,-0.000476128,25.4167,1,0.00343397
2024-10-20 00:00:00+00:00,0.000229304,1.00404,0.11983,0.00863985,0.003347,0,0,0,0,-1.3709e-06,0.000230864,0.00116074,-0.000929874,25,0,0.00470844
2024-10-21 00:00:00+00:00,-1.68796e-05,1.00402,0.119729,0.00888995,0.00413846,0,0,0,0,-3.28506e-06,-1.3354e-05,-0.00239413,0.00238077,25,0,0.00442432
2024-10-22 00:00:00+00:00,0.000220296,1.00424,0.116729,0.0086804,0.00425715,0,0,0,0,-1.3295e-06,0.000221678,-0.000536417,0.000758094,25,0,0.00330514
2024-10-23 00:00:00+00:00,-0.000580207,1.00366,0.113871,0.00873114,0.00439804,0,0,0,0,-6.45562e-06,-0.000573788,-0.00129377,0.000719977,25,0,0.00213796
2024-10-24 00:00:00+00:00,0.000373943,1.00404,0.114836,0.00856442,0.0042331,0,0,0,0,8.00794e-07,0.0003732,0.000924762,-0.000551562,25,0,0.00166555
2024-10-25 00:00:00+00:00,0.00109892,1.00514,0.111758,0.0078307,0.00309429,0.00473673,1.51595e-06,1.89494e-07,2.84125e-07,-7.40588e-06,0.00110816,-0.00367313,0.00478129,25,0,0.00435308
2024-10-26 00:00:00+00:00,-0.000809317,1.00433,0.103722,0.00475352,-0.00140511,0,0,0,0,3.25459e-06,-0.000812807,0.000431369,-0.00124418,25,0,0.00519666
2024-10-27 00:00:00+00:00,-0.000154213,1.00417,0.105951,0.00511916,-0.000989802,0.00202759,6.488e-07,8.11e-08,5.26279e-08,2.82858e-06,-0.000156039,0.00153119,-0.00168723,25.4375,0,0.00678947
2024-10-28 00:00:00+00:00,-0.00055104,1.00362,0.11157,0.00909045,0.0030416,0.00427702,1.36864e-06,1.7108e-07,2.41585e-07,4.01263e-09,-0.000549097,0.000847002,-0.0013961,27.4167,0,0.00867388
2024-10-29 00:00:00+00:00,0.000160519,1.00378,0.118837,0.0092756,0.00268192,0.00229677,7.35009e-07,9.18761e-08,1.17578e-07,-3.83299e-06,0.00016549,0.00270245,-0.00253696,28,0,0.00885108
2024-10-30 00:00:00+00:00,-0.000172226,1.00361,0.111815,0.0099175,0.00288608,0.0145116,4.64383e-06,5.80479e-07,3.29371e-07,-1.38568e-06,-0.000165137,-0.00137377,0.00120864,28,0,0.00871179
2024-10-31 00:00:00+00:00,-0.0007365,1.00287,0.112455,0.00438952,-0.00386224,0.0109441,3.50194e-06,4.37743e-07,3.8612e-07,-9.96231e-06,-0.000722084,-0.00275494,0.00204097,27.2083,0,0.00914936
2024-11-01 00:00:00+00:00,0.000718822,1.00359,0.109771,0.00310713,-0.00279671,0,0,0,0,-3.09426e-07,0.000719081,-0.000965318,0.0016844,27,0,0.0080545
2024-11-02 00:00:00+00:00,-0.000265734,1.00332,0.108086,0.003839,-0.000627159,0.00208685,6.67757e-07,8.34697e-08,8.37181e-08,-5.59748e-06,-0.000259219,-0.000827115,0.000567896,27.1875,0,0.00742651
2024-11-03 00:00:00+00:00,-0.000235441,1.00309,0.105078,0.0053683,0.000450981,0,0,0,0,-1.63963e-06,-0.000233606,-0.00225639,0.00202279,28,0,0.00848354
2024-11-04 00:00:00+00:00,0.000536657,1.00362,0.105589,0.00724715,0.00149781,0.00209468,6.70373e-07,8.37966e-08,8.71593e-08,5.50481e-07,0.000536998,-0.00176736,0.00230436,28.9375,0,0.00953806
2024-11-05 00:00:00+00:00,0.000942992,1.00457,0.106617,0.00848706,0.0030551,0,0,0,0,-3.37446e-07,0.000943113,0.00319559,-0.00225248,29,0,0.0114901
2024-11-06 00:00:00+00:00,-0.00214773,1.00241,0.138892,0.0003073,-0.00062726,0.0519103,1.66103e-05,3.27321e-06,3.33791e-06,6.56329e-07,-0.00212662,0.00658778,-0.0087144,32.125,0,0.0128097
2024-11-07 00:00:00+00:00,-0.00088065,1.00153,0.155616,0.000946733,0.00192343,0.00443175,1.41791e-06,1.77239e-07,2.17784e-07,2.80026e-06,-0.000881185,0.000167985,-0.00104917,33,0,0.00934731
2024-11-08 00:00:00+00:00,-0.00202163,0.999505,0.155913,0.000702364,-0.00011106,0.0106159,3.3955e-06,4.24437e-07,4.72487e-07,1.95667e-06,-0.00202014,-0.000455357,-0.00156479,33,0,0.00870493
2024-11-09 00:00:00+00:00,0.000769746,1.00027,0.17338,-0.00156693,-0.000413469,0.0205503,6.57623e-06,8.22029e-07,1.17452e-06,5.75503e-06,0.000774185,0.00544866,-0.00467448,34.7917,0,0.00835202
2024-11-10 00:00:00+00:00,0.00390904,1.00418,0.179768,-0.00226679,-0.00383892,0.0406529,1.30147e-05,1.68519e-06,2.39515e-06,1.31159e-06,0.00392002,0.00801748,-0.00409746,35.5625,0,0.00696462
2024-11-11 00:00:00+00:00,0.000414974,1.0046,0.189977,0.00222551,-0.00302666,0.00942751,3.01704e-06,3.7713e-07,6.04383e-07,2.19178e-05,0.000400343,0.00710674,-0.00669281,35,0,0.00531402
2024-11-12 00:00:00+00:00,5.09562e-05,1.00465,0.190488,0.00408299,-0.000949286,0.0252473,8.07956e-06,1.00994e-06,9.79495e-07,1.82977e-05,4.50166e-05,-0.00246137,0.00250638,36.5833,0,0.00616359
2024-11-13 00:00:00+00:00,-0.00181362,1.00283,0.173151,0.00438443,0.000845339,0.0448565,1.78459e-05,2.81664e-05,3.67167e-06,5.02313e-06,-0.00176734,-0.000441087,-0.00132626,36.8125,2,0.00611392
2024-11-14 00:00:00+00:00,0.00052736,1.00336,0.15504,0.00845277,0.00343633,0.0258101,8.26364e-06,1.03296e-06,2.2681e-06,2.24023e-06,0.000538945,-0.0020938,0.00263275,37,0,0.00474132
2024-11-15 00:00:00+00:00,0.00041982,1.00378,0.148625,0.00777206,0.00340892,0.0107879,3.45271e-06,4.31589e-07,4.04676e-07,7.19215e-06,0.000417771,0.00407921,-0.00366144,37.9167,0,0.00649038
2024-11-16 00:00:00+00:00,0.00161939,1.00541,0.157919,0.00588532,-0.000220043,0.0175896,6.03216e-06,8.38077e-07,1.48389e-06,1.18016e-05,0.00161588,0.00343842,-0.00182255,38.2083,1,0.00839338
2024-11-17 00:00:00+00:00,0.000264064,1.00567,0.160994,0.00827863,0.000104154,0.0277607,8.888e-06,2.25454e-06,3.96501e-06,2.07478e-05,0.000259988,-0.00173883,0.00199882,38.8333,0,0.00948825
2024-11-18 00:00:00+00:00,0.000364576,1.00604,0.165567,0.0114432,-0.000654281,0.0545643,1.74623e-05,9.02656e-06,4.58847e-06,1.36223e-05,0.000383882,0.00259972,-0.00222158,39.5417,0,0.0125368
2024-11-19 00:00:00+00:00,0.00171361,1.00776,0.177328,0.0194858,0.00345962,0.0197089,6.30659e-06,1.0226e-06,1.15713e-06,3.05981e-06,0.00172104,-0.0015894,0.00331045,40,0,0.0132005
2024-11-20 00:00:00+00:00,0.00210263,1.00988,0.220072,0.0089235,-0.00448463,0.0801446,2.56452e-05,6.32747e-06,4.23072e-06,-3.33517e-06,0.00214305,-0.0025463,0.0046888,40,0,0.0145237
2024-11-21 00:00:00+00:00,0.00655209,1.0165,0.28578,0.00588878,-0.00365427,0.152187,4.87075e-05,6.46541e-06,7.74187e-06,1.62631e-05,0.00658313,0.00974982,-0.00316662,40,0,0.0178916
2024-11-22 00:00:00+00:00,0.00446174,1.02103,0.369612,0.0136778,-0.00344119,0.230687,7.38404e-05,2.37563e-05,1.14896e-05,4.51885e-05,0.00452318,0.00869762,-0.0042008,39.875,0,0.0243489
2024-11-23 00:00:00+00:00,-0.00412328,1.01682,0.46239,0.00829401,-4.03524e-05,0.267552,9.27473e-05,8.49221e-05,2.00813e-05,9.82556e-05,-0.00400523,0.010224,-0.0142082,39.9792,2,0.0246707
2024-11-24 00:00:00+00:00,-0.00104553,1.01576,0.478552,0.00980627,-0.00189984,0.16852,5.3937e-05,3.83682e-05,1.89822e-05,0.000101291,-0.00101819,0.00292709,-0.00391932,40,0,0.0243298
2024-11-25 00:00:00+00:00,0.00394359,1.01977,0.466311,0.0165252,0.000902583,0.300222,9.6092e-05,8.34303e-05,3.15081e-05,9.85074e-05,0.00406743,-0.00465459,0.00866525,39.875,0,0.02475
2024-11-26 00:00:00+00:00,0.00110529,1.02089,0.462611,0.0166258,0.00322034,0.163649,5.2367e-05,2.04122e-05,1.15083e-05,2.72836e-05,0.00116997,-0.00561152,0.00683283,40,0,0.0264256
2024-11-27 00:00:00+00:00,0.0100164,1.03112,0.46417,0.0183581,0.00645423,0.352462,0.000112802,9.49227e-05,1.21303e-05,6.44402e-05,0.0101336,0.0169257,-0.0067447,40,0,0.0289403
2024-11-28 00:00:00+00:00,-0.00462471,1.02635,0.450936,0.0160306,-0.00017883,0.16504,5.2807e-05,5.70563e-05,8.26364e-06,4.68358e-05,-0.00455061,0.000473539,-0.00501742,40,0,0.0308217
2024-11-29 00:00:00+00:00,-0.00380565,1.02244,0.470056,0.0253881,0.00411227,0.266446,8.51147e-05,7.03788e-05,1.42235e-05,6.08218e-05,-0.0036541,0.00851405,-0.0121332,40,0,0.0289475
2024-11-30 00:00:00+00:00,0.0129544,1.03569,0.468702,0.0148644,0.000918439,0.311024,9.95301e-05,5.82706e-05,2.23737e-05,7.40761e-05,0.0129872,0.00956272,0.00336493,40,0,0.029704
2024-12-01 00:00:00+00:00,-0.00706825,1.02837,0.576467,0.00443224,-0.00220123,0.33149,0.000105987,8.63834e-05,1.60781e-05,3.11304e-06,-0.00683915,0.0067886,-0.0136298,40,0,0.0311659
2024-12-02 00:00:00+00:00,0.00737517,1.03595,0.683297,0.0350368,0.0114323,0.714413,0.000229898,0.00014851,5.0714e-05,1.9266e-05,0.00778834,0.0066193,0.00119024,39.9375,1,0.0311408
2024-12-03 00:00:00+00:00,0.00390398,1.04,0.667343,0.0348656,0.0202475,0.377844,0.000120999,8.19948e-05,2.73286e-05,7.08107e-05,0.00414393,0.0108224,-0.00672756,40,0,0.0310372
2024-12-04 00:00:00+00:00,0.00658206,1.04684,0.614515,0.0215919,0.0125195,0.39743,0.000127296,3.36768e-05,3.85949e-05,5.43236e-05,0.00674374,0.0105876,-0.00376253,40,0,0.0323559
2024-12-05 00:00:00+00:00,-0.00911586,1.0373,0.645754,0.0403489,0.0105947,0.314701,0.000100659,3.62132e-05,1.62011e-05,4.12851e-05,-0.0090098,-0.00540166,-0.00372033,40,0,0.0318174
2024-12-06 00:00:00+00:00,0.00410965,1.04156,0.63371,0.0408198,0.00565382,0.343463,0.000109919,3.17392e-05,1.78276e-05,7.98908e-05,0.00419965,0.0170275,-0.0129226,40,0,0.0302182
2024-12-07 00:00:00+00:00,-0.00817523,1.03305,0.622479,0.0438944,0.00441392,0.269154,8.60755e-05,2.23776e-05,1.2757e-05,0.000136731,-0.00818146,0.00650172,-0.014664,40,0,0.0297113
2024-12-08 00:00:00+00:00,0.0053328,1.03856,0.598532,0.0334176,0.00532598,0.209587,6.70688e-05,1.19585e-05,1.07138e-05,0.00010577,0.00531412,0.00241735,0.00289198,40,0,0.0283186
2024-12-09 00:00:00+00:00,0.00435643,1.04308,0.66693,0.0471167,0.015562,0.596934,0.000191041,5.23326e-05,4.1127e-05,-2.50929e-06,0.00466594,-0.0466986,0.0512898,39.9792,0,0.0311556
2024-12-10 00:00:00+00:00,0.0172515,1.06108,0.735557,0.0306314,0.0121173,0.564221,0.000180627,2.67255e-05,3.32159e-05,1.663e-05,0.0173567,0.00370771,0.0136759,40,0,0.0338658
2024-12-11 00:00:00+00:00,0.010314,1.07202,0.901245,0.0368702,0.0108922,0.571926,0.00018308,3.07058e-05,3.68969e-05,7.48363e-05,0.0104593,0.0373612,-0.0267026,40,0,0.0356159
2024-12-12 00:00:00+00:00,0.00342948,1.0757,0.983751,0.0328704,0.00143062,0.526085,0.000168375,2.47637e-05,2.80947e-05,3.99504e-05,0.00361929,0.00199716,0.00163722,40,0,0.036706
2024-12-13 00:00:00+00:00,0.0119688,1.08857,1.08819,0.0387946,0.00130917,0.710753,0.000227494,2.94517e-05,3.40182e-05,1.71355e-05,0.0121944,0.0140852,-0.00178998,40,0,0.0372918
2024-12-14 00:00:00+00:00,0.00387553,1.09279,1.0745,0.036953,0.00357517,0.749406,0.000239848,3.99885e-05,3.61951e-05,-7.03314e-05,0.00426686,-0.0185569,0.0228678,40,0,0.0392416
2024-12-15 00:00:00+00:00,0.00696615,1.1004,1.24077,0.0384239,0.0102669,0.730902,0.00023401,5.34619e-05,3.76481e-05,8.14546e-05,0.00722984,0.0238435,-0.0166369,40,0,0.0405267
2024-12-16 00:00:00+00:00,0.00137287,1.10191,1.45282,-0.011048,0.0114397,1.30355,0.000416965,0.000166615,0.000103865,1.48077e-05,0.00208177,-0.0121125,0.0136991,39.875,0,0.0432146
2024-12-17 00:00:00+00:00,0.00426851,1.10662,1.5847,-0.0267913,0.00712727,0.705144,0.000225673,0.000254886,3.5212e-05,1.78912e-05,0.00483297,-0.0243055,0.0290018,40,0,0.0425839
2024-12-18 00:00:00+00:00,-1.35578e-05,1.1066,1.49204,0.00930438,0.0181532,1.1473,0.000366822,0.000225299,8.60564e-05,-4.27406e-05,0.000752151,-0.0767636,0.0770841,40,0,0.0438433
2024-12-19 00:00:00+00:00,0.0146417,1.1228,1.70522,-0.0591548,-0.00361183,1.47243,0.000471354,0.000137286,0.000120016,-6.01909e-05,0.01539,-0.0707015,0.0849669,40,0,0.0436874
2024-12-20 00:00:00+00:00,0.0119311,1.1362,1.5221,-0.0361535,0.0062576,1.81254,0.0005803,0.000103742,0.00013913,9.19771e-05,0.0126562,0.0331129,-0.0203181,40,0,0.0441057
2024-12-21 00:00:00+00:00,0.00882098,1.14622,1.49253,0.00390218,0.0111722,1.54516,0.000494571,6.446e-05,0.000127786,0.000175396,0.00933134,-0.0368802,0.0460118,40,0,0.0450909
2024-12-22 00:00:00+00:00,0.0103554,1.15809,1.70613,0.012347,0.00979608,0.969426,0.0003103,4.91777e-05,5.83951e-05,0.000263259,0.0104839,0.00564172,0.00489119,40,0,0.0447695
2024-12-23 00:00:00+00:00,-0.00148635,1.15637,1.66457,0.00945939,-0.00585508,1.50385,0.000481228,6.11296e-05,0.000128502,0.000205525,-0.000978414,0.055807,-0.0568734,40,0,0.0456416
2024-12-24 00:00:00+00:00,-0.00795207,1.14718,1.56227,0.038353,-0.00143735,1.68313,0.000538517,7.46982e-05,0.000106827,0.000147148,-0.00736871,0.0206786,-0.0278976,40,0,0.0445527
2024-12-25 00:00:00+00:00,0.0019662,1.14943,1.15642,0.0443755,0.014913,0.807726,0.000261044,0.000101144,6.03178e-05,0.000834595,0.00156949,-0.0134855,0.0151167,39.9792,1,0.0435409
2024-12-26 00:00:00+00:00,0.00778942,1.15838,1.3165,0.0290884,0.0071476,0.799937,0.000255955,4.80369e-05,5.57011e-05,0.00095777,0.00718052,-0.0385283,0.0458521,40,0,0.0436745
2024-12-27 00:00:00+00:00,0.0103177,1.17034,1.50254,0.0544054,0.00187556,1.17099,0.000374844,4.76988e-05,8.09577e-05,0.00116695,0.00963276,0.00387195,0.00597685,40,0,0.0438262
2024-12-28 00:00:00+00:00,0.0113714,1.18365,1.60754,0.0691278,-0.000657632,0.999912,0.00032009,4.81343e-05,5.85412e-05,0.000828616,0.010933,0.0297456,-0.0190333,40,0,0.0438015
2024-12-29 00:00:00+00:00,0.00666679,1.19154,1.71535,0.0926007,0.00369761,1.04496,0.000334456,6.05274e-05,5.97858e-05,0.000378664,0.00674783,-0.0315607,0.0384024,40,0,0.0459955
2024-12-30 00:00:00+00:00,-0.00392757,1.18686,1.75216,0.0880605,0.0116407,1.54847,0.000495578,0.000192342,0.000103304,0.000270678,-0.00334968,-0.000955453,-0.00309992,40,0,0.0462446
2024-12-31 00:00:00+00:00,-0.0122895,1.17227,1.4912,0.0798778,0.00398274,1.01296,0.000323953,6.7507e-05,5.34446e-05,0.000114991,-0.0119607,-0.0126896,0.000664576,40,0,0.0467558
2025-01-01 00:00:00+00:00,-0.00706194,1.16399,1.63023,0.0533738,-0.00262554,1.15017,0.000367849,8.53754e-05,5.55048e-05,9.31145e-05,-0.00658317,0.0308818,-0.0374509,40,0,0.044798
2025-01-02 00:00:00+00:00,0.00215644,1.1665,1.70921,0.0468826,-0.00643157,1.4045,0.000449438,0.00017026,6.77249e-05,3.54024e-05,0.00286899,0.027407,-0.0244862,40,0,0.0439707
2025-01-03 00:00:00+00:00,0.0124466,1.18102,1.68454,0.0630557,0.00212361,1.80384,0.000577347,0.000156427,0.000120345,-4.89737e-06,0.0132815,0.0595353,-0.0461068,40,0,0.0449456
2025-01-04 00:00:00+00:00,-0.000578853,1.18034,1.70255,0.0567422,-0.0099979,0.960592,0.000307504,5.94702e-05,6.52224e-05,9.28952e-05,-0.0002021,-0.00387905,0.00320899,40,0,0.0465333
2025-01-05 00:00:00+00:00,-0.00588968,1.17339,1.69286,0.0480821,-0.0184085,1.16427,0.000372633,6.45766e-05,6.10415e-05,7.9929e-05,-0.00546813,-0.0130869,0.00772035,40,0,0.0453045
2025-01-06 00:00:00+00:00,0.00426721,1.17839,1.73185,0.1745,0.02239,1.72102,0.000550538,8.21848e-05,0.000139806,0.000266175,0.00482602,0.014576,-0.00907752,40,0,0.0435123
2025-01-07 00:00:00+00:00,-0.00475317,1.17279,1.51767,0.0835817,0.0139548,1.13121,0.000362036,7.14622e-05,5.11674e-05,0.000103684,-0.00434264,-0.0746433,0.0704027,40,0,0.0427211
2025-01-08 00:00:00+00:00,0.0132385,1.18832,1.60149,0.068906,0.0230077,0.934907,0.000299249,5.33805e-05,6.07832e-05,0.000148622,0.0134722,-0.0265274,0.0399995,40,0,0.042295
2025-01-09 00:00:00+00:00,0.00447175,1.19363,1.78434,0.093715,-0.00472271,1.46592,0.000469198,8.99727e-05,0.000101162,0.000141365,0.00500664,-0.0347999,0.0398808,40,0,0.0445095
2025-01-10 00:00:00+00:00,-0.00602461,1.18644,1.98962,0.142998,-0.00343475,0.584631,0.000187023,2.75827e-05,4.88616e-05,0.000163841,-0.00590699,0.0243576,-0.030344,40,0,0.0455389
2025-01-11 00:00:00+00:00,0.0103812,1.19876,2.07644,0.150507,0.00273396,0.978307,0.000313131,9.60761e-05,6.37619e-05,0.000344074,0.0104957,0.0129403,-0.00256123,40,0,0.0465443
2025-01-12 00:00:00+00:00,-0.00326742,1.19484,1.95905,0.140411,0.00360111,0.623855,0.000199589,6.54439e-05,2.92013e-05,0.000268731,-0.00322703,-0.0213832,0.0181416,40,0,0.0453431
2025-01-13 00:00:00+00:00,-0.00403642,1.19002,0.670535,0.0191367,0.00383287,4.34047,0.0013887,0.000243329,0.000269218,0.000162166,-0.00227971,-0.00421062,0.00161791,31.1667,0,0.0445941
2025-01-14 00:00:00+00:00,-0.000575145,1.18933,1.06016,0.0639739,0.0110824,1.71461,0.000548702,0.000123901,9.96931e-05,-0.000105435,0.000321906,0.0162776,-0.015948,35.3333,0,0.0436484
2025-01-15 00:00:00+00:00,0.0135329,1.20543,1.44978,0.124862,0.0153103,1.08801,0.000348274,5.78851e-05,6.15083e-05,0.000454752,0.0134889,0.0600471,-0.0465706,40,0,0.0418623
2025-01-16 00:00:00+00:00,-0.00121934,1.20396,1.59244,0.104202,0.00698568,0.595813,0.000190668,3.21985e-05,5.05029e-05,0.000322718,-0.00123412,-0.00965927,0.00889948,40,0,0.0419721
2025-01-17 00:00:00+00:00,-0.0036616,1.19955,1.48122,0.0744088,0.00723804,2.09459,0.000670234,0.000215954,0.000116763,0.000401601,-0.00303059,0.0481019,-0.0507918,40,0,0.0409737
2025-01-18 00:00:00+00:00,0.0203876,1.22401,0.87513,0.0243675,-0.00553681,1.932,0.000618632,0.00015827,0.000117013,-0.000584062,0.0217025,-0.0200789,0.0417758,40,0,0.0409611
2025-01-19 00:00:00+00:00,-0.010578,1.21106,1.14626,0.0556978,0.00480983,1.49736,0.000486124,0.000159656,0.000133122,-0.000175608,-0.00959821,-0.0588537,0.0491667,40,1,0.0417797
2025-01-20 00:00:00+00:00,0.00986069,1.223,0.999037,0.0381064,0.00698444,0.835915,0.000267661,0.000213028,0.000108949,4.08851e-05,0.0104394,0.00358205,0.00695693,39.9583,0,0.0409383
2025-01-21 00:00:00+00:00,-0.0104316,1.21024,0.989381,0.063907,0.00598202,0.410412,0.000131146,9.44623e-05,4.26517e-05,7.93046e-05,-0.0102372,0.00738926,-0.0175105,39.9792,0,0.0432957
2025-01-22 00:00:00+00:00,-0.00383283,1.2056,1.02202,0.0564017,0.00268742,0.209652,6.70833e-05,4.98055e-05,1.10514e-05,8.37721e-05,-0.00375844,-0.0137312,0.00996059,39.9583,0,0.0413347
2025-01-23 00:00:00+00:00,-0.00450061,1.20018,1.03805,0.021873,-0.00270223,0.230714,7.82335e-05,6.42285e-05,3.36032e-05,1.59753e-05,-0.00428393,0.000480428,-0.00483037,40,1,0.0385343
2025-01-24 00:00:00+00:00,0.00831562,1.21016,1.06025,0.0219426,-0.00610599,0.193776,6.20411e-05,2.56179e-05,1.72682e-05,2.1153e-05,0.00839477,-0.00822203,0.0165299,40,0,0.0395516
2025-01-25 00:00:00+00:00,-0.00391707,1.20542,1.07671,0.00904747,-0.0136204,0.165918,5.31101e-05,3.79176e-05,8.97615e-06,3.39994e-05,-0.00383214,0.00217226,-0.0060044,40,0,0.0392766
2025-01-26 00:00:00+00:00,-0.00602762,1.19815,1.0894,0.000935755,-0.0166944,0.158065,5.07697e-05,2.81564e-05,1.45191e-05,4.09209e-05,-0.00596743,-0.023858,0.0178631,40,1,0.0374508
2025-01-27 00:00:00+00:00,0.00569144,1.20497,1.03845,-0.0209815,-0.00653965,0.386134,0.000123721,4.14537e-05,4.06758e-05,-3.17039e-05,0.00594606,-0.0053485,0.0114139,40,0,0.0376607
2025-01-28 00:00:00+00:00,0.0201363,1.22923,0.970332,-0.0272065,0.000544697,0.550162,0.000176211,9.91231e-05,2.89873e-05,-7.61001e-05,0.0203592,-0.02026,0.0406485,40,0,0.0392716
2025-01-29 00:00:00+00:00,-0.00788596,1.21954,0.906952,-0.0471739,-0.00413068,0.141515,4.53012e-05,2.15092e-05,8.27746e-06,-1.61371e-05,-0.00778924,0.0108029,-0.0185728,40,0,0.0402024
2025-01-30 00:00:00+00:00,0.00305492,1.22327,0.777623,-0.0277696,0.00268852,0.349799,0.000111927,0.000103875,1.63293e-05,8.81023e-07,0.00329692,0.0177506,-0.0144423,40,0,0.0384947
2025-01-31 00:00:00+00:00,-0.00442712,1.21785,0.722611,-0.00716377,3.33462e-05,0.0471919,1.50914e-05,4.91553e-06,2.55679e-06,1.75657e-05,-0.00440822,0.000246294,-0.00466248,40,0,0.0370425
2025-02-01 00:00:00+00:00,0.00477817,1.22367,0.684851,0.00134366,-0.00268369,0.064455,2.06295e-05,1.83432e-05,3.47262e-06,9.18351e-06,0.0048124,-0.02903,0.0338442,40,0,0.0358399
2025-02-02 00:00:00+00:00,0.00155864,1.22558,0.652788,-0.00859318,-0.00582336,0.275802,8.82889e-05,5.53613e-05,2.74114e-05,3.75409e-05,0.00170434,-0.0325862,0.0343368,40,0,0.0371723
2025-02-03 00:00:00+00:00,-0.00305144,1.22184,0.751128,-0.0309041,-0.000325789,0.900576,0.000308143,0.000126608,0.000151892,2.57372e-06,-0.00235759,0.0257427,-0.0276027,39.5417,10,0.0367931
2025-02-04 00:00:00+00:00,-0.00176275,1.21968,0.757956,-0.0378998,-0.00273465,0.314655,0.000100693,1.45127e-05,3.00207e-05,9.70967e-05,-0.00169365,-0.0246945,0.0229362,40,0,0.0350444
2025-02-05 00:00:00+00:00,-0.00195981,1.21729,0.762879,-0.00671707,0.00119446,0.360437,0.00011534,2.80887e-05,2.73286e-05,4.45944e-05,-0.00181921,-0.0109107,0.00912232,40,0,0.0325957
2025-02-06 00:00:00+00:00,0.00237665,1.22019,0.751591,-0.00506195,0.000113802,0.505432,0.000161748,4.85544e-05,3.14413e-05,-9.28739e-06,0.00263109,-0.017334,0.0199758,40,0,0.0332319
2025-02-07 00:00:00+00:00,-0.00441799,1.2148,0.907854,-0.0663417,-0.00377449,0.650864,0.000208228,4.0082e-05,4.67635e-05,-5.98868e-05,-0.00405194,-0.00118553,-0.00297422,40,0,0.0339891
2025-02-08 00:00:00+00:00,-0.00861563,1.20433,0.854372,-0.0326655,-0.0012678,0.857552,0.000274386,5.98876e-05,4.75778e-05,-0.00154693,-0.00668811,0.012445,-0.0192399,40,0,0.0322969
2025-02-09 00:00:00+00:00,0.00361729,1.20869,0.616423,0.0509248,0.00143058,0.614323,0.000196617,2.76667e-05,3.33566e-05,0.000884091,0.00299295,-0.00162618,0.00465104,40,0,0.0328107
2025-02-10 00:00:00+00:00,0.00307165,1.2124,0.79258,0.0737641,-0.00425535,0.573446,0.000183452,2.38649e-05,3.68339e-05,0.000351296,0.00297505,0.0111886,-0.00821127,39.9375,0,0.0322267
2025-02-11 00:00:00+00:00,-0.0101279,1.20012,0.932719,0.0880574,-0.0141368,0.668434,0.000213802,3.84896e-05,2.9861e-05,0.000174016,-0.0100394,-0.00923413,-0.000779661,40,0,0.0314034
2025-02-12 00:00:00+00:00,0.00438599,1.20538,1.06586,0.0300344,-0.0118868,0.694819,0.000222405,4.288e-05,5.41829e-05,4.54218e-05,0.00468086,0.0263504,-0.0216738,40,0,0.0309658
2025-02-13 00:00:00+00:00,0.00591129,1.21251,1.21813,0.0675705,0.000401935,0.705161,0.000225697,3.67914e-05,4.49913e-05,0.000194849,0.00603337,-0.0114009,0.0174235,40,0,0.0308476
2025-02-14 00:00:00+00:00,-0.00665657,1.20444,1.21264,0.130063,-0.00018788,0.668499,0.00021392,5.35083e-05,5.10382e-05,9.78586e-05,-0.00637828,0.0206827,-0.0271162,40,0,0.0299615
2025-02-15 00:00:00+00:00,0.0113498,1.21811,1.0073,0.111952,-0.00622287,0.28659,9.17506e-05,3.45831e-05,1.67579e-05,7.48646e-05,0.0113736,-0.0046696,0.0160738,40,0,0.0311501
2025-02-16 00:00:00+00:00,0.00396523,1.22294,0.995053,0.0696429,-0.0129164,0.261734,8.37195e-05,2.79816e-05,1.89236e-05,3.25309e-05,0.0040697,-0.00551922,0.00956838,40,0,0.0311691
2025-02-17 00:00:00+00:00,-0.00585155,1.21578,0.883557,0.0987986,0.00836046,0.332874,0.000106462,7.89901e-05,3.68577e-05,1.95153e-05,-0.00565263,-0.0044049,-0.00112645,40,0,0.0293984
2025-02-18 00:00:00+00:00,0.00540116,1.22235,0.89108,0.11471,0.000891416,0.207201,7.02755e-05,2.94461e-05,2.76866e-05,-0.000231289,0.00575684,-0.0125286,0.0182734,40,1,0.0291684
2025-02-19 00:00:00+00:00,0.00955701,1.23403,0.881074,0.104609,-0.0108452,0.294329,9.41793e-05,3.24307e-05,2.52092e-05,0.000219003,0.00945568,0.012285,-0.00288022,40,0,0.029989
2025-02-20 00:00:00+00:00,0.00302082,1.23776,1.02546,0.153984,0.00558599,0.357588,0.000114429,2.25272e-05,3.01029e-05,0.000162354,0.00304943,0.0202684,-0.017224,40,0,0.0305121
2025-02-21 00:00:00+00:00,-0.00632966,1.22992,1.10475,0.140349,-0.00770253,0.316892,0.000101286,2.4027e-05,2.72096e-05,0.000212665,-0.00634757,-0.0223628,0.0159246,40,0,0.0282594
2025-02-22 00:00:00+00:00,-0.0130332,1.21389,1.08537,0.146837,-0.00831636,0.426588,0.000142012,2.22682e-05,5.36218e-05,0.000467461,-0.0133059,0.0159079,-0.0291933,40,1,0.0256659
2025-02-23 00:00:00+00:00,0.0128789,1.22953,1.00057,0.149404,0.002399,0.304403,9.74478e-05,1.27806e-05,2.27553e-05,0.000509617,0.0124396,0.00134935,0.0110508,40,0,0.0257742
2025-02-24 00:00:00+00:00,0.002409,1.23249,0.930265,0.116631,-0.0194192,0.417596,0.0001336,4.09803e-05,4.68862e-05,0.000242115,0.00240009,-0.0560848,0.0584102,39.9792,0,0.0274387
2025-02-25 00:00:00+00:00,-0.0025128,1.22939,0.849679,0.0471856,-0.00188712,0.430112,0.000146273,2.78164e-05,7.24623e-05,0.000144319,-0.00237825,0.0144755,-0.0168569,40,1,0.0267095
2025-02-26 00:00:00+00:00,-0.014023,1.21215,0.879768,0.0859294,-0.00468759,0.137573,4.39974e-05,6.11962e-06,1.03031e-05,0.000177704,-0.0142207,-0.00883694,-0.00540962,40,0,0.0273689
2025-02-27 00:00:00+00:00,0.000521646,1.21278,0.931315,0.0940019,-0.00617121,0.235772,7.54446e-05,1.26502e-05,1.95656e-05,8.62642e-05,0.000560466,-0.000684137,0.00117367,40,0,0.0254696
2025-02-28 00:00:00+00:00,0.00798004,1.22246,0.867084,0.076271,-0.00323177,0.181575,5.81126e-05,7.26408e-06,1.23036e-05,0.000137168,0.0079048,0.00608378,0.00195165,40,0,0.0252455
2025-03-01 00:00:00+00:00,0.000507741,1.22308,0.903592,0.0768193,-0.0043381,0.225211,7.20648e-05,1.52543e-05,1.82054e-05,7.84646e-05,0.000552721,-0.00363984,0.00424058,40,0,0.025592
2025-03-02 00:00:00+00:00,-0.0200749,1.19853,0.944762,0.0739627,-0.00928513,0.428052,0.000138929,2.73288e-05,3.30687e-05,5.50458e-05,-0.0200855,0.0481972,-0.0681975,40,1,0.0260595
2025-03-03 00:00:00+00:00,0.0024336,1.20145,0.876475,0.0952426,-0.0059972,0.292766,9.37535e-05,1.28862e-05,4.79528e-05,6.40328e-05,0.00256589,-0.0663627,0.0688693,40,0,0.023001
2025-03-04 00:00:00+00:00,0.0092224,1.21253,0.759173,0.050357,-0.0017784,0.286137,9.15826e-05,1.49488e-05,2.4407e-05,-9.01184e-09,0.00933445,0.00256798,0.00661273,40,0,0.025663
2025-03-05 00:00:00+00:00,-0.0192095,1.18923,0.781491,0.044636,-0.00242681,0.137893,4.41001e-05,7.03286e-06,1.19514e-05,5.38725e-05,-0.0193565,0.00905404,-0.0284268,40,0,0.0237124
2025-03-06 00:00:00+00:00,-0.00739446,1.18044,0.750325,0.0636093,0.00258298,0.112286,3.58932e-05,4.85441e-06,9.51014e-06,9.40773e-05,-0.00742486,-0.0157485,0.00830507,40,0,0.0196961
2025-03-07 00:00:00+00:00,0.0045933,1.18586,0.695732,0.0621764,0.00323542,0.166515,5.32834e-05,7.00071e-06,1.22903e-05,1.82193e-05,0.00465577,-0.00900381,0.0136997,40,0,0.0194079
2025-03-08 00:00:00+00:00,0.00392988,1.19052,0.637855,0.0514537,0.0016541,0.123703,3.95911e-05,4.94889e-06,5.87929e-06,3.82803e-05,0.00394039,-0.00392759,0.0078483,40,0,0.0196776
2025-03-09 00:00:00+00:00,0.00277464,1.19383,0.611727,0.041744,-0.00103142,0.185021,5.92124e-05,7.61279e-06,1.149e-05,4.50981e-05,0.0028086,-0.0266788,0.0295446,40,0,0.0221702
2025-03-10 00:00:00+00:00,0.00427064,1.19893,0.704909,0.00460106,-0.00663395,0.502415,0.000160802,6.11072e-05,6.75258e-05,2.96512e-05,0.00453447,-0.0171694,0.0215013,39.8542,0,0.024227
2025-03-11 00:00:00+00:00,-0.00528781,1.19259,0.757731,-0.0108535,-0.00500001,0.168981,5.40679e-05,1.88549e-05,1.63448e-05,5.99711e-05,-0.00525942,0.0152659,-0.0204094,40,0,0.0250335
2025-03-12 00:00:00+00:00,-0.00386468,1.18798,0.799774,0.0048014,-0.00278562,0.139566,4.46572e-05,7.57525e-06,1.10544e-05,0.00016165,-0.0039533,0.00942823,-0.0133843,40,0,0.0237924
2025-03-13 00:00:00+00:00,0.00341868,1.19204,0.769332,-0.00178649,-0.00629672,0.142251,4.55196e-05,1.69948e-05,1.2287e-05,8.49783e-05,0.00341499,-0.00829356,0.0116904,40,0,0.020539
2025-03-14 00:00:00+00:00,-0.00293467,1.18854,0.727347,0.00100024,-0.00745738,0.14285,4.56945e-05,7.53953e-06,7.40261e-06,0.000191925,-0.00305807,0.0138932,-0.0169859,40,0,0.0190333
2025-03-15 00:00:00+00:00,-0.00436734,1.18335,0.731677,0.00839861,-0.00825368,0.0438276,1.40259e-05,1.93029e-06,4.49092e-06,0.000199704,-0.00454908,0.00641418,-0.0109572,40,0,0.0181754
2025-03-16 00:00:00+00:00,-0.00730413,1.17471,0.716918,0.00358076,-0.0069718,0.125739,4.02251e-05,5.86866e-06,8.83255e-06,1.94899e-05,-0.00728306,-0.0152758,0.00799143,40,0,0.0193647
2025-03-17 00:00:00+00:00,0.000483417,1.17527,0.65744,0.0296016,0.00574298,0.343499,0.000109969,2.98457e-05,4.75014e-05,-1.1596e-06,0.000682307,0.0111539,-0.0103039,39.7917,0,0.0206166
2025-03-18 00:00:00+00:00,0.00722473,1.18376,0.627829,0.0391342,0.00325028,0.424237,0.000135784,2.89094e-05,2.42183e-05,0.00013454,0.00726459,0.00174567,0.00559347,40,0,0.0220523
2025-03-19 00:00:00+00:00,0.00322783,1.18759,0.668734,0.0529038,0.0100753,0.162016,5.1846e-05,2.02881e-05,1.1503e-05,0.000638224,0.00267869,0.0162362,-0.013568,40,0,0.0224861
2025-03-20 00:00:00+00:00,0.0087062,1.19792,0.618926,0.0808747,0.00820797,0.122927,3.93538e-05,1.15192e-05,1.04356e-05,0.00156433,0.00717657,-0.0014738,0.00866749,40,0,0.02321
2025-03-21 00:00:00+00:00,0.00629048,1.20546,0.629061,0.0516978,0.0131119,0.196187,6.28645e-05,2.14846e-05,1.68538e-05,0.000510551,0.00591112,0.00352604,0.00238938,40,0,0.0250372
2025-03-22 00:00:00+00:00,-0.00940187,1.19413,0.63709,0.0208504,0.0145953,0.0500207,1.59943e-05,2.01827e-06,4.01848e-06,0.00168024,-0.0110894,-0.00537576,-0.00571363,40,0,0.0208344
2025-03-23 00:00:00+00:00,-0.00259232,1.19103,0.626149,0.0235985,0.0171263,0.0597674,1.91241e-05,5.80602e-06,3.83736e-06,0.000130062,-0.00269336,0.00214391,-0.00483727,40,0,0.0189028
2025-03-24 00:00:00+00:00,0.00253439,1.19405,0.590049,0.0216083,0.0112425,0.154398,4.99762e-05,1.01008e-05,1.91884e-05,0.000185114,0.00243166,0.0131755,-0.0108551,37.875,1,0.0184766
2025-03-25 00:00:00+00:00,-0.000773269,1.19313,0.585371,0.00769001,0.0175755,0.0802979,2.56984e-05,8.15348e-06,5.10337e-06,-0.000280857,-0.000444742,0.0034365,-0.00388124,38.7917,0,0.0175276
2025-03-26 00:00:00+00:00,-0.000239428,1.19284,0.51207,-0.0154147,0.00207463,0.141047,4.51503e-05,9.10698e-06,1.05007e-05,-3.52035e-05,-0.000132581,-0.0052962,0.00516362,39.4583,0,0.0154106
2025-03-27 00:00:00+00:00,-0.00281073,1.18949,0.513365,-0.0146043,0.00320877,0.0434169,1.55233e-05,1.22113e-05,3.62064e-06,5.63236e-05,-0.00283698,0.000222577,-0.00305955,39.625,1,0.0121703
2025-03-28 00:00:00+00:00,0.0034025,1.19354,0.48029,-0.0161373,-0.00441006,0.0218548,7.52885e-06,1.05207e-06,1.68788e-06,3.71887e-05,0.00337265,-0.0141881,0.0175607,39,1,0.0102897
2025-03-29 00:00:00+00:00,-0.000272745,1.19321,0.452974,-0.0109533,-0.00474897,0.0128329,4.10639e-06,5.13299e-07,7.58668e-07,6.17794e-05,-0.000327597,-0.0107716,0.010444,39,0,0.0103991
2025-03-30 00:00:00+00:00,0.000420611,1.19371,0.450562,-0.00744836,-0.00283757,0.0210399,6.73353e-06,8.41691e-07,1.5278e-06,8.04549e-05,0.00035045,0.000372424,-2.19734e-05,39,0,0.0125766
2025-03-31 00:00:00+00:00,0.00395817,1.19844,0.425418,-0.00293261,0.000517179,0.147791,4.73011e-05,1.8707e-05,1.6728e-05,4.31611e-05,0.00399332,0.000598052,0.00352664,38.5625,0,0.0152354
2025-04-01 00:00:00+00:00,0.00356151,1.2027,0.455169,-0.0141037,0.00432482,0.0566814,1.81409e-05,8.9152e-06,6.12738e-06,2.94671e-05,0.00356283,0.00825669,-0.00469852,40,0,0.0165245
2025-04-02 00:00:00+00:00,-0.000188182,1.20248,0.474188,-0.0102466,-0.0030833,0.116075,3.715e-05,4.64375e-06,9.42393e-06,9.37974e-06,-0.00014025,-0.0146077,0.0144806,40,0,0.016411
2025-04-03 00:00:00+00:00,0.00249297,1.20548,0.498621,-0.00659011,0.000944861,0.127879,4.09273e-05,5.92205e-06,9.38489e-06,5.44875e-05,0.00249689,0.00287105,-0.000373516,39.9375,0,0.0180842
2025-04-04 00:00:00+00:00,0.00168184,1.2075,0.546387,0.00983956,0.00389396,0.194244,6.21588e-05,1.71605e-05,1.70446e-05,6.09971e-05,0.00172316,0.00353805,-0.00175414,40,0,0.0202121
2025-04-05 00:00:00+00:00,-0.00409696,1.20256,0.583944,0.024155,0.00643652,0.0227274,7.26952e-06,9.0869e-07,2.13805e-06,4.38374e-05,-0.00413042,-0.00607445,0.00194403,40,0,0.0192927
2025-04-06 00:00:00+00:00,0.00920586,1.21363,0.576143,0.0145611,0.00363263,0.254419,8.54906e-05,1.2525e-05,2.40547e-05,-6.86215e-05,0.0093669,-0.030828,0.0401944,40,1,0.0193396
2025-04-07 00:00:00+00:00,0.0115134,1.2276,0.607309,0.0371465,0.0033255,0.364502,0.000120064,2.96903e-05,4.32053e-05,2.54565e-05,0.0116363,0.0136136,-0.00198211,39.5833,2,0.0236777
2025-04-08 00:00:00+00:00,0.00331473,1.23167,0.704897,0.04682,0.00548551,0.297581,9.52435e-05,3.35449e-05,3.42717e-05,-1.18372e-05,0.00349732,-0.0160363,0.0195742,39.9583,0,0.025639
2025-04-09 00:00:00+00:00,-0.00754156,1.22238,0.770134,0.0377393,0.00346365,0.19191,6.14033e-05,2.19193e-05,2.1747e-05,-3.07478e-05,-0.00741296,0.0427397,-0.0501828,40,0,0.0259129
2025-04-10 00:00:00+00:00,-0.00257888,1.21923,0.783913,0.0374643,-0.000992375,0.161929,5.18122e-05,1.89627e-05,2.22707e-05,1.79146e-05,-0.00248516,-0.0150343,0.0125326,40,0,0.0241949
2025-04-11 00:00:00+00:00,-0.0012595,1.21769,0.779781,0.0307034,0.00177507,0.125721,4.02311e-05,5.73115e-06,1.33925e-05,5.21476e-05,-0.0012328,0.0152931,-0.0165222,40,0,0.0239945
2025-04-12 00:00:00+00:00,-0.00404761,1.21276,0.765631,0.0249971,0.000304337,0.255441,8.34472e-05,3.97289e-05,2.51464e-05,-7.64557e-05,-0.00379222,0.0179546,-0.0217466,40,1,0.0238354
2025-04-13 00:00:00+00:00,0.0121457,1.22749,0.765361,0.0206657,0.00111715,0.238595,7.63686e-05,1.82526e-05,2.02844e-05,-0.000231237,0.0124365,-0.0112615,0.0237039,40,0,0.0240122
2025-04-14 00:00:00+00:00,0.0127013,1.24308,0.788334,0.0127303,0.00622597,0.511723,0.000163802,4.89516e-05,7.33098e-05,0.000176081,0.0127914,0.00857088,0.00441689,39.9792,0,0.0258902
2025-04-15 00:00:00+00:00,0.000179886,1.24331,0.791176,-0.0118992,-0.00729001,0.239483,7.66499e-05,2.59494e-05,2.3901e-05,-2.14718e-05,0.000342035,-0.0127806,0.0131254,40,0,0.0259364
2025-04-16 00:00:00+00:00,0.00889116,1.25436,0.799864,-0.0302461,-0.00219081,0.250425,8.01621e-05,5.35837e-05,2.52905e-05,-0.000269317,0.00929823,0.00340536,0.00601499,40,0,0.0277732
2025-04-17 00:00:00+00:00,0.00306838,1.25821,0.809633,0.019832,0.0051039,0.211639,6.77388e-05,5.32655e-05,1.83879e-05,-0.000356018,0.00357675,0.00822348,-0.00464673,40,0,0.0309241
2025-04-18 00:00:00+00:00,-0.0104685,1.24504,0.832384,0.0439744,0.012519,0.193532,6.1918e-05,3.86099e-05,1.46767e-05,6.27737e-05,-0.0104549,-0.00390607,-0.0065491,40,0,0.0325138
2025-04-19 00:00:00+00:00,0.000394501,1.24553,0.901413,0.0559595,0.0180577,0.117829,3.76966e-05,3.16283e-05,8.97923e-06,0.000221654,0.000263658,0.0110373,-0.010803,40,0,0.0325212
2025-04-20 00:00:00+00:00,-0.00378274,1.24082,0.909518,0.0511348,0.0124237,0.259998,8.40965e-05,6.15671e-05,1.93361e-05,0.00031299,-0.00392104,-0.000450875,-0.00349764,40,1,0.0319854
2025-04-21 00:00:00+00:00,0.00206185,1.24338,0.916483,0.0229471,0.00473334,0.383918,0.000122963,0.000104682,5.28067e-05,0.000249565,0.00213151,-0.00174681,0.00352328,40,0,0.032307
2025-04-22 00:00:00+00:00,0.000443433,1.24393,0.987914,0.0346248,-0.00357619,0.386738,0.000126838,0.000126967,3.53292e-05,0.000330189,0.000442741,0.0406527,-0.0402279,40,1,0.0330693
2025-04-23 00:00:00+00:00,-0.017297,1.22241,1.02797,0.00850281,-0.0114947,0.564199,0.000189581,9.44503e-05,0.000130713,0.00013503,-0.0170738,0.00894165,-0.0260384,40,1,0.0315228
2025-04-24 00:00:00+00:00,0.00560737,1.22927,0.979582,-0.0521461,-0.012445,0.274268,8.77782e-05,5.5551e-05,2.9975e-05,-3.33707e-05,0.00581688,0.0101965,-0.00431595,40,0,0.0308899
2025-04-25 00:00:00+00:00,-0.00043264,1.22874,0.956025,-0.0329654,-0.00495235,0.314131,0.000105321,6.62024e-05,3.96669e-05,-9.03865e-05,-9.27457e-05,0.0103347,-0.0104127,40,1,0.032028
2025-04-26 00:00:00+00:00,0.0077218,1.23822,0.981209,-0.0126967,-0.00967922,0.461446,0.000152481,5.96218e-05,7.48177e-05,3.61147e-05,0.0079653,0.0157838,-0.00806382,40,1,0.0319363
2025-04-27 00:00:00+00:00,0.000283748,1.23857,1.0308,-0.0674445,-0.0146419,0.464685,0.000148688,6.36217e-05,4.835e-05,-0.000140866,0.000706864,-0.0180106,0.0186062,40,0,0.0328476
2025-04-28 00:00:00+00:00,0.00381606,1.2433,1.11149,-0.0732479,-0.00432787,0.810847,0.000259266,0.000116891,0.00013925,-8.92927e-06,0.00438098,0.0123754,-0.00827468,39.9375,0,0.0321005
2025-04-29 00:00:00+00:00,-0.00818289,1.23313,1.16429,-0.0646171,0.00592593,0.187035,5.98454e-05,1.35458e-05,2.15447e-05,0.000133586,-0.00823784,-0.0169221,0.00866948,40,0,0.0310103
2025-04-30 00:00:00+00:00,-0.000548232,1.23245,1.19513,-0.0920577,0.0101934,0.317864,0.000101722,2.38826e-05,2.87925e-05,0.000175341,-0.000532331,-2.34568e-05,-0.000351133,40,0,0.0295155
2025-05-01 00:00:00+00:00,0.00766011,1.24189,1.10921,-0.0559648,0.0140919,0.460464,0.000147562,7.80402e-05,5.11956e-05,1.72858e-05,0.00793582,0.0086961,-0.00077085,39.9167,0,0.0288496
2025-05-02 00:00:00+00:00,0.00378521,1.24659,1.09153,-0.0451161,0.0201714,0.27216,8.71082e-05,3.95354e-05,2.32723e-05,-7.97048e-05,0.00403731,0.00150385,0.00245397,40,0,0.0291554
2025-05-03 00:00:00+00:00,-0.0129137,1.23049,1.05939,-0.0764439,0.00842926,0.26097,8.34954e-05,3.17264e-05,2.01621e-05,-4.47846e-05,-0.0127991,-0.0246441,0.0117666,40,0,0.0307192
2025-05-04 00:00:00+00:00,0.0034153,1.2347,1.11133,-0.0987716,0.00841013,0.147638,4.72651e-05,1.21987e-05,2.2315e-05,-0.000154671,0.00366246,-0.0108581,0.0146214,40,0,0.0301627
2025-05-05 00:00:00+00:00,-0.00372556,1.2301,1.09576,-0.0657315,0.0258138,0.262384,8.39326e-05,7.82266e-05,4.5714e-05,0.000358967,-0.00386789,0.000830486,-0.00481899,40,0,0.0304674
2025-05-06 00:00:00+00:00,-0.00142379,1.22835,1.0988,-0.0581021,0.0431271,0.330113,0.000112621,3.81912e-05,3.49591e-05,0.00196693,-0.00317225,-0.00489455,0.00190136,39.9375,1,0.0302722
2025-05-07 00:00:00+00:00,-0.0100362,1.21602,1.05857,-0.0221031,0.0437769,0.258333,8.26417e-05,2.95176e-05,2.68975e-05,8.3849e-05,-0.00999929,-0.00256411,-0.00748389,40,0,0.0298919
2025-05-08 00:00:00+00:00,0.010938,1.22932,1.07069,-0.0466757,0.0273856,0.543713,0.000174074,3.7337e-05,5.12755e-05,0.000329105,0.0108698,0.0778624,-0.0669498,40,0,0.0303225
2025-05-09 00:00:00+00:00,0.0141586,1.24672,1.04842,-0.058572,0.00576625,0.703656,0.000242492,8.16223e-05,8.30486e-05,0.000384064,0.0141337,0.0350525,-0.0209123,39.8542,2,0.0320655
2025-05-10 00:00:00+00:00,0.0268356,1.28018,1.09016,-0.0583147,-0.0017032,0.54537,0.00017477,9.26216e-05,7.56932e-05,0.000213383,0.0266978,0.0451105,-0.0183907,40,0,0.0332371
2025-05-11 00:00:00+00:00,-0.0132967,1.26316,1.1229,-0.0566908,0.000858239,0.582695,0.000194367,0.000189603,6.2574e-05,1.91839e-05,-0.0129123,-0.0208752,0.00789621,40,1,0.0343126
2025-05-12 00:00:00+00:00,0.00826546,1.2736,0.819306,-0.0323585,0.0101436,0.694525,0.000228071,0.000207967,0.00014441,6.93944e-05,0.00883294,0.0138442,-0.00510557,39.9583,1,0.0332888
2025-05-13 00:00:00+00:00,0.00418837,1.27893,0.802232,-0.0747715,0.0124465,0.384929,0.000123212,7.65051e-05,3.86557e-05,0.000197805,0.00427465,0.0168697,-0.0125951,40,0,0.034369
2025-05-14 00:00:00+00:00,0.00153325,1.28089,0.794724,-0.0575249,0.0124129,0.144642,4.6285e-05,2.67094e-05,1.27013e-05,0.000269982,0.0013797,-0.0153672,0.0167365,40,0,0.0336416
2025-05-15 00:00:00+00:00,-0.00227357,1.27798,0.794721,-0.0496956,0.00692952,0.13454,4.30458e-05,2.75113e-05,1.10107e-05,0.000165349,-0.00232945,-0.0262258,0.023903,40,0,0.0343618
2025-05-16 00:00:00+00:00,-0.0049352,1.27168,0.844639,-0.0611208,0.00738714,0.263186,9.01275e-05,8.1865e-05,3.01275e-05,0.000107914,-0.00483425,-0.00746179,0.00267706,40,1,0.0327005
2025-05-17 00:00:00+00:00,-0.00272543,1.26821,0.844881,-0.0655708,0.00646144,0.266791,8.53966e-05,1.94931e-05,1.71133e-05,0.000241536,-0.00282157,-0.0185648,0.0157052,40,0,0.0301471
2025-05-18 00:00:00+00:00,0.0123161,1.28383,0.906814,-0.05917,-0.000916842,0.337166,0.000107934,2.68589e-05,2.00069e-05,0.00028782,0.0121392,0.0416379,-0.0294944,40,0,0.0323992
2025-05-19 00:00:00+00:00,-0.00396664,1.27874,0.96065,-0.037949,0.0185226,0.540651,0.000173021,3.86058e-05,8.32945e-05,9.94831e-05,-0.00375906,-0.0109392,0.00701741,40,0,0.0337629
2025-05-20 00:00:00+00:00,-0.000155441,1.27854,1.01271,-0.0623219,0.0257439,0.325354,0.000104119,1.58357e-05,2.8058e-05,9.07896e-05,-7.20344e-05,0.000836558,-0.00132273,40,0,0.031542
2025-05-21 00:00:00+00:00,-0.00443971,1.27286,0.981108,-0.078225,0.0201786,0.450035,0.000143709,2.07905e-05,5.88687e-05,5.52116e-05,-0.00418904,0.0200644,-0.0242325,39.9375,0,0.032298
2025-05-22 00:00:00+00:00,0.00580952,1.28026,0.936233,-0.0421984,0.0150306,0.342262,0.000109571,2.44978e-05,2.35777e-05,4.18204e-05,0.00595324,0.0292948,-0.0233665,40,0,0.0319438
2025-05-23 00:00:00+00:00,-0.000832479,1.27919,0.839345,-0.0225588,0.00717178,0.34642,0.00011081,1.77258e-05,2.21982e-05,-0.00010413,-0.00055364,-0.0358687,0.0352564,40,0,0.0298109
2025-05-24 00:00:00+00:00,-0.00252074,1.27597,0.82892,-0.0473986,0.00649153,0.310343,9.93107e-05,2.66903e-05,2.11145e-05,-5.52337e-05,-0.00231103,0.00203435,-0.00427031,40,0,0.0291068
2025-05-25 00:00:00+00:00,0.00732212,1.28531,0.874215,-0.0769129,0.00245943,0.213216,6.82675e-05,1.01459e-05,1.67613e-05,-8.98804e-05,0.00748974,0.00491091,0.00279076,40,0,0.0307006
2025-05-26 00:00:00+00:00,-0.00707335,1.27622,1.05568,-0.0105413,0.00391875,0.589158,0.000188623,2.63568e-05,8.63633e-05,-9.70661e-05,-0.00667817,-0.00935225,0.00267114,40,0,0.0330896
2025-05-27 00:00:00+00:00,0.00618743,1.28411,1.05692,0.0131754,0.00702569,0.410679,0.000131421,1.64276e-05,3.07472e-05,-5.11976e-05,0.00641712,0.0130026,-0.0066034,40,0,0.0341518
2025-05-28 00:00:00+00:00,-0.00289052,1.2804,1.03691,0.0311433,0.00669767,0.387102,0.000123881,2.60296e-05,2.47411e-05,-0.000247902,-0.00245274,-0.00912077,0.00665713,40,0,0.0347157
2025-05-29 00:00:00+00:00,0.00384259,1.28532,1.10985,0.0339035,-0.000593443,0.403454,0.000129101,2.42328e-05,3.01741e-05,-0.000210318,0.00425619,-0.0144364,0.0186407,40,0,0.0362682
2025-05-30 00:00:00+00:00,0.012041,1.3008,1.19981,-0.0211977,-0.00536565,0.521319,0.000166916,2.63818e-05,4.7289e-05,-0.000427782,0.0126864,-0.0549853,0.0676162,40,0,0.0383764
2025-05-31 00:00:00+00:00,-0.00291441,1.29701,1.22053,-0.0646761,-0.00288364,0.448772,0.00014353,3.07179e-05,3.93317e-05,-0.000248576,-0.00240942,0.00996527,-0.0124585,40,0,0.0375261
2025-06-01 00:00:00+00:00,0.00646285,1.30539,1.18634,0.0164191,0.00208492,1.31707,0.000421532,6.60841e-05,7.00558e-05,-5.62488e-05,0.00706962,0.0155754,-0.00852706,40,0,0.0386939
2025-06-02 00:00:00+00:00,0.00251556,1.30867,0.734178,0.0838583,0.0144194,1.20327,0.000385114,6.45516e-05,8.10596e-05,-4.85879e-05,0.00310435,0.00325642,-0.000218493,40,0,0.0401874
2025-06-03 00:00:00+00:00,0.00391698,1.3138,0.956089,0.127443,0.0235312,0.657429,0.00021043,3.57999e-05,3.74074e-05,-6.5694e-05,0.00428171,-0.00120524,0.00549696,40,0,0.0408107
2025-06-04 00:00:00+00:00,0.0191291,1.33893,1.11707,0.0422723,0.0111399,0.552667,0.000177025,3.8001e-05,2.96783e-05,0.000407867,0.0188253,0.000479189,0.0183327,40,0,0.0396003
2025-06-05 00:00:00+00:00,0.00180579,1.34135,0.88165,-0.030971,2.90538e-05,1.49667,0.000478952,0.000134221,7.08531e-05,6.35265e-05,0.00244844,-0.0217722,0.024269,40,0,0.0423285
2025-06-06 00:00:00+00:00,0.000597245,1.34215,0.891517,-0.00875348,0.00477419,1.76471,0.00056473,0.000121884,8.29485e-05,0.000235299,0.00115641,0.00515787,-0.0039975,40,0,0.0437043
2025-06-07 00:00:00+00:00,0.0180996,1.36644,1.13531,0.106202,0.0238541,0.68117,0.000218131,7.57778e-05,4.59976e-05,0.000929595,0.0173864,0.0296732,-0.0123541,40,0,0.0439225
2025-06-08 00:00:00+00:00,-0.000155915,1.36623,1.15306,0.0303294,0.0068334,1.25504,0.00040161,0.000108635,5.33297e-05,0.000555413,-0.000134366,-0.00040006,0.000254725,40,0,0.0467173
2025-06-09 00:00:00+00:00,0.00932249,1.37897,1.13153,0.126501,0.020353,1.30731,0.000418356,0.000148079,0.000104274,0.000572761,0.00941935,0.0379481,-0.0284981,39.9792,0,0.0475956
2025-06-10 00:00:00+00:00,-0.0139318,1.35975,1.18759,0.132813,0.0163019,0.659794,0.000211089,7.72436e-05,6.14729e-05,0.000486179,-0.0141073,0.0059106,-0.0200263,40,0,0.0467485
2025-06-11 00:00:00+00:00,-0.00113283,1.35821,1.32519,0.120629,0.0197241,0.680306,0.000217649,5.02819e-05,4.80538e-05,0.00141875,-0.00217735,-0.0305405,0.0283587,40,0,0.0437735
2025-06-12 00:00:00+00:00,0.00708109,1.36783,1.47855,0.157349,0.00782043,0.710804,0.000227525,5.98826e-05,5.25194e-05,0.000968363,0.00645329,-0.0469626,0.0534174,40,0,0.044429
2025-06-13 00:00:00+00:00,0.00984103,1.38129,1.623,0.198898,0.0158967,0.800207,0.000256176,7.13495e-05,6.25838e-05,0.000756296,0.00946052,0.000137589,0.00958441,40,0,0.046575
2025-06-14 00:00:00+00:00,0.00568953,1.38915,1.69624,0.196571,0.017611,0.46362,0.000148394,4.28479e-05,2.99048e-05,0.00103783,0.00489048,-0.0130153,0.017919,40,0,0.0454575
2025-06-15 00:00:00+00:00,0.0021765,1.39218,1.68667,0.197072,0.0172997,0.437595,0.000140021,2.97492e-05,2.1614e-05,0.00044001,0.00193844,0.00709219,-0.00517182,40,0,0.0459722
2025-06-16 00:00:00+00:00,0.00692784,1.40182,1.05568,0.105174,0.0100031,2.75036,0.000880197,0.00024659,0.000209635,0.000617284,0.00767549,0.0252978,-0.0174674,37.2708,0,0.0461317
2025-06-17 00:00:00+00:00,0.00444234,1.40805,0.580097,-0.0259603,-0.00343954,1.89338,0.000605996,0.000123212,0.000102819,0.000161816,0.00512172,-0.00907838,0.0142004,23.0208,0,0.0483358
2025-06-18 00:00:00+00:00,0.00501103,1.4151,0.763408,0.0603216,0.00522947,2.21273,0.000708203,0.000187507,0.000128787,0.000187833,0.00585345,0.00321257,0.00264064,27.6458,0,0.0487215
2025-06-19 00:00:00+00:00,-0.00332427,1.4104,0.831042,0.0374056,0.00264494,1.56704,0.000501285,0.000180877,9.09938e-05,0.000108139,-0.00257236,-0.00805584,0.00548375,26.8542,0,0.0488913
2025-06-20 00:00:00+00:00,0.00381354,1.41578,0.90731,0.0115531,-0.00107076,1.84347,0.000589996,0.000267189,0.000111116,-6.15732e-05,0.00487217,-0.0131779,0.0180499,27.75,0,0.049357
2025-06-21 00:00:00+00:00,-0.00215879,1.41272,0.733036,-0.0349995,-0.00993781,2.44834,0.000783438,0.000284613,0.000130165,-6.82917e-05,-0.000859772,-0.0178572,0.0169975,32.8542,0,0.049152
2025-06-22 00:00:00+00:00,0.00487369,1.41961,1.22275,0.000597806,-0.00122658,1.44924,0.000463882,0.000162879,9.28053e-05,8.30608e-05,0.00553944,-0.0152746,0.020814,37.6458,0,0.0493708
2025-06-23 00:00:00+00:00,-0.00152015,1.41745,1.46097,0.069718,-0.00745396,0.867616,0.000277637,0.000230529,0.000103777,1.67241e-05,-0.000889828,0.0714251,-0.0722659,39.9583,0,0.0483774
2025-06-24 00:00:00+00:00,0.00246687,1.42095,0.972833,0.0872932,0.00383425,1.4814,0.000473994,0.000552001,9.33241e-05,-3.1351e-05,0.00364183,0.00302876,0.000612326,40,0,0.0477864
2025-06-25 00:00:00+00:00,0.00964628,1.43465,0.921536,0.131889,0.00915353,0.443785,0.000142185,0.000117378,4.05095e-05,-0.000151594,0.0100827,-0.0063233,0.016406,40,0,0.0483151
2025-06-26 00:00:00+00:00,0.00727128,1.44508,0.933032,0.115908,0.0102955,0.369099,0.000118153,0.000139741,3.5332e-05,-0.000120777,0.00767054,-0.00535724,0.0130278,40,0,0.0500291
2025-06-27 00:00:00+00:00,-0.0053715,1.43732,1.01637,0.059803,-2.74116e-05,0.254751,8.14341e-05,6.83558e-05,1.39888e-05,-0.000451382,-0.00474325,0.0100726,-0.0148167,40,0,0.0499159
2025-06-28 00:00:00+00:00,0.00106808,1.43886,0.984714,0.0254807,0.00300869,0.218603,6.99484e-05,5.82719e-05,1.59936e-05,-0.000257865,0.00149727,0.00992954,-0.00842895,39.9583,0,0.0484091
2025-06-29 00:00:00+00:00,-0.00232215,1.43552,1.00903,0.027056,-0.00447973,0.344565,0.000110264,9.8858e-05,2.46479e-05,-0.000389021,-0.00166639,0.0197803,-0.0214467,40,0,0.0481976
2025-06-30 00:00:00+00:00,0.0165915,1.45933,1.19688,0.133823,0.0274161,1.13187,0.00036233,0.00022652,0.000140399,0.000434825,0.0168013,-0.00329176,0.0205565,40,0,0.0496431
2025-07-01 00:00:00+00:00,0.00726165,1.46993,1.06402,-0.0202678,0.0272961,3.07085,0.000982979,0.000433326,0.00019754,0.000208774,0.00866824,-0.0161486,0.0248175,40,0,0.0523297
2025-07-02 00:00:00+00:00,0.00567221,1.47827,0.893606,0.029917,0.0342215,3.1777,0.00101713,0.000263988,0.000197023,0.000249642,0.00693941,0.0324683,-0.025515,36.6458,0,0.0548415
2025-07-03 00:00:00+00:00,-0.0138835,1.45774,1.41819,0.0695436,0.0421004,1.74065,0.000556727,7.18454e-05,0.00016606,0.000329884,-0.0134139,0.00403018,-0.0174652,40,0,0.0545215
2025-07-04 00:00:00+00:00,0.0107751,1.47345,1.58997,0.0265384,0.0331665,0.448482,0.000143573,2.49076e-05,3.44505e-05,4.59701e-05,0.0108989,-0.0320115,0.0429104,40,0,0.053187
2025-07-05 00:00:00+00:00,0.000694321,1.47447,1.45303,-0.0221679,0.0206886,2.00666,0.000642207,0.00013867,0.000111273,-0.000744129,0.00235022,-0.00112935,0.00347559,40,0,0.0537024
2025-07-06 00:00:00+00:00,-0.00116676,1.47275,1.13153,-0.00496737,0.0223174,1.00667,0.000322062,9.29146e-05,6.32203e-05,-0.000680052,3.67934e-05,0.00944271,-0.00942282,40,0,0.054417
2025-07-07 00:00:00+00:00,-0.000668902,1.47177,1.55293,0.0506923,0.0361551,0.848407,0.000271435,0.000156879,0.000101677,0.000145383,-0.000215398,-0.0139743,0.0136735,39.9792,0,0.0537868
2025-07-08 00:00:00+00:00,-0.00348651,1.46664,1.78882,0.0427901,0.0368921,0.589279,0.000188589,9.79975e-05,5.72528e-05,7.86288e-05,-0.00318058,0.00780561,-0.0109715,40,0,0.053776
2025-07-09 00:00:00+00:00,-0.00954866,1.45263,1.63375,0.0840768,0.0417952,2.36394,0.000757232,0.000582253,0.000185057,9.05389e-05,-0.00810265,0.0252003,-0.033303,40,0,0.0516683
2025-07-10 00:00:00+00:00,-0.000980798,1.45121,0.470574,0.0210923,0.0144135,2.08905,0.00066848,0.000439033,0.000159253,4.19329e-05,0.000260418,0.0202759,-0.0200156,25.5,0,0.0508445
2025-07-11 00:00:00+00:00,-0.000921428,1.44987,0.920291,-0.0863014,0.00260357,1.72714,0.000565245,0.0001728,0.00019711,5.01508e-05,-6.80954e-06,-0.00557817,0.00557149,32.9167,1,0.0471969
2025-07-12 00:00:00+00:00,0.0072142,1.46033,0.996655,-0.0869197,-0.000633965,1.75582,0.000562008,0.000249545,0.000148663,6.59134e-05,0.00810544,-0.00672185,0.0148277,37.8958,0,0.0467946
2025-07-13 00:00:00+00:00,-0.00161048,1.45798,1.00053,0.0142473,0.00263692,0.734995,0.000235159,0.00011197,7.88795e-05,7.16479e-05,-0.00122459,0.00902546,-0.0102553,40,0,0.0469697
2025-07-14 00:00:00+00:00,-0.0123839,1.43992,1.23231,0.0431026,0.0265358,1.1539,0.000369072,0.000245979,0.000265135,2.82631e-05,-0.0115498,-0.00753277,-0.00382245,39.9792,0,0.0448332
2025-07-15 00:00:00+00:00,0.00478972,1.44682,1.36295,-0.031075,0.00620837,1.58564,0.000507513,0.000247045,0.000101145,0.000114372,0.00555733,0.0142446,-0.00868751,40,0,0.0436324
2025-07-16 00:00:00+00:00,-0.00104406,1.44531,0.5855,0.0354249,0.00800137,2.29236,0.000733473,0.000256198,0.000124927,4.6892e-05,6.62801e-05,0.0117684,-0.0117031,33.4792,0,0.0444387
2025-07-17 00:00:00+00:00,0.00539707,1.45311,0.556361,0.00977712,0.00228159,2.53885,0.000812525,0.000310452,0.000175396,6.52365e-05,0.00665037,0.00580774,0.000842737,28.875,0,0.0437607
2025-07-18 00:00:00+00:00,-0.012197,1.43539,1.07719,-0.0551729,-0.00904654,1.85342,0.000592871,0.000236539,0.000153047,4.16786e-05,-0.0112047,-0.00799818,-0.00320652,36.1042,0,0.0422664
2025-07-19 00:00:00+00:00,0.00883996,1.44808,1.10873,-0.0308852,-0.000764377,0.850685,0.000272204,0.000103653,6.27501e-05,-2.08234e-05,0.00931111,0.00897111,0.000365255,40,0,0.0424804
2025-07-20 00:00:00+00:00,-0.000265063,1.44769,1.44612,0.051834,0.0111394,1.97986,0.000633555,0.000211013,0.000102662,3.81168e-05,0.00070867,0.0262147,-0.0254866,39.9583,0,0.0465267
2025-07-21 00:00:00+00:00,-0.0230545,1.41432,0.993518,0.0722766,0.0166709,1.77833,0.000572634,0.000328521,0.000183369,0.000252062,-0.0223848,0.00793175,-0.0305238,40,1,0.0444515
2025-07-22 00:00:00+00:00,0.00880301,1.42677,1.01151,0.0286203,0.00128524,0.876518,0.000280543,0.000119189,5.43919e-05,0.000176903,0.00909101,0.00616072,0.00290344,40,0,0.0422073
2025-07-23 00:00:00+00:00,0.00577899,1.43501,1.07025,0.00882205,-0.00946482,0.741904,0.000237529,0.000103863,4.72532e-05,0.000125627,0.00613581,-0.0461928,0.0522584,39.6667,0,0.042497
2025-07-24 00:00:00+00:00,0.0043203,1.44121,1.19751,-0.06807,-0.00300932,0.653343,0.000209074,0.000103787,4.62058e-05,7.87523e-05,0.00464022,-0.014597,0.0192422,40,0,0.0412645
2025-07-25 00:00:00+00:00,-0.00352725,1.43613,1.28418,-0.078365,0.00386078,0.811072,0.000259421,0.00016049,6.29605e-05,-3.83046e-05,-0.00296755,0.0197031,-0.0227437,40,0,0.0415535
2025-07-26 00:00:00+00:00,-0.00151222,1.43396,1.27607,0.0387939,0.0130922,0.562983,0.000180138,0.000114501,3.06179e-05,-0.000272826,-0.000872897,0.00689098,-0.00776112,40,0,0.042488
2025-07-27 00:00:00+00:00,-0.000437791,1.43333,1.29805,0.0515406,0.0177714,0.838926,0.000268498,8.64272e-05,4.68706e-05,-0.000228245,0.000215381,0.0177508,-0.0174663,40,0,0.0432809
2025-07-28 00:00:00+00:00,0.02181,1.46459,1.35237,0.231639,0.0419064,1.34258,0.000429551,0.000139086,0.00014028,-1.4467e-05,0.0223849,-0.0243677,0.0469597,40,0,0.0428112
2025-07-29 00:00:00+00:00,-0.0130212,1.44552,1.07623,-0.0561281,-0.00263018,2.79963,0.000895592,0.000474143,0.000171298,7.48143e-05,-0.0115895,-0.00121034,-0.0103544,40,0,0.0474328
2025-07-30 00:00:00+00:00,0.00658563,1.45504,1.08462,-0.0679676,0.00261449,1.11833,0.000357954,0.000121899,6.28942e-05,0.000101274,0.00704287,-0.00238244,0.0094222,40,0,0.0464773
2025-07-31 00:00:00+00:00,0.0113029,1.47148,0.954077,0.0653444,0.000623283,2.04124,0.000653353,0.000156574,0.000111084,6.27226e-05,0.0121407,-0.0172235,0.0293643,40,0,0.0480789
2025-08-01 00:00:00+00:00,-0.0251273,1.43451,1.10473,0.0232515,-0.00123556,1.74343,0.000557394,0.00014887,0.000100408,-0.000323308,-0.0242208,-0.0200326,-0.00418834,40,0,0.049141
2025-08-02 00:00:00+00:00,-0.00561856,1.42645,1.22858,0.0261636,0.00465184,0.823279,0.000269995,4.82865e-05,8.83194e-05,-0.000695899,-0.0044883,-0.0159658,0.0114777,40,1,0.0463461
2025-08-03 00:00:00+00:00,0.0201427,1.45518,1.41764,0.0508059,0.00673272,0.917788,0.000293795,0.000112594,8.27254e-05,0.000212007,0.0202709,0.0453528,-0.0251345,40,0,0.0478532
2025-08-04 00:00:00+00:00,-0.00393868,1.44945,1.48514,0.104128,0.0243905,1.15815,0.00037063,0.00013538,9.67776e-05,0.000115518,-0.00337502,0.034468,-0.0380007,39.7917,0,0.049596
2025-08-05 00:00:00+00:00,-0.0117554,1.43241,1.33759,0.12154,0.0229888,0.574718,0.000183815,9.20844e-05,3.07006e-05,2.48759e-05,-0.011503,-0.0305714,0.0190844,40,0,0.0471183
2025-08-06 00:00:00+00:00,0.0194898,1.46033,1.34444,0.139326,0.0210154,0.801075,0.000256489,8.53083e-05,4.29724e-05,-4.44582e-05,0.019758,0.0232551,-0.00360777,40,0,0.048584
2025-08-07 00:00:00+00:00,-0.00815751,1.44842,1.34728,0.169869,0.0207927,0.779368,0.000249292,0.000146744,5.44378e-05,2.70724e-05,-0.00773033,0.0340435,-0.0418112,40,0,0.0507844
2025-08-08 00:00:00+00:00,-0.00169784,1.44596,1.49351,0.161092,0.025893,1.4674,0.000469509,0.000184699,8.60306e-05,3.48821e-05,-0.000956376,0.0116816,-0.0126833,39.9792,0,0.0495695
2025-08-09 00:00:00+00:00,-0.00805585,1.43431,1.71803,0.208623,0.0136671,1.10093,0.000355854,0.000164074,6.27088e-05,0.000120801,-0.00757524,0.0164672,-0.023974,40,1,0.0469086
2025-08-10 00:00:00+00:00,0.0123335,1.452,1.83647,0.205538,-0.00569479,1.45108,0.000464451,8.26853e-05,0.000117197,3.83096e-06,0.0129499,0.0107827,0.00222834,40,0,0.0470313
2025-08-11 00:00:00+00:00,0.0213348,1.48298,1.65864,0.0481335,-0.0288259,2.409,0.000771216,0.000210596,0.00016168,0.000207045,0.0221094,-0.0195764,0.0408869,39.9792,0,0.0502795
2025-08-12 00:00:00+00:00,-0.0155581,1.45991,1.14634,-0.0264219,-0.022242,2.16833,0.000705475,0.00033283,0.000168929,0.000332707,-0.0147263,0.0307529,-0.0455036,40,1,0.0523561
2025-08-13 00:00:00+00:00,-0.00450376,1.45333,1.43879,0.128042,0.00162473,1.68134,0.00053802,0.000120409,0.000118454,8.26094e-05,-0.00375579,0.0176015,-0.0214473,40,0,0.0488977
2025-08-14 00:00:00+00:00,0.00893228,1.46631,1.65365,0.181283,0.00722746,1.84974,0.00059903,0.00015032,0.000143383,0.000104514,0.00973166,-0.0636087,0.0731904,40,1,0.0483145
2025-08-15 00:00:00+00:00,-0.00191743,1.4635,1.76354,0.136795,-0.00770911,1.08751,0.000347938,0.000119412,7.99472e-05,9.08378e-05,-0.00139456,-0.00553843,0.00420642,40,0,0.047804
2025-08-16 00:00:00+00:00,0.00517597,1.47108,1.82828,0.11856,-0.00731706,0.907667,0.000290474,9.7833e-05,5.27911e-05,0.000101435,0.00553109,0.0102535,-0.00473786,40,0,0.0471818
2025-08-17 00:00:00+00:00,0.00120387,1.47285,1.91902,0.216923,0.0168379,0.700898,0.000224293,7.75866e-05,4.64073e-05,0.000182101,0.00141612,0.012072,-0.0106511,40,0,0.0480854
2025-08-18 00:00:00+00:00,-0.00021204,1.47253,0.655111,0.0142484,-0.0112322,3.00465,0.000961686,0.00036855,0.000186182,2.88015e-05,0.00130514,-0.0217562,0.022919,37.7083,0,0.0476544
2025-08-19 00:00:00+00:00,-0.00118636,1.47079,0.346393,-0.0346923,-0.0117241,1.27699,0.000408638,0.00021316,5.50422e-05,6.66052e-05,-0.000562767,-0.00569462,0.00513177,18.8333,0,0.0468533
2025-08-20 00:00:00+00:00,0.00862541,1.48347,0.348913,-0.0428768,-0.0183466,1.03286,0.000330609,0.000247806,5.26725e-05,-5.5059e-05,0.00929034,0.0117579,-0.00246768,14.9583,0,0.0484554
2025-08-21 00:00:00+00:00,0.0115621,1.50063,0.593932,0.0397951,-0.00494562,1.5412,0.000493308,0.00042577,7.37484e-05,-7.94708e-05,0.0125886,-0.00439268,0.0169813,23.25,0,0.0501933
2025-08-22 00:00:00+00:00,0.000634009,1.50158,0.406433,0.0417873,-0.00235798,1.83067,0.00058588,0.000442411,0.000102337,1.41705e-05,0.00178034,0.0182767,-0.0164958,18.9375,0,0.0528392
2025-08-23 00:00:00+00:00,0.00256498,1.50543,0.701319,0.0843395,0.00501585,0.767021,0.00024545,9.37447e-05,5.05337e-05,0.000158841,0.00280944,-0.0043808,0.00719008,26.4375,0,0.0530918
2025-08-24 00:00:00+00:00,0.000688006,1.50646,0.756318,0.0761407,-0.00157745,1.4138,0.000452505,0.000239589,6.83345e-05,0.000144617,0.00132029,-0.00663689,0.00795725,32.3333,0,0.0544066
2025-08-25 00:00:00+00:00,-0.014116,1.4852,0.704417,0.0810518,0.0111244,2.6004,0.000831866,0.000343544,0.000213434,-0.00135485,-0.0113768,-0.03166,0.0210848,33.375,0,0.05359
2025-08-26 00:00:00+00:00,-0.0112422,1.4685,1.04636,-0.0213248,0.00664848,1.67122,0.000534636,0.000246447,9.14684e-05,-0.000279072,-0.010087,0.007327,-0.017414,35.4375,0,0.0522332
2025-08-27 00:00:00+00:00,-0.000507472,1.46776,1.18133,0.0420873,0.0270366,0.605644,0.000193859,5.61511e-05,3.2801e-05,0.00110242,-0.00128804,-0.0128903,0.0116023,37.7083,0,0.0490732
2025-08-28 00:00:00+00:00,-0.0126506,1.44919,1.25707,0.0868934,0.0327084,1.27109,0.000406675,0.000123191,4.9656e-05,0.000839535,-0.0129569,0.00522566,-0.0181826,39.7917,0,0.0467853
2025-08-29 00:00:00+00:00,0.00598091,1.45786,0.975339,0.0523409,0.0164871,0.476942,0.000152646,4.26644e-05,2.71227e-05,0.000213872,0.00600089,-0.0160823,0.0220805,40,0,0.0444949
2025-08-30 00:00:00+00:00,-0.00162319,1.45549,1.20607,0.0216458,0.0175199,1.03491,0.00033103,0.000109134,4.75325e-05,0.000331501,-0.00142217,0.00247744,-0.00389694,40,0,0.0452496
2025-08-31 00:00:00+00:00,0.00577272,1.46389,1.01573,-0.00160904,0.0297768,1.80437,0.000577273,0.000244959,7.54247e-05,0.000563185,0.00611102,0.00191602,0.00419397,40,0,0.0466962
2025-09-01 00:00:00+00:00,-0.0151808,1.44167,0.666472,-0.0185866,0.0390063,1.20119,0.000384223,0.000118558,6.94895e-05,-0.000103623,-0.0145702,-0.017948,0.00337784,40,0,0.0457696
2025-09-02 00:00:00+00:00,-0.0102912,1.42683,1.04449,0.00104311,0.0298484,0.642658,0.00020565,4.76101e-05,3.03396e-05,0.000117928,-0.0101507,0.0130065,-0.0231573,40,0,0.0425767
2025-09-03 00:00:00+00:00,-0.0008047,1.42568,1.02071,0.0179375,0.0232728,0.597139,0.000191102,7.33922e-05,2.44506e-05,0.000144655,-0.000634099,0.00646256,-0.00709656,40,0,0.0397737
2025-09-04 00:00:00+00:00,0.000880494,1.42694,0.729361,-0.0101904,0.0212956,0.663414,0.000212262,0.000112583,2.80891e-05,-0.000561401,0.00184746,-0.0108994,0.0127469,40,0,0.0402284
2025-09-05 00:00:00+00:00,-5.10649e-07,1.42694,0.790765,-0.0324297,0.0134847,1.01083,0.000323527,0.0001001,4.01134e-05,-0.000320554,0.000801193,0.00745504,-0.00665164,40,0,0.0407413
2025-09-06 00:00:00+00:00,0.00994732,1.44113,0.991772,-0.0589911,-0.0222972,1.21479,0.000388777,8.25666e-05,9.00293e-05,-0.000831756,0.011378,0.0181222,-0.00687466,40,0,0.0420097
2025-09-07 00:00:00+00:00,-0.00116552,1.43945,1.16429,0.0152732,0.00374621,0.567408,0.00018157,3.02365e-05,4.40851e-05,0.000196769,-0.00105321,0.0205732,-0.0216235,40,0,0.0404409
2025-09-08 00:00:00+00:00,-0.0232678,1.40596,1.16716,0.160785,0.0284525,0.759664,0.000252959,0.000151019,0.000119787,-5.44557e-05,-0.0229165,-0.000952555,-0.0219502,39.5833,2,0.0369486
2025-09-09 00:00:00+00:00,-0.000721629,1.40495,1.14933,0.165403,0.0255276,0.294405,9.41834e-05,4.06838e-05,2.53293e-05,5.97829e-05,-0.0005623,0.00773774,-0.00831385,40,0,0.0348163
2025-09-10 00:00:00+00:00,0.00729399,1.41519,1.09715,0.124996,0.00605939,0.369202,0.000118173,3.04443e-05,3.28294e-05,5.75385e-05,0.00742848,0.0101376,-0.00270578,40,0,0.0347289
2025-09-11 00:00:00+00:00,0.0035785,1.42026,1.1644,0.153657,0.0124805,0.389679,0.000124773,5.08596e-05,3.36559e-05,-0.00028132,0.00410147,0.0149002,-0.0107988,40,0,0.0357208
2025-09-12 00:00:00+00:00,0.00270893,1.4241,1.31333,0.150578,0.0113699,0.223081,7.13997e-05,3.25003e-05,1.44421e-05,-5.9522e-05,0.0029236,0.0167236,-0.0138,40,0,0.0359018
2025-09-13 00:00:00+00:00,-0.00703272,1.41409,1.27866,0.154645,-0.00153129,0.312889,0.000104685,6.40322e-05,1.98033e-05,6.92348e-05,-0.00686209,0.0102219,-0.017084,39.3333,1,0.0345659
2025-09-14 00:00:00+00:00,0.0105038,1.42894,1.01961,0.00851902,-0.0251749,0.42425,0.000135917,6.79807e-05,2.5987e-05,-0.000116555,0.0108254,-0.0131098,0.0239276,40,0,0.0334085
2025-09-15 00:00:00+00:00,0.00817072,1.44062,0.899121,-0.0553242,-0.0104372,0.260888,8.34816e-05,4.55211e-05,1.69817e-05,4.74358e-05,0.00825184,-0.00926857,0.0175584,40,0,0.0365893
2025-09-16 00:00:00+00:00,-0.00332624,1.43583,0.951594,-0.0519186,-0.00414922,0.656507,0.000210066,0.000100186,3.26221e-05,8.90426e-05,-0.00305786,0.00194259,-0.00500045,40,0,0.0411062
2025-09-17 00:00:00+00:00,0.00763029,1.44678,1.05952,0.0361934,0.0084433,0.391706,0.000125388,5.16098e-05,2.60162e-05,0.000148955,0.00766884,0.0213331,-0.0136643,40,0,0.0427808
2025-09-18 00:00:00+00:00,0.0088845,1.45964,1.13125,0.0540424,-0.0074305,0.49559,0.000158673,0.000108083,3.40796e-05,8.61151e-05,0.00908137,0.0131255,-0.00404538,40,0,0.0400524
2025-09-19 00:00:00+00:00,-0.000686845,1.45863,1.24197,0.0604819,-0.000473614,0.40941,0.000130971,7.11716e-05,2.42231e-05,-9.94672e-05,-0.00034502,-0.0266006,0.0262541,40,0,0.04116
2025-09-20 00:00:00+00:00,0.00353412,1.46379,1.29149,-0.0025509,-0.00576075,0.217034,6.9439e-05,2.50782e-05,1.0603e-05,-0.000192242,0.00384583,0.00495358,-0.00112164,40,0,0.0410621
2025-09-21 00:00:00+00:00,-0.00137321,1.46178,1.31415,-0.0227142,-0.00999702,0.116928,3.74067e-05,3.42048e-05,7.58839e-06,2.67656e-05,-0.00130721,-0.0102275,0.00892024,40,0,0.0408381
2025-09-22 00:00:00+00:00,0.028934,1.50407,1.03724,-0.020501,-0.00220669,3.70194,0.001186,0.000338558,0.000282386,-6.809e-05,0.0304697,-0.0277032,0.0583896,39.8958,0,0.0444075
2025-09-23 00:00:00+00:00,0.00682527,1.51434,0.869103,0.104133,-0.00379594,2.53252,0.000810607,0.000184785,0.000122262,-0.000105149,0.00805233,-0.000813959,0.00886645,28.75,0,0.0469851
2025-09-24 00:00:00+00:00,0.00350933,1.51965,1.02349,0.119038,0.000442059,2.08922,0.000668619,0.000129881,9.22249e-05,-8.0646e-05,0.00450671,0.00486157,-0.000354885,32.0625,0,0.0482862
2025-09-25 00:00:00+00:00,-0.00203133,1.51657,0.862179,0.0623537,-0.00233815,2.32466,0.000743789,0.000180273,0.000102326,-0.000229251,-0.000733312,-0.0298949,0.0291619,29.75,0,0.0486493
2025-09-26 00:00:00+00:00,-0.00452887,1.5097,1.0329,0.0698164,-0.00790124,1.45226,0.000464723,0.000150124,7.92787e-05,-0.000365604,-0.00344744,0.018299,-0.0217464,30.5625,0,0.047466
2025-09-27 00:00:00+00:00,0.00673052,1.51986,0.911382,0.0869856,0.00818532,1.5741,0.000503788,0.000155034,7.70938e-05,-7.64589e-05,0.00753974,0.00225236,0.00528752,32.6458,0,0.0483781
2025-09-28 00:00:00+00:00,-0.00225732,1.51643,1.21373,0.107036,0.00568979,0.609876,0.000195129,9.00994e-05,5.09219e-05,-2.09457e-05,-0.0018666,0.0184543,-0.0203209,36.2292,0,0.0509541
2025-09-29 00:00:00+00:00,0.00841138,1.52918,1.58211,0.314326,0.0306078,0.798278,0.000255602,0.000126996,0.00022775,-0.000151325,0.00920693,-0.00512295,0.0143366,37.7917,0,0.0506719
2025-09-30 00:00:00+00:00,-0.00589517,1.52017,1.64173,0.294736,0.0315593,0.366078,0.000117118,6.59627e-05,2.9451e-05,-0.000264737,-0.00538902,-0.0175433,0.0121542,40,0,0.0496909
2025-10-01 00:00:00+00:00,-0.0021561,1.51689,1.70809,0.271413,0.0197715,0.455529,0.000145715,8.82983e-05,2.71149e-05,-9.80939e-05,-0.00172425,0.0373326,-0.0390569,40,0,0.0481127
2025-10-02 00:00:00+00:00,0.0210714,1.54885,1.78869,0.29848,0.0125446,1.29472,0.000414551,0.000143328,9.79381e-05,-7.14127e-05,0.0216672,0.0515388,-0.0298831,40,0,0.0488978
2025-10-03 00:00:00+00:00,-0.000375788,1.54827,1.27241,0.11816,-0.00343651,3.06486,0.000989994,0.000273104,0.000394579,0.000433729,0.000919633,0.00719471,-0.00630872,40,1,0.0515079
2025-10-04 00:00:00+00:00,0.00340994,1.55355,1.36206,0.165908,-0.000659454,1.80611,0.000577906,0.000105073,0.000127774,-0.000257892,0.0045254,-0.0114478,0.0159724,40,0,0.0527463
2025-10-05 00:00:00+00:00,0.00188503,1.55648,1.44792,0.202266,0.00316555,1.76532,0.000565031,0.00012265,0.000109153,-5.33346e-05,0.00278539,-0.00279113,0.00557718,40,0,0.05278
2025-10-06 00:00:00+00:00,0.0108513,1.57337,1.15801,0.166963,0.0157699,4.46409,0.00142912,0.000492532,0.000356539,0.000110057,0.0129902,0.0210591,-0.0080845,38.4792,0,0.0560203
2025-10-07 00:00:00+00:00,0.0301747,1.62085,1.13592,0.186259,-0.00389078,2.22536,0.000712644,0.000370458,0.00013303,7.66391e-06,0.0309725,-0.00768155,0.0386542,35.125,0,0.0581579
2025-10-08 00:00:00+00:00,-0.00991344,1.60478,1.17813,0.0779627,0.00832873,3.14113,0.00100495,0.000409597,0.000201958,0.000104546,-0.00841706,0.00230171,-0.0107186,36.7083,0,0.0596532
2025-10-09 00:00:00+00:00,0.00738743,1.61663,1.03801,0.0923392,0.00492499,2.50742,0.00080254,0.000345156,0.000121542,0.000264088,0.00840335,-0.0173403,0.0257435,33.9792,0,0.0595216
2025-10-10 00:00:00+00:00,0.0198179,1.64867,1.45424,0.104022,9.70158e-05,3.15126,0.0010994,0.000477952,0.00242723,0.000982854,0.0239866,-0.197827,0.221821,36.6667,14,0.0586357
2025-10-11 00:00:00+00:00,0.00757878,1.66117,0.710108,0.0990585,-0.00291005,1.67292,0.000535484,0.00021628,0.000727456,0.00041984,0.00864601,0.00208066,0.0064505,40,0,0.0580547
2025-10-12 00:00:00+00:00,-0.00554033,1.65196,0.949876,0.0645267,-0.00664873,1.48014,0.000473613,0.00011345,0.000357265,-4.72417e-06,-0.0045724,0.0406351,-0.0451862,40,0,0.0577961
2025-10-13 00:00:00+00:00,-0.00353791,1.64612,1.0776,0.0221823,-0.00138217,1.48053,0.000473815,0.000203039,0.000260796,0.000128837,-0.00269232,0.0257929,-0.0285122,40,0,0.0570183
2025-10-14 00:00:00+00:00,-0.00582225,1.63653,1.12456,-0.0063222,0.00223365,0.914318,0.000292455,0.000139856,0.000106527,0.000182565,-0.00541231,-0.0243874,0.0188779,40,0,0.0552595
2025-10-15 00:00:00+00:00,0.00664826,1.64741,1.20795,-0.0718922,-0.004907,0.625414,0.0002002,4.57492e-05,7.55335e-05,-1.00148e-05,0.00699639,-0.0254573,0.0324465,40,0,0.0541548
2025-10-16 00:00:00+00:00,0.0124968,1.668,1.37832,-0.0777695,-0.000344099,2.0296,0.000649661,0.000211982,0.000239766,-6.33508e-05,0.0136376,-0.0205548,0.0340593,40,0,0.0562834
2025-10-17 00:00:00+00:00,-0.00102491,1.66629,1.16858,-0.0503234,0.000104794,2.76453,0.000884663,0.000453894,0.000318537,-0.000994053,0.00169336,-0.0102518,0.0120635,40,0,0.0572605
2025-10-18 00:00:00+00:00,-0.0100841,1.64949,1.15937,0.0360612,0.00999797,2.02428,0.000647653,0.000112468,0.000192049,0.000363318,-0.00951916,0.00608957,-0.0157062,40,0,0.0561488
2025-10-19 00:00:00+00:00,0.0058973,1.65922,1.2403,0.0579261,0.0138442,0.865159,0.000276922,4.53901e-05,6.29486e-05,0.00057967,0.00572251,0.016736,-0.0109929,40,0,0.0545268
2025-10-20 00:00:00+00:00,0.0113459,1.67804,1.64847,0.144025,0.021049,1.89785,0.000607559,0.000131004,0.000226548,0.000611098,0.0116841,0.0145561,-0.00285657,40,0,0.0539795
2025-10-21 00:00:00+00:00,-0.0133332,1.65567,1.48206,0.112373,0.0279136,2.92639,0.000936186,0.000169912,0.000213412,-7.02451e-05,-0.0119492,-0.0409128,0.0291888,40,0,0.0554281
2025-10-22 00:00:00+00:00,0.00528948,1.66443,1.24061,-0.0137958,0.02328,2.04473,0.000654447,0.000114718,0.000163052,-0.000489883,0.00675988,-0.0143887,0.0211002,40,0,0.0556721
2025-10-23 00:00:00+00:00,-0.0172678,1.63569,1.25085,0.0410232,0.0224908,1.47204,0.000470969,7.69016e-05,0.000102221,0.00020224,-0.0169321,0.00781345,-0.0248438,40,0,0.0542577
2025-10-24 00:00:00+00:00,-0.00995973,1.61939,1.50274,0.172409,0.0271792,0.844731,0.000270195,7.20143e-05,4.45164e-05,0.000345757,-0.00992903,0.00649039,-0.0163867,40,0,0.0509437
2025-10-25 00:00:00+00:00,-0.0179943,1.59025,1.68712,0.121808,0.00970091,0.762569,0.000243821,6.20048e-05,5.26205e-05,-0.00161783,-0.0161286,-0.00206083,-0.0140116,40,0,0.047613
2025-10-26 00:00:00+00:00,-0.0141255,1.56779,1.72515,0.107448,0.0297949,0.702577,0.000224797,8.97265e-05,5.72153e-05,-0.000439229,-0.013357,0.0289955,-0.0423445,40,0,0.0434863
2025-10-27 00:00:00+00:00,0.00372037,1.57362,1.40732,0.0574764,0.0481954,1.81419,0.000594047,0.000274426,0.000244975,-0.000158675,0.00508281,-0.0122184,0.0174035,39.8125,1,0.0426002
2025-10-28 00:00:00+00:00,0.00230977,1.57726,1.23661,0.00992639,-0.0103927,0.872325,0.000279148,0.000152064,8.72659e-05,3.50524e-05,0.00295184,-0.0088534,0.0117894,40,0,0.0420232
2025-10-29 00:00:00+00:00,-0.0034057,1.57189,1.32322,0.0379182,-0.0302249,0.434182,0.000138999,5.2875e-05,3.41281e-05,9.36006e-05,-0.00321625,0.00488513,-0.00809182,40,0,0.0431215
2025-10-30 00:00:00+00:00,0.0172595,1.59902,1.4057,0.0991598,-0.000544625,1.45752,0.000466534,0.000133521,0.000175386,-1.53009e-06,0.0179291,-0.0458522,0.0640784,40,0,0.045552
2025-10-31 00:00:00+00:00,-0.00577991,1.58977,1.52005,0.0286117,-0.0063966,1.39379,0.000445974,0.000135492,0.000149007,0.000219217,-0.00523858,0.0137409,-0.0189686,40,0,0.0482458
2025-11-01 00:00:00+00:00,-0.0153222,1.56542,1.679,0.0215098,-0.00585303,1.06808,0.000341623,0.000120281,9.56981e-05,-0.000129233,-0.0147026,0.00843587,-0.023298,40,0,0.044867
2025-11-02 00:00:00+00:00,0.00696377,1.57632,1.66125,0.0484348,0.00103176,0.751615,0.0002406,8.62632e-05,8.61238e-05,-5.5919e-05,0.00750326,-0.00240564,0.0095888,40,0,0.0419096
2025-11-03 00:00:00+00:00,-0.012013,1.55738,1.58268,-0.0587143,-0.00684714,1.82219,0.000594177,0.000127628,0.000241975,-0.000334114,-0.010675,-0.0850059,0.0744809,40,3,0.0437816
2025-11-04 00:00:00+00:00,0.00257655,1.56139,1.60346,-0.0931834,-0.0102415,1.13549,0.000366782,9.7574e-05,0.000125751,-0.000160179,0.00339411,-0.0332851,0.0364789,40,1,0.0438957
2025-11-05 00:00:00+00:00,-0.00477336,1.55394,1.63068,-0.017458,-0.0189915,1.30752,0.00041818,0.000121716,0.000169029,2.56881e-05,-0.00403276,0.0405538,-0.0444902,40,0,0.0445501
2025-11-06 00:00:00+00:00,-0.0292322,1.50852,1.35267,0.0145916,-0.00114767,1.49731,0.000482174,0.000119462,0.000172379,-0.000492673,-0.0283089,-0.0430936,0.0147777,40,1,0.0452793
2025-11-07 00:00:00+00:00,-0.0164762,1.48366,0.780734,0.0274069,0.00540938,2.81152,0.00091261,0.000227473,0.000254133,-0.000436651,-0.014642,0.0470138,-0.0617346,40,2,0.0414858
2025-11-08 00:00:00+00:00,-0.000234356,1.48331,0.567695,0.0427234,0.0097802,1.84936,0.000591812,0.000147771,0.000122889,2.54318e-05,0.000620196,-0.00640883,0.00702951,36.6875,0,0.0380696
2025-11-09 00:00:00+00:00,-0.00233864,1.47984,0.413519,0.0176386,0.00987661,1.69052,0.000540949,0.000172346,0.000108366,2.17187e-05,-0.00151742,0.00555937,-0.00707715,32.8125,0,0.0370508
2025-11-10 00:00:00+00:00,-0.0087372,1.46691,0.365368,0.0459624,0.0120324,1.64987,0.00052778,0.000253116,0.00016863,-6.22684e-05,-0.00773646,-0.00464331,-0.00244798,33.375,0,0.0354736
2025-11-11 00:00:00+00:00,0.00682206,1.47692,0.410887,0.0313464,0.0129943,1.61481,0.000516842,0.000277631,9.2332e-05,-6.6959e-05,0.00776228,-0.0125787,0.0203417,30.4167,0,0.0366768
2025-11-12 00:00:00+00:00,0.00325791,1.48173,0.456075,0.0547788,0.00666308,1.74836,0.000559541,0.000352511,9.67342e-05,5.83204e-05,0.00421405,-0.00226086,0.00647499,30.9583,0,0.0380877
2025-11-13 00:00:00+00:00,0.00649604,1.49136,0.494857,0.0480099,0.00636863,2.01161,0.000643825,0.000280154,0.000119007,-0.000182446,0.00771911,-0.00342607,0.0111455,33.5,0,0.0383023
2025-11-14 00:00:00+00:00,0.00589531,1.50015,0.63534,0.0331281,0.0106727,1.90398,0.000609364,0.000217385,0.00011056,-0.000771192,0.0076194,-0.00633644,0.0139553,38.2708,0,0.0406713
2025-11-15 00:00:00+00:00,-0.00257255,1.49629,0.557248,0.0233032,0.0137749,1.56811,0.000501743,0.000127706,7.18144e-05,-0.000414136,-0.00143893,0.00441657,-0.00585492,38.8125,0,0.0403174
2025-11-16 00:00:00+00:00,0.00423521,1.50263,0.604672,0.046733,0.0084019,1.79165,0.000573403,0.000138684,8.39957e-05,-0.000506447,0.00555434,-0.00741808,0.0129729,37.5417,0,0.041129
2025-11-17 00:00:00+00:00,-0.00574146,1.494,0.697423,0.0896076,0.0264639,2.12582,0.000680242,0.000113561,0.000155134,0.00068699,-0.00546205,-0.0077403,0.00241589,39.6667,0,0.0428288
2025-11-18 00:00:00+00:00,0.00576963,1.50262,0.613128,0.0672324,0.0184331,1.88968,0.000604843,0.000219842,0.000123591,0.00175191,0.00503856,0.0151836,-0.0101452,38.8333,0,0.0429007
2025-11-19 00:00:00+00:00,0.00605504,1.51172,0.725212,0.109977,0.00864715,1.03745,0.000332042,0.00016154,6.35277e-05,0.000906171,0.00571973,-0.000522087,0.00624192,39.3125,0,0.0436327
2025-11-20 00:00:00+00:00,-0.00908285,1.49799,0.622639,0.102297,0.0158432,2.01453,0.000647728,0.000267975,0.000142323,0.00151187,-0.00953452,-0.0219137,0.0123849,40,1,0.041918
2025-11-21 00:00:00+00:00,0.00633159,1.50747,0.521793,-0.0126378,-0.00237703,2.29035,0.000733094,0.000235167,0.000183088,-2.21287e-05,0.00756781,-0.00636677,0.0139372,33.1667,0,0.043531
2025-11-22 00:00:00+00:00,-0.0155571,1.48402,0.594524,0.00198865,-0.00109658,2.02054,0.000646428,0.000188299,0.000141251,-0.00111612,-0.0135382,-0.0164136,0.00287493,34.6875,0,0.0415341
2025-11-23 00:00:00+00:00,-0.00721744,1.47331,0.557362,0.0720296,0.00579988,2.12948,0.000681351,0.000154271,0.000128232,-0.000240648,-0.00600097,0.00615705,-0.0121582,34.5417,0,0.0387435
2025-11-24 00:00:00+00:00,-0.0048764,1.46613,0.445573,0.0744335,0.0128824,1.85034,0.00059207,0.000211993,0.000109129,0.000110328,-0.0040731,0.00574537,-0.00981881,34.6458,0,0.0363598
2025-11-25 00:00:00+00:00,-0.00436284,1.45973,0.324182,0.0582706,0.00514295,1.08849,0.000348291,0.000178979,6.21132e-05,0.000119974,-0.00388839,-0.000623173,-0.00326548,25.2917,0,0.0318536
2025-11-26 00:00:00+00:00,0.00141139,1.46179,0.33204,0.0369119,0.00558987,1.24425,0.000398188,0.000152799,6.31488e-05,0.000450627,0.00158815,0.00280639,-0.00121786,28.0208,0,0.0312468
2025-11-27 00:00:00+00:00,-0.00193815,1.45896,0.261566,0.0366552,0.00874988,1.0391,0.000332501,0.000175986,6.07843e-05,0.000625149,-0.00198993,-0.0034725,0.00148378,24.7292,0,0.030727
2025-11-28 00:00:00+00:00,0.00806597,1.47073,0.228025,0.00701697,0.00342389,1.23162,0.000394203,0.000351686,7.44723e-05,0.000104396,0.00875555,0.000430879,0.00832426,23.8542,0,0.0304309
2025-11-29 00:00:00+00:00,0.00370201,1.47617,0.196326,0.00330714,0.000335279,1.02466,0.000327928,0.000306002,6.79975e-05,1.88886e-05,0.00438604,-0.0011277,0.00551398,23.6042,0,0.03208
2025-11-30 00:00:00+00:00,0.00489165,1.48339,0.238617,0.0215083,-0.000601282,1.16308,0.000372237,0.000362998,6.80993e-05,4.68095e-05,0.00564021,-0.000630657,0.00627067,21.8542,0,0.0340961
2025-12-01 00:00:00+00:00,0.00405449,1.4894,0.361766,-0.00389264,-0.0109414,1.70073,0.000544328,0.000227168,0.000122346,-0.00010024,0.00505801,-0.00497528,0.0101545,30.3125,0,0.037721
2025-12-02 00:00:00+00:00,0.0115933,1.50667,0.570365,0.00296698,-0.00665391,2.14272,0.00068592,0.000219209,0.000143129,0.00032583,0.0122693,0.0205226,-0.00825239,39.1875,0,0.0402553
2025-12-03 00:00:00+00:00,-0.00830068,1.49417,0.681162,0.0599488,-0.00243407,1.84053,0.000592859,0.000185773,0.000177625,0.000102394,-0.00742374,0.0158221,-0.0231409,40,1,0.0417155
2025-12-04 00:00:00+00:00,0.0144603,1.51577,0.591644,0.0321608,-0.00966051,1.38478,0.000443293,0.000170698,0.000100823,-0.000178986,0.0152677,-0.0015371,0.016806,40,0,0.041202
2025-12-05 00:00:00+00:00,0.00773799,1.5275,0.9548,0.0265915,-0.0149502,0.509086,0.000162939,3.1384e-05,3.55671e-05,-7.5286e-06,0.00797014,-0.0180049,0.0259983,40,0,0.0433635
2025-12-06 00:00:00+00:00,0.0122643,1.54623,1.05673,-0.053948,-0.0187314,0.522992,0.000167402,3.03197e-05,4.23496e-05,-0.000473504,0.0129258,0.00842566,0.00450785,40,0,0.0451003
2025-12-07 00:00:00+00:00,0.0063453,1.55605,1.1993,0.0447061,-0.00366453,0.746451,0.000238931,4.97146e-05,4.80449e-05,-0.000182872,0.00687423,-0.00336216,0.0102245,40,0,0.047305
2025-12-08 00:00:00+00:00,-0.0119699,1.53742,1.14635,0.0892201,0.00545378,1.06228,0.000339835,8.04295e-05,0.000130923,-1.74221e-05,-0.0114098,0.00904871,-0.0206547,40,0,0.0461469
2025-12-09 00:00:00+00:00,-0.00832261,1.52462,1.36676,0.12573,0.0146482,0.452611,0.000144857,2.8395e-05,3.11926e-05,4.62987e-06,-0.00809267,0.025023,-0.0331405,40,0,0.0435349
2025-12-10 00:00:00+00:00,0.0105783,1.54075,1.36247,0.0699122,0.00761996,0.663632,0.000212367,4.26359e-05,4.4134e-05,7.15896e-05,0.0107895,-0.0209794,0.0317458,40,0,0.0420561
2025-12-11 00:00:00+00:00,0.00667207,1.55103,0.738856,-0.0510657,-0.000721294,2.27487,0.00072813,0.000142965,0.00014214,-0.000296112,0.0079826,-0.00977772,0.0177592,40,0,0.0432632
2025-12-12 00:00:00+00:00,0.0102575,1.56694,0.642224,-0.0300053,-0.009488,1.55848,0.000498874,7.77472e-05,9.84404e-05,-0.000129796,0.0110311,-0.000868291,0.0119005,35.2083,0,0.0433614
2025-12-13 00:00:00+00:00,-0.0013976,1.56475,0.370052,-0.0524322,-0.0212984,1.61627,0.000517177,9.93319e-05,7.9394e-05,-4.38329e-05,-0.000651425,0.00472098,-0.00537271,28,0,0.0437467
2025-12-14 00:00:00+00:00,0.00748254,1.57646,0.518432,-0.0772651,-0.0233118,1.20492,0.000385631,6.91734e-05,7.54509e-05,-0.000399763,0.00839064,-0.00689976,0.0153058,24.3333,0,0.0438981
2025-12-15 00:00:00+00:00,0.00878079,1.5903,0.70748,-0.0814709,-0.0277632,1.79763,0.000575337,0.000106372,0.00017887,1.74789e-05,0.0096143,-0.00332584,0.0125461,31.5625,0,0.044782
2025-12-16 00:00:00+00:00,0.00424163,1.59705,0.878523,-0.0486957,-0.026877,1.58087,0.000505894,9.50262e-05,0.000130973,0.000844089,0.00415494,0.00420249,-4.75577e-05,36.6458,0,0.0453197
2025-12-17 00:00:00+00:00,0.0153685,1.62159,0.777239,-0.0241767,-0.00657742,2.22926,0.000713692,0.000140177,0.000166367,0.00107085,0.0152494,-0.0123091,0.0275593,39.2708,0,0.0450028
2025-12-18 00:00:00+00:00,-0.0012927,1.6195,0.83576,-0.0177422,-0.00087128,1.67797,0.000537049,0.000113498,0.000187759,0.000414109,-0.000787722,-0.0214877,0.0206998,31,0,0.0470261
2025-12-19 00:00:00+00:00,-0.015928,1.5937,0.905693,-0.0242516,-0.00204639,1.11971,0.000368984,0.000120451,0.000306806,0.000123214,-0.0152769,0.0351757,-0.0504434,37.75,1,0.0453533
2025-12-20 00:00:00+00:00,-0.00313639,1.5887,0.545042,-0.0181276,-0.0103958,1.49153,0.000477271,0.000142371,0.000136052,0.000280262,-0.00264806,-0.00322865,0.000580482,40,0,0.0421797
2025-12-21 00:00:00+00:00,-0.00833983,1.57545,0.673267,-0.0766828,-0.0158519,1.00417,0.000323145,6.33931e-05,9.01369e-05,0.000420864,-0.00827422,-0.00985236,0.00157808,39.75,1,0.041875
2025-12-22 00:00:00+00:00,0.00820438,1.58838,0.774942,0.0497337,-0.00509946,0.87221,0.000279194,8.78545e-05,8.09141e-05,0.000385076,0.00828243,0.000620222,0.00768144,39.9792,0,0.0398077
2025-12-23 00:00:00+00:00,0.00261694,1.59254,0.589465,0.0258446,-0.0237086,1.59882,0.000511613,0.000240454,0.000118591,-1.6284e-05,0.00351851,-0.00664141,0.0101601,35.2708,0,0.0410857
2025-12-24 00:00:00+00:00,-0.0222822,1.55705,0.706945,0.0170928,-0.0301684,0.588314,0.00019584,0.000216709,8.82712e-05,-0.000501077,-0.0214959,-0.0143584,-0.00713756,29.125,2,0.0404721
2025-12-25 00:00:00+00:00,0.00446452,1.564,0.8166,0.0699984,-0.027425,0.199431,6.38536e-05,1.73742e-05,2.01817e-05,3.36555e-05,0.00455164,-0.00274094,0.00729258,33,0,0.0368883
2025-12-26 00:00:00+00:00,-0.00765439,1.55203,0.862851,0.0926107,-0.0244651,0.239629,7.66637e-05,3.48299e-05,2.65311e-05,0.000115159,-0.00763341,0.00584376,-0.0134772,34.4375,0,0.0355027
2025-12-27 00:00:00+00:00,-0.00635961,1.54216,0.859743,0.0939767,-0.0239275,0.160802,5.14467e-05,1.85414e-05,1.36061e-05,0.000156137,-0.00642139,0.00757965,-0.014001,35.2083,0,0.0320041
2025-12-28 00:00:00+00:00,0.005348,1.55041,0.80626,0.10184,-0.0242566,0.230718,7.38662e-05,2.33092e-05,1.98642e-05,0.000494892,0.00497136,-0.00137844,0.00634981,36,0,0.0305529
2025-12-29 00:00:00+00:00,0.0107769,1.56712,0.89368,0.150699,0.00677741,0.50501,0.000161534,3.25586e-05,9.93605e-05,0.000547257,0.0104975,0.00357757,0.00715718,36.5625,0,0.0324608
2025-12-30 00:00:00+00:00,0.00536944,1.57553,0.993106,0.106139,-0.00774823,0.303913,9.72739e-05,2.4546e-05,3.00415e-05,0.00021398,0.00531347,0.00199479,0.00331868,38.4583,0,0.0350841
2025-12-31 00:00:00+00:00,-0.0219394,1.54096,1.08494,0.0971965,-0.0262003,0.292507,9.79007e-05,0.000154892,7.64442e-05,0.000571184,-0.0222164,-0.0154104,-0.00679672,39.9792,1,0.0347823
2026-01-01 00:00:00+00:00,-0.00112512,1.53923,1.09705,0.101082,-0.0254342,0.315508,0.000100985,2.23694e-05,2.9029e-05,0.000394401,-0.0013189,0.0228394,-0.0241582,40,0,0.0342732
2026-01-02 00:00:00+00:00,-0.0227926,1.50415,1.01886,0.120033,-0.0125732,0.631963,0.000202068,8.09649e-05,4.41966e-05,0.00035427,-0.0230329,0.0108251,-0.0337942,40,0,0.0312406
2026-01-03 00:00:00+00:00,0.00333342,1.50916,0.545718,0.0426648,-0.00357371,0.890629,0.000285695,8.58537e-05,4.95825e-05,0.000106935,0.00366072,0.00560464,-0.00197896,40,1,0.028432
2026-01-04 00:00:00+00:00,-0.00879405,1.49589,0.286215,-0.00887838,-0.00795216,1.01555,0.000325108,8.98512e-05,6.24409e-05,-0.000464237,-0.00788146,0.00199549,-0.00987653,39.9792,1,0.0272824
2026-01-05 00:00:00+00:00,0.00391653,1.50175,0.241393,0.00133866,0.000830029,1.00495,0.000323574,0.000117356,7.48218e-05,-0.000554584,0.00499295,0.000984917,0.0040016,35.5833,2,0.0254488
2026-01-06 00:00:00+00:00,0.000500866,1.5025,0.176449,0.00238976,0.0048764,0.656298,0.000210018,0.000147454,4.03099e-05,-0.000273672,0.00117488,0.000138647,0.00103588,31.2292,0,0.0254206
2026-01-07 00:00:00+00:00,0.00253037,1.5063,0.200162,-0.0432244,-0.0128353,0.615983,0.000197127,7.90773e-05,6.88352e-05,-0.000697609,0.00357578,-0.00311971,0.00669565,34.5625,0,0.0234365
2026-01-08 00:00:00+00:00,-0.00708444,1.49563,0.174945,-0.0467859,-0.00916213,0.567667,0.00018163,7.25482e-05,4.7841e-05,-0.000692869,-0.00610565,-0.00220842,-0.00389759,32.5417,0,0.0229818
2026-01-09 00:00:00+00:00,0.000241757,1.49599,0.106935,-0.0338746,-0.0133877,0.489033,0.000156494,6.11207e-05,3.9763e-05,-0.000192431,0.000694439,0.00099026,-0.000296696,23.5208,0,0.0225525
2026-01-10 00:00:00+00:00,-0.0010205,1.49447,0.0925819,-0.0298166,-0.010125,0.498669,0.000159569,0.000113552,4.71113e-05,-0.000453293,-0.000243112,-0.000589835,0.000346463,17.6667,0,0.0227646
2026-01-11 00:00:00+00:00,0.000344203,1.49498,0.0592912,-0.0133181,-0.00808504,0.291505,9.32827e-05,6.24385e-05,2.91345e-05,0.000208292,0.000321519,0.00105427,-0.000732465,12.7292,0,0.0229512
2026-01-12 00:00:00+00:00,0.00112747,1.49667,0.102586,-0.0258122,-0.00406403,0.532246,0.000170326,0.000107361,5.03798e-05,-9.94685e-07,0.00145985,-0.00155481,0.00298186,16.2917,0,0.0231179
2026-01-13 00:00:00+00:00,-0.00224667,1.4933,0.118035,-0.0242683,-0.000459669,0.518571,0.000165934,7.55192e-05,3.70263e-05,2.28145e-06,-0.00196653,0.00217691,-0.00414323,17.2083,0,0.022435
2026-01-14 00:00:00+00:00,-0.00133529,1.49131,0.0914098,-0.00994031,-0.0016298,0.508997,0.000162865,8.61216e-05,3.74862e-05,-2.09426e-05,-0.00101011,0.00154724,-0.00255737,17.5208,0,0.0220717
2026-01-15 00:00:00+00:00,0.00217894,1.49456,0.0899791,-0.0290902,-0.00871985,0.520865,0.000166684,7.6381e-05,3.48888e-05,-7.01849e-05,0.00252751,-0.000685795,0.00321269,18.5833,0,0.0219351
2026-01-16 00:00:00+00:00,0.000656435,1.49554,0.064063,-0.02252,-0.00955355,0.357708,0.00011447,1.90241e-05,2.67149e-05,-5.6234e-05,0.000873157,0.00124405,-0.00037053,18.5625,0,0.0178273
2026-01-17 00:00:00+00:00,-0.0014665,1.49335,0.0572078,-0.0173514,-0.00687972,0.292659,9.36483e-05,1.39706e-05,2.33862e-05,5.08935e-05,-0.00138604,-0.00121993,-0.000166154,14.9792,0,0.0177772
2026-01-18 00:00:00+00:00,0.000159007,1.49358,0.0565846,-0.014651,-0.00052368,0.271675,8.69349e-05,2.18047e-05,1.5445e-05,-1.79178e-05,0.000301977,-0.00082019,0.00112174,11.5625,0,0.0166622
2026-01-19 00:00:00+00:00,0.00259219,1.49746,0.0671732,-0.0223969,-0.0121696,0.374791,0.000119961,5.13157e-05,3.19193e-05,-5.05253e-05,0.00284577,3.87037e-05,0.00280728,16.2292,0,0.0174741
2026-01-20 00:00:00+00:00,0.00295859,1.50189,0.0759168,-0.0097893,-0.0081177,0.334968,0.000107198,4.45329e-05,3.02705e-05,5.48098e-05,0.0030829,-0.000325813,0.00340885,21.125,0,0.0181162
2026-01-21 00:00:00+00:00,-0.00348986,1.49665,0.0810413,-0.00838044,-0.00664,0.362116,0.000115866,4.1608e-05,2.77142e-05,0.00026794,-0.00357269,0.00202731,-0.0055996,19.3958,0,0.0174026
2026-01-22 00:00:00+00:00,0.00326969,1.50154,0.0831577,0.000294184,-0.00123767,0.379672,0.000121505,2.48898e-05,3.69461e-05,0.000804227,0.00264709,0.00259004,5.68908e-05,17.2083,0,0.0171762
2026-01-23 00:00:00+00:00,-0.00120588,1.49973,0.104458,-0.00747091,0.00265626,0.446851,0.000142989,3.3651e-05,3.40373e-05,-9.1728e-05,-0.00090127,-0.000219753,-0.000681625,19.5833,0,0.0174348
2026-01-24 00:00:00+00:00,-0.000339076,1.49922,0.0701626,-0.00684615,-0.00621189,0.285701,9.14251e-05,2.38681e-05,1.86203e-05,2.96066e-05,-0.000233746,0.00112865,-0.00136179,20.1458,0,0.0162226
2026-01-25 00:00:00+00:00,-0.00160129,1.49682,0.0319343,0.000633159,-0.00368383,0.181982,5.82331e-05,1.04168e-05,1.58504e-05,-0.000215899,-0.00130104,-0.00196401,0.000663036,16.0417,0,0.013935
2026-01-26 00:00:00+00:00,0.00265175,1.50079,0.0506702,0.00669623,-0.00330975,0.29125,9.3207e-05,2.56241e-05,2.40343e-05,0.000522401,0.0022709,0.00273054,-0.000477226,14.5625,0,0.0151581
2026-01-27 00:00:00+00:00,-0.00370463,1.49523,0.0501831,-0.00368506,-0.0130909,0.261799,8.37691e-05,4.39134e-05,1.88933e-05,0.000646477,-0.00420951,-0.000182226,-0.00402671,16.3125,0,0.0141516
2026-01-28 00:00:00+00:00,-0.000843987,1.49397,0.035783,0.00243826,-0.00595022,0.218975,7.08069e-05,1.16376e-05,1.637e-05,0.000388421,-0.00113285,-0.00064568,-0.000486124,12.3542,2,0.0122359
2026-01-29 00:00:00+00:00,0.00122455,1.4958,0.0351379,0.00905667,0.00239896,0.231697,7.41457e-05,2.20607e-05,1.82091e-05,0.000188179,0.00115084,-0.00084422,0.00199503,11.4375,0,0.0140019
2026-01-30 00:00:00+00:00,0.000706757,1.49685,0.0654414,-0.00525885,-0.00799954,0.348441,0.000111503,4.33625e-05,3.06611e-05,-0.000131566,0.00102572,0.00047686,0.000548987,16.9792,0,0.0153811
2026-01-31 00:00:00+00:00,0.00281387,1.50107,0.0825119,0.0149177,0.000480451,0.415372,0.000132932,5.74633e-05,4.0331e-05,5.20245e-05,0.00299145,-0.00394743,0.00693903,20.875,0,0.018586
2026-02-01 00:00:00+00:00,-0.000644519,1.5001,0.128673,0.0203223,0.00270499,0.595943,0.000190707,5.24236e-05,4.34108e-05,0.000426944,-0.000781833,-0.00300218,0.00221973,27.8542,1,0.0201334
2026-02-02 00:00:00+00:00,0.00459939,1.507,0.148962,0.0305154,0.000350082,0.607353,0.000194379,8.16587e-05,5.06338e-05,0.00106495,0.00385695,0.00343109,0.000307946,27.1667,0,0.0222997
2026-02-03 00:00:00+00:00,0.00453281,1.51383,0.191208,0.0384712,-0.000360378,0.37814,0.000121008,5.49188e-05,3.49827e-05,0.00177155,0.00296753,-0.00271517,0.0056826,25.0208,0,0.0246002
2026-02-04 00:00:00+00:00,0.00317163,1.51863,0.291313,0.0316857,0.00123315,0.153771,4.92063e-05,2.18596e-05,1.79129e-05,0.00231802,0.000945549,-0.00258194,0.00352749,26.3958,0,0.0263917
2026-02-05 00:00:00+00:00,0.00578177,1.52741,0.331362,0.0292941,-0.00319885,0.226716,7.25999e-05,2.03368e-05,3.88144e-05,0.00301873,0.00289704,-0.0204194,0.0233165,27.125,0,0.0286234
2026-02-06 00:00:00+00:00,-0.0202498,1.49648,0.370493,0.00735042,-0.000906687,0.572418,0.000182878,9.38243e-05,0.00010213,0.000941032,-0.0209394,0.0105187,-0.0314581,29.8125,1,0.0286219
2026-02-07 00:00:00+00:00,0.0035164,1.50174,0.207622,-0.00397409,-0.00418248,0.826616,0.000264543,0.000201332,6.49681e-05,0.000991321,0.00305375,-0.00264546,0.00569911,32.1458,0,0.0282365
2026-02-08 00:00:00+00:00,-0.00487185,1.49443,0.172816,-0.0114951,-0.00725502,0.701682,0.000228291,0.000123718,5.61742e-05,0.00146613,-0.00593107,0.000660514,-0.00659133,30.5833,1,0.0297277
2026-02-09 00:00:00+00:00,-0.001705,1.49188,0.142352,-0.0225932,-0.00860635,0.693332,0.000221866,0.000118922,4.44222e-05,-2.60067e-05,-0.0012925,-0.00141843,0.000125973,23.2083,0,0.0277596
2026-02-10 00:00:00+00:00,-0.00290368,1.48755,0.11136,-0.0133114,-0.00575558,0.549822,0.000176408,7.91091e-05,2.61212e-05,-0.000390159,-0.00223113,-0.000535155,-0.00169617,22.375,1,0.0281375
2026-02-11 00:00:00+00:00,-0.00531796,1.47964,0.105401,-0.0200816,-0.00889987,0.643505,0.000207577,6.49189e-05,4.82769e-05,-0.000431232,-0.00457052,-0.00116238,-0.00340756,18.0833,1,0.0289066
2026-02-12 00:00:00+00:00,-0.00994382,1.46492,0.161942,-0.0028674,-0.00992633,0.806727,0.000262541,0.00010023,8.67532e-05,-0.00071711,-0.00881198,-1.00287e-05,-0.00880193,20.5833,1,0.0275603
2026-02-13 00:00:00+00:00,0.00380774,1.4705,0.186768,0.0198934,0.00191738,0.972535,0.000311234,0.000131376,6.70881e-05,-1.66111e-05,0.00433576,0.00594817,-0.00161235,22.1042,0,0.0277535
2026-02-14 00:00:00+00:00,-0.00496765,1.4632,0.177831,0.00950804,-0.000971472,0.908108,0.000290573,0.000119254,6.0826e-05,-6.03489e-05,-0.00443802,0.00450788,-0.00894667,21.9792,0,0.0265558
2026-02-15 00:00:00+00:00,0.00506472,1.47061,0.206862,0.00144061,-0.00307217,1.11234,0.000355999,0.000155452,5.99593e-05,-0.00072852,0.00635476,-0.000426176,0.00678106,26.3333,0,0.0274001
2026-02-16 00:00:00+00:00,0.00487084,1.47777,0.292237,-0.0136896,-0.00420903,1.56326,0.000500325,0.000188636,0.000109162,-0.000956085,0.00662205,0.00299216,0.00362839,30.4167,0,0.0305589
2026-02-17 00:00:00+00:00,-0.00549816,1.46964,0.273553,0.00253152,0.00190552,1.08553,0.000347332,9.86767e-05,5.36967e-05,-0.000843236,-0.00415919,-0.00360333,-0.000555832,28.3333,0,0.0315535
2026-02-18 00:00:00+00:00,-0.00777071,1.45822,0.221925,-0.0148792,-0.00602301,0.888497,0.000284245,5.55907e-05,4.54046e-05,-0.000460382,-0.00693115,-0.002016,-0.00491532,18.8333,0,0.0290091
2026-02-19 00:00:00+00:00,-0.00117997,1.4565,0.188052,-0.02339,-0.00455974,0.913521,0.000292311,0.000108048,4.42837e-05,-0.000521534,-0.000207585,0.000361768,-0.000568987,21.2917,0,0.0287633
2026-02-20 00:00:00+00:00,0.000343282,1.457,0.183694,-0.0176352,-0.0135353,0.943977,0.000302373,0.000102773,6.43012e-05,-0.000680802,0.0014985,0.00287434,-0.00137663,20.8542,1,0.028764
2026-02-21 00:00:00+00:00,0.00429148,1.46326,0.137716,-0.0122875,-0.0145013,0.813076,0.000260213,0.000122785,4.86768e-05,-0.000222105,0.00493983,0.00288378,0.00205617,19.3333,0,0.0292615
2026-02-22 00:00:00+00:00,8.69808e-05,1.46338,0.13204,-0.0211904,-0.0150732,0.63765,0.000204053,0.000108164,2.92566e-05,-3.90376e-05,0.000468814,-0.00172629,0.00219615,17.6458,0,0.0309875
2026-02-23 00:00:00+00:00,-0.00745037,1.45248,0.201477,-0.0282726,-0.00921334,1.20915,0.000386883,0.000160844,0.000121859,-0.000251262,-0.00655006,-0.00528072,-0.00140215,18.8958,0,0.0321245
2026-02-24 00:00:00+00:00,0.00280201,1.45655,0.160786,0.00299384,-0.00642005,0.624732,0.00019993,0.000100791,4.20919e-05,-0.000105484,0.00325258,-0.000510826,0.00376334,15.4792,0,0.0311371
2026-02-25 00:00:00+00:00,0.00256501,1.46029,0.201435,0.0264283,-0.00156528,0.968002,0.000309796,0.000137207,7.38881e-05,0.00073476,0.00235512,0.00746775,-0.00511237,19.7917,0,0.0316298
2026-02-26 00:00:00+00:00,-0.00218048,1.4571,0.222104,-0.0118245,-0.00457291,1.04734,0.000338972,0.000120581,7.63975e-05,0.00115304,-0.00279139,-0.00215994,-0.000630727,23.5625,1,0.0316766
2026-02-27 00:00:00+00:00,0.000441209,1.45775,0.198133,-0.027547,-0.0179059,0.900319,0.00028922,9.23206e-05,6.19328e-05,0.000533667,0.000359281,-0.00326831,0.00362795,23.3125,1,0.0310768
2026-02-28 00:00:00+00:00,-0.00573061,1.44939,0.17439,-0.00831081,-0.0103233,0.760063,0.0002432,5.24711e-05,5.63154e-05,0.000306184,-0.00569092,0.000728466,-0.00642093,19.4583,0,0.0310986
2026-03-01 00:00:00+00:00,-0.000383716,1.44884,0.14883,-0.0101647,-0.0114191,0.727266,0.00023273,0.000102102,6.1978e-05,0.000102288,-8.17153e-05,0.000594724,-0.000676515,18.8333,0,0.028683
2026-03-02 00:00:00+00:00,0.00133418,1.45077,0.109789,-0.0149606,-0.00843881,0.762536,0.000244029,0.00010639,9.22402e-05,7.42511e-05,0.00170496,0.00164923,0.000113194,16.4583,0,0.0277525
2026-03-03 00:00:00+00:00,-0.00287384,1.4466,0.115111,-0.0156388,-0.00687206,0.607892,0.000195487,4.61463e-05,4.30945e-05,5.91142e-05,-0.00264893,-0.00160943,-0.00103916,15.2292,1,0.0268056
2026-03-04 00:00:00+00:00,0.000642323,1.44753,0.137165,-0.000756968,-0.0028012,0.768459,0.000245913,7.45612e-05,4.65146e-05,7.78113e-05,0.000934176,0.00128439,-0.00034973,16.8333,0,0.0261521
2026-03-05 00:00:00+00:00,0.00254765,1.45122,0.146669,0.012433,0.00106657,0.838331,0.000268287,9.43496e-05,5.59732e-05,2.79955e-05,0.0029364,0.00100532,0.00193071,18.25,0,0.0294878
2026-03-06 00:00:00+00:00,-0.00942393,1.43754,0.13424,-0.0344585,-0.00680927,0.565345,0.00018086,5.69284e-05,4.73829e-05,-0.000434127,-0.00873998,-0.00481575,-0.00392392,14.875,0,0.0293117
2026-03-07 00:00:00+00:00,-0.00289483,1.43338,0.107588,-0.0385327,-0.0125935,0.509576,0.000163046,4.9071e-05,4.05609e-05,-0.000149426,-0.00248704,-0.000760857,-0.00172694,13.6875,0,0.0274855
2026-03-08 00:00:00+00:00,-0.00047236,1.4327,0.127729,-0.0403462,-0.00817947,0.342041,0.000109452,1.39973e-05,1.77415e-05,0.000133571,-0.000463382,-0.00139663,0.000932387,10.4583,0,0.0268819
2026-03-09 00:00:00+00:00,-0.00300414,1.4284,0.151358,0.0273951,0.0020269,0.792365,0.000253552,4.3382e-05,5.27182e-05,-6.12074e-05,-0.00259478,0.000627775,-0.0032229,15.5625,0,0.0265308
2026-03-10 00:00:00+00:00,0.0026414,1.43217,0.106919,0.00995492,-0.00353185,0.503243,0.000161048,3.68231e-05,2.8743e-05,0.000208357,0.0026599,0.00312502,-0.000465187,13.375,0,0.0252495
2026-03-11 00:00:00+00:00,-0.000626722,1.43127,0.100889,0.00245414,-0.00376657,0.485119,0.00015524,5.02613e-05,3.16115e-05,0.000144747,-0.000532067,-0.00151103,0.000978961,14.6667,0,0.027135
2026-03-12 00:00:00+00:00,-0.00221681,1.4281,0.103266,-0.00456416,-0.00480046,0.462907,0.000148134,2.18036e-05,3.17344e-05,-8.69261e-05,-0.00192624,-0.000103866,-0.00182231,12.3542,0,0.0269795
2026-03-13 00:00:00+00:00,-0.0018388,1.42547,0.0814709,-0.0039702,-0.00352174,0.435956,0.000139502,4.27819e-05,2.56605e-05,-0.000119228,-0.00151005,-0.0011207,-0.000389345,11.625,0,0.0244124
2026-03-14 00:00:00+00:00,0.000582112,1.4263,0.0997448,-0.0172653,-0.00459179,0.438692,0.000140375,3.79511e-05,2.78929e-05,-0.000411238,0.00120353,0.00102511,0.00017847,12.7292,0,0.0255193
2026-03-15 00:00:00+00:00,-0.00101086,1.42486,0.11047,0.00559732,-0.00183573,0.449861,0.00014395,3.66958e-05,2.55892e-05,-0.000109449,-0.000693615,-0.00127881,0.000584922,12.875,0,0.0253725
2026-03-16 00:00:00+00:00,-0.00446053,1.41851,0.119963,0.0203259,-0.00541828,0.632399,0.000202351,4.74338e-05,3.07555e-05,7.81294e-05,-0.00426319,0.000733715,-0.00499657,16,0,0.0235559
2026-03-17 00:00:00+00:00,0.00192741,1.42124,0.102758,-0.00463493,0.00174796,0.667875,0.000213732,7.33466e-05,4.50051e-05,8.3139e-06,0.00225234,-0.000128647,0.00238085,16.9792,0,0.0248868
2026-03-18 00:00:00+00:00,0.000152747,1.42146,0.0944654,-0.0262789,-0.00703724,0.612622,0.000196044,6.43586e-05,4.81038e-05,-0.000582068,0.00104549,-0.000923215,0.00196833,16.4375,0,0.0261706
2026-03-19 00:00:00+00:00,-0.00386163,1.41597,0.10919,-0.0454443,-0.00986882,0.520424,0.000166525,5.86498e-05,3.82634e-05,-0.00100172,-0.00260066,-0.000781312,-0.00182043,15.3125,0,0.0254023
2026-03-20 00:00:00+00:00,0.000402146,1.41654,0.0928593,-0.0321365,-0.00450216,0.478406,0.000153092,6.83578e-05,3.15899e-05,0.000275803,0.000380917,0.000543093,-0.000162472,15.7292,0,0.0246387
2026-03-21 00:00:00+00:00,0.000262153,1.41691,0.150571,-0.0309549,-0.00609048,0.652517,0.000208803,3.87185e-05,3.97351e-05,0.00046682,8.5103e-05,-0.00160275,0.00168783,15.0625,0,0.0255054
2026-03-22 00:00:00+00:00,-0.00148844,1.4148,0.0822427,-0.036599,-0.0108204,0.298941,9.56566e-05,1.68824e-05,1.81331e-05,0.000305873,-0.00166345,-0.000344566,-0.00131939,10.125,0,0.0229586
2026-03-23 00:00:00+00:00,-0.0013822,1.41284,0.0988937,0.00586503,-0.00262922,0.464394,0.000148602,3.63584e-05,2.78597e-05,7.75849e-06,-0.00117564,-0.000610998,-0.000567098,10.6042,0,0.0231926
2026-03-24 00:00:00+00:00,0.000823969,1.41401,0.0719616,-0.00255655,-0.00285328,0.405201,0.00012967,4.24524e-05,2.40564e-05,3.01271e-05,0.000991026,0.000913749,7.7582e-05,11.3333,0,0.0228825
2026-03-25 00:00:00+00:00,0.000244029,1.41435,0.063091,0.0126001,-0.00346517,0.416082,0.000133148,3.79048e-05,2.25836e-05,0.000159323,0.000278696,0.000489775,-0.000211804,11.4167,0,0.0219608
2026-03-26 00:00:00+00:00,0.000305955,1.41479,0.0681517,-0.0119384,-0.0111549,0.273102,8.73912e-05,2.14022e-05,1.3479e-05,-1.47863e-05,0.000445712,-0.00201912,0.00246477,10.3333,0,0.0222012
2026-03-27 00:00:00+00:00,0.00184928,1.4174,0.0599697,-0.0129044,-0.00798922,0.370138,0.000118452,3.8962e-05,2.1988e-05,-1.49641e-05,0.00204471,-0.000122922,0.00216809,11.5,0,0.0234113
2026-03-28 00:00:00+00:00,-0.000995174,1.41599,0.0530441,-0.00987309,-0.00492971,0.275126,8.80343e-05,2.89848e-05,1.55514e-05,-4.72384e-05,-0.000814282,0.000209575,-0.001024,9.41667,0,0.0215447
2026-03-29 00:00:00+00:00,-0.000159157,1.41577,0.0613909,-0.00915296,-0.0128353,0.3538,0.000113218,4.5445e-05,2.02689e-05,-0.000229233,0.000249535,-0.000445486,0.000694821,9.9375,0,0.0225479
2026-03-30 00:00:00+00:00,0.00264755,1.41952,0.0697033,-0.00200264,0.0113405,0.372341,0.000119157,3.011e-05,2.15213e-05,0.0001591,0.00265723,0.00253741,0.000120049,10.9167,0,0.0220927
2026-03-31 00:00:00+00:00,-0.000511802,1.41879,0.0782217,0.00569734,0.00707691,0.351383,0.000112441,2.46839e-05,1.76036e-05,0.000329116,-0.00068289,-0.000112256,-0.000570635,10.2292,0,0.0205574
2026-04-01 00:00:00+00:00,0.00109286,1.42034,0.102386,0.0399584,0.00953342,0.38727,0.00012544,2.12758e-05,2.69171e-05,-8.7337e-06,0.00127883,0.0044298,-0.00315082,10.9792,1,0.022212
2026-04-02 00:00:00+00:00,-0.00414828,1.41445,0.075357,-0.0146297,-0.00126587,0.419118,0.000135127,4.33332e-05,3.87767e-05,0.000104024,-0.00403559,-0.00138145,-0.0026542,11.5625,1,0.0219862
2026-04-03 00:00:00+00:00,0.000372095,1.41497,0.0520297,-0.0088287,0.0059933,0.230498,7.376e-05,3.11258e-05,1.5376e-05,0.000368325,0.000125721,-0.000314968,0.000436896,7.9375,0,0.0204806
2026-04-04 00:00:00+00:00,-0.000469508,1.41431,0.0577305,-0.0246689,0.000344039,0.297626,9.52402e-05,3.27158e-05,2.34189e-05,-0.000417179,0.000100002,0.000391344,-0.000291439,10.7292,0,0.0206515
2026-04-05 00:00:00+00:00,0.00110537,1.41587,0.0454195,-0.0156953,2.09905e-05,0.273451,8.75065e-05,2.7955e-05,2.02855e-05,-0.000130042,0.00137124,0.000396001,0.000975032,10.0625,0,0.0219282
2026-04-06 00:00:00+00:00,-0.00170908,1.41345,0.0631975,0.00737149,0.00931568,0.32852,0.000105123,2.82613e-05,1.47378e-05,0.000156414,-0.00171797,-0.00187205,0.000153741,11.4792,0,0.0236411
2026-04-07 00:00:00+00:00,0.00161864,1.41574,0.0556616,-0.0179917,-0.00527794,0.310603,9.93963e-05,3.63648e-05,2.39947e-05,-0.000169232,0.00194751,0.00149766,0.000449537,10.125,0,0.0241624
2026-04-08 00:00:00+00:00,0.000725847,1.41677,0.0932209,-0.0102041,-0.00832075,0.474552,0.000151859,3.01924e-05,3.49303e-05,2.31903e-05,0.000920653,-0.00193273,0.00285254,11.4792,0,0.0246069
2026-04-09 00:00:00+00:00,0.00203383,1.41965,0.0906245,-0.0290212,-0.00538358,0.461348,0.000147643,3.86524e-05,3.93514e-05,-3.20431e-05,0.00229078,0.0018055,0.0004853,13.8125,0,0.0260838
2026-04-10 00:00:00+00:00,0.00301601,1.42393,0.137318,-0.0120377,-0.00550457,0.660953,0.000211523,5.11142e-05,5.28057e-05,6.81327e-05,0.00326341,0.000804439,0.00245909,16.5833,0,0.0272403
2026-04-11 00:00:00+00:00,0.000380978,1.42447,0.135914,-0.0189703,-0.0111184,0.532666,0.000170456,5.15514e-05,3.45315e-05,0.000128456,0.000512106,0.00154155,-0.00102932,15.2292,0,0.0292137
2026-04-12 00:00:00+00:00,-0.00043915,1.42385,0.131352,-0.0476449,-0.00830509,0.553835,0.000177224,4.63225e-05,3.28284e-05,0.000150612,-0.00032965,-0.00173722,0.00140725,14.3333,0,0.0301498
2026-04-13 00:00:00+00:00,0.00316672,1.42836,0.136937,-0.0421194,-0.00712622,0.734444,0.000235039,7.07176e-05,7.1624e-05,0.000261858,0.00328352,0.00369067,-0.000416879,17.4375,0,0.0308457
2026-04-14 00:00:00+00:00,0.00378285,1.43376,0.147644,-0.0237001,0.00961545,0.67663,0.000216546,3.47372e-05,5.01405e-05,0.00126835,0.00282,0.00263177,0.000187847,18.7917,0,0.0315853
2026-04-15 00:00:00+00:00,0.00473177,1.44054,0.241298,-0.0400354,0.00774497,1.01287,0.000324173,6.22008e-05,7.07032e-05,0.000840573,0.00435246,-0.000643513,0.00499586,21.25,0,0.034225
2026-04-16 00:00:00+00:00,-0.00335744,1.43571,0.194248,-0.0278062,-0.00752891,1.03039,0.000329717,0.00010792,7.48822e-05,0.000345604,-0.00317487,0.00726247,-0.0104369,21.9792,0,0.0335791
2026-04-17 00:00:00+00:00,0.00438227,1.442,0.163454,-0.0137663,-0.00583552,0.846037,0.000270755,0.000119257,5.8226e-05,0.000290833,0.00453816,0.0019895,0.00254947,20.2292,0,0.0317642
2026-04-18 00:00:00+00:00,-0.00588725,1.43351,0.17135,-0.0537783,-0.00359299,0.853593,0.000273821,9.83139e-05,6.58937e-05,0.000356208,-0.00580161,-0.0131955,0.00739364,19.8958,1,0.0313989
2026-04-19 00:00:00+00:00,4.13144e-05,1.43357,0.147835,-0.035413,-0.0108225,0.888638,0.000285333,7.83614e-05,6.49987e-05,-2.85658e-05,0.000503793,-0.00568695,0.00619032,20.5625,2,0.0304406
2026-04-20 00:00:00+00:00,0.0067498,1.44325,0.239555,0.0225762,0.00488481,1.10308,0.000353225,6.25663e-05,8.07333e-05,0.000109238,0.00712318,0.00594395,0.00117707,22.6667,1,0.0313168
2026-04-21 00:00:00+00:00,-0.000604434,1.44237,0.162915,-0.0318082,-0.00606912,0.798061,0.000256151,6.49256e-05,5.54468e-05,7.74132e-05,-0.000301465,0.0011009,-0.00140313,18.0625,2,0.0324396
2026-04-22 00:00:00+00:00,-0.0033498,1.43754,0.228002,-0.00734843,-0.000288253,0.713095,0.000228174,5.03189e-05,4.24192e-05,0.000110028,-0.00313926,-0.00180639,-0.00133252,15.875,0,0.0331237
2026-04-23 00:00:00+00:00,0.00319211,1.44213,0.195111,-0.0326309,-0.00566614,0.831945,0.000266238,9.30254e-05,5.27551e-05,4.29255e-05,0.00356074,0.00304579,0.000514152,17.3125,0,0.0339352
2026-04-24 00:00:00+00:00,-0.0003058,1.44169,0.158135,-0.031979,-0.00221143,0.845595,0.000270587,9.7994e-05,5.77467e-05,7.73347e-05,5.12789e-05,0.000203197,-0.000151891,17.0833,0,0.0332995
2026-04-25 00:00:00+00:00,-0.00078577,1.44056,0.103385,-0.00243733,-0.00188351,0.485064,0.000155219,3.27751e-05,2.3183e-05,0.000137052,-0.000708289,0.000655125,-0.00136293,13.9167,0,0.0306309
2026-04-26 00:00:00+00:00,0.00453572,1.44709,0.11209,0.00659356,-0.00382651,0.700908,0.000224311,5.66795e-05,4.76705e-05,0.000117212,0.00473918,0.00135267,0.00338589,15.4167,0,0.0318742
2026-04-27 00:00:00+00:00,0.00216941,1.45023,0.202693,0.0213341,0.00214171,1.16442,0.000372621,0.000271857,0.00011009,0.000103196,0.00282306,-0.000715525,0.00336701,23.8542,0,0.0335674
2026-04-28 00:00:00+00:00,0.00583391,1.45869,0.164244,-0.0378834,-0.032259,0.909214,0.000290987,0.000186089,6.98981e-05,2.10875e-05,0.00634703,0.00439961,0.00194784,19.5,0,0.0351221
2026-04-29 00:00:00+00:00,0.00468486,1.46552,0.275229,-0.00855182,-0.00702975,1.28585,0.000411533,0.000242676,7.95106e-05,0.000104614,0.00530992,-0.00086851,0.0061792,24.7917,0,0.0353663
2026-04-30 00:00:00+00:00,0.00542032,1.47347,0.208224,-0.0193076,-0.0108825,1.0512,0.000336443,0.000257328,7.8066e-05,3.78552e-05,0.00606027,0.000520549,0.0055394,24.7708,0,0.0365963
2026-05-01 00:00:00+00:00,-0.0020712,1.47042,0.274955,-0.0331285,-0.0222835,1.17923,0.000377325,0.000190578,7.24595e-05,2.22767e-05,-0.00144835,0.00122131,-0.00266948,23.625,0,0.0365783
2026-05-02 00:00:00+00:00,-0.00611041,1.46143,0.202559,-0.0447774,-0.0326366,1.10175,0.000359137,0.000161652,0.00010135,4.09315e-05,-0.00553147,0.00252502,-0.0080561,21.0417,3,0.0361693
2026-05-03 00:00:00+00:00,0.00718653,1.47193,0.253687,-0.0225405,-0.000106374,1.40065,0.000448705,0.000214732,0.000109077,6.35384e-05,0.00787767,0.00161501,0.00626299,23.125,1,0.0362814
2026-05-04 00:00:00+00:00,-0.0118896,1.45443,0.253062,0.00985166,-0.00738871,1.30424,0.000417194,0.000152623,0.000130841,2.06994e-05,-0.011253,0.0014219,-0.0126799,25.7292,0,0.0366536
2026-05-05 00:00:00+00:00,0.0111761,1.47069,0.263936,0.00821107,-0.00774069,1.09759,0.000351316,9.42488e-05,7.30286e-05,2.19246e-05,0.0116178,0.00538599,0.00623168,22.8542,0,0.0351386
2026-05-06 00:00:00+00:00,0.00156952,1.473,0.280318,0.0474997,-0.0097357,1.31593,0.000421114,0.000125761,0.000111287,6.2387e-07,0.00224407,0.00596542,-0.00372189,24.9583,0,0.0350012
2026-05-07 00:00:00+00:00,-0.00652782,1.46338,0.255213,0.0199366,-0.0158472,0.952964,0.000304918,8.46654e-05,6.87323e-05,4.35631e-05,-0.00612521,-0.0035946,-0.00253088,24.25,0,0.0332175
2026-05-08 00:00:00+00:00,-0.000665565,1.46241,0.192293,-0.0291717,-0.0132798,0.802199,0.000256706,9.87223e-05,5.85596e-05,6.80176e-05,-0.000310495,0.000461896,-0.000772358,18.6875,0,0.0296115
2026-05-09 00:00:00+00:00,0.000540201,1.4632,0.13548,-0.0475572,-0.0131035,0.755601,0.000241798,0.000151597,4.81569e-05,5.47438e-05,0.000932357,0.00100846,-7.61482e-05,19.0833,0,0.0282588
2026-05-10 00:00:00+00:00,0.00011807,1.46337,0.174901,-0.0370112,-0.00995331,0.849864,0.000271954,0.000161105,6.04482e-05,6.79115e-05,0.00054817,-0.000670785,0.0012191,20.1458,0,0.0291701
2026-05-11 00:00:00+00:00,0.00181058,1.46602,0.189636,-0.0225433,-0.00701169,1.06836,0.000341891,0.00019932,8.14674e-05,3.01853e-05,0.00240468,-0.00196769,0.00437224,23.1875,0,0.0282916
2026-05-12 00:00:00+00:00,-0.00364914,1.46067,0.161239,-0.0384822,-0.0121352,0.697057,0.000223043,7.30327e-05,5.99483e-05,4.14503e-05,-0.00333601,-0.00362117,0.00028459,19.9792,0,0.0269862
2026-05-13 00:00:00+00:00,0.00100289,1.46213,0.12524,-0.0309654,-0.00703757,0.509906,0.000163179,7.84371e-05,3.39511e-05,8.3183e-05,0.00119832,-0.00180496,0.00300343,16.2292,0,0.0250051
2026-05-14 00:00:00+00:00,-0.00238185,1.45865,0.0930535,-0.028117,-0.00959443,0.586245,0.000187588,0.000118268,3.54378e-05,4.479e-05,-0.00208338,0.00127355,-0.00335683,16.7083,0,0.0232865
2026-05-15 00:00:00+00:00,-0.000217752,1.45833,0.0782296,-0.0215406,-0.00298554,0.513971,0.000165126,4.75143e-05,3.53658e-05,1.01226e-05,2.31622e-05,-0.00164437,0.00166708,15.6875,1,0.0226144
2026-05-16 00:00:00+00:00,0.000318903,1.4588,0.0742739,-0.0205021,-0.00865084,0.324763,0.000103925,3.12041e-05,2.50465e-05,9.5564e-06,0.000471037,-0.000802047,0.0012725,11.3125,0,0.0215184
2026-05-17 00:00:00+00:00,0.000764129,1.45991,0.0418132,-0.0147104,-0.00530254,0.416039,0.000133134,9.63439e-05,3.18464e-05,-6.30626e-06,0.00103284,6.03588e-05,0.000972765,11.0208,0,0.0212959
2026-05-18 00:00:00+00:00,0.000816605,1.46111,0.0546363,-0.00432976,-0.00443349,0.461404,0.000147658,3.27118e-05,3.11408e-05,3.22504e-05,0.000998112,0.00011062,0.000886159,10.7917,0,0.0203875
2026-05-19 00:00:00+00:00,-0.00103118,1.4596,0.070443,0.0180331,0.00198766,0.384414,0.00012301,2.39158e-05,2.1624e-05,2.99982e-06,-0.000865129,-0.00156139,0.000696548,11.6042,0,0.0189466
2026-05-20 00:00:00+00:00,0.000596899,1.46047,0.0483076,0.0101404,0.00118055,0.322808,0.0001033,2.48035e-05,2.11541e-05,6.16591e-06,0.000740283,0.000645883,9.39993e-05,9.5625,0,0.0177651
2026-05-21 00:00:00+00:00,0.00130174,1.46237,0.0403403,-0.00113789,0.00299269,0.362274,0.000115931,3.36561e-05,2.48389e-05,7.31427e-06,0.00146871,0.00133142,0.00013718,11.5625,0,0.0177409
2026-05-22 00:00:00+00:00,-0.00126565,1.46052,0.034469,0.0023822,0.00673052,0.326437,0.000104457,2.76765e-05,2.58635e-05,1.07144e-06,-0.00110904,-0.0020537,0.000944775,11.1042,0,0.0169826
2026-05-23 00:00:00+00:00,0.00070142,1.46155,0.0485019,-0.00192965,-0.00171366,0.312244,9.99188e-05,2.1837e-05,1.88955e-05,3.15507e-05,0.000810801,0.00106998,-0.000259084,10.5,0,0.0170287
2026-05-24 00:00:00+00:00,-0.000677913,1.46055,0.0416851,-0.00254787,-0.00112158,0.407281,0.000130329,4.08713e-05,3.23912e-05,4.79845e-06,-0.000478632,0.000122713,-0.000601844,11.7917,0,0.018896
2026-05-25 00:00:00+00:00,-0.0038897,1.45487,0.0704777,0.00765238,-0.00250967,0.495247,0.000158463,4.86261e-05,5.01618e-05,2.50861e-05,-0.00366051,-0.00276693,-0.000917099,12.625,0,0.0186558
2026-05-26 00:00:00+00:00,-0.00127795,1.45301,0.0388944,-0.00111988,-0.00089603,0.346805,0.000111587,4.18124e-05,2.23156e-05,2.45041e-05,-0.00112656,-0.00103561,-9.10985e-05,11.7917,1,0.0162653
2026-05-27 00:00:00+00:00,1.2883e-05,1.45303,0.0224576,0.00354282,0.00240655,0.272246,8.71176e-05,2.86821e-05,1.95593e-05,3.13978e-06,0.000145637,0.000204482,-5.93329e-05,7.54167,0,0.014088
2026-05-28 00:00:00+00:00,0.000869846,1.4543,0.00941239,-2.41108e-05,-0.00036848,0.147001,4.70418e-05,1.66402e-05,8.78084e-06,1.72665e-08,0.000942037,-5.44457e-05,0.000995349,6.75,0,0.012778
2026-05-29 00:00:00+00:00,-0.00035138,1.45379,0.0167105,0.00783402,0.00387121,0.235265,7.52846e-05,4.10919e-05,2.10496e-05,6.30769e-06,-0.000220134,7.2911e-05,-0.000293783,6.91667,0,0.0128945
2026-05-30 00:00:00+00:00,0.000299264,1.45422,0.0150758,-0.00301935,-0.0022989,0.178495,5.71183e-05,1.03502e-05,1.25994e-05,1.18866e-06,0.000378349,6.25895e-05,0.000315829,6.79167,0,0.0114108
2026-05-31 00:00:00+00:00,0.000742497,1.4553,0.0363693,-0.00902195,-0.0078648,0.203765,6.52066e-05,1.61283e-05,1.65773e-05,9.09547e-05,0.000749646,0.00105953,-0.000310461,7.5,0,0.0127322
2026-06-01 00:00:00+00:00,-0.0045487,1.44868,0.0405286,-0.000402453,-0.00245621,0.311854,9.97812e-05,2.39671e-05,3.32885e-05,3.23252e-05,-0.00443229,-0.00287976,-0.00157686,9.5625,0,0.0137024
2026-06-02 00:00:00+00:00,5.35044e-05,1.44876,0.020574,0.00295832,-0.000577177,0.265244,8.48785e-05,2.97424e-05,2.42942e-05,-1.64459e-05,0.000210349,-6.10806e-06,0.000216844,8.77083,0,0.0107074
2026-06-03 00:00:00+00:00,-0.000772247,1.44764,0.0133846,-0.00462631,-0.00685476,0.155552,4.97756e-05,1.57976e-05,1.48681e-05,-8.07202e-06,-0.000683495,0.000127137,-0.000811023,6.77083,0,0.00979405
2026-06-04 00:00:00+00:00,0.0002661,1.44802,0.0067735,-0.00529181,-0.00372544,0.0957868,3.06518e-05,3.60986e-05,8.98671e-06,8.30342e-05,0.000258955,-0.000238457,0.000496302,3.70833,0,0.00954456
2026-06-05 00:00:00+00:00,0.00032601,1.4485,0.00775299,-0.00435615,-0.00237291,0.155799,4.98562e-05,1.98898e-05,1.37037e-05,5.30408e-06,0.000404233,-0.000138704,0.000543707,5.45833,0,0.00939328
2026-06-06 00:00:00+00:00,-0.0021972,1.44531,0.00597116,-0.000540086,0.000361767,0.113741,3.69136e-05,4.7223e-06,9.8027e-06,-2.68875e-06,-0.00214521,-0.000631222,-0.00151423,3.70833,1,0.00735013
2026-06-07 00:00:00+00:00,3.32938e-05,1.44536,4.67666e-05,-8.39677e-06,-3.41321e-06,0.000939657,3.00693e-07,3.75866e-08,1.79473e-08,3.81497e-09,3.36461e-05,2.72443e-05,7.13267e-06,0.4375,0,0.00264651
2026-06-08 00:00:00+00:00,0,1.44536,0,0,0,0,0,0,0,0,0,0,0,0,0,0.00143654
2026-06-09 00:00:00+00:00,0,1.44536,0,0,0,0,0,0,0,0,0,0,0,0,0,5.64145e-05
2026-06-10 00:00:00+00:00,0,1.44536,0,0,0,0,0,0,0,0,0,0,0,0,0,0.00145882
2026-06-11 00:00:00+00:00,0,1.44536,0,0,0,0,0,0,0,0,0,0,0,0,0,0.00042117
2026-06-12 00:00:00+00:00,0,1.44536,0,0,0,0,0,0,0,0,0,0,0,0,0,0
2026-06-13 00:00:00+00:00,0,1.44536,0,0,0,0,0,0,0,0,0,0,0,0,0,0
2026-06-14 00:00:00+00:00,0,1.44536,0,0,0,0,0,0,0,0,0,0,0,0,0,0
2026-06-15 00:00:00+00:00,0,1.44536,0,0,0,0,0,0,0,0,0,0,0,0,0,0
2026-06-16 00:00:00+00:00,0,1.44536,0,0,0,0,0,0,0,0,0,0,0,0,0,0
2026-06-17 00:00:00+00:00,0,1.44536,0,0,0,0,0,0,0,0,0,0,0,0,0,0
2026-06-18 00:00:00+00:00,0,1.44536,0,0,0,0,0,0,0,0,0,0,0,0,0,0
2026-06-19 00:00:00+00:00,0,1.44536,0,0,0,0,0,0,0,0,0,0,0,0,0,0
2026-06-20 00:00:00+00:00,0,1.44536,0,0,0,0,0,0,0,0,0,0,0,0,0,0
2026-06-21 00:00:00+00:00,0,1.44536,0,0,0,0,0,0,0,0,0,0,0,0,0,0
2026-06-22 00:00:00+00:00,0,1.44536,0,0,0,0,0,0,0,0,0,0,0,0,0,0
2026-06-23 00:00:00+00:00,0,1.44536,0,0,0,0,0,0,0,0,0,0,0,0,0,0
2026-06-24 00:00:00+00:00,0,1.44536,0,0,0,0,0,0,0,0,0,0,0,0,0,0
2026-06-25 00:00:00+00:00,0,1.44536,0,0,0,0,0,0,0,0,0,0,0,0,0,0
2026-06-26 00:00:00+00:00,0,1.44536,0,0,0,0,0,0,0,0,0,0,0,0,0,0
2026-06-27 00:00:00+00:00,0,1.44536,0,0,0,0,0,0,0,0,0,0,0,0,0,0
2026-06-28 00:00:00+00:00,0,1.44536,0,0,0,0,0,0,0,0,0,0,0,0,0,0
2026-06-29 00:00:00+00:00,0,1.44536,0,0,0,0,0,0,0,0,0,0,0,0,0,0
2026-06-30 00:00:00+00:00,0,1.44536,0,0,0,0,0,0,0,0,0,0,0,0,0,0
2026-07-01 00:00:00+00:00,0,1.44536,0,0,0,0,0,0,0,0,0,0,0,0,0,0
2026-07-02 00:00:00+00:00,0,1.44536,0,0,0,0,0,0,0,0,0,0,0,0,0,0
2026-07-03 00:00:00+00:00,0,1.44536,0,0,0,0,0,0,0,0,0,0,0,0,0,0
2026-07-04 00:00:00+00:00,0,1.44536,0,0,0,0,0,0,0,0,0,0,0,0,0,0
2026-07-05 00:00:00+00:00,0,1.44536,0,0,0,0,0,0,0,0,0,0,0,0,0,0
2026-07-06 00:00:00+00:00,0,1.44536,0,0,0,0,0,0,0,0,0,0,0,0,0,0
2026-07-07 00:00:00+00:00,0,1.44536,0,0,0,0,0,0,0,0,0,0,0,0,0,0
2026-07-08 00:00:00+00:00,0,1.44536,0,0,0,0,0,0,0,0,0,0,0,0,0,0
2026-07-09 00:00:00+00:00,0,1.44536,0,0,0,0,0,0,0,0,0,0,0,0,0,0
2026-07-10 00:00:00+00:00,0,1.44536,0,0,0,0,0,0,0,0,0,0,0,0,0,0
2026-07-11 00:00:00+00:00,0,1.44536,0,0,0,0,0,0,0,0,0,0,0,0,0,0
2026-07-12 00:00:00+00:00,0,1.44536,0,0,0,0,0,0,0,0,0,0,0,0,0,0
2026-07-13 00:00:00+00:00,0,1.44536,0,0,0,0,0,0,0,0,0,0,0,0,0,0
2026-07-14 00:00:00+00:00,0,1.44536,0,0,0,0,0,0,0,0,0,0,0,0,0,0
2026-07-15 00:00:00+00:00,0,1.44536,0,0,0,0,0,0,0,0,0,0,0,0,0,0
2026-07-16 00:00:00+00:00,0,1.44536,0,0,0,0,0,0,0,0,0,0,0,0,0,0
2026-07-17 00:00:00+00:00,0,1.44536,0,0,0,0,0,0,0,0,0,0,0,0,0,0
2026-07-18 00:00:00+00:00,0,1.44536,0,0,0,0,0,0,0,0,0,0,0,0,0,0
2026-07-19 00:00:00+00:00,0,1.44536,0,0,0,0,0,0,0,0,0,0,0,0,0,0
2026-07-20 00:00:00+00:00,0,1.44536,0,0,0,0,0,0,0,0,0,0,0,0,0,0
2026-07-21 00:00:00+00:00,0,1.44536,0,0,0,0,0,0,0,0,0,0,0,0,0,4.30571e-05
2026-07-22 00:00:00+00:00,0,1.44536,0,0,0,0,0,0,0,0,0,0,0,0,0,0.000375742
2026-07-23 00:00:00+00:00,0,1.44536,0,0,0,0,0,0,0,0,0,0,0,0,0,0.000998794
2026-07-24 00:00:00+00:00,0,1.44536,0,0,0,0,0,0,0,0,0,0,0,0,0,0.00256531
2026-07-25 00:00:00+00:00,0,1.44536,0,0,0,0,0,0,0,0,0,0,0,0,0,0.00301565
2026-07-26 00:00:00+00:00,0,1.44536,0,0,0,0,0,0,0,0,0,0,0,0,0,0.00168887
2026-07-27 00:00:00+00:00,0,1.44536,0,0,0,0,0,0,0,0,0,0,0,0,0,0.00201907
2026-07-28 00:00:00+00:00,0,1.44536,0,0,0,0,0,0,0,0,0,0,0,0,0,0.00320642
2026-07-29 00:00:00+00:00,1.60544e-05,1.44539,9.39337e-05,-9.39337e-05,-0.000110541,0.00267109,8.54751e-07,1.06844e-07,2.17095e-07,3.14948e-07,1.69182e-05,0,1.69182e-05,0.104167,0,0.00475028
2026-07-30 00:00:00+00:00,-2.76529e-05,1.44535,0.000367924,-0.000367924,-0.000428239,0.00903915,2.89253e-06,3.76959e-07,6.44869e-07,3.13523e-07,-2.40517e-05,0,-2.39989e-05,0.666667,0,0.0061351
2026-07-31 00:00:00+00:00,0.000240176,1.44569,0.00170446,-0.00170446,-0.00145344,0.0291077,9.31453e-06,1.16432e-06,3.08122e-06,4.46471e-07,0.000253284,0,0.000253284,0.8125,0,0.00729314
2026-08-01 00:00:00+00:00,3.67782e-05,1.44575,0.00110638,-0.00110638,-0.00115665,0.0263543,8.43336e-06,1.66443e-06,3.75327e-06,1.75045e-07,5.04668e-05,0,5.04836e-05,1.14583,0,0.00583998
2026-08-02 00:00:00+00:00,-0.000187012,1.44548,0.000213344,-0.000213344,-0.000261657,0.00438924,1.40453e-06,1.75566e-07,6.12712e-07,-5.71419e-08,-0.000184776,0,-0.000184415,0.354167,0,0.00352079
2026-08-03 00:00:00+00:00,0,1.44548,0,0,0,0,0,0,0,0,0,0,0,0,0,0.00345852
2026-08-04 00:00:00+00:00,0,1.44548,0,0,0,0,0,0,0,0,0,0,0,0,0,0.00381385
2026-08-05 00:00:00+00:00,0,1.44548,0,0,0,0,0,0,0,0,0,0,0,0,0,0.0031528
2026-08-06 00:00:00+00:00,4.61173e-05,1.44554,0.000724541,-0.000724541,-0.0007513,0.0168627,5.39609e-06,7.85707e-07,2.57956e-06,7.24832e-08,5.48128e-05,0,5.47727e-05,0.75,0,0.00475866
2026-08-07 00:00:00+00:00,-1.68296e-06,1.44554,8.82036e-06,-8.82036e-06,-1.06945e-05,0.000185611,5.93954e-08,7.42443e-09,3.31373e-09,0,-1.61282e-06,0,-1.59612e-06,0.125,0,0.00352508
2026-08-08 00:00:00+00:00,0,1.44554,0,0,0,0,0,0,0,0,0,0,0,0,0,0.0018419
2026-08-09 00:00:00+00:00,0,1.44554,0,0,0,0,0,0,0,0,0,0,0,0,0,0.00303117
2026-08-10 00:00:00+00:00,0,1.44554,0,0,0,0,0,0,0,0,0,0,0,0,0,0.00288408
2026-08-11 00:00:00+00:00,0,1.44554,0,0,0,0,0,0,0,0,0,0,0,0,0,0.00462686
2026-08-12 00:00:00+00:00,0,1.44554,0,0,0,0,0,0,0,0,0,0,0,0,0,0.00489061
2026-08-13 00:00:00+00:00,0,1.44554,0,0,0,0,0,0,0,0,0,0,0,0,0,0.0024236
2026-08-14 00:00:00+00:00,0,1.44554,0,0,0,0,0,0,0,0,0,0,0,0,0,0.001277
2026-08-15 00:00:00+00:00,0,1.44554,0,0,0,0,0,0,0,0,0,0,0,0,0,0.00017289
2026-08-16 00:00:00+00:00,0,1.44554,0,0,0,0,0,0,0,0,0,0,0,0,0,0
2026-08-17 00:00:00+00:00,0,1.44554,0,0,0,0,0,0,0,0,0,0,0,0,0,0
2026-08-18 00:00:00+00:00,0,1.44554,0,0,0,0,0,0,0,0,0,0,0,0,0,0
2026-08-19 00:00:00+00:00,0,1.44554,0,0,0,0,0,0,0,0,0,0,0,0,0,0
2026-08-20 00:00:00+00:00,0,1.44554,0,0,0,0,0,0,0,0,0,0,0,0,0,0
2026-08-21 00:00:00+00:00,0,1.44554,0,0,0,0,0,0,0,0,0,0,0,0,0,0
2026-08-22 00:00:00+00:00,0,1.44554,0,0,0,0,0,0,0,0,0,0,0,0,0,0
2026-08-23 00:00:00+00:00,0,1.44554,0,0,0,0,0,0,0,0,0,0,0,0,0,0
2026-08-24 00:00:00+00:00,0,1.44554,0,0,0,0,0,0,0,0,0,0,0,0,0,0
2026-08-25 00:00:00+00:00,0,1.44554,0,0,0,0,0,0,0,0,0,0,0,0,0,0
2026-08-26 00:00:00+00:00,0,1.44554,0,0,0,0,0,0,0,0,0,0,0,0,0,0
2026-08-27 00:00:00+00:00,0,1.44554,0,0,0,0,0,0,0,0,0,0,0,0,0,0
2026-08-28 00:00:00+00:00,0,1.44554,0,0,0,0,0,0,0,0,0,0,0,0,0,0
2026-08-29 00:00:00+00:00,0,1.44554,0,0,0,0,0,0,0,0,0,0,0,0,0,0
2026-08-30 00:00:00+00:00,0,1.44554,0,0,0,0,0,0,0,0,0,0,0,0,0,0
2026-08-31 00:00:00+00:00,0,1.44554,0,0,0,0,0,0,0,0,0,0,0,0,0,0
