,return,equity,gross,net,beta_exposure,turnover,fees,spread,impact,funding,gross_pnl,n_positions,ic_est
2023-07-31 00:00:00+00:00,-0.00900104,0.990999,0.500603,-0.00893158,-0.0149223,2.4003,0.000768174,0.000131485,0.000293459,0.000490872,-0.00830117,19.7292,0.0344711
2023-08-01 00:00:00+00:00,-0.000154805,0.990846,0.691605,-0.116757,-0.0485328,2.02516,0.000648177,8.90117e-05,0.000239505,0.000231782,0.000602596,25.7292,0.0360292
2023-08-02 00:00:00+00:00,0.00201147,0.992839,0.696142,-0.0684012,-0.0360124,2.51536,0.0008052,0.000115394,0.000305901,-0.000135529,0.00338601,29.5417,0.0353315
2023-08-03 00:00:00+00:00,-0.00326394,0.989598,1.24532,0.0409242,-0.0193524,8.73959,0.00279719,0.000522033,0.0010278,-0.000326047,0.00142266,30,0.0445714
2023-08-04 00:00:00+00:00,-2.69625e-05,0.989571,1.4055,0.0564773,-0.0293531,9.99274,0.0031983,0.000571159,0.00108382,-0.000443196,0.00530713,30,0.0468569
2023-08-05 00:00:00+00:00,0.00658321,0.996086,1.38652,0.0641119,-0.0454674,14.1123,0.00451836,0.000993631,0.00145848,6.58901e-05,0.0135026,30,0.0548165
2023-08-06 00:00:00+00:00,-0.00460297,0.991501,1.80287,0.069008,-0.0322184,13.2749,0.00424823,0.000944397,0.00177225,-0.000160132,0.00257977,30,0.0557718
2023-08-07 00:00:00+00:00,-0.00156603,0.989948,1.59714,0.116423,-0.0369338,25.1823,0.00806165,0.00220564,0.00320462,-0.000114467,0.0120994,29.8958,0.0636452
2023-08-08 00:00:00+00:00,-0.00310287,0.986877,1.63805,0.0843845,-0.0200122,22.037,0.00705554,0.00247394,0.00309961,0.000234376,0.00935759,30,0.0632865
2023-08-09 00:00:00+00:00,-0.000794422,0.986093,1.65104,0.116918,-0.0433123,20.3323,0.00650938,0.00276349,0.00261166,0.000132737,0.0109914,30,0.0660214
2023-08-10 00:00:00+00:00,0.0033942,0.98944,1.76269,0.144817,-0.0495167,13.8434,0.0044329,0.0019142,0.0015869,0.000105782,0.0112607,29.9792,0.061547
2023-08-11 00:00:00+00:00,-0.00771474,0.981806,1.88843,0.18363,-0.0346195,8.4691,0.00271056,0.00121577,0.000907106,-0.000318651,-0.0025517,30,0.054595
2023-08-12 00:00:00+00:00,-0.00643712,0.975486,1.53239,0.167068,-0.0439557,7.943,0.00254316,0.00113196,0.000953679,0.00021885,-0.00198831,30,0.0515714
2023-08-13 00:00:00+00:00,-0.00554373,0.970078,1.32503,0.186827,-0.04366,5.44784,0.00174355,0.000792964,0.00058806,0.000168038,-0.00255946,30,0.0493694
2023-08-14 00:00:00+00:00,-0.00680881,0.963473,1.50944,0.16017,-0.0174904,7.2611,0.00232383,0.000894747,0.000926953,-0.000675042,-0.00197839,29.9792,0.048178
2023-08-15 00:00:00+00:00,0.000399263,0.963858,1.77997,0.0270548,-0.0239943,13.7946,0.00441604,0.00147683,0.0017784,-0.000183302,0.00830943,30,0.0522973
2023-08-16 00:00:00+00:00,-0.0117359,0.952546,1.51001,0.0944886,-0.0155555,16.0674,0.00514277,0.00158624,0.00273429,5.14083e-05,-0.00231453,30,0.0525743
2023-08-17 00:00:00+00:00,0.00766634,0.959849,1.65337,0.236619,-0.00081811,12.0084,0.00384554,0.000997929,0.00223992,-0.000278934,0.0150846,30,0.0497067
2023-08-18 00:00:00+00:00,-0.00412562,0.955889,1.65925,0.12541,0.00218329,12.7873,0.00409361,0.00102597,0.00351047,-0.000173078,0.00472384,30,0.0483603
2023-08-19 00:00:00+00:00,-0.0146661,0.94187,1.63373,0.145196,0.00513124,6.39633,0.00204641,0.000480991,0.00130929,0.00018396,-0.0110049,30,0.0449069
2023-08-20 00:00:00+00:00,0.00186555,0.943627,1.57848,0.20169,0.00345266,9.56391,0.00306142,0.000977667,0.00187832,0.000124057,0.00767907,30,0.0454973
2023-08-21 00:00:00+00:00,-0.0163295,0.928218,1.41122,0.126901,-0.00808307,11.7658,0.00376563,0.00095882,0.00180526,-0.00144898,-0.00843043,30,0.0454754
2023-08-22 00:00:00+00:00,-0.010379,0.918584,1.44159,0.077591,-0.00400131,11.3528,0.00363429,0.000821633,0.00177503,0.000117948,-0.00425969,30,0.043462
2023-08-23 00:00:00+00:00,-0.00356115,0.915313,1.49027,0.035553,-0.00696162,11.359,0.00363636,0.000643188,0.00185217,-0.000915704,0.00352735,29.9792,0.0417069
2023-08-24 00:00:00+00:00,-0.0085139,0.90752,1.41418,0.0661986,-0.00337607,8.74424,0.00279854,0.000537762,0.00120895,-0.000292752,-0.00366134,30,0.0400368
2023-08-25 00:00:00+00:00,0.00720443,0.914058,1.2092,0.0169096,-0.000804557,8.56569,0.00274294,0.000752515,0.00124438,-0.00144012,0.013447,29.9792,0.0381501
2023-08-26 00:00:00+00:00,0.000933531,0.914911,1.32268,0.0723812,-0.0212145,4.4687,0.00143044,0.000479806,0.00047265,-0.000564799,0.00390591,29.9583,0.0400078
2023-08-27 00:00:00+00:00,-0.000952588,0.91404,1.2999,0.0589334,-0.0434924,5.08525,0.00162786,0.000461753,0.000532677,-0.000484115,0.00217603,30,0.0404264
2023-08-28 00:00:00+00:00,-0.00489433,0.909566,1.1685,0.0427404,-0.0378498,6.0595,0.00193928,0.000482989,0.000755018,0.000269179,-0.00197304,29.4792,0.0382738
2023-08-29 00:00:00+00:00,0.00145271,0.910887,1.21616,0.0199602,-0.0280361,8.59,0.00275006,0.000563385,0.00115915,-0.000106626,0.00606545,29.875,0.0391567
2023-08-30 00:00:00+00:00,-0.00217539,0.908906,1.23028,0.0586102,-0.0236677,6.09875,0.00195231,0.000448111,0.000947057,-0.000418558,0.00161774,29.9792,0.0398888
2023-08-31 00:00:00+00:00,-0.00680531,0.90272,1.38858,0.0755855,-0.013372,5.38495,0.00172356,0.000328726,0.000698677,6.95077e-05,-0.00409441,30,0.0387694
2023-09-01 00:00:00+00:00,-0.00372652,0.899356,0.975311,0.00887372,-0.0162086,6.78186,0.00217046,0.000414381,0.000697369,-6.19527e-05,-0.000367998,30,0.0367358
2023-09-02 00:00:00+00:00,0.0087968,0.907268,1.07726,0.0155784,-0.0165655,8.34888,0.00267298,0.000574424,0.00127243,0.000236287,0.0130604,30,0.038745
2023-09-03 00:00:00+00:00,-0.0125145,0.895914,1.11617,0.0241212,-0.0139778,5.47366,0.00175161,0.000342452,0.000728631,9.01858e-05,-0.00982062,30,0.0383212
2023-09-04 00:00:00+00:00,0.00434314,0.899805,0.748326,0.0358502,-0.0336421,8.41494,0.00269397,0.000924162,0.00113732,-5.56686e-05,0.00920895,29.3542,0.0368199
2023-09-05 00:00:00+00:00,-0.00881812,0.89187,0.789561,0.0285459,-0.0299339,7.96498,0.00254902,0.00082174,0.00112944,-0.000414218,-0.00390614,30,0.0367743
2023-09-06 00:00:00+00:00,-0.00231954,0.889802,0.656764,-0.0153104,-0.0219209,9.54328,0.00305453,0.000770537,0.00120277,0.000217397,0.0025211,29.9583,0.035838
2023-09-07 00:00:00+00:00,0.011284,0.899842,0.771938,0.0235386,-0.0034245,9.99627,0.00320023,0.000883966,0.00149524,0.000236651,0.0165754,29.5625,0.037734
2023-09-08 00:00:00+00:00,-0.00193879,0.898098,0.895621,0.0172558,-0.0232327,8.09516,0.00259106,0.000704935,0.00103885,0.00075521,0.00166835,29.7708,0.0400287
2023-09-09 00:00:00+00:00,0.000233761,0.898307,0.966376,0.0287265,-0.0402128,7.5895,0.00242925,0.000665688,0.000963269,-1.48297e-05,0.00434511,29.1042,0.0420339
2023-09-10 00:00:00+00:00,-0.00437074,0.894381,0.805719,0.00079661,-0.0342647,8.84327,0.00283038,0.000586728,0.00122964,-0.000192207,0.00049437,29.3125,0.0424739
2023-09-11 00:00:00+00:00,0.0206346,0.912836,1.14322,0.13571,-0.0343373,12.0004,0.00384327,0.000873003,0.00207661,0.00152733,0.0257496,29.6875,0.0432137
2023-09-12 00:00:00+00:00,0.00461167,0.917046,1.42525,0.0505193,-0.0198599,15.0325,0.00481293,0.000989557,0.00282911,-0.000552276,0.0138257,30,0.0454594
2023-09-13 00:00:00+00:00,-0.00713848,0.9105,1.40061,0.0758329,-0.0238325,9.83229,0.00314664,0.000680423,0.00158181,0.000609316,-0.00232149,30,0.044999
2023-09-14 00:00:00+00:00,0.00293666,0.913174,1.17944,0.0541957,-0.0317504,9.09386,0.00291199,0.00101335,0.00141553,-0.000126927,0.00845116,30,0.0427565
2023-09-15 00:00:00+00:00,-0.0173321,0.897346,0.94752,0.0295089,-0.0331127,6.43239,0.00205846,0.000723042,0.00100592,-0.000868789,-0.0127492,30,0.0403588
2023-09-16 00:00:00+00:00,0.00575962,0.902515,0.812028,0.0534689,-0.0246941,5.37914,0.00172226,0.000607208,0.000798048,0.000166044,0.00874477,29.875,0.0375933
2023-09-17 00:00:00+00:00,-0.00584353,0.897241,0.818653,0.0477186,-0.0192762,5.25977,0.00168341,0.000842414,0.000773601,-0.000313194,-0.00220058,29.9792,0.0377748
2023-09-18 00:00:00+00:00,-0.00718314,0.890796,0.622715,0.0495931,-0.0245838,7.45844,0.00238709,0.00100031,0.000974229,-0.00128556,-0.00153488,29.2083,0.0379013
2023-09-19 00:00:00+00:00,-0.000908696,0.889986,0.460896,0.011491,-0.0334416,5.19015,0.00166113,0.00083083,0.000491534,-0.000349754,0.00243969,28.5208,0.0359424
2023-09-20 00:00:00+00:00,0.00178022,0.891571,0.428656,0.0158347,-0.0120977,5.30149,0.00169669,0.000768376,0.000501889,-0.000317032,0.00506977,25.5833,0.0361938
2023-09-21 00:00:00+00:00,-0.00575279,0.886442,0.497701,0.0280478,-0.0145903,5.27772,0.00168883,0.00066643,0.00048058,-2.08827e-05,-0.00290094,28.5833,0.0348326
2023-09-22 00:00:00+00:00,-0.0167787,0.871568,0.312868,0.0271535,-0.0251193,5.14096,0.00164473,0.000435247,0.000553905,-0.000117079,-0.0141368,26.4375,0.0336894
2023-09-23 00:00:00+00:00,-0.00518272,0.867051,0.185268,-0.00491651,-0.014925,4.63467,0.00148304,0.000284359,0.00041935,9.03963e-06,-0.00300701,19.5625,0.0314787
2023-09-24 00:00:00+00:00,0.000698212,0.867657,0.165387,0.00472249,-0.0350585,3.9044,0.00124949,0.000284457,0.000328093,4.84524e-07,0.00256098,16.3333,0.0323379
2023-09-25 00:00:00+00:00,-0.0070826,0.861511,0.150595,-0.0113195,-0.0300679,3.94232,0.00126139,0.000257738,0.000400702,2.76812e-05,-0.00519608,16.8333,0.0310042
2023-09-26 00:00:00+00:00,-0.00403132,0.858038,0.0920948,-0.0125477,-0.0345907,2.34031,0.000748884,0.000202436,0.000160477,-0.000433322,-0.00249145,14.1667,0.0288661
2023-09-27 00:00:00+00:00,0.00309436,0.860694,0.133704,-0.00887313,-0.0188776,3.89464,0.00124659,0.000350324,0.000312298,-0.00121497,0.00622695,17.4792,0.0282594
2023-09-28 00:00:00+00:00,-0.00147138,0.859427,0.157515,-0.006159,-0.00817159,4.20048,0.0013442,0.000438773,0.000328414,8.44221e-06,0.000633229,16.9167,0.0286889
2023-09-29 00:00:00+00:00,-0.0038295,0.856136,0.163231,-0.0121787,-0.0225036,4.40965,0.00141114,0.000366034,0.000312094,2.15436e-05,-0.00176364,19.9375,0.0267463
2023-09-30 00:00:00+00:00,-0.000501906,0.855706,0.142962,-0.0174733,-0.0181072,4.21544,0.00134903,0.000351542,0.000301852,2.08781e-05,0.00148089,19.8333,0.0268847
2023-10-01 00:00:00+00:00,-0.00838364,0.848532,0.0989109,-0.0174924,-0.0247975,2.761,0.0008834,0.000190531,0.000261864,-1.44827e-05,-0.00705867,15.7292,0.025502
2023-10-02 00:00:00+00:00,-0.00239109,0.846503,0.0948669,0.000560171,-0.00844078,3.21485,0.00102874,0.000202215,0.000270792,9.24548e-06,-0.000900468,17.125,0.023611
2023-10-03 00:00:00+00:00,0.00063289,0.847039,0.09489,-0.00635541,-0.00454918,3.59142,0.00114936,0.000210237,0.000368114,-6.5513e-06,0.00237235,15.125,0.0235133
2023-10-04 00:00:00+00:00,-0.00217449,0.845197,0.0950309,-0.00634695,-0.00402042,3.1373,0.00100394,0.000184042,0.000239043,5.84396e-06,-0.000754211,16.1458,0.0244483
2023-10-05 00:00:00+00:00,0.000321533,0.845469,0.0871777,-0.00802105,-0.0146147,2.97459,0.000951919,0.000159278,0.000204374,6.50118e-06,0.00163138,16.4167,0.0254126
2023-10-06 00:00:00+00:00,-0.00280857,0.843094,0.0717267,-0.00219806,-0.0130933,2.35204,0.000752646,0.000135712,0.000173448,-4.19411e-06,-0.00174394,15.4375,0.0252042
2023-10-07 00:00:00+00:00,0.000657809,0.843649,0.0583804,-0.00811765,-0.0110066,2.20407,0.00070534,0.000127058,0.000151067,9.30595e-06,0.00163275,13.2083,0.0250605
2023-10-08 00:00:00+00:00,0.000145205,0.843772,0.0544179,-0.0112057,-0.0148871,2.0343,0.000650999,0.000153404,0.000188844,-9.03671e-08,0.00114008,11.2917,0.0259356
2023-10-09 00:00:00+00:00,-0.00149006,0.842514,0.0440454,-0.0119315,-0.0163182,1.4569,0.000466196,6.60055e-05,9.13574e-05,-9.05993e-06,-0.000856912,11.125,0.0235988
2023-10-10 00:00:00+00:00,-0.000336618,0.842231,0.0366942,-0.000993554,-0.00217656,1.0742,0.000343742,8.41286e-05,7.24044e-05,9.95515e-05,6.53903e-05,8.79167,0.0237926
2023-10-11 00:00:00+00:00,-0.00123255,0.841193,0.0271075,-0.00686776,-0.00977457,0.973599,0.000311546,4.73909e-05,5.9317e-05,-5.39641e-07,-0.000814227,7.39583,0.022843
2023-10-12 00:00:00+00:00,-0.00199516,0.839514,0.0292733,-0.00432478,-0.00633947,1.01781,0.000325695,4.64013e-05,6.16251e-05,-6.91577e-06,-0.00155581,8.25,0.0214034
2023-10-13 00:00:00+00:00,-0.000586279,0.839022,0.0269524,-0.00819692,-0.00907183,1.03252,0.00033041,5.1303e-05,7.26189e-05,-1.91995e-06,-0.000129798,8.27083,0.0215516
2023-10-14 00:00:00+00:00,-0.000821822,0.838333,0.0286016,-0.0145167,-0.0181734,0.920142,0.000294446,5.36102e-05,6.39649e-05,4.71453e-06,-0.000413851,6.9375,0.0233137
2023-10-15 00:00:00+00:00,0.00166154,0.839725,0.0269421,-0.0119039,-0.0173718,1.02879,0.000329237,9.35808e-05,7.25928e-05,3.04026e-06,0.00215333,7.54167,0.0240821
2023-10-16 00:00:00+00:00,0.00115643,0.840697,0.0412752,-0.00929994,-0.01144,1.55505,0.000497673,0.000150015,0.000129779,1.13396e-05,0.00192398,9.375,0.0263562
2023-10-17 00:00:00+00:00,-0.00104337,0.839819,0.0492856,-0.0112071,-0.011702,1.66957,0.000534279,0.000146322,0.000154612,6.66984e-06,-0.000214235,9.10417,0.0253153
2023-10-18 00:00:00+00:00,-0.00208586,0.838068,0.0469559,-0.00648963,-0.00936488,1.71211,0.000547869,0.000255658,0.000145039,-7.72031e-07,-0.00113687,9.58333,0.0247253
2023-10-19 00:00:00+00:00,0.000786381,0.838727,0.04228,-0.0125548,-0.0149158,1.6954,0.000542555,0.000191032,0.000146619,-9.27275e-07,0.00166921,9.02083,0.0255282
2023-10-20 00:00:00+00:00,-0.00347332,0.835814,0.04684,-0.00830033,-0.0138108,1.57608,0.000504328,0.000141767,0.000123008,1.32136e-05,-0.00272181,9.625,0.0267833
2023-10-21 00:00:00+00:00,0.00140216,0.836985,0.0389184,-0.00795447,-0.0137583,1.55416,0.000497363,0.000173344,0.00011421,2.73596e-06,0.00218442,9.875,0.0261096
2023-10-22 00:00:00+00:00,-0.000965195,0.836178,0.0572161,-0.0138636,-0.0179031,2.16819,0.000693856,0.000200289,0.00017499,5.78184e-06,0.000100809,10.6042,0.0264944
2023-10-23 00:00:00+00:00,-0.0041972,0.832668,0.076867,-0.011648,-0.0101748,2.86351,0.000916283,0.000214775,0.000242995,0.000101888,-0.00292498,14.0417,0.0254141
2023-10-24 00:00:00+00:00,0.00305467,0.835212,0.122959,0.00304668,-0.00437034,4.35052,0.00139237,0.000330092,0.000395321,0.000106539,0.00506395,19.8333,0.0269447
2023-10-25 00:00:00+00:00,-0.00247071,0.833148,0.12025,0.00885157,-0.00538899,4.11301,0.00131618,0.000229553,0.000414923,0.000539723,-0.00104699,19.5625,0.0262865
2023-10-26 00:00:00+00:00,-0.00436256,0.829513,0.0977163,0.00316493,-0.00588239,3.34977,0.0010719,0.000200292,0.000293358,0.000346928,-0.0031465,19.0833,0.0248088
2023-10-27 00:00:00+00:00,0.00169148,0.830916,0.0882124,-0.000152577,-0.00414969,3.51782,0.00112579,0.000195385,0.000300578,0.00010342,0.00320968,18.6042,0.0254184
2023-10-28 00:00:00+00:00,-0.00124382,0.829883,0.0633522,-0.00347969,-0.00503974,2.38055,0.000761787,0.000134626,0.00018218,1.49117e-05,-0.000180142,15.7292,0.0254284
2023-10-29 00:00:00+00:00,-0.00385807,0.826681,0.0752865,-0.00205095,-0.00778828,2.77117,0.000886778,0.000208227,0.000225555,1.73912e-05,-0.0025568,15.75,0.0265253
2023-10-30 00:00:00+00:00,-0.000813294,0.826009,0.0590038,-0.00953134,-0.00947526,2.24827,0.000719464,0.000115083,0.000143566,-8.63048e-06,0.000174019,14.9583,0.0251856
2023-10-31 00:00:00+00:00,-0.00143394,0.824824,0.0535549,-0.00988126,-0.00940959,2.06561,0.000661,0.000167584,0.000127897,0.000120724,-0.000598599,14.1042,0.0239204
2023-11-01 00:00:00+00:00,0.000121203,0.824924,0.0469363,-0.00349379,-0.00386811,1.89125,0.000605224,0.000175792,0.000117743,3.70893e-06,0.00101717,11.4375,0.0250313
2023-11-02 00:00:00+00:00,-0.00161881,0.823589,0.0454422,-0.00210588,-0.0010634,1.70895,0.000546858,0.000124418,0.000101207,1.87914e-05,-0.000865286,11.4792,0.0250618
2023-11-03 00:00:00+00:00,-0.0039707,0.820319,0.054158,-0.00464885,-0.00728532,2.06577,0.000661015,0.00011085,0.000134016,5.02159e-06,-0.00307637,12.4167,0.02363
2023-11-04 00:00:00+00:00,0.000160932,0.820451,0.0276157,-0.00495958,-0.00763061,1.21159,0.000387714,7.21463e-05,6.80853e-05,3.06228e-06,0.000686277,10.4167,0.0232315
2023-11-05 00:00:00+00:00,-2.23652e-05,0.820432,0.0400846,-0.00719011,-0.00690705,1.70012,0.000544054,9.16812e-05,7.98442e-05,2.01392e-05,0.000673668,12.4583,0.0232383
2023-11-06 00:00:00+00:00,-0.00194391,0.818838,0.0616765,-0.00904892,-0.00683223,2.74851,0.000879524,0.000119256,0.000172004,4.5482e-05,-0.000818464,16.8958,0.0238179
2023-11-07 00:00:00+00:00,-5.10044e-05,0.818796,0.0685379,-0.00623084,-0.00622205,2.98445,0.000955083,0.000164375,0.000203992,0.000121818,0.00115203,16.2083,0.0250161
2023-11-08 00:00:00+00:00,-0.005648,0.814171,0.055301,-0.00906498,-0.00947266,2.28291,0.000730475,0.000128696,0.000177716,5.57216e-05,-0.00467982,15.625,0.0233129
2023-11-09 00:00:00+00:00,-0.0071411,0.808357,0.0384987,-0.00570453,-0.00529536,1.53924,0.000492512,9.19884e-05,0.000106745,0.000211724,-0.00668373,12.625,0.0206542
2023-11-10 00:00:00+00:00,0.000660636,0.808891,0.0216513,-0.00301328,-0.00238948,1.04993,0.000335991,0.000132069,7.15123e-05,1.05279e-05,0.00118996,11.2083,0.0180303
2023-11-11 00:00:00+00:00,-0.000279863,0.808665,0.0162769,-0.00294967,-0.00322635,0.792067,0.000253464,5.10594e-05,4.91118e-05,4.97106e-06,6.90186e-05,9.375,0.0161501
2023-11-12 00:00:00+00:00,-0.00115433,0.807731,0.0127844,-0.00375903,-0.00353042,0.59803,0.000191367,4.44839e-05,3.51705e-05,4.68261e-06,-0.000888408,8.4375,0.0148215
2023-11-13 00:00:00+00:00,-0.000831352,0.80706,0.0104658,-0.00192452,-0.00212249,0.455151,0.000145648,2.07273e-05,2.31354e-05,1.64512e-06,-0.000643219,6.45833,0.013069
2023-11-14 00:00:00+00:00,-0.000396436,0.80674,0.0100689,-0.00178554,-0.00232588,0.434893,0.000139166,1.8159e-05,1.88073e-05,1.89405e-06,-0.000222224,7.47917,0.012755
2023-11-15 00:00:00+00:00,-0.000269829,0.806522,0.0043641,-0.00198397,-0.00221035,0.216707,6.93467e-05,8.66834e-06,9.33597e-06,2.2575e-06,-0.000184731,4.0625,0.0118017
2023-11-16 00:00:00+00:00,-8.65607e-05,0.806452,0.00600462,-0.00183367,-0.0020868,0.266369,8.5238e-05,1.96107e-05,1.06915e-05,2.3586e-06,2.6655e-05,4.66667,0.013135
2023-11-17 00:00:00+00:00,0.000196615,0.806611,0.0066524,-0.0010332,-0.00117287,0.349941,0.000111984,3.02483e-05,1.9961e-05,8.99743e-07,0.000358049,5.08333,0.0124535
2023-11-18 00:00:00+00:00,5.77656e-05,0.806658,0.00711941,-0.00251636,-0.00242243,0.327179,0.000104698,1.57994e-05,1.65402e-05,1.14713e-06,0.0001937,5.02083,0.0126041
2023-11-19 00:00:00+00:00,-0.000631236,0.806148,0.00305941,-0.00170218,-0.00193286,0.117111,3.74751e-05,5.9561e-06,6.60276e-06,5.08646e-07,-0.000581858,1.77083,0.0116846
2023-11-20 00:00:00+00:00,0.00108247,0.807021,0.00379062,-0.00228667,-0.00197543,0.192296,6.15378e-05,1.63762e-05,1.10193e-05,2.69946e-06,0.00116831,2.83333,0.0125971
2023-11-21 00:00:00+00:00,-6.45481e-05,0.806969,0.00735392,-0.00343376,-0.00375285,0.347705,0.000111266,2.41696e-05,1.74551e-05,6.58474e-07,8.77308e-05,4.95833,0.0142385
2023-11-22 00:00:00+00:00,-0.000289685,0.806735,0.00730504,-0.00151658,-0.00226762,0.32858,0.000105145,1.87427e-05,1.82218e-05,5.65368e-07,-0.000148116,4.45833,0.0145777
2023-11-23 00:00:00+00:00,-0.000297426,0.806495,0.0058154,-0.00110533,-0.00111123,0.289533,9.26503e-05,2.59217e-05,1.64459e-05,2.07835e-07,-0.000162619,4.08333,0.0152398
2023-11-24 00:00:00+00:00,3.09062e-05,0.80652,0.00486321,-0.000105748,-0.000362383,0.254452,8.14252e-05,2.15526e-05,1.80088e-05,-2.99959e-08,0.000151978,3.10417,0.0163111
2023-11-25 00:00:00+00:00,-0.000323542,0.806259,0.00611101,0.000200444,-0.000229685,0.241343,7.72294e-05,2.9289e-05,1.42391e-05,5.30227e-05,-0.00025575,3.35417,0.0160223
2023-11-26 00:00:00+00:00,-0.000845513,0.805577,0.00867739,0.00123229,0.00118298,0.31939,0.000102204,1.92626e-05,1.63026e-05,0.000181891,-0.000889655,4.02083,0.0172184
2023-11-27 00:00:00+00:00,-0.000162075,0.805447,0.0126033,-0.00436434,-0.00478553,0.599546,0.000191857,4.77204e-05,3.00072e-05,1.34513e-05,9.41309e-05,6.1875,0.0187777
2023-11-28 00:00:00+00:00,-0.000392138,0.805131,0.0114034,-0.00379877,-0.00532653,0.507437,0.00016238,3.77246e-05,2.57995e-05,1.71382e-06,-0.000167927,6.10417,0.0203458
2023-11-29 00:00:00+00:00,-0.000620302,0.804632,0.0120234,-0.0028037,-0.00276284,0.601303,0.000192416,4.48147e-05,2.76155e-05,8.33351e-07,-0.000356406,6.27083,0.021434
2023-11-30 00:00:00+00:00,0.000325494,0.804894,0.0179761,-0.0050368,-0.00665462,0.916655,0.000293336,5.59972e-05,3.73032e-05,1.77038e-06,0.000710476,8.27083,0.022413
2023-12-01 00:00:00+00:00,0.000174058,0.805034,0.0200307,-0.00309911,-0.00441381,1.0438,0.000334024,7.81592e-05,4.06433e-05,1.39988e-06,0.000625669,9.25,0.0240588
2023-12-02 00:00:00+00:00,-0.000884599,0.804321,0.0190681,-0.00625837,-0.00930697,0.892241,0.000285517,5.62363e-05,3.5802e-05,4.61826e-06,-0.000511649,7.14583,0.0239578
2023-12-03 00:00:00+00:00,0.000234717,0.80451,0.0231252,-0.00413942,-0.00570396,1.22688,0.000392607,0.000101233,5.54493e-05,6.14437e-06,0.000777973,9.4375,0.025011
2023-12-04 00:00:00+00:00,5.41334e-05,0.804554,0.0582275,-0.000473675,-0.00741206,2.76942,0.000886243,0.000152467,0.000174228,8.41062e-06,0.00126027,14.5833,0.0269184
2023-12-05 00:00:00+00:00,-0.001916,0.803012,0.0678528,0.000495791,-0.00590742,3.23323,0.00103467,0.000198107,0.000205753,9.78874e-06,-0.000485327,16.1458,0.0267175
2023-12-06 00:00:00+00:00,-0.000466368,0.802638,0.0778487,-0.00180259,-0.00320235,3.69125,0.00118126,0.000244831,0.000214257,1.7102e-05,0.00115821,19.0417,0.0270765
2023-12-07 00:00:00+00:00,-0.0034093,0.799901,0.0777657,-0.00138567,-0.00333033,3.71901,0.00119009,0.00022495,0.00022509,2.31791e-05,-0.00179387,20.4792,0.0274662
2023-12-08 00:00:00+00:00,-0.00247072,0.797925,0.0753214,-0.00277061,-0.00431088,3.67298,0.00117536,0.000229304,0.000201044,1.80118e-05,-0.000884707,20.9583,0.0268337
2023-12-09 00:00:00+00:00,0.000322393,0.798182,0.0596261,-0.00405963,-0.00425825,3.14412,0.00100617,0.000213457,0.000195308,1.38384e-05,0.00172437,19.1875,0.0260264
2023-12-10 00:00:00+00:00,-0.00188405,0.796678,0.0539919,-0.00253135,-0.0045247,2.72504,0.000872015,0.000146812,0.000167467,-2.32963e-07,-0.000698051,17.0208,0.0269693
2023-12-11 00:00:00+00:00,-0.0014521,0.795522,0.0440199,-0.00315574,-0.00323175,2.23793,0.000716145,0.000211667,0.000150448,6.31245e-06,-0.000379533,14.0625,0.026327
2023-12-12 00:00:00+00:00,-0.00224943,0.793732,0.0353964,-0.00152744,-0.00381476,1.64288,0.00052572,0.000193055,9.2934e-05,5.4666e-06,-0.00144453,11.8958,0.0257899
2023-12-13 00:00:00+00:00,0.000284621,0.793958,0.0233019,-0.000356688,-0.00057385,1.19184,0.000381403,0.000242185,7.16077e-05,9.6381e-06,0.000970506,9.25,0.025888
2023-12-14 00:00:00+00:00,0.000745494,0.79455,0.0151105,-0.00109241,-0.00249301,0.852193,0.000272713,0.000142421,4.18786e-05,6.12578e-06,0.0011963,7.9375,0.0266928
2023-12-15 00:00:00+00:00,0.000816969,0.795199,0.0181307,-0.00311199,-0.00453221,0.955703,0.000305837,0.000211419,5.34486e-05,9.34997e-06,0.00137816,7.875,0.0289228
2023-12-16 00:00:00+00:00,-0.00421523,0.791847,0.0213603,-0.00289791,-0.00395885,0.968579,0.000309936,0.00023074,4.96613e-05,6.8519e-06,-0.00363661,8.14583,0.0286118
2023-12-17 00:00:00+00:00,-4.48111e-05,0.791812,0.0209297,-0.00155149,-0.00309507,0.970016,0.000310406,0.000138482,5.40406e-05,8.38192e-06,0.000450136,8.16667,0.0267576
2023-12-18 00:00:00+00:00,-0.00163027,0.790521,0.0289615,-0.00324225,-0.00396528,1.53319,0.000490618,0.000153813,8.68702e-05,2.63746e-06,-0.000902253,12.2917,0.0255467
2023-12-19 00:00:00+00:00,-0.00073502,0.78994,0.0297805,-0.00135039,-0.00408395,1.43141,0.000458054,7.69707e-05,8.01949e-05,1.21309e-05,-0.000131529,12.4792,0.0229212
2023-12-20 00:00:00+00:00,0.00118731,0.790878,0.027951,-0.00014999,-0.00338421,1.49314,0.000477835,0.00011501,7.19577e-05,8.583e-06,0.00184523,13.5,0.0226
2023-12-21 00:00:00+00:00,-0.00125831,0.789882,0.024252,0.00118625,-0.00173478,1.21686,0.000389391,0.000146831,5.4602e-05,1.45421e-05,-0.000682304,12.1875,0.0229345
2023-12-22 00:00:00+00:00,-0.00254109,0.787875,0.0285652,0.000261838,-0.00211441,1.324,0.000423674,0.000122904,5.9892e-05,2.41271e-05,-0.00196025,13.2708,0.0223791
2023-12-23 00:00:00+00:00,-4.08907e-05,0.787843,0.020196,-0.00212094,-0.00421736,1.0661,0.00034116,0.000136834,4.61908e-05,6.25382e-06,0.000477291,12.0208,0.0218285
2023-12-24 00:00:00+00:00,-0.000278801,0.787623,0.016457,-0.00340578,-0.00416427,0.932916,0.000298535,6.90909e-05,4.28073e-05,3.04042e-06,0.000128728,10.0208,0.0204589
2023-12-25 00:00:00+00:00,0.000720671,0.788191,0.0148192,-0.00412755,-0.0046468,0.745788,0.000238661,6.57697e-05,3.5633e-05,1.4029e-05,0.00104681,8.77083,0.020642
2023-12-26 00:00:00+00:00,-0.000335698,0.787926,0.0186029,-0.00428076,-0.00400856,0.845361,0.000270518,9.27864e-05,4.02414e-05,2.08405e-05,4.75188e-05,9.47917,0.0205419
2023-12-27 00:00:00+00:00,-0.000567895,0.787479,0.0187188,-0.00160643,-0.000841249,0.818801,0.000262019,6.3812e-05,3.35788e-05,0.000147655,-0.000355904,11.0833,0.0190465
2023-12-28 00:00:00+00:00,-0.000637214,0.786977,0.018971,-0.00107395,-0.00156419,0.927469,0.000296796,8.24601e-05,3.57261e-05,7.36668e-05,-0.000295517,12.0208,0.0193081
2023-12-29 00:00:00+00:00,0.000375132,0.787272,0.0161994,-0.000653447,-0.00302646,0.773016,0.00024737,0.000116848,2.78895e-05,4.93673e-05,0.000718012,10.5625,0.0201207
2023-12-30 00:00:00+00:00,-0.000679996,0.786737,0.0184082,-0.00243767,-0.00381147,0.816279,0.000261209,8.94125e-05,3.01125e-05,3.40598e-05,-0.000333429,10.6667,0.0215334
2023-12-31 00:00:00+00:00,-0.00194126,0.78521,0.0167522,-0.0038094,-0.00422408,0.817238,0.000261518,7.82876e-05,2.9054e-05,-6.92695e-06,-0.00156557,9.85417,0.0218282
2024-01-01 00:00:00+00:00,-0.000391605,0.784902,0.0204435,-0.00197953,-0.00329174,1.07255,0.000343221,5.45325e-05,4.04387e-05,-1.07936e-05,5.77279e-05,13.2083,0.0207391
2024-01-02 00:00:00+00:00,0.000353573,0.78518,0.0262879,0.000573477,-0.00357791,1.46214,0.000467902,8.19069e-05,5.48571e-05,1.75562e-05,0.000940982,13.7708,0.0219335
2024-01-03 00:00:00+00:00,-0.00108917,0.784325,0.0261064,0.00144191,-0.00221444,1.34286,0.000429717,8.33384e-05,7.36806e-05,-8.9168e-07,-0.000501629,14.2292,0.022347
2024-01-04 00:00:00+00:00,1.95914e-05,0.78434,0.0391939,0.0019036,-0.00124999,1.98197,0.000634258,0.000102604,0.00013665,1.81855e-06,0.000892407,18.1042,0.0241496
2024-01-05 00:00:00+00:00,0.000669617,0.784865,0.0432547,0.0060133,-0.0011454,2.15146,0.000688503,0.000141272,0.000122952,4.05298e-05,0.00158207,18.8125,0.0255514
2024-01-06 00:00:00+00:00,-0.000269373,0.784654,0.0490955,0.00822503,-0.00110602,2.3621,0.000755897,0.000144006,0.000113641,9.51391e-06,0.000735265,18.375,0.027446
2024-01-07 00:00:00+00:00,-0.000602174,0.784181,0.0476774,0.00841533,-0.00155387,2.32166,0.000742945,0.000119867,9.30173e-05,1.09255e-05,0.000343034,18.5417,0.0292388
2024-01-08 00:00:00+00:00,-0.000173008,0.784046,0.0554298,0.00379167,-0.00202834,3.01376,0.000964445,0.000286264,0.000135025,3.73954e-06,0.00120989,19.9583,0.0302731
2024-01-09 00:00:00+00:00,-0.000852943,0.783377,0.0549958,0.00241024,-0.000987166,3.00668,0.000962167,0.000279085,0.000130756,-1.72193e-06,0.000522007,20.0625,0.0304172
2024-01-10 00:00:00+00:00,-0.000102226,0.783297,0.0478723,0.0013528,-0.00103268,2.61973,0.000838355,0.000377301,0.000124658,1.95069e-06,0.00123683,18.0417,0.0307005
2024-01-11 00:00:00+00:00,-0.00178923,0.781895,0.0506722,0.00135163,-0.00235934,2.68126,0.000858008,0.000495064,0.000143546,-1.82051e-06,-0.000291428,18.4583,0.0320579
2024-01-12 00:00:00+00:00,-0.0011172,0.781022,0.0335769,0.000566114,-0.00221987,1.84459,0.000590273,0.000438691,9.31323e-05,1.4425e-06,3.45321e-06,15.7708,0.0311682
2024-01-13 00:00:00+00:00,-0.000584758,0.780565,0.023228,-0.000230776,-0.00245763,1.32935,0.0004254,0.000515995,6.62909e-05,1.70785e-08,0.000423339,12.0833,0.0310273
2024-01-14 00:00:00+00:00,0.000180712,0.780706,0.0139387,-0.00117699,-0.00172182,0.832333,0.000266353,0.000263208,2.80308e-05,1.44858e-06,0.000736931,9.33333,0.0308805
2024-01-15 00:00:00+00:00,-0.000884842,0.780015,0.0255699,0.000503833,-0.00180201,1.39474,0.000446319,0.000259449,4.8288e-05,3.23258e-06,-0.000134176,11.0625,0.0306363
2024-01-16 00:00:00+00:00,0.000506369,0.78041,0.0213095,0.00165945,-0.00217436,1.05613,0.000337973,0.000236184,3.06407e-05,8.52601e-06,0.0011027,9.39583,0.0315796
2024-01-17 00:00:00+00:00,-0.00078108,0.779801,0.0213325,0.0013656,-0.0020772,1.11391,0.000356449,0.000182607,2.9501e-05,6.47284e-06,-0.000219184,10.8125,0.0316073
2024-01-18 00:00:00+00:00,0.000411946,0.780122,0.0140088,-0.00184333,-0.0016854,0.882841,0.000282518,0.000264601,2.33913e-05,4.69677e-07,0.000982015,8.64583,0.0329599
2024-01-19 00:00:00+00:00,-0.000858332,0.779452,0.0262045,5.41997e-05,-0.0022401,1.44219,0.000461497,0.000340306,4.75834e-05,9.48592e-06,-1.83972e-05,10.2083,0.035083
2024-01-20 00:00:00+00:00,-0.000833184,0.778803,0.0255047,-0.00115833,-0.00233747,1.39696,0.000447032,0.000211433,4.69751e-05,8.96441e-06,-0.000136657,11.4792,0.0337722
2024-01-21 00:00:00+00:00,-0.000107168,0.778719,0.0200052,-0.00188015,-0.00266441,1.13403,0.000362896,0.000144069,3.38901e-05,5.28013e-06,0.000428501,10.3333,0.0339429
2024-01-22 00:00:00+00:00,-0.000988503,0.77795,0.0235477,0.000133879,-0.00178842,1.40512,0.00044964,0.000237414,4.16824e-05,5.43766e-06,-0.000265503,10.9375,0.0359599
2024-01-23 00:00:00+00:00,0.0013568,0.779005,0.0409619,0.00211833,-0.00224635,2.36721,0.000757557,0.000324973,0.000100394,1.11311e-05,0.00252801,14.75,0.0368988
2024-01-24 00:00:00+00:00,-0.00133096,0.777968,0.0410649,0.00382884,-0.00145197,2.27211,0.000727084,0.000391378,0.000119449,1.05882e-05,-0.000104126,13.0833,0.0365681
2024-01-25 00:00:00+00:00,-0.000269656,0.777759,0.0339624,0.00174366,-0.00173882,1.93864,0.000620382,0.000343128,8.65627e-05,5.41283e-06,0.000775435,11.9583,0.0366492
2024-01-26 00:00:00+00:00,-0.00111341,0.776893,0.04202,0.0063751,-0.00205616,2.23355,0.000714745,0.000251824,9.08169e-05,-3.40979e-06,-5.28209e-05,13.8542,0.036109
2024-01-27 00:00:00+00:00,0.000525371,0.777301,0.040868,0.00562453,-0.00103393,2.09794,0.000671367,0.000251124,7.65158e-05,-7.30169e-07,0.00152522,13.3125,0.0377467
2024-01-28 00:00:00+00:00,4.38756e-05,0.777335,0.0491625,0.00569503,-0.00122222,2.64253,0.00084565,0.000273644,0.000106985,-6.91638e-07,0.0012711,14.2917,0.0393489
2024-01-29 00:00:00+00:00,-0.000108009,0.777251,0.0398235,-0.000225307,-0.0044159,2.08481,0.00066716,0.000259989,7.05336e-05,-3.54869e-06,0.000893435,12.1875,0.0390618
2024-01-30 00:00:00+00:00,-0.000641203,0.776753,0.0459608,0.00145823,-0.00382115,2.23797,0.00071616,0.000289624,6.69471e-05,8.45297e-07,0.000430913,12.7708,0.0376067
2024-01-31 00:00:00+00:00,-0.000442895,0.776409,0.0455635,0.00451109,-0.000704914,2.71653,0.000869317,0.000299098,9.95614e-05,3.95478e-07,0.000824816,14.2292,0.0368034
2024-02-01 00:00:00+00:00,-0.000479434,0.776036,0.0382728,0.000527858,-0.00163626,2.17869,0.000697201,0.00031108,8.76472e-05,-4.37632e-06,0.00062112,13.1667,0.0366923
2024-02-02 00:00:00+00:00,0.000148192,0.776151,0.0367474,0.00162717,-0.00257169,2.06459,0.00066069,0.00024684,6.96505e-05,3.87068e-06,0.00112197,13.4792,0.0369045
2024-02-03 00:00:00+00:00,-0.000534975,0.775736,0.0358106,-0.00225007,-0.00317092,1.96279,0.0006281,0.000204911,6.90119e-05,-2.40455e-07,0.000367455,13.3125,0.0370648
2024-02-04 00:00:00+00:00,-0.000649695,0.775232,0.0307643,-0.000835728,-0.00394769,1.70511,0.000545639,0.00016579,5.50377e-05,1.41574e-06,0.000115279,11.8542,0.0371384
2024-02-05 00:00:00+00:00,-0.000769968,0.774635,0.039735,0.0027147,-0.00336689,2.41883,0.000774036,0.000196376,8.91797e-05,-2.1475e-06,0.000291704,14.2708,0.0380419
2024-02-06 00:00:00+00:00,-0.000766341,0.774042,0.0341202,-0.000813136,-0.00400289,2.03336,0.000650682,0.000206313,7.6122e-05,-1.27938e-06,0.000167922,12.7708,0.0377507
2024-02-07 00:00:00+00:00,-0.0010247,0.773248,0.0375998,0.000121481,-0.00325754,2.12654,0.000680498,0.000212195,6.66696e-05,-7.64471e-06,-5.79695e-05,13.25,0.0389091
2024-02-08 00:00:00+00:00,0.000293522,0.773475,0.0487221,0.00196,-0.0025717,2.55483,0.000817573,0.000180755,9.05038e-05,1.41138e-06,0.00138116,15.5625,0.039382
2024-02-09 00:00:00+00:00,-0.000419906,0.773151,0.0621873,0.00542368,-0.00277256,3.36227,0.00107596,0.000246781,0.000113452,1.54578e-05,0.00100106,17.2917,0.0409425
2024-02-10 00:00:00+00:00,-0.0010515,0.772338,0.0560765,0.00494442,-0.00241911,3.0451,0.00097445,0.000218355,0.000107874,2.0256e-06,0.000247013,16.8333,0.040095
2024-02-11 00:00:00+00:00,0.00011006,0.772423,0.0543986,0.00260475,-0.00277047,2.99136,0.000957272,0.000270472,0.000108051,5.0507e-06,0.00144104,17.0417,0.0403289
2024-02-12 00:00:00+00:00,-0.00148491,0.771276,0.0426581,0.00132149,-0.0038855,2.43496,0.000779186,0.000236424,8.85993e-05,1.20535e-05,-0.000393031,15.7708,0.0390013
2024-02-13 00:00:00+00:00,-0.000742667,0.770703,0.040056,0.00428876,-0.00228512,2.04796,0.000655352,0.000303766,8.06666e-05,2.19408e-06,0.000294919,14.1875,0.0380931
2024-02-14 00:00:00+00:00,-0.00154772,0.76951,0.0406752,0.00390286,-0.00119322,1.94921,0.00062374,0.000276758,7.38785e-05,4.91236e-06,-0.000579122,13.25,0.0374341
2024-02-15 00:00:00+00:00,-5.42129e-05,0.769468,0.0435562,0.00410083,-0.000320586,2.26579,0.000725084,0.000327004,9.04001e-05,2.86185e-06,0.00108596,15.3958,0.0370529
2024-02-16 00:00:00+00:00,-0.00128401,0.76848,0.0429431,0.00610606,-1.91348e-05,2.11219,0.000675903,0.000322401,8.54231e-05,-7.84e-06,-0.000192462,16.0417,0.0372042
2024-02-17 00:00:00+00:00,0.00022925,0.768656,0.0469119,0.00673355,-0.00067848,2.47472,0.000791939,0.000233044,0.000100334,1.56089e-05,0.00133923,17.5417,0.0371169
2024-02-18 00:00:00+00:00,-0.000287305,0.768436,0.0431031,0.0043474,-0.00152842,2.31885,0.000742049,0.000166256,7.85765e-05,1.01621e-05,0.000689485,17.7292,0.0360173
2024-02-19 00:00:00+00:00,-0.00126099,0.767467,0.0401325,0.00152145,-0.00152703,2.07386,0.000663637,0.000139956,6.67059e-05,5.19478e-06,-0.00039638,16.8333,0.035506
2024-02-20 00:00:00+00:00,-0.000906471,0.766771,0.0385186,0.0010355,-0.000357349,1.99162,0.000637324,0.000116436,7.93512e-05,3.8682e-06,-7.69378e-05,18.1458,0.0346193
2024-02-21 00:00:00+00:00,-0.000594825,0.766315,0.0424575,0.00174392,0.00034644,2.14726,0.000687133,0.000121233,8.52716e-05,7.81693e-06,0.000291031,19.1667,0.0352775
2024-02-22 00:00:00+00:00,-0.000611945,0.765846,0.0356682,0.00360767,-0.000653639,1.89359,0.000605959,0.00017832,6.43121e-05,2.45224e-05,0.000212188,17.7708,0.036148
2024-02-23 00:00:00+00:00,-4.65051e-05,0.76581,0.0356134,0.00289462,-2.19489e-05,1.81873,0.000582004,0.000110175,6.10983e-05,1.02953e-05,0.000696563,16.4375,0.0366837
2024-02-24 00:00:00+00:00,-0.00130938,0.764808,0.031094,0.00188923,-0.000299703,1.54285,0.000493712,0.000121655,4.73789e-05,1.96104e-05,-0.000666555,14.8125,0.0365331
2024-02-25 00:00:00+00:00,-0.000667028,0.764297,0.0257341,0.00146165,-0.00172816,1.41588,0.000453086,0.00011228,3.64357e-05,3.00697e-06,-6.82758e-05,14.3958,0.0364253
2024-02-26 00:00:00+00:00,-0.000215493,0.764133,0.0333238,0.00304261,-0.00108341,1.66789,0.000533734,0.000149254,5.02004e-05,5.32057e-06,0.000512669,16.9375,0.0376264
2024-02-27 00:00:00+00:00,-0.00122309,0.763198,0.0364493,0.00241315,-0.000879006,1.68345,0.000538703,0.000208086,4.36378e-05,9.57373e-06,-0.000442537,17.5208,0.0378327
2024-02-28 00:00:00+00:00,-0.000511845,0.762807,0.0300567,0.00295039,-0.000651778,1.4457,0.000462636,0.000239966,4.23252e-05,9.67545e-06,0.000223842,17.625,0.039033
2024-02-29 00:00:00+00:00,0.000283875,0.763024,0.0334927,0.00255805,-0.0002876,1.69856,0.000543557,0.000402196,5.47942e-05,-9.42016e-06,0.00129401,20.625,0.0404022
2024-03-01 00:00:00+00:00,0.000265326,0.763226,0.0350956,0.00406351,-0.000110788,1.92346,0.000615527,0.000573713,7.47188e-05,-8.49343e-06,0.00153793,21.6042,0.0422955
2024-03-02 00:00:00+00:00,-0.000940559,0.762509,0.0363191,0.00482409,-0.000355882,1.55754,0.000498413,0.000357811,5.04631e-05,-2.99949e-06,-3.09609e-05,18.5,0.04136
2024-03-03 00:00:00+00:00,-5.46362e-05,0.762467,0.0333754,0.00249462,-0.000392505,1.7168,0.000549392,0.000346741,5.93719e-05,-4.48566e-07,0.000901786,18.7917,0.0418937
2024-03-04 00:00:00+00:00,-0.000479927,0.762101,0.0304138,0.00294036,-4.09596e-05,1.53402,0.000490895,0.000363846,4.49843e-05,4.61756e-06,0.000415464,19.4583,0.0427809
2024-03-05 00:00:00+00:00,-0.000206588,0.761944,0.0292517,0.00255454,-8.22153e-05,1.41387,0.000452456,0.000423461,4.83061e-05,8.14765e-06,0.000710114,20.625,0.0444776
2024-03-06 00:00:00+00:00,-0.000403284,0.761636,0.0331287,0.000688045,-5.50017e-05,1.82318,0.00058343,0.000467424,8.65921e-05,-2.45167e-07,0.000734629,22.375,0.0466268
2024-03-07 00:00:00+00:00,0.000738642,0.762199,0.0347791,0.00234185,-5.19862e-05,1.82116,0.000582804,0.000482411,7.25878e-05,-1.63616e-06,0.00187826,21.8958,0.0466891
2024-03-08 00:00:00+00:00,-0.000856306,0.761546,0.0325558,0.00500579,-0.00042866,1.51129,0.000483629,0.000481027,5.06151e-05,9.07998e-06,0.000150139,20.9375,0.0482819
2024-03-09 00:00:00+00:00,-0.00132773,0.760535,0.0237857,0.00372251,-0.000229514,0.874136,0.000279721,0.000218631,2.21454e-05,1.62649e-05,-0.000824186,16.1875,0.0452292
2024-03-10 00:00:00+00:00,-0.000436593,0.760203,0.0254461,0.00142988,-0.000194522,1.18326,0.000378649,0.000325081,3.02731e-05,1.02476e-05,0.000287325,16.5833,0.0453074
2024-03-11 00:00:00+00:00,-0.00163315,0.758962,0.0247345,0.00131934,-0.000352017,1.0808,0.000345854,0.000202605,2.1253e-05,-4.84029e-07,-0.00106404,18.375,0.0438568
2024-03-12 00:00:00+00:00,0.000240562,0.759144,0.0245943,0.00298466,-0.000114197,1.28724,0.00041193,0.000214926,2.8001e-05,8.06182e-07,0.000894805,21,0.0433195
2024-03-13 00:00:00+00:00,-0.000164788,0.759019,0.0222889,0.00167459,-0.000650017,1.09586,0.000350679,0.000196827,2.33761e-05,3.04937e-06,0.000403174,19.5833,0.0434897
2024-03-14 00:00:00+00:00,-0.00041893,0.758701,0.0210481,0.00177106,-0.000661662,1.05092,0.000336296,0.000145877,2.107e-05,3.94185e-06,8.04086e-05,20.9167,0.0422108
2024-03-15 00:00:00+00:00,-0.000103246,0.758623,0.0208431,0.000269078,7.55942e-05,1.1867,0.000379751,0.000121599,2.94982e-05,1.31131e-06,0.000426364,22.3542,0.0408808
2024-03-16 00:00:00+00:00,-3.00207e-05,0.7586,0.0202803,5.03877e-05,-1.07892e-05,1.10759,0.000354435,8.5402e-05,2.66174e-05,7.41943e-07,0.000435815,20.1667,0.040467
2024-03-17 00:00:00+00:00,-9.47295e-05,0.758528,0.01936,0.00156122,-9.47387e-05,1.02831,0.000329062,8.0693e-05,2.43084e-05,9.39211e-07,0.00033847,20.6458,0.0412022
2024-03-18 00:00:00+00:00,-0.000858479,0.757877,0.0194906,0.000483266,-1.22084e-05,0.979657,0.00031349,0.000115982,2.02439e-05,-1.18358e-06,-0.000407864,19.1458,0.041902
2024-03-19 00:00:00+00:00,-6.69428e-06,0.757872,0.0185334,-0.000161951,-7.07558e-05,1.08067,0.000345821,0.000120714,2.57492e-05,-1.17667e-07,0.000485763,19.8333,0.0417381
2024-03-20 00:00:00+00:00,6.29724e-05,0.75792,0.0132936,0.000759445,-5.76429e-05,0.832512,0.000266408,0.00019357,2.22948e-05,7.94826e-07,0.00054453,16.1042,0.0420152
2024-03-21 00:00:00+00:00,-0.000110558,0.757836,0.0150753,0.000966875,-3.17764e-05,0.822541,0.000263215,0.000163259,1.91041e-05,-6.75215e-09,0.00033505,16.4375,0.0425174
2024-03-22 00:00:00+00:00,-4.46754e-05,0.757802,0.00804525,0.000161159,-0.000253088,0.495527,0.00015857,0.000173745,9.74301e-06,2.07262e-07,0.000297193,12.3333,0.0415339
2024-03-23 00:00:00+00:00,-3.72115e-05,0.757774,0.00702364,-5.15051e-05,-0.000373834,0.41074,0.000131438,0.000169858,7.33641e-06,8.88094e-07,0.000270556,10.6875,0.0415386
2024-03-24 00:00:00+00:00,-0.000258576,0.757578,0.00479891,-0.000215986,-0.000358763,0.321113,0.000102757,0.00013861,5.06981e-06,1.33516e-06,-1.34949e-05,8.02083,0.0422465
2024-03-25 00:00:00+00:00,-2.2301e-05,0.757561,0.0042636,-0.000268217,-0.000501588,0.245878,7.86815e-05,0.000120437,3.52105e-06,9.21046e-08,0.000180256,8.20833,0.0413607
2024-03-26 00:00:00+00:00,-6.49334e-05,0.757512,0.00514897,7.36263e-06,-0.000469824,0.313583,0.000100348,0.000159256,4.45534e-06,-1.22911e-06,0.00020037,8.79167,0.0413805
2024-03-27 00:00:00+00:00,-0.000306864,0.757279,0.00960642,0.000438448,-0.000294661,0.553304,0.000177057,0.000113624,7.44344e-06,3.26118e-06,-1.20141e-05,13.0833,0.0407599
2024-03-28 00:00:00+00:00,-0.000584754,0.756836,0.0075603,0.000876364,-0.000392684,0.420655,0.000134609,0.000104991,5.85985e-06,8.36562e-07,-0.000340244,11.9792,0.0396842
2024-03-29 00:00:00+00:00,-0.000427557,0.756513,0.00825314,0.00012949,-0.000164333,0.458909,0.000146851,8.15395e-05,5.97251e-06,9.12886e-07,-0.000194175,12.8958,0.0381261
2024-03-30 00:00:00+00:00,-0.000123056,0.75642,0.00812798,0.00125472,-8.46418e-05,0.332063,0.00010626,5.44318e-05,4.16735e-06,5.43322e-06,3.63739e-05,12.1667,0.0371773
2024-03-31 00:00:00+00:00,-0.000248123,0.756232,0.00779242,0.000816038,-0.000516914,0.349362,0.000111796,3.45214e-05,4.07226e-06,5.02795e-06,-0.000102778,11.1875,0.0369868
2024-04-01 00:00:00+00:00,7.07979e-05,0.756286,0.00732893,0.000221421,-0.000188076,0.432325,0.000138345,5.13647e-05,6.10294e-06,8.6539e-07,0.00026576,12.75,0.037584
2024-04-02 00:00:00+00:00,-0.000198191,0.756136,0.00887014,0.000105786,-3.94201e-05,0.527324,0.000168744,4.91384e-05,8.77201e-06,2.61395e-07,2.81916e-05,15.0208,0.0378982
2024-04-03 00:00:00+00:00,-0.000131428,0.756036,0.00919776,0.00054513,0.000128853,0.579169,0.000185335,3.18334e-05,8.81094e-06,3.85672e-07,9.41662e-05,16.5,0.0379573
2024-04-04 00:00:00+00:00,-1.36528e-05,0.756026,0.0096262,0.00090229,2.40737e-05,0.4907,0.000157025,2.97806e-05,7.24256e-06,1.62253e-06,0.000178792,15.1458,0.0373122
2024-04-05 00:00:00+00:00,-8.27883e-05,0.755963,0.00827257,0.000963216,0.000123005,0.441748,0.00014136,2.81939e-05,6.40456e-06,2.5153e-06,9.06571e-05,14.5625,0.0363909
2024-04-06 00:00:00+00:00,-0.000201306,0.755811,0.00626206,0.000971138,-0.000192193,0.274094,8.77099e-05,2.01172e-05,3.1001e-06,3.05944e-07,-9.06999e-05,11.6875,0.0352635
2024-04-07 00:00:00+00:00,-9.28354e-05,0.755741,0.00557885,0.000933605,-0.000257621,0.242648,7.76474e-05,1.50171e-05,2.54268e-06,1.05297e-08,2.36054e-06,11.0833,0.0347196
2024-04-08 00:00:00+00:00,-8.28336e-05,0.755678,0.0057284,0.000248802,-0.000304111,0.360407,0.000115331,1.85203e-05,3.59517e-06,-4.47784e-07,5.5062e-05,12.5833,0.0344899
2024-04-09 00:00:00+00:00,-3.69183e-05,0.755651,0.00610486,0.000330586,-8.53184e-05,0.379406,0.00012141,3.31883e-05,4.66924e-06,-8.99408e-07,0.00012326,13.0833,0.0344391
2024-04-10 00:00:00+00:00,-9.65392e-05,0.755578,0.0042768,0.000506713,6.31682e-07,0.25966,8.30916e-05,2.82917e-05,2.97956e-06,2.37546e-06,1.54486e-05,10.2917,0.0336577
2024-04-11 00:00:00+00:00,-2.25153e-05,0.755561,0.00473685,0.000470136,-6.80275e-05,0.277131,8.86821e-05,2.27355e-05,2.94428e-06,2.44112e-07,9.16056e-05,10.9167,0.0346499
2024-04-12 00:00:00+00:00,0.000191295,0.755705,0.00608137,0.000235572,-9.26969e-05,0.3604,0.000115329,2.39334e-05,7.36505e-06,9.54943e-07,0.000336972,12.5,0.0358147
2024-04-13 00:00:00+00:00,0.000501649,0.756084,0.0104891,0.000397805,-2.76453e-06,0.628487,0.00020112,3.05599e-05,1.98118e-05,2.02223e-06,0.000751027,18.3125,0.0373382
2024-04-14 00:00:00+00:00,0.000313125,0.756321,0.0121809,0.00126536,6.11097e-06,0.746499,0.000238883,3.69894e-05,3.15247e-05,6.03102e-07,0.000619887,20.5208,0.0378014
2024-04-15 00:00:00+00:00,-3.10649e-05,0.756297,0.0129952,0.00148932,-7.8999e-05,0.650187,0.000208061,2.79154e-05,2.04986e-05,2.22887e-06,0.000223208,18.5625,0.0376907
2024-04-16 00:00:00+00:00,-0.000119179,0.756207,0.0107564,0.00125234,8.9344e-07,0.603777,0.00019321,3.54273e-05,1.79873e-05,2.69713e-06,0.000124759,17.8125,0.0367319
2024-04-17 00:00:00+00:00,-0.000189625,0.756064,0.0103679,0.0007875,-8.1213e-05,0.584826,0.000187144,3.25593e-05,1.45156e-05,-1.26826e-07,4.47127e-05,17.5625,0.0366847
2024-04-18 00:00:00+00:00,-0.000194217,0.755917,0.00968555,0.000597182,-5.15057e-05,0.556654,0.00017813,2.62511e-05,1.31254e-05,-3.3048e-07,2.36096e-05,16.625,0.0361588
2024-04-19 00:00:00+00:00,-0.000201392,0.755765,0.00779498,0.000751956,-1.66752e-05,0.437625,0.00014004,2.73807e-05,9.61737e-06,2.92245e-08,-2.43938e-05,14.6875,0.0353968
2024-04-20 00:00:00+00:00,-8.95643e-05,0.755697,0.00588416,0.000777312,8.82534e-06,0.344961,0.000110388,2.84611e-05,5.97202e-06,-2.55389e-09,5.52604e-05,13.0625,0.034863
2024-04-21 00:00:00+00:00,-4.29115e-05,0.755665,0.00592417,0.000567074,-4.62186e-05,0.366512,0.000117284,2.8632e-05,5.83329e-06,4.69831e-07,0.000108375,13.9167,0.0336466
2024-04-22 00:00:00+00:00,-1.30898e-05,0.755655,0.00579797,0.000331721,-7.72484e-05,0.390401,0.000124929,3.21238e-05,5.0753e-06,3.31372e-07,0.000148711,13.5208,0.0339565
2024-04-23 00:00:00+00:00,-0.000240648,0.755473,0.00562766,0.000641481,-0.000203383,0.311593,9.97097e-05,2.35601e-05,3.32242e-06,1.21046e-06,-0.000115285,13.1042,0.0338776
2024-04-24 00:00:00+00:00,-8.13389e-05,0.755412,0.00529433,0.000467295,-0.000198073,0.304661,9.7492e-05,1.66703e-05,3.21747e-06,6.28732e-07,3.54159e-05,12.7917,0.0327976
2024-04-25 00:00:00+00:00,1.95744e-05,0.755426,0.00594177,0.000389291,-0.000142197,0.349053,0.000111697,2.40836e-05,4.44191e-06,7.02883e-07,0.000159097,13.6875,0.0335556
2024-04-26 00:00:00+00:00,-2.27896e-05,0.755409,0.00448288,-0.000164685,-0.000188152,0.30842,9.86947e-05,2.50122e-05,3.91331e-06,2.89714e-07,0.000104543,11.5833,0.0338438
2024-04-27 00:00:00+00:00,-0.000178299,0.755274,0.00471097,0.000259728,-0.000155684,0.276288,8.84123e-05,2.93363e-05,4.18711e-06,4.39599e-07,-5.68128e-05,11.1042,0.0345863
2024-04-28 00:00:00+00:00,-1.07387e-05,0.755266,0.00355983,0.000243631,-0.000291697,0.233774,7.48079e-05,1.84336e-05,2.58143e-06,3.95095e-07,8.46906e-05,10.1042,0.0346395
2024-04-29 00:00:00+00:00,-9.27668e-05,0.755196,0.00466576,-3.05045e-05,-0.000270043,0.311566,9.97013e-05,1.72175e-05,3.97474e-06,2.10133e-06,2.60232e-05,12.0417,0.0345892
2024-04-30 00:00:00+00:00,-0.000142294,0.755089,0.00562103,0.000215826,-8.79041e-05,0.359017,0.000114886,2.71522e-05,5.00839e-06,1.08196e-06,3.663e-06,13.5625,0.0347438
2024-05-01 00:00:00+00:00,-0.00026252,0.754891,0.00619748,0.00057941,-5.29961e-05,0.366373,0.000117239,2.62412e-05,5.27085e-06,1.47149e-06,-0.000115267,15.5625,0.034144
2024-05-02 00:00:00+00:00,-0.000193941,0.754744,0.00519811,0.000664691,-0.000102283,0.292163,9.34921e-05,1.24091e-05,3.97759e-06,1.94385e-07,-8.4271e-05,15.2917,0.031843
2024-05-03 00:00:00+00:00,-0.000124165,0.75465,0.00374137,0.00032955,-0.000170058,0.211411,6.76515e-05,8.45644e-06,2.4464e-06,5.52195e-07,-4.61666e-05,13.5,0.0292361
2024-05-04 00:00:00+00:00,-6.19406e-05,0.754604,0.00249527,0.000349843,-0.000149669,0.144158,4.61305e-05,5.7673e-06,1.44413e-06,1.18581e-06,-9.7835e-06,11.2292,0.0272017
2024-05-05 00:00:00+00:00,-7.54036e-05,0.754547,0.00230195,0.00011026,-8.43485e-05,0.144056,4.60978e-05,5.76223e-06,1.33451e-06,1.4474e-06,-2.3658e-05,10.7292,0.0269597
2024-05-06 00:00:00+00:00,3.26381e-05,0.754571,0.00219916,0.000192605,-0.000101365,0.136243,4.35977e-05,6.43095e-06,1.34589e-06,6.44262e-07,8.33684e-05,12.0625,0.0256988
2024-05-07 00:00:00+00:00,2.05989e-05,0.754587,0.00219791,7.26198e-05,-9.17664e-05,0.141401,4.52483e-05,7.69065e-06,1.55554e-06,2.28032e-07,7.48658e-05,10.7083,0.0264751
2024-05-08 00:00:00+00:00,-0.000101171,0.754511,0.00194701,-9.42038e-05,-0.000119909,0.127973,4.09514e-05,7.58564e-06,1.52355e-06,-1.05108e-07,-5.10085e-05,8.85417,0.0280995
2024-05-09 00:00:00+00:00,-1.91785e-05,0.754496,0.00159211,0.000137795,-6.23799e-05,0.101034,3.2331e-05,7.02995e-06,1.013e-06,3.06938e-07,2.08895e-05,7.89583,0.0280507
2024-05-10 00:00:00+00:00,-2.47537e-05,0.754477,0.00134636,4.17561e-05,-0.00013812,0.0901608,2.88515e-05,5.76652e-06,9.25491e-07,1.65123e-07,1.06249e-05,7.72917,0.027349
2024-05-11 00:00:00+00:00,-2.88746e-05,0.754456,0.00196094,2.2042e-05,-0.000110808,0.126511,4.04837e-05,5.95627e-06,1.49082e-06,-8.57089e-08,1.91421e-05,9.16667,0.0281569
2024-05-12 00:00:00+00:00,4.8563e-06,0.754459,0.00146963,-8.86915e-05,-0.000183274,0.100064,3.20205e-05,4.90817e-06,9.90136e-07,1.23549e-07,4.2652e-05,7.35417,0.0296614
2024-05-13 00:00:00+00:00,-6.23449e-05,0.754412,0.00197313,7.89438e-05,-9.4596e-05,0.138858,4.44345e-05,8.64502e-06,1.421e-06,4.61154e-07,-8.30524e-06,9.75,0.0304849
2024-05-14 00:00:00+00:00,-3.76702e-05,0.754384,0.00225052,0.000279552,-7.68944e-05,0.150092,4.80295e-05,8.65301e-06,1.49653e-06,2.82999e-07,2.02258e-05,11.0625,0.0293017
2024-05-15 00:00:00+00:00,-0.000149798,0.754271,0.00235765,3.47028e-05,-0.000104088,0.151612,4.85156e-05,9.31507e-06,1.7219e-06,9.31871e-07,-9.11872e-05,11.625,0.0302172
2024-05-16 00:00:00+00:00,-0.000116679,0.754183,0.00248323,0.000162079,-6.48168e-05,0.151409,4.84507e-05,9.5955e-06,1.74552e-06,-1.25091e-06,-5.56417e-05,11.75,0.0299703
2024-05-17 00:00:00+00:00,-9.81753e-05,0.754109,0.00209557,5.85491e-05,-0.000114883,0.128031,4.09698e-05,1.19282e-05,1.4882e-06,2.55603e-07,-4.40475e-05,11.4792,0.0293379
2024-05-18 00:00:00+00:00,-0.000179053,0.753974,0.00186071,-0.000164942,-0.000219518,0.101846,3.25908e-05,9.49822e-06,1.12133e-06,2.2348e-07,-0.000136079,10.0417,0.029977
2024-05-19 00:00:00+00:00,-3.16943e-05,0.75395,0.0011834,-0.000171979,-0.000206998,0.0747015,2.39045e-05,6.3625e-06,6.7826e-07,8.79535e-08,-8.3722e-07,8.375,0.0297038
2024-05-20 00:00:00+00:00,-6.8434e-05,0.753898,0.00193227,-2.50058e-05,-0.000197755,0.114089,3.65083e-05,1.00395e-05,1.23653e-06,1.86082e-07,-2.08364e-05,11.0417,0.0308283
2024-05-21 00:00:00+00:00,-9.22896e-05,0.753829,0.00253171,0.000173211,-0.000101854,0.119717,3.83094e-05,1.11982e-05,1.27116e-06,7.94971e-07,-4.23067e-05,13.4583,0.0311495
2024-05-22 00:00:00+00:00,-8.1479e-05,0.753767,0.00189081,6.27271e-05,-7.17955e-05,0.0989284,3.16571e-05,1.04967e-05,8.97677e-07,9.67311e-08,-3.85254e-05,12.625,0.0287797
2024-05-23 00:00:00+00:00,7.29788e-05,0.753822,0.00238566,0.000162213,-2.81861e-05,0.138015,4.41649e-05,1.1145e-05,1.46182e-06,7.09028e-08,0.000129679,13.7917,0.030977
2024-05-24 00:00:00+00:00,-1.32519e-05,0.753812,0.00253426,-2.31047e-05,-3.62471e-05,0.144926,4.63764e-05,1.52715e-05,1.49171e-06,6.75224e-08,4.98211e-05,14.5,0.032187
2024-05-25 00:00:00+00:00,-2.00484e-05,0.753797,0.00222498,7.17997e-05,-0.000110285,0.123719,3.95901e-05,1.2569e-05,1.1653e-06,1.42458e-07,3.31345e-05,12.6042,0.0336196
2024-05-26 00:00:00+00:00,-5.32149e-06,0.753793,0.00201304,3.71759e-05,-0.000139776,0.126261,4.04037e-05,1.16237e-05,9.21461e-07,-2.15887e-08,4.76498e-05,11.9792,0.0339915
2024-05-27 00:00:00+00:00,-7.00749e-05,0.75374,0.00182739,-1.08857e-05,-0.000150563,0.0909054,2.90897e-05,1.08111e-05,6.39238e-07,4.62394e-08,-2.95821e-05,10.5417,0.0326999
2024-05-28 00:00:00+00:00,1.70066e-05,0.753753,0.0012845,-2.95995e-05,-0.000170717,0.0805959,2.57907e-05,8.42246e-06,6.30428e-07,3.40282e-07,5.15106e-05,10,0.0298935
2024-05-29 00:00:00+00:00,6.55047e-06,0.753758,0.00136461,-0.000174748,-8.71577e-05,0.0874435,2.7982e-05,7.95508e-06,7.88249e-07,1.71761e-07,4.31045e-05,10.1875,0.0291694
2024-05-30 00:00:00+00:00,-6.09542e-05,0.753712,0.00119748,-7.53721e-05,-2.5713e-05,0.069777,2.23286e-05,5.19136e-06,6.2185e-07,-2.03257e-08,-3.27933e-05,9.4375,0.0292064
2024-05-31 00:00:00+00:00,-2.01892e-05,0.753697,0.00123801,-4.54722e-05,-9.57271e-05,0.0767957,2.45746e-05,5.51401e-06,6.84579e-07,1.15517e-07,1.04686e-05,9.04167,0.0302408
2024-06-01 00:00:00+00:00,-7.31122e-05,0.753642,0.00111739,-9.40159e-05,-0.000154104,0.0701334,2.24427e-05,5.31111e-06,6.8084e-07,1.29026e-09,-4.46808e-05,9.10417,0.0305212
2024-06-02 00:00:00+00:00,1.9877e-05,0.753657,0.000984276,-3.27182e-05,-0.00011122,0.0661513,2.11684e-05,3.8296e-06,6.11871e-07,-3.74476e-08,4.55244e-05,8.33333,0.031584
2024-06-03 00:00:00+00:00,-5.37141e-05,0.753616,0.00150483,-5.01919e-05,-0.000123439,0.094226,3.01523e-05,6.44829e-06,9.43211e-07,-3.3769e-07,-1.58318e-05,10.9583,0.0326332
2024-06-04 00:00:00+00:00,1.83396e-06,0.753618,0.00176452,-5.75826e-05,-8.2339e-05,0.115928,3.7097e-05,6.97957e-06,9.67434e-07,3.36291e-07,4.65423e-05,12.5833,0.0328732
2024-06-05 00:00:00+00:00,1.15512e-05,0.753626,0.00194265,0.000169077,-8.57043e-05,0.128892,4.12455e-05,6.28964e-06,9.54812e-07,-5.60026e-08,6.00982e-05,13.3958,0.0336064
2024-06-06 00:00:00+00:00,2.1247e-05,0.753642,0.00246639,0.000206496,-0.000106797,0.168608,5.39547e-05,8.06965e-06,1.60724e-06,-6.49374e-08,8.4944e-05,14.3542,0.0359801
2024-06-07 00:00:00+00:00,-6.6049e-05,0.753593,0.00259023,2.63579e-05,-4.53101e-05,0.142867,4.57176e-05,6.34034e-06,1.94368e-06,4.15141e-07,-1.24623e-05,12.7708,0.0371381
2024-06-08 00:00:00+00:00,-5.26484e-05,0.753553,0.00276509,0.000141964,-3.44374e-05,0.16497,5.27905e-05,6.59882e-06,2.98903e-06,3.36334e-07,9.39381e-06,15.2083,0.0378626
2024-06-09 00:00:00+00:00,5.08419e-07,0.753553,0.00266987,0.000356377,-4.91308e-05,0.154198,4.93434e-05,6.16792e-06,1.94454e-06,1.53485e-07,5.78113e-05,14.7083,0.0383318
2024-06-10 00:00:00+00:00,-5.06554e-05,0.753515,0.00271296,0.000256215,-5.03309e-05,0.166186,5.31794e-05,7.11725e-06,1.88572e-06,1.16903e-07,1.14102e-05,15.4583,0.039249
2024-06-11 00:00:00+00:00,-3.67659e-05,0.753488,0.00283553,0.00026768,-3.99857e-05,0.16858,5.39457e-05,6.74322e-06,1.8159e-06,4.11431e-07,2.53277e-05,16.7708,0.0394897
2024-06-12 00:00:00+00:00,7.81815e-06,0.753493,0.00300224,0.000259144,-3.32748e-05,0.191948,6.14236e-05,7.67795e-06,2.26806e-06,5.55198e-08,7.91344e-05,17.1458,0.0400172
2024-06-13 00:00:00+00:00,-4.69422e-05,0.753458,0.00303305,0.000221757,-3.54184e-05,0.177315,5.6741e-05,7.09262e-06,2.13106e-06,-1.62667e-07,1.91852e-05,16.5417,0.0403945
2024-06-14 00:00:00+00:00,-2.36362e-05,0.75344,0.00283428,0.000171005,-4.16293e-05,0.171352,5.48328e-05,7.5664e-06,2.03843e-06,-5.20453e-07,4.13221e-05,16.4375,0.04085
2024-06-15 00:00:00+00:00,-3.3588e-05,0.753415,0.00276463,0.000207572,-4.30389e-05,0.173145,5.54065e-05,8.52864e-06,2.18292e-06,1.99416e-07,3.23307e-05,16.2917,0.0412844
2024-06-16 00:00:00+00:00,-3.91522e-05,0.753385,0.00229529,0.000179127,-6.37177e-05,0.148601,4.75525e-05,6.28667e-06,1.4305e-06,1.07741e-07,1.60094e-05,14.7708,0.0411112
2024-06-17 00:00:00+00:00,-1.01061e-05,0.753378,0.00220992,2.29738e-05,-2.36321e-05,0.148006,4.7362e-05,6.34284e-06,1.50787e-06,3.2724e-08,4.50745e-05,14.1667,0.0403869
2024-06-18 00:00:00+00:00,-1.10917e-05,0.753369,0.00293209,0.000209421,3.96617e-06,0.184653,5.90889e-05,7.41467e-06,2.46813e-06,4.72436e-07,5.74085e-05,17.8125,0.0410176
2024-06-19 00:00:00+00:00,1.30394e-05,0.753379,0.00292133,0.000505877,-1.80931e-05,0.170768,5.4646e-05,1.00896e-05,2.13231e-06,-4.61776e-08,7.9954e-05,16.8333,0.0417057
2024-06-20 00:00:00+00:00,-5.476e-05,0.753338,0.0025726,0.000497489,-1.56407e-05,0.140332,4.49062e-05,9.4644e-06,1.4229e-06,2.65645e-07,7.66848e-07,14.5833,0.0417548
2024-06-21 00:00:00+00:00,-7.86363e-05,0.753279,0.00219756,0.000210094,-1.41749e-05,0.144188,4.61401e-05,8.68664e-06,1.40149e-06,1.03899e-07,-2.25137e-05,16.0208,0.0408804
2024-06-22 00:00:00+00:00,-5.08185e-05,0.753241,0.00169013,0.000232077,-2.74548e-05,0.10432,3.33823e-05,6.17796e-06,9.41944e-07,-6.29481e-08,-1.02543e-05,12.625,0.0397439
2024-06-23 00:00:00+00:00,-2.98696e-05,0.753218,0.00147189,0.000105776,-4.96719e-05,0.0914907,2.92771e-05,6.26716e-06,6.44073e-07,-5.50668e-08,6.37357e-06,12.0417,0.0403353
2024-06-24 00:00:00+00:00,-3.07623e-05,0.753195,0.00177658,0.000277579,-1.9221e-05,0.105847,3.3871e-05,1.0105e-05,8.4031e-07,4.19059e-08,1.4012e-05,13.5208,0.0405407
2024-06-25 00:00:00+00:00,-1.82215e-05,0.753181,0.00174325,0.000246243,-3.30704e-06,0.105899,3.38876e-05,1.07946e-05,7.26875e-07,-3.52968e-08,2.72229e-05,14.9167,0.040085
2024-06-26 00:00:00+00:00,-3.86404e-05,0.753152,0.00175038,0.000145518,-1.56414e-05,0.111875,3.58001e-05,6.23124e-06,8.26224e-07,1.63526e-08,4.20029e-06,15.7708,0.0399765
2024-06-27 00:00:00+00:00,-4.61571e-05,0.753117,0.00171388,4.68785e-05,-7.47917e-06,0.104631,3.34819e-05,4.58118e-06,8.55378e-07,8.31103e-08,-7.32207e-06,14.7292,0.0411545
2024-06-28 00:00:00+00:00,2.78971e-06,0.753119,0.00155509,5.06239e-06,-4.58232e-06,0.103232,3.30344e-05,6.64783e-06,7.44461e-07,-1.9665e-08,4.32363e-05,14.7917,0.0417569
2024-06-29 00:00:00+00:00,-1.81489e-05,0.753106,0.00137196,4.06272e-05,-7.12066e-06,0.090056,2.88179e-05,6.70368e-06,6.2896e-07,1.4807e-07,1.78535e-05,14.3125,0.0412655
2024-06-30 00:00:00+00:00,-2.27581e-05,0.753089,0.00105536,-3.57543e-05,-2.92072e-05,0.0701667,2.24533e-05,4.44893e-06,4.42833e-07,1.68411e-08,4.57007e-06,11.2292,0.0395224
2024-07-01 00:00:00+00:00,-2.45844e-05,0.75307,0.00122197,7.88523e-06,-6.16247e-05,0.0735092,2.35229e-05,6.33439e-06,5.30896e-07,-1.47012e-07,5.95073e-06,13.0208,0.0393701
2024-07-02 00:00:00+00:00,-4.27507e-06,0.753067,0.00106791,-1.0936e-05,-3.76596e-05,0.0649151,2.07729e-05,5.08187e-06,4.33852e-07,9.17273e-08,2.19219e-05,12.3333,0.038916
2024-07-03 00:00:00+00:00,-4.88643e-05,0.75303,0.00113104,3.17179e-05,-1.69803e-07,0.0694252,2.22161e-05,5.64517e-06,4.94244e-07,-1.79305e-08,-2.0492e-05,13.6875,0.0396751
2024-07-04 00:00:00+00:00,-2.61294e-05,0.75301,0.00124722,2.06145e-05,-4.21808e-05,0.0775114,2.48037e-05,6.83841e-06,6.17734e-07,3.20895e-08,6.09824e-06,14.7083,0.0397658
2024-07-05 00:00:00+00:00,-2.40841e-05,0.752992,0.00122384,4.70796e-05,-7.18197e-06,0.0805136,2.57644e-05,8.18377e-06,9.51886e-07,1.30564e-07,1.06855e-05,16.1458,0.0387632
2024-07-06 00:00:00+00:00,-2.3949e-05,0.752974,0.00109469,0.000134634,-9.72602e-06,0.0624227,1.99753e-05,6.58858e-06,6.06754e-07,1.05521e-07,3.116e-06,14.6875,0.0382887
2024-07-07 00:00:00+00:00,-7.46174e-06,0.752969,0.000944094,0.000121949,-7.07055e-06,0.0586647,1.87727e-05,5.00964e-06,4.83221e-07,-1.6786e-08,1.68207e-05,13.7083,0.0377541
2024-07-08 00:00:00+00:00,-2.05991e-05,0.752953,0.000919904,7.52354e-05,-6.10672e-06,0.058329,1.86653e-05,3.88598e-06,5.51905e-07,1.22754e-09,2.50277e-06,14.1042,0.0364132
2024-07-09 00:00:00+00:00,6.75586e-06,0.752958,0.000820562,6.62168e-05,-7.99662e-06,0.0519278,1.66169e-05,3.69243e-06,4.46399e-07,1.08204e-08,2.75008e-05,13.7292,0.035701
2024-07-10 00:00:00+00:00,-3.12001e-05,0.752935,0.000698083,8.9193e-05,-2.32326e-05,0.03788,1.21216e-05,2.23551e-06,2.30001e-07,6.57426e-09,-1.66199e-05,11.7917,0.0347792
2024-07-11 00:00:00+00:00,-1.87695e-05,0.752921,0.000641392,1.1904e-05,-1.54269e-05,0.0384797,1.23135e-05,1.90583e-06,2.26205e-07,1.08532e-07,-4.43254e-06,11.4167,0.0338324
2024-07-12 00:00:00+00:00,-1.43914e-05,0.75291,0.000501652,1.77394e-05,-1.84841e-05,0.0323628,1.03561e-05,1.50143e-06,1.8717e-07,-2.08432e-08,-2.32587e-06,10.2708,0.0315588
2024-07-13 00:00:00+00:00,-5.54966e-06,0.752905,0.00038246,-1.84999e-05,-6.2555e-07,0.0267947,8.57431e-06,1.27593e-06,1.33211e-07,3.45609e-08,4.39926e-06,8.9375,0.0304007
2024-07-14 00:00:00+00:00,-1.00873e-05,0.752898,0.000341745,4.43226e-05,-1.58288e-05,0.021961,7.02752e-06,1.22472e-06,8.86449e-08,1.98286e-08,-1.76622e-06,8.20833,0.0301401
2024-07-15 00:00:00+00:00,-2.28573e-05,0.752881,0.000378032,5.75035e-05,-2.11492e-05,0.0192709,6.1667e-06,1.4697e-06,7.68361e-08,4.44067e-08,-1.51886e-05,7.85417,0.0308016
2024-07-16 00:00:00+00:00,-1.14544e-05,0.752872,0.000262498,4.33696e-05,-1.18682e-05,0.0149884,4.79628e-06,1.59148e-06,5.46863e-08,3.42215e-08,-5.04624e-06,7.4375,0.0287625
2024-07-17 00:00:00+00:00,1.11642e-05,0.75288,0.000245454,9.02469e-06,-1.79762e-05,0.0152283,4.87307e-06,1.9162e-06,6.67042e-08,3.30843e-08,1.7987e-05,7.41667,0.0289557
2024-07-18 00:00:00+00:00,-1.37204e-05,0.75287,0.000233858,1.80455e-05,-9.2931e-06,0.0138163,4.42121e-06,1.74421e-06,6.20181e-08,5.66348e-08,-7.5497e-06,6.66667,0.0281536
2024-07-19 00:00:00+00:00,-9.02915e-06,0.752863,0.000256444,3.01254e-05,-1.23029e-05,0.0150621,4.81986e-06,1.39525e-06,5.81896e-08,4.73476e-09,-2.7606e-06,7.375,0.0285591
2024-07-20 00:00:00+00:00,-1.16875e-06,0.752862,0.0002318,1.48062e-05,-1.08426e-05,0.0128356,4.10738e-06,8.58457e-07,4.22182e-08,7.04007e-08,3.76894e-06,7.27083,0.0282555
2024-07-21 00:00:00+00:00,-3.54794e-06,0.75286,0.00023585,-1.72e-06,-1.5619e-05,0.0141825,4.53839e-06,1.16007e-06,4.60132e-08,3.58227e-08,2.16073e-06,6.83333,0.0292031
2024-07-22 00:00:00+00:00,-5.07228e-06,0.752856,0.000354667,-1.1862e-05,-2.09824e-05,0.022727,7.27266e-06,1.63912e-06,9.72926e-08,3.0928e-08,3.90587e-06,9.41667,0.0299516
2024-07-23 00:00:00+00:00,-2.02847e-05,0.752841,0.000374197,1.99955e-05,-6.92542e-06,0.0214538,6.86523e-06,1.64514e-06,1.00638e-07,3.68555e-08,-1.17106e-05,9.45833,0.0302686
2024-07-24 00:00:00+00:00,-1.71915e-05,0.752828,0.000262673,1.53728e-05,-2.79307e-06,0.0151855,4.85936e-06,1.11781e-06,5.95548e-08,1.01439e-07,-1.12564e-05,7.77083,0.0277931
2024-07-25 00:00:00+00:00,-5.47947e-06,0.752824,0.000241183,1.64268e-05,-3.80704e-06,0.0152641,4.8845e-06,9.11314e-07,6.69746e-08,2.07734e-09,3.81246e-07,9.04167,0.0268709
2024-07-26 00:00:00+00:00,-6.8265e-06,0.752818,0.000269108,2.92143e-05,-1.11326e-05,0.0155567,4.97813e-06,6.43053e-07,5.58244e-08,-3.32406e-09,-1.14618e-06,9.04167,0.0273567
2024-07-27 00:00:00+00:00,6.18344e-07,0.752819,0.000231988,1.71763e-05,-9.03051e-06,0.013395,4.28639e-06,6.71544e-07,4.39161e-08,8.45708e-08,5.53564e-06,7.91667,0.0273718
2024-07-28 00:00:00+00:00,-7.6062e-06,0.752813,0.000263428,9.42188e-06,-1.17249e-05,0.0159526,5.10484e-06,7.0861e-07,5.7959e-08,-2.51855e-09,-1.73229e-06,8.14583,0.0286036
2024-07-29 00:00:00+00:00,-5.93934e-06,0.752809,0.000281726,1.49516e-05,-1.33834e-05,0.0175616,5.61973e-06,7.83373e-07,6.46179e-08,4.24703e-08,4.85925e-07,8.89583,0.02926
2024-07-30 00:00:00+00:00,-1.38214e-05,0.752798,0.000298199,1.19849e-05,-1.40795e-05,0.0175706,5.6226e-06,7.53923e-07,6.226e-08,3.90068e-08,-7.42169e-06,9.3125,0.0302498
2024-07-31 00:00:00+00:00,-5.21076e-06,0.752794,0.000239591,9.26386e-06,-1.06345e-05,0.0145363,4.65162e-06,6.49305e-07,5.01058e-08,2.29764e-08,1.17299e-07,8.3125,0.0293175
2024-08-01 00:00:00+00:00,-6.42727e-06,0.75279,0.000221362,-1.24211e-06,-3.56717e-06,0.0157516,5.0405e-06,8.93045e-07,6.34162e-08,-3.97843e-08,-3.90533e-07,8.125,0.0291894
2024-08-02 00:00:00+00:00,-5.69043e-06,0.752785,0.000192819,1.1272e-05,-7.79774e-06,0.0129494,4.14381e-06,1.2227e-06,5.59106e-08,-3.86637e-08,-2.2935e-07,7.58333,0.0300158
2024-08-03 00:00:00+00:00,-7.30751e-07,0.752785,0.000285416,1.59643e-06,-2.02529e-06,0.0193262,6.18439e-06,1.10239e-06,9.92302e-08,7.69498e-08,6.57832e-06,9.22917,0.0316023
2024-08-04 00:00:00+00:00,-1.01568e-05,0.752777,0.000332063,2.9796e-05,-5.17848e-06,0.0213776,6.84084e-06,9.33419e-07,9.92365e-08,4.27969e-09,-2.28759e-06,10.8542,0.032119
2024-08-05 00:00:00+00:00,-1.88683e-05,0.752763,0.000354344,1.68581e-05,3.74911e-07,0.0225686,7.22196e-06,9.11254e-07,1.60491e-07,8.68485e-08,-1.06616e-05,13.625,0.0313262
2024-08-06 00:00:00+00:00,-1.47875e-05,0.752752,0.000278909,2.89061e-05,-1.92937e-07,0.0147309,4.7139e-06,5.91297e-07,9.74831e-08,8.20108e-08,-9.46696e-06,13.2708,0.029349
2024-08-07 00:00:00+00:00,-1.51295e-05,0.75274,0.000247156,2.10405e-05,-8.13478e-07,0.0145758,4.66427e-06,5.86928e-07,8.05344e-08,7.33323e-08,-9.87121e-06,12.625,0.0289041
2024-08-08 00:00:00+00:00,1.03807e-06,0.752741,0.000235304,9.26959e-06,-1.38047e-06,0.0149159,4.77308e-06,5.96635e-07,8.14182e-08,4.24607e-08,6.44675e-06,12.125,0.0294354
2024-08-09 00:00:00+00:00,-4.76602e-06,0.752738,0.000247474,1.15179e-05,-1.4004e-06,0.0149572,4.78631e-06,5.98289e-07,6.53057e-08,-6.34174e-09,6.90229e-07,12.2708,0.0299815
2024-08-10 00:00:00+00:00,-2.01476e-06,0.752736,0.000217374,1.7213e-05,-2.08989e-06,0.0120636,3.86034e-06,4.82543e-07,4.69025e-08,3.7351e-08,2.33768e-06,11,0.030526
2024-08-11 00:00:00+00:00,-3.68021e-06,0.752733,0.000200651,1.35006e-05,-9.03065e-07,0.0123936,3.96596e-06,5.10723e-07,4.13885e-08,-9.26035e-09,8.47122e-07,9.79167,0.0312862
2024-08-12 00:00:00+00:00,-3.32646e-06,0.752731,0.000120443,5.40814e-06,-5.71099e-06,0.0069225,2.2152e-06,5.98705e-07,2.43841e-08,-3.94231e-09,-4.84225e-07,6.4375,0.0318543
2024-08-13 00:00:00+00:00,-1.49317e-06,0.75273,0.000166738,6.49111e-06,-5.70799e-06,0.00909531,2.9105e-06,5.89133e-07,3.25998e-08,6.36145e-09,2.0327e-06,8.22917,0.0320522
2024-08-14 00:00:00+00:00,-5.65554e-06,0.752725,0.000166383,1.57516e-05,-3.01911e-06,0.00935212,2.99268e-06,6.36778e-07,3.14246e-08,1.9226e-08,-2.01389e-06,8.08333,0.0333168
2024-08-15 00:00:00+00:00,1.79758e-06,0.752727,0.00013662,3.33653e-06,-3.58449e-06,0.0089726,2.87123e-06,7.8094e-07,2.92644e-08,4.33627e-08,5.43566e-06,7.39583,0.0340375
2024-08-16 00:00:00+00:00,3.45405e-06,0.752729,0.000216308,-7.65334e-06,-8.1618e-06,0.0143506,4.5922e-06,8.3157e-07,5.75735e-08,3.32984e-09,8.93206e-06,9.5,0.0361138
2024-08-17 00:00:00+00:00,-1.65863e-06,0.752728,0.000210212,1.88161e-05,-6.47031e-06,0.0114151,3.65284e-06,5.71765e-07,3.91574e-08,5.59567e-08,2.54918e-06,8.58333,0.0373452
2024-08-18 00:00:00+00:00,-3.46412e-06,0.752726,0.000194661,2.60381e-05,-6.16625e-06,0.0108511,3.47234e-06,5.22445e-07,2.85667e-08,5.81456e-08,5.01089e-07,8.35417,0.0373967
2024-08-19 00:00:00+00:00,9.9146e-09,0.752726,0.000202159,1.22344e-05,-8.19921e-06,0.0134758,4.31227e-06,1.00825e-06,3.95442e-08,2.35686e-08,5.34642e-06,9,0.0372422
2024-08-20 00:00:00+00:00,-4.78791e-06,0.752722,0.000205205,2.91169e-05,-3.35973e-06,0.0127024,4.06476e-06,8.4795e-07,3.13671e-08,7.38326e-09,1.48783e-07,8.9375,0.0368811
2024-08-21 00:00:00+00:00,-3.30015e-06,0.752719,0.000186852,9.65944e-06,-2.76086e-06,0.0126219,4.039e-06,9.05335e-07,3.23402e-08,1.49769e-08,1.66155e-06,9,0.0359369
2024-08-22 00:00:00+00:00,7.79421e-07,0.75272,0.000189282,1.60458e-05,-7.64056e-06,0.0124348,3.97915e-06,6.27377e-07,3.33209e-08,2.13053e-09,5.41714e-06,8.79167,0.0356614
2024-08-23 00:00:00+00:00,-8.68629e-06,0.752713,0.000166465,1.19702e-05,-1.64188e-05,0.00978554,3.13137e-06,7.05394e-07,2.96241e-08,4.71869e-08,-4.86711e-06,8.66667,0.0349764
2024-08-24 00:00:00+00:00,-8.74562e-06,0.752707,0.000153684,1.98422e-05,-1.10213e-05,0.00902034,2.88651e-06,5.75489e-07,2.44161e-08,1.5853e-08,-5.27509e-06,9.41667,0.0335657
2024-08-25 00:00:00+00:00,2.1777e-06,0.752709,0.000160483,1.65574e-05,-1.03293e-05,0.00970986,3.10715e-06,7.02922e-07,2.86207e-08,1.11737e-08,6.00522e-06,9.35417,0.0350573
2024-08-26 00:00:00+00:00,1.07406e-06,0.752709,0.000162261,2.43292e-05,-6.25764e-06,0.0104397,3.34071e-06,8.80202e-07,2.72352e-08,8.60597e-09,5.3136e-06,8.52083,0.0369149
2024-08-27 00:00:00+00:00,-1.71971e-06,0.752708,0.000171716,1.71661e-05,-1.02771e-05,0.0105925,3.38958e-06,8.67933e-07,3.01052e-08,5.31656e-09,2.5626e-06,8.33333,0.0380582
2024-08-28 00:00:00+00:00,-3.17361e-07,0.752708,0.000124272,4.38799e-06,-1.47715e-06,0.00824648,2.63887e-06,1.07711e-06,2.67639e-08,1.52371e-08,3.41015e-06,7.47917,0.0379029
2024-08-29 00:00:00+00:00,-5.58239e-07,0.752707,0.000115418,-9.72371e-07,-5.35836e-06,0.00800181,2.56058e-06,1.27165e-06,2.54091e-08,4.75625e-09,3.29464e-06,6.70833,0.0396013
2024-08-30 00:00:00+00:00,1.19265e-06,0.752708,0.000114125,9.0928e-06,-5.6813e-06,0.00800583,2.56187e-06,8.8519e-07,2.67668e-08,3.71575e-09,4.66276e-06,6.625,0.0399166
2024-08-31 00:00:00+00:00,-2.03943e-06,0.752707,0.000126176,1.57395e-05,-4.37194e-06,0.00830074,2.65624e-06,7.84779e-07,2.33054e-08,-1.47957e-08,1.43968e-06,6.02083,0.0413483
2024-09-01 00:00:00+00:00,-6.48453e-07,0.752706,8.55079e-05,9.80463e-06,-4.33383e-06,0.00632074,2.02264e-06,9.2646e-07,1.61659e-08,5.67672e-10,2.31624e-06,4.39583,0.0421455
2024-09-02 00:00:00+00:00,-5.66016e-06,0.752702,0.00014636,1.79995e-05,-4.24935e-06,0.00913448,2.92303e-06,1.43098e-06,3.09424e-08,2.27725e-08,-1.298e-06,6.97917,0.0435358
2024-09-03 00:00:00+00:00,-2.52302e-06,0.7527,0.000145548,8.0324e-06,-5.25672e-06,0.00950902,3.04289e-06,1.22026e-06,3.09079e-08,7.37739e-08,1.69726e-06,7.375,0.0425899
2024-09-04 00:00:00+00:00,-3.3679e-06,0.752698,0.000218064,1.60989e-05,-5.67098e-06,0.0145038,4.64121e-06,1.1192e-06,5.63871e-08,4.59116e-08,2.40298e-06,11.2917,0.0432271
2024-09-05 00:00:00+00:00,-1.79905e-06,0.752696,0.000221904,1.70166e-05,-2.5761e-06,0.0136674,4.37356e-06,8.06724e-07,3.97926e-08,3.05639e-08,3.39046e-06,11.2292,0.0429331
2024-09-06 00:00:00+00:00,-2.67233e-06,0.752694,0.000208569,1.53273e-05,-3.78815e-06,0.013677,4.37665e-06,7.38217e-07,4.00133e-08,2.62522e-08,2.4563e-06,11,0.0427296
2024-09-07 00:00:00+00:00,-8.54458e-07,0.752694,0.000209092,1.74422e-05,-2.58596e-06,0.0131479,4.20734e-06,8.48863e-07,4.40317e-08,1.06828e-08,4.23509e-06,11.0208,0.0419749
2024-09-08 00:00:00+00:00,-3.50047e-06,0.752691,0.000176969,1.17237e-05,-3.61266e-06,0.0107897,3.45271e-06,6.95351e-07,2.60997e-08,4.9408e-08,6.2427e-07,10.2708,0.042045
2024-09-09 00:00:00+00:00,-6.91669e-06,0.752686,0.000166464,9.00155e-06,-5.39679e-06,0.00952945,3.04942e-06,5.22648e-07,2.61884e-08,9.27042e-09,-3.32772e-06,9.6875,0.0408718
2024-09-10 00:00:00+00:00,7.33245e-07,0.752686,0.000128464,1.45046e-05,-2.78797e-06,0.00836969,2.6783e-06,5.56816e-07,1.95004e-08,1.90681e-08,3.9688e-06,9.72917,0.0392125
2024-09-11 00:00:00+00:00,-3.40671e-06,0.752684,9.49759e-05,3.39553e-07,1.38837e-06,0.0062303,1.9937e-06,7.46138e-07,1.40173e-08,3.74786e-08,-6.90338e-07,7.22917,0.039676
2024-09-12 00:00:00+00:00,-2.32022e-06,0.752682,9.06009e-05,7.23506e-06,-8.95297e-07,0.00515521,1.64967e-06,6.06195e-07,1.01296e-08,8.06245e-08,-1.34852e-07,7.33333,0.0384195
2024-09-13 00:00:00+00:00,-3.19119e-07,0.752682,6.83938e-05,6.29912e-06,-2.4134e-06,0.00466477,1.49273e-06,5.58626e-07,8.17673e-09,8.3774e-10,1.73957e-06,6.375,0.038171
2024-09-14 00:00:00+00:00,-1.6186e-06,0.752681,5.11821e-05,4.40657e-06,-4.05276e-06,0.00330997,1.05919e-06,6.26858e-07,5.15352e-09,6.38145e-08,8.78951e-09,5.39583,0.036844
2024-09-15 00:00:00+00:00,-2.05124e-06,0.752679,3.00295e-05,-5.43251e-06,-7.65962e-06,0.00200287,6.40918e-07,3.25661e-07,3.16536e-09,1.40292e-08,-1.09552e-06,3.9375,0.0356586
2024-09-16 00:00:00+00:00,-9.21881e-07,0.752678,4.45203e-05,2.96839e-06,-1.53299e-06,0.00314612,1.00676e-06,3.74737e-07,6.5526e-09,1.1961e-08,4.54205e-07,4.8125,0.0346039
2024-09-17 00:00:00+00:00,-2.78265e-07,0.752678,3.47254e-05,-1.31994e-06,-5.05354e-06,0.00233763,7.4804e-07,4.63092e-07,4.95813e-09,-1.91207e-09,9.39739e-07,4.20833,0.0358228
2024-09-18 00:00:00+00:00,-2.39544e-07,0.752678,1.60746e-05,-4.13666e-06,-6.48334e-06,0.00109896,3.51666e-07,3.18558e-07,2.27942e-09,1.03488e-08,4.22612e-07,2.875,0.0349037
2024-09-19 00:00:00+00:00,-1.35736e-06,0.752677,6.48308e-05,3.44301e-06,-4.11013e-06,0.00384633,1.23083e-06,4.20104e-07,7.83564e-09,-1.2646e-08,3.14049e-07,6.75,0.034831
2024-09-20 00:00:00+00:00,-1.54667e-06,0.752676,9.55979e-05,1.14309e-05,-3.74587e-06,0.00523473,1.67511e-06,4.60974e-07,1.01742e-08,5.51713e-09,5.94079e-07,8.14583,0.0358962
2024-09-21 00:00:00+00:00,-7.8037e-07,0.752675,7.63875e-05,1.25745e-06,-2.60913e-06,0.00467068,1.49462e-06,4.9804e-07,7.68098e-09,-4.29474e-10,1.2204e-06,7.4375,0.0367538
2024-09-22 00:00:00+00:00,9.18335e-07,0.752676,6.82212e-05,2.54174e-06,-3.20015e-06,0.00422752,1.35281e-06,4.96025e-07,7.93051e-09,6.35231e-09,2.76874e-06,6.97917,0.0368663
2024-09-23 00:00:00+00:00,-1.36529e-06,0.752675,0.000123481,8.68723e-06,-6.76288e-06,0.00681934,2.18219e-06,6.12055e-07,1.61822e-08,-2.40189e-08,1.46916e-06,11.5208,0.0381717
2024-09-24 00:00:00+00:00,-1.3691e-06,0.752674,0.000107216,8.6755e-06,-6.08159e-06,0.00600905,1.92289e-06,5.06545e-07,1.19387e-08,1.48273e-08,1.05745e-06,11.5,0.0359684
2024-09-25 00:00:00+00:00,-1.63467e-06,0.752673,0.000100145,7.80327e-06,-3.0021e-06,0.00563183,1.80219e-06,4.14463e-07,1.10151e-08,1.01941e-08,5.82801e-07,11.5,0.0353423
2024-09-26 00:00:00+00:00,-4.93043e-07,0.752672,9.17766e-05,2.23047e-06,-2.49861e-06,0.00534941,1.71181e-06,6.55603e-07,1.14619e-08,1.78237e-08,1.86801e-06,10.3542,0.0354748
2024-09-27 00:00:00+00:00,-1.91882e-06,0.752671,8.67526e-05,3.21207e-06,-3.78668e-06,0.00507433,1.62378e-06,5.74602e-07,9.7004e-09,1.28796e-08,2.76383e-07,10.8333,0.0343036
2024-09-28 00:00:00+00:00,-1.31279e-06,0.75267,8.34375e-05,-6.88278e-07,-4.13597e-06,0.00462904,1.48129e-06,4.04143e-07,7.87476e-09,9.68532e-09,5.70841e-07,11.3125,0.0329761
2024-09-29 00:00:00+00:00,-2.72514e-06,0.752668,8.23932e-05,2.57636e-06,-4.98808e-06,0.00426659,1.36531e-06,2.78733e-07,7.12972e-09,3.22787e-09,-1.0772e-06,10.75,0.0335811
2024-09-30 00:00:00+00:00,-3.10937e-07,0.752667,7.94662e-05,5.71809e-06,-2.50514e-06,0.00443187,1.4182e-06,3.49904e-07,7.76668e-09,1.11383e-10,1.46482e-06,11.6667,0.0330036
2024-10-01 00:00:00+00:00,1.14002e-06,0.752668,8.64501e-05,3.84301e-06,-2.62651e-06,0.00524801,1.67936e-06,3.15768e-07,9.70635e-09,5.50165e-09,3.13936e-06,12.0417,0.0338709
2024-10-02 00:00:00+00:00,-1.26461e-06,0.752667,0.000100787,6.38863e-06,-1.82259e-06,0.00597751,1.9128e-06,4.73981e-07,1.36992e-08,2.79172e-08,1.10796e-06,13.25,0.0348283
2024-10-03 00:00:00+00:00,1.21244e-06,0.752668,0.000101323,2.65286e-06,-7.20058e-07,0.00653385,2.09083e-06,4.89165e-07,1.50986e-08,3.30866e-09,3.80423e-06,13.1458,0.0366145
2024-10-04 00:00:00+00:00,6.01167e-07,0.752669,8.45319e-05,9.04705e-06,-1.79266e-06,0.00502101,1.60672e-06,5.51603e-07,1.1472e-08,5.32518e-08,2.71772e-06,10.3542,0.0381149
2024-10-05 00:00:00+00:00,-9.1064e-07,0.752668,6.79683e-05,8.25936e-06,-1.97025e-06,0.00409587,1.31068e-06,5.60214e-07,7.53538e-09,1.94241e-09,9.65844e-07,9.5,0.037892
2024-10-06 00:00:00+00:00,-1.59555e-06,0.752667,5.21652e-05,7.10771e-06,-1.82535e-06,0.00289799,9.27358e-07,3.56435e-07,4.40186e-09,-1.325e-09,-3.06028e-07,7.25,0.0378863
2024-10-07 00:00:00+00:00,-3.94895e-07,0.752667,6.60965e-05,8.8544e-06,-2.0069e-06,0.00406409,1.30051e-06,5.53874e-07,6.96182e-09,-1.33652e-09,1.46779e-06,8.97917,0.0370296
2024-10-08 00:00:00+00:00,9.82466e-07,0.752667,4.73675e-05,-8.4224e-08,-1.80655e-06,0.00304011,9.72837e-07,6.1333e-07,6.01511e-09,1.53022e-09,2.57312e-06,7,0.0380425
2024-10-09 00:00:00+00:00,-1.21798e-06,0.752666,3.01682e-05,2.36757e-06,-1.90325e-07,0.00168519,5.3926e-07,4.00846e-07,2.9511e-09,5.98905e-09,-2.80914e-07,4.35417,0.0388835
2024-10-10 00:00:00+00:00,-1.08392e-06,0.752666,2.24213e-05,-8.08422e-07,-8.59921e-07,0.00146483,4.68747e-07,5.75947e-07,2.64359e-09,1.36584e-09,-3.795e-08,3.95833,0.0395675
2024-10-11 00:00:00+00:00,-1.15462e-06,0.752665,3.95744e-05,3.51856e-06,-3.95989e-06,0.0021739,6.95647e-07,6.83618e-07,4.03066e-09,6.35484e-09,2.22327e-07,5.6875,0.0389191
2024-10-12 00:00:00+00:00,-1.10207e-06,0.752664,2.97121e-05,-3.53015e-06,-5.4116e-06,0.00165801,5.30563e-07,4.72739e-07,2.56944e-09,5.36971e-09,-1.01568e-07,5.5,0.0371138
2024-10-13 00:00:00+00:00,-3.22009e-08,0.752664,2.63098e-05,-1.43257e-06,-4.73029e-06,0.00163889,5.24444e-07,4.93928e-07,2.31053e-09,-1.30839e-08,1.00157e-06,5.47917,0.036263
2024-10-14 00:00:00+00:00,-1.8927e-06,0.752662,3.55033e-05,2.79097e-06,-1.59923e-06,0.0018179,5.81728e-07,4.61578e-07,2.80002e-09,-8.14555e-08,-7.65137e-07,6.91667,0.0357557
2024-10-15 00:00:00+00:00,-3.91135e-06,0.752659,4.99606e-05,-4.45684e-07,-1.00159e-06,0.00282289,9.03325e-07,4.03019e-07,4.96776e-09,7.80415e-08,-2.67808e-06,8.97917,0.0340607
2024-10-16 00:00:00+00:00,-2.14986e-06,0.752658,5.20912e-05,4.37597e-06,-7.91161e-07,0.00254169,8.13342e-07,2.9393e-07,3.60062e-09,1.98455e-08,-1.05883e-06,11.1042,0.0331272
2024-10-17 00:00:00+00:00,-2.43952e-06,0.752656,5.6712e-05,4.40379e-06,-4.72545e-07,0.00305061,9.76194e-07,2.74555e-07,4.24751e-09,3.16463e-09,-1.18769e-06,10.5833,0.0339645
2024-10-18 00:00:00+00:00,-8.31152e-07,0.752655,4.72697e-05,6.43394e-06,-1.0817e-06,0.00277732,8.88743e-07,1.96167e-07,3.4309e-09,2.35335e-08,2.33656e-07,10.7708,0.0337708
2024-10-19 00:00:00+00:00,1.06905e-07,0.752655,5.35914e-05,6.54632e-06,-1.20026e-06,0.00283774,9.08075e-07,2.19431e-07,3.15171e-09,1.52844e-08,1.22228e-06,10.5,0.0357156
2024-10-20 00:00:00+00:00,-5.32442e-07,0.752655,4.54969e-05,4.74462e-06,-4.75432e-08,0.00252446,8.07828e-07,2.26497e-07,2.64726e-09,1.82956e-09,5.02701e-07,8.77083,0.0366535
2024-10-21 00:00:00+00:00,-2.28553e-08,0.752655,4.71491e-05,-1.74489e-06,-1.90285e-06,0.0026628,8.52095e-07,2.64174e-07,3.1838e-09,1.85345e-09,1.09474e-06,10.8958,0.0362661
2024-10-22 00:00:00+00:00,-1.29006e-06,0.752654,4.16811e-05,3.05075e-06,-2.73373e-06,0.00215299,6.88958e-07,2.68143e-07,2.48839e-09,3.8494e-09,-3.34325e-07,8.79167,0.0370502
2024-10-23 00:00:00+00:00,-1.53663e-06,0.752653,2.79564e-05,1.66216e-06,-1.26045e-06,0.00153898,4.92472e-07,2.86564e-07,1.53965e-09,-2.22392e-09,-7.53835e-07,7.16667,0.0358985
2024-10-24 00:00:00+00:00,-3.06153e-07,0.752653,3.31302e-05,2.66058e-06,-1.96537e-06,0.00184551,5.90565e-07,3.44946e-07,1.94942e-09,1.69698e-09,6.2961e-07,8.375,0.0359456
2024-10-25 00:00:00+00:00,-1.37728e-06,0.752652,3.70975e-05,2.11139e-06,-7.40663e-07,0.0017081,5.46593e-07,3.2878e-07,1.99594e-09,6.7816e-09,-5.06689e-07,7.91667,0.0383353
2024-10-26 00:00:00+00:00,-7.74986e-07,0.752651,4.60609e-05,4.95807e-06,-4.19157e-07,0.00273931,8.76579e-07,2.95996e-07,4.67816e-09,3.39223e-09,3.98875e-07,10.3125,0.0395079
2024-10-27 00:00:00+00:00,-1.15518e-07,0.752651,4.92078e-05,8.15235e-06,-1.91074e-06,0.00262423,8.39754e-07,3.14496e-07,3.5854e-09,1.36045e-09,1.04096e-06,10.3333,0.0411804
2024-10-28 00:00:00+00:00,-2.59332e-07,0.752651,5.1883e-05,4.53135e-06,-1.10777e-07,0.00281749,9.01596e-07,4.17254e-07,4.06983e-09,-5.88316e-09,1.06947e-06,11.25,0.0417787
2024-10-29 00:00:00+00:00,2.94031e-07,0.752651,6.76477e-05,6.74329e-06,-1.65344e-06,0.00336062,1.0754e-06,3.68989e-07,4.99434e-09,5.6985e-09,1.73772e-06,13.7083,0.0426297
2024-10-30 00:00:00+00:00,-9.29716e-07,0.75265,7.43818e-05,6.47046e-06,-4.50505e-07,0.00396707,1.26946e-06,3.80717e-07,5.57264e-09,9.33206e-09,7.16704e-07,15.0417,0.0434398
2024-10-31 00:00:00+00:00,-1.20683e-06,0.752649,6.53997e-05,6.20717e-06,-8.76537e-07,0.00311378,9.96409e-07,2.53772e-07,3.95353e-09,-5.19098e-09,5.24937e-08,12.5417,0.0435779
2024-11-01 00:00:00+00:00,-1.61274e-07,0.752649,5.39572e-05,-8.00524e-07,-1.31762e-06,0.00302408,9.67704e-07,3.83386e-07,3.98196e-09,-2.64375e-10,1.19406e-06,12.4792,0.0426828
2024-11-02 00:00:00+00:00,4.17755e-07,0.75265,3.85415e-05,-1.26052e-07,-1.73286e-06,0.0022927,7.33665e-07,5.42732e-07,3.66154e-09,6.91419e-09,1.6909e-06,9.60417,0.0433215
2024-11-03 00:00:00+00:00,1.48837e-07,0.75265,5.42696e-05,-5.4197e-07,-8.81781e-07,0.00325952,1.04305e-06,4.98029e-07,5.11784e-09,2.32292e-10,1.6948e-06,11.2708,0.0448478
2024-11-04 00:00:00+00:00,-1.69035e-07,0.75265,6.35645e-05,6.64365e-06,-3.92328e-07,0.00365194,1.16862e-06,3.10384e-07,6.04363e-09,-3.61377e-09,1.31963e-06,12.1458,0.0453294
2024-11-05 00:00:00+00:00,1.56e-08,0.75265,6.50286e-05,8.9418e-06,-4.8202e-07,0.0035546,1.13747e-06,4.13613e-07,5.77582e-09,-2.62917e-09,1.57509e-06,11.75,0.046379
2024-11-06 00:00:00+00:00,-3.43578e-06,0.752647,7.38376e-05,1.61479e-06,-4.17231e-07,0.00400823,1.28263e-06,2.96791e-07,7.48897e-09,1.99754e-09,-1.85087e-06,15.3125,0.0455237
2024-11-07 00:00:00+00:00,7.11141e-07,0.752647,7.14553e-05,4.50193e-06,-2.03676e-07,0.00372838,1.19308e-06,3.52521e-07,6.37958e-09,-7.57059e-09,2.27069e-06,16.4375,0.04401
2024-11-08 00:00:00+00:00,5.51273e-07,0.752648,7.66248e-05,6.78458e-06,9.46028e-08,0.00341359,1.09235e-06,3.19979e-07,5.5134e-09,3.26688e-09,1.96585e-06,16.1458,0.0459024
2024-11-09 00:00:00+00:00,-2.55768e-06,0.752646,6.65882e-05,1.1448e-05,2.61523e-08,0.00241253,7.7201e-07,1.76641e-07,3.72182e-09,6.61996e-09,-1.61193e-06,15.8958,0.0445944
2024-11-10 00:00:00+00:00,-4.36264e-07,0.752646,6.0367e-05,7.23521e-06,-1.49184e-07,0.00293362,9.38759e-07,2.9765e-07,4.50328e-09,8.92154e-09,7.95729e-07,17.1667,0.0430951
2024-11-11 00:00:00+00:00,-9.78353e-07,0.752645,5.09812e-05,4.56807e-06,-2.16836e-07,0.00258228,8.2633e-07,4.20809e-07,3.69719e-09,1.608e-08,2.56403e-07,16.5,0.0434357
2024-11-12 00:00:00+00:00,-3.77997e-07,0.752645,4.57525e-05,4.10184e-06,-6.44916e-08,0.00225228,7.20728e-07,4.40413e-07,3.33546e-09,-3.97567e-09,7.90457e-07,16.8542,0.0432688
2024-11-13 00:00:00+00:00,-9.65058e-08,0.752645,3.70713e-05,5.53935e-06,-3.52578e-08,0.00173761,5.56034e-07,4.44797e-07,2.76772e-09,1.11955e-08,8.95898e-07,15.375,0.043561
2024-11-14 00:00:00+00:00,-1.79019e-08,0.752645,3.60784e-05,3.66048e-06,8.27448e-08,0.00170536,5.45715e-07,4.04563e-07,2.82786e-09,5.64864e-09,9.29556e-07,15.5625,0.0423382
2024-11-15 00:00:00+00:00,-1.7053e-07,0.752644,3.44642e-05,1.89915e-07,-2.34247e-07,0.00167408,5.35706e-07,3.4871e-07,2.75519e-09,2.99634e-09,7.13645e-07,15.6667,0.0419626
2024-11-16 00:00:00+00:00,8.87869e-08,0.752644,3.84901e-05,2.10881e-06,-1.52472e-07,0.00175977,5.63127e-07,2.90578e-07,2.3777e-09,1.23611e-08,9.32508e-07,14.4167,0.0425105
2024-11-17 00:00:00+00:00,-6.31236e-07,0.752644,3.5105e-05,5.30059e-06,1.59548e-07,0.00175781,5.625e-07,3.15123e-07,2.14905e-09,1.12445e-08,2.37293e-07,15.0833,0.0421021
2024-11-18 00:00:00+00:00,5.11939e-07,0.752644,2.82531e-05,1.24065e-06,9.90496e-08,0.00147562,4.72197e-07,4.1934e-07,1.32921e-09,1.23835e-08,1.39242e-06,13.2292,0.0416633
2024-11-19 00:00:00+00:00,-2.77012e-07,0.752644,3.12521e-05,2.96478e-06,-3.47939e-07,0.00175303,5.6097e-07,4.92525e-07,1.53738e-09,3.74409e-09,7.74277e-07,13.8125,0.0434249
2024-11-20 00:00:00+00:00,-1.21033e-06,0.752643,3.24374e-05,2.38506e-06,-4.32137e-07,0.00143048,4.57753e-07,3.77642e-07,1.21301e-09,-1.32544e-09,-3.724e-07,12.75,0.0445013
2024-11-21 00:00:00+00:00,4.57272e-07,0.752644,3.34255e-05,3.66839e-06,-2.57932e-07,0.00183966,5.88691e-07,3.81859e-07,1.6988e-09,-1.17895e-09,1.4307e-06,13.8958,0.0456985
2024-11-22 00:00:00+00:00,-9.98789e-07,0.752643,3.56806e-05,5.00751e-06,-1.18721e-07,0.00157936,5.05396e-07,4.04799e-07,1.37312e-09,-9.22465e-10,-8.62996e-08,13.125,0.0472331
2024-11-23 00:00:00+00:00,-5.10621e-07,0.752642,2.56834e-05,4.97875e-06,1.3562e-08,0.00106091,3.39492e-07,3.61957e-07,8.57479e-10,-4.05615e-10,1.92091e-07,12.3333,0.0451869
2024-11-24 00:00:00+00:00,-3.99996e-07,0.752642,2.07924e-05,2.04672e-06,-1.94846e-07,0.00109239,3.49565e-07,4.04577e-07,1.06429e-09,1.10767e-09,3.54103e-07,11.7917,0.0439361
2024-11-25 00:00:00+00:00,2.21226e-08,0.752642,2.40559e-05,3.52428e-06,6.971e-08,0.0012148,3.88738e-07,4.1239e-07,9.92237e-10,-3.59729e-10,8.24602e-07,13.125,0.0444543
2024-11-26 00:00:00+00:00,-7.80641e-07,0.752642,2.56052e-05,1.89371e-06,1.27663e-07,0.0013864,4.43648e-07,3.92187e-07,1.16156e-09,-5.27698e-10,5.6883e-08,13.2708,0.0452253
2024-11-27 00:00:00+00:00,-2.81742e-07,0.752641,2.25487e-05,2.01426e-06,-1.1686e-07,0.00123151,3.94083e-07,4.13594e-07,9.56496e-10,-5.83184e-10,5.27474e-07,11.8125,0.0461936
2024-11-28 00:00:00+00:00,-8.44811e-07,0.752641,2.05433e-05,3.27891e-06,-4.47153e-08,0.00078362,2.50759e-07,2.89227e-07,5.09228e-10,8.60308e-10,-3.05177e-07,9.52083,0.0466971
2024-11-29 00:00:00+00:00,-1.22104e-07,0.752641,2.0657e-05,3.02879e-06,-4.43451e-07,0.000921322,2.94823e-07,2.39113e-07,4.66238e-10,4.27414e-09,4.08025e-07,10.875,0.0450243
2024-11-30 00:00:00+00:00,2.19053e-07,0.752641,2.39747e-05,3.64074e-06,-6.89288e-08,0.00115463,3.69481e-07,2.68197e-07,6.85658e-10,6.2667e-09,8.5115e-07,12,0.0456027
2024-12-01 00:00:00+00:00,-1.24584e-06,0.75264,2.17878e-05,2.24226e-06,-4.60401e-07,0.000936759,2.99763e-07,2.34362e-07,5.8408e-10,4.01375e-09,-7.15143e-07,12.625,0.0455878
2024-12-02 00:00:00+00:00,-1.19658e-06,0.752639,1.72459e-05,1.41918e-06,-5.60041e-07,0.000873598,2.79551e-07,2.22488e-07,5.34513e-10,3.76561e-10,-6.94378e-07,13.7708,0.0435868
2024-12-03 00:00:00+00:00,-1.38554e-06,0.752638,1.35141e-05,1.66042e-06,7.54046e-08,0.00059939,1.91805e-07,1.31767e-07,3.05067e-10,3.56565e-09,-1.06523e-06,14.6875,0.0403091
2024-12-04 00:00:00+00:00,-4.68877e-07,0.752638,1.26398e-05,1.29118e-06,6.10126e-08,0.000608619,1.94758e-07,1.03274e-07,3.01662e-10,2.70128e-09,-1.73245e-07,15.4167,0.0388506
2024-12-05 00:00:00+00:00,-2.54615e-07,0.752637,1.26657e-05,2.51935e-06,3.15973e-08,0.000521781,1.6697e-07,7.91104e-08,2.46131e-10,-1.89689e-09,-6.39211e-09,16.375,0.0387897
2024-12-06 00:00:00+00:00,1.10481e-07,0.752637,1.21054e-05,1.49142e-06,1.23396e-08,0.000605348,1.93711e-07,1.15442e-07,3.14197e-10,2.33801e-10,4.19715e-07,15.5833,0.0396729
2024-12-07 00:00:00+00:00,-3.19387e-07,0.752637,1.24139e-05,2.27967e-06,1.51809e-08,0.000475539,1.52172e-07,6.25066e-08,1.9397e-10,2.0292e-09,-1.06543e-07,15.3125,0.0404581
2024-12-08 00:00:00+00:00,5.12765e-08,0.752637,1.15145e-05,1.69147e-06,-5.23127e-08,0.000568259,1.81843e-07,8.72275e-08,2.15572e-10,1.63851e-09,3.18924e-07,15.1875,0.0410338
2024-12-09 00:00:00+00:00,-4.854e-07,0.752637,1.12817e-05,6.7572e-07,9.95685e-08,0.000605783,1.93851e-07,7.05872e-08,2.49605e-10,-1.00354e-09,-2.1971e-07,14.3542,0.0424749
2024-12-10 00:00:00+00:00,-1.48502e-07,0.752637,1.2999e-05,3.93553e-07,-8.34125e-08,0.00070635,2.26032e-07,3.75353e-08,3.82645e-10,-1.08142e-10,1.15556e-07,17.3958,0.0429255
2024-12-11 00:00:00+00:00,1.37096e-08,0.752637,1.34485e-05,1.53179e-06,3.21277e-08,0.000652334,2.08747e-07,4.00608e-08,3.42596e-10,-1.13938e-09,2.63999e-07,17.1042,0.0440907
2024-12-12 00:00:00+00:00,-4.72038e-07,0.752636,1.13418e-05,1.28027e-06,-1.81544e-08,0.000502222,1.60711e-07,3.75231e-08,2.07454e-10,-1.27452e-10,-2.73469e-07,15.6875,0.0440954
2024-12-13 00:00:00+00:00,-7.35117e-08,0.752636,1.04814e-05,9.84054e-07,1.06702e-08,0.000500579,1.60185e-07,3.58522e-08,1.99302e-10,-3.11393e-10,1.23037e-07,15.7708,0.0441041
2024-12-14 00:00:00+00:00,2.0608e-07,0.752637,1.18173e-05,1.32145e-06,2.95972e-08,0.00059253,1.89609e-07,4.37475e-08,2.25152e-10,-1.85263e-10,4.39847e-07,15.75,0.0467649
2024-12-15 00:00:00+00:00,-1.72363e-07,0.752636,1.13143e-05,1.13661e-06,-1.73286e-08,0.000559148,1.78928e-07,4.65802e-08,2.02756e-10,6.32087e-11,5.32838e-08,14.1042,0.0489998
2024-12-16 00:00:00+00:00,2.75202e-07,0.752637,1.17534e-05,1.14014e-06,-1.43152e-07,0.000578482,1.85114e-07,4.4492e-08,2.1164e-10,8.38937e-10,5.04181e-07,15.375,0.0505353
2024-12-17 00:00:00+00:00,-1.90894e-07,0.752637,9.74573e-06,1.27758e-06,-2.35095e-07,0.00041354,1.32333e-07,1.01531e-07,1.50894e-10,-5.49747e-11,4.31759e-08,11.2708,0.051186
2024-12-18 00:00:00+00:00,2.17773e-07,0.752637,1.14695e-05,9.06162e-07,-9.37074e-08,0.000622638,1.99244e-07,9.72038e-08,2.71757e-10,1.69713e-09,5.12795e-07,14.25,0.0523525
2024-12-19 00:00:00+00:00,9.91398e-09,0.752637,1.45076e-05,3.29409e-07,-1.01227e-07,0.000819197,2.62143e-07,5.10277e-08,4.65698e-10,-3.26036e-10,3.23876e-07,17.7292,0.0533382
2024-12-20 00:00:00+00:00,-7.48554e-08,0.752637,1.54939e-05,5.07704e-07,1.88871e-08,0.000771442,2.46862e-07,3.92162e-08,5.04362e-10,-8.19365e-10,2.12546e-07,18.4583,0.0541671
2024-12-21 00:00:00+00:00,-4.35932e-08,0.752637,1.58434e-05,1.27157e-06,-3.33098e-08,0.000724405,2.31809e-07,2.90175e-08,4.54615e-10,1.60587e-09,2.16083e-07,19.9167,0.0533381
2024-12-22 00:00:00+00:00,-4.9144e-08,0.752637,1.63975e-05,1.73462e-06,2.69594e-08,0.000801857,2.56594e-07,3.20743e-08,4.74501e-10,-4.84921e-10,2.40484e-07,18.9375,0.054054
2024-12-23 00:00:00+00:00,-1.56016e-07,0.752636,1.67186e-05,1.34737e-06,-2.48624e-07,0.000785235,2.51275e-07,3.2948e-08,4.1897e-10,7.29006e-10,1.27897e-07,18.0208,0.0542407
2024-12-24 00:00:00+00:00,-1.47212e-07,0.752636,1.56471e-05,1.79717e-06,-2.37246e-08,0.000732728,2.34473e-07,2.93091e-08,3.79719e-10,8.45192e-10,1.16104e-07,18.125,0.0533294
2024-12-25 00:00:00+00:00,1.57808e-07,0.752636,1.52685e-05,1.62504e-06,6.08818e-08,0.000742276,2.37528e-07,2.97934e-08,3.33695e-10,5.03602e-10,4.2496e-07,17.3125,0.0538722
2024-12-26 00:00:00+00:00,-6.50279e-08,0.752636,1.57323e-05,1.3441e-06,8.08181e-08,0.000860138,2.75244e-07,3.44055e-08,3.81593e-10,1.82152e-09,2.43182e-07,16.3125,0.0557867
2024-12-27 00:00:00+00:00,-2.15446e-07,0.752636,1.32914e-05,1.07772e-06,-8.63448e-08,0.000702725,2.24872e-07,3.52805e-08,3.08766e-10,2.18969e-10,4.47961e-08,14.9583,0.0545761
2024-12-28 00:00:00+00:00,-2.69277e-07,0.752636,1.22831e-05,1.42413e-06,-1.51496e-07,0.000597467,1.91189e-07,2.78411e-08,2.5563e-10,4.76553e-10,-5.0468e-08,14.4375,0.0538121
2024-12-29 00:00:00+00:00,-6.27124e-08,0.752636,1.05103e-05,1.24771e-06,-7.82246e-08,0.000549717,1.7591e-07,3.66609e-08,1.74308e-10,-1.15559e-10,1.50148e-07,13.6042,0.0537764
2024-12-30 00:00:00+00:00,-1.35224e-07,0.752636,8.64207e-06,1.00572e-06,-7.7319e-08,0.000491223,1.57191e-07,5.21061e-08,1.76796e-10,2.34936e-09,7.19012e-08,12.125,0.0527937
2024-12-31 00:00:00+00:00,1.14653e-08,0.752636,1.09222e-05,9.34907e-07,-1.5257e-08,0.000544979,1.74393e-07,3.53859e-08,2.09767e-10,1.00775e-09,2.20447e-07,14.2083,0.0540062
2025-01-01 00:00:00+00:00,-2.49062e-07,0.752636,1.00426e-05,1.279e-06,-3.89376e-08,0.000497663,1.59252e-07,4.2068e-08,1.91609e-10,-9.3312e-11,-4.74566e-08,14.0208,0.0533211
2025-01-02 00:00:00+00:00,-1.41047e-07,0.752636,9.79912e-06,5.18878e-07,3.09111e-08,0.000488014,1.56165e-07,4.7682e-08,1.75403e-10,9.95798e-10,6.19795e-08,15.0208,0.0515969
2025-01-03 00:00:00+00:00,-2.73744e-07,0.752635,8.75955e-06,1.17642e-06,1.44163e-08,0.000357237,1.14316e-07,2.7234e-08,1.14985e-10,2.54296e-10,-1.32334e-07,15.25,0.0496459
2025-01-04 00:00:00+00:00,7.55512e-08,0.752635,8.82172e-06,8.9853e-07,7.3739e-08,0.000395529,1.26569e-07,2.762e-08,1.25213e-10,3.2568e-09,2.26609e-07,16.3125,0.0493516
2025-01-05 00:00:00+00:00,-6.97654e-08,0.752635,8.42633e-06,1.4003e-06,5.27265e-08,0.000343084,1.09787e-07,1.85807e-08,1.03054e-10,1.12905e-09,5.75761e-08,15.6458,0.0496835
2025-01-06 00:00:00+00:00,-4.54188e-08,0.752635,7.33847e-06,7.28554e-07,5.06241e-08,0.000338827,1.08425e-07,2.84636e-08,1.07644e-10,7.94661e-10,9.07824e-08,14.4375,0.0485841
2025-01-07 00:00:00+00:00,-2.35618e-08,0.752635,6.62647e-06,7.10689e-07,-3.16374e-08,0.000323869,1.03638e-07,2.2628e-08,1.23544e-10,-1.47999e-09,1.04308e-07,14.0208,0.0472613
2025-01-08 00:00:00+00:00,-1.70473e-07,0.752635,5.95631e-06,2.53676e-07,7.99872e-08,0.00035339,1.13085e-07,3.31338e-08,1.50904e-10,2.60796e-10,-2.43641e-08,13.5625,0.0450575
2025-01-09 00:00:00+00:00,4.20974e-08,0.752635,6.04305e-06,4.52833e-07,-1.3109e-08,0.000378456,1.21106e-07,3.17261e-08,1.88556e-10,1.21514e-11,1.95106e-07,14.4792,0.0439342
2025-01-10 00:00:00+00:00,5.4942e-08,0.752635,6.60142e-06,5.6279e-07,-7.48728e-08,0.000346235,1.10795e-07,2.20776e-08,1.77097e-10,1.55912e-09,1.86433e-07,14.125,0.0453737
2025-01-11 00:00:00+00:00,-1.2087e-07,0.752635,5.7596e-06,6.76114e-07,-5.36323e-09,0.000256342,8.20294e-08,2.06673e-08,9.71841e-11,-4.25338e-10,-1.76507e-08,13.25,0.0452087
2025-01-12 00:00:00+00:00,8.73683e-08,0.752635,5.43574e-06,5.74239e-07,-4.02649e-08,0.000321685,1.02939e-07,1.96243e-08,1.38267e-10,8.56999e-10,2.09213e-07,13,0.0453215
2025-01-13 00:00:00+00:00,-4.12268e-08,0.752635,6.73936e-06,1.70296e-07,3.35445e-08,0.000388924,1.24456e-07,2.304e-08,1.7856e-10,1.92852e-10,1.06255e-07,14.5417,0.0472377
2025-01-14 00:00:00+00:00,-2.09049e-07,0.752635,5.89344e-06,6.74587e-07,-1.2409e-07,0.000270781,8.665e-08,2.24011e-08,1.24383e-10,-5.50477e-10,-9.93234e-08,14.625,0.0463923
2025-01-15 00:00:00+00:00,-1.70304e-07,0.752635,5.19254e-06,6.5008e-07,-2.22222e-08,0.000241998,7.74393e-08,1.71063e-08,8.77718e-11,6.82088e-10,-7.63527e-08,15.1042,0.0454459
2025-01-16 00:00:00+00:00,-2.08563e-08,0.752635,4.81266e-06,3.50924e-07,3.77581e-09,0.000210374,6.73197e-08,1.95637e-08,7.33424e-11,7.07273e-11,6.60297e-08,15.5208,0.0446986
2025-01-17 00:00:00+00:00,-1.02409e-07,0.752635,4.31547e-06,5.13235e-07,-4.19313e-09,0.000196787,6.29718e-08,2.20126e-08,6.03878e-11,2.95566e-09,-2.03196e-08,15.6042,0.04504
2025-01-18 00:00:00+00:00,-2.0396e-07,0.752635,3.60023e-06,1.01925e-07,2.12217e-08,0.000179076,5.73043e-08,1.5189e-08,5.74423e-11,7.1045e-09,-1.38514e-07,17.25,0.0448389
2025-01-19 00:00:00+00:00,-1.39182e-07,0.752635,3.10106e-06,2.86682e-07,-1.07359e-08,0.000150574,4.81838e-08,1.47878e-08,4.46117e-11,-4.73129e-10,-7.56929e-08,17.1458,0.0435733
2025-01-20 00:00:00+00:00,-5.14242e-08,0.752635,1.67187e-06,8.48644e-08,-4.50603e-09,8.80709e-05,2.81827e-08,3.06247e-08,3.02577e-11,3.82143e-10,7.0313e-09,13.2917,0.0422505
2025-01-21 00:00:00+00:00,2.85066e-08,0.752635,1.6755e-06,1.00931e-07,-2.69833e-08,8.80524e-05,2.81768e-08,2.90184e-08,2.75926e-11,9.86918e-11,8.56307e-08,13.5208,0.0428607
2025-01-22 00:00:00+00:00,-9.09774e-09,0.752635,1.48648e-06,1.68702e-07,-3.3596e-08,5.98758e-05,1.91603e-08,1.95069e-08,1.68997e-11,5.65335e-10,2.9021e-08,12.0833,0.0431511
2025-01-23 00:00:00+00:00,-5.03308e-08,0.752635,1.33853e-06,9.42167e-08,-1.73708e-08,6.88963e-05,2.20468e-08,2.0364e-08,1.91672e-11,-2.03833e-10,-7.69698e-09,11.6667,0.0434828
2025-01-24 00:00:00+00:00,-3.65119e-11,0.752635,1.44807e-06,1.07976e-07,-1.29692e-08,7.43379e-05,2.37881e-08,1.66491e-08,2.12762e-11,7.69437e-12,4.04143e-08,11.3333,0.0444403
2025-01-25 00:00:00+00:00,-1.56763e-08,0.752635,1.34478e-06,7.45171e-08,-3.7947e-08,6.24398e-05,1.99807e-08,1.76056e-08,1.39831e-11,9.13955e-11,2.18327e-08,10.3333,0.04544
2025-01-26 00:00:00+00:00,-1.18478e-08,0.752635,1.04768e-06,4.73943e-09,-5.66354e-08,5.19006e-05,1.66082e-08,1.38448e-08,1.09887e-11,3.00166e-10,1.8316e-08,8.83333,0.0448914
2025-01-27 00:00:00+00:00,-5.11891e-08,0.752634,1.51183e-06,2.91661e-08,-3.45546e-08,7.85583e-05,2.51387e-08,1.21196e-08,1.88514e-11,1.69077e-10,-1.40811e-08,12.0625,0.0436016
2025-01-28 00:00:00+00:00,-2.63151e-08,0.752634,1.35484e-06,9.62716e-08,-1.38693e-08,7.47006e-05,2.39042e-08,1.35055e-08,1.76232e-11,-4.39434e-11,1.11562e-08,12,0.0438553
2025-01-29 00:00:00+00:00,-4.7288e-08,0.752634,1.10249e-06,1.30667e-07,-1.57276e-08,5.66356e-05,1.81234e-08,9.13892e-09,1.08879e-11,1.57508e-11,-2.00305e-08,11.4375,0.0425617
2025-01-30 00:00:00+00:00,3.39999e-09,0.752634,9.31219e-07,1.47004e-07,-1.41176e-08,4.30274e-05,1.37688e-08,1.07263e-08,8.76531e-12,-1.18018e-11,2.79156e-08,9.5,0.0420057
2025-01-31 00:00:00+00:00,-2.61565e-08,0.752634,8.40205e-07,1.50001e-07,-1.40237e-08,3.9362e-05,1.25959e-08,1.16267e-08,6.61545e-12,-6.49365e-12,-1.92082e-09,8.9375,0.0421722
2025-02-01 00:00:00+00:00,-1.13419e-08,0.752634,8.18588e-07,8.16023e-08,-1.99471e-09,4.687e-05,1.49984e-08,1.64597e-08,9.25062e-12,-1.50517e-11,2.01406e-08,8.375,0.0432915
2025-02-02 00:00:00+00:00,-5.54184e-08,0.752634,7.66851e-07,8.80735e-08,-2.09447e-08,3.99301e-05,1.27776e-08,1.36845e-08,8.06973e-12,2.48315e-11,-2.8973e-08,7.9375,0.0447814
2025-02-03 00:00:00+00:00,2.3528e-08,0.752634,1.55753e-06,9.63864e-08,2.23008e-09,8.41625e-05,2.6932e-08,8.35505e-09,2.915e-11,2.94313e-10,5.85499e-08,18.75,0.0433214
2025-02-04 00:00:00+00:00,2.50828e-08,0.752634,1.8831e-06,2.50552e-07,6.55818e-09,9.51001e-05,3.0432e-08,6.53714e-09,3.22662e-11,1.65379e-10,6.19189e-08,19.3958,0.0455247
2025-02-05 00:00:00+00:00,-1.64878e-08,0.752634,2.01398e-06,2.42979e-07,9.6596e-09,0.000106124,3.39598e-08,9.43034e-09,3.20103e-11,-2.37235e-10,2.71717e-08,19.125,0.0457339
2025-02-06 00:00:00+00:00,-1.22293e-08,0.752634,1.9899e-06,4.78398e-08,-5.77206e-09,0.000120683,3.86187e-08,6.59579e-09,3.19809e-11,-6.26426e-10,3.36436e-08,17.8542,0.0462367
2025-02-07 00:00:00+00:00,-2.13801e-08,0.752634,1.84411e-06,1.27537e-07,4.5069e-09,9.41781e-05,3.0137e-08,5.32702e-09,2.21113e-11,-1.94157e-10,1.43002e-08,16.4167,0.0457528
2025-02-08 00:00:00+00:00,-2.07629e-08,0.752634,1.50028e-06,1.66101e-07,4.47676e-09,7.90027e-05,2.52809e-08,3.46309e-09,1.5035e-11,-2.37983e-10,8.23401e-09,15.7917,0.0433715
2025-02-09 00:00:00+00:00,2.07578e-08,0.752634,1.47851e-06,1.3665e-07,-1.14543e-09,8.40596e-05,2.68991e-08,3.88804e-09,1.45645e-11,2.8934e-10,5.12702e-08,15.0417,0.0426133
2025-02-10 00:00:00+00:00,-2.63367e-08,0.752634,1.45973e-06,1.33326e-07,-3.78967e-08,7.59119e-05,2.42918e-08,3.12218e-09,1.33861e-11,6.84287e-11,1.02223e-09,14.9583,0.0428173
2025-02-11 00:00:00+00:00,-1.8648e-08,0.752634,1.35346e-06,1.95735e-07,-3.64132e-08,6.63476e-05,2.12312e-08,3.16292e-09,1.07505e-11,1.13209e-10,5.64373e-09,14.8333,0.0411716
2025-02-12 00:00:00+00:00,2.84607e-08,0.752634,1.43316e-06,1.08961e-07,-1.92173e-08,9.08204e-05,2.90625e-08,4.58333e-09,1.95038e-11,-6.9846e-11,6.21959e-08,14.9167,0.0423941
2025-02-13 00:00:00+00:00,-3.65322e-08,0.752634,1.30184e-06,2.59004e-07,-2.67609e-11,6.46333e-05,2.06826e-08,4.76771e-09,1.18935e-11,1.72119e-10,-1.12421e-08,13.6875,0.0414693
2025-02-14 00:00:00+00:00,-5.26634e-08,0.752634,9.92812e-07,2.07932e-07,-5.71787e-09,4.87829e-05,1.56105e-08,3.67102e-09,8.35451e-12,1.59011e-10,-3.35325e-08,12.7708,0.040053
2025-02-15 00:00:00+00:00,-3.41797e-09,0.752634,8.12758e-07,3.69231e-08,-6.70613e-09,4.77242e-05,1.52718e-08,6.13852e-09,7.20582e-12,-4.19025e-11,1.80414e-08,11.6875,0.0398524
2025-02-16 00:00:00+00:00,-3.52914e-08,0.752634,5.91494e-07,-6.41745e-09,-1.01473e-08,3.494e-05,1.11808e-08,4.18529e-09,4.19932e-12,-3.18721e-10,-1.96023e-08,9.25,0.0404333
2025-02-17 00:00:00+00:00,-6.46811e-09,0.752634,3.27559e-07,5.28713e-08,1.31654e-09,1.85419e-05,5.93342e-09,4.89139e-09,2.47905e-12,1.59228e-10,4.19996e-09,6.375,0.037789
2025-02-18 00:00:00+00:00,-1.34184e-08,0.752634,3.45511e-07,1.90982e-08,-7.59835e-09,2.05526e-05,6.57683e-09,5.97368e-09,2.98248e-12,-3.89168e-11,-8.26031e-10,7.60417,0.037406
2025-02-19 00:00:00+00:00,-4.09343e-09,0.752634,5.07304e-07,4.16026e-08,-2.06477e-09,2.89216e-05,9.25492e-09,3.98649e-09,4.56319e-12,3.84546e-11,9.11408e-09,9.375,0.0380741
2025-02-20 00:00:00+00:00,-2.93279e-08,0.752634,5.10316e-07,5.53382e-08,-2.75931e-08,2.69368e-05,8.61976e-09,3.0823e-09,3.45751e-12,-3.94174e-11,-1.7583e-08,9.97917,0.0383014
2025-02-21 00:00:00+00:00,-9.10088e-10,0.752634,4.07681e-07,3.9396e-08,-1.7735e-08,2.22067e-05,7.10614e-09,1.59007e-09,2.9502e-12,-2.01951e-10,7.99102e-09,10.2917,0.0347716
2025-02-22 00:00:00+00:00,-3.92047e-08,0.752634,3.87518e-07,2.43545e-08,-1.35384e-08,2.13557e-05,6.83382e-09,1.14485e-09,2.94971e-12,9.14221e-11,-3.13145e-08,11.375,0.0324814
2025-02-23 00:00:00+00:00,1.20441e-08,0.752634,3.95237e-07,4.92993e-08,-9.77902e-09,2.39445e-05,7.66223e-09,1.17319e-09,3.15386e-12,3.93363e-11,2.08433e-08,11.6042,0.0330709
2025-02-24 00:00:00+00:00,-7.43081e-09,0.752634,4.20421e-07,3.19778e-08,-2.04774e-08,2.52445e-05,8.07824e-09,2.26602e-09,3.73597e-12,1.25437e-10,2.79174e-09,12.1875,0.0330009
2025-02-25 00:00:00+00:00,-8.54976e-09,0.752634,3.75076e-07,3.04312e-08,-6.58357e-09,2.26776e-05,7.25683e-09,2.62302e-09,3.56492e-12,-1.18522e-10,1.45218e-09,13.0833,0.032062
2025-02-26 00:00:00+00:00,-2.53703e-08,0.752634,3.32089e-07,3.14736e-08,-3.5328e-09,1.70796e-05,5.46548e-09,1.43008e-09,2.43286e-12,1.71188e-12,-1.8474e-08,12.9375,0.030813
2025-02-27 00:00:00+00:00,-6.56896e-09,0.752634,2.64972e-07,1.81092e-08,-7.67692e-11,1.52567e-05,4.88215e-09,1.22541e-09,2.09061e-12,4.00293e-11,-4.99336e-10,11.375,0.0281669
2025-02-28 00:00:00+00:00,-9.37375e-09,0.752634,2.11744e-07,3.90633e-09,-2.88124e-09,1.27755e-05,4.08817e-09,1.13133e-09,1.57515e-12,3.24603e-11,-4.18514e-09,10.7708,0.0271004
2025-03-01 00:00:00+00:00,-3.90363e-09,0.752634,1.95477e-07,1.78129e-08,-1.51318e-09,1.12067e-05,3.58615e-09,8.98514e-10,1.23121e-12,2.83459e-11,5.53919e-10,9.97917,0.0258413
2025-03-02 00:00:00+00:00,-1.35855e-08,0.752634,1.92623e-07,3.14442e-08,-1.59467e-09,9.86837e-06,3.15788e-09,7.68113e-10,8.9069e-13,2.84317e-11,-9.687e-09,10.8125,0.0260699
2025-03-03 00:00:00+00:00,-7.09997e-09,0.752634,2.17181e-07,9.10174e-09,-3.47827e-09,1.18635e-05,3.79632e-09,6.41168e-10,1.32457e-12,-1.85548e-12,-2.6593e-09,14.1042,0.0263615
2025-03-04 00:00:00+00:00,-2.30807e-09,0.752634,1.96305e-07,3.3143e-09,-1.97068e-10,1.2412e-05,3.97185e-09,6.87652e-10,1.67382e-12,5.12876e-11,2.30182e-09,13.2917,0.0261806
2025-03-05 00:00:00+00:00,-3.12684e-09,0.752634,1.95824e-07,1.62578e-08,-2.19534e-09,1.03361e-05,3.30754e-09,4.336e-10,1.22502e-12,3.34296e-11,5.82091e-10,13.6875,0.0254466
2025-03-06 00:00:00+00:00,-8.18215e-09,0.752634,1.59156e-07,9.66709e-09,-1.88693e-09,8.44113e-06,2.70116e-09,4.22864e-10,7.51033e-13,1.49485e-11,-5.07233e-09,12.5,0.0246836
2025-03-07 00:00:00+00:00,-6.26947e-09,0.752634,1.30602e-07,2.26969e-10,-4.76055e-10,7.33487e-06,2.34716e-09,4.13107e-10,7.5404e-13,1.89076e-11,-3.52735e-09,10.6458,0.0251888
2025-03-08 00:00:00+00:00,-5.94194e-09,0.752634,1.2955e-07,3.01483e-09,-1.93165e-09,7.20341e-06,2.30509e-09,2.90334e-10,6.91036e-13,2.22978e-11,-3.36812e-09,11.25,0.0246812
2025-03-09 00:00:00+00:00,-2.73927e-09,0.752634,1.02826e-07,2.38243e-09,-4.0335e-09,6.1075e-06,1.9544e-09,2.73282e-10,5.03642e-13,1.12114e-11,-5.22296e-10,10.3125,0.0234579
2025-03-10 00:00:00+00:00,-2.44357e-09,0.752634,8.44513e-08,-4.31944e-09,-3.17173e-09,4.68136e-06,1.49804e-09,6.02e-10,3.98123e-13,1.38346e-11,-3.56965e-10,8.875,0.0231726
2025-03-11 00:00:00+00:00,-3.701e-09,0.752634,1.03096e-07,1.66057e-09,-2.60651e-09,6.18818e-06,1.98022e-09,5.66197e-10,5.95703e-13,1.45986e-11,-1.16858e-09,10.3125,0.0237273
2025-03-12 00:00:00+00:00,-9.6266e-11,0.752634,1.22034e-07,8.49774e-09,-1.19275e-09,6.68044e-06,2.13774e-09,4.90533e-10,5.56923e-13,7.72914e-12,2.52484e-09,11.9375,0.0245628
2025-03-13 00:00:00+00:00,-6.25399e-10,0.752634,1.05056e-07,9.3645e-09,-1.86292e-09,5.89825e-06,1.88744e-09,3.74828e-10,4.93677e-13,1.06801e-11,1.62668e-09,10.7083,0.0241524
2025-03-14 00:00:00+00:00,-3.05296e-09,0.752634,9.66107e-08,1.00481e-08,-2.06546e-09,4.99632e-06,1.59882e-09,3.28324e-10,4.00114e-13,2.39052e-11,-1.14932e-09,10.0833,0.0251537
2025-03-15 00:00:00+00:00,-7.76379e-13,0.752634,9.61738e-08,7.15034e-09,-5.13826e-09,5.12674e-06,1.64056e-09,3.22001e-10,3.22769e-13,4.37058e-11,1.9184e-09,9.72917,0.025297
2025-03-16 00:00:00+00:00,-2.98824e-09,0.752634,7.65225e-08,-2.90441e-09,-6.01374e-09,4.03474e-06,1.29112e-09,1.77631e-10,2.69253e-13,1.06272e-10,-1.62549e-09,8.25,0.0243789
2025-03-17 00:00:00+00:00,-4.73316e-09,0.752634,5.03884e-08,-3.48677e-10,-3.20861e-09,2.85814e-06,9.14606e-10,1.69381e-10,1.78965e-13,1.24899e-10,-3.77389e-09,6.875,0.0225103
2025-03-18 00:00:00+00:00,-8.53689e-10,0.752634,4.84063e-08,-2.28502e-09,-5.10526e-09,2.97455e-06,9.51856e-10,1.68138e-10,2.04311e-13,-5.48552e-14,2.66564e-10,6.60417,0.0221573
2025-03-19 00:00:00+00:00,-3.94154e-09,0.752634,4.28183e-08,8.41799e-09,-6.04686e-09,1.95313e-06,6.25001e-10,2.00665e-10,1.02918e-13,2.77629e-11,-3.14354e-09,5.8125,0.0234847
2025-03-20 00:00:00+00:00,-8.76553e-10,0.752634,3.29231e-08,1.36417e-11,-3.91832e-09,1.78412e-06,5.70919e-10,1.83506e-10,1.19579e-13,4.4339e-12,-1.26442e-10,5.125,0.0239719
2025-03-21 00:00:00+00:00,-6.62878e-10,0.752634,3.93779e-08,-7.45997e-10,-5.6928e-09,2.27711e-06,7.28675e-10,2.80715e-10,1.49533e-13,1.25335e-11,3.3413e-10,6.02083,0.0234652
2025-03-22 00:00:00+00:00,-1.7391e-09,0.752634,1.81347e-08,-5.30516e-09,-8.31311e-09,8.905e-07,2.8496e-10,6.30766e-11,5.39327e-14,1.7834e-12,-1.39279e-09,3.70833,0.020255
2025-03-23 00:00:00+00:00,-9.82378e-10,0.752634,1.8221e-08,-7.52235e-09,-1.02968e-08,9.49151e-07,3.03728e-10,6.13733e-11,6.78996e-14,-4.05401e-13,-6.16804e-10,3.5,0.021047
2025-03-24 00:00:00+00:00,-2.86975e-09,0.752634,2.24743e-08,-4.20552e-09,-9.12702e-09,1.17558e-06,3.76186e-10,7.6328e-11,8.21467e-14,3.08912e-11,-2.44804e-09,5.4375,0.0197841
2025-03-25 00:00:00+00:00,8.88174e-10,0.752634,1.87693e-08,-2.52862e-09,-4.73868e-09,1.14387e-06,3.66039e-10,8.27889e-11,7.80522e-14,2.04074e-11,1.31667e-09,4.97917,0.0188162
2025-03-26 00:00:00+00:00,1.03598e-10,0.752634,1.54748e-08,-2.46584e-09,-3.14602e-09,1.06751e-06,3.41604e-10,5.90214e-11,6.91588e-14,6.7185e-12,4.97573e-10,4.27083,0.0172985
2025-03-27 00:00:00+00:00,7.97776e-10,0.752634,1.52419e-08,-1.25521e-09,-4.08893e-09,1.06783e-06,3.41706e-10,5.86479e-11,6.45659e-14,-1.15598e-12,1.19935e-09,4.375,0.0166008
2025-03-28 00:00:00+00:00,-1.16663e-09,0.752634,2.33489e-08,-3.03551e-09,-5.99728e-09,1.42993e-06,4.57577e-10,6.64104e-11,9.34456e-14,-5.59145e-11,-5.86633e-10,5.14583,0.0169564
2025-03-29 00:00:00+00:00,-1.35932e-09,0.752634,1.70709e-08,-1.43401e-09,-5.48079e-09,1.03817e-06,3.32214e-10,4.81425e-11,6.51327e-14,-1.12414e-12,-9.77775e-10,4.14583,0.0166146
2025-03-30 00:00:00+00:00,-1.1355e-09,0.752634,7.81321e-09,-4.63128e-09,-6.50358e-09,4.19302e-07,1.34177e-10,2.47425e-11,3.0248e-14,6.80485e-13,-9.77228e-10,2.54167,0.0145493
2025-03-31 00:00:00+00:00,-1.84891e-10,0.752634,7.65447e-09,-5.67584e-10,-2.30331e-09,4.57816e-07,1.46501e-10,3.81462e-11,3.19671e-14,1.02837e-12,-1.24066e-12,2.70833,0.0142796
2025-04-01 00:00:00+00:00,-5.07761e-11,0.752634,9.27809e-09,-1.36257e-09,-2.80644e-09,5.44996e-07,1.74399e-10,3.39714e-11,5.03979e-14,1.23601e-11,1.45285e-10,2.85417,0.0153378
2025-04-02 00:00:00+00:00,-3.21919e-10,0.752634,1.18887e-08,-1.93786e-09,-2.77243e-09,7.04833e-07,2.25546e-10,2.81933e-11,5.33764e-14,5.37433e-12,-7.34991e-11,3.47917,0.015203
2025-04-03 00:00:00+00:00,-2.78885e-09,0.752634,1.3001e-08,-2.00096e-09,-1.80209e-09,7.50117e-07,2.40037e-10,3.04369e-11,6.44578e-14,-4.98713e-11,-2.46844e-09,4.27083,0.0133955
2025-04-04 00:00:00+00:00,-6.51387e-10,0.752634,7.80778e-09,-2.04608e-10,-2.41248e-09,4.27114e-07,1.36676e-10,3.00459e-11,3.22177e-14,1.08311e-11,-4.95463e-10,3.14583,0.0125186
2025-04-05 00:00:00+00:00,1.73712e-10,0.752634,5.45162e-09,-1.75634e-09,-2.8038e-09,2.38315e-07,7.62609e-11,1.31724e-11,1.58371e-14,2.28284e-11,2.40333e-10,2.47917,0.0115548
2025-04-06 00:00:00+00:00,-1.22186e-10,0.752634,7.48388e-09,-1.94525e-09,-2.83395e-09,4.07091e-07,1.30269e-10,2.31574e-11,2.40029e-14,-4.78886e-14,3.13127e-11,2.85417,0.0126889
2025-04-07 00:00:00+00:00,3.16821e-10,0.752634,6.47599e-09,-4.72419e-10,-1.54567e-09,3.6761e-07,1.17635e-10,1.78888e-11,2.22626e-14,3.57969e-12,4.48789e-10,3,0.0111674
2025-04-08 00:00:00+00:00,-3.47574e-10,0.752634,7.24051e-09,-8.61922e-11,-1.04712e-09,3.58627e-07,1.14761e-10,2.06534e-11,2.59518e-14,7.64595e-12,-2.19779e-10,3.25,0.0112961
2025-04-09 00:00:00+00:00,-1.44312e-10,0.752634,5.03058e-09,-8.80052e-10,-1.25505e-09,2.86114e-07,9.15563e-11,1.96891e-11,2.06062e-14,-8.32909e-13,-3.22134e-11,2.1875,0.0117391
2025-04-10 00:00:00+00:00,2.56588e-10,0.752634,4.42892e-09,5.21104e-10,-4.59852e-10,2.88863e-07,9.24361e-11,1.92795e-11,1.56676e-14,3.17092e-12,3.6515e-10,2,0.012876
2025-04-11 00:00:00+00:00,-2.57009e-09,0.752634,4.03105e-09,-1.9579e-09,-1.87262e-09,1.5895e-07,5.08639e-11,8.88465e-12,1.14072e-14,-3.09016e-11,-2.47943e-09,1.95833,0.0111942
2025-04-12 00:00:00+00:00,1.69138e-11,0.752634,5.72084e-09,-2.34017e-09,-2.22304e-09,2.81646e-07,9.01266e-11,2.34211e-11,1.87059e-14,-1.2809e-12,1.31762e-10,2.77083,0.0121362
2025-04-13 00:00:00+00:00,-3.48735e-11,0.752634,1.08339e-08,-1.84349e-09,-1.88973e-09,5.86041e-07,1.87533e-10,3.22341e-11,3.84587e-14,7.22938e-12,1.77703e-10,4.33333,0.0136266
2025-04-14 00:00:00+00:00,-4.13973e-10,0.752634,1.44906e-08,-1.53134e-09,-2.22443e-09,9.13655e-07,2.9237e-10,3.98684e-11,5.37004e-14,-4.04978e-11,-4.11849e-11,4.89583,0.0141205
2025-04-15 00:00:00+00:00,1.62942e-09,0.752634,1.75775e-08,-2.42347e-09,-2.23254e-09,1.11108e-06,3.55547e-10,5.21721e-11,7.4799e-14,-4.49215e-12,2.04171e-09,5.39583,0.0156461
2025-04-16 00:00:00+00:00,-2.45968e-10,0.752634,1.58805e-08,-1.56465e-09,-2.29537e-09,9.99634e-07,3.19883e-10,5.68953e-11,6.15173e-14,1.54043e-11,1.15466e-10,4.79167,0.0161
2025-04-17 00:00:00+00:00,-1.95338e-10,0.752634,8.73214e-09,-2.10333e-09,-1.47963e-09,4.08686e-07,1.3078e-10,2.07224e-11,3.03888e-14,1.37208e-11,-5.75235e-11,2.8125,0.016082
2025-04-18 00:00:00+00:00,7.29335e-10,0.752634,4.27663e-09,-1.76338e-09,-1.94343e-09,2.95869e-07,9.46781e-11,4.67142e-11,2.12641e-14,-8.32368e-12,8.79073e-10,1.72917,0.0164948
2025-04-19 00:00:00+00:00,2.6179e-10,0.752634,4.6438e-09,-2.90903e-09,-2.96764e-09,2.96837e-07,9.49878e-11,5.57155e-11,1.7026e-14,1.40776e-12,4.11103e-10,1.20833,0.0168743
2025-04-20 00:00:00+00:00,1.46348e-10,0.752634,1.92475e-09,-1.87139e-09,-2.0686e-09,1.3276e-07,4.24833e-11,2.07487e-11,7.78933e-15,-1.38794e-12,2.10977e-10,0.791667,0.0148295
2025-04-21 00:00:00+00:00,5.0085e-10,0.752634,4.7743e-09,1.84591e-09,4.25044e-10,2.03471e-07,6.51108e-11,1.51762e-11,1.37373e-14,1.13862e-10,4.6729e-10,2.14583,0.0143477
2025-04-22 00:00:00+00:00,-7.08831e-10,0.752634,3.1844e-09,-7.89737e-11,-9.42704e-10,1.02743e-07,3.28777e-11,7.70537e-12,7.29745e-15,3.68529e-11,-7.05094e-10,1.45833,0.0133776
2025-04-23 00:00:00+00:00,6.78015e-10,0.752634,5.00101e-09,-3.0958e-09,-3.2316e-09,2.29938e-07,7.35802e-11,1.55e-11,1.74584e-14,9.03835e-12,7.58076e-10,2.16667,0.0127465
2025-04-24 00:00:00+00:00,-7.99906e-11,0.752634,4.56972e-09,-3.30416e-09,-2.76095e-09,2.42705e-07,7.76656e-11,2.19033e-11,1.7356e-14,-5.23052e-11,7.19009e-11,2.0625,0.0128505
2025-04-25 00:00:00+00:00,5.89447e-10,0.752634,5.72777e-09,-2.6157e-09,-1.80649e-09,3.04229e-07,9.73534e-11,2.56743e-11,2.18818e-14,-4.77018e-11,7.602e-10,2.45833,0.0134428
2025-04-26 00:00:00+00:00,2.77508e-10,0.752634,5.65308e-09,-3.82562e-09,-4.4316e-09,2.78613e-07,8.91562e-11,1.9047e-11,1.93265e-14,3.97497e-13,3.85335e-10,2.8125,0.0135849
2025-04-27 00:00:00+00:00,-2.45625e-11,0.752634,7.23353e-09,-4.11862e-09,-4.95715e-09,3.97904e-07,1.27329e-10,1.67145e-11,2.36791e-14,6.75242e-12,1.12752e-10,2.72917,0.0138029
2025-04-28 00:00:00+00:00,3.49705e-11,0.752634,7.28365e-09,-4.30933e-09,-3.91219e-09,3.69495e-07,1.18238e-10,2.3318e-11,1.81007e-14,-5.7923e-11,2.34469e-10,3.0625,0.014096
2025-04-29 00:00:00+00:00,-9.59337e-10,0.752634,8.04748e-09,-2.20346e-09,-2.75528e-09,3.75913e-07,1.20292e-10,2.62311e-11,1.8988e-14,9.77105e-11,-9.10503e-10,3.22917,0.0146823
2025-04-30 00:00:00+00:00,-5.03717e-09,0.752634,5.51881e-09,-3.32734e-09,-4.72497e-09,2.23863e-07,7.16362e-11,9.05746e-12,1.14358e-14,1.68874e-10,-5.12534e-09,2.375,0.0119972
2025-05-01 00:00:00+00:00,3.8581e-10,0.752634,2.16235e-09,-8.73156e-10,-9.19142e-10,1.4158e-07,4.53057e-11,6.93757e-12,6.14297e-15,2.30566e-13,4.37831e-10,1.3125,0.0111497
2025-05-02 00:00:00+00:00,1.22763e-10,0.752634,2.49761e-09,-1.57002e-09,-1.79077e-09,1.52625e-07,4.88399e-11,1.22824e-11,6.84609e-15,1.08444e-12,1.8281e-10,1.14583,0.0121584
2025-05-03 00:00:00+00:00,2.41331e-10,0.752634,5.79321e-09,-4.50087e-09,-3.77277e-09,2.96121e-07,9.47589e-11,3.15397e-11,1.89968e-14,-1.6104e-11,3.83753e-10,2.0625,0.0133398
2025-05-04 00:00:00+00:00,4.02559e-10,0.752634,2.9694e-09,-1.38084e-09,-1.31606e-09,1.65846e-07,5.30707e-11,1.4016e-11,9.61882e-15,4.3589e-12,4.65297e-10,1.35417,0.0150211
2025-05-05 00:00:00+00:00,3.74511e-10,0.752634,5.08539e-09,-1.31143e-09,-2.44965e-09,2.26684e-07,7.2539e-11,2.14311e-11,1.5239e-14,7.80908e-12,4.60687e-10,2.08333,0.0148259
2025-05-06 00:00:00+00:00,-2.11906e-09,0.752634,8.92411e-09,-1.26024e-10,-3.09678e-10,3.72375e-07,1.1916e-10,3.476e-11,2.67301e-14,4.23943e-10,-2.38906e-09,2.91667,0.0142998
2025-05-07 00:00:00+00:00,-1.71173e-11,0.752634,1.072e-08,-3.51551e-09,-4.88197e-09,5.70792e-07,1.82653e-10,3.35765e-11,4.15662e-14,2.8287e-11,1.70869e-10,3.625,0.0157632
2025-05-08 00:00:00+00:00,-1.67173e-09,0.752634,1.36994e-08,-2.4336e-09,-4.99952e-09,7.83471e-07,2.50711e-10,4.07912e-11,4.48359e-14,4.54875e-11,-1.42567e-09,5.125,0.0158834
2025-05-09 00:00:00+00:00,-1.34981e-09,0.752634,1.98008e-08,-4.73595e-10,-3.56524e-09,1.07814e-06,3.45004e-10,5.55805e-11,6.68827e-14,1.49726e-11,-9.64127e-10,6,0.015961
2025-05-10 00:00:00+00:00,-1.65513e-09,0.752634,1.35708e-08,-7.79162e-10,-1.77425e-09,7.58215e-07,2.42629e-10,5.50653e-11,4.51373e-14,-1.17423e-11,-1.34565e-09,4.6875,0.0159014
2025-05-11 00:00:00+00:00,8.09414e-10,0.752634,2.27999e-08,2.37139e-09,-2.43381e-09,9.74857e-07,3.11954e-10,6.2444e-11,6.04355e-14,1.25727e-11,1.1713e-09,5.64583,0.0173672
2025-05-12 00:00:00+00:00,8.26683e-11,0.752634,1.71706e-08,1.47992e-09,-1.22252e-09,7.92249e-07,2.5352e-10,1.1874e-10,4.30223e-14,6.17033e-12,4.48802e-10,5.3125,0.0169643
2025-05-13 00:00:00+00:00,-2.88889e-10,0.752634,1.69633e-08,9.27796e-10,-2.03706e-09,8.23179e-07,2.63417e-10,1.02725e-10,4.16424e-14,3.03447e-12,7.42588e-11,5.14583,0.0180057
2025-05-14 00:00:00+00:00,1.41302e-09,0.752634,2.61749e-08,1.07789e-09,-1.46874e-09,1.37488e-06,4.39961e-10,2.05111e-10,8.06686e-14,6.38796e-12,2.05179e-09,5.47917,0.0199839
2025-05-15 00:00:00+00:00,7.77774e-10,0.752634,3.07222e-08,-3.2381e-10,-1.6679e-09,1.89539e-06,6.06526e-10,2.82342e-10,1.17216e-13,5.64273e-12,1.66112e-09,6.41667,0.0231722
2025-05-16 00:00:00+00:00,3.62383e-11,0.752634,3.80639e-08,-1.91419e-10,-2.11357e-09,2.32054e-06,7.42573e-10,2.73811e-10,1.44273e-13,-1.89491e-11,1.07172e-09,7.1875,0.0232928
2025-05-17 00:00:00+00:00,-1.82227e-09,0.752634,5.02464e-08,2.45914e-09,-1.32323e-09,2.82711e-06,9.04674e-10,1.75672e-10,1.55578e-13,3.05606e-11,-7.72326e-10,8.25,0.0238782
2025-05-18 00:00:00+00:00,-1.0545e-09,0.752634,3.62783e-08,5.10701e-09,-2.82174e-09,1.81469e-06,5.807e-10,1.1237e-10,8.21302e-14,2.76477e-13,-3.61624e-10,6.89583,0.0218387
2025-05-19 00:00:00+00:00,-7.83991e-10,0.752634,4.49013e-08,1.23982e-09,-2.29193e-09,2.72754e-06,8.72812e-10,1.43508e-10,1.46594e-13,4.39224e-12,2.28082e-10,8.60417,0.0222254
2025-05-20 00:00:00+00:00,-2.36069e-09,0.752634,3.82227e-08,2.72236e-09,-1.25318e-09,2.0305e-06,6.49759e-10,9.66712e-11,8.39648e-14,3.65054e-12,-1.61782e-09,7.10417,0.0209415
2025-05-21 00:00:00+00:00,2.534e-11,0.752634,4.64875e-08,1.38659e-09,-2.28286e-09,2.56239e-06,8.19965e-10,1.33673e-10,1.13493e-13,8.98015e-13,9.78193e-10,8.29167,0.0221556
2025-05-22 00:00:00+00:00,-2.70718e-09,0.752634,6.0704e-08,9.41092e-09,-2.73652e-09,3.01825e-06,9.65839e-10,1.33568e-10,1.30417e-13,4.92257e-13,-1.60814e-09,9.625,0.0238671
2025-05-23 00:00:00+00:00,-1.40762e-09,0.752634,4.73574e-08,4.60749e-09,-1.40851e-09,2.44332e-06,7.81864e-10,1.00858e-10,1.15939e-13,-2.73971e-11,-4.97383e-10,8.875,0.022285
2025-05-24 00:00:00+00:00,-1.87263e-09,0.752634,3.97891e-08,-4.75489e-09,-1.52562e-09,1.91883e-06,6.14026e-10,8.18062e-11,1.11729e-13,-2.18934e-11,-1.15479e-09,7.89583,0.021611
2025-05-25 00:00:00+00:00,-4.13451e-10,0.752634,2.59121e-08,-1.07989e-09,-1.83657e-09,1.40266e-06,4.48852e-10,6.47568e-11,7.6628e-14,-3.21405e-11,1.32376e-10,5.79167,0.0208254
2025-05-26 00:00:00+00:00,-5.32586e-10,0.752634,3.04996e-08,2.67412e-09,-1.88505e-09,1.77133e-06,5.66827e-10,7.28177e-11,6.15548e-14,-7.18755e-13,1.07839e-10,6.41667,0.0221763
2025-05-27 00:00:00+00:00,-2.14437e-10,0.752634,2.66436e-08,-1.25325e-09,-2.6632e-09,1.69129e-06,5.41214e-10,6.92944e-11,6.53838e-14,-2.62572e-12,3.98763e-10,6,0.0218588
2025-05-28 00:00:00+00:00,4.76124e-10,0.752634,2.38673e-08,1.77e-10,-2.09956e-09,1.50546e-06,4.81749e-10,7.85515e-11,5.50316e-14,1.26617e-12,1.03521e-09,5.39583,0.0223075
2025-05-29 00:00:00+00:00,-2.81548e-10,0.752634,2.70335e-08,8.4588e-10,-2.14657e-10,1.70068e-06,5.44217e-10,9.41409e-11,6.55593e-14,-4.03085e-13,3.57279e-10,5.35417,0.024053
2025-05-30 00:00:00+00:00,-1.09664e-10,0.752634,3.44792e-08,-1.96748e-10,5.38897e-10,2.36108e-06,7.55545e-10,1.99977e-10,1.59752e-13,1.10837e-11,8.34934e-10,6.125,0.0248785
2025-05-31 00:00:00+00:00,-5.79397e-10,0.752634,3.97938e-08,-3.24332e-10,-8.24051e-10,2.24191e-06,7.17411e-10,1.92467e-10,1.32714e-13,-2.0307e-11,3.50922e-10,7.52083,0.0242455
2025-06-01 00:00:00+00:00,-5.16676e-10,0.752634,3.6539e-08,2.12416e-09,-2.51166e-09,2.19836e-06,7.03474e-10,1.42878e-10,1.16488e-13,-4.94304e-13,3.30287e-10,6.47917,0.0246031
2025-06-02 00:00:00+00:00,1.53847e-10,0.752634,3.33523e-08,-2.01428e-11,-2.53536e-09,2.29642e-06,7.34855e-10,1.32315e-10,1.01474e-13,6.985e-12,1.01413e-09,7.125,0.0248161
2025-06-03 00:00:00+00:00,-1.53849e-10,0.752634,4.29939e-08,-4.29328e-10,-3.34285e-09,2.20899e-06,7.06875e-10,1.03054e-10,9.82567e-14,2.37995e-12,6.53799e-10,7.20833,0.0244626
2025-06-04 00:00:00+00:00,-3.06791e-09,0.752634,3.72922e-08,-1.53029e-09,-3.05465e-09,2.1499e-06,6.87967e-10,1.17577e-10,9.24637e-14,-1.26868e-10,-2.1354e-09,7.33333,0.0241595
2025-06-05 00:00:00+00:00,-2.05551e-09,0.752634,3.93295e-08,8.04372e-10,-2.02381e-09,2.42462e-06,7.75878e-10,1.62779e-10,1.23602e-13,-1.72323e-11,-1.0995e-09,7.33333,0.0249487
2025-06-06 00:00:00+00:00,7.77334e-11,0.752634,4.24661e-08,1.16315e-09,-1.73734e-09,2.74599e-06,8.78716e-10,1.76386e-10,1.35512e-13,-5.9793e-13,1.13357e-09,8.72917,0.025187
2025-06-07 00:00:00+00:00,-3.78694e-10,0.752634,2.90543e-08,5.59666e-10,-2.60325e-09,1.62076e-06,5.18642e-10,1.15973e-10,6.61275e-14,-1.04068e-11,2.66395e-10,6.5625,0.0236448
2025-06-08 00:00:00+00:00,-2.06672e-10,0.752634,1.90597e-08,-2.10743e-09,-3.23614e-09,1.08177e-06,3.46167e-10,5.79811e-11,3.93299e-14,-4.12497e-11,2.38766e-10,5.08333,0.0229733
2025-06-09 00:00:00+00:00,-4.05955e-10,0.752634,2.21129e-08,2.09527e-10,-2.52285e-09,1.42893e-06,4.57259e-10,9.81143e-11,5.4251e-14,3.15729e-11,1.17899e-10,5.39583,0.023975
2025-06-10 00:00:00+00:00,-6.16357e-10,0.752634,2.9227e-08,-9.48128e-10,-3.15835e-09,1.70975e-06,5.47119e-10,1.11239e-10,8.26619e-14,1.34212e-11,2.86633e-11,6.47917,0.0230688
2025-06-11 00:00:00+00:00,8.87759e-10,0.752634,4.10715e-08,1.62637e-10,-2.07518e-09,2.40878e-06,7.70808e-10,1.60162e-10,1.23379e-13,-5.70018e-11,1.87586e-09,7.95833,0.0244404
2025-06-12 00:00:00+00:00,-2.4139e-10,0.752634,3.76146e-08,-1.27293e-09,-8.12993e-10,2.30069e-06,7.36221e-10,1.79603e-10,1.29712e-13,-1.83845e-11,6.92949e-10,7.25,0.0245644
2025-06-13 00:00:00+00:00,-4.26622e-10,0.752634,3.73469e-08,3.57826e-10,-7.30688e-10,2.49198e-06,7.97433e-10,2.1717e-10,1.53983e-13,-6.2517e-12,5.94385e-10,7.70833,0.025255
2025-06-14 00:00:00+00:00,-5.69929e-11,0.752634,3.01621e-08,-1.29278e-10,-1.66596e-09,1.97452e-06,6.31846e-10,1.4274e-10,9.40072e-14,-9.89365e-12,7.27581e-10,6.0625,0.0253855
2025-06-15 00:00:00+00:00,-3.43134e-11,0.752634,3.43842e-08,-1.71844e-09,-2.1813e-09,2.24434e-06,7.1819e-10,1.33474e-10,9.65957e-14,-1.79512e-12,8.19244e-10,6.20833,0.0268877
2025-06-16 00:00:00+00:00,-4.21172e-10,0.752634,4.82106e-08,-8.5658e-10,-2.50345e-09,2.74014e-06,8.76845e-10,1.94994e-10,1.05966e-13,3.75407e-11,6.13233e-10,7.5,0.0284029
2025-06-17 00:00:00+00:00,1.28564e-09,0.752634,6.82516e-08,1.7887e-09,-1.40007e-09,4.3124e-06,1.37997e-09,2.55748e-10,2.39433e-13,-3.76815e-12,2.92536e-09,9.375,0.0302441
2025-06-18 00:00:00+00:00,-2.14704e-09,0.752634,7.2788e-08,6.21833e-09,-1.65716e-09,4.2974e-06,1.37517e-09,2.72797e-10,2.31136e-13,1.84605e-12,-5.00692e-10,9.29167,0.0327454
2025-06-19 00:00:00+00:00,2.23421e-09,0.752634,6.46519e-08,5.00893e-09,-1.3578e-09,3.73668e-06,1.19574e-09,3.05964e-10,2.08873e-13,4.82118e-12,3.7313e-09,8.45833,0.031818
2025-06-20 00:00:00+00:00,1.10859e-09,0.752634,6.25803e-08,2.30354e-09,-1.70206e-09,3.95924e-06,1.26696e-09,4.14964e-10,2.42097e-13,-7.20081e-14,2.79083e-09,7.875,0.0333689
2025-06-21 00:00:00+00:00,-3.56826e-09,0.752634,8.76886e-08,1.25061e-09,-1.63393e-09,5.19909e-06,1.66371e-09,3.95014e-10,3.10002e-13,-1.77884e-11,-1.49145e-09,10.7917,0.0346469
2025-06-22 00:00:00+00:00,-3.58152e-10,0.752634,8.07957e-08,5.91345e-10,-4.69938e-10,5.24497e-06,1.67839e-09,3.64247e-10,3.64243e-13,-3.55799e-12,1.68841e-09,10.3542,0.0346989
2025-06-23 00:00:00+00:00,-8.04939e-10,0.752634,5.6029e-08,1.06994e-08,-4.56598e-10,2.87566e-06,9.20211e-10,6.07491e-10,1.85627e-13,1.11027e-10,6.11922e-10,7.08333,0.0352294
2025-06-24 00:00:00+00:00,-1.34465e-09,0.752634,3.44921e-08,7.01842e-09,-7.42924e-10,1.79059e-06,5.7299e-10,4.07968e-10,1.05195e-13,4.51231e-12,-3.68096e-10,5.1875,0.0332972
2025-06-25 00:00:00+00:00,1.01377e-09,0.752634,2.87627e-08,1.23655e-09,-1.34191e-09,1.78929e-06,5.72573e-10,6.28595e-10,9.8327e-14,4.71687e-11,2.16786e-09,4.64583,0.0357382
2025-06-26 00:00:00+00:00,-7.41114e-10,0.752634,2.43888e-08,2.21656e-09,-1.30134e-09,1.41415e-06,4.52527e-10,4.2006e-10,7.3356e-14,8.31339e-12,1.23233e-10,4.14583,0.0372343
2025-06-27 00:00:00+00:00,-3.19378e-09,0.752634,2.5195e-08,-1.34833e-09,-3.45485e-09,1.42229e-06,4.55133e-10,4.5292e-10,5.99032e-14,-5.53978e-11,-2.23027e-09,4.16667,0.0371883
2025-06-28 00:00:00+00:00,-3.37278e-10,0.752634,1.09472e-08,-1.34476e-09,-2.85537e-09,6.31863e-07,2.02196e-10,1.59432e-10,3.43125e-14,-1.94632e-11,4.38466e-11,2.72917,0.0353156
2025-06-29 00:00:00+00:00,-1.2724e-10,0.752634,1.36988e-08,-2.60058e-09,-3.28784e-09,8.62828e-07,2.76105e-10,2.25066e-10,4.63633e-14,-2.65873e-11,4.00565e-10,3.3125,0.0339331
2025-06-30 00:00:00+00:00,-3.57774e-11,0.752634,3.81271e-08,-5.53812e-10,-8.72642e-10,2.30032e-06,7.36102e-10,3.63043e-10,1.33833e-13,4.9566e-11,1.01394e-09,6.6875,0.0340181
2025-07-01 00:00:00+00:00,-2.50437e-09,0.752634,5.18799e-08,-2.21109e-09,-1.34122e-09,3.24806e-06,1.03938e-09,3.3034e-10,2.02665e-13,5.21597e-11,-1.1866e-09,7.20833,0.0352212
2025-07-02 00:00:00+00:00,-2.29982e-09,0.752634,5.42332e-08,9.19944e-09,-1.58104e-09,2.99736e-06,9.59154e-10,2.23382e-10,1.26381e-13,3.56593e-11,-1.15282e-09,8.9375,0.0342735
2025-07-03 00:00:00+00:00,-2.31041e-09,0.752634,5.44318e-08,8.1124e-09,-1.62538e-10,2.8913e-06,9.25217e-10,1.41825e-10,1.22992e-13,-1.863e-10,-1.05695e-09,10.125,0.032639
2025-07-04 00:00:00+00:00,-7.79509e-11,0.752634,4.52872e-08,3.48978e-09,-6.92204e-11,3.01314e-06,9.64204e-10,2.47507e-10,1.66898e-13,-1.60317e-10,1.29424e-09,8.6875,0.0329039
2025-07-05 00:00:00+00:00,-3.89793e-10,0.752634,3.4777e-08,2.60137e-09,-1.80184e-09,2.35436e-06,7.53394e-10,1.64324e-10,1.05418e-13,-2.02476e-10,7.30507e-10,7.16667,0.0338024
2025-07-06 00:00:00+00:00,4.14833e-10,0.752634,3.20121e-08,8.23875e-10,-2.46619e-09,2.13381e-06,6.82819e-10,1.78463e-10,8.09512e-14,-2.10645e-11,1.29726e-09,6.35417,0.0346481
2025-07-07 00:00:00+00:00,-5.31432e-10,0.752634,4.26218e-08,-7.45562e-10,-2.79407e-09,2.63038e-06,8.41722e-10,2.04965e-10,1.17172e-13,1.22986e-11,5.03074e-10,7.95833,0.0363579
2025-07-08 00:00:00+00:00,-2.47826e-09,0.752634,3.61907e-08,-3.02198e-09,-3.67371e-09,2.23851e-06,7.16324e-10,2.6922e-10,9.99753e-14,-8.02871e-13,-1.49182e-09,7.25,0.0378341
2025-07-09 00:00:00+00:00,4.73565e-10,0.752634,3.34817e-08,1.70843e-09,-2.42209e-09,1.89101e-06,6.05123e-10,2.82121e-10,8.04004e-14,-9.09824e-13,1.3618e-09,6.4375,0.0384443
2025-07-10 00:00:00+00:00,-2.02642e-09,0.752634,4.10611e-08,4.01074e-09,-2.05455e-09,1.84711e-06,5.91075e-10,2.66628e-10,7.67307e-14,-1.66022e-11,-1.15204e-09,7.58333,0.0375723
2025-07-11 00:00:00+00:00,-3.71296e-09,0.752634,4.61532e-08,3.82581e-09,-1.23475e-09,2.18954e-06,7.00652e-10,2.72994e-10,1.0563e-13,-1.3048e-11,-2.72617e-09,11.3125,0.035976
2025-07-12 00:00:00+00:00,-1.0172e-09,0.752634,4.50853e-08,8.75638e-09,3.51809e-10,1.55704e-06,4.98251e-10,2.00558e-10,8.39237e-14,-2.32386e-11,-2.95066e-10,10.4375,0.0362255
2025-07-13 00:00:00+00:00,-1.24014e-09,0.752634,3.71463e-08,7.61993e-09,-1.2484e-10,1.22656e-06,3.92498e-10,1.73132e-10,6.48277e-14,3.03825e-12,-6.77486e-10,9.125,0.03599
2025-07-14 00:00:00+00:00,-1.53049e-10,0.752634,3.502e-08,5.71168e-09,-6.44128e-10,1.63546e-06,5.23346e-10,3.10452e-10,5.76278e-14,1.16053e-12,6.79646e-10,10.6042,0.0362018
2025-07-15 00:00:00+00:00,-9.71567e-10,0.752634,2.9548e-08,2.20021e-09,-1.43828e-09,1.51457e-06,4.84661e-10,2.51083e-10,5.5647e-14,1.08056e-11,-2.46574e-10,10.5417,0.0348982
2025-07-16 00:00:00+00:00,-1.25844e-09,0.752634,4.15519e-08,6.58773e-09,-8.69367e-10,1.85099e-06,5.92318e-10,1.35285e-10,6.32842e-14,5.15178e-12,-5.35923e-10,11.8125,0.0352003
2025-07-17 00:00:00+00:00,-1.6716e-10,0.752634,3.86808e-08,5.05994e-09,-1.04903e-10,1.71012e-06,5.47238e-10,1.42744e-10,5.80771e-14,5.59743e-12,5.17283e-10,11.9583,0.0345039
2025-07-18 00:00:00+00:00,-8.62514e-10,0.752634,4.10755e-08,4.49411e-09,-4.63255e-10,1.66934e-06,5.34189e-10,1.84533e-10,5.48253e-14,2.88596e-12,-1.46625e-10,12.8125,0.0345673
2025-07-19 00:00:00+00:00,-1.27965e-10,0.752634,3.75102e-08,7.73631e-09,2.31317e-10,1.44238e-06,4.61563e-10,1.69441e-10,4.5003e-14,-3.64073e-12,5.06725e-10,11.7083,0.0349721
2025-07-20 00:00:00+00:00,-3.03665e-11,0.752634,3.87205e-08,7.27736e-09,-1.54286e-10,1.3453e-06,4.30497e-10,1.15054e-10,3.27754e-14,-2.75294e-12,5.17972e-10,12.5,0.0345314
2025-07-21 00:00:00+00:00,-1.71846e-10,0.752634,3.81655e-08,7.09851e-09,-2.07744e-10,1.4337e-06,4.58786e-10,1.34506e-10,3.87751e-14,3.01518e-12,4.1847e-10,12.1667,0.0350951
2025-07-22 00:00:00+00:00,2.83769e-10,0.752634,3.9988e-08,4.99924e-09,-3.13806e-10,1.6991e-06,5.43711e-10,1.7744e-10,5.20605e-14,5.5738e-13,1.00441e-09,13.5,0.0353024
2025-07-23 00:00:00+00:00,-1.8818e-09,0.752634,3.14387e-08,3.68328e-09,-8.20367e-10,1.40521e-06,4.49667e-10,2.16243e-10,3.98871e-14,4.62269e-12,-1.22047e-09,11.875,0.0366214
2025-07-24 00:00:00+00:00,-1.58968e-10,0.752634,2.69617e-08,3.17636e-09,-5.71425e-10,1.09978e-06,3.51928e-10,2.08555e-10,2.80528e-14,-9.42726e-12,4.10972e-10,10.8125,0.037205
2025-07-25 00:00:00+00:00,-1.10989e-09,0.752634,2.58145e-08,3.07807e-09,-5.19348e-10,9.65104e-07,3.08833e-10,2.19913e-10,2.20041e-14,-1.11401e-11,-5.69983e-10,10.8958,0.0362493
2025-07-26 00:00:00+00:00,-2.85073e-10,0.752634,2.22415e-08,2.7518e-09,-8.22608e-10,7.58094e-07,2.4259e-10,1.41886e-10,1.63635e-14,-3.86481e-13,9.98067e-11,10.0833,0.0358156
2025-07-27 00:00:00+00:00,3.27274e-10,0.752634,2.24575e-08,2.04732e-09,-5.03626e-10,9.35459e-07,2.99347e-10,1.38063e-10,1.75074e-14,1.30039e-12,7.63401e-10,10.0833,0.0369647
2025-07-28 00:00:00+00:00,-4.14209e-10,0.752634,1.90994e-08,1.80869e-09,-5.15742e-10,7.26962e-07,2.32628e-10,1.22554e-10,1.74839e-14,-3.97025e-13,-5.86132e-11,9.14583,0.0370568
2025-07-29 00:00:00+00:00,-4.32918e-10,0.752634,1.61975e-08,1.57418e-09,-9.32386e-10,7.11607e-07,2.27714e-10,1.50327e-10,1.58587e-14,-4.07656e-12,-5.07821e-11,7.66667,0.0373094
2025-07-30 00:00:00+00:00,-1.65167e-10,0.752634,2.05974e-08,1.91128e-09,-7.9907e-10,9.58841e-07,3.06829e-10,1.25782e-10,2.20871e-14,2.00385e-12,2.65464e-10,9.20833,0.0390524
2025-07-31 00:00:00+00:00,-1.05521e-11,0.752634,2.78224e-08,2.86899e-09,-8.18522e-10,1.3377e-06,4.28065e-10,1.11246e-10,3.26514e-14,1.59133e-12,5.272e-10,12.4167,0.0391803
2025-08-01 00:00:00+00:00,-2.71824e-10,0.752634,3.21262e-08,3.72112e-09,-4.3914e-10,1.68477e-06,5.39127e-10,1.35188e-10,3.91471e-14,2.40537e-12,4.00125e-10,12.7083,0.0413471
2025-08-02 00:00:00+00:00,-2.60803e-10,0.752634,3.5177e-08,5.82043e-09,-1.58293e-10,1.43211e-06,4.58276e-10,1.00987e-10,3.36833e-14,-5.90519e-12,3.04399e-10,13.375,0.0418745
2025-08-03 00:00:00+00:00,-9.30982e-11,0.752634,2.87351e-08,4.15734e-09,-5.92128e-10,1.25875e-06,4.02801e-10,1.32661e-10,2.94025e-14,-6.82997e-12,4.49223e-10,10.875,0.0419466
2025-08-04 00:00:00+00:00,-5.50712e-10,0.752634,2.76136e-08,1.9552e-09,-8.16958e-10,1.16124e-06,3.71596e-10,1.20671e-10,2.39326e-14,2.16527e-12,-6.05864e-11,11.3125,0.0420344
2025-08-05 00:00:00+00:00,-2.70559e-10,0.752634,3.23558e-08,1.46633e-09,-1.08927e-09,1.54074e-06,4.93038e-10,1.60353e-10,3.62807e-14,1.37023e-12,3.81496e-10,13.1042,0.0434095
2025-08-06 00:00:00+00:00,-3.0496e-10,0.752634,3.01908e-08,2.4861e-09,-8.07512e-10,1.30341e-06,4.1709e-10,1.47254e-10,2.78128e-14,-1.02606e-12,2.60438e-10,12.8125,0.0459083
2025-08-07 00:00:00+00:00,-1.935e-10,0.752634,2.64872e-08,2.76339e-09,-1.1789e-09,1.06361e-06,3.40355e-10,2.05045e-10,2.13314e-14,6.66057e-13,3.51257e-10,10.2708,0.046861
2025-08-08 00:00:00+00:00,-2.62984e-10,0.752634,3.1604e-08,4.6972e-09,1.96053e-10,1.29173e-06,4.13352e-10,1.90395e-10,2.47217e-14,1.42906e-12,3.39359e-10,12.1042,0.0458694
2025-08-09 00:00:00+00:00,-7.03195e-10,0.752634,3.00106e-08,5.34633e-09,-6.0126e-10,1.03583e-06,3.31466e-10,1.46246e-10,1.862e-14,1.99087e-12,-2.27456e-10,13.3125,0.0451239
2025-08-10 00:00:00+00:00,4.14133e-10,0.752634,3.86606e-08,4.71534e-09,-6.69856e-10,1.50797e-06,4.8255e-10,9.7295e-11,3.38829e-14,-2.6667e-12,9.9668e-10,15.4583,0.045226
2025-08-11 00:00:00+00:00,-4.54199e-10,0.752634,3.96152e-08,1.55593e-09,-6.08984e-10,1.7802e-06,5.69664e-10,1.22799e-10,4.31579e-14,1.06478e-11,2.27659e-10,15.3125,0.0458021
2025-08-12 00:00:00+00:00,-5.55319e-10,0.752634,3.66391e-08,2.60881e-09,-3.13159e-10,1.47549e-06,4.72158e-10,9.57763e-11,3.43793e-14,-1.86185e-13,1.28369e-11,15.875,0.0455852
2025-08-13 00:00:00+00:00,-3.75994e-11,0.752634,3.82872e-08,4.08341e-09,-3.67904e-10,1.54712e-06,4.95079e-10,9.8783e-11,3.62564e-14,1.0015e-12,5.55298e-10,16.5208,0.0453047
2025-08-14 00:00:00+00:00,2.58673e-10,0.752634,3.98494e-08,2.99839e-09,-1.5635e-10,1.76561e-06,5.64995e-10,1.39559e-10,5.16593e-14,3.2873e-12,9.59991e-10,17.0208,0.0461632
2025-08-15 00:00:00+00:00,-3.89878e-10,0.752634,3.95185e-08,3.66252e-09,-2.00349e-10,1.50286e-06,4.80916e-10,1.39814e-10,4.50228e-14,2.65151e-12,2.28246e-10,15.8958,0.0479318
2025-08-16 00:00:00+00:00,-1.82283e-10,0.752634,3.56748e-08,4.35738e-09,5.8552e-11,1.31172e-06,4.19752e-10,1.28661e-10,3.19248e-14,-5.03729e-13,3.66666e-10,14.7917,0.048349
2025-08-17 00:00:00+00:00,-2.7849e-10,0.752634,3.28973e-08,4.33278e-09,-3.41121e-10,1.25258e-06,4.00825e-10,1.31467e-10,2.57359e-14,4.01717e-12,2.49812e-10,13.875,0.0484683
2025-08-18 00:00:00+00:00,6.42304e-10,0.752634,3.13143e-08,4.72373e-10,-8.63219e-10,1.28914e-06,4.12526e-10,1.16478e-10,3.21247e-14,7.55306e-12,1.16379e-09,14.0208,0.0481925
2025-08-19 00:00:00+00:00,-2.74882e-10,0.752634,2.94618e-08,1.33829e-09,-7.36314e-10,1.25414e-06,4.01326e-10,1.56099e-10,3.28954e-14,8.49295e-14,2.82491e-10,12.2083,0.0486067
2025-08-20 00:00:00+00:00,1.03607e-10,0.752634,2.6895e-08,2.47787e-09,-8.72664e-10,1.15061e-06,3.68194e-10,2.04227e-10,3.02672e-14,-1.38779e-12,6.77446e-10,11.6042,0.0487134
2025-08-21 00:00:00+00:00,-4.18362e-10,0.752634,2.26005e-08,1.77042e-09,-4.67676e-10,1.02399e-06,3.27677e-10,2.15017e-10,2.58379e-14,6.71669e-12,1.17642e-10,10.25,0.0491259
2025-08-22 00:00:00+00:00,9.09748e-11,0.752634,2.24407e-08,2.09281e-09,-5.16809e-10,1.03086e-06,3.29877e-10,2.11241e-10,2.99452e-14,1.69952e-12,6.30424e-10,10.1458,0.0494809
2025-08-23 00:00:00+00:00,-7.81529e-10,0.752634,3.21025e-08,3.84785e-09,-9.40328e-11,8.47424e-07,2.71176e-10,1.50603e-10,2.25758e-14,3.23937e-12,-3.62966e-10,14.1875,0.0487514
2025-08-24 00:00:00+00:00,-2.36234e-10,0.752634,2.8439e-08,8.35603e-10,-9.07514e-11,1.17102e-06,3.74727e-10,1.7709e-10,2.74329e-14,3.42406e-12,3.12186e-10,13.625,0.0496847
2025-08-25 00:00:00+00:00,-7.80799e-10,0.752634,2.25437e-08,-7.04167e-10,-5.19775e-10,9.10547e-07,2.91375e-10,1.47232e-10,2.06551e-14,-4.10475e-12,-3.38066e-10,13.6875,0.0480461
2025-08-26 00:00:00+00:00,-4.30369e-10,0.752634,2.20984e-08,1.91008e-10,-4.78798e-10,7.2009e-07,2.30429e-10,1.16429e-10,1.56596e-14,-1.34434e-11,-7.00512e-11,14.1458,0.0475436
2025-08-27 00:00:00+00:00,1.81524e-10,0.752634,2.39543e-08,2.42143e-09,-1.80362e-10,7.7404e-07,2.47693e-10,8.2723e-11,1.53577e-14,-1.7993e-12,5.13755e-10,15.1667,0.0464029
2025-08-28 00:00:00+00:00,-3.29099e-10,0.752634,2.42877e-08,2.22779e-09,-1.65899e-10,7.99909e-07,2.55971e-10,6.6302e-11,1.32921e-14,7.47588e-12,-1.42886e-11,14.3542,0.0460923
2025-08-29 00:00:00+00:00,-3.09045e-10,0.752634,2.19231e-08,2.08765e-09,-1.88845e-10,7.23723e-07,2.31591e-10,4.57452e-11,1.41806e-14,-8.60367e-12,-2.30905e-11,14.3125,0.0441643
2025-08-30 00:00:00+00:00,6.78282e-11,0.752634,2.09897e-08,2.55926e-09,-1.08603e-11,5.65865e-07,1.81077e-10,3.87938e-11,1.08134e-14,1.07718e-13,2.87602e-10,14.1458,0.0435467
2025-08-31 00:00:00+00:00,-1.83363e-10,0.752634,2.08329e-08,6.74806e-10,-3.02162e-10,7.0654e-07,2.26093e-10,3.96498e-11,1.2272e-14,6.53664e-12,7.58554e-11,13.0417,0.0450053
2025-09-01 00:00:00+00:00,-1.02608e-11,0.752634,2.13031e-08,1.39894e-10,-1.03093e-10,8.25474e-07,2.64152e-10,5.35543e-11,1.53959e-14,1.00705e-12,3.06453e-10,14.2917,0.0455692
2025-09-02 00:00:00+00:00,-5.42953e-10,0.752634,2.11925e-08,2.16452e-09,-1.01367e-10,5.53665e-07,1.77173e-10,2.76544e-11,9.78545e-15,5.72031e-12,-3.43837e-10,14.5208,0.0452582
2025-09-03 00:00:00+00:00,1.84653e-10,0.752634,1.88576e-08,2.26208e-09,-2.74955e-10,5.80885e-07,1.85883e-10,4.62613e-11,9.76731e-15,3.05671e-12,4.13753e-10,13.5833,0.0447356
2025-09-04 00:00:00+00:00,-3.60206e-11,0.752634,1.76965e-08,1.0442e-10,-3.75765e-10,7.0324e-07,2.25037e-10,7.71081e-11,1.36166e-14,2.76983e-12,2.6337e-10,13.1042,0.0452199
2025-09-05 00:00:00+00:00,-2.22194e-10,0.752634,1.63419e-08,1.47553e-09,-4.28382e-10,5.17222e-07,1.65511e-10,4.14216e-11,9.16441e-15,-1.27712e-11,-2.4795e-12,12.5417,0.0434277
2025-09-06 00:00:00+00:00,-2.03953e-10,0.752634,1.19197e-08,1.3049e-09,-2.93924e-10,2.98509e-07,9.55229e-11,1.8768e-11,3.56953e-15,-1.30028e-11,-7.66554e-11,12.375,0.0399009
2025-09-07 00:00:00+00:00,-1.03619e-09,0.752634,9.46118e-09,5.27778e-10,-3.0599e-10,1.93177e-07,6.18167e-11,1.72972e-11,2.65898e-15,3.33992e-12,-9.60414e-10,10.7292,0.0376913
2025-09-08 00:00:00+00:00,-1.51796e-10,0.752634,6.44174e-09,1.28757e-09,-3.20998e-10,1.09225e-07,3.49519e-11,8.63138e-12,1.11985e-15,-4.34048e-12,-1.0387e-10,11.4583,0.0324191
2025-09-09 00:00:00+00:00,1.59396e-10,0.752634,5.36403e-09,5.06288e-10,-2.28106e-11,1.0774e-07,3.44768e-11,1.09408e-11,1.10819e-15,2.73568e-11,1.7746e-10,9.5,0.0306854
2025-09-10 00:00:00+00:00,4.78708e-11,0.752634,5.93446e-09,2.59752e-10,-4.18213e-11,1.19053e-07,3.8097e-11,9.88567e-12,1.17116e-15,3.05426e-11,6.53134e-11,10.7083,0.0310824
2025-09-11 00:00:00+00:00,-1.98128e-11,0.752634,6.25816e-09,3.60464e-10,-4.3699e-11,1.14421e-07,3.66146e-11,1.18175e-11,1.13636e-15,2.33979e-11,5.22306e-12,10.2708,0.0323022
2025-09-12 00:00:00+00:00,-7.37876e-11,0.752634,5.18298e-09,5.41792e-10,-2.07763e-10,7.48549e-08,2.39536e-11,1.44474e-11,7.49674e-16,1.49496e-11,-5.03336e-11,9.9375,0.0322443
2025-09-13 00:00:00+00:00,-1.7695e-10,0.752634,4.6179e-09,5.73359e-10,-3.93573e-10,3.7493e-08,1.19978e-11,7.23163e-12,3.14718e-16,-5.20855e-13,-1.57199e-10,9.54167,0.0307988
2025-09-14 00:00:00+00:00,1.38053e-10,0.752634,3.82495e-09,1.18682e-10,-3.48577e-10,6.02501e-08,1.928e-11,1.03428e-11,5.93355e-16,4.55269e-14,1.67631e-10,9.08333,0.02981
2025-09-15 00:00:00+00:00,5.09468e-11,0.752634,5.28126e-09,-8.87224e-11,-3.45587e-10,1.07321e-07,3.43428e-11,1.21995e-11,1.1726e-15,4.35989e-13,9.70565e-11,9.875,0.0317963
2025-09-16 00:00:00+00:00,-5.41689e-12,0.752634,3.65206e-09,1.09395e-10,-3.86987e-10,7.66454e-08,2.45265e-11,1.5175e-11,7.0706e-16,-1.43026e-13,3.44295e-11,7.58333,0.0321327
2025-09-17 00:00:00+00:00,-1.16551e-10,0.752634,2.96973e-09,-5.35387e-11,-4.96932e-10,3.09654e-08,9.90893e-12,3.23657e-12,3.41866e-16,1.73687e-12,-1.05141e-10,7.125,0.0298387
2025-09-18 00:00:00+00:00,2.41123e-11,0.752634,1.89259e-09,-1.26322e-10,-2.54482e-10,1.88424e-08,6.02956e-12,2.42178e-12,2.69002e-16,-2.66936e-13,3.28313e-11,4.54167,0.0262128
2025-09-19 00:00:00+00:00,3.79963e-11,0.752634,2.34259e-09,2.64344e-11,-1.83861e-10,2.15164e-08,6.88523e-12,2.17238e-12,3.32663e-16,-5.4266e-13,4.75979e-11,5.83333,0.0263253
2025-09-20 00:00:00+00:00,-9.23849e-11,0.752634,2.6023e-09,-2.25302e-10,-5.26589e-10,2.30959e-08,7.39069e-12,2.05326e-12,4.32571e-16,-1.29159e-12,-8.16486e-11,5.625,0.0271059
2025-09-21 00:00:00+00:00,3.81457e-11,0.752634,2.33428e-09,-1.20701e-10,-4.41319e-10,2.11107e-08,6.75542e-12,3.18158e-12,3.33928e-16,1.64248e-13,4.79202e-11,5.95833,0.0286507
2025-09-22 00:00:00+00:00,6.04676e-11,0.752634,5.32065e-09,-1.76652e-10,-2.76602e-10,1.21802e-07,3.89765e-11,9.16169e-12,1.75275e-15,1.94487e-12,1.06663e-10,10.7708,0.0312272
2025-09-23 00:00:00+00:00,7.3112e-11,0.752634,7.39856e-09,5.89455e-10,-2.90767e-10,1.50923e-07,4.82953e-11,6.80647e-12,2.55316e-15,-1.08276e-12,1.29301e-10,12.3125,0.0321835
2025-09-24 00:00:00+00:00,7.17182e-11,0.752634,8.85907e-09,1.10248e-09,-1.63478e-10,1.74758e-07,5.59224e-11,7.07691e-12,2.64525e-15,-1.02989e-12,1.35752e-10,12.1458,0.0331251
2025-09-25 00:00:00+00:00,1.04702e-10,0.752634,8.19749e-09,1.01386e-09,-1.47445e-10,1.7726e-07,5.67231e-11,7.95413e-12,2.54002e-15,6.53691e-13,1.68728e-10,12.5208,0.0338681
2025-09-26 00:00:00+00:00,4.13412e-11,0.752634,8.54034e-09,1.22833e-09,-2.08072e-10,1.73138e-07,5.5404e-11,9.11494e-12,2.57172e-15,-3.28724e-12,1.09152e-10,11.7708,0.034522
2025-09-27 00:00:00+00:00,-2.09115e-11,0.752634,7.17742e-09,9.61729e-10,-3.64849e-10,1.33413e-07,4.26922e-11,9.52923e-12,1.66719e-15,1.31712e-12,2.99947e-11,11.3958,0.0339608
2025-09-28 00:00:00+00:00,-6.58253e-10,0.752634,4.3898e-09,5.91064e-10,-3.85715e-10,4.86871e-08,1.55799e-11,3.04415e-12,5.53916e-16,1.85822e-12,-6.41487e-10,9.3125,0.0313083
2025-09-29 00:00:00+00:00,7.7637e-11,0.752634,4.15904e-09,6.66746e-10,-3.0267e-10,7.08113e-08,2.26596e-11,7.23962e-12,5.59176e-16,1.39026e-12,1.06147e-10,8.95833,0.0310479
2025-09-30 00:00:00+00:00,-5.71865e-12,0.752634,3.87891e-09,9.20181e-10,-3.49339e-10,5.66205e-08,1.81186e-11,9.20697e-12,2.72343e-16,-7.31622e-12,2.89237e-11,9.52083,0.0324227
2025-10-01 00:00:00+00:00,-3.95872e-12,0.752634,5.8184e-09,1.54404e-09,-1.90297e-10,7.23984e-08,2.31675e-11,7.68039e-12,5.11027e-16,8.46809e-12,1.84228e-11,9.75,0.0332061
2025-10-02 00:00:00+00:00,1.57181e-10,0.752634,8.50933e-09,1.46615e-09,-7.37603e-11,1.39237e-07,4.45558e-11,8.17083e-12,1.50896e-15,2.76592e-12,2.07144e-10,12.9583,0.0337046
2025-10-03 00:00:00+00:00,1.10957e-10,0.752634,1.05515e-08,1.41257e-09,-1.76734e-10,2.01742e-07,6.45575e-11,1.05055e-11,2.45855e-15,-5.17358e-12,1.91198e-10,14.5625,0.0362552
2025-10-04 00:00:00+00:00,1.07968e-10,0.752634,1.14025e-08,2.15104e-09,-1.10786e-10,2.08496e-07,6.67188e-11,9.57901e-12,2.92362e-15,-2.27137e-12,1.86541e-10,15.1875,0.0375879
2025-10-05 00:00:00+00:00,-9.04776e-11,0.752634,1.08062e-08,2.13685e-09,-2.10393e-10,2.16165e-07,6.91727e-11,1.00132e-11,3.00743e-15,1.46455e-12,-1.27526e-11,13.3542,0.0376099
2025-10-06 00:00:00+00:00,-1.92348e-10,0.752634,9.48087e-09,1.75499e-09,-1.88988e-10,1.8424e-07,5.89568e-11,8.74453e-12,2.63627e-15,-1.75052e-14,-1.24626e-10,12.375,0.0377378
2025-10-07 00:00:00+00:00,1.19017e-10,0.752634,9.26427e-09,1.9071e-09,-2.06048e-10,1.96444e-07,6.28622e-11,1.22723e-11,2.27856e-15,3.6771e-13,1.93788e-10,13.2708,0.0377333
2025-10-08 00:00:00+00:00,3.04248e-11,0.752634,1.05395e-08,1.86039e-09,-1.12015e-10,2.13423e-07,6.82953e-11,1.39176e-11,2.7749e-15,5.66247e-13,1.12076e-10,12.6875,0.0385304
2025-10-09 00:00:00+00:00,4.50433e-11,0.752634,1.04825e-08,1.3229e-09,6.13102e-12,2.91028e-07,9.3129e-11,1.93322e-11,3.64926e-15,7.96151e-13,1.56712e-10,12.0417,0.0391191
2025-10-10 00:00:00+00:00,2.35926e-10,0.752634,9.49099e-09,8.45036e-10,-1.92843e-10,1.49044e-07,4.76939e-11,1.05413e-11,3.4435e-15,-7.89997e-13,2.94955e-10,12.1875,0.0370511
2025-10-11 00:00:00+00:00,-4.72666e-12,0.752634,8.46839e-09,1.25518e-09,3.92018e-11,5.13248e-08,1.64239e-11,2.49449e-12,6.2604e-15,2.66857e-12,1.15305e-11,18.2292,0.0356424
2025-10-12 00:00:00+00:00,1.18578e-11,0.752634,9.9742e-09,1.14266e-09,3.20357e-11,1.36813e-07,4.37802e-11,5.47253e-12,1.01775e-14,2.31359e-12,5.88085e-11,17.5417,0.035022
2025-10-13 00:00:00+00:00,-5.48606e-12,0.752634,1.11115e-08,1.59763e-09,2.55632e-11,1.61299e-07,5.16157e-11,6.45196e-12,8.14577e-15,1.40972e-13,5.2449e-11,16.7917,0.0360243
2025-10-14 00:00:00+00:00,5.40108e-11,0.752634,8.61137e-09,1.71691e-09,3.15605e-11,1.4641e-07,4.68511e-11,5.85639e-12,4.92353e-15,1.98253e-13,1.06527e-10,15.0417,0.0344795
2025-10-15 00:00:00+00:00,3.13993e-12,0.752634,7.82595e-09,1.54992e-09,4.2709e-11,1.34811e-07,4.31394e-11,5.39242e-12,3.18144e-15,4.85908e-13,5.1188e-11,13.5,0.0354745
2025-10-16 00:00:00+00:00,9.00946e-11,0.752634,8.30121e-09,1.36073e-09,2.18373e-11,1.83886e-07,5.88436e-11,7.35545e-12,3.70736e-15,-2.51693e-13,1.5655e-10,12.3958,0.0357496
2025-10-17 00:00:00+00:00,-4.75388e-11,0.752634,6.99055e-09,8.862e-10,-1.55039e-11,1.33886e-07,4.28434e-11,9.37668e-12,3.1073e-15,3.31476e-14,4.65122e-12,11.5208,0.0348049
2025-10-18 00:00:00+00:00,-1.17317e-10,0.752634,8.92264e-09,1.65476e-09,4.52705e-11,1.46868e-07,4.69979e-11,6.04443e-12,2.41895e-15,-3.34643e-13,-6.39366e-11,12.8958,0.0355283
2025-10-19 00:00:00+00:00,9.91696e-11,0.752634,7.97476e-09,1.16548e-09,2.33913e-12,1.35942e-07,4.35015e-11,5.58449e-12,2.03029e-15,3.07253e-13,1.47952e-10,12.8125,0.0354634
2025-10-20 00:00:00+00:00,-6.73673e-11,0.752634,9.09667e-09,1.05329e-09,4.90483e-12,2.01437e-07,6.44598e-11,9.58987e-12,2.53331e-15,4.28574e-13,6.25717e-12,12.2708,0.0371183
2025-10-21 00:00:00+00:00,-1.54557e-10,0.752634,7.67085e-09,1.35288e-09,4.20462e-11,1.33682e-07,4.27784e-11,5.3473e-12,1.5899e-15,-1.14083e-12,-1.05288e-10,11.7292,0.0356221
2025-10-22 00:00:00+00:00,3.66775e-11,0.752634,9.34156e-09,6.24531e-10,-1.53522e-10,1.9414e-07,6.21248e-11,7.7656e-12,2.88154e-15,-2.33815e-12,1.0891e-10,13.125,0.0347481
2025-10-23 00:00:00+00:00,-3.95429e-11,0.752634,8.17794e-09,1.17362e-09,1.70191e-11,1.3482e-07,4.31423e-11,5.39278e-12,1.83994e-15,-6.1256e-13,9.60724e-12,12.1042,0.0337286
2025-10-24 00:00:00+00:00,3.76539e-11,0.752634,5.03538e-09,9.24906e-10,7.79675e-11,5.63871e-08,1.80439e-11,2.89095e-12,6.37693e-16,-3.29917e-13,5.89198e-11,9.9375,0.0319097
2025-10-25 00:00:00+00:00,-1.51915e-11,0.752634,4.47615e-09,5.13405e-10,-1.26945e-10,6.56165e-08,2.09973e-11,3.98777e-12,5.959e-16,8.00588e-13,8.99451e-12,8.125,0.0326208
2025-10-26 00:00:00+00:00,-4.83502e-11,0.752634,4.02296e-09,2.14722e-10,-2.51269e-10,6.8956e-08,2.20659e-11,5.11314e-12,7.36141e-16,3.48919e-13,-2.15197e-11,7.4375,0.0309989
2025-10-27 00:00:00+00:00,1.39886e-10,0.752634,5.20929e-09,4.49432e-10,-2.21503e-10,1.09636e-07,3.50836e-11,9.88828e-12,1.15125e-15,-1.72838e-13,1.85031e-10,9.95833,0.033111
2025-10-28 00:00:00+00:00,2.95131e-11,0.752634,5.00109e-09,1.35417e-10,-7.46478e-10,9.36612e-08,2.99716e-11,1.52707e-11,9.95786e-16,1.85026e-12,7.29061e-11,8.89583,0.0345117
2025-10-29 00:00:00+00:00,-2.92658e-11,0.752634,5.2522e-09,8.62353e-10,-6.74589e-11,9.00726e-08,2.88232e-11,1.2585e-11,1.31806e-15,2.2697e-13,1.19189e-11,9.1875,0.0340688
2025-10-30 00:00:00+00:00,1.75262e-10,0.752634,7.03308e-09,4.60113e-10,-9.91897e-11,1.81873e-07,5.81992e-11,1.60037e-11,3.0006e-15,1.15929e-12,2.48308e-10,10.4375,0.0348057
2025-10-31 00:00:00+00:00,-1.83765e-10,0.752634,8.46599e-09,1.32118e-10,-3.82675e-10,1.63085e-07,5.21871e-11,1.94329e-11,3.52168e-15,1.46327e-12,-1.13604e-10,12.75,0.0365864
2025-11-01 00:00:00+00:00,-6.33057e-11,0.752634,6.88455e-09,8.87373e-10,-5.43012e-11,8.35985e-08,2.67515e-11,5.28169e-12,1.49242e-15,-5.45689e-13,-3.07257e-11,12.2708,0.0349262
2025-11-02 00:00:00+00:00,3.76379e-11,0.752634,7.46115e-09,6.35272e-10,-2.0415e-11,1.71586e-07,5.49076e-11,1.37624e-11,3.00562e-15,2.22636e-12,1.04084e-10,11.9375,0.0368082
2025-11-03 00:00:00+00:00,-2.93972e-10,0.752634,9.16137e-09,5.28154e-10,-3.15475e-10,1.84334e-07,5.8987e-11,9.48272e-12,3.34318e-15,2.21916e-12,-2.27719e-10,14.2917,0.0375265
2025-11-04 00:00:00+00:00,-1.93411e-10,0.752634,9.34206e-09,6.73777e-10,-9.10082e-11,1.85632e-07,5.94024e-11,9.9321e-12,4.07973e-15,5.81958e-13,-1.24654e-10,15.8333,0.0366679
2025-11-05 00:00:00+00:00,-5.84154e-11,0.752634,9.2144e-09,1.0113e-09,-9.91604e-11,8.18087e-08,2.61788e-11,3.66925e-12,2.35511e-15,-1.24488e-13,-2.84396e-11,16.2292,0.0353179
2025-11-06 00:00:00+00:00,-8.51192e-11,0.752634,8.22108e-09,6.15771e-10,-1.07995e-10,1.04565e-07,3.34608e-11,5.64658e-12,2.10724e-15,1.93515e-12,-4.79436e-11,15.5833,0.0350653
2025-11-07 00:00:00+00:00,-4.43172e-11,0.752634,7.08541e-09,6.97297e-10,-7.62561e-11,5.52616e-08,1.76837e-11,2.60856e-12,1.35459e-15,2.24573e-14,-2.40456e-11,15.8542,0.0324585
2025-11-08 00:00:00+00:00,-3.16747e-13,0.752634,7.50291e-09,7.86055e-10,-2.45495e-11,1.00409e-07,3.21309e-11,5.77488e-12,1.81339e-15,2.54995e-13,3.73375e-11,16.0833,0.0326636
2025-11-09 00:00:00+00:00,1.8275e-10,0.752634,6.97512e-09,1.04987e-09,-5.94892e-11,9.05686e-08,2.89819e-11,4.95163e-12,1.5132e-15,-5.55148e-13,2.17242e-10,13.4167,0.0343045
2025-11-10 00:00:00+00:00,1.69327e-10,0.752634,8.00545e-09,9.11197e-10,-3.69448e-11,1.24853e-07,3.9953e-11,8.6878e-12,1.60215e-15,4.83374e-13,2.17487e-10,16.4167,0.0351787
2025-11-11 00:00:00+00:00,2.13325e-10,0.752634,8.1882e-09,1.10625e-09,4.40492e-11,9.5533e-08,3.05706e-11,6.88834e-12,1.01666e-15,4.52042e-13,2.50333e-10,15.9583,0.0362642
2025-11-12 00:00:00+00:00,6.96569e-11,0.752634,7.17736e-09,6.56956e-10,-1.4467e-10,1.19696e-07,3.83028e-11,1.37834e-11,1.22811e-15,6.32867e-13,1.21112e-10,13.5,0.0377651
2025-11-13 00:00:00+00:00,5.01459e-11,0.752634,1.03742e-08,7.53078e-10,-3.02099e-11,1.82226e-07,5.83123e-11,1.1784e-11,2.47798e-15,2.05817e-12,1.18188e-10,15.8333,0.0391809
2025-11-14 00:00:00+00:00,-5.17673e-11,0.752634,9.30142e-09,8.16744e-10,-2.34773e-10,1.86821e-07,5.97828e-11,9.37037e-12,3.14672e-15,8.19313e-13,1.65689e-11,15.5417,0.0378002
2025-11-15 00:00:00+00:00,-1.38124e-10,0.752634,8.9793e-09,8.13065e-10,-1.04268e-10,1.39054e-07,4.44974e-11,6.43891e-12,1.92025e-15,-1.48508e-11,-7.23335e-11,16,0.0355733
2025-11-16 00:00:00+00:00,2.44927e-10,0.752634,9.7946e-09,8.2686e-10,-1.45009e-10,2.11065e-07,6.75407e-11,9.94858e-12,3.28378e-15,-1.28945e-11,3.35315e-10,15.6042,0.0372388
2025-11-17 00:00:00+00:00,-3.28735e-10,0.752634,1.12153e-08,9.18872e-10,-1.28733e-10,1.69721e-07,5.43107e-11,6.78884e-12,2.43189e-15,2.44029e-12,-2.70072e-10,16.6875,0.0390365
2025-11-18 00:00:00+00:00,8.78806e-11,0.752634,9.52192e-09,1.24486e-09,4.08943e-11,1.35505e-07,4.33615e-11,7.21259e-12,2.35482e-15,-6.12925e-13,1.39071e-10,15.625,0.0370243
2025-11-19 00:00:00+00:00,6.58418e-11,0.752634,8.23109e-09,8.15721e-10,-1.68521e-10,1.36618e-07,4.37177e-11,1.25806e-11,2.04451e-15,-8.75665e-13,1.23018e-10,14.3958,0.0368239
2025-11-20 00:00:00+00:00,8.31981e-11,0.752634,9.05285e-09,9.15594e-10,-4.88822e-11,1.63027e-07,5.21686e-11,1.60779e-11,2.70252e-15,-4.36486e-13,1.51884e-10,14.2292,0.0378484
2025-11-21 00:00:00+00:00,1.86872e-10,0.752634,1.19553e-08,6.76999e-10,-2.66642e-12,3.46851e-07,1.10992e-10,1.64654e-11,7.81116e-15,1.97349e-12,3.12364e-10,16.8542,0.0394978
2025-11-22 00:00:00+00:00,-8.07376e-10,0.752634,1.09061e-08,6.55364e-10,7.78685e-12,1.95934e-07,6.26987e-11,7.87347e-12,4.53779e-15,-3.18069e-12,-7.33618e-10,16.9375,0.0398155
2025-11-23 00:00:00+00:00,2.00964e-10,0.752634,1.09849e-08,1.26137e-09,-6.17884e-11,1.55377e-07,4.97205e-11,7.09695e-12,2.88123e-15,6.76353e-13,2.57109e-10,17.3333,0.0403519
2025-11-24 00:00:00+00:00,-4.99022e-11,0.752634,1.16063e-08,1.53377e-09,1.90059e-11,1.65006e-07,5.28018e-11,7.41322e-12,2.90266e-15,5.45653e-12,4.85926e-12,17.1667,0.0414446
2025-11-25 00:00:00+00:00,1.12478e-10,0.752634,1.03842e-08,1.68531e-09,-8.64763e-11,1.27732e-07,4.08741e-11,5.84959e-12,2.12816e-15,3.86035e-12,1.55344e-10,17.5417,0.0400089
2025-11-26 00:00:00+00:00,1.00099e-10,0.752634,1.04902e-08,1.37613e-09,2.90948e-11,1.90304e-07,6.08973e-11,8.7959e-12,2.42934e-15,4.9437e-12,1.64853e-10,16.2917,0.0402911
2025-11-27 00:00:00+00:00,2.72014e-10,0.752634,1.06882e-08,1.70666e-09,-6.46348e-11,1.59188e-07,5.09402e-11,9.46196e-12,2.35877e-15,1.13758e-11,3.21044e-10,14.875,0.0411422
2025-11-28 00:00:00+00:00,3.0853e-10,0.752634,1.13605e-08,1.50195e-09,-1.68158e-10,2.87003e-07,9.1841e-11,2.35196e-11,3.92867e-15,7.57223e-12,4.16323e-10,14.2083,0.0437374
2025-11-29 00:00:00+00:00,1.86408e-10,0.752634,1.01381e-08,1.40378e-09,-8.05169e-11,2.44156e-07,7.81298e-11,2.71365e-11,3.44731e-15,4.42429e-12,2.87254e-10,12.3542,0.0461843
2025-11-30 00:00:00+00:00,-1.81378e-10,0.752634,1.09333e-08,1.45488e-09,-3.31044e-10,3.22968e-07,1.0335e-10,4.08582e-11,4.62472e-15,-1.10037e-11,-2.61606e-11,11.9375,0.047468
2025-12-01 00:00:00+00:00,-4.78783e-11,0.752634,1.3534e-08,7.23217e-10,-3.01769e-10,4.19264e-07,1.34164e-10,2.35475e-11,8.57864e-15,-8.17721e-12,1.18022e-10,15.8542,0.0477385
2025-12-02 00:00:00+00:00,-1.48068e-10,0.752634,1.65242e-08,1.85129e-09,-1.09219e-10,3.96408e-07,1.2685e-10,2.07054e-11,7.19755e-15,1.45942e-11,-1.50976e-11,18.7917,0.0493912
2025-12-03 00:00:00+00:00,9.61593e-11,0.752634,1.52107e-08,2.02606e-09,-6.43137e-11,2.89053e-07,9.2497e-11,1.37016e-11,5.75511e-15,2.73668e-11,1.74998e-10,18.1667,0.0486212
2025-12-04 00:00:00+00:00,-1.07706e-10,0.752634,1.46522e-08,2.6558e-09,-4.93355e-11,2.73889e-07,8.76444e-11,1.23799e-11,4.6876e-15,2.70759e-11,-3.47523e-11,18.25,0.0484796
2025-12-05 00:00:00+00:00,-4.99494e-11,0.752634,1.4861e-08,1.59091e-09,-2.2114e-10,4.24358e-07,1.35795e-10,2.39751e-11,7.83806e-15,3.02424e-12,1.06804e-10,17.6875,0.0490488
2025-12-06 00:00:00+00:00,1.72911e-10,0.752634,1.62756e-08,2.04551e-09,-1.54875e-10,4.33244e-07,1.38638e-10,2.33281e-11,7.89009e-15,1.45089e-12,3.33435e-10,17.3542,0.0495694
2025-12-07 00:00:00+00:00,8.83909e-11,0.752634,1.68035e-08,1.98931e-09,-2.01473e-11,5.03924e-07,1.61256e-10,3.39131e-11,9.2664e-15,1.13945e-11,2.72175e-10,17.4583,0.0498749
2025-12-08 00:00:00+00:00,-2.62418e-10,0.752634,1.52498e-08,2.40598e-09,-1.14542e-10,3.25646e-07,1.04207e-10,2.19675e-11,7.13566e-15,3.30431e-12,-1.39541e-10,16.375,0.0497051
2025-12-09 00:00:00+00:00,-1.99216e-10,0.752634,1.56154e-08,1.76999e-09,-9.67004e-11,4.07962e-07,1.30548e-10,2.21305e-11,8.29222e-15,3.25238e-12,-4.97821e-11,16.9792,0.0500245
2025-12-10 00:00:00+00:00,3.96676e-11,0.752634,1.69205e-08,1.03584e-09,-3.10725e-10,4.42575e-07,1.41624e-10,1.88002e-11,9.28252e-15,6.87552e-12,1.93228e-10,17.8958,0.0498636
2025-12-11 00:00:00+00:00,1.46488e-10,0.752634,1.78657e-08,1.20325e-09,-2.86571e-10,4.76256e-07,1.52402e-10,1.90502e-11,1.092e-14,2.8471e-12,3.15104e-10,19.3125,0.0506391
2025-12-12 00:00:00+00:00,1.57729e-10,0.752634,1.9083e-08,1.59665e-09,-2.4715e-10,4.86421e-07,1.55655e-10,2.40627e-11,1.20381e-14,-3.04147e-13,3.37765e-10,18.9583,0.0510375
2025-12-13 00:00:00+00:00,-3.32438e-10,0.752634,1.72564e-08,9.66139e-10,-3.21533e-10,3.58663e-07,1.14772e-10,2.02659e-11,7.77187e-15,-7.16291e-12,-1.9023e-10,17.1667,0.0512232
2025-12-14 00:00:00+00:00,8.94258e-11,0.752634,1.79426e-08,1.32639e-09,-3.35807e-10,5.8831e-07,1.88259e-10,2.84512e-11,1.16751e-14,2.52514e-13,3.05895e-10,17.3542,0.0524478
2025-12-15 00:00:00+00:00,2.08273e-10,0.752634,1.84846e-08,1.11316e-09,-3.90609e-10,5.90767e-07,1.89046e-10,3.00712e-11,1.27707e-14,6.36509e-12,4.21039e-10,17.3542,0.05426
2025-12-16 00:00:00+00:00,6.43527e-11,0.752634,1.85196e-08,5.04623e-10,-2.47005e-10,5.73829e-07,1.83625e-10,3.68426e-11,1.47475e-14,6.27514e-11,2.22086e-10,18.7917,0.0556642
2025-12-17 00:00:00+00:00,4.11296e-10,0.752634,2.04736e-08,3.05623e-10,-2.40632e-10,6.03853e-07,1.93233e-10,3.83576e-11,1.68294e-14,-7.96033e-12,6.50864e-10,20.125,0.0564939
2025-12-18 00:00:00+00:00,9.80427e-11,0.752634,2.0786e-08,-6.91235e-11,6.69888e-11,5.87324e-07,1.87944e-10,4.66088e-11,1.98702e-14,3.39029e-12,3.29227e-10,19.1042,0.0576301
2025-12-19 00:00:00+00:00,2.17771e-10,0.752634,2.39155e-08,1.3319e-09,-1.08392e-10,7.05775e-07,2.25848e-10,6.72047e-11,2.71438e-14,7.58923e-12,5.03261e-10,19.1875,0.0581863
2025-12-20 00:00:00+00:00,-3.25527e-10,0.752634,2.20635e-08,1.36614e-09,-2.67779e-10,5.05824e-07,1.61864e-10,3.62303e-11,1.39609e-14,-1.9278e-12,-1.25489e-10,18.7708,0.057924
2025-12-21 00:00:00+00:00,-9.00312e-11,0.752634,1.819e-08,3.43483e-10,-4.71351e-10,4.77039e-07,1.52653e-10,4.19023e-11,1.35948e-14,4.38005e-12,1.00158e-10,16.2083,0.0578714
2025-12-22 00:00:00+00:00,3.04067e-10,0.752634,2.00199e-08,1.00093e-09,-1.39998e-10,5.77033e-07,1.84651e-10,5.82931e-11,1.44563e-14,5.61827e-12,5.41409e-10,18.9375,0.0593185
2025-12-23 00:00:00+00:00,-3.41966e-10,0.752634,1.99464e-08,3.44313e-10,-5.20991e-10,5.86143e-07,1.87566e-10,5.61179e-11,1.21451e-14,2.73042e-12,-1.01e-10,17.2917,0.0600285
2025-12-24 00:00:00+00:00,-2.79675e-11,0.752634,1.9056e-08,8.94663e-10,-6.73688e-10,6.01751e-07,1.9256e-10,6.15876e-11,1.23362e-14,-1.28033e-12,2.27475e-10,18.0833,0.059779
2025-12-25 00:00:00+00:00,-3.48388e-10,0.752634,1.82377e-08,9.54401e-10,-6.17829e-10,5.38227e-07,1.72233e-10,6.57246e-11,1.15249e-14,-1.12203e-12,-1.09297e-10,16.2708,0.0586417
2025-12-26 00:00:00+00:00,-2.05678e-11,0.752634,2.04015e-08,2.25238e-09,-4.69346e-10,5.15498e-07,1.64959e-10,3.48694e-11,1.09733e-14,8.2745e-12,1.70998e-10,19.8125,0.0586649
2025-12-27 00:00:00+00:00,1.19108e-10,0.752634,1.93011e-08,2.23685e-09,-3.19092e-10,4.86402e-07,1.55649e-10,3.51685e-11,1.22566e-14,6.79661e-12,3.03142e-10,17.375,0.0564805
2025-12-28 00:00:00+00:00,-1.48636e-10,0.752634,1.9693e-08,1.90367e-09,-5.41076e-11,5.13517e-07,1.64325e-10,4.16242e-11,1.08873e-14,1.66015e-11,4.07227e-11,16.8125,0.0553582
2025-12-29 00:00:00+00:00,-3.37162e-10,0.752634,1.49217e-08,1.04919e-09,-5.93763e-10,4.24733e-07,1.35915e-10,3.9639e-11,7.52827e-15,8.17371e-12,-1.69775e-10,15.6875,0.0554749
2025-12-30 00:00:00+00:00,-1.55319e-10,0.752634,1.37186e-08,1.19247e-09,-7.601e-10,3.66821e-07,1.17383e-10,2.44589e-11,5.31982e-15,-2.16399e-12,-1.13079e-11,16.7292,0.0553538
2025-12-31 00:00:00+00:00,6.37915e-10,0.752634,1.46066e-08,1.22774e-09,-7.29418e-10,3.37737e-07,1.08076e-10,2.81246e-11,6.39874e-15,-2.34162e-12,7.76464e-10,17.6667,0.0537475
2026-01-01 00:00:00+00:00,-3.68055e-10,0.752634,2.00421e-08,2.14477e-09,-4.27459e-10,2.96132e-07,9.47622e-11,1.54906e-11,4.70592e-15,1.75343e-11,-2.75331e-10,20.4375,0.0521188
2026-01-02 00:00:00+00:00,-3.12821e-10,0.752634,1.59107e-08,2.17361e-09,-2.51809e-10,2.37728e-07,7.60731e-11,2.0665e-11,4.67372e-15,1.32413e-11,-2.29319e-10,20.1458,0.0487649
2026-01-03 00:00:00+00:00,5.69411e-11,0.752634,1.27816e-08,1.18259e-09,-3.69659e-10,1.67518e-07,5.36056e-11,1.71806e-11,3.94891e-15,-1.4994e-12,1.29232e-10,18.9583,0.0468349
2026-01-04 00:00:00+00:00,-5.68756e-11,0.752634,1.34704e-08,1.42166e-09,-5.49358e-10,2.33015e-07,7.45647e-11,1.5189e-11,4.58435e-15,7.05851e-12,2.58264e-11,17.7292,0.0469899
2026-01-05 00:00:00+00:00,-2.04363e-11,0.752634,1.35766e-08,1.15101e-09,-4.09029e-10,2.70044e-07,8.64139e-11,1.82699e-11,6.07766e-15,7.90791e-11,5.17561e-12,18.75,0.0469334
2026-01-06 00:00:00+00:00,4.6094e-10,0.752634,1.34029e-08,5.9702e-10,-4.25252e-10,2.8506e-07,9.12192e-11,3.22899e-11,6.92412e-15,1.02044e-11,5.74252e-10,18.3125,0.0474559
2026-01-07 00:00:00+00:00,-1.91366e-10,0.752634,1.05042e-08,6.33785e-10,-4.82639e-10,1.46296e-07,4.68148e-11,1.34307e-11,3.46231e-15,6.77718e-12,-1.37895e-10,16.5625,0.0486431
2026-01-08 00:00:00+00:00,-1.39743e-10,0.752634,9.95938e-09,5.71683e-10,-4.10013e-10,1.70897e-07,5.46871e-11,2.72691e-11,3.56706e-15,-2.93121e-12,-5.48523e-11,16.0625,0.049128
2026-01-09 00:00:00+00:00,1.34608e-10,0.752634,9.46092e-09,7.17648e-10,-4.41669e-10,1.58629e-07,5.07612e-11,3.99151e-11,4.07807e-15,-2.18336e-12,2.27474e-10,14.125,0.04837
2026-01-10 00:00:00+00:00,4.57154e-11,0.752634,7.80935e-09,-2.09389e-11,-4.25276e-10,1.27998e-07,4.09593e-11,4.03858e-11,3.84812e-15,4.62498e-12,1.22441e-10,11.2083,0.0480033
2026-01-11 00:00:00+00:00,-1.29873e-11,0.752634,7.40687e-09,6.50871e-10,-6.5404e-10,1.19265e-07,3.81649e-11,3.87087e-11,3.46802e-15,3.49942e-12,6.03904e-11,10.9375,0.0488697
2026-01-12 00:00:00+00:00,9.65352e-11,0.752634,9.78436e-09,4.01094e-10,-5.73515e-10,3.00702e-07,9.62246e-11,7.89633e-11,7.96531e-15,4.44931e-12,2.67284e-10,12.1875,0.0492291
2026-01-13 00:00:00+00:00,-2.25426e-10,0.752634,1.12987e-08,1.09483e-09,-4.937e-10,3.05236e-07,9.76756e-11,6.80299e-11,7.04187e-15,4.69626e-12,-6.44106e-11,13.1667,0.0496166
2026-01-14 00:00:00+00:00,-2.89413e-12,0.752634,1.11033e-08,9.01995e-10,-2.30345e-10,2.64158e-07,8.45306e-11,5.5052e-11,5.63504e-15,4.26358e-11,9.40586e-11,14.4792,0.0498525
2026-01-15 00:00:00+00:00,-1.78454e-10,0.752634,1.09075e-08,6.17075e-10,-2.35071e-10,2.24404e-07,7.18093e-11,3.53424e-11,4.08085e-15,-7.41886e-12,-6.3879e-11,16.1042,0.0516108
2026-01-16 00:00:00+00:00,-8.29314e-12,0.752634,1.32127e-08,1.28191e-09,-4.07309e-10,2.48256e-07,7.94418e-11,1.76698e-11,4.44761e-15,1.2907e-11,7.59163e-11,17.9167,0.0513854
2026-01-17 00:00:00+00:00,1.47874e-10,0.752634,1.49519e-08,1.67455e-09,-2.90127e-10,2.5486e-07,8.15552e-11,1.01944e-11,3.47472e-15,1.04355e-12,2.38584e-10,18.375,0.0529381
2026-01-18 00:00:00+00:00,-1.86046e-10,0.752634,1.39909e-08,8.31677e-10,-4.47518e-10,3.24112e-07,1.03716e-10,1.30226e-11,4.5486e-15,-1.9552e-12,-6.73483e-11,16.9375,0.0528901
2026-01-19 00:00:00+00:00,3.74834e-10,0.752634,1.52733e-08,1.18148e-09,-2.93044e-10,3.31986e-07,1.06236e-10,1.3437e-11,8.63021e-15,-1.08617e-12,4.95602e-10,19.1458,0.0539875
2026-01-20 00:00:00+00:00,4.17246e-10,0.752634,1.52376e-08,1.47285e-09,-3.27962e-10,3.94225e-07,1.26152e-10,1.5769e-11,8.20326e-15,5.61232e-12,5.53564e-10,17.8542,0.0550708
2026-01-21 00:00:00+00:00,-1.6449e-10,0.752634,1.61838e-08,1.21038e-09,-3.88372e-10,3.62571e-07,1.16023e-10,1.52877e-11,7.51885e-15,2.94761e-11,-6.26475e-11,19.3125,0.055057
2026-01-22 00:00:00+00:00,9.38885e-11,0.752634,1.62593e-08,1.48117e-09,-2.90855e-10,2.80503e-07,8.97611e-11,1.72504e-11,7.01149e-15,1.29657e-11,1.87942e-10,19.6458,0.0542752
2026-01-23 00:00:00+00:00,-1.023e-10,0.752634,1.61399e-08,1.86205e-09,-2.30772e-10,3.40946e-07,1.09103e-10,1.39136e-11,6.58987e-15,-2.45451e-12,2.31779e-11,19.8542,0.0528174
2026-01-24 00:00:00+00:00,-3.34267e-10,0.752634,1.32015e-08,2.05194e-09,-4.76217e-10,1.42764e-07,4.56846e-11,6.59559e-12,2.3653e-15,-1.59558e-12,-2.80389e-10,17.6667,0.0500504
2026-01-25 00:00:00+00:00,4.07907e-10,0.752634,1.53318e-08,1.70078e-09,-1.76323e-10,4.32447e-07,1.38383e-10,2.28842e-11,7.39096e-15,1.13205e-11,5.57862e-10,17.3333,0.0490398
2026-01-26 00:00:00+00:00,-1.27004e-10,0.752634,1.55136e-08,1.80086e-09,-2.98355e-10,4.01869e-07,1.28598e-10,3.42251e-11,6.33432e-15,3.1331e-11,4.49394e-12,17.2917,0.0497994
2026-01-27 00:00:00+00:00,-2.57071e-10,0.752634,1.37564e-08,1.77663e-09,-2.91872e-10,3.56671e-07,1.14135e-10,2.96236e-11,5.60365e-15,1.6799e-11,-1.30106e-10,17.2292,0.0462436
2026-01-28 00:00:00+00:00,4.23024e-11,0.752634,1.15716e-08,1.60695e-09,-2.76775e-11,2.89948e-07,9.27833e-11,3.32048e-11,4.8196e-15,7.8173e-12,1.60478e-10,16.3958,0.0442311
2026-01-29 00:00:00+00:00,1.57828e-10,0.752634,1.192e-08,1.06295e-09,-1.72172e-10,2.46703e-07,7.89451e-11,2.53928e-11,4.01999e-15,1.32084e-12,2.60851e-10,16.9792,0.0455514
2026-01-30 00:00:00+00:00,4.0645e-10,0.752634,1.61892e-08,2.09967e-09,8.10973e-11,3.86231e-07,1.23594e-10,3.1066e-11,8.34024e-15,1.09166e-11,5.50202e-10,18.4583,0.0470775
2026-01-31 00:00:00+00:00,-1.41399e-10,0.752634,1.65236e-08,1.72636e-09,3.73898e-11,4.11035e-07,1.31531e-10,3.14107e-11,9.57367e-15,2.49348e-12,1.9058e-11,18.6875,0.0475814
2026-02-01 00:00:00+00:00,-2.34881e-10,0.752634,1.24075e-08,1.17145e-09,7.66272e-11,2.43762e-07,7.80039e-11,2.08003e-11,4.84841e-15,2.63221e-13,-1.36335e-10,17.4583,0.0456957
2026-02-02 00:00:00+00:00,4.33315e-10,0.752634,1.23716e-08,1.04734e-09,2.51218e-11,2.27146e-07,7.26866e-11,2.14116e-11,6.78601e-15,-1.42543e-12,5.28847e-10,18.8542,0.0462364
2026-02-03 00:00:00+00:00,-3.68925e-10,0.752634,1.17152e-08,8.99907e-10,1.39957e-11,1.32442e-07,4.23816e-11,1.38102e-11,3.31788e-15,-3.13754e-12,-3.09593e-10,18.3333,0.046591
2026-02-04 00:00:00+00:00,-2.62164e-10,0.752634,1.2248e-08,8.80049e-10,-2.18452e-11,1.58984e-07,5.08749e-11,1.32731e-11,4.25094e-15,-6.91647e-12,-1.91095e-10,18.7708,0.0448325
2026-02-05 00:00:00+00:00,2.84912e-11,0.752634,8.75179e-09,2.51079e-10,6.20749e-12,1.26735e-07,4.05551e-11,3.28238e-11,3.30445e-15,-8.89363e-12,1.10766e-10,13.9167,0.0417238
2026-02-06 00:00:00+00:00,5.26148e-10,0.752634,1.08576e-08,1.17091e-10,1.60875e-11,1.86188e-07,5.95801e-11,3.32917e-11,6.83431e-15,-6.16869e-13,6.19644e-10,17.4375,0.042611
2026-02-07 00:00:00+00:00,1.65874e-10,0.752634,1.24463e-08,4.93471e-10,-4.84248e-12,1.39069e-07,4.4502e-11,1.89603e-11,5.6332e-15,-2.13814e-12,2.31481e-10,17.8333,0.0448516
2026-02-08 00:00:00+00:00,-7.66737e-10,0.752634,1.04143e-08,2.65817e-10,-5.18809e-11,1.60732e-07,5.14341e-11,2.61272e-11,4.4745e-15,-2.81442e-11,-6.61026e-10,14.6458,0.0426294
2026-02-09 00:00:00+00:00,1.69729e-10,0.752634,9.93533e-09,3.89777e-10,-7.74463e-11,1.25556e-07,4.01778e-11,9.72191e-12,2.95273e-15,-1.46465e-11,2.34278e-10,15.8333,0.0404095
2026-02-10 00:00:00+00:00,-3.1073e-10,0.752634,7.39214e-09,-2.82e-11,-2.5134e-10,4.35899e-08,1.39488e-11,3.44636e-12,6.47573e-16,-4.14857e-11,-2.51849e-10,15.3958,0.03799
2026-02-11 00:00:00+00:00,-2.44383e-10,0.752634,6.6617e-09,1.11447e-10,-1.40764e-10,6.16296e-08,1.97215e-11,4.47853e-12,6.24422e-16,-5.7642e-12,-2.14417e-10,14.5208,0.0344735
2026-02-12 00:00:00+00:00,-4.08491e-11,0.752634,8.55092e-09,6.71224e-10,-8.96078e-12,7.26749e-08,2.3256e-11,3.09676e-12,1.28498e-15,2.23533e-12,-1.67294e-11,17.2917,0.0329204
2026-02-13 00:00:00+00:00,1.75741e-10,0.752634,8.01401e-09,2.36425e-10,-2.58136e-11,8.25598e-08,2.64191e-11,3.6957e-12,1.50943e-15,-2.5478e-12,2.08406e-10,16.8542,0.0326424
2026-02-14 00:00:00+00:00,-2.66158e-10,0.752634,9.42221e-09,5.76846e-10,-9.62497e-11,1.25294e-07,4.00941e-11,5.33646e-12,2.45798e-15,-4.7398e-12,-2.15983e-10,16.8958,0.0331634
2026-02-15 00:00:00+00:00,-3.32878e-12,0.752634,5.69958e-09,1.33941e-10,-3.01555e-11,6.87502e-08,2.20001e-11,2.75001e-12,8.22583e-16,-2.16344e-12,2.35861e-11,14.2292,0.0309505
2026-02-16 00:00:00+00:00,-3.73607e-11,0.752634,4.92165e-09,-2.57745e-10,-1.7797e-10,2.83696e-08,9.07828e-12,1.13479e-12,3.01776e-16,-8.39181e-12,-1.8755e-11,12,0.0297109
2026-02-17 00:00:00+00:00,3.37026e-11,0.752634,4.70899e-09,-3.68956e-10,-1.95479e-10,2.9413e-08,9.41216e-12,1.35045e-12,4.46878e-16,-8.42424e-12,5.28908e-11,12.6875,0.0295741
2026-02-18 00:00:00+00:00,-7.53453e-11,0.752634,5.3104e-09,-4.76836e-10,-1.89539e-10,4.06241e-08,1.29997e-11,1.62496e-12,4.15961e-16,-8.96393e-12,-5.17569e-11,12.125,0.0312197
2026-02-19 00:00:00+00:00,-3.91135e-11,0.752634,5.47492e-09,-3.54321e-10,-2.48367e-10,5.80748e-08,1.85839e-11,2.32299e-12,1.03634e-15,-1.65759e-11,-1.629e-12,13.3125,0.0317183
2026-02-20 00:00:00+00:00,-1.23034e-10,0.752634,4.84289e-09,-2.05139e-10,-2.50016e-10,4.28992e-08,1.37277e-11,3.43292e-12,8.78383e-16,-9.57339e-12,-9.63002e-11,11.9167,0.0303246
2026-02-21 00:00:00+00:00,1.10558e-10,0.752634,4.34413e-09,-2.57437e-11,-1.60206e-10,4.84765e-08,1.55125e-11,6.89716e-12,1.03449e-15,-7.07754e-13,1.33677e-10,11.5833,0.0316724
2026-02-22 00:00:00+00:00,-7.24185e-11,0.752634,3.26083e-09,-4.84044e-10,-3.05302e-10,2.95713e-08,9.46282e-12,2.93966e-12,6.51834e-16,-6.51214e-12,-5.35029e-11,10.1667,0.0314885
2026-02-23 00:00:00+00:00,-3.09411e-10,0.752634,2.75144e-09,-3.85826e-10,-2.39197e-10,9.50504e-09,3.04161e-12,5.9101e-13,1.86717e-16,-1.80335e-12,-3.03975e-10,8.5,0.0279896
2026-02-24 00:00:00+00:00,2.0612e-10,0.752634,2.33489e-09,1.23041e-10,-2.57672e-10,1.01159e-08,3.23709e-12,1.09114e-12,2.79399e-16,-1.62853e-11,2.26735e-10,9.9375,0.0261791
2026-02-25 00:00:00+00:00,-1.5538e-10,0.752634,4.06333e-09,4.94714e-10,-1.02534e-10,2.77728e-08,8.88729e-12,1.39636e-12,6.24464e-16,3.60845e-12,-1.48704e-10,12.6667,0.026291
2026-02-26 00:00:00+00:00,-2.43161e-12,0.752634,2.16633e-09,-3.22833e-11,-2.87936e-10,2.21553e-09,7.0897e-13,8.86212e-14,3.76482e-18,-1.76365e-12,1.3015e-13,11.375,0.0253617
2026-02-27 00:00:00+00:00,8.79208e-12,0.752634,3.46793e-09,3.67862e-10,-1.79317e-10,6.60923e-09,2.11495e-12,2.64369e-13,1.49605e-16,2.66181e-12,8.51001e-12,14.625,0.0257206
2026-02-28 00:00:00+00:00,-6.79961e-11,0.752634,3.50288e-09,3.59354e-10,-7.55462e-11,4.44827e-09,1.42345e-12,1.77931e-13,6.59274e-17,1.82106e-12,-6.8215e-11,13.3333,0.0252744
2026-03-01 00:00:00+00:00,1.13292e-11,0.752634,3.50472e-09,2.64289e-10,5.90499e-12,8.44227e-09,2.70153e-12,3.37691e-13,7.71617e-17,3.2696e-12,1.11013e-11,13.5208,0.025937
2026-03-02 00:00:00+00:00,-4.31175e-11,0.752634,3.04416e-09,1.51984e-10,-7.80269e-11,7.00143e-09,2.24046e-12,2.80057e-13,2.12844e-16,-1.77372e-12,-3.88232e-11,11.9583,0.0257788
2026-03-03 00:00:00+00:00,-4.43501e-11,0.752634,3.31197e-09,-6.42473e-11,-9.29446e-11,7.03321e-09,2.25063e-12,3.8636e-13,1.27788e-16,-2.75817e-12,-3.89533e-11,14.2083,0.0250902
2026-03-04 00:00:00+00:00,3.51585e-11,0.752634,3.75148e-09,2.77982e-10,-1.04024e-10,3.84302e-09,1.22977e-12,1.53721e-13,4.02379e-17,6.16858e-13,3.59262e-11,15.75,0.0239899
2026-03-05 00:00:00+00:00,-4.3846e-12,0.752634,3.2748e-09,3.10857e-10,-3.46213e-11,2.43959e-09,7.8067e-13,9.75838e-14,6.28055e-17,-2.22506e-13,-3.28363e-12,11.7292,0.0259241
2026-03-06 00:00:00+00:00,2.87239e-11,0.752634,2.82112e-09,5.38688e-11,-8.72674e-11,3.10983e-09,9.95147e-13,1.24393e-13,5.07024e-18,1.27147e-15,2.9843e-11,12.0417,0.0254548
2026-03-07 00:00:00+00:00,-2.65508e-11,0.752634,2.99857e-09,6.64855e-12,-1.35847e-10,8.89317e-09,2.84581e-12,3.55727e-13,8.42791e-17,1.07727e-12,-2.44264e-11,12.6667,0.0265273
2026-03-08 00:00:00+00:00,-4.97302e-11,0.752634,3.894e-09,-3.28187e-11,-2.42545e-10,3.269e-09,1.04608e-12,1.3076e-13,6.13314e-17,2.64667e-12,-5.11996e-11,14.1875,0.0277206
2026-03-09 00:00:00+00:00,-4.7402e-11,0.752634,3.33508e-09,2.86949e-10,-1.67319e-10,5.55204e-09,1.77665e-12,2.22082e-13,6.7949e-17,1.76213e-11,-6.30248e-11,11.9375,0.0279275
2026-03-10 00:00:00+00:00,-2.78794e-11,0.752634,2.80884e-09,-5.42977e-11,-1.56526e-10,4.26682e-09,1.36538e-12,1.70673e-13,8.47045e-18,1.00989e-11,-3.6442e-11,11.8333,0.0275972
2026-03-11 00:00:00+00:00,-4.62242e-11,0.752634,3.29998e-09,3.45414e-11,-1.13462e-10,9.40308e-09,3.00899e-12,8.31729e-13,8.38021e-17,2.41572e-12,-4.47985e-11,12.5208,0.0272641
2026-03-12 00:00:00+00:00,-2.35728e-11,0.752634,2.31968e-09,-1.15466e-10,-1.74305e-10,0,0,0,0,3.41951e-13,-2.39127e-11,13,0.0248046
2026-03-13 00:00:00+00:00,-4.79189e-11,0.752634,2.18695e-09,2.02907e-11,-6.70585e-11,4.44953e-09,1.42385e-12,1.77981e-13,9.09789e-17,-4.36945e-12,-4.19467e-11,10.3333,0.0241987
2026-03-14 00:00:00+00:00,2.51443e-12,0.752634,1.83596e-09,1.78533e-11,-4.77851e-11,0,0,0,0,-6.16338e-12,8.67934e-12,10,0.0238154
2026-03-15 00:00:00+00:00,2.65026e-11,0.752634,1.94814e-09,3.31671e-11,-7.38986e-11,2.0334e-09,6.50688e-13,8.1336e-14,8.25244e-18,-3.69689e-12,3.09325e-11,10.1667,0.0241076
2026-03-16 00:00:00+00:00,-9.10494e-12,0.752634,2.65954e-09,2.11964e-12,-2.3015e-10,6.81967e-09,2.18229e-12,4.24346e-13,9.19857e-17,2.71728e-12,-9.21497e-12,9.39583,0.0242038
2026-03-17 00:00:00+00:00,-9.02795e-11,0.752634,3.48888e-09,-3.82452e-10,-1.07424e-11,0,0,0,0,3.11002e-12,-9.33892e-11,13,0.0207201
2026-03-18 00:00:00+00:00,-5.31252e-11,0.752634,2.20024e-09,-3.07737e-10,-2.37357e-10,2.64611e-09,8.46756e-13,1.05844e-13,1.04836e-16,-1.95113e-11,-3.26602e-11,9.27083,0.020433
2026-03-19 00:00:00+00:00,-1.09224e-10,0.752634,1.4899e-09,-9.0008e-11,-1.2083e-10,1.01989e-09,3.26366e-13,4.07957e-14,6.11792e-17,-2.59616e-11,-8.2895e-11,9.64583,0.0199779
2026-03-20 00:00:00+00:00,1.27565e-12,0.752634,1.1203e-09,1.44573e-10,-4.76659e-11,0,0,0,0,-5.20335e-13,1.79654e-12,10,0.0182966
2026-03-21 00:00:00+00:00,-2.79762e-11,0.752634,1.12623e-09,1.3106e-10,-6.35103e-11,0,0,0,0,-1.77266e-13,-2.77989e-11,10,0.0183482
2026-03-22 00:00:00+00:00,-5.89784e-12,0.752634,1.10442e-09,1.17662e-10,-2.21717e-11,0,0,0,0,-9.67025e-14,-5.80089e-12,10,0.0144794
2026-03-23 00:00:00+00:00,4.92422e-11,0.752634,1.1172e-09,1.26975e-10,6.05031e-11,0,0,0,0,-8.39627e-14,4.93266e-11,10,0.0141032
2026-03-24 00:00:00+00:00,3.79474e-12,0.752634,1.1275e-09,1.62962e-10,1.22198e-10,0,0,0,0,-2.15479e-13,4.01097e-12,10,0.014578
2026-03-25 00:00:00+00:00,1.10965e-11,0.752634,1.17358e-09,1.65115e-10,9.62428e-11,0,0,0,0,-9.14176e-13,1.20109e-11,10,0.014614
2026-03-26 00:00:00+00:00,2.49578e-13,0.752634,1.1236e-09,1.77227e-10,1.0958e-10,0,0,0,0,-8.70514e-13,1.1217e-12,10,0.0149993
2026-03-27 00:00:00+00:00,-5.04452e-12,0.752634,1.07983e-09,1.7659e-10,9.76029e-11,0,0,0,0,-4.56542e-13,-4.5881e-12,10,0.0164098
2026-03-28 00:00:00+00:00,-3.45324e-12,0.752634,1.0749e-09,1.63736e-10,7.99612e-11,0,0,0,0,-2.42694e-13,-3.21047e-12,10,0.0154055
2026-03-29 00:00:00+00:00,-2.02804e-12,0.752634,1.0656e-09,1.7173e-10,7.85196e-11,0,0,0,0,-2.91791e-13,-1.73563e-12,10,0.0177329
2026-03-30 00:00:00+00:00,-4.56424e-12,0.752634,1.08778e-09,1.64294e-10,8.80905e-11,0,0,0,0,-1.68545e-13,-4.39525e-12,10,0.0181698
2026-03-31 00:00:00+00:00,7.45537e-12,0.752634,1.09642e-09,1.67002e-10,1.16216e-10,0,0,0,0,-8.61702e-14,7.54222e-12,10,0.0183344
2026-04-01 00:00:00+00:00,-9.41869e-12,0.752634,1.1263e-09,1.59732e-10,1.1721e-10,0,0,0,0,-1.69444e-13,-9.24855e-12,10,0.0191381
2026-04-02 00:00:00+00:00,-9.98523e-12,0.752634,1.0991e-09,1.50373e-10,1.07285e-10,0,0,0,0,-2.57475e-14,-9.95959e-12,10,0.0190637
2026-04-03 00:00:00+00:00,9.66183e-12,0.752634,1.09615e-09,1.55899e-10,9.76419e-11,0,0,0,0,-1.1657e-12,1.08281e-11,10,0.0190013
2026-04-04 00:00:00+00:00,6.30562e-12,0.752634,1.0944e-09,1.66996e-10,6.00673e-11,0,0,0,0,-9.55104e-14,6.4022e-12,10,0.0177537
2026-04-05 00:00:00+00:00,5.25135e-13,0.752634,1.0937e-09,1.61976e-10,3.40549e-11,0,0,0,0,-3.0043e-13,8.25692e-13,10,0.0162553
2026-04-06 00:00:00+00:00,3.24891e-11,0.752634,1.11802e-09,1.89815e-10,1.31523e-10,0,0,0,0,-5.06445e-13,3.29959e-11,10,0.0166823
2026-04-07 00:00:00+00:00,3.25946e-11,0.752634,1.10661e-09,2.06334e-10,1.29653e-10,0,0,0,0,-8.13092e-13,3.34091e-11,10,0.0166864
2026-04-08 00:00:00+00:00,1.11089e-11,0.752634,1.17364e-09,2.44395e-10,2.4595e-10,0,0,0,0,-1.6852e-13,1.12775e-11,10,0.0181658
2026-04-09 00:00:00+00:00,-1.46786e-11,0.752634,1.1737e-09,2.36234e-10,2.193e-10,0,0,0,0,-5.79786e-14,-1.46209e-11,10,0.0176442
2026-04-10 00:00:00+00:00,-9.17988e-12,0.752634,1.18804e-09,2.20351e-10,2.30441e-10,0,0,0,0,4.86579e-13,-9.66618e-12,10,0.0175202
2026-04-11 00:00:00+00:00,-2.01712e-11,0.752634,1.20678e-09,2.03805e-10,1.90062e-10,0,0,0,0,3.52615e-13,-2.05242e-11,10,0.0186068
2026-04-12 00:00:00+00:00,-9.97091e-13,0.752634,1.17792e-09,2.04555e-10,1.51459e-10,0,0,0,0,6.44075e-15,-1.00254e-12,10,0.0176414
2026-04-13 00:00:00+00:00,-1.83582e-11,0.752634,1.19091e-09,1.90276e-10,1.05834e-10,0,0,0,0,9.80476e-14,-1.8456e-11,10,0.020591
2026-04-14 00:00:00+00:00,-9.48719e-12,0.752634,1.22766e-09,1.76805e-10,1.00068e-10,0,0,0,0,-1.05319e-13,-9.38128e-12,10,0.0221612
2026-04-15 00:00:00+00:00,9.1922e-12,0.752634,1.21251e-09,1.79534e-10,6.33051e-11,0,0,0,0,-9.15739e-14,9.28462e-12,10,0.0226414
2026-04-16 00:00:00+00:00,-1.2336e-11,0.752634,1.21026e-09,1.7013e-10,4.70268e-11,0,0,0,0,-5.96316e-14,-1.22773e-11,10,0.0210748
2026-04-17 00:00:00+00:00,3.09819e-12,0.752634,1.23926e-09,1.63688e-10,2.63701e-11,0,0,0,0,2.97358e-13,2.80189e-12,10,0.0206429
2026-04-18 00:00:00+00:00,4.48752e-12,0.752634,1.22408e-09,1.70001e-10,2.72972e-11,0,0,0,0,1.74147e-13,4.31319e-12,10,0.0197202
2026-04-19 00:00:00+00:00,-2.09577e-11,0.752634,1.20148e-09,1.62484e-10,1.50519e-11,0,0,0,0,2.04281e-13,-2.1162e-11,10,0.0218191
2026-04-20 00:00:00+00:00,5.47828e-12,0.752634,1.98714e-09,3.52121e-10,-3.10128e-13,5.25924e-09,1.68296e-12,2.1037e-13,1.68678e-17,3.93523e-13,6.97979e-12,11.0833,0.024999
2026-04-21 00:00:00+00:00,8.6291e-12,0.752634,1.93064e-09,4.95973e-10,-1.8748e-10,5.90774e-09,1.89048e-12,3.63385e-13,7.28577e-18,8.81588e-13,1.00019e-11,12.3125,0.0258538
2026-04-22 00:00:00+00:00,5.53231e-11,0.752634,3.46664e-09,2.99337e-10,-2.48934e-11,1.55366e-08,4.9717e-12,6.54384e-13,2.00159e-16,5.99548e-13,6.03505e-11,13.5833,0.0295791
2026-04-23 00:00:00+00:00,-1.13843e-11,0.752634,2.99598e-09,3.30362e-10,-1.48305e-10,5.32094e-09,1.7027e-12,8.1164e-13,3.8637e-17,1.96668e-13,-9.06492e-12,14,0.0305824
2026-04-24 00:00:00+00:00,-7.01664e-11,0.752634,3.39231e-09,4.10024e-10,-3.04834e-10,1.02743e-09,3.28777e-13,4.10971e-14,1.27277e-18,-1.47519e-12,-6.83215e-11,10,0.0299965
2026-04-25 00:00:00+00:00,2.40237e-11,0.752634,2.47328e-09,3.84103e-10,-1.79648e-10,2.04102e-09,6.53125e-13,3.17169e-13,2.97264e-17,2.52946e-13,2.47422e-11,9.95833,0.0305503
2026-04-26 00:00:00+00:00,1.16012e-11,0.752634,2.3181e-09,2.30303e-10,-1.95476e-10,4.33505e-09,1.38722e-12,1.94937e-13,6.33245e-17,8.28988e-13,1.23565e-11,9.625,0.0308759
2026-04-27 00:00:00+00:00,4.56479e-11,0.752634,2.12099e-09,4.31431e-11,-1.74952e-10,1.33175e-08,4.26161e-12,8.92877e-13,1.72394e-16,1.25831e-12,4.95458e-11,9.79167,0.0322065
2026-04-28 00:00:00+00:00,-2.96951e-12,0.752634,3.55656e-09,3.99282e-10,-1.07868e-10,1.0091e-09,3.22911e-13,4.03639e-14,1.24342e-17,1.62801e-12,-4.23403e-12,11.875,0.0313259
2026-04-29 00:00:00+00:00,-2.25068e-11,0.752634,3.29497e-09,-7.96888e-11,-2.14412e-10,6.12744e-09,1.96078e-12,2.45098e-13,4.42109e-17,-6.6388e-13,-1.96374e-11,11.0208,0.0316396
2026-04-30 00:00:00+00:00,1.01232e-11,0.752634,3.18092e-09,2.50659e-11,-1.44571e-10,6.2194e-09,1.99021e-12,6.12802e-13,1.50267e-16,4.63124e-13,1.22632e-11,9.45833,0.032327
2026-05-01 00:00:00+00:00,-4.37392e-11,0.752634,2.67004e-09,-9.97005e-11,-2.56394e-10,1.35739e-08,4.34364e-12,9.45195e-13,1.64727e-16,5.32925e-13,-3.89826e-11,9.64583,0.0335362
2026-05-02 00:00:00+00:00,-8.88669e-11,0.752634,2.43509e-09,-3.49531e-11,-2.37789e-10,1.34554e-08,4.30571e-12,1.66999e-12,1.115e-16,5.81411e-13,-8.34717e-11,8.64583,0.0320374
2026-05-03 00:00:00+00:00,4.52693e-11,0.752634,2.43941e-09,8.46612e-11,-1.75123e-10,1.56492e-08,5.00775e-12,1.00316e-12,7.10638e-17,1.48561e-13,5.11328e-11,9.22917,0.0344295
2026-05-04 00:00:00+00:00,8.98654e-11,0.752634,4.50646e-09,6.10997e-10,-6.7447e-11,3.70056e-08,1.18418e-11,2.08288e-12,2.82012e-16,2.58331e-12,1.0121e-10,14.875,0.0363249
2026-05-05 00:00:00+00:00,-1.08408e-10,0.752634,5.48589e-09,7.58198e-10,-1.85421e-10,2.92122e-08,9.34789e-12,2.4667e-12,3.94402e-16,3.73267e-12,-1.00326e-10,14.3125,0.0365826
2026-05-06 00:00:00+00:00,-1.92945e-11,0.752634,4.41433e-09,7.65657e-10,-1.02549e-10,2.13382e-08,6.82822e-12,1.46447e-12,2.18162e-16,1.78229e-12,-1.27822e-11,14.6667,0.0358822
2026-05-07 00:00:00+00:00,3.49325e-11,0.752634,4.9341e-09,8.87452e-10,-1.1562e-11,1.7129e-08,5.48129e-12,6.85161e-13,1.32877e-16,7.99726e-13,4.03007e-11,17.8125,0.034957
2026-05-08 00:00:00+00:00,-2.67618e-11,0.752634,4.73511e-09,5.33641e-10,-7.21431e-11,1.2728e-08,4.07296e-12,5.0912e-13,1.13612e-16,1.52166e-12,-2.37009e-11,15.75,0.0340226
2026-05-09 00:00:00+00:00,-1.50624e-12,0.752634,2.94661e-09,2.39452e-10,-9.55213e-11,5.53537e-09,1.77132e-12,3.02776e-13,3.05688e-17,1.28694e-12,-7.17778e-13,14.0208,0.0347509
2026-05-10 00:00:00+00:00,-5.42035e-11,0.752634,4.80995e-09,4.50978e-10,-2.39053e-10,3.69454e-08,1.18225e-11,2.19805e-12,3.93767e-16,7.43571e-13,-4.09253e-11,14.5417,0.0355737
2026-05-11 00:00:00+00:00,1.74646e-10,0.752634,5.2366e-09,5.89456e-10,-9.22547e-11,4.04467e-08,1.2943e-11,1.78586e-12,3.68112e-16,1.20372e-12,1.88172e-10,14.7917,0.0377596
2026-05-12 00:00:00+00:00,-1.57047e-10,0.752634,4.67558e-09,3.36298e-10,-1.89342e-10,2.3412e-08,7.49185e-12,1.24492e-12,2.64075e-16,9.24603e-13,-1.49235e-10,16.375,0.0374785
2026-05-13 00:00:00+00:00,2.18807e-11,0.752634,4.69705e-09,4.24557e-10,-2.63198e-11,3.1126e-08,9.96033e-12,1.24504e-12,2.52559e-16,6.80898e-13,3.24067e-11,14.6458,0.0363627
2026-05-14 00:00:00+00:00,-5.30964e-12,0.752634,4.63072e-09,2.96568e-10,-3.28081e-11,3.48821e-08,1.11623e-11,1.82523e-12,3.76843e-16,2.24784e-12,5.43094e-12,14.2708,0.036873
2026-05-15 00:00:00+00:00,3.04603e-11,0.752634,4.99737e-09,6.5109e-10,-8.94643e-11,2.07329e-08,6.63452e-12,9.63017e-13,3.10191e-16,-2.97827e-13,3.83565e-11,16.3542,0.0381178
2026-05-16 00:00:00+00:00,-6.33719e-11,0.752634,4.53727e-09,5.12016e-10,-1.92161e-10,1.93287e-08,6.18519e-12,2.36645e-12,6.19866e-16,-4.3285e-12,-5.04905e-11,14.9375,0.0380159
2026-05-17 00:00:00+00:00,3.24527e-11,0.752634,4.7488e-09,3.12836e-10,-1.33729e-10,3.18611e-08,1.01955e-11,1.73144e-12,3.43683e-16,-2.44787e-12,4.68291e-11,13.8333,0.0378856
2026-05-18 00:00:00+00:00,1.07292e-10,0.752634,4.67159e-09,4.09944e-10,-2.42383e-10,5.1455e-08,1.64656e-11,2.64347e-12,5.33327e-16,-1.63233e-12,1.28035e-10,14.2917,0.038007
2026-05-19 00:00:00+00:00,2.12036e-10,0.752634,5.45657e-09,3.73662e-10,-2.58467e-10,7.09147e-08,2.26927e-11,3.90034e-12,8.40983e-16,3.64858e-13,2.38265e-10,13.0625,0.0386946
2026-05-20 00:00:00+00:00,-2.32203e-12,0.752634,5.21798e-09,3.27378e-10,-2.53891e-10,5.45121e-08,1.74439e-11,3.20205e-12,1.08536e-15,-2.33638e-13,1.85582e-11,12.1667,0.0396273
2026-05-21 00:00:00+00:00,4.94884e-11,0.752634,5.96638e-09,5.46685e-10,-2.33514e-10,7.92018e-08,2.53446e-11,7.93417e-12,1.20627e-15,7.26587e-13,8.20417e-11,13.1458,0.040247
2026-05-22 00:00:00+00:00,-5.71588e-11,0.752634,5.21155e-09,3.74301e-10,-1.78325e-10,5.06905e-08,1.6221e-11,2.76853e-12,5.87221e-16,4.90711e-13,-3.86587e-11,13.5625,0.0393552
2026-05-23 00:00:00+00:00,6.5479e-11,0.752634,4.86624e-09,3.26604e-10,-2.64475e-10,4.63159e-08,1.48211e-11,3.31635e-12,6.7036e-16,7.42257e-13,8.28745e-11,15.2917,0.0380753
2026-05-24 00:00:00+00:00,5.6499e-11,0.752634,4.66058e-09,-2.38484e-11,-1.9953e-10,3.29221e-08,1.05351e-11,3.0723e-12,6.72837e-16,3.07048e-13,6.98e-11,14.0625,0.0390216
2026-05-25 00:00:00+00:00,2.53575e-13,0.752634,5.9151e-09,5.10919e-10,-1.23115e-10,4.83202e-08,1.54625e-11,5.91571e-12,5.77416e-16,6.14067e-14,2.15708e-11,14.9167,0.0395574
2026-05-26 00:00:00+00:00,6.74689e-11,0.752634,6.87294e-09,6.00897e-10,-6.64648e-11,1.01222e-07,3.2391e-11,1.1955e-11,1.45557e-15,-1.23784e-12,1.13056e-10,15.8125,0.0406244
2026-05-27 00:00:00+00:00,2.28185e-10,0.752634,7.01901e-09,6.34815e-10,-1.06642e-10,1.18223e-07,3.78314e-11,1.39389e-11,2.17311e-15,1.53259e-13,2.79805e-10,14.9792,0.042148
2026-05-28 00:00:00+00:00,1.56384e-10,0.752634,8.11525e-09,1.11942e-10,-2.65887e-11,1.79711e-07,5.75076e-11,1.51898e-11,4.60066e-15,6.71955e-13,2.28416e-10,15.7292,0.0451304
2026-05-29 00:00:00+00:00,2.63236e-11,0.752634,9.24415e-09,2.56557e-10,-1.96986e-10,1.79827e-07,5.75448e-11,1.43875e-11,4.57521e-15,-1.68309e-12,9.99448e-11,15.9583,0.0463816
2026-05-30 00:00:00+00:00,-3.83936e-11,0.752634,1.0095e-08,9.02664e-10,-2.00461e-10,1.58176e-07,5.06162e-11,1.30555e-11,3.38079e-15,-3.88784e-14,2.53222e-11,16.4375,0.0451589
2026-05-31 00:00:00+00:00,-2.73763e-11,0.752634,9.73224e-09,1.42042e-09,-2.30436e-10,1.50193e-07,4.80619e-11,8.57397e-12,2.33158e-15,6.39559e-13,2.86236e-11,15.9583,0.0440668
2026-06-01 00:00:00+00:00,-1.88804e-10,0.752634,8.49707e-09,1.68108e-09,-2.93039e-10,1.13497e-07,3.6319e-11,5.2035e-12,1.19113e-15,-3.41058e-13,-1.46938e-10,16.5,0.0419567
2026-06-02 00:00:00+00:00,-1.24476e-10,0.752634,6.16441e-09,1.56011e-09,-2.5619e-10,4.79179e-08,1.53337e-11,1.91671e-12,3.51872e-16,7.51933e-12,-1.14744e-10,16.2708,0.0389384
2026-06-03 00:00:00+00:00,-2.47988e-10,0.752634,6.91998e-09,2.05191e-09,-3.82111e-11,2.06663e-08,6.61321e-12,8.26651e-13,1.51258e-16,3.1631e-12,-2.43711e-10,19.5625,0.0367036
2026-06-04 00:00:00+00:00,5.43334e-11,0.752634,5.1311e-09,7.45001e-10,-4.41308e-11,1.2455e-08,3.98559e-12,5.812e-13,2.02596e-16,3.58278e-12,5.53183e-11,19.0208,0.0355366
2026-06-05 00:00:00+00:00,1.13552e-10,0.752634,6.16891e-09,1.1241e-09,-2.51746e-11,2.69414e-08,8.62126e-12,1.73043e-12,7.7737e-16,3.26534e-12,1.20639e-10,19.7917,0.0356544
2026-06-06 00:00:00+00:00,-2.44711e-10,0.752634,5.98921e-09,7.53092e-10,-1.04283e-10,2.0031e-08,6.40993e-12,8.01241e-13,5.35632e-16,-2.91865e-12,-2.3458e-10,19.25,0.0360218
2026-06-07 00:00:00+00:00,-6.82217e-11,0.752634,4.18774e-09,7.0135e-10,-1.01586e-10,1.29518e-08,4.14458e-12,1.03483e-12,1.53706e-16,2.83022e-12,-6.58719e-11,14.7917,0.0328397
2026-06-08 00:00:00+00:00,2.39531e-10,0.752634,5.14516e-09,5.41787e-10,-7.15226e-11,3.13301e-08,1.00256e-11,2.14962e-12,4.72984e-16,5.22383e-13,2.51186e-10,18.25,0.0344862
2026-06-09 00:00:00+00:00,5.71541e-11,0.752634,5.70998e-09,8.28434e-10,-3.06302e-11,1.66736e-08,5.33556e-12,6.66946e-13,1.67551e-16,8.7329e-13,6.22838e-11,17.4375,0.0355119
2026-06-10 00:00:00+00:00,9.09206e-11,0.752634,6.60643e-09,2.38223e-10,-1.61486e-11,8.04634e-08,2.57483e-11,5.77667e-12,1.22904e-15,1.42346e-12,1.21026e-10,17.2917,0.0379983
2026-06-11 00:00:00+00:00,2.92912e-10,0.752634,7.40975e-09,1.4671e-09,-1.58859e-10,9.25662e-08,2.96212e-11,5.41672e-12,1.42258e-15,2.77238e-12,3.2518e-10,17.25,0.040468
2026-06-12 00:00:00+00:00,2.39891e-10,0.752634,8.58615e-09,1.16209e-09,-2.07845e-10,1.30107e-07,4.16342e-11,5.36202e-12,1.84372e-15,1.91397e-12,2.84976e-10,17.0208,0.0419227
2026-06-13 00:00:00+00:00,-1.91192e-10,0.752634,9.16756e-09,2.02497e-09,-2.24318e-10,1.08788e-07,3.4812e-11,8.36002e-12,1.4768e-15,3.35412e-13,-1.48352e-10,15.125,0.0421629
2026-06-14 00:00:00+00:00,5.15679e-11,0.752634,5.62567e-09,1.09778e-09,-1.36347e-10,6.3181e-08,2.02179e-11,2.99586e-12,7.35953e-16,1.83683e-12,7.29465e-11,10.7917,0.0421597
2026-06-15 00:00:00+00:00,-6.28309e-11,0.752634,7.21348e-09,1.34379e-09,-2.37598e-11,6.45825e-08,2.06664e-11,5.47382e-12,9.10679e-16,6.42703e-12,-4.3115e-11,15.5208,0.0415938
2026-06-16 00:00:00+00:00,-1.8761e-10,0.752634,5.50599e-09,1.54431e-09,-2.0345e-10,1.92839e-08,6.17083e-12,1.16407e-12,2.24171e-16,1.14915e-12,-1.81424e-10,16,0.0382225
2026-06-17 00:00:00+00:00,-1.96352e-10,0.752634,6.12197e-09,1.05747e-09,-1.96748e-10,3.57551e-08,1.14416e-11,1.91023e-12,3.42707e-16,2.95777e-12,-1.85956e-10,16.3333,0.036871
2026-06-18 00:00:00+00:00,-6.90307e-11,0.752634,4.98053e-09,3.88718e-10,-8.83735e-10,8.34392e-09,2.67005e-12,9.76903e-13,1.5515e-16,-1.22539e-12,-6.41567e-11,15.1042,0.034948
2026-06-19 00:00:00+00:00,2.60362e-10,0.752634,4.80131e-09,8.61242e-10,-1.50616e-10,3.16214e-08,1.01188e-11,1.35617e-12,4.0273e-16,1.43079e-12,2.70408e-10,15.7917,0.0364832
2026-06-20 00:00:00+00:00,2.26798e-10,0.752634,7.12955e-09,1.12823e-09,-1.08549e-10,9.27311e-08,2.9674e-11,4.1002e-12,1.06677e-15,6.47498e-12,2.54098e-10,16.0625,0.0404391
2026-06-21 00:00:00+00:00,1.48592e-10,0.752634,7.5452e-09,1.20338e-09,-2.0047e-10,7.37017e-08,2.35845e-11,7.00991e-12,8.41204e-16,1.87519e-13,1.79001e-10,15.2708,0.041188
2026-06-22 00:00:00+00:00,5.08771e-11,0.752634,8.09248e-09,9.99968e-10,-6.03102e-11,1.21718e-07,3.89499e-11,1.38767e-11,1.70688e-15,1.56628e-11,8.80429e-11,14.8958,0.0417514
2026-06-23 00:00:00+00:00,-1.32012e-10,0.752634,6.17721e-09,1.28679e-09,-2.67907e-10,6.42835e-08,2.05707e-11,8.14494e-12,1.1421e-15,9.14594e-12,-1.12442e-10,14.7917,0.0405251
2026-06-24 00:00:00+00:00,5.48732e-11,0.752634,7.05261e-09,1.45445e-09,-1.30605e-10,1.19643e-07,3.82857e-11,1.64175e-11,1.90479e-15,6.23769e-12,1.03341e-10,15.2083,0.0397202
2026-06-25 00:00:00+00:00,9.23097e-11,0.752634,6.15685e-09,1.06731e-09,-1.47092e-10,7.39137e-08,2.36524e-11,1.36377e-11,1.28854e-15,2.36727e-12,1.27234e-10,14.2917,0.0398584
2026-06-26 00:00:00+00:00,-1.3169e-10,0.752634,4.79445e-09,1.17166e-09,-6.62405e-11,3.29899e-08,1.05568e-11,8.07237e-12,5.23162e-16,8.89341e-12,-1.21953e-10,12.3125,0.0388127
2026-06-27 00:00:00+00:00,-2.59175e-11,0.752634,3.35678e-09,2.56127e-10,-1.06605e-10,2.67878e-08,8.57209e-12,7.90749e-12,4.60092e-16,8.45459e-12,-1.78918e-11,11.3333,0.0377602
2026-06-28 00:00:00+00:00,3.16815e-11,0.752634,3.40562e-09,3.46452e-10,-1.9536e-10,3.65812e-08,1.1706e-11,8.03e-12,4.11724e-16,4.11229e-13,5.10078e-11,9.79167,0.0370731
2026-06-29 00:00:00+00:00,-4.74076e-12,0.752634,3.23229e-09,7.77725e-10,-4.60935e-11,1.60169e-08,5.1254e-12,3.10144e-12,1.46575e-16,-4.17321e-12,7.66091e-12,9.83333,0.0376911
2026-06-30 00:00:00+00:00,-9.20244e-11,0.752634,2.45585e-09,1.75012e-10,-3.38911e-10,2.14515e-08,6.86447e-12,7.73822e-12,3.83087e-16,7.07869e-12,-8.44999e-11,7.89583,0.036458
2026-07-01 00:00:00+00:00,-1.17304e-10,0.752634,3.63033e-09,4.07111e-10,-1.5484e-10,3.01523e-08,9.64873e-12,6.84719e-12,2.87415e-16,2.87775e-12,-1.03685e-10,10.25,0.03535
2026-07-02 00:00:00+00:00,1.46955e-10,0.752634,4.38466e-09,7.41484e-10,-1.21103e-10,2.89058e-08,9.24987e-12,1.53752e-12,4.22132e-16,-8.11951e-12,1.65864e-10,11.6042,0.0350615
2026-07-03 00:00:00+00:00,-6.09868e-11,0.752634,7.15753e-09,1.00929e-09,1.17455e-10,5.78028e-08,1.84969e-11,4.57815e-12,7.98807e-16,7.81429e-12,-4.57254e-11,12.75,0.035052
2026-07-04 00:00:00+00:00,-1.83119e-10,0.752634,4.36143e-09,1.00314e-09,-3.81219e-10,2.1732e-08,6.95425e-12,2.25181e-12,3.189e-16,-1.35241e-12,-1.72561e-10,11.6042,0.0339126
2026-07-05 00:00:00+00:00,4.89722e-11,0.752634,4.0222e-09,5.00116e-10,-2.56383e-10,4.68007e-08,1.49762e-11,4.69695e-12,5.14611e-16,-2.40706e-13,6.88877e-11,10.7083,0.0328327
2026-07-06 00:00:00+00:00,4.95775e-11,0.752634,5.63173e-09,8.68364e-11,-2.94368e-10,6.67958e-08,2.13747e-11,5.43947e-12,9.75349e-16,1.11843e-11,6.52089e-11,14.1042,0.0344897
2026-07-07 00:00:00+00:00,6.53697e-11,0.752634,5.74056e-09,-1.35648e-10,-1.67843e-10,8.59617e-08,2.75077e-11,4.96359e-12,1.17147e-15,2.4411e-11,7.34315e-11,14.2292,0.0355913
2026-07-08 00:00:00+00:00,7.7357e-11,0.752634,5.65801e-09,1.15107e-09,-3.13968e-10,4.51844e-08,1.4459e-11,1.80738e-12,7.69932e-16,1.02348e-12,9.26017e-11,16.3125,0.035757
2026-07-09 00:00:00+00:00,-2.31408e-11,0.752634,7.57954e-09,1.428e-09,-2.97267e-10,7.93858e-08,2.54034e-11,3.17543e-12,1.3718e-15,3.08199e-12,2.35875e-12,16.25,0.0368478
2026-07-10 00:00:00+00:00,8.2218e-11,0.752634,7.43193e-09,1.35442e-09,-2.63805e-10,1.04567e-07,3.34614e-11,4.28575e-12,1.78974e-15,6.46131e-13,1.19323e-10,15.3542,0.0356262
2026-07-11 00:00:00+00:00,-1.08545e-11,0.752634,7.5413e-09,1.19821e-09,-1.00746e-10,8.71026e-08,2.78728e-11,4.05578e-12,1.11529e-15,3.9589e-12,1.71186e-11,13.7708,0.0358489
2026-07-12 00:00:00+00:00,1.66751e-11,0.752634,5.99182e-09,8.48988e-10,-2.3941e-10,9.51365e-08,3.04437e-11,3.80546e-12,1.23677e-15,1.41502e-12,4.95094e-11,14.0417,0.0355048
2026-07-13 00:00:00+00:00,6.29563e-12,0.752634,6.64193e-09,9.54411e-10,-3.35646e-10,1.04416e-07,3.34131e-11,4.54477e-12,1.33738e-15,8.82073e-13,4.33733e-11,14.7917,0.035856
2026-07-14 00:00:00+00:00,6.83724e-11,0.752634,8.44729e-09,2.01132e-09,-2.74846e-10,1.1486e-07,3.67551e-11,5.22058e-12,1.63543e-15,3.41801e-12,1.06932e-10,15.9167,0.036442
2026-07-15 00:00:00+00:00,1.79078e-10,0.752634,8.20254e-09,1.12634e-09,-7.68284e-11,1.35201e-07,4.32642e-11,6.61861e-12,2.42609e-15,2.61447e-12,2.26349e-10,15,0.037429
2026-07-16 00:00:00+00:00,-1.12133e-10,0.752634,7.46478e-09,1.13464e-09,-4.69529e-10,8.68806e-08,2.78018e-11,4.64744e-12,1.56323e-15,2.7488e-12,-8.24301e-11,14.6458,0.0370472
2026-07-17 00:00:00+00:00,1.35678e-10,0.752634,8.23116e-09,1.08383e-09,-3.09247e-10,1.68106e-07,5.37939e-11,7.50644e-12,2.55757e-15,1.39211e-12,1.9559e-10,15.625,0.0369569
2026-07-18 00:00:00+00:00,1.09341e-10,0.752634,8.80509e-09,1.97744e-09,-4.44687e-10,1.97184e-07,6.3099e-11,1.0033e-11,2.67939e-15,-7.16581e-13,1.83191e-10,15.0208,0.0395954
2026-07-19 00:00:00+00:00,2.74545e-11,0.752634,1.02349e-08,1.87434e-09,-2.11874e-10,2.51957e-07,8.06261e-11,1.2632e-11,3.40341e-15,1.75676e-12,1.18961e-10,14.9792,0.0422219
2026-07-20 00:00:00+00:00,1.49694e-10,0.752634,1.17468e-08,2.69436e-09,-2.57817e-10,2.7351e-07,8.75231e-11,1.82547e-11,4.43204e-15,1.82189e-12,2.53657e-10,15.9792,0.0424987
2026-07-21 00:00:00+00:00,-1.17451e-10,0.752634,1.25822e-08,2.01642e-09,-4.36983e-10,2.14509e-07,6.86428e-11,1.90795e-11,3.73249e-15,6.83141e-13,-3.04077e-11,16.9792,0.0421251
2026-07-22 00:00:00+00:00,-1.32291e-10,0.752634,1.09617e-08,2.3485e-09,-4.73679e-10,1.92392e-07,6.15653e-11,1.75592e-11,2.99568e-15,-4.92899e-13,-5.26708e-11,16.7708,0.0416407
2026-07-23 00:00:00+00:00,-5.9885e-11,0.752634,9.49632e-09,1.99319e-09,-5.11626e-10,1.43505e-07,4.59216e-11,1.5235e-11,2.04992e-15,1.08252e-12,1.90744e-13,16.0208,0.0411
2026-07-24 00:00:00+00:00,6.86731e-11,0.752634,6.29991e-09,1.61157e-09,-4.73289e-10,1.00031e-07,3.20099e-11,1.76121e-11,1.67649e-15,1.88035e-12,1.16416e-10,13.1875,0.0396542
2026-07-25 00:00:00+00:00,-1.15595e-10,0.752634,7.52219e-09,1.20696e-09,-5.33305e-10,1.1959e-07,3.82689e-11,1.61458e-11,1.43638e-15,-1.82536e-12,-5.9354e-11,12.1875,0.0383094
2026-07-26 00:00:00+00:00,-1.59128e-10,0.752634,6.74913e-09,9.21442e-10,-2.80399e-10,1.15692e-07,3.70216e-11,1.27523e-11,1.35207e-15,9.87163e-12,-1.19223e-10,11.4792,0.037448
2026-07-27 00:00:00+00:00,1.7939e-10,0.752634,6.56338e-09,1.24372e-09,-4.78329e-10,1.42631e-07,4.5642e-11,1.3166e-11,1.60371e-15,-2.82549e-13,2.38484e-10,15.0625,0.0389378
2026-07-28 00:00:00+00:00,3.4525e-11,0.752634,6.93635e-09,6.02122e-10,-2.59366e-10,1.37826e-07,4.41043e-11,1.21552e-11,1.89575e-15,-7.0682e-12,9.78556e-11,15.9792,0.0367303
2026-07-29 00:00:00+00:00,1.28245e-10,0.752634,7.77382e-09,6.959e-10,-1.72606e-10,1.12938e-07,3.61401e-11,7.78839e-12,1.89432e-15,7.73452e-13,1.71403e-10,16.1458,0.0372137
2026-07-30 00:00:00+00:00,-2.76152e-10,0.752634,7.37343e-09,6.06937e-10,-5.88162e-11,8.70147e-08,2.78447e-11,5.8791e-12,1.86687e-15,2.23667e-11,-2.64793e-10,17.5,0.0371011
2026-07-31 00:00:00+00:00,-1.14137e-10,0.752634,6.32678e-09,7.70176e-10,-2.77031e-10,7.09611e-08,2.27076e-11,6.03991e-12,1.06102e-15,-1.31104e-12,-8.40766e-11,15.0208,0.0351447
2026-08-01 00:00:00+00:00,1.56819e-10,0.752634,6.11638e-09,1.20776e-09,-1.38521e-10,5.28077e-08,1.68985e-11,2.22804e-12,5.86854e-16,-6.87499e-13,1.76635e-10,15.4167,0.033931
2026-08-02 00:00:00+00:00,-1.4568e-10,0.752634,6.13839e-09,9.58728e-10,-3.16079e-11,6.4717e-08,2.07094e-11,3.64033e-12,7.64275e-16,1.08145e-11,-1.32144e-10,14.0625,0.0317038
2026-08-03 00:00:00+00:00,1.63211e-10,0.752634,6.68872e-09,7.58071e-10,-2.79647e-10,1.31981e-07,4.22338e-11,7.24547e-12,1.61201e-15,1.03595e-12,2.11657e-10,13.1667,0.0335002
2026-08-04 00:00:00+00:00,8.16327e-11,0.752634,4.51732e-09,5.12995e-10,-4.59931e-10,6.26633e-08,2.00522e-11,4.67491e-12,7.71884e-16,-5.46122e-12,1.11823e-10,11.7292,0.0329365
2026-08-05 00:00:00+00:00,6.94069e-11,0.752634,3.88565e-09,1.93276e-10,-5.45513e-10,5.6618e-08,1.81178e-11,9.2088e-12,7.80358e-16,8.06099e-13,9.59285e-11,10.625,0.0336418
2026-08-06 00:00:00+00:00,2.00098e-11,0.752634,4.02442e-09,6.03766e-10,-5.98406e-10,6.72728e-08,2.15273e-11,7.97253e-12,6.96394e-16,3.79153e-14,4.94736e-11,10.6042,0.0340253
2026-08-07 00:00:00+00:00,4.78051e-11,0.752634,5.68549e-09,1.11774e-09,-2.69748e-10,1.0182e-07,3.25824e-11,1.2161e-11,1.2944e-15,3.86288e-12,8.86884e-11,11.6875,0.0345169
2026-08-08 00:00:00+00:00,1.8499e-11,0.752634,5.2111e-09,-4.64484e-11,-3.2448e-10,9.99715e-08,3.19909e-11,8.90574e-12,1.30112e-15,-9.23672e-14,5.94917e-11,9.41667,0.0348967
2026-08-09 00:00:00+00:00,1.00999e-10,0.752634,4.05818e-09,3.03845e-11,-4.6513e-10,8.20958e-08,2.62706e-11,1.09026e-11,1.18183e-15,4.34588e-14,1.38131e-10,8.97917,0.0366407
2026-08-10 00:00:00+00:00,1.59532e-10,0.752634,6.52388e-09,7.80771e-10,-5.57182e-10,1.23051e-07,3.93763e-11,1.79251e-11,1.8145e-15,6.03098e-12,2.10804e-10,13.875,0.0375836
2026-08-11 00:00:00+00:00,4.43692e-11,0.752634,7.3048e-09,1.41162e-09,-4.86788e-10,1.65341e-07,5.29093e-11,1.65305e-11,1.68143e-15,1.09057e-11,1.02907e-10,13.1875,0.0383352
2026-08-12 00:00:00+00:00,-2.50433e-10,0.752634,7.46213e-09,1.11088e-09,-5.03938e-10,1.26294e-07,4.04141e-11,1.24871e-11,1.71445e-15,-2.57422e-12,-1.94955e-10,14.625,0.0376533
2026-08-13 00:00:00+00:00,2.25486e-11,0.752634,5.37032e-09,7.91625e-10,-5.62853e-10,5.44818e-08,1.74342e-11,5.00984e-12,1.10286e-15,2.69049e-12,4.2304e-11,13.6875,0.036411
2026-08-14 00:00:00+00:00,-1.34458e-10,0.752634,5.49061e-09,1.14006e-09,-7.31418e-10,7.70026e-08,2.46408e-11,6.70281e-12,8.23934e-16,-1.6913e-12,-1.01421e-10,13.6458,0.0362238
2026-08-15 00:00:00+00:00,1.82224e-10,0.752634,6.10231e-09,1.46828e-09,-7.30419e-10,1.04506e-07,3.34418e-11,8.38377e-12,1.14385e-15,3.73951e-12,2.20312e-10,15.0833,0.037531
2026-08-16 00:00:00+00:00,1.04335e-10,0.752634,6.92124e-09,7.02358e-10,-8.02291e-10,1.78972e-07,5.7271e-11,1.53898e-11,2.67169e-15,-9.91563e-13,1.7799e-10,13.8542,0.0402051
2026-08-17 00:00:00+00:00,1.10016e-10,0.752634,7.30025e-09,5.58837e-10,-7.2381e-10,1.55421e-07,4.97347e-11,1.30207e-11,2.89911e-15,-5.61673e-13,1.73338e-10,15.5,0.0410915
2026-08-18 00:00:00+00:00,7.19522e-11,0.752634,9.40049e-09,2.70332e-09,-7.20311e-10,2.31184e-07,7.39789e-11,1.42135e-11,3.14865e-15,-6.17947e-13,1.60767e-10,16.4583,0.0429015
2026-08-19 00:00:00+00:00,6.44456e-11,0.752634,1.29149e-08,2.20666e-09,-4.86715e-10,2.65424e-07,8.49357e-11,1.85769e-11,4.71487e-15,1.19364e-12,1.6677e-10,18.3542,0.0445403
2026-08-20 00:00:00+00:00,3.7442e-11,0.752634,1.33305e-08,2.33431e-09,3.77862e-11,1.30037e-07,4.16117e-11,7.2161e-12,2.7393e-15,-3.13301e-12,8.9406e-11,20.5208,0.0455099
2026-08-21 00:00:00+00:00,-2.39733e-10,0.752634,1.2359e-08,2.62356e-09,-1.89231e-10,1.39213e-07,4.45481e-11,8.93273e-12,2.8662e-15,-1.4956e-11,-1.71292e-10,20.5625,0.0464665
2026-08-22 00:00:00+00:00,-6.72405e-11,0.752634,1.0114e-08,3.39666e-09,-1.58146e-10,6.20865e-08,1.98677e-11,9.88079e-12,9.70133e-16,-9.02105e-12,-2.847e-11,18.7917,0.0450998
2026-08-23 00:00:00+00:00,3.63242e-10,0.752634,1.04731e-08,3.31807e-09,-1.18359e-10,9.08925e-08,2.90856e-11,1.28007e-11,1.06255e-15,-3.02339e-12,4.08153e-10,17.625,0.0450822
2026-08-24 00:00:00+00:00,1.64319e-10,0.752634,1.12882e-08,2.83469e-09,8.05295e-11,2.33837e-07,7.48278e-11,2.91682e-11,3.20101e-15,3.00444e-12,2.65314e-10,17.2708,0.0465211
2026-08-25 00:00:00+00:00,3.94211e-10,0.752634,1.12405e-08,1.69582e-09,1.29148e-10,2.16536e-07,6.92915e-11,2.08168e-11,3.41259e-15,-1.21257e-12,4.85537e-10,16.5208,0.046166
2026-08-26 00:00:00+00:00,-1.12589e-10,0.752634,1.1657e-08,5.86659e-10,-1.15858e-10,1.90067e-07,6.08215e-11,2.85348e-11,3.37109e-15,3.1551e-12,-2.63845e-11,15.5,0.0455403
2026-08-27 00:00:00+00:00,6.08504e-11,0.752634,1.04028e-08,1.90307e-09,-3.71201e-10,2.50594e-07,8.01902e-11,4.13986e-11,3.35447e-15,7.74835e-13,1.81668e-10,13.625,0.0453453
2026-08-28 00:00:00+00:00,-2.61038e-10,0.752634,1.02426e-08,2.0146e-09,-3.24079e-10,1.62731e-07,5.20738e-11,2.80561e-11,3.70346e-15,-3.19551e-12,-1.77708e-10,14.2708,0.0453215
2026-08-29 00:00:00+00:00,3.52747e-11,0.752634,9.04475e-09,1.34166e-09,-3.12396e-10,1.04871e-07,3.35586e-11,1.42191e-11,1.63551e-15,2.31613e-12,8.07397e-11,14.8125,0.0424724
2026-08-30 00:00:00+00:00,1.05411e-10,0.752634,1.01749e-08,1.00522e-09,-3.48409e-10,1.59269e-07,5.09661e-11,2.35901e-11,1.53919e-15,7.63098e-12,1.72339e-10,14.9792,0.0426379
2026-08-31 00:00:00+00:00,2.87993e-10,0.752634,1.30555e-08,1.59757e-09,-1.2529e-10,3.86125e-07,1.2356e-10,3.4538e-11,5.63344e-15,9.03832e-12,4.3706e-10,16.2292,0.042832
