,return,equity,gross,net,beta_exposure,turnover,fees,spread,impact,funding,gross_pnl,n_positions,ic_est
2023-07-31 00:00:00+00:00,0.00018609,1.00019,0.00532418,-0.00425549,-0.00376213,0.0362235,1.15917e-05,1.44897e-06,1.56629e-06,1.05386e-05,0.000190158,0.9375,0.00554415
2023-08-01 00:00:00+00:00,-0.00233605,0.99785,0.0633645,-0.0467029,-0.044203,0.0298326,9.54765e-06,1.19346e-06,9.85441e-07,3.15578e-05,-0.00235724,6.77083,0.016091
2023-08-02 00:00:00+00:00,0.00100538,0.998853,0.0680588,-0.050221,-0.048515,0.0114484,3.66337e-06,4.57921e-07,3.96709e-07,-0.000102253,0.00111293,7,0.0131256
2023-08-03 00:00:00+00:00,-0.00259897,0.996257,0.180981,-0.0159378,-0.0306309,0.193826,6.20201e-05,7.75252e-06,1.2819e-05,-0.000204167,-0.0023141,9.4375,0.0165162
2023-08-04 00:00:00+00:00,4.34082e-05,0.9963,0.315711,0.0244241,-0.0119507,0.27196,8.70269e-05,1.08784e-05,5.38759e-06,-0.000354269,0.000503483,13.2292,0.0180469
2023-08-05 00:00:00+00:00,-0.00029909,0.996002,0.631124,0.0944281,-0.0196095,0.336127,0.00010757,2.02138e-05,7.18347e-06,-2.55106e-05,-0.000130984,18.375,0.0257052
2023-08-06 00:00:00+00:00,0.00182442,0.997819,0.670329,0.120891,-0.0159903,0.0988547,3.16362e-05,3.95453e-06,2.82104e-06,-3.76709e-05,0.0019023,19.8125,0.0219479
2023-08-07 00:00:00+00:00,0.00364721,1.00146,0.920851,0.127402,-0.025128,0.800277,0.000256135,6.225e-05,5.92466e-05,6.63208e-05,0.0039639,24.2917,0.0262212
2023-08-08 00:00:00+00:00,0.00417849,1.00564,1.25805,0.186804,-0.0360136,0.543717,0.000173976,6.35164e-05,1.62184e-05,8.85203e-05,0.00436914,25.8125,0.0351974
2023-08-09 00:00:00+00:00,-0.00507567,1.00054,1.49802,0.223941,-0.0477356,0.366615,0.000117294,5.78902e-05,1.10051e-05,8.29146e-05,-0.00494886,26.4167,0.039314
2023-08-10 00:00:00+00:00,-0.00925957,0.991274,1.60956,0.246196,-0.0411755,0.316066,0.000101139,3.92478e-05,7.64817e-06,-3.05591e-05,-0.00909551,27,0.0318821
2023-08-11 00:00:00+00:00,-0.00420639,0.987105,1.50186,0.274305,-0.000436878,0.0526411,1.68386e-05,3.69994e-06,1.1776e-06,7.19631e-05,-0.00425149,27,0.0169559
2023-08-12 00:00:00+00:00,-0.00550424,0.981671,1.47528,0.309784,0.020677,0.045235,1.44583e-05,4.17275e-06,1.53022e-06,-8.14488e-05,-0.00539862,27,0.00677863
2023-08-13 00:00:00+00:00,-0.00577484,0.976002,1.45007,0.33535,0.0392978,0.02376,7.59925e-06,3.07883e-06,9.10371e-07,-4.16002e-05,-0.00572612,27,0.000728456
2023-08-14 00:00:00+00:00,0.000189654,0.976187,1.24501,0.266269,0.00257038,0.215717,6.90078e-05,3.23444e-05,1.78712e-05,-1.66259e-05,0.000333151,25,0
2023-08-15 00:00:00+00:00,0.00556216,0.981617,1.20217,0.284545,0.0229105,0.0340006,1.08826e-05,1.36032e-06,1.07912e-06,5.07561e-05,0.00552407,25,0.000290223
2023-08-16 00:00:00+00:00,-0.00159992,0.980047,1.10571,0.276242,0.0184167,0.0627868,2.01037e-05,6.63569e-06,2.53397e-06,6.61773e-05,-0.00162135,25,0.001798
2023-08-17 00:00:00+00:00,-0.0123569,0.967936,0.983886,0.220536,0.00412722,0.162886,5.20465e-05,7.46659e-06,3.43988e-06,6.58145e-05,-0.0124046,25,0.000351036
2023-08-18 00:00:00+00:00,-0.00403971,0.964026,0.7887,0.114837,0.00180479,0.0257942,8.25669e-06,1.03209e-06,1.2414e-06,4.9357e-05,-0.00407724,25,0
2023-08-19 00:00:00+00:00,-0.00204808,0.962052,0.793868,0.114518,0.00375847,0,0,0,0,0.00010547,-0.00215308,25,0
2023-08-20 00:00:00+00:00,0.00264108,0.964592,0.801301,0.114023,0.0040155,0,0,0,0,0.000122422,0.002518,25,0
2023-08-21 00:00:00+00:00,-0.00446634,0.960284,0.67014,0.106999,-0.00158706,0.129894,4.15643e-05,5.19554e-06,2.47427e-05,0.0001453,-0.00454201,24,0
2023-08-22 00:00:00+00:00,-0.00102928,0.959296,0.649932,0.102868,0.00343969,0.01593,5.09888e-06,2.29048e-06,4.6933e-07,0.000155029,-0.00117114,24,0
2023-08-23 00:00:00+00:00,0.00568402,0.964749,0.624057,0.0925726,0.00614154,0.019717,6.31606e-06,2.48517e-06,1.15971e-06,9.54633e-05,0.00558606,24,0
2023-08-24 00:00:00+00:00,0.00522972,0.969794,0.621009,0.0967537,0.0132527,0.00369056,1.18335e-06,1.47919e-07,2.89525e-07,2.33209e-05,0.0051987,24,0
2023-08-25 00:00:00+00:00,3.55828e-05,0.969828,0.599114,0.0982952,0.0133895,0.00795708,2.5473e-06,3.18412e-07,1.9238e-07,-1.87404e-05,6.40693e-05,24.625,0.00122747
2023-08-26 00:00:00+00:00,-0.00011202,0.96972,0.602791,0.0942855,0.00968896,0,0,0,0,1.24646e-05,-0.000122367,25,0.00241061
2023-08-27 00:00:00+00:00,0.00171913,0.971387,0.601906,0.0966879,0.0106048,0,0,0,0,2.87706e-06,0.00171644,25,0.00321708
2023-08-28 00:00:00+00:00,-0.0012815,0.970142,0.515854,0.111079,0.0308109,0.0934136,2.99003e-05,1.60923e-05,1.09316e-05,-9.88205e-05,-0.00112252,22.1042,0.00419979
2023-08-29 00:00:00+00:00,0.00610664,0.976066,0.535644,0.0807208,0.0150275,0.144777,4.64176e-05,1.34224e-05,8.63723e-06,-0.00013891,0.00631498,24.25,0.0105343
2023-08-30 00:00:00+00:00,-0.000674149,0.975408,0.571946,0.0413196,-0.00117006,0.0326305,1.04416e-05,1.58814e-06,1.1025e-06,-0.000170777,-0.000486241,26,0.0130381
2023-08-31 00:00:00+00:00,-0.00256275,0.972909,0.568108,0.0393527,-0.00539676,0.0109106,3.49056e-06,5.86673e-07,5.47544e-07,-5.10291e-05,-0.00250468,26,0.00971254
2023-09-01 00:00:00+00:00,-0.0043794,0.968648,0.552882,0.0373328,-0.00447838,0.0085655,2.74031e-06,3.42538e-07,3.15667e-07,-5.59829e-05,-0.00432642,26,0.00405383
2023-09-02 00:00:00+00:00,-0.000782684,0.96789,0.545672,0.040827,-0.00242728,0.00480069,1.536e-06,1.91999e-07,1.26355e-07,-3.95573e-05,-0.000739286,26,0.00507196
2023-09-03 00:00:00+00:00,0.00340207,0.971183,0.540995,0.0462233,-0.00568474,0.0023601,7.54774e-07,9.43468e-08,6.69169e-08,-2.7337e-05,0.00342874,26,0.00265853
2023-09-04 00:00:00+00:00,-0.00133163,0.969889,0.433267,0.028072,-0.0301841,0.110689,3.53961e-05,8.70765e-06,1.03743e-05,-8.25068e-05,-0.00119221,23,0
2023-09-05 00:00:00+00:00,-0.00301417,0.966966,0.428148,0.0334197,-0.0283113,0.00923115,2.95337e-06,3.69171e-07,4.47875e-07,-1.77357e-05,-0.00299527,23,0
2023-09-06 00:00:00+00:00,-0.00306919,0.963998,0.420817,0.042055,-0.0218528,0.0142849,4.56925e-06,3.91193e-06,1.01031e-06,-1.23641e-06,-0.00306081,23,0
2023-09-07 00:00:00+00:00,0.000463187,0.964445,0.416912,0.0478926,-0.0126255,0,0,0,0,-1.19508e-05,0.000476261,23,0
2023-09-08 00:00:00+00:00,0.00029249,0.964727,0.416456,0.048671,-0.0108607,0,0,0,0,1.15082e-05,0.000281972,23,3.48095e-05
2023-09-09 00:00:00+00:00,0.00183405,0.966496,0.413802,0.0488309,-0.0130534,0.00200559,6.42079e-07,8.02599e-08,9.72812e-08,-7.07506e-06,0.00184105,23.2917,0.00273541
2023-09-10 00:00:00+00:00,0.00194273,0.968374,0.405064,0.0599051,-0.0267286,0.0332648,1.06495e-05,1.33118e-06,1.32323e-06,-2.5935e-05,0.00198421,24.5625,0.00780873
2023-09-11 00:00:00+00:00,-0.00184673,0.966585,0.390572,0.0781266,-0.00473764,0.0229086,7.32898e-06,6.81682e-06,1.83492e-06,0.000117671,-0.00194676,25.5208,0.00443746
2023-09-12 00:00:00+00:00,0.00498817,0.971407,0.394777,0.0675785,0.00825715,0.024733,7.92019e-06,9.90023e-07,1.19414e-06,0.000223681,0.00476658,26.3333,0.00681814
2023-09-13 00:00:00+00:00,0.000154451,0.971557,0.419766,0.058927,0.00287907,0.0281415,9.0053e-06,1.12566e-06,1.39477e-06,0.000693557,-0.000524549,27,0.0130518
2023-09-14 00:00:00+00:00,0.00338129,0.974842,0.438924,0.046964,-0.00267499,0.0431247,1.38019e-05,2.73666e-06,1.46507e-06,0.000542212,0.00285541,27.2708,0.0140153
2023-09-15 00:00:00+00:00,-0.0060341,0.96896,0.47004,0.0416249,-0.0152532,0.0568209,1.81806e-05,6.42344e-06,2.78068e-06,-0.000260727,-0.00576032,28,0.014836
2023-09-16 00:00:00+00:00,0.000547963,0.969491,0.465467,0.0561813,-0.0130949,0.0204557,6.55137e-06,1.91388e-06,9.76868e-07,4.75916e-05,0.000515951,28,0.0112392
2023-09-17 00:00:00+00:00,0.00287968,0.972282,0.455994,0.0663607,-0.0157323,0.0335257,1.07336e-05,1.3417e-06,1.77642e-06,6.28571e-05,0.00283302,28,0.0122993
2023-09-18 00:00:00+00:00,-0.00173014,0.9706,0.502022,0.0845259,-0.0245563,0.0982738,3.14484e-05,1.9303e-05,6.52868e-06,1.01166e-05,-0.001679,27.375,0.0155426
2023-09-19 00:00:00+00:00,-0.00330741,0.96739,0.534997,0.106552,-0.00168725,0.0196338,6.28057e-06,1.9053e-06,9.18434e-07,0.000253719,-0.00354999,28,0.0123658
2023-09-20 00:00:00+00:00,-0.00224254,0.965221,0.527646,0.101417,-0.000417247,0.00889421,2.84625e-06,1.89138e-06,3.92875e-07,-5.38037e-05,-0.00218209,28,0.00845716
2023-09-21 00:00:00+00:00,-0.00161704,0.96366,0.507981,0.0967635,0.000978911,0.0105254,3.36662e-06,4.20827e-07,4.53549e-07,-1.55467e-05,-0.00159408,28,0.00687135
2023-09-22 00:00:00+00:00,-0.00588523,0.957989,0.501286,0.0936477,-0.0075231,0.00989771,3.16591e-06,3.95739e-07,1.00699e-06,7.52521e-06,-0.0059013,28,0.00190843
2023-09-23 00:00:00+00:00,0.000200086,0.95818,0.496139,0.098956,-0.00764179,0.00631439,2.01929e-06,2.52411e-07,2.05452e-07,2.88467e-05,0.000176571,28,0.000721826
2023-09-24 00:00:00+00:00,0.00128132,0.959408,0.489548,0.104082,-0.00342272,0,0,0,0,5.37295e-05,0.00122825,28,0.00436366
2023-09-25 00:00:00+00:00,-0.00213262,0.957362,0.481876,0.108552,0.0115518,0.00677266,2.16587e-06,1.3524e-06,2.45772e-07,2.81729e-05,-0.00215664,26,0.00134614
2023-09-26 00:00:00+00:00,-0.00172308,0.955712,0.483658,0.107225,0.0145336,0.00260573,8.33561e-07,1.04195e-07,1.367e-07,-6.47429e-05,-0.00165699,26,0.000214915
2023-09-27 00:00:00+00:00,-0.000920852,0.954832,0.484444,0.105157,0.0120226,0.00219584,7.02246e-07,8.77808e-08,6.27252e-08,-0.000240443,-0.000676347,26,0.000473985
2023-09-28 00:00:00+00:00,0.003664,0.958331,0.481135,0.10207,0.0156195,0.0273765,8.76432e-06,1.20886e-06,9.31784e-07,-1.32679e-05,0.00368647,26,0.00441193
2023-09-29 00:00:00+00:00,-0.00209311,0.956325,0.482303,0.0935063,0.0137482,0.0117013,3.74411e-06,4.68014e-07,4.32095e-07,1.92665e-05,-0.0021054,26,0.00664804
2023-09-30 00:00:00+00:00,-0.000775663,0.955583,0.481995,0.0932905,0.0114086,0.0208483,6.67233e-06,7.68862e-06,7.46692e-07,2.49598e-05,-0.000784687,26,0.00912537
2023-10-01 00:00:00+00:00,0.0034856,0.958914,0.484932,0.0916913,0.00462732,0.0351036,1.1255e-05,1.40687e-06,1.73638e-06,3.61739e-05,0.00346602,26.0833,0.00972533
2023-10-02 00:00:00+00:00,0.00126117,0.960123,0.510449,0.0897734,0.00193555,0.191941,6.14301e-05,1.44253e-05,1.14175e-05,3.4219e-05,0.00132112,26.8542,0.013516
2023-10-03 00:00:00+00:00,0.00926448,0.969018,0.537363,0.0911726,-0.00621409,0.226324,7.24507e-05,2.26971e-05,1.24357e-05,-2.15427e-05,0.00936235,28,0.0159371
2023-10-04 00:00:00+00:00,0.00518779,0.974045,0.636515,0.0980108,-0.00239732,0.306688,9.81703e-05,2.61977e-05,1.39955e-05,-8.48537e-06,0.00532643,28.2292,0.0216017
2023-10-05 00:00:00+00:00,-0.00806343,0.966191,0.682299,0.128566,-0.0108996,0.288569,9.23346e-05,1.35665e-05,1.66389e-05,-1.09961e-05,-0.00795184,29,0.0231811
2023-10-06 00:00:00+00:00,0.00528075,0.971293,0.69232,0.136823,-0.00437926,0.117757,3.7693e-05,1.09119e-05,4.88211e-06,5.95063e-06,0.00532529,29,0.0207085
2023-10-07 00:00:00+00:00,0.00395632,0.975136,0.667173,0.130025,-0.010571,0.177475,5.68003e-05,1.01795e-05,5.90122e-06,1.49707e-05,0.00401212,29,0.0217809
2023-10-08 00:00:00+00:00,-0.000836463,0.97432,0.674177,0.144966,-0.0166062,0.07837,2.50731e-05,4.98604e-06,7.16602e-06,-1.22716e-05,-0.000782691,28.9583,0.0242864
2023-10-09 00:00:00+00:00,0.00112688,0.975418,0.67395,0.149501,-0.0238978,0.189825,6.07595e-05,1.69643e-05,2.59246e-05,-4.20426e-05,0.00128649,28,0.0209938
2023-10-10 00:00:00+00:00,0.000672898,0.976075,0.736802,0.16367,-0.00177035,0.100725,3.22402e-05,1.16291e-05,5.23862e-06,0.000192568,0.000537663,28,0.0219902
2023-10-11 00:00:00+00:00,-0.00854537,0.967734,0.736639,0.147183,-0.00336702,0.0682269,2.18298e-05,2.72872e-06,2.58089e-06,1.87514e-05,-0.00856723,28,0.0191868
2023-10-12 00:00:00+00:00,-0.00350042,0.964346,0.682764,0.153991,0.00693348,0.038206,1.22258e-05,1.52822e-06,1.74209e-06,-1.83974e-05,-0.00346481,28,0.0117243
2023-10-13 00:00:00+00:00,0.000272877,0.964609,0.669903,0.160026,0.0163786,0.0181167,5.79689e-06,7.24611e-07,7.37877e-07,-1.78654e-06,0.000285979,28,0.00857329
2023-10-14 00:00:00+00:00,-0.00107211,0.963575,0.681888,0.151132,0.0117284,0.0145965,4.67067e-06,5.83834e-07,7.9218e-07,1.16904e-05,-0.00107518,28,0.00965817
2023-10-15 00:00:00+00:00,-7.37383e-05,0.963504,0.679848,0.157741,-0.00905498,0.0123131,3.93545e-06,4.91931e-07,8.06002e-07,2.38568e-05,-8.19842e-05,28,0.00426532
2023-10-16 00:00:00+00:00,0.0148969,0.977858,0.636535,0.128054,0.0316403,0.241625,7.76081e-05,3.19226e-05,2.14495e-05,3.53222e-06,0.0149683,27.2083,0.0106949
2023-10-17 00:00:00+00:00,-0.000592215,0.977278,0.616746,0.0613984,0.0134629,0.0111369,3.56263e-06,4.45329e-07,4.30273e-07,-9.48806e-06,-0.000569015,28,0.0125933
2023-10-18 00:00:00+00:00,0.00137018,0.978617,0.596632,0.0796634,0.0134919,0.0279661,8.95149e-06,2.64577e-06,1.13341e-06,-2.86572e-06,0.0013967,28,0.0131306
2023-10-19 00:00:00+00:00,0.00591566,0.984407,0.587513,0.0911734,0.00345654,0.0136624,4.37405e-06,2.97998e-06,7.37688e-07,4.1944e-05,0.00587535,28,0.0132312
2023-10-20 00:00:00+00:00,-0.00307735,0.981377,0.570579,0.0971525,0.00715689,0.0962857,3.0809e-05,2.00449e-05,3.66216e-06,-4.47102e-05,-0.00297608,28,0.0167959
2023-10-21 00:00:00+00:00,-0.00186324,0.979549,0.564461,0.0945115,0.00739171,0.0428841,1.37293e-05,5.87452e-06,3.18761e-06,4.03282e-06,-0.00183552,28,0.0154998
2023-10-22 00:00:00+00:00,-0.00379467,0.975832,0.582499,0.0861836,-0.0173661,0.00663209,2.12184e-06,2.6523e-07,2.19298e-07,-8.63635e-06,-0.00378417,28,0.0125213
2023-10-23 00:00:00+00:00,2.78614e-05,0.975859,0.607835,0.0976135,0.000334657,0.082222,2.62591e-05,9.56983e-06,1.08506e-05,0.000536134,-0.000430002,28,0.0137313
2023-10-24 00:00:00+00:00,0.00790813,0.983576,0.65237,0.0929719,-0.00181957,0.277914,8.89663e-05,1.39628e-05,1.50079e-05,0.000607919,0.0074107,29.8542,0.0191526
2023-10-25 00:00:00+00:00,0.00154359,0.985094,0.705521,0.118593,-0.0012665,0.12358,3.95457e-05,6.06921e-06,1.00005e-05,0.00281321,-0.00118792,30,0.0195502
2023-10-26 00:00:00+00:00,0.00476874,0.989792,0.740361,0.126452,-0.000844056,0.307844,9.85489e-05,1.32355e-05,2.10867e-05,0.00182652,0.00309363,30,0.0195986
2023-10-27 00:00:00+00:00,0.00423698,0.993986,0.771052,0.130877,-0.00218696,0.314572,0.000100679,1.28863e-05,1.74533e-05,0.000343275,0.00402973,30,0.0211379
2023-10-28 00:00:00+00:00,-6.02822e-05,0.993926,0.842296,0.127458,0.000178348,0.194668,6.22981e-05,7.78726e-06,8.4886e-06,-1.15456e-05,3.69163e-05,30,0.021606
2023-10-29 00:00:00+00:00,-0.0030165,0.990928,0.868779,0.137248,-0.00265342,0.208417,6.66997e-05,2.02951e-05,1.45283e-05,1.15851e-05,-0.00292496,30,0.022041
2023-10-30 00:00:00+00:00,0.00197558,0.992885,0.881366,0.157937,-0.00643963,0.354564,0.000113479,2.9341e-05,3.70326e-05,0.000180215,0.00199211,29.4583,0.0178734
2023-10-31 00:00:00+00:00,-0.0057621,0.987164,0.86473,0.147563,-0.0108809,0.152881,4.8904e-05,1.36935e-05,6.78831e-06,0.000519987,-0.0062138,30,0.0165716
2023-11-01 00:00:00+00:00,0.00597155,0.993059,0.823332,0.156043,-0.00580089,0.2416,7.7314e-05,1.31897e-05,1.00906e-05,-2.00949e-05,0.00609259,30,0.017911
2023-11-02 00:00:00+00:00,0.00742949,1.00044,0.849503,0.169885,-0.000919095,0.324312,0.000103828,2.69091e-05,1.8372e-05,1.03682e-05,0.00755542,29.0417,0.0225243
2023-11-03 00:00:00+00:00,-0.00323169,0.997204,0.927246,0.170849,-0.00318297,0.321606,0.000102922,2.1571e-05,1.56603e-05,-6.33751e-06,-0.00306506,29.8333,0.0232939
2023-11-04 00:00:00+00:00,-0.00231997,0.99489,0.897182,0.185595,-0.00206674,0.148119,4.74062e-05,6.66082e-06,6.56297e-06,-1.91777e-05,-0.00223033,30,0.0198418
2023-11-05 00:00:00+00:00,-0.000942625,0.993953,0.878836,0.182394,-0.00553752,0.188504,6.03309e-05,8.13617e-06,6.64672e-06,1.96136e-06,-0.000851816,30,0.0195578
2023-11-06 00:00:00+00:00,0.000198813,0.99415,0.858173,0.174956,-0.00984516,0.385455,0.000123341,2.89957e-05,3.83768e-05,0.000222023,0.000180681,29.9375,0.01879
2023-11-07 00:00:00+00:00,0.00470283,0.998825,0.831179,0.186789,-0.00573986,0.181884,5.8224e-05,9.25079e-06,7.16201e-06,0.000655974,0.00412519,30,0.0195442
2023-11-08 00:00:00+00:00,-0.011194,0.987645,0.854919,0.185268,-0.00542471,0.178238,5.70185e-05,9.59943e-06,1.13213e-05,0.00119723,-0.0123552,30,0.0196171
2023-11-09 00:00:00+00:00,-0.0136153,0.974198,0.759095,0.14869,1.05682e-05,0.462949,0.000148213,2.16742e-05,1.98814e-05,0.00113371,-0.0145685,30,0.0174285
2023-11-10 00:00:00+00:00,-0.00457979,0.969736,0.539146,0.063078,0.00064087,0.247725,7.92561e-05,1.96221e-05,1.48509e-05,0.000143446,-0.00460797,30,0.0153113
2023-11-11 00:00:00+00:00,-0.00223143,0.967572,0.5967,0.11067,-0.00357844,0.261845,8.37719e-05,3.77102e-05,1.48935e-05,3.40303e-05,-0.00211351,30,0.015326
2023-11-12 00:00:00+00:00,-0.00911932,0.958749,0.550546,0.124383,-0.00375585,0.120135,3.84329e-05,1.98121e-05,7.06035e-06,-1.86038e-06,-0.00907327,29.5833,0.0128918
2023-11-13 00:00:00+00:00,0.00168878,0.960368,0.515132,0.138569,0.00350609,0.184739,5.91043e-05,2.89467e-05,2.40776e-05,-2.42673e-05,0.00183407,27.7708,0.0117067
2023-11-14 00:00:00+00:00,-0.00994085,0.950821,0.538736,0.143211,0.00674948,0.0658621,2.10624e-05,3.04329e-06,2.77703e-06,-2.96782e-05,-0.00992169,28,0.0127734
2023-11-15 00:00:00+00:00,0.00498574,0.955561,0.527471,0.130171,0.00524447,0.0700224,2.24184e-05,2.80231e-06,2.8104e-06,4.58274e-06,0.00500675,28.2917,0.00940321
2023-11-16 00:00:00+00:00,-0.00263066,0.953048,0.494817,0.117136,0.00347224,0.100072,3.20269e-05,1.51327e-05,5.20214e-06,8.4318e-06,-0.0025797,29,0.0116468
2023-11-17 00:00:00+00:00,0.000343186,0.953375,0.468225,0.109663,0.00269168,0.0588479,1.88308e-05,8.6483e-06,2.70706e-06,-2.10839e-05,0.000401041,29,0.011554
2023-11-18 00:00:00+00:00,0.000796282,0.954134,0.460642,0.110789,0.000532123,0.0247468,7.9207e-06,1.92779e-06,1.46701e-06,-2.36234e-05,0.000834397,29,0.0108579
2023-11-19 00:00:00+00:00,0.00107615,0.955161,0.459247,0.116595,-0.000680974,0.0137732,4.4092e-06,5.5115e-07,6.40419e-07,-1.36505e-05,0.00109829,29,0.0091358
2023-11-20 00:00:00+00:00,0.00771815,0.962533,0.456029,0.112027,-0.000395736,0.113004,3.61784e-05,1.06188e-05,6.80966e-06,-1.7126e-05,0.00776703,27.4375,0.0104519
2023-11-21 00:00:00+00:00,-0.000390413,0.962157,0.493878,0.0932185,-0.0108656,0.134409,4.30063e-05,1.12572e-05,5.63964e-06,-1.20826e-05,-0.00030522,28,0.0153448
2023-11-22 00:00:00+00:00,0.000949294,0.96307,0.515517,0.120422,-0.00803583,0.0384361,1.22977e-05,1.53721e-06,1.89869e-06,-1.18646e-05,0.00098482,28,0.0133385
2023-11-23 00:00:00+00:00,0.0046186,0.967518,0.516161,0.120473,-0.00570071,0.073674,2.35791e-05,1.00062e-05,3.6433e-06,-2.69634e-05,0.00467575,28,0.0151171
2023-11-24 00:00:00+00:00,0.00047795,0.967981,0.536606,0.121601,-0.00789474,0.0359985,1.15245e-05,2.39756e-06,1.92038e-06,-3.62696e-05,0.000536327,28,0.016981
2023-11-25 00:00:00+00:00,-0.00115533,0.966862,0.555859,0.131559,-0.000756101,0.0636994,2.03838e-05,5.12713e-06,3.68942e-06,0.000129934,-0.00125392,28,0.0155889
2023-11-26 00:00:00+00:00,-0.00411762,0.962881,0.579709,0.135919,0.00365024,0.00500655,1.60175e-06,2.00219e-07,2.44095e-07,0.000791254,-0.00490982,28,0.0139479
2023-11-27 00:00:00+00:00,0.000632453,0.96349,0.520064,0.122098,-0.0103982,0.159107,5.09105e-05,1.56626e-05,8.66503e-06,4.63086e-05,0.000665224,26.7917,0.0133838
2023-11-28 00:00:00+00:00,0.00201336,0.96543,0.521662,0.122343,-0.0165133,0.0430267,1.37696e-05,2.20306e-06,1.4555e-06,-3.17515e-05,0.00206525,27,0.0157702
2023-11-29 00:00:00+00:00,0.000659783,0.966067,0.536692,0.122849,-0.0144635,0.0145965,4.66983e-06,9.38431e-07,5.39941e-07,-3.33189e-05,0.000703622,27,0.0163233
2023-11-30 00:00:00+00:00,0.00164766,0.967659,0.540581,0.118905,-0.0188938,0.0316033,1.01136e-05,1.2642e-06,6.87113e-07,-1.35913e-05,0.00167669,27,0.0170105
2023-12-01 00:00:00+00:00,0.00608079,0.973543,0.573853,0.131131,-0.0159521,0.105458,3.37465e-05,5.43389e-06,2.10944e-06,-3.53735e-05,0.00614702,27,0.0207017
2023-12-02 00:00:00+00:00,-0.00465632,0.96901,0.640329,0.138544,-0.0259288,0.0464027,1.48348e-05,2.25576e-06,1.81684e-06,2.93167e-06,-0.00463554,27,0.0208707
2023-12-03 00:00:00+00:00,0.00696759,0.975761,0.681814,0.149181,-0.0276217,0.0857174,2.74244e-05,3.42806e-06,3.89801e-06,4.72768e-05,0.00694784,27,0.0213114
2023-12-04 00:00:00+00:00,0.00622229,0.981833,0.777523,0.172378,-0.0323238,0.504993,0.000161732,4.52731e-05,2.92539e-05,9.83759e-05,0.00640278,27.9375,0.0271265
2023-12-05 00:00:00+00:00,0.00950556,0.991166,0.827362,0.208295,-0.0142694,0.364367,0.000116675,2.85117e-05,2.13393e-05,9.6901e-05,0.00959192,28.9792,0.0274674
2023-12-06 00:00:00+00:00,0.0101592,1.00124,0.944247,0.203562,-0.00703356,0.484462,0.00015511,3.77902e-05,2.53121e-05,8.15948e-05,0.0102926,29,0.0305414
2023-12-07 00:00:00+00:00,-0.00698874,0.994238,1.01456,0.178645,-0.00582235,0.737945,0.000236123,5.8522e-05,4.59636e-05,8.17509e-05,-0.0067195,29.8125,0.0312208
2023-12-08 00:00:00+00:00,0.00501563,0.999225,1.12636,0.20337,-0.000495407,0.859689,0.000275186,6.19611e-05,4.50071e-05,0.000119302,0.00532397,30,0.0301962
2023-12-09 00:00:00+00:00,-0.00424115,0.994987,1.05523,0.223686,0.00332245,0.457852,0.000146509,4.26922e-05,2.25007e-05,-3.72174e-05,-0.00395134,30,0.0282618
2023-12-10 00:00:00+00:00,-0.00424311,0.990765,0.954727,0.229214,-0.00565473,0.467544,0.000149624,2.54483e-05,2.61766e-05,-0.000117425,-0.00390944,30,0.0301887
2023-12-11 00:00:00+00:00,-0.0190784,0.971863,1.02996,0.203157,0.00828626,0.602112,0.000192683,0.000106463,6.53563e-05,-6.01681e-06,-0.0188316,30,0.0270694
2023-12-12 00:00:00+00:00,-0.00939065,0.962736,0.927548,0.179756,-0.00563116,0.296081,9.47725e-05,4.00493e-05,2.2223e-05,0.000109191,-0.00933773,30,0.0230332
2023-12-13 00:00:00+00:00,0.00501432,0.967564,0.937064,0.202494,-0.000536643,0.250567,8.02285e-05,6.53962e-05,1.26869e-05,0.000150715,0.00503288,30,0.0231866
2023-12-14 00:00:00+00:00,0.00427011,0.971695,0.936512,0.215745,-0.000453487,0.137399,4.39753e-05,4.39464e-05,6.11926e-06,0.000173228,0.00420425,30,0.0235504
2023-12-15 00:00:00+00:00,0.00386475,0.975451,0.902141,0.205872,-0.00684305,0.0951327,3.045e-05,3.95817e-05,3.81681e-06,0.00026745,0.00367742,30,0.0239198
2023-12-16 00:00:00+00:00,-0.0207162,0.955243,0.849168,0.223731,-0.000812025,0.131912,4.21678e-05,4.04019e-05,7.08775e-06,0.000150882,-0.0209614,30,0.0220382
2023-12-17 00:00:00+00:00,0.000645359,0.955859,0.796919,0.227464,-0.000642762,0.1309,4.18887e-05,3.08159e-05,5.73157e-06,6.1014e-05,0.00068062,30,0.0184471
2023-12-18 00:00:00+00:00,0.00528193,0.960908,0.774077,0.2061,-0.00690495,0.206147,6.5987e-05,3.19461e-05,1.20921e-05,-2.72514e-05,0.00542517,30,0.018816
2023-12-19 00:00:00+00:00,-0.00388029,0.95718,0.773524,0.200801,0.00123737,0.109935,3.51732e-05,9.49092e-06,5.11762e-06,7.77352e-05,-0.00389631,30,0.0148392
2023-12-20 00:00:00+00:00,-0.00220237,0.955072,0.729193,0.193623,0.0025198,0.0682496,2.18321e-05,3.00503e-06,2.5837e-06,2.81414e-05,-0.00218196,30,0.011254
2023-12-21 00:00:00+00:00,-0.0078136,0.947609,0.680688,0.176872,0.00438759,0.0605964,1.93904e-05,2.4238e-06,1.61936e-06,3.83432e-06,-0.00780833,30,0.00979759
2023-12-22 00:00:00+00:00,-0.00598859,0.941934,0.601164,0.162453,0.00484567,0.126581,4.0485e-05,7.09643e-06,4.84683e-06,3.57815e-05,-0.00597605,30,0.00802093
2023-12-23 00:00:00+00:00,-0.00405759,0.938112,0.562542,0.158486,0.0062809,0.00920877,2.94628e-06,3.68285e-07,2.95912e-07,0.000145022,-0.00420177,30,0.00647095
2023-12-24 00:00:00+00:00,-0.00419984,0.934172,0.561787,0.164297,0.0036564,0.0107837,3.44604e-06,2.86365e-06,5.50767e-07,3.83942e-05,-0.00423114,30,0.0044498
2023-12-25 00:00:00+00:00,-0.00116142,0.933087,0.542967,0.162701,0.00451862,0.0282211,9.03092e-06,1.64546e-06,8.74001e-07,-2.63587e-05,-0.0011166,28,0.0017229
2023-12-26 00:00:00+00:00,0.000675142,0.933717,0.486795,0.139974,-0.00120871,0.0840318,2.69058e-05,9.00035e-06,3.55954e-06,-9.79559e-05,0.000825764,28,6.37544e-05
2023-12-27 00:00:00+00:00,0.00628763,0.939588,0.42862,0.129699,-0.00017476,0.0514661,1.64716e-05,4.52531e-06,2.52917e-06,-5.61432e-05,0.00635509,28,0.000557846
2023-12-28 00:00:00+00:00,-0.000310713,0.939296,0.412635,0.131252,0.00385492,0.00409323,1.31021e-06,9.35836e-07,2.01789e-07,-7.69181e-05,-0.000227347,28.9583,0.0035169
2023-12-29 00:00:00+00:00,-0.00378331,0.935743,0.400702,0.125318,0.00507466,0.00844507,2.70276e-06,6.66246e-07,2.95126e-07,-0.000186909,-0.00359627,29,0.00313921
2023-12-30 00:00:00+00:00,0.000666946,0.936367,0.398985,0.120922,0.00671339,0.0021585,6.91073e-07,8.63841e-08,1.07588e-07,-0.000157468,0.000826565,29,0.00527654
2023-12-31 00:00:00+00:00,-0.000411313,0.935982,0.402493,0.120136,0.00693263,0.00697485,2.23255e-06,2.86643e-06,1.82541e-07,-0.000101681,-0.000302289,29,0.00504772
2024-01-01 00:00:00+00:00,0.000424726,0.936379,0.386548,0.111677,-0.000517266,0.0301071,9.6363e-06,5.65244e-06,1.88291e-06,-7.7383e-05,0.000522973,27.7708,0.00575156
2024-01-02 00:00:00+00:00,0.00373628,0.939878,0.364159,0.107352,0.00311418,0.0290633,9.31302e-06,1.16413e-06,4.52291e-07,-6.99798e-05,0.00381549,28,0.00730778
2024-01-03 00:00:00+00:00,-0.00265467,0.937383,0.347149,0.0975436,0.00494862,0.024922,7.97299e-06,9.96624e-07,9.6103e-07,-5.94264e-06,-0.00263648,28,0.00737825
2024-01-04 00:00:00+00:00,0.00102236,0.938341,0.335405,0.0849597,0.00157733,0.0375972,1.20297e-05,1.50372e-06,2.96634e-06,-3.80812e-06,0.0010466,29.4583,0.00873767
2024-01-05 00:00:00+00:00,0.00307263,0.941224,0.361371,0.092919,-7.30969e-05,0.0905218,2.89676e-05,6.49779e-06,4.52295e-06,6.02152e-05,0.00305256,30,0.0133089
2024-01-06 00:00:00+00:00,0.00365596,0.944665,0.414032,0.119315,0.0029452,0.0894303,2.86222e-05,5.76873e-06,3.34835e-06,8.31236e-05,0.00361061,30,0.0161066
2024-01-07 00:00:00+00:00,0.00365738,0.94812,0.447957,0.134384,0.00112826,0.0547258,1.75127e-05,2.18908e-06,2.16629e-06,7.41829e-05,0.00360414,30,0.0167903
2024-01-08 00:00:00+00:00,0.00763456,0.955359,0.565919,0.146726,-0.00521532,0.420358,0.000134569,3.64242e-05,2.60604e-05,9.79911e-06,0.00782865,29.9167,0.0203777
2024-01-09 00:00:00+00:00,0.00907131,0.964025,0.671493,0.177484,-0.000408604,0.383634,0.000122782,3.27586e-05,1.38814e-05,-4.67885e-05,0.00926112,30,0.023087
2024-01-10 00:00:00+00:00,-0.000456507,0.963585,0.713294,0.145959,0.00869134,0.219935,7.0402e-05,2.76288e-05,8.46234e-06,-4.10735e-05,-0.000292082,30,0.0244056
2024-01-11 00:00:00+00:00,-0.00763626,0.956227,0.735463,0.124819,-0.00158278,0.307396,9.83741e-05,3.12367e-05,1.56772e-05,-2.31655e-05,-0.00745924,30,0.0254467
2024-01-12 00:00:00+00:00,-0.00997073,0.946692,0.69138,0.0956085,-0.0044722,0.113328,3.62613e-05,2.1986e-05,5.79446e-06,-1.33918e-05,-0.00990883,30,0.0230029
2024-01-13 00:00:00+00:00,0.000716355,0.947371,0.613067,0.0738938,-0.00838772,0.0805926,2.58009e-05,3.02288e-05,6.1631e-06,-1.48531e-05,0.000810551,30,0.0205551
2024-01-14 00:00:00+00:00,0.00304158,0.950252,0.573685,0.0795927,-0.00572888,0.0679597,2.17488e-05,3.86172e-05,2.58934e-06,-1.74177e-05,0.00312645,30,0.0200821
2024-01-15 00:00:00+00:00,0.000448578,0.950678,0.529923,0.0794816,-0.0104407,0.255389,8.17599e-05,8.37005e-05,1.89483e-05,-3.50087e-06,0.000644503,29,0.0207501
2024-01-16 00:00:00+00:00,0.0018827,0.952468,0.576849,0.109767,0.00120277,0.129638,4.14856e-05,3.04875e-05,2.95826e-06,8.21581e-05,0.0018788,29,0.0204336
2024-01-17 00:00:00+00:00,-0.00633343,0.946436,0.605435,0.124735,-0.000595462,0.0498445,1.59469e-05,8.42349e-06,1.29622e-06,7.59157e-05,-0.00639327,29,0.0180334
2024-01-18 00:00:00+00:00,0.00976071,0.955674,0.566554,0.125463,0.00291992,0.0506145,1.6198e-05,1.76107e-05,1.6296e-06,6.38461e-05,0.00969268,29,0.0190528
2024-01-19 00:00:00+00:00,0.00238016,0.957948,0.593062,0.126678,-0.00408511,0.303004,9.69773e-05,5.78648e-05,1.01667e-05,0.000171017,0.00238132,29,0.0239085
2024-01-20 00:00:00+00:00,0.0048841,0.962627,0.751166,0.148279,-0.0158206,0.143324,4.58688e-05,1.86034e-05,3.48663e-06,0.000139993,0.00481393,29.7917,0.0258515
2024-01-21 00:00:00+00:00,0.00496014,0.967402,0.803517,0.162867,-0.0192791,0.058037,1.85786e-05,5.23669e-06,1.50214e-06,0.000122972,0.00485973,30,0.0267313
2024-01-22 00:00:00+00:00,-0.0069767,0.960653,0.797887,0.160936,-0.0187493,0.194263,6.21838e-05,7.18194e-05,6.95954e-06,0.000234907,-0.00707384,29.9792,0.0296131
2024-01-23 00:00:00+00:00,0.00432793,0.96481,0.838584,0.183369,-0.00878662,0.296046,9.47535e-05,4.85909e-05,1.51467e-05,0.000189403,0.00431655,30,0.0271439
2024-01-24 00:00:00+00:00,-0.0166793,0.948718,0.981016,0.206491,-0.00369876,0.133041,4.25443e-05,3.37118e-05,5.84352e-06,0.000145639,-0.016849,30,0.0255691
2024-01-25 00:00:00+00:00,0.00191516,0.950535,0.829374,0.164235,-0.0128909,0.224298,7.1803e-05,7.06402e-05,1.0781e-05,2.10089e-05,0.00206796,30,0.0235033
2024-01-26 00:00:00+00:00,-0.00257046,0.948092,0.769124,0.159907,-0.0151379,0.112809,3.60971e-05,1.19946e-05,4.89276e-06,1.25573e-05,-0.00252065,29.0417,0.0216525
2024-01-27 00:00:00+00:00,0.00492966,0.952765,0.747471,0.17112,-0.00670592,0.158053,5.05766e-05,4.18569e-05,6.43238e-06,2.12118e-05,0.00500484,29.3958,0.0229469
2024-01-28 00:00:00+00:00,0.00970838,0.962015,0.771502,0.186139,-0.0077964,0.190501,6.09818e-05,1.86921e-05,8.1862e-06,7.54111e-06,0.00975223,30,0.0251927
2024-01-29 00:00:00+00:00,0.00014447,0.962154,0.838978,0.151623,-0.00514136,0.347031,0.000111024,7.14245e-05,2.12474e-05,-1.56463e-05,0.000373547,28.9583,0.027331
2024-01-30 00:00:00+00:00,0.00506408,0.967027,0.897192,0.147364,-0.0206017,0.362413,0.000115984,7.63175e-05,1.30695e-05,3.09404e-05,0.00524352,29,0.0283296
2024-01-31 00:00:00+00:00,0.00733748,0.974122,0.958878,0.188691,-0.00648346,0.66223,0.000211956,0.000103745,2.53704e-05,3.11616e-07,0.0076861,29.9583,0.0302167
2024-02-01 00:00:00+00:00,0.00774213,0.981664,0.871457,0.150705,-0.000986177,1.06735,0.000341593,0.000210672,4.4016e-05,2.85542e-05,0.00830679,30,0.0312748
2024-02-02 00:00:00+00:00,0.00453573,0.986116,0.913948,0.174536,0.0028869,0.380977,0.000121943,5.5255e-05,1.30981e-05,7.16318e-05,0.00468096,30,0.032021
2024-02-03 00:00:00+00:00,0.00949629,0.995481,1.05437,0.18282,0.000819323,0.54748,0.000175253,9.00253e-05,2.64465e-05,6.06389e-05,0.00969648,30,0.0341168
2024-02-04 00:00:00+00:00,-0.000366712,0.995116,1.12491,0.173446,-0.00842078,0.447987,0.000143368,5.36685e-05,1.78823e-05,2.48003e-05,-0.000160668,30,0.0359609
2024-02-05 00:00:00+00:00,-0.0167869,0.978411,1.16867,0.227377,-0.00783103,0.571631,0.000182804,7.5894e-05,4.50143e-05,-1.79298e-05,-0.0165504,29.8958,0.0361688
2024-02-06 00:00:00+00:00,-0.00212436,0.976332,1.16623,0.251323,0.00951735,0.220497,7.05406e-05,3.81419e-05,9.22708e-06,3.1646e-05,-0.00201272,30,0.0320376
2024-02-07 00:00:00+00:00,0.00769145,0.983842,1.17133,0.202367,-0.00145206,0.347851,0.000111334,4.60239e-05,1.42735e-05,5.25368e-06,0.00785991,30,0.0331319
2024-02-08 00:00:00+00:00,0.0123162,0.995959,1.20776,0.225586,0.000959962,0.495585,0.000158647,4.35835e-05,1.78763e-05,0.000210799,0.0122722,30,0.0340243
2024-02-09 00:00:00+00:00,-0.00260373,0.993366,1.26897,0.228903,-0.00611932,1.43779,0.000460134,0.000102035,3.78728e-05,0.000205002,-0.00218106,30,0.0372841
2024-02-10 00:00:00+00:00,0.00304563,0.996391,1.3334,0.257128,-0.00793319,1.29023,0.00041289,0.000110951,3.22486e-05,0.000249165,0.00337237,30,0.036524
2024-02-11 00:00:00+00:00,-0.00294353,0.993458,1.4527,0.256369,-0.00691692,1.04608,0.000334743,8.72571e-05,2.63403e-05,0.000297266,-0.00276594,30,0.0371739
2024-02-12 00:00:00+00:00,-0.00769126,0.985817,1.16483,0.201795,-0.0320532,0.953793,0.000305058,0.000114607,5.79334e-05,0.000403913,-0.00757359,27.9792,0.0347314
2024-02-13 00:00:00+00:00,-0.00344918,0.982417,1.01451,0.238452,-0.0152287,0.673672,0.000215588,9.04258e-05,2.76133e-05,0.000337677,-0.00342312,28.125,0.0339403
2024-02-14 00:00:00+00:00,0.0115116,0.993726,1.15921,0.206893,-0.0122131,0.832807,0.00026662,0.000103914,4.91246e-05,0.000284287,0.011633,28.9792,0.0330786
2024-02-15 00:00:00+00:00,0.01546,1.00909,1.35724,0.174034,0.000898535,0.786781,0.000251871,0.000138702,4.50969e-05,0.000368278,0.0154761,29.875,0.0372818
2024-02-16 00:00:00+00:00,-0.00397079,1.00508,1.56054,0.21982,0.0123745,0.851614,0.000272476,0.000166541,3.91592e-05,5.25445e-05,-0.00350644,30,0.0378949
2024-02-17 00:00:00+00:00,-0.0046567,1.0004,1.28746,0.208956,0.0113942,1.57964,0.000505419,0.000191704,7.08044e-05,8.59464e-05,-0.0039363,30,0.0357144
2024-02-18 00:00:00+00:00,0.00522334,1.00563,1.44492,0.257474,0.00368648,1.01292,0.000324146,8.29176e-05,4.24903e-05,0.00016244,0.00552062,30,0.0341487
2024-02-19 00:00:00+00:00,-0.00236843,1.00325,1.30077,0.265533,0.00134283,1.06255,0.000339977,9.25869e-05,7.00037e-05,9.51904e-05,-0.00192291,29.6458,0.0333486
2024-02-20 00:00:00+00:00,0.0218884,1.02521,1.20614,0.192133,-0.00199496,1.3749,0.000440133,0.000107504,9.56496e-05,4.29743e-05,0.0224288,30,0.0343533
2024-02-21 00:00:00+00:00,0.0256848,1.05154,1.06157,0.155317,0.0081705,2.8044,0.000897801,0.000190301,0.00014724,4.38919e-05,0.0266094,29.8125,0.0399149
2024-02-22 00:00:00+00:00,-0.00216341,1.04926,0.91236,0.18124,0.00303228,3.3492,0.0010718,0.000394354,0.000144774,0.00020176,-0.000733149,28.3958,0.04335
2024-02-23 00:00:00+00:00,0.00618528,1.05575,1.06628,0.177195,0.00714756,3.11875,0.000998267,0.000340259,0.000153144,0.000477351,0.00720799,26.625,0.0445255
2024-02-24 00:00:00+00:00,0.00307984,1.059,1.57181,0.140651,-0.00562007,2.52424,0.000807899,0.000280166,0.000107131,0.000548481,0.00374341,29.25,0.0454844
2024-02-25 00:00:00+00:00,-0.00821769,1.0503,1.08288,0.289031,-0.00295786,1.57341,0.000503492,0.000162446,4.54225e-05,0.000195312,-0.00769967,30,0.0456194
2024-02-26 00:00:00+00:00,0.0284998,1.08023,1.06908,0.206913,-0.010912,2.92404,0.000936194,0.000256836,0.000159021,0.000305567,0.0291868,27.9167,0.0453258
2024-02-27 00:00:00+00:00,-0.00218788,1.07787,1.22138,0.186852,-0.017903,1.65966,0.000531075,0.000192467,6.33573e-05,0.000381496,-0.00171153,27.6667,0.0490514
2024-02-28 00:00:00+00:00,0.0262923,1.10621,1.03997,0.155595,0.00682387,2.62869,0.000841748,0.000556788,0.000153574,0.000305244,0.0273905,28.4167,0.0498246
2024-02-29 00:00:00+00:00,0.00371895,1.11033,0.902798,0.108799,0.0150417,2.75329,0.000881134,0.000653776,0.000148688,7.38205e-05,0.00538438,30,0.0503697
2024-03-01 00:00:00+00:00,0.00852843,1.11979,0.827566,0.122961,0.00731847,2.37651,0.000760659,0.000599271,0.000131167,6.07578e-06,0.0100265,29.9792,0.0516008
2024-03-02 00:00:00+00:00,-0.0167087,1.10108,0.968906,0.186344,0.00228873,1.98401,0.000634843,0.000575217,0.000104671,0.000168744,-0.0155964,30,0.0511552
2024-03-03 00:00:00+00:00,0.0255122,1.12918,0.965558,0.174333,-0.00637703,2.01419,0.000645035,0.000466032,0.000119629,7.02661e-05,0.0264585,29.9792,0.0493017
2024-03-04 00:00:00+00:00,0.00375871,1.13342,0.737899,0.149992,0.000996034,2.23148,0.000714808,0.000723029,0.000170803,7.65454e-05,0.00536739,29.9792,0.0520165
2024-03-05 00:00:00+00:00,0.00343539,1.13731,0.757093,0.149998,0.000210837,2.2017,0.000704818,0.000747617,0.000132411,-3.18055e-05,0.00517374,29.9792,0.0531662
2024-03-06 00:00:00+00:00,-0.00235532,1.13463,0.760475,0.0495653,-0.00110858,3.17786,0.00101695,0.000889929,0.000249955,-5.92883e-07,-0.00015259,30,0.0519029
2024-03-07 00:00:00+00:00,0.0123024,1.14859,0.786806,0.112807,0.00300392,2.12246,0.00067948,0.000590736,0.000127853,-6.11483e-05,0.0137403,30,0.0524958
2024-03-08 00:00:00+00:00,-0.0178479,1.12809,0.798971,0.163145,0.00164617,1.49614,0.000478759,0.000543995,6.99325e-05,3.36212e-05,-0.0168377,30,0.0516952
2024-03-09 00:00:00+00:00,-0.011847,1.11473,0.653961,0.145905,0.00404692,0.827314,0.000264682,0.000276222,3.49725e-05,0.000246145,-0.0115456,30,0.0471833
2024-03-10 00:00:00+00:00,0.0125402,1.12871,0.853617,0.138756,-0.0010015,1.36736,0.000437739,0.000521066,6.01778e-05,0.000106317,0.0134627,29.8333,0.047884
2024-03-11 00:00:00+00:00,0.000700904,1.1295,0.942387,0.096459,-0.00593498,2.42771,0.000776919,0.000703957,0.000156812,8.74446e-05,0.00234192,30,0.0494741
2024-03-12 00:00:00+00:00,-0.00302173,1.12609,0.900854,0.148109,0.00329547,2.01427,0.000644567,0.000453379,9.07933e-05,-1.56779e-05,-0.0016903,29.9792,0.0501974
2024-03-13 00:00:00+00:00,0.00597417,1.13281,0.871933,0.145835,-0.00638439,1.88938,0.0006047,0.000431833,8.75588e-05,6.6604e-05,0.00709695,30,0.0492536
2024-03-14 00:00:00+00:00,-0.00766234,1.12413,0.865805,0.10871,-0.0152364,2.16501,0.000692703,0.000311815,7.65424e-05,0.000174932,-0.00670444,29.6667,0.0471152
2024-03-15 00:00:00+00:00,-0.00951897,1.11343,0.930017,0.0858189,-0.00207153,3.04571,0.00097447,0.000300289,0.000154738,0.000154216,-0.00822591,29.8958,0.0461434
2024-03-16 00:00:00+00:00,0.00398525,1.11787,0.933003,0.109972,0.00734776,2.4809,0.000794062,0.000219,0.00010583,4.27462e-05,0.00511666,29.9792,0.0442874
2024-03-17 00:00:00+00:00,0.00261862,1.1208,0.807082,0.136285,0.00540148,2.34331,0.000749969,0.000144308,8.52175e-05,-3.76153e-05,0.00367945,30,0.0453237
2024-03-18 00:00:00+00:00,0.00587239,1.12738,1.06776,0.140075,-0.0112527,2.20662,0.000706119,0.000392124,0.000107597,-0.000118605,0.0072423,29.9792,0.0435201
2024-03-19 00:00:00+00:00,-0.01036,1.1157,1.1496,0.0307298,-0.00396821,2.71062,0.000867304,0.000340749,0.00012406,1.1781e-05,-0.00904238,30,0.0434608
2024-03-20 00:00:00+00:00,0.0227434,1.14107,1.0502,0.098707,0.000309282,1.87819,0.00060108,0.000470171,0.000105648,4.70178e-05,0.0237267,30,0.043207
2024-03-21 00:00:00+00:00,0.00782276,1.15,0.94122,0.143233,-0.000567428,2.62028,0.000838698,0.000732089,0.000124416,3.76069e-06,0.00951852,30,0.045591
2024-03-22 00:00:00+00:00,0.00787035,1.15905,1.28079,0.0601552,-0.00393141,1.76678,0.000565551,0.000701361,8.75794e-05,7.72315e-05,0.00915315,30,0.0457357
2024-03-23 00:00:00+00:00,-0.00305445,1.15551,1.23052,0.0885593,-0.00753626,1.19417,0.000382115,0.000535986,5.01835e-05,-2.63123e-05,-0.00202283,30,0.0459035
2024-03-24 00:00:00+00:00,-0.000367991,1.15509,1.16541,0.0997993,-0.00885501,0.99232,0.000317548,0.000498254,4.48764e-05,-8.35023e-06,0.00055125,29.9792,0.0461211
2024-03-25 00:00:00+00:00,0.0167229,1.1744,1.1328,0.12831,-0.0114897,1.09077,0.000349259,0.000609952,4.4995e-05,0.000141728,0.0175202,29.7292,0.0459489
2024-03-26 00:00:00+00:00,-0.00140215,1.17276,1.133,0.111077,-0.0137426,1.16483,0.000372735,0.000632202,4.02856e-05,0.000131739,-0.00045005,30,0.0483396
2024-03-27 00:00:00+00:00,-0.00985535,1.1612,1.15735,0.15555,-0.00445115,2.24049,0.000716855,0.000555452,7.99175e-05,4.09018e-05,-0.00852879,30,0.0509929
2024-03-28 00:00:00+00:00,-0.0148939,1.1439,0.842115,0.142855,-0.008092,2.50269,0.000800617,0.000687557,8.47313e-05,9.53747e-05,-0.0134871,29.9375,0.0493066
2024-03-29 00:00:00+00:00,-0.0018847,1.14175,0.821957,0.152958,0.0026985,2.07794,0.000664958,0.000542998,5.98532e-05,0.000100113,-0.000684517,23.5625,0.0468927
2024-03-30 00:00:00+00:00,-0.00568782,1.13525,0.977829,0.179842,0.00893753,1.82957,0.000585416,0.00037422,4.1142e-05,0.000348333,-0.00500595,25.8958,0.0445293
2024-03-31 00:00:00+00:00,0.00143441,1.13688,0.847685,0.192841,-0.0221438,1.21629,0.000389252,0.000203225,2.53528e-05,0.000186196,0.00190213,27.6667,0.0446261
2024-04-01 00:00:00+00:00,0.020396,1.16007,1.11444,0.163564,-0.0357249,1.26131,0.000403866,0.000179478,6.11164e-05,0.000208876,0.0206682,28,0.0470023
2024-04-02 00:00:00+00:00,0.00697663,1.16816,1.32825,0.0792458,-0.0190645,1.73536,0.000555397,0.000181775,7.94422e-05,-6.83284e-05,0.00787463,28.2708,0.0488746
2024-04-03 00:00:00+00:00,0.0111854,1.18123,1.40044,0.120016,-0.000187924,2.15257,0.00068915,0.000163927,0.000103392,1.78099e-06,0.0121169,29.5417,0.0502362
2024-04-04 00:00:00+00:00,0.000918196,1.18231,1.40975,0.13444,0.0119607,2.50191,0.000800683,0.000182239,0.000106089,9.45531e-05,0.00197554,30,0.0522637
2024-04-05 00:00:00+00:00,-0.00149205,1.18055,1.07987,0.121941,0.0156552,2.92755,0.000936835,0.000208683,0.000101229,0.000214031,-0.000434503,28.0208,0.0517982
2024-04-06 00:00:00+00:00,-0.010396,1.16828,0.921524,0.16338,-0.00070279,1.64353,0.000525797,0.000178628,4.51928e-05,0.000178179,-0.00985553,26.7917,0.0479336
2024-04-07 00:00:00+00:00,-0.00574811,1.16156,1.16829,0.201869,-0.0144116,0.4825,0.000154384,2.26682e-05,1.75676e-05,0.00025223,-0.00579613,27,0.0451343
2024-04-08 00:00:00+00:00,0.0061806,1.16874,1.18138,0.1963,-0.0219255,1.04407,0.000334213,8.64976e-05,4.05617e-05,4.66198e-05,0.00659707,28.25,0.0454716
2024-04-09 00:00:00+00:00,0.0138533,1.18493,1.31009,0.195099,-0.0124432,1.30599,0.000418012,0.000140429,4.97427e-05,3.29722e-05,0.0143855,28.75,0.0453376
2024-04-10 00:00:00+00:00,-0.00149266,1.18316,1.36808,0.203717,0.00472361,1.90395,0.000609195,0.000229489,7.09824e-05,0.000208574,-0.000755842,29,0.0472806
2024-04-11 00:00:00+00:00,0.00723124,1.19172,1.38133,0.217823,0.00785034,2.41292,0.000772367,0.000329677,8.80596e-05,-2.74727e-05,0.00847191,29.9583,0.0478969
2024-04-12 00:00:00+00:00,0.0286461,1.22586,1.05321,0.154748,0.0114655,4.10054,0.00131362,0.000390227,0.0002602,0.000102945,0.0302299,28.9167,0.0506204
2024-04-13 00:00:00+00:00,0.0183528,1.24835,0.965273,0.128563,0.0026222,4.07631,0.00130513,0.000406286,0.000395735,0.000238009,0.0201213,29.5,0.0541722
2024-04-14 00:00:00+00:00,-0.00460219,1.24261,0.891544,0.178511,0.00210665,2.94362,0.000941886,0.000269163,0.000310399,0.000135522,-0.00318786,29.9167,0.054585
2024-04-15 00:00:00+00:00,0.00438706,1.24806,0.976169,0.167142,-0.00939487,2.28661,0.000731914,0.00011639,0.000248573,0.000342594,0.00517822,30,0.0561257
2024-04-16 00:00:00+00:00,-0.0100047,1.23557,1.19835,0.169872,0.00310654,2.75531,0.000881603,0.000237056,0.000219089,0.000239807,-0.00889789,30,0.0550172
2024-04-17 00:00:00+00:00,0.00344048,1.23982,1.12977,0.140908,0.00334973,3.63525,0.00116336,0.000304718,0.000256794,-1.46579e-06,0.00524851,30,0.0554753
2024-04-18 00:00:00+00:00,0.0095486,1.25166,1.25936,0.113703,0.00270271,3.9523,0.00126527,0.000292939,0.00030385,-7.0394e-05,0.0115195,30,0.0555108
2024-04-19 00:00:00+00:00,-0.00216818,1.24895,1.02246,0.16851,0.00419799,3.31768,0.00106172,0.00027153,0.000232982,-1.88461e-05,-0.000532852,28.6042,0.0554981
2024-04-20 00:00:00+00:00,-0.0090087,1.2377,1.06312,0.195556,0.00590221,3.25422,0.00104114,0.00050524,0.000180183,-1.30851e-05,-0.00727528,28.75,0.0545141
2024-04-21 00:00:00+00:00,0.00104949,1.239,0.905327,0.181592,-0.00230898,2.53526,0.000811272,0.0002707,0.000102083,0.00013305,0.00212602,25.4167,0.0524751
2024-04-22 00:00:00+00:00,-0.00180006,1.23677,0.912971,0.156097,-0.00674086,3.56735,0.00114148,0.000418612,0.000206498,-3.22899e-05,3.66849e-05,26.0208,0.0552539
2024-04-23 00:00:00+00:00,-0.00383921,1.23202,0.721331,0.149923,-0.000993851,2.26319,0.000724229,0.000233597,6.97518e-05,7.72473e-05,-0.00287433,23.6458,0.0538332
2024-04-24 00:00:00+00:00,-0.00274674,1.22863,0.864426,0.225466,0.00382529,2.3322,0.000746459,0.000129609,7.14051e-05,0.000169372,-0.00189638,23.3958,0.0504773
2024-04-25 00:00:00+00:00,-0.00101541,1.22739,0.934811,0.191741,0.00105537,2.81412,0.000900589,0.000197444,0.000102593,0.000170677,6.53109e-05,25.875,0.0508315
2024-04-26 00:00:00+00:00,0.00722843,1.23626,0.923545,0.206332,-0.0102439,2.98714,0.000956105,0.000287797,0.000113786,0.000180101,0.00840373,25.0417,0.0489943
2024-04-27 00:00:00+00:00,0.0127066,1.25197,0.860803,0.136701,-0.008246,3.83413,0.00122733,0.000385146,0.000156005,0.000166554,0.0142435,25.3958,0.0513764
2024-04-28 00:00:00+00:00,0.00767449,1.26158,1.1505,0.238766,-0.0175366,2.53148,0.000810178,0.000316597,9.3491e-05,0.000355411,0.00852853,26.3958,0.0529794
2024-04-29 00:00:00+00:00,-0.000678115,1.26072,1.37861,0.175963,-0.0333727,3.10401,0.000993331,0.000190466,0.000183173,0.000375785,0.000354431,27.6458,0.0534296
2024-04-30 00:00:00+00:00,0.00547203,1.26762,1.57457,0.163524,-0.0069607,4.55043,0.00145667,0.000463412,0.000276337,0.000166558,0.00756431,29.2917,0.0535802
2024-05-01 00:00:00+00:00,-0.00412943,1.26238,1.28325,0.142218,-0.00539205,4.64174,0.00148529,0.000413636,0.00024373,0.000299481,-0.0022344,29.9167,0.0521238
2024-05-02 00:00:00+00:00,-0.0137782,1.24499,0.709035,0.138259,-0.00325888,1.96957,0.000630087,8.07347e-05,7.71852e-05,0.000122412,-0.0131722,24.25,0.0482953
2024-05-03 00:00:00+00:00,-0.00848541,1.23443,0.819145,0.173119,-0.0104723,2.05673,0.000658089,8.22612e-05,7.53066e-05,0.000146629,-0.00781828,22.3333,0.0435593
2024-05-04 00:00:00+00:00,-0.00469026,1.22864,0.815658,0.196617,-0.00825567,2.12885,0.000681178,8.84668e-05,6.77458e-05,0.000179685,-0.00401088,23.6042,0.0398459
2024-05-05 00:00:00+00:00,-0.00134127,1.22699,1.09436,0.220812,-0.00643714,0.925881,0.000296271,3.70339e-05,3.93198e-05,0.000119959,-0.00106242,25.6458,0.0374609
2024-05-06 00:00:00+00:00,-0.00118809,1.22553,1.32201,0.219959,-0.0053611,0.632127,0.000202185,2.72529e-05,5.52137e-05,0.000250439,-0.00111068,28.2708,0.0348129
2024-05-07 00:00:00+00:00,0.00195543,1.22793,1.27055,0.221909,-0.0120886,1.11708,0.000357538,6.29589e-05,4.90373e-05,4.43857e-05,0.00241188,29.2292,0.0356238
2024-05-08 00:00:00+00:00,0.0047703,1.23379,1.54759,0.203571,-0.0202391,1.53044,0.000489687,0.000109287,7.91631e-05,2.0698e-05,0.00550153,30,0.0374497
2024-05-09 00:00:00+00:00,-0.00421638,1.22858,1.31159,0.210947,0.00172655,1.29185,0.000413291,0.000163871,4.60093e-05,0.000130992,-0.00369616,30,0.0378361
2024-05-10 00:00:00+00:00,-0.00970012,1.21667,1.05243,0.209292,0.000382017,0.546873,0.000175006,4.30656e-05,1.84967e-05,0.000151444,-0.00962517,30,0.0330819
2024-05-11 00:00:00+00:00,0.000134931,1.21683,0.913534,0.21397,0.00926479,0.582823,0.000186486,3.75976e-05,1.69561e-05,4.8739e-05,0.000355663,30,0.0309222
2024-05-12 00:00:00+00:00,0.000374854,1.21729,0.938335,0.199821,-0.00117392,0.240851,7.70786e-05,1.39317e-05,6.75883e-06,7.46024e-05,0.000408384,30,0.0314741
2024-05-13 00:00:00+00:00,0.0104939,1.23006,1.21528,0.220266,-0.00662208,1.41612,0.000453203,0.000115057,6.9502e-05,0.000167108,0.0109673,29.7917,0.0360837
2024-05-14 00:00:00+00:00,-0.00670374,1.22181,1.16835,0.24324,-0.00402789,0.799813,0.000255909,6.45416e-05,2.82705e-05,0.000420077,-0.00675774,30,0.0354898
2024-05-15 00:00:00+00:00,0.0262454,1.25388,1.2907,0.224769,-0.00812494,0.978122,0.000313263,6.05844e-05,6.31694e-05,0.000473834,0.0259252,30,0.0372164
2024-05-16 00:00:00+00:00,0.00370809,1.25853,1.03409,0.238062,-0.00329595,2.11847,0.000677997,0.000153765,8.17807e-05,7.79249e-06,0.00462276,30,0.0401515
2024-05-17 00:00:00+00:00,0.0150561,1.27748,1.02968,0.21748,-0.0056757,2.31488,0.000741042,0.000281875,0.000107038,0.000100862,0.0159983,30,0.0405041
2024-05-18 00:00:00+00:00,0.00490842,1.28375,0.903706,0.202963,-0.0208907,2.11589,0.000677238,0.000288437,7.24202e-05,6.46093e-05,0.00592141,28.7292,0.0426207
2024-05-19 00:00:00+00:00,0.000636244,1.28457,0.714125,0.136276,-0.0320201,1.97089,0.000630752,0.000273965,6.39215e-05,-9.27021e-06,0.00163392,21.1875,0.0425063
2024-05-20 00:00:00+00:00,0.021024,1.31157,0.860359,0.142572,-0.0320469,3.45478,0.00110614,0.000553507,0.000206602,2.98534e-05,0.0227069,24.2292,0.0422123
2024-05-21 00:00:00+00:00,-0.0196282,1.28583,1.07748,0.196661,-0.0147792,2.59913,0.000831466,0.000421864,0.000126024,6.16116e-05,-0.0184114,27.2083,0.0428041
2024-05-22 00:00:00+00:00,-0.0209395,1.2589,0.67231,0.111289,-0.0125064,1.2701,0.000406198,0.000183427,4.57033e-05,6.19575e-05,-0.0204931,25.1875,0.0357421
2024-05-23 00:00:00+00:00,0.00215225,1.26161,0.962932,0.15187,-0.00692047,0.783903,0.000250979,8.9749e-05,4.6797e-05,-8.13757e-07,0.00262004,26.8125,0.0343591
2024-05-24 00:00:00+00:00,0.000551437,1.26231,1.21471,0.186475,-0.00276033,0.541794,0.000173389,5.88879e-05,3.0429e-05,-4.24461e-05,0.000908488,28.4167,0.0332196
2024-05-25 00:00:00+00:00,-0.00854601,1.25152,1.29013,0.208291,-0.00358654,0.4065,0.000130019,3.82832e-05,1.46308e-05,3.57131e-05,-0.00839916,29,0.0324282
2024-05-26 00:00:00+00:00,0.00227033,1.25436,1.27587,0.232507,-2.6019e-05,0.308049,9.85936e-05,2.84305e-05,1.04069e-05,8.33345e-06,0.00242749,29,0.0266279
2024-05-27 00:00:00+00:00,-0.00853501,1.24366,1.16832,0.217104,-0.0112931,0.222283,7.11166e-05,5.19655e-05,1.06341e-05,1.06872e-05,-0.0084196,28.8333,0.0255537
2024-05-28 00:00:00+00:00,-0.00983429,1.23143,1.13705,0.201812,-0.00939276,0.103953,3.32635e-05,9.44309e-06,4.2066e-06,0.000184658,-0.00999243,29.2083,0.0220356
2024-05-29 00:00:00+00:00,-0.00148096,1.2296,1.09236,0.181047,-0.00696123,0.19109,6.11448e-05,2.11023e-05,7.9123e-06,1.40322e-05,-0.00137756,30,0.0175072
2024-05-30 00:00:00+00:00,-0.00298829,1.22593,1.00573,0.160769,-0.00628584,0.180717,5.7846e-05,2.46328e-05,5.95566e-06,-1.34535e-05,-0.00286842,30,0.017395
2024-05-31 00:00:00+00:00,-0.00407109,1.22094,0.939217,0.159872,-0.00310383,0.0957099,3.06332e-05,4.58644e-06,3.11476e-06,-1.95107e-05,-0.00400815,30,0.0141106
2024-06-01 00:00:00+00:00,-0.00144804,1.21917,0.913317,0.156477,-0.00491212,0.00725927,2.32246e-06,2.90308e-07,3.12497e-07,-7.24617e-05,-0.0013685,30,0.009157
2024-06-02 00:00:00+00:00,0.00472832,1.22493,0.898803,0.164055,-0.00159278,0.0154894,4.95723e-06,9.20753e-07,6.95193e-07,-4.95566e-05,0.00478266,30,0.00924783
2024-06-03 00:00:00+00:00,0.00206207,1.22746,0.664972,0.0862406,-0.0219756,0.259554,8.30706e-05,2.18006e-05,2.0857e-05,1.82991e-06,0.00219382,27,0.0120696
2024-06-04 00:00:00+00:00,0.00229481,1.23028,0.63191,0.0807903,-0.0155277,0.0252772,8.09304e-06,1.01163e-06,1.14761e-06,2.60581e-06,0.0023065,27,0.0129104
2024-06-05 00:00:00+00:00,0.000400893,1.23077,0.599443,0.0800919,-0.0135256,0.0665369,2.12964e-05,2.87183e-06,2.51781e-06,1.25254e-05,0.000422686,27,0.0116991
2024-06-06 00:00:00+00:00,0.00405063,1.23576,0.579833,0.0820073,-0.0163847,0.0335315,1.07317e-05,1.34146e-06,1.27469e-06,6.55715e-06,0.00405283,27,0.0131458
2024-06-07 00:00:00+00:00,0.0157456,1.25521,0.608621,0.11731,-0.0129306,0.264183,8.48516e-05,1.06065e-05,2.97717e-05,0.000117821,0.0157247,28.1667,0.0160233
2024-06-08 00:00:00+00:00,-2.8741e-05,1.25518,0.729648,0.188274,-0.0079811,0.184766,5.9137e-05,7.39212e-06,1.5868e-05,4.56809e-05,2.15218e-05,30,0.0194543
2024-06-09 00:00:00+00:00,-2.29855e-06,1.25517,0.739944,0.200754,-0.00421223,0.0393645,1.25957e-05,1.57446e-06,1.68495e-06,-8.09069e-06,2.8399e-05,30,0.0176535
2024-06-10 00:00:00+00:00,-0.000697709,1.2543,0.600776,0.186092,-0.0045,0.277833,8.89118e-05,1.49629e-05,3.75541e-05,-2.87632e-05,-0.000521405,27,0.0194907
2024-06-11 00:00:00+00:00,-0.00698332,1.24554,0.618738,0.172558,-0.00123655,0.190182,6.08448e-05,7.6056e-06,7.14428e-06,-3.75918e-05,-0.0068835,27,0.017229
2024-06-12 00:00:00+00:00,-0.00584255,1.23826,0.676553,0.170681,0.00394579,0.0386993,1.23827e-05,1.54784e-06,2.02537e-06,-3.54726e-05,-0.00580099,27,0.015301
2024-06-13 00:00:00+00:00,0.00518068,1.24468,0.668857,0.158477,0.00790131,0.172283,5.51375e-05,6.89219e-06,1.24045e-05,-3.17309e-05,0.00528076,27.9792,0.0149745
2024-06-14 00:00:00+00:00,0.00380961,1.24942,0.684291,0.151705,0.00447169,0.156044,4.99469e-05,6.24336e-06,1.00692e-05,3.84344e-06,0.00387609,28,0.0162925
2024-06-15 00:00:00+00:00,0.00184648,1.25173,0.702931,0.150681,0.000938463,0.188744,6.04055e-05,7.55068e-06,1.09768e-05,-5.02181e-05,0.00197892,28,0.0190312
2024-06-16 00:00:00+00:00,0.000484219,1.25233,0.681314,0.157395,-0.00124503,0.0869943,2.78426e-05,3.48033e-06,3.93196e-06,-6.94378e-05,0.000594136,28,0.0191849
2024-06-17 00:00:00+00:00,0.010335,1.26528,0.709421,0.150304,-0.000743224,0.256649,8.21486e-05,1.42312e-05,1.15288e-05,-3.13444e-05,0.0104417,28.2083,0.0208342
2024-06-18 00:00:00+00:00,0.00639317,1.27336,0.920903,0.119796,-0.000470749,0.670421,0.000214617,2.70105e-05,4.77447e-05,0.00018858,0.00650841,29.75,0.0252299
2024-06-19 00:00:00+00:00,0.00481012,1.27949,0.988474,0.168484,0.00163006,0.523121,0.000167404,2.4357e-05,4.07449e-05,6.72456e-05,0.00498189,30,0.0265357
2024-06-20 00:00:00+00:00,-0.00610441,1.27168,0.981628,0.215852,0.00189392,0.374374,0.000119776,4.3995e-05,2.27729e-05,5.93908e-05,-0.00597946,30,0.0247462
2024-06-21 00:00:00+00:00,-0.00236432,1.26867,0.92015,0.245862,0.00611708,0.310322,9.93694e-05,2.25989e-05,1.88007e-05,3.12892e-06,-0.00217418,30,0.0215671
2024-06-22 00:00:00+00:00,0.00257948,1.27195,0.85047,0.254826,0.0097739,0.145301,4.65116e-05,5.81395e-06,9.19509e-06,-1.1679e-05,0.00266591,30,0.0215251
2024-06-23 00:00:00+00:00,-0.00157814,1.26994,0.820122,0.250362,0.00640212,0.0769019,2.46072e-05,9.32314e-06,3.12191e-06,2.13075e-06,-0.00153662,30,0.0211502
2024-06-24 00:00:00+00:00,-0.0161573,1.24942,0.765486,0.216818,-0.00353552,0.197474,6.31258e-05,2.6886e-05,1.35896e-05,-2.38008e-05,-0.0161198,28.5833,0.0194507
2024-06-25 00:00:00+00:00,-0.000338452,1.249,0.775414,0.217186,0.00931042,0.0583169,1.86686e-05,4.2512e-06,2.12232e-06,2.23392e-05,-0.000325497,29,0.0160035
2024-06-26 00:00:00+00:00,0.00149626,1.25086,0.766582,0.210792,0.00612145,0.0612061,1.95863e-05,2.44829e-06,2.76075e-06,6.3805e-05,0.0014634,29,0.0157848
2024-06-27 00:00:00+00:00,0.0017683,1.25308,0.771331,0.208308,0.00467475,0.161699,5.17432e-05,6.4679e-06,9.00762e-06,-2.54912e-05,0.00186629,29,0.0173177
2024-06-28 00:00:00+00:00,0.00264389,1.25639,0.775695,0.217136,0.0142974,0.169769,5.43317e-05,8.86032e-06,9.63247e-06,1.36867e-05,0.00270902,29,0.0185908
2024-06-29 00:00:00+00:00,-0.0012988,1.25476,0.802475,0.213745,0.00596249,0.115106,3.68289e-05,7.07991e-06,4.2569e-06,0.000130082,-0.00137529,29,0.0195397
2024-06-30 00:00:00+00:00,0.00288508,1.25838,0.81959,0.213406,0.00886464,0.242341,7.75673e-05,1.71583e-05,9.82416e-06,5.50785e-05,0.00293952,29,0.0222746
2024-07-01 00:00:00+00:00,-0.00316522,1.2544,0.946017,0.17011,-0.0221127,0.291066,9.31585e-05,1.41752e-05,3.06653e-05,2.62524e-05,-0.00304079,29.8333,0.0238265
2024-07-02 00:00:00+00:00,0.0042769,1.25976,0.905698,0.198404,-0.0141147,0.224066,7.17037e-05,1.1519e-05,1.01074e-05,2.05565e-05,0.00435589,30,0.0233601
2024-07-03 00:00:00+00:00,0.00414063,1.26498,0.924436,0.208246,0.00258143,0.285475,9.13663e-05,1.41493e-05,1.50866e-05,9.55386e-06,0.00426448,30,0.023372
2024-07-04 00:00:00+00:00,-0.017972,1.24224,0.898792,0.131139,-0.00728687,0.967073,0.000309293,6.46402e-05,4.88909e-05,1.1856e-05,-0.0176579,30,0.023503
2024-07-05 00:00:00+00:00,0.00322838,1.24625,0.769513,0.0114775,-0.00469721,0.781509,0.000250147,7.8956e-05,5.81193e-05,0.000147635,0.00349453,30,0.0207743
2024-07-06 00:00:00+00:00,0.00295204,1.24993,0.772454,0.103558,0.000621027,0.600916,0.000192281,7.6434e-05,3.85753e-05,0.000124354,0.00315175,30,0.0207591
2024-07-07 00:00:00+00:00,0.00587475,1.25727,0.784841,0.159462,0.00130155,0.478584,0.000153195,6.1944e-05,3.26795e-05,-3.56605e-05,0.00615591,30,0.0223975
2024-07-08 00:00:00+00:00,0.00985416,1.26966,0.755253,0.158645,-0.00415318,0.386486,0.000123728,2.62803e-05,4.75471e-05,-1.13251e-05,0.0100531,28.6458,0.0222265
2024-07-09 00:00:00+00:00,0.00151238,1.27158,0.737778,0.166825,0.00144073,0.19287,6.17305e-05,9.00448e-06,1.31026e-05,-1.27116e-06,0.00160707,29,0.0228828
2024-07-10 00:00:00+00:00,-0.0107955,1.25786,0.753479,0.165683,-0.00226627,0.154608,4.94719e-05,1.16406e-05,1.01549e-05,-1.97398e-05,-0.0107318,29,0.0224604
2024-07-11 00:00:00+00:00,0.00979373,1.27018,0.799356,0.163944,-0.00478783,0.583995,0.000186934,2.78883e-05,3.47987e-05,-2.72996e-05,0.0100584,29.2292,0.0216978
2024-07-12 00:00:00+00:00,-0.00912046,1.25859,0.959738,0.116715,-0.0122053,0.375045,0.000119994,1.49992e-05,2.33569e-05,1.20302e-05,-0.00899228,30,0.0227544
2024-07-13 00:00:00+00:00,0.00663349,1.26694,0.860445,0.127635,0.00147465,0.289311,9.25999e-05,1.19727e-05,1.52749e-05,-2.8986e-05,0.00677957,30,0.0220598
2024-07-14 00:00:00+00:00,0.00489763,1.27315,0.808774,0.134773,0.00706749,0.171332,5.48333e-05,7.9167e-06,8.5515e-06,-6.11803e-06,0.00497574,30,0.025113
2024-07-15 00:00:00+00:00,-0.00909379,1.26157,0.884437,0.167981,-0.0108718,0.347418,0.00011115,1.75867e-05,2.053e-05,7.49206e-05,-0.00902049,30,0.0283697
2024-07-16 00:00:00+00:00,-0.0108028,1.24794,0.912724,0.198543,-0.00145715,0.0642017,2.05318e-05,3.55545e-06,3.03577e-06,1.72325e-05,-0.0108159,30,0.0246623
2024-07-17 00:00:00+00:00,-0.00926732,1.23637,0.916528,0.204249,0.00375279,0.0680726,2.17756e-05,1.24207e-05,4.35031e-06,1.77783e-05,-0.00926847,30,0.0232406
2024-07-18 00:00:00+00:00,0.00797145,1.24623,0.864594,0.191093,0.0025655,0.326221,0.000104429,5.35903e-05,2.0007e-05,2.77372e-05,0.00811576,30,0.0210335
2024-07-19 00:00:00+00:00,0.00431702,1.25161,0.798394,0.178046,-0.00348531,0.342201,0.000109526,3.42271e-05,1.96609e-05,1.23467e-05,0.00447807,30,0.0241291
2024-07-20 00:00:00+00:00,0.00503865,1.25792,0.81932,0.191182,0.00215546,0.0876024,2.80293e-05,8.47842e-06,4.65405e-06,7.46818e-05,0.00501166,30,0.0241375
2024-07-21 00:00:00+00:00,0.00279629,1.26143,0.815771,0.173242,-0.00281458,0.17106,5.47696e-05,1.14675e-05,9.03989e-06,4.28108e-05,0.00283963,29.6042,0.0265758
2024-07-22 00:00:00+00:00,0.00258146,1.26469,0.830876,0.152125,-0.0111993,0.240719,7.70605e-05,3.97671e-05,3.02033e-05,3.2997e-05,0.00271125,28.3542,0.0262785
2024-07-23 00:00:00+00:00,-0.00174423,1.26248,0.915645,0.182943,-0.00653231,0.517209,0.000165534,3.52125e-05,3.08302e-05,7.64808e-05,-0.00156222,30,0.0283552
2024-07-24 00:00:00+00:00,0.000371453,1.26295,1.01834,0.207304,0.0107278,0.451525,0.000144473,4.16896e-05,2.79235e-05,9.2758e-05,0.000509982,30,0.0282657
2024-07-25 00:00:00+00:00,-0.0101332,1.25016,0.86553,0.224339,0.011975,0.579827,0.000185495,3.71848e-05,3.02908e-05,2.88455e-05,-0.00990253,30,0.0273219
2024-07-26 00:00:00+00:00,-0.0128956,1.23403,0.78749,0.18763,0.00669722,0.200673,6.41822e-05,8.02277e-06,1.0045e-05,6.85085e-05,-0.0129328,30,0.0246845
2024-07-27 00:00:00+00:00,0.00216567,1.23671,0.823715,0.199344,0.0131445,0.174095,5.57201e-05,9.34541e-06,7.55095e-06,4.7519e-05,0.00221994,30,0.0221054
2024-07-28 00:00:00+00:00,0.0083248,1.247,0.854692,0.187654,0.00446741,0.214638,6.87103e-05,9.5387e-06,1.32035e-05,-2.74316e-05,0.00842726,30,0.0237989
2024-07-29 00:00:00+00:00,-0.00784095,1.23722,0.87392,0.168067,-0.0133794,0.232728,7.44581e-05,1.71442e-05,1.55884e-05,-6.18982e-05,-0.00767327,29,0.0259174
2024-07-30 00:00:00+00:00,-0.00217054,1.23454,0.855576,0.176167,-0.0117288,0.154356,4.94037e-05,6.63043e-06,6.71035e-06,1.54427e-05,-0.00210137,29.0833,0.0221002
2024-07-31 00:00:00+00:00,0.000951332,1.23571,0.800592,0.141038,-0.0106577,0.243806,7.80357e-05,1.57996e-05,1.44384e-05,2.34925e-05,0.00104868,30,0.0227378
2024-08-01 00:00:00+00:00,0.0086885,1.24645,0.890271,0.125857,-0.0133217,0.786199,0.000251718,4.59869e-05,5.02282e-05,-4.26933e-05,0.00909861,30,0.0235045
2024-08-02 00:00:00+00:00,-0.00474199,1.24054,1.00609,0.109326,-0.0130257,0.556886,0.00017819,7.26864e-05,4.14071e-05,-5.25131e-05,-0.00437908,30,0.0258237
2024-08-03 00:00:00+00:00,0.00913497,1.25187,0.966287,0.113448,-0.00230383,0.648568,0.000207583,3.25412e-05,5.57935e-05,-1.46953e-06,0.00941551,30,0.0264498
2024-08-04 00:00:00+00:00,-0.0083728,1.24139,1.05781,0.0979469,-0.00639496,1.00875,0.000322725,4.3994e-05,6.75976e-05,6.27418e-05,-0.0079999,30,0.028024
2024-08-05 00:00:00+00:00,0.0139584,1.25872,0.840003,0.0722379,0.00156785,1.34613,0.000430912,8.16722e-05,0.000155064,-3.52135e-05,0.0146432,30,0.0255456
2024-08-06 00:00:00+00:00,-0.0168365,1.23752,0.831366,0.105172,0.00315684,0.436755,0.00013971,1.7528e-05,4.27758e-05,7.71846e-05,-0.0168266,30,0.0259548
2024-08-07 00:00:00+00:00,0.00877224,1.24838,0.76478,0.112018,0.00249283,0.266666,8.53632e-05,1.14293e-05,2.23209e-05,0.000147268,0.00873461,29.8333,0.0233543
2024-08-08 00:00:00+00:00,0.0131895,1.26485,0.767045,0.105074,0.00408049,0.392681,0.000125762,1.57202e-05,4.16099e-05,0.000104138,0.0132502,30,0.0236836
2024-08-09 00:00:00+00:00,-0.00199152,1.26233,0.819418,0.0855312,0.000419449,0.188194,6.02218e-05,7.52773e-06,1.44766e-05,6.80534e-05,-0.00195805,30,0.0252155
2024-08-10 00:00:00+00:00,-0.00807163,1.25214,0.851975,0.100647,0.0016338,0.13912,4.45069e-05,5.56337e-06,7.99494e-06,-5.46661e-05,-0.0079724,30,0.024449
2024-08-11 00:00:00+00:00,0.011934,1.26708,0.814555,0.110659,0.00530042,0.293389,9.3913e-05,1.17391e-05,1.37903e-05,3.46833e-05,0.0119645,30,0.0252973
2024-08-12 00:00:00+00:00,-0.0141939,1.2491,0.785983,0.0955,-0.00425904,0.180117,5.76201e-05,1.05662e-05,2.1737e-05,1.65615e-05,-0.0141855,29.8542,0.0245957
2024-08-13 00:00:00+00:00,0.00313523,1.25301,0.768884,0.09169,-0.00786481,0.129588,4.14831e-05,6.0116e-06,1.13939e-05,4.3001e-05,0.00317964,30,0.0224901
2024-08-14 00:00:00+00:00,0.00287164,1.25661,0.755016,0.0888945,-0.0098758,0.0955744,3.0578e-05,5.53344e-06,4.90731e-06,7.13061e-05,0.00285424,30,0.0239902
2024-08-15 00:00:00+00:00,0.00665217,1.26497,0.710923,0.088804,-0.00652646,0.23949,7.66406e-05,1.70879e-05,1.36398e-05,2.97837e-05,0.00672987,30,0.0244661
2024-08-16 00:00:00+00:00,0.0057256,1.27221,0.828799,0.0675413,-0.019761,0.398877,0.000127653,2.18821e-05,2.14227e-05,8.9155e-05,0.0058312,30,0.0290094
2024-08-17 00:00:00+00:00,-0.00289324,1.26853,0.923701,0.0907597,-0.0239098,0.226757,7.25439e-05,1.95567e-05,1.40808e-05,9.33075e-05,-0.00285107,30,0.0299469
2024-08-18 00:00:00+00:00,-0.00170275,1.26637,0.867656,0.114283,-0.0168728,0.13693,4.38114e-05,6.37948e-06,6.22394e-06,0.000141934,-0.00177259,30,0.0290456
2024-08-19 00:00:00+00:00,0.00608522,1.27408,0.809098,0.0985036,-0.0303324,0.480758,0.000153977,2.99597e-05,5.52005e-05,0.000106044,0.00621775,28.8333,0.0287808
2024-08-20 00:00:00+00:00,-0.0083442,1.26345,0.841374,0.121199,-0.0247049,0.132354,4.23503e-05,6.7259e-06,4.22282e-06,0.000108705,-0.00841354,29,0.0291174
2024-08-21 00:00:00+00:00,0.00159124,1.26546,0.899184,0.121948,-0.0231988,0.289978,9.27896e-05,3.25691e-05,1.48101e-05,5.84949e-05,0.00168778,29.875,0.025947
2024-08-22 00:00:00+00:00,-0.00455249,1.2597,0.93402,0.10209,-0.0241086,0.0831159,2.65792e-05,3.36586e-06,4.0927e-06,4.05852e-05,-0.00454918,30,0.0247483
2024-08-23 00:00:00+00:00,-0.00832385,1.24921,0.955224,0.100006,-0.0315846,0.091157,2.91539e-05,6.95861e-06,3.81086e-06,0.000120031,-0.00840689,30,0.0215648
2024-08-24 00:00:00+00:00,-0.00260275,1.24596,0.943007,0.10746,-0.0252107,0.125194,4.00796e-05,8.28587e-06,8.09134e-06,7.50897e-05,-0.00260117,30,0.0172213
2024-08-25 00:00:00+00:00,0.00772726,1.25559,0.827837,0.122233,-0.0248697,0.0781216,2.49927e-05,3.12409e-06,6.49743e-06,4.89666e-05,0.00771606,30,0.0185234
2024-08-26 00:00:00+00:00,0.00944263,1.26744,0.776268,0.157021,-0.0223682,0.365428,0.000116921,4.65052e-05,4.77339e-05,1.49144e-05,0.00960977,28.3125,0.0208739
2024-08-27 00:00:00+00:00,-0.0141489,1.24951,0.874371,0.218078,-0.0158629,0.0916193,2.9299e-05,3.66237e-06,3.9762e-06,1.22345e-05,-0.0141942,29,0.0234106
2024-08-28 00:00:00+00:00,0.00521796,1.25603,0.851357,0.193517,0.00107659,0.0814424,2.60555e-05,1.16158e-05,4.86278e-06,-1.10455e-05,0.00529395,29,0.0197979
2024-08-29 00:00:00+00:00,0.00522842,1.2626,0.829423,0.195939,0.00169223,0.128704,4.11903e-05,9.01796e-06,8.88344e-06,-3.47125e-05,0.00531531,29,0.0213193
2024-08-30 00:00:00+00:00,-0.00201671,1.26005,0.854463,0.196054,-0.0031627,0.142575,4.56186e-05,1.30651e-05,7.72655e-06,9.21831e-06,-0.00194975,29.125,0.0231819
2024-08-31 00:00:00+00:00,-0.000783726,1.25906,0.888935,0.197647,-0.0078663,0.0216125,6.91251e-06,8.64064e-07,6.1001e-07,4.09634e-05,-0.000808104,30,0.0236068
2024-09-01 00:00:00+00:00,0.00397968,1.26407,0.872068,0.203387,-0.00407879,0.00787052,2.51788e-06,1.58806e-06,2.55361e-07,0.000117229,0.00387548,30,0.0230058
2024-09-02 00:00:00+00:00,-0.00606471,1.25641,0.873433,0.207764,-0.017792,0.242178,7.74885e-05,5.80421e-05,2.78962e-05,-2.39793e-05,-0.00587615,29.125,0.0246524
2024-09-03 00:00:00+00:00,-0.000361627,1.25595,0.895967,0.207002,-0.0107298,0.217885,6.97071e-05,3.3247e-05,1.54178e-05,8.74781e-05,-0.000320491,30,0.0225879
2024-09-04 00:00:00+00:00,0.000824163,1.25699,0.94206,0.175876,-0.00653943,0.263564,8.43409e-05,2.18576e-05,1.8211e-05,0.000527101,0.000441806,30,0.0214129
2024-09-05 00:00:00+00:00,-0.00650605,1.24881,0.844177,0.192348,0.00326253,0.163428,5.22941e-05,6.53677e-06,6.72374e-06,-8.41816e-06,-0.00644537,30,0.0176795
2024-09-06 00:00:00+00:00,-0.00868917,1.23796,0.802325,0.187636,0.00580317,0.0922441,2.95126e-05,3.68907e-06,3.50571e-06,2.54793e-05,-0.0086888,30,0.0134054
2024-09-07 00:00:00+00:00,-0.00203847,1.23544,0.748689,0.16822,0.00416729,0.00518694,1.65742e-06,2.07177e-07,4.72046e-07,-8.25795e-06,-0.00202159,30,0.0112849
2024-09-08 00:00:00+00:00,-0.00240569,1.23246,0.754263,0.172896,0.00847853,0.013078,4.18391e-06,1.07967e-06,7.47319e-07,-2.94789e-06,-0.00239254,30,0.00924555
2024-09-09 00:00:00+00:00,-0.000178897,1.23224,0.740552,0.163944,0.0135843,0.0309767,9.91807e-06,1.23976e-06,2.76287e-06,4.5348e-05,-0.000200059,28.3125,0.00657236
2024-09-10 00:00:00+00:00,-0.00126429,1.23069,0.745732,0.157389,0.011264,0.0225059,7.20429e-06,9.00536e-07,4.74727e-07,6.47298e-05,-0.00131404,29,0.00344904
2024-09-11 00:00:00+00:00,0.00544766,1.23739,0.718102,0.15596,0.013619,0.00535465,1.71508e-06,2.14385e-07,1.05048e-07,7.95051e-06,0.00543445,28.4792,0.00536937
2024-09-12 00:00:00+00:00,-0.00236795,1.23446,0.72026,0.149709,0.00667102,0.00952226,3.04874e-06,1.61126e-06,6.60092e-07,-3.13507e-05,-0.00232545,28,0.00499977
2024-09-13 00:00:00+00:00,-0.00144211,1.23268,0.719033,0.14886,0.00706977,0.00650329,2.08088e-06,2.6011e-07,2.06573e-07,0.000203518,-0.00163482,28,0.00507601
2024-09-14 00:00:00+00:00,7.17371e-05,1.23277,0.726085,0.151598,0.00384833,0.00205868,6.5782e-07,8.22275e-08,5.77766e-08,0.00025859,-0.00018184,28,0.00526456
2024-09-15 00:00:00+00:00,0.00380604,1.23746,0.719978,0.154155,0.00187011,0,0,0,0,0.000117035,0.0036863,28,0.00650825
2024-09-16 00:00:00+00:00,0.00212945,1.24009,0.649772,0.166264,0.0263792,0.0488932,1.56405e-05,1.64076e-05,4.28895e-06,-4.58374e-06,0.00217355,26,0.0047561
2024-09-17 00:00:00+00:00,0.00412645,1.24521,0.648042,0.162787,0.0267121,0.00885994,2.83623e-06,1.53294e-06,5.35655e-07,3.57712e-05,0.00409031,26,0.00493481
2024-09-18 00:00:00+00:00,-0.00318991,1.24124,0.643938,0.158155,0.018779,0.00439249,1.40542e-06,5.25126e-07,2.515e-07,0.000129726,-0.00331665,26,0.00493055
2024-09-19 00:00:00+00:00,0.000459725,1.24181,0.673143,0.154395,-0.00296095,0.00440426,1.40888e-06,1.7611e-07,2.67197e-07,0.000101726,0.000369857,26,0.0027365
2024-09-20 00:00:00+00:00,0.0006485,1.24262,0.680827,0.161478,-0.00233701,0.00514678,1.64565e-06,2.05706e-07,2.20066e-07,9.68762e-06,0.000647348,26,0.00329062
2024-09-21 00:00:00+00:00,0.00171755,1.24475,0.67836,0.164291,-0.00271789,0,0,0,0,3.07806e-05,0.00168939,26,0.00464188
2024-09-22 00:00:00+00:00,0.00273152,1.24815,0.675606,0.165137,-0.00504045,0,0,0,0,8.50565e-05,0.00264635,26,0.00750185
2024-09-23 00:00:00+00:00,-0.00327657,1.24406,0.5463,0.0734997,-0.0135565,0.143836,4.60186e-05,2.79188e-05,1.29243e-05,1.43043e-05,-0.00320624,24.9167,0.00676389
2024-09-24 00:00:00+00:00,-0.00498227,1.23786,0.54617,0.0775139,-0.0124978,0.00846215,2.70718e-06,1.41274e-06,4.44539e-07,3.39235e-05,-0.00501896,25,0.00384393
2024-09-25 00:00:00+00:00,-0.00765033,1.22839,0.541659,0.0844756,-0.00759416,0.0195499,6.24806e-06,7.81008e-07,1.21592e-06,3.58533e-05,-0.00769981,25,0.00108048
2024-09-26 00:00:00+00:00,-0.00210205,1.22581,0.539179,0.0876051,-0.00755164,0.0189309,6.05311e-06,7.56638e-07,1.20353e-06,-1.55245e-05,-0.00207402,25,0.000275121
2024-09-27 00:00:00+00:00,-0.00434741,1.22048,0.542215,0.0889665,-0.00612023,0.0134026,4.287e-06,8.93989e-07,9.33374e-07,-1.48827e-05,-0.00432866,25,0.000202174
2024-09-28 00:00:00+00:00,-0.000822649,1.21948,0.533524,0.0942692,-0.00624978,0.0100148,3.19808e-06,3.9976e-07,6.68875e-07,-5.78795e-06,-0.000805438,25,9.2711e-07
2024-09-29 00:00:00+00:00,0.00303138,1.22317,0.523844,0.102467,-0.0110136,0.00414821,1.32575e-06,1.65719e-07,2.00704e-07,-1.7785e-05,0.00305129,25,0.00019162
2024-09-30 00:00:00+00:00,-0.000768549,1.22223,0.387453,0.102566,0.00636666,0.128149,4.10235e-05,1.95623e-05,9.57354e-06,-3.44996e-05,-0.000661465,23,0
2024-10-01 00:00:00+00:00,-0.00108242,1.22091,0.369455,0.0930866,0.00370266,0.0201795,6.45436e-06,9.00637e-07,1.22576e-07,-5.49394e-05,-0.00101578,23,0
2024-10-02 00:00:00+00:00,-0.00115257,1.2195,0.335721,0.0769414,-0.00145745,0.0037478,1.19856e-06,1.4982e-07,1.23727e-08,-5.04128e-05,-0.00109854,23,0
2024-10-03 00:00:00+00:00,-0.000288585,1.21915,0.322013,0.0722265,0.00071795,0.00212307,6.80013e-07,8.50016e-08,4.88049e-09,-5.68147e-05,-0.000229432,23,0.000225762
2024-10-04 00:00:00+00:00,-0.000542232,1.21849,0.325918,0.072012,0.00180091,0.00207608,6.64425e-07,8.30532e-08,1.42919e-07,-2.3554e-05,-0.000516026,23,0.00240072
2024-10-05 00:00:00+00:00,0.00127429,1.22004,0.329295,0.0724504,0.0025165,0,0,0,0,-7.35307e-06,0.00128151,23,0.000351369
2024-10-06 00:00:00+00:00,-0.00225319,1.21729,0.331428,0.0726312,-0.000373846,0,0,0,0,4.42885e-06,-0.00225916,23,0.00116717
2024-10-07 00:00:00+00:00,-0.000726237,1.21641,0.272647,0.0885376,0.014271,0.0755148,2.41673e-05,1.49599e-05,3.74535e-06,1.29842e-05,-0.000694766,21,0
2024-10-08 00:00:00+00:00,0.00264158,1.21962,0.259527,0.0818445,0.0149257,0,0,0,0,-7.71729e-07,0.00263962,21,0.000164243
2024-10-09 00:00:00+00:00,-0.00111245,1.21827,0.256559,0.082459,0.0142022,0.00204528,6.54437e-07,8.18046e-08,1.02171e-07,1.58778e-05,-0.00112647,21,0.00174381
2024-10-10 00:00:00+00:00,-0.000600341,1.21754,0.252449,0.0797957,0.0122228,0,0,0,0,3.83152e-06,-0.000602503,21,0.00269708
2024-10-11 00:00:00+00:00,-3.91451e-05,1.21749,0.258567,0.079305,0.0110887,0,0,0,0,1.80742e-05,-5.6289e-05,21,0.000605492
2024-10-12 00:00:00+00:00,-0.00115139,1.21609,0.266591,0.0783639,0.00826794,0,0,0,0,2.31772e-05,-0.00117433,21,2.54556e-05
2024-10-13 00:00:00+00:00,-0.000347075,1.21566,0.26668,0.0780183,0.00774323,0,0,0,0,3.04949e-05,-0.000376829,21,0.000283665
2024-10-14 00:00:00+00:00,0.00202395,1.21812,0.277684,0.0785289,0.00787377,0,0,0,0,-0.000179825,0.00220455,21,0.000434139
2024-10-15 00:00:00+00:00,0.00536795,1.22466,0.268445,0.0723576,0.00588148,0.0232408,7.43954e-06,1.28025e-06,1.33229e-07,-4.91549e-05,0.00541535,21,0.000704797
2024-10-16 00:00:00+00:00,0.00180259,1.22687,0.252789,0.0632468,0.00243303,0.00212512,6.79661e-07,8.49576e-08,9.30666e-08,-4.96035e-06,0.0018088,21,0.00400148
2024-10-17 00:00:00+00:00,0.000836603,1.2279,0.249735,0.0647775,0.00224562,0.00210118,6.72624e-07,8.40779e-08,2.76699e-07,1.96435e-07,0.000838423,21,0.00629041
2024-10-18 00:00:00+00:00,-0.00221124,1.22518,0.252583,0.0651614,0.000272907,0.00281529,9.00852e-07,1.12607e-07,1.31105e-07,3.14036e-05,-0.00224249,21,0.00867461
2024-10-19 00:00:00+00:00,0.000129302,1.22534,0.252068,0.0669026,-0.0013124,0.0127958,4.09488e-06,5.1186e-07,4.35319e-07,1.76908e-05,0.00011743,21.8333,0.00977247
2024-10-20 00:00:00+00:00,0.00262638,1.22856,0.257542,0.0765897,0.00225173,0.0217045,6.94612e-06,1.97733e-06,4.8486e-07,1.03045e-05,0.00262285,22.1667,0.0139731
2024-10-21 00:00:00+00:00,0.00336152,1.23269,0.329931,0.0855203,-0.0114651,0.179532,5.74601e-05,1.74747e-05,1.25634e-05,-5.02403e-07,0.00344717,25.0417,0.0168099
2024-10-22 00:00:00+00:00,-0.00191449,1.23033,0.371933,0.0888813,-0.0102643,0.0550251,1.76067e-05,4.55346e-06,1.88976e-06,-4.99272e-06,-0.00188055,26,0.0157944
2024-10-23 00:00:00+00:00,-0.00085181,1.22928,0.364534,0.100842,-0.00278115,0.0314384,1.0059e-05,3.86117e-06,1.04872e-06,-9.33358e-06,-0.000823195,26,0.0140722
2024-10-24 00:00:00+00:00,0.001329,1.23091,0.36886,0.10427,-0.00315034,0.0365073,1.1681e-05,7.80953e-06,1.94073e-06,5.31337e-06,0.00134892,26,0.0136652
2024-10-25 00:00:00+00:00,0.00807772,1.24086,0.45201,0.122253,0.000280565,0.262997,8.42452e-05,3.13163e-05,1.35502e-05,-1.49247e-05,0.00821519,26.9792,0.017547
2024-10-26 00:00:00+00:00,0.0049451,1.24699,0.512168,0.157186,0.000297079,0.243122,7.78161e-05,2.24234e-05,1.02238e-05,-2.24034e-05,0.00508179,27.625,0.0207194
2024-10-27 00:00:00+00:00,-0.00210191,1.24437,0.538757,0.1727,-0.000867531,0.0891644,2.85298e-05,4.41385e-06,3.26515e-06,-2.14593e-05,-0.00203997,28,0.0247065
2024-10-28 00:00:00+00:00,0.0111143,1.2582,0.61894,0.186405,-0.00527363,0.310609,9.93941e-05,4.62405e-05,1.57992e-05,-2.18927e-05,0.0112527,27.8125,0.0274635
2024-10-29 00:00:00+00:00,0.00108222,1.25956,0.726877,0.223107,-0.00694754,0.342828,0.000109719,4.06467e-05,1.44747e-05,-2.93368e-06,0.00127022,28,0.0299363
2024-10-30 00:00:00+00:00,0.00632262,1.26753,0.926622,0.250358,-0.00465104,0.388506,0.000124348,4.31792e-05,2.06389e-05,-3.9598e-06,0.00652334,29.4375,0.0308299
2024-10-31 00:00:00+00:00,-0.0128483,1.25124,1.13178,0.279816,-0.00126706,0.410252,0.000131258,3.19118e-05,2.08642e-05,5.47751e-05,-0.0127532,30,0.0315129
2024-11-01 00:00:00+00:00,0.0100487,1.26382,1.20162,0.243499,-0.000618701,0.536218,0.00017171,7.612e-05,3.18592e-05,-1.58162e-05,0.0103461,30,0.0296663
2024-11-02 00:00:00+00:00,0.00402772,1.26891,1.30181,0.261239,-0.00342015,0.247558,7.92204e-05,3.75965e-05,1.46542e-05,6.86825e-05,0.00411891,30,0.032237
2024-11-03 00:00:00+00:00,0.0162478,1.28952,1.22565,0.272253,-0.00231265,0.586735,0.000187998,9.3652e-05,4.64937e-05,7.18361e-05,0.0164811,30,0.0352419
2024-11-04 00:00:00+00:00,0.00147324,1.29142,1.26248,0.293166,0.00036723,0.406644,0.000130143,3.14275e-05,2.93853e-05,3.99769e-05,0.00167039,30,0.037842
2024-11-05 00:00:00+00:00,-0.000407252,1.2909,1.30786,0.305643,0.00347357,0.329064,0.000105301,3.51153e-05,2.04128e-05,1.76493e-05,-0.000220561,30,0.0356917
2024-11-06 00:00:00+00:00,0.00160184,1.29296,1.37377,0.289031,0.0086515,1.13697,0.000363904,8.12005e-05,0.000100306,2.22332e-05,0.00222466,30,0.0374977
2024-11-07 00:00:00+00:00,0.019893,1.31869,1.33227,0.266687,0.00370553,1.65477,0.000529682,0.000127724,0.000128642,-1.21192e-05,0.0207116,30,0.0382168
2024-11-08 00:00:00+00:00,0.0283944,1.35613,1.35037,0.309011,-7.71531e-05,2.12386,0.000680121,0.000212636,0.000216152,1.32741e-05,0.0291582,30,0.0429647
2024-11-09 00:00:00+00:00,0.00200256,1.35884,1.28205,0.229025,-0.00302298,1.68341,0.000538912,0.000113207,0.000147544,6.53339e-05,0.00290374,30,0.0453683
2024-11-10 00:00:00+00:00,0.0135507,1.37726,1.02146,0.245547,-0.00412755,1.1016,0.00035277,0.000104626,8.3811e-05,-2.80943e-05,0.0142089,30,0.0445307
2024-11-11 00:00:00+00:00,0.0156503,1.39881,0.988897,0.268104,-0.00533622,1.10134,0.000352315,0.000172196,0.00010292,5.3767e-05,0.0161917,29.9792,0.0453463
2024-11-12 00:00:00+00:00,0.00530851,1.40624,0.875324,0.175079,-0.0111875,1.22392,0.000391747,0.000225964,8.91621e-05,-7.442e-05,0.00619485,30,0.0493614
2024-11-13 00:00:00+00:00,0.00758063,1.4169,0.857392,0.19366,-0.00201474,2.1436,0.000686373,0.000639003,0.000206666,0.00013292,0.00912493,30,0.0505134
2024-11-14 00:00:00+00:00,0.0113294,1.43295,0.746896,0.188124,-0.00400843,1.93973,0.000621072,0.000493399,0.000171026,0.000131635,0.0126067,30,0.049589
2024-11-15 00:00:00+00:00,-0.00246721,1.42942,0.77995,0.1077,-0.001929,2.19963,0.00070391,0.000562026,0.000199197,0.000123164,-0.00107731,30,0.0507259
2024-11-16 00:00:00+00:00,-0.00545662,1.42162,0.946238,0.191975,-0.00408412,0.987523,0.000315879,0.000174498,6.5536e-05,0.000197821,-0.00502119,30,0.0499433
2024-11-17 00:00:00+00:00,0.0107074,1.43684,0.967909,0.2143,0.00297814,0.951408,0.000304489,0.000244408,6.55986e-05,0.000216507,0.0111266,30,0.0494108
2024-11-18 00:00:00+00:00,0.0101623,1.45144,0.929675,0.236523,-0.00500886,1.36318,0.000436679,0.000398339,0.000115484,0.000150323,0.0109745,29.5417,0.0521071
2024-11-19 00:00:00+00:00,0.00367014,1.45677,1.03758,0.236205,-0.0116966,1.02529,0.000327734,0.000295951,5.77765e-05,-2.56693e-05,0.00449044,30,0.0529835
2024-11-20 00:00:00+00:00,0.0106904,1.47234,1.0587,0.191091,-0.0188395,1.68727,0.00054014,0.000375404,9.37837e-05,-4.81317e-05,0.0117849,30,0.0551132
2024-11-21 00:00:00+00:00,0.0326184,1.52036,1.06857,0.214301,-0.0130285,3.12295,0.00100017,0.000792211,0.000184318,-7.39671e-05,0.0342537,30,0.0610685
2024-11-22 00:00:00+00:00,-0.008172,1.50794,1.11045,0.196169,-0.00725243,2.59312,0.000829816,0.000842199,0.000160601,3.80103e-05,-0.00633259,30,0.0743944
2024-11-23 00:00:00+00:00,-0.014099,1.48668,0.934169,0.16343,-0.00199668,2.23399,0.000714748,0.000887035,0.000114939,5.45268e-05,-0.0124244,30,0.0705186
2024-11-24 00:00:00+00:00,-0.0163554,1.46236,0.765395,0.169756,-0.00103858,1.63845,0.000524244,0.000740717,8.21898e-05,0.000120598,-0.0151541,29.6458,0.0652225
2024-11-25 00:00:00+00:00,0.0015597,1.46465,0.908686,0.191449,-0.000109897,2.66228,0.000851564,0.00124536,0.000310104,-2.51974e-05,0.00405494,28.8542,0.0624594
2024-11-26 00:00:00+00:00,0.00991231,1.47916,0.973909,0.160098,0.00310106,2.29433,0.000734469,0.000763686,0.00011388,-7.91922e-05,0.0116066,29.0625,0.0598496
2024-11-27 00:00:00+00:00,0.0269607,1.51904,1.19694,0.19016,-0.00987422,2.01205,0.000644277,0.000828954,0.000112203,9.72491e-05,0.0281408,30,0.0622552
2024-11-28 00:00:00+00:00,-0.0123287,1.50031,1.11567,0.186274,-0.000261315,1.87033,0.000598091,0.000825757,0.000100527,0.00016084,-0.0109295,30,0.0650955
2024-11-29 00:00:00+00:00,-0.00778676,1.48863,0.960065,0.178729,-0.00764246,1.97018,0.000630385,0.000681221,8.43963e-05,0.000213342,-0.00651824,29.9792,0.0634177
2024-11-30 00:00:00+00:00,0.0151021,1.51111,1.04823,0.189364,-0.0108151,1.56934,0.000502355,0.00048163,7.64279e-05,0.000218957,0.0158632,29.3125,0.0631062
2024-12-01 00:00:00+00:00,0.000616066,1.51204,1.10734,0.198475,-0.0204484,1.62201,0.000519222,0.00041449,7.80175e-05,9.61724e-05,0.0016432,29.375,0.0617437
2024-12-02 00:00:00+00:00,-0.0254537,1.47356,0.925758,0.171834,-0.0152316,2.24492,0.000717968,0.000700414,0.000153466,-3.2128e-05,-0.0240332,29.5208,0.0605192
2024-12-03 00:00:00+00:00,-0.0108231,1.45761,0.881089,0.160886,-0.00619726,1.84164,0.000589168,0.000471218,9.35706e-05,0.000159984,-0.00979028,30,0.0550236
2024-12-04 00:00:00+00:00,0.00669837,1.46737,0.91651,0.177187,0.00863026,1.82133,0.000583137,0.000430813,9.38055e-05,0.000168123,0.00774437,30,0.0543087
2024-12-05 00:00:00+00:00,0.00142156,1.46946,0.889889,0.186138,0.00746495,2.00004,0.000640245,0.000423117,0.000104902,8.84753e-05,0.00262149,29.9583,0.0564883
2024-12-06 00:00:00+00:00,0.00821344,1.48153,0.895135,0.177509,0.00996675,1.61247,0.000516119,0.000411778,9.09068e-05,0.000118358,0.00911274,30,0.0543067
2024-12-07 00:00:00+00:00,-0.000414069,1.48091,0.966679,0.177293,0.00591249,1.72055,0.000550532,0.000279964,7.78654e-05,0.000222442,0.000365376,30,0.0557604
2024-12-08 00:00:00+00:00,0.00896104,1.49418,1.0171,0.18679,0.00260189,1.60937,0.00051513,0.000324418,5.20281e-05,0.000157125,0.00969423,30,0.055096
2024-12-09 00:00:00+00:00,0.00602333,1.50318,0.947445,0.173308,0.0087845,2.58935,0.000828698,0.000553353,0.000134923,-2.89071e-05,0.00764137,30,0.0557752
2024-12-10 00:00:00+00:00,0.0178553,1.53002,0.862194,0.141868,-0.00261419,3.08631,0.000987936,0.000260634,0.000178144,-6.29948e-05,0.0192222,29.1667,0.058865
2024-12-11 00:00:00+00:00,0.00754303,1.54157,0.985341,0.184282,0.00382757,2.56223,0.000820122,0.000238647,0.000138669,-5.1946e-05,0.00879081,29.8125,0.0614496
2024-12-12 00:00:00+00:00,-0.000651813,1.54056,1.11305,0.177406,0.00230125,2.64487,0.000846435,0.000217405,0.000134589,-3.57414e-05,0.000632859,29.9792,0.0614521
2024-12-13 00:00:00+00:00,0.00299331,1.54517,1.07723,0.157262,0.00972276,2.38854,0.000764426,0.000212156,0.00011058,-5.06137e-05,0.00417997,30,0.0602791
2024-12-14 00:00:00+00:00,0.00886089,1.55886,1.10584,0.192756,0.00598891,2.19924,0.000703952,0.000203952,8.74629e-05,-0.00040125,0.0102625,30,0.0617994
2024-12-15 00:00:00+00:00,-0.000363382,1.5583,1.18338,0.19748,0.000913591,2.18921,0.000700509,0.00022943,8.5559e-05,1.2133e-06,0.000703721,30,0.0645295
2024-12-16 00:00:00+00:00,0.0243127,1.59618,1.13489,0.167494,-0.021039,2.812,0.000900293,0.000341174,0.000158797,-7.09783e-05,0.0255899,29.9583,0.0666761
2024-12-17 00:00:00+00:00,0.0151241,1.62032,1.0976,0.155932,-0.034375,2.83366,0.000906994,0.000976517,0.000121745,-2.33907e-05,0.0171054,30,0.0707854
2024-12-18 00:00:00+00:00,0.00361804,1.62619,0.934707,0.133946,-0.0085603,3.09997,0.000992195,0.000588873,0.000130773,4.85103e-05,0.00531168,27.8958,0.0708002
2024-12-19 00:00:00+00:00,0.00426711,1.63313,1.14774,0.0895086,-0.00796936,3.99327,0.00127813,0.000302074,0.000247085,1.58626e-05,0.00613718,29.3958,0.070375
2024-12-20 00:00:00+00:00,-0.010874,1.61537,1.01161,0.0368814,0.0012443,3.8078,0.00121844,0.000193659,0.000280743,-0.000174186,-0.00899814,29.6042,0.0688608
2024-12-21 00:00:00+00:00,0.0118774,1.63455,0.960162,0.125906,-0.00143162,2.82517,0.00090438,0.000113047,0.000182993,-1.96869e-05,0.0130762,30,0.067532
2024-12-22 00:00:00+00:00,-0.00315474,1.6294,0.959803,0.105583,0.0020147,2.8972,0.000927143,0.000115893,0.000165435,-9.39839e-05,-0.00183674,29.3333,0.0684019
2024-12-23 00:00:00+00:00,-0.0240545,1.5902,1.05774,0.110075,-0.0210276,3.37295,0.00107906,0.00014106,0.000222066,-1.60627e-05,-0.0228349,28.6042,0.0650034
2024-12-24 00:00:00+00:00,0.00268684,1.59448,0.813843,0.147343,-0.00327451,2.19411,0.000702233,8.77791e-05,9.90456e-05,1.67489e-05,0.0035813,26.0417,0.060847
2024-12-25 00:00:00+00:00,0.0150614,1.61849,0.833813,0.148568,0.000983367,2.36542,0.000757264,9.47914e-05,8.76077e-05,2.76151e-05,0.0158824,25.4792,0.0635554
2024-12-26 00:00:00+00:00,0.00376872,1.62459,0.939272,0.120717,0.00331757,4.07549,0.00130424,0.000163049,0.000160071,7.59596e-05,0.00533799,28.25,0.0701164
2024-12-27 00:00:00+00:00,-0.00181017,1.62165,1.01489,0.121814,-0.0121991,3.60611,0.00115399,0.000188134,0.000162617,5.54971e-05,-0.000330482,24.5625,0.069313
2024-12-28 00:00:00+00:00,0.00119196,1.62358,1.18048,0.171571,-0.00747247,4.1755,0.00133631,0.000191423,0.000186249,4.17377e-05,0.0029123,27.8542,0.0711731
2024-12-29 00:00:00+00:00,0.00953579,1.63906,1.02734,0.212402,-0.0108102,3.42855,0.00109735,0.000252901,0.000119809,1.40542e-05,0.0109692,24.9583,0.0721788
2024-12-30 00:00:00+00:00,-0.00219545,1.63547,1.24465,0.185326,0.0101958,5.5436,0.00177362,0.000685821,0.000298333,9.48623e-05,0.000507415,27.8542,0.0711658
2024-12-31 00:00:00+00:00,0.00994799,1.65174,1.50736,0.184876,0.00513284,4.64626,0.00148738,0.000369053,0.000239344,6.38992e-05,0.0119887,29.6042,0.0739306
2025-01-01 00:00:00+00:00,-0.0185545,1.62109,1.05183,0.168879,-0.00303046,3.59463,0.0011499,0.000281816,0.000164723,-2.66121e-05,-0.0169956,27.0625,0.0716098
2025-01-02 00:00:00+00:00,0.00194474,1.62424,1.09916,0.149222,-0.00155903,3.92112,0.00125519,0.000391817,0.000187708,8.82717e-05,0.0037566,27.125,0.0697113
2025-01-03 00:00:00+00:00,-0.000294021,1.62376,1.21155,0.178398,0.00391661,4.06782,0.00130186,0.000365565,0.000199962,-6.79304e-05,0.00171716,27.7083,0.0694724
2025-01-04 00:00:00+00:00,0.00683169,1.63486,0.920462,0.106894,-0.00116881,2.72801,0.000873181,0.00021085,0.000109557,0.000252568,0.00777843,27.8125,0.0698832
2025-01-05 00:00:00+00:00,-0.0013259,1.63269,1.07209,0.167156,0.00273483,3.0385,0.000972268,0.000170129,0.000122617,0.000210184,-0.000259031,25.9792,0.0717525
2025-01-06 00:00:00+00:00,0.00342537,1.63828,1.19258,0.175188,-0.00646351,3.77952,0.00121008,0.000338633,0.000251858,0.000243302,0.00501369,28.1667,0.0715385
2025-01-07 00:00:00+00:00,0.000727273,1.63947,1.00322,0.151716,-0.0037636,2.96047,0.000947435,0.000249894,0.000138971,0.000255395,0.00184397,25.8958,0.0718121
2025-01-08 00:00:00+00:00,-0.0013768,1.63722,0.983545,0.0891576,0.013227,4.18442,0.00133903,0.000456206,0.000259954,9.26803e-05,0.000608799,28.8333,0.071454
2025-01-09 00:00:00+00:00,-0.00481416,1.62933,0.811718,0.0645221,0.00323414,3.26525,0.00104493,0.000323606,0.000215175,6.89226e-05,-0.00329414,27.3542,0.0699451
2025-01-10 00:00:00+00:00,0.00602437,1.63915,0.893563,0.105285,-0.00248223,2.90248,0.000929006,0.000253347,0.000202997,0.000171823,0.00723894,26.3542,0.067955
2025-01-11 00:00:00+00:00,-0.00732409,1.62714,1.04966,0.153358,0.00560412,2.93964,0.00094054,0.000234672,0.000174059,0.000188784,-0.00614763,24.5,0.0690751
2025-01-12 00:00:00+00:00,0.011818,1.64637,1.23708,0.194159,-0.00133595,3.60325,0.0011534,0.000281521,0.000204067,0.000224823,0.0131858,26.0625,0.0684441
2025-01-13 00:00:00+00:00,0.000265133,1.64681,0.591652,0.0617799,0.00294721,3.68867,0.0011805,0.000238927,0.000269249,0.000113764,0.00185537,27.8958,0.0730464
2025-01-14 00:00:00+00:00,-0.00411934,1.64003,0.947382,0.150696,-0.0133497,4.10106,0.00131245,0.00035194,0.000321472,0.000268081,-0.00238612,29.375,0.0740155
2025-01-15 00:00:00+00:00,0.000744907,1.64125,0.759126,0.137379,-0.00188944,2.33749,0.000748101,0.000206431,0.000135295,0.000244116,0.00164557,25.6875,0.0721495
2025-01-16 00:00:00+00:00,-0.0039167,1.63482,0.630687,0.0850768,-0.00277083,2.03235,0.000650369,0.000266309,0.000103987,0.000107376,-0.00298725,27.0208,0.0709786
2025-01-17 00:00:00+00:00,0.0133761,1.65669,0.780376,0.126944,0.000355042,2.58526,0.00082764,0.000407419,0.000144678,0.000491941,0.0142165,28.2917,0.0699155
2025-01-18 00:00:00+00:00,0.0163224,1.68373,0.879731,0.131099,0.00195388,3.90153,0.00124909,0.000340598,0.00025815,0.000478238,0.0175973,28.6667,0.0737157
2025-01-19 00:00:00+00:00,-0.0171442,1.65486,0.860166,0.135912,-0.00273187,2.84329,0.000909457,0.000352681,0.000209749,-0.000235983,-0.0154741,29.9375,0.074105
2025-01-20 00:00:00+00:00,0.000634754,1.65591,0.744227,0.0819015,-0.00175875,2.21817,0.000709951,0.000930181,0.000308934,1.99241e-05,0.00265848,29.9167,0.0731016
2025-01-21 00:00:00+00:00,0.00999017,1.67246,0.867986,0.144294,-0.00717078,2.02698,0.000648814,0.000804995,0.000166475,1.06457e-05,0.0115946,30,0.070402
2025-01-22 00:00:00+00:00,-0.0064896,1.6616,0.751224,0.139604,-0.011329,1.31642,0.000421196,0.000548534,8.81771e-05,1.6196e-05,-0.00539933,30,0.0688505
2025-01-23 00:00:00+00:00,-0.00457113,1.65401,0.720287,0.123015,-0.00233031,1.64882,0.000527356,0.000746185,0.00011456,2.42087e-06,-0.0030086,30,0.0647064
2025-01-24 00:00:00+00:00,0.0125555,1.67477,0.931252,0.180546,0.000436783,1.71574,0.000549228,0.000627484,0.000106808,-8.59934e-06,0.0138187,30,0.0664999
2025-01-25 00:00:00+00:00,-0.00703125,1.663,0.974573,0.127586,-0.00375422,1.35308,0.000432949,0.000546692,7.20129e-05,-1.2942e-05,-0.00593932,29.9792,0.0674817
2025-01-26 00:00:00+00:00,-0.0109245,1.64483,1.06757,0.121087,-0.017195,1.60294,0.00051289,0.000644367,6.92448e-05,9.60042e-06,-0.00971757,30,0.0655338
2025-01-27 00:00:00+00:00,-0.00288584,1.64008,0.765165,0.0893872,-0.00550878,2.36192,0.00075587,0.000513319,0.000138101,1.13822e-05,-0.00142846,29.6458,0.0633226
2025-01-28 00:00:00+00:00,0.0171543,1.66822,0.675924,0.116959,-0.00334093,2.2247,0.000712441,0.000535245,0.000116067,-4.93542e-06,0.0184173,22,0.0662388
2025-01-29 00:00:00+00:00,-0.00625373,1.65779,0.904804,0.162484,-0.00191223,2.19629,0.000702837,0.000528926,0.00012134,2.59525e-05,-0.00485344,27.9375,0.0685481
2025-01-30 00:00:00+00:00,0.00776386,1.67066,0.978325,0.223711,-0.000699339,2.13625,0.000683778,0.000782492,0.000128542,-1.39107e-05,0.0093792,28.2292,0.0654925
2025-01-31 00:00:00+00:00,-0.011338,1.65171,1.02349,0.235512,0.00405169,2.67461,0.000855608,0.00108967,0.000127111,3.73334e-05,-0.00929333,26.7708,0.0647567
2025-02-01 00:00:00+00:00,0.0148116,1.67618,1.11963,0.262315,-0.00629085,1.64962,0.000528019,0.000696444,8.45414e-05,3.70439e-05,0.0160132,26.0833,0.0655801
2025-02-02 00:00:00+00:00,-0.0147252,1.6515,1.02656,0.163127,-0.00946068,2.99312,0.000957581,0.00113836,0.000197492,4.35113e-05,-0.0124766,28,0.0703593
2025-02-03 00:00:00+00:00,-0.0245838,1.6109,0.693999,0.0724395,0.00386854,2.73119,0.000873228,0.000541997,0.000309619,6.49413e-05,-0.023094,29.5208,0.0662722
2025-02-04 00:00:00+00:00,-0.00143001,1.60859,0.848782,0.156844,0.00660779,1.74546,0.000558605,0.000166872,0.000141539,6.26295e-05,-0.000590462,30,0.0631897
2025-02-05 00:00:00+00:00,0.0102021,1.625,0.933503,0.161003,0.00605415,2.36452,0.000756915,0.000217027,0.000168202,-8.81565e-05,0.0114227,30,0.0615122
2025-02-06 00:00:00+00:00,0.000606397,1.62599,0.954484,0.0763405,0.00228395,3.13235,0.00100242,0.000174298,0.00019913,-0.000219162,0.00222047,28.8958,0.0663649
2025-02-07 00:00:00+00:00,0.00647576,1.63652,0.946198,0.0339193,-0.000980944,3.59737,0.00115143,0.000224873,0.000237269,-0.000121543,0.0082173,29.3333,0.0672024
2025-02-08 00:00:00+00:00,-0.004393,1.62933,0.884235,0.0768238,0.00552991,3.45485,0.00110543,0.000167424,0.000206154,-0.00014264,-0.00275768,28.6042,0.0672709
2025-02-09 00:00:00+00:00,0.0131881,1.65082,1.47608,0.174168,-0.00133242,3.69592,0.0011831,0.000176459,0.000204443,0.000105595,0.0146054,28.7292,0.0681035
2025-02-10 00:00:00+00:00,-0.0137608,1.6281,1.42086,0.194893,-0.0306292,2.92762,0.000936377,0.000120806,0.000194852,3.25817e-05,-0.012569,30,0.0671556
2025-02-11 00:00:00+00:00,-0.0167787,1.60078,1.15108,0.192393,-0.0438533,3.00333,0.000960763,0.000176222,0.000160827,0.000109072,-0.0155738,30,0.0633777
2025-02-12 00:00:00+00:00,0.00380829,1.60688,1.08933,0.140652,-0.0227298,3.48539,0.00111547,0.000183371,0.000232258,-2.2869e-05,0.00541114,28.2083,0.065117
2025-02-13 00:00:00+00:00,0.00415215,1.61355,1.10802,0.225784,-0.0124034,3.83196,0.00122649,0.000343509,0.000230717,5.49226e-05,0.00593889,28.5,0.0650489
2025-02-14 00:00:00+00:00,-0.023782,1.57518,1.02464,0.208913,-0.00897844,3.34505,0.00107,0.000374419,0.00018013,-4.79281e-06,-0.0223615,28.9792,0.0643898
2025-02-15 00:00:00+00:00,0.0082052,1.5881,0.564367,0.096639,-0.00467921,1.33606,0.000427618,0.000251521,5.0447e-05,2.72534e-05,0.00888546,22.25,0.0653623
2025-02-16 00:00:00+00:00,-0.00384276,1.582,0.703111,0.0484054,-0.00437126,1.62313,0.000519364,0.000276894,5.66501e-05,-0.000212142,-0.00277402,20.125,0.0668284
2025-02-17 00:00:00+00:00,-0.00366456,1.5762,1.23126,0.169846,-0.00166253,3.92293,0.00125531,0.00136039,0.000215035,-0.000159512,-0.00063859,25.0833,0.0644715
2025-02-18 00:00:00+00:00,-0.00934177,1.56148,0.789579,0.0615897,-0.00263061,2.72506,0.000871837,0.00087047,0.000131893,-1.77966e-05,-0.00745032,26.5417,0.0634066
2025-02-19 00:00:00+00:00,0.0124595,1.58093,0.833857,0.0836611,-0.00694769,2.51169,0.000803985,0.000529299,0.000125376,-9.94191e-05,0.0139601,24.1667,0.0625797
2025-02-20 00:00:00+00:00,-0.027581,1.53733,1.07639,0.174804,-0.0147673,3.0198,0.00096569,0.000405831,0.000155297,1.80855e-05,-0.0264058,22.4375,0.0623511
2025-02-21 00:00:00+00:00,-0.0154184,1.51363,0.86157,0.191915,-0.0159782,2.98211,0.000954095,0.000257551,0.00015711,-0.000113596,-0.0139665,24.125,0.0556527
2025-02-22 00:00:00+00:00,-0.014336,1.49193,0.584732,0.123784,-0.00612326,1.82594,0.000584042,0.000119378,9.67294e-05,-3.0061e-05,-0.0135506,21.9167,0.0508051
2025-02-23 00:00:00+00:00,0.0144998,1.51356,0.842213,0.187807,-0.0120323,2.01733,0.000645761,0.000114533,8.62612e-05,-9.3329e-06,0.0152771,22.6042,0.0507223
2025-02-24 00:00:00+00:00,-0.0052992,1.50554,1.08029,0.208139,-0.041681,3.89548,0.00124626,0.000348606,0.000270053,0.000303151,-0.00367231,29.2708,0.0513363
2025-02-25 00:00:00+00:00,-0.0133752,1.4854,0.717136,0.111107,-0.00894302,2.72527,0.00087181,0.000400862,0.000163058,-3.04487e-05,-0.0119263,27.5417,0.0465398
2025-02-26 00:00:00+00:00,-0.0340309,1.43485,0.5489,0.120304,-0.00390273,1.14782,0.000367048,0.000171321,5.91912e-05,2.428e-05,-0.0339808,21.75,0.0427391
2025-02-27 00:00:00+00:00,0.00796043,1.44628,0.548687,0.126035,0.000178043,1.4956,0.000478697,0.000203192,7.58085e-05,3.46709e-05,0.00867928,20.5417,0.0386122
2025-02-28 00:00:00+00:00,-0.0144941,1.42531,0.460317,0.0716848,0.00181896,1.77986,0.000569405,0.000244963,8.4626e-05,3.49296e-05,-0.0136851,23.9375,0.0363363
2025-03-01 00:00:00+00:00,0.00472408,1.43205,0.467587,0.0830664,0.00192026,1.30054,0.000416247,0.00021736,5.96565e-05,5.14473e-05,0.00538088,20.5,0.0349817
2025-03-02 00:00:00+00:00,0.00231293,1.43536,0.511754,0.0947158,0.0023294,1.61898,0.000518228,0.000241974,7.53817e-05,3.03855e-05,0.00315198,23.7708,0.0383687
2025-03-03 00:00:00+00:00,0.0070168,1.44543,0.44943,0.087167,-0.00321092,1.54056,0.000493086,0.000150245,9.79644e-05,6.34832e-05,0.00771702,22.9792,0.0379979
2025-03-04 00:00:00+00:00,-0.00635114,1.43625,0.5548,0.0691393,0.00240564,1.84482,0.000590331,0.000131222,0.000122388,7.77172e-05,-0.00557904,26.3958,0.0410725
2025-03-05 00:00:00+00:00,-0.00671588,1.4266,0.559762,0.104243,0.00145374,1.50567,0.000481761,9.35485e-05,7.9492e-05,5.96311e-05,-0.00611374,25.4375,0.04
2025-03-06 00:00:00+00:00,0.00411084,1.43247,0.492367,0.0945472,0.00171454,1.50461,0.000481521,8.39421e-05,6.66718e-05,5.08466e-05,0.00472152,23.0417,0.0384013
2025-03-07 00:00:00+00:00,-0.00783888,1.42124,0.50514,0.0611254,0.00255874,2.01831,0.000645647,0.000157366,0.000109179,1.02487e-05,-0.00692175,26,0.0415345
2025-03-08 00:00:00+00:00,-0.00303277,1.41693,0.393035,0.0501721,0.00273605,1.34034,0.000428891,5.36114e-05,6.24179e-05,7.6748e-05,-0.00255257,22.8125,0.041058
2025-03-09 00:00:00+00:00,-0.00281564,1.41294,0.445609,0.0613476,-0.000590057,1.55961,0.000499074,8.65236e-05,6.70889e-05,5.40268e-05,-0.00220789,23,0.0406257
2025-03-10 00:00:00+00:00,-0.0044854,1.4066,0.38299,0.0226036,-0.00507134,1.85426,0.00059331,0.000370054,0.00010892,8.03417e-05,-0.00346391,22.7083,0.0395125
2025-03-11 00:00:00+00:00,0.00117584,1.40826,0.408459,0.0393364,-7.18787e-05,1.39508,0.00044646,0.000201736,6.98118e-05,5.62536e-05,0.00186722,23.0417,0.0395861
2025-03-12 00:00:00+00:00,-0.00240969,1.40486,0.454315,0.0630816,-0.000222135,1.33594,0.000427508,0.000119819,6.66752e-05,4.59666e-05,-0.00182966,22.1458,0.0397977
2025-03-13 00:00:00+00:00,0.00444246,1.4111,0.352728,0.055918,-4.97941e-05,1.10176,0.000352632,8.40941e-05,4.82705e-05,4.83279e-05,0.00488791,21.875,0.0379316
2025-03-14 00:00:00+00:00,-0.00342779,1.40627,0.380402,0.0610505,0.00191645,1.03376,0.000330793,0.000101632,3.79612e-05,5.95036e-05,-0.00300318,20.3125,0.0388541
2025-03-15 00:00:00+00:00,-0.00230311,1.40303,0.343305,0.0677754,-0.00262402,0.77224,0.000247114,9.55666e-05,2.25322e-05,9.22352e-05,-0.00202349,18.6667,0.0385441
2025-03-16 00:00:00+00:00,-0.00321586,1.39852,0.246392,0.0364566,-0.00676432,0.75399,0.000241269,6.86595e-05,2.16043e-05,0.000199835,-0.00308165,16.2083,0.0351998
2025-03-17 00:00:00+00:00,-0.0110179,1.38311,0.244551,0.0338796,-0.000269648,1.02146,0.000326784,8.61085e-05,4.96441e-05,0.000646747,-0.0112567,17.125,0.0319478
2025-03-18 00:00:00+00:00,0.00141482,1.38506,0.209901,0.027576,-0.00474402,0.939929,0.000300789,0.00012425,2.53246e-05,2.55459e-05,0.00184035,17.3333,0.0304075
2025-03-19 00:00:00+00:00,-0.00242467,1.38171,0.197289,0.0493763,-0.00527691,0.606234,0.000193985,0.000109519,1.55106e-05,6.3166e-05,-0.00216705,14.5,0.0315505
2025-03-20 00:00:00+00:00,0.000247432,1.38205,0.222235,0.0426673,-0.00610694,0.751012,0.000240333,0.000161011,2.03616e-05,8.08768e-06,0.000663305,15.1875,0.033318
2025-03-21 00:00:00+00:00,0.000125623,1.38222,0.240845,0.0359814,-0.0078354,1.07496,0.00034401,0.000200315,3.35946e-05,6.98191e-05,0.000639887,16.8958,0.0339442
2025-03-22 00:00:00+00:00,-0.00190013,1.37959,0.0966944,0.0319542,-0.00549563,0.255838,8.18861e-05,4.03533e-05,6.68128e-06,5.46536e-06,-0.00177569,8.875,0.0232275
2025-03-23 00:00:00+00:00,-0.0018732,1.37701,0.0696537,0.0213651,-0.0036983,0.149098,4.77101e-05,1.61897e-05,2.11452e-06,3.65817e-06,-0.00181174,7.60417,0.0215243
2025-03-24 00:00:00+00:00,-0.00332014,1.37244,0.0633023,0.0189523,-0.00605952,0.215221,6.88654e-05,2.16662e-05,5.30105e-06,1.75586e-05,-0.00324583,9.16667,0.018738
2025-03-25 00:00:00+00:00,0.000122074,1.37261,0.0501445,0.014542,-0.00311883,0.184997,5.9199e-05,2.21666e-05,3.8655e-06,1.36253e-05,0.000194245,9.16667,0.0161497
2025-03-26 00:00:00+00:00,0.000319115,1.37304,0.0304783,0.0110281,0.00034576,0.232849,7.45125e-05,1.8581e-05,4.97001e-06,4.53597e-06,0.000412682,9.04167,0.0138371
2025-03-27 00:00:00+00:00,0.000492848,1.37372,0.0424613,0.0133334,5.62196e-05,0.27855,8.91368e-05,1.68794e-05,5.80465e-06,1.59102e-06,0.000603168,9.35417,0.0140128
2025-03-28 00:00:00+00:00,0.000404276,1.37428,0.0638898,0.0171057,-0.00275638,0.308682,9.87799e-05,2.01078e-05,6.54136e-06,9.40645e-06,0.00052052,10.375,0.0156622
2025-03-29 00:00:00+00:00,0.000105114,1.37442,0.0941548,0.0286954,-0.00113453,0.237703,7.60652e-05,1.21744e-05,6.06001e-06,1.62732e-05,0.00018349,8.25,0.016198
2025-03-30 00:00:00+00:00,-0.00118182,1.3728,0.0706033,0.0277204,-0.00141736,0.253895,8.12431e-05,2.28447e-05,4.33197e-06,1.33385e-05,-0.00108631,9.20833,0.0173121
2025-03-31 00:00:00+00:00,0.00165651,1.37507,0.0838304,0.0319637,-0.00087641,0.423655,0.000135577,2.77082e-05,9.89603e-06,1.02104e-05,0.00181943,10.1458,0.0184429
2025-04-01 00:00:00+00:00,0.000886054,1.37629,0.152828,0.0587111,0.00207215,0.351189,0.000112389,2.11457e-05,8.66063e-06,8.91384e-06,0.00102073,12.1667,0.0213126
2025-04-02 00:00:00+00:00,0.000961596,1.37761,0.184947,0.05638,0.000971909,0.452422,0.00014478,2.28297e-05,1.44159e-05,-1.78343e-06,0.00114695,12.6875,0.02368
2025-04-03 00:00:00+00:00,-0.00282294,1.37372,0.192403,0.0307971,-0.000614341,0.828193,0.000265008,3.98929e-05,3.44389e-05,-0.000489293,-0.00199268,16.4583,0.0242539
2025-04-04 00:00:00+00:00,-0.000655885,1.37282,0.19554,0.0592819,0.00268392,0.665824,0.000213065,4.0248e-05,2.39871e-05,-0.000107548,-0.000269822,16.7708,0.0258517
2025-04-05 00:00:00+00:00,-0.0010096,1.37144,0.156512,0.0601535,0.00161758,0.420415,0.000134528,2.61615e-05,8.67706e-06,-1.40659e-05,-0.000824985,14.1458,0.0258213
2025-04-06 00:00:00+00:00,0.000283577,1.37183,0.167238,0.0471255,0.00118388,0.462746,0.000148076,2.26497e-05,1.69109e-05,-5.24382e-05,0.000526057,10.5625,0.0269775
2025-04-07 00:00:00+00:00,-0.00233584,1.36862,0.1937,0.0322153,-0.000384006,1.04357,0.00033391,9.57871e-05,7.58824e-05,1.42557e-05,-0.00184106,18.0417,0.026806
2025-04-08 00:00:00+00:00,-7.15326e-05,1.36852,0.177118,0.0441956,0.000829946,0.63171,0.000202148,7.27293e-05,2.40481e-05,3.43396e-05,0.000195204,17.0208,0.0274319
2025-04-09 00:00:00+00:00,-0.00299007,1.36443,0.114566,0.0146957,-0.000479085,0.649902,0.000207954,0.000119788,2.84244e-05,1.12614e-05,-0.00264713,15.5417,0.0248825
2025-04-10 00:00:00+00:00,0.000161358,1.36465,0.142762,0.0270573,0.00156135,0.583372,0.000186683,0.000115467,2.234e-05,1.64726e-05,0.000470344,18.5625,0.025166
2025-04-11 00:00:00+00:00,-0.0029792,1.36059,0.0797372,0.0108509,-5.18021e-05,0.356545,0.000114084,8.10896e-05,1.188e-05,-0.000281335,-0.0024936,16.0208,0.0213395
2025-04-12 00:00:00+00:00,-0.00057387,1.3598,0.0873246,0.0157369,0.00084676,0.23669,7.57403e-05,2.36106e-05,6.15424e-06,-0.00020657,-0.00026033,12.0833,0.0195161
2025-04-13 00:00:00+00:00,0.00139115,1.3617,0.104461,0.0193341,0.00232703,0.343468,0.000109919,2.56679e-05,6.60869e-06,-6.12832e-05,0.00159514,15.3958,0.0197055
2025-04-14 00:00:00+00:00,-0.000997592,1.36034,0.149383,0.0203069,-0.000525049,0.590766,0.000189037,5.18751e-05,1.50763e-05,-7.08682e-05,-0.000669997,16.875,0.0226964
2025-04-15 00:00:00+00:00,0.00102174,1.36173,0.132001,0.0240781,-0.0013213,0.304091,9.73126e-05,2.33801e-05,8.15699e-06,-2.6007e-05,0.00117756,13.875,0.023531
2025-04-16 00:00:00+00:00,0.000305319,1.36214,0.132111,0.0256643,-0.00142237,0.55952,0.000179045,6.37496e-05,1.14277e-05,-3.53515e-05,0.000595848,15.5833,0.0236394
2025-04-17 00:00:00+00:00,0.000378029,1.36266,0.134098,0.0335711,0.00103158,0.394222,0.000126152,5.89016e-05,1.05883e-05,2.09878e-05,0.000553944,12.0833,0.0268034
2025-04-18 00:00:00+00:00,-8.14973e-05,1.36255,0.143715,0.028269,-0.00099076,0.370255,0.000118483,7.15504e-05,9.19581e-06,-1.08439e-05,0.000129924,12.125,0.0277777
2025-04-19 00:00:00+00:00,0.000157849,1.36276,0.147634,0.0345389,0.000648787,0.375599,0.000120192,7.5529e-05,9.56782e-06,9.18261e-06,0.000354908,14.1667,0.0291255
2025-04-20 00:00:00+00:00,-0.000677892,1.36184,0.0810862,0.0213905,-0.00233151,0.204692,6.55002e-05,4.88802e-05,4.58892e-06,8.92468e-06,-0.000567692,8.39583,0.0244527
2025-04-21 00:00:00+00:00,0.00228275,1.36495,0.106074,0.0363538,0.00188088,0.286507,9.16913e-05,7.47057e-05,1.03155e-05,0.000181499,0.00227604,11.5,0.0265116
2025-04-22 00:00:00+00:00,-0.00185314,1.36242,0.121832,0.0349304,0.000243476,0.266082,8.51443e-05,8.18735e-05,7.09929e-06,0.000103375,-0.00178149,11.3125,0.028301
2025-04-23 00:00:00+00:00,-0.00190469,1.35982,0.13156,0.0342934,0.00130004,0.351374,0.000112435,8.87083e-05,9.73507e-06,1.15211e-05,-0.00170471,14.6042,0.0252653
2025-04-24 00:00:00+00:00,0.000152342,1.36003,0.115808,0.0292891,-0.000683987,0.395261,0.000126485,7.52155e-05,1.06668e-05,-1.87831e-06,0.0003675,14.5208,0.0235441
2025-04-25 00:00:00+00:00,0.00136416,1.36189,0.12103,0.0376314,-0.000701442,0.293842,9.40316e-05,5.15624e-05,7.37293e-06,-4.45614e-05,0.00156218,13.875,0.022825
2025-04-26 00:00:00+00:00,-0.000849102,1.36073,0.110835,0.0387625,-0.000400942,0.212568,6.80179e-05,3.41164e-05,5.37489e-06,1.06511e-05,-0.000751741,13.7292,0.0216881
2025-04-27 00:00:00+00:00,-0.000505362,1.36004,0.13829,0.0412895,-0.000910747,0.240896,7.70868e-05,4.16016e-05,5.99465e-06,1.29645e-05,-0.000391975,11.6875,0.024123
2025-04-28 00:00:00+00:00,0.00074274,1.36105,0.121441,0.0360703,-0.00159518,0.309653,9.90897e-05,5.90768e-05,9.82749e-06,-2.86232e-05,0.00093992,11.5833,0.0225975
2025-04-29 00:00:00+00:00,0.000142295,1.36125,0.124399,0.0367861,0.00160438,0.342461,0.000109589,7.17351e-05,7.28242e-06,1.16961e-05,0.000319535,14.5833,0.0227685
2025-04-30 00:00:00+00:00,-0.00660773,1.35225,0.104565,0.0369589,-0.000750034,0.256187,8.19587e-05,4.21298e-05,7.85624e-06,0.000253628,-0.00674656,13.125,0.0213258
2025-05-01 00:00:00+00:00,0.00221019,1.35524,0.109753,0.0344283,0.000854095,0.261476,8.3676e-05,4.28183e-05,5.21058e-06,2.29766e-05,0.00231696,12.0417,0.0203293
2025-05-02 00:00:00+00:00,-6.13926e-05,1.35516,0.13654,0.0417773,0.00134378,0.431177,0.000137979,7.28517e-05,9.22314e-06,1.31583e-05,0.000146005,12.6875,0.0239018
2025-05-03 00:00:00+00:00,-1.74403e-05,1.35513,0.122344,0.0311467,-0.000765023,0.412386,0.000131964,7.17798e-05,9.08953e-06,-7.03499e-05,0.000266251,12.5833,0.0248063
2025-05-04 00:00:00+00:00,0.00175739,1.35751,0.166414,0.0476911,0.000706206,0.295344,9.45163e-05,5.32473e-05,5.98536e-06,7.43287e-06,0.00190327,11.4792,0.0283987
2025-05-05 00:00:00+00:00,-9.6707e-05,1.35738,0.146444,0.0489549,-0.00327063,0.340451,0.000108943,6.8367e-05,9.12235e-06,3.24201e-05,5.84902e-05,10.6458,0.0263138
2025-05-06 00:00:00+00:00,0.001482,1.35939,0.143197,0.0503288,-0.00130739,0.480672,0.000153825,9.35111e-05,9.73292e-06,0.000301724,0.00143802,12.0833,0.0272671
2025-05-07 00:00:00+00:00,0.000152238,1.3596,0.188666,0.0630249,-0.00126142,0.437476,0.000139996,6.40135e-05,1.40588e-05,7.65872e-05,0.000296424,14.0208,0.0315823
2025-05-08 00:00:00+00:00,0.00227619,1.3627,0.257362,0.093982,-0.00394605,0.6274,0.000200779,5.34772e-05,2.04356e-05,0.000218947,0.00233412,16.8542,0.0321241
2025-05-09 00:00:00+00:00,0.00202766,1.36546,0.281221,0.0991027,-0.00133756,0.538496,0.000172341,4.50932e-05,1.54308e-05,6.79056e-05,0.00219896,19.0625,0.032736
2025-05-10 00:00:00+00:00,0.00188101,1.36803,0.272003,0.0826307,0.0020211,0.586777,0.000187781,8.12424e-05,1.871e-05,-2.15177e-05,0.0021926,21.9375,0.0347302
2025-05-11 00:00:00+00:00,0.000379374,1.36855,0.218108,0.0682813,0.00103164,0.369593,0.000118277,0.000101462,1.15873e-05,1.38846e-05,0.000600109,17.6667,0.0357348
2025-05-12 00:00:00+00:00,-0.00249676,1.36513,0.196692,0.0638964,-0.000846833,0.474892,0.000151937,0.000151627,2.83116e-05,7.6223e-06,-0.0021701,18.8542,0.0335906
2025-05-13 00:00:00+00:00,0.00323841,1.36955,0.236851,0.068104,-0.000863661,0.47635,0.000152445,0.000152202,1.41459e-05,-2.81132e-06,0.00355783,22.6042,0.0352689
2025-05-14 00:00:00+00:00,0.00496625,1.37635,0.293815,0.0703147,-4.13362e-06,0.478049,0.000152994,0.000140367,1.59179e-05,7.4464e-06,0.00525978,18.8542,0.0369032
2025-05-15 00:00:00+00:00,0.00247308,1.37976,0.385542,0.0682305,4.0809e-05,1.01838,0.0003259,0.000308066,3.66608e-05,-2.06946e-06,0.00314696,19.8958,0.0427279
2025-05-16 00:00:00+00:00,0.00254573,1.38327,0.456309,0.0992101,0.000364258,1.11574,0.000357063,0.000198595,3.84576e-05,-4.40814e-05,0.00318869,22.4792,0.0426102
2025-05-17 00:00:00+00:00,0.00399046,1.38879,0.475367,0.0806953,-0.000569122,1.10856,0.000354767,0.000104131,3.56836e-05,4.30458e-05,0.00443857,19.7292,0.0466045
2025-05-18 00:00:00+00:00,-0.00274689,1.38497,0.382349,0.102637,-0.00235797,0.768227,0.000245812,4.51879e-05,2.38498e-05,-6.47449e-06,-0.00242481,18.7708,0.0475257
2025-05-19 00:00:00+00:00,-0.00150596,1.38289,0.51282,0.127686,-0.00587814,1.49845,0.000479513,7.78908e-05,6.56645e-05,-1.81434e-05,-0.000852052,22.9167,0.0464961
2025-05-20 00:00:00+00:00,-0.00583557,1.37482,0.455687,0.121953,0.000861195,0.808729,0.000258752,4.69632e-05,2.20021e-05,1.54897e-05,-0.00553127,18.0208,0.0440796
2025-05-21 00:00:00+00:00,-0.00265885,1.37116,0.396429,0.0665353,-0.00559594,0.910466,0.000291335,4.92298e-05,2.80781e-05,-1.2982e-05,-0.00226907,20.2917,0.0445892
2025-05-22 00:00:00+00:00,-0.0018038,1.36869,0.46676,0.085977,-0.00373248,1.03775,0.000332076,5.26285e-05,3.07537e-05,1.10389e-05,-0.00139078,22.9375,0.0442883
2025-05-23 00:00:00+00:00,0.00144883,1.37067,0.397509,0.104615,-0.000334329,0.885951,0.000283519,4.27637e-05,2.67599e-05,-7.4936e-05,0.00188474,21.3958,0.0422121
2025-05-24 00:00:00+00:00,-0.00456472,1.36442,0.367934,0.0550234,0.000619573,0.984755,0.000315103,5.17564e-05,3.53465e-05,-0.000136236,-0.00402569,22.5833,0.0431
2025-05-25 00:00:00+00:00,0.00556908,1.37201,0.336056,0.0569695,0.00325271,0.953653,0.000305213,5.40108e-05,2.6374e-05,-0.000146727,0.00609342,19.0625,0.0410316
2025-05-26 00:00:00+00:00,0.00330319,1.37655,0.42321,0.113825,-0.00169863,1.25053,0.000400198,6.08785e-05,6.9265e-05,-5.61506e-05,0.00388798,20.2083,0.0458059
2025-05-27 00:00:00+00:00,-0.00331572,1.37198,0.427143,0.0860441,-0.000716624,1.16046,0.000371325,4.89131e-05,3.46893e-05,-2.97865e-05,-0.00282803,20.4583,0.0463252
2025-05-28 00:00:00+00:00,0.00703166,1.38163,0.414479,0.0899942,-0.00150293,1.39801,0.000447445,7.57017e-05,4.5583e-05,-7.52812e-05,0.0076547,19.875,0.0447581
2025-05-29 00:00:00+00:00,0.00409095,1.38728,0.504938,0.0949641,0.0013871,1.67726,0.000536786,9.63783e-05,6.64238e-05,-1.08488e-05,0.00479811,19.3958,0.0485243
2025-05-30 00:00:00+00:00,0.0069975,1.39699,0.710405,0.0295402,0.00842022,3.54239,0.00113384,0.000403185,0.00022024,1.19716e-05,0.00873909,23.5,0.0530251
2025-05-31 00:00:00+00:00,0.00516884,1.40421,0.605659,0.006173,0.00528889,2.18475,0.000699187,0.000207123,0.000102902,-9.09596e-05,0.00627152,23.375,0.0548304
2025-06-01 00:00:00+00:00,0.000590125,1.40504,0.722641,0.0724823,-0.00128475,2.23333,0.000714699,0.00017938,0.000119103,-4.35837e-05,0.001658,22.0625,0.057275
2025-06-02 00:00:00+00:00,0.00318106,1.40951,0.768378,0.0485075,-0.011125,2.87603,0.000920462,0.000166791,0.000176585,2.20951e-05,0.00442564,23.0833,0.0577913
2025-06-03 00:00:00+00:00,-0.00465346,1.40295,0.649394,0.113635,-0.00809525,1.99306,0.000637743,0.000106223,8.04635e-05,3.40672e-05,-0.00385855,21.7917,0.0568267
2025-06-04 00:00:00+00:00,0.00469394,1.40953,0.606497,0.0587654,-0.00769444,1.99834,0.000639612,0.000144591,8.35293e-05,-3.24682e-05,0.00560258,21.5833,0.0569032
2025-06-05 00:00:00+00:00,0.00279102,1.41347,0.607614,0.00334041,-0.00186471,2.37872,0.000761115,0.000223807,0.000110981,-0.000315613,0.00423701,23.5208,0.061456
2025-06-06 00:00:00+00:00,0.011528,1.42976,0.678557,0.075808,-0.00610086,2.3338,0.000747063,0.000144099,0.000115505,-0.000252418,0.0127416,25,0.0630433
2025-06-07 00:00:00+00:00,0.00367127,1.43501,0.950322,0.163026,-0.00625224,2.39648,0.000766976,0.000247935,0.000109791,-0.000198827,0.00500147,26.375,0.064856
2025-06-08 00:00:00+00:00,0.000709221,1.43603,0.837833,0.138658,-0.0128033,1.50462,0.000481488,0.000134936,4.84145e-05,-0.000403909,0.00180301,20.8542,0.0644421
2025-06-09 00:00:00+00:00,-0.00144191,1.43396,0.776737,0.171675,-0.0144333,2.36435,0.000756563,0.000272678,0.000134332,-0.000149524,-0.000113895,21.7708,0.0649493
2025-06-10 00:00:00+00:00,-0.0115736,1.41736,0.725147,0.116942,-0.0181519,1.81282,0.000579827,0.000194246,7.48607e-05,-0.000239332,-0.0105139,22.1458,0.0622506
2025-06-11 00:00:00+00:00,0.00614526,1.42607,0.713784,0.143233,-0.013638,2.1618,0.000691873,0.00021947,9.38418e-05,-0.0002738,0.00742442,25.0833,0.0625887
2025-06-12 00:00:00+00:00,0.00772222,1.43709,0.641127,0.0853476,-0.00804471,2.27595,0.000728519,0.000286514,0.000107433,-0.000335264,0.00917479,24.9583,0.0656564
2025-06-13 00:00:00+00:00,0.00073618,1.43814,0.749635,0.0409096,-0.00208963,3.47117,0.00111106,0.000357307,0.000216177,-0.000190958,0.00264352,27.375,0.0686261
2025-06-14 00:00:00+00:00,0.00958292,1.45192,0.945833,0.12741,-0.00667683,3.35786,0.00107479,0.000279962,0.000185149,-0.000398755,0.0114888,26.625,0.0667471
2025-06-15 00:00:00+00:00,0.00467195,1.45871,0.947477,0.126615,-0.00940995,3.84777,0.00123149,0.000293765,0.000194812,-0.000268629,0.00667298,25.6875,0.0685491
2025-06-16 00:00:00+00:00,0.0112057,1.47505,0.933307,0.123051,-0.0286454,3.33965,0.00106921,0.000414092,0.000191292,-0.000263518,0.0131294,26.2083,0.0688704
2025-06-17 00:00:00+00:00,0.00968777,1.48934,1.08312,0.00895062,-0.0232022,4.17753,0.00133727,0.000383519,0.00027665,-0.000222582,0.0118999,25.1458,0.0702903
2025-06-18 00:00:00+00:00,0.00839815,1.50185,1.2693,0.0545649,-0.0131907,4.85913,0.00155528,0.000335281,0.000297062,2.92588e-05,0.0105539,28.3542,0.0712733
2025-06-19 00:00:00+00:00,0.00692229,1.51225,0.880545,0.11211,-0.00642944,3.65345,0.00116936,0.000331876,0.00020471,-1.52599e-05,0.00865821,26.3958,0.071047
2025-06-20 00:00:00+00:00,0.00789701,1.52419,0.699505,0.0920497,-0.0120805,3.08064,0.000986165,0.000474596,0.000184407,-8.34976e-05,0.00961558,25.125,0.0726136
2025-06-21 00:00:00+00:00,0.00955344,1.53875,1.03186,-0.00205695,-0.0205811,4.47006,0.00143115,0.000320312,0.000284507,-0.000242689,0.0118492,26.5417,0.0736693
2025-06-22 00:00:00+00:00,0.0156675,1.56286,1.29418,-0.026634,-0.014864,5.76825,0.00184683,0.000685968,0.000472296,-0.000136083,0.018739,30,0.0758713
2025-06-23 00:00:00+00:00,-0.0030432,1.5581,0.963271,0.152739,0.00338793,3.66978,0.00117425,0.00105797,0.000339706,-0.000369479,-5.84321e-05,27.4792,0.0757906
2025-06-24 00:00:00+00:00,0.00966555,1.57316,0.949969,0.170878,0.00331997,3.00807,0.000962868,0.00123623,0.000213741,-0.000270902,0.0123344,25.3958,0.0726036
2025-06-25 00:00:00+00:00,0.014143,1.59541,0.923806,0.145062,-0.00415862,2.85473,0.000913812,0.00131126,0.000178029,-0.000370165,0.0168429,21.1458,0.0779365
2025-06-26 00:00:00+00:00,0.00426,1.60221,0.710917,0.0643571,-0.0105319,3.02488,0.000968093,0.00137679,0.000181758,-0.000222402,0.00701264,20.2708,0.0835888
2025-06-27 00:00:00+00:00,-0.0115442,1.58371,0.671776,0.0907052,-0.0105203,2.03193,0.000650113,0.000881004,0.000100989,-0.000965192,-0.00897557,18.4792,0.0823944
2025-06-28 00:00:00+00:00,0.00170127,1.58641,0.724059,0.14497,-0.0105934,1.56551,0.000500975,0.000670162,7.03028e-05,-0.00077159,0.00373937,15.8125,0.0796967
2025-06-29 00:00:00+00:00,-0.011054,1.56887,1.01854,0.185188,-0.0206073,2.5532,0.000816888,0.00103018,0.000137368,-0.00175727,-0.00729798,19.1458,0.0731517
2025-06-30 00:00:00+00:00,0.0188869,1.5985,0.731562,0.0754937,-0.0258218,2.8883,0.000924761,0.00058838,0.000199783,-9.14236e-05,0.0205484,21.2083,0.0709759
2025-07-01 00:00:00+00:00,0.00273391,1.60287,0.97737,0.0125308,-0.0300032,3.81065,0.0012196,0.000556685,0.00023695,-0.000290178,0.00505987,24.0417,0.0750604
2025-07-02 00:00:00+00:00,-0.0103606,1.58627,0.968342,0.148199,-0.00954443,3.39773,0.00108715,0.000327462,0.000176877,-0.000163183,-0.00863265,26.25,0.0759187
2025-07-03 00:00:00+00:00,-0.0132219,1.56529,1.04013,0.181682,-0.0111124,3.29787,0.00105358,0.000175265,0.000224836,-0.000913345,-0.0107243,27.7917,0.0716185
2025-07-04 00:00:00+00:00,-0.00548163,1.55671,1.03229,0.155004,-0.0108686,3.39258,0.00108559,0.000255895,0.000200826,-0.00262487,-0.00129774,27.5208,0.0706486
2025-07-05 00:00:00+00:00,-0.0030162,1.55202,0.924083,0.194683,-0.00882085,2.42961,0.00077742,0.000220772,0.000129178,-0.00253383,0.000664287,23.25,0.0687491
2025-07-06 00:00:00+00:00,0.00693658,1.56278,1.0906,0.189629,-0.0245148,3.44927,0.00110394,0.00040424,0.000172212,-0.000771602,0.00938026,23.0625,0.068358
2025-07-07 00:00:00+00:00,0.00582681,1.57189,1.4093,0.0721095,-0.0516345,4.52873,0.00144966,0.000414189,0.000481698,-0.000111444,0.00829885,25.7083,0.0689919
2025-07-08 00:00:00+00:00,-0.0124218,1.55236,1.44967,0.0784533,-0.0475895,3.14727,0.00100634,0.000358483,0.000199303,-7.01341e-05,-0.0107146,27.6042,0.0707812
2025-07-09 00:00:00+00:00,-0.00443514,1.54548,1.1437,0.190104,-0.045729,2.57906,0.000825351,0.000439613,0.000165649,3.78022e-05,-0.00298912,29.4375,0.0679751
2025-07-10 00:00:00+00:00,-0.0306891,1.49805,1.05448,0.153989,-0.0382265,3.0356,0.000970749,0.000557452,0.000172934,1.57238e-05,-0.0293748,30,0.0663635
2025-07-11 00:00:00+00:00,-0.0250687,1.46049,0.814943,0.122712,-0.011515,3.0495,0.00097378,0.000450304,0.000264923,-4.64715e-05,-0.0233025,29.0833,0.0627235
2025-07-12 00:00:00+00:00,-0.0013446,1.45853,0.515944,0.0796778,-0.00589943,1.40425,0.000449397,0.000301393,9.35937e-05,-0.000281563,-0.000164747,24.75,0.0643239
2025-07-13 00:00:00+00:00,-0.0103534,1.44343,0.680574,0.143299,-0.00439593,1.5994,0.000511731,0.000344771,0.000106762,4.61939e-05,-0.00946113,21.3125,0.0627579
2025-07-14 00:00:00+00:00,0.000522677,1.44418,0.675816,0.14514,-0.01504,2.4144,0.00077284,0.000634983,0.000214068,4.29697e-05,0.00213157,24.5625,0.0618385
2025-07-15 00:00:00+00:00,-0.00380798,1.43869,0.668161,0.159081,-0.0133587,1.83587,0.000587535,0.000365377,7.73456e-05,0.000114764,-0.00285431,22.25,0.0571401
2025-07-16 00:00:00+00:00,-0.00386361,1.43313,0.827358,0.200691,-0.0133865,2.16081,0.000691392,0.000284162,9.06762e-05,6.69734e-05,-0.00283867,26.6042,0.0582278
2025-07-17 00:00:00+00:00,0.0114289,1.44951,0.714997,0.158948,-0.00299154,2.23393,0.000715083,0.000299796,0.000100935,8.24267e-05,0.0124435,26.6458,0.0594713
2025-07-18 00:00:00+00:00,0.0059116,1.45807,0.803667,0.169085,-0.00620297,2.66043,0.000851524,0.000443244,0.000156207,5.38452e-06,0.00737095,27.4792,0.0618442
2025-07-19 00:00:00+00:00,-0.00134476,1.45611,0.800056,0.191939,0.00283489,2.09406,0.000670131,0.000331072,9.00886e-05,-5.06602e-05,-0.000166598,26.9792,0.0623735
2025-07-20 00:00:00+00:00,0.00667677,1.46584,0.852419,0.163353,0.00199956,2.03281,0.000650582,0.000291042,7.62894e-05,-2.16463e-05,0.00773821,24.8542,0.0660578
2025-07-21 00:00:00+00:00,0.00404462,1.47176,0.691745,0.135955,-0.00656526,1.9853,0.000635422,0.000324958,7.41602e-05,4.39038e-05,0.00506394,25.25,0.0666412
2025-07-22 00:00:00+00:00,0.00474516,1.47875,0.728834,0.147771,-0.00192784,1.54018,0.00049293,0.000185628,5.11873e-05,-1.29197e-05,0.0055103,23.7083,0.0664432
2025-07-23 00:00:00+00:00,0.00104462,1.48029,0.736344,0.137912,-0.0109136,1.81231,0.00057986,0.000356157,7.46361e-05,-3.48304e-05,0.00222174,22.6875,0.0651511
2025-07-24 00:00:00+00:00,0.00986779,1.4949,0.790849,0.112515,-0.00912885,2.04201,0.000653766,0.000704672,8.74361e-05,-0.000253372,0.011562,23.625,0.066521
2025-07-25 00:00:00+00:00,-0.0258094,1.45632,0.762212,0.11899,-0.00380197,2.06343,0.00065988,0.000675094,8.34071e-05,-0.00035363,-0.0243027,25.75,0.0663981
2025-07-26 00:00:00+00:00,-0.0025103,1.45266,0.747275,0.12969,-0.00718352,1.39429,0.000446157,0.00032635,4.09082e-05,-3.03581e-05,-0.00164605,22.375,0.0646158
2025-07-27 00:00:00+00:00,0.00762259,1.46374,0.816851,0.113763,-0.00887689,1.93337,0.000618794,0.000377059,5.31841e-05,-2.44352e-05,0.00870154,21.4167,0.0649096
2025-07-28 00:00:00+00:00,-0.00543446,1.45578,0.724316,0.125318,-0.00573884,1.99457,0.000638184,0.00056267,7.53401e-05,3.06795e-05,-0.00413151,23.9583,0.0652222
2025-07-29 00:00:00+00:00,0.00177097,1.45836,0.575156,0.099579,-0.0174247,1.85227,0.000592868,0.000582242,7.1259e-05,-0.000272729,0.00335069,23.1458,0.067834
2025-07-30 00:00:00+00:00,0.000252789,1.45873,0.671749,0.0912618,-0.019494,1.99997,0.000639991,0.000471222,6.65306e-05,5.79755e-05,0.00139131,23.5417,0.0713313
2025-07-31 00:00:00+00:00,0.0129462,1.47761,0.776272,0.151809,-0.0205471,2.15873,0.000691076,0.000279458,7.57339e-05,1.36196e-05,0.0139259,24.8958,0.0701309
2025-08-01 00:00:00+00:00,-0.00249552,1.47392,0.814161,0.151158,-0.0118739,3.13379,0.00100282,0.000309878,0.000128845,-2.90581e-05,-0.000977887,27.4583,0.0712666
2025-08-02 00:00:00+00:00,-0.00393807,1.46812,0.963611,0.1768,-0.00412774,2.40056,0.000768163,0.000203032,9.45373e-05,-4.52087e-05,-0.00280811,24.875,0.0693973
2025-08-03 00:00:00+00:00,-0.000609989,1.46722,1.0606,0.189577,-0.00511948,2.16207,0.000691853,0.00028198,8.40348e-05,-9.10866e-05,0.000560119,23.3542,0.066894
2025-08-04 00:00:00+00:00,0.000159749,1.46746,0.784998,0.137695,-0.0127012,2.25864,0.000722674,0.00035991,9.03001e-05,1.19983e-05,0.00133853,22.8125,0.0650495
2025-08-05 00:00:00+00:00,0.00301491,1.47188,0.822293,0.112275,-0.0167166,2.22441,0.00071189,0.000264579,6.68004e-05,1.61026e-05,0.00405758,23.9375,0.0647543
2025-08-06 00:00:00+00:00,0.00613939,1.48092,0.780988,0.116997,-0.014273,1.98686,0.00063592,0.000300797,6.7052e-05,1.14627e-05,0.00712546,21.8333,0.0671996
2025-08-07 00:00:00+00:00,0.00995512,1.49566,0.653034,0.114597,-0.0172749,1.54028,0.00049301,0.000338716,4.43459e-05,5.81195e-06,0.0108033,18.0833,0.0687752
2025-08-08 00:00:00+00:00,0.00300151,1.50015,1.08557,0.192747,-0.0125687,2.95505,0.000945716,0.000429741,0.000112541,-5.89769e-06,0.00451469,22.7292,0.0706448
2025-08-09 00:00:00+00:00,-0.00663188,1.4902,0.718182,0.141573,-0.0143337,1.42483,0.000455923,0.000232207,4.0809e-05,3.45544e-05,-0.00593757,20.625,0.0703645
2025-08-10 00:00:00+00:00,0.00357342,1.49553,0.573767,0.0932143,-0.014282,1.48038,0.00047386,0.000104451,4.41235e-05,-4.80492e-05,0.0042543,21.6667,0.0692177
2025-08-11 00:00:00+00:00,0.00313847,1.50022,0.878928,0.110827,-0.0236051,2.61428,0.000836729,0.00030237,0.000105527,0.000145757,0.00427855,23.6667,0.0699048
2025-08-12 00:00:00+00:00,0.00405561,1.50631,1.00451,0.101915,-0.0226935,2.62147,0.000838999,0.000208161,0.000107018,4.44388e-05,0.00520725,26.4792,0.0713658
2025-08-13 00:00:00+00:00,0.00466582,1.51333,1.18991,0.155358,-0.0221863,3.51105,0.00112372,0.000257457,0.000156498,2.37584e-06,0.00623975,29.9375,0.0724258
2025-08-14 00:00:00+00:00,0.0189405,1.542,1.34623,0.152474,-0.0290775,3.70147,0.0011853,0.000304731,0.00023771,6.21571e-05,0.0205105,30,0.074216
2025-08-15 00:00:00+00:00,-0.0106886,1.52552,1.2363,0.189449,-0.0106655,2.60399,0.000833143,0.000297177,0.000153218,4.20001e-05,-0.00944574,30,0.0745915
2025-08-16 00:00:00+00:00,0.00760052,1.53711,0.770903,0.107495,-0.00523578,2.18141,0.000698193,0.000279617,7.48267e-05,6.94209e-06,0.00862827,25.3958,0.0739679
2025-08-17 00:00:00+00:00,-0.00984285,1.52198,0.908156,0.156704,-0.00985337,2.66667,0.000853123,0.000324787,9.00581e-05,8.26376e-05,-0.00868052,24.4583,0.0731221
2025-08-18 00:00:00+00:00,0.00063824,1.52295,0.645496,0.0786212,-0.0207122,2.40022,0.000767962,0.000253626,0.000120047,8.58023e-06,0.00179799,23.5,0.0689908
2025-08-19 00:00:00+00:00,-0.000443534,1.52228,0.48074,0.0460028,-0.0117057,1.1389,0.000364484,0.000146071,3.33572e-05,1.70551e-06,0.00011942,17.7292,0.0689936
2025-08-20 00:00:00+00:00,-0.000168902,1.52202,0.57035,0.0706788,-0.0151249,1.52272,0.000487274,0.000308283,5.32881e-05,-9.27297e-06,0.000721511,19.5833,0.0670487
2025-08-21 00:00:00+00:00,0.000831128,1.52328,0.635294,0.0962628,-0.00943689,1.75525,0.000561738,0.000423582,6.67298e-05,6.30868e-05,0.00184169,18.8333,0.066493
2025-08-22 00:00:00+00:00,0.000803499,1.52451,0.647965,0.0964074,-0.00498538,1.84593,0.000590771,0.000509676,7.81011e-05,4.98304e-05,0.00196811,20.6458,0.0672213
2025-08-23 00:00:00+00:00,0.00464986,1.5316,1.06625,0.149002,-0.00307907,2.17828,0.000697198,0.000455456,9.77451e-05,0.000160627,0.00578753,25.0417,0.0652124
2025-08-24 00:00:00+00:00,0.00480727,1.53896,0.675594,0.0648868,-0.00691885,2.0896,0.000668809,0.000385588,6.94345e-05,0.000109616,0.00582703,22.1458,0.0675734
2025-08-25 00:00:00+00:00,-0.0056744,1.53023,0.412583,0.0327222,-0.00986421,1.2389,0.000396415,0.000220809,4.62091e-05,-0.000542266,-0.0044604,20.6875,0.0657476
2025-08-26 00:00:00+00:00,-0.00910831,1.51629,0.51276,0.0275749,-0.0126315,1.1528,0.000368855,0.000180529,3.51221e-05,-0.000339749,-0.00820827,20.2708,0.0641688
2025-08-27 00:00:00+00:00,0.00530439,1.52433,0.561364,0.0615071,-0.0127177,1.1902,0.000380947,0.00014123,3.72932e-05,0.00011624,0.00575653,19.4375,0.0632207
2025-08-28 00:00:00+00:00,-0.0110434,1.5075,0.684798,0.0957548,-0.00977716,1.86807,0.000597724,0.000212243,6.13277e-05,-8.66013e-05,-0.0101194,21.875,0.0626433
2025-08-29 00:00:00+00:00,0.000559317,1.50834,0.728422,0.111281,-0.00949489,1.97576,0.000632262,0.000178809,7.18108e-05,-0.000183812,0.00165411,22.4167,0.0574916
2025-08-30 00:00:00+00:00,0.00309249,1.51301,0.965185,0.147717,-0.00936167,1.84023,0.000588907,0.000161743,6.53847e-05,-0.000169809,0.00410319,22.2292,0.0557229
2025-08-31 00:00:00+00:00,0.00686185,1.52339,0.660089,0.0519686,-0.00962689,1.45571,0.000465924,0.000136965,4.01719e-05,0.000114243,0.00737601,20.1458,0.0585432
2025-09-01 00:00:00+00:00,0.00712691,1.53425,0.859602,0.050267,-0.0117644,2.41467,0.000772834,0.000177778,8.82961e-05,3.55563e-05,0.00815234,21.5833,0.0617135
2025-09-02 00:00:00+00:00,-0.0146168,1.51182,0.762296,0.0722983,-0.0103375,1.87388,0.000599449,0.000111945,6.00801e-05,0.000130574,-0.0140627,22.9792,0.0614756
2025-09-03 00:00:00+00:00,0.00181428,1.51456,0.764535,0.108127,-0.0073846,1.74297,0.000557804,0.000176568,5.18448e-05,0.000167265,0.00244605,21.7083,0.057017
2025-09-04 00:00:00+00:00,-0.0043535,1.50797,0.662649,0.0675249,-0.0130048,1.87357,0.000599585,0.000227041,5.40308e-05,0.000130602,-0.00358186,21.5417,0.0568181
2025-09-05 00:00:00+00:00,-0.0114843,1.49065,0.701634,0.082239,-0.0103465,1.51531,0.000484863,0.000155718,4.6207e-05,-0.000394599,-0.0104239,18.1042,0.0554111
2025-09-06 00:00:00+00:00,-0.0133,1.47083,0.697165,0.077758,-0.0105773,1.28203,0.000410113,0.000104011,3.44428e-05,-0.000648608,-0.0121446,17.6042,0.0489159
2025-09-07 00:00:00+00:00,-0.0372941,1.41597,0.511363,0.061194,-0.00925318,0.940613,0.000300664,7.94148e-05,3.25082e-05,-0.000291872,-0.03725,16.9792,0.0441535
2025-09-08 00:00:00+00:00,-0.0127849,1.39787,0.333319,0.0725078,-0.0145579,0.616812,0.000197312,0.000121151,2.29155e-05,-0.000134896,-0.0123759,15.75,0.0352705
2025-09-09 00:00:00+00:00,-0.00136174,1.39597,0.276009,0.0704252,-0.000504688,0.584966,0.000187185,0.000185517,1.63108e-05,2.67437e-05,-0.000995703,17.25,0.0287516
2025-09-10 00:00:00+00:00,-0.0036758,1.39083,0.252094,0.0653535,0.00101564,0.466051,0.000149123,0.000139924,1.12429e-05,0.000145968,-0.00352248,13.875,0.0260793
2025-09-11 00:00:00+00:00,0.00129195,1.39263,0.239363,0.0476153,0.000214837,0.53473,0.000171118,0.000124291,1.32634e-05,0.000102424,0.0015016,13.9167,0.0266828
2025-09-12 00:00:00+00:00,0.00193121,1.39532,0.244266,0.0591622,-0.00630906,0.584066,0.000186912,0.000188307,1.50307e-05,0.00015903,0.00216596,14.0417,0.0289278
2025-09-13 00:00:00+00:00,-0.00704244,1.38549,0.263721,0.0719633,-0.00107727,0.466444,0.000149228,0.00012853,1.00596e-05,-8.82512e-05,-0.00668373,12.75,0.0298277
2025-09-14 00:00:00+00:00,-0.00164729,1.38321,0.192118,0.0689204,-0.00303686,0.319393,0.000102203,9.42869e-05,5.96295e-06,-6.1945e-05,-0.00138037,11.5625,0.0280625
2025-09-15 00:00:00+00:00,0.00158816,1.38541,0.238169,0.064092,-0.00725037,0.553806,0.000177228,0.000143302,1.29008e-05,-8.79294e-05,0.00201198,13.6667,0.0300439
2025-09-16 00:00:00+00:00,0.00132368,1.38724,0.236197,0.0730816,-0.00580402,0.530533,0.000169774,0.000151366,1.27878e-05,-5.33752e-05,0.00171146,14.875,0.0311482
2025-09-17 00:00:00+00:00,-0.00233998,1.384,0.234992,0.0674797,-0.00341529,0.555957,0.000177891,0.000162481,1.0109e-05,-0.000355398,-0.0016337,12.8542,0.0302792
2025-09-18 00:00:00+00:00,-0.000154349,1.38378,0.0544122,0.00596991,-0.00321392,0.360385,0.000115313,0.000102368,5.88782e-06,1.08247e-05,5.86609e-05,8.97917,0.0192032
2025-09-19 00:00:00+00:00,0.000757935,1.38483,0.0740156,0.0111729,-0.00369872,0.343881,0.000110046,6.20004e-05,4.97604e-06,-8.8994e-06,0.00094398,10.0625,0.0208339
2025-09-20 00:00:00+00:00,-0.000994344,1.38346,0.121645,0.0355233,-0.00277462,0.311272,9.96035e-05,5.73612e-05,4.33441e-06,-4.13406e-05,-0.000790844,9.25,0.0244617
2025-09-21 00:00:00+00:00,0.00271239,1.38721,0.178919,0.075463,0.000850768,0.343703,0.000109993,8.67062e-05,7.53644e-06,-8.5837e-07,0.00291563,8.875,0.0278534
2025-09-22 00:00:00+00:00,0.00254134,1.39073,0.20388,0.0316989,-0.00724768,0.787149,0.000251919,0.000135659,2.46162e-05,2.40792e-05,0.00293235,13.625,0.0324208
2025-09-23 00:00:00+00:00,0.00566413,1.39861,0.309374,0.0766563,-0.00820326,0.748687,0.000239625,7.49889e-05,2.24855e-05,-0.000249866,0.00624006,17.0208,0.0345768
2025-09-24 00:00:00+00:00,0.00291242,1.40268,0.359592,0.0987641,-0.00451467,0.672863,0.000215334,5.72576e-05,2.09955e-05,-3.44724e-05,0.00323883,16.7917,0.0363708
2025-09-25 00:00:00+00:00,-0.000982768,1.40131,0.356781,0.0813537,-0.00239074,1.09286,0.000349722,0.000119196,3.19902e-05,2.04484e-05,-0.000489087,20.3958,0.0370165
2025-09-26 00:00:00+00:00,0.0014599,1.40335,0.315189,0.0777484,-0.00122447,0.73209,0.000234289,7.31132e-05,2.19244e-05,-2.52604e-06,0.00179845,17.1875,0.0336778
2025-09-27 00:00:00+00:00,-0.00128496,1.40155,0.32546,0.0964657,-0.000391003,0.47052,0.000150571,7.00714e-05,1.11852e-05,2.10983e-06,-0.00105078,14.6042,0.0332114
2025-09-28 00:00:00+00:00,-0.0135442,1.38256,0.225598,0.0856463,-0.00120287,0.326304,0.000104378,4.18361e-05,1.28323e-05,3.33571e-05,-0.0134774,12.2292,0.0296546
2025-09-29 00:00:00+00:00,0.00919672,1.39528,0.233609,0.0875055,-0.0028656,0.433829,0.000138844,8.98119e-05,1.49115e-05,1.65993e-05,0.00938712,14.3542,0.0325364
2025-09-30 00:00:00+00:00,-0.000732151,1.39426,0.255936,0.104076,-0.00407757,0.371719,0.000118953,9.86554e-05,1.07629e-05,-0.00022097,-0.000276354,13.6458,0.0368623
2025-10-01 00:00:00+00:00,0.00229102,1.39745,0.319324,0.120316,-0.000224254,0.454478,0.000145456,8.79663e-05,1.44625e-05,-6.78123e-06,0.00255224,13.9792,0.034918
2025-10-02 00:00:00+00:00,0.0108721,1.41265,0.515228,0.132077,0.000778934,1.10163,0.000352631,0.000125637,3.69166e-05,3.87518e-06,0.0113374,19.6042,0.0377462
2025-10-03 00:00:00+00:00,0.00420034,1.41858,0.613016,0.114311,-0.00651269,1.4383,0.000460248,0.000107156,5.89846e-05,-4.92441e-05,0.00490118,21.3542,0.0445342
2025-10-04 00:00:00+00:00,0.00478536,1.42537,0.614884,0.147941,-0.00305655,1.23064,0.000393828,9.72908e-05,4.52896e-05,-0.000136681,0.00546629,21.2292,0.0472406
2025-10-05 00:00:00+00:00,-0.00142515,1.42334,0.537021,0.172956,-0.00286491,0.866395,0.000277222,7.9158e-05,3.6192e-05,2.03549e-05,-0.00102758,17.1667,0.0488958
2025-10-06 00:00:00+00:00,-0.00461571,1.41677,0.592675,0.147949,-0.0101818,1.49463,0.000478295,0.00019135,0.00011778,-2.96577e-05,-0.00377805,19.2708,0.0516485
2025-10-07 00:00:00+00:00,0.00596467,1.42522,0.698244,0.19205,-0.00348971,1.25806,0.0004026,0.000162182,3.68898e-05,9.35949e-06,0.00656987,21.6042,0.0508194
2025-10-08 00:00:00+00:00,0.00489654,1.4322,0.722124,0.176983,-0.00673228,1.34258,0.000429702,0.000228942,4.83421e-05,3.66252e-05,0.00557207,21.125,0.0519031
2025-10-09 00:00:00+00:00,6.03336e-05,1.43228,0.910933,0.167309,0.00304382,2.07026,0.000662438,0.000267966,7.77195e-05,5.86191e-05,0.00103568,22.875,0.0533045
2025-10-10 00:00:00+00:00,0.0294646,1.47448,0.754168,0.102349,-0.00945882,2.21227,0.000710057,0.000324944,0.000206885,0.000176119,0.030815,21.7083,0.049772
2025-10-11 00:00:00+00:00,-0.00776139,1.46304,0.373527,0.130639,0.00752118,0.870975,0.00027867,0.000258528,0.000172668,0.00020449,-0.00726536,21.875,0.0484796
2025-10-12 00:00:00+00:00,0.0163385,1.48694,0.493449,0.166675,0.00797892,1.35959,0.000435254,0.000264118,0.000204005,9.45482e-05,0.0170378,21.5625,0.0488181
2025-10-13 00:00:00+00:00,0.00474407,1.494,0.708181,0.227663,0.00500357,1.8859,0.000603651,0.000481865,0.000280204,1.49348e-05,0.0061062,26.8542,0.0541716
2025-10-14 00:00:00+00:00,0.0036024,1.49938,0.765204,0.243422,0.00472628,1.60623,0.000514058,0.000478939,0.000149863,-1.45467e-06,0.00477489,27.625,0.0525613
2025-10-15 00:00:00+00:00,0.00409772,1.50552,0.807017,0.224492,0.00696498,1.64344,0.000525961,0.000481124,0.00011226,-2.38143e-05,0.00525782,27.0208,0.0518873
2025-10-16 00:00:00+00:00,0.00190155,1.50839,0.699135,0.179707,0.00432166,2.39445,0.000766269,0.000410203,0.00015273,-5.41297e-05,0.00329656,26.7708,0.0524982
2025-10-17 00:00:00+00:00,-0.00744963,1.49715,0.728322,0.135992,-9.7671e-05,2.51701,0.000805399,0.00062943,0.000200069,-1.32656e-05,-0.00580515,28.125,0.0486672
2025-10-18 00:00:00+00:00,-0.00296931,1.4927,0.80229,0.199309,0.00250123,1.62106,0.000518734,0.000165372,7.17318e-05,4.60901e-06,-0.00220059,28.7708,0.049026
2025-10-19 00:00:00+00:00,0.00896638,1.50609,0.863477,0.215573,0.00705783,1.3432,0.000429908,7.01468e-05,5.41472e-05,3.32138e-05,0.00947017,25.625,0.0474651
2025-10-20 00:00:00+00:00,0.00223164,1.50945,1.01741,0.20047,0.0074643,1.799,0.000575624,0.000141772,9.82036e-05,-4.60631e-05,0.00311718,26.1667,0.0500137
2025-10-21 00:00:00+00:00,0.000855475,1.51074,0.822689,0.201306,0.0118025,1.5123,0.000483964,7.92137e-05,5.21266e-05,-5.283e-05,0.00154931,27,0.0478588
2025-10-22 00:00:00+00:00,0.00639328,1.5204,1.0293,0.172699,-0.0022884,1.70039,0.000544218,7.38947e-05,6.78873e-05,-0.000552709,0.00767169,27.1042,0.0474744
2025-10-23 00:00:00+00:00,-0.00781137,1.50852,1.43613,0.205889,0.0109255,1.92551,0.000616126,7.89138e-05,7.47088e-05,-6.91935e-05,-0.00694026,27.9792,0.0490689
2025-10-24 00:00:00+00:00,-0.000151843,1.50829,0.937719,0.193161,0.00923482,2.2638,0.000724415,0.000205847,7.24864e-05,-1.51237e-05,0.000886791,25.9583,0.0472698
2025-10-25 00:00:00+00:00,-0.00301317,1.50375,0.888725,0.189326,-0.000158428,1.15321,0.000369056,0.000116528,2.81877e-05,-3.49412e-05,-0.0024533,22.375,0.0476651
2025-10-26 00:00:00+00:00,-0.00244602,1.50007,0.688526,0.15464,-0.0098965,1.0479,0.000335292,0.000143929,2.93185e-05,-6.79817e-05,-0.00185137,23.0208,0.0456082
2025-10-27 00:00:00+00:00,0.00543615,1.50823,0.768281,0.174576,-0.0102455,1.37726,0.00044082,0.000272804,6.97667e-05,-4.40928e-05,0.00627639,24.2917,0.0489017
2025-10-28 00:00:00+00:00,-0.00640777,1.49856,0.760082,0.151879,-0.0388515,1.28046,0.000409686,0.000251628,4.82642e-05,2.55117e-05,-0.00571457,22.6458,0.0487827
2025-10-29 00:00:00+00:00,-0.00605251,1.48949,0.766081,0.168624,-0.0101125,1.75823,0.000562512,0.000376196,8.37151e-05,-1.38599e-05,-0.00499103,25.1042,0.0467392
2025-10-30 00:00:00+00:00,0.0199753,1.51924,0.952478,0.203904,0.0035706,2.47647,0.000792628,0.000423156,0.000126694,3.44443e-05,0.0211264,26.2917,0.0469922
2025-10-31 00:00:00+00:00,-0.0099618,1.50411,0.680256,0.0917802,-0.0163569,2.30644,0.000737797,0.000336371,0.000112434,8.58569e-06,-0.00877105,23.9167,0.0498958
2025-11-01 00:00:00+00:00,-0.00119946,1.50231,0.788344,0.188552,0.00614407,1.69035,0.000540899,0.00018803,7.45754e-05,8.43988e-06,-0.000374752,22.0833,0.0456923
2025-11-02 00:00:00+00:00,0.00904022,1.51589,0.589845,0.160969,0.012933,1.74144,0.000557392,0.00024047,6.88847e-05,-8.34186e-06,0.00988183,22.1667,0.0471945
2025-11-03 00:00:00+00:00,-0.00353127,1.51053,1.09076,0.17584,-0.0302676,2.48916,0.000796509,0.000216413,0.000168198,8.08108e-06,-0.00231794,24.9583,0.0480841
2025-11-04 00:00:00+00:00,-0.0060896,1.50134,0.944384,0.155129,-0.0116124,2.63054,0.000841847,0.000180636,0.000174719,1.59807e-05,-0.00480193,28.5625,0.0462599
2025-11-05 00:00:00+00:00,-0.00319545,1.49654,0.930415,0.182269,0.00263628,1.62533,0.000520032,7.6807e-05,9.52366e-05,3.97771e-05,-0.00250017,28.3333,0.0440054
2025-11-06 00:00:00+00:00,-0.00202974,1.4935,0.825785,0.142894,-0.00174638,2.13487,0.000683169,0.000140905,0.000125405,5.58054e-05,-0.00107869,24.5,0.0445702
2025-11-07 00:00:00+00:00,-0.0259087,1.45481,0.756885,0.15935,0.00315706,1.64039,0.000524577,0.000133905,8.64009e-05,-0.000100765,-0.025297,22.3958,0.0416115
2025-11-08 00:00:00+00:00,0.0037311,1.46023,0.588628,0.155613,0.00586782,1.11156,0.000355736,0.000108682,4.96263e-05,-2.36035e-07,0.00427264,21.3542,0.0404755
2025-11-09 00:00:00+00:00,0.00792199,1.4718,0.666232,0.179068,0.00691299,1.17671,0.000376627,0.000118719,4.73495e-05,-1.65949e-05,0.00848389,21.2708,0.0420711
2025-11-10 00:00:00+00:00,-0.000230391,1.47146,0.709401,0.166797,0.00315056,1.42696,0.000456651,0.000217263,6.94618e-05,5.97232e-05,0.000488665,24.8333,0.0432091
2025-11-11 00:00:00+00:00,0.0100828,1.4863,0.607978,0.130252,0.00617413,1.46755,0.000469782,0.000221277,5.32663e-05,1.81233e-05,0.0107857,23.2917,0.0455386
2025-11-12 00:00:00+00:00,0.00295121,1.49069,0.51646,0.104068,0.000726994,0.966559,0.000309314,0.000248221,2.88083e-05,1.82819e-05,0.00352596,21.7708,0.0457316
2025-11-13 00:00:00+00:00,0.00124623,1.49254,0.599998,0.0918409,0.00163126,1.42571,0.000456234,0.00022571,5.48727e-05,3.84291e-05,0.0019557,23.7083,0.0476828
2025-11-14 00:00:00+00:00,-0.0104511,1.47694,0.527272,0.0830405,-0.00943595,1.37254,0.000439084,0.000170292,4.91207e-05,6.10539e-05,-0.00987154,23.0417,0.0462632
2025-11-15 00:00:00+00:00,0.000491843,1.47767,0.595409,0.107053,-0.00603634,1.0861,0.000347535,0.000104043,3.53914e-05,-0.000451784,0.00146355,21.9375,0.0411535
2025-11-16 00:00:00+00:00,0.00821177,1.4898,0.738556,0.122943,-0.00428076,1.95393,0.0006254,0.000171493,8.8286e-05,-0.000900872,0.0100043,26.2292,0.0425802
2025-11-17 00:00:00+00:00,-0.00752734,1.47859,0.898934,0.0951162,-0.0169267,3.95277,0.00126539,0.000290858,0.000285989,-3.8364e-05,-0.00561583,29.2292,0.0518026
2025-11-18 00:00:00+00:00,0.00425717,1.48489,0.835473,0.10072,-0.00625796,2.43294,0.000778687,0.000278142,0.000121172,-0.000100234,0.00557278,29.0417,0.0502872
2025-11-19 00:00:00+00:00,0.000229277,1.48523,0.718661,0.0930283,-0.0134962,2.42003,0.000774462,0.000376264,0.000123765,-1.76987e-05,0.001558,25.25,0.0520614
2025-11-20 00:00:00+00:00,0.0135448,1.50534,1.03146,0.149478,-0.00568019,2.98247,0.000954685,0.000503321,0.000153338,-9.96272e-05,0.0151964,28.4167,0.0507635
2025-11-21 00:00:00+00:00,0.0146058,1.52733,0.776625,0.0848409,-0.00254147,3.61043,0.00115586,0.000344857,0.000245965,-5.39884e-06,0.0163185,28.9583,0.0520635
2025-11-22 00:00:00+00:00,-0.0100504,1.51198,0.778622,0.0764995,-0.000337015,3.16931,0.00101405,0.000246142,0.000217389,-6.47517e-05,-0.0084378,28.7083,0.0568575
2025-11-23 00:00:00+00:00,0.00314554,1.51674,0.968652,0.132784,-0.0120397,1.89414,0.000606197,0.000164073,0.000115991,-2.07876e-05,0.00406708,30,0.0576686
2025-11-24 00:00:00+00:00,0.00670007,1.5269,1.31799,0.155331,-0.00968289,3.28468,0.00105131,0.000199668,0.000287043,-0.000102782,0.00835842,30,0.0591731
2025-11-25 00:00:00+00:00,-0.00832886,1.51418,1.21296,0.201141,-0.00978741,2.36107,0.000755436,0.000183109,0.000114924,0.00026143,-0.00751288,30,0.0571262
2025-11-26 00:00:00+00:00,0.00339898,1.51933,1.07806,0.195991,0.00121094,2.67277,0.000855405,0.000239303,0.000127804,-0.000337909,0.00499114,29.625,0.0548334
2025-11-27 00:00:00+00:00,0.00259932,1.52328,1.0153,0.170172,-0.00185788,2.21899,0.000710181,0.000258252,8.69601e-05,0.000544596,0.00314148,27.8958,0.0572189
2025-11-28 00:00:00+00:00,0.0115978,1.54094,1.12677,0.169426,-0.0140452,3.53079,0.00113025,0.000561798,0.000158177,0.000453603,0.0129556,25.9167,0.0583291
2025-11-29 00:00:00+00:00,0.0022291,1.54438,0.595434,0.0873676,-0.00927337,1.71583,0.000549098,0.000341093,6.04135e-05,0.000161087,0.00302347,22.2292,0.06022
2025-11-30 00:00:00+00:00,0.002717,1.54857,0.769995,0.120579,-0.014902,2.33463,0.000747167,0.000438252,7.82499e-05,-0.000131094,0.00412219,21.8125,0.0618225
2025-12-01 00:00:00+00:00,-0.00291355,1.54406,0.802292,0.071033,-0.0233605,3.51994,0.00112662,0.000498135,0.000229626,-0.0012881,0.000291886,27.6875,0.0628577
2025-12-02 00:00:00+00:00,0.00572564,1.5529,0.764479,0.11017,-0.010785,2.59222,0.000829706,0.000182348,0.000131913,-0.000512908,0.00740795,28.6667,0.0635292
2025-12-03 00:00:00+00:00,0.00276279,1.55719,0.893377,0.159905,-0.00653594,2.54531,0.000814597,0.00015444,0.000129682,0.000557146,0.00333105,27.1875,0.0658337
2025-12-04 00:00:00+00:00,-0.00797271,1.54478,0.745203,0.162181,-0.00490456,1.88692,0.000603719,0.000145013,8.69485e-05,0.000418185,-0.00755773,26.2708,0.0651502
2025-12-05 00:00:00+00:00,0.00537669,1.55308,0.533276,0.108856,-0.00504021,1.56387,0.000500525,0.000124078,6.5926e-05,0.000190173,0.00587235,24.8958,0.0644746
2025-12-06 00:00:00+00:00,-0.000499044,1.55231,0.506532,0.0785719,-0.0106932,1.45801,0.00046657,0.000116748,5.57682e-05,-0.000808226,0.000953394,23.2708,0.0636325
2025-12-07 00:00:00+00:00,0.00918976,1.56657,1.30425,0.190909,-0.00953405,4.37243,0.00139958,0.000389594,0.000237164,-0.000360734,0.0115873,28.7917,0.0647978
2025-12-08 00:00:00+00:00,-0.00401969,1.56028,0.577783,0.0979363,-0.0135267,2.57618,0.000824112,0.000238951,0.000194727,-0.000179983,-0.00256249,25.125,0.066188
2025-12-09 00:00:00+00:00,-0.00345886,1.55488,0.675673,0.0978532,-0.0033015,1.91261,0.000612045,0.000165097,8.65831e-05,-2.17845e-05,-0.00255736,23.5833,0.0667079
2025-12-10 00:00:00+00:00,0.009074,1.56899,0.600359,0.0702741,-0.0120296,1.90213,0.000608815,0.000104195,8.48585e-05,4.51952e-05,0.00979968,24.75,0.0657536
2025-12-11 00:00:00+00:00,0.00335869,1.57426,0.779882,0.0718238,-0.0116024,2.62328,0.000839541,0.000163804,0.0001329,0.000169088,0.00433627,28.3125,0.0684749
2025-12-12 00:00:00+00:00,0.00538694,1.58274,1.08306,0.146832,-0.0240181,3.55321,0.00113725,0.000199074,0.000212702,0.000116001,0.00683817,27.8958,0.0703609
2025-12-13 00:00:00+00:00,-0.00353285,1.57715,0.389205,0.0307002,-0.0125914,1.38555,0.000443298,9.12362e-05,5.84792e-05,-0.000493798,-0.0024305,22.0833,0.069205
2025-12-14 00:00:00+00:00,0.00580135,1.5863,0.557742,0.0595869,-0.0160267,1.88446,0.000603144,0.000100537,7.093e-05,-0.000252393,0.00681868,22.6042,0.0697133
2025-12-15 00:00:00+00:00,0.00853668,1.59984,0.821827,0.0532065,-0.0232748,3.27123,0.00104709,0.000323845,0.000210233,0.000151857,0.00995191,26.9792,0.0728489
2025-12-16 00:00:00+00:00,0.0058004,1.60912,0.494667,-0.00329338,-0.0110962,1.5967,0.000511035,0.000110571,6.95519e-05,0.000743224,0.00573952,25.6458,0.0737571
2025-12-17 00:00:00+00:00,0.012925,1.62992,0.593251,0.0115466,-0.0139346,2.08791,0.000668362,0.000152096,0.000104941,-0.000165389,0.0139468,28.2083,0.0763652
2025-12-18 00:00:00+00:00,0.00599124,1.63968,0.591439,-0.00184781,-0.00221295,2.38775,0.000764234,0.000240493,0.000148653,-1.09247e-05,0.00715534,27.75,0.0794221
2025-12-19 00:00:00+00:00,-0.00043852,1.63896,0.80202,0.0294711,-0.00495877,3.08449,0.000987075,0.000324579,0.000252972,9.79217e-05,0.00104309,28.2708,0.0813615
2025-12-20 00:00:00+00:00,-0.00275693,1.63444,0.665569,0.0498372,-0.0101907,1.56981,0.000502351,0.000142957,8.10769e-05,-0.00015117,-0.00186569,25.25,0.0769438
2025-12-21 00:00:00+00:00,0.00517448,1.6429,0.592124,0.0356054,-0.0169944,1.81176,0.000579889,0.000150952,9.0593e-05,-0.000194594,0.00620812,24.4375,0.0752907
2025-12-22 00:00:00+00:00,0.00621041,1.6531,0.494322,0.0335005,-0.0146367,1.4836,0.000474881,0.000190311,8.59708e-05,-0.000144072,0.00710653,24.5208,0.0778307
2025-12-23 00:00:00+00:00,-0.00304212,1.64808,0.558367,0.0272333,-0.0174017,1.64771,0.000527262,0.000225448,6.76069e-05,-0.000123814,-0.00209382,25.9792,0.0783096
2025-12-24 00:00:00+00:00,-0.000341778,1.64751,0.451718,0.0301623,-0.0152838,1.18226,0.000378342,0.000175268,4.7908e-05,-0.000219998,0.000485459,24.5,0.0751472
2025-12-25 00:00:00+00:00,-0.00640136,1.63697,0.524031,0.0451362,-0.0192626,1.2017,0.000384487,0.000182272,5.12297e-05,-0.000303952,-0.00548246,21.5833,0.0697641
2025-12-26 00:00:00+00:00,-0.00574007,1.62757,0.738363,0.083298,-0.0218143,1.70258,0.000544811,0.000176056,8.85385e-05,-5.10114e-05,-0.00487117,25.7083,0.0664425
2025-12-27 00:00:00+00:00,-0.00195959,1.62438,1.0154,0.13452,-0.0277078,2.01387,0.000644481,0.000210138,9.76752e-05,0.000145095,-0.00111759,26.7917,0.0603484
2025-12-28 00:00:00+00:00,0.0148352,1.64848,1.58713,0.161919,-0.0437285,1.9248,0.000616194,0.000144921,9.70196e-05,-4.2991e-05,0.0156637,29.125,0.0614293
2025-12-29 00:00:00+00:00,-0.000275706,1.64802,0.586795,0.0779439,-0.0203582,2.68692,0.000859808,0.000358164,0.000206134,0.000146486,0.00102413,26.25,0.0658528
2025-12-30 00:00:00+00:00,0.0024851,1.65212,0.608959,0.0819094,-0.0239273,1.48381,0.000474866,0.000178179,6.2956e-05,-0.000152935,0.00337342,23.2083,0.0687714
2025-12-31 00:00:00+00:00,-0.00562442,1.64283,0.55201,0.0816519,-0.0219216,1.5121,0.000483931,0.000154761,6.51174e-05,-0.000204812,-0.00468469,25.0208,0.0660879
2026-01-01 00:00:00+00:00,-0.00766443,1.63024,0.598527,0.093075,-0.0159272,1.46012,0.000467147,0.000108297,6.10204e-05,0.000138145,-0.00718068,26.0833,0.0638262
2026-01-02 00:00:00+00:00,-0.0176779,1.60142,0.982891,0.193991,-0.019304,2.58286,0.000826297,0.0002398,0.000142949,0.000413913,-0.0169824,25.875,0.0628886
2026-01-03 00:00:00+00:00,-0.00241185,1.59755,0.512313,0.0843968,-0.0187398,1.13461,0.000363068,0.000125544,5.20025e-05,-9.31981e-05,-0.00176697,22.8125,0.0603857
2026-01-04 00:00:00+00:00,-0.00273205,1.59319,0.445854,0.0696069,-0.019384,0.979256,0.000313355,0.000116545,3.69948e-05,-0.000212066,-0.00204819,23.5625,0.0583222
2026-01-05 00:00:00+00:00,0.00853345,1.60679,0.427017,0.0461236,-0.0155921,1.31772,0.000421787,0.000130941,6.42996e-05,0.000592411,0.00853767,25.0208,0.0599439
2026-01-06 00:00:00+00:00,0.00237175,1.6106,0.456709,0.051411,-0.0166896,1.11631,0.000357258,0.000170909,4.89157e-05,-0.000643062,0.00360146,24.5833,0.0618095
2026-01-07 00:00:00+00:00,-0.00604798,1.60086,0.358565,0.0425596,-0.0137155,0.973421,0.000311438,0.00013414,6.62359e-05,-0.00016843,-0.00535161,21.0208,0.0579808
2026-01-08 00:00:00+00:00,-0.000700104,1.59973,0.372049,0.0524415,-0.0124136,0.950005,0.000304009,0.000206633,3.93464e-05,-0.000216473,8.52701e-05,19.875,0.0587084
2026-01-09 00:00:00+00:00,-0.00232866,1.59601,0.37277,0.0521977,-0.0115981,0.785208,0.000251266,0.000196548,3.40497e-05,-0.000148968,-0.00168801,18.75,0.0563867
2026-01-10 00:00:00+00:00,0.00184874,1.59896,0.318487,0.025505,-0.00594762,0.712182,0.000227914,0.000221972,3.84433e-05,2.4849e-06,0.00234099,15.3542,0.0560173
2026-01-11 00:00:00+00:00,0.000601919,1.59992,0.342242,0.0450963,-0.0111299,0.816055,0.000261143,0.000265691,4.28711e-05,6.24834e-05,0.00111292,15.5625,0.056212
2026-01-12 00:00:00+00:00,0.00794477,1.61263,0.428187,0.0718363,-0.0238672,1.57733,0.000504861,0.000430319,0.000112477,8.34197e-05,0.00888667,17.3542,0.0576659
2026-01-13 00:00:00+00:00,0.00252038,1.6167,0.61308,0.0766023,-0.0172892,2.18112,0.000698133,0.000497963,0.000106978,-1.9547e-05,0.00389309,19.8542,0.0589112
2026-01-14 00:00:00+00:00,0.00806623,1.62974,0.595327,0.0909953,-0.0136318,1.83867,0.000588603,0.000413621,9.04258e-05,-0.00027428,0.00946975,22.6042,0.0599982
2026-01-15 00:00:00+00:00,0.0077143,1.64231,0.726192,0.0954135,-0.00581801,2.66672,0.000853537,0.000530254,0.000145789,-0.000505312,0.00978936,24.5417,0.0638376
2026-01-16 00:00:00+00:00,-0.00315692,1.63713,0.750369,0.103529,-0.0157376,2.20064,0.000704193,0.00024729,8.99675e-05,-0.00101774,-0.00108434,26.6042,0.0609433
2026-01-17 00:00:00+00:00,0.00396254,1.64361,0.83033,0.123266,-0.0125303,1.84151,0.000589356,0.000125287,6.9924e-05,-0.00015142,0.00490057,24.9583,0.0611325
2026-01-18 00:00:00+00:00,-0.000296882,1.64313,0.584975,0.0791846,-0.0186691,1.08559,0.00034743,7.21024e-05,3.70313e-05,-0.000281141,0.000451358,21.0625,0.0617451
2026-01-19 00:00:00+00:00,0.0135219,1.66534,0.686398,0.0845016,-0.022729,3.14502,0.00100742,0.000204851,0.000344818,-0.000285574,0.0153464,26.125,0.0643213
2026-01-20 00:00:00+00:00,0.00495739,1.6736,0.524357,0.0862981,-0.013344,2.37097,0.000758802,0.000115686,0.000138573,6.69356e-06,0.0059661,25.8958,0.064159
2026-01-21 00:00:00+00:00,-0.00684104,1.66215,0.429779,0.0535781,-0.00895263,1.38963,0.000444629,9.65752e-05,6.0422e-05,4.58147e-05,-0.0062889,24.0833,0.0598551
2026-01-22 00:00:00+00:00,0.000179829,1.66245,0.352578,0.0544256,-0.00526776,0.742308,0.000237545,7.43342e-05,2.87598e-05,-0.00045758,0.000983969,21.8958,0.0582765
2026-01-23 00:00:00+00:00,-0.00052411,1.66158,0.492909,0.0854882,-0.00554515,1.31528,0.000420931,0.000105757,5.58836e-05,-0.000917779,0.00100048,23.2292,0.0552604
2026-01-24 00:00:00+00:00,-0.00990409,1.64512,0.645287,0.118977,-0.0116544,1.53702,0.000491729,0.000119359,7.73475e-05,-0.000382073,-0.00886814,21.5,0.0518131
2026-01-25 00:00:00+00:00,0.0106075,1.66257,0.733669,0.140249,-0.00067752,2.01713,0.00064563,0.000190829,8.69015e-05,0.000207187,0.0112832,22.6875,0.049476
2026-01-26 00:00:00+00:00,0.00471026,1.6704,0.687937,0.113777,-0.00463208,2.23193,0.000714487,0.000239623,0.000173032,-0.000228654,0.00607912,23.6667,0.0527704
2026-01-27 00:00:00+00:00,-0.0115323,1.65114,0.489226,0.0871868,-0.0126515,1.25923,0.000402859,0.000155414,4.97233e-05,-7.30354e-05,-0.0108976,18.75,0.049196
2026-01-28 00:00:00+00:00,0.00894939,1.66592,0.82058,0.193066,-0.00281213,2.02973,0.000649716,0.000368853,0.000100363,0.000331504,0.00974752,23.5833,0.0471714
2026-01-29 00:00:00+00:00,0.00425188,1.673,0.639816,0.113824,-0.00419157,2.06538,0.000661031,0.000365733,9.95522e-05,-3.80782e-05,0.00545588,23.2083,0.0496048
2026-01-30 00:00:00+00:00,0.0123516,1.69366,0.626075,0.122365,0.0048829,2.44258,0.000781933,0.000368506,0.000132478,0.000300365,0.013292,24.6042,0.0516194
2026-01-31 00:00:00+00:00,0.000763585,1.69496,0.438075,0.0698742,0.00042951,1.57946,0.000505484,0.000276018,8.9988e-05,0.000100711,0.00156001,23,0.0536835
2026-02-01 00:00:00+00:00,-0.00397294,1.68822,0.531267,0.0818456,0.00559596,1.56411,0.000500489,0.000321344,0.000104596,-4.83315e-05,-0.00296021,23.7708,0.0546192
2026-02-02 00:00:00+00:00,0.010422,1.70582,0.674484,0.0739561,0.00030766,1.57986,0.000506018,0.000277263,0.000243743,-9.15456e-05,0.0115402,27.0833,0.0537199
2026-02-03 00:00:00+00:00,-0.00933043,1.6899,0.72806,0.0687358,0.00380375,1.40403,0.000449186,0.000271716,0.000106721,-0.000427903,-0.00806546,29,0.0538437
2026-02-04 00:00:00+00:00,-0.0172352,1.66078,0.777957,0.0675861,9.44114e-05,1.06717,0.000341407,0.000141571,8.36404e-05,-0.00065766,-0.0161054,29,0.0498961
2026-02-05 00:00:00+00:00,-0.00232054,1.65692,0.764898,0.0376244,-0.00210036,1.78394,0.000570868,0.000528315,0.000116452,-0.000837216,-0.00020983,29,0.0444906
2026-02-06 00:00:00+00:00,0.0149537,1.6817,0.743719,0.0114849,-0.000347572,1.18415,0.000379045,0.000210757,0.000100276,-9.47124e-05,0.0156894,29.1875,0.0417872
2026-02-07 00:00:00+00:00,0.00187632,1.68485,0.849168,0.0382818,-0.00575155,1.01321,0.000324219,0.000138761,8.95393e-05,-0.000222557,0.00269113,30,0.0451129
2026-02-08 00:00:00+00:00,-0.0319766,1.63098,0.652736,0.0490062,0.00229975,1.00092,0.000320026,0.00022766,6.51555e-05,-0.00188575,-0.0298959,27.1875,0.0428349
2026-02-09 00:00:00+00:00,0.00908908,1.6458,0.754784,0.0455857,-0.00294877,0.312191,9.99802e-05,4.23345e-05,4.85779e-05,-0.00213368,0.0114359,24,0.037844
2026-02-10 00:00:00+00:00,-0.0244885,1.6055,0.833789,0.027024,-0.0168747,0.129993,4.1556e-05,4.51703e-05,1.34391e-05,-0.00315052,-0.0214869,24.8958,0.0352073
2026-02-11 00:00:00+00:00,-0.0329584,1.55258,0.809561,0.0187841,-0.0163219,0.18096,5.77814e-05,2.70698e-05,2.91546e-05,-0.00295427,-0.0303189,25,0.0267194
2026-02-12 00:00:00+00:00,0.000518923,1.55339,0.682358,0.0253673,-0.0160606,0.191311,6.12314e-05,1.38829e-05,1.11221e-05,-0.00164072,0.00226498,26.3542,0.0221408
2026-02-13 00:00:00+00:00,0.00582295,1.56244,0.719326,0.0389328,-0.0111528,0.173837,5.56449e-05,3.22532e-05,1.02026e-05,-0.00126173,0.00719107,26.2917,0.0231117
2026-02-14 00:00:00+00:00,-0.0115455,1.5444,0.803665,0.0458523,-0.0146576,0.17295,5.53239e-05,1.23317e-05,8.33238e-06,-0.00100771,-0.0104935,28.6667,0.0253971
2026-02-15 00:00:00+00:00,0.00926668,1.55871,0.777178,0.0649007,-0.0118016,0.26663,8.53493e-05,2.67397e-05,1.14322e-05,-0.00132207,0.0106948,29,0.0262723
2026-02-16 00:00:00+00:00,-0.00378106,1.55281,0.569402,0.0397936,-0.0137601,0.211182,6.75454e-05,1.46252e-05,2.35959e-05,-0.000794317,-0.0028619,28,0.0241027
2026-02-17 00:00:00+00:00,-0.00314926,1.54792,0.556809,0.0258136,-0.0135136,0.1257,4.02197e-05,3.0353e-05,1.00583e-05,-0.000939018,-0.00211589,28,0.0227421
2026-02-18 00:00:00+00:00,-0.00610609,1.53847,0.515582,-0.00474906,-0.0121108,0.593167,0.000189771,7.0567e-05,2.24591e-05,-0.00111824,-0.00469596,28,0.0239092
2026-02-19 00:00:00+00:00,-0.00484717,1.53102,0.47636,-0.0251549,-0.0163949,0.559104,0.000178879,9.07636e-05,2.82946e-05,-0.00139567,-0.0031403,28,0.0253854
2026-02-20 00:00:00+00:00,-0.00432327,1.5244,0.264264,-0.000897185,-0.00532302,1.01977,0.000326301,0.000127438,4.63394e-05,-0.00115033,-0.0026719,28.375,0.0229571
2026-02-21 00:00:00+00:00,0.00139194,1.52652,0.244089,0.0178022,-0.00359098,0.902148,0.0002887,0.000161151,4.88922e-05,-0.000548463,0.00244311,23.7708,0.0243854
2026-02-22 00:00:00+00:00,-0.00302782,1.5219,0.236363,-0.00718753,-0.0101845,0.794455,0.00025421,0.000162626,4.65269e-05,-0.000642391,-0.00192108,20.2292,0.0260143
2026-02-23 00:00:00+00:00,-0.012761,1.50248,0.118173,-0.00450719,-0.00457658,0.682303,0.000218285,0.000123719,6.41151e-05,-0.000168551,-0.0122601,14.5833,0.0188296
2026-02-24 00:00:00+00:00,0.00183626,1.50523,0.052667,0.00731377,-0.00441046,0.295685,9.46264e-05,5.42455e-05,3.08054e-05,-0.000246951,0.00226363,10.2292,0.0127023
2026-02-25 00:00:00+00:00,0.00319216,1.51004,0.110398,0.0348663,0.00371489,0.476033,0.000152347,3.9724e-05,4.34537e-05,-1.47136e-05,0.00344059,10.8958,0.0148831
2026-02-26 00:00:00+00:00,0.000431056,1.51069,0.187634,0.0355686,-0.00522486,0.924445,0.00029583,8.49217e-05,6.35215e-05,-0.000186976,0.00107443,22.9583,0.018876
2026-02-27 00:00:00+00:00,0.00169187,1.51325,0.19444,0.0431229,-0.00451854,0.87584,0.00028028,6.94537e-05,5.46502e-05,-9.677e-05,0.00219352,21.2708,0.0188639
2026-02-28 00:00:00+00:00,-0.00452893,1.50639,0.165421,0.0272576,0.000226442,0.691935,0.0002214,3.4528e-05,4.53521e-05,6.41605e-05,-0.00429649,19.1875,0.0181077
2026-03-01 00:00:00+00:00,-0.00144543,1.50421,0.141864,0.0247355,0.00288735,0.40714,0.000130284,1.96695e-05,3.63729e-05,3.94984e-05,-0.00129713,10.6875,0.0173694
2026-03-02 00:00:00+00:00,-0.00375869,1.49856,0.0931159,0.0156706,0.00206963,0.497529,0.000159195,3.15155e-05,5.52264e-05,-2.38037e-05,-0.00349116,10.6667,0.015287
2026-03-03 00:00:00+00:00,-7.14763e-06,1.49855,0.136294,0.0192477,0.00366502,0.672474,0.000215193,4.31106e-05,4.33497e-05,-8.00767e-05,0.000376694,13.7917,0.0160371
2026-03-04 00:00:00+00:00,0.00902916,1.51208,0.348705,0.0517752,0.00772361,1.01285,0.000324188,5.00355e-05,5.23819e-05,1.77486e-05,0.00940545,22.7917,0.0218332
2026-03-05 00:00:00+00:00,0.000497931,1.51283,0.426891,0.0605914,0.00444833,1.01158,0.000323714,5.8922e-05,5.80852e-05,-4.03901e-05,0.000988173,22.9792,0.0258233
2026-03-06 00:00:00+00:00,0.000573902,1.5137,0.281807,0.0384093,0.00429882,0.858863,0.000274844,7.9513e-05,4.59135e-05,-1.01931e-05,0.000988462,19.3542,0.0236144
2026-03-07 00:00:00+00:00,0.00392504,1.51964,0.354089,0.0274835,0.00192454,1.00103,0.000320366,9.14832e-05,4.37551e-05,2.02248e-05,0.00435978,20.2292,0.0261719
2026-03-08 00:00:00+00:00,-0.00235032,1.51607,0.38828,0.0248078,-0.00730483,0.913415,0.000292284,4.16183e-05,4.25425e-05,0.000115935,-0.00208424,20.1042,0.0284835
2026-03-09 00:00:00+00:00,-0.00245364,1.51235,0.41187,0.0347597,-0.00385709,0.944467,0.000302211,6.89223e-05,5.39762e-05,0.000988031,-0.00300977,18.0417,0.0288558
2026-03-10 00:00:00+00:00,-0.00242769,1.50868,0.302661,-0.00569121,-0.00696955,0.768432,0.000245902,0.000114417,3.42708e-05,6.86635e-05,-0.00209048,17.8958,0.0283901
2026-03-11 00:00:00+00:00,-0.00125302,1.50679,0.341741,0.0112173,0.000491919,0.955199,0.000305677,0.000156764,4.41433e-05,-4.03003e-05,-0.000694156,17.3125,0.0289354
2026-03-12 00:00:00+00:00,-0.00623439,1.4974,0.219118,-0.00173041,-0.00943463,0.753281,0.00024102,0.000196537,3.59879e-05,-0.000168064,-0.00560719,16.9583,0.025046
2026-03-13 00:00:00+00:00,-0.00211593,1.49423,0.139274,0.00194501,-0.00155154,0.531215,0.00016998,0.00011437,2.55645e-05,-0.000193956,-0.00160775,14.25,0.0193634
2026-03-14 00:00:00+00:00,-0.000202934,1.49392,0.0955292,-0.00150313,-0.00160084,0.431136,0.000137963,9.15025e-05,2.65209e-05,-5.95959e-05,0.000113381,11.5417,0.0162472
2026-03-15 00:00:00+00:00,0.00162767,1.49636,0.136237,0.0149907,0.0055069,0.499634,0.000159892,3.82073e-05,2.26173e-05,-0.000138799,0.00198808,11.75,0.0166666
2026-03-16 00:00:00+00:00,-0.000385432,1.49578,0.283279,0.0299004,0.00950221,0.992111,0.000317473,9.42254e-05,4.86069e-05,-0.00012517,0.000208033,16.6667,0.0210191
2026-03-17 00:00:00+00:00,7.24022e-06,1.49579,0.220987,0.0306253,0.0156851,0.730898,0.000233908,0.000110017,3.44135e-05,1.81674e-05,0.000370256,17.2292,0.018298
2026-03-18 00:00:00+00:00,-0.00354901,1.49048,0.191107,0.0123707,0.00343983,0.593766,0.000189991,9.41501e-05,2.5878e-05,-0.000514118,-0.00272861,16.3333,0.0180804
2026-03-19 00:00:00+00:00,-0.00345006,1.48534,0.125317,0.00288161,-0.00539406,0.469851,0.000150341,6.46439e-05,2.13046e-05,-0.000981854,-0.00223512,13.8958,0.0159925
2026-03-20 00:00:00+00:00,0.000598495,1.48623,0.116776,0.00267777,-0.0108073,0.501699,0.000160546,6.29435e-05,2.27573e-05,-0.000116477,0.00096397,14.9167,0.015861
2026-03-21 00:00:00+00:00,-0.00254851,1.48244,0.0894563,0.017061,-0.00459777,0.446032,0.000142725,6.11216e-05,2.00558e-05,-1.29269e-05,-0.00231354,11.5,0.0154488
2026-03-22 00:00:00+00:00,-0.000379909,1.48188,0.0170975,0.00202098,-0.00247069,0.15035,4.81116e-05,3.14086e-05,9.45334e-06,-7.92507e-06,-0.000283048,5.72917,0.00845186
2026-03-23 00:00:00+00:00,0.000140024,1.48208,0.00843886,0.00264206,0.00175976,0.0821774,2.62969e-05,3.47473e-06,2.86483e-06,-6.06373e-07,0.00017327,2.95833,0.00630756
2026-03-24 00:00:00+00:00,-0.00127668,1.48019,0.0771105,0.0121699,0.00628703,0.293781,9.40081e-05,1.27122e-05,9.53926e-06,-2.30636e-06,-0.00115856,8.58333,0.0109423
2026-03-25 00:00:00+00:00,0.00082477,1.48141,0.0518705,0.0170296,0.00893574,0.31832,0.000101864,1.27543e-05,1.42039e-05,-2.26573e-05,0.000976098,9.85417,0.010592
2026-03-26 00:00:00+00:00,0.000488804,1.48214,0.0694734,0.0141483,4.94478e-05,0.519776,0.000166332,6.31137e-05,2.8254e-05,-5.83811e-05,0.0008057,10.8125,0.0140433
2026-03-27 00:00:00+00:00,-0.00613396,1.47305,0.10938,-0.00731115,-0.00813754,0.508839,0.000162811,5.21338e-05,2.33996e-05,-0.000206661,-0.0057018,13.4792,0.0169512
2026-03-28 00:00:00+00:00,0.00431588,1.4794,0.109757,0.0132664,-0.00147468,0.388698,0.000124394,3.65729e-05,1.70623e-05,-1.73464e-05,0.00450533,11.5625,0.0148872
2026-03-29 00:00:00+00:00,0.0013381,1.48138,0.199895,0.0400346,0.00711889,0.567807,0.000181705,6.03697e-05,2.56897e-05,-1.43799e-05,0.00162048,15.3125,0.0190335
2026-03-30 00:00:00+00:00,0.00272698,1.48542,0.307411,0.025293,0.00305123,0.866676,0.000277354,6.12654e-05,4.2579e-05,5.23571e-05,0.00305466,14.0625,0.0221323
2026-03-31 00:00:00+00:00,0.00274122,1.4895,0.265751,0.0178662,-0.00104558,0.717489,0.000229618,4.55312e-05,3.39631e-05,-2.45725e-05,0.00307433,13.8958,0.0228813
2026-04-01 00:00:00+00:00,0.00153083,1.49178,0.491175,-0.00314334,0.000817189,1.05101,0.000336329,5.65274e-05,4.94607e-05,-1.48929e-05,0.00199427,17.8542,0.0277808
2026-04-02 00:00:00+00:00,-0.00557575,1.48346,0.362497,-0.0180565,-0.0107472,1.25348,0.000401091,9.03209e-05,7.20202e-05,0.000187075,-0.00519149,20.3542,0.0282874
2026-04-03 00:00:00+00:00,0.0029449,1.48783,0.431848,0.0144858,-0.01035,1.14927,0.000367804,9.16159e-05,5.74199e-05,0.000102267,0.00337079,18.5,0.0283032
2026-04-04 00:00:00+00:00,-0.00629414,1.47846,0.380874,0.0496222,-0.00128176,0.728636,0.000233126,7.06915e-05,4.10711e-05,-0.000696321,-0.00526449,18.9583,0.0283942
2026-04-05 00:00:00+00:00,0.00156715,1.48078,0.228885,0.068643,0.00431033,0.586605,0.000187722,0.000117304,3.46337e-05,-0.00020975,0.00211952,16.1875,0.0238895
2026-04-06 00:00:00+00:00,-0.00129238,1.47886,0.384965,0.063652,0.0025711,0.75458,0.000241449,6.7557e-05,6.74365e-05,-3.03111e-05,-0.000871749,14.9583,0.0263713
2026-04-07 00:00:00+00:00,0.00612075,1.48792,0.298108,0.0562695,-0.00453847,0.705545,0.000225825,5.98593e-05,4.86201e-05,-0.000349517,0.00680137,13.8333,0.0261123
2026-04-08 00:00:00+00:00,0.0071051,1.49849,0.455913,0.0495756,0.00099454,0.90457,0.000289499,5.79614e-05,5.91882e-05,-0.000208487,0.00770693,18.6042,0.029511
2026-04-09 00:00:00+00:00,-0.00429608,1.49205,0.335702,0.0483813,-0.00846055,1.40551,0.000449714,0.000136392,6.85417e-05,-0.000344851,-0.00329791,22.1875,0.0285922
2026-04-10 00:00:00+00:00,0.00365213,1.4975,0.500894,0.0748416,-0.0112763,1.70882,0.000546902,0.000121633,7.55407e-05,-0.000198342,0.00460439,22.6667,0.0287306
2026-04-11 00:00:00+00:00,0.000273442,1.49791,0.436092,0.0645417,0.000633952,0.709717,0.00022712,0.000125289,3.59155e-05,4.42088e-05,0.000624497,20.7708,0.0306532
2026-04-12 00:00:00+00:00,0.00109909,1.49956,0.334639,0.0542183,0.00366828,0.752976,0.000240959,0.000139189,3.90304e-05,9.28326e-06,0.00151422,19.1458,0.0286333
2026-04-13 00:00:00+00:00,0.00894169,1.51296,0.438834,0.0679598,0.000262527,1.00875,0.000322889,0.000149689,6.99379e-05,-6.47711e-05,0.00952825,19.7292,0.0314544
2026-04-14 00:00:00+00:00,0.00270589,1.51706,0.51697,0.0453231,0.00697074,1.02184,0.00032704,0.000116996,6.27447e-05,-0.00026796,0.00350085,21.7292,0.0363193
2026-04-15 00:00:00+00:00,-0.00655289,1.50712,0.544109,0.0592592,0.00340149,1.31673,0.000421287,0.000144199,8.06698e-05,0.000140484,-0.00602412,24.3958,0.0370853
2026-04-16 00:00:00+00:00,-0.0238607,1.47116,0.508635,0.114867,-0.00385106,1.42773,0.00045663,0.00015643,8.65487e-05,9.19149e-05,-0.0235102,22.9583,0.0334451
2026-04-17 00:00:00+00:00,0.0155035,1.49396,0.492056,0.11906,0.00540632,1.48112,0.00047422,0.000179628,7.7184e-05,-5.72176e-05,0.0162118,23.6667,0.0315804
2026-04-18 00:00:00+00:00,-0.00117755,1.4922,0.427076,0.118226,0.00450333,0.958465,0.000306689,9.96545e-05,7.09171e-05,-0.000800392,0.000130894,24.4375,0.0325759
2026-04-19 00:00:00+00:00,0.00401949,1.4982,0.590221,0.113761,0.0005969,1.36305,0.000436238,0.000141815,7.35293e-05,-0.000187063,0.00486184,24.2708,0.0358513
2026-04-20 00:00:00+00:00,0.00803995,1.51025,0.650412,0.100963,-0.00442389,1.43862,0.00046043,0.000179299,9.28807e-05,-0.000125212,0.00887999,24.8333,0.0377607
2026-04-21 00:00:00+00:00,0.00114093,1.51197,0.530099,0.136395,-0.00628812,1.07786,0.000344923,0.000148108,5.2253e-05,6.58909e-05,0.00163722,24,0.0379565
2026-04-22 00:00:00+00:00,0.00885905,1.52537,0.707591,0.123128,-0.00293892,1.5039,0.000481374,0.000184716,6.06357e-05,2.08331e-05,0.0095451,25.8125,0.043192
2026-04-23 00:00:00+00:00,-0.000953483,1.52391,0.801664,0.110865,-0.0287336,1.80475,0.000577542,0.000367519,8.78587e-05,2.1075e-06,0.00010458,29.1458,0.04515
2026-04-24 00:00:00+00:00,-0.0158386,1.49978,0.611888,0.137335,-0.011296,1.63584,0.000523161,0.000276037,8.38768e-05,-0.00032001,-0.0146663,24.1042,0.0409651
2026-04-25 00:00:00+00:00,0.000683679,1.5008,0.47578,0.104758,-0.0119144,0.926508,0.000296484,0.000175562,3.61943e-05,9.73021e-05,0.00110557,20.1042,0.040182
2026-04-26 00:00:00+00:00,0.00879011,1.51399,0.418518,0.112194,-0.00936686,0.923402,0.000295548,0.000139387,4.57749e-05,4.23078e-05,0.00919645,20.0417,0.0422126
2026-04-27 00:00:00+00:00,-0.000102824,1.51384,0.492869,0.0861893,-0.00987726,1.17944,0.000377424,0.000299043,6.88956e-05,4.48426e-05,0.000606918,19.5417,0.0445513
2026-04-28 00:00:00+00:00,-0.00138452,1.51174,0.434359,0.0874718,-0.00449124,0.955701,0.000305813,0.000271264,4.70547e-05,3.50242e-05,-0.000792851,18.3125,0.0396271
2026-04-29 00:00:00+00:00,-0.00520622,1.50387,0.41457,0.0632672,-0.00840544,0.763714,0.000244364,7.47999e-05,3.14576e-05,-0.000268212,-0.00458071,17.0833,0.0389308
2026-04-30 00:00:00+00:00,0.00852963,1.5167,0.530269,0.108374,-0.00131257,1.47763,0.00047297,0.000247528,6.78742e-05,8.3848e-05,0.0092149,18.9792,0.0394458
2026-05-01 00:00:00+00:00,0.00077419,1.51787,0.656113,0.118648,0.00510569,1.45453,0.000465446,0.000223497,7.64964e-05,6.65602e-05,0.00148694,22.7083,0.0431862
2026-05-02 00:00:00+00:00,-0.00855869,1.50488,0.395563,0.0634177,0.000831975,0.836016,0.000267466,0.000143192,3.79286e-05,7.68216e-05,-0.00820589,17.9167,0.040855
2026-05-03 00:00:00+00:00,0.00244393,1.50856,0.419915,0.0981861,0.00136882,0.679512,0.000217446,0.000123249,3.67113e-05,3.58296e-05,0.0027943,15.2708,0.0442086
2026-05-04 00:00:00+00:00,0.00394884,1.51452,0.553118,0.107784,0.00211381,1.30022,0.000416163,0.000179799,0.000103996,0.000125942,0.00455126,19.625,0.0458634
2026-05-05 00:00:00+00:00,0.00358832,1.51995,0.72508,0.154671,0.00583239,1.44982,0.000464008,0.000164788,8.40932e-05,0.000154111,0.00415644,24.75,0.0466711
2026-05-06 00:00:00+00:00,-0.00984621,1.50498,0.680867,0.134066,-0.00701219,1.25667,0.000402079,0.000139176,6.91095e-05,8.14563e-05,-0.00934728,26,0.0453499
2026-05-07 00:00:00+00:00,-0.0053955,1.49686,0.64923,0.135858,0.000462424,1.25401,0.000401257,0.00013275,6.40462e-05,-0.000217337,-0.00456344,21.2917,0.0405559
2026-05-08 00:00:00+00:00,-0.00793154,1.48499,0.5629,0.126504,0.00140658,1.36995,0.0004383,8.28587e-05,6.91878e-05,-0.000100148,-0.00726111,20.7083,0.0346419
2026-05-09 00:00:00+00:00,-0.000647621,1.48403,0.456069,0.125405,0.0061212,0.816325,0.000261203,5.42871e-05,4.84679e-05,-1.9503e-05,-0.000253698,20.1667,0.0327862
2026-05-10 00:00:00+00:00,0.000636774,1.48498,0.466148,0.13012,0.00501884,0.831893,0.000266199,4.8031e-05,4.25869e-05,3.19334e-05,0.000977197,16.0208,0.034271
2026-05-11 00:00:00+00:00,0.0037886,1.4906,0.633804,0.134776,0.000484585,1.12271,0.000359313,0.000129313,5.78885e-05,1.93997e-05,0.00431873,20.125,0.0381954
2026-05-12 00:00:00+00:00,-0.00832227,1.4782,0.532386,0.122224,-0.00680929,1.073,0.000343305,0.00021624,6.23408e-05,-4.26416e-05,-0.00767318,20.7292,0.0374299
2026-05-13 00:00:00+00:00,0.000542354,1.479,0.551909,0.132795,0.00426988,1.22936,0.000393398,0.000215116,6.66784e-05,-3.9836e-05,0.00126872,22.2083,0.036997
2026-05-14 00:00:00+00:00,0.00527608,1.4868,0.663744,0.135147,0.00192211,1.818,0.000581879,0.000214284,0.00010558,4.34889e-07,0.00617677,23.2917,0.0382192
2026-05-15 00:00:00+00:00,0.00877431,1.49985,0.812306,0.164018,0.00450976,2.16889,0.000694194,0.000173787,0.000140617,-0.000101451,0.00986431,24.0625,0.0422032
2026-05-16 00:00:00+00:00,-0.00435045,1.49332,0.520828,0.0932001,-0.0145863,1.91192,0.00061178,0.000216288,0.000108968,-0.00104919,-0.00233235,24.5,0.0465476
2026-05-17 00:00:00+00:00,0.000475035,1.49403,0.524826,0.0954606,-0.010605,1.60514,0.000513715,0.00020977,7.27777e-05,-0.00024126,0.0015355,19.2708,0.0442426
2026-05-18 00:00:00+00:00,-0.00270519,1.48999,0.736364,0.11845,-0.0256749,2.27206,0.000726982,0.000419272,0.000165087,-9.91745e-05,-0.001264,23.3958,0.0427391
2026-05-19 00:00:00+00:00,0.00247982,1.49368,0.834836,0.137732,-0.0144549,1.75128,0.000560438,0.000209686,9.21486e-05,-1.4638e-07,0.00336276,21.1458,0.0416444
2026-05-20 00:00:00+00:00,0.0040983,1.49981,0.738111,0.120807,-0.0150645,1.73858,0.000556409,0.000332406,0.000105282,-2.23386e-05,0.00512685,19.9375,0.0414689
2026-05-21 00:00:00+00:00,-0.00624116,1.49045,0.697821,0.119173,-0.00598433,1.95168,0.000624479,0.000423042,0.000120911,4.12134e-05,-0.00510377,21.4375,0.040728
2026-05-22 00:00:00+00:00,-0.0117632,1.47291,0.53257,0.092438,-0.0104233,1.23731,0.000395809,0.000247216,7.43575e-05,2.16712e-05,-0.0111195,20.5417,0.0371641
2026-05-23 00:00:00+00:00,-0.00395206,1.46709,0.353742,0.0750187,-0.00777485,0.885429,0.000283323,0.000130357,4.30037e-05,2.27036e-05,-0.00351164,17.6042,0.033697
2026-05-24 00:00:00+00:00,-0.00180878,1.46444,0.339522,0.0437547,-0.00339783,0.784861,0.000251155,0.000114197,3.21828e-05,-2.51723e-06,-0.00140394,16.2292,0.0329003
2026-05-25 00:00:00+00:00,-0.000307529,1.46399,0.384319,0.0700536,-0.00641095,1.08285,0.000346538,0.000143624,5.73462e-05,-3.79187e-05,0.000291036,16.6042,0.0326563
2026-05-26 00:00:00+00:00,-0.00236926,1.46052,0.505258,0.116449,0.00241155,0.896966,0.00028703,0.000142101,4.37458e-05,-0.000111117,-0.00177478,18.875,0.0342716
2026-05-27 00:00:00+00:00,0.00221619,1.46376,0.460581,0.0999667,-0.00357475,1.17726,0.00037677,0.000176418,6.47567e-05,-6.19751e-05,0.00291034,19.5625,0.0354005
2026-05-28 00:00:00+00:00,0.00936333,1.47746,0.468258,0.0690505,-0.000722148,2.208,0.000706783,0.000361176,0.000157819,6.52174e-05,0.0105037,22.125,0.0380707
2026-05-29 00:00:00+00:00,-0.00270626,1.47346,0.510147,0.0358185,-0.00243883,2.48637,0.000795657,0.000374456,0.000167446,-5.5567e-05,-0.00129462,24.0417,0.03998
2026-05-30 00:00:00+00:00,0.00620658,1.48261,0.619117,0.110855,-0.00233612,1.54785,0.000495396,0.000255283,0.000102252,-0.000106001,0.00716337,22.3125,0.0392836
2026-05-31 00:00:00+00:00,0.000462122,1.48329,0.69365,0.176207,-0.00526485,1.57542,0.000504173,0.000204185,9.24937e-05,9.26461e-05,0.00119295,22.875,0.0407403
2026-06-01 00:00:00+00:00,-0.0171839,1.45781,0.529824,0.143901,-0.0118427,1.8712,0.000598572,0.000278995,0.000172756,-7.18978e-05,-0.0161629,22.0208,0.0371749
2026-06-02 00:00:00+00:00,-0.00701748,1.44758,0.33338,0.131014,-0.0118623,1.04638,0.000334838,9.60693e-05,3.49412e-05,5.03367e-05,-0.00658835,19.9583,0.029938
2026-06-03 00:00:00+00:00,-0.0106265,1.43219,0.285228,0.109023,-0.000740655,0.712512,0.000227958,9.45814e-05,3.05788e-05,-2.89537e-06,-0.010315,20.3333,0.0268402
2026-06-04 00:00:00+00:00,6.57343e-05,1.43229,0.191231,0.0644102,0.000120177,0.529154,0.000169343,8.13358e-05,2.47397e-05,3.53962e-05,0.000311711,18.6458,0.0231356
2026-06-05 00:00:00+00:00,-0.00215519,1.4292,0.146936,0.0407733,0.000324457,0.555696,0.000177822,0.000102944,2.34555e-05,0.000105388,-0.00195423,18.6875,0.0208683
2026-06-06 00:00:00+00:00,-0.00532941,1.42158,0.0974892,0.010572,4.9514e-05,0.344254,0.000110148,6.83308e-05,1.44145e-05,-1.13915e-05,-0.0051365,15.1458,0.0180275
2026-06-07 00:00:00+00:00,-0.0014506,1.41952,0.0332853,0.00346578,-0.00193791,0.167667,5.36525e-05,4.21979e-05,1.03157e-05,-7.40387e-05,-0.00126955,9.33333,0.0115969
2026-06-08 00:00:00+00:00,0.000905127,1.42081,0.0441049,0.00628248,-0.00107028,0.277261,8.87271e-05,4.13482e-05,1.10698e-05,1.77016e-05,0.00102959,11.625,0.0126182
2026-06-09 00:00:00+00:00,-0.000184662,1.42054,0.0679549,0.0142279,-0.00155793,0.306626,9.81209e-05,2.28391e-05,9.37968e-06,5.84838e-06,-5.94995e-05,13.6875,0.0137336
2026-06-10 00:00:00+00:00,0.000562064,1.42134,0.105601,0.0165879,0.000827564,0.572628,0.000183243,4.30924e-05,1.9336e-05,3.67689e-05,0.000773178,16.7708,0.0162118
2026-06-11 00:00:00+00:00,-6.05698e-05,1.42126,0.0796027,0.0149549,-0.000748419,0.407571,0.000130426,6.84068e-05,1.42398e-05,3.22429e-05,0.000121319,14.6042,0.0175656
2026-06-12 00:00:00+00:00,0.00129238,1.42309,0.085033,0.0155438,-0.00264023,0.344256,0.000110166,3.78854e-05,8.92431e-06,1.03899e-05,0.00143877,12.4167,0.0168768
2026-06-13 00:00:00+00:00,-0.00586184,1.41475,0.149243,0.0550813,0.00163079,0.404071,0.000129277,7.52791e-05,1.37052e-05,1.02928e-05,-0.00566556,12.6458,0.0201345
2026-06-14 00:00:00+00:00,-0.00107682,1.41323,0.117824,0.0403337,0.00148242,0.2439,7.80461e-05,5.7825e-05,6.04948e-06,7.4744e-06,-0.000941147,10.0208,0.0208505
2026-06-15 00:00:00+00:00,-5.65808e-05,1.41315,0.10992,0.0342478,0.00606557,0.301147,9.63678e-05,7.60783e-05,1.89025e-05,5.40462e-06,0.000132619,11.0417,0.0209281
2026-06-16 00:00:00+00:00,-0.00552761,1.40534,0.11007,0.0391532,0.00193184,0.32369,0.000103565,8.13393e-05,1.63875e-05,2.98079e-05,-0.00536875,14.4375,0.0206459
2026-06-17 00:00:00+00:00,-0.00570509,1.39732,0.0733188,0.0244601,-0.000791219,0.293785,9.39963e-05,7.97716e-05,1.82325e-05,3.63373e-05,-0.0055564,13.4167,0.0170719
2026-06-18 00:00:00+00:00,-0.00212867,1.39434,0.0347774,0.0121927,0.000162991,0.184642,5.90822e-05,6.95579e-05,1.1447e-05,-1.08922e-05,-0.00197845,10.125,0.0131419
2026-06-19 00:00:00+00:00,0.00157548,1.39654,0.0500139,0.0179826,-0.00168515,0.19636,6.28389e-05,5.95368e-05,9.62266e-06,-9.81292e-06,0.00171678,9.91667,0.0153098
2026-06-20 00:00:00+00:00,0.00248563,1.40001,0.159185,0.0540049,0.00156593,0.404985,0.000129604,8.26811e-05,1.26323e-05,2.42474e-05,0.00268428,15.1667,0.0232153
2026-06-21 00:00:00+00:00,-0.000898456,1.39875,0.187861,0.0566788,0.00224349,0.359511,0.000115043,9.96938e-05,1.12445e-05,9.09157e-05,-0.000762262,15.2292,0.0252401
2026-06-22 00:00:00+00:00,-0.000924638,1.39746,0.203727,0.0444892,0.00507152,0.390442,0.000124944,7.4539e-05,1.14897e-05,0.00042075,-0.00113175,14.1458,0.0260233
2026-06-23 00:00:00+00:00,-0.00118475,1.3958,0.124381,0.0213019,-0.00475206,0.366954,0.000117426,6.36701e-05,1.04891e-05,0.000264393,-0.00125286,13.3333,0.0238257
2026-06-24 00:00:00+00:00,0.0018464,1.39838,0.0844057,0.0200875,-0.00456542,0.462472,0.000147998,7.15815e-05,1.316e-05,0.00011579,0.00196388,13.6875,0.021782
2026-06-25 00:00:00+00:00,-0.00083542,1.39721,0.0817152,0.0174785,-0.00140841,0.384553,0.000123052,0.000114059,1.51632e-05,5.24048e-05,-0.0006337,15.0208,0.0212859
2026-06-26 00:00:00+00:00,-0.0027151,1.39342,0.0340443,0.00406282,-0.00281037,0.134049,4.28928e-05,6.20137e-05,6.02158e-06,3.04722e-05,-0.00263655,8.79167,0.0186602
2026-06-27 00:00:00+00:00,-0.00346555,1.38859,0.0232275,0.00470526,-0.00134143,0.0814207,2.60523e-05,1.94421e-05,2.92176e-06,2.25058e-05,-0.00344438,6.5625,0.0155852
2026-06-28 00:00:00+00:00,-0.00042171,1.38801,0.0213639,0.00442968,-0.00125358,0.0903282,2.89048e-05,4.96006e-05,3.99573e-06,9.3095e-06,-0.000348356,6.75,0.0145032
2026-06-29 00:00:00+00:00,-0.000333908,1.38754,0.0198692,0.0065038,0.000881395,0.109052,3.48971e-05,7.32204e-05,6.21229e-06,-2.84831e-06,-0.000216492,5.29167,0.015322
2026-06-30 00:00:00+00:00,-0.00110165,1.38601,0.00978398,0.000233792,-0.00377353,0.0442785,1.41684e-05,2.32837e-05,1.79758e-06,2.29939e-06,-0.001065,3.10417,0.0126385
2026-07-01 00:00:00+00:00,0.00055796,1.38679,0.0124942,-9.04877e-06,-0.00270913,0.0777849,2.48914e-05,2.84065e-05,2.73275e-06,-7.41233e-07,0.000614715,3.64583,0.0117987
2026-07-02 00:00:00+00:00,-0.000668125,1.38586,0.0205394,0.00488712,0.00169398,0.151376,4.84379e-05,4.45613e-05,6.51601e-06,-3.86161e-05,-0.000529715,5.75,0.0136714
2026-07-03 00:00:00+00:00,-0.000721841,1.38486,0.071965,0.0134482,0.00454892,0.209506,6.70407e-05,2.90146e-05,5.34756e-06,-9.12241e-05,-0.000528635,10.2708,0.0165044
2026-07-04 00:00:00+00:00,-0.00217404,1.38185,0.0691507,0.0255232,0.000931822,0.199578,6.38626e-05,4.07927e-05,6.21474e-06,-1.88676e-05,-0.00204576,11.375,0.0180074
2026-07-05 00:00:00+00:00,0.00065592,1.38276,0.0582446,0.0187849,-0.00245764,0.168818,5.40233e-05,3.55502e-05,4.60701e-06,-1.90372e-05,0.000769328,10.3125,0.0181606
2026-07-06 00:00:00+00:00,0.000222874,1.38306,0.0930706,0.0172633,-0.00360446,0.308626,9.87621e-05,4.8077e-05,7.72965e-06,3.502e-06,0.000374721,12.7083,0.0200185
2026-07-07 00:00:00+00:00,0.00112351,1.38462,0.145388,0.0198383,-0.00176346,0.416308,0.000133227,3.81709e-05,9.84244e-06,6.30329e-06,0.00129845,15.5208,0.0238074
2026-07-08 00:00:00+00:00,0.00248885,1.38806,0.154584,0.0323394,-0.00417012,0.497823,0.000159317,4.6491e-05,1.46899e-05,1.17765e-05,0.00269695,19.6458,0.026784
2026-07-09 00:00:00+00:00,-0.0024422,1.38467,0.225051,0.047395,-0.00324052,0.747366,0.000239143,7.61978e-05,2.64741e-05,5.35121e-05,-0.00215072,18.8958,0.0300754
2026-07-10 00:00:00+00:00,0.000251654,1.38502,0.223006,0.0603291,-0.00532123,0.492258,0.000157525,6.14763e-05,1.26998e-05,1.58871e-06,0.000485695,17.5,0.0291418
2026-07-11 00:00:00+00:00,0.00315189,1.38939,0.265515,0.0823782,-0.00104125,0.545674,0.000174636,3.99384e-05,1.33943e-05,-4.17097e-05,0.00341901,16.3958,0.030318
2026-07-12 00:00:00+00:00,-0.00116091,1.38777,0.209799,0.0523152,-0.00352644,0.496684,0.00015894,5.06585e-05,1.27682e-05,1.98379e-05,-0.00095661,17.625,0.0319439
2026-07-13 00:00:00+00:00,-0.00120025,1.38611,0.211858,0.0465736,-0.00635181,0.60326,0.000193047,5.00151e-05,1.60057e-05,2.64284e-05,-0.000966148,16.5417,0.0305215
2026-07-14 00:00:00+00:00,0.00389223,1.3915,0.250044,0.0673121,-0.00262345,0.645525,0.000206595,3.92893e-05,1.6539e-05,7.28754e-05,0.00408227,17.4375,0.0325424
2026-07-15 00:00:00+00:00,0.00331774,1.39612,0.245982,0.067043,0.00128731,0.518717,0.000166002,6.07168e-05,1.80661e-05,4.52487e-05,0.00351525,18.2708,0.0334029
2026-07-16 00:00:00+00:00,-0.00639819,1.38719,0.259246,0.0856415,-0.00370432,0.50355,0.000161118,7.36537e-05,2.22216e-05,6.64469e-05,-0.00621454,17.0208,0.0324488
2026-07-17 00:00:00+00:00,0.00106814,1.38867,0.199704,0.0714993,-0.00175153,0.4311,0.000137961,4.73906e-05,1.21171e-05,5.26556e-05,0.00121525,15.9167,0.0291682
2026-07-18 00:00:00+00:00,0.00321675,1.39314,0.24536,0.0814082,-0.00407048,0.414792,0.000132745,2.8323e-05,1.11748e-05,-2.80187e-05,0.00341468,17.0417,0.0320928
2026-07-19 00:00:00+00:00,0.000527598,1.39387,0.251978,0.0792759,-0.00441432,0.402635,0.000128848,3.02152e-05,1.08428e-05,-8.58722e-05,0.000786395,15.3958,0.034677
2026-07-20 00:00:00+00:00,0.000993539,1.39526,0.311525,0.109844,-0.00612327,0.767546,0.000245616,8.48285e-05,4.34362e-05,8.84404e-06,0.00136676,19.5833,0.036127
2026-07-21 00:00:00+00:00,0.00469242,1.4018,0.36625,0.110329,-0.00705872,0.653345,0.000209107,8.09222e-05,2.11457e-05,3.71274e-05,0.00496003,19.7917,0.0389722
2026-07-22 00:00:00+00:00,-0.000662857,1.40087,0.327623,0.106204,-0.0134439,0.484461,0.000155028,9.09378e-05,1.55646e-05,-9.3853e-05,-0.000297658,17.5833,0.0381931
2026-07-23 00:00:00+00:00,-0.00287801,1.39684,0.308792,0.113041,-0.00760521,0.523649,0.000167559,0.000110203,1.4366e-05,-7.57195e-05,-0.00251084,19.8333,0.0355521
2026-07-24 00:00:00+00:00,-0.00233335,1.39358,0.223746,0.0845638,-0.0104955,0.506623,0.000162111,0.000129583,1.44717e-05,-0.000164231,-0.00186058,16.8125,0.0325163
2026-07-25 00:00:00+00:00,-0.00201511,1.39078,0.172764,0.065649,-0.0130137,0.353547,0.000113134,7.24357e-05,9.76949e-06,-6.10027e-05,-0.00175788,13.4792,0.0292462
2026-07-26 00:00:00+00:00,0.00309734,1.39508,0.198343,0.063699,-0.00839736,0.348976,0.000111679,6.81688e-05,1.04741e-05,-2.37297e-05,0.00330865,13.1042,0.0291986
2026-07-27 00:00:00+00:00,-0.000535394,1.39434,0.216398,0.0767837,-0.00744459,0.419806,0.000134337,9.66519e-05,1.63221e-05,-0.00018368,-0.000101846,17.625,0.0323974
2026-07-28 00:00:00+00:00,-0.000484077,1.39366,0.150341,0.0498415,-0.00407005,0.450176,0.000144063,8.01212e-05,1.18486e-05,-0.000248073,2.8023e-06,17.6667,0.0276683
2026-07-29 00:00:00+00:00,0.00337606,1.39837,0.260029,0.0686043,0.00379483,0.527367,0.000168773,8.94146e-05,1.7552e-05,-7.9393e-05,0.00372907,18.9375,0.0326848
2026-07-30 00:00:00+00:00,-0.00241409,1.39499,0.330535,0.0962309,0.00536822,0.815357,0.000260899,9.36351e-05,3.03179e-05,0.000284779,-0.00231127,22,0.0357336
2026-07-31 00:00:00+00:00,-0.00444191,1.38879,0.279517,0.0914605,-0.000424533,0.614641,0.000196659,7.27196e-05,2.41657e-05,-2.42275e-05,-0.00412448,21.875,0.0350475
2026-08-01 00:00:00+00:00,0.00174057,1.39121,0.25122,0.077641,-0.00250753,0.469048,0.000150108,5.99658e-05,1.53645e-05,-0.000110345,0.00207944,20.0833,0.033345
2026-08-02 00:00:00+00:00,-0.0015485,1.38906,0.259166,0.0779074,-0.000978962,0.429315,0.000137376,6.85064e-05,1.23619e-05,0.000146894,-0.00147606,20.7917,0.0323677
2026-08-03 00:00:00+00:00,-9.58443e-05,1.38892,0.242326,0.0721386,-0.00224951,0.550067,0.00017602,8.46876e-05,2.10213e-05,-3.86826e-05,0.000227274,18.7708,0.0325181
2026-08-04 00:00:00+00:00,0.000373918,1.38944,0.18312,0.0626187,-0.00437683,0.330164,0.000105654,6.82252e-05,8.72575e-06,-0.000277354,0.000836453,16.6667,0.0314331
2026-08-05 00:00:00+00:00,0.0034694,1.39426,0.167895,0.057419,-0.00349956,0.296353,9.48479e-05,9.37667e-05,9.9831e-06,1.28263e-05,0.00365444,13.9375,0.0313015
2026-08-06 00:00:00+00:00,-0.00023203,1.39394,0.186106,0.0684085,-0.00849201,0.391284,0.000125202,0.000125597,1.32173e-05,1.61189e-05,2.2939e-05,14.0625,0.0332129
2026-08-07 00:00:00+00:00,0.00194799,1.39666,0.229735,0.0827849,-0.00348319,0.533564,0.000170751,0.000133035,1.31222e-05,8.97075e-07,0.00226377,17.2708,0.0340246
2026-08-08 00:00:00+00:00,-0.000529001,1.39592,0.212043,0.0509157,-0.00698324,0.305614,9.77948e-05,7.54595e-05,8.70326e-06,-3.11099e-06,-0.000343145,13.5625,0.0363064
2026-08-09 00:00:00+00:00,0.00327978,1.4005,0.217266,0.0723285,-0.00885932,0.379532,0.000121461,8.55667e-05,9.61723e-06,-9.52298e-05,0.00358764,15.2292,0.0376979
2026-08-10 00:00:00+00:00,0.00173157,1.40292,0.269697,0.0934097,-0.00651525,0.561739,0.000179769,0.00013495,2.54931e-05,4.50835e-05,0.00202972,19.9375,0.0386993
2026-08-11 00:00:00+00:00,0.00433263,1.409,0.346307,0.131036,-0.00525455,0.659374,0.000211031,0.000125993,2.03521e-05,0.000226612,0.00446047,20.25,0.0408135
2026-08-12 00:00:00+00:00,0.00278528,1.41292,0.457831,0.175563,-0.000106017,0.741617,0.000237339,0.000149752,2.83415e-05,0.000256318,0.00294792,20.3542,0.0439041
2026-08-13 00:00:00+00:00,-0.00307173,1.40858,0.415807,0.191346,-0.00623761,0.808923,0.000258836,0.000104568,2.62783e-05,-0.000171741,-0.0025,21.7708,0.0431109
2026-08-14 00:00:00+00:00,-0.00357025,1.40355,0.39137,0.200621,-0.0220675,0.69834,0.000223448,9.30916e-05,2.65501e-05,-0.000133426,-0.00308374,20.2292,0.0425216
2026-08-15 00:00:00+00:00,0.00504983,1.41064,0.383605,0.18508,-0.0229487,0.618409,0.000197912,9.32617e-05,1.9365e-05,8.45324e-05,0.00526768,20.7917,0.0439457
2026-08-16 00:00:00+00:00,0.00183399,1.41323,0.385686,0.151891,-0.0238559,0.571325,0.000182834,8.99318e-05,2.65683e-05,1.93097e-05,0.00211506,17.8125,0.047186
2026-08-17 00:00:00+00:00,0.0136431,1.43251,0.453165,0.198921,-0.0260193,0.99172,0.000317447,0.000219449,9.74916e-05,1.17048e-05,0.0141935,19.9792,0.0489309
2026-08-18 00:00:00+00:00,0.00599926,1.4411,0.509847,0.244767,-0.0287094,1.01103,0.000323626,0.000166759,4.37349e-05,-3.85437e-05,0.0065826,22.7292,0.0534785
2026-08-19 00:00:00+00:00,0.0304125,1.48493,0.613995,0.232329,-0.0182441,1.45096,0.000464844,0.000188672,6.72419e-05,-2.48905e-05,0.0307732,25.1667,0.055652
2026-08-20 00:00:00+00:00,-0.00250009,1.48122,0.718479,0.222245,0.0145986,1.26495,0.000404751,0.000130444,7.1514e-05,-0.000147065,-0.00172351,27.5,0.0609978
2026-08-21 00:00:00+00:00,-0.00753403,1.47006,0.672895,0.232882,0.0131333,1.17965,0.00037739,0.000139489,6.59199e-05,-0.000498729,-0.00641664,28.2292,0.0619038
2026-08-22 00:00:00+00:00,-0.00442568,1.46355,0.607717,0.293732,0.00529725,0.837559,0.000268068,0.000186236,5.58252e-05,-0.000959905,-0.00291837,25,0.059634
2026-08-23 00:00:00+00:00,0.000515862,1.46431,0.565201,0.267514,0.00478885,0.711682,0.000227744,0.000133105,3.2563e-05,-0.000678121,0.001601,22.5833,0.0579815
2026-08-24 00:00:00+00:00,0.00309426,1.46884,0.58538,0.260108,-0.000848413,1.1736,0.000375585,0.000335522,9.06399e-05,6.27728e-05,0.00385944,24.3958,0.0566337
2026-08-25 00:00:00+00:00,-0.00303391,1.46438,0.533749,0.169836,0.00864938,0.933135,0.000298552,0.000224001,3.18903e-05,2.16157e-05,-0.00247723,22.1458,0.0564106
2026-08-26 00:00:00+00:00,-0.00285397,1.4602,0.440087,0.129929,0.00554399,0.893173,0.000285793,0.000228169,3.05712e-05,1.52075e-05,-0.00230995,21.1042,0.0529907
2026-08-27 00:00:00+00:00,-1.11694e-06,1.4602,0.467561,0.153056,0.00444685,1.10546,0.000353775,0.000360291,3.47623e-05,3.57812e-05,0.000736469,22.6458,0.0515493
2026-08-28 00:00:00+00:00,-0.0149372,1.43839,0.51083,0.186348,0.00194028,1.07481,0.000343832,0.000348709,4.91237e-05,-5.18023e-05,-0.0142091,21.75,0.0507814
2026-08-29 00:00:00+00:00,0.000572003,1.43921,0.421363,0.145191,0.00332606,0.847465,0.000271207,0.00021219,3.27894e-05,1.12892e-05,0.00109584,20.0208,0.045412
2026-08-30 00:00:00+00:00,0.00565041,1.44735,0.497016,0.172994,-0.000492875,0.871611,0.000278978,0.000245587,3.02979e-05,-0.000105869,0.00630699,21.8542,0.0466836
2026-08-31 00:00:00+00:00,0.0142352,1.46795,0.590201,0.165125,-0.0118225,1.29315,0.000414003,0.000240017,7.7884e-05,-3.10377e-05,0.0149295,20.913,0.0522657
