,return,equity,gross,net,beta_exposure,turnover,fees,spread,impact,funding,gross_pnl,n_positions,ic_est
2023-07-31 00:00:00+00:00,6.97879e-05,1.00007,0.00849007,-0.00234778,-0.00129628,0.0575437,1.84139e-05,4.11584e-06,2.16123e-06,7.45549e-05,1.99964e-05,0.958333,0.00601421
2023-08-01 00:00:00+00:00,-0.00285015,0.997219,0.0981759,-0.0353962,-0.0339952,0.0495863,1.58698e-05,3.25064e-06,1.51051e-06,0.000190692,-0.00302156,6,0.0128205
2023-08-02 00:00:00+00:00,-0.000294122,0.996926,0.0979102,-0.0431776,-0.0420604,0.0114078,3.64985e-06,4.56232e-07,3.54527e-07,-1.558e-05,-0.000272628,6,0.00826987
2023-08-03 00:00:00+00:00,-0.00282292,0.994112,0.202503,-0.0224086,-0.0334666,0.244926,7.8372e-05,1.19283e-05,1.28874e-05,-0.000216212,-0.00250542,9.58333,0.0160836
2023-08-04 00:00:00+00:00,0.00266836,0.996765,0.43578,0.045336,-0.0120263,0.40953,0.00013106,2.48653e-05,6.84671e-06,-0.000204166,0.0030363,15.7188,0.0206743
2023-08-05 00:00:00+00:00,0.000566141,0.997329,1.01478,0.185318,-0.015111,0.640884,0.000205129,3.85966e-05,1.39926e-05,0.000104725,0.000733531,20.5521,0.0292785
2023-08-06 00:00:00+00:00,0.00205087,0.999374,1.13672,0.238492,-0.0200104,0.195385,6.25189e-05,9.30463e-06,5.14142e-06,-1.45302e-05,0.00215279,22.9271,0.0261273
2023-08-07 00:00:00+00:00,0.00420378,1.00358,1.37253,0.257929,-0.0225993,0.943633,0.000301937,5.41005e-05,7.31471e-05,7.40832e-05,0.00457003,28.2292,0.0300996
2023-08-08 00:00:00+00:00,0.00894366,1.01255,1.61053,0.294019,-0.0339043,0.604858,0.000193567,5.33943e-05,1.8631e-05,7.1342e-05,0.00913337,29,0.0383691
2023-08-09 00:00:00+00:00,-0.003348,1.00916,1.77603,0.316062,-0.044986,0.805798,0.000257888,5.0769e-05,2.09191e-05,-7.56207e-06,-0.00296667,29.8333,0.0432132
2023-08-10 00:00:00+00:00,-0.0105705,0.998494,1.94498,0.298211,-0.0455338,0.365957,0.000117115,3.39791e-05,8.74956e-06,-8.66861e-05,-0.0103419,30,0.0361337
2023-08-11 00:00:00+00:00,-0.00810232,0.990404,1.89663,0.320813,-0.00372368,0.0775188,2.48008e-05,8.16692e-06,1.9262e-06,-8.6738e-05,-0.00799065,30,0.0188747
2023-08-12 00:00:00+00:00,-0.00509468,0.985358,1.823,0.356551,0.0181985,0.127896,4.09159e-05,9.98314e-06,4.24948e-06,-0.000150559,-0.00488004,30,0.00702541
2023-08-13 00:00:00+00:00,-0.00579735,0.979645,1.7345,0.380755,0.0202287,0.0671937,2.1497e-05,7.02162e-06,1.81416e-06,-1.88603e-05,-0.00574571,30,0.00104014
2023-08-14 00:00:00+00:00,-0.00160557,0.978072,1.42907,0.296225,-0.00446951,0.290527,9.2925e-05,3.15719e-05,2.66012e-05,-3.955e-05,-0.00140258,28,0
2023-08-15 00:00:00+00:00,0.00635434,0.984287,1.39092,0.303659,0.00995134,0.0293047,9.38409e-06,2.41092e-06,1.29264e-06,4.18179e-05,0.00632386,28.1875,0.00306304
2023-08-16 00:00:00+00:00,-0.000351071,0.983942,1.31318,0.287071,0.0108289,0.0460408,1.47327e-05,1.84159e-06,9.11509e-07,4.14803e-05,-0.000353232,29,0.00689007
2023-08-17 00:00:00+00:00,-0.0180913,0.966141,1.18329,0.197455,0.00639669,0.182751,5.82935e-05,1.7449e-05,1.40967e-05,-5.48097e-05,-0.0180603,29,0.00351153
2023-08-18 00:00:00+00:00,-0.00363144,0.962633,0.979997,0.0915245,0.000412001,0.00511451,1.63763e-06,3.31122e-06,3.14041e-07,1.10133e-05,-0.00363004,29,0.000466448
2023-08-19 00:00:00+00:00,-0.00760501,0.955312,0.992903,0.0915059,0.00109068,0.0148829,4.75621e-06,1.43405e-05,1.72047e-06,0.000135698,-0.00773558,29,0
2023-08-20 00:00:00+00:00,0.005058,0.960144,0.995144,0.100719,0.0089339,0.00766044,2.45055e-06,4.90332e-06,4.85455e-07,0.000151743,0.00491103,29,0
2023-08-21 00:00:00+00:00,-0.00319462,0.957076,0.865318,0.0893922,-0.00697226,0.119029,3.81202e-05,0.000122537,4.1693e-05,8.98492e-05,-0.00307961,26,0
2023-08-22 00:00:00+00:00,-0.00442633,0.95284,0.851753,0.0899052,-0.00500078,0.00421269,1.34754e-06,2.59037e-06,1.51262e-07,9.01836e-05,-0.00451073,26,0
2023-08-23 00:00:00+00:00,0.00512528,0.957724,0.858256,0.092588,-0.000854555,0,0,0,0,2.95808e-05,0.00509039,26,0
2023-08-24 00:00:00+00:00,0.0068162,0.964252,0.853333,0.0967399,0.00445025,0.0157665,5.04462e-06,2.26842e-06,7.38738e-07,-1.31173e-06,0.00681159,26,0
2023-08-25 00:00:00+00:00,0.0028464,0.966996,0.801011,0.0895217,0.00347496,0.0544417,1.74229e-05,2.8723e-06,1.75587e-06,-0.000209566,0.00308313,27.4583,0.00422124
2023-08-26 00:00:00+00:00,0.000314271,0.9673,0.799972,0.0889842,0.000623536,0.00225767,7.22478e-07,9.03098e-08,7.30696e-08,-9.67991e-05,0.000416127,28,0.00419624
2023-08-27 00:00:00+00:00,0.00050783,0.967792,0.797893,0.0925456,0.00232016,0,0,0,0,-4.84024e-05,0.000558878,28,0.00512368
2023-08-28 00:00:00+00:00,0.00118817,0.968941,0.717373,0.0955275,0.00576506,0.139695,4.47137e-05,2.43773e-05,1.00123e-05,-0.000161778,0.00143343,25,0.00701938
2023-08-29 00:00:00+00:00,0.00389979,0.97272,0.666858,0.0720902,0.00258282,0.182576,5.84763e-05,1.30538e-05,6.81183e-06,-0.000209514,0.00420007,25.625,0.0130055
2023-08-30 00:00:00+00:00,0.000434919,0.973143,0.690799,0.0521778,-0.00697673,0.118556,3.79387e-05,4.74234e-06,3.41988e-06,-0.000187749,0.000673698,27,0.0147033
2023-08-31 00:00:00+00:00,-0.0031375,0.97009,0.67788,0.0521973,-0.0112322,0.0389206,1.24538e-05,1.55673e-06,1.6371e-06,-9.30723e-05,-0.00302733,27,0.0118089
2023-09-01 00:00:00+00:00,-0.00206662,0.968085,0.655946,0.0545783,-0.00585685,0.014585,4.66713e-06,5.83392e-07,4.20693e-07,-6.0627e-05,-0.00199672,27,0.00499514
2023-09-02 00:00:00+00:00,-0.000352614,0.967744,0.644714,0.063322,-0.0035592,0.00654389,2.09413e-06,2.61766e-07,2.05963e-07,-1.47493e-05,-0.00033147,27,0.00555813
2023-09-03 00:00:00+00:00,-0.000849323,0.966922,0.639029,0.0719787,-0.00645161,0.0152367,4.87572e-06,1.64634e-06,6.35686e-07,-3.87041e-05,-0.000799602,27,0.00241611
2023-09-04 00:00:00+00:00,0.000120976,0.967039,0.538708,0.086056,0.000569643,0.0977074,3.12605e-05,7.63723e-06,1.01869e-05,-1.56616e-05,0.000189414,24,0
2023-09-05 00:00:00+00:00,-0.00357421,0.963582,0.535342,0.0871731,-0.000995335,0.00235815,7.54352e-07,6.22385e-07,1.34243e-07,-0.000146417,-0.00343073,24,0
2023-09-06 00:00:00+00:00,-0.00307,0.960624,0.534259,0.0900499,-0.00308466,0.00644829,2.06342e-06,1.04241e-06,4.37087e-07,-8.26037e-06,-0.00305949,24,0
2023-09-07 00:00:00+00:00,0.000153804,0.960772,0.534946,0.0920428,0.00370886,0.00227859,7.29039e-07,9.11299e-08,1.37589e-07,-2.57785e-05,0.000183206,24,0
2023-09-08 00:00:00+00:00,0.000169796,0.960935,0.530576,0.0929193,0.0131878,0.00506585,1.62139e-06,2.02674e-07,1.66629e-07,1.73336e-05,0.00015689,24,0
2023-09-09 00:00:00+00:00,0.00273146,0.96356,0.524275,0.0928765,0.012499,0.00208805,6.68388e-07,8.35485e-08,1.03496e-07,-2.89028e-06,0.0027326,24.3021,0.00188189
2023-09-10 00:00:00+00:00,0.0025823,0.966048,0.517403,0.0913259,-0.0139071,0.00819251,2.62155e-06,3.27693e-07,4.38103e-07,-5.80494e-05,0.00264378,25.625,0.00658871
2023-09-11 00:00:00+00:00,-0.00281707,0.963327,0.503746,0.0921285,-0.0133414,0.00942426,3.01518e-06,1.59533e-06,4.57721e-07,-0.00014545,-0.00266647,25.0104,0.00373368
2023-09-12 00:00:00+00:00,0.00378825,0.966976,0.515806,0.086608,0.00292991,0.0220488,7.05711e-06,3.67245e-06,1.16118e-06,4.51527e-06,0.00379337,26.9271,0.00652934
2023-09-13 00:00:00+00:00,0.00111009,0.968049,0.542519,0.0812376,0.001362,0.0284122,9.09195e-06,1.90666e-06,1.4109e-06,0.000556341,0.000568744,28.7917,0.0112893
2023-09-14 00:00:00+00:00,0.00318869,0.971136,0.560947,0.0725077,-0.0053867,0.0615787,1.97062e-05,7.94434e-06,2.49038e-06,0.00041212,0.00280556,29.3854,0.0123161
2023-09-15 00:00:00+00:00,-0.00817872,0.963194,0.573174,0.0629053,-0.0220628,0.0334253,1.06943e-05,4.35199e-06,1.44626e-06,-0.00011666,-0.00807253,30,0.0119748
2023-09-16 00:00:00+00:00,-0.000708139,0.962511,0.559497,0.0809214,-0.0132588,0.0207639,6.64354e-06,1.94473e-06,9.27114e-07,-3.21154e-05,-0.000662758,30,0.00881984
2023-09-17 00:00:00+00:00,0.00441885,0.966765,0.547369,0.0929357,-0.0117868,0.0332877,1.06532e-05,1.33165e-06,1.47299e-06,0.000100494,0.00432694,30,0.0110188
2023-09-18 00:00:00+00:00,-0.00235815,0.964485,0.578332,0.114273,-0.0202557,0.130746,4.18329e-05,1.18681e-05,9.14062e-06,9.85158e-05,-0.00238419,29,0.0153344
2023-09-19 00:00:00+00:00,-0.00537873,0.959297,0.597506,0.139794,-0.00464225,0.0497338,1.59135e-05,5.39248e-06,2.08649e-06,0.000107654,-0.00546905,29,0.0125827
2023-09-20 00:00:00+00:00,-0.00387248,0.955582,0.585844,0.145436,0.00237548,0.0175816,5.62533e-06,5.17317e-06,6.30055e-07,-0.000194132,-0.00366969,29,0.00822543
2023-09-21 00:00:00+00:00,-0.00118016,0.954455,0.564681,0.137981,0.00703449,0.0194118,6.21204e-06,7.76505e-07,7.16905e-07,-4.95431e-05,-0.00111927,29,0.00740309
2023-09-22 00:00:00+00:00,-0.00725569,0.947529,0.550309,0.130691,0.00308117,0.0276351,8.84035e-06,1.49892e-06,1.60134e-06,-1.95635e-05,-0.00724527,29,0.00165963
2023-09-23 00:00:00+00:00,0.00154448,0.948993,0.540367,0.13231,0.00152631,0,0,0,0,-1.66625e-07,0.0015466,29,0.000413694
2023-09-24 00:00:00+00:00,0.000398665,0.949371,0.537911,0.133018,0.000676107,0,0,0,0,2.24811e-05,0.000377961,29,0.00362079
2023-09-25 00:00:00+00:00,-0.00305246,0.946473,0.4768,0.0971322,-0.00955415,0.0617795,1.97639e-05,3.2754e-06,3.34525e-06,2.05764e-05,-0.00304894,26,0.000721382
2023-09-26 00:00:00+00:00,-0.0014395,0.945111,0.478481,0.0981726,-0.00219123,0,0,0,0,-7.67961e-06,-0.0014309,26,0
2023-09-27 00:00:00+00:00,-0.00144345,0.943747,0.479695,0.0981907,-0.0011321,0.00262968,8.41624e-07,1.05203e-07,6.29487e-08,-3.30117e-05,-0.00140772,26,0
2023-09-28 00:00:00+00:00,0.00297833,0.946557,0.484427,0.100367,0.00499321,0,0,0,0,8.79911e-06,0.00296948,26,0.000659926
2023-09-29 00:00:00+00:00,-0.00249036,0.9442,0.492703,0.100545,0.0128621,0.00247666,7.92921e-07,9.91151e-08,5.57505e-08,1.89749e-05,-0.00250601,26,0.00214425
2023-09-30 00:00:00+00:00,-0.00214972,0.94217,0.495635,0.10183,0.013861,0.0063579,2.03423e-06,2.54279e-07,2.3607e-07,3.4944e-05,-0.00218294,26,0.00503951
2023-10-01 00:00:00+00:00,0.00397628,0.945917,0.503338,0.0989317,0.00665186,0.016689,5.35358e-06,6.69197e-07,8.64698e-07,4.34622e-05,0.00394071,26.0729,0.0059988
2023-10-02 00:00:00+00:00,0.00272989,0.948499,0.478187,0.0927558,0.0175833,0.122561,3.92157e-05,1.34213e-05,6.83883e-06,6.22854e-05,0.00272811,25.7708,0.00998053
2023-10-03 00:00:00+00:00,0.00525884,0.953487,0.468878,0.0824956,0.00161308,0.139693,4.47048e-05,1.04324e-05,5.87019e-06,-1.10875e-06,0.00531227,26.2292,0.0114655
2023-10-04 00:00:00+00:00,0.00196247,0.955358,0.453052,0.0921542,-0.00210048,0.0929466,2.9749e-05,5.23522e-06,3.64018e-06,-1.11097e-05,0.00201393,27,0.0150831
2023-10-05 00:00:00+00:00,-0.00244899,0.953018,0.464848,0.102949,-0.0103873,0.119384,3.82013e-05,7.97252e-06,5.65267e-06,1.16572e-05,-0.00240654,27,0.0160529
2023-10-06 00:00:00+00:00,0.00449762,0.957305,0.47054,0.105621,-0.00548099,0.0249357,7.98085e-06,1.66677e-06,9.42924e-07,-9.39619e-06,0.00451128,27.3854,0.0133963
2023-10-07 00:00:00+00:00,0.00311806,0.96029,0.461852,0.102281,-0.00563681,0.0383433,1.22699e-05,2.20454e-06,1.02631e-06,6.45185e-06,0.0031249,28,0.0143008
2023-10-08 00:00:00+00:00,-0.00119643,0.959141,0.457914,0.1053,-0.0129244,0.0313939,1.00456e-05,1.2557e-06,9.42989e-07,4.49529e-06,-0.001186,28,0.017497
2023-10-09 00:00:00+00:00,0.000934133,0.960037,0.465683,0.115266,-0.0112424,0.166084,5.31506e-05,6.64383e-06,1.34068e-05,-2.75883e-05,0.00104104,26.5625,0.0152067
2023-10-10 00:00:00+00:00,0.000245271,0.960272,0.552847,0.105266,-0.0118706,0.086086,2.75501e-05,5.5568e-06,3.91029e-06,0.000155417,0.000132027,27.2396,0.01689
2023-10-11 00:00:00+00:00,-0.00620626,0.954312,0.545913,0.0952321,-0.0138368,0.0582904,1.86511e-05,2.33139e-06,2.00631e-06,6.69702e-08,-0.00619913,28,0.0143691
2023-10-12 00:00:00+00:00,-0.00251405,0.951913,0.508218,0.0981251,-0.0100097,0.0116119,3.71565e-06,4.80977e-07,3.12245e-07,-3.57675e-06,-0.00250549,28,0.00784819
2023-10-13 00:00:00+00:00,0.000293969,0.952193,0.502756,0.10353,-0.00301785,0.00420716,1.34607e-06,1.68259e-07,1.1356e-07,1.59835e-06,0.000295597,28,0.00529356
2023-10-14 00:00:00+00:00,0.000675836,0.952837,0.505105,0.102984,-0.000507188,0.00219384,7.02076e-07,3.11148e-07,1.54261e-07,2.22205e-05,0.000655816,28,0.00608651
2023-10-15 00:00:00+00:00,-0.000954772,0.951927,0.504754,0.105531,-0.00879582,0.00523902,1.67303e-06,2.09128e-07,7.98158e-07,2.4914e-05,-0.00097328,28,0.000559485
2023-10-16 00:00:00+00:00,0.0122187,0.963558,0.447427,0.0813912,0.0184062,0.188574,6.05547e-05,1.27783e-05,1.01656e-05,8.79829e-06,0.0122543,27.0833,0.00643368
2023-10-17 00:00:00+00:00,0.00114049,0.964657,0.387829,0.0226068,-0.00131115,0.00875793,2.80392e-06,8.45545e-07,5.41029e-07,6.38871e-06,0.00114127,28,0.00680119
2023-10-18 00:00:00+00:00,0.00160998,0.96621,0.378659,0.0282382,-0.00707199,0.00625048,2.00042e-06,2.50053e-07,3.69033e-07,1.4971e-06,0.001614,28,0.00585297
2023-10-19 00:00:00+00:00,0.00363861,0.969726,0.368939,0.035009,-0.0096149,0,0,0,0,1.59187e-05,0.003619,28,0.00475788
2023-10-20 00:00:00+00:00,-0.00186298,0.967919,0.377706,0.0375362,-0.0107495,0.00841432,2.69252e-06,2.70013e-06,3.40318e-07,-1.82751e-05,-0.00183888,28,0.00706098
2023-10-21 00:00:00+00:00,-0.00412459,0.963927,0.378427,0.0448638,-0.00365579,0.00593504,1.89813e-06,1.02389e-06,5.76815e-07,7.59887e-06,-0.00413321,28,0.00619568
2023-10-22 00:00:00+00:00,-0.00336628,0.960682,0.382505,0.0472901,-0.0164667,0.00958031,3.06584e-06,5.98042e-07,3.9875e-07,-3.23536e-06,-0.00336071,28,0.00393878
2023-10-23 00:00:00+00:00,0.00181187,0.962423,0.392139,0.0559858,-0.00756652,0.0412838,1.32021e-05,2.32685e-06,2.0231e-06,0.000123297,0.00171667,28,0.00606014
2023-10-24 00:00:00+00:00,0.00354473,0.965834,0.374917,0.0441555,-0.00541174,0.217879,6.97233e-05,1.53828e-05,7.64923e-06,0.000335583,0.00330421,29.3542,0.0119485
2023-10-25 00:00:00+00:00,9.13033e-05,0.965922,0.446367,0.0595721,-0.00414572,0.0732666,2.34439e-05,3.11426e-06,4.79452e-06,0.00156382,-0.00143099,30,0.0130367
2023-10-26 00:00:00+00:00,-0.000431934,0.965505,0.42384,0.0650355,-0.00150926,0.166336,5.323e-05,1.06854e-05,7.6138e-06,0.000972895,-0.00132369,30,0.0131188
2023-10-27 00:00:00+00:00,0.00342683,0.968814,0.41749,0.0704248,-0.00179966,0.0715655,2.29016e-05,3.30453e-06,3.1989e-06,0.000133809,0.00332142,30,0.0144079
2023-10-28 00:00:00+00:00,-3.52692e-05,0.96878,0.457129,0.0849876,-0.00331428,0.0874501,2.79841e-05,3.67088e-06,3.44623e-06,-5.84929e-06,8.67893e-06,30,0.0152009
2023-10-29 00:00:00+00:00,-0.00215972,0.966687,0.466155,0.0862396,-0.00639122,0.0351768,1.12563e-05,4.6206e-06,1.81387e-06,-1.86083e-05,-0.00212228,30,0.0148609
2023-10-30 00:00:00+00:00,0.00126711,0.967912,0.464661,0.0897085,-0.00639747,0.0950126,3.0401e-05,1.72814e-05,7.54532e-06,1.38086e-05,0.00131305,28.7083,0.010536
2023-10-31 00:00:00+00:00,-0.00321642,0.964799,0.453464,0.0864743,-0.00617688,0.0193555,6.19184e-06,7.7398e-07,8.17475e-07,0.000181695,-0.00339057,29,0.0101302
2023-11-01 00:00:00+00:00,0.0023195,0.967037,0.43345,0.0905477,-0.00428103,0.0782594,2.50419e-05,4.81287e-06,2.64457e-06,-2.68845e-05,0.00238086,29,0.0114616
2023-11-02 00:00:00+00:00,0.00361858,0.970536,0.474403,0.0944836,-0.00155587,0.0937198,2.99926e-05,1.03389e-05,3.87707e-06,-3.61079e-06,0.0036643,29,0.0150307
2023-11-03 00:00:00+00:00,-0.000885976,0.969676,0.545824,0.0973039,-0.00542712,0.145256,4.64789e-05,1.23368e-05,6.56073e-06,-5.19443e-06,-0.000809176,29.9271,0.0157687
2023-11-04 00:00:00+00:00,-0.00229851,0.967448,0.574321,0.0997822,-0.00930909,0.0087711,2.80675e-06,3.50844e-07,5.05351e-07,3.93589e-07,-0.00229247,30,0.0124074
2023-11-05 00:00:00+00:00,-0.000941887,0.966536,0.580435,0.107184,-0.00347132,0.0292142,9.34894e-06,1.16862e-06,1.23658e-06,9.7866e-06,-0.000934149,30,0.0116802
2023-11-06 00:00:00+00:00,0.000360787,0.966885,0.539533,0.109007,0.0016914,0.0795992,2.54729e-05,1.03027e-05,7.02011e-06,2.31844e-05,0.000385642,27.9896,0.0109936
2023-11-07 00:00:00+00:00,0.00217235,0.968985,0.544077,0.113889,0.000993068,0.0620683,1.98661e-05,6.59013e-06,2.00218e-06,0.000209418,0.00199696,28,0.012048
2023-11-08 00:00:00+00:00,-0.0100599,0.959238,0.523847,0.103273,-0.00258638,0.0630127,2.01657e-05,3.198e-06,2.96611e-06,0.000554279,-0.0106316,28.7604,0.0121997
2023-11-09 00:00:00+00:00,-0.00135498,0.957938,0.495364,0.0951978,-0.00111018,0.174674,5.58935e-05,6.98669e-06,5.26297e-06,0.000536303,-0.0017938,28.9479,0.00975383
2023-11-10 00:00:00+00:00,-0.00549236,0.952677,0.364189,0.0613417,-0.0031622,0.0410617,1.3139e-05,3.40843e-06,2.39468e-06,6.44099e-05,-0.00554729,29,0.00797522
2023-11-11 00:00:00+00:00,-0.00159694,0.951155,0.35299,0.0672095,-0.00140902,0.0523468,1.67475e-05,8.39707e-06,3.38729e-06,2.90135e-05,-0.00159263,29,0.00880551
2023-11-12 00:00:00+00:00,-0.00278455,0.948507,0.32983,0.0680254,-0.00306707,0.0580882,1.85911e-05,4.23471e-06,3.42425e-06,-1.86708e-06,-0.00275334,29,0.00702985
2023-11-13 00:00:00+00:00,1.9377e-05,0.948525,0.270164,0.0736467,0.00483129,0.0652951,2.08899e-05,1.15984e-05,8.37874e-06,-1.17541e-05,7.46079e-05,26,0.00606433
2023-11-14 00:00:00+00:00,-0.00362264,0.945089,0.276589,0.0752643,0.00279301,0.0380209,1.21659e-05,2.07587e-06,1.47054e-06,-1.94983e-05,-0.00359077,26.3542,0.00865621
2023-11-15 00:00:00+00:00,0.00272164,0.947661,0.295507,0.0733905,0.00476883,0.00825845,2.64287e-06,3.30359e-07,3.62807e-07,1.92588e-06,0.0027227,27,0.00560865
2023-11-16 00:00:00+00:00,-0.00136063,0.946372,0.293864,0.0720254,0.00476241,0.0278159,8.90197e-06,1.84408e-06,1.52772e-06,4.90723e-06,-0.00135011,27,0.00829172
2023-11-17 00:00:00+00:00,-0.00106513,0.945364,0.274474,0.0691201,0.00492696,0.0179475,5.74292e-06,1.55598e-06,8.11916e-07,-1.05528e-05,-0.0010448,27,0.00823956
2023-11-18 00:00:00+00:00,9.76574e-05,0.945456,0.272305,0.0686219,0.00276696,0.0155205,4.96667e-06,6.20834e-07,5.70438e-07,-1.25589e-05,0.000117366,27.8958,0.00783276
2023-11-19 00:00:00+00:00,0.000509183,0.945937,0.272597,0.0708359,0.00108271,0.00423422,1.35484e-06,1.69355e-07,2.08185e-07,-6.37294e-06,0.000518251,28,0.00570702
2023-11-20 00:00:00+00:00,0.00445875,0.950155,0.26977,0.0669207,0.00144488,0.102187,3.27037e-05,5.90286e-06,4.08613e-06,-9.40593e-06,0.00450394,25.9167,0.00729493
2023-11-21 00:00:00+00:00,-0.00047468,0.949704,0.33675,0.0561564,-0.00759568,0.100068,3.20202e-05,4.3472e-06,3.18514e-06,-4.45904e-06,-0.000422294,28,0.0125192
2023-11-22 00:00:00+00:00,0.000464337,0.950145,0.349455,0.0705993,-0.00597023,0.00846897,2.70981e-06,3.38726e-07,3.1559e-07,-1.63928e-05,0.000487168,28,0.0111179
2023-11-23 00:00:00+00:00,0.00295458,0.952952,0.363475,0.0756297,-0.00529991,0.0534515,1.71042e-05,2.88846e-06,1.97566e-06,-2.19968e-05,0.00299686,27.7188,0.0130043
2023-11-24 00:00:00+00:00,0.0013724,0.95426,0.401368,0.085172,-0.00397399,0.0489134,1.56505e-05,3.85164e-06,1.39702e-06,-2.70389e-05,0.00142419,29,0.0150585
2023-11-25 00:00:00+00:00,0.000219115,0.954469,0.417778,0.0910834,0.00228969,0.0583158,1.86604e-05,4.33334e-06,3.45425e-06,8.53529e-05,0.000161587,28.8646,0.0132826
2023-11-26 00:00:00+00:00,-0.00234123,0.952235,0.435451,0.0965432,0.0108909,0.00688883,2.20453e-06,1.00204e-06,3.45531e-07,0.000552485,-0.00288971,29,0.0117917
2023-11-27 00:00:00+00:00,0.000597569,0.952804,0.408826,0.0753162,-0.00584484,0.0839592,2.68658e-05,6.95123e-06,4.55823e-06,4.24916e-05,0.000595397,27.5938,0.0115482
2023-11-28 00:00:00+00:00,9.09545e-05,0.95289,0.423152,0.0824948,-0.0108355,0.0462895,1.48119e-05,1.85149e-06,9.99481e-07,-1.74501e-05,0.000128948,28,0.0143098
2023-11-29 00:00:00+00:00,-0.000676428,0.952246,0.441428,0.0904518,-0.0066418,0.00897859,2.87306e-06,3.59132e-07,1.39194e-07,-2.35785e-05,-0.000646891,28,0.0145924
2023-11-30 00:00:00+00:00,0.000760981,0.95297,0.442778,0.0874568,-0.00910471,0.00911406,2.91687e-06,3.64609e-07,2.18894e-07,-9.28993e-06,0.000776091,28,0.0145114
2023-12-01 00:00:00+00:00,0.00401992,0.956801,0.501515,0.100443,-0.0123448,0.174384,5.58043e-05,6.97554e-06,2.86483e-06,-2.72352e-05,0.00410875,28,0.0183602
2023-12-02 00:00:00+00:00,-0.00404569,0.95293,0.618576,0.125431,-0.0218486,0.0427807,1.36872e-05,1.80958e-06,1.50612e-06,-4.26143e-06,-0.00401786,28,0.0190635
2023-12-03 00:00:00+00:00,0.00632579,0.958958,0.645514,0.134286,-0.0169874,0.0722205,2.31068e-05,4.49992e-06,2.50458e-06,3.05867e-05,0.00631839,28,0.0195845
2023-12-04 00:00:00+00:00,0.0100965,0.96864,0.730073,0.180774,-0.0286618,0.481949,0.000154388,2.58968e-05,2.48331e-05,7.46391e-05,0.0102769,28.7292,0.025808
2023-12-05 00:00:00+00:00,0.00914648,0.9775,0.790259,0.213274,-0.013843,0.452596,0.000144867,3.45667e-05,2.2851e-05,6.16975e-05,0.00930515,29,0.0265223
2023-12-06 00:00:00+00:00,0.0048415,0.982233,0.889215,0.201618,-0.00170038,0.504116,0.000161349,2.8664e-05,2.33957e-05,4.79683e-05,0.00505836,29,0.0291684
2023-12-07 00:00:00+00:00,-0.00490634,0.977414,0.912531,0.178974,-0.00299274,0.75684,0.000242185,5.25067e-05,3.70743e-05,4.81661e-05,-0.0046068,29.8125,0.0292851
2023-12-08 00:00:00+00:00,-0.00313856,0.974346,1.11765,0.211289,0.0017402,0.452346,0.000144759,3.6446e-05,1.78718e-05,9.73166e-05,-0.00300639,30,0.0276753
2023-12-09 00:00:00+00:00,-0.00391425,0.970532,1.05967,0.232359,0.00422266,0.311618,9.97056e-05,3.32006e-05,1.30899e-05,-5.5068e-05,-0.00368206,30,0.0252641
2023-12-10 00:00:00+00:00,-0.00545064,0.965242,0.946236,0.236323,-0.00533527,0.397492,0.000127199,5.07461e-05,1.81975e-05,-0.000143098,-0.00510652,30,0.0269254
2023-12-11 00:00:00+00:00,-0.0153426,0.950433,0.893259,0.187582,-0.00217747,0.610793,0.000195475,7.8267e-05,4.68136e-05,-9.27408e-06,-0.0150861,29.9271,0.0237354
2023-12-12 00:00:00+00:00,-0.0136003,0.937507,0.834076,0.151864,0.000790253,0.119963,3.83762e-05,2.85501e-05,6.60249e-06,5.32428e-05,-0.013637,30,0.0191889
2023-12-13 00:00:00+00:00,0.00728963,0.944341,0.786652,0.168019,0.000267182,0.328008,0.000104983,5.60387e-05,1.2802e-05,8.20723e-05,0.00737604,30,0.0187297
2023-12-14 00:00:00+00:00,0.00655159,0.950528,0.808217,0.189014,-0.000455089,0.178232,5.70358e-05,1.53916e-05,6.76206e-06,0.000129716,0.00649467,30,0.0203768
2023-12-15 00:00:00+00:00,0.0027368,0.953129,0.776786,0.193345,-0.00145975,0.0902907,2.88929e-05,1.50689e-05,2.86031e-06,0.000192883,0.00259907,30,0.0211768
2023-12-16 00:00:00+00:00,-0.0183337,0.935655,0.77355,0.202605,6.64949e-05,0.12749,4.07711e-05,1.73525e-05,6.11013e-06,0.000114963,-0.0185316,30,0.0194743
2023-12-17 00:00:00+00:00,0.000464962,0.93609,0.740985,0.210896,0.00061827,0.0573603,1.83545e-05,2.67447e-06,2.45355e-06,2.75394e-05,0.000476918,29.6771,0.0154578
2023-12-18 00:00:00+00:00,0.00407363,0.939903,0.697447,0.180429,-0.00339496,0.288642,9.23597e-05,1.492e-05,1.22318e-05,-3.26955e-05,0.00423124,29.9792,0.0165187
2023-12-19 00:00:00+00:00,-0.00645893,0.933832,0.724883,0.171597,-0.000921418,0.0472841,1.51325e-05,1.99667e-06,1.68646e-06,4.05832e-05,-0.00648432,30,0.012853
2023-12-20 00:00:00+00:00,-0.00271843,0.931294,0.684842,0.160959,0.00017361,0.0814795,2.60757e-05,3.51778e-06,1.98213e-06,-4.9556e-06,-0.00266062,30,0.00915107
2023-12-21 00:00:00+00:00,-0.00741013,0.924393,0.62534,0.139574,0.00114701,0.063124,2.02009e-05,3.11605e-06,1.81757e-06,-4.41812e-05,-0.00735437,30,0.00697067
2023-12-22 00:00:00+00:00,-0.00196913,0.922572,0.566619,0.124325,-0.0036445,0.0865457,2.76931e-05,7.40587e-06,2.72127e-06,1.17689e-05,-0.00193561,30,0.00525072
2023-12-23 00:00:00+00:00,-0.00532284,0.917662,0.530545,0.121862,-0.00180021,0.0166831,5.33776e-06,1.71161e-06,3.87436e-07,6.82681e-05,-0.00539254,30,0.00312732
2023-12-24 00:00:00+00:00,-0.00301747,0.914893,0.507215,0.118337,-0.00277492,0.043006,1.37606e-05,5.20125e-06,8.79629e-07,-6.84496e-07,-0.00299388,30,0.000952164
2023-12-25 00:00:00+00:00,0.00117054,0.915964,0.471606,0.11351,-0.00323842,0.0295983,9.46934e-06,2.61794e-06,1.78297e-06,-3.00568e-05,0.0012192,28,2.62058e-05
2023-12-26 00:00:00+00:00,0.00571397,0.921197,0.447244,0.104732,-0.00588716,0.0496865,1.59043e-05,4.56104e-06,2.09728e-06,-8.24724e-05,0.00580975,28,0
2023-12-27 00:00:00+00:00,0.0054695,0.926236,0.397696,0.0948309,-0.00921553,0.0334373,1.07056e-05,1.74364e-06,2.03887e-06,-3.42943e-06,0.00547854,28,0
2023-12-28 00:00:00+00:00,4.86096e-05,0.926281,0.379904,0.0964083,-0.00311113,0.0187665,6.00686e-06,2.01299e-06,3.48475e-07,-8.40596e-05,0.000145997,28,0.000136255
2023-12-29 00:00:00+00:00,-0.00325587,0.923265,0.364712,0.0944604,-0.000812675,0.00206317,6.60267e-07,2.17522e-07,7.00959e-08,-0.00020693,-0.00305073,28,5.88201e-05
2023-12-30 00:00:00+00:00,-0.00010771,0.923166,0.361143,0.0934036,0.00221111,0,0,0,0,-0.000201676,9.48129e-05,28,0.000563861
2023-12-31 00:00:00+00:00,-0.00121667,0.922042,0.363523,0.0928154,0.00190632,0.0171615,5.49324e-06,2.05716e-06,4.83891e-07,-0.000270476,-0.000936098,28,3.92175e-05
2024-01-01 00:00:00+00:00,-0.000464516,0.921614,0.335021,0.0876694,0.000535683,0.0170515,5.45663e-06,2.99934e-06,1.3053e-06,-5.78168e-05,-0.000395224,26,0.000154839
2024-01-02 00:00:00+00:00,0.00303831,0.924414,0.311524,0.0685653,-0.00534328,0.0333138,1.06772e-05,1.56939e-06,3.55728e-07,-2.85764e-05,0.00307788,26,0.00126276
2024-01-03 00:00:00+00:00,-0.0013921,0.923127,0.285588,0.06096,-0.0028864,0.0233777,7.48804e-06,9.36005e-07,3.79346e-07,2.69933e-06,-0.00138208,26,0.000892241
2024-01-04 00:00:00+00:00,-0.00121537,0.922005,0.265014,0.052538,-0.00188701,0.00206749,6.61683e-07,8.27104e-08,2.78104e-07,-2.47829e-06,-0.00121128,26,0.00109652
2024-01-05 00:00:00+00:00,0.00277182,0.924561,0.262428,0.0548461,-0.000397029,0.0130473,4.17498e-06,5.21873e-07,8.58439e-07,3.17459e-05,0.00274317,26.7292,0.00619822
2024-01-06 00:00:00+00:00,0.00256849,0.926936,0.25941,0.0603678,0.00153143,0.0240382,7.69262e-06,9.61578e-07,1.08208e-06,2.64346e-05,0.00254998,27.2292,0.00948568
2024-01-07 00:00:00+00:00,0.00233888,0.929104,0.281893,0.0670694,0.000208093,0.0297306,9.51416e-06,1.18927e-06,8.24624e-07,2.32447e-05,0.0023257,28.4583,0.0109209
2024-01-08 00:00:00+00:00,0.00458338,0.933362,0.354952,0.0944757,-0.00211365,0.216099,6.91579e-05,2.18428e-05,9.78243e-06,-1.08163e-05,0.00469854,28.2396,0.0145964
2024-01-09 00:00:00+00:00,0.00559204,0.938582,0.420235,0.120695,4.70808e-05,0.187386,5.99682e-05,3.25091e-05,7.44885e-06,-3.18419e-05,0.00571845,29,0.0178558
2024-01-10 00:00:00+00:00,-0.00385642,0.934962,0.471363,0.100366,0.00518242,0.254834,8.15566e-05,7.97823e-05,9.96647e-06,-2.39835e-05,-0.00365145,29,0.0191069
2024-01-11 00:00:00+00:00,-0.00426881,0.930971,0.501072,0.0719294,0.00111635,0.160337,5.13018e-05,5.39911e-05,8.08625e-06,-1.11297e-05,-0.00413711,29,0.0183342
2024-01-12 00:00:00+00:00,-0.00618065,0.925217,0.498146,0.0605962,-0.00452414,0.087816,2.80982e-05,3.08705e-05,3.12736e-06,-9.79694e-06,-0.00611093,29.0625,0.0153468
2024-01-13 00:00:00+00:00,0.00107315,0.92621,0.427946,0.0440366,-0.0045471,0.0289539,9.26597e-06,9.61934e-06,1.75093e-06,-5.92932e-06,0.00110638,30,0.0141003
2024-01-14 00:00:00+00:00,0.00278181,0.928786,0.414554,0.0442397,-0.00444847,0.0257474,8.239e-06,1.51895e-05,1.19554e-06,-9.74096e-06,0.00281652,29.5833,0.0149808
2024-01-15 00:00:00+00:00,0.00137277,0.930061,0.402345,0.0366944,-0.0103771,0.16424,5.2564e-05,3.69706e-05,1.09058e-05,4.23678e-07,0.00147652,29.9896,0.0168631
2024-01-16 00:00:00+00:00,0.00198967,0.931912,0.405919,0.047317,-0.00227369,0.0732444,2.34399e-05,2.54795e-05,2.05008e-06,4.08118e-05,0.00200145,30,0.0161537
2024-01-17 00:00:00+00:00,-0.00311308,0.929011,0.443348,0.0572853,-0.00425523,0.0136026,4.35306e-06,7.92472e-07,3.28758e-07,5.40797e-05,-0.00316284,30,0.0140006
2024-01-18 00:00:00+00:00,0.00563684,0.934247,0.438086,0.0623073,-0.00099859,0.0479242,1.53353e-05,1.12631e-05,9.27632e-07,6.32164e-05,0.00558884,30,0.0153611
2024-01-19 00:00:00+00:00,0.00251838,0.9366,0.480389,0.0848513,-0.000528895,0.157011,5.02511e-05,3.47013e-05,3.8509e-06,0.000149959,0.00245962,30,0.0204724
2024-01-20 00:00:00+00:00,0.00179839,0.938285,0.589629,0.11149,-0.0110939,0.134163,4.29297e-05,2.65791e-05,1.9384e-06,0.000105318,0.00177198,30,0.0227546
2024-01-21 00:00:00+00:00,0.00532321,0.943279,0.658237,0.124553,-0.0186167,0.0567473,1.81599e-05,1.04293e-05,1.25062e-06,8.41377e-05,0.00526124,29.8958,0.0241296
2024-01-22 00:00:00+00:00,-0.00411164,0.939401,0.666339,0.138885,-0.0234676,0.195637,6.25961e-05,5.50184e-05,6.60192e-06,0.000212021,-0.00419103,29,0.027064
2024-01-23 00:00:00+00:00,0.00116343,0.940494,0.75545,0.167397,-0.0125647,0.350597,0.000112189,5.7482e-05,1.48008e-05,0.00016409,0.00120726,29.5417,0.0250706
2024-01-24 00:00:00+00:00,-0.0151238,0.92627,0.865472,0.180924,-0.00492221,0.112273,3.59171e-05,2.4853e-05,3.43534e-06,8.09635e-05,-0.015235,30,0.0227326
2024-01-25 00:00:00+00:00,0.00211073,0.928225,0.754882,0.147252,-0.00893287,0.157305,5.03498e-05,2.62706e-05,6.24841e-06,6.91898e-06,0.00219673,30,0.0210622
2024-01-26 00:00:00+00:00,-0.00343351,0.925038,0.729827,0.142102,-0.01443,0.0597477,1.91162e-05,5.98646e-06,1.93808e-06,2.3463e-06,-0.00340389,30,0.0194526
2024-01-27 00:00:00+00:00,0.00435472,0.929066,0.711772,0.152072,-0.0083888,0.180469,5.77526e-05,1.34709e-05,6.64425e-06,1.13656e-05,0.00441833,30,0.0206561
2024-01-28 00:00:00+00:00,0.0081728,0.936659,0.767706,0.17045,-0.00726141,0.146355,4.68416e-05,5.94794e-06,4.58896e-06,7.68729e-06,0.00819912,29.9688,0.0231451
2024-01-29 00:00:00+00:00,-0.00185797,0.934919,0.825868,0.150566,-0.00691531,0.2049,6.55464e-05,1.54603e-05,1.5721e-05,-1.35062e-05,-0.00173848,28.875,0.0252578
2024-01-30 00:00:00+00:00,0.00310304,0.93782,0.827819,0.150892,-0.0182064,0.290024,9.28094e-05,3.83783e-05,1.03396e-05,2.72742e-05,0.00322842,28.9792,0.0254302
2024-01-31 00:00:00+00:00,0.00836324,0.945663,0.916413,0.169655,-0.00875899,0.524226,0.000167772,4.64802e-05,1.79025e-05,-8.49457e-07,0.0085897,28.1979,0.0269675
2024-02-01 00:00:00+00:00,0.0108468,0.955921,0.992027,0.153752,0.00643227,0.582254,0.00018633,7.71328e-05,2.40445e-05,5.34916e-05,0.0110461,28.5833,0.0299814
2024-02-02 00:00:00+00:00,0.000782144,0.956668,1.06068,0.185332,0.00377501,0.217144,6.94896e-05,2.9536e-05,6.11227e-06,8.79e-05,0.000827981,30,0.0312934
2024-02-03 00:00:00+00:00,0.00659383,0.962977,1.09054,0.199857,0.00445961,0.291548,9.33154e-05,3.83344e-05,9.80296e-06,8.34456e-05,0.00664646,30,0.0324891
2024-02-04 00:00:00+00:00,-0.000740716,0.962263,1.11909,0.203163,-0.00408375,0.324413,0.000103825,4.59763e-05,9.51374e-06,4.33813e-05,-0.000606693,30,0.033192
2024-02-05 00:00:00+00:00,-0.0118343,0.950875,1.28682,0.223881,-0.00925571,0.357206,0.000114303,5.45642e-05,2.52892e-05,-2.28568e-05,-0.0116531,29.8542,0.0333145
2024-02-06 00:00:00+00:00,0.00236812,0.953127,1.2511,0.241877,-0.00221534,0.286602,9.17135e-05,4.14803e-05,7.91913e-06,1.28998e-05,0.00251734,30,0.0302753
2024-02-07 00:00:00+00:00,0.00561302,0.958477,1.17081,0.231672,6.57544e-05,0.199815,6.39303e-05,2.24428e-05,6.48226e-06,8.61434e-06,0.00570642,30,0.0318477
2024-02-08 00:00:00+00:00,0.0132648,0.971191,1.23882,0.281278,0.00942426,0.432237,0.000138328,2.62336e-05,1.13527e-05,0.000308386,0.0130655,30,0.0329347
2024-02-09 00:00:00+00:00,-0.00606248,0.965303,1.38814,0.288352,0.0130343,0.417865,0.000133719,2.78163e-05,9.71695e-06,0.000239102,-0.00611511,30,0.0358225
2024-02-10 00:00:00+00:00,0.00308097,0.968277,1.39034,0.273417,0.00321021,0.401506,0.000128485,2.48584e-05,9.31858e-06,0.000277749,0.00298815,30,0.0346463
2024-02-11 00:00:00+00:00,-0.00426526,0.964147,1.51588,0.288737,0.000298006,0.269097,8.60995e-05,2.44299e-05,7.13496e-06,0.000272538,-0.00439874,30,0.0353503
2024-02-12 00:00:00+00:00,-0.0104748,0.954048,1.29592,0.246581,-0.0344144,1.38161,0.000441689,0.000119538,9.14725e-05,0.000398864,-0.0102006,29,0.032852
2024-02-13 00:00:00+00:00,-0.00179761,0.952333,1.09264,0.237877,-0.0229411,0.503893,0.000161236,3.25312e-05,1.62079e-05,0.000355081,-0.00191201,28.8333,0.03226
2024-02-14 00:00:00+00:00,0.00851854,0.960446,1.19341,0.233417,-0.0107668,0.727659,0.000232918,6.66011e-05,3.17903e-05,0.000307885,0.0085457,29,0.0320302
2024-02-15 00:00:00+00:00,0.0186432,0.978351,1.43274,0.216445,-0.00701681,0.974681,0.000311985,6.03995e-05,4.23372e-05,0.000347141,0.0186035,29.7708,0.0366354
2024-02-16 00:00:00+00:00,0.00168414,0.979999,1.3166,0.217438,0.00237096,2.19519,0.000702512,0.000156495,7.54952e-05,0.000102982,0.00255519,30,0.0390386
2024-02-17 00:00:00+00:00,-0.00781134,0.972344,1.06183,0.212529,-0.001825,2.04536,0.000654442,0.000117479,6.38827e-05,0.000140945,-0.00708983,29.2812,0.0377483
2024-02-18 00:00:00+00:00,0.0077357,0.979866,1.46552,0.26718,0.00478765,0.890119,0.000284824,4.19147e-05,2.94693e-05,0.000245806,0.00785638,29.7188,0.0356419
2024-02-19 00:00:00+00:00,-0.00413782,0.975811,1.38643,0.28165,0.00320254,1.11681,0.000357172,6.03416e-05,7.30697e-05,0.000106915,-0.0037042,30,0.0351296
2024-02-20 00:00:00+00:00,0.0271319,1.00229,1.25221,0.227289,-0.00320908,1.43153,0.000458368,0.000105441,8.38705e-05,8.88841e-05,0.0274658,30,0.036694
2024-02-21 00:00:00+00:00,0.0252506,1.0276,1.21047,0.202992,0.00196765,3.47153,0.00111112,0.000244942,0.000144971,7.51194e-05,0.0263963,28.4479,0.0422995
2024-02-22 00:00:00+00:00,-0.0086808,1.01867,1.21138,0.249655,-0.0141524,1.98165,0.000634041,0.000166757,7.49773e-05,0.000406681,-0.00817806,26.2292,0.0444796
2024-02-23 00:00:00+00:00,0.0101385,1.029,1.53223,0.329867,-0.00309243,1.16177,0.000371827,0.000103863,4.90735e-05,0.000478188,0.0101958,30,0.0445793
2024-02-24 00:00:00+00:00,0.00276143,1.03184,1.06013,0.207149,-0.00439361,2.3872,0.000764017,0.000280705,6.79086e-05,0.000512006,0.00338122,29.8646,0.0464582
2024-02-25 00:00:00+00:00,-0.00995001,1.02158,1.15858,0.299693,-0.0118509,0.972865,0.000311328,0.000123608,2.55538e-05,0.000236511,-0.00972782,23.7083,0.0466383
2024-02-26 00:00:00+00:00,0.0282266,1.05041,1.25966,0.241077,-0.0170507,3.1675,0.00101374,0.000443138,0.000165964,0.00035924,0.0291492,26.6354,0.0461993
2024-02-27 00:00:00+00:00,0.00587237,1.05658,1.31467,0.240239,-0.0205028,2.00172,0.000640667,0.000300166,6.78121e-05,0.000428844,0.00652733,29.7188,0.0505587
2024-02-28 00:00:00+00:00,0.0260849,1.08414,1.16033,0.188965,-0.00276123,3.10382,0.000993436,0.000284414,0.000130167,0.000336389,0.0270045,30,0.0518609
2024-02-29 00:00:00+00:00,0.00859615,1.09346,0.887444,0.127779,0.0127307,2.60411,0.000833421,0.000141649,0.000124567,4.21176e-05,0.00967049,29.9896,0.0525544
2024-03-01 00:00:00+00:00,0.00298349,1.09672,0.835303,0.140538,0.00753762,2.13605,0.000683587,0.000142258,9.90048e-05,-6.67761e-05,0.00401424,29.9688,0.0533687
2024-03-02 00:00:00+00:00,-0.013744,1.08165,0.947476,0.18384,0.00109122,1.75546,0.000561731,0.000111885,7.58881e-05,8.3329e-05,-0.013093,30,0.0522047
2024-03-03 00:00:00+00:00,0.0112034,1.09377,0.932023,0.173232,-0.00474209,1.98901,0.000636736,0.000123678,8.76921e-05,6.86546e-05,0.0120051,30,0.0495632
2024-03-04 00:00:00+00:00,-0.000581248,1.09313,0.801471,0.170684,-0.00902538,2.35642,0.000754244,0.000183915,0.000132576,5.08304e-05,0.000541401,29.9896,0.0499541
2024-03-05 00:00:00+00:00,0.00586555,1.09954,0.873008,0.187801,-0.00351403,2.21507,0.00070883,0.000153288,0.000106546,-5.39789e-05,0.00697014,30,0.0508879
2024-03-06 00:00:00+00:00,0.0121415,1.1129,0.826003,0.128096,0.00412238,2.5111,0.00080371,0.000206814,0.000143646,-7.43493e-05,0.0133422,29.7396,0.0510301
2024-03-07 00:00:00+00:00,0.012002,1.12625,0.798177,0.145037,0.0017989,1.74052,0.000557082,0.000378663,8.79027e-05,-9.99748e-05,0.0130903,30,0.0524498
2024-03-08 00:00:00+00:00,-0.0189452,1.10492,0.813068,0.179226,-0.0012779,1.40819,0.000450577,0.000290823,5.87494e-05,2.89238e-05,-0.0182616,29.9896,0.0510034
2024-03-09 00:00:00+00:00,-0.0169714,1.08616,0.72986,0.173357,0.000398439,0.910643,0.000291394,0.00020632,3.46266e-05,0.000322631,-0.0168498,30,0.0457157
2024-03-10 00:00:00+00:00,0.021467,1.10948,0.926816,0.183483,-0.00340076,1.48222,0.00047446,0.00042467,5.3783e-05,0.000110959,0.0221532,29.9792,0.0469703
2024-03-11 00:00:00+00:00,0.00163235,1.11129,0.968521,0.146274,-0.0185035,2.62648,0.00084063,0.000584319,0.000140499,5.84415e-05,0.00323058,29.6875,0.0495287
2024-03-12 00:00:00+00:00,-0.00813426,1.10225,0.964213,0.163849,-0.0086755,1.75299,0.000560824,0.000354193,6.0637e-05,7.29856e-06,-0.00709672,30,0.0504079
2024-03-13 00:00:00+00:00,0.00936796,1.11258,0.879464,0.154926,-0.0155662,1.52675,0.000488593,0.00022223,5.57002e-05,5.43927e-05,0.0100944,30,0.0499792
2024-03-14 00:00:00+00:00,-0.00386233,1.10828,0.838807,0.15939,-0.0226073,1.92234,0.000615132,0.000201721,6.74662e-05,0.000174931,-0.00307164,30,0.0476853
2024-03-15 00:00:00+00:00,-0.0046833,1.10309,0.857359,0.126341,-0.00460533,2.8786,0.000921177,0.000170052,0.000112957,0.000144304,-0.00355444,29.9167,0.047404
2024-03-16 00:00:00+00:00,0.0136427,1.11814,0.88211,0.101165,0.000856423,2.29348,0.000734036,9.55531e-05,8.85693e-05,3.98186e-05,0.0144872,29.9479,0.0469445
2024-03-17 00:00:00+00:00,0.00554,1.12433,0.795052,0.119403,-0.00220133,3.05359,0.000977224,0.000125461,0.000103022,-1.4345e-05,0.00679427,29.1771,0.0498351
2024-03-18 00:00:00+00:00,0.0125161,1.13841,0.96996,0.114278,-0.0218485,2.84061,0.000909012,0.000125094,0.000138981,-3.98997e-05,0.0137344,27.1458,0.0496114
2024-03-19 00:00:00+00:00,-0.0161248,1.12005,1.10124,0.0471762,-0.000970692,3.26364,0.00104427,0.000151184,0.000124877,1.46341e-05,-0.0148762,30,0.0496508
2024-03-20 00:00:00+00:00,0.0184856,1.14075,0.998435,0.113778,-0.00305834,2.8738,0.000919861,0.000162045,0.000128125,3.80075e-05,0.01961,30,0.0483789
2024-03-21 00:00:00+00:00,0.00528655,1.14678,0.972032,0.152415,-0.00455281,2.08667,0.000667804,0.000123383,8.42954e-05,1.52274e-05,0.00618779,30,0.0508689
2024-03-22 00:00:00+00:00,0.00687351,1.15467,1.0875,0.106285,0.00112731,2.64558,0.00084669,0.000368871,0.000104006,8.8112e-05,0.0081208,30,0.0503761
2024-03-23 00:00:00+00:00,-0.00378124,1.1503,1.01233,0.142034,-0.00518922,2.91283,0.000932048,0.000519326,8.77741e-05,1.08745e-05,-0.0022181,30,0.050529
2024-03-24 00:00:00+00:00,-0.000451134,1.14978,1.11092,0.157448,-0.0101569,1.66468,0.000532631,0.000280149,5.61214e-05,1.23301e-06,0.000451065,30,0.0505579
2024-03-25 00:00:00+00:00,0.0166135,1.16888,1.0506,0.175517,-0.0135903,2.13954,0.000684895,0.000439688,5.06867e-05,0.000126386,0.0175724,29.7708,0.0500171
2024-03-26 00:00:00+00:00,-0.00249601,1.16597,1.01113,0.153898,-0.0178168,2.42754,0.000776804,0.000383794,5.35493e-05,0.000147127,-0.00139693,27.7292,0.0510005
2024-03-27 00:00:00+00:00,-0.0120416,1.15193,1.04603,0.142064,-0.00999713,3.59965,0.00115175,0.000353472,9.02703e-05,5.36512e-05,-0.0104932,29.9688,0.054067
2024-03-28 00:00:00+00:00,-0.0182031,1.13096,0.924911,0.142202,-0.00664696,2.65159,0.000848387,0.000314703,6.53157e-05,0.00010428,-0.0171897,28.3438,0.0509671
2024-03-29 00:00:00+00:00,0.00524788,1.13689,0.868894,0.146051,0.00105961,2.60151,0.00083263,0.000266015,6.20294e-05,0.000118817,0.00631626,22.5729,0.0477721
2024-03-30 00:00:00+00:00,-0.00513313,1.13106,0.806725,0.178434,0.0027677,2.21439,0.000708576,0.00023145,4.17482e-05,0.000332113,-0.00445526,23.6146,0.0461658
2024-03-31 00:00:00+00:00,0.000752729,1.13191,0.774077,0.185962,-0.0195779,1.79693,0.00057503,0.000156232,2.78643e-05,0.000188045,0.00135695,21.6042,0.0459715
2024-04-01 00:00:00+00:00,0.0170585,1.15122,1.19197,0.168466,-0.0456926,1.2145,0.000388743,0.000124684,4.45454e-05,0.000256084,0.017253,25.9688,0.0477304
2024-04-02 00:00:00+00:00,0.0160838,1.16973,1.23159,0.0889382,-0.020798,3.10192,0.0009929,0.000195521,0.00011304,-4.55062e-05,0.0173553,28.4271,0.0504763
2024-04-03 00:00:00+00:00,0.00503642,1.17562,1.25068,0.120138,-0.00240748,3.76738,0.00120568,0.000290476,0.000138208,1.2672e-05,0.00668307,29.4062,0.0527078
2024-04-04 00:00:00+00:00,0.00218837,1.1782,1.14081,0.124294,0.0091026,3.90674,0.00125024,0.000231072,0.000111702,0.000113666,0.00372254,28.7917,0.0542011
2024-04-05 00:00:00+00:00,-0.00403404,1.17344,1.19635,0.133142,0.0107756,3.15389,0.00100923,0.000127187,8.11854e-05,0.000227401,-0.00301639,26.0208,0.0544027
2024-04-06 00:00:00+00:00,-0.00769816,1.16441,1.02199,0.158851,-0.000235668,2.19982,0.000703873,8.7985e-05,4.49473e-05,0.000179076,-0.00703892,22.8229,0.0513103
2024-04-07 00:00:00+00:00,-0.0066476,1.15667,1.33818,0.217851,-0.0155702,0.915801,0.000293013,4.19424e-05,1.85388e-05,0.000245705,-0.00652989,24.7396,0.0486414
2024-04-08 00:00:00+00:00,0.00699313,1.16476,0.909571,0.188519,-0.0177007,3.42855,0.00109734,0.000163836,9.524e-05,3.41739e-05,0.00832223,24.9688,0.0490208
2024-04-09 00:00:00+00:00,0.00958624,1.17592,1.13677,0.185956,-0.0129269,2.64772,0.000847383,0.000208574,6.756e-05,2.30994e-05,0.010693,26.4792,0.0496696
2024-04-10 00:00:00+00:00,-0.00197482,1.1736,1.42298,0.159522,-0.00607653,2.56134,0.000819558,0.000236619,8.66379e-05,0.00021736,-0.00100454,29.3542,0.0518648
2024-04-11 00:00:00+00:00,0.0113155,1.18688,1.29595,0.184851,-0.00193927,3.14562,0.00100674,0.000287535,9.38378e-05,-2.05613e-05,0.0126952,29.6875,0.0527632
2024-04-12 00:00:00+00:00,0.0240892,1.21547,0.747589,0.127536,0.00411049,4.10974,0.00131596,0.000441265,0.000199124,8.28548e-05,0.0257494,22.4583,0.0559962
2024-04-13 00:00:00+00:00,0.0162324,1.2352,0.944052,0.114619,0.00255693,4.26836,0.00136629,0.000286996,0.000278993,0.000293,0.0178115,27.8438,0.0593252
2024-04-14 00:00:00+00:00,-0.00595172,1.22785,0.906885,0.160555,0.004012,3.0017,0.000960507,0.000367803,0.000226674,0.000158483,-0.00452831,29.8125,0.0589731
2024-04-15 00:00:00+00:00,0.00968158,1.23974,1.06395,0.154552,-0.00652053,3.20964,0.00102735,0.000340425,0.000298306,0.000355275,0.0109905,30,0.0602682
2024-04-16 00:00:00+00:00,-0.00926849,1.22825,1.15226,0.157355,0.00133142,3.20757,0.0010264,0.000361118,0.00020509,0.000230195,-0.00790028,29.9896,0.0598267
2024-04-17 00:00:00+00:00,0.00429307,1.23352,1.02287,0.140715,-0.000107364,3.39032,0.001085,0.000364666,0.000177981,1.50322e-05,0.00598244,27.25,0.0597105
2024-04-18 00:00:00+00:00,0.0100032,1.24586,1.27958,0.140506,-0.00154662,4.16905,0.00133438,0.000366886,0.00026316,-3.41794e-05,0.0120033,29.7708,0.0602055
2024-04-19 00:00:00+00:00,-0.0015631,1.24391,1.11207,0.175965,0.000162162,4.12165,0.00131898,0.000276324,0.000213121,-9.35473e-06,0.000317737,29.2708,0.0595581
2024-04-20 00:00:00+00:00,-0.00758581,1.23448,1.043,0.181966,0.00177175,3.80876,0.00121873,0.00042954,0.000164382,-2.56466e-05,-0.00572342,28.5104,0.058385
2024-04-21 00:00:00+00:00,0.000951,1.23565,0.831711,0.15484,-0.00375018,2.56799,0.000821763,0.000117673,7.31324e-05,0.000122913,0.00187509,24.4062,0.0555864
2024-04-22 00:00:00+00:00,0.00110809,1.23702,0.985638,0.188225,-0.00187495,4.02011,0.00128637,0.000186285,0.000165401,-1.30172e-05,0.00280163,25.4271,0.0587837
2024-04-23 00:00:00+00:00,-0.00490037,1.23096,0.758242,0.152859,0.00241881,2.61101,0.000835508,0.000113109,6.00041e-05,8.77465e-05,-0.00395569,24.7604,0.057731
2024-04-24 00:00:00+00:00,-0.00607934,1.22348,0.849991,0.203216,0.00340588,2.71138,0.000867684,0.000108747,6.71595e-05,0.000187147,-0.00518074,24.8542,0.0539889
2024-04-25 00:00:00+00:00,-0.00103931,1.2222,0.91965,0.181546,0.0022455,3.56937,0.00114229,0.000145969,9.34079e-05,0.000179641,0.000208468,27.6562,0.0540403
2024-04-26 00:00:00+00:00,0.0047612,1.22802,0.942561,0.203025,-0.00819716,3.4232,0.00109554,0.000192097,9.4141e-05,0.000186853,0.00597165,24.6979,0.051947
2024-04-27 00:00:00+00:00,0.0157215,1.24733,0.929044,0.13664,-0.000215769,4.5847,0.00146735,0.000244052,0.000151249,0.000174031,0.017316,24.8646,0.0540922
2024-04-28 00:00:00+00:00,0.0108613,1.26088,1.11634,0.239795,-0.0123288,3.32337,0.0010636,0.000157447,8.92831e-05,0.000374588,0.0117602,27.5521,0.0571412
2024-04-29 00:00:00+00:00,0.00305338,1.26473,1.40019,0.20555,-0.038082,4.01145,0.00128376,0.000192669,0.000176365,0.000349959,0.00440284,26.5417,0.058113
2024-04-30 00:00:00+00:00,-0.00139676,1.26296,1.31142,0.18891,-0.0150833,5.67528,0.00181618,0.000310897,0.000226386,0.000136114,0.000897823,27.625,0.0580578
2024-05-01 00:00:00+00:00,-0.00783422,1.25307,1.17089,0.134002,-0.014256,4.01137,0.00128354,0.000237187,0.000146552,0.000250621,-0.00639304,26.625,0.0549604
2024-05-02 00:00:00+00:00,-0.0142392,1.23522,0.706076,0.151103,-0.00500901,1.90429,0.000609287,0.000111724,5.60747e-05,0.000125461,-0.0136583,20.8542,0.0512077
2024-05-03 00:00:00+00:00,-0.00871724,1.22446,0.854357,0.210567,-0.0102922,2.15472,0.000689497,0.000113911,6.13319e-05,0.000188431,-0.00803567,20.9896,0.0464929
2024-05-04 00:00:00+00:00,-0.00502254,1.21831,0.841512,0.214589,-0.00571886,2.63212,0.000842254,0.000198118,6.93792e-05,0.000154014,-0.0040446,23.8229,0.0429167
2024-05-05 00:00:00+00:00,-0.0031582,1.21446,1.038,0.231447,-0.00513783,1.54523,0.000494415,0.000108109,4.14837e-05,-0.000214546,-0.00227293,24.8229,0.0404116
2024-05-06 00:00:00+00:00,-0.00311135,1.21068,1.16991,0.217226,-0.0129498,0.955383,0.000305701,6.12317e-05,6.45113e-05,0.000123192,-0.0027562,27.2812,0.037546
2024-05-07 00:00:00+00:00,0.00174529,1.21279,1.19692,0.211173,-0.00545362,1.43228,0.000458323,8.1975e-05,3.99975e-05,3.16935e-05,0.00233745,29,0.0377316
2024-05-08 00:00:00+00:00,0.00468509,1.21847,1.4628,0.189962,-0.0210657,1.2192,0.000390127,6.19987e-05,4.42738e-05,4.88616e-05,0.00518889,29.75,0.0395382
2024-05-09 00:00:00+00:00,-0.00328729,1.21447,1.16852,0.214869,-0.00438014,1.65049,0.000528063,0.000118944,5.30644e-05,0.000127366,-0.00266657,29.8542,0.0402213
2024-05-10 00:00:00+00:00,-0.010265,1.202,0.901741,0.228833,-0.00217473,0.778929,0.000249218,3.55058e-05,1.62832e-05,0.000132477,-0.0101082,29.25,0.0364354
2024-05-11 00:00:00+00:00,-4.71762e-05,1.20195,0.888914,0.238257,0.00308819,0.828916,0.000265233,3.54599e-05,2.00792e-05,2.96668e-05,0.000273688,29.1146,0.0340591
2024-05-12 00:00:00+00:00,-0.00129116,1.20039,0.984688,0.22593,-0.00993873,0.293402,9.3891e-05,1.34818e-05,8.03946e-06,6.3296e-05,-0.00122603,29,0.0339902
2024-05-13 00:00:00+00:00,0.0094695,1.21176,1.03669,0.223716,-0.0107812,2.55148,0.00081649,0.000151169,7.1897e-05,8.81919e-05,0.0104328,28.875,0.0374294
2024-05-14 00:00:00+00:00,-0.00619546,1.20425,1.04555,0.257354,0.00262532,0.702359,0.000224762,4.05446e-05,2.61283e-05,0.000419202,-0.00630022,29.6354,0.0366108
2024-05-15 00:00:00+00:00,0.0216732,1.23035,1.21072,0.248512,8.57919e-05,1.20442,0.000385518,6.45244e-05,4.33574e-05,0.000489047,0.0215156,30,0.0374989
2024-05-16 00:00:00+00:00,-0.00011637,1.23021,1.02053,0.262724,0.00242654,2.52878,0.000809232,0.000128619,7.47166e-05,3.09988e-05,0.000899473,29.8542,0.0398472
2024-05-17 00:00:00+00:00,0.0149129,1.24856,1.01085,0.244322,-0.00287566,3.46027,0.00110752,0.000179775,0.000109898,0.000122144,0.0161057,28.4583,0.0395626
2024-05-18 00:00:00+00:00,0.00642666,1.25658,0.882429,0.221343,-0.0166256,2.57358,0.000823642,0.000136153,7.27038e-05,7.43279e-05,0.00741984,25.1042,0.0421755
2024-05-19 00:00:00+00:00,0.00113616,1.25801,0.822693,0.180741,-0.0234648,2.25949,0.000723077,0.000183907,5.87672e-05,-8.23996e-06,0.00213203,21.5104,0.0425201
2024-05-20 00:00:00+00:00,0.0175226,1.28005,0.832326,0.161484,-0.0351858,3.86365,0.00123657,0.000364997,0.000226773,2.12062e-05,0.019253,22.1771,0.0420876
2024-05-21 00:00:00+00:00,-0.0184138,1.25648,1.01538,0.209715,-0.00903537,3.38154,0.0010819,0.000357178,0.000129919,8.89682e-05,-0.0170148,27.625,0.0430738
2024-05-22 00:00:00+00:00,-0.0177103,1.23423,0.73918,0.139612,-0.012567,1.8537,0.000593064,0.000253122,5.67375e-05,6.35036e-05,-0.0169355,24.2708,0.0366299
2024-05-23 00:00:00+00:00,0.00406363,1.23924,1.07197,0.15317,-0.0101941,1.43498,0.000459248,0.000110166,6.87043e-05,1.91696e-05,0.00476138,27.7708,0.0357551
2024-05-24 00:00:00+00:00,-0.00180446,1.23701,1.21671,0.152263,-0.00152782,0.879873,0.000281567,6.19853e-05,4.03968e-05,-1.02693e-05,-0.00136191,30,0.034386
2024-05-25 00:00:00+00:00,-0.00603367,1.22954,1.36093,0.238007,0.00231691,0.857565,0.00027437,4.96898e-05,2.48981e-05,4.08282e-05,-0.00570707,30,0.0341753
2024-05-26 00:00:00+00:00,0.00341846,1.23375,1.30003,0.245054,0.005007,0.288276,9.22642e-05,2.2111e-05,9.17327e-06,1.17743e-05,0.00355101,30,0.0273841
2024-05-27 00:00:00+00:00,-0.011349,1.21975,1.1547,0.230638,-0.013192,0.369929,0.000118327,2.92398e-05,1.65337e-05,1.99265e-05,-0.0112307,29.9271,0.026087
2024-05-28 00:00:00+00:00,-0.0121413,1.20494,1.07521,0.208408,-0.00925488,0.111345,3.56198e-05,5.99053e-06,4.82741e-06,0.00015888,-0.0122949,30,0.0225114
2024-05-29 00:00:00+00:00,-0.00487002,1.19907,1.01298,0.198666,-0.00363313,0.217425,6.95846e-05,1.38438e-05,7.19066e-06,1.56677e-05,-0.00477497,30,0.0179123
2024-05-30 00:00:00+00:00,-0.00177941,1.19693,0.86227,0.169239,-0.0084144,0.228572,7.3146e-05,1.73439e-05,6.58625e-06,-7.08809e-06,-0.00165694,30,0.0176568
2024-05-31 00:00:00+00:00,-0.00374221,1.19246,0.792907,0.175656,-0.00246647,0.0892704,2.85646e-05,7.00237e-06,3.45036e-06,-1.83186e-05,-0.00368031,30,0.0145545
2024-06-01 00:00:00+00:00,-0.00201739,1.19005,0.775076,0.177533,-0.00307042,0.0306311,9.79924e-06,2.2708e-06,8.28596e-07,-9.09267e-05,-0.00190888,30,0.00920593
2024-06-02 00:00:00+00:00,0.00511702,1.19614,0.738981,0.175781,0.000468827,0.0407691,1.30679e-05,4.09955e-06,1.63024e-06,-5.35699e-05,0.00518783,30,0.009049
2024-06-03 00:00:00+00:00,0.00107417,1.19742,0.528853,0.0992885,-0.0164518,0.236844,7.57927e-05,2.59541e-05,1.50529e-05,-2.14016e-05,0.0012243,28,0.0115095
2024-06-04 00:00:00+00:00,0.000970881,1.19859,0.503387,0.0936893,-0.00860677,0.0156218,5.00023e-06,1.12116e-06,5.58788e-07,-3.53294e-06,0.000986395,28,0.0115331
2024-06-05 00:00:00+00:00,0.00126732,1.20011,0.504742,0.0884076,-0.00879964,0.0187177,5.99066e-06,8.55931e-07,9.61706e-07,6.23047e-06,0.00127377,27.1458,0.010171
2024-06-06 00:00:00+00:00,0.0028274,1.2035,0.504777,0.0895858,-0.0043484,0.00434906,1.39182e-06,1.73977e-07,1.17059e-07,3.94867e-06,0.00282397,28,0.0119475
2024-06-07 00:00:00+00:00,0.0150267,1.22158,0.515825,0.121962,-0.000434473,0.189238,6.09177e-05,1.2154e-05,1.88147e-05,0.000147413,0.0150084,28.4271,0.0146878
2024-06-08 00:00:00+00:00,0.00108234,1.22291,0.552326,0.183528,-1.82517e-05,0.110326,3.53057e-05,1.90995e-05,1.10647e-05,1.88172e-05,0.00113475,30,0.0177465
2024-06-09 00:00:00+00:00,0.00033589,1.22332,0.555501,0.184108,-0.000706963,0.00903922,2.89273e-06,1.6522e-06,4.24694e-07,-4.54355e-06,0.000349653,30,0.0167987
2024-06-10 00:00:00+00:00,-0.000373696,1.22286,0.491335,0.163304,0.0010301,0.149901,4.7958e-05,3.9722e-05,2.23791e-05,-2.82732e-05,-0.00023093,27.9167,0.0184383
2024-06-11 00:00:00+00:00,-0.00468155,1.21713,0.487718,0.158899,0.00184705,0.0691448,2.21244e-05,1.39577e-05,2.40453e-06,-3.0939e-05,-0.00461363,28,0.0165807
2024-06-12 00:00:00+00:00,-0.00150631,1.2153,0.499364,0.151975,0.00324306,0.0161252,5.16141e-06,4.47469e-06,1.24612e-06,-2.22298e-05,-0.00146755,28,0.0146956
2024-06-13 00:00:00+00:00,0.00257329,1.21843,0.499204,0.142601,0.00495134,0.124168,3.97333e-05,1.15531e-05,7.82874e-06,-2.47098e-05,0.00266073,28,0.0147007
2024-06-14 00:00:00+00:00,0.00240636,1.22136,0.521424,0.138931,0.00218998,0.0981513,3.14111e-05,4.36979e-06,6.69557e-06,-1.82019e-06,0.00245733,28,0.0155314
2024-06-15 00:00:00+00:00,0.00190096,1.22368,0.584551,0.135882,0.00179378,0.178956,5.72703e-05,7.15878e-06,9.16969e-06,-4.57857e-05,0.00202389,28,0.0177242
2024-06-16 00:00:00+00:00,-0.000347889,1.22326,0.592277,0.143209,-0.00123265,0.100576,3.21833e-05,4.02291e-06,3.64036e-06,-6.32235e-05,-0.00024109,28,0.0170133
2024-06-17 00:00:00+00:00,0.00851714,1.23367,0.622509,0.131825,-0.00172545,0.30278,9.6899e-05,2.228e-05,1.4188e-05,-2.22295e-05,0.00865387,28.1979,0.0187644
2024-06-18 00:00:00+00:00,0.00804015,1.24359,0.795524,0.14087,0.000608481,0.424576,0.000135912,4.94168e-05,3.21354e-05,9.19248e-05,0.00818732,29.8958,0.022536
2024-06-19 00:00:00+00:00,0.00609066,1.25117,0.792207,0.186234,0.00331513,0.336553,0.000107709,2.84354e-05,1.93897e-05,3.95314e-05,0.00620212,30,0.0234624
2024-06-20 00:00:00+00:00,-0.004466,1.24558,0.78133,0.225951,0.00335053,0.205179,6.56554e-05,2.35544e-05,1.14058e-05,3.38759e-05,-0.0043967,29.7292,0.0220035
2024-06-21 00:00:00+00:00,-0.00163134,1.24355,0.750472,0.232661,0.00796181,0.142829,4.57021e-05,1.9487e-05,5.80031e-06,-7.01625e-06,-0.00153609,29.9375,0.0187621
2024-06-22 00:00:00+00:00,0.00285318,1.2471,0.749576,0.229769,0.00881185,0.0535447,1.71392e-05,7.18447e-06,2.91616e-06,-9.3269e-06,0.00289803,30,0.0187214
2024-06-23 00:00:00+00:00,-0.00225594,1.24428,0.742038,0.228544,0.0062918,0.0177359,5.67625e-06,5.45753e-06,8.58885e-07,-9.57249e-06,-0.00223026,30,0.0183154
2024-06-24 00:00:00+00:00,-0.0167019,1.2235,0.674912,0.203703,-0.00234514,0.166593,5.32495e-05,2.63019e-05,1.11684e-05,-4.19254e-05,-0.0166756,28.6354,0.0166089
2024-06-25 00:00:00+00:00,0.000499403,1.22411,0.643671,0.18133,0.00175252,0.0630465,2.01787e-05,3.68438e-06,2.39922e-06,-7.45671e-06,0.000541353,29,0.0123895
2024-06-26 00:00:00+00:00,0.000737097,1.22501,0.635131,0.180724,0.00526462,0.040284,1.28927e-05,1.61158e-06,1.64999e-06,1.3538e-05,0.000744878,29,0.0120482
2024-06-27 00:00:00+00:00,0.00236415,1.22791,0.644945,0.178384,0.00397897,0.113515,3.63226e-05,4.54033e-06,6.15622e-06,-3.67933e-05,0.00245242,29,0.0135374
2024-06-28 00:00:00+00:00,0.00117329,1.22935,0.642737,0.189865,0.0158189,0.193374,6.18826e-05,7.73533e-06,6.67272e-06,2.1065e-05,0.00123471,29,0.0150993
2024-06-29 00:00:00+00:00,-0.0020447,1.22684,0.643277,0.160944,0.00561223,0.0444317,1.42159e-05,2.39242e-06,1.32973e-06,0.000164749,-0.00218827,29,0.0159665
2024-06-30 00:00:00+00:00,0.00298173,1.2305,0.637511,0.158152,0.00243447,0.175331,5.61078e-05,2.46612e-05,6.60969e-06,7.28722e-05,0.00300131,29,0.0181224
2024-07-01 00:00:00+00:00,-0.00302287,1.22678,0.751316,0.140858,-0.0174547,0.241304,7.72239e-05,1.24e-05,1.88241e-05,2.1158e-05,-0.00292659,29.9167,0.0193946
2024-07-02 00:00:00+00:00,0.000903399,1.22788,0.738985,0.165619,-0.0141067,0.134085,4.29151e-05,1.37188e-05,6.22404e-06,4.40094e-05,0.000933738,30,0.0183572
2024-07-03 00:00:00+00:00,0.00453194,1.23345,0.735768,0.178717,0.00621065,0.200378,6.413e-05,1.7061e-05,8.98643e-06,8.52951e-06,0.00461775,30,0.0183338
2024-07-04 00:00:00+00:00,-0.00979264,1.22137,0.686702,0.114449,-0.00395703,0.557454,0.000178354,5.12246e-05,2.00341e-05,-6.59127e-06,-0.00954598,30,0.0189769
2024-07-05 00:00:00+00:00,0.00176531,1.22353,0.58031,0.0161128,-0.00340846,0.504332,0.000161448,3.87124e-05,2.90808e-05,7.49894e-05,0.00194444,30,0.0162393
2024-07-06 00:00:00+00:00,0.00472304,1.22931,0.531456,0.0845681,0.000694564,0.378174,0.000121021,2.5849e-05,2.3702e-05,6.90656e-05,0.00482308,30,0.0160146
2024-07-07 00:00:00+00:00,0.00179899,1.23152,0.521436,0.121381,0.000306662,0.333373,0.00010668,2.0326e-05,1.92795e-05,-1.1439e-06,0.00195297,30,0.0175938
2024-07-08 00:00:00+00:00,0.010271,1.24417,0.576729,0.129389,-0.00409357,0.386891,0.0001238,1.71006e-05,4.39895e-05,-1.22325e-06,0.0104309,29.5938,0.0183397
2024-07-09 00:00:00+00:00,0.00169535,1.24627,0.622807,0.146156,0.0030004,0.169854,5.43541e-05,8.55126e-06,1.04022e-05,-2.68744e-06,0.00178529,30,0.0199636
2024-07-10 00:00:00+00:00,-0.00891851,1.23516,0.641448,0.149987,-0.00286123,0.12456,3.98576e-05,1.08377e-05,7.44879e-06,-1.55404e-05,-0.00886113,30,0.0200921
2024-07-11 00:00:00+00:00,0.00884226,1.24608,0.669681,0.14966,-0.0010552,0.435599,0.000139403,2.16167e-05,2.13593e-05,-2.76722e-05,0.00903763,30,0.0197124
2024-07-12 00:00:00+00:00,-0.00922764,1.23458,0.758342,0.116966,-0.00931158,0.305366,9.76966e-05,1.49189e-05,1.57061e-05,1.35002e-05,-0.00913185,30,0.0209135
2024-07-13 00:00:00+00:00,0.00778159,1.24419,0.730102,0.122779,0.00194039,0.167734,5.36767e-05,7.00967e-06,7.3822e-06,-2.07632e-05,0.00785254,30,0.0202285
2024-07-14 00:00:00+00:00,0.00447081,1.24975,0.716909,0.14322,0.00571141,0.172671,5.52589e-05,7.63879e-06,8.01517e-06,3.6939e-07,0.0045418,30,0.0242478
2024-07-15 00:00:00+00:00,-0.00704647,1.24095,0.832986,0.178361,-0.00596579,0.399861,0.000127939,2.0829e-05,2.50756e-05,0.00010438,-0.00696172,30,0.0276091
2024-07-16 00:00:00+00:00,-0.0105257,1.22788,0.858021,0.210376,0.00325531,0.0834809,2.67052e-05,3.78889e-06,3.05386e-06,4.42784e-05,-0.0105568,30,0.0238605
2024-07-17 00:00:00+00:00,-0.00717667,1.21907,0.826317,0.20022,0.00455564,0.121267,3.88047e-05,5.25749e-06,6.75748e-06,4.08469e-05,-0.00717211,30,0.0224123
2024-07-18 00:00:00+00:00,0.00722772,1.22788,0.796665,0.194918,0.00556939,0.262657,8.40595e-05,1.2416e-05,1.41622e-05,3.70788e-05,0.00729328,30,0.0206252
2024-07-19 00:00:00+00:00,0.00301574,1.23159,0.793445,0.180438,0.00147953,0.234301,7.49847e-05,9.67161e-06,1.16833e-05,1.47029e-05,0.00310839,30,0.0233103
2024-07-20 00:00:00+00:00,0.00951597,1.24331,0.790267,0.188556,0.000544963,0.191604,6.13133e-05,1.35142e-05,8.97424e-06,6.3794e-05,0.00951094,30,0.0232957
2024-07-21 00:00:00+00:00,0.00326,1.24736,0.773106,0.171509,-0.00486385,0.208817,6.68281e-05,8.87818e-06,8.26951e-06,4.8142e-05,0.00329988,30,0.0259861
2024-07-22 00:00:00+00:00,0.000438114,1.24791,0.824395,0.144212,-0.0112671,0.267241,8.55311e-05,3.6463e-05,3.65473e-05,4.71832e-05,0.000570187,29.2812,0.0257787
2024-07-23 00:00:00+00:00,-0.00166424,1.24583,0.910268,0.187938,-0.00278776,0.504542,0.000161461,3.61583e-05,2.61136e-05,0.00011737,-0.00151766,30,0.0276494
2024-07-24 00:00:00+00:00,0.000548991,1.24651,1.01469,0.220596,0.0163033,0.350806,0.000112255,3.36856e-05,1.99942e-05,0.000115414,0.000615716,30,0.0271003
2024-07-25 00:00:00+00:00,-0.00777686,1.23682,0.799615,0.196842,0.0109853,0.544951,0.000174376,2.59362e-05,2.12257e-05,2.31769e-05,-0.00756553,30,0.0256835
2024-07-26 00:00:00+00:00,-0.00857795,1.22621,0.698138,0.153721,0.00612633,0.195903,6.26717e-05,7.83396e-06,8.12933e-06,-9.55571e-06,-0.00849541,30,0.0238294
2024-07-27 00:00:00+00:00,0.00541062,1.23284,0.706659,0.165721,0.0087385,0.235871,7.54892e-05,9.64237e-06,9.17793e-06,1.35264e-05,0.00550314,30,0.0219474
2024-07-28 00:00:00+00:00,0.00716496,1.24168,0.747924,0.165137,0.000546377,0.249109,7.97245e-05,1.19941e-05,1.23193e-05,-4.49912e-05,0.00730062,29.9688,0.0236218
2024-07-29 00:00:00+00:00,-0.00606163,1.23415,0.760403,0.140267,-0.0161002,0.301089,9.63565e-05,1.49002e-05,2.42389e-05,-4.15679e-05,-0.0058788,29.9896,0.0256022
2024-07-30 00:00:00+00:00,-0.00656927,1.22604,0.743056,0.147896,-0.00830913,0.0932113,2.98225e-05,7.90233e-06,5.35289e-06,-5.43201e-06,-0.00651751,30,0.0212225
2024-07-31 00:00:00+00:00,0.00256137,1.22918,0.743264,0.131032,-0.0122543,0.213406,6.82997e-05,1.01487e-05,1.19847e-05,4.47507e-06,0.00266277,30,0.0216401
2024-08-01 00:00:00+00:00,0.00541706,1.23584,0.78735,0.0914432,-0.0186632,0.629871,0.000201625,4.91239e-05,2.92983e-05,-4.07673e-05,0.00577577,30,0.0221666
2024-08-02 00:00:00+00:00,-0.00533249,1.22925,0.818974,0.0653461,-0.0130669,0.456832,0.000146185,4.68968e-05,3.15391e-05,-4.94348e-05,-0.00504648,30,0.0235037
2024-08-03 00:00:00+00:00,0.00687034,1.2377,0.806416,0.0615859,-0.00285258,0.607349,0.00019438,4.88681e-05,3.76866e-05,-7.19941e-07,0.00715218,30,0.0237022
2024-08-04 00:00:00+00:00,-0.0046118,1.23199,0.998459,0.0246596,-0.00822115,0.648035,0.000207356,8.17754e-05,4.16644e-05,0.000104072,-0.00437114,30,0.0254134
2024-08-05 00:00:00+00:00,0.0161573,1.2519,0.838006,0.0377011,0.00178721,1.28665,0.000411774,0.000156805,0.000140245,6.49383e-05,0.0167182,29.9583,0.0240396
2024-08-06 00:00:00+00:00,-0.0126647,1.23604,0.87241,0.0660039,0.00121825,0.398637,0.00012754,6.48356e-05,4.51711e-05,0.000125958,-0.0126059,29.9792,0.0250435
2024-08-07 00:00:00+00:00,-0.000320103,1.23564,0.838214,0.0776663,0.00159376,0.155157,4.96618e-05,4.12599e-05,1.21568e-05,0.000193707,-0.000375369,30,0.0217785
2024-08-08 00:00:00+00:00,0.0124027,1.25097,0.794395,0.0761539,0.00267493,0.414789,0.00013275,3.63978e-05,3.88802e-05,0.000112951,0.0124845,30,0.0215724
2024-08-09 00:00:00+00:00,-0.002364,1.24801,0.761642,0.0582632,-8.25201e-05,0.17257,5.52236e-05,1.66129e-05,1.00775e-05,0.000117686,-0.00238368,29.8854,0.0233333
2024-08-10 00:00:00+00:00,-0.00731833,1.23888,0.786128,0.0722766,0.000210178,0.169281,5.41697e-05,1.36842e-05,1.16904e-05,1.85294e-05,-0.00727006,30,0.023036
2024-08-11 00:00:00+00:00,0.00990425,1.25115,0.794955,0.0859615,0.00364114,0.225646,7.22124e-05,1.09685e-05,1.1173e-05,7.34803e-05,0.00988934,30,0.0241578
2024-08-12 00:00:00+00:00,-0.0154629,1.2318,0.820004,0.0835108,-0.00198613,0.230774,7.38497e-05,1.62534e-05,2.58399e-05,1.30479e-05,-0.0154441,29.7604,0.0238733
2024-08-13 00:00:00+00:00,0.00328879,1.23585,0.789368,0.0847459,-0.00551726,0.19613,6.27675e-05,1.02045e-05,1.19738e-05,3.10419e-05,0.00336497,30,0.0218699
2024-08-14 00:00:00+00:00,0.00382496,1.24058,0.791205,0.089794,-0.0100088,0.138925,4.44525e-05,5.98904e-06,6.82945e-06,8.63447e-05,0.00380991,30,0.0234488
2024-08-15 00:00:00+00:00,0.00736625,1.24972,0.75987,0.103815,-0.00439725,0.363274,0.000116268,2.42733e-05,1.45111e-05,4.64e-05,0.00747245,30,0.0243146
2024-08-16 00:00:00+00:00,0.00690701,1.25835,0.914407,0.077744,-0.012915,0.426959,0.000136654,2.59015e-05,2.07298e-05,0.00010822,0.00698649,30,0.0283951
2024-08-17 00:00:00+00:00,-0.00221536,1.25556,1.06381,0.0851166,-0.0179425,0.355872,0.000113862,1.63758e-05,1.42505e-05,0.000152654,-0.00219754,30,0.0287256
2024-08-18 00:00:00+00:00,0.000182092,1.25579,0.965861,0.107926,-0.0172215,0.203769,6.51965e-05,1.27871e-05,9.62386e-06,0.000153644,0.000136185,30,0.0279325
2024-08-19 00:00:00+00:00,0.00576477,1.26303,0.88769,0.0952225,-0.0347004,0.496987,0.0001591,4.74206e-05,6.00363e-05,0.000105094,0.005931,28.9583,0.0280084
2024-08-20 00:00:00+00:00,-0.00624342,1.25515,0.888338,0.133754,-0.0222096,0.212161,6.78691e-05,1.79794e-05,8.41825e-06,9.32225e-05,-0.00624109,28.2083,0.0284969
2024-08-21 00:00:00+00:00,-0.00200967,1.25262,0.873454,0.130555,-0.0134468,0.218985,7.00758e-05,2.476e-05,1.08026e-05,5.61114e-05,-0.00194848,29.0729,0.0251027
2024-08-22 00:00:00+00:00,-0.00280239,1.24911,0.935865,0.110274,-0.0127172,0.0526916,1.68595e-05,2.10744e-06,1.88514e-06,4.36439e-05,-0.00281553,30,0.0238048
2024-08-23 00:00:00+00:00,-0.00951091,1.23723,0.933236,0.102434,-0.0254057,0.127867,4.09008e-05,1.1349e-05,5.00282e-06,8.78501e-05,-0.0095625,30,0.0207635
2024-08-24 00:00:00+00:00,-0.0049433,1.23112,0.936823,0.116648,-0.0204939,0.0853699,2.7309e-05,4.08556e-06,5.45008e-06,4.75813e-05,-0.00494233,30,0.0160269
2024-08-25 00:00:00+00:00,0.00688009,1.23959,0.834152,0.121939,-0.0211002,0.106692,3.41375e-05,6.32529e-06,6.6193e-06,1.64436e-05,0.00691684,29.9688,0.0170995
2024-08-26 00:00:00+00:00,0.00919617,1.25099,0.78414,0.150128,-0.0138231,0.388117,0.000124163,5.39374e-05,4.76025e-05,1.0115e-05,0.0093861,27.1354,0.0192507
2024-08-27 00:00:00+00:00,-0.0127841,1.23499,0.895133,0.210291,-0.0112134,0.107079,3.42518e-05,5.44917e-06,5.07211e-06,4.4237e-07,-0.0127835,28.3854,0.0219395
2024-08-28 00:00:00+00:00,0.00525067,1.24148,0.887072,0.191403,0.00740727,0.127581,4.0802e-05,1.42819e-05,7.89869e-06,-2.96464e-05,0.00538441,29,0.018579
2024-08-29 00:00:00+00:00,0.00349276,1.24582,0.823581,0.179634,0.00131788,0.115042,3.68148e-05,1.67433e-05,4.5088e-06,-4.32801e-05,0.00359597,29,0.0197674
2024-08-30 00:00:00+00:00,-0.00242381,1.2428,0.782302,0.147552,0.000750444,0.12899,4.12714e-05,2.99051e-05,7.04642e-06,7.50017e-06,-0.00234818,29.1458,0.0209771
2024-08-31 00:00:00+00:00,-0.00131418,1.24116,0.808942,0.137143,-0.00658017,0,0,0,0,3.17853e-05,-0.00134279,30,0.0211874
2024-09-01 00:00:00+00:00,0.00352346,1.24554,0.789657,0.138817,-0.00452169,0.00991244,3.17163e-06,1.62144e-06,5.75376e-07,6.63407e-05,0.00346711,30,0.0206911
2024-09-02 00:00:00+00:00,-0.00469101,1.23969,0.80302,0.139375,-0.0230211,0.319723,0.000102315,3.77942e-05,2.90937e-05,-9.12298e-06,-0.00451102,30,0.0228078
2024-09-03 00:00:00+00:00,0.000110504,1.23983,0.804774,0.144356,-0.0126767,0.201855,6.4595e-05,2.00953e-05,1.03785e-05,9.07352e-05,0.000124578,30,0.0207021
2024-09-04 00:00:00+00:00,0.000881285,1.24092,0.844102,0.129167,-0.00652431,0.148378,4.74774e-05,6.36679e-06,8.83755e-06,0.000464552,0.000499396,30,0.0197716
2024-09-05 00:00:00+00:00,-0.00646938,1.23289,0.779572,0.150413,0.00345328,0.114243,3.65557e-05,4.93419e-06,4.28325e-06,-1.22517e-05,-0.0064257,30,0.016565
2024-09-06 00:00:00+00:00,-0.00918684,1.22157,0.731573,0.149648,0.00445997,0.0669968,2.14413e-05,2.68017e-06,2.06952e-06,9.53091e-06,-0.00918844,30,0.0122877
2024-09-07 00:00:00+00:00,-0.00316565,1.2177,0.686826,0.130133,0.00285151,0.00590136,1.88689e-06,7.11613e-07,3.28999e-07,-8.92833e-06,-0.00315052,30,0.00979057
2024-09-08 00:00:00+00:00,0.000633403,1.21847,0.681566,0.13726,0.0120192,0.0359821,1.15142e-05,1.43928e-06,9.94049e-07,-5.73337e-06,0.000659765,30,0.00784281
2024-09-09 00:00:00+00:00,0.000607009,1.21921,0.641887,0.128694,0.0156595,0.0464646,1.48727e-05,2.25018e-06,2.17885e-06,4.17682e-05,0.000591175,28,0.00551514
2024-09-10 00:00:00+00:00,0.00152982,1.22108,0.640345,0.120614,0.0129724,0.0255729,8.18478e-06,1.0231e-06,4.56071e-07,7.34869e-05,0.00146864,28,0.00264159
2024-09-11 00:00:00+00:00,0.00497208,1.22715,0.60355,0.118868,0.0163527,0.00931784,2.98294e-06,1.75208e-06,2.77079e-07,2.22458e-05,0.00494695,27.4375,0.00453622
2024-09-12 00:00:00+00:00,-0.00210651,1.22456,0.601098,0.116693,0.011859,0.00626967,2.00645e-06,7.67127e-07,1.93957e-07,1.08907e-05,-0.00211066,27,0.00409236
2024-09-13 00:00:00+00:00,-0.00103821,1.22329,0.604612,0.115046,0.0106242,0.00215644,6.90092e-07,8.62615e-08,6.49714e-08,0.000193158,-0.00122406,27,0.00431575
2024-09-14 00:00:00+00:00,0.000630914,1.22406,0.612433,0.117308,0.00734222,0.00201052,6.42533e-07,8.03166e-08,5.64121e-08,0.000222701,0.00041253,27,0.00476861
2024-09-15 00:00:00+00:00,0.00349758,1.22834,0.606441,0.120302,0.00541223,0,0,0,0,0.000139419,0.00335645,27,0.00563351
2024-09-16 00:00:00+00:00,0.000828171,1.22936,0.554053,0.126189,0.0206661,0.0415309,1.32916e-05,1.07486e-05,3.9857e-06,3.37909e-05,0.000826759,25,0.0031732
2024-09-17 00:00:00+00:00,0.0035841,1.23377,0.544638,0.114846,0.0178035,0.0098172,3.14264e-06,6.12736e-07,2.99954e-08,7.73477e-05,0.00350691,25,0.002149
2024-09-18 00:00:00+00:00,-0.00230618,1.23092,0.536018,0.10746,0.00931833,0.00860053,2.75224e-06,3.78743e-07,1.65454e-07,0.000149246,-0.0024496,25,0.00142701
2024-09-19 00:00:00+00:00,0.00249009,1.23399,0.549335,0.112077,0.00420082,0.0146082,4.67285e-06,1.18366e-06,7.34921e-07,0.000115013,0.00238602,25,5.73317e-05
2024-09-20 00:00:00+00:00,0.00177378,1.23618,0.539076,0.114452,0.00334193,0.0244181,7.81396e-06,1.64535e-06,4.99071e-07,2.93237e-05,0.00175898,25,0
2024-09-21 00:00:00+00:00,0.00103634,1.23746,0.531095,0.114257,0.00242675,0,0,0,0,3.15333e-05,0.00100736,25,0.000806902
2024-09-22 00:00:00+00:00,0.00262979,1.24071,0.528678,0.114834,-0.00166474,0,0,0,0,5.42379e-05,0.00257456,25,0.00358385
2024-09-23 00:00:00+00:00,-0.000469036,1.24013,0.451023,0.0648945,-0.0045621,0.0826989,2.64673e-05,1.20232e-05,6.47489e-06,4.77747e-05,-0.000469752,23,0.00329151
2024-09-24 00:00:00+00:00,-0.00450067,1.23455,0.454395,0.0659397,-0.00510232,0.00617824,1.97622e-06,2.47028e-07,2.09821e-07,4.38329e-05,-0.00454844,23,0.00091735
2024-09-25 00:00:00+00:00,-0.00720156,1.22566,0.457862,0.068067,-0.00600972,0.0104974,3.35711e-06,4.19639e-07,8.39264e-07,4.25208e-05,-0.00725945,23,0
2024-09-26 00:00:00+00:00,-0.00329378,1.22162,0.458476,0.0726361,-0.00532986,0.00921955,2.94744e-06,3.68429e-07,5.61403e-07,1.51806e-06,-0.00329153,23,0
2024-09-27 00:00:00+00:00,-0.00469649,1.21588,0.459962,0.0797957,-0.00104059,0.0258177,8.2537e-06,1.03171e-06,1.0404e-06,6.16532e-06,-0.00469687,23,0
2024-09-28 00:00:00+00:00,-0.00327292,1.2119,0.445182,0.0842094,-0.00480158,0.0116712,3.73184e-06,4.6648e-07,4.78033e-07,-3.16691e-06,-0.00326377,23,0
2024-09-29 00:00:00+00:00,0.00251863,1.21496,0.433909,0.0939625,-0.0038847,0.00449973,1.43968e-06,2.68044e-07,1.3923e-07,-1.05041e-05,0.00253086,23,0
2024-09-30 00:00:00+00:00,-0.00194893,1.21259,0.318337,0.103289,0.0120795,0.109637,3.50981e-05,1.53088e-05,8.77209e-06,-2.65313e-05,-0.00186307,21,0
2024-10-01 00:00:00+00:00,-0.000680652,1.21176,0.298719,0.0907131,0.0108794,0.0260154,8.32654e-06,1.04082e-06,1.1565e-07,-4.01988e-05,-0.000628262,21,0
2024-10-02 00:00:00+00:00,-0.000765879,1.21084,0.265487,0.0723439,0.00658815,0.00838359,2.68133e-06,3.35167e-07,3.42256e-08,-3.05002e-05,-0.000729853,21,0
2024-10-03 00:00:00+00:00,0.00057305,1.21153,0.24995,0.0641027,0.00529466,0.00240841,7.711e-07,9.63874e-08,6.08615e-09,-6.83079e-06,0.000582083,21,0
2024-10-04 00:00:00+00:00,-0.000339309,1.21112,0.252996,0.062656,0.00357212,0,0,0,0,-6.62498e-06,-0.000331517,21,0.000121502
2024-10-05 00:00:00+00:00,0.000932154,1.21225,0.256283,0.0628076,0.00350316,0,0,0,0,3.30536e-06,0.00092891,21,0
2024-10-06 00:00:00+00:00,-0.00225916,1.20951,0.258529,0.0628158,0.00142957,0,0,0,0,1.16332e-05,-0.00227246,21,0
2024-10-07 00:00:00+00:00,-0.0012264,1.20803,0.238691,0.0866466,0.0155098,0.0335247,1.07271e-05,1.34088e-06,1.85059e-06,1.54372e-05,-0.00122719,19,0
2024-10-08 00:00:00+00:00,0.00260602,1.21117,0.228054,0.0819013,0.0143562,0.0020922,6.69661e-07,8.37076e-08,2.87769e-08,1.14136e-05,0.00259316,19,0
2024-10-09 00:00:00+00:00,-0.000863271,1.21013,0.223161,0.080169,0.0131516,0.00719471,2.29958e-06,2.87447e-07,5.90878e-08,3.33657e-05,-0.000892383,19,5.40435e-07
2024-10-10 00:00:00+00:00,-0.00104723,1.20886,0.211832,0.0731171,0.010242,0,0,0,0,1.552e-05,-0.00106162,19,0
2024-10-11 00:00:00+00:00,0.00031581,1.20924,0.217502,0.0722698,0.0082017,0,0,0,0,2.11816e-05,0.000295441,19,0
2024-10-12 00:00:00+00:00,0.000376752,1.2097,0.223451,0.0725629,0.00664493,0,0,0,0,2.16788e-05,0.000355833,19,0
2024-10-13 00:00:00+00:00,-0.00024543,1.2094,0.223024,0.0726897,0.0056168,0,0,0,0,2.88514e-05,-0.000273161,19,0
2024-10-14 00:00:00+00:00,0.00162918,1.21137,0.231206,0.073679,0.00400339,0,0,0,0,1.44034e-05,0.0016153,19,0
2024-10-15 00:00:00+00:00,0.00262724,1.21455,0.231608,0.0733282,0.00536264,0.00750174,2.40158e-06,3.00197e-07,2.37967e-08,-5.62907e-06,0.00263459,19,0
2024-10-16 00:00:00+00:00,0.000894319,1.21564,0.225702,0.0696337,0.00508668,0,0,0,0,1.19769e-06,0.000894388,19,5.23654e-05
2024-10-17 00:00:00+00:00,0.000203162,1.21589,0.223504,0.0704196,0.00540664,0,0,0,0,-2.42888e-07,0.00020436,19,0.00142758
2024-10-18 00:00:00+00:00,-0.00174163,1.21377,0.226877,0.0700234,0.00421563,0.00202625,6.48413e-07,8.10516e-08,5.78269e-08,3.07471e-05,-0.00177177,19,0.00328323
2024-10-19 00:00:00+00:00,-0.000241951,1.21348,0.225413,0.0727602,0.00518378,0.00465642,1.48965e-06,1.86206e-07,1.28475e-07,1.68835e-05,-0.000256261,19,0.00423164
2024-10-20 00:00:00+00:00,0.0024932,1.2165,0.223712,0.0759063,0.0056142,0.00456368,1.46047e-06,4.59846e-07,1.43623e-07,1.0228e-05,0.00248269,19.0729,0.00877378
2024-10-21 00:00:00+00:00,0.00263992,1.21971,0.256339,0.0672836,-0.0116867,0.0850869,2.72302e-05,4.88665e-06,4.75328e-06,-1.06791e-06,0.00267607,22.3333,0.0121817
2024-10-22 00:00:00+00:00,-0.00173143,1.2176,0.28314,0.0711515,-0.0100593,0.0265058,8.48101e-06,1.67347e-06,7.67255e-07,1.36578e-06,-0.00172132,24,0.0105957
2024-10-23 00:00:00+00:00,-0.00153998,1.21573,0.275093,0.0750341,-0.00291513,0,0,0,0,1.20104e-06,-0.00154005,24,0.00880077
2024-10-24 00:00:00+00:00,0.001738,1.21784,0.27688,0.0776694,-0.00134474,0.0214526,6.86514e-06,2.03704e-06,1.0987e-06,9.2765e-06,0.00174007,24.9271,0.00837914
2024-10-25 00:00:00+00:00,0.0048847,1.22379,0.276258,0.0789642,0.00150069,0.0942502,3.01621e-05,8.10399e-06,4.24952e-06,-6.25873e-06,0.00492851,26,0.01239
2024-10-26 00:00:00+00:00,0.00352983,1.22811,0.33983,0.0903649,-0.00190634,0.195022,6.24129e-05,7.80162e-06,6.55978e-06,-1.47327e-05,0.00362158,26.7083,0.0151767
2024-10-27 00:00:00+00:00,-0.0021138,1.22551,0.449909,0.128742,-0.00082366,0.0962404,3.07921e-05,3.84901e-06,2.2538e-06,-1.36541e-05,-0.00206089,27,0.019351
2024-10-28 00:00:00+00:00,0.00613889,1.23303,0.534738,0.141603,-0.00790724,0.286212,9.15836e-05,1.41333e-05,1.17281e-05,-2.95264e-05,0.00627862,26.625,0.0218428
2024-10-29 00:00:00+00:00,0.00204892,1.23556,0.663561,0.175219,-0.00520222,0.307846,9.85181e-05,1.46458e-05,1.17912e-05,-8.36989e-06,0.00219803,27,0.0246238
2024-10-30 00:00:00+00:00,0.00562614,1.24251,0.808977,0.191458,-0.00539941,0.368048,0.000117772,1.93735e-05,1.71177e-05,-5.29759e-06,0.00578967,28.8021,0.0255641
2024-10-31 00:00:00+00:00,-0.00988513,1.23023,0.907888,0.213596,-0.00274108,0.2567,8.21289e-05,2.07573e-05,1.13828e-05,7.21069e-05,-0.00987134,29,0.0264213
2024-11-01 00:00:00+00:00,0.00747659,1.23943,0.961468,0.206994,0.000325646,0.454139,0.000145378,3.15556e-05,1.68232e-05,-1.03775e-05,0.00768937,29,0.0247675
2024-11-02 00:00:00+00:00,0.00498361,1.2456,1.04931,0.229826,-0.00771671,0.301737,9.65696e-05,2.06e-05,1.74062e-05,7.68447e-05,0.00504942,30,0.027622
2024-11-03 00:00:00+00:00,0.0140204,1.26307,1.10146,0.236703,-0.00179131,0.686175,0.000219711,5.44741e-05,3.06445e-05,8.60773e-05,0.0141971,30,0.0310016
2024-11-04 00:00:00+00:00,0.00403483,1.26816,1.2216,0.234436,-0.000476224,0.426071,0.000136327,4.36767e-05,1.9022e-05,5.06472e-05,0.00421616,30,0.0337687
2024-11-05 00:00:00+00:00,0.00247793,1.27131,1.30909,0.256374,0.00251039,0.34429,0.000110167,3.02853e-05,1.70018e-05,3.93212e-05,0.00263221,30,0.0315936
2024-11-06 00:00:00+00:00,0.00242475,1.27439,1.22312,0.255844,0.00568272,0.94765,0.000303326,7.34711e-05,6.3619e-05,1.55696e-05,0.00291685,30,0.0337184
2024-11-07 00:00:00+00:00,0.0203164,1.30028,1.13689,0.233526,0.00300118,1.05135,0.000336581,7.72284e-05,6.40983e-05,-2.97889e-05,0.0207395,30,0.0345252
2024-11-08 00:00:00+00:00,0.0199436,1.32621,1.16297,0.271735,-0.000396694,1.2984,0.000415581,6.75626e-05,8.72116e-05,-1.55499e-05,0.020375,30,0.0390588
2024-11-09 00:00:00+00:00,-0.00443775,1.32033,1.10858,0.214271,-0.00314778,1.24914,0.000399793,6.75259e-05,8.37009e-05,5.08364e-05,-0.00380984,29.9375,0.0410359
2024-11-10 00:00:00+00:00,0.0137691,1.33851,0.923848,0.225261,-0.00536377,1.03878,0.000332527,6.77958e-05,6.26074e-05,-1.95076e-05,0.0142768,29.8646,0.0398636
2024-11-11 00:00:00+00:00,0.020397,1.36581,0.906001,0.257622,-0.00418976,0.955286,0.000305598,9.31368e-05,9.85848e-05,7.19778e-05,0.0207077,30,0.0407774
2024-11-12 00:00:00+00:00,-0.00268967,1.36214,0.852593,0.180376,-0.00691467,0.891036,0.000285171,9.93497e-05,5.74861e-05,-0.000101668,-0.00205502,30,0.0448497
2024-11-13 00:00:00+00:00,-0.0138555,1.34326,0.835145,0.21119,0.00227629,1.36894,0.000437902,0.000194767,0.000122364,0.000109273,-0.0131291,30,0.0453317
2024-11-14 00:00:00+00:00,0.00685784,1.35247,0.816441,0.189221,-0.00127987,1.30518,0.00041765,0.000127274,8.94189e-05,0.000142952,0.0074845,30,0.0425779
2024-11-15 00:00:00+00:00,-0.00195709,1.34983,0.87168,0.133439,-0.00264858,1.84076,0.000589056,0.00018323,0.000127948,0.000116228,-0.00111329,30,0.0436019
2024-11-16 00:00:00+00:00,0.00192042,1.35242,0.930709,0.210252,-0.0014295,0.751232,0.000240434,7.05574e-05,4.65213e-05,0.000189658,0.00215091,30,0.0432012
2024-11-17 00:00:00+00:00,0.00884645,1.36438,0.912793,0.203352,0.00303695,0.870973,0.000278768,0.000149582,5.06461e-05,0.000208014,0.00914038,30,0.0433396
2024-11-18 00:00:00+00:00,0.0130394,1.38217,0.946523,0.236778,-0.00685124,1.292,0.000413707,0.000250472,0.000105736,0.000164495,0.0136373,30,0.0460673
2024-11-19 00:00:00+00:00,0.00264518,1.38583,1.0191,0.246193,-0.0114487,0.908493,0.000290453,0.000180951,4.65968e-05,-9.45573e-06,0.00329045,30,0.0473436
2024-11-20 00:00:00+00:00,0.0165302,1.40874,1.0367,0.225501,-0.0166103,1.30381,0.000417336,0.00040212,5.98181e-05,-4.62942e-05,0.017404,29.9688,0.0501033
2024-11-21 00:00:00+00:00,0.0332684,1.4556,1.04819,0.211473,-0.0168696,2.30536,0.000738079,0.000670717,9.25649e-05,-4.70114e-05,0.0343616,30,0.0559239
2024-11-22 00:00:00+00:00,-0.0100806,1.44093,1.02672,0.194327,-0.0153561,1.92516,0.000615998,0.00071951,8.92477e-05,7.19684e-05,-0.0086942,30,0.0673581
2024-11-23 00:00:00+00:00,-0.0163718,1.41734,0.945243,0.179342,0.00102527,1.66627,0.00053315,0.000587916,7.98248e-05,6.49644e-05,-0.0152719,30,0.0637289
2024-11-24 00:00:00+00:00,-0.0161953,1.39439,0.895842,0.205089,-0.00324538,1.4129,0.000451937,0.000518177,8.37302e-05,0.000149419,-0.0153036,30,0.059152
2024-11-25 00:00:00+00:00,-0.00217129,1.39136,0.928572,0.215082,0.000735849,2.29046,0.00073267,0.000828467,0.000257239,4.17246e-06,-0.000264821,29.9896,0.0564365
2024-11-26 00:00:00+00:00,0.00709058,1.40122,0.994257,0.185697,0.00252146,2.15845,0.00069079,0.00059477,9.60748e-05,-7.48614e-05,0.0085678,30,0.0542502
2024-11-27 00:00:00+00:00,0.0250951,1.43639,1.1401,0.198905,-0.0113763,2.05496,0.000657821,0.000608055,8.99616e-05,2.30086e-05,0.026172,30,0.0558414
2024-11-28 00:00:00+00:00,-0.0168994,1.41211,1.04321,0.213184,0.00221108,1.89539,0.000606393,0.000635067,7.22221e-05,6.92742e-05,-0.015715,30,0.0581192
2024-11-29 00:00:00+00:00,-0.00604204,1.40358,0.997788,0.214438,-0.00292053,1.94166,0.000621218,0.000574865,6.32245e-05,0.000123521,-0.00482243,29.3958,0.0561964
2024-11-30 00:00:00+00:00,0.0101057,1.41777,1.12899,0.221682,-0.0148536,0.985133,0.000315265,0.000251829,3.44792e-05,0.000160669,0.0105455,29.5521,0.0555675
2024-12-01 00:00:00+00:00,-0.00135948,1.41584,1.17904,0.233014,-0.0151011,1.14185,0.000365351,0.000203495,3.8495e-05,4.1243e-05,-0.00069178,30,0.0541121
2024-12-02 00:00:00+00:00,-0.024283,1.38146,1.04316,0.195179,-0.0140465,2.20348,0.000704998,0.000251068,0.00011416,-5.66702e-05,-0.0232998,30,0.0526196
2024-12-03 00:00:00+00:00,-0.00691442,1.37191,0.913044,0.176268,-0.0150798,1.49081,0.000476967,7.33583e-05,5.75849e-05,0.000141652,-0.00637383,30,0.04761
2024-12-04 00:00:00+00:00,0.00449197,1.37807,0.882139,0.188209,0.000533752,1.51114,0.000483706,7.07795e-05,6.13313e-05,0.000148961,0.0050578,30,0.0477765
2024-12-05 00:00:00+00:00,0.00108989,1.37957,0.782673,0.164129,0.000378692,2.3398,0.000748805,0.000126094,8.53714e-05,0.000102072,0.00203758,29.9792,0.0499138
2024-12-06 00:00:00+00:00,0.00870937,1.39159,0.928307,0.17557,0.0101132,1.83421,0.000587006,9.28857e-05,8.43446e-05,0.000108462,0.00937328,30,0.0481338
2024-12-07 00:00:00+00:00,0.00357171,1.39656,0.955293,0.189371,0.00611879,1.78695,0.000571829,8.28906e-05,6.09201e-05,0.00022522,0.00413032,29.9896,0.0499612
2024-12-08 00:00:00+00:00,0.00823012,1.40805,1.08889,0.213842,0.00415575,1.73558,0.000555448,7.34923e-05,3.93925e-05,0.000187151,0.00871026,30,0.0496414
2024-12-09 00:00:00+00:00,0.0125129,1.42567,1.08046,0.193372,0.000174151,2.59258,0.000829688,0.000170913,0.000116307,-2.63752e-05,0.0136877,29.9583,0.0506018
2024-12-10 00:00:00+00:00,0.0176679,1.45086,0.863773,0.122296,-0.00533705,3.06848,0.000982088,0.000125695,0.000152124,-6.84549e-05,0.0188884,30,0.0540033
2024-12-11 00:00:00+00:00,0.00777568,1.46214,1.06743,0.177141,0.00558095,2.52106,0.000806852,0.000131612,0.00011649,-5.49216e-05,0.00888544,30,0.0568031
2024-12-12 00:00:00+00:00,0.00134861,1.46411,1.2055,0.180996,0.00318356,2.53623,0.000811632,0.000139997,0.00010095,-5.15702e-05,0.00249988,30,0.056946
2024-12-13 00:00:00+00:00,-0.000330724,1.46363,1.11327,0.166729,0.00741743,2.02601,0.000648325,0.000113622,7.64673e-05,-5.68544e-05,0.000610888,30,0.0557846
2024-12-14 00:00:00+00:00,0.00961561,1.4777,1.21767,0.209772,0.00925892,2.17596,0.000696403,0.000173895,6.67822e-05,-0.000611284,0.0111535,30,0.0570136
2024-12-15 00:00:00+00:00,0.0027237,1.48173,1.20332,0.207853,-0.000852358,2.07581,0.000664263,0.000162248,6.19903e-05,-2.21115e-05,0.00368293,29.9375,0.0599824
2024-12-16 00:00:00+00:00,0.0234199,1.51643,1.1912,0.178238,-0.0309833,2.59497,0.000830688,0.00022769,0.000113692,-9.4742e-05,0.0244975,29.3229,0.0624377
2024-12-17 00:00:00+00:00,0.015019,1.5392,1.18803,0.172953,-0.0380416,2.19962,0.000703945,0.00067946,6.86684e-05,-2.75794e-05,0.0164495,29.8021,0.0668746
2024-12-18 00:00:00+00:00,0.00124767,1.54112,0.965225,0.154669,-0.00723407,3.06145,0.000979719,0.000409302,8.41561e-05,-2.6899e-06,0.00276559,28.2188,0.0669021
2024-12-19 00:00:00+00:00,-0.00185814,1.53826,1.07869,0.0705007,-0.0136896,3.25998,0.00104322,0.000311301,0.000153475,-0.000109034,-0.000158965,29.5104,0.0659837
2024-12-20 00:00:00+00:00,-0.0110309,1.52129,0.908901,0.0389639,-0.00531412,3.24151,0.00103729,0.000338728,0.000183548,-0.000349809,-0.00907094,29.9792,0.0641166
2024-12-21 00:00:00+00:00,0.0109148,1.5379,0.955747,0.130134,-0.00185082,2.34932,0.00075191,0.000272973,0.000129379,-6.67464e-05,0.0121209,30,0.0627073
2024-12-22 00:00:00+00:00,-0.00616688,1.52841,1.02994,0.128129,0.00166137,2.92571,0.000936202,0.000480047,0.000141031,-0.000187494,-0.0043949,29.7917,0.0634275
2024-12-23 00:00:00+00:00,-0.0234293,1.4926,1.03301,0.116257,-0.0211371,3.39567,0.00108643,0.000480454,0.000195141,-3.77719e-05,-0.0218481,26.8958,0.0601345
2024-12-24 00:00:00+00:00,0.00127946,1.49451,0.814519,0.152738,-0.00250047,2.34513,0.000750476,0.000280886,6.97209e-05,1.65422e-05,0.00239233,24.4375,0.0558948
2024-12-25 00:00:00+00:00,0.0166974,1.51947,0.847448,0.166264,0.00301656,2.61631,0.000837433,0.000337517,6.74709e-05,-6.93192e-06,0.0178322,23.1667,0.0584467
2024-12-26 00:00:00+00:00,0.00578431,1.52825,0.987262,0.149588,0.00843653,4.02982,0.00128961,0.000477367,0.000113091,7.31346e-05,0.00759941,24.4896,0.0654364
2024-12-27 00:00:00+00:00,-0.000919044,1.52685,1.03065,0.133269,-0.00681031,3.56331,0.0011403,0.000325351,0.000113428,5.30086e-05,0.000639424,21.2708,0.0656883
2024-12-28 00:00:00+00:00,0.00330956,1.5319,1.36209,0.215997,-0.00333485,4.26033,0.00136342,0.000315113,0.000131367,4.17835e-05,0.00512687,26.6562,0.0679163
2024-12-29 00:00:00+00:00,0.00901115,1.54571,1.29919,0.220217,-0.0117246,3.33471,0.00106716,0.000202404,8.44561e-05,2.50258e-05,0.0103278,24.9062,0.0686643
2024-12-30 00:00:00+00:00,-0.00158353,1.54326,1.12041,0.154103,0.0129927,5.47584,0.001752,0.000299229,0.000198184,-1.20549e-05,0.000710428,25.7188,0.0680212
2024-12-31 00:00:00+00:00,0.0068033,1.55376,1.15207,0.134396,0.00343932,4.60643,0.00147433,0.000228949,0.000157572,5.82021e-05,0.00861769,24.5,0.0707612
2025-01-01 00:00:00+00:00,-0.0194925,1.52347,0.910916,0.16076,0.00266949,2.67159,0.000854743,0.000134273,7.86273e-05,-1.13667e-05,-0.0185311,21.9583,0.0678599
2025-01-02 00:00:00+00:00,0.00110125,1.52515,1.17542,0.164775,0.00605725,3.88213,0.00124248,0.000228876,0.000123217,7.53225e-05,0.00267478,26.4375,0.0650558
2025-01-03 00:00:00+00:00,-0.00787086,1.51315,1.21307,0.192372,0.00327514,4.25865,0.00136269,0.000202317,0.000138033,-4.44834e-05,-0.00608124,26.2292,0.0641977
2025-01-04 00:00:00+00:00,0.00999173,1.52826,1.00115,0.144178,0.000515565,2.9455,0.000942702,0.00012215,8.59119e-05,0.000334052,0.010787,25.2292,0.0643839
2025-01-05 00:00:00+00:00,-0.00537049,1.52006,0.985507,0.153038,0.00106646,2.76744,0.000885528,0.00011478,7.02617e-05,0.000141896,-0.00444349,22.8646,0.0658305
2025-01-06 00:00:00+00:00,0.00281419,1.52434,1.23089,0.158519,-0.0260778,3.61051,0.00115579,0.000198664,0.000164799,0.000180159,0.00422192,25.8229,0.0653786
2025-01-07 00:00:00+00:00,0.0136303,1.54511,1.08245,0.149863,-0.0242444,3.23437,0.00103527,0.000165199,0.000110204,0.000375148,0.0145313,24.6042,0.0658539
2025-01-08 00:00:00+00:00,0.00654663,1.55523,1.00918,0.0959172,0.00983892,4.8862,0.00156375,0.000273447,0.000214309,0.000185522,0.00841938,27.4479,0.0673657
2025-01-09 00:00:00+00:00,-0.00894143,1.54132,0.991278,0.075465,0.00175029,4.45675,0.00142607,0.000294584,0.00021461,6.19053e-05,-0.00708365,26.6771,0.0674302
2025-01-10 00:00:00+00:00,0.00697396,1.55207,0.94389,0.122352,-0.00623539,3.26163,0.00104385,0.000209739,0.000153914,0.000165484,0.00823078,25.7292,0.0651066
2025-01-11 00:00:00+00:00,-0.00496713,1.54436,1.03356,0.161919,0.00164254,2.71398,0.000868439,0.000149502,0.000107504,0.00020057,-0.00402462,22.7396,0.0665003
2025-01-12 00:00:00+00:00,0.0146604,1.567,1.18154,0.200647,-0.00298548,3.52955,0.00112966,0.000190416,0.000136251,0.000169801,0.0158644,23.9688,0.0662566
2025-01-13 00:00:00+00:00,0.00322332,1.57205,0.588343,0.0697698,0.00134877,3.50801,0.00112277,0.000218506,0.000157235,6.61658e-05,0.00466355,26.75,0.0717783
2025-01-14 00:00:00+00:00,-0.00878994,1.55824,0.675129,0.11911,-0.0173785,2.62607,0.000840303,0.000159325,0.000107862,-1.10666e-05,-0.007686,25.0521,0.0729367
2025-01-15 00:00:00+00:00,0.00084607,1.55955,0.708302,0.128925,-0.00599043,2.26576,0.000725066,9.24186e-05,8.06843e-05,0.00018101,0.00160704,24.7083,0.0709507
2025-01-16 00:00:00+00:00,-0.00386768,1.55352,0.671455,0.0995299,-0.00533261,2.07641,0.000664462,8.89073e-05,7.22038e-05,9.22054e-05,-0.00311277,25.4271,0.069551
2025-01-17 00:00:00+00:00,0.0153089,1.5773,0.855534,0.140843,-0.00167686,3.56462,0.00114095,0.000152226,0.000141445,0.000510841,0.0161646,29,0.0691756
2025-01-18 00:00:00+00:00,0.0169169,1.60399,0.803507,0.120663,0.000944472,3.6178,0.00115797,0.000160215,0.000152223,0.000152211,0.0181225,27.4583,0.0729836
2025-01-19 00:00:00+00:00,-0.00545208,1.59524,0.872385,0.142002,-0.00674166,3.1672,0.00101339,0.000136108,0.000186739,-0.000218962,-0.00378842,29.2812,0.0742652
2025-01-20 00:00:00+00:00,0.00541528,1.60388,0.787702,0.0956734,0.00270454,2.32504,0.000744097,0.000140952,0.000266394,1.7143e-05,0.00662733,30,0.0742101
2025-01-21 00:00:00+00:00,0.0112613,1.62194,0.884899,0.136987,-0.00726795,1.81663,0.000581398,0.000171924,0.000139192,1.70305e-06,0.0121664,30,0.0731024
2025-01-22 00:00:00+00:00,-0.00783128,1.60924,0.778192,0.155646,-0.00847122,1.21012,0.000387256,0.000170692,7.1743e-05,4.71343e-05,-0.00718782,30,0.0711643
2025-01-23 00:00:00+00:00,-0.00735054,1.59741,0.800755,0.147905,-0.00145269,1.50396,0.00048086,0.000236537,0.000107538,3.95748e-05,-0.00638914,30,0.0663876
2025-01-24 00:00:00+00:00,0.0126713,1.61765,0.95509,0.176848,-0.00327243,1.61002,0.000515298,0.000229274,8.06738e-05,-6.95037e-06,0.0134679,29.9375,0.0679793
2025-01-25 00:00:00+00:00,-0.00517466,1.60928,1.05791,0.109403,-0.0120919,1.6467,0.000526927,0.000240746,7.15535e-05,1.04699e-05,-0.00431728,30,0.0687818
2025-01-26 00:00:00+00:00,-0.0100177,1.59316,1.12273,0.133116,-0.0191226,2.02213,0.000647019,0.000386857,7.1894e-05,3.98839e-05,-0.00895328,29.25,0.0669847
2025-01-27 00:00:00+00:00,-0.00145977,1.59084,0.885106,0.123594,-0.0120623,2.85134,0.000912545,0.000489054,0.000146057,1.17085e-06,0.00016427,25.2812,0.0648555
2025-01-28 00:00:00+00:00,0.0129415,1.61142,0.813155,0.133526,-0.00523989,2.69372,0.000862235,0.000262199,9.78907e-05,-1.22622e-06,0.0141126,23.9271,0.067494
2025-01-29 00:00:00+00:00,-0.00731743,1.59963,0.957969,0.174599,-0.00366118,2.53788,0.000812082,0.000224387,0.000109398,3.17922e-05,-0.00615382,27.5312,0.0692321
2025-01-30 00:00:00+00:00,0.00694346,1.61074,1.11806,0.223245,-0.00200718,2.83717,0.000908052,0.000317659,0.000132961,-6.03108e-06,0.00832622,28.3021,0.0661144
2025-01-31 00:00:00+00:00,-0.0088244,1.59653,1.0362,0.215202,0.00157266,3.31222,0.00105983,0.000515975,0.000116252,4.89004e-05,-0.00715915,25.5938,0.0659926
2025-02-01 00:00:00+00:00,0.0170894,1.62381,1.14764,0.234666,-0.0066294,2.93633,0.000939816,0.000383275,0.00010559,4.97926e-05,0.0183603,25.5417,0.0670649
2025-02-02 00:00:00+00:00,-0.0170192,1.59617,1.15535,0.179236,-0.0121705,3.00596,0.000961718,0.000390606,0.000152571,4.28524e-05,-0.0156002,28.3333,0.0716907
2025-02-03 00:00:00+00:00,-0.0210858,1.56252,0.699774,0.0748546,0.00474084,2.92585,0.000936176,0.000255421,0.000256645,2.21153e-05,-0.01974,29.8958,0.067055
2025-02-04 00:00:00+00:00,0.000113906,1.56269,0.762909,0.143609,0.0072131,2.3479,0.000751348,0.000218889,0.000139723,5.4453e-05,0.0012172,29.3229,0.063852
2025-02-05 00:00:00+00:00,0.00943668,1.57744,0.720766,0.131404,0.00511538,2.38844,0.000764397,0.000190385,0.000116105,-0.000114813,0.0106043,26.4688,0.0631936
2025-02-06 00:00:00+00:00,0.00158404,1.57994,0.853636,0.084054,0.00356263,3.64998,0.00116808,0.000270448,0.00017199,-0.000289956,0.00350203,28.4271,0.068752
2025-02-07 00:00:00+00:00,0.00525357,1.58824,0.907676,0.0425808,0.000587219,3.895,0.00124651,0.000257432,0.000197541,-0.000180404,0.00714897,28.4792,0.0696983
2025-02-08 00:00:00+00:00,-0.00424652,1.5815,0.762949,0.0865523,0.00610127,3.57561,0.00114411,0.000233257,0.000148176,-0.000154198,-0.00255859,26.25,0.0696487
2025-02-09 00:00:00+00:00,0.008598,1.59509,1.25358,0.143546,-0.00274304,4.34272,0.00138983,0.000251547,0.000168854,0.000139326,0.0102708,27.0312,0.0702353
2025-02-10 00:00:00+00:00,-0.0120448,1.57588,1.36173,0.202558,-0.0298961,2.99075,0.000956746,0.000132573,0.000169849,7.07091e-05,-0.0108502,29.6875,0.0688145
2025-02-11 00:00:00+00:00,-0.0171221,1.5489,1.19523,0.19198,-0.0414674,2.76961,0.000885997,0.000111579,0.000118554,0.000127485,-0.0161606,30,0.0648964
2025-02-12 00:00:00+00:00,0.0037072,1.55464,1.13515,0.141129,-0.0221679,3.61546,0.00115702,0.000148683,0.000179267,-1.25956e-05,0.00525231,28.3333,0.0664428
2025-02-13 00:00:00+00:00,0.00458811,1.56177,1.0251,0.214194,-0.00581809,3.53544,0.00113149,0.000163057,0.000142566,8.89218e-05,0.00598284,25.8229,0.0662024
2025-02-14 00:00:00+00:00,-0.0158191,1.53707,0.963172,0.188846,-0.00452816,3.42332,0.00109533,0.000214066,0.000125186,3.15301e-05,-0.0144859,26.1562,0.0661571
2025-02-15 00:00:00+00:00,0.00921825,1.55124,0.604131,0.0955469,-0.00406104,1.70477,0.000545602,0.000149745,4.44783e-05,2.78674e-05,0.00989804,24.2188,0.0669645
2025-02-16 00:00:00+00:00,-0.00630387,1.54146,0.670783,0.0506218,-0.00469074,1.65438,0.000529338,0.000201856,4.33827e-05,-0.000250745,-0.00527342,20.9271,0.0689619
2025-02-17 00:00:00+00:00,-0.0022616,1.53797,1.42354,0.187501,-0.0135424,4.73243,0.00151441,0.000692297,0.00023148,-0.00025448,0.000476576,26.9896,0.0661826
2025-02-18 00:00:00+00:00,-0.0079244,1.52578,0.912925,0.0829877,-0.00707954,3.25748,0.00104239,0.000521738,0.000108189,-5.30724e-05,-0.00619902,22.9896,0.0651264
2025-02-19 00:00:00+00:00,0.0103918,1.54164,1.0278,0.112588,-0.00320119,3.65759,0.00117059,0.000348241,0.000153063,-0.000103368,0.0121436,23.0417,0.0638617
2025-02-20 00:00:00+00:00,-0.0237488,1.50503,1.14587,0.181804,-0.0205654,3.77673,0.00120818,0.000233107,0.000140457,1.38589e-05,-0.0224345,23.5833,0.0633686
2025-02-21 00:00:00+00:00,-0.0110114,1.48846,0.757518,0.165469,-0.0167146,2.39534,0.000766405,0.000109587,7.76068e-05,-6.78212e-05,-0.00999609,21.8646,0.0566446
2025-02-22 00:00:00+00:00,-0.0159687,1.46469,0.653549,0.140127,-0.00399996,1.91439,0.000612254,0.000106474,7.64724e-05,-2.55894e-05,-0.0151993,21.0312,0.0518032
2025-02-23 00:00:00+00:00,0.0138139,1.48492,0.798728,0.188099,-0.012808,1.79291,0.000573883,0.00010623,5.4321e-05,-3.60298e-05,0.0145232,21.0417,0.0519517
2025-02-24 00:00:00+00:00,-0.00502391,1.47746,1.13845,0.221704,-0.0421163,3.80862,0.00121869,0.000262379,0.000243201,0.000122658,-0.0033222,28.3438,0.0524599
2025-02-25 00:00:00+00:00,-0.0138921,1.45693,0.724866,0.09576,-0.00521304,3.03497,0.000971072,0.000295765,0.000163982,-3.94617e-05,-0.0124497,27.0208,0.0479431
2025-02-26 00:00:00+00:00,-0.0342496,1.40703,0.613155,0.125697,-0.000670968,1.31104,0.000419398,9.99775e-05,5.37496e-05,3.24658e-05,-0.0342512,22.0208,0.0442142
2025-02-27 00:00:00+00:00,0.0104047,1.42167,0.743112,0.156578,0.00243325,2.08827,0.00066836,0.00013557,9.00517e-05,2.31826e-05,0.0112628,21.6458,0.0397702
2025-02-28 00:00:00+00:00,-0.0186799,1.39512,0.571701,0.0939345,0.00409849,2.05395,0.000657124,0.000187189,7.68582e-05,4.53927e-05,-0.0179033,21.9479,0.0373747
2025-03-01 00:00:00+00:00,0.00370311,1.40028,0.553981,0.103836,0.00285283,1.51147,0.000483717,0.000136899,5.41852e-05,6.77246e-05,0.00433418,17.6042,0.0355871
2025-03-02 00:00:00+00:00,-0.00196798,1.39753,0.541457,0.115827,0.00317762,1.7756,0.000568305,0.000160204,6.76021e-05,3.6902e-05,-0.0011589,21.875,0.0383126
2025-03-03 00:00:00+00:00,0.0112932,1.41331,0.507645,0.11935,-0.000541448,1.63209,0.000522342,0.000124404,8.69207e-05,0.000101295,0.0118997,21.0833,0.0379767
2025-03-04 00:00:00+00:00,-0.00749488,1.40272,0.616757,0.0824255,0.00179335,2.36734,0.0007575,0.000238526,0.000119925,9.69557e-05,-0.00646912,24.6979,0.0414915
2025-03-05 00:00:00+00:00,-0.00553998,1.39495,0.633754,0.122356,0.00302221,2.02814,0.000648969,0.000192184,8.7587e-05,5.00454e-05,-0.00464777,24.4583,0.0408691
2025-03-06 00:00:00+00:00,0.00506238,1.40201,0.526134,0.109989,0.00154413,1.83626,0.000587615,0.000274521,7.00114e-05,5.05235e-05,0.00596945,21.8958,0.039694
2025-03-07 00:00:00+00:00,-0.0092603,1.38903,0.531543,0.0750839,0.00301096,2.36682,0.000757255,0.000301175,9.14823e-05,1.99801e-05,-0.00812357,24.2396,0.0427284
2025-03-08 00:00:00+00:00,-0.00167536,1.3867,0.458135,0.0760983,0.00459054,1.74545,0.000558539,0.000156057,6.99379e-05,8.8161e-05,-0.000961097,21.3854,0.0426191
2025-03-09 00:00:00+00:00,-0.00401588,1.38113,0.512434,0.0943409,0.00115839,1.88998,0.000604768,0.000176079,6.60183e-05,6.92169e-05,-0.00322564,21.9271,0.0429665
2025-03-10 00:00:00+00:00,-0.0025096,1.37766,0.546873,0.056807,-0.000963869,2.7199,0.000870327,0.000386524,0.000139564,7.54084e-05,-0.00115421,24.2292,0.0416305
2025-03-11 00:00:00+00:00,0.00258822,1.38123,0.538681,0.0572907,-0.000393614,1.99257,0.000637678,0.000168629,8.23888e-05,6.49021e-05,0.00344206,23.0417,0.041845
2025-03-12 00:00:00+00:00,-0.00269077,1.37751,0.561271,0.0803101,0.00193885,1.73098,0.000553909,0.000134732,6.45711e-05,5.96016e-05,-0.00198119,22.1875,0.0421698
2025-03-13 00:00:00+00:00,0.00382526,1.38278,0.435571,0.0670198,-0.000516492,1.44307,0.000461806,9.0752e-05,4.97541e-05,4.67302e-05,0.00439822,19.8333,0.0402845
2025-03-14 00:00:00+00:00,-0.00377823,1.37756,0.446258,0.0760694,0.00106949,1.36051,0.000435353,0.000128031,4.30208e-05,5.9784e-05,-0.00321096,20.0521,0.0407464
2025-03-15 00:00:00+00:00,-0.00289191,1.37357,0.417092,0.0835059,-0.00238677,1.02488,0.000327961,0.000106282,2.51315e-05,0.000118635,-0.00253999,18.5,0.0405838
2025-03-16 00:00:00+00:00,-0.00477287,1.36702,0.317744,0.0570582,-0.00804127,0.925874,0.000296269,6.51342e-05,2.07885e-05,0.00025766,-0.00464353,15.2292,0.0370269
2025-03-17 00:00:00+00:00,-0.0124896,1.34994,0.288778,0.049517,-0.00178965,1.25689,0.000402162,0.000143785,5.08393e-05,0.00071943,-0.0126818,18.3125,0.0337647
2025-03-18 00:00:00+00:00,0.00133263,1.35174,0.273224,0.0474723,-0.00677988,1.16103,0.000371539,0.000107967,2.4155e-05,3.11024e-05,0.00180769,17.8646,0.03211
2025-03-19 00:00:00+00:00,-0.00225938,1.34869,0.289695,0.0737419,-0.00561674,0.97979,0.000313524,7.03223e-05,2.00458e-05,8.96475e-05,-0.00194051,18.6354,0.0326526
2025-03-20 00:00:00+00:00,0.00110237,1.35018,0.344469,0.0792082,-0.00502536,1.12375,0.000359611,0.000107808,2.64187e-05,3.15448e-05,0.0015679,20.4792,0.0344844
2025-03-21 00:00:00+00:00,0.000421637,1.35075,0.34472,0.0736414,-0.00847131,1.10627,0.000354019,9.89949e-05,2.54918e-05,0.000104521,0.000802404,16.5312,0.0350976
2025-03-22 00:00:00+00:00,-0.00273453,1.34705,0.147272,0.0524725,-0.00402788,0.423916,0.000135654,3.19948e-05,1.0224e-05,2.1951e-05,-0.00257887,9.60417,0.0233827
2025-03-23 00:00:00+00:00,-0.00191197,1.34448,0.100912,0.0383666,-0.00179401,0.273308,8.74572e-05,2.7451e-05,4.16919e-06,6.01444e-06,-0.00179949,8.94792,0.0213589
2025-03-24 00:00:00+00:00,-0.0038932,1.33924,0.0919797,0.0293007,-0.0051029,0.340737,0.000109031,2.29186e-05,8.00432e-06,1.36604e-05,-0.00377254,10.0625,0.0185133
2025-03-25 00:00:00+00:00,-4.61415e-05,1.33918,0.0770566,0.0262565,0.00024349,0.32441,0.000103812,3.00142e-05,6.72341e-06,1.36161e-05,8.13889e-05,10.2083,0.0160487
2025-03-26 00:00:00+00:00,0.000178639,1.33942,0.0376296,0.0157142,0.00206796,0.337735,0.000108075,2.75669e-05,9.53631e-06,2.72897e-06,0.000321214,9.13542,0.0136384
2025-03-27 00:00:00+00:00,0.000214681,1.33971,0.0388621,0.0121954,-0.000757051,0.297434,9.51791e-05,2.69159e-05,8.56404e-06,-1.57064e-06,0.000347096,8.71875,0.0137051
2025-03-28 00:00:00+00:00,0.000361735,1.34019,0.0698589,0.0185421,-0.00249624,0.526917,0.000168613,4.56585e-05,1.05298e-05,6.74743e-06,0.000580329,12.2292,0.0159079
2025-03-29 00:00:00+00:00,0.000153745,1.3404,0.106379,0.0261574,-0.00364777,0.43825,0.00014024,3.59913e-05,8.88108e-06,1.24868e-05,0.000327371,9.30208,0.017618
2025-03-30 00:00:00+00:00,-0.00138164,1.33855,0.0878051,0.0302006,-0.00422252,0.323763,0.000103602,2.729e-05,5.32827e-06,2.5374e-05,-0.00126964,8.64583,0.0192007
2025-03-31 00:00:00+00:00,0.0021737,1.34146,0.0997918,0.0345323,-0.00331208,0.553387,0.000177089,2.96675e-05,9.48949e-06,2.86222e-06,0.00238686,10.0312,0.0197426
2025-04-01 00:00:00+00:00,0.000475441,1.34209,0.183282,0.0685027,0.0019955,0.532209,0.00017031,3.45691e-05,9.20074e-06,1.58318e-05,0.000676494,11.9167,0.0227151
2025-04-02 00:00:00+00:00,0.000361354,1.34258,0.207217,0.0629482,0.000476919,0.595608,0.000190593,4.03869e-05,1.55175e-05,-3.71306e-06,0.000614483,12.5729,0.025136
2025-04-03 00:00:00+00:00,-0.00190838,1.34002,0.209515,0.0380809,0.000138478,0.864214,0.000276548,0.000106445,2.68662e-05,-0.000686104,-0.000808615,14.125,0.0261814
2025-04-04 00:00:00+00:00,-0.000778773,1.33897,0.216226,0.0615363,0.00226058,0.716125,0.000229161,8.26088e-05,1.99468e-05,-0.000336777,-0.000107417,15.4688,0.0273196
2025-04-05 00:00:00+00:00,-0.00121266,1.33735,0.189601,0.0652779,0.00158275,0.54868,0.000175573,6.65264e-05,1.00316e-05,-2.10451e-05,-0.000937206,13.8229,0.0274011
2025-04-06 00:00:00+00:00,-0.00120714,1.33573,0.176582,0.0475771,-0.000301504,0.508551,0.000162734,6.75434e-05,1.31214e-05,-0.000288613,-0.000671598,11.5521,0.0276521
2025-04-07 00:00:00+00:00,-0.00102612,1.33436,0.181918,0.0304564,-0.000812159,1.071,0.000342693,0.00020168,5.6373e-05,-9.57428e-06,-0.000410542,16.1042,0.0267368
2025-04-08 00:00:00+00:00,0.000412089,1.33491,0.176115,0.0405982,0.00018285,0.581969,0.000186231,0.00013421,1.66161e-05,8.51043e-06,0.000743274,14.4375,0.0281874
2025-04-09 00:00:00+00:00,-0.0026591,1.33136,0.123285,0.021223,0.000275136,0.64837,0.00020747,0.000163796,2.00552e-05,7.13345e-06,-0.00227543,13.3229,0.0258091
2025-04-10 00:00:00+00:00,0.000153667,1.33157,0.190356,0.0420797,0.0014785,0.585865,0.000187478,0.000123796,1.72774e-05,1.80153e-05,0.000466461,14.7396,0.0267873
2025-04-11 00:00:00+00:00,-0.00676523,1.32256,0.10894,0.0229261,0.000843055,0.389625,0.000124667,8.62999e-05,1.16641e-05,-0.000509114,-0.00605373,13.8125,0.0228813
2025-04-12 00:00:00+00:00,-0.00110055,1.3211,0.0817255,0.0207634,0.00128436,0.254274,8.13668e-05,5.25282e-05,5.51843e-06,-0.000345049,-0.000614749,10.0208,0.0205324
2025-04-13 00:00:00+00:00,0.00142538,1.32299,0.0857781,0.0138483,0.000819707,0.36846,0.00011791,5.35605e-05,6.37686e-06,-0.000113095,0.00171658,13.6979,0.0204619
2025-04-14 00:00:00+00:00,-0.000987343,1.32168,0.141411,0.0194136,-0.00165682,0.599846,0.000191946,8.51019e-05,1.19829e-05,-0.000188134,-0.000508948,14.9167,0.0232872
2025-04-15 00:00:00+00:00,0.000775792,1.32271,0.143727,0.0214787,-0.00360435,0.341985,0.000109438,2.4543e-05,7.12265e-06,-9.28285e-05,0.00101121,13.4271,0.0242516
2025-04-16 00:00:00+00:00,0.00139818,1.32456,0.151531,0.0261724,-0.00386753,0.702373,0.000224762,6.15068e-05,1.25843e-05,-7.52079e-05,0.0017726,16.2708,0.0244311
2025-04-17 00:00:00+00:00,0.00108991,1.326,0.195189,0.0404229,0.000689598,0.630792,0.000201855,4.67506e-05,1.47188e-05,-1.19069e-05,0.00136634,15.4479,0.027777
2025-04-18 00:00:00+00:00,-6.50482e-05,1.32591,0.205381,0.0352361,-0.00124963,0.579434,0.000185418,4.4853e-05,1.09513e-05,-3.04279e-05,0.000208702,14.9688,0.0281232
2025-04-19 00:00:00+00:00,-0.000646987,1.32506,0.22699,0.0468158,-0.000451432,0.577207,0.000184705,5.49345e-05,1.01897e-05,7.6524e-06,-0.000403396,16.1354,0.0295049
2025-04-20 00:00:00+00:00,-0.000956607,1.32379,0.154109,0.0359955,-0.00245517,0.359267,0.000114964,2.91707e-05,5.52893e-06,-4.92407e-06,-0.000801578,12.8542,0.0247481
2025-04-21 00:00:00+00:00,0.00306488,1.32785,0.168112,0.0473445,0.00171432,0.525559,0.000168185,4.68781e-05,1.18418e-05,0.000183619,0.00310476,16.1875,0.0267931
2025-04-22 00:00:00+00:00,-0.00261099,1.32438,0.206448,0.0619336,0.00273451,0.64077,0.000205043,5.76496e-05,1.2132e-05,0.000129309,-0.00246502,17.7604,0.0288701
2025-04-23 00:00:00+00:00,-0.00381063,1.31933,0.1905,0.0432452,0.000968907,0.46831,0.000149851,4.24744e-05,1.00306e-05,8.08305e-06,-0.00362057,18.4688,0.0255438
2025-04-24 00:00:00+00:00,-0.000944575,1.31809,0.152131,0.0413483,-0.00106703,0.41966,0.000134291,4.76215e-05,8.00754e-06,-7.64838e-05,-0.000676549,14.9688,0.0236074
2025-04-25 00:00:00+00:00,0.00116561,1.31962,0.138822,0.0391035,-0.00114535,0.292654,9.36494e-05,3.13576e-05,5.72162e-06,-0.000102562,0.0014002,14.4375,0.0222153
2025-04-26 00:00:00+00:00,-0.000974085,1.31834,0.13045,0.0418111,0.000344723,0.229017,7.32845e-05,1.96912e-05,4.46864e-06,1.40802e-05,-0.000889994,13.8229,0.0211744
2025-04-27 00:00:00+00:00,-0.000232477,1.31803,0.165694,0.0466341,-3.10285e-05,0.280379,8.97214e-05,1.73549e-05,5.08027e-06,1.84299e-05,-0.000136648,12.8854,0.0237629
2025-04-28 00:00:00+00:00,0.000777915,1.31906,0.150051,0.0391464,-0.00146003,0.436496,0.000139681,5.09826e-05,1.59439e-05,-8.59586e-05,0.00107135,13.5521,0.0223344
2025-04-29 00:00:00+00:00,6.56618e-05,1.31914,0.141962,0.0414689,0.00126179,0.350596,0.000112191,4.08761e-05,7.57759e-06,1.16965e-05,0.000215297,14.8021,0.0221621
2025-04-30 00:00:00+00:00,-0.00682143,1.31014,0.102491,0.0368386,3.11601e-05,0.267992,8.57445e-05,3.96922e-05,7.29467e-06,0.00030592,-0.00701426,11.3958,0.0204566
2025-05-01 00:00:00+00:00,0.00240263,1.31329,0.107577,0.0356383,0.00124543,0.292827,9.37074e-05,4.76066e-05,4.4111e-06,2.12445e-05,0.00252472,11.2292,0.0194367
2025-05-02 00:00:00+00:00,6.06986e-05,1.31337,0.141704,0.0399721,0.00261964,0.430708,0.000137827,6.35941e-05,8.64483e-06,1.27166e-05,0.000258516,13.8646,0.0227319
2025-05-03 00:00:00+00:00,-0.000238147,1.31306,0.136715,0.0332397,-0.000407024,0.354358,0.000113396,4.23096e-05,4.89024e-06,-0.000100358,2.37609e-05,12.6458,0.0230993
2025-05-04 00:00:00+00:00,0.00150257,1.31503,0.166854,0.0500051,0.000466432,0.339766,0.000108727,5.2167e-05,5.24739e-06,-3.95173e-05,0.00170845,12.9479,0.0269992
2025-05-05 00:00:00+00:00,0.000245298,1.31535,0.154035,0.0503681,-0.00511165,0.379628,0.000121483,5.82106e-05,7.72161e-06,1.67939e-06,0.000432251,11.9271,0.0253363
2025-05-06 00:00:00+00:00,0.00220877,1.31826,0.167931,0.0562022,-0.00410351,0.3512,0.000112388,3.20334e-05,5.98552e-06,0.000273529,0.00208567,11.8542,0.0267971
2025-05-07 00:00:00+00:00,0.000748114,1.31925,0.204988,0.0732892,-0.00418232,0.543222,0.000173835,4.1801e-05,1.16245e-05,1.3532e-06,0.000976986,14.9479,0.0319279
2025-05-08 00:00:00+00:00,0.00193387,1.3218,0.265158,0.102657,-0.00434723,0.658637,0.000210772,3.91055e-05,1.4896e-05,0.000122907,0.00208233,15.7292,0.0326112
2025-05-09 00:00:00+00:00,0.00127676,1.32348,0.275744,0.10346,-0.00187676,0.544229,0.000174159,4.7348e-05,1.15457e-05,5.21395e-05,0.00146443,17.1146,0.033473
2025-05-10 00:00:00+00:00,0.00112721,1.32498,0.264238,0.0806442,-0.000110987,0.606796,0.000194178,5.88262e-05,1.40052e-05,-4.80653e-05,0.00144818,21.0521,0.0350598
2025-05-11 00:00:00+00:00,0.000462769,1.32559,0.2602,0.0809188,0.000599137,0.504387,0.000161405,4.80515e-05,1.16285e-05,2.24472e-05,0.000667159,19.0312,0.0359678
2025-05-12 00:00:00+00:00,-0.00239105,1.32242,0.236413,0.071428,-0.00300098,0.656831,0.000210175,7.67586e-05,3.08391e-05,6.72226e-06,-0.00207519,20.2396,0.0336701
2025-05-13 00:00:00+00:00,0.00274351,1.32605,0.271707,0.077905,-0.00122128,0.561157,0.00017958,7.74377e-05,1.10789e-05,-2.25897e-05,0.00303511,22.125,0.034563
2025-05-14 00:00:00+00:00,0.00449862,1.33201,0.301549,0.0791766,0.000262725,0.504867,0.000161572,9.05017e-05,1.03024e-05,2.44606e-06,0.00475636,19.5521,0.0362704
2025-05-15 00:00:00+00:00,0.00248599,1.33532,0.413738,0.0853719,5.71858e-05,0.944383,0.000302214,0.000189944,2.26258e-05,-3.44792e-05,0.00303811,22.1875,0.0414161
2025-05-16 00:00:00+00:00,0.00273723,1.33898,0.434698,0.0922468,0.000164123,1.08705,0.000347871,0.000170994,2.63244e-05,-5.06966e-05,0.00333854,22.1354,0.0421889
2025-05-17 00:00:00+00:00,0.00414065,1.34452,0.435196,0.0840199,-7.13432e-05,1.21714,0.000389501,0.000200701,3.08383e-05,1.94815e-05,0.00473858,20.5104,0.0460085
2025-05-18 00:00:00+00:00,-0.00292737,1.34059,0.345206,0.107765,-0.00171457,0.907899,0.000290517,0.000120362,2.24498e-05,-1.14846e-05,-0.00248149,17.8125,0.0461419
2025-05-19 00:00:00+00:00,-0.0030685,1.33647,0.46186,0.110761,-0.00734572,1.69514,0.000542441,0.000134877,5.2073e-05,-2.06044e-05,-0.00230899,20.9688,0.0446706
2025-05-20 00:00:00+00:00,-0.00511659,1.32964,0.400209,0.105616,0.0013464,0.908721,0.000290766,7.97951e-05,1.91329e-05,1.00997e-05,-0.00474228,18.4375,0.042698
2025-05-21 00:00:00+00:00,-0.00133971,1.32785,0.375726,0.075736,-0.00110448,0.929437,0.000297417,9.12922e-05,2.1199e-05,-1.32415e-05,-0.000908152,19.0833,0.0437238
2025-05-22 00:00:00+00:00,-0.00121143,1.32625,0.461635,0.0928978,-0.000688554,1.10975,0.000355119,9.62313e-05,2.54402e-05,1.34167e-05,-0.000739935,21.4688,0.0441159
2025-05-23 00:00:00+00:00,0.00167996,1.32847,0.396366,0.107579,0.00133806,0.953715,0.000305197,6.60766e-05,2.06001e-05,-6.29497e-05,0.00214243,22.3125,0.0428791
2025-05-24 00:00:00+00:00,-0.00510526,1.32169,0.386043,0.0591221,0.000901286,0.987076,0.000315845,5.89833e-05,2.75931e-05,-0.000118006,-0.00458483,20.5625,0.0432618
2025-05-25 00:00:00+00:00,0.00540851,1.32884,0.328068,0.0624385,0.00445906,1.06163,0.000339753,6.07859e-05,2.29836e-05,-0.00013447,0.00596051,20.7188,0.0409969
2025-05-26 00:00:00+00:00,0.00172853,1.33114,0.421129,0.113137,-0.00322479,1.61067,0.000515409,0.000167857,0.000105598,-5.00331e-05,0.00256976,20.3229,0.0457598
2025-05-27 00:00:00+00:00,-0.00405644,1.32574,0.429773,0.106209,-0.0008885,1.28665,0.000411711,6.69869e-05,2.34454e-05,-2.74764e-05,-0.00352681,19.7188,0.0458135
2025-05-28 00:00:00+00:00,0.00572325,1.33333,0.393039,0.0951867,-0.00219878,1.49791,0.000479372,8.53663e-05,3.47997e-05,-3.72296e-05,0.00634693,18.1667,0.0439544
2025-05-29 00:00:00+00:00,0.00207687,1.33609,0.392739,0.0999027,0.000821017,1.28894,0.000412477,7.00681e-05,3.22613e-05,-3.60865e-06,0.00259875,16.4271,0.0471333
2025-05-30 00:00:00+00:00,0.00399188,1.34143,0.581747,0.0228331,0.0067681,2.99376,0.000958083,0.000277165,0.000117333,1.50353e-05,0.00533797,20.7708,0.0505323
2025-05-31 00:00:00+00:00,0.00495449,1.34807,0.480709,0.00213826,0.00403867,2.29848,0.000735568,0.000232546,7.68474e-05,-3.43715e-05,0.00603498,20.6771,0.0513127
2025-06-01 00:00:00+00:00,0.000591814,1.34887,0.599554,0.089925,-0.00218337,2.05245,0.000656818,0.000208054,7.774e-05,-4.40483e-05,0.00158845,19.5312,0.0533735
2025-06-02 00:00:00+00:00,0.00172404,1.3512,0.657272,0.0625135,-0.0149699,2.6406,0.000845041,0.00023696,0.000139618,-2.45393e-05,0.0029768,20.0312,0.0538219
2025-06-03 00:00:00+00:00,-0.00230289,1.34809,0.535016,0.111429,-0.00851811,1.65544,0.000529732,0.000171744,4.39206e-05,1.66279e-05,-0.00156691,20.3125,0.052384
2025-06-04 00:00:00+00:00,-0.00429503,1.3423,0.524925,0.0707321,-0.0105153,1.80598,0.000577909,0.000188985,4.62828e-05,-0.000387384,-0.00308933,20.1875,0.0523374
2025-06-05 00:00:00+00:00,0.00752838,1.3524,0.499937,0.00775285,-0.00655015,2.08532,0.000667322,0.000224511,6.47469e-05,-0.000472528,0.00895078,20.6042,0.0560527
2025-06-06 00:00:00+00:00,0.010647,1.3668,0.609303,0.0958683,-0.00438674,2.4479,0.000783444,0.000240874,8.11986e-05,-0.000240831,0.0119539,24.3333,0.0586358
2025-06-07 00:00:00+00:00,0.00475161,1.37329,0.799375,0.176891,-0.0040751,1.88424,0.000603009,0.00024722,5.5596e-05,-0.000157773,0.00581748,20.7188,0.0605957
2025-06-08 00:00:00+00:00,-0.000868691,1.3721,0.712843,0.140083,-0.0112975,1.28976,0.000412709,0.00013705,2.86966e-05,-0.000393229,0.000120766,18.3021,0.0602451
2025-06-09 00:00:00+00:00,0.00190532,1.37472,0.658405,0.152051,-0.0166624,2.0091,0.000642974,0.000189,8.29573e-05,-0.000225022,0.00305585,19.1146,0.061134
2025-06-10 00:00:00+00:00,-0.0077693,1.36404,0.652851,0.112549,-0.0174015,1.84536,0.000590429,0.000193241,4.83913e-05,-0.000367466,-0.0065737,21.8021,0.0595601
2025-06-11 00:00:00+00:00,0.00336228,1.36862,0.672306,0.13139,-0.0159483,2.00098,0.000640297,0.000192617,5.75845e-05,-0.00041852,0.00469082,22.9375,0.0603359
2025-06-12 00:00:00+00:00,0.00534668,1.37594,0.624827,0.0906194,-0.00948532,2.09527,0.000670565,0.000231067,6.2296e-05,-0.000288389,0.00660467,21.8542,0.0626492
2025-06-13 00:00:00+00:00,-0.00226356,1.37282,0.739105,0.0677328,-0.000764178,2.86709,0.000917518,0.000192204,0.000114372,-0.000142022,-0.00086984,24.3229,0.0651379
2025-06-14 00:00:00+00:00,0.00689293,1.38229,0.874166,0.136606,-0.00365969,2.68831,0.00086035,0.00016718,0.000100285,-0.000345989,0.00835659,23.6354,0.0627765
2025-06-15 00:00:00+00:00,0.00439866,1.38837,0.854087,0.127495,-0.00649811,3.61267,0.00115617,0.000173427,0.000131871,-0.000236256,0.00610523,23.7708,0.064625
2025-06-16 00:00:00+00:00,0.00787621,1.3993,0.841886,0.11865,-0.0210566,2.76013,0.000883571,0.000223368,0.000127849,3.25694e-05,0.00908393,22.0417,0.0653
2025-06-17 00:00:00+00:00,0.00819681,1.41077,0.946751,0.00732043,-0.0228906,4.50779,0.00144277,0.000369601,0.000206139,-0.000238231,0.0104566,24.9062,0.066863
2025-06-18 00:00:00+00:00,0.0108391,1.42606,1.24123,0.0500816,-0.014527,5.44135,0.00174159,0.00049787,0.000248228,-5.55754e-07,0.0132938,25.7917,0.0685199
2025-06-19 00:00:00+00:00,0.0120883,1.4433,1.01453,0.166393,-0.00804909,4.13472,0.00132355,0.000485585,0.000179484,-1.13754e-05,0.0140796,23.375,0.0685647
2025-06-20 00:00:00+00:00,0.00614026,1.45216,0.70231,0.105078,-0.0162763,2.94497,0.000942496,0.000433126,0.000125044,-0.000116351,0.00776125,20.3854,0.0705745
2025-06-21 00:00:00+00:00,0.00605703,1.46096,0.965245,0.0467708,-0.0170943,3.83205,0.00122648,0.000288613,0.000156489,-0.000234315,0.00799156,24.0625,0.0712768
2025-06-22 00:00:00+00:00,0.015308,1.48333,1.22647,0.0257922,-0.0108798,6.06095,0.00194003,0.000492185,0.000327684,-0.00018302,0.0181729,28.5729,0.0737142
2025-06-23 00:00:00+00:00,-0.00454919,1.47658,0.969038,0.139677,0.00194957,3.95175,0.00126455,0.00039385,0.000242036,-0.00112515,-0.00149745,25.7292,0.0735373
2025-06-24 00:00:00+00:00,0.0142006,1.49755,0.943925,0.165558,0.0011061,3.06063,0.000979579,0.000304809,0.000150185,-0.000105577,0.0156666,23.0312,0.0718245
2025-06-25 00:00:00+00:00,0.0152647,1.5204,1.1813,0.138208,-0.0130255,4.0174,0.00128579,0.000431009,0.000192175,-0.000371048,0.017461,26.4583,0.0770703
2025-06-26 00:00:00+00:00,0.00353818,1.52578,1.01403,0.0571096,-0.0146623,3.94155,0.0012614,0.000262796,0.000175485,-0.000183334,0.00543156,26.2708,0.082528
2025-06-27 00:00:00+00:00,-0.00706225,1.51501,0.860459,0.0908898,-0.0128703,2.74607,0.000878694,0.000143359,0.000111757,-0.000942257,-0.00497923,22.3542,0.081598
2025-06-28 00:00:00+00:00,0.00308822,1.51969,0.786738,0.123453,-0.0137099,2.12993,0.000681619,0.000124828,6.36088e-05,-0.000709305,0.00468197,21.7708,0.0795989
2025-06-29 00:00:00+00:00,-0.0117139,1.50189,1.13399,0.176669,-0.0260317,2.78009,0.00088948,0.000146852,0.000104042,-0.00165753,-0.00892146,21.4688,0.0736032
2025-06-30 00:00:00+00:00,0.0217526,1.53456,0.902967,0.0842917,-0.0300785,3.35753,0.00107476,0.000180396,0.000144753,-0.000150618,0.0231043,22.375,0.0717933
2025-07-01 00:00:00+00:00,0.0053533,1.54277,0.933089,0.0265956,-0.0214335,3.72714,0.00119278,0.00020157,0.00014618,9.68233e-05,0.00680415,24.6458,0.0759167
2025-07-02 00:00:00+00:00,-0.00736985,1.5314,0.783,0.0740096,-0.0127588,2.89612,0.00092675,0.000163338,0.000102819,2.65513e-05,-0.00620665,24.3125,0.0772462
2025-07-03 00:00:00+00:00,-0.00981649,1.51637,0.848625,0.133396,-0.01563,2.69166,0.000859797,0.000228347,0.000151056,-0.00128557,-0.00710945,24.8438,0.0734681
2025-07-04 00:00:00+00:00,-0.0111082,1.49952,0.859534,0.103987,-0.0199807,2.76021,0.00088318,0.000291644,0.00010285,-0.00339553,-0.00646604,23.2292,0.072733
2025-07-05 00:00:00+00:00,-0.00482164,1.49229,0.912802,0.166233,-0.0163841,2.59052,0.000828951,0.000297819,0.000103599,-0.00299937,-0.000572229,20.0417,0.0699367
2025-07-06 00:00:00+00:00,0.00869832,1.50527,1.23822,0.196733,-0.0282044,3.80385,0.00121736,0.000410318,0.0001329,-0.000817305,0.0112601,23.6146,0.0691452
2025-07-07 00:00:00+00:00,0.00616579,1.51456,1.68428,0.119181,-0.0562732,3.48372,0.00111512,0.0003786,0.000346012,9.74264e-06,0.0080322,27.4167,0.0694316
2025-07-08 00:00:00+00:00,-0.0092496,1.50055,1.66508,0.173313,-0.0632372,2.4878,0.000795976,0.000269823,0.000115078,-9.43352e-05,-0.00793262,28,0.0713047
2025-07-09 00:00:00+00:00,0.0035277,1.50584,1.51066,0.183342,-0.0538129,2.59639,0.000830939,0.000278956,0.000120523,-3.97923e-05,0.00486109,28.5,0.0686823
2025-07-10 00:00:00+00:00,-0.0327019,1.4566,1.05918,0.156787,-0.0360178,3.63403,0.00116262,0.000355946,0.000146063,-0.000105522,-0.0313799,27.6667,0.0666985
2025-07-11 00:00:00+00:00,-0.022659,1.42359,0.844111,0.139979,-0.0143183,2.88183,0.000920394,0.000307346,0.000212957,-4.46695e-05,-0.0211228,25.6979,0.062723
2025-07-12 00:00:00+00:00,0.000293068,1.42401,0.611706,0.142414,-0.00883673,1.8895,0.000604673,0.00028532,9.55687e-05,-0.000279647,0.00160232,23,0.0639644
2025-07-13 00:00:00+00:00,-0.00901482,1.41117,0.791566,0.217986,-0.00625815,2.00377,0.000641138,0.000303219,9.59063e-05,1.49043e-05,-0.00798443,20.8438,0.0630716
2025-07-14 00:00:00+00:00,0.00363603,1.4163,0.816244,0.197555,-0.0069071,3.32834,0.00106526,0.000774693,0.000225211,-8.47319e-05,0.00581798,26.9167,0.0623115
2025-07-15 00:00:00+00:00,-0.000239564,1.41596,0.855615,0.232592,-0.00706006,2.40034,0.000768177,0.000396508,8.32585e-05,2.16912e-05,0.00102535,25.2396,0.0580201
2025-07-16 00:00:00+00:00,-0.000941469,1.41463,0.978521,0.279254,-0.00616683,2.33021,0.000745687,0.000363275,7.93876e-05,-2.53165e-05,0.000324154,23.3646,0.0594235
2025-07-17 00:00:00+00:00,0.0194359,1.44212,0.861563,0.209567,-0.00227093,2.89144,0.000925505,0.000356136,0.000102837,2.21836e-05,0.0206771,26.2917,0.0611152
2025-07-18 00:00:00+00:00,0.00539069,1.4499,0.992533,0.182598,-0.00509721,3.73837,0.00119643,0.000394313,0.000164671,-4.91452e-07,0.00718321,28.8229,0.0641759
2025-07-19 00:00:00+00:00,0.000329241,1.45038,0.988714,0.213366,0.00118849,3.19355,0.00102195,0.000280753,0.000123614,-8.78436e-05,0.00190082,29.7917,0.0652629
2025-07-20 00:00:00+00:00,0.00179654,1.45298,0.997136,0.181302,-0.00191166,3.33652,0.00106769,0.000227314,0.000107727,-3.20308e-05,0.00329271,28.5833,0.0700907
2025-07-21 00:00:00+00:00,0.00387393,1.45861,0.808257,0.16857,-0.00435842,2.88323,0.000922663,0.000217493,9.18147e-05,2.57993e-05,0.00510767,26.9479,0.0697093
2025-07-22 00:00:00+00:00,0.00246054,1.4622,0.608574,0.126615,-0.00112525,1.4081,0.000450626,0.000106594,3.24832e-05,-3.99372e-05,0.0031103,24.1354,0.069037
2025-07-23 00:00:00+00:00,-0.000123153,1.46202,0.722214,0.134696,-0.0096724,2.433,0.000777834,0.000327815,7.81876e-05,-0.00012624,0.00129767,22.6562,0.0668148
2025-07-24 00:00:00+00:00,0.00866767,1.47469,0.860962,0.137189,-0.00943933,2.28769,0.000732238,0.000381984,7.67523e-05,-0.000406605,0.0102842,26.5938,0.0670582
2025-07-25 00:00:00+00:00,-0.0285493,1.43259,0.84734,0.120294,-0.00599716,2.3767,0.000760249,0.0002914,7.98709e-05,-0.000727534,-0.0270371,26.8125,0.0666922
2025-07-26 00:00:00+00:00,-1.04611e-05,1.43257,0.920578,0.139401,-0.00736443,2.19472,0.00070231,0.000278415,5.82164e-05,-4.1965e-05,0.00109758,25.8646,0.0648056
2025-07-27 00:00:00+00:00,0.00836496,1.44456,1.02616,0.124068,-0.00632883,2.61515,0.000836911,0.000241531,5.81559e-05,-1.7532e-05,0.00952969,24.6667,0.0649466
2025-07-28 00:00:00+00:00,-0.0121608,1.42699,0.877844,0.138999,-0.00268839,2.67555,0.000855906,0.000492683,8.94128e-05,3.12942e-06,-0.0106907,24.1562,0.0651284
2025-07-29 00:00:00+00:00,0.00138537,1.42897,0.612185,0.110817,-0.0149755,1.90671,0.000610195,0.000504923,5.89005e-05,-0.0003095,0.00293063,22.125,0.0669751
2025-07-30 00:00:00+00:00,0.000284537,1.42937,0.76348,0.089111,-0.0184036,2.7288,0.000873211,0.000572386,7.40723e-05,4.19479e-05,0.00178601,23.5938,0.0707651
2025-07-31 00:00:00+00:00,0.0107733,1.44477,0.829572,0.129526,-0.0182707,2.64602,0.000846904,0.000236604,6.51709e-05,-1.41924e-06,0.0119015,25.8125,0.0696207
2025-08-01 00:00:00+00:00,-0.00159948,1.44246,0.947349,0.119559,-0.014685,3.5344,0.00113109,0.00039828,0.000106167,-6.45031e-05,0.000158202,26.2188,0.070462
2025-08-02 00:00:00+00:00,-0.00328278,1.43773,1.02583,0.14019,-0.00628601,3.03886,0.000972441,0.000193022,9.14148e-05,-8.01849e-05,-0.00192233,26.7812,0.0688229
2025-08-03 00:00:00+00:00,0.000740527,1.43879,0.88169,0.129769,-0.00517497,1.77552,0.000568175,0.000159789,4.32925e-05,-9.07929e-05,0.00161912,21.5417,0.0667225
2025-08-04 00:00:00+00:00,0.000324467,1.43926,0.728709,0.112781,-0.00878699,1.99308,0.00063781,0.00015802,5.79227e-05,4.68047e-08,0.00119281,21.3854,0.065114
2025-08-05 00:00:00+00:00,0.000896646,1.44055,0.718695,0.0823252,-0.0117069,1.87508,0.000600043,0.000150982,3.53879e-05,-6.94095e-06,0.00170453,22.6354,0.0643964
2025-08-06 00:00:00+00:00,0.00554827,1.44854,0.641116,0.0793838,-0.0106911,1.70336,0.000545116,0.000137352,3.71502e-05,-8.49127e-06,0.00627032,19.875,0.0666201
2025-08-07 00:00:00+00:00,0.0102851,1.46344,0.649885,0.102756,-0.0136982,1.65809,0.000530684,0.00012621,3.24721e-05,-1.64961e-05,0.0109602,20.2604,0.0686295
2025-08-08 00:00:00+00:00,0.00459017,1.47016,0.926903,0.171293,-0.00661937,2.7559,0.000881925,0.000189562,7.09654e-05,-4.21021e-05,0.00578265,24.8958,0.0714586
2025-08-09 00:00:00+00:00,-0.0070665,1.45977,0.815026,0.162441,-0.0107757,2.28128,0.000729946,0.000211285,5.132e-05,3.42781e-05,-0.00611232,23.6458,0.071707
2025-08-10 00:00:00+00:00,0.00413708,1.46581,0.564778,0.0786729,-0.0141317,1.94792,0.000623387,0.000160106,4.05584e-05,-4.49373e-05,0.00501309,24.1562,0.0701868
2025-08-11 00:00:00+00:00,-0.0013912,1.46377,0.897688,0.0803211,-0.0246957,3.16415,0.00101252,0.000262476,0.000101822,0.000195183,-0.000145236,22.8021,0.0705201
2025-08-12 00:00:00+00:00,0.00178189,1.46638,1.02754,0.0761029,-0.0213377,3.03099,0.000969969,0.000257966,9.32008e-05,5.14723e-05,0.00310857,26.7292,0.0713167
2025-08-13 00:00:00+00:00,0.00952204,1.48034,1.0163,0.115801,-0.0149596,3.32236,0.00106332,0.000370943,0.000111988,1.3595e-05,0.0110534,27.1667,0.0728908
2025-08-14 00:00:00+00:00,0.0167277,1.5051,1.20371,0.106611,-0.0179055,4.43516,0.00141971,0.000947588,0.000204239,0.000169394,0.0190425,28,0.0760551
2025-08-15 00:00:00+00:00,-0.00935133,1.49103,1.15431,0.150392,-0.0124163,3.03501,0.000971163,0.000872978,0.000156961,8.59671e-05,-0.00742699,29.5208,0.0772857
2025-08-16 00:00:00+00:00,0.00534175,1.49899,0.595337,0.0631514,-0.00559732,1.76272,0.000564112,0.000523892,4.19675e-05,1.20157e-05,0.00645166,22.5833,0.0766913
2025-08-17 00:00:00+00:00,-0.00962405,1.48457,0.723778,0.11205,-0.010018,2.25903,0.000722784,0.000642758,5.13034e-05,8.62759e-05,-0.00832313,19.9688,0.076189
2025-08-18 00:00:00+00:00,-0.000278452,1.48415,0.594667,0.046028,-0.0203149,2.29317,0.000733924,0.000599939,9.29918e-05,3.35234e-05,0.00114804,19.8438,0.0723279
2025-08-19 00:00:00+00:00,0.000629673,1.48509,0.531547,0.0464003,-0.0145689,1.58892,0.000508473,0.000459108,4.12148e-05,-8.26689e-06,0.00167316,17.5833,0.0726123
2025-08-20 00:00:00+00:00,-0.000873878,1.48379,0.794008,0.11803,-0.0206154,2.68094,0.00085794,0.000608914,9.06164e-05,-3.56592e-05,0.000773817,20.9375,0.0710961
2025-08-21 00:00:00+00:00,0.000619218,1.48471,0.825929,0.13123,-0.0128131,2.49445,0.000798288,0.000317196,7.57281e-05,4.91102e-05,0.00178578,20.9271,0.0705694
2025-08-22 00:00:00+00:00,0.000847179,1.48597,0.701813,0.0868175,-0.00500871,2.55479,0.00081765,0.000316295,8.89238e-05,6.06976e-05,0.00204251,23.5938,0.0709514
2025-08-23 00:00:00+00:00,-0.00251832,1.48222,1.26409,0.171225,-0.00452109,2.30941,0.000739014,0.000411773,0.000101182,0.000153912,-0.0013483,29.25,0.0689648
2025-08-24 00:00:00+00:00,0.0097391,1.49666,1.08248,0.0803003,-0.0116582,3.65823,0.00117082,0.000791225,0.000118375,0.000127168,0.0116738,26.25,0.0708986
2025-08-25 00:00:00+00:00,-0.00574727,1.48806,0.438322,0.0111318,-0.00864013,1.58673,0.000507734,0.000301266,5.3036e-05,-0.000704234,-0.00415804,19.8438,0.0689274
2025-08-26 00:00:00+00:00,-0.0103067,1.47272,0.55811,0.0144146,-0.0128982,1.3398,0.000428698,0.00030691,3.40038e-05,-0.000458745,-0.00910767,17.9792,0.0671505
2025-08-27 00:00:00+00:00,0.00912692,1.48616,0.623176,0.0434425,-0.0150711,1.69083,0.000541137,0.000394911,4.52369e-05,-0.000149441,0.0102391,18.0729,0.0664333
2025-08-28 00:00:00+00:00,-0.00884792,1.47301,0.657871,0.061874,-0.0156189,2.03699,0.0006518,0.000524715,5.12224e-05,-0.000324943,-0.00730834,19.9479,0.06642
2025-08-29 00:00:00+00:00,-0.00143953,1.47089,0.743981,0.0945053,-0.0139328,2.77935,0.000889382,0.000613013,8.65914e-05,-0.000373516,0.000560367,21.5208,0.061725
2025-08-30 00:00:00+00:00,0.00309927,1.47545,0.801364,0.11017,-0.00621994,2.18717,0.000699944,0.000321793,5.96739e-05,-0.000172023,0.00437692,21.25,0.0600101
2025-08-31 00:00:00+00:00,0.0057119,1.48388,0.636562,0.0611344,-0.00731835,1.33617,0.000427608,0.00018732,2.77744e-05,0.000124254,0.00622335,17.9167,0.0631962
2025-09-01 00:00:00+00:00,0.0108848,1.50003,0.905517,0.0351591,-0.0062087,3.0963,0.000990994,0.000362239,0.000108993,4.44747e-05,0.0122914,21.3542,0.0666745
2025-09-02 00:00:00+00:00,-0.0119031,1.48218,0.934132,0.0443004,-0.00688497,2.57333,0.000823359,0.000253553,6.95607e-05,0.000143173,-0.0109448,23.2188,0.0669237
2025-09-03 00:00:00+00:00,0.000634272,1.48312,0.874236,0.0761329,-0.00731393,2.28355,0.000730767,0.000217302,5.52025e-05,0.000143928,0.00151137,21.6458,0.062791
2025-09-04 00:00:00+00:00,-0.00471363,1.47613,0.700156,0.0332927,-0.0130457,1.90507,0.000609634,0.00019905,5.0015e-05,0.000102019,-0.00393224,19.6354,0.0625596
2025-09-05 00:00:00+00:00,-0.0135309,1.45615,0.789446,0.0780452,-0.0171935,2.01627,0.000645176,0.000176144,4.90338e-05,-0.000525491,-0.0121858,18.8646,0.0616518
2025-09-06 00:00:00+00:00,-0.0179687,1.42999,0.776476,0.0802963,-0.0175668,1.78561,0.000571237,0.000140839,4.13682e-05,-0.000899222,-0.0164044,18.5,0.0550803
2025-09-07 00:00:00+00:00,-0.0368823,1.37725,0.622598,0.054589,-0.0181654,1.26859,0.00040573,9.08348e-05,3.26157e-05,-0.000453069,-0.0365388,15.9062,0.0504374
2025-09-08 00:00:00+00:00,-0.0202597,1.34934,0.448879,0.0787044,-0.0247974,1.11771,0.000357585,8.10915e-05,3.44195e-05,-0.000188304,-0.019781,17.1458,0.0418082
2025-09-09 00:00:00+00:00,-0.0032525,1.34495,0.352784,0.0725744,-0.0180107,0.811745,0.000259758,5.31621e-05,1.68714e-05,-0.000212647,-0.00270391,17.8854,0.0346729
2025-09-10 00:00:00+00:00,-0.00371227,1.33996,0.326495,0.0752193,-0.013758,0.625501,0.000200159,4.45513e-05,1.30001e-05,-4.99197e-05,-0.00340317,15.7708,0.0310328
2025-09-11 00:00:00+00:00,0.00269962,1.34358,0.341571,0.0572728,-0.00991559,0.921606,0.000294922,8.28585e-05,1.7692e-05,-0.000100109,0.00319931,18.9167,0.0320583
2025-09-12 00:00:00+00:00,0.00488487,1.35014,0.35639,0.0729611,-0.0111538,0.944532,0.000302268,0.000108898,1.91668e-05,2.11317e-06,0.00530845,17.6875,0.0341586
2025-09-13 00:00:00+00:00,-0.00884331,1.3382,0.372665,0.0843757,-0.00691342,0.73835,0.000236239,8.67169e-05,1.29915e-05,-8.57877e-05,-0.00845026,16.9479,0.0351777
2025-09-14 00:00:00+00:00,-0.000756498,1.33719,0.269827,0.072349,-0.0092127,0.512032,0.000163846,4.16845e-05,1.10667e-05,-9.68824e-05,-0.000436915,12.9479,0.0322218
2025-09-15 00:00:00+00:00,0.00188707,1.33971,0.317265,0.0619009,-0.0117138,0.692953,0.000221751,7.23308e-05,1.31853e-05,-8.85849e-05,0.00228689,14.7396,0.0336079
2025-09-16 00:00:00+00:00,0.00187718,1.34223,0.290158,0.0646538,-0.0105915,0.56411,0.000180516,8.95402e-05,9.17176e-06,-5.25016e-05,0.00221005,12.9688,0.0343932
2025-09-17 00:00:00+00:00,-0.00352326,1.3375,0.249861,0.0640064,-0.0083838,0.658417,0.00021068,0.000103772,8.97077e-06,-0.000797748,-0.00240213,12.6667,0.0334787
2025-09-18 00:00:00+00:00,0.000102365,1.33764,0.140212,0.0358403,-0.00186675,0.396954,0.000127025,5.9917e-05,5.96043e-06,-5.37908e-05,0.000350125,10.4375,0.0215361
2025-09-19 00:00:00+00:00,0.00219715,1.34058,0.134732,0.0364262,-0.00107523,0.379336,0.000121391,5.83751e-05,4.49974e-06,-8.86426e-06,0.00238864,11.4375,0.0228767
2025-09-20 00:00:00+00:00,-0.000939184,1.33932,0.152875,0.0513571,-0.000226318,0.428001,0.000136959,8.03591e-05,6.1793e-06,-6.04073e-05,-0.000653385,11.3021,0.0259093
2025-09-21 00:00:00+00:00,0.00311074,1.34348,0.187929,0.0793254,0.00199806,0.40624,0.000130003,8.84669e-05,6.52264e-06,-4.12192e-06,0.00333738,9.63542,0.0284897
2025-09-22 00:00:00+00:00,0.00259549,1.34697,0.231715,0.0461375,-0.00920688,0.90902,0.000290902,0.000106769,2.43217e-05,2.26217e-05,0.00300226,14.0312,0.0328822
2025-09-23 00:00:00+00:00,0.00488347,1.35355,0.33669,0.0878424,-0.008324,0.710692,0.000227439,4.94857e-05,1.39187e-05,-0.000285886,0.00545684,16.1146,0.0349015
2025-09-24 00:00:00+00:00,0.0021834,1.3565,0.360311,0.109639,-0.00471203,0.651035,0.000208338,4.98374e-05,1.53581e-05,-7.4614e-05,0.00253304,16.9167,0.0366148
2025-09-25 00:00:00+00:00,-0.00145939,1.35452,0.330169,0.0912591,-0.00336619,1.04639,0.000334842,8.38337e-05,2.27527e-05,1.05221e-06,-0.00100714,18.5521,0.0370338
2025-09-26 00:00:00+00:00,0.000333802,1.35498,0.345554,0.093277,-0.00166401,0.680561,0.000217779,4.64163e-05,1.67963e-05,-3.1691e-05,0.000654787,16.4479,0.0333663
2025-09-27 00:00:00+00:00,-0.00169355,1.35268,0.317436,0.0970527,-0.00128849,0.453351,0.000145068,5.19789e-05,8.86367e-06,-2.37402e-05,-0.00145977,14.4896,0.032323
2025-09-28 00:00:00+00:00,-0.0106312,1.3383,0.224071,0.0883874,-0.00185955,0.400349,0.000128105,5.90327e-05,1.21002e-05,2.29389e-05,-0.0104827,12.3854,0.0284629
2025-09-29 00:00:00+00:00,0.00895864,1.35029,0.249911,0.0932318,-0.00508909,0.46569,0.000149035,4.03756e-05,1.10615e-05,1.8308e-05,0.00910608,14.3646,0.0315367
2025-09-30 00:00:00+00:00,-0.000906939,1.34906,0.301118,0.113874,-0.00518274,0.555609,0.000177791,5.98051e-05,1.31413e-05,-0.000204146,-0.000444913,14.7812,0.0363668
2025-10-01 00:00:00+00:00,0.00196536,1.35172,0.345771,0.130276,-0.00220418,0.608881,0.000194847,5.29156e-05,1.32997e-05,-5.23809e-05,0.0022852,15.2812,0.0346131
2025-10-02 00:00:00+00:00,0.0128221,1.36905,0.536132,0.150764,-0.000296038,1.23151,0.000394157,0.000117359,2.86091e-05,-4.71383e-05,0.0133419,20.4271,0.0374931
2025-10-03 00:00:00+00:00,0.0041997,1.3748,0.606891,0.146852,-0.00653872,1.65138,0.000528464,0.000177509,4.96882e-05,-3.24749e-05,0.00500321,21.2083,0.0442885
2025-10-04 00:00:00+00:00,0.0043254,1.38074,0.596849,0.15016,-0.00298709,1.49584,0.000478684,0.000146751,4.73856e-05,-0.000187252,0.00519418,20.4688,0.046434
2025-10-05 00:00:00+00:00,-0.00234919,1.3775,0.552567,0.173477,-0.00358765,1.2486,0.000399531,0.000123848,4.76747e-05,6.15256e-06,-0.00175244,17.0208,0.0481139
2025-10-06 00:00:00+00:00,-0.00471185,1.37101,0.614553,0.146299,-0.0108548,1.82492,0.000584009,0.000119716,0.000117552,-5.45796e-05,-0.00381819,19.6875,0.0508808
2025-10-07 00:00:00+00:00,0.0059087,1.37911,0.69059,0.186979,-0.00724228,1.40952,0.000451057,9.35273e-05,2.94576e-05,1.81256e-05,0.00648022,21.1042,0.0500344
2025-10-08 00:00:00+00:00,0.00448788,1.3853,0.751629,0.167256,-0.0102371,1.41407,0.000452541,0.000129115,3.43891e-05,3.44341e-05,0.00508173,19.5104,0.0511471
2025-10-09 00:00:00+00:00,0.00152807,1.38742,0.79659,0.151769,-0.00456159,1.91327,0.000612196,0.00016734,5.24271e-05,5.30232e-05,0.00233219,19.9167,0.05282
2025-10-10 00:00:00+00:00,0.0252611,1.42246,0.698775,0.112975,-0.0106724,2.62529,0.00084148,0.000287424,0.000240617,0.000114075,0.0267722,21.8854,0.049857
2025-10-11 00:00:00+00:00,-0.0045975,1.41592,0.421629,0.0850625,0.00617803,1.67966,0.000537476,0.000308717,0.000285728,0.000295994,-0.00375071,24.6354,0.0488023
2025-10-12 00:00:00+00:00,0.016135,1.43877,0.538442,0.138786,0.00676224,2.02965,0.000649646,0.00033358,0.000215437,0.000117439,0.0171219,24.6771,0.0491986
2025-10-13 00:00:00+00:00,0.00321849,1.4434,0.745827,0.20796,0.00568912,2.59673,0.000831039,0.000451247,0.000291728,-2.1941e-05,0.00483108,26.5625,0.0551525
2025-10-14 00:00:00+00:00,0.00497088,1.45058,0.747971,0.218987,0.00212603,2.26824,0.000725892,0.00046935,0.000160437,-4.69634e-06,0.00635657,26.5,0.0538432
2025-10-15 00:00:00+00:00,0.00310773,1.45508,0.854447,0.231156,0.00300361,2.51667,0.000805378,0.000470138,0.000147888,-2.98263e-05,0.00458065,26.5521,0.0536716
2025-10-16 00:00:00+00:00,-0.00117478,1.45337,0.812602,0.245145,-0.000270911,3.53286,0.00113053,0.000335257,0.00017641,6.71477e-06,0.000485434,27.5625,0.0541828
2025-10-17 00:00:00+00:00,-0.00950971,1.43955,0.745557,0.147682,-0.00287502,3.29062,0.00105297,0.000495722,0.000163139,-2.17747e-05,-0.00778492,25.2604,0.0500463
2025-10-18 00:00:00+00:00,-0.00184889,1.43689,0.806191,0.219784,0.00197138,1.97813,0.000633033,0.000278482,7.53599e-05,3.91881e-06,-0.000845168,23.6562,0.0499294
2025-10-19 00:00:00+00:00,0.00926853,1.45021,0.87749,0.230281,0.00537986,1.63283,0.000522557,0.00019972,6.2971e-05,4.99305e-05,0.00998194,20.1354,0.0489275
2025-10-20 00:00:00+00:00,0.0014049,1.45225,1.00206,0.219091,0.00663776,2.72821,0.000872976,0.000261246,0.000110384,6.5155e-08,0.00267628,24.9271,0.05175
2025-10-21 00:00:00+00:00,0.000595868,1.45311,0.796337,0.203811,0.011475,2.30162,0.000736571,0.000147818,6.9301e-05,-4.67831e-05,0.00162629,23,0.0494156
2025-10-22 00:00:00+00:00,0.00663015,1.46275,1.00044,0.173663,-0.00375767,2.91658,0.000933443,0.000131455,9.59735e-05,-0.000491032,0.00830579,21.2083,0.0490527
2025-10-23 00:00:00+00:00,-0.00790563,1.45118,1.11418,0.197855,0.00971967,3.47898,0.0011132,0.000174921,0.000112791,-8.48981e-05,-0.00639863,25.5417,0.0508263
2025-10-24 00:00:00+00:00,-0.000142353,1.45098,0.797013,0.170485,0.00891601,2.0498,0.000655955,0.000129006,5.2073e-05,-1.3344e-05,0.000726621,22.2708,0.048578
2025-10-25 00:00:00+00:00,-0.00297775,1.44666,0.841972,0.186005,0.00744542,1.88073,0.000601815,0.000166736,4.70415e-05,-1.10928e-05,-0.0021431,20.5312,0.0482659
2025-10-26 00:00:00+00:00,-0.00227967,1.44336,0.754245,0.174674,-0.00610029,1.60435,0.000513362,0.000131099,4.40885e-05,-6.89042e-05,-0.0015024,19.3854,0.0456443
2025-10-27 00:00:00+00:00,0.00616755,1.45226,0.810627,0.18062,-0.0152467,2.50624,0.000802096,0.000322087,0.000123433,-2.10018e-05,0.00744874,22.7917,0.0484527
2025-10-28 00:00:00+00:00,-0.00582868,1.4438,0.778084,0.161734,-0.0357826,2.10543,0.000673697,0.000239862,6.74995e-05,5.22632e-05,-0.0048862,20.7917,0.0483235
2025-10-29 00:00:00+00:00,-0.00755631,1.43289,0.737912,0.160586,-0.00906637,2.49975,0.000799816,0.00034155,9.18003e-05,8.35235e-06,-0.00632436,22.1562,0.0462108
2025-10-30 00:00:00+00:00,0.0184232,1.45928,0.656529,0.154692,0.00624546,2.27146,0.000727017,0.000468492,8.99644e-05,5.34522e-05,0.0195213,20.4479,0.0467581
2025-10-31 00:00:00+00:00,-0.0101911,1.44441,0.664553,0.100154,-0.00906929,2.31,0.000739034,0.000551717,9.34495e-05,5.33419e-05,-0.00885646,19.8958,0.0503434
2025-11-01 00:00:00+00:00,0.0020074,1.44731,0.68156,0.170345,0.00790082,1.77956,0.000569505,0.000465517,6.86042e-05,-6.75116e-06,0.00315095,20.4688,0.0467031
2025-11-02 00:00:00+00:00,0.00771824,1.45848,0.416018,0.123972,0.00966977,1.21,0.000387242,0.000290132,3.37924e-05,-6.93863e-06,0.0084138,19.1354,0.0484238
2025-11-03 00:00:00+00:00,-0.00833835,1.44632,0.888889,0.179596,-0.0224546,2.90846,0.000930715,0.000415746,0.000162973,3.21098e-05,-0.00683,23.1667,0.0490759
2025-11-04 00:00:00+00:00,-0.00771273,1.43517,0.795824,0.145723,-0.00941593,2.67178,0.000854956,0.000194709,0.000142347,-2.77105e-05,-0.00640541,22.6042,0.0469327
2025-11-05 00:00:00+00:00,-0.00298867,1.43088,0.833904,0.171074,0.00223214,1.87618,0.000600338,0.000128721,8.85072e-05,3.20856e-05,-0.00216088,22.4167,0.0449095
2025-11-06 00:00:00+00:00,-0.00382111,1.42541,0.757491,0.141594,-0.00190803,1.91343,0.000612311,0.000159769,7.95199e-05,1.29594e-05,-0.00293207,20.9375,0.0452733
2025-11-07 00:00:00+00:00,-0.0215083,1.39475,0.68867,0.152569,0.00359834,1.58425,0.00050674,0.000152811,6.98699e-05,-8.41023e-05,-0.0208532,20.1562,0.0421695
2025-11-08 00:00:00+00:00,0.00255514,1.39831,0.604162,0.155628,0.00596611,1.42132,0.000454854,0.000112307,4.99506e-05,-2.40089e-06,0.00320513,21.6771,0.0410484
2025-11-09 00:00:00+00:00,0.00647218,1.40736,0.677193,0.175741,0.00645933,1.51586,0.000485118,0.00010285,4.57344e-05,-1.59441e-05,0.00713266,22.1667,0.0423679
2025-11-10 00:00:00+00:00,0.00159158,1.4096,0.686237,0.158347,3.28392e-05,1.78858,0.000572411,0.000260708,7.1655e-05,5.19945e-05,0.00247112,24.0312,0.0432234
2025-11-11 00:00:00+00:00,0.0101305,1.42388,0.663393,0.147844,0.00283014,1.54191,0.000493517,0.000170444,4.35122e-05,2.48003e-05,0.0107889,21.5104,0.0466147
2025-11-12 00:00:00+00:00,0.0042486,1.42993,0.572297,0.117672,-0.0034728,1.16639,0.000373271,0.000206374,2.6411e-05,3.44818e-05,0.00482557,22.6042,0.0464941
2025-11-13 00:00:00+00:00,0.00179366,1.4325,0.63769,0.105425,-0.00418945,1.68921,0.000540608,0.000259691,5.00202e-05,3.39906e-05,0.00263017,22.6667,0.0490364
2025-11-14 00:00:00+00:00,-0.00823609,1.4207,0.489839,0.0799911,-0.00603538,1.13968,0.00036468,0.000181897,2.98104e-05,6.13053e-05,-0.00772694,21.8542,0.0475882
2025-11-15 00:00:00+00:00,0.00145672,1.42277,0.510169,0.0773458,-0.00487952,1.05337,0.000337104,0.0001032,2.6067e-05,-0.00044522,0.00239681,21,0.0432774
2025-11-16 00:00:00+00:00,0.00658586,1.43214,0.508429,0.0848972,-0.00601885,1.46323,0.000468285,0.00013412,4.19266e-05,-0.000801234,0.00803622,21.6354,0.0449149
2025-11-17 00:00:00+00:00,-0.00799255,1.42069,0.743181,0.0741306,-0.0176944,3.61873,0.00115815,0.000270007,0.000211284,-0.00013784,-0.0061876,25.3542,0.0538648
2025-11-18 00:00:00+00:00,0.00698785,1.43062,0.709588,0.10393,-0.00387141,2.28488,0.000731234,0.000182772,8.23453e-05,-0.000119685,0.00812838,24.1146,0.05272
2025-11-19 00:00:00+00:00,0.00150036,1.43277,0.751001,0.0961817,-0.0115908,2.52915,0.000809388,0.000264221,9.91619e-05,-4.94012e-05,0.0027577,22.875,0.0554959
2025-11-20 00:00:00+00:00,0.0147063,1.45384,0.923666,0.139943,-0.00639094,3.13786,0.00100431,0.000524489,0.00013201,-0.000174627,0.0164777,25.0312,0.0543335
2025-11-21 00:00:00+00:00,0.0186234,1.48091,0.814459,0.099448,-0.00232425,3.71784,0.00119003,0.000678689,0.000201145,1.79451e-06,0.0205858,26.5312,0.0557091
2025-11-22 00:00:00+00:00,-0.00352138,1.4757,0.964499,0.085088,-0.00298904,3.40925,0.00109097,0.000586853,0.000220011,-7.57504e-05,-0.00144757,29.9792,0.0604575
2025-11-23 00:00:00+00:00,0.00558414,1.48394,0.783267,0.119899,-0.00539778,2.63662,0.000843767,0.00046588,0.000133289,-4.29843e-05,0.00707761,28.1771,0.0622431
2025-11-24 00:00:00+00:00,0.00233249,1.4874,0.97326,0.126992,-0.00663428,4.22764,0.00135286,0.00075085,0.000245842,-0.000291221,0.00499956,27.5729,0.0639935
2025-11-25 00:00:00+00:00,-0.00733505,1.47649,0.840349,0.143299,-0.0031129,2.81549,0.000900917,0.000563468,0.000106865,6.01252e-05,-0.00581624,26.3333,0.0619753
2025-11-26 00:00:00+00:00,0.000644298,1.47744,0.738384,0.125021,-0.00237495,1.95647,0.000626111,0.000394881,5.93987e-05,-0.000489979,0.00224091,22.6042,0.0592264
2025-11-27 00:00:00+00:00,0.00385277,1.48313,0.700121,0.120313,-0.00176949,1.70866,0.000546823,0.000286861,4.37625e-05,0.000231403,0.0045109,23.0104,0.0618434
2025-11-28 00:00:00+00:00,0.0108948,1.49929,0.904294,0.137092,-0.0105,3.05212,0.000976837,0.000385028,9.06085e-05,0.000203965,0.0121064,25.6458,0.063533
2025-11-29 00:00:00+00:00,0.00404661,1.50536,0.566535,0.0746556,-0.0123,1.70099,0.000544349,0.000212084,3.94558e-05,0.000112833,0.00472877,21.5208,0.0656182
2025-11-30 00:00:00+00:00,0.00310671,1.51004,0.695356,0.0966007,-0.0164748,2.25925,0.000723009,0.000267893,5.23678e-05,-0.000113316,0.00426942,23.3646,0.0680307
2025-12-01 00:00:00+00:00,-0.00164477,1.50755,0.613642,0.0605752,-0.0194974,2.59061,0.000829051,0.000186362,9.11224e-05,-0.00133541,0.000843378,24.9167,0.069498
2025-12-02 00:00:00+00:00,0.00379993,1.51328,0.744957,0.107615,-0.0111816,2.41789,0.000773835,0.000169899,9.62414e-05,-0.000534981,0.00541191,25.6875,0.0695536
2025-12-03 00:00:00+00:00,0.00205626,1.51639,0.844371,0.128358,-0.0069657,2.67273,0.000855272,0.000152895,0.000102955,0.000243881,0.00295244,26.3646,0.0709335
2025-12-04 00:00:00+00:00,-0.00642186,1.50666,0.634682,0.112432,-0.00266431,1.72943,0.000553386,0.000144563,5.81852e-05,-1.74495e-06,-0.00566327,24.5,0.0696657
2025-12-05 00:00:00+00:00,0.00566982,1.5152,0.446144,0.0791351,-0.00468392,1.30435,0.000417433,0.000116916,3.36109e-05,3.90027e-05,0.00619288,22.3854,0.0693635
2025-12-06 00:00:00+00:00,-0.00321398,1.51033,0.489553,0.0691601,-0.0095011,1.23668,0.000395727,0.000109721,3.05748e-05,-0.00108322,-0.00159181,22.6458,0.0681286
2025-12-07 00:00:00+00:00,0.00991194,1.5253,1.04517,0.147786,-0.00689528,2.98481,0.00095527,0.000263033,0.000110345,-0.000433026,0.0116603,26.7708,0.0695591
2025-12-08 00:00:00+00:00,-0.00207755,1.52213,0.503267,0.0799041,-0.0122508,2.40825,0.000770483,0.000243534,0.000159758,-5.25133e-05,-0.000838522,23.8125,0.0712381
2025-12-09 00:00:00+00:00,-0.00142715,1.51996,0.449795,0.0643724,-0.00597062,1.26591,0.00040512,0.000114618,3.586e-05,7.9193e-06,-0.000868623,20.5625,0.0717795
2025-12-10 00:00:00+00:00,0.00983337,1.5349,0.491054,0.0655446,-0.010756,1.67276,0.000535368,0.00010911,5.44301e-05,4.56633e-05,0.0104513,24.0938,0.0710638
2025-12-11 00:00:00+00:00,0.00341921,1.54015,0.695111,0.0815043,-0.0103632,2.3368,0.000747874,0.000141912,8.94837e-05,0.000144983,0.0042655,26.5729,0.0741774
2025-12-12 00:00:00+00:00,0.0112359,1.55746,1.03569,0.146928,-0.0220114,4.83515,0.00154745,0.000333357,0.000237158,0.000125765,0.0132009,28.5625,0.0761688
2025-12-13 00:00:00+00:00,-0.00518555,1.54938,0.363996,0.0314734,-0.00918062,1.33601,0.000427495,0.000104269,3.97838e-05,-0.00050453,-0.00410477,22.5,0.0752791
2025-12-14 00:00:00+00:00,0.00498213,1.5571,0.437912,0.0511457,-0.0116332,1.31887,0.000422066,0.000112504,3.19453e-05,-0.000280488,0.00582026,21.8438,0.0754555
2025-12-15 00:00:00+00:00,0.00230563,1.56069,0.722574,0.0528375,-0.0201647,2.7884,0.000892321,0.000374721,0.000148468,8.38009e-05,0.00365485,23.6979,0.0784471
2025-12-16 00:00:00+00:00,0.00552121,1.56931,0.451093,0.0128296,-0.00941146,1.60246,0.00051283,0.000191762,5.37559e-05,-7.94183e-06,0.00628087,24.0417,0.0781385
2025-12-17 00:00:00+00:00,0.0105247,1.58582,0.54233,0.0208297,-0.0131087,2.27963,0.000729599,0.000289097,8.71162e-05,-0.000273007,0.011865,25.7917,0.0807108
2025-12-18 00:00:00+00:00,0.00173172,1.58857,0.576533,-0.00254638,-0.000644028,2.60406,0.000833356,0.000280745,0.000126062,-6.07795e-05,0.00305376,24.6562,0.0831981
2025-12-19 00:00:00+00:00,-0.000155824,1.58832,0.784394,0.0163533,-0.00540151,3.20288,0.00102497,0.000321298,0.000194817,0.000194705,0.00121043,26.4792,0.0840746
2025-12-20 00:00:00+00:00,-0.00340025,1.58292,0.637768,0.0388177,-0.0117287,1.53071,0.000489824,0.000148339,5.54968e-05,-0.000117241,-0.00257976,25.2188,0.0796137
2025-12-21 00:00:00+00:00,0.000775817,1.58415,0.724806,0.0385854,-0.0248635,2.20507,0.000705681,0.000199701,9.59046e-05,-0.00041324,0.00225645,23.4479,0.0774539
2025-12-22 00:00:00+00:00,0.00739508,1.59586,0.602899,0.0449512,-0.019145,1.90586,0.000610035,0.000193737,0.000112058,-0.000191224,0.00850681,23.7188,0.0795712
2025-12-23 00:00:00+00:00,-0.00409449,1.58933,0.741957,0.0405269,-0.0224722,2.34474,0.000750295,0.000207711,9.22337e-05,-0.00020496,-0.00282953,26.0312,0.0799061
2025-12-24 00:00:00+00:00,-0.00257393,1.58524,0.530448,0.0337829,-0.017413,1.36552,0.000436976,0.000160155,4.37592e-05,-0.000320335,-0.00159958,23.5729,0.0761302
2025-12-25 00:00:00+00:00,-0.00589662,1.57589,0.556722,0.0484721,-0.0204732,1.36681,0.00043729,0.000166061,4.64008e-05,-0.000349785,-0.00489526,22.1562,0.0704005
2025-12-26 00:00:00+00:00,-0.00603129,1.56639,0.720636,0.0813332,-0.0236525,1.71521,0.000548863,0.000140179,5.97025e-05,-0.000134644,-0.00514097,23.9583,0.0677035
2025-12-27 00:00:00+00:00,-0.00514352,1.55833,1.04845,0.135351,-0.0356044,2.37539,0.000760119,0.000140199,8.69535e-05,1.02304e-05,-0.00413141,24.0104,0.0610138
2025-12-28 00:00:00+00:00,0.0155445,1.58255,1.69748,0.173541,-0.0585822,1.08753,0.00034812,7.58087e-05,5.41015e-05,7.21988e-05,0.0158756,27.7188,0.0619071
2025-12-29 00:00:00+00:00,-0.000180304,1.58227,0.536403,0.0677782,-0.0202637,3.40575,0.0010899,0.000218974,0.00024671,0.000165455,0.00123079,23.7812,0.0666209
2025-12-30 00:00:00+00:00,-0.000437159,1.58158,0.515051,0.0668082,-0.0218851,1.31551,0.000420944,7.74698e-05,6.67677e-05,-0.000134182,0.000288515,23.1667,0.069117
2025-12-31 00:00:00+00:00,-0.00603518,1.57203,0.476458,0.0736523,-0.0196054,1.35652,0.00043409,0.000100939,4.49164e-05,-0.000169428,-0.00526612,24.8229,0.066068
2026-01-01 00:00:00+00:00,-0.00751496,1.56022,0.506364,0.0886844,-0.0158832,1.11445,0.000356607,6.50822e-05,3.43678e-05,-2.62667e-05,-0.00705037,24.0729,0.0633375
2026-01-02 00:00:00+00:00,-0.010987,1.54308,0.715136,0.141222,-0.0211296,1.76748,0.000565546,0.000102864,6.87758e-05,0.00025267,-0.0105309,24.2917,0.0627589
2026-01-03 00:00:00+00:00,-0.00246257,1.53928,0.446067,0.0851881,-0.0189886,0.958497,0.000306715,6.36045e-05,3.51162e-05,-7.49288e-05,-0.00197359,20.5938,0.0604367
2026-01-04 00:00:00+00:00,-0.00138972,1.53714,0.415706,0.0736136,-0.0181665,1.00668,0.000322142,6.82514e-05,2.94757e-05,-0.000206213,-0.000753352,23.3021,0.0581082
2026-01-05 00:00:00+00:00,0.00665257,1.54736,0.407756,0.0476084,-0.0167764,1.21854,0.000389999,9.02947e-05,5.08158e-05,0.000151653,0.00702488,23.3229,0.0599016
2026-01-06 00:00:00+00:00,0.00179921,1.55015,0.409331,0.0456617,-0.0172074,1.01592,0.000325113,8.05858e-05,3.0191e-05,-0.000723555,0.00296685,22.9792,0.0614847
2026-01-07 00:00:00+00:00,-0.00508353,1.54227,0.345853,0.0423512,-0.0144048,0.904954,0.000289585,6.75267e-05,3.96618e-05,-0.000117739,-0.00455143,21.4792,0.0577477
2026-01-08 00:00:00+00:00,0.00157476,1.54469,0.40348,0.054071,-0.0130563,1.18596,0.000379528,9.14345e-05,3.20092e-05,-0.000173879,0.0022661,21.6458,0.0584017
2026-01-09 00:00:00+00:00,-0.00315241,1.53983,0.423327,0.0635965,-0.0103367,0.926937,0.00029662,5.64722e-05,2.84269e-05,-0.000181456,-0.00257993,20.9167,0.0563228
2026-01-10 00:00:00+00:00,0.002984,1.54442,0.40265,0.0408977,-0.00699874,0.954069,0.000305322,6.50898e-05,3.00614e-05,1.48997e-05,0.00337186,21.9062,0.0555971
2026-01-11 00:00:00+00:00,0.00123803,1.54633,0.479016,0.0674069,-0.016371,1.13922,0.00036456,7.37196e-05,3.4906e-05,7.86899e-05,0.0016394,19,0.0554189
2026-01-12 00:00:00+00:00,0.00625419,1.556,0.538955,0.10276,-0.0244949,2.03905,0.000652538,0.000102168,0.000111374,-8.38051e-06,0.00712175,20.9062,0.0562287
2026-01-13 00:00:00+00:00,0.00490981,1.56364,0.713555,0.111076,-0.0195728,2.59731,0.000831371,0.000105481,0.000100202,4.27981e-05,0.0059493,22.0521,0.0570842
2026-01-14 00:00:00+00:00,0.00950097,1.5785,0.778324,0.109879,-0.0184952,2.37324,0.000759605,0.00010879,9.14061e-05,-0.000400106,0.0108797,23.5,0.0582838
2026-01-15 00:00:00+00:00,0.00422681,1.58517,0.737353,0.0634238,-0.00908752,2.60653,0.000833985,0.000164282,0.000112954,-0.000521806,0.00591207,24.5729,0.0625726
2026-01-16 00:00:00+00:00,-0.00306192,1.58032,0.721625,0.100409,-0.017036,1.72991,0.000553561,7.92412e-05,5.20118e-05,-0.00188199,-0.000481832,24.1354,0.0596207
2026-01-17 00:00:00+00:00,0.00307761,1.58518,0.775808,0.109065,-0.0143485,1.77679,0.000568594,7.62244e-05,4.6608e-05,-0.000132335,0.00390785,23.8646,0.0597102
2026-01-18 00:00:00+00:00,-0.00196391,1.58207,0.526148,0.0655703,-0.0221045,1.03663,0.000331731,4.48484e-05,2.51387e-05,-0.000434936,-0.0011184,19.5,0.0604394
2026-01-19 00:00:00+00:00,0.00618615,1.59185,0.739745,0.108745,-0.0253464,2.90984,0.00093193,0.000199256,0.000253274,-0.000472264,0.00810121,25.2917,0.0623219
2026-01-20 00:00:00+00:00,0.00136848,1.59403,0.489417,0.110528,-0.0136236,1.86572,0.00059705,0.000106111,8.24904e-05,-0.000137763,0.0023108,21.5938,0.0613459
2026-01-21 00:00:00+00:00,-0.00699642,1.58288,0.443964,0.0902318,-0.00720549,1.47802,0.00047291,9.93549e-05,4.99422e-05,-0.000221519,-0.00615781,22.4896,0.0568897
2026-01-22 00:00:00+00:00,0.000655264,1.58392,0.366068,0.0692628,-0.00563268,0.86472,0.000276718,6.09456e-05,2.24515e-05,-0.000548437,0.0015703,21.8646,0.0554369
2026-01-23 00:00:00+00:00,-0.000520847,1.58309,0.584187,0.118587,-0.00628078,1.62695,0.000520651,9.38824e-05,5.67559e-05,-0.00103741,0.00121314,21.1042,0.0526784
2026-01-24 00:00:00+00:00,-0.0128875,1.56269,0.761021,0.155815,-0.0115952,1.94708,0.000622969,0.000124111,8.00583e-05,-0.000383787,-0.0117283,22.6667,0.0494497
2026-01-25 00:00:00+00:00,0.0107443,1.57948,0.68674,0.146782,-0.00644744,1.97663,0.000632614,0.000128144,7.24523e-05,0.000174139,0.0113716,20.1979,0.0467852
2026-01-26 00:00:00+00:00,0.00395639,1.58573,0.607878,0.130052,0.000927384,2.34661,0.000751044,0.000185114,0.000169707,-0.000302098,0.00537393,21.9271,0.0495232
2026-01-27 00:00:00+00:00,-0.0126128,1.56573,0.452219,0.0781836,-0.00997447,1.06701,0.000341403,0.000106384,2.67561e-05,-0.000496787,-0.0117021,19.6875,0.0458634
2026-01-28 00:00:00+00:00,0.0062349,1.57549,0.582751,0.128792,-0.00392245,1.55068,0.000496292,0.000206136,5.14595e-05,-8.30602e-05,0.00708314,20.25,0.0433083
2026-01-29 00:00:00+00:00,0.00130494,1.57755,0.569759,0.114029,-0.00179061,1.73713,0.000555903,0.000233996,6.00837e-05,-0.000115343,0.00230091,21.5833,0.0460858
2026-01-30 00:00:00+00:00,0.00991704,1.59319,0.64796,0.118643,0.00515342,2.17003,0.000694517,0.000265013,8.87742e-05,0.00018199,0.0107635,22.3438,0.0476452
2026-01-31 00:00:00+00:00,-0.00126972,1.59117,0.571289,0.0923432,0.00299227,2.37915,0.000761375,0.000283199,0.000132773,0.000157465,-0.000213823,21.6354,0.050489
2026-02-01 00:00:00+00:00,-0.00447954,1.58404,0.636645,0.0960923,0.00671117,2.04373,0.000653971,0.000211887,0.000121013,-5.26272e-05,-0.0034021,22.8125,0.0513643
2026-02-02 00:00:00+00:00,0.0122174,1.60339,0.734818,0.0912405,-0.00195245,1.78496,0.000571576,0.000228559,0.000248286,-4.83634e-05,0.01329,27.0417,0.0509195
2026-02-03 00:00:00+00:00,-0.0108074,1.58607,0.741596,0.0770046,-0.00167283,1.51243,0.000483975,0.000249507,0.000102952,-0.000417154,-0.00955809,30,0.0514486
2026-02-04 00:00:00+00:00,-0.0198771,1.55454,0.770053,0.0775582,-0.00715801,0.758849,0.000242785,0.000156925,4.95118e-05,-0.000689316,-0.018871,30,0.0472947
2026-02-05 00:00:00+00:00,-0.0113489,1.5369,0.836062,0.0665248,-0.00231716,1.19127,0.00038116,0.000318369,5.33943e-05,-0.000934896,-0.00963737,30,0.0412924
2026-02-06 00:00:00+00:00,0.0230497,1.57232,0.771054,0.0526151,-0.000437917,1.03681,0.000331808,0.000135483,6.92274e-05,-0.000144974,0.0235471,29.9792,0.0388341
2026-02-07 00:00:00+00:00,-0.000808438,1.57105,0.848149,0.0583057,-0.00648807,0.678706,0.000217149,6.5599e-05,5.2318e-05,-0.000242892,-0.000173239,30,0.0426847
2026-02-08 00:00:00+00:00,-0.0349243,1.51618,0.827007,0.0618266,-0.00289907,0.711904,0.000227687,6.06086e-05,4.65255e-05,-0.00148268,-0.0335968,29.8125,0.0404839
2026-02-09 00:00:00+00:00,0.00654244,1.5261,0.739953,0.0538162,-0.00406527,0.257095,8.23574e-05,3.07116e-05,5.0752e-05,-0.00187823,0.00859779,28,0.0351524
2026-02-10 00:00:00+00:00,-0.0232721,1.49059,0.802752,0.03535,-0.0167563,0.0982098,3.14114e-05,2.08994e-05,7.90985e-06,-0.00323398,-0.020215,28.9271,0.0326374
2026-02-11 00:00:00+00:00,-0.0284282,1.44821,0.657246,0.0274575,-0.0100565,0.759115,0.000242812,9.02131e-05,3.17385e-05,-0.00253484,-0.0258767,29,0.0240125
2026-02-12 00:00:00+00:00,-0.00097692,1.4468,0.194816,0.0266933,0.00659553,1.33911,0.00042851,0.000126017,6.3823e-05,-0.000306613,-4.92827e-05,25.5104,0.0190334
2026-02-13 00:00:00+00:00,0.00183189,1.44945,0.253123,0.0339628,0.00716825,1.21092,0.000387503,0.000106877,5.68777e-05,-0.000210142,0.00259715,17.8229,0.0203267
2026-02-14 00:00:00+00:00,-0.00888131,1.43658,0.321086,0.0425494,0.00572489,1.36615,0.000437119,0.000126149,5.91759e-05,-0.000446451,-0.00783908,18.8438,0.0231104
2026-02-15 00:00:00+00:00,0.00254972,1.44024,0.292558,0.0409096,0.00405719,1.28556,0.000411392,0.000160429,5.40135e-05,-0.000616688,0.00379439,16.8542,0.0241653
2026-02-16 00:00:00+00:00,-0.00347768,1.43523,0.191734,0.0136302,0.000676294,0.660103,0.000211224,7.88758e-05,2.19289e-05,-0.000406504,-0.00275618,13.3438,0.0223633
2026-02-17 00:00:00+00:00,-0.00215225,1.43214,0.2083,0.00474708,-0.00348953,0.752293,0.000240731,7.7692e-05,3.47888e-05,-0.000565373,-0.00123015,11.4375,0.0213546
2026-02-18 00:00:00+00:00,-0.00410085,1.42627,0.250715,0.00220106,-0.00422557,1.0007,0.000320203,6.54754e-05,5.37805e-05,-0.000615461,-0.00303977,14.125,0.0232489
2026-02-19 00:00:00+00:00,-0.00618616,1.41744,0.26743,-0.0097815,-0.0103816,1.12139,0.000358814,7.55449e-05,5.56195e-05,-0.00107497,-0.00462458,15.2396,0.0251869
2026-02-20 00:00:00+00:00,-0.00310809,1.41304,0.188427,0.000996474,-0.00530088,0.949137,0.000303707,6.00803e-05,4.73164e-05,-0.00102491,-0.00166888,14.4583,0.0221711
2026-02-21 00:00:00+00:00,0.00100552,1.41446,0.191376,0.0198319,0.00122617,0.903731,0.000289196,9.49107e-05,4.55126e-05,-0.000566791,0.00200449,13.9792,0.0232373
2026-02-22 00:00:00+00:00,-0.00248024,1.41095,0.190743,0.0106618,-0.00958973,0.782994,0.000250549,9.80042e-05,3.11246e-05,-0.000618474,-0.00148117,13.2188,0.0252046
2026-02-23 00:00:00+00:00,-0.0129664,1.39266,0.0974066,9.82465e-05,-0.00667312,0.733396,0.000234651,7.14547e-05,4.88769e-05,-0.00012639,-0.0125625,10.8229,0.0175824
2026-02-24 00:00:00+00:00,0.000754603,1.39371,0.0376373,0.00374747,-0.00491051,0.483914,0.000154854,6.93022e-05,5.24059e-05,-0.00019195,0.00122436,7.95833,0.011014
2026-02-25 00:00:00+00:00,0.001994,1.39649,0.0701884,0.0193307,0.00202202,0.740986,0.000237123,6.4152e-05,7.98097e-05,-1.7803e-05,0.00239214,9.29167,0.0131418
2026-02-26 00:00:00+00:00,-0.000414934,1.39591,0.121186,0.0226218,5.58334e-05,0.867964,0.000277749,6.42397e-05,8.23643e-05,-0.000130224,0.000144296,14.3333,0.0173629
2026-02-27 00:00:00+00:00,0.000910217,1.39718,0.137864,0.0237875,-0.00297033,0.825389,0.000264129,6.01719e-05,6.29146e-05,-5.50011e-05,0.0013538,15.6875,0.0175769
2026-02-28 00:00:00+00:00,-0.00314784,1.39278,0.122902,0.0209528,-0.00166406,0.603952,0.000193256,2.64741e-05,3.08696e-05,3.54828e-05,-0.00293329,13.1458,0.0173403
2026-03-01 00:00:00+00:00,-0.00136009,1.39089,0.114026,0.0243243,0.00302775,0.483393,0.000154685,2.50857e-05,2.72438e-05,4.92476e-05,-0.00120034,10.0312,0.0173836
2026-03-02 00:00:00+00:00,-0.00333912,1.38624,0.0811716,0.00951499,0.000152279,0.473989,0.000151672,2.69686e-05,3.59082e-05,-3.65696e-05,-0.00308982,10.0521,0.0154597
2026-03-03 00:00:00+00:00,0.00103702,1.38768,0.113449,0.015032,0.00223384,0.606708,0.00019415,4.07669e-05,3.13162e-05,-6.13444e-05,0.00136565,12.4688,0.0159938
2026-03-04 00:00:00+00:00,0.00842182,1.39937,0.275261,0.0427584,0.00498068,1.20028,0.000384132,0.000102289,7.63621e-05,3.09109e-05,0.00892437,18.8333,0.0223165
2026-03-05 00:00:00+00:00,-0.00162254,1.39709,0.306847,0.0437629,0.00351049,1.01648,0.00032527,0.000101113,4.90742e-05,-1.36915e-05,-0.00112833,18.0625,0.0264773
2026-03-06 00:00:00+00:00,-0.000881149,1.39586,0.176643,0.01727,-0.000117017,0.707055,0.000226253,8.94486e-05,3.92407e-05,3.87345e-06,-0.00052755,13.3438,0.0228565
2026-03-07 00:00:00+00:00,0.00230137,1.39908,0.24569,0.0153019,-0.00205867,0.780721,0.000249836,7.8259e-05,2.82587e-05,1.20393e-05,0.00264651,13.3542,0.0251714
2026-03-08 00:00:00+00:00,-0.00200803,1.39627,0.24955,0.0218445,-0.0081779,0.638334,0.000204262,8.51951e-05,2.14352e-05,4.30263e-05,-0.00173816,12.0417,0.0273266
2026-03-09 00:00:00+00:00,-0.000487057,1.39559,0.257384,0.030494,-0.00572113,0.825586,0.000264191,0.000138098,3.98903e-05,0.000386248,-0.000425269,13.1354,0.0272901
2026-03-10 00:00:00+00:00,-0.000314455,1.39515,0.232603,0.0107708,-0.0069633,0.704089,0.000225319,0.000111781,2.09652e-05,1.42115e-05,3.92772e-05,12.7188,0.0275699
2026-03-11 00:00:00+00:00,-0.00216814,1.39212,0.235126,0.014502,-0.0051544,0.730116,0.000233633,0.000145894,2.48994e-05,-2.08457e-05,-0.00173608,13.1146,0.0274848
2026-03-12 00:00:00+00:00,-0.00544471,1.38454,0.183277,0.000954209,-0.0121729,0.375739,0.000120227,5.65077e-05,1.20926e-05,-0.000148312,-0.005118,11.5,0.0238931
2026-03-13 00:00:00+00:00,-0.00252735,1.38104,0.113786,0.00223886,-0.00468041,0.483048,0.000154573,7.82076e-05,1.77197e-05,-0.000125599,-0.00215088,12.125,0.0181433
2026-03-14 00:00:00+00:00,0.000365733,1.38155,0.0667284,-0.00293423,-0.00531651,0.532047,0.000170256,8.81935e-05,2.81596e-05,-2.38389e-05,0.000676556,10.8125,0.0145492
2026-03-15 00:00:00+00:00,0.0017341,1.38394,0.0811502,0.00577147,-0.000867405,0.494891,0.00015837,4.08326e-05,1.83719e-05,-4.25196e-05,0.00199345,10.7708,0.0146699
2026-03-16 00:00:00+00:00,0.00102433,1.38536,0.20453,0.0228735,0.00645227,0.939396,0.000300613,7.48249e-05,4.332e-05,-8.30712e-05,0.00153139,14.4896,0.0195875
2026-03-17 00:00:00+00:00,-0.0003177,1.38492,0.162726,0.0140071,0.00716307,0.801254,0.000256419,5.1701e-05,2.84598e-05,-8.92593e-05,0.000110789,15.0625,0.0176436
2026-03-18 00:00:00+00:00,-0.00182691,1.38239,0.148759,0.00667658,0.000582592,0.702727,0.000224869,3.76246e-05,2.88242e-05,-0.000424979,-0.00111054,15.6562,0.0174702
2026-03-19 00:00:00+00:00,-0.00265758,1.37872,0.100294,0.00150986,-0.0039763,0.548891,0.000175641,7.14631e-05,2.79317e-05,-0.000715873,-0.00166866,12.4375,0.0152262
2026-03-20 00:00:00+00:00,0.000140355,1.37891,0.0845736,0.00179118,-0.00764479,0.388259,0.000124243,4.18856e-05,1.88979e-05,-6.67022e-05,0.000393752,10.2812,0.0141575
2026-03-21 00:00:00+00:00,-0.00159591,1.37671,0.0551797,0.00657761,-0.00296915,0.304504,9.74397e-05,7.86749e-05,1.84391e-05,-1.22016e-05,-0.00138939,8.25,0.0135112
2026-03-22 00:00:00+00:00,-0.00125498,1.37498,0.00758771,-0.00100014,-0.0026779,0.157315,5.034e-05,1.98245e-05,9.40056e-06,-4.82247e-05,-0.00112786,3.3125,0.00714726
2026-03-23 00:00:00+00:00,-3.34762e-05,1.37494,0.00528657,0.00269983,0.00193586,0.0865689,2.77021e-05,5.42924e-06,2.45504e-06,-1.52527e-06,3.64248e-06,1.1875,0.00515095
2026-03-24 00:00:00+00:00,-0.00106274,1.37348,0.0534281,0.0115128,0.0050486,0.240095,7.6829e-05,1.449e-05,6.98121e-06,-1.79513e-06,-0.000963025,6.86458,0.0101425
2026-03-25 00:00:00+00:00,0.00048784,1.37415,0.0368453,0.0129721,0.00660085,0.342484,0.000109596,1.45009e-05,1.50397e-05,-2.09563e-05,0.000647993,6.98958,0.0098574
2026-03-26 00:00:00+00:00,-0.000209973,1.37386,0.0486927,0.0109984,0.00291133,0.445632,0.000142602,0.000111063,2.19868e-05,-5.04385e-05,0.000116564,8.20833,0.0127618
2026-03-27 00:00:00+00:00,-0.00464201,1.36748,0.0703885,-0.00605063,-0.00623897,0.357407,0.000114365,4.50567e-05,1.19564e-05,-0.000195707,-0.00428297,9.23958,0.0147062
2026-03-28 00:00:00+00:00,0.00235988,1.37071,0.0644868,0.0102805,-0.00103462,0.237504,7.60019e-05,1.51844e-05,1.37664e-05,-4.04164e-05,0.00250446,7.8125,0.0129363
2026-03-29 00:00:00+00:00,0.00101466,1.3721,0.101794,0.0254238,0.00368664,0.473486,0.000151517,4.6391e-05,2.01048e-05,7.7765e-06,0.00122505,10.9271,0.0171243
2026-03-30 00:00:00+00:00,0.00128428,1.37386,0.197817,0.0141961,-0.000310516,0.703976,0.000225276,3.09331e-05,2.67046e-05,5.32905e-05,0.00151464,11.375,0.0200904
2026-03-31 00:00:00+00:00,0.00233843,1.37707,0.18163,0.0103303,-0.001998,0.479977,0.000153598,3.70103e-05,1.27698e-05,-2.20683e-05,0.002564,11.3854,0.0208127
2026-04-01 00:00:00+00:00,0.00295376,1.38114,0.36896,0.0116407,-0.00181988,0.968185,0.000309832,7.87107e-05,3.34171e-05,1.29662e-05,0.00336205,16.4479,0.0260279
2026-04-02 00:00:00+00:00,-0.00427314,1.37524,0.254574,-0.0124939,-0.00656081,0.892744,0.000285672,8.56687e-05,3.74227e-05,0.000129101,-0.00399122,14.3333,0.0265063
2026-04-03 00:00:00+00:00,0.00215815,1.37821,0.304441,0.00528189,-0.00830143,0.875263,0.000280096,6.94196e-05,3.28775e-05,0.000101724,0.00244614,15.5625,0.0261601
2026-04-04 00:00:00+00:00,-0.00513813,1.37113,0.287442,0.0386628,-0.0024442,0.74445,0.000238212,4.22138e-05,3.19893e-05,-0.000637729,-0.00419338,16,0.026436
2026-04-05 00:00:00+00:00,0.000267678,1.37149,0.159685,0.0428473,-0.00090873,0.401324,0.000128422,2.27936e-05,2.48493e-05,-0.000218001,0.000664906,11.3333,0.0217755
2026-04-06 00:00:00+00:00,-0.00220735,1.36846,0.260598,0.0432075,0.00124492,0.681834,0.000218178,5.39904e-05,4.40735e-05,-0.00010752,-0.00177795,13.2604,0.0238075
2026-04-07 00:00:00+00:00,0.00463602,1.37481,0.171644,0.0307975,-0.00571863,0.648702,0.000207593,5.29501e-05,2.73497e-05,-0.00025887,0.00518123,12.4479,0.0236113
2026-04-08 00:00:00+00:00,0.00445779,1.38094,0.325997,0.0427088,0.00192129,0.745736,0.000238648,6.97058e-05,5.11837e-05,-0.000126074,0.00493869,16.3125,0.0271086
2026-04-09 00:00:00+00:00,-0.00193856,1.37826,0.217533,0.035141,-0.00708617,0.931407,0.000298046,9.12503e-05,2.77172e-05,-0.000234397,-0.00128483,15.8021,0.0263708
2026-04-10 00:00:00+00:00,0.00316008,1.38262,0.333797,0.0462366,-0.0105156,1.40352,0.000449146,0.000126621,4.7652e-05,-0.000111437,0.00389668,20.3646,0.0266197
2026-04-11 00:00:00+00:00,0.000743134,1.38364,0.33747,0.0524143,-0.00127621,0.710333,0.00022731,0.000150198,3.13571e-05,2.46375e-05,0.00113237,16.2812,0.0287882
2026-04-12 00:00:00+00:00,0.00133001,1.38548,0.245489,0.0383957,-0.00206104,0.666331,0.000213228,8.16094e-05,2.82877e-05,-6.59567e-05,0.00172155,14.4479,0.0270422
2026-04-13 00:00:00+00:00,0.00739558,1.39573,0.34724,0.047007,-0.00536155,1.08279,0.000346531,0.000134703,4.9888e-05,-0.000114884,0.00802423,15.5521,0.0297854
2026-04-14 00:00:00+00:00,-0.00027215,1.39535,0.377592,0.0383557,0.00102185,0.89431,0.000286196,6.6106e-05,3.39356e-05,-0.000206364,0.000337684,15.9062,0.034187
2026-04-15 00:00:00+00:00,-0.00484323,1.38859,0.410794,0.050338,-6.34348e-05,1.24107,0.000397124,0.000163553,6.31273e-05,3.83858e-06,-0.00420289,18.3021,0.0348917
2026-04-16 00:00:00+00:00,-0.0185535,1.36283,0.384566,0.0844767,-0.00425577,1.07222,0.00034303,7.77104e-05,3.8731e-05,7.75489e-05,-0.0183256,18.1042,0.0313179
2026-04-17 00:00:00+00:00,0.0107426,1.37747,0.366927,0.0967673,0.00223262,1.1565,0.000370163,0.000110708,5.50464e-05,-7.1387e-05,0.0113139,21.4688,0.029292
2026-04-18 00:00:00+00:00,-0.00322557,1.37303,0.315343,0.0900264,0.00203656,0.841528,0.000269265,8.67888e-05,6.44587e-05,-0.000730884,-0.00206103,17.6979,0.0303315
2026-04-19 00:00:00+00:00,0.00193753,1.37569,0.418302,0.0970784,-0.00230842,1.20648,0.000386089,6.30362e-05,6.49116e-05,-0.000160059,0.00261622,19.8229,0.0335014
2026-04-20 00:00:00+00:00,0.00548758,1.38324,0.43223,0.0815084,-0.0101077,1.09724,0.000351143,5.39473e-05,5.93648e-05,-0.000163935,0.00610996,18.0938,0.0354912
2026-04-21 00:00:00+00:00,5.61867e-05,1.38331,0.333911,0.0970036,-0.0066917,0.728374,0.000233079,3.46295e-05,3.06252e-05,4.14611e-05,0.000326909,16.1042,0.0349189
2026-04-22 00:00:00+00:00,0.00798914,1.39437,0.485973,0.0891144,-0.00169759,1.26009,0.000403289,0.000101795,4.1188e-05,-6.31491e-06,0.00852156,21.0521,0.0396855
2026-04-23 00:00:00+00:00,0.000199145,1.39464,0.52616,0.0811364,-0.0142384,1.72061,0.000550611,9.81977e-05,5.75192e-05,3.34693e-05,0.000888913,20.3646,0.0424159
2026-04-24 00:00:00+00:00,-0.00871761,1.38248,0.434392,0.0911143,-0.00881905,1.04074,0.000332983,7.58601e-05,3.4657e-05,-0.000200653,-0.00807588,18.3125,0.0377223
2026-04-25 00:00:00+00:00,0.00110409,1.38401,0.360792,0.0772711,-0.00841342,0.955428,0.00030574,0.00013034,3.31526e-05,6.571e-05,0.0015158,16.9479,0.0373923
2026-04-26 00:00:00+00:00,0.00667791,1.39325,0.333722,0.0943847,-0.00943893,0.851272,0.000272426,0.000148563,3.04236e-05,6.11659e-05,0.0070497,17.0417,0.0394826
2026-04-27 00:00:00+00:00,0.000941711,1.39457,0.408556,0.0863434,-0.0116815,1.10746,0.000354392,0.000147933,4.25713e-05,0.000104343,0.00138999,18.3646,0.0419112
2026-04-28 00:00:00+00:00,-0.00103046,1.39313,0.348385,0.0846774,-0.00766269,0.715361,0.000228913,0.000129915,2.78967e-05,6.0162e-05,-0.000701318,17,0.0374266
2026-04-29 00:00:00+00:00,-0.00339322,1.3884,0.372055,0.0617292,-0.00803489,0.908726,0.000290789,0.000152775,3.5202e-05,-0.000256405,-0.00264824,16.0417,0.0369437
2026-04-30 00:00:00+00:00,0.00700212,1.39812,0.43062,0.0862875,-0.00328157,1.22864,0.000393211,0.000185052,3.7821e-05,3.99973e-05,0.00756271,17.3646,0.0376235
2026-05-01 00:00:00+00:00,2.67889e-06,1.39813,0.551425,0.117042,0.00185293,1.45333,0.000465077,0.000207523,4.83464e-05,3.48841e-05,0.000698838,19.5521,0.0409501
2026-05-02 00:00:00+00:00,-0.00916962,1.38531,0.344195,0.0604037,-0.0112348,0.765768,0.000245003,0.000146037,2.84138e-05,6.43008e-05,-0.00883236,13.4792,0.0382835
2026-05-03 00:00:00+00:00,0.0018655,1.38789,0.338035,0.0863677,-0.0167728,0.728714,0.00023319,0.000106612,3.14865e-05,5.58463e-06,0.00223909,13.2812,0.0409027
2026-05-04 00:00:00+00:00,0.00243647,1.39127,0.445144,0.10886,-0.00514093,1.33475,0.000427183,0.000145242,8.0978e-05,0.000106897,0.00300256,19.0625,0.0427894
2026-05-05 00:00:00+00:00,0.00219531,1.39433,0.560217,0.150018,-0.000630579,1.38652,0.000443699,0.000196807,6.67601e-05,0.000134895,0.00277952,20.6875,0.0446646
2026-05-06 00:00:00+00:00,-0.00832661,1.38272,0.471763,0.106549,-0.00726126,1.11131,0.000355588,0.000142449,5.13119e-05,0.000105468,-0.00790358,18.4583,0.0436666
2026-05-07 00:00:00+00:00,-0.00327038,1.37819,0.451282,0.0948996,-0.00108775,1.08882,0.000348418,8.95221e-05,4.3767e-05,-0.000176199,-0.00260324,19.8021,0.0388039
2026-05-08 00:00:00+00:00,-0.0052883,1.37091,0.380599,0.0847182,0.00156382,1.01408,0.000324487,7.20857e-05,3.29581e-05,-3.13718e-05,-0.00483569,19.1146,0.0325988
2026-05-09 00:00:00+00:00,-0.00021269,1.37061,0.316246,0.0861208,0.00286958,0.634634,0.000203082,7.99701e-05,2.84761e-05,6.73133e-06,9.81006e-05,16.2396,0.0306907
2026-05-10 00:00:00+00:00,-0.000409568,1.37005,0.346613,0.0937782,-0.0012132,0.72779,0.00023289,5.91345e-05,2.83611e-05,2.97808e-05,-0.000108294,14.9792,0.0318558
2026-05-11 00:00:00+00:00,0.00365319,1.37506,0.453706,0.10419,-0.00139409,1.04187,0.000333418,0.000116486,3.80134e-05,1.70422e-05,0.00412493,19.0104,0.0363043
2026-05-12 00:00:00+00:00,-0.00779341,1.36434,0.379187,0.0890681,-0.00907177,0.938336,0.000300233,7.49205e-05,3.27215e-05,-3.92506e-06,-0.00740052,19.0208,0.0357878
2026-05-13 00:00:00+00:00,-0.000477008,1.36369,0.426462,0.0922149,-0.00058366,1.08354,0.000346741,0.00013483,3.7578e-05,5.64966e-06,4.48318e-05,20.0312,0.034881
2026-05-14 00:00:00+00:00,0.002775,1.36748,0.497452,0.100897,0.00271356,1.22023,0.000390499,8.65584e-05,3.9104e-05,5.58115e-06,0.00329075,19.1771,0.0359863
2026-05-15 00:00:00+00:00,0.0031933,1.37184,0.543659,0.103697,0.00202917,1.60992,0.000515209,0.000225274,6.85581e-05,-5.02177e-05,0.00405449,18.8125,0.0396489
2026-05-16 00:00:00+00:00,-0.00480929,1.36524,0.438465,0.0840772,-0.0110999,1.59577,0.00051063,0.000190143,6.37304e-05,-0.000862029,-0.00317078,19.1771,0.0432753
2026-05-17 00:00:00+00:00,5.7464e-05,1.36532,0.433132,0.0735407,-0.00694801,1.27619,0.000408398,0.000182693,4.36699e-05,-0.000294912,0.000999525,17.1771,0.040883
2026-05-18 00:00:00+00:00,-0.00149616,1.36328,0.494443,0.0637988,-0.0141846,1.74537,0.00055851,0.000238156,8.27946e-05,-8.46374e-05,-0.000521252,20.0104,0.0394178
2026-05-19 00:00:00+00:00,0.00181868,1.36576,0.537196,0.100754,-0.014332,1.2546,0.000401491,0.00013485,4.59996e-05,-2.65412e-05,0.00243578,17.9792,0.0386203
2026-05-20 00:00:00+00:00,0.00340555,1.37041,0.503184,0.0833543,-0.0129532,1.17619,0.000376398,0.000119644,4.47829e-05,-1.36815e-05,0.00396306,17.3854,0.0388242
2026-05-21 00:00:00+00:00,0.000438116,1.37101,0.500676,0.0797472,-0.00652125,1.33115,0.000425983,0.000160706,4.50435e-05,2.01345e-05,0.00106171,20.2083,0.0386144
2026-05-22 00:00:00+00:00,-0.0075154,1.36071,0.438808,0.0736985,-0.00510836,1.13327,0.000362608,0.000123492,4.29017e-05,1.54713e-05,-0.00701999,19.3854,0.0366586
2026-05-23 00:00:00+00:00,-0.00259027,1.35718,0.29125,0.0594556,-0.00468972,0.774442,0.000247822,8.44668e-05,2.31905e-05,1.50939e-05,-0.00224568,16.0833,0.0332152
2026-05-24 00:00:00+00:00,-0.000697882,1.35624,0.320456,0.0546825,-0.00286759,0.688019,0.000220168,5.34356e-05,1.59536e-05,8.58941e-07,-0.000404444,15.8542,0.0332284
2026-05-25 00:00:00+00:00,0.000292461,1.35663,0.345702,0.063075,-0.00564488,0.946128,0.000302783,6.13992e-05,4.07541e-05,-2.9054e-05,0.000735444,16.2188,0.033239
2026-05-26 00:00:00+00:00,-0.000475566,1.35599,0.451487,0.109158,-0.00263824,0.99334,0.00031788,9.55537e-05,3.19372e-05,-9.15561e-05,7.11274e-05,20.8542,0.0351971
2026-05-27 00:00:00+00:00,0.00163469,1.3582,0.447316,0.106057,-0.00127862,1.1438,0.000366033,8.90295e-05,3.88146e-05,-6.01074e-05,0.00220064,20.7812,0.0368054
2026-05-28 00:00:00+00:00,0.00645802,1.36698,0.494181,0.0917951,-0.000303462,1.97811,0.000633063,0.000122743,6.88483e-05,2.58708e-05,0.00724969,21.7083,0.0390465
2026-05-29 00:00:00+00:00,-0.000664644,1.36607,0.541352,0.0812447,-0.00325363,1.78839,0.000572304,0.000112676,7.17685e-05,-5.96988e-05,0.000164435,20.7708,0.0408759
2026-05-30 00:00:00+00:00,0.00463389,1.3724,0.524319,0.0963158,-0.00478507,1.43829,0.000460274,0.000114608,5.80343e-05,-9.76192e-05,0.00536583,20.625,0.0402741
2026-05-31 00:00:00+00:00,0.000991356,1.37376,0.583277,0.145882,-0.00991629,1.38433,0.000443001,0.000176566,5.25004e-05,-4.3913e-05,0.00172111,20.3542,0.041835
2026-06-01 00:00:00+00:00,-0.0141627,1.3543,0.409803,0.122514,-0.01616,1.61549,0.000516825,0.000200611,0.000112924,-0.000171213,-0.0132295,19.7188,0.0377991
2026-06-02 00:00:00+00:00,-0.00377364,1.34919,0.25123,0.0906794,-0.00921197,0.866641,0.000277325,0.000100779,2.15816e-05,6.31284e-05,-0.00342586,18.2396,0.0301374
2026-06-03 00:00:00+00:00,-0.00852634,1.33769,0.252755,0.0861562,-0.000842748,0.611093,0.000195534,7.78415e-05,1.5265e-05,2.47448e-05,-0.00828915,20.7604,0.0273725
2026-06-04 00:00:00+00:00,-0.000454023,1.33708,0.170552,0.0555892,0.000113387,0.552323,0.000176749,7.50243e-05,1.76934e-05,4.34664e-05,-0.000224004,18.7188,0.0236216
2026-06-05 00:00:00+00:00,-0.000237636,1.33676,0.133364,0.0443866,0.000347414,0.427671,0.000136856,5.62461e-05,1.45332e-05,0.000172032,-0.000199514,15.5521,0.0218209
2026-06-06 00:00:00+00:00,-0.0051875,1.32983,0.0920738,0.0111198,0.000312917,0.372546,0.000119208,4.72997e-05,1.25186e-05,6.90228e-06,-0.00502635,15.0521,0.0192543
2026-06-07 00:00:00+00:00,-0.00117444,1.32827,0.0405483,0.00690717,-0.000489521,0.13534,4.33089e-05,1.70731e-05,5.01643e-06,-5.4107e-05,-0.00105413,10.2396,0.0123461
2026-06-08 00:00:00+00:00,0.000641328,1.32912,0.0510861,0.0116671,0.000868009,0.263716,8.43902e-05,5.54457e-05,1.32672e-05,2.67698e-05,0.000768378,10.8229,0.0133909
2026-06-09 00:00:00+00:00,-0.000349624,1.32865,0.0631396,0.0153767,0.000608073,0.249681,7.98977e-05,2.62673e-05,6.57184e-06,5.06561e-06,-0.000241518,12.1354,0.0141862
2026-06-10 00:00:00+00:00,0.000927451,1.32989,0.0876352,0.0170475,0.000968323,0.433656,0.000138773,3.97525e-05,8.87916e-06,2.68408e-05,0.00108917,14.1042,0.0164189
2026-06-11 00:00:00+00:00,-0.000224991,1.32959,0.0811537,0.0164961,-0.000745622,0.467764,0.000149685,3.57753e-05,1.13036e-05,3.72534e-05,-6.45022e-05,14.2708,0.0180724
2026-06-12 00:00:00+00:00,0.00155937,1.33166,0.0755174,0.0153679,-0.00193785,0.298298,9.54569e-05,4.26322e-05,9.47887e-06,8.18309e-06,0.00169819,12.1875,0.0172723
2026-06-13 00:00:00+00:00,-0.00312451,1.3275,0.14052,0.0430353,-0.00045949,0.475108,0.000152027,7.58253e-05,1.29559e-05,1.45339e-05,-0.00290004,15.6562,0.0208531
2026-06-14 00:00:00+00:00,-0.00103631,1.32612,0.118077,0.0383517,0.000417711,0.29409,9.41061e-05,5.97646e-05,6.15061e-06,1.20084e-05,-0.000887381,11.9271,0.0222459
2026-06-15 00:00:00+00:00,0.000573412,1.32688,0.115234,0.0374602,0.00275518,0.388658,0.000124374,5.72598e-05,1.59151e-05,-2.22166e-05,0.000796252,13.8333,0.022173
2026-06-16 00:00:00+00:00,-0.00463749,1.32073,0.110053,0.0341343,-0.00252826,0.313642,0.000100359,7.07864e-05,1.15132e-05,2.77801e-05,-0.00449124,17.375,0.0216244
2026-06-17 00:00:00+00:00,-0.00394821,1.31552,0.0678258,0.0227475,-0.00235026,0.281433,9.00521e-05,7.21354e-05,1.18653e-05,3.33132e-05,-0.00381119,14.7188,0.0180845
2026-06-18 00:00:00+00:00,-0.00146093,1.31359,0.037357,0.0125314,-0.00232517,0.333789,0.000106811,6.84608e-05,2.31615e-05,-2.25155e-05,-0.00123956,13.625,0.0143477
2026-06-19 00:00:00+00:00,0.00211874,1.31638,0.0485017,0.0156831,-0.0029681,0.213815,6.84238e-05,3.57432e-05,9.79758e-06,1.42811e-05,0.00221725,10.8958,0.0168255
2026-06-20 00:00:00+00:00,0.00238703,1.31952,0.147346,0.0500947,-0.00348439,0.430519,0.000137772,6.50865e-05,1.28268e-05,4.17996e-05,0.00255966,15.0417,0.0252566
2026-06-21 00:00:00+00:00,-0.000964152,1.31825,0.184761,0.0539844,-0.00417946,0.357013,0.000114244,6.40822e-05,1.02288e-05,7.30618e-05,-0.000847596,16.1354,0.0274745
2026-06-22 00:00:00+00:00,0.000228165,1.31855,0.2056,0.0481129,-0.0025962,0.456982,0.000146235,7.82206e-05,1.1175e-05,0.000362177,0.000104991,15.4479,0.0286501
2026-06-23 00:00:00+00:00,-0.00189528,1.31605,0.13448,0.0296132,-0.00966538,0.447443,0.00014318,6.05817e-05,9.69055e-06,0.000239412,-0.00191808,14.5104,0.0260592
2026-06-24 00:00:00+00:00,0.00163066,1.31819,0.109307,0.032245,-0.00781147,0.53704,0.000171858,6.5026e-05,1.13443e-05,4.11081e-05,0.00183851,15.5625,0.023941
2026-06-25 00:00:00+00:00,-0.00126988,1.31652,0.132795,0.0281762,-0.00416406,0.469454,0.000150225,3.45376e-05,1.09998e-05,2.45432e-05,-0.00109629,16.5,0.02342
2026-06-26 00:00:00+00:00,-0.00238924,1.31337,0.0793599,0.01358,-0.00148179,0.289457,9.26227e-05,3.48329e-05,6.80699e-06,5.28265e-05,-0.00230866,14.4271,0.0208444
2026-06-27 00:00:00+00:00,-0.00336995,1.30895,0.062675,0.0127212,-0.000966566,0.201986,6.4633e-05,2.94858e-05,6.18494e-06,2.5575e-05,-0.00329947,11.4375,0.0178913
2026-06-28 00:00:00+00:00,-0.000676332,1.30806,0.0482953,0.0148258,-2.52141e-05,0.128789,4.12122e-05,2.63824e-05,2.65181e-06,1.22203e-05,-0.000618111,9.09375,0.0164282
2026-06-29 00:00:00+00:00,-3.31421e-05,1.30802,0.0578788,0.0132294,1.91292e-05,0.197773,6.32881e-05,3.16485e-05,4.68942e-06,-5.88158e-06,7.31348e-05,9.875,0.0163689
2026-06-30 00:00:00+00:00,-0.00150833,1.30605,0.0283984,0.00617923,-0.00155737,0.111782,3.57697e-05,1.40696e-05,4.63714e-06,2.77499e-06,-0.00145729,7.07292,0.013516
2026-07-01 00:00:00+00:00,0.000537878,1.30675,0.0293669,0.00589958,0.000196448,0.141745,4.53585e-05,3.81737e-05,4.32888e-06,-9.63476e-08,0.000625931,7.41667,0.0124278
2026-07-02 00:00:00+00:00,-0.000129545,1.30658,0.0345218,0.00707968,0.0009626,0.197576,6.32232e-05,5.02413e-05,6.12569e-06,-1.63259e-06,-7.86407e-06,8.44792,0.0139816
2026-07-03 00:00:00+00:00,-0.000388712,1.30607,0.0604724,0.0121736,0.00220584,0.242319,7.75418e-05,4.7911e-05,5.99069e-06,1.69264e-06,-0.000258392,11.5,0.0166942
2026-07-04 00:00:00+00:00,-0.001748,1.30379,0.0580409,0.0186811,-0.0011163,0.201097,6.43502e-05,4.79791e-05,5.9819e-06,-7.92207e-06,-0.00162237,11.75,0.0172183
2026-07-05 00:00:00+00:00,0.000644206,1.30463,0.0453566,0.0145756,-0.00315418,0.154866,4.95576e-05,5.2657e-05,4.62514e-06,-8.71676e-06,0.000759844,10.1875,0.0170678
2026-07-06 00:00:00+00:00,0.000835777,1.30572,0.0797968,0.0168761,-0.00363476,0.245846,7.8671e-05,4.5283e-05,4.65026e-06,1.43084e-06,0.000963059,11.9583,0.019329
2026-07-07 00:00:00+00:00,0.00103329,1.30707,0.110619,0.018554,-0.00157016,0.346215,0.000110792,3.66421e-05,6.33756e-06,-2.34622e-05,0.0012105,14.6354,0.0230828
2026-07-08 00:00:00+00:00,0.00158758,1.30914,0.123203,0.029571,-0.00349836,0.378055,0.000120981,4.94557e-05,8.87245e-06,1.92083e-05,0.00174787,18.6458,0.0261329
2026-07-09 00:00:00+00:00,-0.00249158,1.30588,0.166122,0.0365794,-0.00155045,0.567636,0.000181637,5.97299e-05,1.57039e-05,6.39724e-05,-0.00229614,17.7292,0.0293645
2026-07-10 00:00:00+00:00,0.000681735,1.30677,0.17917,0.0436107,-0.00615411,0.474053,0.000151701,4.63005e-05,1.09256e-05,5.5227e-06,0.00088772,19.5,0.0281143
2026-07-11 00:00:00+00:00,0.00295203,1.31063,0.234491,0.0698306,-0.00190378,0.501567,0.000160509,4.36784e-05,9.27215e-06,-2.16138e-05,0.00318475,15.9271,0.0303482
2026-07-12 00:00:00+00:00,-0.000515993,1.30995,0.202864,0.0539192,-0.00421392,0.465514,0.000148965,4.48525e-05,9.4859e-06,1.83863e-05,-0.000328492,17.1562,0.0322487
2026-07-13 00:00:00+00:00,-0.00150998,1.30798,0.188085,0.0406835,-0.00641433,0.586841,0.000187789,5.0823e-05,1.44307e-05,2.6411e-05,-0.00128261,16.5625,0.0308154
2026-07-14 00:00:00+00:00,0.00354948,1.31262,0.21422,0.0633326,-0.00623498,0.599194,0.000191754,4.58543e-05,1.16383e-05,8.76231e-05,0.00370959,17.8125,0.0323124
2026-07-15 00:00:00+00:00,0.00239975,1.31577,0.211586,0.0599815,-0.00216266,0.519867,0.000166361,9.73307e-05,1.2947e-05,6.02347e-05,0.00261617,18.5625,0.0331857
2026-07-16 00:00:00+00:00,-0.00540179,1.30866,0.212174,0.0645124,-0.00302962,0.483571,0.000154741,9.84808e-05,1.72262e-05,5.70426e-05,-0.00519204,16.9167,0.0324718
2026-07-17 00:00:00+00:00,0.000843593,1.30977,0.16743,0.0562947,-0.00131366,0.408722,0.000130796,5.66473e-05,1.02884e-05,4.44574e-05,0.000999136,14.8854,0.0292686
2026-07-18 00:00:00+00:00,0.00228463,1.31276,0.193316,0.0600209,-0.00299136,0.372407,0.000119173,5.18913e-05,8.5021e-06,-2.01752e-05,0.00248384,15.2396,0.032187
2026-07-19 00:00:00+00:00,0.00027306,1.31312,0.211994,0.0563022,-0.00418718,0.357981,0.000114559,6.01197e-05,8.17453e-06,-8.22943e-05,0.000540815,14.4583,0.0342751
2026-07-20 00:00:00+00:00,0.00231331,1.31615,0.276891,0.0872317,-0.00517818,0.805754,0.000257843,0.00010465,3.67176e-05,-1.67198e-05,0.00273298,20.7292,0.0359227
2026-07-21 00:00:00+00:00,0.00418004,1.32166,0.321431,0.094135,-0.00830009,0.734685,0.000235121,8.00308e-05,1.79272e-05,1.09946e-05,0.0044978,21.7604,0.0388854
2026-07-22 00:00:00+00:00,-0.000464814,1.32104,0.293604,0.0927196,-0.0152787,0.559023,0.000178886,7.22896e-05,1.20531e-05,-0.000159379,-3.4104e-05,19.7604,0.038091
2026-07-23 00:00:00+00:00,-0.00278858,1.31736,0.271488,0.0874524,-0.0100593,0.543854,0.000174025,6.76309e-05,1.00759e-05,-0.000231735,-0.00230477,20.1667,0.035496
2026-07-24 00:00:00+00:00,-0.00210262,1.31459,0.229815,0.0776492,-0.0114916,0.615474,0.000196945,8.40236e-05,1.48607e-05,-0.00024497,-0.00155787,19.3646,0.0324627
2026-07-25 00:00:00+00:00,-0.00170846,1.31234,0.178927,0.0652304,-0.0121167,0.370566,0.00011858,5.86301e-05,7.26786e-06,-0.000135547,-0.00138688,15.5208,0.0289725
2026-07-26 00:00:00+00:00,0.00275151,1.31595,0.203271,0.0668887,-0.00620504,0.375677,0.00012022,5.98148e-05,1.00697e-05,-0.000120646,0.00306017,15.1042,0.0289149
2026-07-27 00:00:00+00:00,-0.000227721,1.31565,0.213998,0.0704306,-0.00664028,0.531033,0.000169931,8.65455e-05,1.57619e-05,-0.000200979,0.00024841,18.4062,0.0319222
2026-07-28 00:00:00+00:00,-0.000971721,1.31437,0.142923,0.0509795,-0.00485675,0.459283,0.000146971,7.64575e-05,1.02672e-05,-0.000276752,-0.000458613,18.3958,0.0278405
2026-07-29 00:00:00+00:00,0.00269733,1.31792,0.231566,0.0704063,0.00108901,0.501679,0.000160542,7.9226e-05,1.24603e-05,-9.37701e-05,0.00304275,17.3542,0.0326803
2026-07-30 00:00:00+00:00,-0.00180215,1.31554,0.304246,0.0948447,0.00516557,0.798213,0.000255423,8.56858e-05,1.89514e-05,0.000241839,-0.00168142,22.1458,0.0359571
2026-07-31 00:00:00+00:00,-0.00366235,1.31073,0.242532,0.0844381,-0.00310906,0.59749,0.000191186,9.51509e-05,1.73026e-05,-2.67505e-05,-0.00333224,20.0312,0.035373
2026-08-01 00:00:00+00:00,0.00173036,1.31299,0.217424,0.0664736,-0.00525742,0.443375,0.000141887,6.16861e-05,1.06662e-05,-0.000100971,0.00204697,19.7812,0.0334973
2026-08-02 00:00:00+00:00,-0.000878182,1.31184,0.237814,0.0812148,-0.00243791,0.460172,0.000147253,6.19611e-05,1.20851e-05,0.000154254,-0.000808487,20.2083,0.0326684
2026-08-03 00:00:00+00:00,0.000521823,1.31253,0.234376,0.0792019,-0.00608614,0.724946,0.000231984,5.40403e-05,3.05266e-05,-8.6125e-05,0.000927312,19.4479,0.0332251
2026-08-04 00:00:00+00:00,-0.00107341,1.31112,0.180326,0.0650355,-0.0082744,0.317332,0.000101545,2.71474e-05,7.23498e-06,-0.000415388,-0.000518527,15.5208,0.0322043
2026-08-05 00:00:00+00:00,0.00278961,1.31477,0.170137,0.054928,-0.0126279,0.341084,0.000109154,3.9929e-05,9.25374e-06,-1.74541e-05,0.00296713,14.8229,0.0320074
2026-08-06 00:00:00+00:00,-0.000266733,1.31442,0.180473,0.0711814,-0.0166308,0.431029,0.000137925,6.08233e-05,1.03823e-05,4.31665e-07,-5.23874e-05,16.6146,0.0335139
2026-08-07 00:00:00+00:00,0.00202327,1.31708,0.234094,0.0902098,-0.0123149,0.549267,0.000175769,5.86937e-05,9.67875e-06,2.41433e-05,0.00224285,18.125,0.0340397
2026-08-08 00:00:00+00:00,0.000244791,1.31741,0.218712,0.0555435,-0.0146258,0.437469,0.000139991,4.50961e-05,7.84502e-06,-2.72716e-05,0.000465661,17.8854,0.0364184
2026-08-09 00:00:00+00:00,0.00256871,1.32079,0.196984,0.0643155,-0.0166977,0.372342,0.000119153,4.37088e-05,7.20211e-06,-0.000112726,0.00284996,16.0938,0.0380227
2026-08-10 00:00:00+00:00,0.00223073,1.32374,0.263589,0.0773015,-0.0123097,0.587327,0.000187951,4.96401e-05,1.85655e-05,4.30542e-05,0.00244447,22.0521,0.0387456
2026-08-11 00:00:00+00:00,0.00446385,1.32964,0.342625,0.12519,-0.00218347,0.71582,0.000229076,7.11775e-05,1.40759e-05,0.000208223,0.00456573,22.3542,0.0410467
2026-08-12 00:00:00+00:00,0.00209199,1.33243,0.423374,0.162372,-0.00241624,0.75579,0.000241868,9.36294e-05,1.88117e-05,0.000148368,0.00230402,20.8125,0.0446186
2026-08-13 00:00:00+00:00,-0.00340246,1.32789,0.393925,0.174146,-0.00225228,0.859678,0.000275082,0.000110148,2.24971e-05,-0.000424389,-0.00256068,23.125,0.0439947
2026-08-14 00:00:00+00:00,-0.00402149,1.32255,0.34592,0.167672,-0.0176256,0.692263,0.000221521,7.24502e-05,1.93158e-05,-0.00017309,-0.00352918,20.6562,0.0430169
2026-08-15 00:00:00+00:00,0.00472438,1.3288,0.345113,0.155487,-0.0184223,0.622459,0.000199197,8.31699e-05,1.27222e-05,4.71333e-05,0.00496581,21.9062,0.0441493
2026-08-16 00:00:00+00:00,0.00160699,1.33094,0.33887,0.134787,-0.0212914,0.622192,0.000199108,9.6271e-05,1.67355e-05,-2.50511e-05,0.00194596,19.9583,0.0474847
2026-08-17 00:00:00+00:00,0.0127713,1.34793,0.411035,0.200607,-0.0233188,1.10242,0.000352846,0.00024316,7.86185e-05,-8.92163e-05,0.0134748,20.75,0.0495199
2026-08-18 00:00:00+00:00,0.00301452,1.352,0.466762,0.2346,-0.0255681,1.10779,0.000354523,0.000173815,3.31254e-05,-0.000111625,0.00370362,23.7917,0.053937
2026-08-19 00:00:00+00:00,0.0283967,1.39039,0.592476,0.23179,-0.0154078,1.56987,0.000502635,0.000199867,4.87433e-05,-6.32298e-05,0.028855,24.0312,0.0560479
2026-08-20 00:00:00+00:00,-0.000220757,1.39008,0.679121,0.228217,0.00939272,1.48592,0.000475487,0.000260342,6.89524e-05,-0.000181504,0.000790475,26.4167,0.0617929
2026-08-21 00:00:00+00:00,-0.00518443,1.38288,0.637523,0.236694,0.00598833,1.48056,0.000473735,0.000224495,6.79248e-05,-0.000601866,-0.00378064,26.1667,0.0631005
2026-08-22 00:00:00+00:00,-0.00472177,1.37635,0.540862,0.269578,0.00520297,1.02872,0.000329238,0.00033331,6.10402e-05,-0.000983894,-0.00298063,24.3229,0.0610443
2026-08-23 00:00:00+00:00,0.000219436,1.37665,0.521153,0.263111,0.0055833,0.707578,0.00022643,0.000219222,2.73359e-05,-0.000688276,0.00139243,21.4688,0.0588444
2026-08-24 00:00:00+00:00,0.00471501,1.38314,0.579204,0.263707,-0.00418987,1.26828,0.000405918,0.000303556,7.72525e-05,4.8098e-05,0.00546439,24.0833,0.0575336
2026-08-25 00:00:00+00:00,-0.00241587,1.3798,0.527811,0.188609,0.00353496,1.11619,0.000357161,0.00029376,3.30947e-05,1.14872e-05,-0.00172501,23.0938,0.0578076
2026-08-26 00:00:00+00:00,-0.00170688,1.37744,0.467355,0.151347,0.00679872,0.990955,0.000317096,0.000258816,2.86291e-05,-1.74087e-05,-0.00106329,22.5729,0.0545343
2026-08-27 00:00:00+00:00,1.37926e-05,1.37746,0.520346,0.200834,0.000688512,1.24944,0.000399813,0.000323301,3.75612e-05,3.74881e-05,0.000765775,23.4896,0.0534157
2026-08-28 00:00:00+00:00,-0.0146476,1.35729,0.494554,0.20202,-0.00157087,1.05422,0.000337267,0.000208136,4.30367e-05,-3.31176e-05,-0.0140937,21.6667,0.052861
2026-08-29 00:00:00+00:00,0.000185502,1.35754,0.454894,0.180781,-0.00081989,0.823324,0.000263478,8.85535e-05,2.46029e-05,1.0138e-05,0.000568275,20.9167,0.0472088
2026-08-30 00:00:00+00:00,0.00600966,1.3657,0.534617,0.206221,-0.00777923,0.975422,0.000312166,8.41039e-05,2.24518e-05,-6.82618e-05,0.00649058,22.2604,0.0482554
2026-08-31 00:00:00+00:00,0.0143945,1.38535,0.585824,0.193706,-0.012538,1.39341,0.000445997,8.45353e-05,5.60157e-05,-8.96866e-05,0.0149898,21.6196,0.0536445
