,return,equity,gross,net,beta_exposure,turnover,fees,spread,impact,funding,gross_pnl,pnl_long,pnl_short,n_positions,stops,ic_est
2023-07-31 00:00:00+00:00,0,1,0,0,0,0,0,0,0,0,0,0,0,0,0,0
2023-08-01 00:00:00+00:00,0,1,0,0,0,0,0,0,0,0,0,0,0,0,0,0.000601005
2023-08-02 00:00:00+00:00,0,1,0,0,0,0,0,0,0,0,0,0,0,0,0,0
2023-08-03 00:00:00+00:00,0,1,0,0,0,0,0,0,0,0,0,0,0,0,0,0
2023-08-04 00:00:00+00:00,0,1,0,0,0,0,0,0,0,0,0,0,0,0,0,0
2023-08-05 00:00:00+00:00,0,1,0,0,0,0,0,0,0,0,0,0,0,0,0,0
2023-08-06 00:00:00+00:00,0,1,0,0,0,0,0,0,0,0,0,0,0,0,0,0
2023-08-07 00:00:00+00:00,0,1,0,0,0,0,0,0,0,0,0,0,0,0,0,0
2023-08-08 00:00:00+00:00,0,1,0,0,0,0,0,0,0,0,0,0,0,0,0,0
2023-08-09 00:00:00+00:00,0,1,0,0,0,0,0,0,0,0,0,0,0,0,0,0
2023-08-10 00:00:00+00:00,0,1,0,0,0,0,0,0,0,0,0,0,0,0,0,0
2023-08-11 00:00:00+00:00,0,1,0,0,0,0,0,0,0,0,0,0,0,0,0,0
2023-08-12 00:00:00+00:00,0,1,0,0,0,0,0,0,0,0,0,0,0,0,0,0
2023-08-13 00:00:00+00:00,0,1,0,0,0,0,0,0,0,0,0,0,0,0,0,0
2023-08-14 00:00:00+00:00,0,1,0,0,0,0,0,0,0,0,0,0,0,0,0,0
2023-08-15 00:00:00+00:00,0,1,0,0,0,0,0,0,0,0,0,0,0,0,0,0
2023-08-16 00:00:00+00:00,0,1,0,0,0,0,0,0,0,0,0,0,0,0,0,0
2023-08-17 00:00:00+00:00,0,1,0,0,0,0,0,0,0,0,0,0,0,0,0,0
2023-08-18 00:00:00+00:00,0,1,0,0,0,0,0,0,0,0,0,0,0,0,0,0
2023-08-19 00:00:00+00:00,0,1,0,0,0,0,0,0,0,0,0,0,0,0,0,0
2023-08-20 00:00:00+00:00,0,1,0,0,0,0,0,0,0,0,0,0,0,0,0,0
2023-08-21 00:00:00+00:00,0,1,0,0,0,0,0,0,0,0,0,0,0,0,0,0
2023-08-22 00:00:00+00:00,0,1,0,0,0,0,0,0,0,0,0,0,0,0,0,0
2023-08-23 00:00:00+00:00,0,1,0,0,0,0,0,0,0,0,0,0,0,0,0,0
2023-08-24 00:00:00+00:00,0,1,0,0,0,0,0,0,0,0,0,0,0,0,0,0
2023-08-25 00:00:00+00:00,0,1,0,0,0,0,0,0,0,0,0,0,0,0,0,0.000543997
2023-08-26 00:00:00+00:00,0,1,0,0,0,0,0,0,0,0,0,0,0,0,0,0.00174685
2023-08-27 00:00:00+00:00,0,1,0,0,0,0,0,0,0,0,0,0,0,0,0,0.00449122
2023-08-28 00:00:00+00:00,0,1,0,0,0,0,0,0,0,0,0,0,0,0,0,0.000325249
2023-08-29 00:00:00+00:00,0,1,0,0,0,0,0,0,0,0,0,0,0,0,0,0
2023-08-30 00:00:00+00:00,0,1,0,0,0,0,0,0,0,0,0,0,0,0,0,0
2023-08-31 00:00:00+00:00,0,1,0,0,0,0,0,0,0,0,0,0,0,0,0,0.00156976
2023-09-01 00:00:00+00:00,2.36169e-05,1.00002,0.00253992,-0.000520245,-0.000511271,0.016693,5.34174e-06,6.67717e-07,6.31297e-07,-2.69423e-06,3.29528e-05,3.86634e-05,-5.71052e-06,0.458333,0,0.00659077
2023-09-02 00:00:00+00:00,-0.00084558,0.999178,0.0353919,-0.00263891,-0.0024086,0.0304832,9.75519e-06,1.2194e-06,1.13124e-06,-1.59138e-06,-0.000831951,-0.000710939,-0.000121012,2.1875,0,0.0126385
2023-09-03 00:00:00+00:00,0.000725855,0.999903,0.0466919,-0.00260393,-0.00275601,0,0,0,0,-2.43203e-06,0.000728263,0.000138433,0.00058983,3,0,0.0134011
2023-09-04 00:00:00+00:00,0.00092308,1.00083,0.0530936,-0.00290232,-0.00513161,0.00751371,2.40429e-06,7.56413e-07,3.18325e-07,-3.37218e-06,0.000929779,0.000754907,0.000174872,4.77083,0,0.0108049
2023-09-05 00:00:00+00:00,-2.18774e-05,1.0008,0.0584726,-0.00402473,-0.00604133,0.00696248,2.22795e-06,5.40341e-07,1.61224e-07,2.09609e-05,-3.97311e-05,0.000499281,-0.000539012,6.02083,0,0.0114175
2023-09-06 00:00:00+00:00,-0.000454514,1.00035,0.0650397,-0.00528274,-0.00717162,0.0108261,3.46407e-06,1.12623e-06,2.96943e-07,1.08999e-05,-0.000460493,-0.000687149,0.000226657,8.25,0,0.00830548
2023-09-07 00:00:00+00:00,0.00110274,1.00145,0.0803788,-0.0123701,-0.0140704,0.0121873,3.89953e-06,2.26065e-06,3.62559e-07,8.29155e-05,0.00102612,0.00165216,-0.000626042,9,0,0.0114824
2023-09-08 00:00:00+00:00,-0.000532458,1.00092,0.0890012,-0.00643388,-0.00260083,0.00817742,2.6166e-06,3.27075e-07,3.51061e-07,0.000400175,-0.000928865,-0.00121712,0.00028825,9.41667,0,0.0122039
2023-09-09 00:00:00+00:00,0.00074287,1.00166,0.115131,-0.004535,0.00635175,0.0435092,1.3922e-05,1.74025e-06,1.32346e-06,0.000675962,8.45376e-05,-0.00052844,0.000612977,11.6458,0,0.0150654
2023-09-10 00:00:00+00:00,0.00480062,1.00647,0.135902,0.00890077,0.00116421,0.0422127,1.35173e-05,3.28221e-06,2.41188e-06,0.000813085,0.00399712,0.000634272,0.00336285,13.1875,0,0.0138566
2023-09-11 00:00:00+00:00,-0.000601592,1.00587,0.168973,0.0210643,0.0195862,0.0824502,2.63774e-05,5.1711e-06,6.23559e-06,0.000383523,-0.000945028,-0.00439722,0.00342934,17.3958,0,0.0152317
2023-09-12 00:00:00+00:00,0.00232885,1.00821,0.218461,0.0130588,0.00837565,0.0450241,1.44073e-05,2.55283e-06,2.44416e-06,0.000931253,0.00141578,0.00292744,-0.00151166,19.1667,0,0.0127349
2023-09-13 00:00:00+00:00,0.000902085,1.00912,0.224373,0.0146518,0.00882265,0.0241344,7.72397e-06,9.65496e-07,1.16375e-06,0.00104881,-0.000133205,0.00255581,-0.00268901,20,0,0.00992101
2023-09-14 00:00:00+00:00,0.00267813,1.01182,0.240553,0.0202475,0.0121291,0.0194985,6.23911e-06,9.91351e-07,6.75681e-07,0.00110218,0.00158599,0.0033296,-0.00174361,21,0,0.0113717
2023-09-15 00:00:00+00:00,0.00591205,1.0178,0.253235,0.00832592,-0.00011864,0.0380013,1.36399e-05,2.01358e-06,1.53482e-06,0.00141239,0.00450408,0.00754497,-0.00304089,21,1,0.0134281
2023-09-16 00:00:00+00:00,0.000347002,1.01816,0.265286,-0.00693697,0.001684,0.0250004,8.00159e-06,1.0002e-06,1.24171e-06,0.00123718,-0.000872892,-0.0012425,0.000369608,21.1875,0,0.0154152
2023-09-17 00:00:00+00:00,-0.00233658,1.01578,0.282917,-0.0215609,-0.00611149,0.0298521,9.55221e-06,2.35186e-06,1.46422e-06,0.000950895,-0.0032738,-0.00849063,0.00521683,22,0,0.0195911
2023-09-18 00:00:00+00:00,0.00250792,1.01832,0.283732,-0.0132722,0.00523997,0.109993,3.51999e-05,2.19904e-05,9.45761e-06,0.000425666,0.00215091,0.00433012,-0.00222577,21.3333,0,0.0199964
2023-09-19 00:00:00+00:00,0.0059154,1.02435,0.277158,-0.00716711,0.00880977,0.0137224,4.39389e-06,3.09747e-06,5.23123e-07,0.000340709,0.00556854,0.00939039,-0.00382185,22,0,0.0200849
2023-09-20 00:00:00+00:00,0.00170186,1.02609,0.284847,0.00438736,0.0181106,0.0579643,1.85487e-05,7.52067e-06,2.16252e-06,0.000334054,0.00139686,-0.000940229,0.00233709,22.9375,0,0.0221223
2023-09-21 00:00:00+00:00,-0.00205106,1.02399,0.335074,0.0209914,0.0198831,0.074881,2.39552e-05,1.12287e-05,4.0874e-06,0.000154955,-0.00216471,-0.00688631,0.00472161,24.625,0,0.0225093
2023-09-22 00:00:00+00:00,-0.00414123,1.01975,0.369663,0.0221957,0.0169033,0.0499598,1.59851e-05,8.13583e-06,2.20576e-06,0.000122234,-0.0042423,0.00196672,-0.00620902,25.8542,0,0.021258
2023-09-23 00:00:00+00:00,0.00223789,1.02203,0.385295,0.0225729,0.0149827,0.0365932,1.1711e-05,1.49364e-06,2.26998e-06,9.27002e-05,0.00215967,-0.000357292,0.00251696,26,0,0.0186021
2023-09-24 00:00:00+00:00,-0.00293392,1.01903,0.417521,0.0247363,0.0118321,0.0945452,3.02444e-05,3.78055e-06,3.91416e-06,1.52994e-05,-0.00291181,-0.00434613,0.00143432,26,0,0.0199037
2023-09-25 00:00:00+00:00,0.00816375,1.02735,0.418452,0.0158495,-0.0111286,0.13461,4.51032e-05,1.09032e-05,9.13849e-06,7.14008e-05,0.00813061,0.010606,-0.00246615,24.3958,1,0.0198787
2023-09-26 00:00:00+00:00,0.00650976,1.03404,0.461384,0.0319491,0.00464453,0.0610975,1.95579e-05,5.5193e-06,3.27673e-06,0.000300069,0.00622378,0.00431343,0.00191036,25,0,0.0234897
2023-09-27 00:00:00+00:00,0.00638838,1.04064,0.459176,0.0317873,0.0100785,0.0789281,2.52549e-05,1.21051e-05,3.45611e-06,0.000763294,0.00565574,0.00615164,-0.000495899,25,0,0.0238445
2023-09-28 00:00:00+00:00,-0.00479498,1.03565,0.510479,0.0440075,0.0361031,0.0756704,2.42103e-05,1.77348e-05,3.26654e-06,0.000232111,-0.00498684,0.00184845,-0.00683529,25.7708,0,0.0252093
2023-09-29 00:00:00+00:00,-0.00423977,1.03126,0.603684,0.0271248,0.0275616,0.172133,5.50713e-05,1.38323e-05,9.61075e-06,9.20769e-05,-0.00424749,0.000922466,-0.00516996,27.5208,0,0.0245334
2023-09-30 00:00:00+00:00,0.00843152,1.03996,0.622609,0.0209234,0.00939848,0.191556,6.13108e-05,1.45208e-05,6.03522e-06,0.000180001,0.00830491,0.0064598,0.0018451,29.6667,0,0.0235026
2023-10-01 00:00:00+00:00,-0.0109712,1.02855,0.6783,0.00939453,0.0168929,0.295596,9.51289e-05,1.86545e-05,1.07011e-05,-3.01191e-05,-0.0108613,0.00972456,-0.0205858,29.4167,1,0.0252911
2023-10-02 00:00:00+00:00,0.00140356,1.02999,0.7942,-0.0140593,-0.00671887,0.310153,9.92266e-05,1.58754e-05,4.05651e-05,-4.92529e-05,0.00161496,-0.0135683,0.0150226,28.7083,0,0.0237167
2023-10-03 00:00:00+00:00,-0.00544363,1.02438,0.826369,-0.0173767,-0.0102662,0.163242,5.22252e-05,1.15508e-05,6.9151e-06,-8.17898e-05,-0.0052944,-0.00938864,0.00409424,29,0,0.0210106
2023-10-04 00:00:00+00:00,-0.00474026,1.01953,0.847986,-0.0358263,-0.00313193,0.0798565,2.55502e-05,5.81832e-06,3.15902e-06,-6.3835e-05,-0.00464258,-0.00637784,0.00173527,29,0,0.0182844
2023-10-05 00:00:00+00:00,0.00597312,1.02562,0.80644,-0.0266579,-0.00435481,0.157,5.02512e-05,1.11283e-05,1.06347e-05,-8.54279e-05,0.00611805,-0.0031434,0.00926145,29,0,0.0166585
2023-10-06 00:00:00+00:00,-0.000255691,1.02536,0.836492,-0.0209097,-0.0102357,0.103891,3.32452e-05,5.11199e-06,4.37539e-06,-7.01887e-05,-0.000139536,0.00833626,-0.00847579,29.5,0,0.0205299
2023-10-07 00:00:00+00:00,-0.00164852,1.02367,0.845137,-0.016656,-0.0140592,0.0318765,1.01994e-05,2.73267e-06,8.81841e-07,-4.81716e-05,-0.0015849,-0.00486876,0.00328386,30,0,0.0203038
2023-10-08 00:00:00+00:00,-0.000953559,1.02269,0.828741,-0.0226763,-0.0254746,0.0327199,1.047e-05,5.05131e-06,8.60339e-07,-1.8836e-05,-0.000916101,-0.00379419,0.00287809,30,0,0.0195556
2023-10-09 00:00:00+00:00,0.00218422,1.02492,0.742724,0.0310285,0.00330458,0.252138,8.06766e-05,2.36522e-05,2.31922e-05,-8.26387e-06,0.00232163,-0.0132582,0.0157571,29,0,0.0190106
2023-10-10 00:00:00+00:00,-0.0050303,1.01977,0.75823,0.022256,-0.000803383,0.0275763,8.82213e-06,1.10277e-06,1.12165e-06,0.000280519,-0.0053062,-0.00740326,0.00209705,29,0,0.0192449
2023-10-11 00:00:00+00:00,-0.00774197,1.01187,0.767212,0.0298096,0.00760886,0.0480593,1.53776e-05,1.9222e-06,1.58491e-06,6.96068e-05,-0.00781581,-0.0068289,-0.00098691,29.8958,0,0.0152647
2023-10-12 00:00:00+00:00,0.00128501,1.01317,0.742655,0.0272462,0.011201,0.0450086,1.44034e-05,1.80042e-06,9.93379e-07,-8.39964e-06,0.00131386,-0.00507193,0.00638579,30,0,0.0104082
2023-10-13 00:00:00+00:00,-0.00244612,1.01069,0.717209,0.0141232,0.00440334,0.0516568,1.65297e-05,2.06621e-06,1.24992e-06,-9.82484e-06,-0.00241711,0.00251385,-0.00493095,30,0,0.011447
2023-10-14 00:00:00+00:00,-0.00189592,1.00878,0.754728,-0.00487894,-0.000144073,0.133876,4.28294e-05,5.97477e-06,3.17568e-06,3.01846e-05,-0.00187342,-7.79739e-05,-0.00180511,29.9792,0,0.0133983
2023-10-15 00:00:00+00:00,-0.00715258,1.00156,0.776955,-0.0219344,-0.0116687,0.0526728,2.06795e-05,4.67969e-06,6.88814e-06,4.43857e-05,-0.00716814,0.000989532,-0.00815767,30,1,0.00648448
2023-10-16 00:00:00+00:00,-0.00183486,0.999725,0.65939,-0.0408135,-0.0368193,0.153285,4.90305e-05,3.14892e-05,1.41213e-05,3.43336e-05,-0.00176989,0.00643712,-0.00825391,27.125,0,0.0059269
2023-10-17 00:00:00+00:00,0.000465576,1.00019,0.641236,-0.0160752,-0.0187268,0.0445721,1.42602e-05,3.81517e-06,2.21177e-06,3.75928e-05,0.000451375,-0.00715805,0.00760942,28.8125,0,0.0097104
2023-10-18 00:00:00+00:00,-0.000833712,0.999356,0.635759,0.000767663,-0.00428913,0.0640865,2.05053e-05,6.24947e-06,2.19842e-06,3.47275e-05,-0.00083724,-0.00462157,0.00378433,29,0,0.0150468
2023-10-19 00:00:00+00:00,0.00357403,1.00293,0.634493,0.00993967,-0.00243661,0.0197086,6.31095e-06,5.18809e-06,9.61902e-07,1.76279e-05,0.00357103,0.00375173,-0.00018071,29,0,0.0182516
2023-10-20 00:00:00+00:00,0.000234229,1.00316,0.646425,0.00129578,-0.00984561,0.0707309,2.26358e-05,6.54101e-06,4.1856e-06,-7.71665e-05,0.000348686,0.00883155,-0.00848286,29,0,0.0171158
2023-10-21 00:00:00+00:00,0.00358528,1.00676,0.642848,0.00380844,-0.0123755,0.0987538,3.16066e-05,1.87249e-05,4.77633e-06,-5.71446e-05,0.00369571,0.0124208,-0.00872505,29,0,0.0173353
2023-10-22 00:00:00+00:00,0.0001035,1.00686,0.636989,0.00918126,-0.0172836,0.0710727,2.27524e-05,7.34711e-06,3.11168e-06,-2.59885e-05,0.000167235,0.00819277,-0.00802554,29,0,0.0160187
2023-10-23 00:00:00+00:00,-0.00239001,1.00446,0.608674,0.0183638,-0.00182088,0.241286,8.74888e-05,2.57858e-05,2.25521e-05,-4.47535e-05,-0.00219715,0.0172092,-0.0194097,27.625,4,0.0136935
2023-10-24 00:00:00+00:00,-0.00475049,0.999686,0.652247,0.0128973,0.00425077,0.111657,3.57473e-05,7.46658e-06,6.57737e-06,0.000266726,-0.00496462,1.2517e-05,-0.00497714,29,0,0.0140534
2023-10-25 00:00:00+00:00,0.00410142,1.00379,0.622594,0.0034069,-0.00343798,0.0750964,2.40138e-05,3.00172e-06,5.78994e-06,0.00132653,0.00280944,0.0105448,-0.00773536,29,0,0.00952671
2023-10-26 00:00:00+00:00,0.00128793,1.00508,0.527499,0.00631746,0.000497168,0.111792,3.95621e-05,5.94346e-06,1.14649e-05,0.000917949,0.000435976,0.00188584,-0.00144986,28.75,1,0.00999494
2023-10-27 00:00:00+00:00,-0.00422385,1.00083,0.484421,-0.0014146,-0.00358172,0.0626626,2.00429e-05,4.03778e-06,3.13492e-06,0.000266175,-0.00446576,-0.00799956,0.0035338,29,0,0.0108523
2023-10-28 00:00:00+00:00,-0.00168712,0.999145,0.48016,-0.00398154,0.000153535,0.0134187,4.29363e-06,5.36703e-07,5.9782e-07,6.9887e-05,-0.00174936,0.00261215,-0.00436151,29,0,0.00878991
2023-10-29 00:00:00+00:00,-0.000771011,0.998375,0.473101,-0.00805961,0.00178002,0.0326549,1.04428e-05,1.30534e-06,1.05071e-06,0.000106127,-0.000859746,0.00413647,-0.00499621,29,0,0.0076452
2023-10-30 00:00:00+00:00,0.00563363,1.004,0.44872,-0.00812304,0.00326166,0.0547225,1.75067e-05,2.31411e-06,4.3253e-06,0.000310989,0.00533572,0.00624278,-0.000949377,27.4792,0,0.00786269
2023-10-31 00:00:00+00:00,0.000967171,1.00497,0.395455,-0.00242616,0.00191482,0.0741314,2.37378e-05,2.96722e-06,2.31444e-06,0.000241337,0.000757916,-0.00181041,0.00256833,28,0,0.00763493
2023-11-01 00:00:00+00:00,0.00111643,1.00609,0.370125,-0.002594,0.000786569,0.0227688,7.57825e-06,2.28132e-06,6.93011e-07,3.81692e-05,0.00109213,0.0086257,-0.00753357,27.9792,1,0.00538239
2023-11-02 00:00:00+00:00,-0.00132475,1.00476,0.37205,-0.00144603,-0.00128473,0.0708072,2.26471e-05,1.33832e-05,3.14502e-06,5.6804e-05,-0.00133634,-0.00551543,0.0041791,28,0,0.00806788
2023-11-03 00:00:00+00:00,-0.000605493,1.00415,0.351325,-0.00742802,-0.00333982,0.0468043,1.49799e-05,3.20185e-06,2.00146e-06,2.06285e-05,-0.000603312,0.00330906,-0.00391238,28.25,0,0.00970031
2023-11-04 00:00:00+00:00,-0.00185168,1.00229,0.366719,-0.0053372,0.00111316,0.0490691,1.56966e-05,1.00191e-05,1.47753e-06,2.61554e-05,-0.00184964,0.00438119,-0.00623083,29,0,0.0103826
2023-11-05 00:00:00+00:00,0.00179408,1.00409,0.39408,-0.00339051,0.00586151,0.0836648,3.22399e-05,5.20404e-05,5.96421e-06,4.01041e-05,0.0018451,0.00302953,-0.00118443,28.1458,1,0.010529
2023-11-06 00:00:00+00:00,0.00314235,1.00724,0.390484,0.0108689,0.00948623,0.148961,4.76867e-05,1.16829e-05,1.37839e-05,2.18592e-05,0.00319223,0.00930075,-0.00606093,28,0,0.0109437
2023-11-07 00:00:00+00:00,-0.00187672,1.00535,0.385926,0.00478885,0.00365063,0.0236717,7.57284e-06,1.15756e-06,3.5812e-07,8.90707e-05,-0.00195622,-0.00434779,0.00239156,28,0,0.00854538
2023-11-08 00:00:00+00:00,-0.0075532,0.997761,0.345163,0.00368767,0.00287621,0.0985843,3.49434e-05,7.449e-06,9.05226e-06,0.000263204,-0.00778532,0.0053004,-0.0130857,27.25,1,0.00398589
2023-11-09 00:00:00+00:00,-0.00230794,0.995458,0.279711,-0.00350959,0.00154449,0.126192,4.77249e-05,4.48413e-05,1.31048e-05,0.000165009,-0.00236366,0.00229949,-0.00466315,26.9792,2,0.000215584
2023-11-10 00:00:00+00:00,-0.000919757,0.994543,0.211036,-0.00401575,0.00434645,0.031626,1.17468e-05,2.38248e-06,2.93335e-06,-1.80897e-05,-0.000882906,0.00314715,-0.00403006,25.9583,1,0
2023-11-11 00:00:00+00:00,0.000766926,0.995305,0.177743,-0.00114808,0.00712735,0.0300398,1.22246e-05,1.409e-05,1.63822e-06,-1.97676e-05,0.000816524,0.0012754,-0.000458872,24.0417,2,0
2023-11-12 00:00:00+00:00,0.00259564,0.997889,0.160351,-0.00544723,0.00176187,0.0183472,5.87171e-06,1.34343e-06,1.00851e-06,-3.20025e-05,0.00263333,0.00318883,-0.000555507,23,0,0
2023-11-13 00:00:00+00:00,-0.00211542,0.995778,0.107951,0.00932288,0.0104839,0.0776139,2.64446e-05,3.64115e-06,7.61461e-06,-7.62361e-06,-0.00207148,-0.00305546,0.00115523,20.4792,1,0
2023-11-14 00:00:00+00:00,-6.0115e-05,0.995718,0.0917743,0.00650609,0.00955309,0,0,0,0,5.12971e-06,-6.47899e-05,-0.000548909,0.000484119,20,0,0
2023-11-15 00:00:00+00:00,0.00109519,0.996808,0.0926517,0.00598452,0.00956456,0.00215719,6.90399e-07,8.62999e-08,6.74638e-08,7.38965e-08,0.00109569,0.00336921,-0.00227352,20,0,0
2023-11-16 00:00:00+00:00,0.000640994,0.997447,0.0915933,0.00378901,0.00784931,0.00439731,1.40717e-06,1.75897e-07,2.09378e-07,-1.08965e-05,0.000654034,-0.00125327,0.0019073,20,0,0
2023-11-17 00:00:00+00:00,-0.00128047,0.99617,0.0841092,-0.00121762,0.00262464,0.00232007,7.42652e-07,9.22006e-07,1.27081e-07,-7.44529e-07,-0.00127853,-0.000831696,-0.000446835,20,0,0
2023-11-18 00:00:00+00:00,0.000666601,0.996834,0.0825135,-0.00181902,0.00196075,0,0,0,0,6.19296e-07,0.000665835,-0.000120135,0.000785971,20,0,0
2023-11-19 00:00:00+00:00,-0.000128925,0.996706,0.0832539,-0.00161119,0.00230319,0,0,0,0,-4.73482e-07,-0.00012835,0.000960164,-0.00108851,20,0,0
2023-11-20 00:00:00+00:00,-0.000804489,0.995904,0.0803089,0.00330686,0.00810561,0.00510567,1.6336e-06,1.95593e-06,2.75051e-07,-3.12713e-06,-0.000797533,-0.000980453,0.000191966,19,0,0
2023-11-21 00:00:00+00:00,-0.000155185,0.995749,0.0803266,0.000488831,0.00603229,0.00467282,1.49529e-06,1.86911e-07,1.07896e-07,2.75723e-07,-0.000153449,-0.0030362,0.00288275,19.5417,0,0
2023-11-22 00:00:00+00:00,1.30689e-05,0.995762,0.0834489,-0.0037648,0.000930373,0.00212475,6.80009e-07,8.50012e-08,7.39129e-08,-5.87974e-06,1.9888e-05,0.00280525,-0.00278536,20.9792,0,0
2023-11-23 00:00:00+00:00,-7.10202e-05,0.995692,0.0859658,-0.00416671,0.000668995,0,0,0,0,-2.14002e-06,-6.88119e-05,0.000161866,-0.000230678,21,0,0
2023-11-24 00:00:00+00:00,-7.49639e-05,0.995617,0.0872583,-0.00417674,0.000846472,0,0,0,0,8.87652e-07,-7.57325e-05,0.000620487,-0.00069622,21,0,0
2023-11-25 00:00:00+00:00,-0.000668227,0.994952,0.0835518,0.000438593,0.00615602,0.00571444,2.85708e-06,5.71416e-07,9.72473e-07,-2.46159e-07,-0.000663655,0.000658473,-0.00132213,20.0625,1,0
2023-11-26 00:00:00+00:00,-0.000810153,0.994146,0.0828949,0.000362707,0.00617155,0,0,0,0,8.10051e-07,-0.000811185,-0.000917645,0.00010646,20,0,0
2023-11-27 00:00:00+00:00,-9.32872e-07,0.994145,0.0753128,-0.00136586,0.00335635,0.0057678,1.84586e-06,1.41891e-06,1.66822e-07,4.63054e-07,2.11441e-06,-0.000719737,0.000713385,17,0,0
2023-11-28 00:00:00+00:00,0.000197588,0.994341,0.0751114,-0.0011312,0.0033236,0,0,0,0,5.29406e-07,0.000197096,0.000279229,-8.21332e-05,17,0,0
2023-11-29 00:00:00+00:00,0.000120807,0.994461,0.0756072,-0.00100717,0.00326059,0,0,0,0,3.56309e-07,0.000120487,-0.000221334,0.000341821,17,0,0
2023-11-30 00:00:00+00:00,0.000331605,0.994791,0.0751466,-0.000812719,0.00365318,0,0,0,0,3.38469e-06,0.000328204,0.000193655,0.000134549,17,0,0
2023-12-01 00:00:00+00:00,0.000149612,0.99494,0.0766122,-0.000493159,0.00499431,0,0,0,0,6.85467e-08,0.000149623,0.000871554,-0.000721931,17,0,0
2023-12-02 00:00:00+00:00,0.000860426,0.995796,0.078055,-0.000102637,0.00567263,0,0,0,0,1.18515e-06,0.000859003,0.00184363,-0.000984627,17,0,0
2023-12-03 00:00:00+00:00,-0.000309156,0.995488,0.0793479,5.12692e-05,0.00599708,0,0,0,0,1.72785e-06,-0.000310833,-0.000128194,-0.000182639,17,0,0
2023-12-04 00:00:00+00:00,-0.000543131,0.994947,0.062468,0.00786153,0.0118398,0.0248201,9.2637e-06,2.42948e-06,1.13592e-06,-5.46599e-06,-0.000524496,0.000396231,-0.000907476,14.2917,1,0.00144145
2023-12-05 00:00:00+00:00,0.000276411,0.995222,0.0514336,0.00524887,0.00842779,0.0204251,7.77498e-06,1.53239e-06,4.38597e-07,-3.21352e-06,0.000289422,0.000737875,-0.000448453,13.9167,1,0.00366166
2023-12-06 00:00:00+00:00,-0.000130844,0.995092,0.0406144,0.00231911,0.00321257,0,0,0,0,-7.94997e-07,-0.000129944,-0.000175147,4.52034e-05,13,0,0.00366111
2023-12-07 00:00:00+00:00,-0.000339626,0.994754,0.0402529,0.00327747,0.00395609,0.00395776,1.97908e-06,3.95815e-07,3.69423e-07,-2.44409e-06,-0.000334375,0.00119991,-0.00153429,12.6875,1,0.00218745
2023-12-08 00:00:00+00:00,0.000250843,0.995004,0.0403229,0.00612784,0.0080335,0,0,0,0,-3.23791e-06,0.000254198,0.00139082,-0.00113662,12,0,0.00344679
2023-12-09 00:00:00+00:00,0.000134704,0.995138,0.042478,0.00668013,0.0100302,0,0,0,0,-5.24543e-06,0.00014031,3.38583e-05,0.000106451,12,0,0.00269648
2023-12-10 00:00:00+00:00,0.000217769,0.995354,0.041476,0.00701616,0.0103931,0.00258521,1.2926e-06,2.58521e-07,9.2856e-08,-2.42142e-07,0.000219746,0.000561921,-0.000342175,11.8125,1,0.00277846
2023-12-11 00:00:00+00:00,-0.000937565,0.994421,0.0364341,0.005553,0.00857164,0.00414151,1.32484e-06,3.76825e-07,7.58551e-08,-3.28773e-07,-0.000935554,-0.00161569,0.000680134,11.4375,0,0.00402558
2023-12-12 00:00:00+00:00,0.00145591,0.995869,0.0437437,8.8504e-05,0.00212075,0.0118531,3.79343e-06,4.74179e-07,7.76246e-07,-6.5473e-06,0.00146675,0.0015145,-4.775e-05,13.5833,0,0.00559716
2023-12-13 00:00:00+00:00,0.000544411,0.996411,0.0437017,-0.00410463,-0.0027881,0.00313088,1.00179e-06,1.25224e-07,1.85912e-07,-2.9451e-06,0.000548715,0.000731191,-0.000182476,14,0,0.0023295
2023-12-14 00:00:00+00:00,-0.000415449,0.995997,0.0450504,-0.00416522,-0.00287016,0,0,0,0,-1.2516e-06,-0.000414189,-0.000208156,-0.000206033,14,0,0.00185666
2023-12-15 00:00:00+00:00,-0.000203395,0.995795,0.0445463,-0.00450551,-0.00354126,0,0,0,0,1.82686e-06,-0.000205076,-0.00123296,0.00102788,14,0,0.000934286
2023-12-16 00:00:00+00:00,-0.00105641,0.994743,0.0443768,-0.00504138,-0.00450152,0,0,0,0,1.94735e-06,-0.00105883,0.000186684,-0.00124552,14,0,0.000364879
2023-12-17 00:00:00+00:00,0.000515614,0.995256,0.0438387,-0.00535361,-0.00475191,0,0,0,0,-4.10515e-08,0.000515609,-0.000631381,0.00114699,14,0,0
2023-12-18 00:00:00+00:00,1.27533e-05,0.995268,0.042022,-0.00502526,-0.00445065,0,0,0,0,1.76956e-06,1.10382e-05,0.000169853,-0.000158814,14,0,0.00111679
2023-12-19 00:00:00+00:00,0.000243963,0.995511,0.0429132,-0.00488405,-0.00421486,0,0,0,0,2.01487e-06,0.000241953,-0.000415749,0.000657702,14,0,0.00399266
2023-12-20 00:00:00+00:00,-0.000727989,0.994786,0.0436161,-0.00483393,-0.00304307,0.00205305,6.56991e-07,8.21239e-08,1.16419e-07,4.84841e-06,-0.000732116,0.000297284,-0.0010294,14.1875,0,0.00479688
2023-12-21 00:00:00+00:00,-0.000224175,0.994563,0.0457143,-0.00266122,0.000534013,0.00365763,1.82887e-06,3.65774e-07,6.57654e-08,5.34047e-07,-0.000222325,0.0012942,-0.00151652,14.7292,1,0.00426061
2023-12-22 00:00:00+00:00,0.000282138,0.994844,0.0459186,5.7863e-05,0.00400111,0,0,0,0,1.23596e-07,0.00028215,0.00149585,-0.0012137,14,0,0.00104695
2023-12-23 00:00:00+00:00,-0.000426654,0.99442,0.0460313,-0.000144488,0.00386592,0,0,0,0,4.49078e-06,-0.000431162,-0.000501622,7.04596e-05,14,0,0
2023-12-24 00:00:00+00:00,-0.000440154,0.993982,0.0442912,0.00226829,0.00597789,0.00339838,1.69901e-06,3.39802e-07,2.00851e-07,-3.05466e-06,-0.00043488,-0.000523861,8.89815e-05,13.1875,1,0.000739161
2023-12-25 00:00:00+00:00,0.000467864,0.994447,0.038599,0.00811502,0.0096969,0.00512658,1.64071e-06,5.61388e-07,1.80033e-07,-1.11083e-05,0.000481395,0.00109942,-0.000633718,12,0,0.00208982
2023-12-26 00:00:00+00:00,0.000536918,0.994981,0.0387614,0.00727099,0.00856367,0.0040936,1.30999e-06,1.63749e-07,9.61476e-08,-8.33679e-06,0.00054697,0.000101492,0.000445478,12.1875,0,0.0035507
2023-12-27 00:00:00+00:00,0.000949533,0.995926,0.0387532,0.00328854,0.00325534,0.0131005,4.19258e-06,5.24073e-07,5.59638e-07,-4.23734e-06,0.000958713,0.00115737,-0.000198661,13,0,0.00689123
2023-12-28 00:00:00+00:00,0.00278174,0.998696,0.0643415,-0.00144327,-0.00349417,0.0442449,1.41596e-05,2.39606e-06,1.53243e-06,6.74047e-05,0.00272916,0.000876444,0.00185272,16.4167,0,0.00993007
2023-12-29 00:00:00+00:00,0.0026692,1.00136,0.0929191,0.00160977,-0.00249414,0.0400666,1.28223e-05,7.38284e-06,1.48078e-06,0.00050492,0.00218333,0.000790301,0.00139303,19.3542,0,0.0132307
2023-12-30 00:00:00+00:00,0.00302311,1.00439,0.129479,0.0014022,-0.00824718,0.0571485,1.82905e-05,1.69201e-05,2.22007e-06,0.00106094,0.00199665,0.00130883,0.000687815,22.7917,0,0.0177887
2023-12-31 00:00:00+00:00,0.00853032,1.01296,0.181413,-6.44537e-05,-0.00290688,0.098722,3.15852e-05,1.742e-05,6.55392e-06,0.00263031,0.00601626,0.00603219,-1.5924e-05,24,0,0.0209953
2024-01-01 00:00:00+00:00,0.00615984,1.0192,0.324185,-0.00600822,0.00936664,0.276914,8.86257e-05,4.45716e-05,2.12926e-05,0.000186603,0.00612889,0.0132717,-0.00715602,25.875,0,0.0191232
2024-01-02 00:00:00+00:00,-0.000479918,1.01871,0.359745,0.0226614,0.00781889,0.0765012,2.44771e-05,7.14537e-06,3.52783e-06,-3.30964e-05,-0.000402526,-0.00509864,0.00469611,26,0,0.016514
2024-01-03 00:00:00+00:00,-0.0115614,1.00693,0.334922,0.0357235,0.0030614,0.144931,4.94388e-05,1.06676e-05,2.08414e-05,-3.87842e-07,-0.0114556,-0.0271705,0.0157149,26,1,0.019122
2024-01-04 00:00:00+00:00,0.0137206,1.02075,0.33679,0.0195285,0.00364012,0.274374,8.78389e-05,1.31502e-05,2.03562e-05,4.98209e-06,0.0137606,0.0183649,-0.00460436,26.125,0,0.02295
2024-01-05 00:00:00+00:00,-0.0050105,1.01563,0.470074,0.014791,0.00224597,0.259,8.28842e-05,1.78776e-05,1.47899e-05,-5.02145e-05,-0.0048375,-0.0061494,0.00132215,27.5625,0,0.0279413
2024-01-06 00:00:00+00:00,-0.00207242,1.01353,0.520865,0.0215766,0.00349904,0.0557954,1.7849e-05,4.72444e-06,2.53051e-06,3.72744e-05,-0.00207512,-0.00937418,0.00729906,28,0,0.0287696
2024-01-07 00:00:00+00:00,0.00519757,1.01879,0.58607,0.0237535,0.00491063,0.230292,7.3697e-05,1.40772e-05,8.74917e-06,8.02707e-05,0.00521133,-0.00911768,0.014329,28,0,0.0284403
2024-01-08 00:00:00+00:00,0.00960826,1.02858,0.718854,0.0338442,0.00652514,0.918155,0.000293681,6.74039e-05,9.82329e-05,0.000100063,0.00999048,0.0332029,-0.0228024,28.9583,0,0.0302329
2024-01-09 00:00:00+00:00,-0.00153315,1.02701,0.891612,0.0392798,0.0157357,0.382717,0.000122429,3.36379e-05,2.68563e-05,2.25175e-05,-0.0013431,-0.0164487,0.0151056,29,0,0.0327563
2024-01-10 00:00:00+00:00,-0.00822682,1.01856,0.990379,0.0315059,0.0174829,0.265969,8.50847e-05,4.88104e-05,1.38974e-05,1.50657e-05,-0.00806907,0.0313524,-0.0394215,29.2917,0,0.0331348
2024-01-11 00:00:00+00:00,0.0173351,1.03621,0.986089,0.0168399,0.0130413,0.462661,0.000148209,0.000113456,2.82563e-05,6.84729e-06,0.0175521,0.0276764,-0.0101243,30,0,0.0329416
2024-01-12 00:00:00+00:00,0.0163538,1.05316,0.876681,-0.00214488,0.0069376,0.307975,9.8601e-05,0.000102883,1.88933e-05,1.73304e-05,0.0164549,-0.0110327,0.0274876,30,0,0.0348459
2024-01-13 00:00:00+00:00,-0.000530458,1.0526,0.909964,-0.00451078,-6.59806e-05,0.297793,9.53243e-05,0.000125614,1.31411e-05,-3.14112e-05,-0.000231389,0.0089828,-0.00921419,30,0,0.0374588
2024-01-14 00:00:00+00:00,0.000973498,1.05363,0.944479,0.00913375,0.00351568,0.219757,7.03125e-05,8.79781e-05,9.87857e-06,-4.92836e-05,0.00121526,-0.0156104,0.0168256,30,0,0.0378233
2024-01-15 00:00:00+00:00,-0.00873916,1.04442,1.02457,0.00220786,0.0149666,0.650839,0.00020825,0.000241673,8.86716e-05,-5.26752e-05,-0.00815601,0.00433303,-0.0128616,29.9583,0,0.034751
2024-01-16 00:00:00+00:00,0.00461685,1.04924,1.0447,0.00201481,0.0219302,0.350174,0.000112079,0.000101978,1.01063e-05,-0.000120807,0.00496376,0.0055532,-0.000589444,30,0,0.0336443
2024-01-17 00:00:00+00:00,-0.0079312,1.04092,1.04264,0.037311,0.0346514,0.369996,0.00011838,7.80993e-05,1.08366e-05,-1.21375e-05,-0.00772288,-0.00541629,-0.00230659,30,0,0.0334435
2024-01-18 00:00:00+00:00,0.0061184,1.04729,1.13043,0.0629056,0.0381889,0.476699,0.000152598,0.000151409,1.80792e-05,-4.13952e-06,0.00644456,-0.0264423,0.0328869,30,0,0.0327456
2024-01-19 00:00:00+00:00,-0.00574444,1.04127,1.24836,0.060784,0.0306915,0.400542,0.000128147,8.02827e-05,1.333e-05,1.29286e-05,-0.00553525,-0.00414988,-0.00138537,30,0,0.0348745
2024-01-20 00:00:00+00:00,-0.00972795,1.03114,1.32108,-0.00749067,0.0153534,0.338975,0.000108413,6.77751e-05,1.08171e-05,2.44691e-05,-0.00959192,-0.000507775,-0.00908415,30,0,0.0337517
2024-01-21 00:00:00+00:00,0.0031342,1.03437,1.23846,-0.00796138,0.0116572,0.346361,0.00011085,6.63244e-05,7.86408e-06,9.16921e-05,0.00323808,-0.00610466,0.00934275,30,0,0.0304528
2024-01-22 00:00:00+00:00,-0.00285749,1.03142,1.22837,0.0471612,0.0524171,0.43297,0.000138657,5.62305e-05,4.34316e-05,0.000159608,-0.00276302,-0.0394511,0.0366314,29,0,0.0309281
2024-01-23 00:00:00+00:00,-0.00281364,1.02852,1.25322,0.0416858,0.0286646,0.318637,0.000102075,7.59799e-05,2.07764e-05,0.000303299,-0.00288316,0.00103217,-0.00391533,29.375,0,0.0304298
2024-01-24 00:00:00+00:00,-0.00571099,1.02264,1.29036,0.0508519,0.0274298,0.180551,5.77729e-05,3.88133e-05,9.65761e-06,0.000279245,-0.00585664,0.00633957,-0.0121962,30,0,0.0290361
2024-01-25 00:00:00+00:00,0.00430073,1.02704,1.23037,0.0361108,0.0271856,0.386047,0.00012365,9.41313e-05,2.32359e-05,8.42634e-05,0.00447531,-0.00595609,0.0104314,30,0,0.0265826
2024-01-26 00:00:00+00:00,0.00043419,1.02749,1.15161,-0.00812841,0.017021,0.253925,8.1286e-05,3.10573e-05,8.3809e-06,7.04478e-05,0.000505675,0.0272516,-0.0267459,30,0,0.0250019
2024-01-27 00:00:00+00:00,-0.00522331,1.02212,1.13881,-0.0124344,0.0215321,0.168445,5.38795e-05,1.69757e-05,5.19155e-06,0.0001454,-0.00529724,0.00249477,-0.007792,30,0,0.0234693
2024-01-28 00:00:00+00:00,-0.000448581,1.02166,0.945387,-0.0158684,0.0217279,0.189538,6.06049e-05,2.6274e-05,9.79415e-06,0.000100532,-0.000437765,-0.00191115,0.00147339,30,0,0.0230513
2024-01-29 00:00:00+00:00,-0.00399471,1.01758,0.882722,0.0389719,0.0146107,0.44369,0.000142013,8.68558e-05,3.68663e-05,4.39677e-05,-0.00376798,0.0159714,-0.0199006,30,0,0.0236344
2024-01-30 00:00:00+00:00,-0.0040183,1.01349,0.841657,0.0626931,0.0159371,0.224324,7.17848e-05,3.61215e-05,5.31672e-06,4.52685e-05,-0.00394889,-0.00734028,0.00339139,30,0,0.0227987
2024-01-31 00:00:00+00:00,-0.00642544,1.00698,0.696652,0.0458302,0.0101818,0.136957,4.38196e-05,8.65217e-06,3.07573e-06,4.84138e-05,-0.00642911,-0.0189511,0.012522,30,0,0.0211998
2024-02-01 00:00:00+00:00,-0.00194865,1.00502,0.682521,0.0106032,0.00589342,0.179678,5.74661e-05,1.39791e-05,4.9136e-06,0.000165338,-0.00202763,0.0031875,-0.00521513,30,0,0.0205939
2024-02-02 00:00:00+00:00,0.00437025,1.00941,0.716622,-0.00695551,0.00842172,0.0795724,2.54667e-05,1.7212e-05,3.44512e-06,0.000206685,0.00420775,0.00713604,-0.00292829,30,0,0.0213536
2024-02-03 00:00:00+00:00,0.000972,1.01039,0.658594,-0.0105886,0.00745627,0.0945342,3.0234e-05,2.48274e-05,4.9349e-06,0.000169653,0.000869638,-0.00167227,0.0025419,30,0,0.0221964
2024-02-04 00:00:00+00:00,0.00251898,1.01293,0.654304,-0.00775903,-0.00343804,0.115887,3.71013e-05,9.11642e-06,3.51667e-06,0.00016224,0.00241141,-0.00534448,0.00775589,30,0,0.0224195
2024-02-05 00:00:00+00:00,-0.00457072,1.0083,0.748761,0.0812783,0.0218453,0.2526,8.08529e-05,1.5836e-05,1.95564e-05,4.16251e-05,-0.00448931,0.000772084,-0.00512881,30,0,0.0243932
2024-02-06 00:00:00+00:00,-0.00292297,1.00536,0.77222,0.10414,0.0286245,0.0508175,1.62545e-05,1.01715e-05,1.25075e-06,0.000150491,-0.00304071,-0.000756226,-0.00228448,30,0,0.0231576
2024-02-07 00:00:00+00:00,0.00687901,1.01227,0.757798,0.0985683,0.0337551,0.108769,3.48174e-05,1.54836e-05,5.30565e-06,0.000195833,0.00673335,0.0147462,-0.00801289,30,0,0.021861
2024-02-08 00:00:00+00:00,0.00416122,1.01649,0.829619,0.0993912,0.0276886,0.172125,5.50998e-05,1.42981e-05,7.44301e-06,0.000237204,0.00401003,0.00703306,-0.00302304,30,0,0.0238476
2024-02-09 00:00:00+00:00,-0.00494886,1.01145,0.835786,0.102509,0.0278969,0.160802,5.4507e-05,2.00475e-05,5.763e-06,0.000161021,-0.00502204,0.00901231,-0.0140343,30,1,0.0261242
2024-02-10 00:00:00+00:00,0.0013332,1.0128,0.789907,0.0854537,0.013327,0.106449,3.40697e-05,8.43309e-06,3.29368e-06,0.000135452,0.00125712,0.000780242,0.000476876,30,0,0.0235662
2024-02-11 00:00:00+00:00,-0.00173376,1.01105,0.865054,0.0830839,-0.0021874,0.1557,4.98235e-05,1.81121e-05,3.96497e-06,0.000266744,-0.00192074,-0.000778638,-0.0011421,30,0,0.0229142
2024-02-12 00:00:00+00:00,0.00747642,1.01861,0.802621,0.0505764,-0.0120115,0.260156,8.3246e-05,1.91532e-05,3.02833e-05,0.000550869,0.00704564,0.018657,-0.0115554,27.8958,0,0.0212995
2024-02-13 00:00:00+00:00,-0.00273563,1.01582,0.843215,0.0641506,0.00482721,0.101236,3.23678e-05,9.93875e-06,5.1246e-06,0.000264665,-0.0029387,-0.0054148,0.0024761,28,0,0.0223236
2024-02-14 00:00:00+00:00,0.00358596,1.01946,0.885153,0.0643684,0.00489841,0.171162,5.51265e-05,2.4054e-05,1.11454e-05,0.000163092,0.00352516,0.0195104,-0.0159852,28.3125,1,0.0217784
2024-02-15 00:00:00+00:00,0.00301059,1.02253,0.821066,0.0412871,0.0137402,0.315573,0.000107262,5.87558e-05,2.66761e-05,0.000133253,0.00309587,0.00411595,-0.00102008,28.9167,1,0.0228785
2024-02-16 00:00:00+00:00,0.00122502,1.02378,0.841405,0.033351,0.00847689,0.174287,5.57778e-05,1.14073e-05,6.99391e-06,7.39956e-05,0.00123935,-0.00318279,0.00442214,29.5208,0,0.0249902
2024-02-17 00:00:00+00:00,-0.0063521,1.01728,0.731994,0.0345732,0.000148197,0.220249,7.0487e-05,2.5618e-05,9.95773e-06,8.52201e-05,-0.00632922,-0.00239692,-0.0039323,30,0,0.0254157
2024-02-18 00:00:00+00:00,0.00229125,1.01961,0.776286,0.0513581,0.00793537,0.108304,3.46651e-05,8.52535e-06,4.6748e-06,9.93663e-05,0.00225764,0.00923557,-0.00697794,30,0,0.0233828
2024-02-19 00:00:00+00:00,0.00136071,1.021,0.743406,0.0757904,0.0194335,0.296703,9.49276e-05,1.51685e-05,2.66543e-05,-0.000126111,0.00163537,2.3294e-05,0.00172069,29,0,0.0236333
2024-02-20 00:00:00+00:00,-0.000680578,1.0203,0.751258,0.0539329,0.0161547,0.236411,7.56305e-05,9.49721e-06,1.07604e-05,-4.26358e-05,-0.000521451,-0.00804129,0.00751984,29,0,0.0267498
2024-02-21 00:00:00+00:00,0.00393874,1.02432,0.818759,0.00871549,0.00579473,0.341726,0.000109413,1.36766e-05,1.89542e-05,-3.83904e-05,0.00413233,-0.00648501,0.0106173,29,0,0.027632
2024-02-22 00:00:00+00:00,0.00318741,1.02759,0.858875,0.00380686,0.00908261,0.321524,0.00010413,1.96981e-05,1.33038e-05,1.80807e-05,0.00330818,-0.00102835,0.00433654,28.6458,1,0.0264933
2024-02-23 00:00:00+00:00,-0.00275333,1.02476,0.866016,0.0424348,0.0118928,0.150925,4.82966e-05,1.1306e-05,5.79356e-06,0.000149389,-0.00283394,-0.0103586,0.00752464,28,0,0.025961
2024-02-24 00:00:00+00:00,0.00654416,1.03146,0.875219,0.0610414,0.018322,0.18714,5.9894e-05,1.14774e-05,5.66231e-06,0.000285857,0.00631994,0.0166891,-0.0103691,28,0,0.0255002
2024-02-25 00:00:00+00:00,-0.00156703,1.02985,0.910976,0.0770207,0.0144813,0.207085,6.63096e-05,2.22191e-05,1.12066e-05,0.000150563,-0.0016076,0.00696747,-0.00857507,28.7917,0,0.0279855
2024-02-26 00:00:00+00:00,0.0190841,1.0495,0.927726,0.108091,0.03418,0.798682,0.00025584,8.41417e-05,6.07347e-05,4.50083e-05,0.0192931,0.0278605,-0.00844569,29.6667,0,0.0299307
2024-02-27 00:00:00+00:00,0.00909281,1.05905,1.05274,0.063998,0.00576749,0.736338,0.000235626,5.67157e-05,4.53799e-05,0.000208919,0.00920713,0.00657654,0.00263058,30,0,0.0336793
2024-02-28 00:00:00+00:00,0.00343999,1.06269,1.1635,0.0553708,0.00478534,0.46244,0.000147923,6.03877e-05,2.43289e-05,0.000128624,0.00361197,0.0179511,-0.0143392,30,0,0.0360897
2024-02-29 00:00:00+00:00,-0.0198566,1.04159,1.15559,0.0810763,0.00522018,0.687524,0.000237984,0.000237814,5.00914e-05,-9.0821e-06,-0.0193848,-0.00460204,-0.0147827,30,3,0.0357756
2024-03-01 00:00:00+00:00,0.00293052,1.04464,1.02935,0.0680453,0.0027465,0.228324,7.30563e-05,4.1067e-05,1.04596e-05,-3.60518e-05,0.00311654,0.0213333,-0.0182168,30,0,0.0312352
2024-03-02 00:00:00+00:00,0.015822,1.06117,1.04202,0.0469434,-0.000803485,0.312898,0.000100305,6.92898e-05,1.82117e-05,4.28445e-05,0.0159066,0.0320251,-0.0161185,30,0,0.0322788
2024-03-03 00:00:00+00:00,0.0110216,1.07286,1.05328,0.0623189,0.00285938,0.259701,8.31744e-05,4.31296e-05,1.20033e-05,-6.83902e-05,0.0112056,0.000700709,0.0105049,30,0,0.0342668
2024-03-04 00:00:00+00:00,0.036861,1.11241,0.990111,0.0732038,0.0174187,0.619044,0.000200529,0.000120341,6.43827e-05,2.47241e-05,0.0366563,0.0349365,0.00142171,30,1,0.0374745
2024-03-05 00:00:00+00:00,0.00424792,1.11714,0.835415,0.0313876,0.0159637,0.707892,0.000226624,0.000194782,3.93546e-05,5.44993e-05,0.00473562,-0.0225645,0.0273001,30,0,0.0432746
2024-03-06 00:00:00+00:00,-0.00662086,1.10974,0.647089,-0.000142371,0.00564327,0.927207,0.000296635,0.000247437,6.17935e-05,9.31768e-05,-0.00607279,0.021143,-0.0272436,29.9792,0,0.0448238
2024-03-07 00:00:00+00:00,-0.000431316,1.10926,0.566355,0.0219192,0.0104767,0.50734,0.000162369,0.000138969,2.94055e-05,3.70734e-05,-9.62818e-05,0.00314407,-0.00324035,29.9792,0,0.04411
2024-03-08 00:00:00+00:00,0.00478314,1.11457,0.694205,0.0624199,0.0151859,0.680481,0.000220622,0.000298078,3.24274e-05,0.000172281,0.00519063,0.013483,-0.00828844,29.5625,1,0.0431819
2024-03-09 00:00:00+00:00,-0.0239253,1.0879,0.640515,0.050531,0.00806178,0.406154,0.000129761,9.90468e-05,1.85275e-05,0.00015854,-0.0240671,0.00518003,-0.0292471,29,0,0.0423841
2024-03-10 00:00:00+00:00,0.0135456,1.10264,0.686685,0.0442262,0.00425173,0.267423,8.56074e-05,7.72338e-05,1.12067e-05,1.81296e-05,0.0136254,-0.00216307,0.0157885,29.4167,0,0.0388013
2024-03-11 00:00:00+00:00,-0.00176991,1.10068,0.735362,0.032787,0.000507901,0.888525,0.000284408,0.000284379,6.54619e-05,0.000103652,-0.00120846,0.0104085,-0.0116643,29.5833,1,0.0396242
2024-03-12 00:00:00+00:00,-0.00674823,1.09326,0.847613,0.0576055,0.0108098,0.693109,0.000238552,0.00022532,5.52563e-05,2.82093e-06,-0.00616774,0.0024896,-0.00865734,30,2,0.0389513
2024-03-13 00:00:00+00:00,0.0254783,1.12111,0.908947,0.054673,0.00420251,0.362119,0.000115951,8.62978e-05,1.51008e-05,-4.18134e-06,0.0254192,0.0245914,0.000827765,30,0,0.0372169
2024-03-14 00:00:00+00:00,0.0256605,1.14988,0.861603,0.0606241,-0.000153236,0.942136,0.000301723,0.000164289,3.75611e-05,8.15097e-05,0.025838,0.0267973,-0.000959317,30,0,0.0405786
2024-03-15 00:00:00+00:00,0.00275198,1.15304,0.993804,0.0570403,0.00412136,1.21451,0.000388704,0.00014827,4.87891e-05,2.88829e-05,0.00333099,-0.0170104,0.0203414,30,0,0.0459791
2024-03-16 00:00:00+00:00,-0.010131,1.14136,0.958742,0.0284733,0.00575974,0.840762,0.000268889,0.000113754,3.24262e-05,2.25084e-05,-0.00973166,-0.0436341,0.0339024,30,0,0.0475257
2024-03-17 00:00:00+00:00,0.0181422,1.16207,0.865993,0.0394074,0.00717838,0.710785,0.000227625,5.81754e-05,3.39758e-05,-5.49148e-06,0.0183663,0.0325468,-0.0141805,30,0,0.0476813
2024-03-18 00:00:00+00:00,0.0148337,1.17931,0.866697,0.0452158,0.015743,1.5484,0.000495484,0.000165121,0.000113534,-4.36476e-06,0.0155556,-0.0152018,0.0309627,30,0,0.049967
2024-03-19 00:00:00+00:00,-0.0170955,1.15915,0.877938,-0.0143873,0.00348204,0.947154,0.00030305,0.000132546,4.16432e-05,4.99125e-05,-0.0167454,-0.0410884,0.024339,29.9792,0,0.0500626
2024-03-20 00:00:00+00:00,0.00465374,1.16454,0.872353,-0.0170234,-0.00619284,0.829192,0.000265311,0.000220924,4.28504e-05,4.01025e-05,0.00519512,0.0507435,-0.0455484,30,0,0.0478398
2024-03-21 00:00:00+00:00,-0.00556712,1.15806,0.851365,0.00379505,0.00587718,1.14014,0.000364838,0.000271726,3.8346e-05,2.87328e-05,-0.00491474,-0.0127874,0.00787267,30,0,0.046796
2024-03-22 00:00:00+00:00,-0.000455968,1.15753,0.709031,-0.00996788,0.00579555,0.504231,0.000161333,0.000153983,1.51333e-05,3.50257e-05,-0.000141256,-0.00858103,0.00843947,29.3333,0,0.0436186
2024-03-23 00:00:00+00:00,0.00311788,1.16114,0.675781,0.000529354,0.00361473,0.371901,0.000119009,0.000150312,9.80852e-06,-2.46313e-06,0.00341385,0.00588934,-0.00247549,29,0,0.0414759
2024-03-24 00:00:00+00:00,0.00278382,1.16437,0.676299,0.014137,0.00298632,0.387984,0.00012416,0.000172916,1.36231e-05,-1.78934e-05,0.00312184,0.0162162,-0.0130944,29,0,0.0403826
2024-03-25 00:00:00+00:00,0.0079218,1.17359,0.73838,0.0387604,0.015437,0.681436,0.000218166,0.000376922,1.67516e-05,5.75259e-05,0.00846884,0.0186543,-0.0101854,30,0,0.0414801
2024-03-26 00:00:00+00:00,0.00637285,1.18107,0.615739,0.0438088,0.013452,1.0966,0.000350987,0.000582718,2.56913e-05,1.5965e-05,0.00732696,0.0108161,-0.00348877,29.2708,0,0.0463041
2024-03-27 00:00:00+00:00,-0.00182878,1.17891,0.634791,0.0477967,0.0159474,1.79656,0.000574889,0.000456207,4.74437e-05,-2.79501e-05,-0.000710088,-0.00992076,0.00921009,23.2917,0,0.0569705
2024-03-28 00:00:00+00:00,-0.00958902,1.16761,0.631484,0.0753622,0.0141486,1.28906,0.00041225,0.000358466,3.04613e-05,5.67973e-05,-0.0088318,0.00374402,-0.0125755,19.9583,0,0.0558562
2024-03-29 00:00:00+00:00,0.0044676,1.17283,0.63138,0.0876582,0.00627601,1.15419,0.000369376,0.000289057,2.77402e-05,-4.29218e-05,0.00520562,0.00129317,0.00391212,20.0833,0,0.0521689
2024-03-30 00:00:00+00:00,-0.00681715,1.16483,0.73812,0.111516,0.0112581,1.17108,0.000374658,0.000231154,2.46036e-05,0.000129037,-0.00630488,-0.00345366,-0.00285122,23.4375,0,0.0496375
2024-03-31 00:00:00+00:00,0.00169734,1.16681,0.723285,0.145759,0.00657183,0.967448,0.000309563,0.000183424,1.74521e-05,0.000116574,0.00213769,0.0151513,-0.0130136,25,0,0.0466358
2024-04-01 00:00:00+00:00,0.0106328,1.17921,1.06725,0.130437,0.0112833,0.916416,0.000293409,0.000190359,3.95805e-05,7.92531e-05,0.01108,-0.0190781,0.030361,25.4583,0,0.0496074
2024-04-02 00:00:00+00:00,0.00595262,1.18623,1.28556,0.072913,0.0123155,1.7577,0.000562562,0.000188099,6.43357e-05,-5.88658e-05,0.0068354,-0.0407766,0.047612,28.0208,0,0.053478
2024-04-03 00:00:00+00:00,0.00244056,1.18913,1.13373,0.0462515,0.0166282,2.30581,0.000737996,0.00016139,8.03275e-05,2.93573e-05,0.00341477,-0.00421095,0.00762586,28.8333,0,0.0534244
2024-04-04 00:00:00+00:00,-0.00664103,1.18123,0.983952,0.0264758,0.0186884,1.82745,0.000584733,0.000145512,5.69602e-05,6.76683e-05,-0.00590122,0.00713807,-0.0130395,26.9792,0,0.0539211
2024-04-05 00:00:00+00:00,-0.00814424,1.17161,0.978144,0.00988932,0.0215061,1.4524,0.00046474,0.000137248,3.7836e-05,0.000152571,-0.00766063,-0.0214896,0.0138284,25.8958,0,0.0510384
2024-04-06 00:00:00+00:00,-0.00443482,1.16642,0.798171,0.0410245,0.0171772,0.964895,0.000308748,0.000124749,2.43089e-05,0.000174487,-0.00414125,0.0130073,-0.0171487,25.3958,0,0.0464953
2024-04-07 00:00:00+00:00,-0.0143824,1.14964,1.01365,0.0680132,0.00918032,0.343077,0.000109676,3.46653e-05,1.01422e-05,0.000273007,-0.0145753,0.00429492,-0.0188701,25.5208,0,0.0427992
2024-04-08 00:00:00+00:00,0.000478993,1.15019,1.10034,0.118472,0.0321422,0.551734,0.00017664,4.33436e-05,6.11891e-05,0.000115296,0.000676197,0.0169223,-0.0162218,26.6667,0,0.0403433
2024-04-09 00:00:00+00:00,0.00156602,1.15199,1.15196,0.101504,0.035154,0.474912,0.00015197,4.45254e-05,1.7005e-05,-7.86196e-06,0.0018398,-0.0278619,0.0297017,29.3958,0,0.0390032
2024-04-10 00:00:00+00:00,0.0137738,1.16786,1.23776,0.102109,0.0293457,0.499984,0.000160067,5.31923e-05,1.59909e-05,9.21555e-05,0.0138423,0.0103838,0.00345856,30,0,0.0400659
2024-04-11 00:00:00+00:00,0.00114995,1.1692,1.24179,0.0929384,0.036606,0.455747,0.000145792,7.84461e-05,1.82562e-05,1.75156e-05,0.00140772,-0.00948534,0.0108931,30,0,0.0428626
2024-04-12 00:00:00+00:00,-0.00989092,1.15764,1.14001,0.0892935,0.0313528,0.580851,0.000185885,3.92234e-05,4.60775e-05,5.25703e-05,-0.00964317,-0.0921418,0.0824993,29.8333,0,0.0413264
2024-04-13 00:00:00+00:00,0.000362008,1.15806,1.08796,0.0858103,0.00658133,1.08722,0.000377565,0.000106086,0.000212203,0.000387187,0.000732092,-0.0666812,0.0674133,29.9167,5,0.0406454
2024-04-14 00:00:00+00:00,0.00836918,1.16775,1.12083,0.0596522,0.000887116,0.294389,9.42242e-05,1.25039e-05,2.39698e-05,0.000327414,0.00818027,0.0443951,-0.0362148,30,0,0.0404291
2024-04-15 00:00:00+00:00,0.00281392,1.17103,1.21778,0.0661483,0.00389571,0.623203,0.000199441,5.35629e-05,5.70138e-05,0.000435982,0.00270876,-0.0198342,0.0225199,30,0,0.0428448
2024-04-16 00:00:00+00:00,-0.0250655,1.14168,1.28656,0.0491554,0.00169398,0.543693,0.000173813,2.17266e-05,3.82973e-05,0.000371698,-0.0254733,-0.00909388,-0.0163794,30,0,0.0419892
2024-04-17 00:00:00+00:00,-0.00453176,1.13651,1.29683,0.0134278,-0.00446217,0.541125,0.000173048,2.1631e-05,3.22747e-05,7.44308e-05,-0.00434839,-0.0234205,0.0190722,30,0,0.0361705
2024-04-18 00:00:00+00:00,0.00380119,1.14083,1.22068,-0.047161,-0.0141499,0.623356,0.000199461,2.49326e-05,4.46971e-05,6.8877e-05,0.0040182,0.0240839,-0.0200657,30,0,0.0335164
2024-04-19 00:00:00+00:00,-0.00411597,1.13613,1.26285,-0.0222761,-0.00872939,0.430635,0.000137765,2.8003e-05,3.0684e-05,4.2413e-05,-0.00394328,0.00705349,-0.0109968,29.9792,0,0.0307331
2024-04-20 00:00:00+00:00,-0.00381968,1.13179,1.32565,-0.00128128,0.000438297,0.494461,0.000158822,6.4259e-05,3.9557e-05,6.73741e-05,-0.00358772,0.0608272,-0.0644066,29.7917,1,0.0277046
2024-04-21 00:00:00+00:00,-0.00357477,1.12775,1.348,0.0205707,0.00837116,0.185232,5.92486e-05,9.33335e-06,1.1227e-05,9.51158e-05,-0.0035712,-0.0106895,0.00711831,30,0,0.026143
2024-04-22 00:00:00+00:00,-0.0164978,1.10914,1.22078,0.0381942,0.0135778,0.615874,0.000197286,7.48645e-05,7.95125e-05,6.79495e-05,-0.0163093,0.0145795,-0.0299195,29.9792,0,0.0254365
2024-04-23 00:00:00+00:00,-0.0189915,1.08808,1.0854,0.0426872,0.0184876,0.222949,7.1299e-05,2.46201e-05,7.40217e-06,4.7955e-05,-0.0190923,-0.017379,-0.00171334,30,0,0.0206081
2024-04-24 00:00:00+00:00,-0.00819052,1.07917,0.870878,0.0251902,0.00663828,0.299197,9.56858e-05,1.67401e-05,8.74581e-06,5.90489e-06,-0.0080876,-0.0205384,0.0124508,30,0,0.0149757
2024-04-25 00:00:00+00:00,-0.00375338,1.07511,0.623106,0.00696563,-0.00807124,0.386345,0.000123613,1.90077e-05,5.47264e-06,4.42924e-05,-0.00365161,-0.00164298,-0.00200862,30,0,0.014181
2024-04-26 00:00:00+00:00,-0.000410993,1.07467,0.235328,-0.00106473,-0.00380111,0.372666,0.000119252,2.75525e-05,4.50172e-06,5.87468e-06,-0.000264887,-0.0023148,0.00204992,30,0,0.0130278
2024-04-27 00:00:00+00:00,0.00055753,1.07527,0.0765043,-0.00479504,-0.00249497,0.127237,4.07167e-05,1.0474e-05,1.91876e-06,-3.52515e-06,0.000614283,-5.8173e-05,0.000672487,29.5417,0,0.0115333
2024-04-28 00:00:00+00:00,-0.000180587,1.07508,0.0258554,-0.00306221,-0.00262837,0.0371395,1.18846e-05,6.13201e-06,2.25032e-07,1.2992e-06,-0.00016363,0.000150531,-0.000314302,28.8958,0,0.0123288
2024-04-29 00:00:00+00:00,-0.000483858,1.07456,0.0542781,-0.0036538,-0.00368314,0.196674,6.29347e-05,1.01689e-05,5.76283e-06,2.46592e-06,-0.000407221,0.000456241,-0.000864379,25.1042,0,0.0141971
2024-04-30 00:00:00+00:00,0.00270233,1.07746,0.12767,0.00383648,-0.000940994,0.343147,0.000109815,2.11982e-05,9.25058e-06,1.03417e-05,0.00283036,-0.00182818,0.00465902,20.625,0,0.0159505
2024-05-01 00:00:00+00:00,0.00167829,1.07927,0.272363,0.0211263,-0.000261105,0.477668,0.000152856,3.04154e-05,1.8229e-05,8.06472e-05,0.00180199,0.00434006,-0.00252619,20.6042,0,0.0188211
2024-05-02 00:00:00+00:00,-0.00290042,1.07614,0.406471,0.0411842,0.00654046,0.49974,0.000159893,2.13652e-05,1.35659e-05,7.78967e-05,-0.0027804,0.00165749,-0.0044379,21.5625,0,0.0193656
2024-05-03 00:00:00+00:00,-0.00276002,1.07317,0.233073,0.0265062,0.00064153,0.438893,0.00014044,1.84155e-05,9.46343e-06,4.34677e-05,-0.00263497,0.00480281,-0.00743773,23.875,0,0.0156094
2024-05-04 00:00:00+00:00,-2.07637e-05,1.07315,0.0789734,0.0108703,-0.000804551,0.159306,5.09786e-05,6.81626e-06,2.64252e-06,3.02505e-06,3.78696e-05,0.00052411,-0.000486241,24.4583,0,0.0107702
2024-05-05 00:00:00+00:00,5.49552e-05,1.07321,0.0141459,0.00235377,-0.000168219,0.0292363,9.35559e-06,1.16945e-06,2.77732e-07,-6.69554e-07,6.6458e-05,-9.59522e-05,0.000162321,22.7083,0,0.00609285
2024-05-06 00:00:00+00:00,0.000175115,1.07339,0.0113629,0.000986359,0.000209561,0.0599776,1.9193e-05,2.41684e-06,1.92007e-06,2.4108e-08,0.000198677,5.83989e-06,0.000207048,12.625,0,0.00788627
2024-05-07 00:00:00+00:00,0.00219275,1.07575,0.0512771,0.00295923,2.9009e-05,0.190082,6.08295e-05,7.93786e-06,5.4681e-06,2.29302e-06,0.00226279,0.000278504,0.00198422,10.5417,0,0.0116776
2024-05-08 00:00:00+00:00,0.00669043,1.08294,0.165944,0.00342453,0.00201353,0.178257,5.70626e-05,7.24345e-06,5.56085e-06,1.51437e-05,0.00673342,0.00294733,0.00378609,12.3333,0,0.0173501
2024-05-09 00:00:00+00:00,-0.0015547,1.08126,0.265069,0.00536703,-0.00180138,0.135987,4.35163e-05,1.27499e-05,4.63689e-06,8.35859e-06,-0.0014933,0.00499649,-0.00648979,16.6458,0,0.0223317
2024-05-10 00:00:00+00:00,0.000327643,1.08162,0.501017,0.0312178,-0.00640165,0.283603,9.07339e-05,2.18778e-05,1.07808e-05,2.38354e-05,0.000434602,-0.0100106,0.0104452,22.2708,0,0.0228511
2024-05-11 00:00:00+00:00,0.00248076,1.0843,0.570006,0.0373082,-0.00609266,0.082875,2.65212e-05,6.03095e-06,3.13535e-06,-8.02877e-06,0.00252665,0.00203503,0.000491618,23,0,0.0207636
2024-05-12 00:00:00+00:00,8.89946e-05,1.0844,0.585152,0.0521986,-0.00132813,0.112989,3.61569e-05,5.38997e-06,3.6778e-06,6.20712e-06,0.000130236,0.00110891,-0.000978671,23,0,0.0206155
2024-05-13 00:00:00+00:00,-0.00383907,1.08023,0.636049,0.114261,0.00937356,0.377366,0.000120682,3.8474e-05,3.19293e-05,0.000118287,-0.00374234,0.0016797,-0.00549581,25.0625,0,0.021978
2024-05-14 00:00:00+00:00,-0.00861937,1.07092,0.490433,0.097383,0.00374595,0.578746,0.000185151,4.01787e-05,1.0882e-05,0.000214892,-0.00861963,-0.0159456,0.00732594,25.6042,0,0.0208985
2024-05-15 00:00:00+00:00,0.00382167,1.07501,0.221344,0.0625036,0.00899892,0.414247,0.000132568,2.88702e-05,8.84311e-06,0.000148537,0.00384567,0.0103268,-0.0064814,24.8333,0,0.0182884
2024-05-16 00:00:00+00:00,0.00462525,1.07999,0.279014,0.0669635,0.00403178,0.161045,5.15428e-05,7.03925e-06,4.97766e-06,6.60323e-05,0.00461869,0.0008324,0.00378629,24.3958,0,0.0216494
2024-05-17 00:00:00+00:00,0.00405449,1.08436,0.384471,0.070402,0.00422841,0.148049,4.73803e-05,9.32054e-06,5.86159e-06,3.6269e-05,0.00407977,0.00652035,-0.00244058,26.3958,0,0.0227077
2024-05-18 00:00:00+00:00,0.00378062,1.08846,0.502864,0.0680969,-0.0102358,0.160426,5.13378e-05,9.05211e-06,6.387e-06,9.61112e-06,0.00384341,0.000868643,0.00297477,27.75,0,0.0237238
2024-05-19 00:00:00+00:00,0.00253231,1.09122,0.56795,0.0753347,-0.0185787,0.118634,3.79659e-05,1.27607e-05,4.20663e-06,-2.00938e-05,0.00261261,-0.00647152,0.00908413,28,0,0.0270938
2024-05-20 00:00:00+00:00,-0.0026773,1.0883,0.676486,0.0783019,-0.014911,0.396133,0.000126744,4.86609e-05,2.52071e-05,-1.17662e-05,-0.00243189,0.0291158,-0.031592,28.2083,0,0.0268815
2024-05-21 00:00:00+00:00,-0.011068,1.07625,0.729319,0.0727646,-0.00143792,0.503208,0.000160981,6.69851e-05,1.6439e-05,2.99279e-06,-0.0108685,-0.00691861,-0.0039499,29,0,0.0264307
2024-05-22 00:00:00+00:00,-0.0105483,1.0649,0.354031,0.0191694,-0.00122059,0.940268,0.000302211,0.000121776,2.26165e-05,1.89322e-05,-0.0101647,-0.00673028,-0.00343439,29,1,0.0222438
2024-05-23 00:00:00+00:00,0.00582082,1.0711,0.18385,0.00248886,0.0036527,0.710739,0.000227464,7.51644e-05,1.6071e-05,2.70864e-05,0.00610047,0.00307298,0.00302764,26.8125,0,0.0189209
2024-05-24 00:00:00+00:00,-0.00173444,1.06924,0.263224,-0.00637736,0.00486747,0.790488,0.000252937,0.000116567,1.89736e-05,2.80954e-05,-0.00137348,-0.00144208,6.83206e-05,20.8542,0,0.0221307
2024-05-25 00:00:00+00:00,-0.00148524,1.06765,0.169473,-0.0122985,0.000698891,0.531888,0.000170198,8.73854e-05,1.10943e-05,1.97418e-05,-0.00123375,0.0015502,-0.00278403,19.6667,0,0.0202241
2024-05-26 00:00:00+00:00,0.000839633,1.06855,0.0404128,-0.00481995,-0.00271658,0.161561,5.16997e-05,1.97925e-05,2.15738e-06,9.99023e-06,0.000903496,0.000550064,0.000353669,13.6042,0,0.0085593
2024-05-27 00:00:00+00:00,-0.000972449,1.06751,0.0323937,-0.0115935,-0.00780616,0.175892,5.62843e-05,7.66805e-06,2.71342e-06,1.69753e-05,-0.000922874,0.000501797,-0.001425,9.375,0,0.0115742
2024-05-28 00:00:00+00:00,-4.37041e-05,1.06746,0.0226933,-0.00799741,-0.00643921,0.101157,3.23702e-05,4.58638e-06,1.52445e-06,5.42577e-06,-1.03273e-05,-0.000367625,0.000357277,6.02083,0,0.00907635
2024-05-29 00:00:00+00:00,-0.000208106,1.06724,0.00309968,-0.00219573,-0.00224768,0.0130753,4.18405e-06,6.44154e-07,1.21338e-07,7.57099e-07,-0.000203924,-1.37584e-05,-0.000190637,3.625,0,0.0041448
2024-05-30 00:00:00+00:00,-2.25462e-06,1.06724,0.0001041,-0.0001041,-0.000119213,0.000428059,1.36979e-07,4.26423e-08,1.35315e-09,2.31609e-08,-2.09672e-06,0,-2.44898e-06,0.645833,0,0
2024-05-31 00:00:00+00:00,0,1.06724,0,0,0,0,0,0,0,0,0,0,0,0,0,0
2024-06-01 00:00:00+00:00,0,1.06724,0,0,0,0,0,0,0,0,0,0,0,0,0,0
2024-06-02 00:00:00+00:00,0,1.06724,0,0,0,0,0,0,0,0,0,0,0,0,0,0
2024-06-03 00:00:00+00:00,0,1.06724,0,0,0,0,0,0,0,0,0,0,0,0,0,0
2024-06-04 00:00:00+00:00,0,1.06724,0,0,0,0,0,0,0,0,0,0,0,0,0,0
2024-06-05 00:00:00+00:00,0,1.06724,0,0,0,0,0,0,0,0,0,0,0,0,0,0
2024-06-06 00:00:00+00:00,0,1.06724,0,0,0,0,0,0,0,0,0,0,0,0,0,0.000370613
2024-06-07 00:00:00+00:00,-0.000309634,1.06691,0.00582223,0.00558809,0.00273406,0.0420369,1.34518e-05,1.68147e-06,7.44428e-07,-6.35979e-08,-0.000293703,-0.000272247,-2.14562e-05,0.8125,0,0.00536338
2024-06-08 00:00:00+00:00,-0.0011364,1.0657,0.0418121,0.0227786,0.00819761,0.131891,4.22041e-05,5.27551e-06,3.81566e-06,1.51465e-06,-0.0010871,-0.000354673,-0.000732446,6.08333,0,0.0105167
2024-06-09 00:00:00+00:00,-9.29126e-05,1.0656,0.0206074,0.00766916,0.00189028,0.086339,2.76284e-05,3.45355e-06,1.12658e-06,7.31203e-07,-6.13749e-05,-0.000172511,0.000110956,6.02083,0,0.00942101
2024-06-10 00:00:00+00:00,-3.83395e-05,1.06556,0.000967804,0.000696309,0.000326509,0.00607475,1.94392e-06,2.42989e-07,3.13522e-08,1.34751e-08,-3.61349e-05,-4.23064e-05,5.51958e-06,2.33333,0,0.00544195
2024-06-11 00:00:00+00:00,-1.11815e-06,1.06556,2.12357e-05,2.12357e-05,1.18221e-05,0.000133936,4.28595e-08,5.35743e-09,1.72119e-10,0,-1.06976e-06,-1.12656e-06,0,0.270833,0,0.000480764
2024-06-12 00:00:00+00:00,0,1.06556,0,0,0,0,0,0,0,0,0,0,0,0,0,0
2024-06-13 00:00:00+00:00,0,1.06556,0,0,0,0,0,0,0,0,0,0,0,0,0,0
2024-06-14 00:00:00+00:00,0,1.06556,0,0,0,0,0,0,0,0,0,0,0,0,0,0
2024-06-15 00:00:00+00:00,0,1.06556,0,0,0,0,0,0,0,0,0,0,0,0,0,0
2024-06-16 00:00:00+00:00,0,1.06556,0,0,0,0,0,0,0,0,0,0,0,0,0,0
2024-06-17 00:00:00+00:00,0,1.06556,0,0,0,0,0,0,0,0,0,0,0,0,0,0
2024-06-18 00:00:00+00:00,0,1.06556,0,0,0,0,0,0,0,0,0,0,0,0,0,2.27921e-05
2024-06-19 00:00:00+00:00,0,1.06556,0,0,0,0,0,0,0,0,0,0,0,0,0,0.000943826
2024-06-20 00:00:00+00:00,0,1.06556,0,0,0,0,0,0,0,0,0,0,0,0,0,0.00352354
2024-06-21 00:00:00+00:00,0,1.06556,0,0,0,0,0,0,0,0,0,0,0,0,0,0.00464075
2024-06-22 00:00:00+00:00,0,1.06556,0,0,0,0,0,0,0,0,0,0,0,0,0,0.00358797
2024-06-23 00:00:00+00:00,0,1.06556,0,0,0,0,0,0,0,0,0,0,0,0,0,0.00477851
2024-06-24 00:00:00+00:00,0,1.06556,0,0,0,0,0,0,0,0,0,0,0,0,0,0.00360614
2024-06-25 00:00:00+00:00,0.000142794,1.06571,0.00292816,0.00113743,0.00117402,0.0242735,7.76757e-06,1.17681e-06,7.50134e-07,-1.63854e-07,0.00015265,0.000120015,3.26347e-05,2.4375,0,0.00569235
2024-06-26 00:00:00+00:00,8.67963e-05,1.0658,0.00296301,-0.000178543,-0.000296666,0.0212373,6.79597e-06,8.70237e-07,5.17662e-07,1.79134e-07,9.48004e-05,-5.46176e-05,0.000149323,3.39583,0,0.00634746
2024-06-27 00:00:00+00:00,-0.000201052,1.06559,0.00336797,-0.00177441,-0.00230701,0.0286241,9.15966e-06,1.14496e-06,6.84672e-07,2.07034e-06,-0.000192148,-3.38135e-07,-0.000191903,2.22917,0,0.00630254
2024-06-28 00:00:00+00:00,5.79996e-05,1.06565,0.00507506,-0.000692464,-0.00103407,0.0317155,1.0149e-05,1.30994e-06,6.52609e-07,2.13616e-06,6.79894e-05,-0.000100955,0.000168902,3.10417,0,0.00640962
2024-06-29 00:00:00+00:00,-2.23892e-06,1.06565,0.000192269,-1.41881e-06,-7.97009e-07,0.000937554,3.00017e-07,3.75022e-08,3.41101e-09,1.00736e-07,-1.99869e-06,7.70692e-06,-9.69783e-06,1.375,0,0.00176898
2024-06-30 00:00:00+00:00,0,1.06565,0,0,0,0,0,0,0,0,0,0,0,0,0,0
2024-07-01 00:00:00+00:00,0,1.06565,0,0,0,0,0,0,0,0,0,0,0,0,0,0
2024-07-02 00:00:00+00:00,0,1.06565,0,0,0,0,0,0,0,0,0,0,0,0,0,0.00108967
2024-07-03 00:00:00+00:00,0,1.06565,0,0,0,0,0,0,0,0,0,0,0,0,0,0.00372824
2024-07-04 00:00:00+00:00,9.11218e-06,1.06566,7.81787e-05,-7.81787e-05,-8.59277e-05,0.00211955,6.78257e-07,8.47822e-08,1.10427e-07,-5.28433e-07,1.05141e-05,0,1.05141e-05,0.0416667,0,0.00367341
2024-07-05 00:00:00+00:00,0.000240067,1.06591,0.00315416,-0.000397995,-0.000303745,0.0223492,7.15196e-06,5.38881e-06,1.30046e-06,5.74596e-07,0.000253331,0.000180244,7.30875e-05,2.39583,0,0.00607977
2024-07-06 00:00:00+00:00,-6.56571e-06,1.0659,0.000141701,-7.58601e-07,-1.84282e-06,0.000715658,2.29011e-07,3.15078e-07,4.8119e-09,6.48204e-09,-6.0233e-06,4.04471e-06,-9.73719e-06,1.25,0,0.00604509
2024-07-07 00:00:00+00:00,-4.68972e-05,1.06585,0.000419344,0.00024856,0.000244931,0.00555416,1.77733e-06,2.22167e-07,2.41463e-07,1.98526e-08,-4.46762e-05,-4.7304e-05,2.62778e-06,0.291667,0,0.00653233
2024-07-08 00:00:00+00:00,-0.000127688,1.06572,0.0192107,0.00132547,0.000155317,0.147898,4.73268e-05,5.95067e-06,6.6425e-06,2.76355e-06,-7.04856e-05,-0.000147822,7.73369e-05,6.91667,0,0.00948307
2024-07-09 00:00:00+00:00,0.000211517,1.06594,0.0355155,0.00444931,0.000421346,0.242787,7.76925e-05,9.93166e-06,8.29616e-06,-4.34448e-06,0.000311889,0.0004306,-0.000118284,10.9583,0,0.00976588
2024-07-10 00:00:00+00:00,-0.00018107,1.06575,0.0870272,0.00893671,-0.00100448,0.396373,0.00012684,3.15446e-05,1.11947e-05,1.08861e-05,-2.15807e-05,0.000891845,-0.000913558,13.6875,0,0.0136771
2024-07-11 00:00:00+00:00,0.000355779,1.06613,0.0666189,0.00428535,-0.00172895,0.382704,0.000122467,2.95433e-05,9.57364e-06,2.0832e-07,0.000517376,-0.0011882,0.00170559,14.1667,0,0.0128975
2024-07-12 00:00:00+00:00,-0.000844701,1.06523,0.060281,-0.00361208,-0.00284853,0.338584,0.000108345,2.18986e-05,1.00086e-05,1.92306e-06,-0.000706459,-8.51904e-06,-0.000697659,14.9375,0,0.0121763
2024-07-13 00:00:00+00:00,-0.000356297,1.06485,0.0354163,0.000118839,0.00117244,0.187943,6.01418e-05,9.39201e-06,3.88415e-06,1.0992e-07,-0.000282876,-0.000542049,0.000259198,13.4167,0,0.0100556
2024-07-14 00:00:00+00:00,0.000212461,1.06508,0.0125092,-0.000700503,-0.000366811,0.0865095,2.76832e-05,3.98546e-06,2.53538e-06,-7.74058e-07,0.000247568,0.000274771,-2.68482e-05,7.52083,0,0.00746516
2024-07-15 00:00:00+00:00,-3.8903e-05,1.06503,0.0105708,0.000117826,-0.00145889,0.074038,2.36923e-05,9.49274e-06,1.72953e-06,3.99321e-06,-7.80595e-06,0.000549115,-0.000556871,6.85417,0,0.00884071
2024-07-16 00:00:00+00:00,-6.48094e-05,1.06497,0.0019666,-0.000954225,-0.00157226,0.0117032,3.74496e-06,2.12087e-06,1.64939e-07,2.53163e-07,-5.90203e-05,-5.95078e-05,1.43284e-06,4.8125,0,0.00445396
2024-07-17 00:00:00+00:00,-9.31753e-07,1.06496,4.09398e-06,-4.09398e-06,-6.71027e-06,6.10364e-05,1.95316e-08,3.34601e-08,1.98516e-10,0,-8.78562e-07,0,-9.04883e-07,0.0833333,0,0.000643735
2024-07-18 00:00:00+00:00,0,1.06496,0,0,0,0,0,0,0,0,0,0,0,0,0,0.00134503
2024-07-19 00:00:00+00:00,0,1.06496,0,0,0,0,0,0,0,0,0,0,0,0,0,0.000604998
2024-07-20 00:00:00+00:00,0,1.06496,0,0,0,0,0,0,0,0,0,0,0,0,0,0.00106588
2024-07-21 00:00:00+00:00,0,1.06496,0,0,0,0,0,0,0,0,0,0,0,0,0,0
2024-07-22 00:00:00+00:00,0,1.06496,0,0,0,0,0,0,0,0,0,0,0,0,0,0
2024-07-23 00:00:00+00:00,0,1.06496,0,0,0,0,0,0,0,0,0,0,0,0,0,0
2024-07-24 00:00:00+00:00,0,1.06496,0,0,0,0,0,0,0,0,0,0,0,0,0,0
2024-07-25 00:00:00+00:00,0,1.06496,0,0,0,0,0,0,0,0,0,0,0,0,0,0
2024-07-26 00:00:00+00:00,0,1.06496,0,0,0,0,0,0,0,0,0,0,0,0,0,0
2024-07-27 00:00:00+00:00,0,1.06496,0,0,0,0,0,0,0,0,0,0,0,0,0,0
2024-07-28 00:00:00+00:00,0,1.06496,0,0,0,0,0,0,0,0,0,0,0,0,0,0
2024-07-29 00:00:00+00:00,0,1.06496,0,0,0,0,0,0,0,0,0,0,0,0,0,0
2024-07-30 00:00:00+00:00,0,1.06496,0,0,0,0,0,0,0,0,0,0,0,0,0,0
2024-07-31 00:00:00+00:00,0,1.06496,0,0,0,0,0,0,0,0,0,0,0,0,0,0
2024-08-01 00:00:00+00:00,0,1.06496,0,0,0,0,0,0,0,0,0,0,0,0,0,0
2024-08-02 00:00:00+00:00,0,1.06496,0,0,0,0,0,0,0,0,0,0,0,0,0,0
2024-08-03 00:00:00+00:00,0,1.06496,0,0,0,0,0,0,0,0,0,0,0,0,0,0
2024-08-04 00:00:00+00:00,0,1.06496,0,0,0,0,0,0,0,0,0,0,0,0,0,0
2024-08-05 00:00:00+00:00,0,1.06496,0,0,0,0,0,0,0,0,0,0,0,0,0,0
2024-08-06 00:00:00+00:00,0,1.06496,0,0,0,0,0,0,0,0,0,0,0,0,0,0
2024-08-07 00:00:00+00:00,0,1.06496,0,0,0,0,0,0,0,0,0,0,0,0,0,0
2024-08-08 00:00:00+00:00,0,1.06496,0,0,0,0,0,0,0,0,0,0,0,0,0,0
2024-08-09 00:00:00+00:00,0,1.06496,0,0,0,0,0,0,0,0,0,0,0,0,0,0
2024-08-10 00:00:00+00:00,0,1.06496,0,0,0,0,0,0,0,0,0,0,0,0,0,0
2024-08-11 00:00:00+00:00,0,1.06496,0,0,0,0,0,0,0,0,0,0,0,0,0,0
2024-08-12 00:00:00+00:00,0,1.06496,0,0,0,0,0,0,0,0,0,0,0,0,0,0
2024-08-13 00:00:00+00:00,0,1.06496,0,0,0,0,0,0,0,0,0,0,0,0,0,0
2024-08-14 00:00:00+00:00,0,1.06496,0,0,0,0,0,0,0,0,0,0,0,0,0,0
2024-08-15 00:00:00+00:00,0,1.06496,0,0,0,0,0,0,0,0,0,0,0,0,0,0
2024-08-16 00:00:00+00:00,1.00088e-05,1.06498,0.000337539,-0.000337539,-0.000284582,0.00524462,1.67828e-06,2.09785e-07,1.39947e-07,-4.40233e-07,1.24771e-05,0,1.24771e-05,0.145833,0,0.0033649
2024-08-17 00:00:00+00:00,0.000128351,1.06511,0.00966328,-0.00417067,-0.0022408,0.0679346,2.17391e-05,2.71739e-06,1.80492e-06,-8.09984e-07,0.000155433,0.000195879,-4.04462e-05,2.25,0,0.00855064
2024-08-18 00:00:00+00:00,0.000200414,1.06533,0.0133161,-0.000236536,-7.66401e-05,0.0991326,3.17226e-05,3.96532e-06,2.11421e-06,5.26547e-06,0.000232951,-8.1716e-05,0.000314905,4.97917,0,0.0111387
2024-08-19 00:00:00+00:00,0.00044357,1.0658,0.0640502,-0.0127288,-0.00601055,0.407419,0.000130376,1.78818e-05,2.24025e-05,1.70016e-06,0.000613657,0.00163064,-0.00100253,9.83333,0,0.0123502
2024-08-20 00:00:00+00:00,-0.000188861,1.0656,0.0326638,-0.00224468,-0.00430904,0.184746,5.91152e-05,7.40328e-06,4.06122e-06,-1.87288e-06,-0.000116191,0.000265725,-0.000382199,11.625,0,0.0107073
2024-08-21 00:00:00+00:00,-0.000261736,1.06532,0.0289359,-0.00280257,-0.0010083,0.166954,5.34249e-05,6.69376e-06,5.21319e-06,-3.98808e-06,-0.000192265,0.000214097,-0.000406135,8.66667,0,0.0100857
2024-08-22 00:00:00+00:00,-0.000535887,1.06475,0.0245756,0.00343072,0.0011984,0.143293,4.58532e-05,7.12222e-06,3.76132e-06,-2.2018e-06,-0.000476992,-0.000321255,-0.000155738,7.22917,0,0.0092605
2024-08-23 00:00:00+00:00,-8.95949e-05,1.06465,0.00125612,0.000113701,-0.000122302,0.00595654,1.90608e-06,7.36307e-07,3.98356e-08,-2.03827e-07,-8.67117e-05,3.65768e-06,-9.05011e-05,3.89583,0,0.00433497
2024-08-24 00:00:00+00:00,4.74223e-05,1.0647,0.000276687,-0.000276687,-0.000234442,0.0035704,1.14253e-06,1.42816e-07,1.88339e-07,7.63762e-08,4.88344e-05,0,4.88344e-05,0.145833,0,0.00502531
2024-08-25 00:00:00+00:00,-0.000245633,1.06444,0.0250112,-0.00689886,-0.00290843,0.164394,5.26059e-05,6.57574e-06,8.14843e-06,7.56088e-07,-0.0001788,-0.00017515,-3.65076e-06,3.95833,0,0.00878935
2024-08-26 00:00:00+00:00,-0.000154154,1.06428,0.0693886,-0.000719117,-0.000806908,0.340438,0.00010894,2.46948e-05,1.75951e-05,3.49286e-06,-5.93845e-06,-0.00226099,0.00226636,7.29167,0,0.0111947
2024-08-27 00:00:00+00:00,-0.00120885,1.06299,0.0215918,-0.00353261,-0.00271446,0.129395,4.14055e-05,9.18654e-06,3.75526e-06,1.14632e-06,-0.0011561,-0.000454998,-0.0007012,7.77083,0,0.00905013
2024-08-28 00:00:00+00:00,-2.4219e-05,1.06296,0.00478588,-0.00176237,-0.00186197,0.0281068,8.99426e-06,1.27966e-06,5.8645e-07,5.8618e-07,-1.38916e-05,-2.46291e-06,-1.12724e-05,3.4375,0,0.00493081
2024-08-29 00:00:00+00:00,-1.90376e-06,1.06296,4.86481e-05,-3.0632e-05,-3.33721e-05,0.000335229,1.07273e-07,1.34092e-08,1.46001e-09,6.73403e-09,-1.78835e-06,8.51801e-07,-2.78327e-06,0.5,0,0.00126604
2024-08-30 00:00:00+00:00,0,1.06296,0,0,0,0,0,0,0,0,0,0,0,0,0,0.00286177
2024-08-31 00:00:00+00:00,0,1.06296,0,0,0,0,0,0,0,0,0,0,0,0,0,0.00426956
2024-09-01 00:00:00+00:00,0,1.06296,0,0,0,0,0,0,0,0,0,0,0,0,0,0.00181088
2024-09-02 00:00:00+00:00,0,1.06296,0,0,0,0,0,0,0,0,0,0,0,0,0,0.00282504
2024-09-03 00:00:00+00:00,0,1.06296,0,0,0,0,0,0,0,0,0,0,0,0,0,0.00268227
2024-09-04 00:00:00+00:00,-4.51376e-05,1.06291,0.0011935,-0.000121935,0.000140246,0.016211,5.18749e-06,6.48436e-07,5.68571e-07,5.9218e-07,-3.93258e-05,-3.93258e-05,0,0.375,0,0.00336716
2024-09-05 00:00:00+00:00,-5.53881e-05,1.06286,0.00513592,-0.00116251,0.000147477,0.0328191,1.05021e-05,1.31276e-06,7.26465e-07,1.29346e-06,-4.41335e-05,-4.41335e-05,0,2,0,0.00530705
2024-09-06 00:00:00+00:00,8.00311e-07,1.06286,4.68844e-05,-1.52008e-05,-1.14531e-06,0.00032888,1.05242e-07,1.31552e-08,9.02294e-10,4.71141e-09,9.14899e-07,7.78648e-07,0,0.520833,0,0.00274107
2024-09-07 00:00:00+00:00,0,1.06286,0,0,0,0,0,0,0,0,0,0,0,0,0,0.00353804
2024-09-08 00:00:00+00:00,0,1.06286,0,0,0,0,0,0,0,0,0,0,0,0,0,0.00378308
2024-09-09 00:00:00+00:00,0,1.06286,0,0,0,0,0,0,0,0,0,0,0,0,0,0.00184816
2024-09-10 00:00:00+00:00,0,1.06286,0,0,0,0,0,0,0,0,0,0,0,0,0,0.00208962
2024-09-11 00:00:00+00:00,0,1.06286,0,0,0,0,0,0,0,0,0,0,0,0,0,0.00333679
2024-09-12 00:00:00+00:00,0,1.06286,0,0,0,0,0,0,0,0,0,0,0,0,0,0.00627814
2024-09-13 00:00:00+00:00,0,1.06286,0,0,0,0,0,0,0,0,0,0,0,0,0,0.00620658
2024-09-14 00:00:00+00:00,0,1.06286,0,0,0,0,0,0,0,0,0,0,0,0,0,0.00554693
2024-09-15 00:00:00+00:00,-3.33713e-05,1.06282,0.000330153,0.000330153,0.000442513,0.00338669,1.08374e-06,1.09594e-06,1.25067e-07,1.89002e-06,-3.29563e-05,-3.29563e-05,0,0.333333,0,0.00961583
2024-09-16 00:00:00+00:00,-0.000180127,1.06263,0.00430941,0.00227776,0.00306977,0.0388043,1.24173e-05,1.43563e-05,1.42433e-06,1.37438e-05,-0.000165672,-0.000116985,-4.86874e-05,1.5,0,0.0114044
2024-09-17 00:00:00+00:00,0.000386506,1.06304,0.00906007,0.003042,0.00388841,0.0698005,2.23369e-05,2.50731e-05,2.85369e-06,2.76117e-05,0.000409209,0.000718161,-0.000308952,2.5625,0,0.011708
2024-09-18 00:00:00+00:00,-0.000284243,1.06274,0.011636,-0.000746673,-0.00101825,0.0971327,3.10817e-05,2.31939e-05,4.02968e-06,3.98907e-05,-0.000265753,0.000371217,-0.000636856,3.04167,0,0.0136398
2024-09-19 00:00:00+00:00,0.00137995,1.0642,0.0626313,0.00539849,-0.00159081,0.376922,0.000120617,3.17309e-05,1.21808e-05,8.99147e-05,0.00145535,0.00199381,-0.000538526,10.6667,0,0.0134886
2024-09-20 00:00:00+00:00,-0.000390296,1.06379,0.0436204,0.00830927,0.0022186,0.220476,7.05515e-05,1.57545e-05,4.94055e-06,5.23499e-05,-0.000350951,0.000261111,-0.000611766,10.2708,0,0.0102127
2024-09-21 00:00:00+00:00,2.98815e-05,1.06382,0.00940805,0.00265376,0.00267186,0.0647165,2.07094e-05,1.21399e-05,2.37613e-06,1.12862e-05,5.38745e-05,2.63858e-06,5.15213e-05,5.47917,0,0.00801981
2024-09-22 00:00:00+00:00,-0.000109274,1.0637,0.00311535,0.00100441,0.00136441,0.0213568,6.83413e-06,3.53289e-06,6.17989e-07,1.75547e-06,-0.000100039,-0.000261514,0.000162282,2.875,0,0.00610882
2024-09-23 00:00:00+00:00,-5.43676e-06,1.0637,0.00036615,0.00036615,0.000453749,0.00347906,1.1133e-06,1.39163e-07,1.29901e-07,-4.52004e-08,-4.00881e-06,-3.7921e-06,0,0.645833,0,0.00552314
2024-09-24 00:00:00+00:00,-7.60652e-05,1.06362,0.00218498,-0.000388573,-0.000517658,0.0199744,6.39182e-06,7.98977e-07,5.4712e-07,2.1781e-07,-6.85462e-05,1.25373e-05,-8.10835e-05,2.125,0,0.00762233
2024-09-25 00:00:00+00:00,7.67911e-05,1.0637,0.00333077,-0.00224996,-0.00262719,0.0272993,8.73575e-06,1.45981e-06,9.12988e-07,9.58972e-07,8.69494e-05,-9.97288e-05,0.000186811,3.0625,0,0.00591987
2024-09-26 00:00:00+00:00,0.000130166,1.06384,0.000651821,-0.000649958,-0.000793107,0.00615067,1.96822e-06,3.71628e-07,2.62085e-07,2.21471e-07,0.000132542,-3.07494e-07,0.00013231,1.04167,0,0.00378008
2024-09-27 00:00:00+00:00,-1.62897e-05,1.06382,0.000166302,-0.000166302,-0.000204281,0.000837558,2.68018e-07,3.35023e-08,5.84463e-09,3.85651e-08,-1.6021e-05,0,-1.59216e-05,0.645833,0,0.00077191
2024-09-28 00:00:00+00:00,0,1.06382,0,0,0,0,0,0,0,0,0,0,0,0,0,0
2024-09-29 00:00:00+00:00,0,1.06382,0,0,0,0,0,0,0,0,0,0,0,0,0,0
2024-09-30 00:00:00+00:00,0,1.06382,0,0,0,0,0,0,0,0,0,0,0,0,0,0
2024-10-01 00:00:00+00:00,0,1.06382,0,0,0,0,0,0,0,0,0,0,0,0,0,0
2024-10-02 00:00:00+00:00,0,1.06382,0,0,0,0,0,0,0,0,0,0,0,0,0,0
2024-10-03 00:00:00+00:00,0,1.06382,0,0,0,0,0,0,0,0,0,0,0,0,0,0
2024-10-04 00:00:00+00:00,0,1.06382,0,0,0,0,0,0,0,0,0,0,0,0,0,0
2024-10-05 00:00:00+00:00,0,1.06382,0,0,0,0,0,0,0,0,0,0,0,0,0,0.000407227
2024-10-06 00:00:00+00:00,0,1.06382,0,0,0,0,0,0,0,0,0,0,0,0,0,0
2024-10-07 00:00:00+00:00,0,1.06382,0,0,0,0,0,0,0,0,0,0,0,0,0,0
2024-10-08 00:00:00+00:00,0,1.06382,0,0,0,0,0,0,0,0,0,0,0,0,0,0
2024-10-09 00:00:00+00:00,0,1.06382,0,0,0,0,0,0,0,0,0,0,0,0,0,0
2024-10-10 00:00:00+00:00,0,1.06382,0,0,0,0,0,0,0,0,0,0,0,0,0,0
2024-10-11 00:00:00+00:00,0,1.06382,0,0,0,0,0,0,0,0,0,0,0,0,0,0
2024-10-12 00:00:00+00:00,0,1.06382,0,0,0,0,0,0,0,0,0,0,0,0,0,0
2024-10-13 00:00:00+00:00,0,1.06382,0,0,0,0,0,0,0,0,0,0,0,0,0,0.000461359
2024-10-14 00:00:00+00:00,0,1.06382,0,0,0,0,0,0,0,0,0,0,0,0,0,0.00338012
2024-10-15 00:00:00+00:00,0,1.06382,0,0,0,0,0,0,0,0,0,0,0,0,0,0.00396963
2024-10-16 00:00:00+00:00,0,1.06382,0,0,0,0,0,0,0,0,0,0,0,0,0,0.00440679
2024-10-17 00:00:00+00:00,0,1.06382,0,0,0,0,0,0,0,0,0,0,0,0,0,0.00466842
2024-10-18 00:00:00+00:00,-9.81991e-06,1.06381,0.000135495,0.000135495,0.000113622,0.00232673,7.44554e-07,9.30692e-08,4.46858e-08,-1.54103e-07,-8.7835e-06,-8.7835e-06,0,0.0833333,0,0.00707616
2024-10-19 00:00:00+00:00,0.00017815,1.064,0.00860176,0.00351007,0.00171942,0.0739486,2.36636e-05,3.12194e-06,1.53417e-06,-1.22539e-06,0.000207724,3.23151e-05,0.000175409,2.5,0,0.0105838
2024-10-20 00:00:00+00:00,-0.000661876,1.0633,0.0324181,0.00949906,0.00549557,0.220471,7.0549e-05,1.93224e-05,4.62452e-06,-2.10376e-06,-0.000565319,-0.000248908,-0.000316412,9.60417,0,0.0128755
2024-10-21 00:00:00+00:00,0.00217311,1.06561,0.0452976,0.00568434,-0.00389391,0.290709,9.30312e-05,4.46107e-05,1.48492e-05,1.77398e-06,0.0023225,0.000566704,0.00166821,7.9375,0,0.0125652
2024-10-22 00:00:00+00:00,-0.00317746,1.06222,0.0513465,0.00750861,0.000303394,0.304986,9.75877e-05,6.06814e-05,9.0139e-06,1.81007e-06,-0.00301584,-0.00170137,-0.00131447,8.04167,0,0.0149176
2024-10-23 00:00:00+00:00,-0.00212391,1.05996,0.0314936,0.00983889,0.00259563,0.211204,6.75821e-05,3.3785e-05,3.89322e-06,-5.1811e-06,-0.00201538,-0.0019651,-5.02787e-05,8.72917,0,0.0141856
2024-10-24 00:00:00+00:00,0.000298329,1.06028,0.0183249,-4.23749e-06,-0.00201294,0.152994,4.89584e-05,1.82642e-05,2.83614e-06,-2.2434e-06,0.00037071,0.000355714,1.49513e-05,6.60417,0,0.0117122
2024-10-25 00:00:00+00:00,0.000547622,1.06086,0.048238,0.00235338,-0.00219764,0.286369,9.16491e-05,2.2383e-05,7.22951e-06,1.81881e-06,0.000667847,-0.00189759,0.00256549,7.35417,0,0.0136544
2024-10-26 00:00:00+00:00,0.00200194,1.06298,0.084295,0.00723532,-0.00169026,0.394395,0.00012621,4.95773e-05,1.10635e-05,5.15317e-07,0.00218705,0.00179699,0.00038959,14.4375,0,0.0153556
2024-10-27 00:00:00+00:00,-0.00201116,1.06085,0.0937095,0.00692584,-0.00335049,0.272197,8.70993e-05,3.10666e-05,5.55636e-06,-1.96686e-06,-0.00188682,-0.000169335,-0.00171752,14.375,0,0.0182268
2024-10-28 00:00:00+00:00,-6.77127e-05,1.06078,0.156545,0.021227,0.000877243,0.642173,0.000205504,7.33396e-05,2.40661e-05,-2.26206e-05,0.000260518,-0.000132391,0.000394264,12.5833,0,0.0188263
2024-10-29 00:00:00+00:00,0.000898899,1.06173,0.147092,0.0193889,0.00106155,0.653243,0.000209045,6.42951e-05,2.07261e-05,-3.3e-05,0.00122761,0.00475587,-0.00352813,15.625,0,0.0197085
2024-10-30 00:00:00+00:00,0.00034835,1.0621,0.0945454,0.0103206,-0.000996316,0.512166,0.000163895,3.13826e-05,1.28796e-05,-1.62577e-05,0.00057304,-0.00210543,0.00267835,15.125,0,0.0173048
2024-10-31 00:00:00+00:00,-0.000935629,1.0611,0.0822292,0.00584285,-0.00310778,0.304012,9.72824e-05,2.68236e-05,7.06629e-06,-1.13448e-06,-0.000802005,-0.000396074,-0.000405758,11.875,0,0.0160539
2024-11-01 00:00:00+00:00,0.00223682,1.06348,0.069094,-0.00415826,-0.00224947,0.290941,9.31058e-05,3.24867e-05,7.41033e-06,3.31758e-06,0.00236605,0.000170913,0.00219573,9.14583,0,0.0151301
2024-11-02 00:00:00+00:00,-0.00110103,1.06231,0.0496168,-0.00476498,-0.000215876,0.174466,5.58285e-05,2.67191e-05,5.00291e-06,1.89772e-06,-0.00101535,-0.000439885,-0.000575271,9.4375,0,0.0168714
2024-11-03 00:00:00+00:00,0.00016791,1.06249,0.0518935,-0.00577935,-0.00051006,0.122599,3.92322e-05,1.73429e-05,3.79944e-06,2.07259e-06,0.000227086,-0.000255458,0.000482247,4.9375,0,0.0158122
2024-11-04 00:00:00+00:00,8.81839e-05,1.06258,0.0641141,-0.0078147,-0.00170285,0.28052,8.97667e-05,3.23449e-05,8.62714e-06,2.90331e-06,0.000216471,-0.00184983,0.0020663,8.39583,0,0.0161856
2024-11-05 00:00:00+00:00,0.0020302,1.06474,0.0562911,-0.00186953,0.00144187,0.288588,9.23515e-05,5.62368e-05,9.35644e-06,1.11523e-06,0.00218574,0.00245031,-0.000264548,9.5625,0,0.0159639
2024-11-06 00:00:00+00:00,-0.00485905,1.05956,0.104979,-0.00783044,-0.00263462,0.484999,0.000155181,4.15375e-05,1.73716e-05,-1.39037e-06,-0.00465261,0.00394067,-0.00859282,13.375,0,0.0182023
2024-11-07 00:00:00+00:00,-0.000857048,1.05865,0.0852387,-0.000780784,-0.00232228,0.362142,0.000115882,2.36455e-05,1.22958e-05,2.56679e-06,-0.000706949,-0.000244878,-0.000462187,13.2083,0,0.0160663
2024-11-08 00:00:00+00:00,-0.000479102,1.05815,0.0749541,0.00794238,0.000411985,0.329709,0.000105509,2.2937e-05,9.78249e-06,-2.07241e-06,-0.000337302,5.55831e-06,-0.000343324,10.5208,0,0.0143208
2024-11-09 00:00:00+00:00,-2.2779e-05,1.05812,0.0871429,0.00601624,-0.000993452,0.42499,0.000135997,1.96972e-05,1.54564e-05,-3.05922e-06,0.000152777,0.0019004,-0.00174744,11.2292,0,0.0157069
2024-11-10 00:00:00+00:00,-0.000823107,1.05725,0.0612862,0.00724673,-0.00252319,0.397382,0.000127162,2.22388e-05,1.32516e-05,-7.65819e-06,-0.000652202,0.000769758,-0.00142162,11.4583,0,0.0141903
2024-11-11 00:00:00+00:00,-0.000204497,1.05704,0.0672515,0.0170016,0.00414925,0.510549,0.000163373,4.16159e-05,2.2142e-05,8.59887e-06,1.58199e-05,0.00188225,-0.001878,14.7083,0,0.0128815
2024-11-12 00:00:00+00:00,-0.001177,1.05579,0.0657899,0.0143718,0.00596048,0.439003,0.000140477,4.42663e-05,1.77914e-05,-9.11941e-09,-0.000973741,-0.00217896,0.00120543,13.6458,0,0.0130757
2024-11-13 00:00:00+00:00,0.000286348,1.05609,0.032498,0.0093829,0.00434732,0.26959,8.66609e-05,5.21186e-05,8.61818e-06,1.17355e-06,0.000432802,-0.00082099,0.00125532,11.125,1,0.0123355
2024-11-14 00:00:00+00:00,0.000478254,1.0566,0.00931672,0.00383754,0.00177875,0.0922976,2.95355e-05,6.63949e-06,2.42052e-06,-3.7098e-07,0.000517269,0.000314217,0.000202987,7.0625,0,0.00896441
2024-11-15 00:00:00+00:00,0.000707599,1.05735,0.0223076,0.00498032,0.000529334,0.213506,6.83236e-05,2.34415e-05,5.52909e-06,4.09228e-06,0.000800686,0.00130534,-0.00050327,7.91667,0,0.0115382
2024-11-16 00:00:00+00:00,0.0029112,1.06043,0.0609757,0.011146,0.00035969,0.40774,0.000130486,5.89142e-05,1.0491e-05,8.16519e-06,0.00309966,0.00186055,0.00123914,10.9375,0,0.0147786
2024-11-17 00:00:00+00:00,0.000232065,1.06067,0.0840355,0.0168539,0.00194094,0.496623,0.000158921,5.5719e-05,1.20474e-05,1.92425e-05,0.000440507,-0.000591349,0.00103124,14.7083,0,0.0155864
2024-11-18 00:00:00+00:00,0.000621784,1.06133,0.0847567,0.0104894,-0.00166865,0.580018,0.000185617,0.00012446,1.68589e-05,2.70874e-05,0.000922833,0.000843511,-2.15578e-05,15.2917,0,0.0157854
2024-11-19 00:00:00+00:00,0.00166302,1.0631,0.0791386,0.00739643,-0.00176436,0.543586,0.00017395,0.000116515,1.46438e-05,2.313e-06,0.00196597,-0.000256031,0.0022222,15.6667,0,0.0155949
2024-11-20 00:00:00+00:00,0.00260764,1.06587,0.0816815,0.0100574,0.000904475,0.475901,0.000152297,8.60242e-05,1.0434e-05,-2.1082e-06,0.00285593,0.000335438,0.00252112,14.6458,0,0.0158109
2024-11-21 00:00:00+00:00,0.000373986,1.06627,0.147847,0.0118858,-0.00216804,0.753323,0.000241067,0.000106371,1.93915e-05,-7.31105e-06,0.000751371,0.00574674,-0.00499537,17.4792,0,0.0198001
2024-11-22 00:00:00+00:00,0.000340814,1.06663,0.20622,0.0174331,0.00024879,0.769968,0.000246408,0.000190484,2.20124e-05,-1.58233e-05,0.00081944,0.00260853,-0.00178911,18.0208,0,0.0263633
2024-11-23 00:00:00+00:00,-0.00685295,1.05932,0.16996,0.0017964,-0.0031578,0.63876,0.000208682,0.000207788,2.50641e-05,-3.94112e-06,-0.00642198,0.00218486,-0.00860731,15.7708,1,0.0264866
2024-11-24 00:00:00+00:00,-0.00330369,1.05582,0.0956686,0.000118917,-0.00489239,0.549427,0.000175805,0.000156527,2.16234e-05,2.37854e-06,-0.00295463,-0.00126638,-0.00168682,14.2083,0,0.0214677
2024-11-25 00:00:00+00:00,-0.00336779,1.05227,0.127123,0.0169609,0.00148991,0.60195,0.000192611,0.000269178,2.96434e-05,5.92385e-06,-0.0028828,-0.00390749,0.000767665,15.9583,0,0.0195515
2024-11-26 00:00:00+00:00,0.00211356,1.05449,0.0950272,0.00606654,-0.000371662,0.382982,0.00012256,0.0001235,9.88606e-06,-3.33336e-06,0.00237336,-0.00190052,0.00427395,12.4167,0,0.0173908
2024-11-27 00:00:00+00:00,0.00163483,1.05621,0.064358,0.00147437,-0.00110043,0.234114,7.4919e-05,9.19845e-05,5.42219e-06,1.52279e-05,0.00179201,0.00253697,-0.000744557,8.89583,0,0.0184255
2024-11-28 00:00:00+00:00,-0.000149801,1.05606,0.041105,-0.000896768,-0.00266057,0.251816,8.05799e-05,0.000117723,5.66056e-06,8.81029e-06,4.63819e-05,0.000827223,-0.000781032,9.08333,0,0.0204947
2024-11-29 00:00:00+00:00,-0.00054499,1.05548,0.045218,-0.00126786,-0.00526375,0.322088,0.000103063,0.000134545,6.29033e-06,6.40288e-06,-0.00030535,0.0007359,-0.00104153,9.72917,0,0.0196002
2024-11-30 00:00:00+00:00,0.00245959,1.05808,0.0570968,0.0102921,0.000248282,0.365489,0.000116961,9.5786e-05,6.84762e-06,1.04969e-05,0.00266638,0.00146571,0.00120087,10.8542,0,0.0190802
2024-12-01 00:00:00+00:00,-0.00108068,1.05693,0.0885641,0.00622575,-0.000433981,0.563667,0.000180363,0.00017102,1.38158e-05,-1.78412e-06,-0.000710761,0.00243772,-0.00314848,12.3542,0,0.0201684
2024-12-02 00:00:00+00:00,0.00504838,1.06227,0.140337,0.0202106,0.00495393,0.790673,0.000253452,0.000182085,2.50249e-05,-6.93323e-06,0.00550949,0.00280081,0.00270712,17.6667,1,0.0192175
2024-12-03 00:00:00+00:00,0.000535279,1.06284,0.183669,0.0304846,0.011216,0.76076,0.000243454,0.000185264,1.86163e-05,1.80141e-05,0.000972673,0.000143425,0.000827863,21.3125,0,0.0217333
2024-12-04 00:00:00+00:00,0.00403679,1.06713,0.179016,0.0261454,0.01044,0.789545,0.000252674,0.000133204,2.06552e-05,6.46844e-06,0.00443917,0.00540066,-0.00096133,19.8958,0,0.0244094
2024-12-05 00:00:00+00:00,-0.00481803,1.06199,0.262316,0.0370982,0.0076864,0.870468,0.000278505,0.000118681,2.27262e-05,6.8662e-06,-0.00440336,-0.00144199,-0.00296085,25.4583,0,0.0269203
2024-12-06 00:00:00+00:00,0.000383037,1.06239,0.219049,0.0259937,0.0041403,0.731567,0.0002341,0.000116201,2.03654e-05,1.87905e-06,0.000756533,0.00424922,-0.00349243,19.0833,0,0.0258795
2024-12-07 00:00:00+00:00,-0.00353714,1.05863,0.23775,0.0201792,-0.00176002,0.720463,0.00023051,0.000118396,1.76656e-05,4.85082e-05,-0.00321521,0.00319253,-0.00640773,20.7292,0,0.0268879
2024-12-08 00:00:00+00:00,0.00230132,1.06107,0.163752,0.0052254,-0.0074339,0.54118,0.000173189,7.12831e-05,1.07343e-05,3.78422e-05,0.00251893,0.000350995,0.00216798,17.9792,0,0.0229172
2024-12-09 00:00:00+00:00,-0.00523471,1.05552,0.184957,0.0272601,0.00581529,0.770168,0.000246432,9.69191e-05,2.09375e-05,1.38703e-06,-0.00487626,-0.0161631,0.0112896,19.625,0,0.022521
2024-12-10 00:00:00+00:00,0.00849838,1.06449,0.246526,0.0215176,0.00730761,0.717457,0.00022963,4.94167e-05,1.80708e-05,-1.9195e-05,0.00878955,0.00511682,0.00367285,21.375,0,0.023449
2024-12-11 00:00:00+00:00,0.00629221,1.07118,0.302111,0.0275462,0.0102049,0.574744,0.000183954,4.67964e-05,1.31921e-05,-2.05688e-06,0.00652798,0.0137947,-0.00726548,20.9583,0,0.0263221
2024-12-12 00:00:00+00:00,0.00920935,1.08105,0.375842,0.0353251,0.00574471,0.447375,0.000143226,2.46219e-05,1.2638e-05,-1.09691e-05,0.00937468,0.00506702,0.00430766,23.2917,0,0.0294595
2024-12-13 00:00:00+00:00,0.00747692,1.08913,0.529729,0.0460123,0.00457087,0.281867,9.01353e-05,1.19176e-05,9.62061e-06,7.49786e-07,0.00758954,0.011732,-0.00414242,26.625,0,0.0325006
2024-12-14 00:00:00+00:00,-0.00382881,1.08496,0.657519,0.0609962,0.00650063,0.159285,5.09686e-05,6.5844e-06,3.46147e-06,3.79182e-05,-0.00379822,-0.0167349,0.0129367,29.7083,0,0.0353203
2024-12-15 00:00:00+00:00,0.0127825,1.09883,0.790132,0.0694447,0.0066623,0.33554,0.000107432,1.52057e-05,9.95113e-06,3.01827e-05,0.0128337,0.0220899,-0.00925618,30,0,0.0353015
2024-12-16 00:00:00+00:00,0.0156673,1.11605,1.00887,0.0474185,-0.00674023,0.587392,0.000188044,2.68476e-05,2.53858e-05,-5.14432e-07,0.0158221,-0.00192046,0.0174413,29.8125,0,0.0394669
2024-12-17 00:00:00+00:00,-0.00349244,1.11215,1.06311,0.0479432,-0.0130027,0.356428,0.000114053,8.41959e-05,1.24583e-05,5.61761e-06,-0.00323572,-0.0122727,0.00901878,29.9375,0,0.0434017
2024-12-18 00:00:00+00:00,0.00531862,1.11806,1.16804,0.0617427,-0.00408291,0.627849,0.000201048,9.91338e-05,2.69311e-05,7.24501e-05,0.00561446,-0.0522478,0.0578623,29,0,0.0416308
2024-12-19 00:00:00+00:00,0.00738223,1.12632,1.17415,0.0497689,0.00457566,0.6643,0.000212587,3.28458e-05,3.44685e-05,-2.13106e-05,0.00769783,-0.0441089,0.0518068,29.4792,0,0.0418126
2024-12-20 00:00:00+00:00,-0.00408989,1.12171,1.18972,0.0251035,0.00245949,0.909791,0.000291186,5.37634e-05,5.15992e-05,8.80952e-06,-0.00363719,0.0249606,-0.0285978,30,0,0.040676
2024-12-21 00:00:00+00:00,0.00681395,1.12935,1.31786,0.0405965,0.00158743,0.812598,0.000260085,3.25107e-05,3.76135e-05,0.000110737,0.00703648,-0.0273318,0.0343682,30,0,0.0414153
2024-12-22 00:00:00+00:00,0.00102613,1.13051,1.52688,0.0543705,0.00203705,0.414944,0.000132783,1.65978e-05,1.56771e-05,9.32535e-05,0.00112375,-0.00182706,0.00295081,30,0,0.0411817
2024-12-23 00:00:00+00:00,-0.00911799,1.12021,1.5747,0.0653173,-0.00867063,1.86699,0.000597585,7.77679e-05,0.000166125,0.000121495,-0.00838423,0.054078,-0.0625961,30,0,0.0423381
2024-12-24 00:00:00+00:00,-0.0106618,1.10826,1.26448,0.0800637,0.000499057,1.69499,0.000542167,6.77709e-05,4.97906e-05,4.34973e-05,-0.0100401,0.00919769,-0.0192378,30,0,0.0434157
2024-12-25 00:00:00+00:00,0.00106914,1.10945,1.22159,0.0790117,0.00632548,0.570867,0.000182712,2.28549e-05,1.838e-05,6.12928e-05,0.00125219,-0.0123881,0.0136403,30,0,0.039642
2024-12-26 00:00:00+00:00,0.00372164,1.11358,1.28818,0.0810921,0.0159517,0.512168,0.000163877,2.04847e-05,1.96911e-05,0.000120807,0.00382458,-0.0367444,0.040569,30,0,0.0389807
2024-12-27 00:00:00+00:00,0.0035987,1.11758,1.34813,0.0533831,0.00302637,0.836615,0.000268015,3.7894e-05,3.92506e-05,3.99028e-05,0.00393748,-0.000636338,0.00457382,30,0,0.0405756
2024-12-28 00:00:00+00:00,0.00520646,1.1234,1.231,0.0579996,0.00172394,1.35279,0.000432931,5.77283e-05,3.54246e-05,4.26121e-05,0.00569012,0.0218015,-0.0161114,30,0,0.0394991
2024-12-29 00:00:00+00:00,0.00425051,1.12818,0.906926,0.0779328,0.00651456,0.336769,0.000107766,1.52672e-05,8.75697e-06,7.22849e-06,0.00437501,-0.0152391,0.0196141,30,0,0.0384525
2024-12-30 00:00:00+00:00,-0.00312758,1.12465,1.18727,0.173376,0.055762,0.81351,0.000260382,0.000101554,7.1192e-05,0.000506931,-0.00314729,-0.00354534,0.000330536,30,0,0.0385335
2024-12-31 00:00:00+00:00,-0.0104771,1.11287,1.12587,0.146137,0.0335606,0.55416,0.000177186,4.72537e-05,2.08645e-05,7.52592e-05,-0.0102558,-0.00425937,-0.00599641,30,0,0.0371477
2025-01-01 00:00:00+00:00,0.00653437,1.12014,1.10646,0.133842,0.0249064,0.45377,0.000145163,3.1035e-05,1.04933e-05,7.58485e-05,0.0066744,0.0267019,-0.0200275,30,0,0.0352748
2025-01-02 00:00:00+00:00,0.00789719,1.12898,1.20146,0.17769,0.0192018,0.765834,0.000245128,0.000114669,2.60018e-05,3.8912e-05,0.00827148,0.0287296,-0.0204582,30,0,0.0360495
2025-01-03 00:00:00+00:00,-0.00212736,1.12658,1.21305,0.137085,0.022092,0.974859,0.000311819,9.72098e-05,3.13828e-05,0.000262817,-0.00191394,0.0378406,-0.0397719,29.9792,0,0.0373946
2025-01-04 00:00:00+00:00,-0.00416839,1.12189,1.14667,0.146256,0.0292291,0.430582,0.000137788,4.75787e-05,1.41202e-05,0.000361306,-0.00431383,-0.00437425,6.04195e-05,30,0,0.0369897
2025-01-05 00:00:00+00:00,-0.0031607,1.11834,1.21368,0.1476,0.0326131,0.176581,5.64935e-05,1.1148e-05,4.8035e-06,0.000228527,-0.00330878,-0.00829471,0.00498593,30,0,0.0343406
2025-01-06 00:00:00+00:00,0.000235876,1.1186,1.23599,0.266841,0.0364786,0.620816,0.000198648,3.80839e-05,4.88756e-05,0.000314456,0.000236445,0.00765086,-0.00707679,27.4167,0,0.032711
2025-01-07 00:00:00+00:00,0.000817623,1.11952,1.20931,0.205133,0.0120859,0.470526,0.00015057,2.57609e-05,1.70191e-05,0.000477088,0.00056782,-0.0490955,0.0496633,29,0,0.0330382
2025-01-08 00:00:00+00:00,0.00637975,1.12666,1.15914,0.121986,0.0102751,0.192861,6.171e-05,1.00866e-05,8.25277e-06,0.000370881,0.00610707,-0.0194838,0.0255909,29,0,0.0315308
2025-01-09 00:00:00+00:00,-0.0096835,1.11575,1.19372,0.0959151,0.0149731,0.243432,7.78091e-05,1.56633e-05,1.36553e-05,0.000158783,-0.00974179,-0.0365647,0.0268229,29.6875,0,0.0294324
2025-01-10 00:00:00+00:00,0.00221595,1.11822,1.26944,0.108013,0.0115745,0.180852,5.79039e-05,7.76843e-06,9.04457e-06,0.000402182,0.00191279,0.0157041,-0.0137914,30,0,0.0287353
2025-01-11 00:00:00+00:00,0.00698068,1.12603,1.33762,0.122473,0.0083165,0.180823,5.78964e-05,1.80534e-05,8.19711e-06,0.000561254,0.00651365,0.0127549,-0.00624127,30,0,0.0290706
2025-01-12 00:00:00+00:00,-0.00700399,1.11814,1.37214,0.113235,0.00781269,0.134108,4.28944e-05,1.25497e-05,4.44635e-06,0.000354777,-0.00730819,-0.0201042,0.012796,30,0,0.0276184
2025-01-13 00:00:00+00:00,-0.0037827,1.11391,0.580891,0.0455424,0.00307312,1.61173,0.000515425,9.18269e-05,8.55581e-05,0.000320668,-0.00338185,-0.0165347,0.0130937,29.1458,0,0.0232893
2025-01-14 00:00:00+00:00,-0.00182025,1.11188,0.542105,0.0654008,0.0103939,0.106758,3.41633e-05,5.35321e-06,6.312e-06,0.000531167,-0.00229621,0.00709917,-0.00939538,30,0,0.0229254
2025-01-15 00:00:00+00:00,-0.00289075,1.10867,0.569836,0.0722063,0.0115485,0.110154,3.5253e-05,1.46428e-05,5.15147e-06,0.000317246,-0.00314302,0.0163609,-0.0195039,30,0,0.0195083
2025-01-16 00:00:00+00:00,-0.00100759,1.10755,0.585153,0.0684437,0.00781525,0.108024,3.46194e-05,5.78921e-06,7.61508e-06,0.000499962,-0.00144033,-0.00492961,0.00348927,30,0,0.0172781
2025-01-17 00:00:00+00:00,-0.00379596,1.10335,0.578355,0.0633548,0.00715353,0.0773012,2.47403e-05,6.95144e-06,3.82001e-06,0.000674993,-0.00442876,0.014495,-0.0189238,30,0,0.0152754
2025-01-18 00:00:00+00:00,0.00523927,1.10913,0.486319,0.055786,0.00337305,0.173432,5.55173e-05,1.0072e-05,1.37569e-05,0.00117445,0.00415043,-0.0138818,0.0180322,30,0,0.0145939
2025-01-19 00:00:00+00:00,-0.00870018,1.09948,0.438184,0.0437013,-0.00187717,0.142741,4.5636e-05,1.3222e-05,6.14627e-06,0.000105191,-0.00875478,-0.02242,0.0136652,30,0,0.0142511
2025-01-20 00:00:00+00:00,0.00011401,1.09961,0.359611,0.0293311,0.00207591,0.0703974,2.25155e-05,6.40189e-06,6.02991e-06,1.03767e-05,0.00015642,0.00107305,-0.000916633,30,0,0.0131548
2025-01-21 00:00:00+00:00,-0.00614735,1.09285,0.301591,0.0249054,0.00186267,0.107684,3.43952e-05,8.53599e-06,1.17393e-05,-1.51802e-05,-0.00608561,0.00264949,-0.0087351,30,0,0.0103531
2025-01-22 00:00:00+00:00,0.0020835,1.09512,0.24574,0.0197273,0.00523921,0.0177461,5.67941e-06,7.09926e-07,1.04616e-06,-9.24479e-06,0.00210021,-0.00144679,0.003547,30,0,0.00861987
2025-01-23 00:00:00+00:00,0.000687437,1.09588,0.240169,0.0154449,0.0012875,0.0266239,8.51852e-06,6.08743e-06,2.05539e-06,2.54815e-06,0.000703131,-1.67201e-05,0.000719851,30,0,0.00910511
2025-01-24 00:00:00+00:00,0.00252675,1.09864,0.242924,0.0166579,0.00156887,0.00279935,8.96523e-07,1.12065e-07,2.12114e-07,8.40099e-07,0.00252589,-0.000960682,0.00348657,30,0,0.00874182
2025-01-25 00:00:00+00:00,0.00154139,1.10034,0.243511,0.0162318,-3.29834e-05,0.0137396,4.39727e-06,5.80493e-07,6.67596e-07,1.28482e-06,0.00154614,0.00145782,8.83178e-05,30,0,0.0111374
2025-01-26 00:00:00+00:00,-0.000232433,1.10008,0.253119,0.0171445,0.000233281,0.0083207,2.66253e-06,9.18506e-07,6.30041e-07,-4.86876e-07,-0.000226764,-0.00463298,0.00440622,30,0,0.0122696
2025-01-27 00:00:00+00:00,0.00258174,1.10292,0.240541,0.00166599,-0.00244242,0.0523732,1.67595e-05,1.09073e-05,3.05397e-06,1.44658e-05,0.00259748,-0.000487282,0.00311002,29,0,0.013321
2025-01-28 00:00:00+00:00,0.00673957,1.11036,0.264503,-0.00140493,-0.000647053,0.0703661,2.25331e-05,5.62277e-06,3.19846e-06,2.02339e-05,0.00673199,-0.00682608,0.0135581,29.0417,0,0.0158169
2025-01-29 00:00:00+00:00,-0.00473274,1.1051,0.317852,-0.0126748,-0.00155764,0.0569867,1.82311e-05,3.7371e-06,1.77774e-06,1.16411e-05,-0.00472547,0.0027434,-0.00746887,30,0,0.0170337
2025-01-30 00:00:00+00:00,0.00253624,1.1079,0.340036,-0.0127789,-0.00264032,0.00719255,2.30244e-06,2.87805e-07,3.24625e-07,-1.47962e-06,0.00253955,0.00765711,-0.00511756,30,0,0.0143259
2025-01-31 00:00:00+00:00,-0.00248693,1.10515,0.338517,-0.00943763,-0.00531869,0.00876053,2.80299e-06,6.9929e-07,2.81264e-07,5.335e-06,-0.00248584,-0.000943789,-0.00154205,30,0,0.0135753
2025-02-01 00:00:00+00:00,9.75849e-05,1.10526,0.318274,-0.00501934,-0.00519102,0.02066,8.72183e-06,2.91527e-05,3.07292e-06,5.15109e-06,0.000135285,-0.0136374,0.0137727,29.7917,1,0.00955124
2025-02-02 00:00:00+00:00,-0.000839201,1.10433,0.271094,-0.00300784,-0.00246708,0.0455241,1.6283e-05,3.63132e-06,2.47125e-06,3.19979e-06,-0.000817573,-0.0138951,0.0130775,28.9375,1,0.0101091
2025-02-03 00:00:00+00:00,0.000286087,1.10464,0.226001,-0.00644226,-0.000152395,0.149034,4.89808e-05,2.82264e-05,1.1182e-05,-2.61028e-06,0.000387307,0.00543749,-0.00531669,27.8958,1,0.0121433
2025-02-04 00:00:00+00:00,0.000543341,1.10524,0.225212,-0.0128215,-0.000703898,0.0235527,7.53753e-06,9.42191e-07,1.41815e-06,8.02823e-06,0.000547627,-0.00673319,0.00728081,28,0,0.0123223
2025-02-05 00:00:00+00:00,-0.000618933,1.10456,0.20596,-0.0104862,-0.00168166,0.0219868,7.03481e-06,1.20138e-06,1.29185e-06,-5.73687e-06,-0.000602511,-0.00248711,0.0018846,28,0,0.0114061
2025-02-06 00:00:00+00:00,-0.00112605,1.10332,0.191416,-0.0105659,-0.0034198,0.0192122,6.14614e-06,7.68268e-07,5.69303e-07,-3.7368e-05,-0.00108108,-0.00359879,0.00251771,28,0,0.0103543
2025-02-07 00:00:00+00:00,0.000648295,1.10403,0.204553,-0.0131689,-0.00204543,0.053569,1.71426e-05,2.14283e-06,1.6306e-06,-1.26547e-05,0.00068256,0.000658189,2.43716e-05,28.6667,0,0.0124301
2025-02-08 00:00:00+00:00,-0.00043217,1.10355,0.228498,-0.0236598,-0.00098567,0.0526109,1.68336e-05,3.91684e-06,2.1203e-06,-7.37552e-06,-0.00040097,0.00298036,-0.00338133,29.25,0,0.0148093
2025-02-09 00:00:00+00:00,0.00246372,1.10627,0.238899,-0.0192672,-0.00110618,0.115208,3.68668e-05,5.48379e-06,3.6401e-06,1.16193e-05,0.00249716,0.000636154,0.00186236,29.9583,0,0.0174712
2025-02-10 00:00:00+00:00,0.00334984,1.10998,0.309039,-0.0155563,-0.000942615,0.237675,7.84969e-05,1.03195e-05,2.10236e-05,2.12498e-06,0.00345391,0.00491609,-0.00148265,29.6042,1,0.0203196
2025-02-11 00:00:00+00:00,0.000287415,1.1103,0.390622,-0.0086146,-0.00790373,0.226915,7.26116e-05,9.72731e-06,8.89016e-06,2.99184e-05,0.000355948,-0.00150258,0.00185852,30,0,0.0206139
2025-02-12 00:00:00+00:00,0.00279253,1.1134,0.577854,0.00100483,-0.0057518,0.314183,0.000100607,1.49707e-05,2.11072e-05,-1.08198e-05,0.00295494,0.0149864,-0.0120315,30,0,0.0224391
2025-02-13 00:00:00+00:00,0.0065646,1.12071,0.722769,0.0187214,-0.00421823,0.266274,8.52366e-05,1.78441e-05,1.34781e-05,3.87113e-05,0.00662986,-0.00320006,0.00982992,30,0,0.0230848
2025-02-14 00:00:00+00:00,-0.00340406,1.11689,0.770271,0.0746529,6.52964e-05,0.194359,6.21852e-05,1.20009e-05,8.59515e-06,2.51365e-05,-0.00333909,0.0113686,-0.0147077,30,0,0.0241064
2025-02-15 00:00:00+00:00,0.00890313,1.12684,0.734851,0.0823865,0.000784432,0.140359,4.49265e-05,2.34953e-05,6.04282e-06,1.38378e-05,0.00893226,0.000707523,0.00822473,30,0,0.0217483
2025-02-16 00:00:00+00:00,0.00240099,1.12954,0.677697,0.0535997,-0.00234708,0.296052,9.47488e-05,3.34508e-05,9.28482e-06,4.30754e-05,0.0024969,-0.00577603,0.00827292,30,0,0.024651
2025-02-17 00:00:00+00:00,-0.00246173,1.12676,0.81891,0.000510154,-0.00150454,0.21897,7.00498e-05,5.70508e-05,2.29417e-05,2.98403e-05,-0.00233623,-0.00768875,0.00540993,30,0,0.025281
2025-02-18 00:00:00+00:00,-0.00406104,1.12219,0.81744,0.0102061,-0.00257949,0.100792,3.22418e-05,1.9016e-05,4.49928e-06,2.34921e-06,-0.0040064,-0.0175726,0.0135662,30,0,0.0238175
2025-02-19 00:00:00+00:00,-0.00228513,1.11962,0.839027,0.00166515,-0.00366285,0.0901699,2.88549e-05,1.09883e-05,3.71035e-06,5.22727e-05,-0.00229183,0.00592634,-0.00821817,30,0,0.0227474
2025-02-20 00:00:00+00:00,-0.00990703,1.10853,0.912228,0.0319447,0.00270948,0.098365,3.14755e-05,5.86733e-06,5.48099e-06,1.95673e-05,-0.00991559,0.0108985,-0.0208141,30,0,0.0212278
2025-02-21 00:00:00+00:00,-0.00501663,1.10297,0.863622,0.030507,0.00164317,0.13523,4.32637e-05,7.73762e-06,5.68283e-06,0.000156255,-0.00510476,-0.0158084,0.0107036,30,0,0.0183711
2025-02-22 00:00:00+00:00,-0.00364914,1.09894,0.778213,0.0227123,-0.00259258,0.116035,3.92448e-05,5.35148e-06,1.2541e-05,5.05133e-05,-0.00363505,0.0118561,-0.0154911,30,1,0.0158711
2025-02-23 00:00:00+00:00,0.00370971,1.10302,0.754774,0.0281841,-0.00217544,0.022748,7.28081e-06,9.10101e-07,1.04352e-06,7.46896e-05,0.00364156,-0.0044204,0.00806196,30,0,0.0135507
2025-02-24 00:00:00+00:00,-0.00627434,1.0961,0.682165,0.0659395,-0.00753482,0.233197,7.46338e-05,1.88043e-05,2.62134e-05,0.000203151,-0.00636841,-0.0457093,0.0391777,30,0,0.0138621
2025-02-25 00:00:00+00:00,0.00013434,1.09625,0.59317,0.0302895,-0.000594147,0.0366966,1.17417e-05,1.46771e-06,1.66433e-06,9.59133e-05,6.33715e-05,0.00351344,-0.00345007,30,0,0.0119382
2025-02-26 00:00:00+00:00,-0.00638132,1.08925,0.578581,0.0235278,-0.00273857,0.0422931,1.35324e-05,1.69155e-06,2.9944e-06,8.55797e-05,-0.00646083,-0.00788975,0.00142891,30,0,0.0109717
2025-02-27 00:00:00+00:00,0.00336936,1.09292,0.567535,0.0239525,-0.00226049,0.0178308,5.70748e-06,9.93312e-07,9.11865e-07,3.58618e-05,0.00334125,0.00204992,0.00129133,30,0,0.00865471
2025-02-28 00:00:00+00:00,0.00309917,1.09631,0.503605,0.017114,-0.00209701,0.089072,2.85311e-05,3.56639e-06,3.35816e-06,3.95294e-05,0.00309724,0.00140244,0.0016948,30,0,0.00742633
2025-03-01 00:00:00+00:00,-0.00228529,1.0938,0.473548,0.00930537,-0.00643649,0.0282621,9.03799e-06,1.12975e-06,2.06612e-06,3.06352e-05,-0.00230109,-0.00171142,-0.000589672,30,0,0.0072435
2025-03-02 00:00:00+00:00,-0.00604511,1.08719,0.446742,0.00870502,-0.00471384,0.179448,5.73818e-05,7.2561e-06,1.58592e-05,8.85691e-07,-0.00597121,0.0322616,-0.0382328,30,0,0.00911262
2025-03-03 00:00:00+00:00,-0.000736272,1.08639,0.322633,0.00780697,-0.00194414,0.0649697,2.0787e-05,3.73399e-06,7.02686e-06,2.70193e-05,-0.00072685,-0.0271211,0.0264251,26,0,0.00630887
2025-03-04 00:00:00+00:00,0.00562105,1.0925,0.263188,0.000722903,-0.000242025,0.0591217,2.01085e-05,3.97926e-06,3.77176e-06,-3.46887e-05,0.00567082,0.000213433,0.00545739,25.7917,1,0.00782219
2025-03-05 00:00:00+00:00,-0.00186263,1.09046,0.27027,-0.00588804,-0.00366417,0.039455,1.26246e-05,1.57807e-06,2.07196e-06,-9.34201e-06,-0.00183416,0.00544727,-0.00728143,26,0,0.0106414
2025-03-06 00:00:00+00:00,0.00130859,1.09189,0.278411,-0.000471888,-0.00290082,0.018807,6.01722e-06,7.52152e-07,1.11541e-06,-4.51786e-06,0.00132556,-0.00211891,0.00344447,26,0,0.00784059
2025-03-07 00:00:00+00:00,0.000696407,1.09265,0.259162,0.00233478,-0.00244882,0.0153912,4.92501e-06,6.15626e-07,7.83775e-07,-2.76478e-06,0.000707589,-0.00509794,0.00580553,26,0,0.0075658
2025-03-08 00:00:00+00:00,0.00096284,1.0937,0.251287,-6.21811e-05,-0.00210217,0.0272257,8.71163e-06,1.08895e-06,1.02563e-06,-9.78828e-06,0.00098428,-0.00194986,0.00293414,26,0,0.0102988
2025-03-09 00:00:00+00:00,0.00170525,1.09557,0.244374,-0.00214147,-0.00277475,0.0404658,1.295e-05,1.61875e-06,1.64421e-06,-2.85432e-06,0.00172459,-0.0107647,0.0124893,26.4375,0,0.0122395
2025-03-10 00:00:00+00:00,-0.00143288,1.094,0.256942,-0.00903651,-0.00298671,0.191181,6.11901e-05,3.03421e-05,1.18751e-05,2.59928e-05,-0.00135195,-0.00759055,0.00621158,26.9375,0,0.0168437
2025-03-11 00:00:00+00:00,-0.0015232,1.09233,0.322217,-0.0154265,0.000931978,0.0557046,1.78249e-05,4.96652e-06,2.99274e-06,2.19407e-05,-0.00151485,0.00759496,-0.00910981,27,0,0.0186571
2025-03-12 00:00:00+00:00,-0.000643,1.09163,0.352203,-0.00994044,0.00111169,0.0453386,1.45135e-05,2.11431e-06,2.81188e-06,4.56758e-05,-0.00066288,0.00492902,-0.0055919,27.3125,0,0.01684
2025-03-13 00:00:00+00:00,0.00180453,1.0936,0.377496,-0.00376715,-0.000795162,0.0496634,1.58938e-05,4.39399e-06,2.01704e-06,6.06239e-05,0.00176836,-0.00733664,0.009105,28,0,0.015473
2025-03-14 00:00:00+00:00,-0.00275526,1.09059,0.38999,0.000965001,0.0036293,0.0217981,6.97057e-06,8.71321e-07,1.76077e-06,1.80657e-05,-0.00276083,0.00703991,-0.00980075,28,0,0.0148429
2025-03-15 00:00:00+00:00,-0.00192702,1.08848,0.399715,0.000135063,0.000322465,0.00424835,1.35921e-06,1.69901e-07,7.59561e-08,-1.01305e-06,-0.0019209,0.0039098,-0.0058307,28,0,0.0131875
2025-03-16 00:00:00+00:00,0.000791637,1.08935,0.391696,0.00166551,0.000196491,0.00748355,2.39428e-06,2.99286e-07,4.7089e-07,-7.24445e-05,0.000871021,-0.00735299,0.00822402,28.0417,0,0.0138477
2025-03-17 00:00:00+00:00,-0.00448049,1.08446,0.406556,0.0103418,-0.00233693,0.100119,3.20475e-05,9.27167e-06,1.19222e-05,-7.28621e-05,-0.00435606,0.00373581,-0.00807529,29.5208,0,0.015649
2025-03-18 00:00:00+00:00,0.00703185,1.09209,0.394463,0.0165766,0.000690396,0.0565523,1.81062e-05,2.26327e-06,2.68149e-06,-0.000274603,0.0073183,0.00245777,0.00486054,30,0,0.0166716
2025-03-19 00:00:00+00:00,-0.0012706,1.0907,0.397603,0.0251989,-0.000418895,0.0721208,2.30811e-05,1.38204e-05,3.61478e-06,-0.000268946,-0.000955092,0.0102626,-0.0112177,30,0,0.0183147
2025-03-20 00:00:00+00:00,0.00533132,1.09652,0.380928,0.0561183,-0.00419341,0.0952471,3.04832e-05,1.658e-05,4.36064e-06,0.00110702,0.00427082,-0.00198572,0.00625654,30,0,0.0191667
2025-03-21 00:00:00+00:00,0.00676003,1.10393,0.385221,0.05929,0.00219137,0.114451,3.66777e-05,1.41697e-05,8.39004e-06,0.000447202,0.0063809,0.00409473,0.00228617,30,0,0.0201797
2025-03-22 00:00:00+00:00,-0.00814336,1.09494,0.383172,0.0404857,0.0081527,0.0188464,6.02903e-06,1.46327e-06,1.07348e-06,0.00144327,-0.00960397,-0.00628077,-0.0033232,30,0,0.0153403
2025-03-23 00:00:00+00:00,-0.00782223,1.08638,0.379197,0.0398904,0.00972276,0.0407613,1.37601e-05,3.59547e-06,2.31406e-06,8.98564e-05,-0.00791788,-0.000278676,-0.0076392,30,1,0.0109904
2025-03-24 00:00:00+00:00,0.00278526,1.0894,0.343087,0.0359634,0.00998682,0.0746197,2.38824e-05,1.47021e-05,9.43886e-06,0.000136596,0.00269661,0.00858539,-0.00591018,29.9792,0,0.00743845
2025-03-25 00:00:00+00:00,0.000951396,1.09044,0.34006,0.03253,0.00391591,0.0160326,5.13075e-06,2.43309e-06,7.00416e-07,5.9122e-05,0.000901729,0.00124808,-0.000346348,30,0,0.00897771
2025-03-26 00:00:00+00:00,0.00279358,1.09348,0.333647,0.0306053,0.00427066,0.00706234,2.25982e-06,7.90129e-07,3.68718e-07,2.87139e-05,0.002767,-0.00167945,0.00444645,30,0,0.00914429
2025-03-27 00:00:00+00:00,-0.00230628,1.09096,0.330726,0.0304102,0.00727514,0.00846079,2.70779e-06,3.38715e-07,4.77822e-07,1.5947e-05,-0.00231951,-0.00135245,-0.000967055,30,0,0.00981023
2025-03-28 00:00:00+00:00,0.000693574,1.09172,0.30798,0.0220495,0.00528085,0.0312733,1.12342e-05,1.65975e-06,1.60192e-06,6.27098e-05,0.000647133,-0.0111913,0.0118385,30,1,0.0110587
2025-03-29 00:00:00+00:00,0.000867116,1.09267,0.290479,0.0200666,0.00661788,0.0149772,4.79232e-06,5.99041e-07,7.12437e-07,4.24431e-05,0.00083195,-0.0066699,0.00750185,30,0,0.00915245
2025-03-30 00:00:00+00:00,-0.000615978,1.09199,0.288408,0.0202568,0.00822605,0.00204475,6.54198e-07,8.17747e-08,2.00822e-07,4.22503e-05,-0.000656606,-0.000643688,-1.29183e-05,30,0,0.00830422
2025-03-31 00:00:00+00:00,0.00186243,1.09403,0.245626,0.0231975,0.0107833,0.128807,4.12321e-05,5.45923e-06,1.49975e-05,1.65532e-05,0.00190663,5.99388e-05,0.00145213,27.0833,0,0.00981692
2025-04-01 00:00:00+00:00,0.0017458,1.09594,0.299195,0.0277638,0.00654615,0.0920661,2.94631e-05,4.01945e-06,3.71447e-06,3.7368e-05,0.00174594,0.00418616,-0.00244022,28,0,0.0142447
2025-04-02 00:00:00+00:00,0.00409685,1.10043,0.38433,0.0329093,0.00501497,0.134965,4.32634e-05,5.40793e-06,1.05235e-05,7.17947e-05,0.00408788,-0.0119875,0.0160754,28,0,0.0148444
2025-04-03 00:00:00+00:00,-0.0013762,1.09891,0.438292,0.0162439,0.00123617,0.108856,3.48371e-05,4.64099e-06,6.46829e-06,8.8389e-05,-0.00141226,0.0038476,-0.00525986,28.625,0,0.0162636
2025-04-04 00:00:00+00:00,0.0014319,1.10048,0.484783,0.00864337,0.00323101,0.0589601,1.88685e-05,3.38933e-06,4.88554e-06,0.000128635,0.00133713,0.00236932,-0.00103219,29,0,0.0180644
2025-04-05 00:00:00+00:00,-0.00053179,1.0999,0.51821,0.0208134,0.0060764,0.047599,1.52311e-05,4.43102e-06,3.14465e-06,0.00013334,-0.000636826,-0.00367723,0.0030404,29,0,0.0181799
2025-04-06 00:00:00+00:00,0.00293148,1.10312,0.503815,0.0173714,0.00683121,0.123503,3.9535e-05,5.12376e-06,6.97161e-06,2.49814e-05,0.00296174,-0.0307065,0.0336683,29.25,0,0.0179645
2025-04-07 00:00:00+00:00,0.00608383,1.10984,0.421658,0.0218158,0.00628515,0.439943,0.000143173,4.02168e-05,6.05722e-05,-3.22365e-06,0.00632348,0.00606505,0.000497293,27.7292,2,0.0200722
2025-04-08 00:00:00+00:00,0.00473459,1.11509,0.446726,0.0394059,0.0096888,0.215653,6.90264e-05,1.4395e-05,1.17241e-05,-7.44539e-05,0.00490184,-0.00871028,0.0136121,28,0,0.0213609
2025-04-09 00:00:00+00:00,0.00102375,1.11623,0.358719,0.0369126,0.00852343,0.781166,0.000250475,0.000181184,3.62442e-05,-3.61452e-05,0.00153284,0.0165891,-0.0150563,27.6458,1,0.0247525
2025-04-10 00:00:00+00:00,-0.00395878,1.11181,0.207002,0.0252526,-0.000329123,0.230941,7.38996e-05,4.65897e-05,1.18228e-05,2.75515e-05,-0.00385847,-0.00707315,0.00321488,21.1458,0,0.0229311
2025-04-11 00:00:00+00:00,-6.38272e-05,1.11174,0.229229,0.0288447,0.00172694,0.0337351,1.07992e-05,3.43838e-06,1.66122e-06,1.46842e-05,-5.47718e-05,0.00528093,-0.00533571,21.2708,0,0.0186966
2025-04-12 00:00:00+00:00,0.00131754,1.11321,0.246802,0.0226535,0.0015815,0.0867594,2.77821e-05,1.33329e-05,7.6773e-06,1.49312e-05,0.00137339,0.0107291,-0.00935575,23.9375,0,0.0162465
2025-04-13 00:00:00+00:00,0.00473473,1.11848,0.246607,0.00879168,-0.00501974,0.0719727,2.30328e-05,5.71867e-06,3.60162e-06,0.000163084,0.00459883,-0.00283428,0.00743311,25.0625,0,0.0142735
2025-04-14 00:00:00+00:00,0.00338409,1.12226,0.321171,0.0136911,0.00109114,0.147553,4.72224e-05,1.21693e-05,1.06209e-05,0.000322276,0.00312973,0.000630584,0.0024658,26.125,0,0.0175705
2025-04-15 00:00:00+00:00,0.00526654,1.12817,0.385554,-0.000762048,-0.00929852,0.129773,4.15441e-05,5.19302e-06,7.5693e-06,0.000230709,0.00508432,-0.00246061,0.00754493,27,0,0.0211615
2025-04-16 00:00:00+00:00,-0.00421672,1.12342,0.439893,-0.0100048,-0.010614,0.0901775,2.88584e-05,7.82828e-06,4.73773e-06,0.000123429,-0.00429963,-0.0034371,-0.000862531,27,0,0.0244479
2025-04-17 00:00:00+00:00,0.000582821,1.12407,0.300896,0.00532169,-0.00819879,0.621238,0.00019881,0.000131602,2.4232e-05,0.00023019,0.000711898,0.00422801,-0.0035161,26.2083,0,0.0250405
2025-04-18 00:00:00+00:00,-0.00230897,1.12147,0.219436,0.0214829,-0.00320132,0.134644,4.30881e-05,2.057e-05,5.92266e-06,0.000142584,-0.00237994,-0.00111294,-0.001267,25.3542,0,0.0241514
2025-04-19 00:00:00+00:00,0.00147012,1.12312,0.29444,0.0206722,-0.008122,0.0642393,2.05543e-05,1.24175e-05,2.6416e-06,0.000119474,0.00138927,0.00386466,-0.0024754,26.5625,0,0.0237665
2025-04-20 00:00:00+00:00,-0.000945584,1.12206,0.307812,0.0279012,-0.0078651,0.0307006,9.82321e-06,7.19359e-06,6.32254e-07,0.000126708,-0.00104838,-0.000342801,-0.000705582,27,0,0.0220974
2025-04-21 00:00:00+00:00,0.00151208,1.12376,0.34343,0.0527042,0.0116377,0.168119,5.38118e-05,4.60503e-05,1.75259e-05,0.000231017,0.00140855,-0.000670227,0.00223192,27,0,0.0214571
2025-04-22 00:00:00+00:00,-0.00169344,1.12185,0.357747,0.0452355,-0.00196982,0.114453,3.66193e-05,2.3956e-05,5.79905e-06,0.00024108,-0.00186399,0.0141302,-0.0159942,27,0,0.0220874
2025-04-23 00:00:00+00:00,-0.014927,1.10511,0.356744,0.0495575,-0.00282885,0.16238,5.76803e-05,5.03421e-05,3.55353e-05,8.28818e-05,-0.0149065,0.00485462,-0.0197611,26.5625,2,0.018548
2025-04-24 00:00:00+00:00,0.00243004,1.10779,0.289072,0.02277,-0.00880448,0.0853628,2.73134e-05,1.37216e-05,4.90447e-06,-4.84276e-06,0.00248567,0.0033997,-0.00091403,26.5625,0,0.0150745
2025-04-25 00:00:00+00:00,-0.00194082,1.10564,0.282545,0.00936812,-0.0082329,0.0394157,1.2614e-05,4.39559e-06,2.77586e-06,2.85593e-05,-0.00194665,0.00291539,-0.00486205,27.2917,0,0.012111
2025-04-26 00:00:00+00:00,0.000806321,1.10654,0.269711,0.00672995,-0.00721933,0.0386819,1.23761e-05,4.11111e-06,3.29611e-06,3.12999e-05,0.000798711,0.00280888,-0.00201017,28,0,0.0115686
2025-04-27 00:00:00+00:00,9.06206e-06,1.10655,0.270961,-0.00329521,-0.0133678,0.0708604,2.26745e-05,9.27535e-06,4.10477e-06,8.12012e-06,4.20338e-05,-0.00198211,0.00202414,28.4167,0,0.0132539
2025-04-28 00:00:00+00:00,-0.00182109,1.10453,0.236186,-0.00646669,-0.00978668,0.0990235,3.16765e-05,1.2872e-05,1.38639e-05,4.63193e-05,-0.00180665,0.00052872,-0.00233581,25.8542,0,0.0132674
2025-04-29 00:00:00+00:00,-0.00279834,1.10144,0.229552,-0.00160151,0.000782932,0.00924136,2.9552e-06,3.69399e-07,5.6563e-07,6.91647e-05,-0.00286442,-0.00354523,0.000680817,26,0,0.0131393
2025-04-30 00:00:00+00:00,-0.000457907,1.10094,0.225284,-0.00224366,0.000293137,0.0220133,7.04444e-06,1.48565e-06,1.51806e-06,6.03086e-05,-0.00050578,0.000976907,-0.00148269,26,0,0.0101248
2025-05-01 00:00:00+00:00,-0.0015443,1.09924,0.214563,-0.000895596,-0.00409925,0.00964472,3.08649e-06,5.48955e-07,3.9459e-07,4.39169e-05,-0.00158357,0.000224465,-0.00180803,26,0,0.00599381
2025-05-02 00:00:00+00:00,-0.00225026,1.09676,0.198587,0.00184784,0.000341327,0.0408466,1.35256e-05,4.16882e-06,3.04355e-06,2.53727e-06,-0.00223079,2.63367e-05,-0.00225713,26.1458,1,0.00414094
2025-05-03 00:00:00+00:00,-0.00248283,1.09404,0.185031,0.0026407,0.00407669,0.0022917,7.33368e-07,9.1671e-08,4.80468e-08,4.22358e-05,-0.00252602,-0.00442874,0.00190272,26,0,0.00460897
2025-05-04 00:00:00+00:00,0.000214819,1.09427,0.177595,-0.000870313,0.0011876,0.00225211,7.20731e-07,9.00914e-08,9.14183e-08,6.45426e-05,0.000151945,-0.00200948,0.00216142,26,0,0.00485429
2025-05-05 00:00:00+00:00,-0.00127531,1.09288,0.168754,0.0074519,0.00627123,0.00887103,2.83704e-06,5.25384e-07,4.03027e-07,6.59738e-05,-0.00133704,0.000283435,-0.00162698,24,0,0.00288709
2025-05-06 00:00:00+00:00,0.00204126,1.09511,0.164861,0.00685484,0.0101106,0.00518323,1.65914e-06,2.07393e-07,1.65947e-07,0.000263934,0.00177868,0.000401075,0.0013776,24,0,0.00177396
2025-05-07 00:00:00+00:00,-0.0044963,1.09019,0.154158,0.0077773,0.00893689,0.0311281,1.01655e-05,2.24471e-06,1.81838e-06,0.000133129,-0.00462275,-0.000316231,-0.00430652,23.6667,1,0.00170744
2025-05-08 00:00:00+00:00,0.00153436,1.09186,0.125802,0.020414,0.0106928,0.0619491,2.49596e-05,5.25403e-06,6.37842e-06,1.03376e-05,0.00156057,0.00933041,-0.00776983,22.625,2,0.00104309
2025-05-09 00:00:00+00:00,0.000160557,1.09203,0.117233,0.0196738,0.00938546,0.0151614,5.34603e-06,7.7122e-07,4.38321e-07,2.15394e-05,0.000147305,0.00318683,-0.00303952,21.9583,1,0
2025-05-10 00:00:00+00:00,0.00108916,1.09322,0.0977928,0.0212943,0.0126774,0.0306213,1.27383e-05,1.34215e-05,2.28558e-06,5.27641e-06,0.00111295,0.00373743,-0.00262448,20.375,3,0
2025-05-11 00:00:00+00:00,-0.000346654,1.09284,0.0870417,0.0187708,0.0107288,0.00227607,7.28576e-07,9.1072e-08,8.65273e-08,5.83793e-06,-0.000351098,-0.00189629,0.0015452,19,0,0
2025-05-12 00:00:00+00:00,0.00130277,1.09427,0.0768558,0.0138182,0.00832674,0.0309729,1.12907e-05,1.35197e-05,1.81849e-06,1.14561e-05,0.00131844,0.00189098,-0.000550881,17,1,0
2025-05-13 00:00:00+00:00,0.000219141,1.09451,0.0725702,0.0146193,0.00865979,0.00432791,1.38457e-06,1.73072e-07,1.75881e-07,1.27848e-05,0.000208431,0.000992924,-0.000784493,17,0,0.000120455
2025-05-14 00:00:00+00:00,-0.000146868,1.09435,0.0652567,0.00797471,0.00499549,0.014921,4.77312e-06,1.77715e-06,4.1731e-07,4.21078e-06,-0.000143703,-0.00130109,0.00115739,17,0,0.00142948
2025-05-15 00:00:00+00:00,-0.000685579,1.0936,0.0557141,0.00359654,0.00366954,0,0,0,0,-2.65615e-06,-0.000683012,-0.0012989,0.000615887,17,0,4.50561e-05
2025-05-16 00:00:00+00:00,0.000308082,1.09393,0.055722,0.00362373,0.00421848,0,0,0,0,-1.37081e-06,0.000309534,-0.000405121,0.000714654,17,0,0.00133073
2025-05-17 00:00:00+00:00,-4.63698e-05,1.09388,0.0535537,0.00360745,0.00448147,0,0,0,0,-4.44553e-06,-4.18066e-05,-0.000443541,0.000401734,17,0,0.00269663
2025-05-18 00:00:00+00:00,5.8778e-05,1.09395,0.0546543,0.00360056,0.0051678,0,0,0,0,4.3595e-06,5.46608e-05,0.00145847,-0.00140381,17,0,0.000590322
2025-05-19 00:00:00+00:00,5.65348e-05,1.09401,0.0509726,0.00528782,0.00579015,0.00911237,2.91585e-06,3.64482e-07,4.07491e-07,3.44826e-06,5.6886e-05,-0.000865037,0.000908952,15.1875,0,0.00312673
2025-05-20 00:00:00+00:00,-3.75884e-05,1.09397,0.0567879,0.00551202,0.00532523,0.00200545,6.41787e-07,8.02234e-08,7.8637e-08,3.27841e-06,-3.99604e-05,0.00021168,-0.000251641,17,0,0.00456432
2025-05-21 00:00:00+00:00,0.000462924,1.09447,0.0593085,0.00661865,0.00542068,0,0,0,0,-2.07005e-06,0.000465088,0.00145861,-0.000993519,17,0,0.00153415
2025-05-22 00:00:00+00:00,-0.000504165,1.09392,0.0601683,0.00430265,0.00285529,0.00958483,3.06688e-06,3.8336e-07,2.02842e-07,5.49856e-06,-0.000505771,0.000935453,-0.00144122,17,0,0.00115873
2025-05-23 00:00:00+00:00,-0.000478111,1.0934,0.0497946,0.00489732,0.00420062,0.00932488,4.09337e-06,3.87321e-06,5.81322e-07,1.2743e-06,-0.000470879,-0.00192217,0.00145129,16.0833,1,0.000620554
2025-05-24 00:00:00+00:00,6.28543e-05,1.09347,0.0471745,0.00481657,0.00398206,0,0,0,0,3.12605e-06,5.97588e-05,0.00024422,-0.000184461,16,0,0
2025-05-25 00:00:00+00:00,-0.000204007,1.09324,0.0470228,0.00374686,0.00344221,0.00206718,6.61495e-07,8.26869e-08,1.26256e-07,1.81917e-06,-0.000204917,-1.89763e-05,-0.00018594,16.4375,0,0.00213368
2025-05-26 00:00:00+00:00,0.000246841,1.09351,0.0477956,0.00158869,0.000651255,0.00830405,2.65736e-06,9.88037e-07,4.94009e-07,5.68802e-07,0.000250407,-0.000109704,0.000367319,15,0,0.00535735
2025-05-27 00:00:00+00:00,0.000156574,1.09369,0.0543495,0.001278,0.00207001,0.0190503,6.09613e-06,7.62016e-07,6.32743e-07,-6.55828e-07,0.00016476,0.000520319,-0.00035556,16.0625,0,0.00910619
2025-05-28 00:00:00+00:00,0.000520183,1.09425,0.0682973,-0.0012496,0.00032365,0.043988,1.40775e-05,3.24363e-06,2.15406e-06,-5.36089e-05,0.000593329,7.01615e-05,0.000523167,17.4167,0,0.0107996
2025-05-29 00:00:00+00:00,-0.000539364,1.09366,0.120222,-0.00699293,0.00192087,0.0501451,1.60455e-05,4.47524e-06,1.63038e-06,-8.4385e-06,-0.000508614,-0.00249221,0.0019836,18,0,0.0150383
2025-05-30 00:00:00+00:00,0.00362773,1.09763,0.151974,-0.0076521,-0.00191274,0.0714633,2.2875e-05,3.62335e-06,3.53518e-06,-2.12514e-05,0.00367429,-0.00477221,0.0084465,19.2292,0,0.0162264
2025-05-31 00:00:00+00:00,-0.000607614,1.09697,0.261634,-0.0328573,-0.000791034,0.0923026,2.95171e-05,5.31824e-06,4.09153e-06,-0.000111856,-0.000448908,0.0022396,-0.00268851,23.75,0,0.0167461
2025-06-01 00:00:00+00:00,-0.000189258,1.09676,0.283672,-0.0353759,-0.00388541,0.0274543,8.78512e-06,1.24267e-06,1.22165e-06,-1.17574e-05,-0.000163894,0.00200931,-0.00217321,25.125,0,0.0152608
2025-06-02 00:00:00+00:00,0.00448851,1.10168,0.339521,0.00688075,0.00996947,0.136043,4.35472e-05,1.10315e-05,8.24985e-06,3.83023e-05,0.00450608,0.00520281,-0.000678556,26,0,0.0157044
2025-06-03 00:00:00+00:00,0.00218908,1.10409,0.380531,0.0309425,0.0117597,0.0754125,2.41397e-05,7.07172e-06,4.09767e-06,3.64405e-05,0.00219215,9.01743e-05,0.00211896,26.2083,0,0.0186425
2025-06-04 00:00:00+00:00,0.011758,1.11707,0.4094,0.0275749,0.0110765,0.170787,5.46973e-05,1.67865e-05,9.19325e-06,0.00052831,0.0112588,0.00514545,0.00611331,28,0,0.0207744
2025-06-05 00:00:00+00:00,-0.00281678,1.11393,0.488932,-0.00163232,0.00903173,0.206954,6.62111e-05,1.20225e-05,9.44229e-06,0.000197317,-0.00291624,-0.0182279,0.0153117,28,0,0.0248304
2025-06-06 00:00:00+00:00,-0.00147413,1.11229,0.588044,-0.0171348,0.00796771,0.133855,4.28282e-05,1.03754e-05,7.62057e-06,-5.0108e-05,-0.00135076,0.0043428,-0.00569356,28.1875,0,0.0270459
2025-06-07 00:00:00+00:00,0.00520047,1.11807,0.625932,-0.00456134,0.0182358,0.104895,3.35759e-05,1.14573e-05,3.22353e-06,0.000122826,0.00512767,0.0136677,-0.00854001,29,0,0.0260078
2025-06-08 00:00:00+00:00,0.00110332,1.1193,0.610762,-0.016938,0.00839307,0.0919697,2.94294e-05,4.19377e-06,3.31995e-06,0.000213064,0.000935211,0.00242055,-0.00148534,29,0,0.027601
2025-06-09 00:00:00+00:00,-0.000335297,1.11893,0.690138,0.0241992,-0.00765479,0.429744,0.00013754,4.07925e-05,6.34281e-05,0.000715761,-0.000800739,0.0235874,-0.0242932,29,0,0.0277322
2025-06-10 00:00:00+00:00,-0.000584149,1.11827,0.701712,0.0576218,-0.0073106,0.262361,8.39432e-05,2.52392e-05,1.26236e-05,0.000702002,-0.00114108,0.0157545,-0.0168956,29.5208,0,0.0294443
2025-06-11 00:00:00+00:00,0.00204129,1.12056,0.662323,0.0914904,0.00182435,0.197474,6.32149e-05,1.52078e-05,1.12363e-05,0.000606233,0.0015456,-0.00906408,0.0106097,30,0,0.028677
2025-06-12 00:00:00+00:00,0.000313481,1.12091,0.61658,0.0783299,0.00177189,0.216224,6.92044e-05,2.00978e-05,1.00143e-05,2.23429e-05,0.000400406,-0.0199253,0.0203257,30,0,0.0281623
2025-06-13 00:00:00+00:00,-0.00161737,1.1191,0.570096,0.050681,0.00416993,0.120403,3.85183e-05,6.8915e-06,5.91781e-06,-0.000107729,-0.00144892,-0.00275482,0.0013045,29.9583,0,0.027284
2025-06-14 00:00:00+00:00,-0.00063597,1.11838,0.604631,0.0506092,0.00605683,0.107201,3.43046e-05,1.61017e-05,5.80322e-06,-3.2625e-06,-0.000569999,-0.00724815,0.00667815,30,0,0.0244551
2025-06-15 00:00:00+00:00,-6.30725e-05,1.11831,0.631224,0.0388849,0.00474727,0.0933854,2.98803e-05,5.47235e-06,3.36153e-06,-9.70534e-05,7.6253e-05,0.000758725,-0.000682472,30,0,0.0247807
2025-06-16 00:00:00+00:00,0.00785266,1.12709,0.845899,0.0859803,0.0103778,0.403032,0.000129017,6.15774e-05,4.2056e-05,0.000673618,0.00740896,0.00391775,0.00348698,30,0,0.0252957
2025-06-17 00:00:00+00:00,0.00114008,1.12838,0.898131,0.0563162,3.29085e-05,0.129353,4.14036e-05,5.17545e-06,5.37429e-06,0.000300701,0.000910713,-0.0140937,0.0150044,30,0,0.0287001
2025-06-18 00:00:00+00:00,-0.00079624,1.12748,0.956,0.0612069,0.00335815,0.117932,3.77476e-05,6.00902e-06,4.70676e-06,0.000240555,-0.00096515,-0.000746948,-0.000218202,30,0,0.0300654
2025-06-19 00:00:00+00:00,-0.00529426,1.12151,1.00921,0.077273,0.0110502,0.154621,4.942e-05,2.46478e-05,1.37774e-05,0.000210651,-0.00539223,-0.00678961,0.00139738,30,0,0.0291694
2025-06-20 00:00:00+00:00,0.00531071,1.12747,0.983914,0.0651022,0.00766198,0.115926,3.712e-05,1.78571e-05,5.7906e-06,3.29479e-05,0.00535343,-0.014384,0.0197374,30,0,0.0286447
2025-06-21 00:00:00+00:00,-0.00458893,1.12229,0.958385,0.0424185,-0.00433812,0.215261,6.88821e-05,1.21786e-05,1.07404e-05,7.47347e-05,-0.00455585,-0.022402,0.0178462,30,0,0.0299935
2025-06-22 00:00:00+00:00,-0.000458662,1.12178,1.0131,0.0436156,-0.00401766,0.202848,6.49176e-05,1.33652e-05,7.69426e-06,4.61885e-05,-0.000394611,-0.0156018,0.0152072,30,0,0.0299044
2025-06-23 00:00:00+00:00,0.000632147,1.12249,1.1306,0.0970683,0.0124306,0.28587,9.15037e-05,8.63102e-05,2.78066e-05,-7.50445e-06,0.000879796,0.0500161,-0.0490891,30,0,0.0300428
2025-06-24 00:00:00+00:00,0.0022567,1.12502,1.22534,0.0832537,0.00755654,0.116588,3.73057e-05,3.75725e-05,8.04254e-06,8.60432e-05,0.00227361,0.000220985,0.00205262,30,0,0.0291098
2025-06-25 00:00:00+00:00,0.0119747,1.13849,1.20225,0.0977644,0.00588123,0.166056,5.32729e-05,6.18671e-05,1.26121e-05,-0.000180159,0.0122415,-0.00854464,0.0207862,30,0,0.0312588
2025-06-26 00:00:00+00:00,0.00743444,1.14696,1.10995,0.0768493,0.00107579,0.158597,5.07643e-05,6.63151e-05,9.71467e-06,-0.000192123,0.00774461,-0.00608122,0.0138258,30,0,0.0365554
2025-06-27 00:00:00+00:00,-0.00936529,1.13622,1.11966,0.0359973,-0.00600958,0.200996,6.42743e-05,6.40937e-05,9.41676e-06,-0.000440199,-0.00881622,0.0081518,-0.016968,30,0,0.0379879
2025-06-28 00:00:00+00:00,-0.00169656,1.13429,1.12233,0.00892834,-0.0109914,0.046139,1.47648e-05,1.60141e-05,1.13402e-06,-0.000362663,-0.0012864,0.00790723,-0.00919363,30,0,0.0364195
2025-06-29 00:00:00+00:00,-9.62082e-05,1.13418,1.10378,0.0102755,-0.0201345,0.166876,5.3404e-05,5.1541e-05,6.8701e-06,-0.000636417,0.0006727,0.0216509,-0.0209782,30,0,0.0362164
2025-06-30 00:00:00+00:00,0.00823055,1.14351,1.01363,0.0142949,-0.0154952,0.614321,0.000196657,0.000120632,3.15811e-05,0.000136516,0.00842774,-0.0104393,0.01907,29,0,0.0375054
2025-07-01 00:00:00+00:00,0.000911079,1.14456,0.742878,-0.0501668,-0.0145639,1.49662,0.000478888,0.000194084,5.23856e-05,0.000137009,0.001507,-0.0160638,0.0175709,27.3333,0,0.0415636
2025-07-02 00:00:00+00:00,-0.0025547,1.14163,0.956868,-0.0197347,-0.021465,1.60708,0.000514365,0.000126913,5.89086e-05,1.80236e-05,-0.00184345,0.0263424,-0.0281859,23.4375,0,0.0435274
2025-07-03 00:00:00+00:00,-0.000998236,1.14049,1.34036,0.0263593,-0.0300272,1.93149,0.000618038,0.000104239,8.11038e-05,0.000178193,-0.000296867,0.00916582,-0.00946269,28.4792,0,0.0447649
2025-07-04 00:00:00+00:00,0.00183032,1.14258,0.894702,0.0558063,0.00586526,1.40831,0.000450693,8.51297e-05,5.2673e-05,0.000171625,0.00225723,-0.0176869,0.0199441,29,0,0.0430137
2025-07-05 00:00:00+00:00,0.004329,1.14753,1.05386,0.0254687,-0.00503973,0.295127,9.44807e-05,1.81741e-05,1.10858e-05,8.22258e-05,0.00437653,0.0059323,-0.00155577,29,0,0.0407929
2025-07-06 00:00:00+00:00,0.0010449,1.14873,1.2216,0.0321188,-0.00204836,0.473898,0.000151618,3.32954e-05,1.70235e-05,-0.000178741,0.00143328,0.0105698,-0.00913656,29,0,0.0423179
2025-07-07 00:00:00+00:00,-0.00482127,1.14319,1.43904,0.163826,0.0402452,0.854082,0.000273348,6.9628e-05,0.000133807,-4.11991e-05,-0.00428075,-0.016488,0.0121263,26,0,0.0435167
2025-07-08 00:00:00+00:00,0.00225824,1.14577,1.45814,0.138812,0.0170387,0.195659,6.25817e-05,1.21197e-05,1.15398e-05,3.43286e-05,0.00234991,0.0121653,-0.00981535,26.8125,0,0.0442701
2025-07-09 00:00:00+00:00,0.00402793,1.15038,1.37049,0.0890937,0.0132428,1.00778,0.000322522,0.000178046,4.20229e-05,0.000208721,0.00438618,0.0348591,-0.0304729,28,0,0.0444155
2025-07-10 00:00:00+00:00,0.00553694,1.15675,0.398018,-0.0179848,0.00574802,1.44797,0.000463422,0.000247116,6.16414e-05,1.44939e-05,0.00629539,0.0191459,-0.0128504,18.2292,0,0.0439939
2025-07-11 00:00:00+00:00,-0.00269746,1.15363,0.373837,-0.0710678,-0.00372155,1.06587,0.000347462,0.000159701,6.75818e-05,2.79779e-05,-0.00213397,0.0020375,-0.00417198,15.7708,1,0.0434347
2025-07-12 00:00:00+00:00,0.00648629,1.16112,0.596897,-0.0862051,-0.0079827,0.933965,0.000298912,0.000161794,4.41174e-05,-1.37026e-05,0.00699976,-0.00277287,0.00977263,20.5208,0,0.0426362
2025-07-13 00:00:00+00:00,-0.00585261,1.15432,0.729293,0.0269748,-6.84826e-05,0.504525,0.000165667,0.000103193,2.6758e-05,6.11074e-05,-0.00560612,0.0059112,-0.0115173,25.2083,1,0.0442994
2025-07-14 00:00:00+00:00,0.00835968,1.16397,0.747882,0.0720295,0.00444161,1.68648,0.000539785,0.000446309,9.80845e-05,1.67408e-05,0.00943614,0.00855414,0.000925141,26.6875,0,0.0431574
2025-07-15 00:00:00+00:00,0.00191223,1.1662,0.495904,0.00934231,-0.0105371,1.15138,0.00036849,0.000271394,4.47443e-05,9.66465e-05,0.00252468,0.00671978,-0.00419529,21.3958,0,0.0428206
2025-07-16 00:00:00+00:00,-0.0170918,1.14626,0.453912,0.026982,-0.00403529,0.956664,0.000305924,0.000116021,3.0881e-05,3.41431e-05,-0.0167882,0.00206238,-0.0188509,19.1042,0,0.0415209
2025-07-17 00:00:00+00:00,0.00724126,1.15456,0.447666,0.0282754,-0.00691062,1.0856,0.000352877,0.00013214,4.51404e-05,3.72709e-05,0.00773699,0.00525778,0.00247935,18.1458,1,0.0367706
2025-07-18 00:00:00+00:00,0.00158038,1.15639,0.41323,0.0334069,-0.00221951,1.05608,0.000337947,0.000144032,3.08229e-05,3.15299e-05,0.0020746,-0.00059855,0.00267295,19.6042,0,0.0373044
2025-07-19 00:00:00+00:00,-0.000629255,1.15566,0.66461,0.0672589,0.00261939,1.13931,0.000364643,0.000144946,4.37034e-05,1.79378e-05,-7.90163e-05,0.00635805,-0.00643744,19.6458,0,0.0395
2025-07-20 00:00:00+00:00,0.00121956,1.15707,0.62209,0.0709265,0.00704251,0.878333,0.000281086,0.000112219,2.54282e-05,3.32923e-05,0.0016326,0.0190356,-0.0174026,17.7083,0,0.049403
2025-07-21 00:00:00+00:00,-0.0164128,1.13808,0.562034,0.083142,0.0138941,1.3989,0.000447386,0.000268876,8.12812e-05,0.000101159,-0.0157972,0.00329164,-0.0188987,20.8333,0,0.0455707
2025-07-22 00:00:00+00:00,0.0067332,1.14574,0.708053,0.0459982,0.00511632,0.880825,0.000281909,9.87126e-05,2.43705e-05,9.70685e-05,0.00707271,0.00876383,-0.00169102,22.8958,0,0.0410209
2025-07-23 00:00:00+00:00,-0.00174746,1.14374,0.943521,0.0330416,-0.00269258,0.633595,0.000202819,0.000108419,1.87548e-05,9.34995e-05,-0.00141703,-0.0417936,0.0403765,23.5208,0,0.03985
2025-07-24 00:00:00+00:00,0.00985798,1.15502,0.981299,-0.0211621,-0.000608354,0.618314,0.000197901,0.000147744,1.84557e-05,2.88503e-05,0.0101898,-0.00656909,0.0167589,26.0208,0,0.0400469
2025-07-25 00:00:00+00:00,0.00124236,1.15645,0.744188,0.0151168,0.00264914,1.333,0.000426578,0.000351296,3.73771e-05,3.59624e-05,0.0020317,0.00915957,-0.00712756,27.0833,0,0.0416477
2025-07-26 00:00:00+00:00,0.00384915,1.1609,0.569936,0.0615456,0.00615181,0.851511,0.000272504,0.000212051,2.13249e-05,7.88491e-06,0.00434993,0.00545789,-0.0011079,23.0417,0,0.0425206
2025-07-27 00:00:00+00:00,0.00444846,1.16607,0.570267,0.0645337,0.0064564,0.964796,0.000308807,0.000168159,2.52964e-05,1.46016e-05,0.00493444,0.00725478,-0.00232055,19.5625,0,0.0441314
2025-07-28 00:00:00+00:00,0.0255968,1.19591,0.805116,0.15785,0.0354789,1.36092,0.000435723,0.000203805,8.42687e-05,-1.17323e-05,0.0261057,-0.00733905,0.0333643,24.5,0,0.0471559
2025-07-29 00:00:00+00:00,0.00686844,1.20413,0.80918,0.119782,0.014647,1.35303,0.000433008,0.00033987,4.04251e-05,2.29617e-05,0.00771663,-0.000203445,0.00792008,26.1875,0,0.0542081
2025-07-30 00:00:00+00:00,0.011348,1.21779,0.842344,0.0527354,0.00902113,1.29654,0.000415072,0.000163237,4.4123e-05,4.20236e-05,0.0119062,0.00425929,0.00764693,28,0,0.0598336
2025-07-31 00:00:00+00:00,0.00798768,1.22752,0.937699,0.0459007,-0.00642862,1.24802,0.000399451,8.75754e-05,3.59279e-05,7.49979e-05,0.00846091,-0.0134457,0.0219066,28.6458,0,0.0620869
2025-08-01 00:00:00+00:00,-0.00494424,1.22145,0.825531,0.0661559,-0.00159914,1.6253,0.000520074,9.67015e-05,4.64076e-05,2.59464e-05,-0.00426503,-0.0175406,0.0132749,25.3958,0,0.0628808
2025-08-02 00:00:00+00:00,-0.00910384,1.21033,1.00678,0.102055,0.00892464,1.16037,0.000371337,5.73347e-05,4.17826e-05,-2.09543e-05,-0.00862071,-0.0155283,0.00690755,25.2708,0,0.0599797
2025-08-03 00:00:00+00:00,0.0155156,1.22911,1.0206,0.107388,0.00458359,1.68714,0.000540063,0.000174106,5.31754e-05,9.80302e-05,0.0161003,0.0318932,-0.0157929,26.0417,0,0.059909
2025-08-04 00:00:00+00:00,0.000839884,1.23014,1.01094,0.128666,0.0174424,2.07137,0.000662923,0.00033251,0.000114421,3.76646e-05,0.00196261,0.0190863,-0.0177004,28.8542,0,0.0619036
2025-08-05 00:00:00+00:00,-0.00550306,1.22337,0.76629,0.0991932,0.00677659,0.965615,0.000308943,0.000123901,3.30789e-05,9.14642e-05,-0.00509992,-0.0163512,0.0112513,29,0,0.0617685
2025-08-06 00:00:00+00:00,0.0183355,1.2458,0.574079,0.0773834,0.00108603,0.798733,0.00025571,0.00014057,2.64228e-05,4.29563e-05,0.0185796,0.0176255,0.000954086,29,0,0.0635406
2025-08-07 00:00:00+00:00,-0.0036316,1.24128,0.886206,0.16582,0.0198805,1.53118,0.000489953,0.000356388,4.96804e-05,-2.73609e-05,-0.0026689,0.0228178,-0.0254867,29.4583,0,0.0672792
2025-08-08 00:00:00+00:00,-0.00510051,1.23495,1.10565,0.240357,0.0264411,2.10356,0.000673097,0.000372045,7.12574e-05,6.20953e-05,-0.00399732,0.00415948,-0.0081568,30,0,0.0663969
2025-08-09 00:00:00+00:00,-0.0224885,1.20718,1.34885,0.257917,0.00803159,1.47952,0.000473054,0.000218646,4.78025e-05,6.75307e-06,-0.0219378,-0.00497935,-0.0169584,30,0,0.0610521
2025-08-10 00:00:00+00:00,0.00807722,1.21693,1.14915,0.205606,-0.002132,1.7818,0.000570394,0.000133012,5.0467e-05,-5.28674e-06,0.00883772,0.00815193,0.000685881,26.625,0,0.0563712
2025-08-11 00:00:00+00:00,0.0218534,1.24352,1.21843,0.165191,-0.0079823,2.07364,0.00066406,0.000223107,7.47069e-05,6.06778e-05,0.0225885,-0.0127521,0.0353405,25.5833,0,0.0593037
2025-08-12 00:00:00+00:00,-0.00411012,1.23841,1.189,0.085591,-0.0137594,1.82756,0.000584798,0.000135353,6.128e-05,7.89212e-05,-0.00334326,0.0393565,-0.0426989,28.6667,0,0.0652405
2025-08-13 00:00:00+00:00,-0.00215454,1.23574,1.19863,0.142475,-0.00442913,1.92627,0.000616405,0.000154542,6.0766e-05,-1.05292e-05,-0.00124358,0.0167502,-0.0179938,30,0,0.0634764
2025-08-14 00:00:00+00:00,0.00797205,1.24559,1.33544,0.173886,-0.00458707,1.89614,0.00060684,0.000133532,7.01312e-05,4.09421e-06,0.00879879,-0.0425331,0.0513319,30,0,0.0617439
2025-08-15 00:00:00+00:00,-0.0119022,1.23077,1.39982,0.123915,-0.00445726,1.67135,0.00053476,0.000161082,7.98217e-05,2.79486e-06,-0.0111326,-0.0144846,0.00335196,30,0,0.0613604
2025-08-16 00:00:00+00:00,0.00862753,1.24139,1.40383,0.0676362,-0.00972266,1.63876,0.000524612,0.000180107,5.3751e-05,1.08942e-05,0.00936767,0.0103932,-0.00102554,30,0,0.0596939
2025-08-17 00:00:00+00:00,0.0103918,1.25429,1.67578,0.134479,-0.00352041,1.06665,0.000341469,0.000148113,3.88475e-05,2.92755e-05,0.0109133,0.0202219,-0.00930861,30,0,0.0613879
2025-08-18 00:00:00+00:00,0.00119653,1.25579,0.778851,-0.0222728,-0.0201435,3.463,0.00110824,0.000510649,0.000185869,-2.42966e-05,0.00304729,-0.0138624,0.0168854,23.8333,0,0.0635871
2025-08-19 00:00:00+00:00,-0.00330867,1.25163,0.689819,-0.0210427,-0.0143316,1.45237,0.000464744,0.000247138,4.1778e-05,2.24706e-05,-0.00255317,-0.0152101,0.012657,20.0833,0,0.0623736
2025-08-20 00:00:00+00:00,0.00670848,1.26003,0.518923,-0.0479948,-0.022323,1.08257,0.000346494,0.000273874,3.38868e-05,-2.37542e-05,0.00738014,0.0145617,-0.00718155,17.0833,0,0.0615461
2025-08-21 00:00:00+00:00,0.00566251,1.26716,0.825414,0.010496,-0.0128259,1.82743,0.00058492,0.000443032,7.0571e-05,-5.53134e-05,0.00682243,-0.013156,0.0199785,17.4583,0,0.0641855
2025-08-22 00:00:00+00:00,0.00348924,1.27158,0.643062,0.0295091,-0.00349495,1.25594,0.000402022,0.000360445,5.60728e-05,7.16681e-06,0.00432419,0.0351316,-0.030807,18.1875,0,0.0656506
2025-08-23 00:00:00+00:00,0.0048163,1.27771,0.679187,0.0174249,-0.00871435,0.910683,0.000291452,0.000163528,2.21486e-05,3.04074e-05,0.00526821,-0.00344647,0.00871487,17.0625,0,0.0669856
2025-08-24 00:00:00+00:00,0.00603022,1.28541,0.588256,0.045508,-0.00979312,1.20759,0.000386509,0.000202744,3.15186e-05,-1.59067e-05,0.00666038,-0.0028788,0.00953931,19.3958,0,0.067556
2025-08-25 00:00:00+00:00,-0.0131349,1.26853,0.684229,0.0208904,-0.00644545,1.45957,0.000466991,0.00024739,6.64526e-05,-0.00150497,-0.0108594,-0.0318421,0.0216487,23.7292,0,0.0683035
2025-08-26 00:00:00+00:00,-0.00395606,1.26351,0.94119,-0.0445175,-0.0164699,1.39508,0.000446415,0.000231724,4.35142e-05,-0.000739444,-0.00246741,0.0129399,-0.0154073,26.5833,0,0.0669163
2025-08-27 00:00:00+00:00,0.00365154,1.26813,1.0507,-0.00946016,-0.0112932,1.43017,0.000457717,0.000187498,4.35601e-05,0.00100505,0.00335766,-0.00696972,0.0103273,24.9167,0,0.0649625
2025-08-28 00:00:00+00:00,-0.00666575,1.25967,1.08927,0.00992781,-0.0101605,1.43946,0.000460631,0.00012521,3.55689e-05,0.000823014,-0.00685529,0.0114581,-0.0183131,23.625,0,0.0637676
2025-08-29 00:00:00+00:00,-0.0032485,1.25558,0.927484,-0.00799519,-0.0157215,1.37469,0.000439838,9.53226e-05,3.93503e-05,5.49062e-05,-0.002692,-0.0192569,0.0165648,22.8958,0,0.0609615
2025-08-30 00:00:00+00:00,3.3135e-05,1.25562,0.886348,-0.0495299,-0.0151985,1.13493,0.000363188,0.000115025,3.18208e-05,0.000308719,0.000265201,0.00272861,-0.00246329,21.2292,0,0.0565094
2025-08-31 00:00:00+00:00,-0.000403105,1.25512,0.72629,-0.0440899,-0.00128497,1.03812,0.000332148,0.000129809,3.33081e-05,0.000516792,-0.000412925,-0.00477549,0.00436225,16.8333,0,0.0562506
2025-09-01 00:00:00+00:00,-0.00882895,1.24403,0.911037,-0.0408837,0.0408146,1.4475,0.000463188,0.000205613,9.52308e-05,6.66295e-05,-0.00809534,-0.0119022,0.00382606,18.8333,0,0.0550937
2025-09-02 00:00:00+00:00,-0.0087815,1.23311,1.26142,-0.0529193,0.0322704,1.6935,0.000541928,0.000146783,7.0318e-05,0.000123984,-0.00814945,0.0169103,-0.0250598,25.8958,0,0.053253
2025-09-03 00:00:00+00:00,0.00455782,1.23873,1.38478,-0.0305291,0.0240419,1.01241,0.000324126,0.000109588,3.33027e-05,0.000138282,0.00492937,0.0125075,-0.00757818,27.6042,0,0.0505509
2025-09-04 00:00:00+00:00,-0.00512303,1.23238,0.906018,0.0094535,0.0125438,1.74055,0.000556899,0.000232366,5.09048e-05,0.000210218,-0.00446914,-0.0177089,0.0132395,26.1042,0,0.0513486
2025-09-05 00:00:00+00:00,0.00209732,1.23497,0.591768,0.00127257,0.000610365,0.907701,0.000290496,9.92072e-05,2.18334e-05,0.000306018,0.00221347,0.00796355,-0.00575007,18.875,0,0.0500954
2025-09-06 00:00:00+00:00,0.00422938,1.24019,0.573352,0.0122279,-0.00204013,1.09384,0.000350062,7.68854e-05,2.22953e-05,-8.59325e-05,0.00476064,0.00191323,0.00284747,18,0,0.05143
2025-09-07 00:00:00+00:00,0.00166396,1.24226,0.599727,0.0153156,-0.00597624,1.34359,0.000429995,9.32722e-05,3.41405e-05,-6.134e-05,0.00229195,0.00935054,-0.00705824,18.375,0,0.0534721
2025-09-08 00:00:00+00:00,-0.0280349,1.20743,1.37858,0.297258,0.0346254,1.35479,0.000433422,0.000153681,0.000155068,0.000128018,-0.0277415,-0.00549199,-0.0222394,23.5208,0,0.0534364
2025-09-09 00:00:00+00:00,0.00106049,1.20871,1.44566,0.331478,0.0403841,0.881177,0.000281913,0.000147066,2.28979e-05,0.000107591,0.00147137,0.00197599,-0.000504621,27,0,0.0497183
2025-09-10 00:00:00+00:00,0.00330713,1.21271,1.2811,0.249037,0.00781714,0.981934,0.000314321,0.000122767,2.45671e-05,0.000177643,0.00362409,0.0145014,-0.0108773,27.7292,0,0.0483216
2025-09-11 00:00:00+00:00,0.023272,1.24093,1.34285,0.240365,0.0109194,1.83216,0.000586496,0.000395216,6.75693e-05,0.000331368,0.0238699,0.0267279,-0.002858,28.4375,0,0.0522283
2025-09-12 00:00:00+00:00,0.00309725,1.24477,0.922605,0.125304,0.00814051,1.80911,0.000579002,0.00045364,4.23928e-05,0.000226141,0.00395992,0.00894169,-0.00498213,27,0,0.0565231
2025-09-13 00:00:00+00:00,-0.00945265,1.23301,0.962361,0.091583,0.00691585,1.55116,0.000503926,0.00036364,5.41983e-05,0.000219012,-0.00872195,0.00529188,-0.0140138,24.9167,2,0.0549967
2025-09-14 00:00:00+00:00,0.00162473,1.23501,0.922779,0.0504592,-0.00940052,1.43861,0.000460405,0.000311193,5.98768e-05,-9.5496e-05,0.00259362,-0.00995371,0.0125473,26.8542,0,0.0540415
2025-09-15 00:00:00+00:00,0.0107987,1.24835,0.897843,0.025949,0.0213041,2.99758,0.00095978,0.000531579,0.000208458,-0.000116149,0.0125715,-0.00313451,0.0158913,23.3958,0,0.0557826
2025-09-16 00:00:00+00:00,0.00435998,1.25379,0.982091,-0.00152922,0.00834525,1.74596,0.00055879,0.000401285,7.51493e-05,-0.000172396,0.00558006,0.00937424,-0.00379436,19.2292,0,0.0586112
2025-09-17 00:00:00+00:00,0.0087652,1.26478,1.29975,0.0694333,0.0284474,2.61095,0.000835802,0.000609655,0.00012286,2.67721e-05,0.0102989,0.0215607,-0.0112618,22.1458,0,0.0621295
2025-09-18 00:00:00+00:00,0.00947093,1.27676,0.82982,0.0705633,0.013465,2.04001,0.000663848,0.000527543,8.40372e-05,2.93806e-05,0.010708,0.0145933,-0.00388543,21.3125,1,0.0546436
2025-09-19 00:00:00+00:00,0.00546962,1.28374,0.871079,0.0980459,0.0105701,1.68152,0.000538149,0.000305777,6.99213e-05,-5.45042e-05,0.00644971,-0.012489,0.0189388,20.7917,0,0.0567755
2025-09-20 00:00:00+00:00,-0.00203831,1.28112,0.780061,0.0343451,-0.0138969,1.3139,0.000420434,0.000257132,4.65893e-05,-0.000331699,-0.000935734,0.003882,-0.00481773,17.0417,0,0.0577354
2025-09-21 00:00:00+00:00,0.00499152,1.28752,0.748257,0.0557314,-0.0133639,0.912652,0.000292099,0.000210215,4.02129e-05,-0.000153869,0.00568786,-0.00361798,0.00930568,14.8333,0,0.0591985
2025-09-22 00:00:00+00:00,0.00948149,1.29973,0.860976,-0.0546113,-0.0169363,2.88722,0.000924554,0.000411933,0.000231678,-0.000114309,0.0111613,-0.0185404,0.0275877,22.0625,0,0.0606975
2025-09-23 00:00:00+00:00,0.0185177,1.32379,0.835438,-0.0271199,-0.0121019,1.35412,0.000433566,8.46033e-05,4.06205e-05,0.000327973,0.0186175,0.00465314,0.0139643,22.0208,0,0.0632927
2025-09-24 00:00:00+00:00,-0.00966662,1.311,1.00656,0.000459775,-0.0132324,1.30551,0.000417702,6.57103e-05,2.93793e-05,1.1266e-05,-0.00919321,-0.00477866,-0.0044149,21.9792,0,0.0660738
2025-09-25 00:00:00+00:00,-0.00404115,1.3057,1.10042,0.0341564,-0.00908061,1.40246,0.000448777,6.1259e-05,3.79747e-05,9.59322e-05,-0.00355064,-0.0453568,0.0418062,21.2708,0,0.0639219
2025-09-26 00:00:00+00:00,-0.00996568,1.29269,1.15836,0.0582655,-0.00881452,1.43784,0.00046002,9.53315e-05,5.02154e-05,-5.77496e-05,-0.00929817,0.0197242,-0.0290224,23.2292,0,0.0617381
2025-09-27 00:00:00+00:00,0.00164456,1.29481,0.885134,0.058542,-0.00707503,1.20996,0.000387187,8.74213e-05,3.25723e-05,-2.31501e-05,0.00219128,-0.0025968,0.00478784,21,0,0.0577222
2025-09-28 00:00:00+00:00,0.00865889,1.30602,1.50232,0.106132,-0.0126653,1.98666,0.000635906,0.000165054,5.99861e-05,6.77019e-05,0.00944727,0.0408184,-0.0313711,21.2083,0,0.0595295
2025-09-29 00:00:00+00:00,0.015991,1.32691,1.87198,0.192793,0.0264939,1.54141,0.000493748,0.000216662,8.16903e-05,-1.79366e-05,0.0167362,0.00163513,0.015064,24.5417,0,0.06222
2025-09-30 00:00:00+00:00,-0.00476941,1.32058,1.6855,0.155024,0.0361407,0.985332,0.000315242,0.00023741,3.01572e-05,0.000122332,-0.00427222,-0.0176407,0.0133685,27.8333,0,0.0630852
2025-10-01 00:00:00+00:00,-0.00775922,1.31033,1.39574,0.126466,0.0248683,1.58661,0.000507431,0.00027958,5.77574e-05,1.08924e-05,-0.00687167,0.0393766,-0.0462483,29,0,0.0592862
2025-10-02 00:00:00+00:00,0.00174755,1.31262,1.04752,0.118497,0.00389796,1.74499,0.000558439,0.000158986,6.35448e-05,9.51094e-05,0.00247852,0.0177925,-0.0153142,25.0208,0,0.0569071
2025-10-03 00:00:00+00:00,0.0135685,1.33043,0.994326,0.129736,0.00030554,2.41602,0.00077335,0.000161195,7.93506e-05,0.000150744,0.0143681,0.00953545,0.0048326,24.4167,0,0.0584139
2025-10-04 00:00:00+00:00,-3.48423e-06,1.33043,0.892897,0.120662,-0.00432331,1.3831,0.000442546,7.18232e-05,4.11949e-05,0.000109086,0.000466724,-0.00992047,0.0103872,21.25,0,0.0605623
2025-10-05 00:00:00+00:00,-0.00196121,1.32782,0.877191,0.162078,0.00259206,1.38021,0.000441652,8.70939e-05,4.39996e-05,0.000251194,-0.00162074,0.00298565,-0.00460642,20.6042,0,0.0589469
2025-10-06 00:00:00+00:00,0.00740305,1.33765,0.958387,0.179447,0.0177444,1.96974,0.000630607,0.000174383,0.000100941,-9.88643e-06,0.00832142,0.017057,-0.00870656,21.8125,0,0.0575077
2025-10-07 00:00:00+00:00,0.0210576,1.36582,1.02907,0.137413,-0.0110047,1.95639,0.000626391,0.000188676,5.36978e-05,0.000105167,0.0216281,-0.00933375,0.0309615,24.5,0,0.0591092
2025-10-08 00:00:00+00:00,4.84767e-05,1.36588,1.18028,0.103978,-0.0110128,2.45711,0.000786291,0.000248945,8.07627e-05,3.77879e-05,0.00116525,0.0120001,-0.0108351,25.0417,0,0.0636586
2025-10-09 00:00:00+00:00,0.0126118,1.38311,0.959235,0.0660503,0.00892169,2.12213,0.000679252,0.000236948,6.29562e-05,5.77166e-05,0.0134773,-0.0112233,0.0247009,23.2917,0,0.0640147
2025-10-10 00:00:00+00:00,0.012583,1.40051,1.1895,0.0393881,0.00462207,3.61603,0.00122829,0.000524807,0.00233481,0.000628569,0.0163574,-0.154902,0.17126,26.3542,10,0.0669872
2025-10-11 00:00:00+00:00,0.00272298,1.40433,0.634711,0.0432407,0.0030433,0.741585,0.000237301,0.00019161,0.000237162,0.000156748,0.00327382,-0.00170984,0.00498366,28,0,0.0672433
2025-10-12 00:00:00+00:00,0.00204935,1.40721,0.702735,0.091294,0.000628003,0.99785,0.000319323,0.000151169,0.000197569,-6.22001e-05,0.00279952,0.0335746,-0.0307751,28.125,0,0.0680059
2025-10-13 00:00:00+00:00,-0.00808062,1.39583,1.01171,0.0925797,0.0024624,1.61726,0.000517466,0.000254089,0.000486645,0.000134885,-0.00697064,0.0188802,-0.0259707,29,0,0.0683619
2025-10-14 00:00:00+00:00,-0.00104473,1.39438,1.03638,0.0324487,0.00238655,1.38946,0.000444602,0.000249537,0.000148849,0.000169286,-0.00035029,-0.0217877,0.0214374,29.4375,0,0.0663339
2025-10-15 00:00:00+00:00,0.00437399,1.40048,1.03413,-0.0134695,-0.00295777,1.12984,0.000361561,0.000176021,9.82167e-05,7.84275e-05,0.00494392,-0.0211934,0.0261373,30,0,0.0638139
2025-10-16 00:00:00+00:00,0.000553849,1.40125,1.12929,-0.0087496,0.00036356,1.12754,0.000360783,0.000178877,6.86525e-05,-4.86212e-05,0.00123356,-0.0217208,0.0229653,29.9583,0,0.0638194
2025-10-17 00:00:00+00:00,-0.00672936,1.39182,1.25783,0.0189675,-0.000823967,2.24972,0.000720709,0.000506927,0.000155631,0.000249857,-0.00554555,-0.0160119,0.0104578,29.7708,1,0.0641319
2025-10-18 00:00:00+00:00,-0.00799888,1.38069,1.26865,0.0793795,-0.00361155,1.39384,0.00044601,6.56708e-05,7.2295e-05,9.73185e-05,-0.0075104,0.0110828,-0.0185932,30,0,0.0620368
2025-10-19 00:00:00+00:00,-0.00101052,1.37929,1.22576,0.0611633,0.00492794,1.13331,0.000362528,5.10744e-05,4.61673e-05,0.000270586,-0.000795858,0.0128004,-0.0135963,30,0,0.0598668
2025-10-20 00:00:00+00:00,0.00188328,1.38189,1.66914,0.0276869,-0.00643773,1.28105,0.000410147,8.82105e-05,0.000135733,0.000167267,0.00239183,0.00817541,-0.00579274,30,0,0.0593001
2025-10-21 00:00:00+00:00,0.00075245,1.38293,1.99916,0.0627655,0.00513026,1.31532,0.000420825,0.000100509,5.85109e-05,0.000125348,0.00126043,-0.0261038,0.0273642,30,0,0.0599559
2025-10-22 00:00:00+00:00,0.00729332,1.39302,1.73552,-0.00547782,0.0024679,2.0717,0.000663161,8.55656e-05,8.50969e-05,-0.000335379,0.00849328,-0.0186557,0.027149,30,0,0.059603
2025-10-23 00:00:00+00:00,-0.00512651,1.38588,1.52418,-0.0540907,-0.00415515,1.67536,0.000536272,6.98963e-05,6.65055e-05,6.37441e-05,-0.00447143,0.0214287,-0.0259001,30,0,0.0597435
2025-10-24 00:00:00+00:00,-0.000337759,1.38541,1.72483,0.0170461,0.0219071,1.31004,0.00041916,0.000110815,4.04389e-05,0.000144879,0.000131447,0.0214925,-0.021361,30,0,0.0593545
2025-10-25 00:00:00+00:00,0.000856562,1.38659,1.70202,0.0256211,0.0221496,0.855084,0.000273627,7.71634e-05,2.96015e-05,0.000140012,0.00112865,0.0101635,-0.0090349,30,0,0.0605617
2025-10-26 00:00:00+00:00,-0.0197601,1.35919,1.72338,0.0142103,0.00358257,1.06855,0.00034171,8.435e-05,3.22769e-05,7.29811e-05,-0.0195145,0.0373555,-0.05687,30,0,0.0599997
2025-10-27 00:00:00+00:00,0.00911861,1.37159,0.63042,0.0391647,0.00922872,2.53918,0.00081247,0.000595342,0.000247959,-0.00020627,0.0109954,0.00311986,0.00784052,30,0,0.056046
2025-10-28 00:00:00+00:00,-0.009,1.35924,0.536451,0.0423743,-0.0208739,0.742563,0.000237576,0.000205452,2.8823e-05,-1.33865e-05,-0.00850477,-0.00964979,0.00114501,30,0,0.0559883
2025-10-29 00:00:00+00:00,-0.00310303,1.35503,0.583182,0.0506922,-0.0405149,0.933037,0.000311072,0.000270381,9.27073e-05,-3.86029e-05,-0.00232335,0.0050017,-0.00732505,30,1,0.0553674
2025-10-30 00:00:00+00:00,0.00928108,1.3676,0.698076,0.0857136,-0.0197963,1.00671,0.000322293,0.000186357,5.59674e-05,0.000106179,0.00975153,-0.0194614,0.0292129,30,0,0.0537484
2025-10-31 00:00:00+00:00,-0.0176908,1.34341,1.05025,0.0285853,-0.048126,1.79623,0.00057436,0.000293913,0.000110818,0.000155848,-0.0169633,0.00870694,-0.0256703,30,0,0.0543478
2025-11-01 00:00:00+00:00,-0.00957401,1.33055,1.11985,0.0294162,-0.0289994,1.12686,0.000360472,0.000202824,6.18848e-05,0.000109572,-0.00905728,0.005544,-0.0146013,30,0,0.0498918
2025-11-02 00:00:00+00:00,0.012238,1.34683,1.1528,0.0883207,-0.0110079,1.05293,0.00033721,0.000174228,4.81913e-05,-5.99642e-05,0.0128526,0.00501267,0.0078399,30,0,0.0476619
2025-11-03 00:00:00+00:00,0.00202315,1.34956,1.11611,0.0754881,-0.00892849,2.24853,0.000719655,0.000216347,0.000144264,-4.83392e-05,0.00321416,-0.0580697,0.0611995,30,0,0.0486564
2025-11-04 00:00:00+00:00,0.0194291,1.37578,1.04479,-0.025316,-0.00705548,2.15359,0.000693235,0.000143171,0.000143825,0.000129264,0.0201793,-0.0193738,0.0395531,30,1,0.0506997
2025-11-05 00:00:00+00:00,-0.0161892,1.3535,1.09362,0.00344645,-0.00335816,1.56687,0.000501207,8.50669e-05,0.000108508,0.000128703,-0.0157029,0.0287237,-0.0444266,30,0,0.0528241
2025-11-06 00:00:00+00:00,-0.00244916,1.35019,0.818176,0.0143219,-0.00291862,1.16528,0.000376783,5.85451e-05,0.000111386,-1.09816e-05,-0.00185545,-0.0280952,0.0262398,30,1,0.0507819
2025-11-07 00:00:00+00:00,0.00428235,1.35597,0.786131,0.00155505,-0.000771888,1.37211,0.000447824,9.53832e-05,0.00013409,-0.000418076,0.00551355,0.0600402,-0.0545267,30,1,0.0519795
2025-11-08 00:00:00+00:00,0.00174532,1.35834,0.976363,0.0457304,0.00301245,1.52067,0.000486708,0.000106602,7.17659e-05,4.25368e-05,0.00241957,-0.0113186,0.0137381,30,0,0.0508412
2025-11-09 00:00:00+00:00,0.00984404,1.37171,1.11642,0.0800601,0.0183197,1.51012,0.000483364,0.000163202,7.53838e-05,8.69086e-05,0.0104705,0.0208495,-0.010379,30,0,0.0514472
2025-11-10 00:00:00+00:00,-0.010496,1.35731,0.650329,0.0792314,0.0311782,1.33443,0.000427076,0.000203521,0.000145563,3.22943e-06,-0.00973967,-0.0051537,-0.00300581,30,0,0.0548222
2025-11-11 00:00:00+00:00,0.0127665,1.37464,0.709181,0.0750261,0.0349006,0.799368,0.000255911,0.000146,3.76741e-05,-0.000235869,0.0134145,-0.0193172,0.0327317,30,0,0.0565128
2025-11-12 00:00:00+00:00,0.00963237,1.38788,0.78338,0.0638195,0.0323257,0.983847,0.000314944,0.000256759,4.47836e-05,-0.000241134,0.0104956,0.00100861,0.00948699,30,0,0.059026
2025-11-13 00:00:00+00:00,0.00875266,1.40003,1.0337,0.0553768,0.0264162,1.74724,0.000559206,0.000196608,6.99929e-05,-7.88426e-05,0.00964916,-0.0134562,0.0231054,30,0,0.0596513
2025-11-14 00:00:00+00:00,-0.00319286,1.39556,0.940236,0.0483753,0.0281262,1.36581,0.000437026,0.000155779,6.40005e-05,3.41294e-05,-0.00252926,-0.0172284,0.0147029,29.9375,0,0.0603511
2025-11-15 00:00:00+00:00,-0.00629205,1.38678,0.855661,0.018758,0.0235801,0.905092,0.000289613,8.43205e-05,3.43538e-05,-0.000167327,-0.0056991,0.0032199,-0.0089214,29.9792,0,0.0599845
2025-11-16 00:00:00+00:00,-0.0051237,1.37967,0.985887,0.0556554,0.0184239,1.15364,0.000369178,7.96068e-05,4.86893e-05,-0.000384186,-0.00417596,-0.0194916,0.0153156,30,0,0.0571904
2025-11-17 00:00:00+00:00,0.00266237,1.38334,0.876867,0.0620513,0.0169368,1.58347,0.000506874,0.000106718,8.68397e-05,0.000105365,0.00337695,0.00443966,-0.00108688,30,0,0.0589845
2025-11-18 00:00:00+00:00,-0.00457069,1.37702,0.854321,0.0377553,0.0179601,0.812239,0.000259936,0.000109072,4.36276e-05,4.86926e-05,-0.00416696,0.0176196,-0.0217866,30,0,0.0564128
2025-11-19 00:00:00+00:00,0.0122742,1.39392,1.01435,0.056563,0.018475,1.01465,0.000324838,0.000178494,4.57347e-05,0.000142648,0.0126451,-0.00315446,0.0157996,29.5,1,0.0551292
2025-11-20 00:00:00+00:00,-0.000715455,1.39293,1.10884,0.0614793,0.0157677,1.25878,0.000402769,0.000181827,5.69875e-05,8.48342e-05,-0.000113666,-0.0366479,0.0365342,29.9583,0,0.056296
2025-11-21 00:00:00+00:00,0.0064447,1.4019,1.05925,0.0627029,0.017665,1.07619,0.000344526,0.000127255,6.65687e-05,-1.10766e-05,0.00701004,-0.0286373,0.0356473,30,0,0.0558528
2025-11-22 00:00:00+00:00,5.5417e-05,1.40198,1.06279,0.0557228,0.0100731,0.99429,0.00031828,5.28959e-05,5.4732e-05,-8.15623e-06,0.000520125,-0.0112914,0.0118115,30,0,0.0560429
2025-11-23 00:00:00+00:00,-0.0100183,1.38794,1.14505,0.0780719,0.0157471,1.01749,0.000325499,5.86185e-05,4.55768e-05,0.000421862,-0.0100265,0.00450335,-0.0145148,29.8333,0,0.0539895
2025-11-24 00:00:00+00:00,-0.0114182,1.37209,0.993462,0.0722769,0.0233221,1.20313,0.00038493,7.14783e-05,8.67472e-05,5.31662e-05,-0.0109546,0.0134833,-0.0243513,28.9167,0,0.0504389
2025-11-25 00:00:00+00:00,-0.00888631,1.35989,1.04866,0.0700311,0.0207475,0.480272,0.000153605,2.30223e-05,2.39083e-05,0.00013918,-0.00880515,0.0034594,-0.0122645,30,0,0.0457131
2025-11-26 00:00:00+00:00,0.0151984,1.38056,1.11259,0.0841761,0.0265121,0.459968,0.000147362,5.39809e-05,2.46671e-05,0.000371409,0.015048,0.0240408,-0.00899279,30,0,0.0407072
2025-11-27 00:00:00+00:00,-0.00863468,1.36864,1.34698,0.115535,0.0396836,0.479608,0.000153468,3.8928e-05,2.31475e-05,0.000163596,-0.008592,-0.0125112,0.00393352,29.9375,0,0.0425816
2025-11-28 00:00:00+00:00,-0.00117114,1.36704,1.40632,0.0817163,0.0368755,0.409631,0.000131033,3.74864e-05,1.33617e-05,0.000395521,-0.00132844,-0.0125847,0.0112562,30,0,0.0401729
2025-11-29 00:00:00+00:00,-0.000989006,1.36569,1.39187,0.0640582,0.0204216,0.411818,0.000131779,8.20128e-05,2.8862e-05,0.000127279,-0.000843227,-0.00819741,0.00735419,30,0,0.03877
2025-11-30 00:00:00+00:00,-0.00908873,1.35328,1.36896,0.049932,0.00769713,0.143317,4.58521e-05,2.43512e-05,4.62111e-06,0.000196335,-0.00923351,-0.0208276,0.0115941,30,0,0.036542
2025-12-01 00:00:00+00:00,-0.00840238,1.3419,1.34045,0.0497576,0.00660073,0.501381,0.0001604,4.91632e-05,5.22489e-05,6.97673e-06,-0.00811992,-0.0488374,0.0405123,30,0,0.0338981
2025-12-02 00:00:00+00:00,-0.0097721,1.32879,1.34459,0.0184299,-0.00426273,0.406138,0.000129807,2.88047e-05,2.71248e-05,7.71402e-05,-0.00964563,0.0428466,-0.0524922,30,0,0.0318037
2025-12-03 00:00:00+00:00,0.0137622,1.34708,1.20417,-0.0165452,-0.0145325,0.535269,0.000171355,2.84227e-05,4.02578e-05,3.23104e-05,0.0139044,0.0332886,-0.0193842,30,0,0.0314541
2025-12-04 00:00:00+00:00,0.00413344,1.35265,1.01897,-0.0167553,-0.0216658,0.25805,8.25917e-05,1.29427e-05,1.98828e-05,3.95342e-06,0.00425126,-0.00983925,0.0140905,30,0,0.0335544
2025-12-05 00:00:00+00:00,-0.00107351,1.35119,0.981369,0.00575028,-0.0226201,0.474999,0.000152,2.69899e-05,1.69642e-05,-2.00405e-05,-0.000849741,-0.0279444,0.0270947,30,0,0.0344823
2025-12-06 00:00:00+00:00,0.00603368,1.35935,1.06493,0.0082157,-0.0217911,0.262132,8.38983e-05,1.68909e-05,1.13527e-05,6.79793e-05,0.00607162,0.00477927,0.00129235,30,0,0.0369231
2025-12-07 00:00:00+00:00,0.00327753,1.3638,1.03141,-0.000302951,-0.0147173,0.374113,0.000119738,2.26784e-05,2.1935e-05,-1.25087e-05,0.00345702,0.000261366,0.00319681,29.9583,0,0.0391591
2025-12-08 00:00:00+00:00,-0.00991398,1.35028,0.572611,-0.0586941,-0.014666,2.18716,0.000699609,0.00016121,0.00026011,-0.000420663,-0.00837078,0.00959416,-0.0185292,30,0,0.0405464
2025-12-09 00:00:00+00:00,0.0113814,1.36565,0.645888,-0.00615206,0.0126065,0.524609,0.000167888,3.83657e-05,2.19422e-05,-0.000394836,0.011988,0.0157567,-0.00376878,30,0,0.03741
2025-12-10 00:00:00+00:00,0.00194515,1.36831,0.839386,-0.0210602,0.00907921,0.470728,0.000150553,2.41692e-05,1.89714e-05,-7.81931e-05,0.00225792,-0.0108168,0.0130747,30,0,0.0372941
2025-12-11 00:00:00+00:00,4.29753e-05,1.36836,0.893205,-0.0503772,-0.000795132,0.384075,0.000122884,1.72312e-05,1.55528e-05,-0.000139251,0.00037864,-0.000912801,0.00129144,30,0,0.0375419
2025-12-12 00:00:00+00:00,-0.00138668,1.36647,1.06445,-0.0538903,0.00381089,0.361274,0.000115597,1.52707e-05,1.14139e-05,-8.8784e-05,-0.00112812,-0.00926838,0.00814026,30,0,0.0364566
2025-12-13 00:00:00+00:00,-0.00178193,1.36403,0.918312,-0.0652693,-0.00967874,1.01035,0.000323325,6.35961e-05,2.94758e-05,5.8559e-05,-0.00141535,0.00296303,-0.00439411,29.7292,0,0.0362234
2025-12-14 00:00:00+00:00,-0.000456323,1.36341,0.583117,-0.107265,-0.014874,0.317836,0.000101708,1.86837e-05,9.649e-06,-8.9632e-05,-0.000220797,-0.00771769,0.00749689,29,0,0.0360521
2025-12-15 00:00:00+00:00,0.01448,1.38315,0.885368,-0.0192572,0.0257918,0.697383,0.000223068,4.80672e-05,0.000139798,-9.3251e-05,0.0149375,-0.00817147,0.0226957,29,0,0.0354258
2025-12-16 00:00:00+00:00,0.00621743,1.39175,1.1163,-0.0046421,0.0181754,0.451934,0.000144628,2.5577e-05,2.13473e-05,0.000660908,0.00576273,0.00355927,0.00220346,29,0,0.0388776
2025-12-17 00:00:00+00:00,0.0156256,1.4135,1.44193,0.0117235,0.0143657,0.654944,0.000209637,4.66286e-05,3.28219e-05,0.000680303,0.0151659,-0.0298618,0.0450277,29,0,0.0410745
2025-12-18 00:00:00+00:00,-0.00517779,1.40618,1.51045,-0.0089905,0.0105852,0.735831,0.000235659,8.16076e-05,4.81845e-05,0.000421979,-0.00517477,-0.0337213,0.0285465,29.875,0,0.043231
2025-12-19 00:00:00+00:00,-0.00428867,1.40015,1.26357,-0.0011758,0.00506688,0.730099,0.00023367,8.74202e-05,4.43817e-05,0.0008466,-0.00473699,0.0425496,-0.0472866,30,0,0.0444416
2025-12-20 00:00:00+00:00,0.00144201,1.40217,1.25649,0.0198321,0.009404,0.194906,6.23643e-05,2.14509e-05,1.44018e-05,0.000382281,0.00118135,0.00400216,-0.00282081,30,0,0.0407766
2025-12-21 00:00:00+00:00,-0.00429082,1.39615,0.951915,-0.0170291,0.00427759,1.40631,0.000449718,0.000135164,6.70151e-05,0.00116654,-0.00477479,-0.0134349,0.00866011,30,0,0.0390172
2025-12-22 00:00:00+00:00,0.00816432,1.40755,0.552581,0.0233373,-0.000523056,0.916139,0.000293086,9.34845e-05,7.98278e-05,0.000566353,0.00809315,0.00420905,0.00385756,29.2083,0,0.0371841
2025-12-23 00:00:00+00:00,0.0100931,1.42176,0.531468,-0.0157107,-0.00893981,1.2442,0.000398218,0.000200721,6.29818e-05,8.72847e-05,0.0106498,0.00245085,0.00819952,24,0,0.0378444
2025-12-24 00:00:00+00:00,0.000343594,1.42225,0.626823,-0.0200477,-0.0150898,1.22786,0.00039293,0.000157435,5.01858e-05,0.000120005,0.000834333,0.00466869,-0.00383392,20.4167,0,0.0421968
2025-12-25 00:00:00+00:00,-0.00211035,1.41924,0.6474,0.0209477,-0.0183513,0.706775,0.000226138,8.57735e-05,3.13443e-05,8.05113e-05,-0.00182588,-0.00484234,0.00301643,19.625,0,0.0405384
2025-12-26 00:00:00+00:00,-0.0051321,1.41196,0.775316,0.0557726,-0.0101792,0.54163,0.000173286,5.95693e-05,2.57389e-05,0.000416601,-0.00528173,0.00476217,-0.0100439,22.0417,0,0.0380279
2025-12-27 00:00:00+00:00,0.000861785,1.41318,0.653393,0.0523488,-0.0148972,0.146171,4.67752e-05,1.96484e-05,8.69346e-06,0.000466666,0.000482296,0.00671696,-0.00623466,23,0,0.0334523
2025-12-28 00:00:00+00:00,0.00708122,1.42318,0.674539,0.0867494,0.00280544,0.180928,5.79485e-05,2.75185e-05,1.22163e-05,0.000811045,0.00636336,0.00179693,0.00456643,23.375,0,0.0316265
2025-12-29 00:00:00+00:00,-0.00116214,1.42153,0.731574,0.086308,0.00402869,0.311027,9.95106e-05,2.39597e-05,2.07583e-05,0.00101717,-0.00201821,-0.00633475,0.0042724,25.6458,0,0.032385
2025-12-30 00:00:00+00:00,0.00153053,1.42371,0.703066,0.0509128,-0.000890975,0.62314,0.00019942,5.54878e-05,2.10746e-05,0.000430748,0.00138521,0.00134998,3.5231e-05,26,0,0.0329609
2025-12-31 00:00:00+00:00,-0.0156901,1.40137,0.761299,0.0405372,-0.00727955,0.344962,0.000113124,9.92522e-05,3.82383e-05,0.000595226,-0.0160854,-0.0100099,-0.00607548,26.1458,1,0.0331626
2026-01-01 00:00:00+00:00,0.00541313,1.40895,0.852862,0.00611263,-0.0163374,0.237864,7.61483e-05,1.29588e-05,1.22325e-05,0.0002929,0.00524311,0.019104,-0.0138609,26.4375,0,0.0298094
2026-01-02 00:00:00+00:00,-0.0175047,1.38429,0.838859,0.0276018,-0.0119571,0.314823,0.000101563,4.51195e-05,1.825e-05,0.000403385,-0.0178406,0.0111344,-0.0289749,27.6875,1,0.0295112
2026-01-03 00:00:00+00:00,0.0040882,1.38995,0.83593,0.0633069,-0.00646084,0.196635,6.29435e-05,3.5178e-05,1.23766e-05,0.000176682,0.00404996,0.00625998,-0.00227277,26.9583,0,0.0266862
2026-01-04 00:00:00+00:00,-0.0135645,1.3711,0.868786,0.0513283,-0.00817574,0.250842,8.02325e-05,2.51632e-05,1.00054e-05,-0.000417307,-0.0131014,0.00167553,-0.014777,27.8125,0,0.0265702
2026-01-05 00:00:00+00:00,0.00509439,1.37808,0.919692,0.116794,0.0104686,0.277215,8.88164e-05,2.68551e-05,4.25389e-05,-9.1678e-05,0.00538126,0.00932047,-0.00372086,28.0833,0,0.0241155
2026-01-06 00:00:00+00:00,-0.0122922,1.36114,0.863036,0.0949126,0.00938714,0.30078,0.0001067,9.25392e-05,3.92111e-05,0.000185452,-0.0122831,0.00217225,-0.0144554,29.3333,1,0.0241686
2026-01-07 00:00:00+00:00,0.00555752,1.36871,0.823192,0.0588733,-0.00238938,0.123168,3.94212e-05,1.01479e-05,1.43909e-05,6.01192e-05,0.00556954,-0.0174855,0.023055,30,0,0.0215835
2026-01-08 00:00:00+00:00,-0.00780986,1.35802,0.79361,0.0102688,-0.00533198,0.123835,3.96208e-05,3.72587e-05,8.39985e-06,-4.10449e-05,-0.0077015,-0.0111665,0.00346498,30,0,0.0216631
2026-01-09 00:00:00+00:00,-0.00117619,1.35642,0.780132,-0.0323982,-0.0185971,0.076256,2.44021e-05,1.47158e-05,3.62724e-06,-0.000219317,-0.000908404,0.000512569,-0.00142097,30,0,0.019619
2026-01-10 00:00:00+00:00,0.00141942,1.35834,0.761085,-0.0361969,-0.0184139,0.0109899,3.51634e-06,3.61183e-06,8.69417e-07,-0.000206133,0.00163791,-0.00419323,0.00583115,30,0,0.0188363
2026-01-11 00:00:00+00:00,-0.00536474,1.35106,0.748624,-0.0294855,-0.0102658,0.0186913,5.97882e-06,3.90007e-06,9.8383e-07,-9.90042e-05,-0.00526488,-0.00188778,-0.0033771,30,0,0.0201238
2026-01-12 00:00:00+00:00,0.00568285,1.35873,0.641647,-0.0518137,-0.0183442,0.271185,8.67726e-05,5.36542e-05,5.71197e-05,3.04931e-05,0.00584783,-0.00348683,0.00958365,28.1458,0,0.0199918
2026-01-13 00:00:00+00:00,-0.000411038,1.35818,0.632941,-0.0551824,-0.00936166,0.160271,5.90358e-05,4.65614e-05,3.95e-06,-2.76894e-05,-0.000257263,0.0228157,-0.023073,28.8333,2,0.0209143
2026-01-14 00:00:00+00:00,-0.0126209,1.34103,0.669511,-0.0354969,-0.00497703,0.156236,4.99573e-05,2.57481e-05,1.44472e-05,0.000542247,-0.013097,-0.00578443,-0.00731259,27,0,0.0213424
2026-01-15 00:00:00+00:00,0.000688518,1.34196,0.627446,-0.0446797,-0.0110843,0.032538,1.04134e-05,4.66352e-06,2.75773e-06,0.000240731,0.000486675,-0.0114922,0.0119789,27,0,0.0190372
2026-01-16 00:00:00+00:00,0.0012139,1.34359,0.569018,-0.0422827,-0.00858732,0.0943621,3.01985e-05,4.58006e-06,6.40856e-06,0.000464717,0.000795464,0.00142187,-0.000626401,27,0,0.0112421
2026-01-17 00:00:00+00:00,-1.97268e-05,1.34356,0.5104,-0.0452367,-0.0105889,0.0369324,1.18178e-05,1.61003e-06,2.37962e-06,6.33145e-05,-6.43736e-05,-0.00219741,0.00213304,27,0,0.0116828
2026-01-18 00:00:00+00:00,0.000708852,1.34451,0.486541,-0.0299757,-0.00348601,0.0321131,1.02753e-05,5.9741e-06,2.21442e-06,8.54683e-05,0.000644148,-0.00895239,0.00959653,27,0,0.0119121
2026-01-19 00:00:00+00:00,0.00476315,1.35092,0.426224,-0.0120658,-0.00270467,0.198782,6.36996e-05,2.46431e-05,1.76207e-05,-0.000126545,0.00499096,-0.00571302,0.0109294,27.625,0,0.0147819
2026-01-20 00:00:00+00:00,0.00543387,1.35826,0.450768,-0.0275421,-0.0025834,0.127684,4.08699e-05,5.10874e-06,5.28825e-06,-3.10242e-05,0.00550576,-0.0116953,0.017201,29,0,0.0181729
2026-01-21 00:00:00+00:00,-0.0025959,1.35473,0.471279,-0.0276821,-0.00452625,0.158433,5.06873e-05,1.12219e-05,5.26996e-06,0.000509766,-0.00303399,0.00784305,-0.010877,29,0,0.0197402
2026-01-22 00:00:00+00:00,0.00115884,1.3563,0.481427,-0.0341417,-0.00219008,0.0425269,1.36086e-05,1.16339e-05,3.04138e-06,0.0014479,-0.000252426,-0.00173971,0.00148728,29,0,0.0165414
2026-01-23 00:00:00+00:00,-0.00608724,1.34805,0.482019,-0.0388314,-0.00145159,0.0530428,1.69664e-05,6.89519e-06,2.89813e-06,0.000267432,-0.00633279,-0.00176186,-0.00457094,29,0,0.0155976
2026-01-24 00:00:00+00:00,0.00520468,1.35506,0.471464,-0.0403781,0.000435805,0.0482485,1.54456e-05,5.32608e-06,4.64917e-06,-0.000356286,0.00558252,0.00641614,-0.000833621,29,0,0.013529
2026-01-25 00:00:00+00:00,0.00422017,1.36078,0.419856,-0.0295004,-0.00571265,0.0560483,1.79383e-05,6.94706e-06,2.44486e-06,8.72478e-06,0.00423544,-0.0100065,0.0142419,29,0,0.0165226
2026-01-26 00:00:00+00:00,0.00477645,1.36728,0.496146,0.0249908,0.0038042,0.196372,6.28678e-05,3.0924e-05,3.22448e-05,0.0015701,0.0033422,0.0150782,-0.0121214,29,0,0.0178962
2026-01-27 00:00:00+00:00,-0.00609921,1.35894,0.514443,0.0130274,0.000998771,0.0520523,1.66532e-05,1.13427e-05,3.46244e-06,0.00216988,-0.00824006,0.00925818,-0.0174982,29,0,0.0165764
2026-01-28 00:00:00+00:00,-0.00751298,1.34873,0.496765,0.0191364,0.000428219,0.0724816,2.6307e-05,7.61371e-06,1.37763e-05,0.0011906,-0.00867241,-0.00770247,-0.000969941,29,1,0.0152351
2026-01-29 00:00:00+00:00,0.00172906,1.35106,0.459588,0.0272372,0.00489005,0.0567289,1.81504e-05,1.28563e-05,4.41821e-06,0.000366373,0.00140893,-0.014321,0.01573,29,0,0.0150512
2026-01-30 00:00:00+00:00,-0.00076362,1.35003,0.386094,0.0378768,0.00311694,0.133599,5.11645e-05,1.00081e-05,1.04461e-05,0.000286155,-0.000973073,-0.00736861,0.00639554,27.8125,2,0.0152608
2026-01-31 00:00:00+00:00,-0.00643754,1.34134,0.34927,0.0511712,0.00747093,0.0439477,1.40609e-05,1.75761e-06,3.40256e-06,7.14109e-05,-0.00650248,-0.0206568,0.0141543,27.6458,0,0.0170032
2026-02-01 00:00:00+00:00,-0.00200059,1.33866,0.372779,0.0435462,0.00158936,0.113006,3.62676e-05,1.27779e-05,5.46038e-06,3.51706e-05,-0.00197552,-0.00682282,0.00487993,28.3125,1,0.0170873
2026-02-02 00:00:00+00:00,0.00179409,1.34106,0.452435,0.0444893,0.00734311,0.0993606,3.18057e-05,1.38535e-05,1.48817e-05,0.000733761,0.00112743,0.00594687,-0.00486066,27.875,0,0.0151787
2026-02-03 00:00:00+00:00,0.00124278,1.34273,0.450876,0.0397071,0.00617611,0.0435216,1.52875e-05,1.81597e-05,3.87594e-06,0.00112448,0.000162694,-0.00757143,0.00773412,28.5,1,0.016013
2026-02-04 00:00:00+00:00,-0.00399819,1.33736,0.470123,0.0314132,0.000918077,0.182982,6.8685e-05,1.76758e-05,1.69836e-05,0.00199906,-0.00589261,-0.00983306,0.00394045,27.7292,1,0.019519
2026-02-05 00:00:00+00:00,0.0107448,1.35173,0.42185,0.0154231,-0.000723251,0.139425,4.54681e-05,3.3501e-05,8.28236e-06,0.00280825,0.00797813,-0.0260388,0.0340169,26.625,1,0.019638
2026-02-06 00:00:00+00:00,-0.00310913,1.34752,0.404124,-0.00845606,-0.000726574,0.0605661,1.93512e-05,1.91212e-05,4.92071e-06,0.00101045,-0.00405247,0.0211436,-0.025196,26.8333,0,0.020545
2026-02-07 00:00:00+00:00,0.000341256,1.34798,0.406395,-0.00956336,-0.00436183,0.0359754,1.15108e-05,6.96873e-06,2.90277e-06,0.00118303,-0.000815802,-0.0045195,0.0037037,27,0,0.0199064
2026-02-08 00:00:00+00:00,-0.00567573,1.34033,0.430566,-0.00837278,-0.00687361,0.0816324,2.94984e-05,9.53624e-06,1.40539e-05,0.00200004,-0.00762576,-0.00325228,-0.00437348,27,1,0.0201665
2026-02-09 00:00:00+00:00,-0.0010271,1.33896,0.443089,-0.00822901,-0.00523001,0.0813592,2.6046e-05,1.19477e-05,7.24789e-06,0.00170181,-0.00267519,-0.0034792,0.000796517,27.25,0,0.0168097
2026-02-10 00:00:00+00:00,-0.00358094,1.33416,0.450824,-0.00809973,-0.00446327,0.0601281,2.07233e-05,2.90249e-06,6.39591e-06,0.00138331,-0.00492797,-0.00384726,-0.00108071,28,1,0.0153589
2026-02-11 00:00:00+00:00,0.00073493,1.33514,0.432814,-0.00767292,-0.00586697,0.0566289,1.81235e-05,3.66248e-06,6.20602e-06,0.000603825,0.000170818,-0.00236579,0.00250133,28.0625,0,0.0152345
2026-02-12 00:00:00+00:00,-0.00470186,1.32886,0.407546,-0.0124297,-0.0118803,0.0496577,1.58875e-05,4.71707e-06,3.83275e-06,0.00106031,-0.0057406,4.33144e-05,-0.00578392,29,0,0.0167007
2026-02-13 00:00:00+00:00,0.00257873,1.33229,0.399915,-0.00767488,-0.00563561,0.0665679,2.326e-05,3.01697e-05,8.04719e-06,0.000888662,0.00175477,0.00700102,-0.00524625,29,1,0.0153104
2026-02-14 00:00:00+00:00,-0.00359397,1.3275,0.400684,-0.0128475,-0.00599865,0.0642086,2.05448e-05,1.03823e-05,3.97491e-06,0.000611207,-0.00417361,0.00761573,-0.0117893,29,0,0.0150013
2026-02-15 00:00:00+00:00,0.00260918,1.33097,0.392885,-0.0180773,-0.00945014,0.0713083,2.28254e-05,5.51483e-06,3.69543e-06,0.000128939,0.00251257,-0.00672784,0.00924041,29,0,0.0149041
2026-02-16 00:00:00+00:00,0.000195862,1.33123,0.401384,-0.00584835,-0.00133,0.178887,5.72491e-05,1.45558e-05,2.43254e-05,-0.000341147,0.000635839,0.00205148,-0.00135611,27.9792,0,0.0176428
2026-02-17 00:00:00+00:00,-0.00740467,1.32137,0.434624,-0.00741857,-0.000755779,0.103698,3.31779e-05,7.05576e-06,5.79472e-06,-0.00030171,-0.00707346,-0.00631166,-0.000761808,28.5417,0,0.0183507
2026-02-18 00:00:00+00:00,-0.0104417,1.30757,0.467037,-0.0297713,-0.0122002,0.16132,5.15789e-05,1.23355e-05,1.09257e-05,-0.000349939,-0.0100381,-0.00677672,-0.00326136,29,0,0.0162612
2026-02-19 00:00:00+00:00,0.00316939,1.31172,0.420442,-0.0273857,0.00393131,0.0587817,1.88101e-05,2.35127e-06,3.31472e-06,-0.000337218,0.00353129,-0.000763739,0.00429503,29,0,0.0110349
2026-02-20 00:00:00+00:00,-0.00403462,1.30642,0.39822,-0.014781,0.0169212,0.0643901,2.12898e-05,1.3865e-05,5.86041e-06,-0.000197421,-0.00379769,0.00506867,-0.00886636,29,1,0.0090308
2026-02-21 00:00:00+00:00,0.00164564,1.30857,0.369821,-0.0154854,0.0175288,0.0242882,7.75902e-06,3.49188e-06,3.59221e-06,-0.000303315,0.00197,0.000785843,0.00118415,29,0,0.00648949
2026-02-22 00:00:00+00:00,-0.00108242,1.30716,0.361837,-0.0223833,0.00859229,0.00687968,2.20165e-06,1.08938e-06,3.50651e-07,-3.90783e-05,-0.00103809,-0.00447324,0.00343515,29,0,0.00713231
2026-02-23 00:00:00+00:00,-0.00747121,1.29739,0.339092,-0.0256915,0.00786559,0.0280998,1.05135e-05,2.9081e-06,2.9e-06,-0.000108324,-0.00736904,-0.00867072,0.00131438,28,1,0.00671146
2026-02-24 00:00:00+00:00,0.00230173,1.30038,0.326184,-0.0267289,0.00581357,0.00735156,2.35359e-06,1.3326e-06,5.69655e-07,2.03364e-05,0.00228592,2.4725e-05,0.0022612,28,0,0.00632011
2026-02-25 00:00:00+00:00,0.00692149,1.30938,0.318099,-0.0241906,0.00611352,0.0907729,2.93652e-05,6.82875e-06,4.81571e-06,-2.81429e-05,0.00697393,0.0182819,-0.0113079,27.1875,1,0.00636247
2026-02-26 00:00:00+00:00,-0.00614711,1.30133,0.27331,-0.0131865,0.00392953,0.026035,9.63824e-06,3.62412e-06,3.14819e-06,1.33732e-05,-0.00616005,-0.00369968,-0.00246037,27,1,0.00429601
2026-02-27 00:00:00+00:00,0.00137964,1.30313,0.25944,-0.00966098,0.00218284,0.00207286,6.6353e-07,1.57174e-07,2.11845e-07,1.97314e-05,0.00136107,-0.00460703,0.0059681,27,0,4.12203e-05
2026-02-28 00:00:00+00:00,-0.00128187,1.30145,0.248047,-0.00798435,0.0039099,0.00205629,6.57927e-07,8.22408e-08,2.06893e-07,1.61942e-05,-0.00129661,0.0020974,-0.00339441,26.25,0,0
2026-03-01 00:00:00+00:00,-0.00145446,1.29956,0.255673,-0.00780038,0.00385769,0,0,0,0,-3.25197e-05,-0.00142198,-0.00246836,0.00104639,26,0,0
2026-03-02 00:00:00+00:00,-0.00140108,1.29774,0.232946,-0.00407015,0.00620455,0.0318273,1.01821e-05,2.04662e-06,5.41041e-06,1.59473e-05,-0.00139912,0.00298259,-0.00436099,25,0,0
2026-03-03 00:00:00+00:00,0.00164842,1.29988,0.229218,-0.00413656,0.00395499,0.00491968,1.71711e-06,7.19356e-07,2.16658e-07,1.39084e-05,0.00163685,-0.00110291,0.00273976,24.4792,1,0
2026-03-04 00:00:00+00:00,-0.000311972,1.29947,0.234458,-0.00240679,0.00581347,0,0,0,0,-6.76102e-06,-0.000304484,0.00494209,-0.00524657,24,0,0
2026-03-05 00:00:00+00:00,0.000563804,1.30021,0.235982,-0.00207165,0.00657378,0,0,0,0,1.33704e-06,0.000562608,-0.00224881,0.00281141,24,0,0
2026-03-06 00:00:00+00:00,-0.000357734,1.29974,0.229013,-0.0020985,0.0056582,0,0,0,0,1.45352e-05,-0.000371947,-0.0046068,0.00423485,24,0,0
2026-03-07 00:00:00+00:00,2.35763e-05,1.29977,0.222961,-0.00210267,0.00516714,0,0,0,0,1.17347e-05,1.21368e-05,-0.00182825,0.00184038,24,0,0
2026-03-08 00:00:00+00:00,-0.000385298,1.29927,0.219601,-0.00248961,0.00533268,0,0,0,0,2.43503e-05,-0.000409404,-0.00168075,0.00127134,24,0,0
2026-03-09 00:00:00+00:00,-0.00178178,1.29696,0.224577,-0.00377514,0.00495309,0.000484868,1.55176e-07,1.9397e-08,1.61771e-08,4.53256e-06,-0.001787,0.00363265,-0.00542306,23,0,0
2026-03-10 00:00:00+00:00,-0.000156703,1.29675,0.226479,-0.00331774,0.00663819,0.0137422,4.39765e-06,1.64437e-06,3.32467e-07,1.90751e-05,-0.000168387,0.00110449,-0.00127287,23,0,0
2026-03-11 00:00:00+00:00,-0.00123204,1.29516,0.217149,-0.00035809,0.00859392,0,0,0,0,-1.67509e-06,-0.00123065,0.000638447,-0.0018691,23,0,0
2026-03-12 00:00:00+00:00,-0.000487739,1.29452,0.205414,0.00763111,0.0138061,0.0241075,1.09733e-05,2.05103e-06,1.84669e-06,-1.26925e-05,-0.000459895,0.000581505,-0.0010414,23,1,0
2026-03-13 00:00:00+00:00,-0.000251863,1.2942,0.210211,0.00840071,0.0141933,0.00245011,7.83848e-07,9.7981e-08,1.54024e-07,-2.01912e-05,-0.000230145,0.000728858,-0.000959003,23.8958,0,0
2026-03-14 00:00:00+00:00,-0.000377713,1.29371,0.206469,0.00728687,0.0111262,0,0,0,0,1.38191e-05,-0.000391471,0.000155041,-0.000546512,24,0,0
2026-03-15 00:00:00+00:00,3.33466e-05,1.29375,0.209348,0.00719713,0.0104373,0,0,0,0,-4.76809e-05,8.12791e-05,0.00281675,-0.00273547,24,0,0
2026-03-16 00:00:00+00:00,0.0018867,1.29619,0.217996,0.00725229,0.0119285,0.00199799,8.2015e-07,1.40164e-07,1.31891e-07,-7.42452e-05,0.00196131,0.00581209,-0.00384873,22.9167,1,0
2026-03-17 00:00:00+00:00,-5.00105e-05,1.29613,0.217575,0.00927799,0.0140995,0,0,0,0,-2.25364e-05,-2.7071e-05,-0.00233318,0.0023061,22,0,0
2026-03-18 00:00:00+00:00,-0.00105523,1.29476,0.21145,0.0086959,0.0126323,0,0,0,0,-2.73125e-06,-0.00105262,-0.00551044,0.00445782,22,0,0
2026-03-19 00:00:00+00:00,0.000462296,1.29536,0.202869,0.00888473,0.0135165,0,0,0,0,-8.25022e-06,0.000470721,-0.002189,0.00265972,22,0,0
2026-03-20 00:00:00+00:00,0.000824528,1.29643,0.2026,0.00916635,0.0128426,0,0,0,0,-4.46059e-06,0.000828935,0.00108771,-0.00025877,22,0,0
2026-03-21 00:00:00+00:00,-0.00106128,1.29505,0.202987,0.00943541,0.0125406,0,0,0,0,8.41708e-06,-0.00106995,-0.00313792,0.00206797,22,0,0
2026-03-22 00:00:00+00:00,-0.000262538,1.29471,0.197272,0.00844577,0.0114931,0,0,0,0,2.88838e-05,-0.00029133,-0.00172155,0.00143022,22,0,0
2026-03-23 00:00:00+00:00,0.00218709,1.29754,0.184087,0.00891944,0.011178,0.0146992,4.70376e-06,5.87969e-07,1.40047e-06,-1.17137e-05,0.00220351,0.00487247,-0.00266424,20,0,0
2026-03-24 00:00:00+00:00,-0.00104212,1.29619,0.185346,0.00807132,0.00788423,0.00214366,6.86136e-07,8.5767e-08,1.17804e-07,-1.60781e-06,-0.00103984,0.000194511,-0.00123436,20,0,0
2026-03-25 00:00:00+00:00,-0.00125291,1.29457,0.184907,0.0102971,0.00997292,0.00358042,1.79028e-06,3.58057e-07,2.03914e-07,-1.11198e-05,-0.00123993,0.000655458,-0.00189539,19,1,0
2026-03-26 00:00:00+00:00,-0.00105987,1.2932,0.179896,0.00874572,0.00723576,0,0,0,0,2.216e-05,-0.00108228,-0.00500157,0.00391929,19,0,0
2026-03-27 00:00:00+00:00,0.000432719,1.29376,0.173741,0.0082458,0.00749733,0,0,0,0,2.96739e-05,0.000403292,-0.00268157,0.00308486,19,0,0
2026-03-28 00:00:00+00:00,-0.00032588,1.29333,0.172018,0.00840186,0.00734726,0,0,0,0,2.91548e-05,-0.000354983,-0.000602261,0.000247278,19,0,0
2026-03-29 00:00:00+00:00,-0.000873109,1.2922,0.170239,0.0078641,0.00664104,0,0,0,0,2.58782e-05,-0.000899255,-0.00157976,0.000680506,19,0,0
2026-03-30 00:00:00+00:00,0.000394612,1.29271,0.172337,0.00782331,0.00582194,0,0,0,0,1.60319e-06,0.000393059,0.00143504,-0.00104198,19,0,0
2026-03-31 00:00:00+00:00,-0.000354796,1.29226,0.171916,0.00765081,0.00534767,0,0,0,0,6.87628e-06,-0.000361547,0.000829256,-0.0011908,19,0,0
2026-04-01 00:00:00+00:00,-0.000126335,1.29209,0.17133,0.0107652,0.00972345,0.00402747,1.28924e-06,1.61155e-07,7.22254e-08,-3.09613e-06,-0.000121357,8.89271e-05,-0.000210285,19,0,0
2026-04-02 00:00:00+00:00,0.000743092,1.29305,0.16296,0.0119226,0.0112223,0,0,0,0,2.27117e-06,0.00074103,-0.00275036,0.00349139,19,0,0
2026-04-03 00:00:00+00:00,0.00109355,1.29447,0.164165,0.0128732,0.012248,0,0,0,0,-1.40807e-05,0.00110718,0.00124678,-0.000139599,19,0,0
2026-04-04 00:00:00+00:00,-5.58935e-05,1.29439,0.1644,0.0130838,0.0113449,0,0,0,0,5.37024e-08,-5.58048e-05,0.000445598,-0.000501403,19,0,0
2026-04-05 00:00:00+00:00,-0.00044684,1.29382,0.163208,0.0127098,0.0112731,0,0,0,0,-6.24298e-06,-0.000440523,0.000527919,-0.000968441,19,0,0
2026-04-06 00:00:00+00:00,-0.00071888,1.29289,0.16633,0.0107396,0.0114081,0.00252391,8.08051e-07,5.3438e-07,1.15881e-07,1.25441e-06,-0.000718266,-0.000919312,0.00019751,18,0,0
2026-04-07 00:00:00+00:00,0.000483361,1.29351,0.16318,0.00899078,0.00855145,0,0,0,0,2.46628e-05,0.000459148,0.00509115,-0.004632,18,0,0
2026-04-08 00:00:00+00:00,-0.000425672,1.29296,0.170517,0.00954824,0.0113013,0,0,0,0,-5.89546e-06,-0.000419581,-0.00311099,0.00269141,18,0,0
2026-04-09 00:00:00+00:00,0.000701694,1.29387,0.167638,0.0097922,0.00979416,0,0,0,0,-1.10191e-05,0.000712713,0.00147759,-0.00076488,18,0,0
2026-04-10 00:00:00+00:00,-0.000708226,1.29295,0.17065,0.00939217,0.00955385,0,0,0,0,-6.38531e-06,-0.000701809,0.000769874,-0.00147168,18,0,0
2026-04-11 00:00:00+00:00,-0.000783945,1.29194,0.171157,0.00895772,0.00875269,0,0,0,0,6.64819e-06,-0.000790741,-0.000354731,-0.00043601,18,0,0
2026-04-12 00:00:00+00:00,-0.000711032,1.29102,0.166504,0.0082889,0.00651733,0,0,0,0,1.11407e-05,-0.000722243,-0.0036315,0.00290925,18,0,0
2026-04-13 00:00:00+00:00,-9.42532e-05,1.2909,0.160699,0.0095492,0.0063252,0.00722418,2.31191e-06,2.88989e-07,4.16681e-07,-2.55368e-06,-8.83258e-05,0.0049159,-0.00500256,16,0,0
2026-04-14 00:00:00+00:00,-0.000763595,1.28991,0.165462,0.00907912,0.00545339,0,0,0,0,-4.7551e-06,-0.000758721,-0.00258178,0.00182306,16,0,0
2026-04-15 00:00:00+00:00,-0.000201486,1.28965,0.165203,0.00848235,0.00593189,0,0,0,0,4.07008e-07,-0.000201673,0.00151733,-0.001719,16,0,0.00021569
2026-04-16 00:00:00+00:00,0.000652933,1.29049,0.1696,0.00891383,0.00710142,0,0,0,0,-1.17306e-05,0.000664856,0.00384487,-0.00318001,16,0,0.0013412
2026-04-17 00:00:00+00:00,-0.00221238,1.28764,0.174439,0.00833536,0.00662493,0,0,0,0,-6.11717e-06,-0.00220808,-0.000182709,-0.00202537,16,0,0
2026-04-18 00:00:00+00:00,-0.000369921,1.28716,0.172433,0.00747274,0.0043193,0.0020551,6.57485e-07,8.21856e-08,1.36898e-07,6.51765e-06,-0.00037545,-0.00295746,0.00258201,16,0,0
2026-04-19 00:00:00+00:00,0.000133358,1.28733,0.166683,0.008705,0.00367521,0,0,0,0,1.03599e-05,0.000123282,-0.00259405,0.00271733,16,0,0
2026-04-20 00:00:00+00:00,0.000572602,1.28807,0.162527,0.00528079,0.00318018,0.00369378,1.18199e-06,1.47749e-07,1.8413e-07,-8.94716e-06,0.000583099,0.00196943,-0.00139134,15,0,0
2026-04-21 00:00:00+00:00,0.000430647,1.28863,0.163241,0.00577086,0.00362842,0,0,0,0,-5.22608e-06,0.000436003,0.000777252,-0.000341249,15,0,0
2026-04-22 00:00:00+00:00,0.000591152,1.28939,0.166331,0.00667209,0.00491898,0,0,0,0,-6.42944e-06,0.000597602,0.000374283,0.000223319,15,0,0
2026-04-23 00:00:00+00:00,-0.000271617,1.28904,0.163082,0.00642215,0.00494881,0,0,0,0,6.73942e-06,-0.00027823,4.81105e-05,-0.00032634,15,0,0
2026-04-24 00:00:00+00:00,0.000206192,1.2893,0.164054,0.0065999,0.0048029,0,0,0,0,-4.10351e-06,0.000210388,2.06422e-05,0.000189746,15,0,4.91275e-05
2026-04-25 00:00:00+00:00,0.000258864,1.28964,0.16396,0.006699,0.00456889,0,0,0,0,3.11407e-06,0.000255789,-0.000218841,0.00047463,15,0,0
2026-04-26 00:00:00+00:00,-0.000485615,1.28901,0.164362,0.0066721,0.00455544,0,0,0,0,-3.38398e-06,-0.000482274,0.000681979,-0.00116425,15,0,0
2026-04-27 00:00:00+00:00,-0.000279729,1.28865,0.162763,0.00616061,0.00329654,0,0,0,0,1.56357e-05,-0.000295285,-0.001691,0.00139572,15,0,0
2026-04-28 00:00:00+00:00,4.86707e-05,1.28871,0.161022,0.00599634,0.00266813,0,0,0,0,1.60156e-06,4.71766e-05,-0.000535916,0.000583093,15,0,0
2026-04-29 00:00:00+00:00,0.000210099,1.28898,0.161105,0.00624695,0.00357694,0,0,0,0,1.64455e-06,0.0002086,-0.000738627,0.000947227,15,0,0
2026-04-30 00:00:00+00:00,5.16354e-05,1.28905,0.159456,0.00644962,0.00587733,0,0,0,0,-5.77912e-06,5.74779e-05,-5.98444e-05,0.000117322,15,0,0
2026-05-01 00:00:00+00:00,0.000196238,1.2893,0.16063,0.00643386,0.00578897,0,0,0,0,-2.57098e-06,0.000198843,0.000582615,-0.000383772,15,0,1.44142e-07
2026-05-02 00:00:00+00:00,6.04537e-05,1.28938,0.160607,0.00655773,0.00527367,0,0,0,0,1.76942e-06,5.87362e-05,0.000554555,-0.000495819,15,0,0
2026-05-03 00:00:00+00:00,-0.000214252,1.2891,0.160434,0.00645151,0.00477803,0,0,0,0,1.63863e-06,-0.000215847,-0.000560879,0.000345032,15,0,0
2026-05-04 00:00:00+00:00,-0.000638522,1.28828,0.143416,-0.0133617,-0.0097356,0.0190451,6.09346e-06,7.70798e-07,1.0351e-06,5.33755e-06,-0.000635912,0.000272924,-0.000913488,12,0,0
2026-05-05 00:00:00+00:00,-0.000869033,1.28716,0.14592,-0.0138926,-0.0101474,0,0,0,0,-2.09521e-06,-0.000866982,0.0018111,-0.00267809,12,0,0
2026-05-06 00:00:00+00:00,-0.000661584,1.28631,0.147139,-0.0119771,-0.00788544,0.00669561,2.1422e-06,3.54347e-07,4.40141e-07,-3.34406e-06,-0.000655031,0.0015792,-0.00223423,12,0,0
2026-05-07 00:00:00+00:00,0.000606882,1.28709,0.143172,-0.00930843,-0.00540199,0,0,0,0,1.87494e-06,0.000605006,-0.000844229,0.00144924,12,0,0
2026-05-08 00:00:00+00:00,-0.000200887,1.28683,0.143864,-0.00895247,-0.00524626,0,0,0,0,-4.53579e-06,-0.000196196,0.00252675,-0.00272294,12,0,0
2026-05-09 00:00:00+00:00,-1.89227e-05,1.28681,0.148405,-0.00916067,-0.0061125,0,0,0,0,8.9203e-06,-2.76578e-05,0.000340068,-0.000367726,12,0,0
2026-05-10 00:00:00+00:00,-0.00135658,1.28506,0.149517,-0.00934262,-0.0077435,0.00792206,2.53457e-06,3.41963e-07,1.84351e-07,3.61771e-06,-0.00135764,0.00229076,-0.00364841,12,0,0
2026-05-11 00:00:00+00:00,0.000583168,1.28581,0.141504,-0.00681813,-0.00577406,0.00320689,1.02623e-06,1.28286e-07,1.03689e-08,4.92395e-06,0.000579469,-0.000106809,0.000686278,12,0,0
2026-05-12 00:00:00+00:00,-8.67664e-05,1.2857,0.139168,-0.00669303,-0.00524359,0.000227243,7.27143e-08,9.08929e-09,2.23446e-10,1.09087e-05,-9.74527e-05,-0.00201521,0.00191776,12,0,0
2026-05-13 00:00:00+00:00,-0.000837988,1.28462,0.12861,-0.0070185,-0.00571045,0.0231224,7.39902e-06,9.39e-07,7.82179e-08,1.11388e-05,-0.000840881,-0.00117168,0.000330794,12,0,0
2026-05-14 00:00:00+00:00,-0.000272832,1.28427,0.0987049,-0.00578546,-0.00511399,0.0309442,9.90207e-06,1.27703e-06,1.15612e-07,2.85462e-06,-0.000264317,0.000807309,-0.00107163,12,0,0
2026-05-15 00:00:00+00:00,2.67603e-05,1.28431,0.0692109,-0.00419593,-0.00338588,0.0250731,8.0234e-06,1.0319e-06,8.95787e-08,6.67753e-07,3.52791e-05,-0.00115288,0.00118816,12,0,0
2026-05-16 00:00:00+00:00,0.000208597,1.28457,0.04851,-0.00279803,-0.0019435,0.0134425,4.30163e-06,5.37828e-07,3.21901e-08,2.21629e-06,0.000211244,-0.000637432,0.000848676,12,0,0
2026-05-17 00:00:00+00:00,-1.44678e-05,1.28456,0.0368167,-0.00215641,-0.00150371,0.0103071,3.29828e-06,4.57895e-07,1.72471e-08,2.52654e-06,-1.32142e-05,-0.000178612,0.000165398,12,0,0
2026-05-18 00:00:00+00:00,1.74059e-05,1.28458,0.0274806,-0.00157288,-0.0012781,0.00711769,2.27766e-06,3.88654e-07,1.00283e-08,4.57028e-07,1.96303e-05,-2.63604e-06,2.22663e-05,12,0,0
2026-05-19 00:00:00+00:00,-2.80936e-05,1.28454,0.0210472,-0.00127146,-0.00119032,0.00597567,1.91221e-06,4.1257e-07,8.0274e-09,-3.21113e-08,-2.57264e-05,-0.000140771,0.000115045,12,0,0
2026-05-20 00:00:00+00:00,-5.81343e-05,1.28447,0.0158771,-0.000934621,-0.000864719,0.0049847,1.67114e-06,4.16921e-07,9.4951e-09,4.52911e-07,-5.649e-05,0.000128112,-0.000184602,11.9167,1,0
2026-05-21 00:00:00+00:00,-1.6313e-05,1.28445,0.0116835,-0.00039906,-0.000405007,0.00350156,1.1205e-06,3.6526e-07,3.53713e-09,1.01607e-07,-1.49241e-05,7.09927e-05,-8.59168e-05,11,0,0
2026-05-22 00:00:00+00:00,5.21778e-06,1.28445,0.00866711,-0.000301237,-0.000323024,0.00261363,8.3636e-07,2.70393e-07,2.49029e-09,2.62326e-07,6.06534e-06,-0.000124137,0.000130203,11,0,0
2026-05-23 00:00:00+00:00,1.26142e-05,1.28447,0.00623684,-0.000202247,-0.000227504,0.00183695,5.87824e-07,1.27527e-07,1.63586e-09,5.4513e-07,1.27865e-05,4.92733e-05,-3.64868e-05,11,0,0
2026-05-24 00:00:00+00:00,4.6105e-07,1.28447,0.00472736,-0.000152133,-0.000210042,0.00139459,4.46269e-07,1.22694e-07,1.23216e-09,1.14606e-07,9.16723e-07,-2.57334e-05,2.66502e-05,11,0,0
2026-05-25 00:00:00+00:00,-8.67136e-06,1.28446,0.00352954,-0.000115825,-0.000136298,0.00104437,3.34199e-07,1.07494e-07,7.19741e-10,8.17307e-08,-8.31065e-06,1.01373e-05,-1.8448e-05,11,0,0
2026-05-26 00:00:00+00:00,1.46969e-06,1.28446,0.00260187,-9.00778e-05,-8.66939e-05,0.000773643,2.47566e-07,6.98e-08,4.33149e-10,1.66108e-07,1.6214e-06,-2.07396e-05,2.2361e-05,11,0,0
2026-05-27 00:00:00+00:00,9.11274e-06,1.28447,0.00191264,-6.28029e-05,-5.59878e-05,0.000566349,1.81232e-07,4.9087e-08,2.71671e-10,1.30434e-07,9.21287e-06,-1.07193e-05,1.99321e-05,11,0,0
2026-05-28 00:00:00+00:00,8.19197e-06,1.28448,0.00133096,-2.50673e-05,-1.85551e-05,0.000467473,1.49591e-07,4.44455e-08,2.60033e-10,1.01604e-07,8.28465e-06,-7.2593e-06,1.54297e-05,9.60417,0,0
2026-05-29 00:00:00+00:00,-4.0811e-06,1.28448,0.000931086,-3.81607e-05,-9.92767e-06,0.000388317,1.24261e-07,2.70094e-08,6.46355e-10,-3.467e-09,-3.92572e-06,-2.92904e-06,-9.58397e-07,7.6875,0,0
2026-05-30 00:00:00+00:00,-1.5434e-05,1.28446,0.00065561,2.75878e-06,3.85248e-05,0.00019381,6.20192e-08,9.9561e-09,6.92264e-11,1.79414e-08,-1.538e-05,4.26015e-06,-1.96401e-05,6,0,0
2026-05-31 00:00:00+00:00,1.59636e-06,1.28446,0.000494186,-4.44958e-06,1.69877e-05,0.000147323,4.71435e-08,5.89293e-09,4.18385e-11,-1.18531e-08,1.6613e-06,-8.95765e-09,1.67026e-06,6,0,0
2026-06-01 00:00:00+00:00,1.45821e-06,1.28446,0.000301685,-6.04729e-06,1.19996e-06,0.000167117,5.34775e-08,6.68468e-09,1.46707e-10,2.48684e-09,1.51604e-06,-1.92423e-06,3.40901e-06,4.27083,0,0
2026-06-02 00:00:00+00:00,-2.96345e-06,1.28446,0.000200293,9.83691e-06,1.25766e-05,9.83915e-05,3.14853e-08,3.93566e-09,2.14082e-10,2.81144e-08,-2.95593e-06,-9.28567e-06,6.30695e-06,3.75,0,0
2026-06-03 00:00:00+00:00,3.07417e-06,1.28446,6.75649e-05,-3.19156e-06,2.47662e-06,0.000136551,4.36963e-08,5.46203e-09,3.92043e-10,4.00754e-09,3.11971e-06,1.28008e-06,1.84134e-06,1.58333,0,0
2026-06-04 00:00:00+00:00,0,1.28446,0,0,0,0,0,0,0,0,0,0,0,0,0,0
2026-06-05 00:00:00+00:00,0,1.28446,0,0,0,0,0,0,0,0,0,0,0,0,0,0
2026-06-06 00:00:00+00:00,0,1.28446,0,0,0,0,0,0,0,0,0,0,0,0,0,0
2026-06-07 00:00:00+00:00,0,1.28446,0,0,0,0,0,0,0,0,0,0,0,0,0,0
2026-06-08 00:00:00+00:00,0,1.28446,0,0,0,0,0,0,0,0,0,0,0,0,0,0
2026-06-09 00:00:00+00:00,0,1.28446,0,0,0,0,0,0,0,0,0,0,0,0,0,0
2026-06-10 00:00:00+00:00,0,1.28446,0,0,0,0,0,0,0,0,0,0,0,0,0,0
2026-06-11 00:00:00+00:00,0,1.28446,0,0,0,0,0,0,0,0,0,0,0,0,0,0
2026-06-12 00:00:00+00:00,0,1.28446,0,0,0,0,0,0,0,0,0,0,0,0,0,0
2026-06-13 00:00:00+00:00,0,1.28446,0,0,0,0,0,0,0,0,0,0,0,0,0,0
2026-06-14 00:00:00+00:00,0,1.28446,0,0,0,0,0,0,0,0,0,0,0,0,0,0
2026-06-15 00:00:00+00:00,0,1.28446,0,0,0,0,0,0,0,0,0,0,0,0,0,0
2026-06-16 00:00:00+00:00,0,1.28446,0,0,0,0,0,0,0,0,0,0,0,0,0,0
2026-06-17 00:00:00+00:00,0,1.28446,0,0,0,0,0,0,0,0,0,0,0,0,0,0
2026-06-18 00:00:00+00:00,0,1.28446,0,0,0,0,0,0,0,0,0,0,0,0,0,0
2026-06-19 00:00:00+00:00,0,1.28446,0,0,0,0,0,0,0,0,0,0,0,0,0,0
2026-06-20 00:00:00+00:00,0,1.28446,0,0,0,0,0,0,0,0,0,0,0,0,0,0
2026-06-21 00:00:00+00:00,0,1.28446,0,0,0,0,0,0,0,0,0,0,0,0,0,0
2026-06-22 00:00:00+00:00,0,1.28446,0,0,0,0,0,0,0,0,0,0,0,0,0,0
2026-06-23 00:00:00+00:00,0,1.28446,0,0,0,0,0,0,0,0,0,0,0,0,0,0
2026-06-24 00:00:00+00:00,0,1.28446,0,0,0,0,0,0,0,0,0,0,0,0,0,0
2026-06-25 00:00:00+00:00,0,1.28446,0,0,0,0,0,0,0,0,0,0,0,0,0,0
2026-06-26 00:00:00+00:00,0,1.28446,0,0,0,0,0,0,0,0,0,0,0,0,0,0
2026-06-27 00:00:00+00:00,0,1.28446,0,0,0,0,0,0,0,0,0,0,0,0,0,0
2026-06-28 00:00:00+00:00,0,1.28446,0,0,0,0,0,0,0,0,0,0,0,0,0,0
2026-06-29 00:00:00+00:00,0,1.28446,0,0,0,0,0,0,0,0,0,0,0,0,0,0
2026-06-30 00:00:00+00:00,0,1.28446,0,0,0,0,0,0,0,0,0,0,0,0,0,0
2026-07-01 00:00:00+00:00,0,1.28446,0,0,0,0,0,0,0,0,0,0,0,0,0,0
2026-07-02 00:00:00+00:00,0,1.28446,0,0,0,0,0,0,0,0,0,0,0,0,0,0
2026-07-03 00:00:00+00:00,0,1.28446,0,0,0,0,0,0,0,0,0,0,0,0,0,0
2026-07-04 00:00:00+00:00,0,1.28446,0,0,0,0,0,0,0,0,0,0,0,0,0,0
2026-07-05 00:00:00+00:00,0,1.28446,0,0,0,0,0,0,0,0,0,0,0,0,0,0
2026-07-06 00:00:00+00:00,0,1.28446,0,0,0,0,0,0,0,0,0,0,0,0,0,0
2026-07-07 00:00:00+00:00,0,1.28446,0,0,0,0,0,0,0,0,0,0,0,0,0,0
2026-07-08 00:00:00+00:00,0,1.28446,0,0,0,0,0,0,0,0,0,0,0,0,0,0
2026-07-09 00:00:00+00:00,0,1.28446,0,0,0,0,0,0,0,0,0,0,0,0,0,0
2026-07-10 00:00:00+00:00,0,1.28446,0,0,0,0,0,0,0,0,0,0,0,0,0,0
2026-07-11 00:00:00+00:00,0,1.28446,0,0,0,0,0,0,0,0,0,0,0,0,0,0
2026-07-12 00:00:00+00:00,0,1.28446,0,0,0,0,0,0,0,0,0,0,0,0,0,0
2026-07-13 00:00:00+00:00,0,1.28446,0,0,0,0,0,0,0,0,0,0,0,0,0,0
2026-07-14 00:00:00+00:00,0,1.28446,0,0,0,0,0,0,0,0,0,0,0,0,0,0
2026-07-15 00:00:00+00:00,0,1.28446,0,0,0,0,0,0,0,0,0,0,0,0,0,0
2026-07-16 00:00:00+00:00,0,1.28446,0,0,0,0,0,0,0,0,0,0,0,0,0,0
2026-07-17 00:00:00+00:00,0,1.28446,0,0,0,0,0,0,0,0,0,0,0,0,0,0
2026-07-18 00:00:00+00:00,0,1.28446,0,0,0,0,0,0,0,0,0,0,0,0,0,0
2026-07-19 00:00:00+00:00,0,1.28446,0,0,0,0,0,0,0,0,0,0,0,0,0,0
2026-07-20 00:00:00+00:00,0,1.28446,0,0,0,0,0,0,0,0,0,0,0,0,0,0
2026-07-21 00:00:00+00:00,0,1.28446,0,0,0,0,0,0,0,0,0,0,0,0,0,0
2026-07-22 00:00:00+00:00,0,1.28446,0,0,0,0,0,0,0,0,0,0,0,0,0,0
2026-07-23 00:00:00+00:00,0,1.28446,0,0,0,0,0,0,0,0,0,0,0,0,0,0
2026-07-24 00:00:00+00:00,0,1.28446,0,0,0,0,0,0,0,0,0,0,0,0,0,0
2026-07-25 00:00:00+00:00,0,1.28446,0,0,0,0,0,0,0,0,0,0,0,0,0,0
2026-07-26 00:00:00+00:00,0,1.28446,0,0,0,0,0,0,0,0,0,0,0,0,0,0
2026-07-27 00:00:00+00:00,0,1.28446,0,0,0,0,0,0,0,0,0,0,0,0,0,0
2026-07-28 00:00:00+00:00,0,1.28446,0,0,0,0,0,0,0,0,0,0,0,0,0,0
2026-07-29 00:00:00+00:00,0,1.28446,0,0,0,0,0,0,0,0,0,0,0,0,0,0
2026-07-30 00:00:00+00:00,0,1.28446,0,0,0,0,0,0,0,0,0,0,0,0,0,0
2026-07-31 00:00:00+00:00,0,1.28446,0,0,0,0,0,0,0,0,0,0,0,0,0,0.000185292
2026-08-01 00:00:00+00:00,0,1.28446,0,0,0,0,0,0,0,0,0,0,0,0,0,5.84228e-05
2026-08-02 00:00:00+00:00,0,1.28446,0,0,0,0,0,0,0,0,0,0,0,0,0,0
2026-08-03 00:00:00+00:00,0,1.28446,0,0,0,0,0,0,0,0,0,0,0,0,0,0
2026-08-04 00:00:00+00:00,0,1.28446,0,0,0,0,0,0,0,0,0,0,0,0,0,0
2026-08-05 00:00:00+00:00,0,1.28446,0,0,0,0,0,0,0,0,0,0,0,0,0,0
2026-08-06 00:00:00+00:00,0,1.28446,0,0,0,0,0,0,0,0,0,0,0,0,0,0
2026-08-07 00:00:00+00:00,0,1.28446,0,0,0,0,0,0,0,0,0,0,0,0,0,0
2026-08-08 00:00:00+00:00,0,1.28446,0,0,0,0,0,0,0,0,0,0,0,0,0,0
2026-08-09 00:00:00+00:00,0,1.28446,0,0,0,0,0,0,0,0,0,0,0,0,0,0
2026-08-10 00:00:00+00:00,0,1.28446,0,0,0,0,0,0,0,0,0,0,0,0,0,0
2026-08-11 00:00:00+00:00,0,1.28446,0,0,0,0,0,0,0,0,0,0,0,0,0,0
2026-08-12 00:00:00+00:00,0,1.28446,0,0,0,0,0,0,0,0,0,0,0,0,0,0
2026-08-13 00:00:00+00:00,0,1.28446,0,0,0,0,0,0,0,0,0,0,0,0,0,0
2026-08-14 00:00:00+00:00,0,1.28446,0,0,0,0,0,0,0,0,0,0,0,0,0,0
2026-08-15 00:00:00+00:00,0,1.28446,0,0,0,0,0,0,0,0,0,0,0,0,0,0
2026-08-16 00:00:00+00:00,0,1.28446,0,0,0,0,0,0,0,0,0,0,0,0,0,0
2026-08-17 00:00:00+00:00,0,1.28446,0,0,0,0,0,0,0,0,0,0,0,0,0,0
2026-08-18 00:00:00+00:00,0,1.28446,0,0,0,0,0,0,0,0,0,0,0,0,0,0
2026-08-19 00:00:00+00:00,0,1.28446,0,0,0,0,0,0,0,0,0,0,0,0,0,0
2026-08-20 00:00:00+00:00,0,1.28446,0,0,0,0,0,0,0,0,0,0,0,0,0,0
2026-08-21 00:00:00+00:00,0,1.28446,0,0,0,0,0,0,0,0,0,0,0,0,0,0
2026-08-22 00:00:00+00:00,0,1.28446,0,0,0,0,0,0,0,0,0,0,0,0,0,0
2026-08-23 00:00:00+00:00,0,1.28446,0,0,0,0,0,0,0,0,0,0,0,0,0,0
2026-08-24 00:00:00+00:00,0,1.28446,0,0,0,0,0,0,0,0,0,0,0,0,0,0
2026-08-25 00:00:00+00:00,0,1.28446,0,0,0,0,0,0,0,0,0,0,0,0,0,0
2026-08-26 00:00:00+00:00,0,1.28446,0,0,0,0,0,0,0,0,0,0,0,0,0,0
2026-08-27 00:00:00+00:00,0,1.28446,0,0,0,0,0,0,0,0,0,0,0,0,0,0
2026-08-28 00:00:00+00:00,0,1.28446,0,0,0,0,0,0,0,0,0,0,0,0,0,0
2026-08-29 00:00:00+00:00,0,1.28446,0,0,0,0,0,0,0,0,0,0,0,0,0,0
2026-08-30 00:00:00+00:00,0,1.28446,0,0,0,0,0,0,0,0,0,0,0,0,0,0
2026-08-31 00:00:00+00:00,0,1.28446,0,0,0,0,0,0,0,0,0,0,0,0,0,0
