,return,equity,gross,net,beta_exposure,turnover,fees,spread,impact,funding,gross_pnl,n_positions,ic_est
2023-07-31 00:00:00+00:00,-0.000712362,0.999288,0.748121,-0.0346358,-0.0178366,2.05193,0.000656801,0.000164041,0.000250084,0.000946364,-0.000508578,24.9896,0.050409
2023-08-01 00:00:00+00:00,-0.00694313,0.992349,0.734514,-0.103225,-0.0823062,0.486086,0.000155519,3.86053e-05,3.02248e-05,0.000762603,-0.00745971,27,0.0491775
2023-08-02 00:00:00+00:00,-0.00437087,0.988012,0.666017,-0.0685957,-0.0664583,0.232197,7.43281e-05,1.91538e-05,1.35713e-05,-5.97351e-05,-0.00417983,27,0.0360281
2023-08-03 00:00:00+00:00,-0.00301083,0.985037,0.617951,-0.06424,-0.0591709,0.233836,7.48395e-05,1.54939e-05,1.32798e-05,-0.000209547,-0.00268321,27,0.0361543
2023-08-04 00:00:00+00:00,-0.00564528,0.979476,0.595193,-0.0444819,-0.0332609,0.168641,5.39639e-05,8.83868e-06,9.06095e-06,-0.000899822,-0.0046734,27,0.0338801
2023-08-05 00:00:00+00:00,0.0104859,0.989747,0.580578,-0.0231849,-0.033703,0.224378,7.18237e-05,9.90066e-06,9.59295e-06,-3.89755e-05,0.0105841,27,0.0414603
2023-08-06 00:00:00+00:00,0.00895392,0.998609,0.492264,-0.0163011,-0.0441619,0.298349,9.55834e-05,2.73752e-05,4.11591e-05,-2.5265e-05,0.00911557,27,0.0404209
2023-08-07 00:00:00+00:00,0.0109206,1.00951,0.545442,-0.0505218,-0.0635107,1.19768,0.000383313,7.49954e-05,9.53564e-05,-6.97517e-05,0.0114969,30,0.0450059
2023-08-08 00:00:00+00:00,0.00602798,1.0156,0.738324,0.0513738,-0.0246409,0.809111,0.000258917,7.57371e-05,4.69327e-05,8.37676e-05,0.00632583,30,0.047646
2023-08-09 00:00:00+00:00,-0.00814328,1.00733,0.924737,0.0393988,-0.0579345,0.205398,6.57271e-05,1.24007e-05,1.5913e-05,2.04382e-05,-0.00807421,30,0.0494494
2023-08-10 00:00:00+00:00,-0.00318031,1.00413,0.872827,-0.033607,-0.0840606,0.185183,5.92532e-05,1.47e-05,6.72059e-06,-7.72959e-06,-0.0030826,30,0.0439974
2023-08-11 00:00:00+00:00,-0.00939163,0.994696,0.844099,-0.0399126,-0.0844144,0.00820514,2.62335e-06,9.10447e-07,2.42109e-07,-0.000163783,-0.00925575,30,0.0368485
2023-08-12 00:00:00+00:00,-0.00435131,0.990368,0.828647,-0.0149847,-0.0695902,0.0565827,1.81072e-05,1.19605e-05,2.01988e-06,-3.44793e-05,-0.00427171,30,0.031916
2023-08-13 00:00:00+00:00,0.0042986,0.994625,0.768481,0.00586854,-0.054699,0.034846,1.11649e-05,2.93866e-06,2.48414e-06,0.000138701,0.00418549,30,0.0272056
2023-08-14 00:00:00+00:00,0.00330686,0.997914,0.740701,-0.00365545,-0.0724634,0.130424,4.17508e-05,1.0203e-05,1.34545e-05,-7.6623e-05,0.00345295,29,0.0264602
2023-08-15 00:00:00+00:00,0.00906538,1.00696,0.724502,-0.0131141,-0.0750575,0.0493714,1.58057e-05,2.20478e-06,2.79691e-06,-0.00018073,0.00924293,29,0.0293156
2023-08-16 00:00:00+00:00,0.000657443,1.00762,0.692516,-0.0288967,-0.0605413,0.0516688,1.65333e-05,2.6616e-06,3.55912e-06,-0.000325426,0.00103321,29,0.03059
2023-08-17 00:00:00+00:00,-0.00409438,1.0035,0.637897,-0.0239463,-0.0346942,0.012167,3.89692e-06,1.27924e-06,8.12898e-07,-0.000422255,-0.00365212,29,0.0295485
2023-08-18 00:00:00+00:00,-0.00072825,1.00277,0.574065,-0.00871473,0.00139097,0.0495392,1.5855e-05,7.44188e-06,3.63521e-06,-0.000104372,-0.000585078,29,0.0274253
2023-08-19 00:00:00+00:00,-0.00362236,0.999134,0.587424,-0.011842,-0.00196028,0.00577016,1.8467e-06,2.30838e-07,3.09669e-07,-4.74255e-05,-0.00357141,29,0.0232707
2023-08-20 00:00:00+00:00,0.00705054,1.00618,0.591262,-0.0103987,-0.000887255,0,0,0,0,-7.82318e-05,0.00710986,29,0.0220418
2023-08-21 00:00:00+00:00,-0.00520818,1.00094,0.578859,0.00715068,0.0149655,0.14872,4.75914e-05,5.9602e-05,2.52184e-05,-0.000628661,-0.0044472,27.9688,0.0196952
2023-08-22 00:00:00+00:00,0.00531963,1.00626,0.578142,-0.0300312,-0.0102509,0,0,0,0,-0.000784359,0.00610283,28,0.0163625
2023-08-23 00:00:00+00:00,0.0010014,1.00727,0.58474,-0.0276266,-0.012178,0.00302683,9.68832e-07,1.21104e-07,1.05893e-07,-0.000793092,0.00180391,28,0.0156951
2023-08-24 00:00:00+00:00,0.00949781,1.01684,0.577676,-0.0187018,-0.00781092,0.0184846,5.92049e-06,1.95186e-06,1.3716e-06,-0.000562671,0.0100371,28,0.0149495
2023-08-25 00:00:00+00:00,0.0033026,1.02019,0.515738,0.0264941,0.021672,0.0274958,8.79864e-06,1.09983e-06,1.72396e-06,-0.000696847,0.00401085,28,0.0147834
2023-08-26 00:00:00+00:00,-0.000570228,1.01961,0.508655,0.0327145,0.0192222,0.00570369,1.8256e-06,2.282e-07,3.60702e-07,-0.000410462,-0.000154296,28,0.01589
2023-08-27 00:00:00+00:00,-0.00267672,1.01688,0.511349,0.0320639,0.0153259,0,0,0,0,-0.00074925,-0.00192569,28,0.015491
2023-08-28 00:00:00+00:00,-0.000147713,1.01673,0.411418,0.0216485,0.00534222,0.0963619,3.08422e-05,1.21997e-05,1.74759e-05,-0.000399092,0.00031484,25,0.0136579
2023-08-29 00:00:00+00:00,0.0129783,1.02993,0.399677,0.00487037,0.00194964,0.0652413,2.09427e-05,2.61783e-06,5.83048e-06,-0.000293477,0.0132489,25,0.0137786
2023-08-30 00:00:00+00:00,-0.000490656,1.02942,0.37051,-0.0311728,-0.0133366,0,0,0,0,-0.000242559,-0.000245298,25,0.0137691
2023-08-31 00:00:00+00:00,-0.00351461,1.02581,0.365224,-0.0329996,-0.0171854,0,0,0,0,-6.1873e-05,-0.00345537,25,0.0128862
2023-09-01 00:00:00+00:00,-0.00537659,1.02029,0.357916,-0.038403,-0.0249993,0,0,0,0,-7.14664e-05,-0.00531722,25,0.00949694
2023-09-02 00:00:00+00:00,0.000909405,1.02122,0.352779,-0.037595,-0.0275268,0.00631587,2.02119e-06,2.52649e-07,3.49538e-07,-5.03213e-05,0.000964597,25,0.0103201
2023-09-03 00:00:00+00:00,-0.00056523,1.02064,0.348154,-0.033408,-0.0291475,0,0,0,0,-0.000171991,-0.000389435,25,0.00902278
2023-09-04 00:00:00+00:00,-0.00152065,1.01909,0.299782,0.0162948,0.0147678,0.050898,1.62919e-05,7.33177e-06,1.08404e-05,-0.000675869,-0.00080578,22,0.00769426
2023-09-05 00:00:00+00:00,-0.00175543,1.0173,0.300118,0.0156847,0.0108332,0,0,0,0,-0.000588469,-0.00116562,22,0.00807684
2023-09-06 00:00:00+00:00,-0.00256924,1.01469,0.301863,0.0144223,0.0071383,0,0,0,0,-0.000129123,-0.00244156,22,0.00802268
2023-09-07 00:00:00+00:00,0.000649448,1.01535,0.303056,0.0128319,0.00579746,0,0,0,0,-9.69514e-05,0.000747413,22,0.00957305
2023-09-08 00:00:00+00:00,-0.000638501,1.0147,0.304694,0.0174376,0.0146329,0.00827415,2.64795e-06,3.30994e-07,5.69241e-07,5.71363e-05,-0.000691377,22.6771,0.011134
2023-09-09 00:00:00+00:00,0.00295913,1.0177,0.304817,0.00820844,-0.00524268,0.0105026,3.3607e-06,4.20088e-07,6.44326e-07,-0.000137391,0.00309789,23,0.0136309
2023-09-10 00:00:00+00:00,-0.00168562,1.01598,0.298001,0.00702372,-0.003364,0,0,0,0,-0.000123308,-0.00156152,23,0.0149901
2023-09-11 00:00:00+00:00,0.00259013,1.01862,0.305644,0.0119262,-0.00111841,0.0495859,1.58672e-05,4.6184e-06,3.86015e-06,-0.000446515,0.00306057,23.5833,0.0143468
2023-09-12 00:00:00+00:00,0.00307745,1.02175,0.303053,-0.0033326,-0.009767,0.021856,6.99694e-06,1.75548e-06,1.14711e-06,-0.000333658,0.00341965,24,0.0155475
2023-09-13 00:00:00+00:00,0.000138784,1.02189,0.311575,-0.00748899,-0.0103801,0.0183603,5.87663e-06,7.34579e-07,1.38269e-06,0.000393351,-0.000244285,24,0.0158959
2023-09-14 00:00:00+00:00,0.00368536,1.02566,0.317445,-0.00938477,-0.00918793,0.00795691,2.54641e-06,3.18302e-07,5.74572e-07,0.00032343,0.00336141,24,0.0153219
2023-09-15 00:00:00+00:00,-0.00221992,1.02338,0.319714,-0.0131708,-0.00895603,0.00204824,6.55604e-07,8.19506e-08,1.01317e-07,-1.41172e-05,-0.00220392,24,0.0139745
2023-09-16 00:00:00+00:00,-0.00028482,1.02309,0.324543,-0.0164626,-0.0170862,0,0,0,0,9.13255e-07,-0.000283456,24,0.0119939
2023-09-17 00:00:00+00:00,0.00182875,1.02496,0.319465,-0.0159361,-0.0190321,0.00202141,6.47072e-07,8.0884e-08,1.37297e-07,-9.22631e-05,0.00192258,24,0.0116992
2023-09-18 00:00:00+00:00,-0.000629438,1.02432,0.325402,-0.014411,-0.0193446,0.00222742,7.12808e-07,8.91011e-08,1.41123e-07,-0.000216629,-0.000408522,24,0.0124774
2023-09-19 00:00:00+00:00,-0.00540579,1.01878,0.331114,-0.0179792,-0.0275654,0.00220564,7.05452e-07,8.81815e-08,1.09286e-07,-0.000342613,-0.00507375,24,0.0118842
2023-09-20 00:00:00+00:00,0.00119862,1.02,0.333689,-0.0217509,-0.0392528,0,0,0,0,-0.000137947,0.00133911,24,0.0120778
2023-09-21 00:00:00+00:00,0.000268761,1.02027,0.326075,-0.0216318,-0.0365869,0,0,0,0,-1.83165e-05,0.000289156,24,0.0118303
2023-09-22 00:00:00+00:00,-0.00283088,1.01739,0.32372,-0.0223654,-0.0355025,0,0,0,0,-7.71811e-06,-0.00282549,24,0.0105375
2023-09-23 00:00:00+00:00,-0.000673484,1.0167,0.325603,-0.024042,-0.0411923,0,0,0,0,-2.19794e-05,-0.000649518,24,0.00929464
2023-09-24 00:00:00+00:00,0.00195409,1.01869,0.323915,-0.0230088,-0.0429112,0,0,0,0,-2.20611e-05,0.00197549,24,0.0110176
2023-09-25 00:00:00+00:00,-0.00406134,1.01455,0.296727,-0.0135574,-0.0316257,0.0277148,8.86703e-06,3.22243e-06,1.77908e-06,-2.48395e-06,-0.00405154,22,0.0100389
2023-09-26 00:00:00+00:00,-0.0011254,1.01341,0.299901,-0.0147244,-0.0320231,0,0,0,0,-3.35204e-05,-0.00109037,22,0.00822894
2023-09-27 00:00:00+00:00,-0.000620803,1.01278,0.303992,-0.0160069,-0.0318882,0,0,0,0,-0.000213551,-0.000403757,22,0.00706002
2023-09-28 00:00:00+00:00,0.00152117,1.01432,0.308324,-0.0134985,-0.0250219,0.00253745,8.12186e-07,1.01523e-07,1.5565e-07,1.49679e-05,0.00150941,22,0.00683855
2023-09-29 00:00:00+00:00,-0.000473534,1.01384,0.313366,-0.0130214,-0.0259892,0,0,0,0,2.37195e-05,-0.000493812,22,0.00540354
2023-09-30 00:00:00+00:00,0.000227927,1.01407,0.316065,-0.0129965,-0.0256822,0,0,0,0,3.28408e-05,0.000197199,22,0.00641705
2023-10-01 00:00:00+00:00,0.00154936,1.01564,0.324414,-0.012348,-0.0190396,0,0,0,0,-5.47017e-06,0.00156293,22,0.00583865
2023-10-02 00:00:00+00:00,0.0065547,1.0223,0.311356,0.0103591,7.05305e-05,0.0175056,5.60737e-06,1.31545e-06,3.76762e-06,2.51754e-05,0.00652491,20,0.00486004
2023-10-03 00:00:00+00:00,0.000434178,1.02274,0.301901,0.012457,0.00360395,0,0,0,0,-2.57359e-06,0.000440283,20,0.00525539
2023-10-04 00:00:00+00:00,-0.000988937,1.02173,0.293659,0.0131144,0.00277464,0,0,0,0,1.89384e-06,-0.000987843,20,0.00680628
2023-10-05 00:00:00+00:00,-0.00154878,1.02015,0.295566,0.0114265,-0.00320144,0,0,0,0,2.43799e-05,-0.00157052,20,0.00761189
2023-10-06 00:00:00+00:00,0.00375451,1.02398,0.294448,0.0128155,0.000990293,0,0,0,0,-1.76781e-05,0.00376698,20,0.00650206
2023-10-07 00:00:00+00:00,0.00226525,1.0263,0.291393,0.015939,0.00672196,0,0,0,0,3.94074e-06,0.00226108,20,0.00659252
2023-10-08 00:00:00+00:00,-0.00123884,1.02503,0.288574,0.0162836,0.00877244,0,0,0,0,1.72463e-05,-0.00125573,20,0.00776134
2023-10-09 00:00:00+00:00,-0.000410594,1.02461,0.272368,0.0238208,0.0131021,0.00909928,2.91149e-06,3.63936e-07,1.38093e-06,3.18032e-05,-0.000436493,19,0.00703426
2023-10-10 00:00:00+00:00,-0.000905829,1.02368,0.267836,0.0232456,0.0139001,0,0,0,0,2.26585e-05,-0.000927868,19,0.00812271
2023-10-11 00:00:00+00:00,-0.000490203,1.02318,0.265702,0.0232943,0.0139235,0,0,0,0,2.4749e-05,-0.000513726,19,0.0081607
2023-10-12 00:00:00+00:00,-0.00180068,1.02133,0.261908,0.02238,0.012944,0,0,0,0,1.49483e-05,-0.00181538,19,0.00660243
2023-10-13 00:00:00+00:00,0.00011249,1.02145,0.264736,0.0204962,0.00975022,0,0,0,0,2.99099e-05,8.35697e-05,19,0.00655204
2023-10-14 00:00:00+00:00,-0.000262863,1.02118,0.267,0.0213452,0.00876764,0,0,0,0,2.95492e-05,-0.000291668,19,0.00834447
2023-10-15 00:00:00+00:00,-0.000848095,1.02031,0.267855,0.0198435,0.00435922,0,0,0,0,1.59409e-05,-0.000863759,19,0.00859317
2023-10-16 00:00:00+00:00,0.00743353,1.0279,0.255133,0.041942,0.0477772,0.0214101,6.85058e-06,3.25517e-06,3.5066e-06,1.9498e-05,0.00741269,18.3229,0.0107336
2023-10-17 00:00:00+00:00,0.000743097,1.02866,0.256907,0.0418038,0.0651003,0.00283846,9.0808e-07,1.1351e-07,1.63349e-07,3.23108e-06,0.000742428,19,0.00901911
2023-10-18 00:00:00+00:00,-0.00271038,1.02587,0.255668,0.0409802,0.0585495,0,0,0,0,4.85187e-06,-0.00271697,19,0.0086861
2023-10-19 00:00:00+00:00,0.00409877,1.03008,0.254958,0.0410859,0.0517037,0,0,0,0,3.40515e-05,0.00405872,19,0.0084651
2023-10-20 00:00:00+00:00,0.00342391,1.03361,0.26497,0.0457816,0.0573769,0,0,0,0,6.23299e-05,0.00336036,19,0.00981426
2023-10-21 00:00:00+00:00,-0.00159917,1.03195,0.272125,0.0421994,0.0501283,0.00695261,2.22678e-06,2.78348e-07,1.64636e-07,2.36563e-05,-0.00161386,19,0.0102649
2023-10-22 00:00:00+00:00,-0.00590613,1.02586,0.27904,0.0343838,0.0341344,0,0,0,0,1.88419e-05,-0.00593636,19,0.0100593
2023-10-23 00:00:00+00:00,-0.00293428,1.02285,0.294089,0.0305574,0.0207859,0,0,0,0,1.76585e-05,-0.00294812,19,0.00928565
2023-10-24 00:00:00+00:00,-0.000943257,1.02188,0.295672,0.0396408,0.0185141,0.0186298,5.95848e-06,1.03991e-06,8.79186e-07,3.29455e-06,-0.000928854,19,0.0107821
2023-10-25 00:00:00+00:00,-0.00104093,1.02082,0.291434,0.0290933,0.00760415,0.0110894,3.5534e-06,4.44175e-07,8.40208e-07,1.83087e-05,-0.00104775,19.2812,0.010399
2023-10-26 00:00:00+00:00,-0.00228866,1.01848,0.291328,0.02255,-0.00217154,0,0,0,0,2.41031e-05,-0.00231111,20,0.00945119
2023-10-27 00:00:00+00:00,-0.0023575,1.01608,0.288505,0.0203483,-0.00365157,0,0,0,0,4.18135e-06,-0.00236041,20,0.0104964
2023-10-28 00:00:00+00:00,-0.000745284,1.01533,0.292883,0.0173517,-0.00815852,0.00215951,6.91102e-07,8.63877e-08,5.45404e-08,3.3594e-05,-0.000776,20,0.0107075
2023-10-29 00:00:00+00:00,0.00195292,1.01731,0.29137,0.0205758,-0.00484713,0,0,0,0,3.17996e-05,0.00192129,20,0.0120205
2023-10-30 00:00:00+00:00,-0.00174231,1.01554,0.261316,0.0571426,0.0280417,0.0372996,1.19313e-05,8.7903e-06,4.81593e-06,-1.9965e-05,-0.00169513,18,0.0110978
2023-10-31 00:00:00+00:00,0.000973894,1.01652,0.267174,0.0561112,0.0252051,0,0,0,0,-8.44695e-06,0.000985761,18,0.0105005
2023-11-01 00:00:00+00:00,0.00333991,1.01992,0.262569,0.0524299,0.0224662,0.0189732,6.07731e-06,1.81311e-06,4.97223e-07,7.0456e-06,0.00334506,18,0.0108558
2023-11-02 00:00:00+00:00,0.000949216,1.02089,0.252396,0.0434069,0.0169799,0,0,0,0,-1.78533e-05,0.00096961,18,0.0104302
2023-11-03 00:00:00+00:00,-0.00715275,1.01359,0.250876,0.0395067,0.0147541,0,0,0,0,1.65782e-06,-0.00717294,18,0.00933224
2023-11-04 00:00:00+00:00,0.00222014,1.01584,0.261426,0.0372249,0.0105317,0,0,0,0,-9.8299e-06,0.00223021,18,0.00885576
2023-11-05 00:00:00+00:00,-0.00027065,1.01556,0.268318,0.0375195,0.00970462,0,0,0,0,-9.08358e-06,-0.000256553,18,0.00930189
2023-11-06 00:00:00+00:00,-0.000444123,1.01511,0.265562,0.045197,0.019701,0.00801456,2.56456e-06,2.47554e-06,8.0932e-07,-1.54592e-05,-0.000419307,17,0.0097203
2023-11-07 00:00:00+00:00,0.0011825,1.01631,0.266144,0.046209,0.0198422,0,0,0,0,-2.17553e-05,0.00120825,17,0.0106936
2023-11-08 00:00:00+00:00,-0.00451669,1.01172,0.270709,0.0456059,0.0177148,0,0,0,0,-5.62695e-06,-0.0045167,17,0.00909528
2023-11-09 00:00:00+00:00,-0.00180964,1.00989,0.283517,0.0395565,0.018997,0.00642697,2.05882e-06,2.57353e-07,4.01048e-07,4.32262e-05,-0.00183562,17,0.00698377
2023-11-10 00:00:00+00:00,-0.00341272,1.00644,0.277756,0.0233431,0.0152619,0.0146809,4.69929e-06,5.87411e-07,3.16775e-07,-6.50449e-06,-0.00339441,17,0.00497309
2023-11-11 00:00:00+00:00,-0.0143844,0.991966,0.279085,0.0165302,0.00391478,0.0222686,7.11553e-06,3.75655e-06,1.66961e-06,3.98546e-05,-0.0144909,17,0.00363438
2023-11-12 00:00:00+00:00,-0.00116172,0.990813,0.269688,0.0323963,0.0193238,0.0123902,3.95923e-06,3.27655e-06,1.12186e-06,1.79819e-05,-0.00115279,17,0.00248844
2023-11-13 00:00:00+00:00,0.00404264,0.994819,0.250189,0.0499086,0.0340651,0.0196512,6.29178e-06,7.80049e-06,5.30235e-06,-3.86797e-05,0.00410095,15,0.000766419
2023-11-14 00:00:00+00:00,0.000719329,0.995534,0.24294,0.0501298,0.0286988,0,0,0,0,-3.94676e-05,0.000763761,15,0.00030282
2023-11-15 00:00:00+00:00,-0.00879179,0.986782,0.253798,0.0451266,0.0226177,0,0,0,0,-5.86976e-06,-0.0088177,15,0
2023-11-16 00:00:00+00:00,-0.000848962,0.985944,0.25212,0.0489678,0.0226822,0.0105069,3.36064e-06,8.38151e-07,6.80969e-07,-1.4903e-05,-0.000818659,15,0.000196351
2023-11-17 00:00:00+00:00,-0.00633923,0.979694,0.234126,0.05445,0.0250604,0.00600089,1.91859e-06,2.39824e-07,4.7743e-07,-1.17856e-05,-0.00634115,15,7.0251e-05
2023-11-18 00:00:00+00:00,0.00433223,0.983938,0.230703,0.0536512,0.0239018,0,0,0,0,-1.35452e-05,0.0043393,15,0.000158296
2023-11-19 00:00:00+00:00,0.000512992,0.984443,0.229938,0.0572141,0.0247354,0,0,0,0,-9.83852e-06,0.000527113,15,2.57315e-06
2023-11-20 00:00:00+00:00,-0.000317956,0.98413,0.224789,0.0656588,0.0331149,0.00894516,2.86182e-06,3.57727e-07,6.11024e-07,-2.04416e-05,-0.000290725,14,0.000649668
2023-11-21 00:00:00+00:00,-0.00363031,0.980557,0.217175,0.0647993,0.0352288,0,0,0,0,-1.60125e-05,-0.00361509,14,0.00126399
2023-11-22 00:00:00+00:00,-1.60385e-05,0.980542,0.217707,0.0604973,0.0308015,0,0,0,0,1.75483e-05,-3.17612e-05,14,0.000937394
2023-11-23 00:00:00+00:00,0.00424934,0.984708,0.223288,0.0632185,0.0316966,0,0,0,0,-4.0803e-06,0.00424706,14,0.00164394
2023-11-24 00:00:00+00:00,-0.000591321,0.984126,0.222355,0.0661651,0.0335461,0,0,0,0,-1.36252e-05,-0.000576231,14,0.00224658
2023-11-25 00:00:00+00:00,-0.000544013,0.983591,0.222421,0.0655623,0.0329562,0,0,0,0,-7.20913e-06,-0.000535567,14,0.00208438
2023-11-26 00:00:00+00:00,0.00107592,0.984649,0.222569,0.0651698,0.0323166,0,0,0,0,-1.59307e-05,0.00109327,14,0.00330086
2023-11-27 00:00:00+00:00,-0.00359171,0.981112,0.21737,0.0635466,0.0327641,0,0,0,0,-1.97169e-05,-0.00357622,14,0.00457286
2023-11-28 00:00:00+00:00,-0.00331546,0.977859,0.219115,0.0614201,0.0281058,0,0,0,0,-1.76309e-05,-0.00330101,14,0.00677878
2023-11-29 00:00:00+00:00,-0.00209086,0.975815,0.224728,0.0578954,0.0230622,0,0,0,0,-1.7631e-05,-0.00207386,14,0.00784375
2023-11-30 00:00:00+00:00,-0.00128529,0.974561,0.225189,0.0566753,0.0191707,0,0,0,0,-1.81197e-05,-0.00126587,14,0.00828934
2023-12-01 00:00:00+00:00,0.000509398,0.975057,0.227611,0.0574194,0.0181107,0,0,0,0,-1.53008e-05,0.000526033,14,0.00979895
2023-12-02 00:00:00+00:00,-0.00276492,0.972361,0.235807,0.0543181,0.0134656,0,0,0,0,-1.29703e-05,-0.0027513,14,0.00958808
2023-12-03 00:00:00+00:00,0.000456856,0.972805,0.239435,0.0537383,0.0140024,0,0,0,0,-1.79424e-05,0.000476863,14,0.0109964
2023-12-04 00:00:00+00:00,0.00251781,0.975255,0.206205,0.0199224,-0.00879242,0.0711787,2.27778e-05,2.84722e-06,5.30555e-06,-7.02883e-06,0.00255856,14.7917,0.0139823
2023-12-05 00:00:00+00:00,0.000230112,0.975479,0.205814,0.0200481,-0.0137792,0.00604439,1.9356e-06,2.4195e-07,2.62237e-07,-2.64519e-06,0.000239877,15.3021,0.0139018
2023-12-06 00:00:00+00:00,0.00119299,0.976643,0.217663,0.0200609,-0.00920643,0.0134485,4.30351e-06,5.37939e-07,9.40676e-07,1.51685e-06,0.00120093,16.9896,0.0138187
2023-12-07 00:00:00+00:00,0.00790913,0.984367,0.19868,0.0159109,-0.00989714,0.0549696,1.76116e-05,2.20145e-06,7.07371e-06,-2.30383e-05,0.00793358,17,0.0145984
2023-12-08 00:00:00+00:00,0.00117733,0.985526,0.167879,0.00673871,-0.0143473,0.00233017,7.45517e-07,9.31897e-08,1.67443e-07,3.17544e-05,0.00114863,17,0.0138601
2023-12-09 00:00:00+00:00,0.00162938,0.987132,0.17346,0.00567331,-0.0124104,0.00276707,8.8523e-07,1.10654e-07,1.10862e-07,1.7172e-05,0.00161378,17,0.0126717
2023-12-10 00:00:00+00:00,-0.00140475,0.985745,0.173747,0.00420821,-0.0107166,0.0126303,4.04184e-06,5.05231e-07,5.73701e-07,-3.03453e-06,-0.0013962,17,0.0136273
2023-12-11 00:00:00+00:00,0.00414185,0.989828,0.166036,0.00309656,-0.018118,0.0275649,8.82757e-06,1.10345e-06,1.74493e-06,3.60349e-06,0.00415198,17.9792,0.0128549
2023-12-12 00:00:00+00:00,0.00132629,0.991141,0.159356,0.00999357,-0.00992613,0,0,0,0,-2.39068e-06,0.00132873,18,0.0119048
2023-12-13 00:00:00+00:00,-0.000555734,0.99059,0.155773,0.0113709,-0.00626574,0.00719445,2.30228e-06,2.87785e-07,4.70928e-07,4.03556e-06,-0.000554842,18,0.0121867
2023-12-14 00:00:00+00:00,-0.0011156,0.989485,0.161257,0.0107232,-0.00750934,0,0,0,0,2.00393e-07,-0.00111516,18,0.0127803
2023-12-15 00:00:00+00:00,0.000548886,0.990028,0.16013,0.0102668,-0.00887424,0,0,0,0,-1.51281e-06,0.000551054,18,0.0143547
2023-12-16 00:00:00+00:00,-0.000243546,0.989787,0.162373,0.00673939,-0.0135009,0.00642881,2.05725e-06,2.57157e-07,1.06389e-06,4.37368e-06,-0.000242713,18.6042,0.0141055
2023-12-17 00:00:00+00:00,-0.00113304,0.988666,0.163232,0.00466682,-0.0174652,0.00439005,1.40489e-06,1.75611e-07,1.58066e-07,4.58593e-06,-0.00113518,19,0.0133468
2023-12-18 00:00:00+00:00,-0.00221726,0.986473,0.166864,-0.00471103,-0.0221721,0.0150126,4.80399e-06,6.00499e-07,1.33114e-06,7.78133e-06,-0.00221869,19.9688,0.0129627
2023-12-19 00:00:00+00:00,0.00121333,0.98767,0.169592,-0.00326149,-0.0183948,0,0,0,0,1.34809e-05,0.00120089,20,0.0104414
2023-12-20 00:00:00+00:00,-0.0015164,0.986173,0.171286,-0.00330929,-0.0207375,0,0,0,0,1.68068e-05,-0.00152992,20,0.00905791
2023-12-21 00:00:00+00:00,0.000515448,0.986681,0.17142,0.000295226,-0.0195797,0.00447503,1.4321e-06,1.79013e-07,1.92178e-07,2.59792e-05,0.000492938,20,0.00902777
2023-12-22 00:00:00+00:00,0.0035004,0.990135,0.175535,0.00147146,-0.0188125,0.0023851,7.63493e-07,9.54367e-08,1.16972e-07,2.54394e-05,0.00347221,20,0.00877445
2023-12-23 00:00:00+00:00,-0.00163403,0.988517,0.17508,0.00187324,-0.0162184,0,0,0,0,2.82259e-05,-0.00166217,20,0.00861967
2023-12-24 00:00:00+00:00,-0.000959305,0.987569,0.182758,-0.00105227,-0.0161139,0,0,0,0,2.08914e-05,-0.000977247,20,0.00788571
2023-12-25 00:00:00+00:00,0.00123643,0.98879,0.155802,0.0235653,0.00784633,0.0272782,8.72548e-06,1.09069e-06,5.35281e-06,-3.12251e-05,0.00128318,19,0.0082171
2023-12-26 00:00:00+00:00,0.00304007,0.991796,0.156077,0.0240065,0.0111408,0,0,0,0,-2.86485e-05,0.00306603,19,0.00805355
2023-12-27 00:00:00+00:00,-0.00152706,0.990281,0.15392,0.0213345,0.0116151,0.0107617,3.44432e-06,4.3054e-07,5.02666e-07,4.98471e-05,-0.00157062,19.5208,0.00648124
2023-12-28 00:00:00+00:00,-0.000548714,0.989738,0.15617,0.017229,0.0076832,0.00246052,7.87517e-07,9.84397e-08,1.75253e-07,-1.66355e-06,-0.000543035,20,0.00664217
2023-12-29 00:00:00+00:00,-0.0021779,0.987582,0.153581,0.0147793,0.00386314,0,0,0,0,-0.000444188,-0.00173473,20,0.00694157
2023-12-30 00:00:00+00:00,-0.00226061,0.98535,0.152042,0.0136742,0.00283119,0,0,0,0,-0.000550624,-0.00171194,20,0.00859308
2023-12-31 00:00:00+00:00,-0.00440755,0.981007,0.152675,0.0141629,-1.89864e-05,0.0167157,5.34269e-06,2.0411e-06,1.96299e-06,-0.000903164,-0.00349325,20,0.00920838
2024-01-01 00:00:00+00:00,-0.00108373,0.979943,0.139161,0.0185233,1.69124e-05,0.0116238,3.71972e-06,4.64966e-07,1.30084e-06,1.58316e-05,-0.0010939,19,0.00836471
2024-01-02 00:00:00+00:00,5.31866e-05,0.979996,0.143697,0.0169514,-0.00518771,0,0,0,0,-2.55987e-05,7.94371e-05,19,0.00877475
2024-01-03 00:00:00+00:00,-0.00235648,0.977686,0.135406,0.0160215,-0.000403267,0.00218448,6.9916e-07,8.73949e-08,1.83802e-07,1.38508e-06,-0.00235813,19,0.0087428
2024-01-04 00:00:00+00:00,2.36259e-05,0.977709,0.134118,0.0122598,-0.000609752,0,0,0,0,3.26168e-06,2.12148e-05,19,0.00934728
2024-01-05 00:00:00+00:00,-0.000148235,0.977564,0.131999,0.0127698,-0.000150371,0,0,0,0,1.11082e-05,-0.000158377,19,0.0105525
2024-01-06 00:00:00+00:00,0.000953561,0.978497,0.128327,0.0134663,-0.000196006,0,0,0,0,9.65936e-06,0.000944082,19,0.012021
2024-01-07 00:00:00+00:00,0.000139529,0.978633,0.13028,0.0115076,-0.00351252,0.00428024,1.36977e-06,1.71222e-07,2.07437e-07,1.05923e-05,0.00013109,19.4375,0.0132021
2024-01-08 00:00:00+00:00,-0.000351217,0.978289,0.13007,0.00995983,-0.00651613,0.0196373,6.28381e-06,1.1769e-06,1.85399e-06,3.08072e-06,-0.000343359,18.8333,0.01379
2024-01-09 00:00:00+00:00,0.00265231,0.980884,0.13301,0.0112906,-0.00488348,0.00659116,2.10918e-06,5.4709e-07,5.19947e-07,-1.7555e-06,0.00265517,19,0.014013
2024-01-10 00:00:00+00:00,-0.00102726,0.979876,0.132492,0.00808317,-0.00582667,0.00665008,2.12745e-06,2.65931e-07,1.89752e-07,-9.43644e-07,-0.00102315,19.7812,0.0149823
2024-01-11 00:00:00+00:00,0.000392289,0.980261,0.140109,0.00874889,-0.00573349,0.00841995,2.69441e-06,3.36801e-07,5.90188e-07,-1.10979e-06,0.000398571,20,0.0154445
2024-01-12 00:00:00+00:00,0.00104051,0.981281,0.145974,0.00199368,-0.0114938,0.0044689,1.42986e-06,1.78732e-07,2.52777e-07,4.4587e-07,0.00104378,20,0.0144705
2024-01-13 00:00:00+00:00,-0.000682452,0.980611,0.138154,0.00522575,-0.00765396,0.0066524,2.12869e-06,2.66086e-07,3.18264e-07,-4.60708e-07,-0.000678336,20,0.014144
2024-01-14 00:00:00+00:00,-0.00158896,0.979053,0.135247,0.0110302,-0.00235115,0.00355065,1.13626e-06,1.42032e-07,1.92166e-07,-2.5179e-06,-0.00158517,20,0.0136334
2024-01-15 00:00:00+00:00,-0.0024851,0.97662,0.135851,0.0101745,-0.00465393,0,0,0,0,-1.52851e-07,-0.00248615,20,0.0128468
2024-01-16 00:00:00+00:00,0.000463163,0.977072,0.135955,0.00978998,-0.00650603,0,0,0,0,6.65035e-06,0.000456972,20,0.0131439
2024-01-17 00:00:00+00:00,-0.00162461,0.975485,0.137573,0.00805725,-0.00847373,0,0,0,0,5.43067e-06,-0.00163,20,0.0121339
2024-01-18 00:00:00+00:00,0.00254954,0.977972,0.133181,0.0097532,-0.00753586,0,0,0,0,3.03424e-06,0.00254431,20,0.0134689
2024-01-19 00:00:00+00:00,-0.00241606,0.975609,0.130222,0.00974976,-0.00593935,0,0,0,0,4.80844e-06,-0.00242245,20,0.0154267
2024-01-20 00:00:00+00:00,0.00195373,0.977515,0.13203,0.00867055,-0.00749209,0.00207652,6.64469e-07,1.09104e-07,6.63415e-08,3.87381e-06,0.00195028,20,0.014394
2024-01-21 00:00:00+00:00,0.000762797,0.978261,0.13138,0.00820775,-0.00860993,0,0,0,0,3.2374e-06,0.000759827,20,0.0147228
2024-01-22 00:00:00+00:00,-0.000348074,0.97792,0.125049,0.0101216,-0.00530819,0.00165056,5.28248e-07,2.71287e-07,6.75262e-08,5.25409e-06,-0.000350985,19,0.0159178
2024-01-23 00:00:00+00:00,-0.000456536,0.977474,0.118369,0.0101495,-0.00344414,0,0,0,0,-1.66712e-06,-0.00045437,19,0.0166548
2024-01-24 00:00:00+00:00,0.000553747,0.978015,0.118842,0.0100416,-0.00447654,0,0,0,0,-4.0523e-06,0.000558068,19,0.0156983
2024-01-25 00:00:00+00:00,0.00147093,0.979454,0.117588,0.0112257,-0.00460222,0,0,0,0,-2.4826e-06,0.00147265,19,0.0150234
2024-01-26 00:00:00+00:00,-0.000315316,0.979145,0.120592,0.0108389,-0.00594944,0.00369738,1.18321e-06,1.47901e-07,1.4898e-07,-3.98899e-06,-0.000309695,19.1667,0.0145409
2024-01-27 00:00:00+00:00,0.000651673,0.979783,0.126191,0.00789451,-0.0104427,0,0,0,0,-5.0634e-06,0.000656793,20,0.0157861
2024-01-28 00:00:00+00:00,-0.000189993,0.979597,0.12815,0.00793772,-0.010645,0,0,0,0,-1.53142e-06,-0.000188032,20,0.0170509
2024-01-29 00:00:00+00:00,-0.000933453,0.978682,0.134016,0.00262097,-0.0140945,0.0124013,3.9685e-06,4.96062e-07,4.38692e-07,-1.71824e-06,-0.000926469,19.6771,0.0171415
2024-01-30 00:00:00+00:00,-0.00164232,0.977075,0.141617,-0.00252945,-0.0194634,0.0079551,2.54575e-06,3.18219e-07,2.06722e-07,1.12571e-07,-0.00163936,20,0.0164333
2024-01-31 00:00:00+00:00,0.00192109,0.978952,0.146251,-0.00966688,-0.0246938,0,0,0,0,5.99401e-06,0.00191532,20,0.0161675
2024-02-01 00:00:00+00:00,-0.00315782,0.975861,0.14397,-0.0100612,-0.0247051,0,0,0,0,3.36068e-06,-0.00316355,20,0.0169279
2024-02-02 00:00:00+00:00,-0.000948893,0.974935,0.149701,-0.0127574,-0.0290967,0.00827608,2.6488e-06,1.16382e-06,2.60601e-07,4.59135e-06,-0.000945426,20,0.017262
2024-02-03 00:00:00+00:00,0.00100899,0.975919,0.137921,-0.000588166,-0.0171355,0.00391271,1.25201e-06,1.56501e-07,1.25517e-07,9.36775e-07,0.00101022,20,0.0169492
2024-02-04 00:00:00+00:00,-0.000626115,0.975308,0.136504,-0.000250679,-0.0167847,0,0,0,0,1.59352e-06,-0.000626679,20,0.0165716
2024-02-05 00:00:00+00:00,-0.00154147,0.973804,0.135781,0.000205217,-0.0185291,0.0017236,5.51549e-07,3.23096e-07,5.43533e-08,2.29764e-06,-0.00154229,19,0.0169196
2024-02-06 00:00:00+00:00,0.00286617,0.976595,0.135786,0.00100848,-0.0191381,0,0,0,0,2.94189e-07,0.00286269,19,0.0162354
2024-02-07 00:00:00+00:00,-0.000532066,0.976076,0.135832,0.00195699,-0.0171998,0,0,0,0,1.71574e-06,-0.000533229,19,0.0171813
2024-02-08 00:00:00+00:00,0.00221167,0.978234,0.138425,0.00293444,-0.0140295,0,0,0,0,1.23599e-05,0.0021977,19,0.0175252
2024-02-09 00:00:00+00:00,-0.000748829,0.977502,0.142381,0.00172184,-0.0163555,0.00797455,2.55195e-06,3.18994e-07,2.24662e-07,1.00809e-05,-0.00075559,19,0.0186187
2024-02-10 00:00:00+00:00,-0.000455203,0.977057,0.148749,-0.00399562,-0.025135,0,0,0,0,1.39338e-05,-0.000468319,19,0.0181884
2024-02-11 00:00:00+00:00,-0.00144619,0.975644,0.152598,-0.00619973,-0.0272816,0,0,0,0,1.48101e-05,-0.0014603,19,0.0180701
2024-02-12 00:00:00+00:00,-0.00153811,0.974143,0.153,-0.00669489,-0.0250603,0.00329434,1.05443e-06,1.31804e-07,2.54892e-07,-6.22129e-06,-0.00152845,18,0.0168902
2024-02-13 00:00:00+00:00,-0.000233599,0.973916,0.139146,0.00935936,-0.00539869,0.0146431,4.68621e-06,8.71546e-07,3.10726e-07,1.22519e-05,-0.000239346,18,0.0166364
2024-02-14 00:00:00+00:00,-0.000875383,0.973063,0.145027,0.00431745,-0.00927822,0.0185356,5.93059e-06,7.41323e-07,1.2161e-06,3.29536e-05,-0.000900043,19,0.0163346
2024-02-15 00:00:00+00:00,0.00184057,0.974854,0.15911,-0.00674174,-0.0191194,0.00431172,1.37974e-06,1.72467e-07,2.31928e-07,5.10742e-05,0.00179202,20,0.0167008
2024-02-16 00:00:00+00:00,0.00242281,0.977216,0.166811,0.00793698,-0.0175694,0.0413286,1.32249e-05,1.65311e-06,2.7949e-06,4.63392e-06,0.00243475,20.5,0.0171427
2024-02-17 00:00:00+00:00,-0.00149473,0.975755,0.175126,0.00597287,-0.0270362,0,0,0,0,2.91525e-05,-0.00152316,21,0.0170285
2024-02-18 00:00:00+00:00,0.000806706,0.976542,0.177419,0.00505845,-0.0289588,0,0,0,0,3.00236e-05,0.000777694,21,0.0161314
2024-02-19 00:00:00+00:00,0.000198935,0.976737,0.189289,-0.00286375,-0.0396507,0.041424,1.32568e-05,1.6571e-06,3.43316e-06,1.89609e-05,0.000200994,22.4167,0.0157474
2024-02-20 00:00:00+00:00,0.00163174,0.97833,0.183287,0.00877451,-0.0255192,0.00680677,2.17774e-06,2.72217e-07,4.04772e-07,-1.36363e-06,0.00163914,23.3958,0.015744
2024-02-21 00:00:00+00:00,0.00165198,0.979947,0.187106,0.0133165,-0.0209183,0.0386917,1.23824e-05,1.5478e-06,2.24929e-06,9.13161e-06,0.00165892,24.9062,0.0165333
2024-02-22 00:00:00+00:00,-0.000224154,0.979727,0.210381,0.00103325,-0.0418143,0.0503917,1.61255e-05,2.01569e-06,2.52298e-06,5.92276e-05,-0.000257876,25,0.0169239
2024-02-23 00:00:00+00:00,0.000988317,0.980695,0.189696,0.00931412,-0.0264772,0.0186569,5.97058e-06,7.46323e-07,9.34682e-07,5.73544e-05,0.000939724,25,0.0173035
2024-02-24 00:00:00+00:00,-0.000441871,0.980262,0.188441,0.0105889,-0.0198809,0.0262735,8.40529e-06,1.05066e-06,1.45772e-06,5.27001e-05,-0.000482041,25,0.0180395
2024-02-25 00:00:00+00:00,-0.00305359,0.977269,0.206012,-0.00721484,-0.0442048,0.0323716,1.03591e-05,1.29488e-06,1.62938e-06,4.54087e-05,-0.00308717,25,0.0189202
2024-02-26 00:00:00+00:00,0.00376009,0.980943,0.177726,-0.0034781,-0.0250768,0.0988744,3.16415e-05,1.09033e-05,5.59527e-06,5.95946e-05,0.00374422,21.9167,0.0191576
2024-02-27 00:00:00+00:00,0.00156976,0.982483,0.202605,0.0042618,-0.0186716,0.0455689,1.45829e-05,1.82287e-06,3.23583e-06,7.5686e-05,0.00151586,24,0.019319
2024-02-28 00:00:00+00:00,-0.00123453,0.98127,0.217793,-0.0174609,-0.0399223,0.171063,5.4746e-05,8.17283e-06,1.10592e-05,0.000102428,-0.00124595,24,0.0204502
2024-02-29 00:00:00+00:00,0.00108213,0.982332,0.196206,0.00544742,-0.0146405,0.160338,5.13028e-05,6.41284e-06,8.02491e-06,2.18488e-05,0.00113094,24.6979,0.0213558
2024-03-01 00:00:00+00:00,-0.000936448,0.981412,0.23402,0.00707523,-0.0207577,0.154829,4.95456e-05,6.93883e-06,8.2141e-06,1.91156e-05,-0.000885588,26.6562,0.0227892
2024-03-02 00:00:00+00:00,-0.00274116,0.978722,0.243568,0.0107017,-0.0197404,0.0624382,1.99793e-05,2.49741e-06,2.95804e-06,4.99919e-06,-0.00271933,26.5625,0.0218234
2024-03-03 00:00:00+00:00,-0.000951288,0.977791,0.24141,0.0132273,-0.0245422,0.105064,3.36245e-05,5.75932e-06,6.11555e-06,5.56231e-05,-0.000950872,27.5938,0.0217279
2024-03-04 00:00:00+00:00,0.0071329,0.984765,0.264695,0.0227956,-0.0200285,0.364823,0.000116762,2.68206e-05,2.50643e-05,4.30755e-05,0.00724763,27.1875,0.0215215
2024-03-05 00:00:00+00:00,0.00460827,0.989303,0.27955,0.0242059,-0.00624554,0.331724,0.000106171,1.61885e-05,1.96555e-05,6.55872e-05,0.00469403,28.4479,0.0224963
2024-03-06 00:00:00+00:00,-0.00335479,0.985985,0.286,0.0150479,-0.00656557,0.321305,0.000102823,2.20459e-05,2.39822e-05,-4.60658e-06,-0.00319652,29,0.0233345
2024-03-07 00:00:00+00:00,-0.00158671,0.98442,0.310558,0.0016242,-0.000654413,0.0750678,2.40189e-05,6.43997e-06,5.0574e-06,-4.49332e-06,-0.00154014,29,0.0226718
2024-03-08 00:00:00+00:00,-0.0074714,0.977065,0.319085,-0.00611918,-0.0224209,0.10571,3.38266e-05,7.1651e-06,7.2717e-06,3.35978e-05,-0.00747479,29,0.0232301
2024-03-09 00:00:00+00:00,-0.00520937,0.971975,0.320307,-0.00480683,-0.0187495,0.0444951,1.42398e-05,3.92514e-06,3.12404e-06,6.02316e-05,-0.00525421,29,0.0203185
2024-03-10 00:00:00+00:00,0.000214891,0.972184,0.300112,0.00744966,-0.00390345,0.0242159,7.74751e-06,9.68439e-07,1.19728e-06,-7.49145e-06,0.000236989,29,0.0204623
2024-03-11 00:00:00+00:00,0.00262137,0.974732,0.308883,0.000588007,-0.0110195,0.0994333,3.18177e-05,1.0327e-05,6.78051e-06,-5.05702e-06,0.00267895,26.8958,0.0189454
2024-03-12 00:00:00+00:00,-0.000353977,0.974387,0.294368,-0.00467116,-0.01864,0.0526367,1.68485e-05,2.74352e-06,3.1849e-06,7.03525e-05,-0.000395648,27,0.0189223
2024-03-13 00:00:00+00:00,-0.00655082,0.968004,0.294186,-0.000787243,-0.0144522,0.033134,1.06026e-05,1.32532e-06,1.31798e-06,8.6198e-05,-0.00664084,27,0.0190583
2024-03-14 00:00:00+00:00,3.34154e-05,0.968037,0.291212,-0.00186343,-0.0210599,0.0883188,2.82643e-05,4.00649e-06,3.90321e-06,0.00012182,-4.3475e-05,27,0.0176849
2024-03-15 00:00:00+00:00,-0.00331311,0.96483,0.266889,0.00955881,-0.00784152,0.074872,2.3962e-05,2.99525e-06,4.1257e-06,2.01001e-05,-0.00330095,27,0.0169354
2024-03-16 00:00:00+00:00,0.00133616,0.966119,0.269739,0.0165793,0.0014241,0.0935087,2.99243e-05,3.74053e-06,4.94242e-06,7.5187e-06,0.0013716,27,0.0163125
2024-03-17 00:00:00+00:00,0.00166777,0.96773,0.266314,0.0178312,-7.37458e-05,0.0252445,8.08024e-06,1.01003e-06,5.17753e-07,-2.03044e-05,0.00169882,27,0.0162583
2024-03-18 00:00:00+00:00,0.00438902,0.971977,0.239113,0.0245305,-0.00377385,0.121099,3.87509e-05,4.84387e-06,6.36636e-06,-1.21993e-05,0.00444597,24.9688,0.0169676
2024-03-19 00:00:00+00:00,-0.00313127,0.968934,0.242923,0.021321,0.00391616,0.0221627,7.09007e-06,8.86259e-07,1.05808e-06,-2.84174e-06,-0.00312095,25.6771,0.0175491
2024-03-20 00:00:00+00:00,0.00287731,0.971722,0.245247,0.0181534,0.000433946,0.0488121,1.56227e-05,3.47138e-06,3.13666e-06,4.83624e-06,0.0028934,26,0.0173706
2024-03-21 00:00:00+00:00,-0.000890543,0.970856,0.256433,0.0196717,-0.00429635,0.0194181,6.2133e-06,1.50757e-06,1.16795e-06,3.82807e-06,-0.000880843,26,0.0174125
2024-03-22 00:00:00+00:00,0.00103593,0.971862,0.242559,0.0150499,-0.00715319,0.00885223,2.83327e-06,7.20023e-07,3.89468e-07,1.21472e-05,0.00102967,26,0.0163921
2024-03-23 00:00:00+00:00,0.00122669,0.973054,0.241616,0.0126677,-0.00901003,0.0162856,5.21273e-06,6.74175e-07,6.59244e-07,-3.57995e-06,0.00123848,26.6667,0.0169399
2024-03-24 00:00:00+00:00,0.00162977,0.97464,0.225976,0.00282113,-0.0145855,0.0394704,1.26323e-05,1.57904e-06,2.27559e-06,4.75603e-06,0.00164127,27,0.0179349
2024-03-25 00:00:00+00:00,0.000407869,0.975038,0.226468,-0.00828229,-0.0209859,0.00652863,2.08945e-06,5.21214e-07,2.36694e-07,3.13292e-05,0.000381332,25.7917,0.0179633
2024-03-26 00:00:00+00:00,-0.00013311,0.974908,0.230731,-0.00605005,-0.0203465,0.00657396,2.10426e-06,2.63032e-07,2.37223e-07,4.75358e-05,-0.000175753,25,0.0187446
2024-03-27 00:00:00+00:00,7.5764e-05,0.974982,0.237272,-0.00376735,-0.0167301,0.0406742,1.30154e-05,1.62693e-06,1.65609e-06,3.06525e-05,6.28903e-05,25,0.0186302
2024-03-28 00:00:00+00:00,-0.00195835,0.973072,0.262788,-0.00676296,-0.0158831,0.0252204,8.07109e-06,1.00889e-06,7.79041e-07,7.33891e-05,-0.0020209,25,0.0184985
2024-03-29 00:00:00+00:00,-0.00221768,0.970914,0.258511,-0.00831485,-0.0218227,0.0191257,6.12035e-06,7.65044e-07,6.35407e-07,4.16747e-05,-0.00225214,25,0.0177731
2024-03-30 00:00:00+00:00,-0.000134996,0.970783,0.249425,0.00360992,-0.0143169,0.00868355,2.77871e-06,3.47338e-07,1.32551e-07,3.40105e-05,-0.000164328,25,0.0176747
2024-03-31 00:00:00+00:00,0.000268043,0.971044,0.248174,0.00980729,-0.00713367,0.00275925,8.82801e-07,1.1035e-07,9.72402e-08,-1.75974e-05,0.000288233,25,0.0181638
2024-04-01 00:00:00+00:00,0.00172905,0.972723,0.225074,0.000659632,-0.0134383,0.0444778,1.42302e-05,5.75007e-06,2.97495e-06,-1.11838e-05,0.00176368,22.7917,0.0185194
2024-04-02 00:00:00+00:00,0.000172055,0.97289,0.229801,0.0244632,0.0105895,0.040533,1.2973e-05,1.81164e-06,1.70703e-06,-6.84465e-06,0.000197614,24.375,0.0192777
2024-04-03 00:00:00+00:00,0.00205841,0.974893,0.242835,0.015381,-0.000905834,0.0163561,5.23433e-06,6.54291e-07,8.3697e-07,2.79341e-07,0.00206471,25,0.0197343
2024-04-04 00:00:00+00:00,-0.000333697,0.974567,0.238189,0.00116992,-0.012027,0.0332275,1.06326e-05,1.32907e-06,1.18641e-06,-3.68887e-06,-0.00031495,25,0.018954
2024-04-05 00:00:00+00:00,0.00103547,0.975576,0.234158,0.00250856,-0.00301156,0.0336514,1.07689e-05,1.34611e-06,1.2743e-06,-2.74834e-05,0.00107747,25,0.0188701
2024-04-06 00:00:00+00:00,-0.00026324,0.97532,0.230661,0.00240519,-0.00211037,0.0117106,3.74751e-06,4.68439e-07,4.8496e-07,-1.99771e-05,-0.000237789,25,0.0181098
2024-04-07 00:00:00+00:00,-0.00238067,0.972998,0.236275,-0.00204973,-0.00886471,0.0057712,1.8468e-06,2.3085e-07,1.33637e-07,-2.72074e-05,-0.00235315,25,0.0179172
2024-04-08 00:00:00+00:00,0.000882586,0.973856,0.239275,-0.00249565,-0.00923453,0.00212549,6.803e-07,8.50375e-08,5.49618e-08,-6.93173e-06,0.000890993,25,0.0179764
2024-04-09 00:00:00+00:00,0.000757045,0.974594,0.237312,0.00237585,-0.00395235,0.00751877,2.40629e-06,3.00787e-07,2.63274e-07,5.7282e-06,0.000755087,25,0.0173327
2024-04-10 00:00:00+00:00,-0.00118074,0.973443,0.240033,0.015362,0.00696999,0.0124504,3.98384e-06,4.9798e-07,3.17979e-07,2.30131e-05,-0.00119859,25,0.0161023
2024-04-11 00:00:00+00:00,-0.00135033,0.972128,0.242496,0.0160624,0.00892055,0,0,0,0,-1.28927e-05,-0.00133701,25,0.0168344
2024-04-12 00:00:00+00:00,0.00076748,0.972875,0.232353,0.0156257,0.00380213,0.00206535,6.61004e-07,8.26255e-08,1.69458e-07,-2.57664e-05,0.000798309,25.1042,0.0178881
2024-04-13 00:00:00+00:00,0.00290109,0.975697,0.19771,0.0225179,-0.00109296,0.0233787,7.48103e-06,9.35128e-07,1.27497e-06,-3.59578e-05,0.00294459,26,0.0194604
2024-04-14 00:00:00+00:00,-0.00121037,0.974516,0.199173,0.0188107,-0.00377197,0.0295217,9.44592e-06,1.18074e-06,2.24461e-06,-1.41433e-05,-0.00118093,26,0.0196393
2024-04-15 00:00:00+00:00,-0.000913403,0.973626,0.220701,0.01088,-0.00800026,0.0441091,1.41156e-05,1.76446e-06,7.67816e-06,2.87778e-05,-0.000914895,27,0.0195806
2024-04-16 00:00:00+00:00,0.000145066,0.973767,0.202859,0.0155251,-0.00245462,0.012674,4.05565e-06,5.85406e-07,1.37344e-06,-1.28574e-05,0.000165439,27,0.0196044
2024-04-17 00:00:00+00:00,0.00031467,0.974073,0.205802,0.0118082,-0.00456061,0.00780444,2.49775e-06,3.12219e-07,6.00803e-07,2.46683e-06,0.000316781,27,0.0198562
2024-04-18 00:00:00+00:00,0.00223663,0.976252,0.203065,0.0118836,-0.00205435,0.00576335,1.8445e-06,2.30563e-07,3.58297e-07,9.88525e-06,0.00222767,27,0.0200986
2024-04-19 00:00:00+00:00,-0.00121707,0.975064,0.209666,0.00739471,-0.00554843,0.00201041,6.42969e-07,8.03711e-08,8.6243e-08,5.918e-06,-0.00122127,27,0.019898
2024-04-20 00:00:00+00:00,-0.000406325,0.974668,0.217631,0.0061726,-0.00602111,0,0,0,0,1.45053e-05,-0.000419728,27,0.0199497
2024-04-21 00:00:00+00:00,-9.16362e-05,0.974578,0.226432,0.00550976,-0.00694952,0.0127131,4.06836e-06,5.08545e-07,5.58373e-07,1.43118e-05,-9.98668e-05,27,0.0192274
2024-04-22 00:00:00+00:00,0.000520359,0.975086,0.22095,-0.00543419,-0.0179384,0.0451763,1.44536e-05,1.80671e-06,3.99123e-06,5.89117e-06,0.000535578,25.8229,0.0193153
2024-04-23 00:00:00+00:00,-0.00126753,0.97385,0.222842,-0.00433435,-0.0174714,0,0,0,0,-1.57953e-06,-0.00126546,26,0.0194135
2024-04-24 00:00:00+00:00,-0.00118342,0.972697,0.221119,-0.00582861,-0.0201698,0.00916282,2.93326e-06,3.66657e-07,5.99158e-07,-1.49355e-06,-0.00117677,26,0.0183111
2024-04-25 00:00:00+00:00,0.000757991,0.973434,0.206038,0.00406588,-0.00802606,0.00723656,2.31562e-06,2.89453e-07,2.58758e-07,-8.92753e-06,0.000770523,26,0.0187498
2024-04-26 00:00:00+00:00,0.000722074,0.974137,0.202923,-0.0059967,-0.0203671,0.016452,5.26516e-06,6.58145e-07,5.42176e-07,-1.74526e-05,0.000746613,25.9583,0.0191213
2024-04-27 00:00:00+00:00,0.00144461,0.975545,0.192146,0.000585495,-0.00905673,0.00499841,1.59948e-06,1.99935e-07,1.69787e-07,-2.76218e-05,0.00147386,25,0.0198271
2024-04-28 00:00:00+00:00,-4.50661e-06,0.97554,0.200477,-0.00315251,-0.013031,0,0,0,0,-3.44129e-05,3.03619e-05,25,0.0203013
2024-04-29 00:00:00+00:00,-0.000420426,0.97513,0.215851,-0.0274831,-0.0332316,0.058827,1.88224e-05,2.35279e-06,7.39829e-06,-2.11264e-05,-0.000367239,24,0.0206171
2024-04-30 00:00:00+00:00,0.00144801,0.976542,0.199105,-0.0163275,-0.0221071,0,0,0,0,-1.87308e-05,0.00146771,24,0.0209957
2024-05-01 00:00:00+00:00,0.000176407,0.976714,0.183589,-0.00981351,-0.0162119,0.0229968,7.35908e-06,9.19885e-07,1.1415e-06,6.41739e-07,0.000187414,24.4792,0.0202696
2024-05-02 00:00:00+00:00,-0.000758789,0.975973,0.178447,-0.00919134,-0.0160891,0.025073,8.02399e-06,1.003e-06,1.41575e-06,7.502e-06,-0.000755479,25,0.0189628
2024-05-03 00:00:00+00:00,0.00142802,0.977367,0.185719,-0.0109475,-0.0166084,0.00653903,2.09261e-06,2.61576e-07,3.54578e-07,1.33568e-05,0.00141734,25,0.0175246
2024-05-04 00:00:00+00:00,0.000601231,0.977955,0.186416,-0.0046819,-0.00923857,0,0,0,0,2.64417e-06,0.000598881,25,0.0159106
2024-05-05 00:00:00+00:00,-0.00184588,0.976149,0.185082,-0.00339127,-0.00677168,0.00334371,1.07004e-06,1.33755e-07,2.00922e-07,-7.81438e-06,-0.00183785,25,0.0156323
2024-05-06 00:00:00+00:00,-6.64065e-05,0.976085,0.176514,0.00100502,-0.0046411,0.0255336,8.1697e-06,2.37912e-06,1.72868e-06,1.01271e-05,-6.29607e-05,23,0.0152084
2024-05-07 00:00:00+00:00,-0.000491186,0.975605,0.172979,0.00522288,-0.000182029,0.0251329,8.04248e-06,1.00531e-06,1.41331e-06,8.21912e-06,-0.00048835,23,0.0156819
2024-05-08 00:00:00+00:00,-0.002497,0.973169,0.175224,-0.00379804,-0.011775,0.00551291,1.76427e-06,2.20533e-07,2.80667e-07,-3.56807e-06,-0.00249151,23,0.0168593
2024-05-09 00:00:00+00:00,7.24092e-05,0.973239,0.178254,-0.0073038,-0.0179297,0.00742095,2.37507e-06,2.96884e-07,3.85202e-07,1.05139e-05,6.90051e-05,23,0.0174709
2024-05-10 00:00:00+00:00,-0.000996742,0.972269,0.178684,-0.00695825,-0.016924,0.006635,2.123e-06,2.65375e-07,3.53905e-07,-6.28564e-07,-0.000991941,23,0.0167193
2024-05-11 00:00:00+00:00,0.000127163,0.972393,0.172496,-0.00545628,-0.0147306,0.00247961,7.93477e-07,9.91847e-08,9.37175e-08,7.50454e-06,0.000121082,23,0.0176789
2024-05-12 00:00:00+00:00,-0.000389457,0.972014,0.17394,-0.00642102,-0.0157565,0,0,0,0,3.60873e-06,-0.000392641,23,0.0187259
2024-05-13 00:00:00+00:00,0.00148018,0.973453,0.182043,-0.00181313,-0.0118589,0.0328963,1.05274e-05,8.75549e-06,2.32116e-06,-2.08471e-05,0.00152327,24.6979,0.0194127
2024-05-14 00:00:00+00:00,-0.000698652,0.972773,0.181552,0.010568,-0.00614596,0.00341843,1.09403e-06,1.36754e-07,1.23125e-07,-2.97608e-05,-0.000666978,25,0.019197
2024-05-15 00:00:00+00:00,0.00145735,0.974191,0.183821,0.0150274,0.00241664,0.0221676,7.09403e-06,8.86754e-07,6.79659e-07,-1.9634e-05,0.00148563,25,0.0200477
2024-05-16 00:00:00+00:00,0.00134107,0.975497,0.180988,0.0113463,0.00655339,0.021008,6.7236e-06,5.28095e-06,1.26116e-06,-1.57827e-05,0.00137028,25,0.0205145
2024-05-17 00:00:00+00:00,0.00146345,0.976925,0.176282,0.00249875,-0.00617654,0.0116682,3.73445e-06,4.66806e-07,4.75312e-07,2.22841e-05,0.0014459,25,0.0195586
2024-05-18 00:00:00+00:00,0.000567823,0.977479,0.205247,-0.0182308,-0.023063,0.0702371,2.2477e-05,2.81857e-06,2.88318e-06,3.83147e-05,0.000563733,25.4271,0.0206625
2024-05-19 00:00:00+00:00,0.00143052,0.978878,0.234773,-0.0295897,-0.0285636,0.003712,1.18832e-06,1.4854e-07,1.15159e-07,1.39087e-05,0.00142044,26,0.0210552
2024-05-20 00:00:00+00:00,0.0021898,0.981021,0.218813,-0.0312821,-0.0299556,0.144068,4.61005e-05,9.19184e-06,8.32919e-06,1.59112e-05,0.00224056,21.8229,0.0213183
2024-05-21 00:00:00+00:00,-0.00362314,0.977467,0.193998,-0.00402384,-0.0161741,0.0655962,2.09918e-05,3.30265e-06,3.23378e-06,2.60602e-05,-0.00362451,22.8646,0.0216675
2024-05-22 00:00:00+00:00,-0.00320418,0.974335,0.221818,-0.00469775,-0.0221654,0.0748036,2.39385e-05,4.47105e-06,4.18884e-06,1.90266e-05,-0.00318918,24.1562,0.0201098
2024-05-23 00:00:00+00:00,0.000976086,0.975286,0.250316,0.0145718,-0.00624957,0.0886014,2.83558e-05,3.54447e-06,6.43953e-06,2.7537e-05,0.000998795,26.5,0.0211217
2024-05-24 00:00:00+00:00,-7.74372e-05,0.97521,0.236931,0.0193309,-0.00694344,0.060902,1.94882e-05,2.44174e-06,3.11528e-06,-1.02528e-05,-4.06131e-05,27,0.0210386
2024-05-25 00:00:00+00:00,-0.000752336,0.974477,0.265956,0.017513,-0.0117682,0.061642,1.97276e-05,2.46595e-06,4.44911e-06,-6.64788e-06,-0.000716755,27,0.0220437
2024-05-26 00:00:00+00:00,0.00118396,0.97563,0.26039,0.0206709,-0.00765372,0.0267543,8.56145e-06,1.07018e-06,8.33089e-07,1.07971e-05,0.00118387,27,0.0220558
2024-05-27 00:00:00+00:00,-0.00290383,0.972797,0.264316,0.018363,-0.0102983,0.036254,1.15992e-05,2.41324e-06,1.93184e-06,2.47268e-05,-0.0029153,25,0.0209913
2024-05-28 00:00:00+00:00,-0.00188339,0.970965,0.273028,0.0145993,-0.0102649,0.0179763,5.75117e-06,7.18897e-07,8.14205e-07,2.2612e-05,-0.00189689,25,0.0186739
2024-05-29 00:00:00+00:00,0.00162171,0.97254,0.270097,0.0132029,-0.0106462,0.0195464,6.25476e-06,7.81845e-07,6.294e-07,-2.34209e-06,0.00163408,25,0.0180127
2024-05-30 00:00:00+00:00,0.00169581,0.974189,0.260776,0.021586,0.000593619,0.0252608,8.08434e-06,1.01054e-06,1.01122e-06,-1.23445e-05,0.00171923,25,0.0183035
2024-05-31 00:00:00+00:00,0.00107339,0.975235,0.249496,0.0172968,-0.00165534,0.0110198,3.52684e-06,4.40855e-07,6.38897e-07,1.33917e-07,0.00107838,25,0.0180822
2024-06-01 00:00:00+00:00,-0.0036577,0.971668,0.262104,-0.00155895,-0.0261186,0.0137914,4.4122e-06,5.51525e-07,6.11028e-07,7.53368e-06,-0.00366415,25,0.0175978
2024-06-02 00:00:00+00:00,-0.000481677,0.9712,0.253535,0.0065078,-0.02347,0.0209192,6.69546e-06,8.36932e-07,8.51625e-07,2.94913e-06,-0.00046737,25,0.018058
2024-06-03 00:00:00+00:00,0.00385986,0.974948,0.226262,0.0245508,0.00332851,0.0701344,2.24432e-05,6.77936e-06,8.18021e-06,-3.48937e-06,0.0038972,23.6042,0.0192322
2024-06-04 00:00:00+00:00,-0.00194546,0.973052,0.230813,0.0129155,-0.0105396,0.0207548,6.64165e-06,8.30207e-07,1.80772e-06,3.52364e-06,-0.00193958,24,0.0192116
2024-06-05 00:00:00+00:00,0.00131328,0.97433,0.254935,-0.00370598,-0.0345385,0.0380931,1.21889e-05,1.88879e-06,2.47309e-06,7.08242e-06,0.00132496,24,0.0193992
2024-06-06 00:00:00+00:00,-0.000236082,0.974099,0.264244,-0.0133943,-0.049442,0.0120187,3.84617e-06,4.80771e-07,5.3472e-07,1.41496e-05,-0.000242558,24,0.0217059
2024-06-07 00:00:00+00:00,0.00477391,0.97875,0.268271,0.0153459,-0.0247961,0.0900027,2.88149e-05,3.60186e-06,7.09043e-06,8.96775e-05,0.0047273,24.625,0.0233602
2024-06-08 00:00:00+00:00,-0.00521732,0.973643,0.272398,0.0386002,-0.00727548,0.00292378,9.35463e-07,4.40001e-07,1.54437e-07,1.9481e-05,-0.00524488,26,0.0243478
2024-06-09 00:00:00+00:00,0.000824985,0.974447,0.275464,0.0333796,-0.0140205,0,0,0,0,6.17173e-06,0.000822213,26,0.0241201
2024-06-10 00:00:00+00:00,-0.00230988,0.972196,0.229617,0.0325467,-0.0159507,0.140563,4.49794e-05,2.45822e-05,1.61085e-05,-2.19217e-06,-0.00222164,22.6667,0.0256159
2024-06-11 00:00:00+00:00,0.000765606,0.97294,0.221936,0.0401183,0.00295044,0.0405449,1.29748e-05,1.62185e-06,3.21655e-06,-4.74823e-06,0.000792174,23,0.025989
2024-06-12 00:00:00+00:00,0.00228946,0.975168,0.239089,0.0355187,0.00224263,0.0488503,1.56323e-05,1.95403e-06,5.48006e-06,4.90877e-06,0.00231023,23,0.0265891
2024-06-13 00:00:00+00:00,0.00266789,0.977769,0.239346,0.0278846,-0.00545622,0.0614913,1.96778e-05,2.45973e-06,3.29263e-06,2.23923e-06,0.00268974,23.1667,0.026892
2024-06-14 00:00:00+00:00,0.000960772,0.978709,0.235259,0.0167371,-0.0175158,0.0256303,8.20181e-06,1.84798e-06,1.65042e-06,3.95828e-05,0.000935896,24,0.0270228
2024-06-15 00:00:00+00:00,0.00181539,0.980485,0.249236,0.0205648,-0.0125234,0.0475806,1.52254e-05,1.90318e-06,2.62841e-06,8.57391e-06,0.00182677,24,0.0274964
2024-06-16 00:00:00+00:00,-0.00122195,0.979287,0.253168,0.0193693,-0.0163288,0.0561482,1.79684e-05,2.24605e-06,3.24539e-06,2.13609e-05,-0.00121924,24.5104,0.027556
2024-06-17 00:00:00+00:00,-7.40217e-05,0.979215,0.288707,0.0440464,0.00658123,0.0704661,2.25475e-05,2.81844e-06,4.21299e-06,-2.21984e-06,-3.69642e-05,25.9583,0.0270469
2024-06-18 00:00:00+00:00,0.00400856,0.98314,0.278945,0.0340195,-0.00927451,0.0488206,1.56272e-05,2.07657e-06,3.62269e-06,0.00015321,0.00387584,26,0.0273181
2024-06-19 00:00:00+00:00,0.00160444,0.984717,0.275112,0.0381934,-0.00482804,0.0162161,5.1901e-06,2.52015e-06,1.13485e-06,6.08987e-05,0.00155519,26,0.0276673
2024-06-20 00:00:00+00:00,-0.00299727,0.981766,0.270264,0.0365314,-0.00437182,0,0,0,0,4.11623e-05,-0.00303968,26,0.0276824
2024-06-21 00:00:00+00:00,-0.00178252,0.980016,0.271956,0.0372286,-0.00374259,0.0198852,6.36428e-06,9.43768e-07,1.09211e-06,2.36542e-05,-0.00178998,26,0.0269007
2024-06-22 00:00:00+00:00,0.00135676,0.981346,0.282111,0.0586143,0.013441,0.00450496,1.4415e-06,1.80187e-07,3.87104e-07,-2.97501e-06,0.00136497,26,0.0262445
2024-06-23 00:00:00+00:00,-0.0015708,0.979804,0.28149,0.0585041,0.0115959,0,0,0,0,-5.26877e-06,-0.00156479,26,0.0265407
2024-06-24 00:00:00+00:00,-0.00922,0.97077,0.274823,0.0484806,0.00531893,0.00931814,2.98211e-06,3.72764e-07,4.78298e-07,9.58258e-06,-0.00926336,26,0.026531
2024-06-25 00:00:00+00:00,-0.00037188,0.970409,0.289162,0.0421103,0.000432963,0.0389592,1.24667e-05,1.55834e-06,1.7738e-06,3.98638e-05,-0.000392811,26,0.0254952
2024-06-26 00:00:00+00:00,0.00121806,0.971591,0.27875,0.0438192,-0.000600944,0.0163421,5.22959e-06,6.53699e-07,6.96087e-07,6.5674e-05,0.0011609,26,0.0255222
2024-06-27 00:00:00+00:00,0.00119749,0.972755,0.286215,0.0422665,-0.00148649,0.0539681,1.72687e-05,2.15859e-06,3.27376e-06,9.99322e-06,0.00121167,26,0.0266318
2024-06-28 00:00:00+00:00,0.000788697,0.973522,0.294196,0.038863,-0.00145806,0.069,2.20826e-05,2.76032e-06,3.5535e-06,4.08348e-05,0.000779,26.1458,0.0275171
2024-06-29 00:00:00+00:00,-0.00131592,0.972241,0.299932,0.0402943,-0.00666497,0.00720162,2.30461e-06,2.88077e-07,2.5697e-07,0.000111952,-0.00142428,27,0.0273112
2024-06-30 00:00:00+00:00,0.00111867,0.973328,0.29832,0.04143,-0.00826441,0,0,0,0,6.28822e-05,0.00105827,27,0.025563
2024-07-01 00:00:00+00:00,-0.00410697,0.969331,0.367862,0.0241301,-0.0304164,0.107652,3.44653e-05,4.30816e-06,1.62269e-05,8.32851e-05,-0.00413552,27.8854,0.0245954
2024-07-02 00:00:00+00:00,0.00364106,0.97286,0.348227,0.0373319,-0.0150872,0.0260707,8.34546e-06,1.04318e-06,1.25774e-06,6.40531e-05,0.00358632,28,0.0243273
2024-07-03 00:00:00+00:00,0.00284706,0.97563,0.3362,0.0546802,0.00653044,0.0990146,3.16844e-05,3.96056e-06,5.41322e-06,2.75655e-05,0.00286227,28.8021,0.0251225
2024-07-04 00:00:00+00:00,0.000342551,0.975964,0.322855,0.0496949,0.010636,0.106807,3.41841e-05,1.33555e-05,8.23041e-06,1.35704e-05,0.000394588,29,0.0255136
2024-07-05 00:00:00+00:00,0.00683399,0.982634,0.286007,0.0366132,-0.00721862,0.216912,6.94169e-05,1.24842e-05,2.38476e-05,8.4209e-05,0.00684385,28.9688,0.0254862
2024-07-06 00:00:00+00:00,7.02557e-05,0.982703,0.307061,0.0384875,-0.0112513,0.0218712,7.00021e-06,2.08094e-06,1.7109e-06,4.86204e-05,3.72338e-05,29,0.0249692
2024-07-07 00:00:00+00:00,0.00255924,0.985218,0.275051,0.039553,-0.00664256,0.0699085,2.23787e-05,5.45008e-06,4.97613e-06,-1.90984e-05,0.00261169,29,0.0242933
2024-07-08 00:00:00+00:00,0.00112403,0.986326,0.236677,0.0203526,-0.0152123,0.100805,3.22565e-05,6.52655e-06,1.08277e-05,2.80769e-06,0.00117415,27,0.0234345
2024-07-09 00:00:00+00:00,-0.000742616,0.985593,0.240281,0.0214207,-0.0106711,0.00269615,8.62607e-07,1.07826e-07,2.29853e-07,7.60962e-07,-0.000740138,27,0.0240944
2024-07-10 00:00:00+00:00,-0.00578745,0.979889,0.262097,0.00762599,-0.0293857,0.0501267,1.60397e-05,4.72726e-06,4.27489e-06,-6.02121e-06,-0.00576719,27,0.0239581
2024-07-11 00:00:00+00:00,0.00252707,0.982365,0.268256,0.019004,-0.0205143,0.0246735,7.89384e-06,9.86729e-07,1.10928e-06,1.29847e-05,0.00252908,27,0.0235756
2024-07-12 00:00:00+00:00,-0.00573855,0.976728,0.265745,0.0273567,-0.0100986,0,0,0,0,2.59539e-05,-0.00577448,27,0.0216229
2024-07-13 00:00:00+00:00,0.00430248,0.98093,0.255044,0.0416845,0.0090171,0.0350016,1.12008e-05,1.4001e-06,1.69603e-06,3.87473e-06,0.00430627,26.9062,0.0209828
2024-07-14 00:00:00+00:00,-0.00139995,0.979557,0.257005,0.0352485,0.00152477,0.0281569,9.00965e-06,1.12621e-06,1.26095e-06,3.35542e-06,-0.00138951,26,0.0206546
2024-07-15 00:00:00+00:00,-0.000531812,0.979036,0.248095,0.0224939,-0.025401,0.108245,3.46407e-05,5.78326e-06,6.20292e-06,1.48968e-05,-0.000494758,25.1771,0.0215933
2024-07-16 00:00:00+00:00,0.000425155,0.979452,0.261522,0.0132863,-0.0410073,0.039146,1.25281e-05,1.56601e-06,1.90389e-06,3.14066e-05,0.000418297,26,0.020025
2024-07-17 00:00:00+00:00,-0.000394818,0.979066,0.246067,0.0170836,-0.0341071,0,0,0,0,2.22213e-05,-0.000413139,26,0.0204875
2024-07-18 00:00:00+00:00,0.00347389,0.982467,0.237999,0.0326219,-0.020501,0.0354033,1.13291e-05,1.5291e-06,1.494e-06,1.10939e-05,0.00347477,26,0.0199728
2024-07-19 00:00:00+00:00,-0.00144563,0.981046,0.234659,0.0431807,-0.00582443,0.0192871,6.17117e-06,7.71396e-07,9.40505e-07,2.09215e-05,-0.00145747,26,0.0207391
2024-07-20 00:00:00+00:00,0.00311943,0.984107,0.254286,0.0367344,-0.0167383,0.0184124,5.89225e-06,7.36532e-07,6.93914e-07,3.82441e-05,0.00308667,26,0.0208091
2024-07-21 00:00:00+00:00,0.00163849,0.985719,0.262101,0.0407145,-0.0126386,0.00477746,1.52889e-06,1.91111e-07,1.86337e-07,3.21472e-05,0.001609,26,0.0213828
2024-07-22 00:00:00+00:00,0.00296454,0.988641,0.263313,0.0267842,-0.0206769,0.0619812,1.98369e-05,2.47961e-06,7.86883e-06,1.35712e-05,0.00298128,24,0.0213719
2024-07-23 00:00:00+00:00,0.00406338,0.992659,0.253175,0.0325471,-0.0154499,0.0494684,1.5831e-05,1.97888e-06,3.69123e-06,1.39293e-05,0.00406537,24,0.0215665
2024-07-24 00:00:00+00:00,0.000886094,0.993538,0.241653,0.0486207,0.001564,0.0168158,5.38094e-06,1.10005e-06,6.57023e-07,3.79307e-05,0.000856398,24,0.0203918
2024-07-25 00:00:00+00:00,-0.000889166,0.992655,0.239712,0.0361778,-0.00945818,0,0,0,0,1.04709e-05,-0.000897228,24,0.0196959
2024-07-26 00:00:00+00:00,-0.00206948,0.990601,0.251901,0.0349863,-0.0156349,0,0,0,0,4.27269e-05,-0.00211201,24,0.0197442
2024-07-27 00:00:00+00:00,0.000214912,0.990813,0.251007,0.0410761,-0.00777139,0.0106128,3.39628e-06,4.24535e-07,4.56669e-07,5.39045e-05,0.000167937,24,0.0193226
2024-07-28 00:00:00+00:00,0.00147765,0.992278,0.256699,0.0430358,-0.00616866,0.0149788,4.79295e-06,5.99119e-07,1.00008e-06,1.42921e-05,0.0014703,24.9062,0.0200827
2024-07-29 00:00:00+00:00,-0.00312026,0.989181,0.255389,0.0498459,-0.000700846,0.0412922,1.32127e-05,2.44452e-06,3.66377e-06,2.64729e-05,-0.00312841,24.8542,0.0208586
2024-07-30 00:00:00+00:00,-0.00147271,0.987725,0.254365,0.0437924,-0.00773898,0,0,0,0,3.11055e-05,-0.00150134,25,0.0210568
2024-07-31 00:00:00+00:00,0.000316675,0.988037,0.252917,0.035496,-0.0137824,0.0277734,8.88791e-06,1.11099e-06,3.33326e-06,6.70497e-06,0.000325904,25,0.0207655
2024-08-01 00:00:00+00:00,0.00292407,0.990926,0.234452,0.0364632,-0.00515242,0.0080504,2.57611e-06,3.22014e-07,7.06495e-07,-5.15417e-06,0.00293276,25,0.0210665
2024-08-02 00:00:00+00:00,0.000102426,0.991028,0.225186,0.039916,0.000912357,0.00666771,2.13367e-06,2.66709e-07,3.9286e-07,1.15506e-05,9.62063e-05,25,0.0215409
2024-08-03 00:00:00+00:00,0.00194862,0.992959,0.210995,0.0346198,-0.000595249,0.0064135,2.05296e-06,2.56619e-07,3.64451e-07,3.69552e-06,0.00194803,25,0.0228783
2024-08-04 00:00:00+00:00,-0.00211061,0.990863,0.203058,0.0315818,-0.00530768,0.00441893,1.41399e-06,1.76748e-07,2.94827e-07,-5.32124e-06,-0.0021034,25,0.0237363
2024-08-05 00:00:00+00:00,0.00235648,0.993198,0.188873,0.0309903,0.0067338,0.160474,5.13556e-05,6.41945e-06,1.50141e-05,0.000112914,0.00232444,25.7396,0.023013
2024-08-06 00:00:00+00:00,-0.00636243,0.986879,0.238224,0.020278,-0.00854256,0.0402856,1.28905e-05,1.67498e-06,3.20472e-06,5.31191e-05,-0.00641213,26,0.0224887
2024-08-07 00:00:00+00:00,0.00103815,0.987904,0.24682,0.0244511,-0.00600865,0.0308207,9.86156e-06,1.23269e-06,1.8875e-06,4.43373e-05,0.00101303,26,0.0220119
2024-08-08 00:00:00+00:00,0.00288655,0.990755,0.257669,0.0288792,-0.00200666,0.0635245,2.03259e-05,3.03631e-06,4.51498e-06,3.92402e-05,0.00287936,26,0.0229467
2024-08-09 00:00:00+00:00,-0.000895099,0.989868,0.268502,0.0243529,-0.00774479,0.0405341,1.29702e-05,1.62127e-06,2.20849e-06,9.38513e-06,-0.000883986,26,0.0239543
2024-08-10 00:00:00+00:00,-0.00273039,0.987166,0.281714,0.0255599,-0.00923879,0,0,0,0,-4.39551e-05,-0.00268641,26,0.0245119
2024-08-11 00:00:00+00:00,0.00514812,0.992248,0.268026,0.0374831,0.00105182,0.0182158,5.8298e-06,7.28725e-07,1.27294e-06,5.5286e-07,0.00514423,26,0.0250399
2024-08-12 00:00:00+00:00,-0.00630387,0.985993,0.264479,0.0360384,-0.00232239,0.0149669,4.79027e-06,5.98784e-07,1.31541e-06,-1.40263e-05,-0.00629767,25,0.0254496
2024-08-13 00:00:00+00:00,-0.00106996,0.984938,0.274954,0.0304789,-0.0103812,0.0239535,7.66392e-06,9.57991e-07,2.1868e-06,1.01697e-05,-0.00106547,25.4688,0.0261867
2024-08-14 00:00:00+00:00,0.00420914,0.989084,0.29994,0.0239111,-0.0193138,0.070568,2.25809e-05,2.82261e-06,4.6127e-06,1.06296e-05,0.00422581,26,0.027541
2024-08-15 00:00:00+00:00,0.00244174,0.991499,0.302077,0.0325915,-0.0115319,0.0117422,3.75831e-06,1.25351e-06,5.4523e-07,-2.88863e-05,0.00247967,26,0.0283438
2024-08-16 00:00:00+00:00,0.00196857,0.99345,0.316592,0.0335292,-0.0131774,0.0769468,2.46229e-05,3.12087e-06,7.12823e-06,2.21451e-05,0.00198687,26.6146,0.0307191
2024-08-17 00:00:00+00:00,0.000147581,0.993597,0.337306,0.0315349,-0.0219734,0.0616007,1.9711e-05,2.72805e-06,5.48144e-06,1.5477e-05,0.000169785,27,0.0315093
2024-08-18 00:00:00+00:00,-0.00036011,0.993239,0.341364,0.032787,-0.0246163,0.0237591,7.60196e-06,2.12064e-06,2.48162e-06,4.57433e-05,-0.000388122,27,0.0316294
2024-08-19 00:00:00+00:00,0.00371268,0.996927,0.358447,0.00469411,-0.0292888,0.148954,4.76716e-05,1.0725e-05,1.45586e-05,5.24531e-06,0.00377872,26.6146,0.0317371
2024-08-20 00:00:00+00:00,0.000462641,0.997388,0.356116,0.0367515,-0.0223736,0.0696056,2.22732e-05,2.78415e-06,2.84745e-06,2.54981e-05,0.000468689,27,0.031504
2024-08-21 00:00:00+00:00,0.00215596,0.999538,0.359439,0.0402929,-0.0231686,0.0239511,7.66484e-06,1.17664e-06,8.7278e-07,1.39113e-05,0.00215242,27,0.0301894
2024-08-22 00:00:00+00:00,-0.000175756,0.999363,0.358383,0.047155,-0.0190022,0,0,0,0,1.59349e-05,-0.000189111,27,0.0298347
2024-08-23 00:00:00+00:00,-0.00873209,0.990636,0.373051,0.0309416,-0.0378655,0.0275969,8.82975e-06,1.75808e-06,1.48814e-06,4.09095e-05,-0.0087913,27,0.028911
2024-08-24 00:00:00+00:00,-0.00178509,0.988868,0.408843,0.0174309,-0.0562518,0.0617098,1.97476e-05,2.46845e-06,5.65193e-06,3.9577e-05,-0.00178833,27,0.0275313
2024-08-25 00:00:00+00:00,0.00275514,0.991592,0.40991,0.0228702,-0.0383532,0.110245,3.52806e-05,4.41007e-06,9.69241e-06,4.37114e-05,0.002766,27,0.0284119
2024-08-26 00:00:00+00:00,0.00801407,0.999539,0.327641,0.0194297,-0.05472,0.18945,6.06171e-05,1.93363e-05,2.13277e-05,2.17113e-05,0.00806793,21.9375,0.0294434
2024-08-27 00:00:00+00:00,-0.00642542,0.993117,0.362156,0.0634868,-0.0301738,0.0673287,2.15468e-05,2.69335e-06,3.90903e-06,9.99352e-06,-0.00641959,23,0.0304488
2024-08-28 00:00:00+00:00,-0.000775316,0.992347,0.360873,0.0668274,-0.00905696,0.0236795,7.57608e-06,9.79024e-07,1.9073e-06,-6.30004e-07,-0.000733041,23.4167,0.0298121
2024-08-29 00:00:00+00:00,0.00124444,0.993581,0.368319,0.0777529,0.000222949,0.0244109,7.81251e-06,7.90074e-06,1.46204e-06,-7.31776e-06,0.00127031,24,0.0305522
2024-08-30 00:00:00+00:00,0.00164693,0.995218,0.355368,0.0808898,0.00888108,0.0174918,5.5968e-06,2.16955e-06,1.0171e-06,-6.75356e-06,0.00166391,24,0.0309404
2024-08-31 00:00:00+00:00,-0.00196803,0.993259,0.340813,0.0707522,0.00555895,0,0,0,0,8.09193e-06,-0.00197715,24,0.0315666
2024-09-01 00:00:00+00:00,0.000841982,0.994096,0.336623,0.0670431,0.00320512,0.00438262,1.40247e-06,1.75308e-07,1.42063e-07,4.40071e-05,0.000801141,24,0.0318385
2024-09-02 00:00:00+00:00,0.00174819,0.995833,0.389064,0.0554151,-0.0111078,0.184969,5.92018e-05,2.76392e-05,2.33143e-05,-4.08536e-06,0.00186481,22.9792,0.0332269
2024-09-03 00:00:00+00:00,0.00360865,0.999427,0.367569,0.0400504,-0.0267431,0.0378579,1.21152e-05,2.85569e-06,1.99175e-06,-1.23833e-05,0.00363567,23,0.0320811
2024-09-04 00:00:00+00:00,-0.000181859,0.999245,0.325573,0.0392187,-0.0212637,0.171827,5.49867e-05,7.25337e-06,1.75025e-05,-3.1868e-05,-6.45834e-05,23.1979,0.0321528
2024-09-05 00:00:00+00:00,-0.000634936,0.998611,0.291837,0.0757357,0.00445989,0.0546073,1.74758e-05,3.63937e-06,4.51589e-06,-3.27664e-06,-0.000605069,24,0.0312637
2024-09-06 00:00:00+00:00,-0.00224963,0.996364,0.287273,0.0594893,-0.0122094,0.0451421,1.44457e-05,1.80571e-06,3.06711e-06,-5.40202e-06,-0.00222025,24,0.0301235
2024-09-07 00:00:00+00:00,-0.000411348,0.995954,0.300653,0.0587896,-0.0111203,0.0174431,5.58083e-06,6.97603e-07,1.05889e-06,-5.86945e-06,-0.00039442,24,0.0296646
2024-09-08 00:00:00+00:00,0.000867797,0.996819,0.30436,0.0582731,-0.0151777,0.011958,3.82663e-06,4.78328e-07,4.45147e-07,-1.83158e-05,0.000893841,24,0.0294655
2024-09-09 00:00:00+00:00,-0.0019,0.994925,0.309588,0.0539928,-0.0105436,0.0971582,3.10899e-05,6.97257e-06,8.76658e-06,3.45154e-05,-0.0018862,24.6354,0.028197
2024-09-10 00:00:00+00:00,-0.00330547,0.991636,0.336241,0.0326696,-0.0336162,0.0411906,1.31815e-05,1.64769e-06,3.72051e-06,4.12364e-06,-0.00329153,25,0.0261925
2024-09-11 00:00:00+00:00,0.000625003,0.992256,0.340487,0.0686739,0.0121701,0.0207835,6.64995e-06,8.31243e-07,1.45451e-06,0.000112198,0.000527224,25,0.0260982
2024-09-12 00:00:00+00:00,0.00141307,0.993658,0.363101,0.0525404,-0.00541243,0.0157155,5.02801e-06,6.28502e-07,7.66406e-07,0.000461834,0.000965393,25,0.0242399
2024-09-13 00:00:00+00:00,0.0037456,0.99738,0.34808,0.0368673,-0.0259885,0.0323742,1.03639e-05,1.27698e-05,3.00423e-06,0.000312781,0.00345894,25,0.0241212
2024-09-14 00:00:00+00:00,-0.00329662,0.994092,0.347414,0.0305119,-0.0388449,0,0,0,0,2.77427e-05,-0.00332256,25,0.0235174
2024-09-15 00:00:00+00:00,0.000940336,0.995027,0.349749,0.0226262,-0.0545012,0.0159923,5.11863e-06,4.76548e-06,1.44328e-06,-0.000111625,0.00106898,25,0.0222389
2024-09-16 00:00:00+00:00,0.000408941,0.995434,0.294555,0.0443311,-0.0228504,0.0456624,1.46184e-05,1.74066e-05,9.29393e-06,-0.000100567,0.000553982,23,0.020819
2024-09-17 00:00:00+00:00,-0.00240597,0.993039,0.29879,0.0442912,-0.0202595,0.00227043,7.26238e-07,9.07797e-08,1.24343e-07,-9.31762e-05,-0.00231192,23,0.0214706
2024-09-18 00:00:00+00:00,-0.00528803,0.987787,0.301918,0.041854,-0.0260093,0,0,0,0,-7.49366e-05,-0.00522114,23,0.0210157
2024-09-19 00:00:00+00:00,-0.00848319,0.979408,0.326241,0.0352954,-0.0442932,0.0116984,3.74396e-06,1.96447e-06,7.30948e-07,-0.000109934,-0.00839413,23,0.0209985
2024-09-20 00:00:00+00:00,-0.00060397,0.978816,0.320556,0.0549631,-0.027295,0.0180219,5.76778e-06,1.63784e-06,1.00836e-06,-9.80194e-06,-0.000579407,23,0.021732
2024-09-21 00:00:00+00:00,0.00297323,0.981726,0.316769,0.0617666,-0.0205255,0.0211025,6.7518e-06,8.43975e-07,1.54096e-06,1.75866e-05,0.00296332,23,0.0218026
2024-09-22 00:00:00+00:00,-0.00041541,0.981319,0.329881,0.0425751,-0.0377841,0,0,0,0,3.74334e-05,-0.000445899,23,0.0221452
2024-09-23 00:00:00+00:00,-0.00124059,0.980101,0.279213,0.0290058,-0.0231211,0.090715,2.903e-05,1.4172e-05,5.94359e-06,-6.54815e-05,-0.00112012,22.9479,0.0224241
2024-09-24 00:00:00+00:00,-0.00278135,0.977375,0.2724,0.0414879,-0.00727512,0,0,0,0,-2.00201e-06,-0.00278137,23,0.0205435
2024-09-25 00:00:00+00:00,-0.00382712,0.973635,0.278418,0.031158,-0.0240755,0.00802931,2.56935e-06,3.21169e-07,8.32855e-07,1.06355e-05,-0.00383568,23,0.0197358
2024-09-26 00:00:00+00:00,-0.0017057,0.971974,0.286893,0.0261912,-0.0336004,0.00669142,2.14179e-06,5.54407e-07,3.14331e-07,-1.57037e-06,-0.00169788,22.9896,0.020002
2024-09-27 00:00:00+00:00,-0.00624658,0.965902,0.298223,0.0338154,-0.0274199,0.0446142,1.42763e-05,2.56686e-06,3.10228e-06,-7.76109e-05,-0.00616064,23.0312,0.0186294
2024-09-28 00:00:00+00:00,0.000689308,0.966568,0.299476,0.03189,-0.0334179,0.0232655,7.44187e-06,9.30233e-07,2.15833e-06,9.48897e-06,0.000695781,24,0.0180131
2024-09-29 00:00:00+00:00,-0.000807546,0.965788,0.293347,0.0348039,-0.0336866,0,0,0,0,-1.19984e-06,-0.000801461,24,0.0185048
2024-09-30 00:00:00+00:00,-0.00118387,0.964644,0.289256,0.0327791,-0.037064,0,0,0,0,-4.96719e-06,-0.00117321,24,0.0182632
2024-10-01 00:00:00+00:00,0.00226939,0.966833,0.277161,0.0372486,-0.0268691,0.0200515,6.41605e-06,8.02006e-07,1.26727e-06,-6.40206e-06,0.00228801,24,0.0180339
2024-10-02 00:00:00+00:00,-0.00026677,0.966576,0.24916,0.0579011,0.00323938,0.0313678,1.00376e-05,1.2547e-06,2.12482e-06,1.1498e-05,-0.000261268,24.1562,0.0190844
2024-10-03 00:00:00+00:00,0.00683921,0.973186,0.273174,0.0629723,0.00826881,0.187921,6.01429e-05,7.51786e-06,1.16454e-05,1.10139e-05,0.00688709,27.1562,0.0208703
2024-10-04 00:00:00+00:00,-0.00103695,0.972177,0.288751,0.0625355,0.00405887,0.0160182,5.1266e-06,6.40825e-07,1.47735e-06,-2.20337e-05,-0.00100633,28,0.0214511
2024-10-05 00:00:00+00:00,-0.000207103,0.971976,0.287249,0.0539949,-0.00970167,0.0120069,3.84273e-06,4.80341e-07,4.06123e-07,1.08836e-06,-0.000201741,28,0.020928
2024-10-06 00:00:00+00:00,-0.00249915,0.969547,0.281613,0.0499523,-0.0174795,0.00229772,7.35261e-07,9.19076e-08,9.05285e-08,-5.96423e-06,-0.00249276,28,0.0209987
2024-10-07 00:00:00+00:00,-3.43995e-05,0.969513,0.282857,0.058206,-0.0164969,0.0248346,7.94672e-06,9.9334e-07,1.22541e-06,8.71481e-06,-3.01894e-05,26,0.0205386
2024-10-08 00:00:00+00:00,0.00304002,0.972461,0.274033,0.0565411,-0.0124345,0.0349157,1.11749e-05,1.39686e-06,1.62888e-06,-3.00908e-06,0.00305486,26.7083,0.0204549
2024-10-09 00:00:00+00:00,0.000453508,0.972902,0.276931,0.0479085,-0.0185165,0.00768914,2.46047e-06,3.07558e-07,3.08414e-07,1.7849e-05,0.000442511,27,0.020887
2024-10-10 00:00:00+00:00,-0.000440969,0.972473,0.262285,0.0559063,-0.00927442,0,0,0,0,-1.14366e-05,-0.000426127,27,0.0208891
2024-10-11 00:00:00+00:00,-0.0026959,0.969851,0.270264,0.0526468,-0.0142419,0.00597798,1.91362e-06,2.39202e-07,4.65321e-07,-1.65655e-05,-0.00267728,27,0.0204494
2024-10-12 00:00:00+00:00,-0.00167203,0.968229,0.279647,0.0470304,-0.0240022,0.0149574,4.78573e-06,6.55655e-07,8.39501e-07,-2.01386e-06,-0.00166276,27,0.0198863
2024-10-13 00:00:00+00:00,-0.000414125,0.967828,0.282181,0.0442444,-0.0277084,0,0,0,0,-3.33186e-07,-0.000410831,27,0.0192058
2024-10-14 00:00:00+00:00,-0.00228794,0.965614,0.291352,0.0576439,-0.0207025,0.0448525,1.43532e-05,1.79415e-06,4.87442e-06,0.000543006,-0.00280648,26.3438,0.0185252
2024-10-15 00:00:00+00:00,-0.00922813,0.956703,0.297471,0.061174,-0.00997462,0.0370181,1.18451e-05,1.48064e-06,3.49757e-06,0.000159777,-0.00940403,27,0.0171649
2024-10-16 00:00:00+00:00,0.00249563,0.959091,0.279511,0.0707406,0.000973854,0.0363425,1.16305e-05,1.45382e-06,4.91877e-06,2.35573e-05,0.0024936,27,0.0158818
2024-10-17 00:00:00+00:00,0.00125283,0.960292,0.27512,0.0692433,-0.00514597,0,0,0,0,8.13498e-06,0.00124679,27,0.0166679
2024-10-18 00:00:00+00:00,-0.00227758,0.958105,0.285405,0.0594103,-0.0152225,0.00910342,2.91266e-06,3.64082e-07,5.47814e-07,-1.23424e-05,-0.00225916,27,0.0176104
2024-10-19 00:00:00+00:00,0.000510189,0.958594,0.287925,0.0582944,-0.0168086,0,0,0,0,-5.91564e-06,0.000517143,27,0.0192383
2024-10-20 00:00:00+00:00,0.00207472,0.960583,0.288322,0.0599603,-0.0155948,0,0,0,0,-3.56152e-07,0.00207445,27,0.0202824
2024-10-21 00:00:00+00:00,0.00293713,0.963404,0.29726,0.0533964,-0.0251602,0.04863,1.55599e-05,1.94499e-06,4.95664e-06,3.3872e-06,0.00295382,26.9062,0.0205903
2024-10-22 00:00:00+00:00,-0.00374873,0.959793,0.292168,0.0560348,-0.0183448,0.0132418,4.23726e-06,5.29657e-07,8.3971e-07,1.78969e-05,-0.00376502,27,0.0204948
2024-10-23 00:00:00+00:00,-0.000747868,0.959075,0.289968,0.062819,-0.00894822,0.00258089,8.25871e-07,1.03234e-07,1.73735e-07,-2.80687e-06,-0.000741276,27,0.0190019
2024-10-24 00:00:00+00:00,0.001403,0.96042,0.292541,0.0632347,-0.00776622,0.00209461,6.7047e-07,8.38087e-08,1.28468e-07,1.22531e-05,0.00139347,27,0.0190765
2024-10-25 00:00:00+00:00,0.00651128,0.966674,0.288288,0.0568644,-0.0129414,0.0324047,1.03711e-05,1.29638e-06,1.90751e-06,-4.58336e-06,0.00651382,27,0.0208221
2024-10-26 00:00:00+00:00,0.000130539,0.9668,0.278238,0.0651781,-0.00750507,0.0607236,1.94328e-05,2.42911e-06,4.32116e-06,-1.62119e-05,0.00017747,27,0.0218445
2024-10-27 00:00:00+00:00,-0.00201505,0.964852,0.283565,0.0762866,0.00211482,0.0143255,4.58421e-06,5.73027e-07,5.52946e-07,-7.50436e-06,-0.00200138,27,0.0232
2024-10-28 00:00:00+00:00,0.00372402,0.968445,0.301656,0.064678,-0.0119464,0.0602612,1.92862e-05,2.41077e-06,2.982e-06,-1.64973e-05,0.00376359,25.6667,0.0238448
2024-10-29 00:00:00+00:00,0.00198951,0.970372,0.312925,0.0613186,-0.0148433,0.0782558,2.5045e-05,3.58114e-06,5.07328e-06,3.15977e-05,0.00199401,26,0.0246493
2024-10-30 00:00:00+00:00,0.00129565,0.971629,0.310199,0.0630489,-0.00619258,0.0318941,1.02072e-05,2.23341e-06,2.05659e-06,2.19842e-05,0.00129013,26,0.0255505
2024-10-31 00:00:00+00:00,-0.00100501,0.970653,0.342475,0.0492663,-0.0157383,0.0674487,2.15869e-05,4.71837e-06,4.19891e-06,7.2875e-05,-0.00104397,26,0.0256528
2024-11-01 00:00:00+00:00,0.00486181,0.975372,0.324289,0.044111,-0.0173586,0.0580673,1.8583e-05,2.75727e-06,3.68683e-06,4.07845e-05,0.00483912,26,0.0251343
2024-11-02 00:00:00+00:00,-0.000295207,0.975084,0.307401,0.0632622,0.00352819,0.0194757,6.2327e-06,7.79087e-07,1.18999e-06,5.6411e-05,-0.000340617,26,0.0258465
2024-11-03 00:00:00+00:00,0.00497869,0.979938,0.307268,0.0506721,-0.0162772,0.0223928,7.1673e-06,8.95913e-07,1.09368e-06,3.05708e-05,0.00495243,26.3438,0.0267019
2024-11-04 00:00:00+00:00,0.00283208,0.982714,0.290276,0.0537926,-0.0158978,0.039893,1.27661e-05,1.59576e-06,2.75684e-06,-3.90201e-07,0.00284994,27,0.0273359
2024-11-05 00:00:00+00:00,-0.00120665,0.981528,0.280502,0.052671,-0.0178246,0.00341782,1.09361e-06,1.36701e-07,8.15859e-08,-7.48729e-07,-0.00120283,27,0.0279148
2024-11-06 00:00:00+00:00,0.00010502,0.981631,0.324705,0.0697509,0.00091816,0.164918,5.27749e-05,6.59687e-06,9.15535e-06,5.08509e-06,0.000176375,27,0.0273155
2024-11-07 00:00:00+00:00,0.0089205,0.990388,0.34559,0.0608299,-0.000953016,0.195163,6.24629e-05,7.80786e-06,1.50752e-05,1.96359e-06,0.00898596,27,0.0259649
2024-11-08 00:00:00+00:00,0.00272188,0.993083,0.356197,0.0524661,-0.0104283,0.105051,3.3619e-05,4.20237e-06,5.61547e-06,5.79963e-05,0.00270946,26.9583,0.027148
2024-11-09 00:00:00+00:00,0.00904058,1.00206,0.357577,0.0375594,-0.0201216,0.0876732,2.80648e-05,3.5081e-06,5.57947e-06,5.45138e-05,0.00899158,27,0.026163
2024-11-10 00:00:00+00:00,-0.00362636,0.998428,0.345733,0.0408843,-0.0189102,0.0497733,1.59314e-05,2.61726e-06,3.44515e-06,4.22274e-05,-0.0036324,27.9583,0.0250525
2024-11-11 00:00:00+00:00,0.00808884,1.0065,0.352329,0.0611804,-0.0126622,0.301242,9.64086e-05,1.95438e-05,2.18994e-05,8.42256e-05,0.0081234,26.7708,0.0254757
2024-11-12 00:00:00+00:00,0.00188981,1.00841,0.391902,0.0345472,-0.010697,0.256554,8.20973e-05,1.44927e-05,2.03056e-05,1.44668e-05,0.00201842,27.3854,0.0257323
2024-11-13 00:00:00+00:00,0.000626515,1.00904,0.310287,0.0447195,-0.00521444,0.333039,0.000106559,1.96347e-05,2.7752e-05,3.4611e-05,0.00077284,28,0.0256867
2024-11-14 00:00:00+00:00,0.00551711,1.0146,0.277643,0.0453586,-0.00618296,0.285456,9.13643e-05,1.45003e-05,2.068e-05,7.45892e-05,0.00556956,27.875,0.0242726
2024-11-15 00:00:00+00:00,-0.00244134,1.01213,0.288675,0.0429327,-0.00211333,0.168606,5.39588e-05,1.82174e-05,1.22847e-05,5.35577e-05,-0.00239995,27.7708,0.0240584
2024-11-16 00:00:00+00:00,-0.00386022,1.00822,0.325236,0.0384472,-0.000479497,0.15392,4.92583e-05,7.17743e-06,7.82636e-06,7.90337e-05,-0.00386651,27.8438,0.0239206
2024-11-17 00:00:00+00:00,0.00248768,1.01073,0.27949,0.0471911,0.000533857,0.116734,3.736e-05,1.17112e-05,5.51057e-06,8.13099e-05,0.0024626,28,0.0233494
2024-11-18 00:00:00+00:00,0.00232612,1.01308,0.255161,0.0473446,-0.00204591,0.13018,4.166e-05,1.452e-05,1.06706e-05,5.03154e-05,0.0023474,26.6458,0.024455
2024-11-19 00:00:00+00:00,0.00133994,1.01444,0.279453,0.0577021,-0.0041358,0.130859,4.18836e-05,1.17701e-05,8.22158e-06,2.12428e-05,0.00140302,27,0.0255108
2024-11-20 00:00:00+00:00,0.00108399,1.01554,0.299715,0.0576701,0.00255866,0.074161,2.37329e-05,1.06351e-05,5.80793e-06,-2.13281e-05,0.00115009,27,0.026565
2024-11-21 00:00:00+00:00,0.00678633,1.02243,0.281977,0.0545882,-0.00274388,0.114358,3.65932e-05,1.99498e-05,2.29654e-06,-1.55116e-05,0.0068434,27,0.0278826
2024-11-22 00:00:00+00:00,-0.00602476,1.01627,0.285584,0.0469608,-0.00573047,0.0818592,2.61836e-05,1.7483e-05,1.84196e-06,2.72472e-07,-0.0059853,27,0.0282607
2024-11-23 00:00:00+00:00,-0.00865297,1.00747,0.28492,0.0697875,0.00796967,0.0597871,1.91317e-05,5.14261e-06,1.88586e-06,6.77822e-06,-0.00866465,27,0.026209
2024-11-24 00:00:00+00:00,-0.00413005,1.00331,0.289177,0.0772941,0.00279743,0.0156694,5.0162e-06,2.65717e-06,6.58673e-07,-2.83391e-05,-0.00409094,27,0.0253777
2024-11-25 00:00:00+00:00,-0.00221992,1.00109,0.321161,0.0814325,0.00276809,0.148337,4.7474e-05,3.18875e-05,1.26842e-05,-2.44348e-05,-0.00209409,25,0.0257127
2024-11-26 00:00:00+00:00,0.000355937,1.00144,0.321269,0.0719769,0.00451725,0.114887,3.67663e-05,1.77969e-05,5.94527e-06,-3.4315e-05,0.000457081,25,0.0263515
2024-11-27 00:00:00+00:00,0.00535799,1.00681,0.324495,0.0608416,-0.00511047,0.16075,5.14432e-05,1.29187e-05,8.25372e-06,3.95554e-06,0.00542037,25,0.0277839
2024-11-28 00:00:00+00:00,-0.00359933,1.00318,0.304219,0.063686,0.000567443,0.00397108,1.27077e-06,1.58847e-07,1.79436e-07,-8.2825e-06,-0.0035916,25,0.0282243
2024-11-29 00:00:00+00:00,0.00644757,1.00965,0.304717,0.0538582,-0.012746,0.0944495,3.0229e-05,2.26853e-05,3.85486e-06,1.52596e-05,0.00647307,25,0.0273299
2024-11-30 00:00:00+00:00,-0.00434716,1.00526,0.287809,0.0484579,-0.0145858,0.0510105,1.63238e-05,2.04048e-06,1.24309e-06,2.03374e-05,-0.0043524,25,0.0276794
2024-12-01 00:00:00+00:00,0.000380904,1.00565,0.34334,0.0492527,-0.010311,0.18641,5.9663e-05,1.08639e-05,9.0476e-06,2.1416e-05,0.000449549,25.125,0.0277566
2024-12-02 00:00:00+00:00,-0.00929867,0.996296,0.375766,0.0445682,-0.0239571,0.316659,0.000101341,2.08902e-05,1.76594e-05,1.8709e-05,-0.00918214,26.6875,0.026435
2024-12-03 00:00:00+00:00,0.00259024,0.998876,0.353505,0.0561518,-0.012513,0.276233,8.83985e-05,1.23339e-05,1.8897e-05,2.97588e-05,0.00269301,28,0.0238215
2024-12-04 00:00:00+00:00,-0.000475493,0.998401,0.364661,0.0597956,-0.00310024,0.175399,5.61352e-05,7.02166e-06,6.79007e-06,5.37348e-05,-0.000443178,28.5625,0.022217
2024-12-05 00:00:00+00:00,0.00362769,1.00202,0.335806,0.050597,-0.00636989,0.219445,7.02423e-05,8.78028e-06,7.38827e-06,9.58184e-05,0.00362435,29,0.0223748
2024-12-06 00:00:00+00:00,0.00454472,1.00658,0.314084,0.0440658,-0.00556241,0.193887,6.20473e-05,1.23108e-05,9.32653e-06,5.30145e-05,0.00457268,29,0.0231544
2024-12-07 00:00:00+00:00,0.00505934,1.01167,0.308751,0.041684,-0.0100574,0.132675,4.24622e-05,5.30777e-06,4.49839e-06,7.33285e-05,0.00502988,29,0.023844
2024-12-08 00:00:00+00:00,0.00133943,1.01302,0.276426,0.040069,-0.0134071,0.0760077,2.4325e-05,3.04062e-06,2.27018e-06,7.05802e-05,0.00129995,29,0.0241127
2024-12-09 00:00:00+00:00,0.00148298,1.01453,0.287705,0.0597831,0.00411384,0.288479,9.23205e-05,1.16524e-05,1.42349e-05,-9.97128e-06,0.00162132,28.6146,0.0251101
2024-12-10 00:00:00+00:00,0.00106929,1.01561,0.248376,0.0177623,-0.00100284,0.181945,5.82248e-05,7.2781e-06,7.17563e-06,-1.08192e-06,0.0011481,28.9792,0.0257232
2024-12-11 00:00:00+00:00,0.000965356,1.01659,0.304548,0.0247496,-0.00410448,0.17746,5.67889e-05,7.09861e-06,5.10578e-06,-1.79139e-06,0.00103839,29,0.0267497
2024-12-12 00:00:00+00:00,-0.00229462,1.01426,0.324937,0.0236638,-0.0144368,0.0783755,2.50847e-05,3.13559e-06,2.6113e-06,-9.91464e-06,-0.00225082,29,0.0267659
2024-12-13 00:00:00+00:00,0.00141547,1.0157,0.330986,0.03199,-0.00781844,0.0836458,2.67657e-05,3.34571e-06,3.28658e-06,-1.41354e-05,0.00146572,29,0.0268249
2024-12-14 00:00:00+00:00,0.00142365,1.01714,0.347178,0.0306886,-0.0127275,0.0949116,3.03726e-05,3.79657e-06,2.36335e-06,-7.50353e-05,0.0015367,29,0.0285263
2024-12-15 00:00:00+00:00,-0.000829962,1.0163,0.367253,0.0354301,-0.008777,0.128958,4.12641e-05,7.37974e-06,5.91282e-06,-9.21405e-07,-0.000769143,29,0.0298934
2024-12-16 00:00:00+00:00,0.00551788,1.0219,0.394989,0.0392018,0.00421251,0.370548,0.000118618,2.09404e-05,2.62812e-05,-2.89416e-05,0.00571106,28.9896,0.031421
2024-12-17 00:00:00+00:00,0.00639652,1.02844,0.327587,0.0179505,-0.0121902,0.0592868,1.89678e-05,9.08298e-06,4.31751e-06,-7.20188e-06,0.00642149,29,0.0320238
2024-12-18 00:00:00+00:00,0.00100295,1.02947,0.316727,0.0349975,-0.00467193,0.125206,4.00683e-05,9.58668e-06,5.47747e-06,-4.54386e-06,0.00106746,29,0.0323099
2024-12-19 00:00:00+00:00,-0.000872144,1.02858,0.364893,0.0185443,-0.00725963,0.473526,0.000151531,3.09726e-05,2.6471e-05,-3.60931e-05,-0.000615543,29,0.0322998
2024-12-20 00:00:00+00:00,-0.00528577,1.02314,0.422978,0.00131999,-0.00694449,0.362294,0.000115928,1.93237e-05,1.93324e-05,-8.59004e-05,-0.00504112,29,0.0325813
2024-12-21 00:00:00+00:00,0.00669663,1.02999,0.418766,0.0326469,-0.0023923,0.350804,0.000112273,2.89162e-05,1.28763e-05,-6.20454e-06,0.0068469,29,0.0322313
2024-12-22 00:00:00+00:00,-0.000860613,1.0291,0.380334,0.0438048,-0.00155762,0.109872,3.5157e-05,1.6961e-05,4.91582e-06,-2.70817e-05,-0.000770867,29,0.0329985
2024-12-23 00:00:00+00:00,-0.00942384,1.01941,0.393892,0.0241921,-0.0163736,0.151752,4.8569e-05,2.47613e-05,1.84258e-05,1.0722e-05,-0.00937733,28,0.0323518
2024-12-24 00:00:00+00:00,0.00669591,1.02623,0.376537,0.0246632,-0.0145363,0.11103,3.55357e-05,8.39795e-06,4.60429e-06,-1.24904e-06,0.00673233,28,0.0310678
2024-12-25 00:00:00+00:00,0.00347114,1.02979,0.361596,0.0506129,0.00370246,0.125984,4.03196e-05,6.96972e-06,5.46295e-06,-1.01911e-05,0.00353239,28,0.032646
2024-12-26 00:00:00+00:00,0.000823753,1.03064,0.380785,0.0708193,0.0176188,0.10527,3.36845e-05,4.21057e-06,3.65418e-06,-1.42888e-05,0.000882293,28.1667,0.0347858
2024-12-27 00:00:00+00:00,-0.000400677,1.03023,0.415589,0.0621506,-0.00118725,0.0460507,1.47303e-05,3.49998e-06,2.87913e-06,-8.62094e-06,-0.000364629,29,0.0342221
2024-12-28 00:00:00+00:00,-0.000285853,1.02993,0.403149,0.060397,-0.00341117,0.0487086,1.55891e-05,1.94863e-06,1.97506e-06,5.16211e-06,-0.000262839,29,0.0335027
2024-12-29 00:00:00+00:00,0.00240922,1.03242,0.367319,0.0374855,-0.0249216,0.0180691,5.7822e-06,7.22775e-07,8.55509e-07,2.12599e-06,0.00241516,29,0.033583
2024-12-30 00:00:00+00:00,0.00110958,1.03356,0.333008,0.0462281,-0.0139088,0.222338,7.11422e-05,9.82124e-06,1.41843e-05,5.43787e-05,0.00115444,27.7708,0.0327643
2024-12-31 00:00:00+00:00,-0.00391758,1.02951,0.420982,0.0589144,0.00771423,0.165508,5.29544e-05,6.86877e-06,7.79506e-06,-1.40819e-05,-0.00383493,27,0.0333645
2025-01-01 00:00:00+00:00,-0.0030544,1.02637,0.395847,0.0568719,0.00457544,0.0991961,3.17455e-05,3.96819e-06,4.77331e-06,-2.31893e-05,-0.00298421,27,0.0324013
2025-01-02 00:00:00+00:00,0.00423654,1.03072,0.387316,0.0580101,0.00591293,0.0855103,2.73672e-05,8.61279e-06,4.31267e-06,-2.15526e-05,0.0042968,27.375,0.0311584
2025-01-03 00:00:00+00:00,-0.00752912,1.02296,0.40486,0.0412573,-0.00939075,0.0323864,1.03616e-05,3.06657e-06,1.10963e-06,-0.000138079,-0.00739684,27.9375,0.0294023
2025-01-04 00:00:00+00:00,0.00210636,1.02511,0.408069,0.0475189,-0.0155485,0.116102,3.71621e-05,6.78056e-06,4.81276e-06,-1.28263e-06,0.00215998,28,0.0291139
2025-01-05 00:00:00+00:00,-0.00263439,1.02241,0.392609,0.0510483,-0.0136888,0.00536018,1.71566e-06,2.14458e-07,9.07058e-08,1.4625e-05,-0.0026485,28,0.0296182
2025-01-06 00:00:00+00:00,0.00505836,1.02758,0.467014,0.0841583,0.0191109,0.222646,7.1264e-05,8.908e-06,1.59402e-05,4.38889e-05,0.0051047,27.9896,0.0285544
2025-01-07 00:00:00+00:00,0.00049513,1.02809,0.434213,0.0498013,-0.00408817,0.140007,4.47991e-05,5.59988e-06,6.28363e-06,-8.93537e-05,0.000648763,28,0.0280697
2025-01-08 00:00:00+00:00,0.004816,1.03304,0.373872,0.0428563,-0.0032602,0.080033,2.56134e-05,3.6838e-06,3.37305e-06,-2.18057e-05,0.00486301,28,0.0276465
2025-01-09 00:00:00+00:00,-0.00411754,1.02879,0.354744,0.054169,0.00484873,0.0501681,1.60542e-05,2.53525e-06,3.05301e-06,7.34003e-06,-0.00410893,28,0.0271391
2025-01-10 00:00:00+00:00,0.000332282,1.02913,0.347179,0.0374321,-0.00802692,0.0385375,1.23334e-05,1.54168e-06,2.2285e-06,1.8298e-05,0.000333117,28,0.0274736
2025-01-11 00:00:00+00:00,-0.00444141,1.02456,0.344493,0.0285795,-0.0148498,0.0561322,1.79609e-05,2.24511e-06,2.93308e-06,-9.23551e-05,-0.00433159,28,0.027283
2025-01-12 00:00:00+00:00,0.00481578,1.02949,0.35613,0.0173017,-0.0285869,0.0122724,3.92786e-06,4.90983e-07,3.36283e-07,-1.15244e-05,0.00482434,28.1042,0.0273885
2025-01-13 00:00:00+00:00,0.0046504,1.03428,0.352196,0.0411934,-0.00872602,0.163479,5.23187e-05,8.95113e-06,1.17425e-05,5.41447e-05,0.00466688,28.6042,0.0289269
2025-01-14 00:00:00+00:00,-0.00427819,1.02986,0.403459,0.0438454,-0.0198668,0.0485926,1.555e-05,1.94376e-06,3.79679e-06,2.6477e-05,-0.00428479,29.0312,0.0283462
2025-01-15 00:00:00+00:00,-0.000567871,1.02927,0.435007,0.0618582,0.00782837,0.0944805,3.02375e-05,3.93741e-06,6.80718e-06,0.000135906,-0.000650226,30,0.0276916
2025-01-16 00:00:00+00:00,-0.00313574,1.02604,0.434106,0.0432369,-0.00738439,0.140759,4.50458e-05,5.63073e-06,8.54151e-06,0.000152801,-0.00321613,30,0.0272658
2025-01-17 00:00:00+00:00,0.00553023,1.03172,0.492174,0.0612153,-3.98942e-05,0.200793,6.42565e-05,9.60376e-06,1.33845e-05,0.00028973,0.00532654,30,0.0276741
2025-01-18 00:00:00+00:00,0.00323184,1.03505,0.513978,0.0537514,0.00725691,0.507208,0.000162314,2.02893e-05,2.92188e-05,0.000955805,0.00250619,30,0.0278266
2025-01-19 00:00:00+00:00,-0.000200709,1.03484,0.54878,0.0407575,-0.00878829,0.198623,6.35674e-05,7.94593e-06,1.21003e-05,-3.60238e-05,-5.91265e-05,30,0.0265129
2025-01-20 00:00:00+00:00,0.00230429,1.03723,0.496812,0.040299,0.00108828,0.392141,0.000125495,1.8689e-05,3.29703e-05,-1.81137e-05,0.00251491,29,0.0267169
2025-01-21 00:00:00+00:00,0.000636296,1.03789,0.46477,0.0404959,-0.00530099,0.0785918,2.51515e-05,3.31174e-06,4.48919e-06,1.16004e-05,0.000672787,29,0.027863
2025-01-22 00:00:00+00:00,-0.000478375,1.03739,0.473116,0.0462413,-0.00924427,0.0508786,1.62823e-05,2.57376e-06,2.46281e-06,6.06651e-06,-0.000448979,29,0.0280547
2025-01-23 00:00:00+00:00,0.00379989,1.04133,0.459033,0.0425793,-0.0155868,0.0827873,2.64919e-05,5.12245e-06,1.30771e-05,6.16912e-05,0.00379268,29,0.0280078
2025-01-24 00:00:00+00:00,0.00254184,1.04398,0.473416,0.0643019,-0.00705343,0.120571,3.85911e-05,5.49449e-06,5.16209e-06,-3.11277e-06,0.00260133,29,0.0290676
2025-01-25 00:00:00+00:00,-0.000598276,1.04336,0.495633,0.0460556,-0.0130827,0.0701233,2.2437e-05,2.80463e-06,3.53698e-06,-4.03989e-05,-0.000523244,29,0.0297106
2025-01-26 00:00:00+00:00,-0.00134943,1.04195,0.492865,0.0499104,-0.0103536,0.00596305,1.90881e-06,2.38601e-07,2.31482e-07,-4.80473e-05,-0.00129514,29,0.0294167
2025-01-27 00:00:00+00:00,0.00275808,1.04482,0.461824,0.027774,-0.0246276,0.0798304,2.55527e-05,6.90519e-06,1.02583e-05,-4.53835e-05,0.00285405,30,0.0282257
2025-01-28 00:00:00+00:00,0.00705324,1.05219,0.461638,0.0371422,-0.0140691,0.0471714,1.50949e-05,6.24175e-06,4.16233e-06,-6.61352e-05,0.007128,30,0.0276824
2025-01-29 00:00:00+00:00,-0.00201099,1.05008,0.451326,0.0446632,-0.0210487,0.128697,4.11761e-05,1.11434e-05,1.13096e-05,-9.98826e-06,-0.00191929,29.6979,0.0267061
2025-01-30 00:00:00+00:00,-0.00425837,1.0456,0.468405,0.0494031,-0.016315,0.00532587,1.70418e-06,1.6538e-06,2.96257e-07,-1.59425e-05,-0.00424043,30,0.0262388
2025-01-31 00:00:00+00:00,-0.00111294,1.04444,0.46755,0.0533603,-0.0139634,0.017494,5.59752e-06,2.25383e-06,8.0036e-07,5.46144e-06,-0.00110467,30,0.0265167
2025-02-01 00:00:00+00:00,0.00350954,1.04811,0.448553,0.0628944,-0.00443245,0.0546856,1.75005e-05,2.18757e-06,3.56235e-06,8.62456e-07,0.00352895,30,0.027941
2025-02-02 00:00:00+00:00,-0.00516007,1.0427,0.461895,0.0586847,0.00115719,0.0344626,1.10265e-05,1.37832e-06,2.73622e-06,-9.36911e-06,-0.00513863,30,0.0287628
2025-02-03 00:00:00+00:00,-0.00543548,1.03703,0.427149,0.0489019,-0.0057537,0.199244,6.37685e-05,9.61831e-06,2.18392e-05,-4.10586e-05,-0.00526182,28.1042,0.0273665
2025-02-04 00:00:00+00:00,0.00181966,1.03892,0.465477,0.0621139,-0.00524541,0.12987,4.15659e-05,5.19574e-06,1.16086e-05,-1.75593e-05,0.00190873,29.8542,0.0284665
2025-02-05 00:00:00+00:00,0.00300943,1.04204,0.442451,0.0754142,0.000754134,0.129492,4.14361e-05,6.657e-06,8.61985e-06,-0.000222089,0.00329439,30,0.0286783
2025-02-06 00:00:00+00:00,0.00141846,1.04352,0.413509,0.0704931,-0.00132349,0.128132,4.10033e-05,5.12541e-06,9.04349e-06,-0.000207603,0.00168465,30,0.0289448
2025-02-07 00:00:00+00:00,-0.00377661,1.03958,0.403318,0.0657764,-0.00102711,0.0499988,1.60007e-05,2.00009e-06,3.00927e-06,-6.23169e-05,-0.00369618,30,0.0281687
2025-02-08 00:00:00+00:00,0.00269859,1.04239,0.396609,0.0683072,0.00125533,0.0472528,1.51216e-05,1.8902e-06,2.5772e-06,-9.39253e-06,0.00272638,30,0.0268225
2025-02-09 00:00:00+00:00,0.00237735,1.04486,0.393688,0.0736314,0.00545704,0.0183589,5.87561e-06,7.34452e-07,1.08316e-06,-4.23559e-06,0.00238983,30,0.026366
2025-02-10 00:00:00+00:00,-0.00229961,1.04246,0.405848,0.0538782,-0.0124266,0.0293195,9.38357e-06,1.17295e-06,1.47593e-06,-3.24661e-06,-0.00228157,29.3958,0.0261214
2025-02-11 00:00:00+00:00,-0.00380762,1.03849,0.41837,0.0595609,-0.0117223,0.0457116,1.46301e-05,1.82876e-06,2.61355e-06,3.56923e-05,-0.00382558,30,0.0248795
2025-02-12 00:00:00+00:00,0.00023218,1.03873,0.419758,0.0637132,-0.0147838,0.0547885,1.75356e-05,2.19195e-06,5.0712e-06,-2.96443e-05,0.0002924,30,0.02587
2025-02-13 00:00:00+00:00,5.82438e-05,1.03879,0.437067,0.0733428,-0.00909531,0.0328544,1.05124e-05,1.31405e-06,1.04358e-06,2.12095e-05,5.58175e-05,30,0.025328
2025-02-14 00:00:00+00:00,0.000251988,1.03906,0.457282,0.0744803,-0.0199837,0.0416317,1.3324e-05,4.69764e-06,2.4514e-06,3.05104e-06,0.000276747,30,0.0242715
2025-02-15 00:00:00+00:00,0.00578421,1.04507,0.438992,0.0834578,-0.0144166,0.00237443,7.59963e-07,9.49954e-08,4.99308e-08,1.82961e-05,0.00575343,30,0.0243395
2025-02-16 00:00:00+00:00,0.00277176,1.04796,0.428907,0.0843094,-0.013648,0.00874613,2.79974e-06,3.49967e-07,2.01998e-06,1.95697e-05,0.00275577,30,0.0244854
2025-02-17 00:00:00+00:00,0.000821695,1.04882,0.378759,0.0905299,0.0168539,0.0504169,1.61371e-05,1.2306e-05,7.25204e-06,-1.64622e-07,0.000858986,28,0.0227099
2025-02-18 00:00:00+00:00,7.89137e-05,1.04891,0.384329,0.0717222,0.00106656,0.0283644,9.07666e-06,5.1408e-06,1.98929e-06,-8.5851e-06,0.000107767,28.8229,0.0225044
2025-02-19 00:00:00+00:00,0.00300862,1.05206,0.39308,0.0644082,-0.00568661,0.00226328,7.24153e-07,9.05192e-08,1.03328e-07,4.93909e-06,0.00300364,29,0.0226535
2025-02-20 00:00:00+00:00,-0.00831731,1.04331,0.400011,0.0646399,-0.0077105,0,0,0,0,1.75558e-05,-0.00836457,29,0.0221025
2025-02-21 00:00:00+00:00,-0.00392913,1.03921,0.409831,0.0587156,-0.0170394,0.00201191,6.43287e-07,8.04108e-08,8.79925e-08,4.23077e-05,-0.00396672,29,0.0194391
2025-02-22 00:00:00+00:00,-0.00175499,1.03739,0.406658,0.0585015,-0.0199682,0.00260111,8.3234e-07,1.17823e-06,1.39695e-07,-3.90634e-06,-0.00174054,29,0.0175286
2025-02-23 00:00:00+00:00,0.00527524,1.04286,0.398237,0.066394,-0.0176337,0.00573283,1.83503e-06,2.29379e-07,4.79611e-07,3.78867e-05,0.00523179,29,0.0180075
2025-02-24 00:00:00+00:00,-0.00468684,1.03797,0.339265,0.0982037,0.00841444,0.0767472,2.4558e-05,5.28056e-06,9.55976e-06,1.44023e-06,-0.00465274,25,0.0180114
2025-02-25 00:00:00+00:00,-0.00745957,1.03023,0.330697,0.0772373,0.00793955,0.00716718,2.29406e-06,2.86757e-07,4.56555e-07,1.6202e-05,-0.00748908,25,0.0169241
2025-02-26 00:00:00+00:00,-0.0172624,1.01245,0.344752,0.064515,-0.00307258,0.00434236,1.38964e-06,1.73705e-07,1.28879e-07,2.29355e-05,-0.01742,25,0.0157532
2025-02-27 00:00:00+00:00,0.00566072,1.01818,0.347156,0.0574703,-0.00890388,0.00720161,2.30577e-06,2.88221e-07,9.57401e-07,2.75007e-05,0.00562848,25,0.0140426
2025-02-28 00:00:00+00:00,-0.00569133,1.01238,0.331986,0.0564614,0.00281584,0.00925322,2.96203e-06,3.70254e-07,8.64048e-07,1.30693e-05,-0.00569333,25,0.0129569
2025-03-01 00:00:00+00:00,0.00679316,1.01926,0.336332,0.0612927,0.00432223,0.0043195,1.38323e-06,1.72904e-07,3.30157e-07,2.75227e-05,0.0067514,25,0.011732
2025-03-02 00:00:00+00:00,0.00126502,1.02055,0.339514,0.0684691,0.00616653,0.0189424,6.07104e-06,4.56341e-06,1.68792e-06,1.90364e-05,0.00127659,25,0.0122944
2025-03-03 00:00:00+00:00,0.00105786,1.02163,0.335495,0.067222,0.00747352,0.0183765,5.88197e-06,7.35247e-07,1.02269e-06,2.96012e-05,0.00104951,24,0.0126732
2025-03-04 00:00:00+00:00,-0.00101957,1.02059,0.289879,0.0576254,0.0121077,0.0100643,3.21949e-06,4.02436e-07,4.23623e-07,-4.17683e-05,-0.000967143,24,0.0129035
2025-03-05 00:00:00+00:00,-0.00035008,1.02023,0.305671,0.0563253,0.0041347,0,0,0,0,-2.63484e-06,-0.000339709,24,0.0119212
2025-03-06 00:00:00+00:00,0.00463692,1.02496,0.313111,0.0571744,0.000206432,0,0,0,0,-3.52794e-07,0.00463468,24,0.0115005
2025-03-07 00:00:00+00:00,-0.00147544,1.02345,0.300128,0.0603268,0.0105684,0.00445425,1.42602e-06,1.78252e-07,3.56645e-07,-1.85935e-05,-0.00144504,24,0.0122979
2025-03-08 00:00:00+00:00,0.00141239,1.02489,0.294177,0.0593401,0.00684382,0,0,0,0,3.34919e-06,0.00141231,24,0.0119446
2025-03-09 00:00:00+00:00,-0.00532919,1.01943,0.284299,0.0579223,0.00565865,0,0,0,0,1.45296e-05,-0.005353,24,0.0116719
2025-03-10 00:00:00+00:00,-0.00349698,1.01587,0.270576,0.0558888,0.00820038,0.00540864,1.73055e-06,2.16319e-07,4.71979e-07,2.94751e-05,-0.0035231,23.5312,0.0112833
2025-03-11 00:00:00+00:00,0.000292647,1.01616,0.266904,0.0537297,0.0129648,0.00330804,1.05908e-06,1.32385e-07,4.7667e-07,3.80303e-05,0.000263215,24,0.0112267
2025-03-12 00:00:00+00:00,0.00194693,1.01814,0.267299,0.0591249,0.0128963,0.00301036,9.63257e-07,1.20407e-07,5.16891e-07,-9.64576e-07,0.00195082,24,0.0119475
2025-03-13 00:00:00+00:00,0.00378354,1.022,0.263392,0.0642614,0.0154627,0.002407,7.70189e-07,9.62736e-08,3.41356e-07,-3.5127e-06,0.00378569,24,0.011056
2025-03-14 00:00:00+00:00,-0.00186756,1.02009,0.271615,0.0603175,0.00948062,0.00567061,1.81476e-06,2.26845e-07,6.97251e-07,7.93626e-06,-0.00186878,24,0.0117893
2025-03-15 00:00:00+00:00,-0.000226831,1.01986,0.280513,0.0586547,0.00164959,0,0,0,0,5.01158e-05,-0.000273182,24,0.0121105
2025-03-16 00:00:00+00:00,0.000195355,1.02005,0.278714,0.057702,-0.000632383,0.00208317,6.6676e-07,8.3345e-08,1.35257e-07,6.91288e-05,0.000130699,24,0.0112711
2025-03-17 00:00:00+00:00,-0.00392082,1.01605,0.277253,0.0622423,0.00426749,0.00410886,1.31511e-06,5.89744e-07,2.48775e-07,0.000367964,-0.00428946,23,0.00970398
2025-03-18 00:00:00+00:00,0.00165851,1.01774,0.270203,0.0655184,0.00837325,0.00565594,1.81092e-06,2.26365e-07,5.89957e-07,-5.03122e-06,0.00166866,23,0.00995949
2025-03-19 00:00:00+00:00,-0.00102934,1.01669,0.274754,0.0673543,0.00581004,0,0,0,0,7.12735e-05,-0.00109721,23,0.0110467
2025-03-20 00:00:00+00:00,0.000874068,1.01758,0.277707,0.0683847,0.00381148,0,0,0,0,3.05557e-05,0.000846934,23,0.0118663
2025-03-21 00:00:00+00:00,-0.00236677,1.01517,0.273992,0.068,0.00267061,0,0,0,0,3.85726e-05,-0.00240476,23,0.0121571
2025-03-22 00:00:00+00:00,-0.00265335,1.01248,0.280323,0.0637843,-0.0117232,0,0,0,0,3.77116e-05,-0.00268913,23,0.0102319
2025-03-23 00:00:00+00:00,-0.00498787,1.00743,0.281534,0.0648063,-0.0159043,0.00685281,2.19304e-06,2.74129e-07,5.25601e-07,2.75894e-05,-0.00502051,23,0.0108688
2025-03-24 00:00:00+00:00,-0.00148826,1.00593,0.29141,0.0732146,-0.0144796,0.0113646,3.6385e-06,2.25941e-06,6.66838e-07,9.18595e-05,-0.00156798,22.9688,0.0101662
2025-03-25 00:00:00+00:00,-0.00123525,1.00469,0.290863,0.0773265,-0.00729337,0.00224584,7.18372e-07,8.97964e-08,1.68215e-07,5.95649e-05,-0.00128896,23,0.00934159
2025-03-26 00:00:00+00:00,0.00231763,1.00702,0.291329,0.0779205,-0.00481041,0.00207094,6.62859e-07,8.28574e-08,2.26732e-07,1.10933e-05,0.00230818,23,0.00824258
2025-03-27 00:00:00+00:00,0.00117018,1.00819,0.287393,0.0804823,-0.00152355,0,0,0,0,2.28797e-05,0.00115059,23,0.00781083
2025-03-28 00:00:00+00:00,0.000199866,1.0084,0.27326,0.0815759,0.00870377,0,0,0,0,1.69887e-05,0.000184913,23,0.00892433
2025-03-29 00:00:00+00:00,0.00219003,1.0106,0.259407,0.0788747,0.0137697,0.00382494,1.22401e-06,1.53001e-07,1.67104e-07,1.15147e-05,0.00217985,23,0.00912042
2025-03-30 00:00:00+00:00,-0.00277124,1.0078,0.256594,0.0785587,0.0112451,0,0,0,0,3.22093e-05,-0.00280482,23,0.00774817
2025-03-31 00:00:00+00:00,0.00252658,1.01035,0.252364,0.0792828,0.014823,0,0,0,0,-1.08698e-05,0.00253705,23,0.0075729
2025-04-01 00:00:00+00:00,0.000859459,1.01122,0.2593,0.0802247,0.011587,0,0,0,0,1.45238e-05,0.000848364,23,0.00832041
2025-04-02 00:00:00+00:00,-0.00248388,1.00871,0.259594,0.0801469,0.0100583,0,0,0,0,-1.4146e-05,-0.00246957,23,0.00876446
2025-04-03 00:00:00+00:00,0.000497933,1.00921,0.249352,0.0792174,0.019063,0,0,0,0,-1.46405e-05,0.000514798,23,0.00838783
2025-04-04 00:00:00+00:00,0.0015126,1.01073,0.251274,0.0792556,0.0189797,0,0,0,0,-1.0213e-05,0.00152424,23,0.00824515
2025-04-05 00:00:00+00:00,-0.000103998,1.01063,0.2511,0.0799727,0.0175774,0,0,0,0,-8.49403e-06,-9.39512e-05,23,0.00783741
2025-04-06 00:00:00+00:00,-0.00355481,1.00704,0.242081,0.0796078,0.0189266,0,0,0,0,-1.60419e-05,-0.00354202,23,0.00849209
2025-04-07 00:00:00+00:00,-0.00315958,1.00386,0.205108,0.0886775,0.0418934,0.0455761,1.45732e-05,7.61111e-06,4.34637e-06,2.65821e-06,-0.00312623,21,0.00699104
2025-04-08 00:00:00+00:00,-0.00198661,1.00186,0.210097,0.079209,0.0337427,0.00236865,7.57841e-07,1.01204e-07,1.78058e-08,3.28388e-06,-0.00198783,21,0.00667563
2025-04-09 00:00:00+00:00,-0.000753745,1.00111,0.212739,0.0754118,0.0306447,0.00290719,9.30257e-07,1.16282e-07,2.49725e-08,5.27055e-06,-0.000752545,21,0.00668244
2025-04-10 00:00:00+00:00,-0.00276343,0.99834,0.220176,0.073197,0.0250365,0,0,0,0,3.87381e-06,-0.00276848,21,0.00762106
2025-04-11 00:00:00+00:00,-0.00195696,0.996386,0.228965,0.0695284,0.0181133,0,0,0,0,-2.30234e-05,-0.00193068,21,0.00579715
2025-04-12 00:00:00+00:00,0.000945248,0.997328,0.237212,0.0696872,0.0144383,0,0,0,0,4.30843e-06,0.000944968,21,0.0064262
2025-04-13 00:00:00+00:00,-0.00174667,0.995586,0.239462,0.068922,0.0136026,0,0,0,0,-2.34279e-06,-0.00173767,21,0.00745756
2025-04-14 00:00:00+00:00,-0.00291804,0.99268,0.238234,0.0715686,0.0139647,0.00532144,1.70232e-06,3.02598e-07,8.10277e-07,1.3135e-05,-0.00292744,19,0.00814844
2025-04-15 00:00:00+00:00,0.00171442,0.994382,0.236349,0.0720307,0.00825352,0,0,0,0,1.16913e-05,0.00170731,19,0.00928078
2025-04-16 00:00:00+00:00,0.00017529,0.994557,0.230784,0.0727603,0.00776536,0.00213186,6.82496e-07,8.5312e-08,2.77573e-07,1.48894e-05,0.000164463,19,0.00949094
2025-04-17 00:00:00+00:00,0.00123528,0.995785,0.231008,0.0753919,0.010616,0,0,0,0,1.38283e-05,0.00122381,19,0.0093856
2025-04-18 00:00:00+00:00,0.00273098,0.998505,0.227707,0.0782858,0.0104068,0,0,0,0,9.37047e-06,0.00272263,19,0.00984722
2025-04-19 00:00:00+00:00,-0.00184766,0.99666,0.230228,0.0783408,0.00619892,0,0,0,0,3.79454e-05,-0.00188486,19,0.0103175
2025-04-20 00:00:00+00:00,-0.0023449,0.994323,0.2326,0.0757356,-0.000352037,0,0,0,0,3.14108e-05,-0.00237723,19,0.00905392
2025-04-21 00:00:00+00:00,0.00170358,0.996017,0.241497,0.0792965,0.00418194,0.0029384,9.40693e-07,1.17587e-07,4.19204e-07,0.000213059,0.0014929,19.9792,0.0090463
2025-04-22 00:00:00+00:00,-0.00307956,0.992949,0.250846,0.0774079,0.000225762,0.00271578,8.68024e-07,1.08503e-07,1.12453e-07,9.53706e-05,-0.00317028,20,0.00829864
2025-04-23 00:00:00+00:00,-0.00221608,0.990749,0.264628,0.080128,0.000663651,0.0088266,2.82449e-06,3.53061e-07,6.64976e-07,4.78725e-05,-0.00225376,20.2604,0.0071983
2025-04-24 00:00:00+00:00,-0.00262375,0.988149,0.260351,0.0809657,0.00227528,0.00252887,8.08662e-07,1.01083e-07,3.13664e-07,7.49723e-05,-0.00269575,21,0.00706888
2025-04-25 00:00:00+00:00,0.004118,0.992219,0.256497,0.0891531,0.00472857,0.00634089,2.02936e-06,2.53671e-07,1.32756e-06,2.44743e-05,0.00409402,21,0.00752244
2025-04-26 00:00:00+00:00,-0.000757527,0.991467,0.255643,0.0904308,0.00372292,0,0,0,0,6.34373e-05,-0.00081962,21,0.00692296
2025-04-27 00:00:00+00:00,-0.000305259,0.991164,0.253267,0.0905728,0.00286526,0,0,0,0,2.86867e-05,-0.000331364,21,0.0073816
2025-04-28 00:00:00+00:00,0.00141534,0.992567,0.238314,0.105956,0.020852,0.0158761,5.08111e-06,4.58402e-06,2.84309e-06,3.1287e-05,0.00139716,18,0.00786504
2025-04-29 00:00:00+00:00,-0.000568402,0.992003,0.237743,0.10713,0.0220747,0,0,0,0,2.74533e-05,-0.000594563,18,0.00838917
2025-04-30 00:00:00+00:00,-0.0107124,0.981376,0.239809,0.103764,0.0114173,0.0101329,3.23592e-06,4.0449e-07,3.90552e-06,0.000690176,-0.0114421,18.9583,0.006164
2025-05-01 00:00:00+00:00,0.00388438,0.985188,0.244646,0.104458,0.0145482,0,0,0,0,2.87375e-05,0.00384954,19,0.00541199
2025-05-02 00:00:00+00:00,0.00134611,0.986515,0.243943,0.106485,0.0189592,0,0,0,0,2.0471e-05,0.00132566,19,0.00606974
2025-05-03 00:00:00+00:00,0.00128621,0.987783,0.240379,0.107749,0.0221745,0,0,0,0,3.23477e-05,0.00125366,19,0.00667824
2025-05-04 00:00:00+00:00,-0.00231401,0.985498,0.23683,0.107439,0.021256,0,0,0,0,3.30832e-05,-0.00234868,19,0.00774491
2025-05-05 00:00:00+00:00,0.0014266,0.986904,0.235134,0.106183,0.0222742,0,0,0,0,1.44674e-06,0.0014249,19,0.00703517
2025-05-06 00:00:00+00:00,0.00202971,0.988907,0.232496,0.10725,0.0257616,0,0,0,0,2.46479e-05,0.00200415,19,0.00655957
2025-05-07 00:00:00+00:00,0.000953345,0.989849,0.235224,0.109696,0.0267645,0.0020738,6.63794e-07,8.29743e-08,2.37051e-07,4.19601e-06,0.000951232,19.2188,0.00794243
2025-05-08 00:00:00+00:00,0.00242559,0.99225,0.251431,0.108837,0.0220804,0,0,0,0,4.21082e-06,0.00242169,20,0.00797669
2025-05-09 00:00:00+00:00,-0.000630717,0.991625,0.27316,0.108522,0.0169351,0,0,0,0,2.58747e-05,-0.000652895,20,0.00794674
2025-05-10 00:00:00+00:00,0.00300769,0.994607,0.283483,0.10945,0.0157146,0.00218959,7.00622e-07,8.75777e-08,2.55673e-07,-5.56435e-06,0.00301388,20.3229,0.00813992
2025-05-11 00:00:00+00:00,-0.00167201,0.992944,0.288058,0.109617,0.0213395,0,0,0,0,-7.97663e-06,-0.00166149,21,0.00919316
2025-05-12 00:00:00+00:00,-0.0027755,0.990188,0.29489,0.105138,0.01344,0.00706491,2.26094e-06,2.82617e-07,1.22621e-06,1.15933e-05,-0.00278041,21,0.0090247
2025-05-13 00:00:00+00:00,-0.00046145,0.989731,0.294778,0.103095,0.0120353,0.00228901,7.3268e-07,9.1585e-08,1.67366e-07,2.16886e-06,-0.000458274,21.75,0.0101256
2025-05-14 00:00:00+00:00,0.0028042,0.992507,0.297652,0.104793,0.00851703,0.00255411,8.1714e-07,1.02143e-07,1.11943e-05,-1.08969e-05,0.00282789,21.375,0.0115402
2025-05-15 00:00:00+00:00,0.00199498,0.994487,0.286422,0.107367,0.0119899,0,0,0,0,-2.77128e-06,0.00199851,21,0.0137641
2025-05-16 00:00:00+00:00,0.00108698,0.995568,0.286433,0.108617,0.0132927,0,0,0,0,-1.15279e-05,0.00109992,21,0.0141253
2025-05-17 00:00:00+00:00,0.000482692,0.996048,0.276703,0.109552,0.0167129,0,0,0,0,-7.83672e-06,0.000491752,21,0.0163426
2025-05-18 00:00:00+00:00,-0.00325709,0.992804,0.284865,0.106682,0.00735365,0.00213771,6.84564e-07,8.55705e-08,1.24562e-07,-2.29451e-05,-0.00323583,21,0.0152856
2025-05-19 00:00:00+00:00,0.00271367,0.995498,0.285361,0.0994409,0.00132505,0.00692555,2.21646e-06,6.67779e-07,7.70726e-07,-2.47806e-05,0.0027411,20.9896,0.0156826
2025-05-20 00:00:00+00:00,0.000189032,0.995686,0.289624,0.100662,0.000817249,0,0,0,0,-1.80418e-05,0.000209489,21,0.0144161
2025-05-21 00:00:00+00:00,0.00152947,0.997209,0.295917,0.100888,0.00499388,0.00739596,2.36671e-06,2.95839e-07,3.16816e-07,-1.78249e-05,0.00155399,21,0.0152853
2025-05-22 00:00:00+00:00,-0.00429713,0.992924,0.311403,0.0999693,0.000165065,0.00984769,3.15261e-06,3.94077e-07,4.29982e-07,1.42976e-05,-0.00431069,21,0.0164142
2025-05-23 00:00:00+00:00,0.000692172,0.993611,0.31861,0.0919742,-0.0146027,0.00228778,7.31879e-07,9.14848e-08,1.08589e-07,2.27836e-05,0.000675648,21,0.0160673
2025-05-24 00:00:00+00:00,0.00154308,0.995145,0.303232,0.0972711,-0.00232871,0.00239112,7.65465e-07,9.56831e-08,1.03451e-07,-1.29489e-05,0.00155896,21,0.0160326
2025-05-25 00:00:00+00:00,0.000226438,0.99537,0.299372,0.0953282,-0.00375488,0.00595446,1.90556e-06,2.38195e-07,1.45252e-06,-3.43684e-06,0.000235712,21.5729,0.0156808
2025-05-26 00:00:00+00:00,0.00153865,0.996901,0.301733,0.100267,-0.00213355,0.00734223,2.34908e-06,5.84298e-07,1.81757e-06,-2.60615e-05,0.00156986,20,0.0168542
2025-05-27 00:00:00+00:00,0.00095241,0.997851,0.303349,0.100903,-0.000356263,0,0,0,0,-6.585e-06,0.000960604,20,0.0164128
2025-05-28 00:00:00+00:00,0.000204326,0.998055,0.29957,0.101511,0.00303622,0,0,0,0,-4.45768e-07,0.000206156,20,0.0169451
2025-05-29 00:00:00+00:00,0.000214198,0.998269,0.297977,0.102026,0.00415216,0,0,0,0,-9.3834e-06,0.00022515,20,0.0189881
2025-05-30 00:00:00+00:00,0.00537987,1.00364,0.285294,0.099705,0.00987046,0.0104139,3.33244e-06,4.16555e-07,6.98969e-07,-1.32967e-05,0.00538579,20,0.019924
2025-05-31 00:00:00+00:00,-0.000350385,1.00329,0.275147,0.0999262,0.00877778,0.00242676,7.76638e-07,9.70797e-08,1.962e-07,-2.57385e-05,-0.000320101,20,0.020374
2025-06-01 00:00:00+00:00,-0.00095794,1.00233,0.278211,0.0976815,0.00203402,0,0,0,0,-9.90144e-06,-0.000947425,20,0.0207025
2025-06-02 00:00:00+00:00,0.000413686,1.00274,0.283449,0.0932977,-0.00154447,0.0184238,5.8961e-06,7.37012e-07,2.35228e-06,-3.74868e-05,0.000462121,21,0.0211012
2025-06-03 00:00:00+00:00,0.00137997,1.00412,0.294262,0.0891699,-0.00806053,0.0170678,5.46218e-06,6.82772e-07,1.20968e-06,-3.26743e-05,0.00142179,21.2604,0.0203786
2025-06-04 00:00:00+00:00,-0.00328654,1.00082,0.308478,0.0733812,-0.0193159,0.0286365,9.16281e-06,1.14535e-06,1.68259e-06,-0.000382345,-0.00289335,22,0.0200235
2025-06-05 00:00:00+00:00,0.0033083,1.00414,0.305124,0.0679454,-0.0206886,0.0254178,8.13247e-06,1.01656e-06,1.47384e-06,-0.000258776,0.00358207,22,0.0210474
2025-06-06 00:00:00+00:00,0.00558531,1.00974,0.293876,0.0728556,-0.0121089,0.0469817,1.50349e-05,1.93948e-06,2.8642e-06,-0.000144501,0.00573735,22.0417,0.0215858
2025-06-07 00:00:00+00:00,0.00055476,1.0103,0.279993,0.0944452,0.00649067,0.0156535,5.00957e-06,6.26196e-07,7.48197e-07,-3.61805e-05,0.000598752,23,0.0214755
2025-06-08 00:00:00+00:00,1.02347e-06,1.01031,0.30055,0.0720665,-0.0159951,0.0170716,5.46261e-06,6.82826e-07,7.72324e-07,-0.000155467,0.000166069,23,0.0219325
2025-06-09 00:00:00+00:00,-0.00212199,1.00816,0.325237,0.0779758,-0.0131871,0.019186,6.14028e-06,7.67535e-07,2.49024e-06,0.000210765,-0.00232227,24,0.0228757
2025-06-10 00:00:00+00:00,-0.00217169,1.00597,0.344268,0.0725392,-0.0187014,0,0,0,0,0.0001748,-0.00234341,24,0.0218838
2025-06-11 00:00:00+00:00,0.00384617,1.00984,0.345408,0.0699867,-0.0225977,0.0676567,2.16599e-05,2.70748e-06,4.24358e-06,5.64767e-05,0.00381873,24,0.022308
2025-06-12 00:00:00+00:00,0.00564191,1.01554,0.346841,0.0615867,-0.0207942,0.0372303,1.19134e-05,1.48917e-06,1.35793e-06,-0.000127346,0.00577386,24,0.0230647
2025-06-13 00:00:00+00:00,0.000425967,1.01597,0.329501,0.0594448,-0.0119587,0.00411559,1.31693e-06,1.64616e-07,2.08082e-07,-0.000105705,0.000539493,24,0.0235983
2025-06-14 00:00:00+00:00,0.00195485,1.01796,0.331161,0.0587746,-0.0149005,0.00294387,9.4211e-07,1.17764e-07,1.57231e-07,-0.000148045,0.00210506,24,0.0237237
2025-06-15 00:00:00+00:00,-0.000903565,1.01704,0.329402,0.060514,-0.0154124,0,0,0,0,-9.61223e-05,-0.000804478,24,0.0247821
2025-06-16 00:00:00+00:00,0.00724641,1.02441,0.382542,0.0730413,-0.00778931,0.119876,3.83682e-05,1.54819e-05,1.17109e-05,0.000134105,0.00715864,26,0.0254525
2025-06-17 00:00:00+00:00,0.00189588,1.02635,0.356888,0.066107,-0.00939985,0.0319175,1.02147e-05,1.27684e-06,2.64444e-06,-0.0001224,0.00203498,26,0.026305
2025-06-18 00:00:00+00:00,-0.000349165,1.02599,0.342691,0.0685256,-0.00805714,0,0,0,0,-8.42848e-05,-0.000261774,26,0.02855
2025-06-19 00:00:00+00:00,0.0015897,1.02762,0.336244,0.0738239,-0.00144541,0.00828324,2.65098e-06,7.566e-07,4.72291e-07,-3.10589e-05,0.00162476,26,0.0280716
2025-06-20 00:00:00+00:00,0.000680184,1.02832,0.330277,0.0770707,0.00296777,0.0121866,3.89997e-06,5.32683e-06,1.6527e-06,-2.91783e-05,0.000721945,26.0521,0.0294072
2025-06-21 00:00:00+00:00,0.00273001,1.03113,0.326405,0.0550045,-0.0133409,0.0749786,2.39958e-05,5.40611e-06,4.15924e-06,-6.59638e-05,0.00282868,27.125,0.0309693
2025-06-22 00:00:00+00:00,-0.000413468,1.0307,0.359183,0.0644531,-0.0088691,0.0708409,2.26683e-05,3.56386e-06,3.1138e-06,-5.24118e-05,-0.000323682,28,0.0319159
2025-06-23 00:00:00+00:00,-0.00404433,1.02653,0.381711,0.0774238,-0.00405996,0.17079,5.46458e-05,8.33928e-06,1.88535e-05,-0.000993213,-0.00296771,28.9375,0.0325729
2025-06-24 00:00:00+00:00,0.00832237,1.03508,0.37883,0.0763651,-0.000674548,0.0804062,2.57335e-05,3.21669e-06,9.16727e-06,-2.00877e-05,0.00835035,29,0.0314102
2025-06-25 00:00:00+00:00,0.0095396,1.04495,0.379507,0.0707375,-0.00737616,0.121945,3.90261e-05,1.09172e-05,7.65353e-06,4.65346e-05,0.00951056,29,0.0336708
2025-06-26 00:00:00+00:00,0.00298648,1.04807,0.414902,0.0514124,-0.00851384,0.0714656,2.28728e-05,3.28513e-06,5.34616e-06,-6.92995e-05,0.00308599,29,0.0349406
2025-06-27 00:00:00+00:00,-0.00457506,1.04328,0.437327,0.0437362,-0.0200375,0.0608526,1.94708e-05,2.51236e-06,4.8101e-06,-0.000304901,-0.00424847,29,0.0347309
2025-06-28 00:00:00+00:00,0.00173351,1.04509,0.452699,0.0364216,-0.0289431,0.0586926,1.87804e-05,2.34755e-06,3.96755e-06,-0.000157704,0.00191773,29,0.0336576
2025-06-29 00:00:00+00:00,-0.00533539,1.03951,0.467035,0.024127,-0.037897,0.0484317,1.54994e-05,1.93743e-06,3.20717e-06,-0.000895897,-0.00442489,29,0.0327715
2025-06-30 00:00:00+00:00,0.00443085,1.04412,0.453704,0.0562894,-0.026801,0.230129,7.36517e-05,1.26172e-05,1.89002e-05,-7.25924e-05,0.00460462,28.9375,0.0331423
2025-07-01 00:00:00+00:00,0.00700217,1.05143,0.481353,0.045102,-0.0350979,0.207078,6.62723e-05,1.05702e-05,1.52704e-05,0.000293988,0.00678195,29,0.0341611
2025-07-02 00:00:00+00:00,0.00228743,1.05383,0.533534,0.0511616,-0.0285757,0.252683,8.08723e-05,1.7627e-05,1.81262e-05,-8.32113e-05,0.00249136,29,0.0351011
2025-07-03 00:00:00+00:00,-0.000857119,1.05293,0.554257,0.0501555,-0.0188304,0.0918568,2.93506e-05,2.26289e-05,1.08801e-05,-0.000856275,0.000105382,29,0.034073
2025-07-04 00:00:00+00:00,-0.00674123,1.04583,0.52683,0.0637573,-0.00914469,0.0646463,2.06857e-05,1.0175e-05,4.27933e-06,-0.00232071,-0.00439863,29,0.0340949
2025-07-05 00:00:00+00:00,-0.00441535,1.04121,0.505974,0.0832549,4.38083e-05,0.049088,1.57019e-05,1.96274e-06,3.30027e-06,-0.00241129,-0.00198111,29,0.0339127
2025-07-06 00:00:00+00:00,0.00187596,1.04317,0.544622,0.0489505,-0.0428928,0.0293357,9.39022e-06,1.17378e-06,1.57311e-06,-0.000539919,0.00243246,29,0.0346618
2025-07-07 00:00:00+00:00,-0.000232046,1.04292,0.575148,0.0786296,0.0125719,0.434143,0.000138935,3.5335e-05,5.82384e-05,7.17297e-05,-6.05161e-05,28.9896,0.0358666
2025-07-08 00:00:00+00:00,-0.00975703,1.03275,0.559527,0.0155332,-0.0542105,0.257494,8.23942e-05,1.16756e-05,1.84841e-05,-4.42394e-05,-0.00959741,29,0.0368346
2025-07-09 00:00:00+00:00,-0.00749921,1.025,0.554347,0.0528452,-0.0347858,0.113731,3.63901e-05,4.54877e-06,8.83555e-06,-3.66173e-05,-0.00741106,29,0.0370726
2025-07-10 00:00:00+00:00,-0.0121082,1.01259,0.528172,0.0599024,-0.0489934,0.256037,8.19303e-05,1.7373e-05,1.60471e-05,-3.58014e-05,-0.0119904,29,0.0358616
2025-07-11 00:00:00+00:00,-0.0193393,0.993009,0.521552,0.0774546,-0.0362185,0.2606,8.3085e-05,1.75118e-05,4.8502e-05,3.05548e-05,-0.0191423,29,0.0340666
2025-07-12 00:00:00+00:00,0.000328548,0.993336,0.527226,0.0782538,-0.0308545,0.0890072,2.84866e-05,3.56083e-06,1.09665e-05,-0.000261291,0.000677182,29,0.0342864
2025-07-13 00:00:00+00:00,-0.0115516,0.981861,0.519647,0.101807,-0.0277325,0.0332745,1.06463e-05,1.33079e-06,4.75685e-06,3.2796e-05,-0.0116009,29,0.0337051
2025-07-14 00:00:00+00:00,-0.00133553,0.98055,0.497623,0.116035,-0.0111399,0.238668,7.63926e-05,6.65017e-05,3.3987e-05,9.62767e-05,-0.00123725,27.9792,0.0339206
2025-07-15 00:00:00+00:00,-0.00266805,0.977933,0.493245,0.101354,-0.0306028,0.0681759,2.18256e-05,1.16363e-05,5.99775e-06,6.20535e-05,-0.00266777,28,0.0323062
2025-07-16 00:00:00+00:00,0.000689397,0.978608,0.499349,0.127009,-0.0154725,0.107798,3.45075e-05,2.16554e-05,9.50496e-06,-3.02207e-06,0.00077329,28,0.0322981
2025-07-17 00:00:00+00:00,0.00514588,0.983643,0.533096,0.138657,0.000618201,0.176589,5.65171e-05,1.66434e-05,1.01417e-05,2.28723e-05,0.00521454,28,0.0310239
2025-07-18 00:00:00+00:00,0.00289694,0.986493,0.581775,0.127773,-0.00468381,0.260885,8.34811e-05,2.34261e-05,1.49369e-05,2.09753e-05,0.00301187,28.5208,0.0303692
2025-07-19 00:00:00+00:00,0.00562042,0.992038,0.575161,0.114757,-0.0137214,0.172947,5.53421e-05,1.03417e-05,9.37153e-06,-3.68822e-05,0.0057314,30,0.0305614
2025-07-20 00:00:00+00:00,-0.00102956,0.991016,0.583254,0.111274,-0.0204495,0.0412658,1.32032e-05,1.87167e-06,1.31436e-06,-1.59378e-05,-0.000983525,30,0.0302112
2025-07-21 00:00:00+00:00,-0.00470409,0.986354,0.553124,0.143148,0.00483022,0.182168,5.82872e-05,1.26518e-05,1.54136e-05,5.37507e-07,-0.00460813,28,0.0302955
2025-07-22 00:00:00+00:00,-0.00117386,0.985197,0.544569,0.120346,-0.00905554,0.0698267,2.23512e-05,2.79389e-06,3.89522e-06,-2.72227e-05,-0.00110125,27.5938,0.0304208
2025-07-23 00:00:00+00:00,0.00181653,0.986986,0.579797,0.117857,-0.0175074,0.13581,4.34474e-05,2.76357e-05,7.35689e-06,-0.000210038,0.00216565,27.9479,0.0307858
2025-07-24 00:00:00+00:00,0.00589676,0.992806,0.5987,0.128626,-0.00867136,0.0600545,1.9222e-05,2.6884e-05,3.97477e-06,-0.000345835,0.00630073,29,0.0309785
2025-07-25 00:00:00+00:00,-0.0127154,0.980182,0.626582,0.109478,-0.0177983,0.137493,4.39982e-05,1.6056e-05,7.9046e-06,-0.000468573,-0.0122395,29.5729,0.0294855
2025-07-26 00:00:00+00:00,0.00464323,0.984734,0.650063,0.113681,-0.0193866,0.0959188,3.07043e-05,1.16322e-05,5.88135e-06,-1.87541e-05,0.0047101,30,0.029388
2025-07-27 00:00:00+00:00,0.00622322,0.990862,0.666509,0.0978098,-0.0279257,0.0323522,1.03526e-05,1.29408e-06,1.97883e-06,1.09219e-05,0.00622038,30,0.0303131
2025-07-28 00:00:00+00:00,0.00196749,0.992811,0.642064,0.127541,-0.00402967,0.119827,3.83566e-05,6.35192e-06,7.16039e-06,-2.74578e-06,0.00204831,28,0.0294985
2025-07-29 00:00:00+00:00,0.00378967,0.996574,0.635618,0.115677,-0.0252323,0.106047,3.3943e-05,9.43362e-06,1.44169e-05,-5.98818e-05,0.00392819,28,0.0299072
2025-07-30 00:00:00+00:00,-0.00285129,0.993732,0.618591,0.118609,-0.0210867,0.100693,3.22292e-05,4.02865e-06,8.09148e-06,-2.47811e-06,-0.002796,28,0.0313407
2025-07-31 00:00:00+00:00,0.00517811,0.998878,0.635476,0.116631,-0.0254148,0.129611,4.14805e-05,5.722e-06,9.05566e-06,2.94917e-05,0.00521284,28,0.0319258
2025-08-01 00:00:00+00:00,-0.00621355,0.992671,0.605549,0.105071,-0.0192725,0.121183,3.87782e-05,5.04408e-06,7.70957e-06,-1.07783e-05,-0.00614976,28,0.0333483
2025-08-02 00:00:00+00:00,-0.00401461,0.988686,0.600732,0.10005,-0.0213108,0.0699889,2.23955e-05,2.79944e-06,3.86631e-06,-5.65339e-05,-0.00392727,28,0.0333054
2025-08-03 00:00:00+00:00,0.00143776,0.990108,0.609894,0.10179,-0.0231808,0.0190927,6.10987e-06,7.63734e-07,7.05869e-07,-2.89521e-05,0.00148329,28,0.0327184
2025-08-04 00:00:00+00:00,0.002366,0.99245,0.566718,0.0892119,-0.019484,0.370088,0.000118439,2.96055e-05,1.22646e-05,-2.27838e-05,0.00255439,27.7083,0.0328085
2025-08-05 00:00:00+00:00,0.00139031,0.99383,0.378303,0.0403672,-0.0319678,0.100768,3.22458e-05,7.80688e-06,5.15176e-06,-4.99114e-05,0.00149304,28,0.0335428
2025-08-06 00:00:00+00:00,0.00296961,0.996781,0.43134,0.0589781,-0.0143241,0.234626,7.50866e-05,1.59832e-05,1.216e-05,-2.54747e-05,0.00310153,28,0.0357541
2025-08-07 00:00:00+00:00,0.00855482,1.00531,0.485475,0.0559276,-0.0285866,0.199701,6.39108e-05,2.46662e-05,1.15236e-05,-1.72786e-05,0.00864887,28,0.0364221
2025-08-08 00:00:00+00:00,0.00216613,1.00749,0.494347,0.0788165,-0.00106471,0.223471,7.15141e-05,1.64022e-05,1.12398e-05,1.78457e-05,0.00225202,28,0.036234
2025-08-09 00:00:00+00:00,-0.00486228,1.00259,0.547599,0.0681831,-0.0259121,0.0569492,1.8229e-05,1.11522e-05,2.21608e-06,4.14528e-05,-0.00487485,28,0.0355697
2025-08-10 00:00:00+00:00,0.000811891,1.0034,0.559934,0.0736566,-0.030378,0.0640355,2.04938e-05,5.79655e-06,2.23517e-06,-2.64128e-05,0.000882632,28,0.0354355
2025-08-11 00:00:00+00:00,0.00332056,1.00673,0.556669,0.0816028,-0.0187322,0.263507,8.43248e-05,2.53828e-05,1.35778e-05,6.34252e-05,0.00339938,27,0.0353207
2025-08-12 00:00:00+00:00,0.00192717,1.00867,0.569737,0.0546942,-0.0285807,0.171508,5.48964e-05,9.58395e-06,1.04833e-05,4.87291e-06,0.00202502,27,0.0351885
2025-08-13 00:00:00+00:00,0.00174233,1.01043,0.608065,0.0900097,-0.00543782,0.152211,4.87111e-05,2.76769e-05,9.44019e-06,1.69498e-05,0.00183441,27.6354,0.0347738
2025-08-14 00:00:00+00:00,0.0038295,1.0143,0.601489,0.0847021,-0.0101368,0.20479,6.55196e-05,1.35516e-05,8.77561e-06,8.98487e-06,0.0039218,29,0.0352525
2025-08-15 00:00:00+00:00,-0.00385557,1.01039,0.602011,0.059347,-0.0376945,0.0483632,1.54742e-05,6.08831e-06,3.1363e-06,6.06922e-06,-0.00382926,29,0.0359133
2025-08-16 00:00:00+00:00,0.00336353,1.01379,0.595495,0.0624899,-0.0336927,0.0330869,1.05862e-05,8.05603e-06,2.621e-06,-2.10745e-05,0.00340758,29,0.0353721
2025-08-17 00:00:00+00:00,-0.00381512,1.00992,0.614897,0.0481211,-0.0507642,0.0279966,8.95785e-06,2.60391e-06,8.51111e-07,4.14369e-05,-0.00384177,29,0.0351875
2025-08-18 00:00:00+00:00,0.00017742,1.0101,0.580235,0.060926,-0.016236,0.158034,5.05749e-05,2.49351e-05,1.42429e-05,8.88897e-05,0.000189392,27.9896,0.0348097
2025-08-19 00:00:00+00:00,0.000110525,1.01021,0.576697,0.0498943,-0.0211174,0.0421677,1.34977e-05,3.2813e-06,2.18165e-06,-5.51757e-06,0.000155711,28,0.035505
2025-08-20 00:00:00+00:00,0.0059766,1.01625,0.586401,0.0351727,-0.0375585,0.0294861,9.43938e-06,4.29323e-06,1.73941e-06,3.24293e-05,0.00596873,28,0.035237
2025-08-21 00:00:00+00:00,-0.000369253,1.01587,0.546319,0.051238,-0.0184134,0.275766,8.82118e-05,2.41118e-05,1.33769e-05,9.41732e-05,-0.000326317,28,0.0350934
2025-08-22 00:00:00+00:00,0.00201726,1.01792,0.186587,-0.00548415,-0.025262,0.338211,0.000108189,2.85474e-05,1.77548e-05,3.83666e-05,0.0021558,27.0938,0.0353977
2025-08-23 00:00:00+00:00,0.00432778,1.02233,0.223644,0.00757326,-0.0162065,0.0405996,1.29942e-05,1.62427e-06,4.15747e-06,6.6761e-05,0.00427792,27.9062,0.035053
2025-08-24 00:00:00+00:00,-0.00209512,1.02019,0.245333,0.0263003,0.00645002,0.0616581,1.97301e-05,8.14661e-06,1.59599e-06,5.26594e-05,-0.00211748,28,0.0358411
2025-08-25 00:00:00+00:00,0.000668968,1.02087,0.268916,-0.00282634,-0.0166197,0.249212,7.97486e-05,1.79029e-05,3.18981e-05,-1.16758e-05,0.000832176,28.7292,0.0346969
2025-08-26 00:00:00+00:00,-0.0116879,1.00894,0.296873,-0.0355703,-0.0290955,0.0592954,1.89722e-05,3.5152e-06,5.80112e-06,-4.51797e-05,-0.0116705,28.9688,0.0341527
2025-08-27 00:00:00+00:00,0.00322789,1.01219,0.319611,-0.0280684,-0.0182746,0.0522051,1.67154e-05,2.08942e-06,5.69408e-06,0.000497358,0.00275929,29,0.0332933
2025-08-28 00:00:00+00:00,-0.00179278,1.01038,0.327516,-0.0255172,-0.0139055,0.00418929,1.34081e-06,1.04146e-06,2.02231e-07,0.000445053,-0.00222928,29,0.0323221
2025-08-29 00:00:00+00:00,0.00375528,1.01417,0.318568,-0.038932,-0.02941,0.0744685,2.38472e-05,2.9809e-06,9.36816e-06,0.000135056,0.00366052,29,0.0306645
2025-08-30 00:00:00+00:00,0.000882634,1.01507,0.316134,-0.0450625,-0.0368691,0.0129036,4.1297e-06,5.16213e-07,9.28883e-08,0.000101937,0.0007897,29,0.0306114
2025-08-31 00:00:00+00:00,0.00351838,1.01864,0.324012,-0.0365784,-0.0258759,0.0385158,1.23265e-05,1.54081e-06,2.00472e-06,0.000182322,0.00334957,29,0.0324274
2025-09-01 00:00:00+00:00,0.00422207,1.02294,0.341442,-0.0252881,-0.0290767,0.1985,6.35269e-05,1.47786e-05,1.97061e-05,-5.5545e-06,0.00433429,26.9792,0.0341156
2025-09-02 00:00:00+00:00,-0.00620116,1.0166,0.258726,-0.0192073,-0.0221895,0.295949,9.46788e-05,3.32234e-05,1.15016e-05,8.48283e-05,-0.00615778,26.3854,0.0339296
2025-09-03 00:00:00+00:00,0.00202435,1.01866,0.118637,-0.043964,-0.0315398,0.0391253,1.25202e-05,2.67029e-06,2.24718e-06,0.000190512,0.00185467,25,0.0333544
2025-09-04 00:00:00+00:00,-0.00350483,1.01508,0.145273,-0.0467608,-0.0492022,0.0550775,1.76237e-05,4.87709e-06,2.63505e-06,0.000197717,-0.00367544,25,0.0334879
2025-09-05 00:00:00+00:00,-0.000885661,1.01419,0.197447,-0.0503609,-0.0527242,0.106631,3.41339e-05,4.51133e-06,4.77955e-06,-0.000118456,-0.000709184,25,0.0317951
2025-09-06 00:00:00+00:00,-0.0133303,1.00067,0.227699,-0.0661631,-0.0753961,0.0633349,2.02645e-05,5.67342e-06,3.96848e-06,-0.000470302,-0.0128919,25,0.0292089
2025-09-07 00:00:00+00:00,-0.0387884,0.961852,0.159766,-0.0436918,-0.0593205,0.157323,5.0274e-05,1.26656e-05,9.30044e-06,-0.000106984,-0.0393271,25,0.0266309
2025-09-08 00:00:00+00:00,-0.0107543,0.951508,0.095165,-0.0126615,-0.0351603,0.052439,1.67748e-05,2.47212e-06,5.19323e-06,-0.000317972,-0.0104599,25.3542,0.0213249
2025-09-09 00:00:00+00:00,-0.000341856,0.951183,0.0831372,-0.0104517,-0.0119505,0.0625056,2.0001e-05,4.57928e-06,5.30008e-06,0.000472274,-0.000780093,26,0.018882
2025-09-10 00:00:00+00:00,-0.000201908,0.950991,0.0556937,-0.01119,-0.000681356,0.0788352,2.52279e-05,6.85694e-06,3.06174e-06,0.000529125,-0.000693502,26.0938,0.0180696
2025-09-11 00:00:00+00:00,-0.000919646,0.950116,0.0302893,-0.00772566,0.00220152,0.0904263,2.89359e-05,5.17732e-06,5.90609e-06,0.000409635,-0.00128809,23.375,0.01869
2025-09-12 00:00:00+00:00,-0.00263545,0.947612,0.0301738,-0.0175132,-0.0165038,0.129403,4.14072e-05,6.0816e-06,6.06113e-06,0.000215854,-0.00279837,12.625,0.0192013
2025-09-13 00:00:00+00:00,-0.00107159,0.946597,0.0144755,-0.0108751,-0.011832,0.102899,3.29262e-05,4.86926e-06,3.86419e-06,-1.75135e-05,-0.00101206,6.72917,0.0186606
2025-09-14 00:00:00+00:00,-0.00108163,0.945573,0.0200161,-0.0199827,-0.0224399,0.140094,4.48293e-05,5.62856e-06,5.0658e-06,2.81206e-06,-0.00102836,4.5,0.0175936
2025-09-15 00:00:00+00:00,0.00106435,0.946579,0.0197641,-0.0152507,-0.0246908,0.14857,4.75425e-05,1.08149e-05,4.80458e-06,1.18543e-05,0.00111648,5.125,0.0188891
2025-09-16 00:00:00+00:00,0.000212876,0.946781,0.00943577,-0.00741211,-0.0138039,0.0481889,1.54205e-05,4.07921e-06,1.00257e-06,2.01174e-05,0.000213393,4.55208,0.0192379
2025-09-17 00:00:00+00:00,-0.00482319,0.942214,0.00852881,-0.00831498,-0.0156796,0.0811819,2.59776e-05,6.66836e-06,2.39257e-06,-0.000214437,-0.0045832,2.20833,0.0173808
2025-09-18 00:00:00+00:00,0.000197083,0.9424,0.00132446,-0.00124349,-0.00167333,0.0144429,4.62175e-06,1.30565e-06,2.97237e-07,3.55961e-06,0.000199743,1.98958,0.0153852
2025-09-19 00:00:00+00:00,0.000264775,0.94265,0.000890907,-0.000890907,-0.00125957,0.0115934,3.7099e-06,1.38724e-06,2.56289e-07,2.67131e-07,0.000269832,0.927083,0.0158607
2025-09-20 00:00:00+00:00,-0.00013818,0.942519,0.00628317,-0.00628317,-0.00780981,0.0752658,2.40847e-05,1.34986e-05,3.83979e-06,-2.31121e-06,-9.42405e-05,1.72917,0.0169565
2025-09-21 00:00:00+00:00,0.00220615,0.944599,0.017131,-0.017131,-0.0241877,0.144292,4.61742e-05,1.71881e-05,8.06333e-06,8.40708e-06,0.00226984,2.5625,0.0183987
2025-09-22 00:00:00+00:00,0.00121511,0.945746,0.0158974,-0.0158974,-0.0175012,0.155333,4.97073e-05,1.16237e-05,1.14312e-05,3.87567e-06,0.00128429,3.91667,0.0208599
2025-09-23 00:00:00+00:00,0.00211297,0.947745,0.0220908,-0.016305,-0.0189223,0.153055,4.89789e-05,1.17631e-05,8.30115e-06,-4.40642e-05,0.00222468,5.51042,0.021641
2025-09-24 00:00:00+00:00,2.06055e-05,0.947764,0.0137184,-0.00674431,-0.0120513,0.0792568,2.5362e-05,4.11287e-06,5.8573e-06,1.11026e-05,4.51293e-05,6.57292,0.0224345
2025-09-25 00:00:00+00:00,0.00203298,0.949691,0.0249595,-0.00995314,-0.0171539,0.100065,3.20226e-05,2.10751e-05,3.95925e-06,1.65047e-05,0.00207371,6.03125,0.0229477
2025-09-26 00:00:00+00:00,6.28408e-05,0.949751,0.0339601,-0.0115993,-0.0195241,0.132145,4.2286e-05,6.68022e-06,9.09926e-06,2.84808e-05,9.39935e-05,5.48958,0.022617
2025-09-27 00:00:00+00:00,-0.00258153,0.947299,0.0198272,-0.0134762,-0.0189491,0.0657594,2.10415e-05,1.68054e-05,2.77593e-06,1.08144e-05,-0.00255243,5.60417,0.0221467
2025-09-28 00:00:00+00:00,-0.00530258,0.942276,0.0177989,-0.0175411,-0.0266125,0.165783,5.30438e-05,3.65553e-05,1.77463e-05,3.38117e-05,-0.00522086,4.57292,0.0195277
2025-09-29 00:00:00+00:00,-0.000218892,0.94207,0.0146239,-0.00610617,-0.0114229,0.176404,5.64467e-05,2.72544e-05,2.67165e-05,9.61831e-05,-0.000193664,5.09375,0.0197346
2025-09-30 00:00:00+00:00,0.00290502,0.944806,0.0199656,-0.00876208,-0.0216351,0.177698,5.68657e-05,1.5675e-05,1.95409e-05,9.90149e-05,0.00289599,5.53125,0.0212473
2025-10-01 00:00:00+00:00,0.000312514,0.945102,0.0164172,-0.00611866,-0.0156265,0.147993,4.7357e-05,6.27608e-06,1.13374e-05,0.000424871,-4.6082e-05,4.30208,0.0220527
2025-10-02 00:00:00+00:00,0.000513051,0.945586,0.012239,-0.00735226,-0.0114307,0.0954827,3.05547e-05,6.17255e-06,5.73172e-06,0.000182661,0.000373146,5.78125,0.0224417
2025-10-03 00:00:00+00:00,0.0017875,0.947277,0.0127599,-0.00739353,-0.00985373,0.103442,3.31017e-05,5.22173e-06,1.28861e-05,5.23195e-05,0.00178521,4.76042,0.0244512
2025-10-04 00:00:00+00:00,0.00133482,0.948541,0.021402,-0.013972,-0.0167496,0.120014,3.84046e-05,1.47923e-05,1.51529e-05,2.49444e-05,0.00137868,4.60417,0.0254147
2025-10-05 00:00:00+00:00,0.000392261,0.948913,0.028901,-0.0214693,-0.037214,0.173312,5.54626e-05,8.99067e-06,2.34637e-05,2.31233e-05,0.000461889,5.47917,0.0258657
2025-10-06 00:00:00+00:00,-0.002349,0.946684,0.0278731,-0.0109232,-0.0228626,0.204751,6.55209e-05,1.94985e-05,3.39633e-05,1.11387e-05,-0.00222907,5.76042,0.0255445
2025-10-07 00:00:00+00:00,0.00115933,0.947782,0.0193231,-0.0160054,-0.0306013,0.11785,3.77126e-05,8.81806e-06,7.35182e-06,5.4853e-06,0.00120812,5.82292,0.0250686
2025-10-08 00:00:00+00:00,0.000645895,0.948394,0.0104493,-0.00971521,-0.0196715,0.0552585,1.76829e-05,2.59228e-06,2.64804e-06,7.39582e-06,0.000661631,3.72917,0.0250728
2025-10-09 00:00:00+00:00,0.00109747,0.949435,0.0135846,-0.0120772,-0.0151882,0.0786333,2.51629e-05,3.67137e-06,3.99745e-06,5.16132e-06,0.00112472,4.48958,0.0257942
2025-10-10 00:00:00+00:00,0.0051164,0.954292,0.0298303,-0.0166968,-0.0197568,0.171888,5.50611e-05,7.40396e-06,1.3542e-05,0.000147758,0.00504087,5.02083,0.0250243
2025-10-11 00:00:00+00:00,-0.00116116,0.953184,0.144141,0.0378987,0.00241914,0.0461541,1.4771e-05,1.93253e-06,4.47877e-06,0.000221008,-0.00135719,13,0.0246791
2025-10-12 00:00:00+00:00,0.00269604,0.955754,0.157374,0.0324945,0.000412416,0.144305,4.61766e-05,5.86e-06,1.76592e-05,0.000143055,0.00262293,14.9375,0.0243405
2025-10-13 00:00:00+00:00,0.00392653,0.959507,0.241013,0.0224899,-0.000383527,0.307332,9.8354e-05,1.22943e-05,2.70657e-05,6.51377e-05,0.00399857,17.8646,0.0256001
2025-10-14 00:00:00+00:00,0.00184467,0.961277,0.26808,0.0463029,0.000381621,0.0755304,2.41689e-05,3.02111e-06,5.40286e-06,4.48429e-05,0.00183554,18,0.0249821
2025-10-15 00:00:00+00:00,0.00351872,0.964659,0.293043,0.0446053,-0.00347686,0.0881136,2.81997e-05,3.52496e-06,5.96592e-06,2.64984e-05,0.00352954,18.2292,0.0257801
2025-10-16 00:00:00+00:00,0.00264253,0.967209,0.256811,0.0413795,-0.000868465,0.137985,4.41584e-05,5.5198e-06,4.75642e-06,3.95553e-05,0.00265666,19,0.0264992
2025-10-17 00:00:00+00:00,-0.00064796,0.966582,0.235888,0.0451218,0.000220287,0.074601,2.388e-05,2.985e-06,6.45671e-06,1.48079e-05,-0.000624473,19.1042,0.0255987
2025-10-18 00:00:00+00:00,-0.0025395,0.964127,0.276465,0.0203951,-0.0133596,0.00858242,2.74642e-06,3.43303e-07,1.26613e-07,-2.90329e-05,-0.00250505,20,0.0263819
2025-10-19 00:00:00+00:00,0.00109243,0.96518,0.278838,0.0302872,-0.0094184,0.0410743,1.31459e-05,8.36282e-06,2.00046e-06,2.05812e-05,0.00109901,20,0.0266675
2025-10-20 00:00:00+00:00,-0.00122594,0.963997,0.28044,0.0577184,0.00295671,0.0678705,2.17235e-05,2.71544e-06,2.5026e-06,2.18059e-05,-0.0012155,20.7292,0.0281235
2025-10-21 00:00:00+00:00,-0.00196462,0.962103,0.275999,0.0515339,-0.00222576,0.0330881,1.05873e-05,1.32342e-06,1.36954e-06,1.36326e-05,-0.00196002,21,0.027452
2025-10-22 00:00:00+00:00,0.00419821,0.966142,0.277161,0.034244,-0.00444882,0.110456,3.53485e-05,6.65663e-06,5.30203e-06,1.30212e-05,0.00422885,21,0.0274059
2025-10-23 00:00:00+00:00,-0.00497914,0.961332,0.287744,0.0211698,-0.00964026,0.00645573,2.06637e-06,2.58297e-07,2.01484e-07,2.51229e-05,-0.0050101,21,0.0267803
2025-10-24 00:00:00+00:00,-0.000879544,0.960486,0.292455,0.0268063,-0.0081688,0.00607159,1.94294e-06,2.42868e-07,5.77435e-08,1.3672e-05,-0.00088874,21,0.0254131
2025-10-25 00:00:00+00:00,-0.001581,0.958968,0.28069,0.0464681,0.00670048,0.0271795,8.69803e-06,1.88776e-06,8.11045e-07,1.3414e-05,-0.00158265,21,0.0256949
2025-10-26 00:00:00+00:00,-0.000364528,0.958618,0.290796,0.0427786,-0.00183174,0.00967887,3.09725e-06,3.87156e-07,3.93583e-07,7.05204e-06,-0.000364822,21,0.0244069
2025-10-27 00:00:00+00:00,-0.000191604,0.958435,0.327276,0.0467114,-0.000287512,0.107421,3.43779e-05,7.90584e-06,1.26073e-05,9.14408e-06,-0.000140031,22.2604,0.0256716
2025-10-28 00:00:00+00:00,-0.000138715,0.958302,0.332731,0.0185287,-0.0362031,0.0972235,3.11109e-05,3.88886e-06,4.56097e-06,4.64965e-05,-0.000140111,24,0.0262105
2025-10-29 00:00:00+00:00,-0.00260042,0.95581,0.355703,0.0218862,-0.0352487,0.0336916,1.07836e-05,1.82109e-06,2.07034e-06,4.03621e-05,-0.00262148,24,0.0261861
2025-10-30 00:00:00+00:00,0.00130466,0.957057,0.33285,0.0496811,-0.00230096,0.0315403,1.00938e-05,2.08106e-06,1.94896e-06,6.75208e-05,0.00125632,24,0.0271857
2025-10-31 00:00:00+00:00,-0.000263767,0.956804,0.337307,0.032967,-0.0176775,0.0606605,1.94131e-05,1.5598e-05,4.72054e-06,2.10936e-05,-0.000237834,24,0.0284204
2025-11-01 00:00:00+00:00,0.000604427,0.957383,0.352703,0.0147143,-0.0411961,0.0172295,5.51316e-06,5.15115e-06,1.44319e-06,2.90021e-05,0.000596214,24,0.0274061
2025-11-02 00:00:00+00:00,0.00246232,0.95974,0.33894,0.0375954,-0.0112863,0.0580515,1.85772e-05,2.38101e-05,3.71082e-06,0.000136806,0.00237103,24.3021,0.0287962
2025-11-03 00:00:00+00:00,-0.0024682,0.957371,0.370062,0.0121638,-0.0302847,0.253539,8.11402e-05,3.12047e-05,2.87718e-05,4.99373e-05,-0.00236534,24.9062,0.0293251
2025-11-04 00:00:00+00:00,0.00130084,0.958616,0.383115,0.0337853,-0.0116883,0.261308,8.3627e-05,2.96957e-05,1.76208e-05,5.70551e-05,0.00140726,25,0.0283097
2025-11-05 00:00:00+00:00,-0.00614071,0.95273,0.399067,0.038192,-0.0117117,0.143592,4.59459e-05,8.80012e-06,5.05067e-06,4.63413e-05,-0.00613578,25,0.0271082
2025-11-06 00:00:00+00:00,0.00581866,0.958273,0.387108,0.0193011,-0.0165029,0.105757,3.38452e-05,8.18333e-06,1.25699e-05,6.95963e-05,0.00580039,25,0.0268508
2025-11-07 00:00:00+00:00,0.00315044,0.961292,0.359277,0.0294647,-0.00949748,0.0863085,2.76164e-05,1.01695e-05,7.89518e-06,6.013e-06,0.00320427,25,0.0248724
2025-11-08 00:00:00+00:00,0.00178397,0.963007,0.357737,0.0265314,-0.00621163,0.0864309,2.76639e-05,3.81131e-06,7.37564e-06,2.61892e-05,0.00180273,25,0.0245592
2025-11-09 00:00:00+00:00,0.00276954,0.965674,0.352451,0.0155294,-0.0257919,0.12412,3.97217e-05,4.96522e-06,7.3088e-06,9.9615e-06,0.00281261,25.5833,0.0256052
2025-11-10 00:00:00+00:00,-0.00251169,0.963249,0.38456,0.0468226,-0.000314269,0.115,3.68083e-05,1.37875e-05,1.22843e-05,5.95439e-05,-0.00250297,24.5729,0.0256917
2025-11-11 00:00:00+00:00,0.00654821,0.969557,0.384398,0.0292486,-0.00787056,0.188766,6.04214e-05,9.28378e-06,1.55218e-05,2.61853e-05,0.00659638,25,0.0268896
2025-11-12 00:00:00+00:00,-0.00156709,0.968037,0.383199,0.0341867,-0.00733161,0.107311,3.43469e-05,5.70127e-06,5.22148e-06,4.03474e-05,-0.00155161,25.9688,0.0277068
2025-11-13 00:00:00+00:00,-0.00116724,0.966907,0.348063,0.0394289,0.0006575,0.0917301,2.93548e-05,6.69219e-06,6.98617e-06,2.9197e-05,-0.00113979,26,0.0292122
2025-11-14 00:00:00+00:00,-0.0025715,0.964421,0.332356,0.0194387,-0.0152934,0.0390325,1.24962e-05,2.68705e-06,2.61448e-06,3.17967e-05,-0.00257545,26,0.0281386
2025-11-15 00:00:00+00:00,0.00231399,0.966653,0.326732,0.0316555,-0.00787748,0.136591,4.37177e-05,6.46277e-06,8.09122e-06,-7.68819e-05,0.00245611,26,0.0263047
2025-11-16 00:00:00+00:00,0.00137962,0.967986,0.325743,0.0233027,-0.0201096,0.0640422,2.04944e-05,3.09512e-06,3.7834e-06,-0.000141851,0.00155617,26,0.027687
2025-11-17 00:00:00+00:00,-0.00466259,0.963473,0.41292,0.0321415,-0.00744653,0.413347,0.000132275,2.09637e-05,4.64513e-05,0.000489357,-0.00494445,25.6354,0.0279534
2025-11-18 00:00:00+00:00,0.00267976,0.966055,0.418727,0.034161,-0.00843476,0.142935,4.57394e-05,8.00181e-06,8.80289e-06,-7.75893e-05,0.00282959,26,0.0268734
2025-11-19 00:00:00+00:00,0.00233346,0.968309,0.357356,0.0384854,-0.00414688,0.161067,5.15472e-05,6.82157e-06,1.41807e-05,-2.96925e-05,0.00244533,25.9688,0.0270776
2025-11-20 00:00:00+00:00,0.0046976,0.972858,0.347055,0.0203841,-0.0189015,0.0973287,3.11485e-05,2.29872e-05,1.08005e-05,5.09016e-06,0.00475325,26,0.0279078
2025-11-21 00:00:00+00:00,0.00614074,0.978832,0.333168,0.0264509,-0.00484907,0.156338,5.00249e-05,1.26983e-05,1.60134e-05,5.2947e-05,0.00616586,26,0.0291964
2025-11-22 00:00:00+00:00,-0.00991308,0.969128,0.261359,0.0252362,-0.00412109,0.258496,8.2573e-05,2.937e-05,2.11992e-05,-6.92104e-05,-0.0096684,26,0.0295769
2025-11-23 00:00:00+00:00,0.0043471,0.973341,0.229809,0.0144862,-0.0201361,0.0917142,2.93494e-05,3.66868e-06,1.20086e-05,-2.7378e-05,0.00441542,26,0.0297387
2025-11-24 00:00:00+00:00,-0.00102674,0.972342,0.250296,0.0130442,-0.00553288,0.11814,3.78031e-05,2.10742e-05,1.05484e-05,0.000270515,-0.00122539,24.875,0.0303905
2025-11-25 00:00:00+00:00,-0.00306078,0.969366,0.276301,-0.00631568,-0.030405,0.0232952,7.45506e-06,9.31882e-07,2.41686e-06,0.000317775,-0.00336329,25,0.0288795
2025-11-26 00:00:00+00:00,-0.00165985,0.967757,0.293065,-0.00464387,-0.0341496,0.0362899,1.16142e-05,3.20367e-06,2.54007e-06,0.00026469,-0.00190225,25.5938,0.0285815
2025-11-27 00:00:00+00:00,0.00219146,0.969878,0.305055,0.00610213,-0.0250549,0.0372588,1.19245e-05,1.49056e-06,2.61591e-06,0.000551706,0.00165836,26,0.0289401
2025-11-28 00:00:00+00:00,-0.000328753,0.969559,0.293587,0.0015032,-0.0266756,0.0292834,9.3724e-06,1.17155e-06,1.88139e-06,0.000105928,-0.00041949,26,0.0305774
2025-11-29 00:00:00+00:00,0.000208453,0.969761,0.287425,-0.00485303,-0.0368966,0.0617585,1.97641e-05,3.26345e-06,3.06936e-06,8.38594e-05,0.000153957,26,0.0323359
2025-11-30 00:00:00+00:00,0.003888,0.973531,0.288371,-0.0021586,-0.0339661,0.125474,4.01553e-05,6.70909e-06,7.74753e-06,-0.000370857,0.00431035,26,0.03323
2025-12-01 00:00:00+00:00,0.00019979,0.973726,0.291044,-0.0252721,-0.0480144,0.281747,9.01688e-05,1.73905e-05,3.86089e-05,-0.00042125,0.000800439,26.0208,0.0336046
2025-12-02 00:00:00+00:00,0.00987797,0.983344,0.335365,-0.0012551,-0.0435359,0.223364,7.14788e-05,1.56177e-05,2.6009e-05,0.000802165,0.00918884,27.375,0.033965
2025-12-03 00:00:00+00:00,0.00172247,0.985038,0.391932,0.00739175,-0.0443231,0.14069,4.50301e-05,5.62877e-06,8.14103e-06,0.00176517,3.17256e-05,28,0.0325323
2025-12-04 00:00:00+00:00,0.00368177,0.988665,0.426502,0.00815342,-0.0491588,0.115823,3.70677e-05,4.70373e-06,1.1528e-05,0.0017082,0.0020378,28,0.0325131
2025-12-05 00:00:00+00:00,0.00584011,0.994439,0.404582,0.0182178,-0.040731,0.172097,5.50757e-05,8.61697e-06,1.55421e-05,0.000344803,0.00556601,28,0.0325473
2025-12-06 00:00:00+00:00,-0.00490144,0.989565,0.377916,0.0156729,-0.0333166,0.043443,1.39031e-05,1.73788e-06,3.87645e-06,-0.000233763,-0.00465447,28,0.0327794
2025-12-07 00:00:00+00:00,0.0016099,0.991158,0.39164,0.0257978,-0.0285767,0.175858,5.62721e-05,7.70757e-06,1.37922e-05,8.05893e-05,0.00161745,28,0.0329215
2025-12-08 00:00:00+00:00,-0.00328633,0.9879,0.420286,0.032794,-0.0401838,0.179171,5.73276e-05,7.29465e-06,1.66746e-05,0.000139037,-0.00333425,25.1354,0.0333745
2025-12-09 00:00:00+00:00,-0.0126515,0.975402,0.445873,0.0590216,-0.0133971,0.114826,3.67457e-05,4.59321e-06,8.70853e-06,0.000227394,-0.0128834,25.9896,0.0336114
2025-12-10 00:00:00+00:00,0.00469171,0.979978,0.437239,0.0258104,-0.034564,0.162863,5.21164e-05,6.65041e-06,9.60928e-06,0.000176865,0.00458679,26,0.0338399
2025-12-11 00:00:00+00:00,0.0107338,0.990497,0.399263,0.0494912,-0.00656898,0.164999,5.28237e-05,6.60296e-06,1.36027e-05,9.88644e-05,0.0106785,26.5208,0.0345469
2025-12-12 00:00:00+00:00,0.00557926,0.996023,0.468442,0.0414813,-0.0350181,0.180266,5.76858e-05,8.44194e-06,1.12897e-05,3.60619e-05,0.00561471,27,0.0346302
2025-12-13 00:00:00+00:00,-0.00197571,0.994056,0.260875,-0.000342636,-0.0362504,0.797368,0.000255017,7.33384e-05,4.0161e-05,-0.000369985,-0.00122227,25.9479,0.0347738
2025-12-14 00:00:00+00:00,0.00539614,0.99942,0.105962,-0.0559544,-0.0659208,0.239375,7.66035e-05,1.02863e-05,1.7175e-05,-1.83056e-05,0.00550894,22.875,0.0358999
2025-12-15 00:00:00+00:00,0.00266103,1.00208,0.208661,-0.00409728,-0.030358,0.797046,0.000255048,3.51889e-05,0.000109857,0.000245036,0.00283274,23.3021,0.0374347
2025-12-16 00:00:00+00:00,0.00215161,1.00424,0.230916,-0.0272429,-0.0298586,0.47005,0.000150412,2.75482e-05,3.27126e-05,0.00483803,-0.00242918,24,0.0384563
2025-12-17 00:00:00+00:00,0.0103038,1.01458,0.21871,-0.0476485,-0.0466815,0.836409,0.00026772,7.7802e-05,7.47734e-05,-0.000374203,0.011068,25.1562,0.0397954
2025-12-18 00:00:00+00:00,0.0026558,1.01728,0.285162,-0.0517185,-0.0213772,0.670591,0.000214592,6.32e-05,6.03415e-05,0.000197141,0.00282674,17.8854,0.0415907
2025-12-19 00:00:00+00:00,-0.00222432,1.01501,0.520726,-0.040165,-0.0212223,0.451766,0.000144577,2.77176e-05,3.95309e-05,0.000517893,-0.00250603,19,0.0421499
2025-12-20 00:00:00+00:00,-0.00505663,1.00988,0.595404,-0.0333552,-0.0520056,0.182081,5.82635e-05,8.74912e-06,1.46302e-05,-1.70425e-05,-0.00494891,19,0.0413662
2025-12-21 00:00:00+00:00,-0.0022684,1.00759,0.619467,-0.00866142,-0.0486815,0.330247,0.000105658,2.07104e-05,2.02168e-05,0.000184827,-0.00225681,19.375,0.0415989
2025-12-22 00:00:00+00:00,-0.00153565,1.00604,0.566618,0.0393916,-0.0131904,0.469343,0.000150267,2.85971e-05,5.14345e-05,0.000417725,-0.00167092,20.9896,0.0425408
2025-12-23 00:00:00+00:00,-0.0110733,0.994904,0.458111,0.0275723,-0.0134862,0.11578,3.70511e-05,5.65424e-06,1.04409e-05,-2.66913e-05,-0.0110277,21,0.0425586
2025-12-24 00:00:00+00:00,-0.0043882,0.990538,0.494713,-0.0219405,-0.0463472,0.188806,6.04098e-05,9.90536e-06,1.96845e-05,0.000147338,-0.00443158,21,0.0417813
2025-12-25 00:00:00+00:00,-0.000735956,0.989809,0.468927,-0.027866,-0.05715,0.292935,9.37244e-05,2.15951e-05,4.12522e-05,-4.29604e-08,-0.000537041,21,0.0405055
2025-12-26 00:00:00+00:00,-0.00646595,0.983409,0.444351,0.0390763,-0.0449513,0.128533,4.11249e-05,7.27772e-06,1.39322e-05,0.00080678,-0.00720083,22.0625,0.0403089
2025-12-27 00:00:00+00:00,-0.0126547,0.970964,0.445899,0.0359233,-0.0609308,0.0467163,1.49499e-05,6.82298e-06,4.89849e-06,0.000551353,-0.0132231,23,0.0381968
2025-12-28 00:00:00+00:00,-0.000447473,0.970529,0.42926,0.0596619,-0.0284525,0.0978753,3.13191e-05,3.91489e-06,1.35196e-05,0.000937163,-0.0013249,23,0.0366444
2025-12-29 00:00:00+00:00,0.0033917,0.973821,0.187124,-0.0379508,-0.0550999,1.17242,0.000375213,0.000110599,0.000115593,0.000425644,0.00357652,21.6771,0.0370368
2025-12-30 00:00:00+00:00,0.000340412,0.974153,0.0960733,-0.049028,-0.0575723,1.0052,0.000321657,5.15977e-05,9.17805e-05,4.98105e-05,0.000770666,15.2083,0.0378168
2025-12-31 00:00:00+00:00,-0.00303188,0.971199,0.161142,-0.0599446,-0.0604697,0.456435,0.000146057,5.22573e-05,5.53735e-05,0.00034109,-0.00307568,15.6042,0.0362976
2026-01-01 00:00:00+00:00,0.00107298,0.972241,0.176584,-0.0843984,-0.0517651,0.300479,9.61661e-05,1.92033e-05,2.88931e-05,0.000723821,0.000507593,18.6042,0.0348914
2026-01-02 00:00:00+00:00,-0.00564892,0.966749,0.212571,-0.0615751,-0.0517145,0.163583,5.23322e-05,8.58351e-06,1.87802e-05,0.000347155,-0.00592079,20,0.0317996
2026-01-03 00:00:00+00:00,-0.00155106,0.96525,0.230402,-0.0625572,-0.0609269,0.121737,3.89551e-05,6.54848e-06,1.02767e-05,0.000142844,-0.00162501,20.9167,0.0300202
2026-01-04 00:00:00+00:00,-0.00662684,0.958853,0.180877,-0.0549421,-0.0575647,0.131765,4.21627e-05,5.61294e-06,1.10487e-05,9.21939e-05,-0.00667225,21,0.0299351
2026-01-05 00:00:00+00:00,-0.00948492,0.949758,0.199896,0.023022,-0.0116147,0.467853,0.000149703,3.18028e-05,3.96181e-05,0.00466305,-0.0139459,20.0729,0.0299353
2026-01-06 00:00:00+00:00,-0.00118292,0.948635,0.0699575,-0.0122182,-0.0105283,0.348409,0.00011149,3.46968e-05,2.26634e-05,0.000368063,-0.00138056,20.4062,0.0297196
2026-01-07 00:00:00+00:00,0.00190482,0.950442,0.0894514,-0.0498833,-0.0462015,0.535496,0.000171361,4.72564e-05,8.22623e-05,0.000474582,0.00175269,17.3854,0.0298012
2026-01-08 00:00:00+00:00,-0.00467071,0.946003,0.112162,-0.0350954,-0.04774,0.509762,0.000163112,2.84192e-05,2.76266e-05,-0.00013889,-0.00430299,15.5938,0.0306428
2026-01-09 00:00:00+00:00,0.0034637,0.949279,0.0639548,-0.0252014,-0.0306023,0.372216,0.000119111,1.81818e-05,2.29236e-05,-8.4952e-05,0.00370582,11.9167,0.0298679
2026-01-10 00:00:00+00:00,-0.0017912,0.947579,0.0598678,-0.0162893,-0.0239233,0.312164,9.98877e-05,1.48381e-05,1.97382e-05,8.74704e-05,-0.00174344,9.97917,0.0297776
2026-01-11 00:00:00+00:00,-0.00267558,0.945044,0.0348289,-0.0176261,-0.0254465,0.257403,8.23626e-05,1.22167e-05,1.72372e-05,0.000198398,-0.00276063,9.25,0.0304035
2026-01-12 00:00:00+00:00,0.00401712,0.94884,0.0636142,-0.0380588,-0.0449176,0.548891,0.000175656,2.22071e-05,3.63327e-05,0.000163086,0.00408444,7.5,0.0307956
2026-01-13 00:00:00+00:00,-0.000708313,0.948168,0.0702742,-0.0198685,-0.0220871,0.357212,0.000114302,1.54507e-05,2.93841e-05,0.000126773,-0.000660155,10.3542,0.0316159
2026-01-14 00:00:00+00:00,-0.00316656,0.945165,0.0985248,-0.0276746,-0.0264275,0.480909,0.000153876,2.10496e-05,2.66714e-05,0.00233521,-0.00526771,10.9688,0.0319411
2026-01-15 00:00:00+00:00,0.00776619,0.952506,0.154125,-0.0397642,-0.037498,0.482495,0.000154419,2.26969e-05,3.74336e-05,0.000105809,0.00785956,15.5625,0.0334974
2026-01-16 00:00:00+00:00,-0.00471433,0.948015,0.109085,-0.0255391,-0.0277056,0.318265,0.000101835,1.29049e-05,1.34754e-05,3.83653e-07,-0.00459356,17,0.0328951
2026-01-17 00:00:00+00:00,-0.000863241,0.947197,0.0579267,-0.0366789,-0.0389761,0.351841,0.000112588,1.41407e-05,2.00535e-05,4.06835e-05,-0.000754892,16.2083,0.0332498
2026-01-18 00:00:00+00:00,-0.00638726,0.941147,0.0467092,-0.029828,-0.047899,0.364607,0.000116669,1.57825e-05,2.50372e-05,-0.000124858,-0.00611507,10.1875,0.0325059
2026-01-19 00:00:00+00:00,0.0013873,0.942453,0.0736685,-0.0490054,-0.0454169,0.679983,0.000217627,3.68582e-05,6.84179e-05,-5.19256e-05,0.00178198,10.0104,0.0332179
2026-01-20 00:00:00+00:00,0.00626224,0.948355,0.0881973,-0.0304646,-0.041338,0.598128,0.000191417,3.31014e-05,4.68713e-05,0.000327187,0.00619353,11.5104,0.0336266
2026-01-21 00:00:00+00:00,-0.00236576,0.946111,0.0710354,-0.0338345,-0.0326964,0.381413,0.000122048,3.07263e-05,2.63359e-05,0.00114116,-0.00331659,11.1354,0.033316
2026-01-22 00:00:00+00:00,0.00495849,0.950802,0.0821679,-0.0363976,-0.0339193,0.460833,0.000147469,3.19222e-05,2.84618e-05,0.00152395,0.00365435,10.6979,0.0332124
2026-01-23 00:00:00+00:00,0.00364398,0.954267,0.114786,-0.0367955,-0.0387753,0.353544,0.000113135,2.4478e-05,3.80871e-05,-0.000131798,0.00396365,12.0729,0.0325009
2026-01-24 00:00:00+00:00,-0.00459168,0.949885,0.0968737,-0.0495891,-0.054857,0.279983,8.95872e-05,1.60332e-05,1.57671e-05,2.72969e-05,-0.00450121,13.125,0.0302745
2026-01-25 00:00:00+00:00,0.00823829,0.957711,0.0676643,-0.0498161,-0.0520915,0.152128,4.86842e-05,7.90008e-06,1.59515e-05,0.000257726,0.0080239,14.1771,0.0295003
2026-01-26 00:00:00+00:00,0.00276311,0.960357,0.177678,-0.041342,-0.0501909,0.313324,0.000100254,2.94537e-05,4.71696e-05,0.00223437,0.000715615,15.6979,0.0309203
2026-01-27 00:00:00+00:00,-0.0165517,0.944461,0.157554,-0.0561837,-0.0627146,0.201261,6.43891e-05,2.67674e-05,8.26392e-06,0.00151486,-0.0180885,15.9271,0.0281215
2026-01-28 00:00:00+00:00,-0.00309269,0.94154,0.0385003,0.00526472,0.00230245,0.360035,0.000115207,3.61593e-05,2.59419e-05,0.000252816,-0.00317008,11.5417,0.0263674
2026-01-29 00:00:00+00:00,0.00037574,0.941894,0.0282806,-0.0127607,-0.0199052,0.319415,0.000102214,1.51871e-05,2.66184e-05,7.9255e-05,0.000443902,6.22917,0.0266949
2026-01-30 00:00:00+00:00,0.00331537,0.945017,0.0321333,-0.00620315,-0.00988955,0.321503,0.000102885,2.30384e-05,2.47143e-05,0.000246273,0.00321655,7.20833,0.0277733
2026-01-31 00:00:00+00:00,0.00229401,0.947185,0.050596,-0.0115292,-0.0145959,0.440848,0.000141071,4.24283e-05,2.85204e-05,3.72987e-05,0.00247011,9.35417,0.0283999
2026-02-01 00:00:00+00:00,-0.000975455,0.946261,0.0549145,-0.000998313,-0.00239003,0.459961,0.00014719,3.32679e-05,4.40095e-05,3.92676e-05,-0.000774518,11.0312,0.0275978
2026-02-02 00:00:00+00:00,0.006204,0.952132,0.0997329,-0.00617942,-0.0139769,0.437914,0.000140145,4.16252e-05,4.94415e-05,7.46366e-05,0.00634886,10.2708,0.0284777
2026-02-03 00:00:00+00:00,-0.00375974,0.948552,0.10436,-0.0113319,-0.0147746,0.453514,0.000145117,3.2941e-05,2.61565e-05,-4.89029e-05,-0.00350257,11.1562,0.0283551
2026-02-04 00:00:00+00:00,-0.000450748,0.948124,0.0514054,-0.00823681,-0.0135443,0.237653,7.60456e-05,3.42047e-05,1.33275e-05,-1.73103e-05,-0.000306678,11.6979,0.0272774
2026-02-05 00:00:00+00:00,0.0018264,0.949856,0.0323274,-0.0151709,-0.0133161,0.162607,5.20328e-05,2.03732e-05,6.92136e-06,-6.63242e-05,0.00197135,10.3125,0.0254155
2026-02-06 00:00:00+00:00,0.00878351,0.958199,0.120256,-0.00500365,-0.00204994,0.302285,9.6738e-05,1.81367e-05,3.02419e-05,7.64391e-05,0.00882488,11.1979,0.0264164
2026-02-07 00:00:00+00:00,-8.92729e-05,0.958113,0.227986,0.00317023,-0.0113062,0.101334,3.24284e-05,6.16153e-06,6.18673e-06,2.53728e-05,-5.94776e-05,15.7188,0.0280239
2026-02-08 00:00:00+00:00,-0.0129305,0.945725,0.215431,-0.00710588,-0.0179475,0.251901,8.05878e-05,2.10588e-05,9.70025e-06,-0.000488177,-0.0123906,17,0.0260266
2026-02-09 00:00:00+00:00,0.00159261,0.947231,0.049173,-0.00911197,-0.0131537,0.320184,0.000102467,2.18098e-05,2.88761e-05,0.000323597,0.00142238,18.4792,0.0244369
2026-02-10 00:00:00+00:00,-0.00242861,0.94493,0.0274876,-0.017461,-0.0188604,0.19374,6.19943e-05,9.97256e-06,1.37378e-05,-0.000201004,-0.00214264,10.6458,0.0233647
2026-02-11 00:00:00+00:00,-0.0103146,0.935184,0.0160799,-0.0113471,-0.0129678,0.169234,5.41454e-05,6.94116e-06,1.57823e-05,-9.54677e-05,-0.0101735,5.38542,0.0208928
2026-02-12 00:00:00+00:00,0.000114036,0.93529,0.00864557,-0.00374958,-0.00399692,0.155048,4.96157e-05,6.41294e-06,1.17794e-05,3.76362e-05,0.000144927,3.83333,0.0195095
2026-02-13 00:00:00+00:00,0.00118921,0.936403,0.0113652,-0.00371687,-0.0025839,0.191626,6.1321e-05,1.81159e-05,1.32735e-05,2.13126e-05,0.0012602,5.09375,0.0194515
2026-02-14 00:00:00+00:00,-0.000842791,0.935613,0.00918498,-0.0026141,-0.00211481,0.146287,4.68114e-05,2.39534e-05,7.19549e-06,0.000106287,-0.000871085,4.58333,0.0189101
2026-02-15 00:00:00+00:00,0.000780615,0.936344,0.00432036,-0.000459649,-0.000136988,0.0875773,2.80249e-05,3.56665e-06,5.15899e-06,9.52979e-06,0.000807658,3,0.0168647
2026-02-16 00:00:00+00:00,0.000174632,0.936507,0.00914399,-0.00829711,-0.00797799,0.138432,4.42988e-05,1.55244e-05,1.04575e-05,-9.28271e-06,0.00025451,2.88542,0.0166171
2026-02-17 00:00:00+00:00,0.000663226,0.937128,0.0114257,-0.00717901,-0.00599189,0.18087,5.78792e-05,1.33654e-05,1.35058e-05,5.57054e-05,0.00069262,3.01042,0.0172634
2026-02-18 00:00:00+00:00,-0.000966607,0.936223,0.0170446,-0.0145353,-0.0119408,0.214122,6.85165e-05,1.8476e-05,1.78583e-05,-5.49149e-05,-0.000805345,3.11458,0.0183822
2026-02-19 00:00:00+00:00,-0.000299196,0.935942,0.00981585,-0.00975227,-0.0095849,0.157574,5.04231e-05,2.13575e-05,1.33287e-05,-9.88951e-05,-0.000114548,3.63542,0.0180369
2026-02-20 00:00:00+00:00,-0.00115688,0.93486,0.00833963,-0.00687274,-0.00584909,0.139333,4.45855e-05,1.03264e-05,1.48693e-05,-0.000109967,-0.000977134,2.9375,0.0174576
2026-02-21 00:00:00+00:00,-0.00012893,0.934739,0.00767476,-0.00351698,-0.00433849,0.122447,3.91827e-05,4.94817e-06,1.30106e-05,6.56016e-05,-0.00013717,2.57292,0.018401
2026-02-22 00:00:00+00:00,-0.000232079,0.934522,0.00945554,-0.00940904,-0.0102197,0.166785,5.33705e-05,1.09662e-05,1.16986e-05,-3.08877e-06,-0.000152633,3.86458,0.0179542
2026-02-23 00:00:00+00:00,-0.00274545,0.931957,0.00643657,-0.00643657,-0.00581781,0.130614,4.17944e-05,1.41487e-05,2.43117e-05,1.11725e-05,-0.00267883,2.54167,0.0148103
2026-02-24 00:00:00+00:00,0.00115146,0.93303,0.00487032,-0.00447831,-0.00599916,0.0960196,3.07268e-05,5.27632e-06,1.03548e-05,3.2366e-05,0.00116517,2.10417,0.0128668
2026-02-25 00:00:00+00:00,0.000434898,0.933435,0.00463042,2.94472e-05,-0.00286776,0.091022,2.9127e-05,4.71304e-06,1.93132e-05,0.000207288,0.000281038,2.15625,0.0129995
2026-02-26 00:00:00+00:00,5.14845e-06,0.93344,0.00723337,-0.00394125,-0.00392079,0.14161,4.53149e-05,5.66437e-06,1.33981e-05,0.000169032,-9.75936e-05,3.05208,0.0125255
2026-02-27 00:00:00+00:00,0.000268835,0.933691,0.00135494,-0.00032312,-0.000907207,0.0324995,1.03999e-05,1.29999e-06,2.95115e-06,2.73218e-05,0.00025615,1.6875,0.0123645
2026-02-28 00:00:00+00:00,-0.001349,0.932432,0.00520881,-0.00488821,-0.00772655,0.100947,3.23026e-05,4.03783e-06,1.40168e-05,2.80298e-05,-0.00132681,2.59375,0.0124125
2026-03-01 00:00:00+00:00,2.5272e-05,0.932455,0.00471347,-0.00318516,-0.00594791,0.10157,3.25026e-05,4.12397e-06,1.40905e-05,4.1502e-05,3.47359e-05,2.4375,0.0125207
2026-03-02 00:00:00+00:00,-0.0038331,0.928881,0.00854472,-0.00694179,-0.00836135,0.166083,5.31441e-05,6.64301e-06,2.58144e-05,4.81845e-05,-0.00380108,2.8125,0.0124215
2026-03-03 00:00:00+00:00,-0.00462643,0.924584,0.00506035,-0.00150962,-0.001787,0.122315,3.9138e-05,4.89225e-06,1.4367e-05,4.93306e-05,-0.00462637,2.88542,0.0120626
2026-03-04 00:00:00+00:00,0.000749,0.925276,0.00164929,-0.00157246,-0.00368734,0.0469102,1.50114e-05,1.87642e-06,5.95117e-06,1.45224e-05,0.000757257,0.916667,0.0105325
2026-03-05 00:00:00+00:00,0.000301654,0.925555,0.00340744,-0.00318812,-0.004436,0.103982,3.32743e-05,1.36415e-05,8.22484e-06,7.12481e-06,0.000349758,3.0625,0.012654
2026-03-06 00:00:00+00:00,-0.000387575,0.925196,0.00414664,-0.00414664,-0.00430914,0.0963169,3.08212e-05,3.85264e-06,7.05699e-06,3.43184e-06,-0.000349027,1.88542,0.0123042
2026-03-07 00:00:00+00:00,0.000235264,0.925414,0.0024687,1.21127e-05,-0.000120791,0.0720404,2.3053e-05,2.88162e-06,4.75964e-06,5.0286e-06,0.000261,1.61458,0.0129777
2026-03-08 00:00:00+00:00,0.000124734,0.92553,0.00530109,-0.00181188,-0.00408083,0.138004,4.41616e-05,5.5202e-06,7.89729e-06,7.98491e-05,0.000102633,2.20833,0.0141133
2026-03-09 00:00:00+00:00,2.14759e-05,0.925549,0.0076319,0.00333952,0.000488254,0.150792,4.82533e-05,1.37375e-05,1.14556e-05,0.000231092,-0.000135834,2.22917,0.0142259
2026-03-10 00:00:00+00:00,-0.00033229,0.925242,0.00439887,-0.00439794,-0.00461093,0.105773,3.38469e-05,2.07755e-05,6.96425e-06,5.96257e-07,-0.000271176,1.47917,0.0141045
2026-03-11 00:00:00+00:00,0.000478118,0.925684,0.00740338,-0.00692429,-0.00743726,0.150592,4.81894e-05,1.32149e-05,8.60601e-06,5.22968e-06,0.000543416,2.05208,0.0139542
2026-03-12 00:00:00+00:00,-0.00125368,0.924524,0.00333902,-0.00333902,-0.00369713,0.0638299,2.04252e-05,6.7335e-06,3.74609e-06,1.47524e-05,-0.00123806,0.9375,0.0126131
2026-03-13 00:00:00+00:00,0.000184845,0.924695,0.000598579,-0.000598579,-0.000493395,0.0193346,6.1871e-06,1.22921e-06,9.05393e-07,-2.42384e-06,0.000195591,0.40625,0.0121928
2026-03-14 00:00:00+00:00,-5.40525e-05,0.924645,0.000203309,-0.000203309,-0.000191227,0.00566835,1.81387e-06,6.56328e-07,2.16407e-07,-1.68415e-07,-5.11969e-05,0.40625,0.0120529
2026-03-15 00:00:00+00:00,5.65243e-05,0.924697,0.000351341,-0.000351341,-0.000370477,0.0117474,3.75918e-06,5.69819e-07,5.66277e-07,3.33933e-08,6.13864e-05,0.479167,0.012357
2026-03-16 00:00:00+00:00,-0.00109055,0.923689,0.00165302,0.00135379,0.0014619,0.0503426,1.6109e-05,4.94187e-06,5.56176e-06,0.00015782,-0.00122199,0.979167,0.0116696
2026-03-17 00:00:00+00:00,-0.00138095,0.922413,0.00152518,-0.00123913,-0.00200311,0.0420755,1.34636e-05,1.68295e-06,4.91076e-06,-1.04327e-05,-0.00135125,1.22917,0.00924766
2026-03-18 00:00:00+00:00,0.000369823,0.922754,0.000624203,-0.000255602,-0.000436722,0.0235737,7.54361e-06,9.42951e-07,1.74259e-06,-1.91747e-05,0.000399179,0.895833,0.00985928
2026-03-19 00:00:00+00:00,0.000105694,0.922852,0.00159538,-0.00159538,-0.00157709,0.0513868,1.64438e-05,3.09356e-06,3.08214e-06,-1.23039e-05,0.00014067,1.3125,0.00970286
2026-03-20 00:00:00+00:00,0.000265826,0.923097,0.000297658,-8.56151e-05,-3.8655e-05,0.0107427,3.43769e-06,4.29712e-07,5.58305e-07,6.92585e-07,0.000269539,0.645833,0.00820024
2026-03-21 00:00:00+00:00,1.1337e-05,0.923107,0.000198032,-0.000198032,-0.000293194,0.00713071,2.28183e-06,2.85229e-07,3.6511e-07,-1.01247e-07,1.43715e-05,0.34375,0.00820729
2026-03-22 00:00:00+00:00,0,0.923107,0,0,0,0,0,0,0,0,0,0,0.00541123
2026-03-23 00:00:00+00:00,0,0.923107,0,0,0,0,0,0,0,0,0,0,0.00492735
2026-03-24 00:00:00+00:00,0,0.923107,0,0,0,0,0,0,0,0,0,0,0.00526709
2026-03-25 00:00:00+00:00,0,0.923107,0,0,0,0,0,0,0,0,0,0,0.00550458
2026-03-26 00:00:00+00:00,0,0.923107,0,0,0,0,0,0,0,0,0,0,0.00564828
2026-03-27 00:00:00+00:00,0,0.923107,0,0,0,0,0,0,0,0,0,0,0.00585731
2026-03-28 00:00:00+00:00,0,0.923107,0,0,0,0,0,0,0,0,0,0,0.00463107
2026-03-29 00:00:00+00:00,0,0.923107,0,0,0,0,0,0,0,0,0,0,0.00641429
2026-03-30 00:00:00+00:00,0,0.923107,0,0,0,0,0,0,0,0,0,0,0.00717834
2026-03-31 00:00:00+00:00,0,0.923107,0,0,0,0,0,0,0,0,0,0,0.00731951
2026-04-01 00:00:00+00:00,0,0.923107,0,0,0,0,0,0,0,0,0,0,0.00863001
2026-04-02 00:00:00+00:00,-3.29537e-05,0.923077,0.000277532,-0.000277532,-0.00034193,0.0101946,3.26226e-06,5.76837e-07,6.23598e-07,2.35849e-07,-2.87264e-05,0.510417,0.00896764
2026-04-03 00:00:00+00:00,-1.05925e-05,0.923067,0.000392463,-0.000213687,-0.000644141,0.0145696,4.66227e-06,5.82784e-07,2.08774e-06,2.54125e-06,-5.76045e-06,0.427083,0.00883797
2026-04-04 00:00:00+00:00,-0.000831017,0.9223,0.00158141,-0.00158141,-0.00470597,0.0495193,1.58462e-05,1.98078e-06,6.41918e-06,3.43109e-06,-0.00081035,1.19792,0.00869064
2026-04-05 00:00:00+00:00,-1.83488e-05,0.922283,0.000397096,-0.000397096,-0.000824867,0.0135932,4.34982e-06,5.43728e-07,1.98138e-06,1.07669e-06,-1.2531e-05,0.5,0.00746926
2026-04-06 00:00:00+00:00,0.000174799,0.922444,0.000412204,-0.000235735,-0.000203409,0.0164484,5.26349e-06,6.57937e-07,3.74362e-06,-1.2205e-06,0.000185674,0.729167,0.00834518
2026-04-07 00:00:00+00:00,3.49118e-05,0.922477,0.000528539,-0.000528539,-0.00058668,0.018001,5.76024e-06,2.37758e-06,1.95276e-06,-1.52902e-05,6.04496e-05,0.822917,0.00847213
2026-04-08 00:00:00+00:00,0.000256733,0.922713,0.00181761,-0.00139525,-0.00161895,0.0636134,2.03564e-05,2.54455e-06,4.43683e-06,-1.36836e-05,0.000297754,1.64583,0.0100904
2026-04-09 00:00:00+00:00,0.00024416,0.922939,0.00227534,-0.00227534,-0.00362742,0.0582206,1.86306e-05,2.32883e-06,5.29433e-06,-8.43971e-06,0.000279036,1.26042,0.00953717
2026-04-10 00:00:00+00:00,-9.14522e-05,0.922854,0.000204647,0.000204647,0.000546286,0.00697206,2.23104e-06,2.7888e-07,8.07148e-07,7.96841e-06,-9.61037e-05,0.239583,0.00994623
2026-04-11 00:00:00+00:00,0.000358135,0.923185,0.00125014,-0.00125014,-0.00167622,0.0383605,1.22754e-05,1.53443e-06,2.26081e-06,5.80433e-06,0.000368365,0.864583,0.0112922
2026-04-12 00:00:00+00:00,-8.59345e-07,0.923184,1.89612e-05,1.89612e-05,4.43877e-05,0.00182028,5.82489e-07,7.28112e-08,2.04044e-07,0,0,0.0104167,0.0112709
2026-04-13 00:00:00+00:00,0.000122122,0.923297,0.00310726,0.00128663,0.00205212,0.0963391,3.08292e-05,3.55076e-05,1.04526e-05,0.00021875,-1.8653e-05,2.09375,0.0135003
2026-04-14 00:00:00+00:00,-0.0018233,0.921613,0.00700774,-0.00530719,-0.00279878,0.208533,6.67277e-05,2.49831e-05,2.59276e-05,9.33127e-05,-0.00179846,3.58333,0.0153119
2026-04-15 00:00:00+00:00,-0.000178724,0.921449,0.00488332,-0.00408974,-0.00923244,0.147641,4.7245e-05,3.41353e-05,2.89327e-05,7.14849e-05,-0.000139076,3.35417,0.01554
2026-04-16 00:00:00+00:00,-0.000106334,0.921351,0.00292998,-0.00256731,-0.00403614,0.0975165,3.12053e-05,8.44583e-06,1.255e-05,1.77876e-05,-7.17247e-05,2.25,0.0143013
2026-04-17 00:00:00+00:00,0.00223308,0.923408,0.00182042,-0.000402131,-0.00083903,0.0640227,2.04887e-05,1.36139e-05,9.09368e-06,1.72869e-05,0.00225874,2.21875,0.0143202
2026-04-18 00:00:00+00:00,-0.0055858,0.91825,0.00884116,-0.00431392,-0.00290103,0.214655,6.86853e-05,1.11776e-05,2.45456e-05,7.43621e-05,-0.00556685,2.8125,0.0138665
2026-04-19 00:00:00+00:00,0.00319225,0.921181,0.00418007,-0.00381927,-0.012787,0.12345,3.95054e-05,8.57885e-06,1.66455e-05,-8.08901e-07,0.00325466,2,0.0159304
2026-04-20 00:00:00+00:00,0.000971297,0.922076,0.00784244,-0.0055824,-0.0144668,0.230562,7.37813e-05,9.22267e-06,2.40141e-05,1.08755e-05,0.00106824,4.36458,0.018552
2026-04-21 00:00:00+00:00,-0.00179269,0.920423,0.00891245,-0.00842283,-0.0198325,0.218968,7.00701e-05,1.43734e-05,2.1765e-05,6.04503e-05,-0.00174392,3.11458,0.0185332
2026-04-22 00:00:00+00:00,-0.000913314,0.919582,0.0220837,-0.00812478,-0.00351189,0.215626,6.89992e-05,1.0958e-05,1.59002e-05,2.91924e-05,-0.000845229,4.04167,0.0204138
2026-04-23 00:00:00+00:00,0.00146738,0.920932,0.00712826,-0.00693399,-0.00903969,0.188816,6.04217e-05,1.27351e-05,1.48074e-05,-1.14119e-06,0.00155581,2.8125,0.0209424
2026-04-24 00:00:00+00:00,-0.000433936,0.920532,0.0112844,-0.0105213,-0.00823098,0.210416,6.73334e-05,2.35899e-05,1.82774e-05,-1.00515e-05,-0.000312194,3.27083,0.0198312
2026-04-25 00:00:00+00:00,-0.000288328,0.920267,0.012235,-0.012235,-0.0153179,0.121448,3.88636e-05,5.84253e-06,1.02898e-05,2.79591e-05,-0.000259914,2.02083,0.0200099
2026-04-26 00:00:00+00:00,0.000248431,0.920495,0.00520758,-0.00450597,-0.0101331,0.14733,4.71459e-05,5.9026e-06,9.92112e-06,7.94411e-06,0.000303638,2.26042,0.0204879
2026-04-27 00:00:00+00:00,0.00178474,0.922138,0.00843664,-0.000964166,-0.000678316,0.221511,7.08827e-05,9.0321e-06,2.29539e-05,-5.07856e-08,0.00188762,2.09375,0.0212836
2026-04-28 00:00:00+00:00,5.86422e-05,0.922192,0.000554901,-0.000554901,-0.000855061,0.017461,5.58755e-06,6.54572e-06,6.99565e-07,8.6932e-08,7.13872e-05,0.354167,0.0206442
2026-04-29 00:00:00+00:00,-0.00116452,0.921118,0.0110974,-0.0109171,-0.0110725,0.218622,6.99561e-05,1.70054e-05,3.46171e-05,-8.00532e-05,-0.000961826,2.04167,0.0200409
2026-04-30 00:00:00+00:00,0.000307439,0.921402,0.00117511,-0.00117511,-0.00155255,0.0410172,1.31256e-05,1.34305e-05,5.00884e-06,8.68017e-07,0.00033811,1.01042,0.0212486
2026-05-01 00:00:00+00:00,9.37041e-05,0.921488,0.00143352,-0.00143352,-0.00169691,0.0518245,1.65839e-05,6.38332e-06,6.29634e-06,-2.91366e-06,0.000125884,1.21875,0.022108
2026-05-02 00:00:00+00:00,-0.00300674,0.918717,0.0109803,-0.0109803,-0.012977,0.163114,5.21907e-05,6.52383e-06,9.17772e-06,2.2569e-06,-0.00294244,1.78125,0.0210413
2026-05-03 00:00:00+00:00,0.00145296,0.920052,0.0136146,-0.0136146,-0.0225581,0.168915,5.40523e-05,6.75654e-06,1.45649e-05,2.07237e-06,0.00152618,1.5625,0.0229728
2026-05-04 00:00:00+00:00,-0.00408211,0.916296,0.0246166,-0.0175958,-0.0271021,0.375023,0.000120006,2.50319e-05,4.57016e-05,9.13893e-05,-0.00398196,4.48958,0.0241356
2026-05-05 00:00:00+00:00,0.00103876,0.917248,0.0176113,0.000237708,-0.0128236,0.384577,0.000123067,3.43169e-05,3.03241e-05,5.86244e-05,0.00116832,4.83333,0.0246726
2026-05-06 00:00:00+00:00,0.000116208,0.917355,0.00817777,-0.0079574,-0.0125458,0.195438,6.25404e-05,7.81755e-06,1.70545e-05,1.95704e-05,0.000184822,2.76042,0.0243218
2026-05-07 00:00:00+00:00,-0.00207467,0.915452,0.00548285,-0.00420226,-0.00178575,0.153409,4.90895e-05,2.08631e-05,1.60701e-05,-6.82989e-05,-0.00192106,2.51042,0.0231665
2026-05-08 00:00:00+00:00,8.20073e-05,0.915527,0.00621255,-0.00110118,0.00589615,0.179463,5.74284e-05,9.74728e-06,1.26772e-05,9.4931e-06,0.000152583,2.125,0.0220433
2026-05-09 00:00:00+00:00,0.000604719,0.91608,0.0156593,-0.0141893,-0.0116956,0.306826,9.81835e-05,2.01079e-05,2.05926e-05,-1.70676e-05,0.000762433,3.54167,0.0225532
2026-05-10 00:00:00+00:00,0.000698365,0.91672,0.0161064,-0.0109224,-0.0112815,0.31416,0.000100533,1.76687e-05,2.30019e-05,1.93177e-05,0.00082056,3.45833,0.0232936
2026-05-11 00:00:00+00:00,0.00129063,0.917903,0.0217384,-0.00153925,-0.00530216,0.377202,0.000120705,3.79228e-05,3.0925e-05,7.76745e-06,0.00147521,3.65625,0.0247288
2026-05-12 00:00:00+00:00,-0.00106109,0.916929,0.0140177,-0.0109615,-0.0226666,0.346652,0.000110928,3.12576e-05,3.73183e-05,1.0858e-05,-0.000891633,4.15625,0.0241233
2026-05-13 00:00:00+00:00,0.001392,0.918206,0.00782139,-0.00722563,-0.0123793,0.189478,6.06347e-05,2.27833e-05,1.59316e-05,7.04816e-06,0.00148451,2.40625,0.0226629
2026-05-14 00:00:00+00:00,-0.000248915,0.917977,0.00825052,-0.00768948,-0.00875116,0.204401,6.54079e-05,7.62216e-05,2.27625e-05,1.699e-06,-8.5695e-05,2.67708,0.0226178
2026-05-15 00:00:00+00:00,1.84856e-05,0.917994,0.0106739,-0.0052037,-0.00444041,0.231529,7.40892e-05,4.92484e-05,1.14815e-05,-1.65386e-06,0.00015548,2.63542,0.0232487
2026-05-16 00:00:00+00:00,-0.00129006,0.91681,0.00706613,-0.00706613,-0.00636628,0.0861015,2.75524e-05,6.1635e-06,7.11964e-06,-8.79449e-05,-0.00116111,0.947917,0.0220347
2026-05-17 00:00:00+00:00,-0.000267626,0.916564,0.00471162,-0.00471162,-0.00398366,0.102085,3.26665e-05,4.08331e-06,3.28243e-06,1.61191e-06,-0.000229086,0.895833,0.0216253
2026-05-18 00:00:00+00:00,0.00121793,0.917681,0.00579656,-0.00463394,-0.00453053,0.194237,6.21574e-05,8.81382e-06,1.03093e-05,9.37407e-07,0.0012977,2.53125,0.0215084
2026-05-19 00:00:00+00:00,0.000548525,0.918184,0.00462863,-0.00462863,-0.00589216,0.121049,3.87357e-05,4.84197e-06,1.00858e-05,1.16455e-06,0.000601017,1.59375,0.0212893
2026-05-20 00:00:00+00:00,0.000896835,0.919008,0.00590298,-0.00590298,-0.00493206,0.127285,4.07315e-05,9.60612e-06,1.03879e-05,9.02876e-07,0.00095636,1.64583,0.0213338
2026-05-21 00:00:00+00:00,0.000101907,0.919101,0.00343273,-0.00343273,-0.00346465,0.0864875,2.76758e-05,3.45947e-06,4.96691e-06,6.39875e-07,0.000137469,1.17708,0.0211489
2026-05-22 00:00:00+00:00,-0.00126246,0.917941,0.0102373,-0.00844664,-0.010555,0.222353,7.11507e-05,3.67497e-05,2.3821e-05,2.07549e-06,-0.00113239,2.61458,0.0204877
2026-05-23 00:00:00+00:00,-0.000746243,0.917256,0.00646214,-0.00635941,-0.00830737,0.161393,5.16456e-05,4.95419e-05,2.05154e-05,1.99355e-06,-0.000626393,2.04167,0.0193657
2026-05-24 00:00:00+00:00,-0.00125049,0.916109,0.0115009,-0.0115009,-0.0124167,0.240152,7.68495e-05,5.51423e-05,2.65075e-05,3.49188e-06,-0.00109572,2.5,0.0200055
2026-05-25 00:00:00+00:00,0.000259079,0.916346,0.0116292,-0.00565523,-0.00688141,0.292573,9.36249e-05,2.04694e-05,2.87869e-05,2.99036e-06,0.000399934,4.16667,0.0202324
2026-05-26 00:00:00+00:00,0.00038531,0.916699,0.00578826,-0.00421224,-0.00436351,0.152929,4.89376e-05,7.47992e-06,1.22471e-05,3.05401e-06,0.000451045,2.26042,0.0207758
2026-05-27 00:00:00+00:00,0.00245346,0.918948,0.0105883,-0.00996262,-0.0109189,0.258807,8.28214e-05,2.29473e-05,2.40581e-05,3.07812e-06,0.00257787,3.22917,0.0222215
2026-05-28 00:00:00+00:00,0.00192414,0.920717,0.0226934,-0.0153706,-0.0182179,0.379492,0.000121443,3.05906e-05,3.70299e-05,1.84332e-05,0.00209653,4.22917,0.0245702
2026-05-29 00:00:00+00:00,0.00142039,0.922024,0.0158842,-0.0148598,-0.014792,0.336163,0.000107576,5.41087e-05,3.02141e-05,-1.19098e-05,0.00162477,4.48958,0.0253418
2026-05-30 00:00:00+00:00,0.00191381,0.923789,0.0101017,-0.00621138,-0.00580772,0.274065,8.77025e-05,3.02363e-05,2.48644e-05,2.39377e-06,0.00205341,4.10417,0.0243136
2026-05-31 00:00:00+00:00,0.00137563,0.92506,0.0146126,-0.00783111,-0.0076606,0.293886,9.40455e-05,4.88362e-05,1.69643e-05,4.65328e-05,0.00148861,3.98958,0.0237296
2026-06-01 00:00:00+00:00,0.00264788,0.927509,0.0136777,-0.0126653,-0.011959,0.320132,0.000102447,6.46191e-05,3.40396e-05,7.34936e-05,0.00277281,4.55208,0.0225949
2026-06-02 00:00:00+00:00,0.00366993,0.930913,0.0151888,-0.0102882,-0.011492,0.277704,8.8866e-05,4.31135e-05,2.56698e-05,0.000332193,0.00349298,4.47917,0.019699
2026-06-03 00:00:00+00:00,0.000600002,0.931472,0.0132617,-0.0123549,-0.0119482,0.26074,8.34382e-05,1.65e-05,2.68998e-05,9.57879e-05,0.000633582,5.23958,0.0177938
2026-06-04 00:00:00+00:00,0.000420575,0.931863,0.0073416,-0.00645575,-0.00496824,0.152969,4.89505e-05,9.43322e-06,2.72256e-05,7.95583e-05,0.000426997,3.66667,0.01646
2026-06-05 00:00:00+00:00,0.00185578,0.933593,0.00535063,-0.00440988,-0.0061371,0.113983,3.64754e-05,1.64715e-05,1.52773e-05,3.68789e-06,0.00191924,3.85417,0.016179
2026-06-06 00:00:00+00:00,-0.00327745,0.930533,0.00835022,-0.00445043,-0.00615891,0.167967,5.37481e-05,7.19232e-06,1.94217e-05,2.6031e-05,-0.00322738,3.28125,0.0160686
2026-06-07 00:00:00+00:00,-0.00130908,0.929315,0.00615051,-0.00589547,-0.00702399,0.121031,3.8729e-05,4.87643e-06,1.49937e-05,1.54517e-05,-0.00126532,2.23958,0.0132143
2026-06-08 00:00:00+00:00,0.000679925,0.929947,0.0040943,-0.00386793,-0.00456656,0.0975144,3.12047e-05,3.90244e-06,1.03998e-05,1.95533e-06,0.000723538,2.5,0.0138267
2026-06-09 00:00:00+00:00,0.000118875,0.930057,0.00389373,-0.00352423,-0.00416391,0.0940487,3.00955e-05,3.7931e-06,9.37378e-06,2.14322e-06,0.000160248,3.1875,0.0146121
2026-06-10 00:00:00+00:00,0.000210327,0.930253,0.00398756,-0.00259041,-0.00264288,0.101576,3.25048e-05,2.61697e-05,9.24763e-06,1.37369e-05,0.000265025,2.41667,0.0162981
2026-06-11 00:00:00+00:00,-0.000870073,0.929443,0.00801959,-0.00801269,-0.0107825,0.168248,5.38395e-05,3.97835e-05,1.49114e-05,1.41269e-05,-0.00077542,2.88542,0.0180875
2026-06-12 00:00:00+00:00,8.44915e-05,0.929522,0.0111815,-0.00929072,-0.0107841,0.205437,6.57397e-05,1.53982e-05,1.60844e-05,1.50727e-05,0.000167802,3.04167,0.0189376
2026-06-13 00:00:00+00:00,-1.36939e-05,0.929509,0.00498885,-0.00459624,-0.00571286,0.114785,3.67308e-05,1.18291e-05,5.58783e-06,1.74316e-06,3.88344e-05,2.61458,0.0188395
2026-06-14 00:00:00+00:00,0.000410466,0.929891,0.00473284,-0.00473284,-0.00510479,0.105082,3.36262e-05,1.06424e-05,8.6264e-06,1.36106e-06,0.000462043,2.26042,0.0183674
2026-06-15 00:00:00+00:00,0.00072205,0.930562,0.00595263,-0.00335453,-0.00462601,0.153599,4.91521e-05,2.21583e-05,2.19099e-05,0.000285788,0.000529737,4.04167,0.0180361
2026-06-16 00:00:00+00:00,-0.00101277,0.92962,0.00624489,-0.00624489,-0.0113845,0.143649,4.59671e-05,9.46046e-06,1.81706e-05,5.4741e-06,-0.000944324,3.05208,0.0159232
2026-06-17 00:00:00+00:00,-0.00284236,0.926977,0.00360638,-0.00329816,-0.00653948,0.0814217,2.6054e-05,1.34688e-05,1.48634e-05,3.44606e-05,-0.00282264,1.94792,0.0148472
2026-06-18 00:00:00+00:00,-0.00165194,0.925446,0.00487748,-0.00465164,-0.00865387,0.120579,3.85849e-05,5.15255e-06,1.62664e-05,2.37102e-05,-0.00161524,2.35417,0.0128966
2026-06-19 00:00:00+00:00,0.00177627,0.92709,0.00549716,-0.00529092,-0.0117561,0.143581,4.59465e-05,1.03319e-05,1.74869e-05,2.98852e-05,0.00181947,2.76042,0.014079
2026-06-20 00:00:00+00:00,0.000883477,0.927909,0.00797445,-0.00386634,-0.00737364,0.183592,5.875e-05,1.05232e-05,1.63227e-05,0.000223448,0.000745688,3.38542,0.0171879
2026-06-21 00:00:00+00:00,0.000653938,0.928516,0.00509572,-0.00343197,-0.0057071,0.120033,3.84108e-05,4.80135e-06,8.23853e-06,2.12949e-05,0.000684063,2.54167,0.0178397
2026-06-22 00:00:00+00:00,0.00054566,0.929022,0.00626193,-0.00424087,-0.00397834,0.12392,3.96545e-05,1.30582e-05,7.94667e-06,6.50425e-05,0.000541815,3.23958,0.0187166
2026-06-23 00:00:00+00:00,-0.000147999,0.928885,0.010029,-0.010029,-0.0188931,0.209463,6.70281e-05,1.29029e-05,1.63764e-05,6.49095e-05,-0.000114731,4.08333,0.0178032
2026-06-24 00:00:00+00:00,0.00131356,0.930105,0.00593109,-0.00593109,-0.0117244,0.127075,4.06645e-05,5.12886e-06,9.71076e-06,1.57178e-05,0.00135302,2.33333,0.0170104
2026-06-25 00:00:00+00:00,0.000941492,0.930981,0.0073716,-0.0073716,-0.0163129,0.156369,5.00387e-05,1.71284e-05,1.9134e-05,1.07343e-05,0.00101816,2.5,0.0171639
2026-06-26 00:00:00+00:00,-0.00173594,0.929365,0.00818908,-0.00818908,-0.0102517,0.147188,4.70993e-05,1.78656e-05,1.45979e-05,1.06413e-05,-0.00166738,2.5625,0.016103
2026-06-27 00:00:00+00:00,-0.0058011,0.923973,0.00681416,-0.006578,-0.00523065,0.113346,3.62675e-05,1.3719e-05,1.43998e-05,3.5908e-05,-0.00578622,1.58333,0.015581
2026-06-28 00:00:00+00:00,-0.000305975,0.923691,0.00347213,-0.00347213,-0.00468975,0.0886974,2.83829e-05,4.38558e-06,1.17163e-05,1.30576e-05,-0.000274359,1.26042,0.0148578
2026-06-29 00:00:00+00:00,0.000373201,0.924035,0.00521132,-0.00448532,-0.00363551,0.124133,3.97224e-05,7.80121e-06,1.5403e-05,7.01982e-07,0.000436519,2.14583,0.0150138
2026-06-30 00:00:00+00:00,-0.000912358,0.923192,0.00690941,-0.00690941,-0.0104848,0.15099,4.83167e-05,1.69341e-05,1.91213e-05,7.65154e-06,-0.000835006,1.875,0.0141535
2026-07-01 00:00:00+00:00,-0.000126598,0.923075,0.00161042,-0.000933482,-0.00147576,0.0510348,1.6331e-05,3.02308e-06,3.92715e-06,3.58542e-07,-0.000103648,1.17708,0.0135725
2026-07-02 00:00:00+00:00,-0.000856539,0.922285,0.0026102,-0.00157274,-0.000501068,0.0815259,2.60878e-05,2.02549e-05,1.09898e-05,3.52455e-07,-0.000799486,1.83333,0.0133038
2026-07-03 00:00:00+00:00,0.000341027,0.922599,0.0012077,-0.000833425,-0.000823183,0.0378731,1.21195e-05,5.28374e-06,2.50547e-06,9.00677e-06,0.000351914,1.16667,0.0131596
2026-07-04 00:00:00+00:00,-0.00399979,0.918909,0.00340958,-0.00340958,-0.0074831,0.0870782,2.78632e-05,3.70485e-06,7.97954e-06,-1.38679e-05,-0.00395322,1.21875,0.0121495
2026-07-05 00:00:00+00:00,0.000176011,0.919071,0.000722207,-0.000722207,-0.00226625,0.0267371,8.55589e-06,1.06949e-06,2.4872e-06,-3.26634e-06,0.000191412,0.84375,0.0121158
2026-07-06 00:00:00+00:00,-0.000140688,0.918941,0.0034039,0.000535778,6.0411e-05,0.093547,2.9935e-05,3.74187e-06,8.02771e-06,0.00030692,-0.000405454,1.5,0.0140533
2026-07-07 00:00:00+00:00,-0.00188951,0.917205,0.00366386,0.00209159,0.00872116,0.0962826,3.08089e-05,3.85111e-06,6.97111e-06,0.00100973,-0.00285682,1.25,0.0154937
2026-07-08 00:00:00+00:00,0.00177948,0.918837,0.00226845,-0.00226845,-0.00634458,0.0829457,2.6543e-05,8.61456e-06,9.70556e-06,3.29981e-07,0.0018228,1.8125,0.0158521
2026-07-09 00:00:00+00:00,-0.00137486,0.917574,0.00510878,-0.00510878,-0.0114375,0.129384,4.1402e-05,1.7469e-05,2.97816e-05,2.3446e-05,-0.0013073,1.64583,0.0173451
2026-07-10 00:00:00+00:00,0.00099749,0.918489,0.00202194,-0.00202194,-0.00602676,0.0706063,2.25945e-05,2.07382e-05,7.53448e-06,2.96159e-06,0.00104529,1.65625,0.0164313
2026-07-11 00:00:00+00:00,0.000148911,0.918626,0.000582828,-0.000582828,-0.00106391,0.0220932,7.06982e-06,4.60087e-06,1.33138e-06,1.62602e-07,0.000161749,0.78125,0.0167932
2026-07-12 00:00:00+00:00,0.000319574,0.91892,0.00138658,-0.00138658,-0.00289566,0.0454424,1.45415e-05,9.03526e-06,5.95734e-06,4.24804e-07,0.00034895,0.71875,0.0169564
2026-07-13 00:00:00+00:00,-7.153e-05,0.918854,0.00506348,-0.00466635,-0.011096,0.125541,4.01732e-05,5.02165e-06,1.93602e-05,8.84329e-07,-7.42372e-06,1.55208,0.0170541
2026-07-14 00:00:00+00:00,0.000828154,0.919615,0.00526379,-0.00495563,-0.0131918,0.177317,5.67423e-05,1.32677e-05,2.16986e-05,8.59013e-06,0.00091269,3.22917,0.0174445
2026-07-15 00:00:00+00:00,0.000629404,0.920194,0.00209822,-0.00191051,-0.00411427,0.0680833,2.17867e-05,4.39812e-06,8.19921e-06,2.40164e-06,0.000661281,1.98958,0.0187817
2026-07-16 00:00:00+00:00,0.000985043,0.9211,0.00343898,-0.00343898,-0.00514538,0.102873,3.29199e-05,5.31031e-05,2.64524e-05,1.02642e-05,0.00108983,1.77083,0.0184616
2026-07-17 00:00:00+00:00,0.000482684,0.921545,0.00643574,-0.00546663,-0.00628901,0.166932,5.34185e-05,6.91695e-06,2.34746e-05,1.37963e-05,0.000552821,2.63542,0.0179546
2026-07-18 00:00:00+00:00,0.00122708,0.922675,0.0104254,-0.00984898,-0.0143672,0.121077,3.87455e-05,2.24277e-05,2.41115e-05,-1.56582e-06,0.001315,1.6875,0.0201287
2026-07-19 00:00:00+00:00,-0.000911442,0.921835,0.00633971,-0.00396114,-0.00569064,0.169251,5.41596e-05,1.47576e-05,3.91043e-05,9.70228e-05,-0.000899366,2.85417,0.0220001
2026-07-20 00:00:00+00:00,0.00123278,0.922971,0.00932797,-0.00849184,-0.00966486,0.248767,7.96077e-05,2.36191e-05,2.99881e-05,-1.42504e-06,0.0013687,3.65625,0.0225703
2026-07-21 00:00:00+00:00,0.00182948,0.924659,0.00730019,-0.00508961,-0.00663008,0.181946,5.82244e-05,7.63792e-06,2.10312e-05,-1.27551e-05,0.00192802,3.69792,0.0227092
2026-07-22 00:00:00+00:00,-0.000154524,0.924517,0.0110683,-0.0110683,-0.0229566,0.235266,7.52843e-05,1.16879e-05,2.81956e-05,-1.97198e-05,-1.64666e-05,3.82292,0.0223135
2026-07-23 00:00:00+00:00,0.000703555,0.925167,0.00639732,-0.00527139,-0.011069,0.183486,5.87153e-05,1.75734e-05,2.22316e-05,-1.11893e-05,0.000813397,3.75,0.0216244
2026-07-24 00:00:00+00:00,0.00261073,0.927582,0.0133121,-0.0112505,-0.017522,0.290346,9.29147e-05,2.95146e-05,5.00829e-05,-6.70018e-05,0.00285132,4.63542,0.0203434
2026-07-25 00:00:00+00:00,0.00012801,0.927701,0.0144105,-0.0144105,-0.0155293,0.228958,7.32673e-05,4.1434e-05,4.04883e-05,-8.52403e-05,0.000370207,2.97917,0.0192329
2026-07-26 00:00:00+00:00,0.000374635,0.928049,0.00664071,-0.0024884,-0.00699822,0.153183,4.90186e-05,7.63214e-06,1.46843e-05,0.000145834,0.000300329,2.73958,0.0192211
2026-07-27 00:00:00+00:00,0.00121897,0.92918,0.00931239,-0.00331325,-0.00978278,0.217149,6.94889e-05,5.06721e-05,2.63758e-05,2.26173e-05,0.00134276,4.75,0.0204154
2026-07-28 00:00:00+00:00,-0.000591789,0.92863,0.013094,-0.0108868,-0.00887581,0.238526,7.63282e-05,1.93907e-05,3.36417e-05,-9.81281e-05,-0.000362438,3.47917,0.0186587
2026-07-29 00:00:00+00:00,0.00101419,0.929572,0.00814114,-0.00671038,-0.005866,0.179478,5.74327e-05,7.69891e-06,2.25257e-05,8.91734e-06,0.00109302,3.625,0.0194309
2026-07-30 00:00:00+00:00,-0.00435155,0.925527,0.0161468,0.000818643,0.00690524,0.299444,9.58168e-05,1.39614e-05,2.55447e-05,0.000492595,-0.00471409,4,0.0196477
2026-07-31 00:00:00+00:00,0.000500188,0.92599,0.0120946,-0.0103842,-0.0149703,0.228351,7.30729e-05,2.15073e-05,1.83882e-05,-1.52525e-06,0.000615325,3.63542,0.0186605
2026-08-01 00:00:00+00:00,0.0010262,0.92694,0.003715,-0.00217837,-0.00460013,0.0979049,3.133e-05,2.77526e-05,1.20984e-05,5.30239e-06,0.00109188,2.23958,0.0182168
2026-08-02 00:00:00+00:00,0.000444977,0.927352,0.00398632,-0.00115515,-0.00459365,0.102579,3.28254e-05,8.39887e-06,7.34364e-06,5.54647e-05,0.000438599,2.10417,0.0178312
2026-08-03 00:00:00+00:00,9.38087e-05,0.927439,0.0063801,0.00131823,-0.00287639,0.163698,5.23832e-05,9.40799e-06,1.61471e-05,2.08104e-06,0.0001698,2.6875,0.019581
2026-08-04 00:00:00+00:00,-0.00126695,0.926264,0.0148822,-0.0141792,-0.0262951,0.224931,7.19777e-05,1.15474e-05,2.12312e-05,-0.000166909,-0.000992409,3.39583,0.0191878
2026-08-05 00:00:00+00:00,-0.000183018,0.926095,0.0105525,-0.0105525,-0.0229635,0.158772,5.08056e-05,2.55995e-05,2.35139e-05,6.13008e-05,-0.000139679,2.94792,0.0195331
2026-08-06 00:00:00+00:00,-0.00139106,0.924807,0.00554707,-0.00554707,-0.0168119,0.145171,4.64525e-05,4.78916e-05,1.83591e-05,1.37155e-05,-0.0012871,3.44792,0.0195122
2026-08-07 00:00:00+00:00,6.18239e-05,0.924864,0.00246627,-0.00246627,-0.00456108,0.0658226,2.10632e-05,5.33123e-06,3.11484e-06,1.7017e-06,8.96642e-05,1.86458,0.0193817
2026-08-08 00:00:00+00:00,8.69268e-05,0.924944,0.000826819,-0.000826819,-0.000783092,0.0297484,9.51943e-06,3.92062e-06,3.98467e-06,2.31385e-06,0.000102044,0.416667,0.0198759
2026-08-09 00:00:00+00:00,0.000872786,0.925752,0.00645383,-0.00645383,-0.0103289,0.104868,3.35584e-05,5.28795e-06,1.05225e-05,3.09255e-06,0.000919127,1.63542,0.0211144
2026-08-10 00:00:00+00:00,0.00183729,0.927452,0.0117461,-0.00984315,-0.00883301,0.270357,8.65185e-05,1.8645e-05,3.25921e-05,2.42185e-05,0.00195099,4.33333,0.021889
2026-08-11 00:00:00+00:00,0.00125223,0.928614,0.0104516,-0.0099454,-0.0113968,0.243792,7.80141e-05,1.8202e-05,2.32984e-05,1.27872e-05,0.00135914,5.26042,0.0227996
2026-08-12 00:00:00+00:00,0.000553674,0.929128,0.0103301,-0.00937157,-0.0130899,0.195287,6.24914e-05,7.97178e-06,1.70668e-05,-0.000116732,0.000759746,3.70833,0.0221775
2026-08-13 00:00:00+00:00,0.00114608,0.930193,0.0208258,-0.0087273,-0.0129581,0.333059,0.000106581,1.36377e-05,2.51183e-05,-3.90072e-05,0.00133215,4.45833,0.0213241
2026-08-14 00:00:00+00:00,-0.000856404,0.929396,0.0152396,-0.0140144,-0.0289095,0.309393,9.90036e-05,3.65644e-05,3.94864e-05,-6.89565e-05,-0.00060892,4.61458,0.0213989
2026-08-15 00:00:00+00:00,0.00354321,0.932689,0.0163758,-0.0123703,-0.029339,0.26744,8.55837e-05,1.13641e-05,2.62192e-05,-2.15204e-05,0.00368357,5.54167,0.0229698
2026-08-16 00:00:00+00:00,0.0019343,0.934493,0.0174998,-0.0174998,-0.0301049,0.27405,8.76982e-05,1.22929e-05,2.83535e-05,-4.60721e-05,0.0021077,5.05208,0.0247764
2026-08-17 00:00:00+00:00,0.0021112,0.936466,0.0378011,-0.0222698,-0.0420487,0.51646,0.000165268,4.32187e-05,5.34409e-05,-1.60349e-05,0.0023957,7.58333,0.0257267
2026-08-18 00:00:00+00:00,0.00191036,0.938255,0.0275352,-0.0142937,-0.0279814,0.369132,0.000118127,4.84032e-05,3.38047e-05,-3.25222e-05,0.00214397,7.28125,0.0269031
2026-08-19 00:00:00+00:00,0.00120623,0.939387,0.0435344,-0.0309274,-0.0132621,0.553417,0.000177093,4.89376e-05,4.50127e-05,3.00702e-05,0.00144956,7.21875,0.0279693
2026-08-20 00:00:00+00:00,0.00204376,0.941307,0.0656346,-0.00668797,-0.00815231,0.7475,0.000239197,5.83852e-05,4.79351e-05,-1.1643e-05,0.00240354,11.9271,0.0287023
2026-08-21 00:00:00+00:00,-0.00400897,0.937533,0.0738985,-0.0129887,-0.0274452,0.869311,0.000278166,8.25943e-05,4.76862e-05,-0.000191798,-0.00340777,11.8542,0.0291635
2026-08-22 00:00:00+00:00,-0.00573021,0.932161,0.0646005,0.0116741,-0.0115077,0.701838,0.000224599,7.11102e-05,3.4446e-05,-3.71109e-05,-0.00535725,11.5521,0.0280272
2026-08-23 00:00:00+00:00,0.00136327,0.933432,0.014578,-0.00293193,-0.0118739,0.234361,7.49957e-05,1.01279e-05,1.75839e-05,3.33156e-06,0.00146408,3.88542,0.0276992
2026-08-24 00:00:00+00:00,-0.00194137,0.93162,0.0203801,0.00686949,-0.000322579,0.417424,0.000133564,4.32166e-05,3.23747e-05,2.21834e-05,-0.00175248,4.6875,0.0280619
2026-08-25 00:00:00+00:00,0.000913317,0.93247,0.0186734,-0.00255531,-0.00317231,0.326293,0.000104414,3.31433e-05,2.07512e-05,7.86829e-06,0.0010639,4.64583,0.0278953
2026-08-26 00:00:00+00:00,-7.058e-05,0.932405,0.00972314,-0.00768186,-0.0107511,0.181965,5.82285e-05,3.76154e-05,1.52573e-05,5.28617e-06,3.5595e-05,3.70833,0.0271471
2026-08-27 00:00:00+00:00,0.000461962,0.932835,0.0263194,-0.0171151,-0.0298011,0.34836,0.00011148,4.59582e-05,2.75496e-05,1.97799e-05,0.000632161,5.6875,0.0273209
2026-08-28 00:00:00+00:00,-0.00226869,0.930719,0.0418031,-0.0169638,-0.0330578,0.460633,0.000147391,2.59283e-05,3.25311e-05,9.69329e-06,-0.00206984,6.77083,0.0268312
2026-08-29 00:00:00+00:00,0.00198265,0.932564,0.0221575,-0.020296,-0.0232832,0.321629,0.000102926,3.14905e-05,2.99093e-05,4.43295e-05,0.00210505,4.90625,0.0242256
2026-08-30 00:00:00+00:00,0.00228135,0.934692,0.0182874,-0.0159231,-0.0175778,0.27867,8.91769e-05,4.62371e-05,3.10643e-05,1.99664e-05,0.00242707,5.41667,0.0247538
2026-08-31 00:00:00+00:00,0.00353287,0.937994,0.0242826,-0.0108168,-0.0144062,0.374903,0.000119971,3.312e-05,4.60097e-05,0.00012303,0.00361071,7.88043,0.0258267
