,return,equity,gross,net,beta_exposure,turnover,fees,spread,impact,funding,gross_pnl,pnl_long,pnl_short,n_positions,stops,ic_est
2023-07-31 00:00:00+00:00,0,1,0,0,0,0,0,0,0,0,0,0,0,0,0,0
2023-08-01 00:00:00+00:00,0,1,0,0,0,0,0,0,0,0,0,0,0,0,0,7.24939e-05
2023-08-02 00:00:00+00:00,0,1,0,0,0,0,0,0,0,0,0,0,0,0,0,0
2023-08-03 00:00:00+00:00,0,1,0,0,0,0,0,0,0,0,0,0,0,0,0,0
2023-08-04 00:00:00+00:00,0,1,0,0,0,0,0,0,0,0,0,0,0,0,0,0
2023-08-05 00:00:00+00:00,0,1,0,0,0,0,0,0,0,0,0,0,0,0,0,0.00152153
2023-08-06 00:00:00+00:00,0,1,0,0,0,0,0,0,0,0,0,0,0,0,0,4.19784e-05
2023-08-07 00:00:00+00:00,0,1,0,0,0,0,0,0,0,0,0,0,0,0,0,0
2023-08-08 00:00:00+00:00,0,1,0,0,0,0,0,0,0,0,0,0,0,0,0,0
2023-08-09 00:00:00+00:00,0,1,0,0,0,0,0,0,0,0,0,0,0,0,0,0
2023-08-10 00:00:00+00:00,0,1,0,0,0,0,0,0,0,0,0,0,0,0,0,0
2023-08-11 00:00:00+00:00,0,1,0,0,0,0,0,0,0,0,0,0,0,0,0,0
2023-08-12 00:00:00+00:00,0,1,0,0,0,0,0,0,0,0,0,0,0,0,0,0
2023-08-13 00:00:00+00:00,0,1,0,0,0,0,0,0,0,0,0,0,0,0,0,0
2023-08-14 00:00:00+00:00,0,1,0,0,0,0,0,0,0,0,0,0,0,0,0,0
2023-08-15 00:00:00+00:00,0,1,0,0,0,0,0,0,0,0,0,0,0,0,0,0
2023-08-16 00:00:00+00:00,0,1,0,0,0,0,0,0,0,0,0,0,0,0,0,0
2023-08-17 00:00:00+00:00,0,1,0,0,0,0,0,0,0,0,0,0,0,0,0,0
2023-08-18 00:00:00+00:00,0,1,0,0,0,0,0,0,0,0,0,0,0,0,0,0
2023-08-19 00:00:00+00:00,0,1,0,0,0,0,0,0,0,0,0,0,0,0,0,0
2023-08-20 00:00:00+00:00,0,1,0,0,0,0,0,0,0,0,0,0,0,0,0,0
2023-08-21 00:00:00+00:00,0,1,0,0,0,0,0,0,0,0,0,0,0,0,0,0
2023-08-22 00:00:00+00:00,0,1,0,0,0,0,0,0,0,0,0,0,0,0,0,0
2023-08-23 00:00:00+00:00,0,1,0,0,0,0,0,0,0,0,0,0,0,0,0,0
2023-08-24 00:00:00+00:00,0,1,0,0,0,0,0,0,0,0,0,0,0,0,0,0
2023-08-25 00:00:00+00:00,0,1,0,0,0,0,0,0,0,0,0,0,0,0,0,0
2023-08-26 00:00:00+00:00,0,1,0,0,0,0,0,0,0,0,0,0,0,0,0,9.68204e-06
2023-08-27 00:00:00+00:00,0,1,0,0,0,0,0,0,0,0,0,0,0,0,0,0.00265747
2023-08-28 00:00:00+00:00,0,1,0,0,0,0,0,0,0,0,0,0,0,0,0,0.000691174
2023-08-29 00:00:00+00:00,0,1,0,0,0,0,0,0,0,0,0,0,0,0,0,0
2023-08-30 00:00:00+00:00,0,1,0,0,0,0,0,0,0,0,0,0,0,0,0,0
2023-08-31 00:00:00+00:00,0,1,0,0,0,0,0,0,0,0,0,0,0,0,0,0
2023-09-01 00:00:00+00:00,0,1,0,0,0,0,0,0,0,0,0,0,0,0,0,0.00170009
2023-09-02 00:00:00+00:00,-0.000264513,0.999735,0.00681444,-0.000621262,-0.000579032,0.0163684,5.23784e-06,6.5473e-07,6.15055e-07,-6.96775e-07,-0.000257324,-5.07318e-05,-0.000206592,1.25,0,0.00787988
2023-09-03 00:00:00+00:00,0.000281527,1.00002,0.0165042,-0.00377675,-0.00396943,0,0,0,0,-1.49141e-06,0.000283017,4.03493e-05,0.000242668,2,0,0.00978013
2023-09-04 00:00:00+00:00,0.00078736,1.0008,0.0232257,-0.000878378,-0.0022061,0.00992909,3.17741e-06,6.69947e-07,4.39969e-07,7.36097e-06,0.00078406,0.000723819,6.02405e-05,3.5,0,0.00950824
2023-09-05 00:00:00+00:00,0.00017474,1.00098,0.0343646,-0.00193854,-0.00537026,0.0132652,4.24481e-06,1.22297e-06,3.75348e-07,3.18309e-05,0.000148855,0.000433162,-0.000284306,4.91667,0,0.0107054
2023-09-06 00:00:00+00:00,-0.000165956,1.00081,0.0407936,-0.00369728,-0.00791717,0.00215742,6.90325e-07,8.62906e-08,4.53334e-08,5.01112e-06,-0.000170081,-0.000290474,0.000120394,6,0,0.00898113
2023-09-07 00:00:00+00:00,0.00251534,1.00333,0.0567124,-0.00156061,-0.00695811,0.0284625,9.10888e-06,1.54289e-06,9.36087e-07,7.70265e-05,0.00244726,0.00282817,-0.000380905,6.70833,0,0.0116314
2023-09-08 00:00:00+00:00,-0.000162726,1.00317,0.0716087,0.00589826,0.00412585,0.00823432,2.6352e-06,3.294e-07,3.90146e-07,0.000440252,-0.00059914,-0.000828862,0.000229722,7.41667,0,0.0130989
2023-09-09 00:00:00+00:00,0.000868713,1.00404,0.0891975,0.00206618,0.00798149,0.0164067,5.24974e-06,6.56217e-07,7.40063e-07,0.000712918,0.000163097,-0.000226791,0.000389888,9,0,0.0140729
2023-09-10 00:00:00+00:00,0.00512002,1.00918,0.109199,0.00863286,-0.00319368,0.0358849,1.14873e-05,4.56651e-06,1.85571e-06,0.000929518,0.00419771,0.00139879,0.00279892,10.8125,0,0.0138473
2023-09-11 00:00:00+00:00,-0.000108465,1.00907,0.155477,0.0204995,0.0170697,0.0930029,2.97511e-05,8.70161e-06,7.05062e-06,0.000519551,-0.000580135,-0.0040324,0.00339897,14.4792,0,0.0163134
2023-09-12 00:00:00+00:00,0.00506812,1.01418,0.205984,0.0228771,0.0133609,0.035115,1.12369e-05,1.97541e-06,1.79706e-06,0.00135952,0.00371291,0.00486297,-0.00115006,17.9792,0,0.0149529
2023-09-13 00:00:00+00:00,0.00282182,1.01705,0.205105,0.0218099,0.00957434,0.0388914,1.24469e-05,1.55587e-06,1.69633e-06,0.00163663,0.0012055,0.00330193,-0.00209643,18.9583,0,0.0146724
2023-09-14 00:00:00+00:00,0.00687033,1.02403,0.239493,0.0207206,0.0103357,0.0726927,2.32617e-05,6.27465e-06,2.98186e-06,0.00172333,0.00516511,0.00458194,0.000583175,20.5833,0,0.0188285
2023-09-15 00:00:00+00:00,0.0106606,1.03495,0.305706,0.01233,0.00580644,0.0816128,2.6127e-05,8.72577e-06,3.18404e-06,0.00200348,0.00864866,0.0133479,-0.00469922,21,0,0.0247582
2023-09-16 00:00:00+00:00,0.00223427,1.03726,0.385783,-0.00856914,-0.000524177,0.140019,4.4802e-05,1.55385e-05,6.70939e-06,0.00178536,0.000525624,-0.00198421,0.00250983,21.7083,0,0.029251
2023-09-17 00:00:00+00:00,-0.0104588,1.02641,0.502153,-0.0253281,0.000940105,0.150322,4.80759e-05,2.17508e-05,6.48584e-06,0.00181301,-0.0122302,-0.0168294,0.00459917,22,0,0.0335284
2023-09-18 00:00:00+00:00,0.00187441,1.02834,0.64567,-0.0226147,0.0193288,0.192155,6.14749e-05,4.9576e-05,2.23471e-05,0.000660641,0.00137249,0.00695285,-0.00551691,22.9583,0,0.0342957
2023-09-19 00:00:00+00:00,0.00843419,1.03701,0.686742,-0.00581741,0.0137022,0.0658349,2.108e-05,1.20862e-05,2.37033e-06,0.000372094,0.00807647,0.0181666,-0.0100901,23.125,0,0.0341419
2023-09-20 00:00:00+00:00,0.0074557,1.04474,0.764458,0.0266426,0.0356007,0.143294,4.5845e-05,1.85297e-05,4.63297e-06,0.000493277,0.00702026,0.00110656,0.00591371,24,0,0.0357824
2023-09-21 00:00:00+00:00,-0.00768919,1.03671,0.931241,0.0816666,0.0466984,0.268681,8.59474e-05,2.16543e-05,1.17141e-05,0.000247893,-0.00782006,-0.0205914,0.0127714,24.625,0,0.0376721
2023-09-22 00:00:00+00:00,-0.0215055,1.01441,1.02378,0.058329,0.0360362,0.194122,6.2023e-05,2.64909e-05,1.14249e-05,0.000258787,-0.0218562,0.000842347,-0.0226986,26.2708,0,0.034905
2023-09-23 00:00:00+00:00,0.00231736,1.01677,1.03074,0.037376,0.0271286,0.148891,4.766e-05,8.18954e-06,9.74887e-06,0.000180457,0.00220697,-0.00254538,0.00475235,27,0,0.0287622
2023-09-24 00:00:00+00:00,0.000835307,1.01761,1.03323,0.034585,0.0185026,0.164081,5.25008e-05,1.35341e-05,6.52982e-06,9.72994e-05,0.000819886,-0.00864778,0.00946766,27.2083,0,0.0285089
2023-09-25 00:00:00+00:00,0.00985709,1.02765,1.04062,0.0509942,0.0152875,0.224984,7.20386e-05,4.82057e-05,1.27732e-05,0.000132206,0.00982375,0.0172776,-0.0074834,28,0,0.029996
2023-09-26 00:00:00+00:00,0.00716147,1.035,1.09721,0.0685404,0.0340131,0.195955,6.27917e-05,2.65802e-05,1.01089e-05,-0.000151426,0.00741489,0.00562339,0.0017915,28,0,0.0322837
2023-09-27 00:00:00+00:00,0.00897591,1.04429,1.10467,0.0710169,0.0500244,0.165255,5.2873e-05,1.56201e-05,6.8161e-06,9.53969e-05,0.00894138,0.00963467,-0.00069329,28,0,0.032608
2023-09-28 00:00:00+00:00,-0.00865559,1.03526,1.07226,0.0543076,0.057011,0.167727,5.36418e-05,3.61516e-05,7.39729e-06,0.00032428,-0.00889821,0.0070582,-0.0159564,28,0,0.033353
2023-09-29 00:00:00+00:00,-0.0090212,1.02592,1.11868,0.0162091,0.0429464,0.337542,0.000107941,3.34859e-05,1.47046e-05,0.000146973,-0.009013,0.00370036,-0.0127134,28.4792,0,0.0330196
2023-09-30 00:00:00+00:00,0.00525372,1.03131,0.963923,-0.000855978,0.0132363,0.382314,0.000122322,3.67684e-05,1.19576e-05,0.000411576,0.00501613,0.00730565,-0.00228952,29.9583,0,0.0306469
2023-10-01 00:00:00+00:00,-0.0232791,1.0073,0.932893,-0.0362568,-0.00193036,0.331206,0.000109049,3.00564e-05,1.32035e-05,9.61099e-05,-0.0234614,0.0113588,-0.0348202,29.9583,1,0.0303926
2023-10-02 00:00:00+00:00,0.00468616,1.01202,1.03119,-0.0401292,-0.0152121,0.510655,0.000163503,2.15386e-05,7.02912e-05,0.000108947,0.00483478,-0.0171908,0.0218312,28.1458,0,0.0273212
2023-10-03 00:00:00+00:00,-0.00481983,1.00714,1.04924,-0.0262569,-0.0224215,0.216085,6.91543e-05,1.82269e-05,8.63259e-06,-3.37626e-05,-0.00468787,-0.00960756,0.0049197,29,0,0.0256139
2023-10-04 00:00:00+00:00,-0.00242305,1.0047,1.05877,-0.0401512,-0.014179,0.206497,6.60725e-05,1.38002e-05,7.37412e-06,-2.67102e-05,-0.00230094,-0.00403051,0.00172957,29,0,0.024169
2023-10-05 00:00:00+00:00,0.003735,1.00845,1.01459,-0.0276131,-0.0126745,0.153402,4.90984e-05,7.66448e-06,6.57334e-06,-9.65803e-05,0.00389509,-0.00688556,0.0107807,29,0,0.0227493
2023-10-06 00:00:00+00:00,-0.0049562,1.00346,1.05922,-0.0220442,-0.0264328,0.20244,6.47738e-05,8.10407e-06,4.4444e-06,-0.00013533,-0.0047483,0.00844853,-0.0131968,29,0,0.0257611
2023-10-07 00:00:00+00:00,-0.000110134,1.00334,1.12248,0.00504318,-0.0180703,0.0263703,8.44199e-06,1.05525e-06,7.70724e-07,-0.000105389,1.21161e-05,-0.00575872,0.00577084,29,0,0.0236843
2023-10-08 00:00:00+00:00,-0.00247225,1.00086,1.1042,0.00135706,-0.0197142,0.0544341,1.74159e-05,2.21733e-06,1.0499e-06,-4.043e-05,-0.00240835,-0.00526433,0.00285598,29,0,0.021893
2023-10-09 00:00:00+00:00,0.00160834,1.00247,1.03045,0.0362407,0.00593125,0.186295,5.96225e-05,1.66797e-05,1.56004e-05,2.29407e-05,0.00168177,-0.0183925,0.0202007,28.9167,0,0.0206571
2023-10-10 00:00:00+00:00,-0.00339668,0.999069,1.03963,0.0387777,0.00419877,0.0507175,1.62269e-05,2.05564e-06,2.06147e-06,0.000303319,-0.0036779,-0.00669586,0.00301796,29,0,0.0213068
2023-10-11 00:00:00+00:00,-0.00654739,0.992528,1.06192,0.0462145,0.0102394,0.025429,8.13848e-06,1.29511e-06,1.15363e-06,0.000102908,-0.00665177,-0.00782447,0.0011727,29,0,0.0198842
2023-10-12 00:00:00+00:00,-0.00229424,0.99025,1.02468,0.0286741,0.00779506,0.0819015,2.62101e-05,6.90942e-06,1.97924e-06,1.69714e-07,-0.00225609,-0.00780975,0.00555367,29,0,0.0142181
2023-10-13 00:00:00+00:00,-0.0010549,0.989206,0.983536,0.0212151,0.0120803,0.0452075,1.44671e-05,2.0143e-06,1.87635e-06,1.73121e-05,-0.00105154,0.00384381,-0.00489535,29,0,0.0131224
2023-10-14 00:00:00+00:00,-0.00136296,0.987858,0.973765,-0.00119958,-0.0105813,0.0608412,1.94661e-05,2.43327e-06,1.39017e-06,4.84681e-05,-0.00138637,0.00177508,-0.00316145,29,0,0.0125246
2023-10-15 00:00:00+00:00,-0.00423572,0.983673,0.96716,-0.00843036,-0.0258274,0.0301588,1.28813e-05,3.85099e-06,5.11559e-06,3.83944e-05,-0.0042502,0.00100983,-0.00526003,29,1,0.00668367
2023-10-16 00:00:00+00:00,-0.00562614,0.978139,0.790276,-0.00581435,-0.0316951,0.231184,7.3864e-05,4.73414e-05,3.25263e-05,1.80217e-05,-0.00549489,0.00650887,-0.0120636,27.1042,0,0.00553344
2023-10-17 00:00:00+00:00,-0.000651701,0.977502,0.761408,0.0155335,-0.0129518,0.0873536,2.79655e-05,9.79427e-06,4.87404e-06,1.47574e-05,-0.000620634,-0.00798806,0.00736742,28,0,0.00549191
2023-10-18 00:00:00+00:00,-0.00158495,0.975952,0.72386,0.0207843,-0.00394017,0.0742547,2.37613e-05,8.24533e-06,2.64138e-06,1.18262e-05,-0.00156087,-0.00474329,0.00318242,28,0,0.00979589
2023-10-19 00:00:00+00:00,0.00355076,0.979418,0.732254,0.0226455,-0.00502923,0.0356892,1.14267e-05,3.08988e-06,1.46592e-06,-8.13638e-06,0.00357748,0.00486011,-0.00128263,28,0,0.0130868
2023-10-20 00:00:00+00:00,-0.000311789,0.979112,0.730218,0.00195672,-0.0189968,0.0364288,1.16597e-05,2.46111e-06,1.98384e-06,-5.06263e-05,-0.000241799,0.00825895,-0.00850075,28,0,0.0122681
2023-10-21 00:00:00+00:00,0.00135963,0.980443,0.717622,0.00765252,-0.0142351,0.0374474,1.19831e-05,7.03797e-06,1.46753e-06,-2.95034e-05,0.00141147,0.00992007,-0.0085086,28,0,0.0127247
2023-10-22 00:00:00+00:00,-0.000833028,0.979627,0.700494,0.00757402,-0.0151224,0.0277228,9.96595e-06,4.3321e-06,1.24293e-06,-2.11723e-05,-0.000793863,0.00597072,-0.00676458,27.1667,1,0.0105909
2023-10-23 00:00:00+00:00,0.00217577,0.981758,0.642551,0.0338392,0.0133948,0.175996,5.72092e-05,3.28624e-05,1.77644e-05,-0.000107448,0.00239533,0.0218941,-0.0193658,26.0625,1,0.0080942
2023-10-24 00:00:00+00:00,-0.00108673,0.980691,0.58056,0.0277141,0.00821258,0.256812,9.46558e-05,1.86682e-05,1.43889e-05,0.00018706,-0.001136,0.0029936,-0.0041296,28.8542,2,0.00965907
2023-10-25 00:00:00+00:00,0.00336391,0.98399,0.530466,0.00909017,0.00141733,0.0819084,2.61922e-05,4.66081e-06,5.65648e-06,0.00117496,0.0022263,0.00839775,-0.00617146,29,0,0.00685977
2023-10-26 00:00:00+00:00,0.00418938,0.988113,0.443967,0.00306061,0.00125195,0.0900213,2.9307e-05,3.76637e-06,5.33266e-06,0.000693626,0.00353286,0.00412485,-0.000591987,28.6667,1,0.00759379
2023-10-27 00:00:00+00:00,-0.00272591,0.985419,0.423862,0.00141349,-0.000781774,0.0158757,5.08023e-06,9.74519e-07,5.79652e-07,0.000185525,-0.00290545,-0.00591223,0.00300679,29,0,0.00884819
2023-10-28 00:00:00+00:00,-0.0015547,0.983887,0.425923,0.000206624,0.00132832,0.00723739,2.31556e-06,2.89445e-07,2.43918e-07,4.05068e-05,-0.00159122,0.00227848,-0.0038697,29,0,0.00657127
2023-10-29 00:00:00+00:00,-0.000799895,0.9831,0.420732,-0.00502266,0.000887549,0.0236118,7.55386e-06,9.44232e-07,7.60193e-07,7.46065e-05,-0.000862482,0.0031741,-0.00403658,29,0,0.00481631
2023-10-30 00:00:00+00:00,0.00360964,0.986649,0.379665,0.000892727,0.00634215,0.0493299,1.578e-05,1.97249e-06,3.14802e-06,0.000244563,0.00338231,0.00462879,-0.00129774,26,0,0.00469649
2023-10-31 00:00:00+00:00,-0.00064448,0.986013,0.34491,0.00472515,0.00463541,0.0470361,1.50629e-05,1.88286e-06,1.08667e-06,0.000200866,-0.000825027,-0.00248234,0.00165731,26,0,0.00412746
2023-11-01 00:00:00+00:00,0.00220192,0.988184,0.323435,0.00341657,0.00151442,0.00306674,9.81628e-07,1.22703e-07,7.30523e-08,2.88675e-05,0.00217446,0.0068523,-0.00467784,26,0,0.0012558
2023-11-02 00:00:00+00:00,0.0015249,0.989691,0.324234,0.00333485,0.00106462,0.0485076,1.55283e-05,4.27958e-06,2.16363e-06,3.5636e-05,0.00151522,-0.00194857,0.00346379,26,0,0.00337634
2023-11-03 00:00:00+00:00,0.000187709,0.989877,0.284663,-0.00516224,-0.00417447,0.0308699,9.88393e-06,3.79294e-06,1.24855e-06,7.21898e-06,0.000197698,0.00304202,-0.00284432,26,0,0.00445833
2023-11-04 00:00:00+00:00,-0.00293996,0.986966,0.273732,-0.00734251,-0.00712612,0.0164201,5.25356e-06,2.79443e-06,8.00313e-07,1.14243e-05,-0.00294535,0.00212085,-0.0050662,26,0,0.004901
2023-11-05 00:00:00+00:00,0.00149353,0.98844,0.244566,0.00428752,0.00419125,0.0718103,2.84509e-05,1.99139e-05,3.38047e-06,1.14801e-05,0.00153398,0.00261317,-0.00107919,24.125,3,0.00718055
2023-11-06 00:00:00+00:00,0.0033145,0.991717,0.25194,0.00871486,0.00400381,0.0948219,3.03498e-05,8.99308e-06,3.99599e-06,-1.1404e-05,0.00336616,0.00637662,-0.00300725,24,0,0.0110856
2023-11-07 00:00:00+00:00,-0.00294864,0.988792,0.263929,0.00892243,0.00423543,0.0307171,9.82573e-06,4.36853e-06,8.9549e-07,0.000126507,-0.00306305,-0.00380324,0.000740197,24.6667,0,0.00948683
2023-11-08 00:00:00+00:00,-0.00241537,0.986404,0.277632,0.0112223,0.00912794,0.0316429,1.23989e-05,2.02405e-06,3.01546e-06,0.000419921,-0.0028168,0.00441554,-0.00723234,25,1,0.00531273
2023-11-09 00:00:00+00:00,-0.000623031,0.98579,0.241492,0.00408686,0.00360583,0.0692396,2.29343e-05,1.02033e-05,3.3563e-06,0.000273683,-0.000854859,-0.000972744,0.000117885,23.9375,2,0.00163452
2023-11-10 00:00:00+00:00,-0.00419692,0.981652,0.209257,-0.0035796,0.00333319,0.0260746,1.01162e-05,4.24946e-06,2.30051e-06,-2.72361e-05,-0.00415968,0.00182246,-0.00598214,22.9167,2,0
2023-11-11 00:00:00+00:00,-0.00136175,0.980315,0.184253,-0.000941816,0.00969613,0.0240514,7.69408e-06,9.6176e-07,2.51562e-06,-1.0602e-05,-0.00133796,-0.000382944,-0.000955015,22,0,0
2023-11-12 00:00:00+00:00,0.00361618,0.98386,0.174609,-0.004024,0.00769871,0.00901496,2.88611e-06,8.26815e-07,5.72551e-07,-3.26883e-05,0.00364794,0.00305975,0.000588184,22,0,0
2023-11-13 00:00:00+00:00,-0.00338678,0.980528,0.103827,0.00821359,0.0135852,0.087352,2.98486e-05,1.69391e-05,9.84913e-06,-1.21182e-05,-0.00332218,-0.00257852,-0.000667855,18.2708,1,0
2023-11-14 00:00:00+00:00,0.000222505,0.980747,0.0825764,0.0077554,0.0127394,0.00218256,6.98473e-07,4.63712e-07,9.809e-08,4.84864e-07,0.000223783,-0.000427013,0.000650796,17,0,0
2023-11-15 00:00:00+00:00,0.000987026,0.981715,0.0826482,0.00712928,0.0123879,0.00247948,7.93395e-07,9.91743e-08,7.92261e-08,-2.28482e-06,0.000990027,0.00289869,-0.00190867,17,0,0
2023-11-16 00:00:00+00:00,0.000656985,0.98236,0.0812047,0.00250197,0.00730712,0.00687404,2.19981e-06,9.53681e-07,1.99195e-07,-1.32879e-05,0.000673902,-0.00122136,0.00189526,17.5417,0,0
2023-11-17 00:00:00+00:00,-0.000689339,0.981682,0.0778378,-0.000760059,0.00426521,0,0,0,0,-2.76277e-06,-0.000686587,-0.000372265,-0.000314322,18,0,0
2023-11-18 00:00:00+00:00,0.000195636,0.981874,0.0767132,-0.00127636,0.00383598,0,0,0,0,-5.18247e-07,0.000196262,-0.000238694,0.000434957,18,0,0
2023-11-19 00:00:00+00:00,-0.000578527,0.981306,0.0774033,-0.00149301,0.00364035,0,0,0,0,-1.98601e-06,-0.000576602,0.000621364,-0.00119797,18,0,0
2023-11-20 00:00:00+00:00,-0.000699059,0.98062,0.0795076,-0.00190645,0.0032752,0,0,0,0,-1.80198e-07,-0.00069895,-0.00088173,0.00018278,18,0,0
2023-11-21 00:00:00+00:00,0.000237869,0.980854,0.0786547,-0.00364035,0.00112057,0.007648,2.44786e-06,3.05982e-07,2.69803e-07,1.24939e-06,0.000239893,-0.00270884,0.00294874,18.5417,0,0
2023-11-22 00:00:00+00:00,-3.43251e-05,0.98082,0.0797843,-0.00547259,-0.00236702,0.00247339,7.91434e-07,9.89293e-08,8.40165e-08,-9.0647e-06,-2.41796e-05,0.00246359,-0.00248777,19,0,0
2023-11-23 00:00:00+00:00,-0.000562411,0.980268,0.083714,-0.00438613,-0.00104087,0.00201866,6.45962e-07,8.07452e-08,1.0533e-07,-2.64082e-06,-0.000558922,2.85284e-05,-0.000587451,19.8333,0,0
2023-11-24 00:00:00+00:00,-0.000251374,0.980022,0.0833165,-0.0020208,0.00129898,0.00237097,7.58574e-07,9.48218e-08,2.09076e-07,9.72718e-07,-0.00025115,0.000704461,-0.000955611,20,0,0
2023-11-25 00:00:00+00:00,-0.000739304,0.979297,0.0783259,0.00390012,0.0078802,0.00714786,3.57344e-06,7.14688e-07,1.34952e-06,9.99974e-07,-0.00073479,0.000587534,-0.00132232,19.0625,1,0
2023-11-26 00:00:00+00:00,-0.00071403,0.978598,0.077548,0.00386256,0.0077841,0,0,0,0,5.11515e-07,-0.000714729,-0.00093194,0.000217211,19,0,0
2023-11-27 00:00:00+00:00,-5.36112e-05,0.978546,0.0755056,0.00328204,0.00668687,0.000190443,6.09425e-08,5.51899e-08,1.58861e-09,-1.06736e-06,-5.23432e-05,-0.00078979,0.000736528,18,0,0
2023-11-28 00:00:00+00:00,5.71979e-05,0.978602,0.0745811,0.0026453,0.00596413,0.00208865,6.68313e-07,8.35392e-08,5.13004e-08,-7.86503e-07,5.88462e-05,0.000391318,-0.000332472,18,0,0
2023-11-29 00:00:00+00:00,-3.00073e-05,0.978572,0.0740297,0.00127744,0.00440844,0,0,0,0,-4.27975e-07,-2.95371e-05,-0.000221824,0.000192287,18,0,0
2023-11-30 00:00:00+00:00,0.000159984,0.978729,0.0735219,0.00134992,0.00433655,0,0,0,0,1.18065e-06,0.000158826,1.06837e-05,0.000148142,18,0,0
2023-12-01 00:00:00+00:00,7.30026e-05,0.9788,0.0748715,0.00157633,0.00524954,0,0,0,0,1.1778e-07,7.29672e-05,0.000911242,-0.000838275,18,0,0
2023-12-02 00:00:00+00:00,0.000733932,0.979519,0.0766032,0.00174478,0.00584393,0,0,0,0,-7.01125e-07,0.000734511,0.00185326,-0.00111875,18,0,0
2023-12-03 00:00:00+00:00,-0.000541247,0.978988,0.077881,0.00183014,0.0058517,0,0,0,0,-1.63274e-06,-0.000539653,-0.000338267,-0.000201387,18,0,0
2023-12-04 00:00:00+00:00,-0.000326619,0.978669,0.0617753,0.00860754,0.00885145,0.0208454,6.66945e-06,1.10097e-06,9.44616e-07,-3.63571e-06,-0.00031396,0.000546536,-0.000838915,16,0,0.000970742
2023-12-05 00:00:00+00:00,0.000142183,0.978808,0.0489911,0.00623663,0.00574808,0.0136131,5.0793e-06,7.85601e-07,5.95925e-07,-3.67817e-06,0.000152429,0.00066857,-0.000516141,15,1,0.00389756
2023-12-06 00:00:00+00:00,0.000389464,0.979189,0.0442268,0.00545527,0.00547675,0.00425215,1.36071e-06,1.70089e-07,2.74574e-07,-5.13724e-06,0.000396543,0.000209443,0.0001871,15,0,0.00555996
2023-12-07 00:00:00+00:00,-2.74016e-06,0.979186,0.0442415,0.00556359,0.00597714,0.00212884,6.8113e-07,8.51412e-08,4.65266e-08,-4.42138e-06,2.70813e-06,0.000996055,-0.000993347,15,0,0.00569661
2023-12-08 00:00:00+00:00,0.000920304,0.980088,0.0481363,0.00278114,0.00564417,0.0171448,6.51535e-06,3.27367e-06,1.13639e-06,4.8257e-06,0.000926226,0.00212356,-0.00119733,14.5625,1,0.00649507
2023-12-09 00:00:00+00:00,-3.46439e-05,0.980054,0.0459652,0.00235284,0.0078315,0.00239304,7.65895e-07,9.57369e-08,1.018e-07,4.80886e-06,-3.80698e-05,0.000104928,-0.000142998,14,0,0.00311448
2023-12-10 00:00:00+00:00,0.000781787,0.98082,0.0450308,0.00182051,0.00769125,0,0,0,0,1.1454e-05,0.000770144,0.000690173,7.99712e-05,14,0,0.00315662
2023-12-11 00:00:00+00:00,-0.000884874,0.979952,0.0386381,0.0058426,0.00996386,0.00492452,1.57519e-06,1.96899e-07,2.96222e-07,-1.16399e-07,-0.000882652,-0.00165044,0.000767786,14,0,0.00367724
2023-12-12 00:00:00+00:00,0.000513118,0.980455,0.0410068,0.00434112,0.00691155,0.00204105,6.5317e-07,8.16463e-08,1.05292e-07,4.7207e-07,0.000513584,0.00102196,-0.000508371,15,0,0.00378668
2023-12-13 00:00:00+00:00,9.76544e-05,0.98055,0.0372226,0.0013673,0.00357587,0.00644906,2.56031e-06,4.23526e-07,4.33732e-07,4.17176e-07,0.000100829,0.000587257,-0.000486428,14.8542,1,0.000271104
2023-12-14 00:00:00+00:00,-0.000270012,0.980286,0.0365025,0.00213088,0.00313582,0.00246596,7.8911e-07,9.86388e-08,7.70268e-08,2.96557e-06,-0.000271983,4.42804e-05,-0.000316263,14,0,4.23202e-05
2023-12-15 00:00:00+00:00,-0.000314536,0.979977,0.03638,0.000767707,0.00107219,0,0,0,0,6.26555e-06,-0.000320787,-0.00121782,0.000897036,14,0,0.00188246
2023-12-16 00:00:00+00:00,-3.81435e-05,0.97994,0.0359976,0.000648023,0.000801403,0,0,0,0,2.63985e-06,-4.07495e-05,0.000438587,-0.000479337,14,0,0.00435115
2023-12-17 00:00:00+00:00,-0.000131023,0.979812,0.0355906,0.000584708,0.000884876,0,0,0,0,1.2877e-06,-0.000132292,-0.000668752,0.00053646,14,0,0.0039817
2023-12-18 00:00:00+00:00,-0.000249666,0.979567,0.0360844,-7.83542e-05,0.000725676,0.00416817,1.33379e-06,1.66723e-07,2.70467e-07,1.78483e-06,-0.000249671,0.000179566,-0.000429237,14.875,0,0.00483214
2023-12-19 00:00:00+00:00,-0.000457166,0.979119,0.0395659,-5.45647e-05,0.0014232,0,0,0,0,1.08894e-06,-0.000458297,-0.000684441,0.000226143,16,0,0.00407884
2023-12-20 00:00:00+00:00,-0.00105135,0.97809,0.0400347,-0.000694722,0.000476869,0.00214038,6.84906e-07,8.56133e-08,1.02632e-07,5.31154e-06,-0.00105624,0.000216078,-0.00127232,16.0833,0,0.0049647
2023-12-21 00:00:00+00:00,0.000452837,0.978533,0.0414552,0.00238589,0.00379102,0.00943431,3.01895e-06,1.88366e-06,1.65461e-07,-1.64528e-06,0.000459566,0.000794282,-0.000334717,17,0,0.00770028
2023-12-22 00:00:00+00:00,0.00137661,0.97988,0.0449841,0.000817214,0.00385459,0.0115972,3.71121e-06,7.09075e-07,2.59528e-07,-5.26313e-06,0.00138581,0.00177598,-0.000390162,17,0,0.00566571
2023-12-23 00:00:00+00:00,-0.000430434,0.979458,0.0492165,-0.00154474,0.00240118,0.00207607,6.64399e-07,8.30499e-08,6.27908e-08,-5.9938e-06,-0.000423537,2.69873e-05,-0.000450525,17,0,0.00657005
2023-12-24 00:00:00+00:00,0.00052159,0.979969,0.0607336,-0.00406441,0.00055304,0.011972,3.83081e-06,2.06035e-06,2.37531e-07,3.77087e-06,0.000524167,-0.000331351,0.000855518,17,0,0.00877324
2023-12-25 00:00:00+00:00,0.000921482,0.980872,0.0640469,0.00511693,0.00818209,0.0167847,5.37126e-06,1.19607e-06,8.22611e-07,1.05546e-06,0.000927731,0.00218919,-0.00128458,18.1042,0,0.00846063
2023-12-26 00:00:00+00:00,0.00121603,0.982065,0.0671075,0.0024263,0.00589255,0.0141043,4.51338e-06,1.18068e-06,4.20727e-07,3.79258e-06,0.00121817,-0.000476029,0.0016942,19,0,0.00934617
2023-12-27 00:00:00+00:00,0.000106337,0.982169,0.0763442,9.56531e-06,0.0036634,0.0123882,3.96442e-06,1.10487e-06,6.7743e-07,-1.62299e-05,0.000128559,-0.000187922,0.000316481,19.7708,0,0.00965555
2023-12-28 00:00:00+00:00,0.00107736,0.983227,0.0868488,-0.00405513,-0.00177218,0.0120814,3.86655e-06,4.83318e-07,4.00715e-07,8.76541e-06,0.00107318,-0.00195497,0.00303215,20.1667,0,0.0105997
2023-12-29 00:00:00+00:00,0.000524664,0.983743,0.0983698,-0.00181122,-0.000933137,0.0249763,7.99287e-06,3.82641e-06,8.24416e-07,8.24306e-06,0.000529297,0.000274382,0.000254914,21.0208,0,0.0114277
2023-12-30 00:00:00+00:00,0.00111225,0.984837,0.127219,0.00110593,-0.00276296,0.0258958,8.2875e-06,1.07927e-05,8.09735e-07,0.00052622,0.000605863,-0.000254943,0.000860806,22,0,0.0130405
2023-12-31 00:00:00+00:00,0.00360046,0.988383,0.145881,-0.00108754,-0.00141055,0.0411784,1.31743e-05,1.78941e-06,1.90827e-06,0.00123775,0.00240328,0.00213814,0.000265142,22.4583,0,0.013658
2024-01-01 00:00:00+00:00,-1.81216e-05,0.988365,0.170541,-0.00360352,0.00297072,0.0525803,1.68243e-05,1.05795e-05,4.25986e-06,9.28113e-05,-7.58453e-05,0.00530309,-0.00540561,22.8542,0,0.0123204
2024-01-02 00:00:00+00:00,-0.000216972,0.988151,0.172771,0.00535181,0.00391984,0.0103229,3.3032e-06,4.129e-07,6.06277e-07,-1.73928e-05,-0.000193792,-0.00277921,0.00258542,24,0,0.0104034
2024-01-03 00:00:00+00:00,-0.001109,0.987055,0.16901,0.0105819,0.0054413,0.0468939,1.50004e-05,2.75692e-06,2.66832e-06,-3.45226e-06,-0.00108133,-0.00782507,0.00674374,24,0,0.0125931
2024-01-04 00:00:00+00:00,0.00485548,0.991847,0.207518,0.00250948,0.00224671,0.091116,2.91618e-05,3.85814e-06,6.08971e-06,-7.79305e-06,0.00489372,0.0085099,-0.00361618,25.1458,0,0.0130192
2024-01-05 00:00:00+00:00,-0.00124923,0.990608,0.283747,-0.00291997,4.03735e-05,0.144311,4.61799e-05,8.8107e-06,8.15909e-06,-5.229e-05,-0.00113181,-0.00437776,0.00324594,26,0,0.0172269
2024-01-06 00:00:00+00:00,-0.000951793,0.989666,0.37258,-0.00593146,0.000574603,0.0828233,2.65026e-05,4.70505e-06,4.28833e-06,-3.58948e-05,-0.000874971,-0.00613095,0.00525598,26,0,0.0195958
2024-01-07 00:00:00+00:00,0.00445137,0.994071,0.437965,-0.00932,-0.00141636,0.115309,3.69015e-05,6.6776e-06,4.63744e-06,-3.27859e-05,0.00452644,-0.00672829,0.0112547,26.8125,0,0.019828
2024-01-08 00:00:00+00:00,0.00538062,0.99942,0.537815,0.0204707,0.00050558,0.440349,0.000140878,2.87984e-05,4.80409e-05,8.99178e-07,0.00561995,0.0267217,-0.0208478,29.4583,0,0.0218499
2024-01-09 00:00:00+00:00,-0.00384597,0.995576,0.558697,0.0235441,-0.000860932,0.160944,5.14795e-05,2.01184e-05,8.11e-06,-5.97088e-06,-0.00374825,-0.0158946,0.0121463,30,0,0.0236655
2024-01-10 00:00:00+00:00,-0.00681978,0.988786,0.603138,0.0325587,0.00267697,0.0986553,3.15637e-05,1.29037e-05,4.69673e-06,-1.26802e-05,-0.00676095,0.0194659,-0.0262268,30,0,0.0223156
2024-01-11 00:00:00+00:00,0.0130196,1.00166,0.64967,0.0199515,0.00096234,0.157696,5.05035e-05,1.89381e-05,6.4609e-06,-1.47723e-05,0.0130659,0.0177774,-0.00471143,30,0,0.0217649
2024-01-12 00:00:00+00:00,0.00590855,1.00758,0.604248,0.0133615,0.00131088,0.0962573,3.08057e-05,2.7485e-05,5.03407e-06,-6.60809e-06,0.00597463,-0.0105577,0.0165324,30,0,0.0239924
2024-01-13 00:00:00+00:00,-0.00177416,1.00579,0.592145,0.000719429,-0.00309522,0.0724137,2.3171e-05,3.21022e-05,4.5413e-06,-7.14714e-06,-0.00169989,0.00666581,-0.00836891,29.2292,0,0.0246866
2024-01-14 00:00:00+00:00,0.00243331,1.00824,0.61929,-0.00209773,-0.00143431,0.0228392,7.30821e-06,8.05882e-06,9.76657e-07,-4.48713e-05,0.00249902,-0.00971935,0.0122184,29,0,0.0222863
2024-01-15 00:00:00+00:00,-0.00544039,1.00275,0.601385,0.0110537,0.0011686,0.246861,7.89683e-05,6.7031e-05,2.99433e-05,-5.86915e-05,-0.00520901,0.00309274,-0.00849185,30,0,0.0204603
2024-01-16 00:00:00+00:00,0.00373472,1.0065,0.624369,0.00916192,0.00559599,0.0336469,1.07664e-05,4.4751e-06,7.79338e-07,-7.85476e-05,0.00382811,0.00443864,-0.00061053,30,0,0.0201608
2024-01-17 00:00:00+00:00,0.000270788,1.00677,0.633729,0.0145616,0.0159004,0.0720645,2.30624e-05,1.44446e-05,1.76934e-06,-4.83414e-05,0.000363977,-0.00268412,0.0030481,30,0,0.0200399
2024-01-18 00:00:00+00:00,0.00015909,1.00693,0.605541,0.00786444,0.0128492,0.0193869,6.20644e-06,6.42033e-06,6.69678e-07,-4.75615e-05,0.000225765,-0.0147373,0.014963,30,0,0.0189647
2024-01-19 00:00:00+00:00,0.000863245,1.0078,0.586912,0.00285826,0.00981184,0.0387736,1.24129e-05,2.45104e-06,1.3126e-06,-7.05954e-05,0.000953536,-0.000118268,0.0010718,30,0,0.0182554
2024-01-20 00:00:00+00:00,-0.0016314,1.00616,0.580558,-0.00195458,0.0110083,0.0429296,1.37351e-05,4.44925e-06,1.04739e-06,-6.83479e-05,-0.00154301,0.000230439,-0.00177345,30,0,0.0166424
2024-01-21 00:00:00+00:00,-0.00107164,1.00508,0.554397,-0.000500652,0.0136295,0.0257546,8.24206e-06,4.85155e-06,8.14956e-07,-5.13097e-05,-0.00100461,-0.00428542,0.00328081,30,0,0.014228
2024-01-22 00:00:00+00:00,-0.000159176,1.00492,0.494002,0.00982541,0.0207003,0.119595,3.82749e-05,7.3658e-06,6.67231e-06,-6.21304e-05,-3.99137e-05,-0.0144079,0.0143375,29,0,0.0133183
2024-01-23 00:00:00+00:00,0.0016052,1.00653,0.518108,0.0197808,0.0101557,0.162984,5.22286e-05,3.38751e-05,1.25823e-05,-2.53443e-05,0.00173716,0.000946959,0.000790205,29,0,0.014433
2024-01-24 00:00:00+00:00,0.00448457,1.01104,0.556073,0.0275353,0.00213332,0.0803194,2.57062e-05,1.62321e-05,4.69695e-06,-7.01176e-06,0.00453569,0.00722435,-0.00268866,29.3958,0,0.0163858
2024-01-25 00:00:00+00:00,0.0026819,1.01376,0.570331,0.0290575,0.0107374,0.114793,3.67405e-05,2.64189e-05,4.78666e-06,-2.14246e-05,0.00277344,-0.00343252,0.00620596,30,0,0.0195096
2024-01-26 00:00:00+00:00,-0.00305201,1.01066,0.605865,0.0152996,0.0109515,0.0739203,2.36504e-05,1.05751e-05,3.44681e-06,-9.93096e-06,-0.00300315,0.0136852,-0.0166884,30,0,0.0197883
2024-01-27 00:00:00+00:00,0.00191295,1.0126,0.647743,0.01634,0.0100115,0.0768781,2.4604e-05,1.17872e-05,6.94688e-06,7.02629e-06,0.00195475,0.004609,-0.00265425,30,0,0.017141
2024-01-28 00:00:00+00:00,0.00187423,1.01449,0.623944,0.0245363,0.0098373,0.0407743,1.30509e-05,6.92612e-06,1.8932e-06,-1.81541e-05,0.00192042,-0.00224299,0.0041634,30,0,0.0190865
2024-01-29 00:00:00+00:00,-0.00410746,1.01033,0.602184,0.0206689,0.00887913,0.212921,6.81311e-05,4.6598e-05,1.55358e-05,-1.2358e-05,-0.00396698,0.0123738,-0.0164324,29.9792,0,0.0209083
2024-01-30 00:00:00+00:00,-0.00600622,1.00426,0.587636,0.0241562,0.010676,0.0764515,2.44633e-05,1.3189e-05,2.48546e-06,-1.42453e-05,-0.00596411,-0.00689198,0.000927868,30,0,0.0189074
2024-01-31 00:00:00+00:00,-0.00391002,1.00033,0.511833,0.0185826,0.00875849,0.0665125,2.128e-05,2.66e-06,1.15774e-06,1.99731e-05,-0.00390601,-0.0109158,0.00700976,30,0,0.0164502
2024-02-01 00:00:00+00:00,0.00086516,1.0012,0.475246,-0.00780985,0.00768728,0.0576277,1.8437e-05,2.30463e-06,1.53913e-06,3.27081e-05,0.000861937,0.00174912,-0.000894622,29.9583,0,0.0152847
2024-02-02 00:00:00+00:00,0.0052894,1.00649,0.480842,-0.0271176,0.00449379,0.0481963,1.54241e-05,6.91759e-06,1.60745e-06,4.24024e-05,0.00526294,0.00551332,-0.000250382,30,0,0.0169938
2024-02-03 00:00:00+00:00,-0.00144432,1.00504,0.465124,-0.0328943,0.000647674,0.0234987,7.51905e-06,6.32597e-06,1.5229e-06,4.5065e-05,-0.00147254,-0.00391944,0.0024469,30,0,0.0170531
2024-02-04 00:00:00+00:00,0.00489337,1.00996,0.45472,-0.0321707,-0.00214167,0.0191469,6.12732e-06,1.57646e-06,4.34637e-07,3.15145e-05,0.00486076,-0.00283604,0.00769679,30,0,0.0170199
2024-02-05 00:00:00+00:00,-0.00298939,1.00694,0.449006,-0.0207332,-0.0130582,0.182128,5.82856e-05,1.56068e-05,1.29169e-05,1.79246e-05,-0.00292238,0.000388556,-0.00307071,30,0,0.0201471
2024-02-06 00:00:00+00:00,-0.00262334,1.0043,0.474661,-0.00984079,-0.0121099,0.0223597,7.15459e-06,2.54015e-06,4.75507e-07,4.72837e-05,-0.00266149,-0.000189072,-0.00247242,30,0,0.019211
2024-02-07 00:00:00+00:00,0.00264078,1.00695,0.487827,-0.0022059,-0.00331096,0.111089,3.55476e-05,1.12857e-05,4.30976e-06,6.37056e-05,0.00262851,0.00931346,-0.00668495,30,0,0.0189715
2024-02-08 00:00:00+00:00,-0.000739583,1.0062,0.560827,0.0102654,-0.000402303,0.0784207,2.50898e-05,5.40389e-06,3.07934e-06,2.51234e-05,-0.000723627,0.0014152,-0.00213883,30,0,0.0206424
2024-02-09 00:00:00+00:00,-0.00289475,1.00329,0.552855,0.0247003,0.00849483,0.0840692,2.69058e-05,5.83736e-06,2.08439e-06,3.89884e-05,-0.00289632,0.00768723,-0.0105836,30,0,0.0207775
2024-02-10 00:00:00+00:00,0.00333528,1.00664,0.5314,0.0278748,0.00724239,0.0644876,2.06401e-05,7.44021e-06,1.92727e-06,4.78585e-05,0.00331749,0.00248279,0.000834694,30,0,0.0194405
2024-02-11 00:00:00+00:00,-0.000626412,1.00601,0.562035,0.0286002,-0.00619244,0.0467162,1.49463e-05,4.80137e-06,1.04191e-06,0.000127068,-0.000730058,-0.000829985,9.99274e-05,30,0,0.0193208
2024-02-12 00:00:00+00:00,-0.00526766,1.00071,0.537087,0.00507697,-0.0162435,0.19366,6.18824e-05,1.36681e-05,1.94594e-05,0.00015467,-0.0053213,0.0115018,-0.0168568,28.2917,0,0.0169681
2024-02-13 00:00:00+00:00,0.00281739,1.00353,0.536714,0.011675,-0.000174479,0.018062,5.78154e-06,4.70316e-06,1.09854e-06,9.76727e-05,0.00273196,-0.00293285,0.00566481,29,0,0.0156744
2024-02-14 00:00:00+00:00,0.00217572,1.00571,0.543093,0.0112668,0.000417942,0.0285168,9.12367e-06,1.96213e-06,9.90027e-07,5.10409e-05,0.00213795,0.0106558,-0.00851789,29,0,0.0148584
2024-02-15 00:00:00+00:00,0.00445196,1.01019,0.533421,0.00905392,-0.00399528,0.142262,5.02247e-05,1.15703e-05,5.51479e-06,7.20963e-05,0.00444655,0.00569645,-0.00124989,29,1,0.0154509
2024-02-16 00:00:00+00:00,-0.00620041,1.00392,0.505759,0.00737765,-0.00519562,0.0563543,1.80251e-05,4.8877e-06,2.23881e-06,5.88363e-05,-0.00624746,-0.00538038,-0.000867085,29,0,0.0175011
2024-02-17 00:00:00+00:00,0.000562545,1.00449,0.507458,0.00886978,-0.00783692,0.045045,1.44216e-05,2.65297e-06,1.69007e-06,4.64885e-05,0.00053902,-0.000803239,0.00134226,29.8542,0,0.0148064
2024-02-18 00:00:00+00:00,0.00122458,1.00572,0.512638,0.0163168,-0.00198744,0.0239601,7.66786e-06,9.58482e-07,8.12269e-07,8.84623e-05,0.00114993,0.00591382,-0.00476389,30,0,0.0124291
2024-02-19 00:00:00+00:00,0.0072766,1.01304,0.49476,0.0283543,0.00414608,0.170891,5.47023e-05,6.90968e-06,1.01877e-05,-2.24072e-05,0.00734992,0.00641793,0.000897522,28.0833,0,0.0139026
2024-02-20 00:00:00+00:00,0.00343226,1.01651,0.482413,0.0490692,0.0112611,0.128667,4.11761e-05,6.98498e-06,5.79967e-06,-4.93604e-05,0.00353616,-0.00287737,0.00641354,29,0,0.0199363
2024-02-21 00:00:00+00:00,0.00558401,1.02219,0.477593,0.0419226,0.00610069,0.146837,4.70045e-05,5.87556e-06,6.66518e-06,3.80758e-05,0.0055963,0.000132843,0.00546345,29.75,0,0.0235847
2024-02-22 00:00:00+00:00,0.00635781,1.02869,0.509373,0.0297031,0.0113064,0.0460253,1.4736e-05,1.842e-06,2.01313e-06,0.0001146,0.00624762,0.00263447,0.00361314,30,0,0.0234311
2024-02-23 00:00:00+00:00,0.00236177,1.03112,0.54271,0.0370375,0.0124149,0.0617731,1.97715e-05,2.47143e-06,2.00488e-06,0.000136755,0.0022513,-0.00395954,0.00621084,30,0,0.0244077
2024-02-24 00:00:00+00:00,0.000700483,1.03184,0.581988,0.0412751,0.0131687,0.0796601,2.54834e-05,4.11225e-06,2.25392e-06,0.000201843,0.000536653,0.00799452,-0.00745787,30,0,0.025528
2024-02-25 00:00:00+00:00,0.00397294,1.03594,0.645803,0.0463291,0.00960886,0.122436,3.91932e-05,8.17652e-06,3.9985e-06,0.000191591,0.00383216,0.00718781,-0.00335566,30,0,0.0270982
2024-02-26 00:00:00+00:00,0.00660782,1.04279,0.690337,0.0901625,0.0300197,0.406858,0.000130335,5.05537e-05,3.25259e-05,0.000247038,0.00657291,0.0135001,-0.00681869,29.3125,0,0.0296173
2024-02-27 00:00:00+00:00,0.00206099,1.04493,0.799843,0.0714176,0.0135856,0.3329,0.0001065,2.36006e-05,1.76979e-05,0.000393403,0.00183632,-0.000710029,0.00254635,30,0,0.0318262
2024-02-28 00:00:00+00:00,0.00575119,1.05094,0.906587,0.0854366,0.0162923,0.34934,0.000120341,5.50437e-05,1.98111e-05,0.000324645,0.00565006,0.0163696,-0.0107195,29.4583,2,0.033303
2024-02-29 00:00:00+00:00,-0.0204319,1.02947,0.949494,0.0951681,0.0121253,0.370074,0.000120447,9.5183e-05,1.86471e-05,9.55865e-05,-0.0203963,-0.00922937,-0.011167,29.1458,1,0.033267
2024-03-01 00:00:00+00:00,0.00902977,1.03877,0.898682,0.0603495,0.00986649,0.188261,6.02666e-05,3.91525e-05,7.32674e-06,4.84677e-05,0.009072,0.020628,-0.011556,29,0,0.03041
2024-03-02 00:00:00+00:00,0.0212053,1.06079,0.840966,0.0510708,0.00933677,0.304794,9.80966e-05,6.49604e-05,2.95155e-05,0.000309424,0.0209501,0.0325781,-0.0116279,29.6875,1,0.0331925
2024-03-03 00:00:00+00:00,0.00791839,1.06919,0.855117,0.0600006,0.00758774,0.159639,5.11437e-05,2.5919e-05,7.35341e-06,0.000108538,0.00789985,0.000958113,0.00694174,30,0,0.0357928
2024-03-04 00:00:00+00:00,0.0342529,1.10582,0.802687,0.0465809,0.019238,0.468602,0.000154515,8.53132e-05,6.73161e-05,0.000199074,0.0338992,0.0336171,-0.000114957,30,1,0.0384368
2024-03-05 00:00:00+00:00,0.00843852,1.11515,0.725377,0.0030277,0.011089,0.326047,0.000104316,5.83536e-05,1.85657e-05,0.000216184,0.00849093,-0.0167976,0.0252886,30,0,0.0435003
2024-03-06 00:00:00+00:00,-0.00255481,1.1123,0.645439,-0.0160646,0.00399827,0.60052,0.000192144,0.000129827,4.77932e-05,8.23501e-05,-0.00220822,0.020864,-0.0230722,30,0,0.0447305
2024-03-07 00:00:00+00:00,-0.00339137,1.10853,0.710337,0.00726851,0.00910226,0.358245,0.000114635,6.93045e-05,1.95134e-05,8.56645e-05,-0.00322211,0.00468524,-0.0079108,29.9375,0,0.0442719
2024-03-08 00:00:00+00:00,-0.00217352,1.10612,0.80313,0.0407458,0.0100651,0.353688,0.000113807,9.46114e-05,1.79513e-05,0.000230409,-0.00210846,0.00683425,-0.00894271,29.8125,1,0.0430018
2024-03-09 00:00:00+00:00,-0.0203233,1.08364,0.745846,0.0355989,0.0053499,0.209141,6.68328e-05,3.61728e-05,9.66257e-06,0.000423543,-0.0207995,0.00291521,-0.0237147,29.9167,0,0.0410242
2024-03-10 00:00:00+00:00,0.0169681,1.10203,0.715472,0.0425675,0.006893,0.304567,0.000104831,9.23172e-05,2.51437e-05,0.000236312,0.0168387,0.00512229,0.0117164,30,1,0.0386703
2024-03-11 00:00:00+00:00,0.00221046,1.10446,0.737493,0.0185125,-6.94545e-05,0.552409,0.000181801,0.000229236,4.73186e-05,0.000232133,0.00245879,0.00949187,-0.00720919,29.8542,1,0.0400446
2024-03-12 00:00:00+00:00,-0.011644,1.0916,0.806909,0.040694,0.0107728,0.366753,0.000117445,5.39051e-05,1.47545e-05,6.64685e-05,-0.011468,-0.0013789,-0.0100891,30,0,0.0389154
2024-03-13 00:00:00+00:00,0.0232242,1.11695,0.82766,0.0357241,0.00594282,0.346846,0.000111072,6.17391e-05,1.31321e-05,2.10644e-05,0.0231531,0.0207181,0.002435,30,0,0.0370102
2024-03-14 00:00:00+00:00,0.0217752,1.14127,0.789446,0.0327469,0.00416355,0.368873,0.000118157,8.18322e-05,2.00812e-05,6.81519e-05,0.0217658,0.014887,0.00687874,30,0,0.0385851
2024-03-15 00:00:00+00:00,0.0123519,1.15537,0.923225,0.03906,0.00801428,0.427862,0.000136992,4.43294e-05,1.75989e-05,7.78829e-05,0.0124225,-0.0077517,0.0201828,29.875,0,0.0427927
2024-03-16 00:00:00+00:00,-0.00328319,1.15158,1.04895,0.0361717,0.00312254,0.675041,0.000215929,0.000115989,2.81658e-05,4.55877e-05,-0.00292396,-0.0407862,0.0378622,30,0,0.0448264
2024-03-17 00:00:00+00:00,0.00885249,1.16177,0.936139,0.0523518,0.00772559,0.789015,0.000252636,5.53896e-05,3.0842e-05,2.18509e-05,0.00918627,0.0311672,-0.021981,30,0,0.046625
2024-03-18 00:00:00+00:00,0.0210463,1.18622,0.910254,0.0607213,0.0132418,0.941576,0.000301377,8.4568e-05,6.58703e-05,-1.69012e-05,0.0213464,-0.00820285,0.0296892,30,0,0.0475953
2024-03-19 00:00:00+00:00,-0.0164391,1.16672,0.955852,0.0355722,0.0121368,0.782608,0.000250448,0.000109383,3.57914e-05,2.17779e-05,-0.0161406,-0.048132,0.0319914,30,0,0.0496722
2024-03-20 00:00:00+00:00,0.00456482,1.17205,1.00309,0.0231804,0.00779399,0.427153,0.000136505,9.15492e-05,2.12991e-05,2.6884e-05,0.004853,0.0540415,-0.0491885,30,0,0.0473801
2024-03-21 00:00:00+00:00,-0.00107663,1.17079,0.972659,0.0396127,0.00823146,0.912546,0.000292049,0.000178845,3.35141e-05,6.39547e-05,-0.000591164,-0.00688718,0.00629506,29.625,0,0.0461499
2024-03-22 00:00:00+00:00,0.00327428,1.17462,0.845936,0.0264222,0.00939376,0.279808,8.95431e-05,7.37011e-05,8.92075e-06,2.38161e-05,0.00343579,-0.00678711,0.0102231,29.0417,0,0.0452425
2024-03-23 00:00:00+00:00,0.00127271,1.17612,0.918597,0.0302421,0.00825083,0.189073,6.04911e-05,7.50577e-05,5.18347e-06,4.35723e-05,0.0013946,0.005506,-0.0041114,30,0,0.044194
2024-03-24 00:00:00+00:00,0.00514324,1.18216,0.851659,0.0296992,0.00762618,0.450419,0.000144167,0.00017115,1.79251e-05,-1.95303e-05,0.00549359,0.0190719,-0.0135783,30,0,0.0443378
2024-03-25 00:00:00+00:00,0.00324604,1.186,1.01033,0.056065,0.0125577,0.521983,0.000167103,0.000268217,1.54825e-05,8.44421e-05,0.00363983,0.0185657,-0.0149343,29,0,0.0463097
2024-03-26 00:00:00+00:00,0.0163489,1.20539,1.08337,0.0678173,0.0118469,0.489877,0.000156759,0.000261279,1.21755e-05,-1.9878e-05,0.0167172,0.0198275,-0.00311026,29.4792,0,0.0491285
2024-03-27 00:00:00+00:00,0.00538073,1.21188,0.757349,0.0599169,0.0137861,2.34786,0.000751257,0.000650981,5.80112e-05,-7.64576e-05,0.00692261,-0.00393022,0.0108535,27,0,0.0699388
2024-03-28 00:00:00+00:00,-0.00535315,1.20539,0.684718,0.0904415,0.0186052,1.04295,0.000333605,0.000272146,1.9801e-05,6.86553e-05,-0.00477132,0.00561522,-0.0103865,20.2917,0,0.0710103
2024-03-29 00:00:00+00:00,0.00428869,1.21056,0.802091,0.0914442,0.0104747,1.08253,0.000346463,0.000273458,2.40313e-05,-3.27801e-05,0.00497902,0.000868899,0.0041099,21.75,0,0.0682462
2024-03-30 00:00:00+00:00,-0.011596,1.19652,0.934317,0.122754,0.0186621,1.15052,0.000368017,0.000240224,2.10016e-05,0.000140547,-0.011135,-0.00632365,-0.00481132,26.1667,0,0.0657834
2024-03-31 00:00:00+00:00,0.00351362,1.20073,1.09358,0.177078,0.00990291,1.50333,0.000481019,0.000290909,2.8126e-05,0.000227715,0.0041296,0.0201365,-0.0160067,27.2292,0,0.0619085
2024-04-01 00:00:00+00:00,0.0167134,1.22079,1.2784,0.137053,0.0108655,1.68158,0.000538405,0.000348751,6.5553e-05,8.60697e-05,0.0175078,-0.0183301,0.0362267,28.7708,0,0.0644398
2024-04-02 00:00:00+00:00,7.24995e-05,1.22088,1.39288,0.087612,0.00903748,2.28232,0.000730423,0.000276619,8.57306e-05,-5.71357e-05,0.00125292,-0.0487994,0.0500523,29,0,0.0686968
2024-04-03 00:00:00+00:00,0.00233279,1.22373,1.17572,0.0605974,0.0111419,1.71584,0.000549164,0.000140177,5.56806e-05,2.58216e-05,0.00307234,-0.0062691,0.00934184,28.1875,0,0.0685881
2024-04-04 00:00:00+00:00,-0.00682015,1.21539,0.999443,0.0495229,0.0126695,1.43923,0.000460449,0.000119948,4.08284e-05,7.59178e-05,-0.00625704,0.00917576,-0.0154326,25,0,0.0686605
2024-04-05 00:00:00+00:00,-0.00867375,1.20484,1.02955,0.0319186,0.0162705,1.20942,0.000386985,0.000110938,3.05148e-05,0.000195838,-0.00835277,-0.0222262,0.0138734,25.4375,0,0.0658105
2024-04-06 00:00:00+00:00,-0.00521031,1.19857,0.880787,0.044005,0.0133854,1.03203,0.000330215,0.000129208,2.20957e-05,0.000180784,-0.00490203,0.0142588,-0.0191608,23.2083,0,0.0613518
2024-04-07 00:00:00+00:00,-0.0116535,1.1846,0.88206,0.0659154,0.00859432,1.03655,0.000331572,0.000104803,2.33706e-05,0.0002235,-0.0114606,0.0049543,-0.0164147,22.1875,0,0.0570069
2024-04-08 00:00:00+00:00,0.00110719,1.18591,0.893947,0.118024,0.0364259,1.40128,0.00044847,0.000162618,7.74818e-05,0.000134257,0.00169825,0.0152517,-0.0135352,23.0208,0,0.0537479
2024-04-09 00:00:00+00:00,-0.0014865,1.18415,0.833043,0.0742363,0.0321524,1.30431,0.00041736,0.000182823,3.48902e-05,2.30304e-06,-0.000804668,-0.0206981,0.0198937,23.1875,0,0.0524629
2024-04-10 00:00:00+00:00,0.00634966,1.19167,1.03199,0.0863155,0.0369024,1.21816,0.000389905,0.000159536,4.19358e-05,0.000157277,0.00678568,0.00591519,0.000870485,23.5833,0,0.0534697
2024-04-11 00:00:00+00:00,-0.00680096,1.18356,0.982854,0.105364,0.0445085,1.56347,0.000500159,0.000184762,5.11988e-05,2.98658e-05,-0.00608279,-0.0122475,0.00616469,26.8958,0,0.0556932
2024-04-12 00:00:00+00:00,-0.00671365,1.17562,0.877698,0.069884,0.0332067,2.02997,0.000650681,0.000201623,0.000109455,5.02213e-05,-0.0057728,-0.0767008,0.070928,27.625,1,0.0541109
2024-04-13 00:00:00+00:00,0.00941221,1.18668,1.05463,0.0921207,0.00339481,1.83892,0.000607474,0.00021113,0.000287469,0.000363745,0.010175,-0.0615538,0.0717288,27.25,3,0.0530038
2024-04-14 00:00:00+00:00,0.0164294,1.20618,1.09832,0.0612784,-0.000161487,0.633069,0.000202625,6.64068e-05,4.77244e-05,0.000302928,0.0163507,0.0482217,-0.0318711,27.0208,0,0.0532246
2024-04-15 00:00:00+00:00,0.0051823,1.21243,1.2205,0.0754322,0.00551422,1.37722,0.000440776,0.000160637,0.000120622,0.000448773,0.00547497,-0.0211219,0.0266014,28.6458,0,0.0570984
2024-04-16 00:00:00+00:00,-0.0191518,1.18921,1.17785,0.0518795,0.00303507,1.31221,0.000419763,0.000126315,8.48657e-05,0.000316349,-0.018978,-0.00599397,-0.0129841,29,0,0.0566243
2024-04-17 00:00:00+00:00,-0.00737943,1.18043,1.20573,0.00618149,-0.010885,0.682979,0.000218456,3.7406e-05,3.85108e-05,0.000100946,-0.00717625,-0.0216869,0.0145107,29,0,0.0508204
2024-04-18 00:00:00+00:00,-0.00512513,1.17438,1.3505,-0.0549148,-0.0251615,0.958318,0.00030641,5.10007e-05,7.3282e-05,6.11632e-05,-0.00471921,0.0260147,-0.0307339,29.6042,0,0.0476506
2024-04-19 00:00:00+00:00,-0.0131793,1.1589,1.38902,-0.033141,-0.0157248,1.34621,0.000430488,9.65424e-05,8.07699e-05,1.39311e-05,-0.0126257,0.00966064,-0.0222863,30,0,0.0436866
2024-04-20 00:00:00+00:00,0.00177551,1.16096,0.691703,-0.00529771,0.000525288,1.73418,0.000555252,0.000221276,8.77366e-05,2.56151e-05,0.00263578,0.0304749,-0.0278384,26.7708,1,0.0398107
2024-04-21 00:00:00+00:00,6.02209e-05,1.16103,0.526061,0.0402492,0.0103117,0.928478,0.000297101,8.71563e-05,3.57689e-05,8.71963e-05,0.000411011,0.000834803,-0.000423422,16.7917,0,0.0392811
2024-04-22 00:00:00+00:00,-0.0124976,1.14652,0.595693,0.0644886,0.00787353,1.26264,0.000404213,0.000134765,9.78124e-05,3.81416e-05,-0.0119373,0.00677032,-0.0178789,23.2708,0,0.0379115
2024-04-23 00:00:00+00:00,-0.0215815,1.12178,0.62576,0.0750303,0.014668,0.197536,6.31651e-05,2.34386e-05,6.21332e-06,3.6115e-05,-0.0217314,-0.0145651,-0.00716633,25.4167,0,0.0331844
2024-04-24 00:00:00+00:00,-0.00694837,1.11398,0.661619,0.0521661,3.03559e-05,0.300311,9.6068e-05,2.05283e-05,1.00433e-05,1.87043e-05,-0.00683084,-0.0157382,0.00890738,26,0,0.0277895
2024-04-25 00:00:00+00:00,-0.00218515,1.11155,0.657307,0.0306439,-0.0142647,0.248911,7.96596e-05,1.40266e-05,9.98922e-06,9.15672e-05,-0.00216011,-0.000684651,-0.00147546,26.125,0,0.0266578
2024-04-26 00:00:00+00:00,-0.00251995,1.10875,0.742224,0.0158077,-0.00959699,0.447087,0.000143054,4.07959e-05,9.60796e-06,9.64016e-05,-0.00241727,-0.0100441,0.00762683,27.5,0,0.0256278
2024-04-27 00:00:00+00:00,0.00276616,1.11182,0.607134,5.41314e-06,-0.00642593,0.302082,9.66651e-05,2.38446e-05,8.49539e-06,9.89043e-05,0.00279948,0.0012196,0.00157989,28,0,0.0239824
2024-04-28 00:00:00+00:00,0.000191989,1.11203,0.63001,0.0315971,-0.00255182,0.275268,8.80796e-05,2.21731e-05,6.01637e-06,0.000223606,8.86972e-05,-0.002805,0.0028937,28,0,0.0248012
2024-04-29 00:00:00+00:00,-0.00384876,1.10775,0.699299,0.047484,0.000158653,0.533361,0.000170694,2.91247e-05,3.37445e-05,0.000163265,-0.00377354,0.000184717,-0.00402953,29,0,0.0265085
2024-04-30 00:00:00+00:00,0.0165985,1.12614,0.871413,0.0463314,-0.00157317,0.528008,0.000169041,3.97757e-05,1.92274e-05,9.59501e-05,0.0166322,-0.0200336,0.0366658,29,0,0.0281858
2024-05-01 00:00:00+00:00,0.00133395,1.12764,1.16333,0.0578047,-0.0124576,0.773976,0.000247728,4.9358e-05,3.77985e-05,0.000305758,0.00139081,0.0110491,-0.00965831,29,0,0.0306667
2024-05-02 00:00:00+00:00,-0.0110255,1.11521,1.13805,0.0678888,-0.000182245,1.4711,0.000470601,6.87285e-05,5.08219e-05,0.00014257,-0.0106138,0.00124643,-0.0118603,29.6458,0,0.0300799
2024-05-03 00:00:00+00:00,-0.00783332,1.10647,0.631292,0.0403232,-0.000823332,0.63229,0.000202294,2.64529e-05,1.94095e-05,0.000137087,-0.00774127,0.0114982,-0.0192394,30,0,0.0263666
2024-05-04 00:00:00+00:00,-0.00464509,1.10133,0.346948,0.0303487,-0.00557248,0.758273,0.000242618,3.21308e-05,1.66898e-05,2.82432e-05,-0.00438254,0.000516989,-0.00489953,30,0,0.0221172
2024-05-05 00:00:00+00:00,0.00114637,1.10259,0.130978,0.0167116,-0.00554686,0.420912,0.000134695,1.69236e-05,8.58893e-06,1.29226e-06,0.00130631,0.000351476,0.000954567,28.2083,0,0.0176533
2024-05-06 00:00:00+00:00,-0.00111709,1.10136,0.15014,0.0190416,0.00779663,0.630538,0.000201786,2.54035e-05,2.79189e-05,1.252e-05,-0.000873117,-0.00137958,0.000751196,21.4583,0,0.0188662
2024-05-07 00:00:00+00:00,0.00643547,1.10845,0.265912,0.0172246,0.00263774,0.618523,0.000197959,2.7507e-05,1.57016e-05,-3.42896e-06,0.00666252,-0.00217882,0.00884135,20.5208,0,0.0230141
2024-05-08 00:00:00+00:00,0.0102849,1.11985,0.640911,0.00579306,-0.00508764,0.536319,0.000171711,2.81121e-05,1.61454e-05,2.58438e-05,0.0104385,-0.000848356,0.0112872,23.5625,0,0.02882
2024-05-09 00:00:00+00:00,0.000809759,1.12076,0.922041,0.0298335,-0.0102979,0.367058,0.00011748,4.05431e-05,1.04129e-05,3.83458e-05,0.000965092,0.0178521,-0.016887,25.5,0,0.0339013
2024-05-10 00:00:00+00:00,-0.000984343,1.11965,1.05874,0.0806741,-0.00805901,0.899716,0.000287894,8.32228e-05,2.55515e-05,7.35941e-05,-0.000643366,-0.0208912,0.0202478,26.0208,0,0.0353022
2024-05-11 00:00:00+00:00,0.00216005,1.12207,1.08593,0.0806925,-4.37398e-05,0.211767,6.77562e-05,1.29304e-05,6.79865e-06,-5.84798e-06,0.00226513,0.00190637,0.000358762,27,0,0.0335531
2024-05-12 00:00:00+00:00,-0.00242796,1.11935,1.0284,0.0926304,-0.00256896,0.651806,0.000208567,4.41924e-05,1.15442e-05,1.00041e-05,-0.00217193,6.08526e-05,-0.00223288,28.0625,0,0.0331765
2024-05-13 00:00:00+00:00,-0.00592294,1.11272,1.00562,0.174768,0.00983751,0.883993,0.000282717,9.8143e-05,5.98986e-05,0.000145986,-0.00554918,0.0034517,-0.00905179,28.6667,0,0.03375
2024-05-14 00:00:00+00:00,-0.0126603,1.09863,0.851853,0.170766,0.00266451,1.18276,0.000378366,8.57953e-05,2.68327e-05,0.00034037,-0.0125469,-0.0256538,0.0131069,29,0,0.0325994
2024-05-15 00:00:00+00:00,0.00354769,1.10253,0.501165,0.124954,0.00453273,0.86211,0.000275905,6.30063e-05,2.51589e-05,0.000367484,0.00356434,0.0181972,-0.0146329,29.7292,0,0.0304673
2024-05-16 00:00:00+00:00,0.00426461,1.10723,0.637094,0.123554,0.00221051,0.640615,0.000205022,3.45732e-05,1.70303e-05,0.000200506,0.00432612,-0.00480104,0.00912694,29.7708,0,0.0331625
2024-05-17 00:00:00+00:00,0.00576754,1.11361,0.652514,0.100277,0.00100198,0.663135,0.000212231,5.39465e-05,2.01804e-05,6.49764e-05,0.00599021,0.0112342,-0.00524395,29,0,0.0337269
2024-05-18 00:00:00+00:00,0.0116248,1.12656,0.797014,0.108533,-0.014649,0.264318,8.4621e-05,2.37299e-05,1.01995e-05,1.93929e-05,0.0116868,0.00669081,0.00499603,29,0,0.0346879
2024-05-19 00:00:00+00:00,0.00524202,1.13247,0.838151,0.117126,-0.0273011,0.287045,9.18633e-05,3.85453e-05,1.18191e-05,-2.21455e-05,0.00540854,-0.00814064,0.0135492,29,0,0.038759
2024-05-20 00:00:00+00:00,-0.00688329,1.12467,0.908817,0.0879825,-0.0296942,1.51659,0.000485208,0.000284106,9.09555e-05,-8.29356e-05,-0.00590924,0.0355007,-0.0415088,29.9375,0,0.0392402
2024-05-21 00:00:00+00:00,-0.0172741,1.10524,0.871001,0.0854424,-0.00310213,0.913633,0.000292256,0.000139967,2.65693e-05,3.11986e-05,-0.016966,-0.00895156,-0.00801441,30,0,0.0382666
2024-05-22 00:00:00+00:00,-0.0169381,1.08652,0.623332,0.0445027,0.00313683,1.3307,0.000428491,0.000213126,4.0799e-05,3.05568e-05,-0.0164028,-0.00992418,-0.00647832,29.8333,1,0.0343921
2024-05-23 00:00:00+00:00,0.0105726,1.09801,0.487823,0.0173456,0.00835271,1.11153,0.000355793,0.000135649,3.09212e-05,1.50815e-05,0.0110414,0.00393952,0.00710236,24.0417,0,0.0311088
2024-05-24 00:00:00+00:00,-0.00474363,1.0928,0.625934,-0.0050294,0.00876141,1.0899,0.000348574,0.000162869,3.37727e-05,1.18579e-05,-0.0041991,-0.00406727,-0.000132729,22.5625,0,0.0346091
2024-05-25 00:00:00+00:00,-0.00228887,1.0903,0.460722,-0.0163855,0.00871601,0.878918,0.000281232,0.000156468,2.18031e-05,1.84006e-05,-0.0018395,0.00413227,-0.00597166,21.9792,0,0.0328664
2024-05-26 00:00:00+00:00,0.001499,1.09193,0.0737167,-0.00342674,-0.00250149,0.388968,0.000124459,3.23521e-05,9.86892e-06,8.39884e-06,0.00165796,0.00149877,0.000159203,16.0625,0,0.0124686
2024-05-27 00:00:00+00:00,-0.00215609,1.08958,0.0709708,-0.00751449,-0.00411779,0.260692,8.34183e-05,1.251e-05,5.69242e-06,2.78124e-05,-0.00208336,0.00103363,-0.00311607,7.70833,0,0.015885
2024-05-28 00:00:00+00:00,-0.00113711,1.08834,0.0582122,-0.00343928,-0.00240328,0.297308,9.51347e-05,1.41012e-05,7.17371e-06,2.65962e-06,-0.00102217,-0.000465758,-0.000556706,7.625,0,0.0127862
2024-05-29 00:00:00+00:00,-0.000256053,1.08806,0.0105355,-0.00340672,-0.00321839,0.0900077,2.8802e-05,8.89859e-06,1.66103e-06,1.66236e-06,-0.000218322,4.24355e-05,-0.000260958,6.95833,0,0.00718981
2024-05-30 00:00:00+00:00,-8.88582e-07,1.08806,0.000100905,-9.50095e-05,-0.000108921,0.000761606,2.43714e-07,8.35182e-08,3.62948e-09,1.27318e-08,-5.70264e-07,1.48048e-06,-1.87154e-06,0.5,0,0.000823039
2024-05-31 00:00:00+00:00,0,1.08806,0,0,0,0,0,0,0,0,0,0,0,0,0,0
2024-06-01 00:00:00+00:00,0,1.08806,0,0,0,0,0,0,0,0,0,0,0,0,0,0
2024-06-02 00:00:00+00:00,0,1.08806,0,0,0,0,0,0,0,0,0,0,0,0,0,0
2024-06-03 00:00:00+00:00,0,1.08806,0,0,0,0,0,0,0,0,0,0,0,0,0,0
2024-06-04 00:00:00+00:00,0,1.08806,0,0,0,0,0,0,0,0,0,0,0,0,0,0
2024-06-05 00:00:00+00:00,0,1.08806,0,0,0,0,0,0,0,0,0,0,0,0,0,0
2024-06-06 00:00:00+00:00,0,1.08806,0,0,0,0,0,0,0,0,0,0,0,0,0,0.00137507
2024-06-07 00:00:00+00:00,-0.000607161,1.0874,0.0155072,0.0127319,0.0056851,0.0648456,2.07493e-05,2.59366e-06,1.51972e-06,5.55793e-07,-0.000582879,-0.0005644,-1.84792e-05,1.52083,0,0.00741452
2024-06-08 00:00:00+00:00,-0.0003009,1.08707,0.0593981,0.0251775,0.00554938,0.208051,6.65757e-05,8.32197e-06,7.1557e-06,2.79501e-06,-0.000221518,-0.00039758,0.000176169,7.45833,0,0.0130569
2024-06-09 00:00:00+00:00,-0.000177147,1.08688,0.0395125,0.0169472,0.00360254,0.188047,6.01749e-05,7.52187e-06,5.49635e-06,1.03825e-06,-0.000104889,-5.41955e-05,-5.0619e-05,9.20833,0,0.01207
2024-06-10 00:00:00+00:00,-0.00013212,1.08674,0.0162242,0.006304,0.000407029,0.130552,4.17764e-05,5.22205e-06,3.31044e-06,3.33081e-07,-8.21297e-05,-0.000403549,0.000320542,5.27083,0,0.00848743
2024-06-11 00:00:00+00:00,-3.42261e-07,1.08674,4.06389e-05,1.50908e-05,9.42377e-08,0.000418047,1.33775e-07,1.67219e-08,9.02618e-10,0,-1.90859e-07,-3.33963e-06,3.03614e-06,0.5,0,0.00294699
2024-06-12 00:00:00+00:00,0,1.08674,0,0,0,0,0,0,0,0,0,0,0,0,0,0
2024-06-13 00:00:00+00:00,0,1.08674,0,0,0,0,0,0,0,0,0,0,0,0,0,3.86063e-05
2024-06-14 00:00:00+00:00,0,1.08674,0,0,0,0,0,0,0,0,0,0,0,0,0,0.00161832
2024-06-15 00:00:00+00:00,0,1.08674,0,0,0,0,0,0,0,0,0,0,0,0,0,0.00320047
2024-06-16 00:00:00+00:00,0,1.08674,0,0,0,0,0,0,0,0,0,0,0,0,0,0.00419782
2024-06-17 00:00:00+00:00,0,1.08674,0,0,0,0,0,0,0,0,0,0,0,0,0,0.00351012
2024-06-18 00:00:00+00:00,2.66964e-05,1.08677,0.00117258,0.000420998,0.0001291,0.0163171,5.22149e-06,6.52687e-07,4.74582e-07,-2.55672e-07,3.33033e-05,8.42201e-05,-5.09168e-05,0.520833,0,0.00473562
2024-06-19 00:00:00+00:00,0.000476091,1.08728,0.0131245,1.32305e-05,-0.00187088,0.137916,4.41333e-05,8.5947e-06,5.25498e-06,-1.20282e-06,0.000535207,0.000357006,0.000178208,4.5625,0,0.00852272
2024-06-20 00:00:00+00:00,-0.000544179,1.08669,0.0301478,0.00431376,0.000410057,0.248209,7.9425e-05,1.5838e-05,7.85481e-06,-1.92591e-06,-0.000438917,-0.000252179,-0.000186786,6.04167,0,0.00951638
2024-06-21 00:00:00+00:00,-0.000777506,1.08585,0.0249381,0.00173091,1.16667e-05,0.209637,6.70826e-05,8.38533e-06,7.29127e-06,1.05887e-06,-0.000695737,0.000113078,-0.000808683,6.20833,0,0.00870435
2024-06-22 00:00:00+00:00,-0.000133531,1.0857,0.0107492,-0.00223106,-0.00389829,0.0962316,3.0794e-05,3.84925e-06,2.75196e-06,9.42368e-07,-9.70075e-05,-0.000192517,9.5355e-05,3.64583,0,0.00720616
2024-06-23 00:00:00+00:00,-8.91792e-05,1.0856,0.0116297,-0.000832923,-0.00240857,0.0941926,3.01416e-05,9.77423e-06,2.60327e-06,2.1917e-07,-4.68181e-05,-0.000360852,0.00031402,2.85417,0,0.00800535
2024-06-24 00:00:00+00:00,7.59278e-05,1.08569,0.00342956,0.00012313,-0.000177323,0.0409813,1.31141e-05,2.4451e-06,1.24003e-06,2.99279e-07,9.24359e-05,7.34667e-05,1.96395e-05,2.45833,0,0.00707548
2024-06-25 00:00:00+00:00,-0.000241061,1.08543,0.0292771,0.0053853,0.00147203,0.294647,9.42874e-05,2.30888e-05,9.12409e-06,-2.84952e-07,-0.000114068,0.000602126,-0.000716262,7.25,0,0.0101047
2024-06-26 00:00:00+00:00,0.000108061,1.08554,0.038171,0.00125513,-0.00221586,0.222941,7.13417e-05,9.43571e-06,5.86342e-06,5.90159e-06,0.000189062,-0.000144098,0.000333065,8.375,0,0.0103616
2024-06-27 00:00:00+00:00,-0.000904748,1.08456,0.0271802,-0.00604798,-0.00755159,0.159196,5.09422e-05,6.36777e-06,4.188e-06,2.18317e-06,-0.000845677,0.00026645,-0.00111229,6.35417,0,0.00931603
2024-06-28 00:00:00+00:00,-5.46234e-05,1.0845,0.01634,-0.00379356,-0.00556442,0.122098,3.90711e-05,4.98854e-06,2.36316e-06,1.55578e-06,-9.67835e-06,-0.000506475,0.000497122,5.27083,0,0.00749657
2024-06-29 00:00:00+00:00,-1.21133e-05,1.08449,0.000362752,-0.000124809,-0.000160828,0.00300103,9.60329e-07,1.20041e-07,1.58029e-08,3.97171e-08,-1.10568e-05,2.14655e-05,-3.25404e-05,1.1875,0,0.00335978
2024-06-30 00:00:00+00:00,0,1.08449,0,0,0,0,0,0,0,0,0,0,0,0,0,0.000212056
2024-07-01 00:00:00+00:00,0,1.08449,0,0,0,0,0,0,0,0,0,0,0,0,0,0.000500489
2024-07-02 00:00:00+00:00,0,1.08449,0,0,0,0,0,0,0,0,0,0,0,0,0,0.00330355
2024-07-03 00:00:00+00:00,0.000203232,1.08471,0.00107077,-0.0007155,-0.00113716,0.0158026,5.0569e-06,6.32113e-07,5.5119e-07,5.52917e-07,0.000208903,2.97494e-05,0.000179153,0.541667,0,0.00706915
2024-07-04 00:00:00+00:00,7.02775e-05,1.08478,0.00400989,-0.0013386,-0.0017763,0.0502974,1.60953e-05,2.15453e-06,1.7687e-06,-1.23087e-06,9.15431e-05,-0.000132275,0.000223818,2.08333,0,0.00682546
2024-07-05 00:00:00+00:00,9.05472e-05,1.08488,0.0177307,0.000890406,0.000999082,0.153013,4.89645e-05,3.36913e-05,9.89046e-06,2.69477e-06,0.000180504,0.000178371,2.61551e-06,3.77083,0,0.00882922
2024-07-06 00:00:00+00:00,3.29689e-05,1.08492,0.0187091,0.00166868,0.00160837,0.185267,5.92854e-05,4.7194e-05,9.07377e-06,3.13574e-06,0.000145493,0.000691633,-0.000545652,5.79167,0,0.00971226
2024-07-07 00:00:00+00:00,0.00102365,1.08603,0.031318,0.00129609,0.00121665,0.221492,7.08791e-05,2.17746e-05,9.02861e-06,2.23798e-07,0.00112465,-0.000567794,0.00169246,6.77083,0,0.0114289
2024-07-08 00:00:00+00:00,-0.000164886,1.08585,0.0557607,-0.000189875,0.00148485,0.342404,0.000109569,6.45589e-05,1.61463e-05,6.95822e-06,1.89118e-05,0.0015414,-0.00152256,10.7083,0,0.0150787
2024-07-09 00:00:00+00:00,0.00153411,1.08752,0.0734198,0.00644992,0.00277745,0.453159,0.000145018,3.743e-05,1.67621e-05,2.34692e-06,0.00173042,0.00157454,0.00015609,11.0833,0,0.0149277
2024-07-10 00:00:00+00:00,0.0018914,1.08957,0.133403,0.00488721,-0.00222449,0.570713,0.000182635,3.9417e-05,1.81849e-05,1.24311e-05,0.0021188,0.00249158,-0.000373041,14.625,0,0.0183907
2024-07-11 00:00:00+00:00,0.00095762,1.09062,0.205596,0.00332419,-7.52548e-05,0.707982,0.000226574,4.2458e-05,2.44475e-05,-5.86135e-06,0.00125986,-0.00377599,0.00503656,14.5625,0,0.0205824
2024-07-12 00:00:00+00:00,-0.00478885,1.08539,0.228097,-0.0176105,-0.00116363,0.908198,0.000290604,6.92861e-05,3.56329e-05,4.46175e-06,-0.00440595,0.000454091,-0.00486001,18.9583,0,0.02176
2024-07-13 00:00:00+00:00,-0.00291195,1.08223,0.132947,-0.00314082,0.00182091,0.354067,0.000113304,2.79081e-05,7.71759e-06,1.53854e-05,-0.00278075,-0.00344312,0.000662309,14.8125,1,0.0177703
2024-07-14 00:00:00+00:00,0.000660631,1.08295,0.0564132,-0.000759604,-0.00324579,0.223795,7.16163e-05,1.72601e-05,5.52281e-06,6.54474e-06,0.000750123,0.00137667,-0.000626485,8,0,0.0138663
2024-07-15 00:00:00+00:00,-0.00244217,1.0803,0.0605785,0.00731617,-0.00624569,0.376194,0.000120377,3.76094e-05,8.07741e-06,1.69415e-05,-0.0022946,0.00305088,-0.00534519,11.625,0,0.015273
2024-07-16 00:00:00+00:00,-0.00102755,1.07919,0.0136903,-0.00126281,-0.00548051,0.113749,3.63979e-05,9.69192e-06,2.25056e-06,1.70174e-06,-0.000981173,-0.000524093,-0.000456992,6.6875,0,0.0112514
2024-07-17 00:00:00+00:00,-4.56311e-05,1.07914,0.00244625,-0.00211895,-0.00269548,0.0341422,1.09255e-05,2.17072e-06,1.041e-06,6.9614e-07,-3.21789e-05,-5.40225e-05,2.18691e-05,1.10417,0,0.00764889
2024-07-18 00:00:00+00:00,-4.23323e-05,1.0791,0.00349149,-0.00301542,-0.00349879,0.0483546,1.54734e-05,5.26716e-06,1.40384e-06,7.82478e-07,-2.0957e-05,-5.01867e-05,2.92776e-05,2.27083,0,0.00749719
2024-07-19 00:00:00+00:00,-6.6979e-06,1.07909,6.94275e-05,-6.94275e-05,-8.54272e-05,0.000731827,2.34185e-07,2.92731e-08,4.51218e-09,4.65822e-09,-6.43454e-06,0,-6.92241e-06,0.3125,0,0.00485933
2024-07-20 00:00:00+00:00,0,1.07909,0,0,0,0,0,0,0,0,0,0,0,0,0,0.00614226
2024-07-21 00:00:00+00:00,0,1.07909,0,0,0,0,0,0,0,0,0,0,0,0,0,0.00405637
2024-07-22 00:00:00+00:00,0,1.07909,0,0,0,0,0,0,0,0,0,0,0,0,0,0.00150789
2024-07-23 00:00:00+00:00,0,1.07909,0,0,0,0,0,0,0,0,0,0,0,0,0,0
2024-07-24 00:00:00+00:00,0,1.07909,0,0,0,0,0,0,0,0,0,0,0,0,0,0
2024-07-25 00:00:00+00:00,0,1.07909,0,0,0,0,0,0,0,0,0,0,0,0,0,0
2024-07-26 00:00:00+00:00,0,1.07909,0,0,0,0,0,0,0,0,0,0,0,0,0,0
2024-07-27 00:00:00+00:00,0,1.07909,0,0,0,0,0,0,0,0,0,0,0,0,0,0
2024-07-28 00:00:00+00:00,0,1.07909,0,0,0,0,0,0,0,0,0,0,0,0,0,0
2024-07-29 00:00:00+00:00,0,1.07909,0,0,0,0,0,0,0,0,0,0,0,0,0,0
2024-07-30 00:00:00+00:00,0,1.07909,0,0,0,0,0,0,0,0,0,0,0,0,0,0
2024-07-31 00:00:00+00:00,0,1.07909,0,0,0,0,0,0,0,0,0,0,0,0,0,0
2024-08-01 00:00:00+00:00,0,1.07909,0,0,0,0,0,0,0,0,0,0,0,0,0,0
2024-08-02 00:00:00+00:00,0,1.07909,0,0,0,0,0,0,0,0,0,0,0,0,0,0
2024-08-03 00:00:00+00:00,0,1.07909,0,0,0,0,0,0,0,0,0,0,0,0,0,0
2024-08-04 00:00:00+00:00,0,1.07909,0,0,0,0,0,0,0,0,0,0,0,0,0,0
2024-08-05 00:00:00+00:00,0,1.07909,0,0,0,0,0,0,0,0,0,0,0,0,0,0
2024-08-06 00:00:00+00:00,0,1.07909,0,0,0,0,0,0,0,0,0,0,0,0,0,0
2024-08-07 00:00:00+00:00,0,1.07909,0,0,0,0,0,0,0,0,0,0,0,0,0,0
2024-08-08 00:00:00+00:00,0,1.07909,0,0,0,0,0,0,0,0,0,0,0,0,0,0
2024-08-09 00:00:00+00:00,0,1.07909,0,0,0,0,0,0,0,0,0,0,0,0,0,0
2024-08-10 00:00:00+00:00,0,1.07909,0,0,0,0,0,0,0,0,0,0,0,0,0,0
2024-08-11 00:00:00+00:00,0,1.07909,0,0,0,0,0,0,0,0,0,0,0,0,0,0
2024-08-12 00:00:00+00:00,0,1.07909,0,0,0,0,0,0,0,0,0,0,0,0,0,0
2024-08-13 00:00:00+00:00,0,1.07909,0,0,0,0,0,0,0,0,0,0,0,0,0,0
2024-08-14 00:00:00+00:00,0,1.07909,0,0,0,0,0,0,0,0,0,0,0,0,0,0
2024-08-15 00:00:00+00:00,0,1.07909,0,0,0,0,0,0,0,0,0,0,0,0,0,0.000960692
2024-08-16 00:00:00+00:00,0,1.07909,0,0,0,0,0,0,0,0,0,0,0,0,0,0.0042993
2024-08-17 00:00:00+00:00,0,1.07909,0,0,0,0,0,0,0,0,0,0,0,0,0,0.00755828
2024-08-18 00:00:00+00:00,0,1.07909,0,0,0,0,0,0,0,0,0,0,0,0,0,0.00752985
2024-08-19 00:00:00+00:00,0.00024726,1.07936,0.0057243,-0.00379776,-0.00196933,0.0650931,2.08299e-05,2.60374e-06,1.60142e-06,-2.66993e-06,0.00027497,0.000190495,8.47003e-05,2.10417,0,0.00822717
2024-08-20 00:00:00+00:00,-1.33074e-06,1.07936,3.03422e-05,-3.03422e-05,-1.95966e-05,0.000341268,1.09206e-07,1.36507e-08,9.84034e-10,-8.39061e-09,-1.19851e-06,0,-1.25103e-06,0.229167,0,0.00693299
2024-08-21 00:00:00+00:00,8.10332e-06,1.07937,0.000206123,0.000206123,0.000154078,0.00464098,1.48511e-06,1.85639e-07,1.64461e-07,6.82297e-08,9.87037e-06,9.87037e-06,0,0.166667,0,0.00886437
2024-08-22 00:00:00+00:00,-0.000124037,1.07923,0.00320614,0.000883544,-2.35794e-05,0.046347,1.48311e-05,2.59166e-06,1.11689e-06,-3.96265e-07,-0.000105102,-9.31987e-05,-1.17666e-05,2.47917,0,0.010283
2024-08-23 00:00:00+00:00,0.000108019,1.07935,0.00089313,-0.000427608,-0.000412355,0.0146112,4.6756e-06,6.81913e-07,3.67228e-07,-2.66657e-07,0.000114012,0.000111571,2.21447e-06,1.35417,0,0.00740511
2024-08-24 00:00:00+00:00,4.08716e-05,1.07939,0.000566354,-0.000521816,-0.000437995,0.00990209,3.1687e-06,3.96087e-07,5.89803e-07,1.31001e-07,4.49289e-05,8.63058e-07,4.46147e-05,0.604167,0,0.00552206
2024-08-25 00:00:00+00:00,-0.000197919,1.07918,0.0143051,-0.00451683,-0.00386652,0.110349,3.53118e-05,4.41397e-06,4.5335e-06,-1.0574e-07,-0.000153261,-0.000114412,-3.88489e-05,2.875,0,0.00926136
2024-08-26 00:00:00+00:00,0.000671125,1.0799,0.0378574,-0.00464178,-0.00332044,0.250079,8.00267e-05,1.37978e-05,8.01079e-06,-3.49552e-07,0.0007734,-0.00120987,0.00198317,6.6875,0,0.0126389
2024-08-27 00:00:00+00:00,-0.00168942,1.07808,0.0317476,-0.00604653,-0.00594934,0.212969,6.81482e-05,1.86891e-05,5.88437e-06,1.65957e-06,-0.00159935,-0.000704725,-0.00089464,6.8125,0,0.0113422
2024-08-28 00:00:00+00:00,-0.000634934,1.07739,0.01678,-0.00125811,-0.00141345,0.105862,3.38757e-05,4.678e-06,4.06163e-06,2.06188e-06,-0.000594266,-0.000462054,-0.000132075,3.41667,0,0.00860119
2024-08-29 00:00:00+00:00,0.000102542,1.0775,0.00579476,0.000680626,0.000910014,0.0722273,2.31128e-05,2.8891e-06,2.28251e-06,7.48336e-07,0.000130089,0.000140472,-1.03829e-05,2,0,0.00653444
2024-08-30 00:00:00+00:00,1.95439e-05,1.07753,0.000822747,-0.000111908,-4.84982e-05,0.0120963,3.87082e-06,4.96188e-07,2.59106e-07,9.16908e-08,2.40787e-05,1.04992e-05,1.38436e-05,1.25,0,0.00836325
2024-08-31 00:00:00+00:00,0,1.07753,0,0,0,0,0,0,0,0,0,0,0,0,0,0.00994505
2024-09-01 00:00:00+00:00,0,1.07753,0,0,0,0,0,0,0,0,0,0,0,0,0,0.00797454
2024-09-02 00:00:00+00:00,-3.00046e-05,1.07749,0.000221367,-0.000221367,-0.000280368,0.00383868,1.22838e-06,1.53547e-07,1.17795e-07,7.81179e-08,-2.85832e-05,0,-2.85832e-05,0.375,0,0.00882757
2024-09-03 00:00:00+00:00,-1.20919e-06,1.07749,2.97902e-06,-2.97902e-06,-3.72055e-06,7.01221e-05,2.24391e-08,2.80488e-09,3.34564e-10,0,-1.18361e-06,0,-6.98078e-07,0.0625,0,0.00850524
2024-09-04 00:00:00+00:00,-0.000145798,1.07733,0.00420973,-0.0016141,-0.00198875,0.0598228,1.91433e-05,3.25731e-06,2.00399e-06,2.69416e-06,-0.000124081,-5.08328e-05,-7.32487e-05,1.8125,0,0.00865167
2024-09-05 00:00:00+00:00,-2.34228e-05,1.07731,0.00062709,-0.00060221,-0.000463435,0.010439,3.34047e-06,5.16054e-07,1.5048e-07,-1.46802e-07,-1.92688e-05,-1.67224e-06,-1.78401e-05,1.125,0,0.00889482
2024-09-06 00:00:00+00:00,2.20761e-05,1.07733,0.000894832,-0.000894832,-0.00075994,0.013719,4.39007e-06,5.48758e-07,1.58891e-07,-4.02348e-08,2.72155e-05,0,2.72403e-05,0.958333,0,0.00669003
2024-09-07 00:00:00+00:00,0,1.07733,0,0,0,0,0,0,0,0,0,0,0,0,0,0.0068882
2024-09-08 00:00:00+00:00,0,1.07733,0,0,0,0,0,0,0,0,0,0,0,0,0,0.00680608
2024-09-09 00:00:00+00:00,0,1.07733,0,0,0,0,0,0,0,0,0,0,0,0,0,0.00547504
2024-09-10 00:00:00+00:00,0,1.07733,0,0,0,0,0,0,0,0,0,0,0,0,0,0.00595628
2024-09-11 00:00:00+00:00,2.39842e-05,1.07736,0.000655433,-0.000655433,-0.000922572,0.0113383,3.62827e-06,4.53534e-07,2.06045e-07,1.91802e-09,2.82703e-05,0,2.82703e-05,0.3125,0,0.00827797
2024-09-12 00:00:00+00:00,-5.78458e-05,1.0773,0.00894126,-0.00264088,-0.00511046,0.108891,3.48451e-05,1.15865e-05,2.09402e-06,-2.56712e-06,-6.73231e-06,-4.55155e-07,-6.25654e-06,3.375,0,0.0131948
2024-09-13 00:00:00+00:00,-4.26989e-06,1.07729,0.0020326,-0.000761453,-0.00151681,0.0311359,9.96351e-06,5.30664e-06,6.0151e-07,3.12203e-07,1.12925e-05,1.61216e-05,-4.81565e-06,2.45833,0,0.0123812
2024-09-14 00:00:00+00:00,1.2571e-07,1.07729,3.29133e-06,-3.29133e-06,-4.72703e-06,7.73069e-05,2.47382e-08,3.09228e-09,1.98319e-10,0,1.53739e-07,0,2.5337e-07,0.0625,0,0.00861702
2024-09-15 00:00:00+00:00,4.44479e-06,1.0773,6.31229e-05,-6.31229e-05,-8.16244e-05,0.00197037,6.30519e-07,7.88149e-08,4.98806e-08,-3.82897e-08,5.2423e-06,0,5.2423e-06,0.0416667,0,0.0115069
2024-09-16 00:00:00+00:00,-0.000112558,1.07718,0.00434326,0.000117995,0.000113514,0.0672622,2.15238e-05,1.72016e-05,1.93567e-06,9.81528e-06,-8.17116e-05,-6.61187e-05,-1.5541e-05,2.83333,0,0.0149483
2024-09-17 00:00:00+00:00,0.000463758,1.07768,0.0133182,0.00265072,0.00301534,0.156332,5.00274e-05,4.93059e-05,5.94148e-06,3.42087e-05,0.000534893,0.000881476,-0.000346707,5.10417,0,0.0165699
2024-09-18 00:00:00+00:00,-0.000198856,1.07746,0.0171851,-0.000476786,-0.00174512,0.166256,5.32021e-05,3.90836e-05,5.57063e-06,4.62294e-05,-0.000147166,0.000502219,-0.000649393,3.35417,0,0.0188967
2024-09-19 00:00:00+00:00,-0.000171647,1.07728,0.085287,0.0139929,-0.000701286,0.291373,9.32457e-05,2.65928e-05,7.59542e-06,0.000120075,-0.000161222,0.00232221,-0.00248357,8.27083,0,0.0179067
2024-09-20 00:00:00+00:00,-0.000564482,1.07667,0.0703153,0.0131284,-0.000950739,0.144479,4.62318e-05,8.81963e-06,1.48791e-06,6.02994e-05,-0.000567479,0.000306057,-0.000873215,5.95833,0,0.0147903
2024-09-21 00:00:00+00:00,0.000414241,1.07711,0.0461643,0.00812756,2.53572e-05,0.213182,6.822e-05,1.20099e-05,3.01636e-06,2.70308e-05,0.000470597,0.00041185,5.87476e-05,6.45833,0,0.0147623
2024-09-22 00:00:00+00:00,-0.000519225,1.07655,0.0235615,0.00152586,-0.00221331,0.171468,5.48687e-05,1.76114e-05,3.5969e-06,7.00777e-06,-0.000450221,-0.0010071,0.000556374,5.1875,0,0.0140683
2024-09-23 00:00:00+00:00,0.000504829,1.0771,0.0508562,0.00492983,-0.00198522,0.326785,0.00010457,1.77156e-05,1.00871e-05,5.17436e-06,0.000632244,0.00106149,-0.000429461,8.89583,0,0.0151167
2024-09-24 00:00:00+00:00,-0.00239892,1.07451,0.0619653,0.00207064,-0.00689315,0.30662,9.81136e-05,1.56018e-05,9.23164e-06,2.16629e-05,-0.00229974,0.000700653,-0.00300045,9.60417,0,0.0173082
2024-09-25 00:00:00+00:00,-0.00193334,1.07244,0.049617,-0.00439498,-0.00569614,0.222396,7.11556e-05,1.62984e-05,7.17701e-06,1.94763e-05,-0.00185862,-0.000850288,-0.00100715,8.0625,0,0.014687
2024-09-26 00:00:00+00:00,-0.000411436,1.072,0.0192607,-0.00346063,-0.00239882,0.163375,5.22757e-05,1.06827e-05,5.3568e-06,1.33322e-05,-0.000356085,4.897e-05,-0.000405178,4.60417,0,0.0118782
2024-09-27 00:00:00+00:00,-0.000445758,1.07152,0.0106709,-0.0021917,-0.00255311,0.111795,3.5774e-05,8.25057e-06,4.04913e-06,2.39696e-06,-0.0004001,0.000193574,-0.000593674,3.6875,0,0.00929973
2024-09-28 00:00:00+00:00,0.000201532,1.07173,0.00362144,-0.00201044,-0.0019335,0.0529209,1.69347e-05,3.14792e-06,1.82645e-06,1.50274e-06,0.00022196,0.000111567,0.000109797,1.85417,0,0.00683259
2024-09-29 00:00:00+00:00,5.3312e-05,1.07179,0.000782825,-0.000336937,-0.00032221,0.0141174,4.51757e-06,5.64696e-07,4.30105e-07,1.43514e-07,5.86822e-05,3.39691e-05,2.46262e-05,1.25,0,0.00634476
2024-09-30 00:00:00+00:00,0,1.07179,0,0,0,0,0,0,0,0,0,0,0,0,0,0.00347579
2024-10-01 00:00:00+00:00,0,1.07179,0,0,0,0,0,0,0,0,0,0,0,0,0,0.00279786
2024-10-02 00:00:00+00:00,0,1.07179,0,0,0,0,0,0,0,0,0,0,0,0,0,0.00201582
2024-10-03 00:00:00+00:00,0,1.07179,0,0,0,0,0,0,0,0,0,0,0,0,0,0.00330894
2024-10-04 00:00:00+00:00,0,1.07179,0,0,0,0,0,0,0,0,0,0,0,0,0,0.00268807
2024-10-05 00:00:00+00:00,0,1.07179,0,0,0,0,0,0,0,0,0,0,0,0,0,0.00236492
2024-10-06 00:00:00+00:00,0,1.07179,0,0,0,0,0,0,0,0,0,0,0,0,0,0.000161001
2024-10-07 00:00:00+00:00,0,1.07179,0,0,0,0,0,0,0,0,0,0,0,0,0,0
2024-10-08 00:00:00+00:00,0,1.07179,0,0,0,0,0,0,0,0,0,0,0,0,0,0.00023174
2024-10-09 00:00:00+00:00,0,1.07179,0,0,0,0,0,0,0,0,0,0,0,0,0,0.000221302
2024-10-10 00:00:00+00:00,0,1.07179,0,0,0,0,0,0,0,0,0,0,0,0,0,0
2024-10-11 00:00:00+00:00,0,1.07179,0,0,0,0,0,0,0,0,0,0,0,0,0,0
2024-10-12 00:00:00+00:00,0,1.07179,0,0,0,0,0,0,0,0,0,0,0,0,0,0
2024-10-13 00:00:00+00:00,0,1.07179,0,0,0,0,0,0,0,0,0,0,0,0,0,0.000635613
2024-10-14 00:00:00+00:00,0,1.07179,0,0,0,0,0,0,0,0,0,0,0,0,0,0.00310287
2024-10-15 00:00:00+00:00,0,1.07179,0,0,0,0,0,0,0,0,0,0,0,0,0,0.00329771
2024-10-16 00:00:00+00:00,0,1.07179,0,0,0,0,0,0,0,0,0,0,0,0,0,0.00419083
2024-10-17 00:00:00+00:00,0,1.07179,0,0,0,0,0,0,0,0,0,0,0,0,0,0.00484853
2024-10-18 00:00:00+00:00,0,1.07179,0,0,0,0,0,0,0,0,0,0,0,0,0,0.00729872
2024-10-19 00:00:00+00:00,-3.85764e-05,1.07175,0.00358134,0.00160895,0.000879104,0.0581002,1.85921e-05,2.51283e-06,1.02289e-06,-7.7417e-07,-1.56634e-05,-8.92554e-06,-6.73781e-06,1.52083,0,0.010174
2024-10-20 00:00:00+00:00,-0.000564577,1.07114,0.0184414,0.0062672,0.00299224,0.239023,7.64864e-05,1.53312e-05,5.61965e-06,-7.49275e-07,-0.000466503,-0.000310233,-0.000156156,5.64583,0,0.0119481
2024-10-21 00:00:00+00:00,0.0014747,1.07272,0.026259,0.00587334,-0.00361166,0.131326,4.20251e-05,6.69799e-06,6.3895e-06,1.35909e-06,0.0015282,0.000618891,0.000821847,4.33333,0,0.0107722
2024-10-22 00:00:00+00:00,-0.00258829,1.06995,0.0378559,0.0121309,0.00090873,0.164974,5.27879e-05,3.03211e-05,4.46209e-06,1.73325e-06,-0.00250479,-0.00176425,-0.000740869,6.1875,0,0.0135466
2024-10-23 00:00:00+00:00,-0.0017953,1.06803,0.0243663,0.0144186,0.00682962,0.116155,3.71683e-05,1.38441e-05,2.23135e-06,-1.27398e-06,-0.0017421,-0.0018937,0.000151882,5,0,0.0123553
2024-10-24 00:00:00+00:00,0.000175095,1.06821,0.0154265,0.00351354,0.000561676,0.204397,6.54073e-05,1.40857e-05,3.29873e-06,-7.01347e-07,0.000258666,0.000196139,6.21516e-05,4.85417,0,0.0101112
2024-10-25 00:00:00+00:00,-9.41604e-06,1.0682,0.0583774,0.0066014,0.000563817,0.285965,9.1519e-05,2.19125e-05,5.89598e-06,1.65348e-06,0.00010927,-0.00251269,0.00262215,5.6875,0,0.0130188
2024-10-26 00:00:00+00:00,0.00137172,1.06967,0.100654,0.0114284,-0.000647606,0.292896,9.37278e-05,3.80762e-05,8.13745e-06,3.31124e-06,0.00150843,0.00170809,-0.000199432,9.66667,0,0.0153566
2024-10-27 00:00:00+00:00,-0.00193853,1.0676,0.0995369,0.00719591,-0.00278203,0.297175,9.50921e-05,3.60843e-05,5.5581e-06,2.36301e-06,-0.00180534,-0.000364858,-0.00144097,9.97917,0,0.018126
2024-10-28 00:00:00+00:00,-0.000509377,1.06705,0.108938,0.0198122,0.00364177,0.500885,0.000160289,7.09222e-05,1.63685e-05,3.55451e-06,-0.000263698,-0.000713343,0.000449997,10.8125,0,0.017537
2024-10-29 00:00:00+00:00,-0.000677,1.06633,0.100626,0.011781,-0.0013287,0.431443,0.000138059,5.61941e-05,9.25331e-06,-9.67348e-06,-0.000462562,0.00339424,-0.00385692,11.8958,0,0.0174694
2024-10-30 00:00:00+00:00,-0.000593282,1.0657,0.0539692,0.00498877,-0.00228487,0.309362,9.89949e-05,2.47678e-05,5.3673e-06,-7.01843e-06,-0.000457087,-0.00135431,0.000897538,9.66667,0,0.0139527
2024-10-31 00:00:00+00:00,-0.000383735,1.06529,0.050097,0.00289844,-0.00253813,0.274783,8.79303e-05,2.43062e-05,5.7076e-06,-2.66615e-06,-0.000262588,-0.000280552,1.79351e-05,8.47917,0,0.0127512
2024-11-01 00:00:00+00:00,0.00184328,1.06725,0.0392691,-0.00333537,-0.000752387,0.150837,4.82692e-05,2.51352e-05,3.58902e-06,1.85763e-06,0.00191777,0.000580219,0.00133796,6.22917,0,0.01274
2024-11-02 00:00:00+00:00,-0.000681956,1.06652,0.0230091,-0.00188771,0.0011803,0.0703544,2.25133e-05,8.28607e-06,1.88274e-06,5.14897e-07,-0.00064985,-0.000297867,-0.000352081,3.75,0,0.0142216
2024-11-03 00:00:00+00:00,0.000110964,1.06664,0.0296188,-0.000592477,0.00240329,0.0998827,3.19629e-05,2.02844e-05,2.66102e-06,8.87099e-07,0.000165246,-3.80874e-05,0.000203317,3.70833,0,0.0140735
2024-11-04 00:00:00+00:00,-9.14221e-05,1.06654,0.0428006,-0.00584149,0.000290062,0.218896,7.00466e-05,2.44213e-05,5.73549e-06,2.56424e-06,6.37656e-06,-0.00129397,0.00130056,6.91667,0,0.0147935
2024-11-05 00:00:00+00:00,0.00140754,1.06805,0.0397375,-0.00127666,0.0014598,0.200349,6.4114e-05,4.52812e-05,5.59317e-06,-4.66277e-07,0.00152241,0.00171095,-0.000188409,7.0625,0,0.01488
2024-11-06 00:00:00+00:00,-0.00340847,1.0644,0.0809344,-0.0060285,0.000414451,0.381276,0.000121998,3.56816e-05,1.41715e-05,-5.96585e-06,-0.0032347,0.00295993,-0.00619535,10.6458,0,0.0168199
2024-11-07 00:00:00+00:00,-0.000680112,1.06368,0.0715873,-0.00186822,-1.70604e-05,0.287601,9.20312e-05,1.79106e-05,8.41456e-06,3.36961e-07,-0.000561494,-0.000506293,-5.48599e-05,9.27083,0,0.0141263
2024-11-08 00:00:00+00:00,-0.000486927,1.06316,0.0548472,0.00612304,0.00197847,0.181428,5.80578e-05,1.35449e-05,6.16922e-06,-6.60227e-07,-0.000407694,8.05342e-05,-0.000488351,6.04167,0,0.0127047
2024-11-09 00:00:00+00:00,0.00104763,1.06428,0.0499223,0.00428359,0.00048098,0.232463,7.439e-05,9.41757e-06,6.96701e-06,-4.81155e-07,0.00113885,0.00168989,-0.000551044,7.16667,0,0.0138519
2024-11-10 00:00:00+00:00,-6.28617e-05,1.06421,0.0292221,0.00540391,0.00118528,0.244992,7.83978e-05,1.22172e-05,7.24151e-06,-3.5729e-06,3.87951e-05,0.000225174,-0.000186955,7.33333,0,0.0125823
2024-11-11 00:00:00+00:00,0.000351276,1.06458,0.0389956,0.00963711,0.00322696,0.347481,0.000111195,3.5515e-05,1.39401e-05,7.10506e-06,0.000505304,0.00129485,-0.000796397,8.91667,0,0.0110539
2024-11-12 00:00:00+00:00,-0.000866473,1.06366,0.0325062,0.00470207,0.000582226,0.253857,8.1232e-05,2.8494e-05,9.87514e-06,6.12037e-06,-0.000752922,-0.00171379,0.000961609,8.45833,0,0.0109194
2024-11-13 00:00:00+00:00,0.000146694,1.06382,0.0113496,0.00242354,0.00110388,0.156195,4.99829e-05,3.67936e-05,5.17683e-06,1.203e-06,0.000237499,-0.000542208,0.000779714,5.75,0,0.0100074
2024-11-14 00:00:00+00:00,9.06879e-05,1.06391,0.000916464,0.000495256,0.000254019,0.0185323,5.93037e-06,1.54478e-06,4.27566e-07,-8.82203e-08,9.86782e-05,5.59075e-05,4.35476e-05,1.39583,0,0.00715468
2024-11-15 00:00:00+00:00,7.0486e-06,1.06392,0.00179173,-0.00084424,-0.000799004,0.0422155,1.3509e-05,4.21233e-06,1.12683e-06,3.15169e-07,2.5589e-05,8.53798e-05,-5.97788e-05,1.60417,0,0.00863868
2024-11-16 00:00:00+00:00,0.000890287,1.06487,0.00589931,3.9275e-05,-0.000537928,0.123602,3.95536e-05,1.5128e-05,3.25079e-06,1.77205e-06,0.000946136,0.000402846,0.000543528,5.52083,0,0.010295
2024-11-17 00:00:00+00:00,-0.000226128,1.06463,0.0143973,0.00398025,0.00126235,0.224036,7.16911e-05,1.90141e-05,5.35391e-06,7.37578e-07,-0.000130739,-0.000171516,4.01e-05,7.125,0,0.0105551
2024-11-18 00:00:00+00:00,0.000275739,1.06492,0.00983422,-0.00232458,-0.00426918,0.144842,4.63504e-05,2.94554e-05,3.74735e-06,4.86005e-06,0.000350508,0.000266554,6.69128e-05,4.14583,0,0.0105893
2024-11-19 00:00:00+00:00,0.000534735,1.06549,0.0172417,-0.00173408,-0.00361762,0.268329,8.5866e-05,4.82031e-05,6.3216e-06,2.03932e-06,0.000673081,-8.08482e-05,0.000754798,8.20833,0,0.0114032
2024-11-20 00:00:00+00:00,3.25471e-05,1.06553,0.0202803,0.00112028,-0.000654532,0.263432,8.42981e-05,4.22186e-05,6.07547e-06,-2.62591e-07,0.000165479,-0.00022418,0.000389576,6.1875,0,0.0117613
2024-11-21 00:00:00+00:00,-0.000507691,1.06498,0.0383283,0.00412533,0.000200351,0.327491,0.000104796,3.94195e-05,7.98636e-06,-7.8154e-06,-0.000347276,0.000941864,-0.00128941,8.875,0,0.0147857
2024-11-22 00:00:00+00:00,-0.000766987,1.06417,0.100666,0.00725017,0.000170362,0.504606,0.000161475,0.000119128,1.38515e-05,-1.51955e-05,-0.000456566,-0.000241909,-0.00021451,14.0833,0,0.0218926
2024-11-23 00:00:00+00:00,-0.00329018,1.06067,0.0832254,-0.00657773,-0.0040594,0.360635,0.000117239,0.000138871,9.56387e-06,-1.23039e-05,-0.00301548,0.000977184,-0.00399163,11.1458,1,0.0202006
2024-11-24 00:00:00+00:00,-0.00104597,1.05956,0.0237313,-0.00156131,-0.00264073,0.277462,8.87875e-05,7.51458e-05,1.04889e-05,-7.18694e-06,-0.000864503,-0.000622025,-0.000242698,8.10417,0,0.0139583
2024-11-25 00:00:00+00:00,-0.00103793,1.05846,0.0298969,0.0013044,-0.00292214,0.286645,9.17244e-05,0.000104177,9.0823e-06,5.27707e-06,-0.000838302,-0.000722727,-0.000127014,8.79167,0,0.0108999
2024-11-26 00:00:00+00:00,0.00071419,1.05921,0.0121623,-0.00341409,-0.00459305,0.113793,3.64143e-05,2.80578e-05,2.7476e-06,8.39493e-07,0.000780478,1.69316e-05,0.000763815,4.35417,0,0.008252
2024-11-27 00:00:00+00:00,3.50795e-05,1.05925,0.0104422,-0.00333368,-0.00376484,0.0901594,2.88511e-05,2.9517e-05,2.103e-06,5.13684e-06,9.04725e-05,0.000262629,-0.000172227,3.29167,0,0.010088
2024-11-28 00:00:00+00:00,-0.000256945,1.05898,0.00531685,-0.00108907,-0.00105127,0.0875549,2.80174e-05,4.11686e-05,1.87917e-06,1.70874e-06,-0.000187562,0.000144497,-0.000332146,2.8125,0,0.0114442
2024-11-29 00:00:00+00:00,9.43761e-05,1.05908,0.00228019,4.0362e-05,-0.000171544,0.0521576,1.66905e-05,1.1071e-05,8.33551e-07,1.22259e-07,0.000122852,-2.02415e-05,0.000142731,2.33333,0,0.00931838
2024-11-30 00:00:00+00:00,0.000198273,1.05929,0.0032028,0.00186489,0.00106971,0.0695149,2.22449e-05,3.03873e-05,1.14844e-06,-5.1973e-08,0.000252095,0.000207873,4.44947e-05,2.6875,0,0.00890187
2024-12-01 00:00:00+00:00,0.000162679,1.05946,0.0163128,0.000630102,8.26794e-05,0.244683,7.82987e-05,4.55992e-05,5.36299e-06,-4.2175e-06,0.000296423,0.000965812,-0.000669783,5.4375,0,0.00965679
2024-12-02 00:00:00+00:00,0.000774438,1.06028,0.0289962,0.00578757,0.00245243,0.296589,9.49088e-05,3.98925e-05,7.49999e-06,-4.18127e-07,0.000917622,0.000678259,0.000238341,9.39583,0,0.00936748
2024-12-03 00:00:00+00:00,0.000531131,1.06084,0.0500069,0.01396,0.00755067,0.429096,0.000137312,6.97587e-05,8.1682e-06,-5.08264e-06,0.000751984,-0.00022082,0.000972817,11.8125,0,0.0119899
2024-12-04 00:00:00+00:00,0.00125239,1.06217,0.0739992,0.0164322,0.00937795,0.371286,0.000118815,6.20689e-05,7.1804e-06,-1.31959e-05,0.00145516,0.00184541,-0.000390149,11.8333,0,0.016011
2024-12-05 00:00:00+00:00,-0.00300575,1.05898,0.102578,0.019405,0.00486123,0.416213,0.000133173,5.42978e-05,8.74067e-06,-6.40417e-06,-0.00280342,-0.000703573,-0.00209982,13.8125,0,0.0176208
2024-12-06 00:00:00+00:00,-5.1315e-05,1.05893,0.0852321,0.0131038,0.00373589,0.447842,0.000143309,7.14242e-05,1.01547e-05,-4.23866e-06,0.000179397,0.00175447,-0.00157499,13.2708,0,0.0165592
2024-12-07 00:00:00+00:00,-0.00142668,1.05741,0.102639,0.0087637,-0.00105807,0.388936,0.000124452,4.84616e-05,6.99042e-06,1.47683e-05,-0.00126055,0.000923121,-0.00218393,14.125,0,0.0175926
2024-12-08 00:00:00+00:00,0.000890818,1.05836,0.0661372,0.000285553,-0.00485854,0.254984,8.15964e-05,2.15526e-05,4.70309e-06,1.87288e-05,0.000980157,-0.000110959,0.00109082,9.77083,0,0.0147707
2024-12-09 00:00:00+00:00,-0.000734289,1.05758,0.0655082,0.00783571,0.000134479,0.238876,7.64402e-05,2.03747e-05,4.71438e-06,6.52192e-07,-0.000631541,-0.00464447,0.00401142,8.16667,0,0.014397
2024-12-10 00:00:00+00:00,0.00255843,1.06029,0.108952,0.0120394,0.00411627,0.364082,0.000116512,2.39296e-05,7.91922e-06,-6.71163e-06,0.00271223,0.00168041,0.00103124,12.1875,0,0.0154964
2024-12-11 00:00:00+00:00,0.00420251,1.06474,0.143907,0.0117,0.00406887,0.326206,0.0001044,2.66842e-05,6.61648e-06,4.29145e-07,0.00433361,0.00773585,-0.003403,13.375,0,0.0179649
2024-12-12 00:00:00+00:00,0.00429225,1.06931,0.174964,0.0153316,0.00257811,0.39017,0.000124866,3.30006e-05,7.15038e-06,-5.46658e-06,0.00445686,0.00231288,0.0021436,14.875,0,0.0221067
2024-12-13 00:00:00+00:00,0.0035151,1.07307,0.227806,0.020874,0.00114061,0.611584,0.000195705,2.8838e-05,1.0626e-05,-4.8893e-07,0.0037539,0.00631241,-0.00255856,17.3333,0,0.0257141
2024-12-14 00:00:00+00:00,-0.000476955,1.07256,0.297043,0.0341868,0.00061641,0.510021,0.000163207,2.63932e-05,6.92295e-06,3.3853e-07,-0.000277366,-0.00587469,0.00559779,17.2083,0,0.0290515
2024-12-15 00:00:00+00:00,0.00471255,1.07761,0.290354,0.0346375,0.00133687,0.608686,0.000194799,3.72541e-05,9.3824e-06,1.38931e-05,0.0049333,0.00688316,-0.00194952,17.5417,0,0.0296506
2024-12-16 00:00:00+00:00,0.00477354,1.08276,0.439919,0.0347927,-0.00143209,1.30188,0.00041663,0.000165298,3.13266e-05,-1.69696e-05,0.00540635,-0.000581745,0.00571731,21.7708,0,0.0332554
2024-12-17 00:00:00+00:00,-0.00444789,1.07794,0.353957,0.0314488,-0.00483544,0.987823,0.00031612,0.000326384,2.01905e-05,3.21457e-07,-0.00377943,-0.0046711,0.000891256,19.1875,0,0.0369093
2024-12-18 00:00:00+00:00,-0.000800875,1.07708,0.380211,0.0184425,-0.00312724,1.1446,0.000366274,0.000203228,3.45718e-05,3.02925e-05,-0.000216446,-0.017303,0.0170865,18.0833,0,0.0356303
2024-12-19 00:00:00+00:00,-0.00249932,1.07439,0.416794,-0.00658014,-0.00211263,1.3283,0.000425032,9.51293e-05,4.15148e-05,-2.86851e-05,-0.00190178,-0.0169232,0.0150216,23.3958,0,0.0349759
2024-12-20 00:00:00+00:00,0.00445463,1.07917,0.440477,-0.00548266,-0.0010029,1.18948,0.000380697,7.98415e-05,5.09637e-05,-1.54814e-05,0.00499131,0.0189284,-0.0139358,21.75,0,0.0332177
2024-12-21 00:00:00+00:00,0.00220115,1.08155,0.687101,0.0411715,0.00218618,1.44884,0.000463673,5.82864e-05,4.85341e-05,5.45396e-05,0.002722,-0.0146183,0.01734,24.6042,0,0.0352101
2024-12-22 00:00:00+00:00,0.00269327,1.08446,0.737814,0.0227002,-0.00112023,1.28149,0.000410104,5.1263e-05,3.68945e-05,1.89969e-05,0.00317729,0.000643051,0.00253425,23.7917,0,0.0355332
2024-12-23 00:00:00+00:00,-0.014855,1.06835,0.684758,-0.0134682,-0.0172163,1.90016,0.000607985,7.59982e-05,9.77301e-05,6.60129e-05,-0.0142178,0.0205305,-0.0347726,26.2292,0,0.0365955
2024-12-24 00:00:00+00:00,-0.00511425,1.06289,0.663087,0.0047902,-0.00874094,1.08295,0.000346512,4.3314e-05,2.77588e-05,4.69369e-05,-0.00473196,0.00354686,-0.00827895,24,0,0.0364624
2024-12-25 00:00:00+00:00,0.00427173,1.06743,0.579844,-0.00265368,-0.00718802,1.05096,0.000336346,4.21093e-05,2.19873e-05,3.3944e-05,0.00463928,-0.00325961,0.00789923,23.6667,0,0.0331
2024-12-26 00:00:00+00:00,0.00232581,1.06991,0.513993,-0.0097299,-0.00296622,0.902085,0.00028867,3.60838e-05,1.84804e-05,3.3862e-05,0.00263723,-0.0162362,0.0188738,20.8958,0,0.0334402
2024-12-27 00:00:00+00:00,-0.000466701,1.06941,0.543881,-0.0172348,-0.00526136,1.6158,0.000517046,0.000138361,5.68556e-05,2.05511e-05,0.000230575,0.000476628,-0.000246087,19.3542,0,0.0348858
2024-12-28 00:00:00+00:00,-0.00307014,1.06613,0.405309,-0.0152039,-0.000585384,1.01597,0.000325087,4.82346e-05,2.39205e-05,5.6677e-06,-0.00267714,0.00218902,-0.00486591,20.1042,0,0.0335918
2024-12-29 00:00:00+00:00,0.00489087,1.07134,0.309987,-0.0123341,-0.000427141,0.75352,0.000241151,4.97479e-05,1.37296e-05,7.71254e-06,0.00517946,-0.00378226,0.00896183,17.1667,0,0.0318756
2024-12-30 00:00:00+00:00,-0.00116211,1.0701,0.278423,0.0335817,0.0221941,1.16518,0.000372856,0.000140016,5.34044e-05,0.000204662,-0.000789112,0.000365102,-0.00115676,17.1042,0,0.0301397
2024-12-31 00:00:00+00:00,-0.00320189,1.06667,0.253416,0.0289572,0.00866034,0.56256,0.00018,7.23296e-05,1.30009e-05,2.42626e-05,-0.0029537,-0.00257477,-0.000379022,15.0208,0,0.0289558
2025-01-01 00:00:00+00:00,0.00613263,1.07321,0.311324,0.0405346,0.0102512,0.939453,0.000300672,9.1979e-05,2.39005e-05,3.00906e-05,0.00651128,0.0105003,-0.00398903,17.8333,0,0.0288144
2025-01-02 00:00:00+00:00,0.00321068,1.07666,0.505977,0.062184,0.00719183,1.19496,0.000382424,0.000155601,2.69544e-05,4.68901e-06,0.00377717,0.00919372,-0.0054167,22.2708,0,0.0326006
2025-01-03 00:00:00+00:00,-0.000584457,1.07603,0.624466,0.0390544,0.0137507,1.46116,0.000467543,0.000136892,4.0386e-05,4.90732e-05,2.90412e-05,0.0200385,-0.0200094,23.3958,0,0.0343484
2025-01-04 00:00:00+00:00,-0.00122822,1.07471,0.608623,0.0432645,0.00808759,1.09065,0.000349022,0.000100135,2.7599e-05,0.00015427,-0.000894309,-0.00212032,0.00122597,24.2083,0,0.033481
2025-01-05 00:00:00+00:00,-0.000207667,1.07448,0.481113,0.0382092,0.0134118,0.884042,0.00028289,5.97999e-05,1.732e-05,0.000167022,-9.82889e-06,-0.0030028,0.00299318,23.6667,0,0.030771
2025-01-06 00:00:00+00:00,-0.00465876,1.06948,0.445024,0.112851,0.0234484,1.24451,0.000398178,8.87198e-05,4.48101e-05,0.000200791,-0.00432648,0.000512156,-0.00467203,20.9583,0,0.0311429
2025-01-07 00:00:00+00:00,-0.00306873,1.0662,0.404352,0.0617413,0.0158784,0.833856,0.000266815,5.0978e-05,1.94202e-05,0.000268056,-0.00299421,-0.0191411,0.0161465,18.6875,0,0.031206
2025-01-08 00:00:00+00:00,0.00190688,1.06823,0.428372,0.0414166,0.00965368,0.851588,0.000272527,8.23793e-05,2.34593e-05,0.000252003,0.00204268,-0.00928533,0.0113282,17.0417,0,0.0308298
2025-01-09 00:00:00+00:00,-0.00765029,1.06006,0.403454,0.0409182,0.0120121,0.697805,0.000223236,3.95543e-05,2.27605e-05,3.94044e-05,-0.00741533,-0.0170689,0.00965395,14.4792,0,0.0290657
2025-01-10 00:00:00+00:00,-0.00217455,1.05775,0.356342,0.0466393,0.00927127,0.652549,0.000208827,3.23401e-05,1.93312e-05,7.86808e-05,-0.00198637,0.0028448,-0.00483079,15.6875,0,0.0278338
2025-01-11 00:00:00+00:00,0.00378454,1.06175,0.314534,0.0328363,0.00772437,0.485127,0.000155272,3.11192e-05,1.19313e-05,0.000271037,0.00371388,0.00562432,-0.00191063,12.75,0,0.0265993
2025-01-12 00:00:00+00:00,-0.00268426,1.0589,0.244703,0.00922051,0.00371516,0.353729,0.000113184,2.15212e-05,6.6004e-06,0.000117909,-0.0026624,-0.00512108,0.00245874,13.2917,0,0.0247251
2025-01-13 00:00:00+00:00,-0.000555184,1.05832,0.219132,0.0137091,0.00363762,0.702896,0.000224913,3.41825e-05,2.28678e-05,0.000152217,-0.0004188,-0.0072595,0.00672399,13.6875,0,0.0214386
2025-01-14 00:00:00+00:00,0.000873462,1.05924,0.175007,0.0138966,0.00579164,0.524707,0.000167913,6.38065e-05,1.44116e-05,8.20728e-05,0.00103891,0.00386191,-0.00282376,15.7292,0,0.0201005
2025-01-15 00:00:00+00:00,-0.000979085,1.0582,0.107559,0.00841685,0.00718001,0.504151,0.00016132,3.44503e-05,1.23601e-05,8.67104e-05,-0.000855475,0.00215142,-0.00300653,14.2292,0,0.0166678
2025-01-16 00:00:00+00:00,-0.0027162,1.05533,0.0664027,0.00322178,0.00569335,0.341273,0.000110389,2.39739e-05,1.0951e-05,0.00010328,-0.00267731,-0.00163041,-0.00104824,10.9583,1,0.0138494
2025-01-17 00:00:00+00:00,0.000379954,1.05573,0.0316439,0.00437457,0.00468166,0.308676,9.87763e-05,2.38842e-05,8.87066e-06,0.000115975,0.000395946,0.00111851,-0.000722725,8.27083,0,0.0109926
2025-01-18 00:00:00+00:00,0.000211736,1.05595,0.0559637,0.000852291,0.000840688,0.35481,0.000113544,3.64534e-05,1.23942e-05,0.000202643,0.000174047,-0.00130474,0.00147897,10.8333,0,0.0114867
2025-01-19 00:00:00+00:00,-0.000476862,1.05545,0.0482893,0.00329472,0.000410914,0.3449,0.000110367,4.76343e-05,1.26176e-05,7.62218e-06,-0.000313063,-0.00305675,0.00274343,10.5417,0,0.0110605
2025-01-20 00:00:00+00:00,-0.000716952,1.05469,0.0149414,-0.000529984,0.000878011,0.182026,5.82471e-05,3.42252e-05,7.77666e-06,-1.02185e-07,-0.000616501,-0.000520009,-9.62695e-05,6.125,0,0.009036
2025-01-21 00:00:00+00:00,1.07164e-06,1.05469,2.675e-05,-1.71699e-05,-1.79292e-05,0.000676285,2.16412e-07,2.70515e-08,7.88904e-09,0,1.32304e-06,-2.13877e-06,2.58033e-06,0.229167,0,0.00242342
2025-01-22 00:00:00+00:00,0,1.05469,0,0,0,0,0,0,0,0,0,0,0,0,0,0.00190842
2025-01-23 00:00:00+00:00,0,1.05469,0,0,0,0,0,0,0,0,0,0,0,0,0,0.00231658
2025-01-24 00:00:00+00:00,0,1.05469,0,0,0,0,0,0,0,0,0,0,0,0,0,0.00137407
2025-01-25 00:00:00+00:00,0,1.05469,0,0,0,0,0,0,0,0,0,0,0,0,0,0.00244772
2025-01-26 00:00:00+00:00,0,1.05469,0,0,0,0,0,0,0,0,0,0,0,0,0,0.00316806
2025-01-27 00:00:00+00:00,2.17953e-05,1.05472,0.000383636,-0.000383636,-0.000373211,0.0104934,3.3579e-06,6.92566e-07,4.79436e-07,1.52574e-07,2.6173e-05,0,2.6173e-05,0.375,0,0.0049674
2025-01-28 00:00:00+00:00,0.000255803,1.05499,0.0040419,-0.00130556,-0.00126323,0.0914618,2.9268e-05,3.6875e-06,3.35925e-06,6.06509e-07,0.000291496,-0.000114416,0.000405912,2.47917,0,0.00843529
2025-01-29 00:00:00+00:00,-0.000316482,1.05465,0.00873931,-0.000392969,-0.000797662,0.128666,4.11722e-05,5.14652e-06,4.88865e-06,4.20829e-08,-0.000265206,-0.000123681,-0.00014106,3.39583,0,0.00968262
2025-01-30 00:00:00+00:00,3.3889e-05,1.05469,0.000983321,0.000355596,0.000366811,0.0202222,6.47114e-06,8.08892e-07,5.69813e-07,5.32739e-09,4.17371e-05,9.69115e-05,-5.50341e-05,0.854167,0,0.00653396
2025-01-31 00:00:00+00:00,0,1.05469,0,0,0,0,0,0,0,0,0,0,0,0,0,0.00590724
2025-02-01 00:00:00+00:00,0,1.05469,0,0,0,0,0,0,0,0,0,0,0,0,0,0.00213033
2025-02-02 00:00:00+00:00,0,1.05469,0,0,0,0,0,0,0,0,0,0,0,0,0,0.00336591
2025-02-03 00:00:00+00:00,0,1.05469,0,0,0,0,0,0,0,0,0,0,0,0,0,0.00521639
2025-02-04 00:00:00+00:00,0,1.05469,0,0,0,0,0,0,0,0,0,0,0,0,0,0.00494462
2025-02-05 00:00:00+00:00,0,1.05469,0,0,0,0,0,0,0,0,0,0,0,0,0,0.00308385
2025-02-06 00:00:00+00:00,0,1.05469,0,0,0,0,0,0,0,0,0,0,0,0,0,0.00106578
2025-02-07 00:00:00+00:00,0,1.05469,0,0,0,0,0,0,0,0,0,0,0,0,0,0.00402683
2025-02-08 00:00:00+00:00,0,1.05469,0,0,0,0,0,0,0,0,0,0,0,0,0,0.00636429
2025-02-09 00:00:00+00:00,3.96073e-05,1.05473,0.00475354,-0.000958044,-0.00107815,0.0906186,2.8998e-05,3.62475e-06,1.62452e-06,8.10585e-07,7.30519e-05,-6.23674e-05,0.000135419,2.08333,0,0.00816674
2025-02-10 00:00:00+00:00,0.000128575,1.05487,0.0180484,0.00283882,0.000678519,0.164142,5.25256e-05,6.56569e-06,2.61786e-06,-2.29366e-07,0.000190551,0.000354238,-0.000163865,5.52083,0,0.0110754
2025-02-11 00:00:00+00:00,-0.00031752,1.05453,0.00933458,-0.002206,-0.0021436,0.100146,3.20464e-05,4.0058e-06,5.61028e-06,1.93465e-06,-0.00027772,-0.000157341,-0.000119696,3.29167,0,0.00954844
2025-02-12 00:00:00+00:00,0.000537302,1.0551,0.0297685,0.000478704,-0.00180605,0.198267,6.34463e-05,1.68271e-05,6.07642e-06,-8.34164e-07,0.000624638,0.000567296,5.74119e-05,5.47917,0,0.0112602
2025-02-13 00:00:00+00:00,-0.000212108,1.05487,0.04536,0.015605,0.000865327,0.193319,6.18639e-05,1.95378e-05,3.9624e-06,1.6264e-05,-0.000142334,-0.00123635,0.00109313,7.29167,0,0.0126532
2025-02-14 00:00:00+00:00,-0.0018721,1.0529,0.0563452,0.0216992,0.00156228,0.255625,8.17983e-05,2.79163e-05,6.08399e-06,1.38272e-05,-0.00177121,-0.00014812,-0.0016234,8.125,0,0.0130957
2025-02-15 00:00:00+00:00,0.000886924,1.05383,0.0215075,0.00624395,-0.000606835,0.158101,5.05934e-05,1.29923e-05,3.69767e-06,6.07353e-07,0.000953325,7.14027e-05,0.000881746,5.5,0,0.0109878
2025-02-16 00:00:00+00:00,-6.52703e-07,1.05383,0.0118235,0.00264948,0.000481933,0.174319,5.57821e-05,1.64919e-05,2.81977e-06,-8.37587e-07,7.52912e-05,-5.64835e-05,0.000131787,5.3125,0,0.0132191
2025-02-17 00:00:00+00:00,-3.12168e-05,1.0538,0.000915274,-0.000812576,-0.000524209,0.0242243,7.75176e-06,4.60261e-06,3.69369e-07,3.18064e-07,-1.88102e-05,6.73576e-06,-2.51826e-05,1.33333,0,0.0129973
2025-02-18 00:00:00+00:00,0,1.0538,0,0,0,0,0,0,0,0,0,0,0,0,0,0.00873581
2025-02-19 00:00:00+00:00,-2.15437e-05,1.05378,0.0001862,4.79965e-05,2.95423e-05,0.00624592,1.99869e-06,2.49836e-07,3.14617e-07,1.81095e-07,-1.91618e-05,-1.02936e-05,-8.86817e-06,0.125,0,0.00801468
2025-02-20 00:00:00+00:00,2.00683e-05,1.0538,9.02313e-05,2.41317e-05,1.50174e-05,0.00200906,6.42901e-07,8.03626e-08,3.44128e-08,2.85736e-09,2.0823e-05,2.72287e-05,-6.72711e-06,0.354167,0,0.00733431
2025-02-21 00:00:00+00:00,0,1.0538,0,0,0,0,0,0,0,0,0,0,0,0,0,0.0050932
2025-02-22 00:00:00+00:00,0,1.0538,0,0,0,0,0,0,0,0,0,0,0,0,0,0.00304985
2025-02-23 00:00:00+00:00,0,1.0538,0,0,0,0,0,0,0,0,0,0,0,0,0,0.000887508
2025-02-24 00:00:00+00:00,0,1.0538,0,0,0,0,0,0,0,0,0,0,0,0,0,0.0016394
2025-02-25 00:00:00+00:00,0,1.0538,0,0,0,0,0,0,0,0,0,0,0,0,0,0.000298865
2025-02-26 00:00:00+00:00,0,1.0538,0,0,0,0,0,0,0,0,0,0,0,0,0,0.000227052
2025-02-27 00:00:00+00:00,0,1.0538,0,0,0,0,0,0,0,0,0,0,0,0,0,0
2025-02-28 00:00:00+00:00,0,1.0538,0,0,0,0,0,0,0,0,0,0,0,0,0,0
2025-03-01 00:00:00+00:00,0,1.0538,0,0,0,0,0,0,0,0,0,0,0,0,0,0
2025-03-02 00:00:00+00:00,0,1.0538,0,0,0,0,0,0,0,0,0,0,0,0,0,0.000307562
2025-03-03 00:00:00+00:00,0,1.0538,0,0,0,0,0,0,0,0,0,0,0,0,0,2.70188e-05
2025-03-04 00:00:00+00:00,3.09372e-05,1.05383,0.000275503,0.00017726,0.000276764,0.00779109,2.49317e-06,3.11646e-07,3.24913e-07,6.17208e-08,3.40082e-05,3.20311e-05,1.97704e-06,0.1875,0,0.00190087
2025-03-05 00:00:00+00:00,-0.000516671,1.05329,0.00533218,0.000199641,0.000676845,0.112677,3.60562e-05,4.50702e-06,4.33232e-06,1.78825e-07,-0.000472047,2.67675e-05,-0.000499099,3.16667,0,0.00562773
2025-03-06 00:00:00+00:00,-9.92296e-05,1.05318,0.0003281,7.0155e-05,9.58578e-05,0.00778899,2.49246e-06,3.11557e-07,2.57566e-07,1.45925e-08,-9.61857e-05,-3.12563e-05,-6.45503e-05,0.541667,0,0.00193924
2025-03-07 00:00:00+00:00,0,1.05318,0,0,0,0,0,0,0,0,0,0,0,0,0,0
2025-03-08 00:00:00+00:00,0,1.05318,0,0,0,0,0,0,0,0,0,0,0,0,0,7.22129e-06
2025-03-09 00:00:00+00:00,0,1.05318,0,0,0,0,0,0,0,0,0,0,0,0,0,0.00156478
2025-03-10 00:00:00+00:00,8.07899e-05,1.05327,0.00190085,0.00087285,0.000921357,0.047362,1.51559e-05,4.98645e-06,1.28235e-06,3.08828e-07,0.000101921,8.82333e-05,1.41309e-05,1.60417,0,0.00592194
2025-03-11 00:00:00+00:00,-0.000348664,1.0529,0.0150666,0.000452051,0.000210574,0.176606,5.65133e-05,2.70192e-05,6.29739e-06,3.63989e-06,-0.000262371,0.000460155,-0.000722787,5.35417,0,0.00877368
2025-03-12 00:00:00+00:00,-7.05329e-06,1.05289,0.018022,0.00142836,0.000444373,0.16815,5.38082e-05,1.02841e-05,7.0921e-06,5.74809e-06,5.84702e-05,0.000479722,-0.000420976,5.58333,0,0.00866268
2025-03-13 00:00:00+00:00,0.00027579,1.05318,0.0145854,0.00215848,0.00113121,0.134568,4.30621e-05,8.01476e-06,4.9118e-06,4.34824e-06,0.000327448,-0.000352865,0.000680119,5,0,0.00878356
2025-03-14 00:00:00+00:00,-0.000779926,1.05236,0.0124655,-8.47809e-05,-0.00091549,0.217842,6.97082e-05,1.72033e-05,7.43328e-06,-1.92315e-06,-0.000683816,0.000289474,-0.000972752,6.47917,0,0.00920686
2025-03-15 00:00:00+00:00,3.5695e-05,1.0524,0.000511927,-0.000201052,-0.00028607,0.0130417,4.17337e-06,5.21672e-07,3.91077e-07,7.23768e-08,4.07094e-05,-2.60583e-06,4.34937e-05,0.875,0,0.00616429
2025-03-16 00:00:00+00:00,-5.67702e-07,1.0524,3.27679e-06,-3.27679e-06,-5.64402e-06,0.000106518,3.40858e-08,4.26072e-09,9.02027e-10,0,-5.28452e-07,0,-6.50258e-07,0.0625,0,0.00689152
2025-03-17 00:00:00+00:00,-0.0009018,1.05145,0.01143,0.00592999,0.00209309,0.104185,3.33386e-05,6.97179e-06,4.7584e-06,5.2068e-05,-0.000908835,-0.000288297,-0.000620891,3.4375,0,0.00889111
2025-03-18 00:00:00+00:00,0.00107844,1.05258,0.0118934,0.00679471,0.00325488,0.101384,3.24434e-05,5.43755e-06,2.46291e-06,4.34748e-05,0.00107526,0.00113537,-6.01652e-05,3.95833,0,0.0100336
2025-03-19 00:00:00+00:00,-0.000164269,1.05241,0.013514,0.00515172,0.000539108,0.104873,3.35594e-05,7.63926e-06,3.36866e-06,9.27152e-05,-0.000212096,0.000620469,-0.000832587,3.79167,0,0.0110144
2025-03-20 00:00:00+00:00,0.00224062,1.05477,0.0195841,0.00762863,0.000398776,0.168444,5.39053e-05,9.60197e-06,5.32451e-06,0.000361045,0.00194663,0.0012805,0.000666016,5.97917,0,0.0124335
2025-03-21 00:00:00+00:00,0.00312011,1.05806,0.0257008,0.00790982,0.00226093,0.258742,8.28077e-05,2.52469e-05,7.40961e-06,0.000164569,0.00307097,0.00271163,0.00035943,7.14583,0,0.0139501
2025-03-22 00:00:00+00:00,-0.00245998,1.05546,0.015281,0.00287747,0.00504954,0.0826411,2.64437e-05,3.66908e-06,1.88426e-06,0.000533326,-0.00296283,-0.00268031,-0.000282453,3.47917,0,0.0114137
2025-03-23 00:00:00+00:00,-0.0018185,1.05354,0.00914735,0.000791668,0.00331907,0.137812,4.40979e-05,5.51224e-06,7.20147e-06,1.27078e-05,-0.00177575,-0.000913762,-0.000861997,3.72917,0,0.00815878
2025-03-24 00:00:00+00:00,6.2241e-05,1.0536,0.00198797,-6.65576e-05,0.000791134,0.0524912,1.67972e-05,2.09965e-06,2.25325e-06,1.26758e-05,7.07344e-05,-2.50935e-05,9.59838e-05,2.29167,0,0.00546522
2025-03-25 00:00:00+00:00,5.60966e-06,1.05361,0.00365835,0.00110946,0.00134408,0.0853738,2.73197e-05,3.41496e-06,4.34781e-06,-2.4209e-06,4.3145e-05,3.82812e-05,4.46958e-06,2.60417,0,0.00705852
2025-03-26 00:00:00+00:00,-7.32551e-05,1.05353,0.00351729,0.00151742,0.001938,0.0875574,2.80183e-05,3.50229e-06,3.8619e-06,2.04594e-06,-3.99024e-05,-0.000108397,6.8495e-05,3,0,0.00638239
2025-03-27 00:00:00+00:00,-4.95691e-05,1.05348,0.00067361,0.000609028,0.000706696,0.0192544,6.16142e-06,7.70177e-07,4.06204e-07,3.54754e-07,-4.25867e-05,-4.20293e-05,-1.54725e-07,1.16667,0,0.00513516
2025-03-28 00:00:00+00:00,0.000309412,1.05381,0.00342046,-0.00141959,-0.00132739,0.07253,2.32098e-05,2.90122e-06,3.12477e-06,-1.14444e-06,0.000339757,9.37927e-05,0.000246662,2.29167,0,0.00603103
2025-03-29 00:00:00+00:00,9.75545e-06,1.05382,0.000242678,-0.000242678,-0.000231519,0.00569537,1.82252e-06,2.27815e-07,1.7537e-07,-8.18507e-08,1.20632e-05,0,1.20907e-05,0.333333,0,0.00518212
2025-03-30 00:00:00+00:00,-5.75032e-07,1.05381,2.9462e-05,2.9462e-05,2.55391e-05,0.00141418,4.52537e-07,5.65671e-08,6.59278e-08,0,0,0,0,0.0208333,0,0.00476339
2025-03-31 00:00:00+00:00,-4.61303e-05,1.05377,0.00618801,-0.000524137,-4.82529e-05,0.0878654,2.81168e-05,4.53933e-06,3.99387e-06,-3.56409e-06,-5.88514e-06,-0.000159449,0.000168075,2.5625,0,0.00841318
2025-04-01 00:00:00+00:00,0.00285526,1.05678,0.0480639,0.0046954,0.00569552,0.30137,9.64466e-05,1.23e-05,1.30325e-05,-1.55209e-05,0.00298956,0.00111733,0.00187266,9.27083,0,0.0135551
2025-04-02 00:00:00+00:00,0.00363867,1.06062,0.0954707,0.000378794,-0.000934157,0.287157,9.19221e-05,1.14903e-05,1.25792e-05,-3.12264e-05,0.00378365,-0.00171533,0.00549864,8.66667,0,0.0148614
2025-04-03 00:00:00+00:00,0.00125952,1.06196,0.125145,-0.00328612,0.0024516,0.360062,0.000115225,1.66237e-05,1.1474e-05,-5.2478e-06,0.00140926,0.00117775,0.000230769,13.9792,0,0.0169685
2025-04-04 00:00:00+00:00,-0.00244368,1.05936,0.152106,0.0110886,0.00297514,0.402795,0.000128889,3.24747e-05,1.35022e-05,-4.47118e-06,-0.00226537,-0.00120637,-0.00105924,13.4583,0,0.0198986
2025-04-05 00:00:00+00:00,-0.000248199,1.0591,0.149526,0.0177654,0.00491069,0.22481,7.19409e-05,1.61794e-05,7.97732e-06,-2.75963e-05,-0.000120979,-0.000610575,0.000489001,9.4375,0,0.0208093
2025-04-06 00:00:00+00:00,0.000455161,1.05958,0.131437,0.0113358,0.00533256,0.305765,9.78504e-05,1.76772e-05,9.16909e-06,-0.000125962,0.000711839,-0.0078097,0.00852171,8.91667,0,0.0218387
2025-04-07 00:00:00+00:00,0.00303688,1.0628,0.212217,0.00753997,0.00163048,0.935209,0.000299307,0.000102631,5.74491e-05,-2.31835e-05,0.0035192,0.00509235,-0.00157187,17.7917,0,0.0237097
2025-04-08 00:00:00+00:00,0.00520351,1.06833,0.218135,0.0169291,0.00607585,0.609794,0.000195161,7.42897e-05,2.62828e-05,-6.45473e-05,0.00555452,-0.00203688,0.00759192,17.7083,0,0.0238807
2025-04-09 00:00:00+00:00,0.00618503,1.07494,0.294768,0.0142642,0.00332091,0.75419,0.0002414,0.000137135,3.94469e-05,-6.17462e-05,0.00665247,0.0221106,-0.0154581,16.8958,0,0.0273083
2025-04-10 00:00:00+00:00,-0.00160729,1.07321,0.259778,0.0170484,0.00136627,0.617029,0.000197446,0.000125268,2.36873e-05,-4.35325e-05,-0.00121585,-0.00682096,0.00560477,17.0833,0,0.0269286
2025-04-11 00:00:00+00:00,0.00297139,1.0764,0.162636,0.00816099,-0.000345416,0.468095,0.00014981,8.41692e-05,1.92077e-05,-6.33466e-05,0.00329357,0.00659535,-0.00330157,14.125,0,0.0222268
2025-04-12 00:00:00+00:00,-0.00158324,1.07469,0.137044,0.0094785,-0.000373899,0.526625,0.000168508,7.44009e-05,1.83398e-05,-1.93786e-05,-0.00130084,0.00299572,-0.00429658,15.1458,0,0.0202093
2025-04-13 00:00:00+00:00,0.00548276,1.08059,0.150245,0.00440178,-0.00209392,0.472336,0.000151165,3.98575e-05,2.10904e-05,7.74809e-06,0.00567859,0.00117495,0.00450335,13.9167,0,0.0198552
2025-04-14 00:00:00+00:00,0.00192835,1.08267,0.289654,-0.00478463,0.000301346,0.822558,0.000263221,0.000107773,4.42819e-05,0.000157962,0.00218982,0.0037325,-0.00145637,17.4375,0,0.0238787
2025-04-15 00:00:00+00:00,0.00478691,1.08785,0.377118,-0.0377277,-0.00976415,0.749032,0.000239736,5.66129e-05,2.66801e-05,0.000102394,0.00500721,-0.00135243,0.00636,19.5625,0,0.0276833
2025-04-16 00:00:00+00:00,-0.00601082,1.08131,0.376202,-0.0325447,-0.00438854,0.925925,0.000296267,0.000108068,3.80756e-05,3.28563e-05,-0.00561079,-0.0039079,-0.00170316,20.7292,0,0.0302499
2025-04-17 00:00:00+00:00,0.00181723,1.08328,0.219926,0.0178108,0.000541615,0.626531,0.000200497,0.000147374,2.38537e-05,4.38985e-05,0.00215097,0.00433921,-0.00218867,15.7292,0,0.0294145
2025-04-18 00:00:00+00:00,-0.00385602,1.0791,0.179129,0.0200015,0.000619486,0.532049,0.000170236,0.000117388,1.62997e-05,3.30137e-05,-0.00358586,-0.00333715,-0.000248649,14.0208,0,0.0282596
2025-04-19 00:00:00+00:00,0.00204975,1.08131,0.139489,0.0150089,-0.00122221,0.369531,0.000118252,7.24137e-05,1.41437e-05,1.00218e-05,0.00224699,0.00238806,-0.000140907,11.0625,0,0.0279453
2025-04-20 00:00:00+00:00,0.00102026,1.08242,0.0860487,0.00989664,-0.00481619,0.25539,8.1727e-05,5.5194e-05,9.00513e-06,7.80759e-06,0.00116081,0.000391318,0.000769337,8.58333,0,0.0264025
2025-04-21 00:00:00+00:00,0.00121501,1.08373,0.132816,0.0081979,-0.00121373,0.333719,0.000106799,7.5888e-05,1.78815e-05,6.85645e-06,0.00141034,-0.000896576,0.00229954,9.25,0,0.0264435
2025-04-22 00:00:00+00:00,0.00538059,1.08956,0.159325,0.00787338,-0.00633735,0.397066,0.000127084,0.00011652,1.27971e-05,-2.7196e-06,0.00563856,0.0114917,-0.00585334,8.9375,0,0.0280194
2025-04-23 00:00:00+00:00,0.000463418,1.09007,0.172438,0.0080345,-0.00311837,0.456627,0.000148223,0.000110326,2.20755e-05,-2.20789e-06,0.000758493,0.0031933,-0.00243502,13.4167,1,0.0261496
2025-04-24 00:00:00+00:00,0.00421539,1.09466,0.131691,0.0163153,-0.00329615,0.404668,0.000129509,6.27017e-05,1.82342e-05,-1.78193e-05,0.00443951,0.00341554,0.00102387,13.75,0,0.0222665
2025-04-25 00:00:00+00:00,-0.000218744,1.09442,0.126235,0.0214487,0.00231454,0.529497,0.000169438,7.79644e-05,2.39249e-05,1.78423e-05,4.11445e-05,-0.0015204,0.00156166,14.5208,0,0.0196111
2025-04-26 00:00:00+00:00,0.00136934,1.09592,0.125536,0.01261,-0.000649365,0.493777,0.000158013,7.65597e-05,1.948e-05,8.69132e-06,0.00161642,0.00177278,-0.000156384,13.4792,0,0.0192893
2025-04-27 00:00:00+00:00,-0.00211368,1.0936,0.134824,-0.00317357,-0.00914354,0.466863,0.000149382,7.96702e-05,1.87355e-05,1.96438e-06,-0.00185953,0.00124648,-0.00310619,14.0417,0,0.0218233
2025-04-28 00:00:00+00:00,-0.000468086,1.09309,0.115714,-0.00687363,-0.00388458,0.573665,0.000183569,8.90274e-05,2.05261e-05,2.33306e-05,-0.000196633,-4.00667e-06,-0.000206815,15.0417,0,0.0222062
2025-04-29 00:00:00+00:00,-0.00303665,1.08977,0.0898979,-0.000548277,0.00290365,0.483081,0.000154577,0.000103076,1.5197e-05,4.06043e-05,-0.00280813,-0.00192912,-0.000879347,13.7292,0,0.0213855
2025-04-30 00:00:00+00:00,-0.00195591,1.08764,0.052948,-0.0026874,-0.00265716,0.375864,0.000120273,5.88934e-05,1.41882e-05,1.24877e-05,-0.00177637,0.000389841,-0.00216568,9.72917,0,0.0186686
2025-05-01 00:00:00+00:00,0.000608809,1.0883,0.0206539,-0.000785693,-0.00415202,0.16436,5.25963e-05,4.35253e-05,4.77066e-06,5.86859e-06,0.000703801,0.0003333,0.000370642,9,0,0.0152705
2025-05-02 00:00:00+00:00,0.000112946,1.08843,0.0103554,0.00304044,0.00179877,0.0955515,3.05765e-05,3.37394e-05,2.64529e-06,1.86387e-06,0.000178065,-3.13566e-05,0.000209509,4.47917,0,0.0138756
2025-05-03 00:00:00+00:00,-0.00122497,1.08709,0.0343343,0.00156705,-0.000203479,0.230444,7.37374e-05,5.15501e-05,7.55295e-06,1.31416e-05,-0.00110551,-0.00178765,0.000682135,6.10417,0,0.0159119
2025-05-04 00:00:00+00:00,0.000204377,1.08732,0.0574156,0.0080119,0.00648829,0.229727,7.3513e-05,5.53307e-05,5.93268e-06,2.56187e-05,0.000314164,-0.00111448,0.00142851,6.83333,0,0.0158605
2025-05-05 00:00:00+00:00,-0.000867702,1.08637,0.0476808,0.0181912,0.0180796,0.318561,0.000101938,7.95333e-05,1.20202e-05,-4.34698e-06,-0.000669187,-0.000732032,6.27853e-05,9.89583,0,0.0143059
2025-05-06 00:00:00+00:00,0.000133357,1.08652,0.0824711,0.0218056,0.0136095,0.439353,0.000140599,0.000123716,2.14611e-05,0.000716016,-0.000291385,-0.000130857,-0.000160873,11.125,0,0.0161014
2025-05-07 00:00:00+00:00,-0.00362751,1.08258,0.10336,0.0248322,0.00544347,0.516532,0.000165273,8.04219e-05,2.56912e-05,0.000572566,-0.00392931,-0.00174651,-0.00218324,11.8125,0,0.0161233
2025-05-08 00:00:00+00:00,0.00116469,1.08384,0.0884648,0.0113708,0.00112446,0.527807,0.000171067,3.48196e-05,2.39517e-05,0.000217758,0.00117874,0.00558925,-0.00441052,10.9167,2,0.0129898
2025-05-09 00:00:00+00:00,-0.000660994,1.08312,0.042117,0.00217798,-0.0036571,0.304869,9.75555e-05,1.51043e-05,1.3121e-05,6.89902e-05,-0.000603241,0.00165615,-0.00225949,9.54167,0,0.00970131
2025-05-10 00:00:00+00:00,-0.00142117,1.08158,0.0455199,0.00237328,-0.00203854,0.420846,0.000134664,1.88615e-05,2.14221e-05,4.15867e-05,-0.0012867,0.0011661,-0.00245261,9.58333,0,0.00990762
2025-05-11 00:00:00+00:00,0.000746794,1.08239,0.0260051,0.00495472,0.000825184,0.241795,7.73765e-05,1.59478e-05,1.16901e-05,2.99455e-05,0.000821817,-0.000348168,0.00117075,8.47917,0,0.0099338
2025-05-12 00:00:00+00:00,9.69669e-05,1.08249,0.0250659,0.00386319,-0.000235919,0.288658,9.23702e-05,3.69988e-05,1.52937e-05,2.10824e-05,0.000221003,0.000440269,-0.000219518,10.3542,0,0.00929555
2025-05-13 00:00:00+00:00,0.000354565,1.08288,0.0283594,-0.00273852,-0.00150403,0.321157,0.00010277,5.2843e-05,1.32467e-05,2.07415e-05,0.000503007,0.00107968,-0.000576481,9.5625,0,0.00945074
2025-05-14 00:00:00+00:00,-0.000136522,1.08273,0.043518,-0.0023527,-0.00216454,0.411086,0.000131547,9.72987e-05,1.32613e-05,2.80965e-05,7.82696e-05,-0.00148753,0.00156582,10.8333,0,0.0114867
2025-05-15 00:00:00+00:00,-0.000784239,1.08188,0.0258198,-0.00499078,-0.00371912,0.2432,7.78221e-05,3.47645e-05,8.17766e-06,6.01447e-06,-0.000669608,-0.00100959,0.000342496,7.83333,0,0.0105111
2025-05-16 00:00:00+00:00,0.00118944,1.08317,0.0535288,0.000798768,5.1442e-05,0.371542,0.000118896,2.4337e-05,1.5489e-05,1.39989e-05,0.00133374,-0.000153322,0.00148702,9.1875,0,0.0117111
2025-05-17 00:00:00+00:00,-0.00112998,1.08194,0.0536553,0.00490505,0.000403542,0.333416,0.000106691,1.61259e-05,1.2538e-05,4.65187e-05,-0.00104141,-0.00201946,0.000977905,10.5833,0,0.0119356
2025-05-18 00:00:00+00:00,0.000265526,1.08223,0.0488366,0.00798594,0.00206497,0.202876,6.49213e-05,1.58822e-05,3.99557e-06,4.60139e-05,0.000305855,0.00239939,-0.00209361,7.1875,0,0.0123971
2025-05-19 00:00:00+00:00,0.00277138,1.08523,0.132319,0.00514375,0.0033549,0.445708,0.000142643,1.88017e-05,1.61438e-05,2.20295e-05,0.00292696,0.0024242,0.000503275,12.125,0,0.018393
2025-05-20 00:00:00+00:00,-0.00321958,1.08174,0.193694,0.00860412,0.00508586,0.494355,0.000158179,2.25238e-05,2.07729e-05,4.50569e-05,-0.00306375,-0.0017963,-0.00126768,17.2292,0,0.0209309
2025-05-21 00:00:00+00:00,0.00132804,1.08317,0.141828,0.00101108,0.00349348,0.535404,0.0001713,4.69974e-05,2.72167e-05,-1.23924e-05,0.00159742,0.00639198,-0.00479432,12.9167,0,0.0183485
2025-05-22 00:00:00+00:00,-0.000926115,1.08217,0.123115,0.00595177,0.00089933,0.472207,0.000151102,2.17044e-05,1.43715e-05,1.37835e-05,-0.000751519,0.00245026,-0.00320161,14.3958,0,0.018429
2025-05-23 00:00:00+00:00,-0.00383535,1.07802,0.0685431,-0.00684433,-0.00141611,0.326279,0.000104395,5.10331e-05,1.64149e-05,-7.48381e-05,-0.00359242,-0.00307595,-0.000517014,13.375,0,0.0161754
2025-05-24 00:00:00+00:00,0.000456624,1.07851,0.0365872,-0.00956408,-0.00149815,0.169263,5.41646e-05,1.1189e-05,9.04425e-06,-4.48874e-05,0.000576681,0.000799795,-0.000223696,6.10417,0,0.0120581
2025-05-25 00:00:00+00:00,0.00123792,1.07985,0.0621806,-0.0108059,-0.002091,0.339168,0.000108537,2.30709e-05,1.20617e-05,-2.32734e-05,0.00140466,0.000556795,0.00084786,8.70833,0,0.0145227
2025-05-26 00:00:00+00:00,0.00190748,1.08191,0.0946751,-0.00748775,0.00669705,0.33003,0.000105616,1.43844e-05,7.96475e-06,-3.648e-05,0.00207056,0.000376922,0.00164412,9.625,0,0.0172461
2025-05-27 00:00:00+00:00,-0.00015314,1.08174,0.171836,-0.0109066,0.0103407,0.384884,0.000123163,1.53954e-05,7.76505e-06,-1.5049e-05,1.00089e-05,0.00182513,-0.00181526,11.9375,0,0.0212568
2025-05-28 00:00:00+00:00,0.00438136,1.08648,0.178319,-0.0219226,0.00203945,0.562904,0.000180168,3.19294e-05,1.42379e-05,-0.000165312,0.00476659,0.000973406,0.00379303,15.75,0,0.0225564
2025-05-29 00:00:00+00:00,0.00103138,1.0876,0.23443,-0.0240614,-0.00122839,0.517921,0.000165741,5.02964e-05,1.24749e-05,-1.5447e-05,0.00127784,-0.00274229,0.00401976,16.4167,0,0.0264083
2025-05-30 00:00:00+00:00,0.00273621,1.09058,0.258708,-0.0374745,-0.000582959,0.593942,0.000190101,6.72486e-05,2.12031e-05,-3.47673e-05,0.00305372,-0.0132451,0.0162989,11.9583,0,0.027292
2025-05-31 00:00:00+00:00,-0.00101277,1.08947,0.328807,-0.0639425,-0.00277393,0.6982,0.000223394,5.41547e-05,2.2995e-05,-0.000148554,-0.000543663,0.0040317,-0.00457549,17.7292,0,0.0268763
2025-06-01 00:00:00+00:00,0.000218266,1.08971,0.323686,-0.0520188,-0.00287749,0.635025,0.000203211,4.42477e-05,1.58823e-05,9.496e-06,0.000478322,0.00339498,-0.00291682,18.0208,0,0.0260238
2025-06-02 00:00:00+00:00,0.00372819,1.09377,0.348813,-0.0129335,0.00527007,0.891477,0.000285314,5.64486e-05,3.23452e-05,6.84232e-05,0.0040311,0.00356046,0.000468751,19.4375,0,0.0268504
2025-06-03 00:00:00+00:00,-0.00201502,1.09157,0.317807,-0.00354088,0.00561499,0.725247,0.000232067,7.82789e-05,2.10042e-05,6.14093e-05,-0.00173833,-0.00134225,-0.000396277,17.9583,0,0.0299741
2025-06-04 00:00:00+00:00,0.010043,1.10253,0.380267,-0.0443394,0.000287773,0.746397,0.000238949,8.15949e-05,2.21079e-05,0.000538798,0.00981631,0.00508875,0.00472752,18,0,0.031357
2025-06-05 00:00:00+00:00,0.00240049,1.10518,0.481754,-0.0877327,-0.002853,1.03599,0.000331553,8.44886e-05,3.56894e-05,8.16088e-05,0.00278621,-0.0151972,0.0179833,21.9167,0,0.0332217
2025-06-06 00:00:00+00:00,-0.00185653,1.10313,0.589614,-0.0590812,-0.00226147,1.19135,0.000381211,9.85746e-05,3.58586e-05,-9.45279e-05,-0.00123182,0.00505691,-0.00628885,26.2708,0,0.0363174
2025-06-07 00:00:00+00:00,0.00747266,1.11137,0.61712,-0.014218,0.0115537,0.512034,0.000163904,7.01661e-05,1.52749e-05,0.000165104,0.00755493,0.0165191,-0.00896414,26.9792,0,0.0356038
2025-06-08 00:00:00+00:00,0.00205716,1.11366,0.724725,-0.0169813,0.0122285,0.19572,6.26348e-05,1.46445e-05,7.91723e-06,0.000290401,0.00186365,0.00234443,-0.000465239,26.2083,0,0.0368159
2025-06-09 00:00:00+00:00,-0.00183028,1.11162,0.904248,0.0218373,-0.00763763,0.774584,0.000247869,7.51055e-05,8.12838e-05,0.000862905,-0.00227458,0.0302058,-0.0323823,27,0,0.0368954
2025-06-10 00:00:00+00:00,0.00107618,1.11281,0.940408,0.0695818,-0.00273987,0.482194,0.000154245,4.9421e-05,2.12889e-05,0.001014,0.000327284,0.020043,-0.0197157,28.0833,0,0.0380157
2025-06-11 00:00:00+00:00,0.000471285,1.11334,0.884023,0.141042,0.0142282,0.75041,0.000245362,7.10415e-05,2.97386e-05,0.000924229,-6.9049e-05,-0.0138684,0.0137994,29,1,0.036816
2025-06-12 00:00:00+00:00,8.34593e-06,1.11335,0.827651,0.129579,0.0146046,0.298611,9.55765e-05,1.89491e-05,1.3423e-05,9.1237e-05,6.62911e-05,-0.0295781,0.0296444,29,0,0.0355674
2025-06-13 00:00:00+00:00,-0.00333516,1.10963,0.947023,0.118729,0.0163074,0.321056,0.000102698,1.97536e-05,1.56022e-05,3.30325e-05,-0.00321516,-0.0033594,0.000144239,29,0,0.0355959
2025-06-14 00:00:00+00:00,0.000992074,1.11073,0.920011,0.0973832,0.0135635,0.468585,0.000149943,5.51905e-05,1.17231e-05,0.000165068,0.00105079,-0.0115805,0.0126313,29,0,0.0338329
2025-06-15 00:00:00+00:00,-0.00399809,1.10629,0.923051,0.0811071,0.00957333,0.763607,0.000244318,6.22878e-05,1.63025e-05,4.58234e-05,-0.00371955,0.00214765,-0.0058672,29,0,0.0335741
2025-06-16 00:00:00+00:00,0.00694917,1.11398,0.791659,0.0765895,0.00783546,1.58323,0.000506718,0.000215683,8.18723e-05,0.000920365,0.00684884,0.00994538,-0.00307742,29,0,0.0325003
2025-06-17 00:00:00+00:00,0.00433931,1.11882,0.679554,0.00563287,-0.010601,0.995945,0.000318786,9.54762e-05,3.0621e-05,0.000358833,0.004434,-0.010748,0.0151821,27.75,0,0.0344817
2025-06-18 00:00:00+00:00,-0.00131797,1.11734,1.05929,0.0438908,8.55407e-05,0.307793,9.84966e-05,2.14282e-05,8.51138e-06,0.000338349,-0.00151083,-9.37797e-05,-0.00141705,27,0,0.0355896
2025-06-19 00:00:00+00:00,-0.00693685,1.10959,1.19538,0.072436,0.0153732,0.364618,0.000116457,4.58389e-05,3.38345e-05,0.000266316,-0.00698377,-0.00750422,0.000520449,27.4167,0,0.0342174
2025-06-20 00:00:00+00:00,0.00708231,1.11745,1.13526,0.0892033,0.0188365,0.351849,0.00011265,4.2664e-05,1.28093e-05,6.90191e-05,0.0071949,-0.0153731,0.0225679,28,0,0.0343266
2025-06-21 00:00:00+00:00,-0.00317284,1.1139,1.20906,0.0910167,0.01049,0.378298,0.000121075,3.65562e-05,1.92732e-05,0.00012323,-0.00308806,-0.0255595,0.0224714,29.875,0,0.0361806
2025-06-22 00:00:00+00:00,-0.0013419,1.11241,1.19578,0.0671015,0.00095551,0.688759,0.000220389,7.22971e-05,2.59004e-05,5.49885e-05,-0.00104108,-0.0168627,0.0158216,30,0,0.0349065
2025-06-23 00:00:00+00:00,0.00502971,1.118,1.13449,0.0917028,0.00941467,0.485391,0.00015539,0.000126913,2.7665e-05,-1.68314e-05,0.00538128,0.0520136,-0.0466034,30,0,0.0350452
2025-06-24 00:00:00+00:00,0.00231899,1.1206,1.06054,0.0536837,-0.00180625,0.43989,0.000140726,0.000164118,1.76876e-05,2.50083e-05,0.00263012,0.000242619,0.0023875,30,0,0.0350766
2025-06-25 00:00:00+00:00,0.00579304,1.12709,0.858479,0.0569755,-0.000656758,0.224005,7.17453e-05,9.6729e-05,8.80671e-06,-0.000259571,0.0062231,-0.00898489,0.015208,30,0,0.0365619
2025-06-26 00:00:00+00:00,0.00421199,1.13184,0.772611,0.0245003,-0.00702075,0.525939,0.000168296,0.000220321,1.82611e-05,-0.00023255,0.00485131,-0.00559013,0.0104414,29.9792,0,0.0396185
2025-06-27 00:00:00+00:00,-0.00920372,1.12142,0.491597,-0.0111584,-0.00841522,0.620593,0.000198528,0.000219791,1.86688e-05,-0.000383991,-0.00841226,0.00361345,-0.0120257,29,0,0.0403961
2025-06-28 00:00:00+00:00,0.00431324,1.12626,0.482863,-0.0363923,-0.0110187,0.0651159,2.08459e-05,2.52918e-05,2.90518e-06,-0.000263355,0.00462534,0.00518614,-0.000560799,29,0,0.036343
2025-06-29 00:00:00+00:00,-0.00243215,1.12352,0.493702,-0.02883,-0.0124508,0.122418,3.91889e-05,4.36824e-05,3.40661e-06,-0.00113036,-0.00120013,0.0096202,-0.0108203,29.0833,0,0.0374173
2025-06-30 00:00:00+00:00,-0.000245694,1.12324,0.572593,-0.0666654,-0.00352273,1.21474,0.000388726,0.000294788,4.22936e-05,-0.000145504,0.000637062,-0.008373,0.0090828,29.8542,0,0.0391308
2025-07-01 00:00:00+00:00,-0.00269331,1.12021,0.55402,-0.112304,-0.0129666,1.07627,0.000344384,0.000164795,3.75451e-05,-2.59829e-05,-0.0021169,-0.0112391,0.00912213,19.375,0,0.0412184
2025-07-02 00:00:00+00:00,-0.00128953,1.11877,0.594758,-0.0422645,-0.00611224,1.34675,0.000431074,0.000115347,4.86835e-05,-0.000142389,-0.000525448,0.0180784,-0.0186043,19.9167,0,0.0414549
2025-07-03 00:00:00+00:00,-0.00502011,1.11315,1.07268,-0.0491249,-0.0304451,1.97499,0.000631972,0.000110444,8.38833e-05,-2.3705e-05,-0.00414376,0.00255435,-0.00669811,25.1667,0,0.0431674
2025-07-04 00:00:00+00:00,0.000305465,1.11349,0.892776,0.0145851,0.00603049,1.37072,0.000438634,8.67695e-05,4.49394e-05,4.26739e-06,0.000881969,-0.0192136,0.0200956,25.1042,0,0.0412011
2025-07-05 00:00:00+00:00,-0.000141621,1.11334,0.906118,0.0169665,0.00179536,0.51634,0.000165238,3.51051e-05,1.75986e-05,-0.000678137,0.000767935,0.00416321,-0.00339528,26.0625,0,0.0366002
2025-07-06 00:00:00+00:00,0.00236069,1.11596,0.920002,0.00260203,-0.00165838,0.250989,8.03303e-05,3.14572e-05,1.2367e-05,-0.000476677,0.00296432,0.00845543,-0.00549111,27,0,0.0355778
2025-07-07 00:00:00+00:00,-0.00464609,1.11078,1.06267,0.122406,0.042847,0.96513,0.000308844,8.00909e-05,0.000101927,-5.17772e-05,-0.00409239,-0.0141287,0.0100135,24.9167,0,0.0370191
2025-07-08 00:00:00+00:00,0.000385221,1.11121,1.11233,0.107483,0.0250485,0.186911,5.98462e-05,1.26719e-05,6.96818e-06,-4.42836e-06,0.000499175,0.00993893,-0.00943975,27,0,0.0365172
2025-07-09 00:00:00+00:00,-0.00155564,1.10948,0.93426,0.0837604,0.0188491,0.791491,0.000253255,0.000134108,1.6517e-05,0.000111771,-0.00124688,0.017707,-0.0189538,27.8542,0,0.03492
2025-07-10 00:00:00+00:00,0.0150111,1.12613,0.789601,0.0449767,0.00374455,0.612011,0.000202745,7.80165e-05,2.47969e-05,7.70598e-06,0.0152373,0.0450204,-0.0297831,28.0208,1,0.0338619
2025-07-11 00:00:00+00:00,-0.0108648,1.1139,1.00337,-0.0371381,-0.00882724,0.462613,0.000155773,5.58081e-05,2.50169e-05,1.0389e-05,-0.0106436,-0.00125804,-0.00938558,26.7917,3,0.0347639
2025-07-12 00:00:00+00:00,0.00622183,1.12083,1.05733,-0.0556873,-0.0106752,0.376807,0.000120618,6.44239e-05,1.72196e-05,-6.09703e-05,0.00648708,-0.00406042,0.0105475,26.5625,0,0.034401
2025-07-13 00:00:00+00:00,-0.00406981,1.11627,1.2566,-0.00108608,-0.00190584,0.42606,0.000141861,4.96115e-05,2.81917e-05,-6.3677e-06,-0.00381802,0.0107858,-0.0146039,27.6667,1,0.0372467
2025-07-14 00:00:00+00:00,0.00687904,1.12395,1.30126,0.0577168,0.0106654,0.982135,0.000314503,0.000227919,0.000100762,6.73685e-07,0.00755631,0.0113223,-0.00370727,28.0833,0,0.0376007
2025-07-15 00:00:00+00:00,0.00324415,1.12759,0.99796,0.014896,-0.00481671,0.941758,0.000301333,0.000179123,3.01231e-05,5.36077e-05,0.00373318,0.0138924,-0.0101594,28.1458,0,0.037029
2025-07-16 00:00:00+00:00,-0.0186667,1.10654,0.820163,0.0411021,-0.00344702,1.35935,0.000443055,0.000108958,4.88404e-05,4.01188e-05,-0.0182385,0.00829831,-0.0265369,28.5208,1,0.0371696
2025-07-17 00:00:00+00:00,0.0070275,1.11432,0.682305,0.0384959,-1.96586e-05,1.05579,0.000351799,9.09025e-05,5.66573e-05,3.69952e-05,0.00750248,0.00732376,0.000178717,29.5,2,0.0334325
2025-07-18 00:00:00+00:00,0.00634063,1.12139,0.598586,0.0358769,0.00288121,1.23851,0.000396396,0.000153008,3.95741e-05,2.83413e-05,0.00689724,0.00417686,0.00272054,29.0833,0,0.0331069
2025-07-19 00:00:00+00:00,0.000174908,1.12158,0.655557,0.0634872,0.00609856,1.08909,0.000348572,0.000139712,4.67022e-05,2.28007e-05,0.000705809,0.00855865,-0.00785275,21.2292,0,0.0358487
2025-07-20 00:00:00+00:00,-0.000327508,1.12121,0.689952,0.0745256,0.00882053,1.19665,0.000382933,0.000140977,3.52592e-05,3.64273e-05,0.000225968,0.0191637,-0.018938,21.6042,0,0.0431332
2025-07-21 00:00:00+00:00,-0.0139488,1.10557,0.670548,0.0799265,0.0148163,1.73723,0.000555614,0.000331201,0.000112402,0.000153004,-0.013136,0.00642079,-0.0193598,22.1458,0,0.0395498
2025-07-22 00:00:00+00:00,0.0076504,1.11403,0.722296,0.0386011,0.0093155,0.442078,0.000141501,4.28414e-05,1.42797e-05,0.000116619,0.00776223,0.00696615,0.000796078,24.4375,0,0.0356653
2025-07-23 00:00:00+00:00,-0.000833645,1.1131,0.806052,0.0091936,-0.00502744,0.82987,0.000265552,0.000187989,2.48401e-05,9.4101e-05,-0.000364304,-0.0361371,0.0357733,25.8542,0,0.0346305
2025-07-24 00:00:00+00:00,0.00756608,1.12153,0.848257,-0.0285352,-0.00294087,0.443216,0.00014182,7.02369e-05,1.89033e-05,4.07126e-05,0.00776286,-0.00791072,0.0156736,25.9792,0,0.0345719
2025-07-25 00:00:00+00:00,-0.00133275,1.12003,1.16099,-0.0226564,0.00537006,0.323853,0.000103612,5.04704e-05,1.34592e-05,9.65029e-05,-0.00123839,0.0181696,-0.019408,26.5833,0,0.0359505
2025-07-26 00:00:00+00:00,0.00630307,1.12709,1.24355,0.0187548,0.00894175,0.637702,0.000204019,0.00012259,1.97669e-05,4.19459e-05,0.00663225,0.0120528,-0.0054206,27.4375,0,0.0365773
2025-07-27 00:00:00+00:00,0.00343252,1.13096,1.08214,0.0478786,0.0125259,0.559866,0.00017929,8.84459e-05,1.56494e-05,3.82657e-05,0.00370442,0.0152403,-0.0115359,28.875,0,0.0376412
2025-07-28 00:00:00+00:00,0.0247998,1.15901,1.02766,0.163065,0.0349082,1.15556,0.000369871,0.00016996,7.07388e-05,-1.9424e-05,0.0252226,-0.0132411,0.038655,30,0,0.0407439
2025-07-29 00:00:00+00:00,0.00539096,1.16526,0.94424,0.108045,0.00515805,1.27399,0.000407707,0.000305998,3.69406e-05,4.44055e-05,0.00615519,-0.000942752,0.00709794,30,0,0.0480351
2025-07-30 00:00:00+00:00,0.0116252,1.1788,0.810645,0.0647248,0.0103447,1.25639,0.000402193,0.000162428,4.5293e-05,4.93745e-05,0.0121603,0.0041214,0.00803891,30,0,0.0533793
2025-07-31 00:00:00+00:00,0.0106508,1.19136,0.884206,0.0693007,0.00255206,1.03923,0.000332644,6.30557e-05,3.3464e-05,7.66478e-05,0.0110014,-0.0108093,0.0218107,30,0,0.0543115
2025-08-01 00:00:00+00:00,-0.00261759,1.18824,0.840044,0.0787281,0.00320967,1.47835,0.000473062,8.71935e-05,4.94369e-05,6.21151e-05,-0.00200194,-0.0183287,0.0163173,29.9583,0,0.0558811
2025-08-02 00:00:00+00:00,-0.00756649,1.17925,0.889586,0.109737,0.0133475,0.949316,0.00030375,4.61649e-05,2.94252e-05,4.97771e-05,-0.00723893,-0.0126051,0.00536617,30,0,0.0550399
2025-08-03 00:00:00+00:00,0.0150786,1.19703,0.979169,0.100809,0.00831315,0.847142,0.000271188,9.09083e-05,2.8894e-05,0.000144571,0.0152458,0.0296978,-0.0144487,29.7917,0,0.0554808
2025-08-04 00:00:00+00:00,-0.00657756,1.18916,1.07342,0.116252,0.0255351,1.68147,0.000538123,0.000290685,7.49537e-05,8.20397e-05,-0.00572324,0.0180222,-0.0239436,29,0,0.0577278
2025-08-05 00:00:00+00:00,-0.00541453,1.18272,0.727085,0.0894175,0.00787249,0.787607,0.00025199,0.000108781,2.53592e-05,0.000104545,-0.005108,-0.0152239,0.0101109,28.75,0,0.057196
2025-08-06 00:00:00+00:00,0.016931,1.20274,0.578348,0.0702704,0.00513312,0.749889,0.000240064,0.000104753,2.30452e-05,5.77324e-05,0.0171286,0.0177446,-0.000616061,29.8333,0,0.0583725
2025-08-07 00:00:00+00:00,-0.00498427,1.19675,0.833582,0.134666,0.0167192,1.21522,0.000388831,0.000311038,4.5192e-05,-4.77609e-06,-0.00419882,0.0206356,-0.0248344,30,0,0.0614623
2025-08-08 00:00:00+00:00,-0.00871787,1.18631,1.20291,0.188969,0.019032,1.66945,0.000534159,0.000263667,4.99556e-05,9.00433e-05,-0.00793901,0.00203299,-0.009972,30,0,0.0600212
2025-08-09 00:00:00+00:00,-0.0204482,1.16206,1.23873,0.214584,0.00504929,1.29954,0.000415548,0.000181424,3.67337e-05,3.38677e-06,-0.0199742,-0.00473739,-0.0152368,30,0,0.0543038
2025-08-10 00:00:00+00:00,0.00721184,1.17044,1.31375,0.199195,-0.00613836,1.27193,0.000407195,9.35628e-05,3.08982e-05,-1.72501e-05,0.00777535,0.00755059,0.000224754,30,0,0.0498714
2025-08-11 00:00:00+00:00,0.0192016,1.19291,1.34234,0.162907,-0.00609061,1.62494,0.000520334,0.000200215,5.0293e-05,6.95114e-05,0.019774,-0.0165179,0.0362919,30,0,0.0518898
2025-08-12 00:00:00+00:00,-0.000582717,1.19222,1.28652,0.0833873,-0.0121926,1.70577,0.000545946,0.000137208,6.4248e-05,6.83695e-05,0.00016377,0.0476167,-0.047453,30,0,0.0564322
2025-08-13 00:00:00+00:00,0.00559316,1.19888,1.31469,0.177204,0.0084932,1.78255,0.000573121,0.000140256,6.99945e-05,-3.10789e-05,0.0064507,0.0221993,-0.0157486,29.5417,1,0.055502
2025-08-14 00:00:00+00:00,0.00795111,1.20842,1.38091,0.189112,-0.00249748,2.05011,0.000656186,0.000169124,8.73993e-05,1.53738e-05,0.00886076,-0.0479157,0.0567764,30,0,0.0548866
2025-08-15 00:00:00+00:00,-0.0117358,1.19423,1.32908,0.11293,-0.00445233,1.41553,0.000452854,0.000150542,5.90282e-05,-1.39187e-05,-0.0110464,-0.0114944,0.000447948,30,0,0.0545814
2025-08-16 00:00:00+00:00,0.012691,1.20939,1.56172,0.0495164,-0.0127547,0.872296,0.000279264,7.45891e-05,3.30883e-05,5.3667e-06,0.0130179,0.0144291,-0.0014112,30,0,0.053625
2025-08-17 00:00:00+00:00,0.00532177,1.21583,1.73227,0.0791619,-0.00821442,1.18925,0.00038061,0.000140219,4.75794e-05,6.3674e-05,0.00586437,0.0174878,-0.0116234,30,0,0.0568183
2025-08-18 00:00:00+00:00,0.00143789,1.21757,0.617701,-0.0554666,-0.0224395,2.67973,0.000857435,0.000311199,0.000152113,5.42496e-06,0.00277125,-0.0146213,0.0174046,21.4375,0,0.0592004
2025-08-19 00:00:00+00:00,-0.00217509,1.21493,0.447976,-0.0570123,-0.0188063,0.904038,0.000289262,0.000150053,2.17141e-05,2.9396e-05,-0.00172789,-0.00830675,0.00657918,19,0,0.0587057
2025-08-20 00:00:00+00:00,0.00501808,1.22102,0.421509,-0.0681519,-0.0230843,0.70833,0.000226702,0.000167732,1.98522e-05,-3.40336e-05,0.00547268,0.0107922,-0.00531975,14.8542,0,0.057821
2025-08-21 00:00:00+00:00,0.00315526,1.22488,0.536436,-0.0381916,-0.0151649,0.775618,0.00024827,0.000225787,2.36794e-05,-6.64662e-05,0.00372585,-0.00831232,0.0120377,15.2917,0,0.0594876
2025-08-22 00:00:00+00:00,0.000677569,1.22571,0.56122,-0.0136062,-0.00942046,1.20783,0.000386628,0.000266848,3.9083e-05,9.57178e-06,0.00139652,0.0302231,-0.0288259,16.9583,0,0.0591833
2025-08-23 00:00:00+00:00,0.00419191,1.23084,0.536589,-0.033068,-0.010772,0.714778,0.000228758,0.000109151,1.82819e-05,-1.89433e-05,0.00456975,-0.00383884,0.00840924,15.1667,0,0.0591029
2025-08-24 00:00:00+00:00,0.0063382,1.23864,0.449743,0.00231064,-0.012321,0.793467,0.00025397,0.000107165,1.80105e-05,-3.40754e-05,0.00674474,-0.00187422,0.00861987,14.9792,0,0.0593162
2025-08-25 00:00:00+00:00,-0.015679,1.21922,0.559683,0.0137346,-0.00490992,1.2517,0.000400398,0.00019438,5.94301e-05,-0.00169222,-0.013362,-0.0239839,0.0111361,18,0,0.0596099
2025-08-26 00:00:00+00:00,-0.000873796,1.21816,0.786369,-0.0572855,-0.0149328,1.29974,0.00041595,0.000218684,4.04098e-05,-0.000841831,0.00067759,0.00951198,-0.00883448,21.8125,0,0.057787
2025-08-27 00:00:00+00:00,0.00382703,1.22282,0.798417,-0.0572725,-0.0178872,1.17167,0.000375009,0.000167513,3.84413e-05,0.000869032,0.00356472,-0.00482144,0.00838581,20.7292,0,0.0568533
2025-08-28 00:00:00+00:00,-0.00816255,1.21284,0.76688,-0.0297687,-0.0189709,1.16133,0.000371785,0.0001231,2.95334e-05,0.000771004,-0.00839441,0.00875761,-0.0171524,22.0208,0,0.0558388
2025-08-29 00:00:00+00:00,0.00457381,1.21839,0.659545,-0.0207054,-0.0168358,1.04749,0.000335238,0.00011098,2.79135e-05,3.82649e-05,0.00502265,-0.0116137,0.0166361,19.8958,0,0.0529249
2025-08-30 00:00:00+00:00,-0.00100996,1.21716,0.723554,-0.0297942,-0.0137234,0.929209,0.00029731,0.000101524,2.39231e-05,0.000265653,-0.000825391,0.00220315,-0.0030283,19.1458,0,0.0497376
2025-08-31 00:00:00+00:00,0.000138854,1.21733,0.651243,-0.0245126,0.00239388,0.993892,0.000318035,0.000138143,2.40139e-05,0.000627374,4.75423e-07,-0.00406671,0.00406736,17.5625,0,0.0494848
2025-09-01 00:00:00+00:00,-0.0117395,1.20303,0.799334,-0.0157273,0.042064,1.35591,0.000433826,0.000156479,8.85724e-05,8.72312e-05,-0.0111469,-0.012154,0.00102121,18.1875,0,0.0494903
2025-09-02 00:00:00+00:00,-0.0105463,1.19035,1.13127,-0.0403736,0.0390163,0.380151,0.000121629,2.41842e-05,1.63163e-05,0.000218836,-0.0106204,0.0134266,-0.0240469,25.0417,0,0.0476521
2025-09-03 00:00:00+00:00,-0.000126368,1.1902,1.27289,-0.0561027,0.0233073,0.449994,0.000144102,4.19118e-05,2.55777e-05,0.000214971,-7.69905e-05,0.00987739,-0.00995438,27.75,0,0.0443913
2025-09-04 00:00:00+00:00,-0.00658152,1.18236,1.00095,-0.0243378,0.00608906,1.32555,0.00042412,0.000190594,3.86335e-05,0.000235409,-0.00613722,-0.0180374,0.0119002,28.1458,0,0.0441069
2025-09-05 00:00:00+00:00,0.00241694,1.18522,0.486728,-0.000695809,-0.00639897,0.92954,0.000297469,9.0982e-05,2.02264e-05,0.000274307,0.00255654,0.00683972,-0.00428371,19.6875,0,0.0436822
2025-09-06 00:00:00+00:00,0.00235073,1.18801,0.502074,0.0117589,-0.00520577,0.927222,0.00029673,5.82198e-05,1.69988e-05,-6.71145e-05,0.00279058,0.00136866,0.00142205,17.7083,0,0.0457059
2025-09-07 00:00:00+00:00,0.00153642,1.18983,0.517978,0.037585,-0.00351967,1.12926,0.000361446,8.02437e-05,2.77053e-05,-1.35334e-05,0.00202582,0.00867878,-0.00665307,15.3125,0,0.0473706
2025-09-08 00:00:00+00:00,-0.0256962,1.15926,1.20757,0.309023,0.0402963,1.04396,0.00033402,8.90574e-05,0.000115607,8.11689e-05,-0.0255248,-0.00811019,-0.0174081,22.3333,0,0.0476217
2025-09-09 00:00:00+00:00,0.00281349,1.16252,1.24529,0.336919,0.0451925,0.318556,0.000101882,6.18487e-05,1.20188e-05,4.977e-05,0.00298868,0.000789416,0.00219926,25.1458,0,0.0451517
2025-09-10 00:00:00+00:00,-2.45674e-05,1.16249,1.23041,0.250437,0.00856407,0.464381,0.000148625,3.77857e-05,1.60662e-05,0.000181406,2.64897e-05,0.0114893,-0.0114628,26.8333,0,0.0449409
2025-09-11 00:00:00+00:00,0.0180961,1.18353,1.4642,0.22324,0.00710805,0.770184,0.000246606,0.000164988,3.91686e-05,0.000152818,0.0183038,0.0270036,-0.00869978,28.8542,0,0.0476373
2025-09-12 00:00:00+00:00,0.000202156,1.18377,1.48549,0.205216,0.0100989,1.49119,0.000477197,0.000360771,4.1151e-05,0.000238066,0.000876036,0.0145989,-0.0137229,29,0,0.0516219
2025-09-13 00:00:00+00:00,-0.00592321,1.17676,1.26855,0.154821,-0.00291039,1.00738,0.000339091,0.000224288,4.17132e-05,0.000198697,-0.00545865,0.00656937,-0.012028,28.0417,2,0.0498955
2025-09-14 00:00:00+00:00,0.00695154,1.18494,1.19974,0.110833,-0.0252403,1.02229,0.000327202,0.00021884,3.10392e-05,-0.000138715,0.00769372,-0.00911447,0.0168082,28,0,0.0500719
2025-09-15 00:00:00+00:00,0.0157564,1.20361,0.740806,0.0513461,0.0117584,2.74417,0.000878614,0.000529625,0.000207798,-9.35197e-05,0.0173569,0.00114616,0.016405,22.2292,0,0.054082
2025-09-16 00:00:00+00:00,0.00562445,1.21038,0.781847,0.0667913,0.00291575,1.56887,0.000502164,0.000378131,4.97995e-05,-0.000185596,0.00674068,0.00823769,-0.00149689,21.1042,0,0.0585709
2025-09-17 00:00:00+00:00,0.00692188,1.21875,0.889248,0.0959199,0.012984,2.52031,0.000806712,0.000564365,7.03516e-05,-0.000109336,0.00846766,0.0178022,-0.0093341,23,0,0.0633574
2025-09-18 00:00:00+00:00,0.00140194,1.22046,0.850811,0.0872318,0.00763059,2.28161,0.000730162,0.00052507,8.51549e-05,-1.66472e-05,0.00278224,0.00652635,-0.00374424,21.7083,0,0.0615215
2025-09-19 00:00:00+00:00,0.00332389,1.22452,0.966396,0.0969981,0.00314952,1.83394,0.000586933,0.000327576,6.74853e-05,-0.000117786,0.00443583,-0.0163015,0.0207373,22.6042,0,0.0622019
2025-09-20 00:00:00+00:00,-0.00129922,1.22293,0.748394,0.0203866,-0.0135753,1.72564,0.000552158,0.000333503,7.13434e-05,-0.000325676,2.8129e-05,0.00350098,-0.00347286,19.8333,0,0.062319
2025-09-21 00:00:00+00:00,-0.000384307,1.22246,0.693441,0.0384495,-0.0102691,0.868227,0.00027785,0.000210999,3.20116e-05,-0.000210656,0.000355513,-0.00764734,0.00800268,17.1042,0,0.062968
2025-09-22 00:00:00+00:00,0.00583141,1.22959,0.712873,-0.0122613,-0.0176897,2.47706,0.000793345,0.000356496,0.00017073,-0.000155927,0.00732802,-0.0169456,0.0222283,22.25,1,0.0635764
2025-09-23 00:00:00+00:00,0.0114187,1.24363,0.785899,0.00691936,-0.00653414,1.39578,0.000446841,0.00011089,4.36036e-05,0.000151847,0.011832,0.00281225,0.00901934,22.7708,0,0.0639814
2025-09-24 00:00:00+00:00,-0.00612166,1.23601,1.05099,0.0426881,-0.00515765,1.36889,0.000438007,6.97659e-05,3.32059e-05,-1.39952e-05,-0.00556871,-0.0032305,-0.00233826,21.8542,0,0.0653437
2025-09-25 00:00:00+00:00,-0.00704133,1.22731,1.29921,0.0665109,-0.00447405,1.6103,0.000515275,9.64499e-05,4.66348e-05,7.47175e-05,-0.0064375,-0.0530865,0.0466495,23.7292,0,0.06409
2025-09-26 00:00:00+00:00,-0.00966721,1.21545,1.35059,0.0760366,-0.0083252,1.21271,0.000387975,6.30206e-05,4.10177e-05,-8.17477e-05,-0.00908817,0.0219653,-0.0310535,24.0833,0,0.0618036
2025-09-27 00:00:00+00:00,0.00394211,1.22024,1.30919,0.0968393,-0.0149398,1.47061,0.000470679,0.000105369,4.14432e-05,-6.30619e-05,0.00463765,-0.00332121,0.00795886,27.3958,0,0.0583588
2025-09-28 00:00:00+00:00,0.00320863,1.22415,1.60658,0.145435,-0.0177807,0.499561,0.000159835,6.93594e-05,1.87237e-05,5.55525e-05,0.00342289,0.0302418,-0.0268789,27.9375,0,0.0612269
2025-09-29 00:00:00+00:00,0.0166426,1.24453,1.8947,0.208263,0.0225177,0.724335,0.000232188,7.63564e-05,6.06033e-05,-0.00021394,0.017155,0.00293656,0.0142164,28,0,0.063932
2025-09-30 00:00:00+00:00,-0.00614465,1.23688,1.76771,0.159269,0.033248,1.45715,0.000466147,0.00033403,3.80146e-05,-4.99852e-05,-0.00524242,-0.0229145,0.0176721,28.5,0,0.0641418
2025-10-01 00:00:00+00:00,-0.0140179,1.21954,1.64869,0.139346,0.0167082,0.792798,0.000253257,0.000134043,3.68258e-05,-8.54307e-05,-0.0135099,0.0380784,-0.0515883,29,0,0.0597179
2025-10-02 00:00:00+00:00,0.0101877,1.23196,1.59942,0.169816,0.00469335,0.998535,0.000319646,9.11617e-05,3.79302e-05,3.09597e-06,0.0106661,0.028322,-0.0176559,29,0,0.0573441
2025-10-03 00:00:00+00:00,0.0241721,1.26174,1.56119,0.195234,0.00716028,0.607095,0.000194427,5.09955e-05,2.82712e-05,8.23407e-05,0.0241259,0.0175254,0.00660052,29.6458,0,0.0585515
2025-10-04 00:00:00+00:00,0.00228582,1.26463,1.57717,0.213352,-0.00333476,0.916192,0.000293057,4.41947e-05,3.30451e-05,1.21749e-05,0.0026818,-0.0163519,0.0190337,30,0,0.0616038
2025-10-05 00:00:00+00:00,0.0042046,1.26994,1.45923,0.226436,-0.00793205,1.29732,0.000415126,6.57897e-05,5.35108e-05,0.000137806,0.00461871,-0.000725816,0.00534452,30,0,0.0619829
2025-10-06 00:00:00+00:00,0.0147248,1.28864,1.63159,0.231581,0.0274194,2.33848,0.000748797,0.000164303,0.000121552,-0.000103753,0.0158194,0.0327787,-0.0169636,30,0,0.0615511
2025-10-07 00:00:00+00:00,0.0254791,1.32148,1.31142,0.15648,-0.00969824,2.30974,0.000739531,0.000212946,6.58647e-05,-2.41483e-05,0.0262382,-0.0127359,0.0389739,28.9167,0,0.0636057
2025-10-08 00:00:00+00:00,0.00347534,1.32607,1.36404,0.0792534,-0.0145465,2.20706,0.000706321,0.000217297,7.31799e-05,-6.56272e-06,0.00450332,0.0165152,-0.0120119,25.4167,0,0.0675178
2025-10-09 00:00:00+00:00,0.0212885,1.3543,1.18202,0.0577593,0.00598881,2.31569,0.000741358,0.000243988,7.47945e-05,1.95466e-05,0.022149,-0.00553628,0.0276852,23.9792,0,0.0677717
2025-10-10 00:00:00+00:00,0.0143194,1.37369,1.40785,0.0212414,0.00477693,3.569,0.00124672,0.00050796,0.00271346,0.000633375,0.0186469,-0.190824,0.209461,25.5833,11,0.0705165
2025-10-11 00:00:00+00:00,-0.00146202,1.37169,0.693478,0.0662168,0.00122438,0.977376,0.000312779,0.000249603,0.000297018,0.000173752,-0.000735541,-0.00339341,0.00265787,28.0833,0,0.0705274
2025-10-12 00:00:00+00:00,0.0033447,1.37627,0.717371,0.128388,-0.00192473,1.29855,0.000415572,0.000302494,0.00028208,5.18674e-05,0.0043085,0.0370822,-0.0327737,29,0,0.0710721
2025-10-13 00:00:00+00:00,0.00366597,1.38132,0.996233,0.114226,0.00672874,1.78381,0.000570938,0.000241989,0.000367463,5.99961e-05,0.00479738,0.0223665,-0.0176408,29,0,0.0724905
2025-10-14 00:00:00+00:00,0.0038344,1.38661,1.03401,0.0341346,0.00283305,1.53722,0.000491952,0.000359206,0.00016511,0.000265547,0.00460183,-0.0210702,0.025672,29,0,0.0716747
2025-10-15 00:00:00+00:00,0.00570197,1.39452,1.03398,-0.0260753,9.30351e-05,1.29413,0.000414185,0.000237335,0.000102827,0.000268336,0.00619798,-0.0200999,0.0262979,29.1042,0,0.0698872
2025-10-16 00:00:00+00:00,0.00466572,1.40103,1.22008,-0.00965182,0.00028147,1.61717,0.000517541,0.000199633,0.000113818,-3.82792e-05,0.00555877,-0.0226531,0.0282119,30,0,0.0707551
2025-10-17 00:00:00+00:00,-0.00674506,1.39158,1.20062,0.0444758,-0.0001073,2.26371,0.000725358,0.00054762,0.000153276,0.000162183,-0.00542728,-0.0195321,0.0141048,29.875,1,0.0719804
2025-10-18 00:00:00+00:00,-0.0122251,1.37457,1.21665,0.0825349,-0.00242714,1.11968,0.000358208,5.76645e-05,5.83964e-05,-6.5096e-06,-0.0117764,0.00961311,-0.0213895,30,0,0.0704107
2025-10-19 00:00:00+00:00,0.000846694,1.37573,1.30892,0.057182,0.00655639,1.66034,0.000531232,7.28773e-05,7.27805e-05,0.00013404,0.00142233,0.0127817,-0.0113594,30,0,0.0676792
2025-10-20 00:00:00+00:00,-0.00438772,1.36969,1.71087,0.0399745,-0.00286824,1.55486,0.000497657,0.000132778,0.000130679,6.13869e-05,-0.0036516,0.00711864,-0.01079,30,0,0.0659635
2025-10-21 00:00:00+00:00,0.0029281,1.3737,1.77254,0.0475307,0.00417909,1.89367,0.000606002,0.000140445,7.51605e-05,4.71522e-06,0.00379111,-0.0198192,0.0236103,30,0,0.0662283
2025-10-22 00:00:00+00:00,0.00227088,1.37682,1.67033,-0.016822,-0.00778928,1.55005,0.000496064,6.29676e-05,6.2919e-05,-0.000414837,0.00335956,-0.0193459,0.0227054,30,0,0.0659702
2025-10-23 00:00:00+00:00,-0.00273861,1.37305,1.59279,-0.0376995,-0.00654,2.0611,0.00065978,8.58064e-05,8.40493e-05,-6.67082e-05,-0.0017783,0.0272414,-0.0290197,30,0,0.0644363
2025-10-24 00:00:00+00:00,0.00013368,1.37324,1.61058,0.0109454,0.00614649,1.68918,0.000540466,0.000106999,5.36485e-05,-7.76835e-05,0.000954631,0.0182894,-0.0173348,30,0,0.0636759
2025-10-25 00:00:00+00:00,-0.000914146,1.37198,1.62942,-0.00603188,-0.010612,0.693913,0.000222052,4.92712e-05,2.37077e-05,-0.000118904,-0.000465406,0.00901259,-0.00947799,30,0,0.064716
2025-10-26 00:00:00+00:00,-0.0233888,1.33989,1.61929,-0.00519315,-0.0208719,0.817369,0.000261399,8.25537e-05,2.63393e-05,-0.000123387,-0.0230866,0.0352678,-0.0583544,30,0,0.0632989
2025-10-27 00:00:00+00:00,0.0219397,1.36929,0.783307,0.0105963,-0.0113625,2.28767,0.000732353,0.000568358,0.000241702,-0.000271828,0.0235899,0.00957403,0.0140623,30,0,0.0579145
2025-10-28 00:00:00+00:00,-0.0101076,1.35545,0.603978,0.00809208,-0.0234446,0.892108,0.000285433,0.000306997,3.74594e-05,-6.13302e-05,-0.00940475,-0.00947241,6.76595e-05,30,0,0.0585399
2025-10-29 00:00:00+00:00,0.00406013,1.36095,0.526591,0.0144443,-0.0313369,1.15229,0.000368802,0.000326939,4.99845e-05,1.68979e-05,0.00482685,0.00276427,0.00206057,28.2708,0,0.0573158
2025-10-30 00:00:00+00:00,0.00815991,1.37206,0.687726,0.0607952,-0.0242275,1.10562,0.000353915,0.00019624,5.82618e-05,0.000143147,0.00864101,-0.0212931,0.0299342,25.6875,0,0.0560863
2025-10-31 00:00:00+00:00,-0.00503503,1.36515,0.995624,0.0141006,-0.0367709,1.7406,0.000556978,0.000304284,8.92334e-05,0.000152753,-0.00421585,0.00586365,-0.0100782,28.0208,0,0.056431
2025-11-01 00:00:00+00:00,-0.0175144,1.34124,1.19299,0.0172844,-0.0272583,1.50064,0.000479959,0.00025411,7.25383e-05,8.45408e-05,-0.0169106,-0.000554986,-0.0163556,29,0,0.0534869
2025-11-02 00:00:00+00:00,0.0170817,1.36415,0.933818,0.0675629,-0.0118408,1.58906,0.00050889,0.000247906,6.60611e-05,-0.000170573,0.0179954,0.00742608,0.0105693,28.8125,0,0.0499714
2025-11-03 00:00:00+00:00,-0.00654263,1.35522,1.02691,0.0554921,0.00806887,1.95013,0.000624037,0.000183164,0.000113136,-9.74516e-05,-0.00545151,-0.057721,0.0522688,29,0,0.0507778
2025-11-04 00:00:00+00:00,0.0184497,1.38023,0.958788,0.00108977,0.00427771,1.87724,0.000601198,0.000155819,0.000106192,5.58368e-05,0.0191877,-0.0121566,0.0313442,29,0,0.0504599
2025-11-05 00:00:00+00:00,-0.01603,1.3581,1.1168,0.0113891,-0.00237068,1.28191,0.000410101,6.63829e-05,7.65132e-05,6.53949e-05,-0.0156165,0.0246064,-0.0402229,29.9792,0,0.0526336
2025-11-06 00:00:00+00:00,-0.0067133,1.34899,0.89299,0.0117966,-0.00834032,1.24608,0.00040206,6.69472e-05,0.000104805,-0.00033181,-0.00579021,-0.0266307,0.0208206,29.9792,1,0.0508751
2025-11-07 00:00:00+00:00,-0.00961856,1.33601,0.928575,0.00450696,0.00026611,1.25789,0.000411423,8.5966e-05,0.000115232,-0.000643256,-0.00824195,0.0550045,-0.0632464,30,1,0.0518119
2025-11-08 00:00:00+00:00,-0.00251148,1.33265,1.16167,0.0497674,0.00146288,0.957512,0.000306433,7.7424e-05,4.11734e-05,-5.69109e-05,-0.00198654,-0.0150944,0.0131078,30,0,0.0492723
2025-11-09 00:00:00+00:00,0.00592457,1.34055,1.0575,0.0716331,0.0149094,1.38568,0.000443477,0.000151471,5.59031e-05,-2.47532e-05,0.00663592,0.0184175,-0.0117816,30,0,0.0490635
2025-11-10 00:00:00+00:00,-0.0043011,1.33478,0.689247,0.0864257,0.0320568,1.18629,0.000379831,0.000195006,0.000100379,5.47095e-05,-0.00365317,-0.0018203,-0.00177618,29.9583,0,0.0513652
2025-11-11 00:00:00+00:00,0.0125154,1.35149,0.789446,0.0965591,0.0434775,0.816535,0.000261381,0.00017593,4.13964e-05,-0.000191517,0.0131562,-0.0214176,0.0345738,30,0,0.0533292
2025-11-12 00:00:00+00:00,0.00464948,1.35777,0.953693,0.0848584,0.0281758,1.30671,0.000418267,0.000339446,5.68333e-05,-0.000212797,0.00570744,-0.00285501,0.00856245,30,0,0.0550364
2025-11-13 00:00:00+00:00,0.00741651,1.36784,1.13429,0.0566446,0.0208741,1.42127,0.000454821,0.000180444,6.25691e-05,1.18582e-05,0.00811538,-0.0177354,0.0258508,30,0,0.0539583
2025-11-14 00:00:00+00:00,-0.00877851,1.35584,1.1017,0.0275725,0.0240635,1.63058,0.000521839,0.000136254,6.48409e-05,6.33265e-05,-0.00811248,-0.0198716,0.0117592,30,0,0.0541441
2025-11-15 00:00:00+00:00,-0.00582682,1.34794,0.926008,0.0127592,0.0254908,1.01213,0.000325341,0.000104823,3.8139e-05,-0.000406471,-0.00492063,0.00530691,-0.0102275,29.75,1,0.0537447
2025-11-16 00:00:00+00:00,-0.000132427,1.34776,1.17265,0.0550323,0.0249884,1.18471,0.000379163,7.42878e-05,4.26308e-05,-0.000747343,0.00119252,-0.0187147,0.0199073,30,0,0.0510957
2025-11-17 00:00:00+00:00,0.00219308,1.35071,1.02509,0.0822468,0.0232168,1.4765,0.000472556,9.67907e-05,8.77593e-05,-4.10409e-06,0.00295505,0.000470672,0.00240643,30,0,0.0514132
2025-11-18 00:00:00+00:00,-0.00245182,1.3474,0.93911,0.0690603,0.0209078,0.867757,0.000277732,9.78855e-05,4.09094e-05,6.77274e-05,-0.00204423,0.0195358,-0.0215801,30,0,0.0501208
2025-11-19 00:00:00+00:00,0.0063303,1.35593,1.1529,0.0974599,0.0257867,0.999521,0.000319918,0.000160676,4.93258e-05,6.81038e-05,0.00681135,-0.00936456,0.0162285,29.625,0,0.0496263
2025-11-20 00:00:00+00:00,0.00201419,1.35866,1.28886,0.105828,0.0221158,1.14174,0.000365436,0.00015492,4.79674e-05,-6.5341e-05,0.00268165,-0.0380529,0.0407345,29,0,0.0503951
2025-11-21 00:00:00+00:00,0.0202045,1.38611,1.23495,0.0921109,0.0234353,1.55699,0.00050977,0.000143534,0.000103135,3.89344e-06,0.0208088,-0.0191202,0.039929,29.6875,1,0.0506239
2025-11-22 00:00:00+00:00,0.000378321,1.38664,1.28601,0.0958184,0.0237231,1.02942,0.00032958,4.7192e-05,5.94972e-05,5.60904e-05,0.000791561,-0.00720421,0.00799577,30,0,0.0521799
2025-11-23 00:00:00+00:00,-0.00797354,1.37558,1.43102,0.124555,0.0249599,1.30565,0.000417745,7.41289e-05,6.39283e-05,0.000227085,-0.00763547,0.00957145,-0.0172069,30,0,0.050562
2025-11-24 00:00:00+00:00,-0.00798612,1.36459,1.15066,0.102135,0.0323749,1.46607,0.0004694,0.00010072,0.000141073,6.07728e-05,-0.00732804,0.0184138,-0.0255774,30,0,0.0460565
2025-11-25 00:00:00+00:00,-0.00906425,1.35223,1.10165,0.0814156,0.0263968,0.349156,0.00011168,1.92527e-05,2.003e-05,0.000182932,-0.00908769,0.00154513,-0.0106328,30,0,0.0406652
2025-11-26 00:00:00+00:00,0.00747712,1.36234,1.09138,0.0895398,0.0293475,0.417768,0.000133786,4.64355e-05,2.48036e-05,0.000177773,0.00756879,0.0153466,-0.00777782,30,0,0.0361602
2025-11-27 00:00:00+00:00,-0.00785253,1.35164,1.24287,0.110885,0.0382799,0.38362,0.000122759,3.72306e-05,2.07655e-05,0.000114787,-0.00779427,-0.0120326,0.00423835,30,0,0.0368706
2025-11-28 00:00:00+00:00,0.00327899,1.35607,1.28486,0.0916452,0.0325773,0.295764,9.46498e-05,2.53447e-05,1.16688e-05,0.000299617,0.0031493,-0.00937222,0.0125215,30,0,0.0337863
2025-11-29 00:00:00+00:00,-0.00279586,1.35228,0.988386,0.073924,0.0130305,1.29431,0.000414102,0.00026011,4.81988e-05,9.43509e-05,-0.00215356,-0.00999509,0.00784153,30,0,0.0327514
2025-11-30 00:00:00+00:00,0.000123624,1.35245,0.398887,0.0487555,0.00232552,0.268387,8.58659e-05,4.48169e-05,7.90193e-06,0.000105956,0.000163538,-0.00677502,0.00693856,30,0,0.0310123
2025-12-01 00:00:00+00:00,-0.00831471,1.3412,0.637145,0.0507562,0.00267178,0.414825,0.000132688,3.1943e-05,5.9763e-05,0.000128935,-0.00820752,-0.0174617,0.00901451,30,0,0.0297786
2025-12-02 00:00:00+00:00,0.00426756,1.34693,0.730867,0.031523,-0.00584705,0.246425,7.88589e-05,1.17089e-05,1.70094e-05,2.91026e-05,0.00436213,0.0269944,-0.0226323,30,0,0.0290261
2025-12-03 00:00:00+00:00,0.0135987,1.36524,0.84426,0.0142204,-0.00618981,0.401328,0.000128475,1.79774e-05,2.42837e-05,3.01413e-05,0.0136662,0.0245363,-0.0108701,30,0,0.0311535
2025-12-04 00:00:00+00:00,-0.00303313,1.3611,0.829768,0.0101168,-0.016414,0.217027,6.94616e-05,9.40814e-06,1.75914e-05,-7.15968e-07,-0.0029278,-0.0113269,0.0083991,30,0,0.0330203
2025-12-05 00:00:00+00:00,-0.0019073,1.3585,0.797142,0.0126147,-0.0217354,0.199769,6.39226e-05,1.20019e-05,8.17558e-06,-1.60141e-05,-0.00180054,-0.024209,0.0224084,30,0,0.0313135
2025-12-06 00:00:00+00:00,0.00537867,1.36581,0.803299,0.0103671,-0.017855,0.114058,3.65073e-05,5.6419e-06,4.91642e-06,8.7931e-05,0.00533431,0.00399581,0.0013385,30,0,0.032239
2025-12-07 00:00:00+00:00,0.00163721,1.36805,0.83054,0.00747455,-0.0136783,0.241637,7.73429e-05,2.33525e-05,1.63793e-05,6.12066e-05,0.00170091,-0.00100316,0.00270407,30,0,0.0355835
2025-12-08 00:00:00+00:00,-0.0155643,1.34675,0.596142,-0.0168046,-0.0105362,1.29163,0.000412961,9.18892e-05,0.000210836,-0.000423723,-0.0144797,0.00741878,-0.0221053,29.9792,0,0.0372324
2025-12-09 00:00:00+00:00,0.00682019,1.35594,0.68553,0.0267468,0.0143259,0.216812,6.93752e-05,1.19473e-05,1.13887e-05,-0.000383076,0.00732079,0.0158426,-0.00852182,30,0,0.0335598
2025-12-10 00:00:00+00:00,0.00260772,1.35948,0.744209,-0.00262962,0.00953746,0.265306,8.48545e-05,1.65873e-05,1.2305e-05,-5.17917e-05,0.00281494,-0.00896253,0.0117775,30,0,0.0328576
2025-12-11 00:00:00+00:00,-0.000705473,1.35852,0.819662,-0.0370456,0.00518862,0.320568,0.000102575,1.55216e-05,1.43705e-05,-0.000111143,-0.000419017,9.26621e-05,-0.000511679,30,0,0.033096
2025-12-12 00:00:00+00:00,0.00116676,1.3601,0.955601,-0.0319868,0.00477274,0.282667,9.04569e-05,1.13071e-05,1.04674e-05,-7.68048e-05,0.00138327,-0.00560185,0.00698511,30,0,0.0327542
2025-12-13 00:00:00+00:00,-0.0010832,1.35863,0.952616,-0.0346604,-0.00356595,0.759779,0.000243173,5.05403e-05,2.69646e-05,0.000107695,-0.000857463,0.00233653,-0.00319399,30,0,0.0333887
2025-12-14 00:00:00+00:00,8.67027e-05,1.35875,0.48694,-0.0364672,-0.00177764,0.624264,0.000199758,3.28274e-05,1.63149e-05,-2.38227e-06,0.000347101,-0.00743442,0.00778152,30,0,0.033716
2025-12-15 00:00:00+00:00,0.0057184,1.36652,0.781084,0.0417057,0.0333894,0.666843,0.000213429,3.89115e-05,0.000110201,0.000175154,0.00593134,-0.008816,0.014443,29.9792,0,0.0332126
2025-12-16 00:00:00+00:00,0.00182363,1.36901,0.91918,0.0561393,0.0209526,0.358641,0.000114699,3.07922e-05,1.90503e-05,0.00139633,0.000637215,0.00242624,-0.00178902,30,0,0.0341485
2025-12-17 00:00:00+00:00,0.0141058,1.38832,1.11845,0.0654158,0.0189893,0.570959,0.000182784,3.41038e-05,2.61945e-05,0.000859505,0.0134378,-0.0247687,0.0382065,30,0,0.0343616
2025-12-18 00:00:00+00:00,-0.00276579,1.38448,1.2899,0.0789414,0.0172464,0.348431,0.000111648,3.81532e-05,3.0212e-05,0.000172266,-0.00267747,-0.0314078,0.0287303,30,0,0.0362353
2025-12-19 00:00:00+00:00,-0.0092429,1.37168,1.30201,0.0694694,0.0107109,0.248725,7.95813e-05,3.19479e-05,1.31745e-05,0.000572004,-0.00969542,0.0409461,-0.0506416,30,0,0.0369617
2025-12-20 00:00:00+00:00,-0.000751465,1.37065,1.26338,0.0830616,0.0071032,0.244504,7.82123e-05,3.50825e-05,2.29178e-05,0.000214073,-0.000794884,0.00517322,-0.0059681,30,0,0.0317944
2025-12-21 00:00:00+00:00,-0.00186257,1.3681,1.13493,0.0507024,0.00229606,0.433094,0.000138444,4.17142e-05,3.94825e-05,0.000755362,-0.00235788,-0.0083998,0.00604192,30,0,0.0296345
2025-12-22 00:00:00+00:00,0.00119893,1.36974,1.13572,0.0888681,-0.0111426,0.429612,0.000137501,4.85944e-05,9.5499e-05,0.000457527,0.0010726,-0.000383782,0.00140718,29.9583,0,0.0280873
2025-12-23 00:00:00+00:00,0.00161861,1.37196,0.544246,0.0337611,-0.0139094,1.32962,0.00042541,0.000163525,5.44658e-05,5.25571e-05,0.00223341,-0.0055278,0.00775985,25.8125,0,0.0275281
2025-12-24 00:00:00+00:00,-0.000999841,1.37058,0.476275,0.0287392,-0.0240838,0.511446,0.000163661,5.59964e-05,2.63568e-05,4.11517e-05,-0.000782671,0.00321743,-0.0040001,18.7708,0,0.030029
2025-12-25 00:00:00+00:00,0.00235526,1.37381,0.553108,0.0498134,-0.0242122,0.155206,5.04392e-05,1.85133e-05,1.15914e-05,0.000169408,0.00227846,-0.000303281,0.00258174,21.9583,1,0.028685
2025-12-26 00:00:00+00:00,-0.00549677,1.36626,0.626515,0.085217,-0.0102234,0.203026,6.49522e-05,1.44326e-05,1.34478e-05,0.000452485,-0.0058541,0.0028397,-0.0086938,23,0,0.0275424
2025-12-27 00:00:00+00:00,-0.00487698,1.3596,0.656666,0.10104,0.000547655,0.060361,1.93093e-05,1.5047e-05,5.17768e-06,0.000435232,-0.005274,0.0043718,-0.00964581,23.5,0,0.0226983
2025-12-28 00:00:00+00:00,0.0022623,1.36267,0.600341,0.091545,-0.00280262,0.0664177,2.12707e-05,7.60639e-06,5.5471e-06,0.0006301,0.00167763,-0.000976646,0.00265428,24,0,0.0191064
2025-12-29 00:00:00+00:00,-0.00238963,1.35942,0.587187,0.108723,0.00423034,0.098324,3.14372e-05,5.27179e-06,1.48548e-05,0.000587575,-0.00291773,-0.00731126,0.00434681,24,0,0.0190218
2025-12-30 00:00:00+00:00,0.00198032,1.36211,0.599072,0.0994133,0.00829822,0.125952,4.03012e-05,1.41546e-05,6.10592e-06,0.000275622,0.00176741,0.0022066,-0.000439185,24.1875,0,0.0202556
2025-12-31 00:00:00+00:00,-0.0108248,1.34737,0.652087,0.0692941,-0.00338195,0.190423,6.35572e-05,9.02744e-05,2.98406e-05,0.000310257,-0.010949,-0.00683335,-0.00411565,24.3958,1,0.0217206
2026-01-01 00:00:00+00:00,-0.00429478,1.34158,0.686315,0.0414084,-0.0125377,0.116717,3.73469e-05,5.23527e-06,5.34892e-06,0.000181712,-0.00442311,0.00935623,-0.0137793,24.4167,0,0.019516
2026-01-02 00:00:00+00:00,-0.0164561,1.3195,0.693426,0.0392967,-0.0115869,0.149021,5.01298e-05,1.61249e-05,9.59472e-06,0.000261348,-0.0167443,0.00726124,-0.0240056,26.1042,1,0.0195021
2026-01-03 00:00:00+00:00,0.00616724,1.32764,0.635938,0.0298142,-0.0110561,0.10539,3.37415e-05,1.76385e-05,5.73262e-06,0.000124988,0.00610003,0.00664988,-0.000549855,27,0,0.0151705
2026-01-04 00:00:00+00:00,-0.00962622,1.31486,0.589521,0.0262377,-0.0140266,0.0861332,3.04056e-05,7.8674e-06,4.82198e-06,-0.000290005,-0.00933146,-0.000927024,-0.00840444,26.7292,1,0.0137702
2026-01-05 00:00:00+00:00,0.000828776,1.31595,0.53311,0.0692952,-0.00192889,0.115849,3.81627e-05,1.22238e-05,1.61277e-05,-0.000277524,0.00118667,0.00367474,-0.00238249,23.7292,1,0.0106183
2026-01-06 00:00:00+00:00,-0.00598927,1.30807,0.486703,0.0605688,0.000897399,0.111916,4.18634e-05,3.28167e-05,1.34525e-05,3.4713e-05,-0.00594486,0.00124652,-0.00719138,23.625,1,0.0112225
2026-01-07 00:00:00+00:00,3.32134e-05,1.30811,0.442753,0.0455514,-0.00230938,0.0189641,6.06808e-06,7.5851e-07,1.13258e-06,9.75738e-06,3.88282e-05,-0.00899694,0.00903577,24,0,0.00953487
2026-01-08 00:00:00+00:00,-0.00299275,1.3042,0.399664,0.030784,-0.00368718,0.056477,1.80689e-05,7.08076e-06,2.80398e-06,-3.55882e-05,-0.00292769,-0.00503561,0.00210792,24,0,0.0085791
2026-01-09 00:00:00+00:00,-0.000315073,1.30378,0.383445,0.0218741,-0.00970665,0.0167049,5.34662e-06,6.68328e-07,1.19833e-06,-8.47079e-05,-0.000221171,0.000507882,-0.000729053,24.8958,0,0.00665614
2026-01-10 00:00:00+00:00,-6.6835e-07,1.30378,0.38199,0.0230816,-0.00941283,0.00215291,6.88718e-07,8.60898e-08,2.26083e-07,-8.88981e-05,9.08101e-05,-0.00164486,0.00173567,25,0,0.00448641
2026-01-11 00:00:00+00:00,-0.00273666,1.30022,0.379679,0.023683,-0.00885613,0.00610749,1.95441e-06,1.74369e-06,1.72478e-07,-4.38842e-05,-0.00269105,-0.00100743,-0.00168362,25,0,0.00507064
2026-01-12 00:00:00+00:00,0.00143126,1.30208,0.363946,0.0179126,-0.0189453,0.0468366,1.49854e-05,4.75447e-06,7.72278e-06,-5.30664e-05,0.00151378,-0.0027585,0.00436972,23,0,0.00532731
2026-01-13 00:00:00+00:00,-0.00511659,1.29541,0.361882,0.0189753,-0.0218734,0.0503937,2.07843e-05,2.04664e-05,1.31624e-06,-1.42546e-05,-0.00506751,0.00713202,-0.0121995,22.9792,1,0.00673477
2026-01-14 00:00:00+00:00,-0.00240714,1.2923,0.326298,0.0322282,-0.00431225,0.0451243,1.44281e-05,9.5651e-06,4.13099e-06,0.000175917,-0.00254929,-0.0010354,-0.00151389,23.8333,0,0.00739097
2026-01-15 00:00:00+00:00,0.00132686,1.29401,0.298127,0.0209828,-0.000285908,0.020126,6.44241e-06,1.72653e-06,3.5478e-06,9.8133e-05,0.00124292,-0.00406323,0.00530615,24,0,0.00730757
2026-01-16 00:00:00+00:00,0.00221283,1.29687,0.279825,0.0196341,0.00161009,0.0293263,9.38652e-06,1.38387e-06,1.95211e-06,2.69328e-05,0.00219798,0.00287544,-0.000677463,24,0,0.00121586
2026-01-17 00:00:00+00:00,-0.00129937,1.29519,0.263859,0.0183249,0.000300284,3.69758e-05,1.18315e-08,1.47893e-09,5.15517e-10,7.9389e-06,-0.00130743,-0.00124073,-6.67343e-05,23.625,0,0.00192585
2026-01-18 00:00:00+00:00,-0.000270553,1.29484,0.262234,0.0177131,-0.000805476,0,0,0,0,-2.2085e-05,-0.000247839,-0.00446748,0.00421964,23,0,0.00126802
2026-01-19 00:00:00+00:00,0.00342699,1.29928,0.210569,0.0160501,-0.00202343,0.0766393,2.45519e-05,3.06898e-06,1.15021e-05,-1.11626e-05,0.00347285,-0.00234878,0.00561561,22,0,0.00373276
2026-01-20 00:00:00+00:00,0.00243093,1.30243,0.197612,0.0137486,-0.000846568,0.0157123,5.02819e-06,6.28524e-07,1.30772e-06,-3.22923e-06,0.00243876,-0.00476399,0.00720275,22.625,0,0.00596081
2026-01-21 00:00:00+00:00,-0.000236515,1.30213,0.194267,0.0127187,1.11555e-05,0,0,0,0,-2.11286e-06,-0.000233501,0.00253165,-0.00276515,23,0,0.00629347
2026-01-22 00:00:00+00:00,-0.000293825,1.30174,0.195995,0.0126618,0.000788872,0,0,0,0,-7.52788e-06,-0.000286016,-0.00073623,0.000450213,23,0,0.00260768
2026-01-23 00:00:00+00:00,-0.00202705,1.29911,0.195906,0.0118744,0.000645098,0,0,0,0,-3.65532e-05,-0.00199192,-0.00027523,-0.00171669,23,0,0.00170885
2026-01-24 00:00:00+00:00,0.000217061,1.29939,0.189742,0.00709915,-0.000345565,0.0119087,3.8105e-06,4.76313e-07,2.29157e-07,-3.63953e-05,0.000258694,0.000929918,-0.000671224,23,0,0.000205751
2026-01-25 00:00:00+00:00,0.00113008,1.30086,0.181431,0.00778153,0.000952268,0,0,0,0,7.51912e-06,0.00112228,-0.00441374,0.00553602,23,0,0.00326843
2026-01-26 00:00:00+00:00,0.000646302,1.3017,0.182899,0.017476,0.00759198,0.0158405,5.06939e-06,1.52983e-06,1.62691e-06,0.000271107,0.000385284,0.00513139,-0.0048066,22,0,0.00509154
2026-01-27 00:00:00+00:00,-0.00272866,1.29814,0.186465,0.014908,0.00287396,0.00666737,2.13388e-06,7.64494e-07,3.31828e-07,0.000230093,-0.00295776,0.0035448,-0.00650256,22,0,0.00350887
2026-01-28 00:00:00+00:00,-0.00115301,1.29665,0.183088,0.0202904,0.00555736,0.0120875,3.86673e-06,4.83342e-07,7.65042e-07,0.000187741,-0.00133525,-0.0013147,-2.05493e-05,22.875,0,0.00196548
2026-01-29 00:00:00+00:00,-0.000242776,1.29633,0.17507,0.0211255,0.0070753,0.00648134,2.07399e-06,2.59248e-07,3.35056e-07,8.7492e-05,-0.000326875,-0.00619588,0.005869,23,0,0.00396532
2026-01-30 00:00:00+00:00,0.00125035,1.29795,0.165669,0.0208162,0.00812311,0.0109972,3.5193e-06,3.89383e-06,4.86951e-07,0.000108067,0.00114982,-0.00126817,0.00241799,23.25,0,0.00518237
2026-01-31 00:00:00+00:00,-0.00221541,1.29508,0.162545,0.0209335,0.00588675,0.0279006,1.09765e-05,1.79848e-06,1.82674e-06,3.64701e-05,-0.0022385,-0.00897056,0.00673205,23.0208,2,0.00808897
2026-02-01 00:00:00+00:00,0.000404918,1.2956,0.153268,0.0169975,0.00156824,0.0149312,4.95969e-06,5.36961e-06,4.07285e-07,1.71869e-05,0.000399642,-0.0022278,0.00262745,21.25,1,0.00767091
2026-02-02 00:00:00+00:00,-0.000273449,1.29525,0.132396,0.0122955,-1.70592e-05,0.02901,1.06532e-05,3.35322e-06,2.38238e-06,0.00018396,-0.000440076,0.00138016,-0.00184039,19.125,1,0.00617101
2026-02-03 00:00:00+00:00,-8.10906e-05,1.29514,0.134392,0.0136655,0.0014542,0.0102477,3.27962e-06,4.09953e-07,8.65013e-07,0.000349045,-0.000424235,-0.00186229,0.00143806,19.8542,0,0.00778498
2026-02-04 00:00:00+00:00,-0.00135105,1.29339,0.146149,0.01385,0.00110891,0.0215689,6.90145e-06,1.48309e-06,1.8867e-06,0.000721041,-0.00206109,-0.00321313,0.00115204,21.2708,0,0.0104017
2026-02-05 00:00:00+00:00,0.00117896,1.29492,0.145648,0.00931961,-0.00218024,0.0125597,4.65785e-06,5.72654e-06,7.01121e-07,0.00088889,0.000302114,-0.00983348,0.0101356,21.2917,2,0.0101883
2026-02-06 00:00:00+00:00,-0.000226764,1.29462,0.132489,-0.00159485,0.000399664,0.0645732,2.43888e-05,1.64738e-05,7.12991e-06,0.000392844,-0.00056477,0.00675019,-0.00731496,21.375,2,0.0119372
2026-02-07 00:00:00+00:00,-0.000372971,1.29414,0.123097,-0.00527897,-0.00209916,0.0264584,8.46629e-06,1.67232e-06,2.30149e-06,0.000363377,-0.000723115,-0.00147593,0.000752818,22,0,0.0102508
2026-02-08 00:00:00+00:00,-0.00443108,1.28841,0.120769,-0.00601428,-0.00335995,0.0117229,3.74992e-06,4.6874e-07,1.20484e-06,0.000607473,-0.00503939,-0.000836016,-0.00420338,22,0,0.0105308
2026-02-09 00:00:00+00:00,0.00019043,1.28865,0.114893,-0.00396633,-0.00218231,0.0125867,4.02836e-06,1.80704e-06,1.34965e-06,0.000572592,-0.000374032,-0.000892048,0.000513553,21.8125,0,0.0074593
2026-02-10 00:00:00+00:00,-0.00151102,1.28671,0.112401,-0.00296266,-0.00265123,0.00216307,6.91715e-07,8.64644e-08,2.91959e-07,0.000497008,-0.00200591,-0.000861263,-0.00114464,22,0,0.00610344
2026-02-11 00:00:00+00:00,-0.00158359,1.28467,0.108461,-0.00242303,-0.00357184,0.00401046,1.28292e-06,1.60365e-07,1.08421e-07,0.00013692,-0.00171903,-0.0018923,0.00017327,22,0,0.00557089
2026-02-12 00:00:00+00:00,-0.00129771,1.283,0.10494,-0.000925624,-0.00420263,0.0148843,5.35697e-06,7.93581e-07,1.37162e-06,0.000278716,-0.00156886,-9.4493e-05,-0.00147437,22,1,0.00679449
2026-02-13 00:00:00+00:00,0.00063422,1.28381,0.104306,0.000689732,-0.00138063,0.006086,2.31891e-06,4.93499e-06,8.20753e-07,0.000271659,0.000371239,0.00269552,-0.00232428,22.5625,1,0.00649318
2026-02-14 00:00:00+00:00,-0.000591667,1.28306,0.105722,-0.000513476,-0.00319165,0.00851744,2.72609e-06,3.40761e-07,5.27252e-07,0.00013509,-0.000722737,0.00238528,-0.00310802,22.2917,0,0.00550444
2026-02-15 00:00:00+00:00,0.000960745,1.28429,0.10289,-0.0041258,-0.00644598,0.00214676,6.86908e-07,8.58635e-08,1.29183e-07,6.12385e-05,0.000900464,-0.00196969,0.00287016,23,0,0.00507631
2026-02-16 00:00:00+00:00,-3.33487e-05,1.28425,0.0926174,-0.00333781,-0.0047561,0.0331052,1.05942e-05,1.6344e-06,3.16058e-06,-0.000135874,0.000118133,0.000598293,-0.000465866,21,0,0.00761905
2026-02-17 00:00:00+00:00,-0.000634435,1.28343,0.0997671,-0.00389678,-0.00352487,0.00648362,2.07445e-06,2.59306e-07,4.91609e-07,-0.000230265,-0.000400999,-0.00113328,0.000732277,21.8958,0,0.00804033
2026-02-18 00:00:00+00:00,-0.00112902,1.28198,0.106009,-0.0101062,-0.0099974,0.00650435,2.08135e-06,2.60168e-07,4.00236e-07,-0.000224162,-0.000901876,-0.00186993,0.00096805,22.9167,0,0.0061468
2026-02-19 00:00:00+00:00,0.00105178,1.28333,0.102387,-0.00936619,-0.00815875,0.00221479,7.08598e-07,8.85747e-08,2.20967e-07,-0.000184486,0.00123704,-8.70259e-05,0.00132406,23,0,0.0020905
2026-02-20 00:00:00+00:00,-0.00128719,1.28168,0.0992726,-0.0050358,-0.00268771,0.00523407,1.67456e-06,2.0932e-07,6.74222e-07,-8.45218e-05,-0.00120058,0.000906602,-0.00210718,23,0,0.000418226
2026-02-21 00:00:00+00:00,0.000181026,1.28191,0.0975019,-0.00199874,0.000110671,0.00201621,6.45324e-07,8.06656e-08,1.17124e-07,-0.000107472,0.000289643,-0.000139961,0.000429605,23,0,0
2026-02-22 00:00:00+00:00,0.000808207,1.28295,0.0951923,-0.000921787,0.00106629,0,0,0,0,-4.7322e-05,0.000855433,-0.000626816,0.00148225,23,0,0
2026-02-23 00:00:00+00:00,-0.00245046,1.2798,0.0905424,-0.00367239,-0.00240948,0.00169805,5.43288e-07,6.7911e-08,8.44855e-08,-3.43808e-05,-0.00241798,-0.00287233,0.000462157,22,0,0
2026-02-24 00:00:00+00:00,0.00045215,1.28038,0.0886778,-0.00446996,-0.00273762,0,0,0,0,-1.70825e-05,0.000469457,-6.1272e-05,0.000530729,22,0,0
2026-02-25 00:00:00+00:00,-0.00062271,1.27958,0.093314,-0.00495946,-0.0025214,0,0,0,0,5.30172e-06,-0.000627855,0.00257178,-0.00319964,22,0,0
2026-02-26 00:00:00+00:00,-0.000820153,1.27853,0.0945022,-0.00537752,-0.00268852,0,0,0,0,2.21568e-05,-0.000842317,-0.000926644,8.43272e-05,22,0,0
2026-02-27 00:00:00+00:00,0.000543415,1.27923,0.0920903,-0.00546786,-0.00231478,0,0,0,0,9.15307e-06,0.000534414,-0.00170578,0.00224019,22,0,0
2026-02-28 00:00:00+00:00,0.000508258,1.27988,0.0884683,-0.0050455,-0.00168149,0,0,0,0,2.64826e-06,0.000505758,0.00102019,-0.000514428,22,0,0
2026-03-01 00:00:00+00:00,0.000284491,1.28024,0.0909575,-0.00497225,-0.00256881,0,0,0,0,-1.20048e-05,0.00029662,-0.000765301,0.00106192,22,0,0
2026-03-02 00:00:00+00:00,0.000254991,1.28057,0.0843841,0.00172994,0.00361543,0.00618805,1.98061e-06,2.47577e-07,1.30217e-06,2.94762e-06,0.000255736,0.00113782,-0.000872529,21,0,0
2026-03-03 00:00:00+00:00,-0.00104423,1.27923,0.0838617,0.00142156,0.00342726,0,0,0,0,-3.46626e-06,-0.00104117,-0.00136174,0.000320568,21,0,0
2026-03-04 00:00:00+00:00,-0.000496749,1.2786,0.0852894,-0.000210653,0.00144485,0.0010825,5.4121e-07,1.08242e-07,6.78529e-08,1.65927e-06,-0.000497553,0.00167527,-0.00217282,20.2917,1,0
2026-03-05 00:00:00+00:00,0.000580118,1.27934,0.0853365,-0.000398671,0.000717702,0,0,0,0,-7.4089e-06,0.000587525,-0.000783786,0.00137131,20,0,0
2026-03-06 00:00:00+00:00,-9.77875e-05,1.27921,0.0830029,-0.000419681,0.000575788,0,0,0,0,-7.81309e-06,-8.97859e-05,-0.00169114,0.00160136,20,0,0
2026-03-07 00:00:00+00:00,0.000802084,1.28024,0.0805361,0.000149915,0.000782779,0,0,0,0,-1.81388e-05,0.000820062,-0.00019375,0.00101381,20,0,0
2026-03-08 00:00:00+00:00,0.000277157,1.28059,0.0793516,0.000766801,0.0013416,0,0,0,0,-6.10174e-05,0.000338209,-0.000305128,0.000643337,20,0,0
2026-03-09 00:00:00+00:00,-0.000189932,1.28035,0.0798566,0.00143058,0.001753,0.000789008,2.52502e-07,3.15628e-08,3.33362e-08,-1.2151e-05,-0.000177328,0.000956577,-0.00112834,19,0,0
2026-03-10 00:00:00+00:00,-0.000585454,1.2796,0.0818124,0.00129347,0.00091762,0,0,0,0,7.6266e-06,-0.000593104,0.000363931,-0.000957034,19,0,0
2026-03-11 00:00:00+00:00,0.000827238,1.28066,0.0816627,0.00141197,0.0012599,0,0,0,0,8.09542e-06,0.000818908,0.00068142,0.000137489,19,0,0
2026-03-12 00:00:00+00:00,-8.69679e-05,1.28055,0.0823528,0.00155059,0.00199222,0,0,0,0,1.30879e-05,-9.99273e-05,0.000486589,-0.000586517,19,0,0
2026-03-13 00:00:00+00:00,-0.000427332,1.28,0.0848427,0.00132855,0.000164711,0,0,0,0,1.46497e-05,-0.000441904,-2.74376e-05,-0.000414467,19,0,0
2026-03-14 00:00:00+00:00,-0.000286431,1.27963,0.0835251,0.00104125,-0.0012417,0,0,0,0,5.58307e-06,-0.000291939,0.000264198,-0.000556137,19,0,0
2026-03-15 00:00:00+00:00,-0.000852112,1.27854,0.0849431,0.000410883,-0.00328286,0,0,0,0,8.7897e-06,-0.00086106,0.000470839,-0.0013319,19,0,0
2026-03-16 00:00:00+00:00,-0.000272912,1.2782,0.0857003,-0.00048804,-0.00353674,0.0039776,1.27289e-06,1.59111e-07,4.03795e-07,-6.37464e-07,-0.000270152,0.00272914,-0.00299523,18,0,0
2026-03-17 00:00:00+00:00,-4.08456e-05,1.27814,0.0867659,-0.000234034,-0.00175512,0,0,0,0,3.18636e-06,-4.38598e-05,-0.000747486,0.000703626,18,0,0
2026-03-18 00:00:00+00:00,0.000852858,1.27923,0.0845687,6.36442e-05,-0.00192277,0,0,0,0,-4.87419e-06,0.00085756,-0.00154118,0.00239874,18,0,0
2026-03-19 00:00:00+00:00,3.21411e-06,1.27924,0.0809094,0.000518766,-0.00154151,0,0,0,0,-9.75362e-06,1.30679e-05,-0.00121976,0.00123283,18,0,0
2026-03-20 00:00:00+00:00,0.000412111,1.27976,0.0803706,0.00103975,-0.00147607,0,0,0,0,-1.07397e-05,0.000422853,0.000482095,-5.9242e-05,18,0,0
2026-03-21 00:00:00+00:00,3.13641e-05,1.2798,0.0806283,0.00091018,-0.00199334,0,0,0,0,9.63895e-07,3.04945e-05,-0.000962022,0.000992517,18,0,0
2026-03-22 00:00:00+00:00,-0.000441306,1.27924,0.0784263,0.000776561,-0.00384282,0,0,0,0,-4.65943e-06,-0.000436701,-0.000683789,0.000247088,18,0,0
2026-03-23 00:00:00+00:00,-0.000190946,1.279,0.0748059,0.00469326,0.000445443,0.00419471,1.34209e-06,1.67761e-07,3.87571e-07,-3.42605e-07,-0.000188578,0.000977843,-0.00118036,17,0,0
2026-03-24 00:00:00+00:00,-0.000318257,1.27859,0.0755599,0.00447135,-0.000220453,0,0,0,0,-6.31633e-06,-0.000311864,0.000330597,-0.000642461,17,0,0
2026-03-25 00:00:00+00:00,0.000477171,1.2792,0.0770183,0.00452485,-0.000426763,0,0,0,0,-5.86862e-05,0.000535834,0.000508348,2.74856e-05,17,0,0
2026-03-26 00:00:00+00:00,-0.000135115,1.27903,0.0746615,0.00477702,0.000398523,0,0,0,0,-3.78539e-05,-9.72251e-05,-0.00177708,0.00167986,17,0,0
2026-03-27 00:00:00+00:00,0.000423665,1.27957,0.0724704,0.00500145,0.00083627,0,0,0,0,-2.27506e-06,0.000425917,-0.000808218,0.00123413,17,0,0
2026-03-28 00:00:00+00:00,0.000452566,1.28015,0.0721324,0.00540927,0.0010336,0,0,0,0,-9.96397e-07,0.000453495,0.000225162,0.000228334,17,0,0
2026-03-29 00:00:00+00:00,-0.000851153,1.27906,0.0714908,0.00532732,0.000943575,0,0,0,0,-1.85191e-06,-0.000849589,-0.000945128,9.55392e-05,17,0,0
2026-03-30 00:00:00+00:00,-0.000840947,1.27798,0.0720004,0.00410428,-9.52102e-05,0.000162216,5.191e-08,6.48875e-09,2.43152e-09,8.00887e-06,-0.000849178,6.00404e-05,-0.000909333,16,0,0
2026-03-31 00:00:00+00:00,-0.000558423,1.27727,0.0722954,0.00342406,-0.000869129,0,0,0,0,-7.94876e-07,-0.000557671,0.000353071,-0.000910741,16,0,0
2026-04-01 00:00:00+00:00,-0.00063309,1.27646,0.0732186,0.00294533,-0.000925861,0,0,0,0,-4.20961e-06,-0.000628997,-0.000237607,-0.00039139,16,0,0
2026-04-02 00:00:00+00:00,7.83648e-05,1.27656,0.0704493,0.00267662,-0.00136915,0,0,0,0,1.41429e-06,7.70457e-05,-0.00113298,0.00121003,16,0,0
2026-04-03 00:00:00+00:00,0.000177786,1.27679,0.0709272,0.00281324,-0.00140674,0,0,0,0,1.84339e-06,0.000175973,0.000173681,2.29189e-06,16,0,0
2026-04-04 00:00:00+00:00,-0.00040598,1.27627,0.0711288,0.00265711,-0.00159177,0,0,0,0,4.42517e-06,-0.00041046,0.000151928,-0.000562387,16,0,0
2026-04-05 00:00:00+00:00,-0.00015245,1.27607,0.0705516,0.00239944,-0.00185388,0,0,0,0,3.09506e-06,-0.000155508,8.12499e-05,-0.000236758,16,0,0
2026-04-06 00:00:00+00:00,-1.9609e-06,1.27607,0.0729286,0.00223059,-0.00319234,0,0,0,0,3.61043e-07,-2.22894e-06,-5.52753e-05,5.30464e-05,16,0,0
2026-04-07 00:00:00+00:00,-0.000902221,1.27492,0.07209,0.00239604,-0.0028827,0.00284857,9.1103e-07,1.13879e-07,1.76092e-07,-6.02875e-06,-0.000895142,0.00220516,-0.0031003,16,0,0
2026-04-08 00:00:00+00:00,8.69852e-05,1.27503,0.0734488,0.00423114,-0.00209525,0,0,0,0,-6.36562e-06,9.34471e-05,-0.00105232,0.00114577,16,0,0
2026-04-09 00:00:00+00:00,-0.00040121,1.27452,0.0720227,0.00470724,-0.000395548,0.00202449,6.4781e-07,8.09762e-08,8.91435e-08,-3.60008e-06,-0.000396771,0.000459638,-0.000856409,16,0,0
2026-04-10 00:00:00+00:00,0.000370291,1.27499,0.0720839,0.00632134,0.00231295,0,0,0,0,-2.70875e-06,0.000372999,0.000746656,-0.000373657,16,0,0
2026-04-11 00:00:00+00:00,0.000157868,1.27519,0.0723517,0.00634478,0.00235265,0,0,0,0,-7.80651e-07,0.000158685,0.000165408,-6.723e-06,16,0,0
2026-04-12 00:00:00+00:00,-0.000320106,1.27478,0.0704319,0.00620589,0.00479674,0,0,0,0,3.29512e-07,-0.000320417,-0.00154176,0.00122135,16,0,0
2026-04-13 00:00:00+00:00,-0.000175779,1.27456,0.0607192,-0.00364246,-0.00563961,0.0100558,3.21787e-06,4.02234e-07,9.8089e-07,1.49046e-06,-0.000172602,0.00163457,-0.00180945,14,0,0
2026-04-14 00:00:00+00:00,0.000486213,1.27518,0.0624284,-0.00374716,-0.00628868,0,0,0,0,9.83388e-07,0.000485203,-0.000502138,0.000987341,14,0,0.00105865
2026-04-15 00:00:00+00:00,-4.72193e-05,1.27512,0.0633462,-0.00394832,-0.00546507,0.00629406,2.01407e-06,2.51758e-07,6.62486e-07,4.16965e-06,-4.84283e-05,0.000461712,-0.000510141,14.5208,0,0.00294135
2026-04-16 00:00:00+00:00,-0.00101551,1.27382,0.0705839,-0.00487946,-0.00170856,0.00961933,4.22191e-06,7.66295e-07,3.37719e-06,8.6443e-05,-0.00109274,0.00230164,-0.00339438,16,1,0.00456545
2026-04-17 00:00:00+00:00,0.0015172,1.27576,0.068829,-0.00329856,-0.00417518,0.00468115,1.49783e-06,1.87228e-07,7.46892e-07,4.28374e-05,0.0014761,0.000873558,0.000602546,16,0,0.000368093
2026-04-18 00:00:00+00:00,-6.76398e-05,1.27567,0.0658987,-0.00297495,-0.00397853,0.00016151,8.07568e-08,1.61514e-08,9.57588e-09,2.90676e-05,-9.65331e-05,-0.00129859,0.00120206,15.75,1,0
2026-04-19 00:00:00+00:00,-0.000128895,1.27551,0.063803,-0.00318351,-0.00366506,0,0,0,0,-1.38973e-06,-0.00012746,-0.00111698,0.000989522,15,0,0
2026-04-20 00:00:00+00:00,-0.000314454,1.27511,0.0593056,0.000696151,-0.00183713,0.00413583,1.3235e-06,1.65437e-07,2.17162e-07,1.45102e-06,-0.000314212,0.000434113,-0.000742717,14,0,0
2026-04-21 00:00:00+00:00,-0.000242377,1.2748,0.0596324,0.000325698,-0.00192072,0,0,0,0,-7.22918e-08,-0.000242302,7.01917e-05,-0.000312493,14,0,0
2026-04-22 00:00:00+00:00,0.00027761,1.27515,0.0607373,0.000364092,-0.0017892,0,0,0,0,2.26884e-06,0.000275348,0.000198217,7.71307e-05,14,0,0
2026-04-23 00:00:00+00:00,-0.000130686,1.27498,0.0597393,0.000489723,-0.00176173,0,0,0,0,-6.84956e-07,-0.000129965,0.000181194,-0.000311159,14,0,0
2026-04-24 00:00:00+00:00,-0.000433357,1.27443,0.0604266,0.00017768,-0.00260856,0,0,0,0,3.72739e-06,-0.000437142,-0.000147067,-0.000290075,14,0,0.000221988
2026-04-25 00:00:00+00:00,-0.000154992,1.27423,0.0605753,-0.000108246,-0.00305643,0,0,0,0,4.06797e-06,-0.000159053,-0.000130141,-2.89123e-05,14,0,0
2026-04-26 00:00:00+00:00,-1.68076e-05,1.27421,0.0607167,-0.000265622,-0.00320946,0,0,0,0,4.4919e-06,-2.1281e-05,0.00027463,-0.000295911,14,0,0
2026-04-27 00:00:00+00:00,-3.30493e-05,1.27417,0.0602677,-0.000176541,-0.00331121,0,0,0,0,-1.33223e-06,-3.167e-05,-0.00055957,0.0005279,14,0,0
2026-04-28 00:00:00+00:00,0.000104171,1.2743,0.059317,-0.000240581,-0.00349373,0,0,0,0,3.30045e-06,0.000100887,-0.000289925,0.000390812,14,0,0
2026-04-29 00:00:00+00:00,7.10196e-05,1.27439,0.0591826,-0.00015314,-0.00338164,0,0,0,0,1.01608e-07,7.09539e-05,-0.000309401,0.000380355,14,0,0
2026-04-30 00:00:00+00:00,-0.000398745,1.27389,0.0586484,-0.000354815,-0.00398072,0,0,0,0,-6.30495e-07,-0.000398174,-0.000173104,-0.00022507,14,0,0
2026-05-01 00:00:00+00:00,-3.20276e-05,1.27384,0.0594326,-0.000487808,-0.00397407,0,0,0,0,1.25888e-06,-3.32544e-05,0.000453997,-0.000487252,14,0,0
2026-05-02 00:00:00+00:00,-0.000221529,1.27356,0.0597484,-0.000538653,-0.00389102,0,0,0,0,1.53783e-06,-0.000223072,3.9446e-05,-0.000262518,14,0,0
2026-05-03 00:00:00+00:00,-0.000217977,1.27328,0.0597657,-0.000813348,-0.0041323,0,0,0,0,-2.90993e-06,-0.000215062,-0.0001414,-7.36615e-05,14,0,0
2026-05-04 00:00:00+00:00,-0.000529054,1.27261,0.0498576,-0.0105694,-0.00892628,0.0107714,3.4467e-06,5.10019e-07,4.20197e-07,2.8328e-06,-0.000527557,1.45051e-05,-0.000538865,11,0,0
2026-05-05 00:00:00+00:00,-0.00108669,1.27123,0.0510656,-0.0110365,-0.00866305,0,0,0,0,-1.21673e-06,-0.00108589,0.000669807,-0.0017557,11,0,0
2026-05-06 00:00:00+00:00,-0.000393572,1.27073,0.0533755,-0.0122891,-0.0109021,0,0,0,0,4.98772e-06,-0.000398422,0.000398578,-0.000797,11,0,0
2026-05-07 00:00:00+00:00,-0.000149104,1.27054,0.053002,-0.0123358,-0.0110102,0,0,0,0,5.11078e-06,-0.000154152,-0.000401064,0.000246911,11,0,0
2026-05-08 00:00:00+00:00,-0.000643405,1.26972,0.0529706,-0.012104,-0.0108238,0.00525063,2.62509e-06,5.25017e-07,2.43604e-07,4.1139e-06,-0.000644203,0.000732028,-0.00137623,10.9167,1,0
2026-05-09 00:00:00+00:00,-4.30167e-05,1.26967,0.0498807,-0.00788619,-0.00718136,0,0,0,0,1.58408e-06,-4.45453e-05,-5.23705e-05,7.82513e-06,10,0,0
2026-05-10 00:00:00+00:00,-0.000383184,1.26918,0.0501959,-0.00801548,-0.00675212,0.000104222,3.33497e-08,4.53047e-09,9.90572e-11,3.5057e-06,-0.000386644,0.000534008,-0.000920652,10,0,0
2026-05-11 00:00:00+00:00,0.000168044,1.26939,0.0499364,-0.00782307,-0.00597017,0.00037842,1.21101e-07,1.51799e-08,9.60347e-09,3.68212e-06,0.000164539,-0.000157627,0.000321524,9,0,0
2026-05-12 00:00:00+00:00,0.000104122,1.26952,0.048927,-0.00762666,-0.00564644,0,0,0,0,3.03964e-06,0.000101112,-0.000756751,0.000857863,9,0,0
2026-05-13 00:00:00+00:00,-0.000113172,1.26938,0.0480659,-0.00775367,-0.00644933,0.000673516,2.1552e-07,2.73451e-08,1.17018e-09,7.45507e-07,-0.000113585,-0.00042654,0.000312954,9,0,0
2026-05-14 00:00:00+00:00,0.0005407,1.27007,0.0480046,-0.00747223,-0.00653779,0,0,0,0,2.72776e-06,0.000537971,0.00114449,-0.00060652,9,0,0
2026-05-15 00:00:00+00:00,0.000314137,1.27047,0.0478968,-0.00675301,-0.00523803,0,0,0,0,-2.54095e-06,0.000316732,-0.000699623,0.00101636,9,0,0
2026-05-16 00:00:00+00:00,0.000230434,1.27076,0.0459779,-0.00668355,-0.00527485,0,0,0,0,3.59733e-06,0.000226836,-0.000573238,0.000800074,9,0,0
2026-05-17 00:00:00+00:00,0.000650626,1.27159,0.0459095,-0.00637398,-0.00493281,0,0,0,0,1.49802e-06,0.000648977,0.000246135,0.000402842,9,0,0
2026-05-18 00:00:00+00:00,0.00013558,1.27176,0.0451713,-0.00582821,-0.00422549,0,0,0,0,4.02863e-06,0.000131593,0.000177851,-4.62581e-05,9,0,0
2026-05-19 00:00:00+00:00,8.48323e-05,1.27187,0.0454831,-0.00583249,-0.0042433,0,0,0,0,6.6442e-06,7.8229e-05,-0.000274354,0.000352583,9,0,0
2026-05-20 00:00:00+00:00,0.000521912,1.27253,0.0457286,-0.00560415,-0.00407718,0,0,0,0,3.65733e-06,0.000518188,0.000901501,-0.000383314,9,0,0
2026-05-21 00:00:00+00:00,0.000362061,1.27299,0.0459781,-0.00580265,-0.00388829,0.00222408,7.11733e-07,8.89666e-08,5.81182e-08,2.89638e-06,0.000360042,0.000618633,-0.000258591,9,0,0
2026-05-22 00:00:00+00:00,8.06574e-05,1.27309,0.0446612,-0.00719582,-0.00505208,0,0,0,0,2.91353e-06,7.78025e-05,-0.000827195,0.000904998,9,0,0
2026-05-23 00:00:00+00:00,0.000155417,1.27329,0.0431997,-0.00677018,-0.00537483,0,0,0,0,1.51907e-06,0.000154004,0.000557583,-0.000403579,9,0,0
2026-05-24 00:00:00+00:00,0.000453639,1.27387,0.0441849,-0.00651011,-0.00613598,0,0,0,0,2.75351e-06,0.00045083,0.000138834,0.000311996,9,0,0
2026-05-25 00:00:00+00:00,-0.000252658,1.27355,0.0442643,-0.00654773,-0.00561465,0,0,0,0,3.08631e-06,-0.000255727,-8.90634e-05,-0.000166663,9,0,0
2026-05-26 00:00:00+00:00,-5.89041e-06,1.27354,0.0437921,-0.00662788,-0.00486986,0,0,0,0,4.2335e-06,-1.00637e-05,-0.000385552,0.000375488,9,0,0
2026-05-27 00:00:00+00:00,0.00013929,1.27372,0.043288,-0.00652823,-0.00399089,0,0,0,0,3.99999e-06,0.000135325,-0.000415224,0.000550549,9,0,0
2026-05-28 00:00:00+00:00,0.000522069,1.27438,0.0417523,-0.00618119,-0.00422765,0,0,0,0,-3.79527e-07,0.000522356,0.000190324,0.000332033,9,0,0
2026-05-29 00:00:00+00:00,0.000274632,1.27473,0.0422574,-0.00584882,-0.00338445,0,0,0,0,-5.48696e-07,0.000275181,0.000272664,2.5172e-06,9,0,0
2026-05-30 00:00:00+00:00,8.37458e-05,1.27484,0.0431177,-0.00571694,-0.00307413,0,0,0,0,2.12764e-06,8.16586e-05,0.000422287,-0.000340629,9,0,0
2026-05-31 00:00:00+00:00,0.000299235,1.27522,0.0432066,-0.00554927,-0.00283281,0,0,0,0,1.03352e-06,0.000298194,0.000210536,8.76571e-05,9,0,0
2026-06-01 00:00:00+00:00,0.000118415,1.27537,0.0408013,-0.0032158,-0.000951421,0.00218253,6.98379e-07,8.72974e-08,6.02176e-08,1.68021e-06,0.000117638,-0.000153034,0.000270672,9,0,0
2026-06-02 00:00:00+00:00,0.000703046,1.27627,0.0383447,-0.0017334,9.65843e-05,0.00457149,1.46289e-06,1.82861e-07,1.7182e-07,-1.71866e-07,0.000704888,-0.000885541,0.00159043,9,0,0
2026-06-03 00:00:00+00:00,0.0010438,1.2776,0.032498,0.00109857,0.00190196,0.00206729,6.61588e-07,8.26985e-08,3.32196e-08,1.6032e-06,0.0010425,0.000664006,0.000378499,9,0,0
2026-06-04 00:00:00+00:00,-0.000490514,1.27697,0.0304841,0.000867704,0.00181486,0,0,0,0,1.3926e-06,-0.000491936,-0.00121926,0.000727323,9,0,0
2026-06-05 00:00:00+00:00,0.000489388,1.2776,0.0282583,0.000913416,0.00168478,0,0,0,0,5.66026e-07,0.000488769,-0.000822956,0.00131173,9,0,0
2026-06-06 00:00:00+00:00,-0.000343579,1.27716,0.0274412,0.00103279,0.00168527,0,0,0,0,1.37901e-06,-0.000344979,-0.000340253,-4.72589e-06,9,0,0
2026-06-07 00:00:00+00:00,-0.000115357,1.27701,0.0282677,0.000869805,0.00158751,0,0,0,0,5.14432e-06,-0.000120472,0.000684025,-0.000804497,9,0,0
2026-06-08 00:00:00+00:00,2.70764e-05,1.27705,0.0290392,0.000816246,0.00144257,0,0,0,0,1.08586e-06,2.60188e-05,0.000158367,-0.000132348,9,0,0
2026-06-09 00:00:00+00:00,-0.000341542,1.27661,0.0285501,0.000576461,0.00103867,0,0,0,0,1.54323e-06,-0.000343127,-0.000667127,0.000324,9,0,0
2026-06-10 00:00:00+00:00,-0.00040162,1.2761,0.0276222,0.00023128,0.000785931,0,0,0,0,8.94734e-07,-0.000402573,-0.000756064,0.000353491,9,0,0
2026-06-11 00:00:00+00:00,0.00028495,1.27646,0.0279711,8.30758e-05,0.000759171,0,0,0,0,2.34332e-06,0.000282581,0.000871366,-0.000588785,9,0,0
2026-06-12 00:00:00+00:00,-6.9123e-05,1.27637,0.0285144,0.000275419,0.000982664,0,0,0,0,1.81625e-06,-7.09221e-05,-0.000101056,3.01337e-05,9,0,0
2026-06-13 00:00:00+00:00,0.000196019,1.27662,0.0287673,0.000277092,0.0010841,0,0,0,0,1.24533e-07,0.000195891,0.000387095,-0.000191204,9,0,0
2026-06-14 00:00:00+00:00,-1.38809e-05,1.27661,0.0288237,0.000429157,0.00117314,0,0,0,0,7.58365e-07,-1.463e-05,0.000446345,-0.000460975,9,0,0
2026-06-15 00:00:00+00:00,0.000483992,1.27722,0.0305533,0.000696483,0.000980871,0,0,0,0,1.40887e-06,0.00048253,0.000603952,-0.000121422,9,0,0
2026-06-16 00:00:00+00:00,0.000294902,1.2776,0.0307178,0.00114039,0.00105952,0,0,0,0,-1.39837e-06,0.000296297,0.000156922,0.000139375,9,0,0
2026-06-17 00:00:00+00:00,0.000198951,1.27785,0.0304507,0.0012505,0.00120119,0,0,0,0,-1.52673e-07,0.000199119,-0.000116568,0.000315687,9,0,0
2026-06-18 00:00:00+00:00,-0.000187119,1.27762,0.0296776,0.00128495,0.00175161,0,0,0,0,-1.56502e-06,-0.000185535,-0.000443125,0.00025759,9,0,0
2026-06-19 00:00:00+00:00,-0.000135954,1.27744,0.0290319,0.00106278,0.00167412,0,0,0,0,-2.07669e-06,-0.00013386,-0.000203272,6.94115e-05,9,0,0
2026-06-20 00:00:00+00:00,0.00011799,1.27759,0.029327,0.00113563,0.00185991,0,0,0,0,8.28293e-07,0.000117173,0.000229349,-0.000112176,9,0,0
2026-06-21 00:00:00+00:00,-7.37203e-05,1.2775,0.0293459,0.00115637,0.00209299,0,0,0,0,-5.74952e-07,-7.31378e-05,-0.000431047,0.000357909,9,0,0
2026-06-22 00:00:00+00:00,-5.38119e-05,1.27743,0.0293714,0.00113563,0.00215085,0,0,0,0,9.30627e-07,-5.47167e-05,0.000102883,-0.0001576,9,0,0
2026-06-23 00:00:00+00:00,-2.49363e-05,1.2774,0.0282477,0.00101406,0.0013762,0,0,0,0,-2.41201e-07,-2.46814e-05,-0.000492357,0.000467676,9,0,0
2026-06-24 00:00:00+00:00,0.000156575,1.2776,0.0275047,0.00100521,0.000992104,0,0,0,0,-8.9254e-07,0.000157476,-0.000253114,0.000410589,9,0,0
2026-06-25 00:00:00+00:00,0.000102563,1.27773,0.0270283,0.0011493,0.000909649,0,0,0,0,1.46312e-07,0.000102438,-0.000293256,0.000395693,9,0,0
2026-06-26 00:00:00+00:00,-0.000136358,1.27755,0.0266281,0.00116466,0.00140755,0,0,0,0,3.59569e-06,-0.000139938,5.20617e-05,-0.000192,9,0,0
2026-06-27 00:00:00+00:00,-0.000112145,1.27741,0.0269743,0.00112363,0.00152487,0,0,0,0,4.01307e-06,-0.000116153,-0.00022692,0.000110767,9,0,0
2026-06-28 00:00:00+00:00,8.48763e-05,1.27752,0.0266074,0.00108659,0.00160294,0,0,0,0,4.94103e-07,8.43838e-05,1.2658e-05,7.17258e-05,9,0,0
2026-06-29 00:00:00+00:00,0.000262323,1.27785,0.0269191,0.00124258,0.00203553,0,0,0,0,3.40608e-07,0.000261971,0.000444533,-0.000182563,9,0,0
2026-06-30 00:00:00+00:00,-0.000157628,1.27765,0.0266,0.00121627,0.00197823,0,0,0,0,2.66741e-06,-0.000160297,-0.000429433,0.000269136,9,0,0
2026-07-01 00:00:00+00:00,-0.00033623,1.27722,0.0268007,0.00103366,0.00148534,0,0,0,0,1.39866e-06,-0.000337672,2.61561e-05,-0.000363828,9,0,0
2026-07-02 00:00:00+00:00,3.73365e-05,1.27727,0.027739,0.000931509,0.001061,0,0,0,0,1.06565e-06,3.62926e-05,0.000664434,-0.000628141,9,0,0
2026-07-03 00:00:00+00:00,-0.000143784,1.27709,0.0288103,0.000871712,0.000939612,0,0,0,0,2.35779e-06,-0.000146123,0.000613045,-0.000759167,9,0,0
2026-07-04 00:00:00+00:00,-0.00014531,1.2769,0.0297353,0.000805379,0.000511515,0,0,0,0,2.33176e-06,-0.000147613,0.000102913,-0.000250526,9,0,0
2026-07-05 00:00:00+00:00,7.95032e-05,1.277,0.0296024,0.000553281,-1.92515e-05,0,0,0,0,2.99321e-06,7.65283e-05,0.000110805,-3.4277e-05,9,0,0
2026-07-06 00:00:00+00:00,-6.91129e-05,1.27692,0.0296458,0.000680024,0.000213711,0,0,0,0,1.41539e-06,-7.05126e-05,-0.00017517,0.000104657,9,0,0
2026-07-07 00:00:00+00:00,-2.93059e-05,1.27688,0.0293618,0.000668873,0.00016329,0,0,0,0,2.6945e-06,-3.19904e-05,-0.000402719,0.000370729,9,0,0
2026-07-08 00:00:00+00:00,8.12759e-05,1.27698,0.028312,0.000624484,0.000235289,0,0,0,0,2.41138e-07,8.1041e-05,-0.000306792,0.000387833,9,0,0
2026-07-09 00:00:00+00:00,-4.34554e-05,1.27693,0.0284418,0.000647884,0.000269691,0,0,0,0,4.7485e-07,-4.39265e-05,4.76512e-05,-9.15777e-05,9,0,0
2026-07-10 00:00:00+00:00,-0.000141818,1.27675,0.0289473,0.000560698,0.000182176,0,0,0,0,-1.21374e-06,-0.000140604,0.0002295,-0.000370105,9,0,0
2026-07-11 00:00:00+00:00,-2.05355e-05,1.27672,0.0291611,0.0004631,0.000250464,0,0,0,0,-1.64396e-06,-1.88811e-05,-0.000147448,0.000128567,9,0,0
2026-07-12 00:00:00+00:00,-0.000103709,1.27659,0.0289195,0.000417248,1.44595e-05,0,0,0,0,-1.52626e-06,-0.000102181,-5.37813e-05,-4.83998e-05,9,0,0
2026-07-13 00:00:00+00:00,-0.000123115,1.27643,0.0283324,0.000298107,-0.00018932,0,0,0,0,1.28273e-06,-0.000124395,-0.000380956,0.000256561,9,0,0
2026-07-14 00:00:00+00:00,-0.000110768,1.27629,0.0288117,0.000218701,-0.000647554,0,0,0,0,-4.88981e-07,-0.000110264,0.000623126,-0.000733391,9,0,0
2026-07-15 00:00:00+00:00,-9.244e-05,1.27617,0.0295962,0.00015277,-0.00100983,0,0,0,0,-9.27132e-07,-9.14973e-05,4.20262e-05,-0.000133523,9,0,0
2026-07-16 00:00:00+00:00,-0.000193921,1.27592,0.0293683,4.49424e-05,-0.000731735,0,0,0,0,1.03635e-06,-0.000194961,-0.000535273,0.000340312,9,0,0
2026-07-17 00:00:00+00:00,-6.63778e-05,1.27584,0.0286342,-0.000123525,-0.000216001,0,0,0,0,1.27443e-06,-6.76386e-05,-4.15219e-05,-2.61167e-05,9,0,0
2026-07-18 00:00:00+00:00,-0.0001071,1.2757,0.0287854,-0.00028444,-0.000265398,0,0,0,0,1.51133e-06,-0.000108613,2.13321e-05,-0.000129945,9,0,0
2026-07-19 00:00:00+00:00,6.06803e-06,1.27571,0.0290102,-0.000295672,-0.000263722,0,0,0,0,1.64805e-06,4.42448e-06,7.15891e-05,-6.71646e-05,9,0,0
2026-07-20 00:00:00+00:00,-3.58871e-05,1.27566,0.0292393,-0.000330321,-0.00074137,0,0,0,0,3.83083e-07,-3.62587e-05,0.000275896,-0.000312154,9,0,0
2026-07-21 00:00:00+00:00,0.000110196,1.2758,0.0300906,-0.000281971,-0.000854414,0,0,0,0,1.67481e-06,0.000108527,0.000271409,-0.000162882,9,0,0
2026-07-22 00:00:00+00:00,2.63583e-05,1.27584,0.030033,-0.000280035,-0.000372416,0,0,0,0,1.66139e-06,2.47146e-05,1.16849e-05,1.30298e-05,9,0,0
2026-07-23 00:00:00+00:00,-3.90816e-05,1.27579,0.0297336,-0.000218192,-0.000253962,0,0,0,0,-5.83039e-07,-3.84917e-05,-0.000412491,0.000374,9,0,0
2026-07-24 00:00:00+00:00,5.81091e-05,1.27586,0.0291382,-0.000188455,0.000130455,0,0,0,0,2.56684e-08,5.80932e-05,-0.000198315,0.000256408,9,0,0
2026-07-25 00:00:00+00:00,-2.91506e-05,1.27582,0.028887,-0.000203424,0.000179165,0,0,0,0,4.65384e-07,-2.96123e-05,5.09238e-05,-8.05361e-05,9,0,0
2026-07-26 00:00:00+00:00,-0.00025437,1.2755,0.0293028,-0.000406771,-0.000468368,0,0,0,0,8.16403e-07,-0.000255207,0.000343259,-0.000598467,9,0,0
2026-07-27 00:00:00+00:00,-6.77334e-05,1.27541,0.0295509,-0.000502891,-0.000526205,0,0,0,0,-1.59811e-07,-6.7557e-05,-0.00077631,0.000708753,9,0,0
2026-07-28 00:00:00+00:00,-0.000174751,1.27519,0.0283892,-0.00061728,-0.000693875,0,0,0,0,1.71755e-06,-0.000176471,1.03418e-05,-0.000186812,9,0,0
2026-07-29 00:00:00+00:00,-3.57818e-05,1.27514,0.0285291,-0.000697297,-0.000767369,0,0,0,0,5.23715e-07,-3.62932e-05,-0.000170132,0.000133839,9,0,0
2026-07-30 00:00:00+00:00,-1.95413e-05,1.27512,0.0286741,-0.000809515,-0.00102406,0,0,0,0,-8.14414e-07,-1.87129e-05,0.000248895,-0.000267608,9,0,0
2026-07-31 00:00:00+00:00,6.65917e-06,1.27513,0.0284783,-0.000727646,-0.00111051,0,0,0,0,7.24387e-07,5.9578e-06,-0.000351604,0.000357562,9,0,0.00049512
2026-08-01 00:00:00+00:00,-9.29361e-05,1.27501,0.0281893,-0.000840953,-0.00138528,0,0,0,0,1.27132e-06,-9.42022e-05,-7.30219e-05,-2.11802e-05,9,0,0.000291401
2026-08-02 00:00:00+00:00,-0.000107099,1.27487,0.0290001,-0.000974103,-0.00182703,0,0,0,0,2.99151e-07,-0.000107389,0.00052123,-0.000628619,9,0,0
2026-08-03 00:00:00+00:00,0.000177462,1.2751,0.0290731,-0.000868881,-0.0017243,0,0,0,0,3.97256e-07,0.000177068,7.77772e-05,9.92905e-05,9,0,0
2026-08-04 00:00:00+00:00,4.08117e-05,1.27515,0.0292753,-0.000825346,-0.00168719,0,0,0,0,8.95439e-08,4.07348e-05,1.93024e-05,2.14325e-05,9,0,0
2026-08-05 00:00:00+00:00,-2.94698e-05,1.27511,0.0292694,-0.000768474,-0.00138234,0,0,0,0,3.38451e-07,-2.97962e-05,4.48215e-06,-3.42784e-05,9,0,0
2026-08-06 00:00:00+00:00,-0.000380762,1.27463,0.0291549,-0.00104424,-0.0015712,0,0,0,0,1.61545e-06,-0.000382421,-0.000241239,-0.000141182,9,0,0
2026-08-07 00:00:00+00:00,-0.000238448,1.27432,0.0291706,-0.00125735,-0.0016951,0,0,0,0,5.40067e-07,-0.000238991,-0.000219566,-1.94249e-05,9,0,0
2026-08-08 00:00:00+00:00,0.000107548,1.27446,0.0292551,-0.00135955,-0.00137167,0,0,0,0,-2.71876e-07,0.000107821,0.000197339,-8.95174e-05,9,0,0
2026-08-09 00:00:00+00:00,-6.30979e-05,1.27438,0.0291964,-0.00138879,-0.000995371,0,0,0,0,9.37919e-09,-6.31025e-05,-0.000227041,0.000163939,9,0,0
2026-08-10 00:00:00+00:00,1.57267e-05,1.2744,0.0290176,-0.00135044,-0.000836833,0,0,0,0,8.15076e-07,1.49256e-05,-4.00969e-05,5.50226e-05,9,0,0
2026-08-11 00:00:00+00:00,-0.000134748,1.27423,0.0289398,-0.00145477,-0.000231903,0,0,0,0,2.01368e-06,-0.000136751,0.000117593,-0.000254344,9,0,0
2026-08-12 00:00:00+00:00,9.283e-05,1.27435,0.0290605,-0.0014857,-0.000218201,0,0,0,0,2.91194e-07,9.25472e-05,-0.000162201,0.000254748,9,0,0
2026-08-13 00:00:00+00:00,-8.06505e-05,1.27425,0.0289148,-0.00142856,-0.000501443,0,0,0,0,9.46617e-08,-8.07374e-05,8.11512e-05,-0.000161889,9,0,0
2026-08-14 00:00:00+00:00,-0.000153963,1.27405,0.0287627,-0.00154751,-0.000598954,0,0,0,0,3.24094e-06,-0.000157196,-0.00016974,1.25436e-05,9,0,0
2026-08-15 00:00:00+00:00,-0.000249505,1.27373,0.0291749,-0.00192756,-0.00117682,0,0,0,0,1.13909e-06,-0.00025063,2.16292e-05,-0.000272259,9,0,0.000511974
2026-08-16 00:00:00+00:00,1.31281e-05,1.27375,0.0290411,-0.00185745,-0.00134249,0,0,0,0,2.58746e-06,1.05486e-05,-0.000116707,0.000127256,9,0,0.00159605
2026-08-17 00:00:00+00:00,2.03612e-05,1.27377,0.0292012,-0.00183791,-0.00128497,0,0,0,0,4.8046e-07,1.98923e-05,0.000223245,-0.000203353,9,0,0.000146813
2026-08-18 00:00:00+00:00,-5.10127e-05,1.27371,0.0291845,-0.00182382,-0.00109928,0,0,0,0,2.25298e-06,-5.3252e-05,-3.81962e-05,-1.50558e-05,9,0,0
2026-08-19 00:00:00+00:00,6.73014e-05,1.27379,0.0303185,-0.0018853,-0.00184789,0,0,0,0,1.43435e-07,6.72726e-05,0.00171095,-0.00164368,9,0,0
2026-08-20 00:00:00+00:00,0.00134817,1.27551,0.0338635,-0.00126179,-0.00205596,0,0,0,0,-1.99365e-06,0.00134943,0.00204779,-0.000698359,9,0,0
2026-08-21 00:00:00+00:00,-0.0001674,1.2753,0.0371135,-0.00116494,0.00117935,0.00203666,6.51744e-07,8.1468e-08,6.94567e-08,-2.15841e-07,-0.000165946,0.00219101,-0.00235695,9,0,0
2026-08-22 00:00:00+00:00,0.00128356,1.27694,0.0398005,-0.000221021,0.00212635,0.00669896,2.14384e-06,2.6798e-07,1.941e-07,-2.33099e-06,0.00128797,0.000815991,0.000471976,9.95833,0,0
2026-08-23 00:00:00+00:00,0.000661778,1.27778,0.0388351,-0.000353161,0.00183675,0.00267721,8.56623e-07,1.07078e-07,2.70929e-07,7.3638e-07,0.000662234,0.000685087,-2.28529e-05,10,0,9.10099e-06
2026-08-24 00:00:00+00:00,-0.000338574,1.27735,0.0374446,-0.00193135,-0.00055065,0,0,0,0,1.61138e-06,-0.000340195,-0.000342119,1.92436e-06,10,0,0.00128935
2026-08-25 00:00:00+00:00,0.000246527,1.27766,0.0374951,-0.00192344,-0.000783837,0,0,0,0,1.80578e-06,0.000244723,-0.00039556,0.000640283,10,0,0.00171081
2026-08-26 00:00:00+00:00,-9.66534e-05,1.27754,0.0365518,-0.00185178,-0.000818782,0,0,0,0,2.15482e-07,-9.68507e-05,0.000302517,-0.000399368,10,0,0.00126322
2026-08-27 00:00:00+00:00,0.000368163,1.27801,0.0375721,-0.00179179,-0.000418551,0,0,0,0,2.70617e-06,0.000365436,0.000661957,-0.000296521,10,0,0.000862341
2026-08-28 00:00:00+00:00,2.67639e-05,1.27804,0.0372284,-0.00154022,0.000101178,0,0,0,0,7.07366e-07,2.61232e-05,-0.000769053,0.000795176,10,0,0.00148311
2026-08-29 00:00:00+00:00,0.00016267,1.27825,0.0364756,-0.00140106,-3.05569e-05,0,0,0,0,2.41718e-06,0.000160258,0.000164951,-4.69381e-06,10,0,2.30232e-05
2026-08-30 00:00:00+00:00,1.47425e-05,1.27827,0.0367484,-0.00137832,-4.02669e-05,0,0,0,0,-1.99029e-07,1.49654e-05,-0.000573892,0.000588858,10,0,0
2026-08-31 00:00:00+00:00,-0.000121807,1.27811,0.0360077,-0.00142898,-0.00107275,0,0,0,0,1.03247e-06,-0.000122828,0.000378331,-0.00050116,10,0,0.000266834
