,return,equity,gross,net,beta_exposure,turnover,fees,spread,impact,funding,gross_pnl,pnl_long,pnl_short,n_positions,stops,ic_est
2023-07-31 00:00:00+00:00,0,1,0,0,0,0,0,0,0,0,0,0,0,0,0,0.000126093
2023-08-01 00:00:00+00:00,0,1,0,0,0,0,0,0,0,0,0,0,0,0,0,7.69622e-06
2023-08-02 00:00:00+00:00,0,1,0,0,0,0,0,0,0,0,0,0,0,0,0,0
2023-08-03 00:00:00+00:00,-1.3531e-06,0.999999,1.69998e-05,1.69998e-05,1.51558e-05,0.000272466,8.7189e-08,1.08986e-08,1.7864e-09,-2.72927e-08,-1.22593e-06,-1.22593e-06,0,0.0625,0,0.000242129
2023-08-04 00:00:00+00:00,5.52808e-05,1.00005,0.00616113,0.000557798,-0.000200964,0.0417278,1.3353e-05,1.66912e-06,5.21844e-07,3.48936e-07,7.04758e-05,5.82328e-05,1.22431e-05,4.95833,0,0.00185736
2023-08-05 00:00:00+00:00,-0.00059107,0.999463,0.0862066,0.00891258,-0.00011887,0.0682338,2.18352e-05,3.03728e-06,8.35493e-07,-6.11614e-07,-0.000564734,-0.000375255,-0.000189479,17.4792,0,0.00392451
2023-08-06 00:00:00+00:00,9.35512e-05,0.999556,0.0741307,0.00680242,0.000853503,0.01105,3.53601e-06,4.42001e-07,1.1073e-07,-2.59406e-07,9.79823e-05,-6.7414e-05,0.000165396,19.75,0,0.000956387
2023-08-07 00:00:00+00:00,-0.000177857,0.999379,0.0682802,0.0090631,0.00404455,0.0287107,9.18739e-06,1.83573e-06,3.40364e-07,-8.55981e-06,-0.000157734,4.22947e-05,-0.000200861,21.9375,0,0.0015862
2023-08-08 00:00:00+00:00,-0.000366054,0.999013,0.0636271,0.00885672,0.00310705,0.00806029,2.57923e-06,5.80758e-07,9.83774e-08,2.06198e-06,-0.000364858,0.000231782,-0.00059664,23,0,0.000806396
2023-08-09 00:00:00+00:00,-0.000392668,0.99862,0.0594473,0.00893673,0.00381944,0.00157566,5.04198e-07,1.54976e-07,1.85e-08,-1.04865e-06,-0.000390972,-0.000221709,-0.000169263,23,0,0
2023-08-10 00:00:00+00:00,0.000325088,0.998945,0.0583602,0.00837908,0.00370443,0.000498924,1.59656e-07,6.46213e-08,4.08112e-09,-1.76949e-06,0.00032707,0.000132113,0.000194958,23,0,0
2023-08-11 00:00:00+00:00,-7.07717e-05,0.998874,0.0579973,0.00814542,0.0034086,0.000298095,9.53871e-08,1.19234e-08,1.73563e-09,1.02682e-06,-7.16766e-05,-3.031e-06,-6.86456e-05,23,0,0
2023-08-12 00:00:00+00:00,-0.000186089,0.998689,0.0575666,0.00763533,0.00303388,0.000579597,1.85478e-07,2.31848e-08,4.85333e-09,3.37807e-06,-0.000189243,-9.59577e-06,-0.000179647,23,0,0
2023-08-13 00:00:00+00:00,0.000152157,0.99884,0.0573717,0.00768088,0.00336637,0.000578547,1.85146e-07,2.31432e-08,4.23669e-09,2.19512e-07,0.000152162,-0.000145363,0.000297525,23,0,0
2023-08-14 00:00:00+00:00,-7.63042e-05,0.998764,0.0482955,0.0026005,-0.000848429,0.00934908,2.99188e-06,7.46699e-07,1.81057e-07,8.69053e-07,-7.32304e-05,0.000129447,-0.000183179,20,0,0
2023-08-15 00:00:00+00:00,0.000402973,0.999167,0.0468967,0.0027515,-0.000408331,0.0062134,1.98862e-06,3.14144e-07,1.48469e-07,5.3334e-06,0.00040007,-0.000822934,0.001223,20.3542,0,0
2023-08-16 00:00:00+00:00,2.01307e-05,0.999187,0.045159,0.00515467,-0.000260211,0.00147715,4.72729e-07,5.90911e-08,6.61907e-09,1.94061e-06,1.87591e-05,-0.00112679,0.00114555,22,0,0
2023-08-17 00:00:00+00:00,0.000366648,0.999553,0.0418643,0.00450732,-8.16206e-05,0.0137106,5.72141e-06,1.16032e-06,6.37987e-07,4.20411e-06,0.000370036,-0.00204494,0.00241497,21.6458,5,0
2023-08-18 00:00:00+00:00,4.22017e-05,0.999595,0.0291826,0.00363022,0.000207108,0.00121963,3.90282e-07,4.87852e-08,1.97269e-08,3.85921e-06,3.88285e-05,0.000283715,-0.000244887,19.9375,0,0
2023-08-19 00:00:00+00:00,-9.61448e-07,0.999594,0.029646,0.00383399,0.000474483,0.0014625,4.67998e-07,5.84997e-08,3.13551e-08,-1.88494e-06,1.49552e-06,0.000408262,-0.000406766,20.3333,0,0
2023-08-20 00:00:00+00:00,-0.000246754,0.999348,0.0301418,0.00392809,0.00064273,0,0,0,0,1.97326e-06,-0.000248742,-0.000143037,-0.000105705,22,0,0
2023-08-21 00:00:00+00:00,6.46354e-05,0.999412,0.0240239,0.00125234,-0.00118915,0.00578582,1.85138e-06,2.31423e-07,3.43284e-07,-7.78605e-07,6.78524e-05,-0.000125281,0.000192889,20,0,0
2023-08-22 00:00:00+00:00,-5.67305e-05,0.999356,0.0238374,0.00130111,-0.000860194,0.00072942,2.33417e-07,2.91772e-08,1.27562e-08,-1.79451e-06,-5.46319e-05,-0.000176775,0.000122143,20.9167,0,0
2023-08-23 00:00:00+00:00,-5.75737e-05,0.999298,0.0236152,0.00143263,-0.000483081,0,0,0,0,2.81949e-06,-6.03865e-05,0.000224638,-0.000285025,21,0,0
2023-08-24 00:00:00+00:00,0.000168815,0.999467,0.02361,0.00164628,-0.000171131,0.00105045,3.36192e-07,4.2024e-08,4.45731e-08,4.02192e-06,0.000165227,-0.000188791,0.000354018,21,0,2.42692e-07
2023-08-25 00:00:00+00:00,-0.000198259,0.999269,0.021577,0.00223134,0.000821586,0.000345079,1.1042e-07,1.39053e-08,3.89719e-09,3.76947e-06,-0.000201911,-0.000291894,8.99835e-05,21,0,0.00104106
2023-08-26 00:00:00+00:00,0.000178706,0.999447,0.0206714,0.000924008,-0.000156002,0.00601584,1.92509e-06,2.87595e-07,6.60814e-08,2.92094e-06,0.000178054,8.85302e-05,8.95238e-05,21,0,0.00156873
2023-08-27 00:00:00+00:00,0.000142738,0.99959,0.0204383,0.000166258,-0.000603602,0.00135915,4.3493e-07,1.59522e-07,1.34391e-08,8.99972e-06,0.00013434,0.000192545,-5.82051e-05,21.3125,0,0.00223016
2023-08-28 00:00:00+00:00,-0.000198502,0.999391,0.017347,-0.00104918,-0.00185697,0.0035353,1.13127e-06,1.91468e-07,7.65323e-08,3.47883e-06,-0.000200596,-0.000224025,2.14524e-05,20,0,0.000268661
2023-08-29 00:00:00+00:00,-0.000112574,0.999279,0.0189956,-0.00039909,-0.00142801,0.0138461,4.43063e-06,1.09203e-06,2.00271e-07,3.01084e-06,-0.000109852,0.000322589,-0.000432441,21.5625,0,0.00156855
2023-08-30 00:00:00+00:00,3.2353e-05,0.999311,0.0226053,0.00137623,-0.000316619,0.00335336,1.07308e-06,7.0065e-07,4.15509e-08,3.40253e-06,3.07718e-05,-0.000172455,0.000203227,23.1042,0,0.00231571
2023-08-31 00:00:00+00:00,0.000426746,0.999738,0.0248145,0.000381198,-0.00104174,0.0138319,4.42631e-06,1.32009e-06,2.99472e-07,2.02594e-06,0.000430696,-0.000102668,0.000533364,24.4583,0,0.00314079
2023-09-01 00:00:00+00:00,0.000252587,0.99999,0.0358255,0.000593123,-0.000999818,0.0340482,1.08955e-05,1.86287e-06,4.72607e-07,7.07598e-07,0.000265118,-0.000178682,0.000443799,25.5833,0,0.00384455
2023-09-02 00:00:00+00:00,-0.000622452,0.999368,0.0804033,0.00243944,-0.00182318,0.0577482,1.84793e-05,5.00349e-06,7.19961e-07,4.82763e-06,-0.000603127,-0.000441889,-0.000161238,28.375,0,0.00697054
2023-09-03 00:00:00+00:00,0.000212022,0.99958,0.10364,0.00168159,-0.00300084,0.0139214,4.45479e-06,9.91573e-07,1.63904e-07,6.18107e-06,0.000211662,-9.2071e-05,0.000303733,29,0,0.00746484
2023-09-04 00:00:00+00:00,0.000823245,1.0004,0.119339,0.00671418,-0.000726286,0.0371971,1.19039e-05,2.68703e-06,7.4553e-07,2.1434e-05,0.000817023,0.000674594,0.000141099,28.9792,0,0.00638744
2023-09-05 00:00:00+00:00,-0.000554699,0.999848,0.141959,0.00939101,-0.00220092,0.0361476,1.1567e-05,2.94687e-06,5.5182e-07,3.63862e-05,-0.000575957,0.000523708,-0.00109967,29.7292,0,0.00756996
2023-09-06 00:00:00+00:00,0.000720236,1.00057,0.149863,0.00947698,-0.00161094,0.0201548,6.44982e-06,1.57427e-06,2.40922e-07,3.2214e-05,0.000696204,-0.000125281,0.000821486,30,0,0.00629686
2023-09-07 00:00:00+00:00,0.00224314,1.00281,0.184067,0.0156098,0.00131388,0.0735646,2.35426e-05,3.82871e-06,1.12521e-06,0.000111123,0.00215883,0.00322041,-0.00106158,30,0,0.00859815
2023-09-08 00:00:00+00:00,0.000157429,1.00297,0.215174,0.0162949,0.00495245,0.0346412,1.10854e-05,1.69918e-06,5.393e-07,0.000516588,-0.000345074,-0.00155499,0.00120991,30,0,0.00921811
2023-09-09 00:00:00+00:00,0.000206036,1.00318,0.232672,0.0124684,0.00718088,0.0383597,1.22753e-05,2.06334e-06,3.93159e-07,0.000611661,-0.000389928,-0.00102369,0.000633766,30,0,0.00977496
2023-09-10 00:00:00+00:00,0.00526011,1.00845,0.226079,0.0122329,4.80213e-05,0.100856,3.2289e-05,8.51542e-06,2.19279e-06,0.000737051,0.00455495,-0.00132397,0.00587892,30,0,0.00936556
2023-09-11 00:00:00+00:00,-0.000184246,1.00827,0.254859,0.0220368,0.0141629,0.187055,5.9843e-05,1.63249e-05,9.14397e-06,0.000407949,-0.000505513,-0.00526906,0.00472461,30,0,0.0111336
2023-09-12 00:00:00+00:00,0.00256667,1.01086,0.267355,0.0218859,0.0081951,0.0991208,3.17156e-05,4.83777e-06,2.11326e-06,0.00105937,0.00154445,0.00439482,-0.00285037,30,0,0.0108181
2023-09-13 00:00:00+00:00,0.00148965,1.01236,0.250986,0.020685,0.00481532,0.0741906,2.37435e-05,6.84281e-06,1.38117e-06,0.00118071,0.000344417,0.00278493,-0.00244051,30,0,0.0111915
2023-09-14 00:00:00+00:00,0.00524807,1.01767,0.279418,0.0233403,0.00428281,0.156771,5.0171e-05,2.44502e-05,4.11357e-06,0.00121933,0.00409902,0.00434386,-0.000244843,30,0,0.0138044
2023-09-15 00:00:00+00:00,0.00895787,1.02679,0.364081,0.0166931,-0.000143634,0.139449,4.46377e-05,1.42087e-05,2.90562e-06,0.00141584,0.00756983,0.0114673,-0.00389745,30,0,0.0184125
2023-09-16 00:00:00+00:00,0.0014663,1.0283,0.485393,0.00666874,-0.00251775,0.168627,5.39585e-05,2.07631e-05,4.11993e-06,0.00144271,0.000108499,-0.00173291,0.00184141,30,0,0.0226267
2023-09-17 00:00:00+00:00,-0.00739454,1.02069,0.607383,-0.00573362,-0.000592191,0.260955,8.34799e-05,4.41111e-05,5.73081e-06,0.00137807,-0.00865252,-0.0149478,0.00629526,30,0,0.0262613
2023-09-18 00:00:00+00:00,0.000244089,1.02094,0.727432,-0.00486755,0.0158061,0.330345,0.000105681,7.59034e-05,2.01719e-05,0.000576281,-0.000113185,0.00660269,-0.00661075,30,0,0.0272756
2023-09-19 00:00:00+00:00,0.00820487,1.02932,0.782819,0.0129511,0.0172702,0.168809,5.403e-05,3.65733e-05,3.22562e-06,0.000387858,0.0078865,0.0165978,-0.00871134,30,0,0.0273122
2023-09-20 00:00:00+00:00,0.00723223,1.03676,0.883478,0.0403487,0.0268417,0.354703,0.000113507,5.48161e-05,7.40168e-06,0.000405132,0.00698869,0.000492973,0.00649572,30,0,0.02907
2023-09-21 00:00:00+00:00,-0.00547561,1.03109,1.01767,0.072475,0.0330105,0.379753,0.00012149,3.78356e-05,9.96528e-06,0.000226125,-0.00552263,-0.0194899,0.0139673,30,0,0.0306764
2023-09-22 00:00:00+00:00,-0.0183957,1.01212,1.1032,0.0496723,0.0230394,0.341333,0.000109126,4.58204e-05,9.38508e-06,0.00021312,-0.0185846,0.000575776,-0.0191604,30,0,0.0284499
2023-09-23 00:00:00+00:00,0.00163754,1.01378,1.05277,0.0249027,0.0206292,0.254189,8.13474e-05,2.94717e-05,6.01135e-06,0.000182554,0.00157552,-0.00146992,0.00304544,30,0,0.0237578
2023-09-24 00:00:00+00:00,0.00211721,1.01592,1.09485,0.0188552,0.00841596,0.241895,7.74077e-05,3.01542e-05,5.15025e-06,0.000136628,0.00209975,-0.0071986,0.00929835,30,0,0.0227001
2023-09-25 00:00:00+00:00,0.00708228,1.02312,1.12435,0.0400843,0.0200619,0.303661,9.7204e-05,6.30943e-05,9.55583e-06,0.000160568,0.00707771,0.014635,-0.00758955,30,0,0.0240589
2023-09-26 00:00:00+00:00,0.00607198,1.02933,1.14514,0.0493495,0.0307224,0.250217,8.01288e-05,3.16271e-05,8.21975e-06,0.000176423,0.00601382,0.00324412,0.0027697,30,0,0.0256154
2023-09-27 00:00:00+00:00,0.00953093,1.03914,1.13957,0.0587817,0.0406703,0.351272,0.000112422,4.45904e-05,8.54164e-06,0.000658518,0.00900976,0.00838705,0.000622708,30,0,0.026582
2023-09-28 00:00:00+00:00,-0.0074387,1.03141,1.14072,0.0415626,0.0444014,0.32794,0.000104929,6.01542e-05,8.47836e-06,0.000319975,-0.00759971,0.0101056,-0.0177053,30,0,0.0278305
2023-09-29 00:00:00+00:00,-0.00939636,1.02172,1.00982,0.0208884,0.0321994,0.530957,0.000169911,5.14608e-05,1.37179e-05,0.000126225,-0.0093062,0.00347654,-0.0127827,30,0,0.0264422
2023-09-30 00:00:00+00:00,0.0034969,1.02529,0.874683,0.0175038,0.0158129,0.477921,0.000152921,2.9875e-05,8.44749e-06,0.000324323,0.00336762,0.00463169,-0.00126407,30,0,0.0247848
2023-10-01 00:00:00+00:00,-0.0193727,1.00543,0.98287,-0.0166406,0.00335484,0.477575,0.000152711,3.60941e-05,1.50129e-05,6.16355e-05,-0.0193919,0.0148324,-0.0342243,30,0,0.0241949
2023-10-02 00:00:00+00:00,0.00178188,1.00722,1.00021,-0.0301242,-0.0089258,0.712561,0.000233337,3.70693e-05,5.22492e-05,7.84567e-05,0.00203205,-0.0165323,0.0184382,30,1,0.0215335
2023-10-03 00:00:00+00:00,-0.00272573,1.00447,0.964211,-0.0271804,-0.017212,0.313245,0.00010025,2.54615e-05,6.80987e-06,-5.16203e-05,-0.00253758,-0.00646771,0.00393013,30,0,0.0198075
2023-10-04 00:00:00+00:00,-0.00359459,1.00086,0.955219,-0.0294229,-0.00620521,0.285963,9.15004e-05,3.28412e-05,6.65127e-06,-2.80582e-05,-0.00343655,-0.00493015,0.00149361,30,0,0.018328
2023-10-05 00:00:00+00:00,0.003879,1.00475,0.91881,-0.0126125,-0.00598349,0.282139,9.03002e-05,1.29296e-05,7.36094e-06,-7.45279e-05,0.00406293,-0.00569798,0.00976091,30,0,0.0170712
2023-10-06 00:00:00+00:00,-0.00347161,1.00126,0.9369,0.00549909,-0.00692951,0.370494,0.000118552,2.07338e-05,5.63266e-06,-0.000105048,-0.00322274,0.00796536,-0.0111881,30,0,0.0183537
2023-10-07 00:00:00+00:00,0.00102222,1.00228,0.914525,0.0174026,-0.00849736,0.209137,6.6928e-05,1.33708e-05,3.84321e-06,-5.1082e-05,0.0011611,-0.00307861,0.0042397,30,0,0.017173
2023-10-08 00:00:00+00:00,-0.00177487,1.0005,0.881065,0.0119861,-0.00807438,0.0914473,2.92622e-05,6.76194e-06,9.84687e-07,-1.21131e-06,-0.00173459,-0.00388435,0.00214976,30,0,0.0157463
2023-10-09 00:00:00+00:00,0.00271438,1.00322,0.79553,0.0247636,-0.0018342,0.205253,6.56923e-05,1.44445e-05,6.01489e-06,1.73725e-05,0.00278439,-0.0141054,0.016945,30,0,0.0143665
2023-10-10 00:00:00+00:00,-0.00346403,0.999743,0.760927,0.0225332,-0.00275134,0.072719,2.32671e-05,9.22677e-06,1.24745e-06,0.000216713,-0.003649,-0.00555705,0.00190805,30,0,0.0141056
2023-10-11 00:00:00+00:00,-0.00599442,0.99375,0.739191,0.0247333,0.00156606,0.0907866,2.90466e-05,9.46848e-06,1.12794e-06,6.09852e-05,-0.00602967,-0.00626306,0.000233388,30,0,0.0119225
2023-10-12 00:00:00+00:00,-0.00129039,0.992468,0.690061,0.0164801,0.00337591,0.0912609,2.92033e-05,7.69544e-06,1.17987e-06,9.5565e-06,-0.00126011,-0.00502524,0.00376513,30,0,0.00679146
2023-10-13 00:00:00+00:00,-7.83016e-05,0.99239,0.636788,0.00550431,0.00103963,0.0716811,2.29378e-05,8.54307e-06,1.0192e-06,2.13452e-05,-6.57917e-05,0.00307271,-0.0031385,30,0,0.00526681
2023-10-14 00:00:00+00:00,-0.00134701,0.991054,0.614708,-0.00467653,-0.0036352,0.0451804,1.44566e-05,4.33637e-06,4.86214e-07,4.31713e-05,-0.0013708,0.00065381,-0.00202461,30,0,0.00492779
2023-10-15 00:00:00+00:00,-0.0028202,0.988259,0.599429,-0.0110825,-0.00675071,0.0377481,1.36724e-05,4.47205e-06,1.86913e-06,3.15408e-05,-0.00283265,0.000498659,-0.00333131,30,1,0.00134575
2023-10-16 00:00:00+00:00,-0.00108989,0.987182,0.497682,-0.0086389,-0.0103298,0.131868,4.21686e-05,2.45851e-05,1.13296e-05,1.23466e-05,-0.00102286,0.00515772,-0.00621691,28.2292,0,0.00106862
2023-10-17 00:00:00+00:00,-0.000226736,0.986958,0.467323,0.000519473,-0.00514515,0.0508612,1.62785e-05,5.85146e-06,1.52409e-06,5.19008e-06,-0.000207289,-0.00554275,0.00533546,29,0,0.00229739
2023-10-18 00:00:00+00:00,-0.000859126,0.98611,0.4505,0.00307294,-0.00191364,0.0644971,2.06385e-05,7.69783e-06,1.10556e-06,7.12577e-06,-0.000836391,-0.0026885,0.00185211,29,0,0.00588626
2023-10-19 00:00:00+00:00,0.0029204,0.98899,0.461043,0.00946672,-0.000603729,0.0662177,2.11963e-05,1.1615e-05,1.30533e-06,-2.11374e-06,0.00295562,0.00310986,-0.000154234,29,0,0.00798958
2023-10-20 00:00:00+00:00,7.22136e-05,0.989061,0.447136,0.00731098,-0.00386207,0.0699721,2.23927e-05,9.96128e-06,1.6586e-06,-2.03586e-05,0.000127896,0.00549813,-0.00537023,29,0,0.00817064
2023-10-21 00:00:00+00:00,0.00141541,0.990461,0.438705,0.00809237,-0.00574307,0.050125,1.67244e-05,1.03813e-05,1.18189e-06,-1.14446e-05,0.00145608,0.00740486,-0.00594878,29,1,0.00848009
2023-10-22 00:00:00+00:00,-0.000274287,0.990189,0.434522,0.0103097,-0.00811915,0.0335163,1.0727e-05,4.62989e-06,8.1175e-07,-1.0158e-05,-0.000246375,0.00445444,-0.00470082,29.2708,0,0.00682282
2023-10-23 00:00:00+00:00,0.00295675,0.993117,0.405964,0.0221248,0.00722806,0.141646,4.642e-05,2.01849e-05,6.65575e-06,2.74054e-05,0.00300068,0.0134697,-0.0103891,29.6042,1,0.00630145
2023-10-24 00:00:00+00:00,-0.00171822,0.991411,0.357233,0.016178,0.00323054,0.112977,3.61644e-05,7.25665e-06,3.7207e-06,0.000130941,-0.00179928,0.00103364,-0.00283292,30,0,0.00662721
2023-10-25 00:00:00+00:00,0.00195185,0.993346,0.31539,0.00983131,0.000738235,0.0733161,2.45068e-05,3.53056e-06,2.75112e-06,0.000689673,0.00129322,0.00511721,-0.00382399,29.6458,1,0.00467386
2023-10-26 00:00:00+00:00,0.00131832,0.994655,0.23954,0.012044,0.00362884,0.10465,3.81679e-05,6.64761e-06,3.92596e-06,0.000475262,0.000893021,0.00170566,-0.000812642,29.8542,2,0.00550173
2023-10-27 00:00:00+00:00,-0.00174111,0.992924,0.228112,0.00903077,0.00237158,0.0214852,6.87369e-06,1.23657e-06,4.65499e-07,0.000139645,-0.00187218,-0.00355628,0.0016841,30,0,0.00565669
2023-10-28 00:00:00+00:00,-0.00128386,0.991649,0.219166,0.00554926,0.00267345,0.027581,8.8257e-06,1.51181e-06,3.8896e-07,2.58314e-05,-0.00129885,0.00118524,-0.00248409,30,0,0.00431827
2023-10-29 00:00:00+00:00,0.000145693,0.991793,0.205496,0.00274338,0.00313182,0.021232,6.79318e-06,1.214e-06,4.41614e-07,3.51933e-05,0.000119696,0.00159552,-0.00147582,30,0,0.00393551
2023-10-30 00:00:00+00:00,0.00277161,0.994542,0.193789,0.0062953,0.0067471,0.0487318,1.55939e-05,2.63842e-06,1.49938e-06,0.0001506,0.00263801,0.00310445,-0.000528648,29.5,0,0.00390696
2023-10-31 00:00:00+00:00,0.000167524,0.994709,0.171766,0.00649086,0.00541353,0.040659,1.4419e-05,3.34901e-06,1.15192e-06,0.000130574,5.65322e-05,-0.000786635,0.000843167,30,1,0.00297285
2023-11-01 00:00:00+00:00,0.000499051,0.995205,0.158116,0.00649475,0.00480097,0.0230872,7.38832e-06,2.33292e-06,2.8886e-07,1.54455e-05,0.000493887,0.00278796,-0.00229407,30,0,0.00237465
2023-11-02 00:00:00+00:00,0.000921923,0.996123,0.150931,0.00713074,0.00262877,0.0579367,1.85413e-05,9.39891e-06,1.4229e-06,2.33122e-05,0.000928632,-0.000969771,0.0018984,30,0,0.00408804
2023-11-03 00:00:00+00:00,-0.000115293,0.996008,0.133332,0.00193145,-0.000116394,0.0234614,7.5079e-06,5.1137e-06,3.16201e-07,6.06604e-06,-0.000108109,0.000869342,-0.000977451,30,0,0.00486248
2023-11-04 00:00:00+00:00,-0.00113058,0.994882,0.14003,0.00338968,0.00146324,0.0364853,1.16742e-05,3.68602e-06,5.47289e-07,7.38579e-06,-0.00112236,0.00131396,-0.00243632,30,0,0.00487086
2023-11-05 00:00:00+00:00,0.0010628,0.995939,0.14499,0.00388943,0.00177997,0.0741971,2.59782e-05,1.01084e-05,1.97774e-06,8.992e-06,0.00109183,0.00185366,-0.000761832,29.9583,1,0.00564964
2023-11-06 00:00:00+00:00,0.00101031,0.996945,0.155076,0.0128051,0.00688506,0.0876764,2.80889e-05,6.35222e-06,2.5272e-06,1.63475e-05,0.00103111,0.00342389,-0.00239481,29.3958,1,0.00665784
2023-11-07 00:00:00+00:00,-0.00191924,0.995032,0.179995,0.0113817,0.00529858,0.0355848,1.13863e-05,2.15589e-06,4.02355e-07,9.81175e-05,-0.00200453,-0.00244698,0.000442448,30,0,0.00509645
2023-11-08 00:00:00+00:00,-0.00146526,0.993574,0.170907,0.00841824,0.00505673,0.0346962,1.17772e-05,3.27082e-06,9.63946e-07,0.000220438,-0.00166926,0.00265201,-0.00432127,29.9792,1,0.00283117
2023-11-09 00:00:00+00:00,-0.00114657,0.992435,0.121728,0.0054899,0.00409247,0.0703199,2.32201e-05,1.31047e-05,2.56091e-06,0.00012643,-0.00123255,0.000626334,-0.00185888,29.1667,2,0.000848268
2023-11-10 00:00:00+00:00,-0.00175246,0.990696,0.0959686,0.00347714,0.00353743,0.0174214,6.08256e-06,3.69674e-06,5.53493e-07,-4.83369e-06,-0.00173827,0.000560315,-0.00229858,27.9375,1,0.000110878
2023-11-11 00:00:00+00:00,-0.00032819,0.99037,0.08422,0.00227392,0.0043403,0.0145003,5.23375e-06,2.2205e-06,4.69835e-07,-5.4144e-06,-0.000314451,-0.000311779,-2.67185e-06,26.8125,2,0
2023-11-12 00:00:00+00:00,0.00133906,0.991697,0.0787329,0.00291019,0.00438752,0.0036834,1.17883e-06,3.30777e-07,6.53537e-08,-1.33824e-05,0.00135335,0.00125198,0.000101378,26,0,0
2023-11-13 00:00:00+00:00,-0.000542086,0.991159,0.0629629,0.00147749,0.00273808,0.0187688,6.00606e-06,3.55038e-06,1.02818e-06,-4.30494e-06,-0.000527106,-0.00105233,0.000526267,23,0,7.89853e-05
2023-11-14 00:00:00+00:00,7.27279e-05,0.991231,0.0566718,0.000194488,0.0020384,0.0012856,4.11422e-07,5.14277e-08,1.87903e-08,3.16016e-07,7.29929e-05,-0.00037521,0.000448203,23,0,8.55506e-06
2023-11-15 00:00:00+00:00,-0.000189161,0.991044,0.0571516,-0.000110369,0.00217424,0.000242091,7.74668e-08,9.68335e-09,2.52911e-09,1.83674e-06,-0.000190849,0.00136685,-0.0015577,23,0,0
2023-11-16 00:00:00+00:00,0.00027074,0.991312,0.0557844,-8.88833e-05,0.00192471,0.00684794,2.19141e-06,9.42007e-07,8.17948e-08,-4.99371e-06,0.000279085,-0.00102514,0.00130423,23,0,0
2023-11-17 00:00:00+00:00,-0.000631106,0.990686,0.0526736,0.000353553,0.00250467,0.000728374,2.33081e-07,1.42207e-07,1.01551e-08,-1.54564e-06,-0.000629328,-0.000474592,-0.000154735,23,0,0
2023-11-18 00:00:00+00:00,0.000410667,0.991093,0.051975,1.20693e-05,0.00215646,0.000310083,9.92184e-08,4.59614e-08,1.828e-09,-2.69487e-07,0.000411032,1.45223e-06,0.00040958,23,0,0
2023-11-19 00:00:00+00:00,-0.000151133,0.990943,0.0526975,4.94459e-05,0.00231071,0,0,0,0,-5.25825e-07,-0.000150581,0.000568951,-0.000719532,23,0,0
2023-11-20 00:00:00+00:00,-0.000376416,0.99057,0.0538999,0.000343528,0.00224312,0.00221618,7.09138e-07,1.01709e-07,2.85413e-08,2.2432e-07,-0.000375811,-0.000454901,7.90231e-05,23,0,0
2023-11-21 00:00:00+00:00,-8.07446e-05,0.99049,0.0524591,-0.00107196,0.000811409,0.00575585,1.84187e-06,3.1143e-07,9.19687e-08,1.5385e-07,-7.85756e-05,-0.00185395,0.00177537,23,0,0
2023-11-22 00:00:00+00:00,4.16679e-05,0.990532,0.0523964,-0.00123247,0.00016321,0.000326442,1.04468e-07,1.30585e-08,3.98747e-09,-5.84347e-06,4.76634e-05,0.00168935,-0.00164168,23,0,0
2023-11-23 00:00:00+00:00,6.83404e-05,0.990599,0.0551109,-0.00172497,-8.98713e-05,0.00139165,4.45328e-07,5.56661e-08,2.09951e-08,-1.18412e-06,7.00949e-05,0.000264154,-0.000194059,23.875,0,0
2023-11-24 00:00:00+00:00,-0.000495415,0.990109,0.0556612,-0.00145679,-0.0001037,0.00121275,3.8808e-07,4.851e-08,1.87422e-08,1.05593e-06,-0.000496074,0.000227668,-0.000723742,24,0,0
2023-11-25 00:00:00+00:00,-0.00035961,0.989752,0.0538669,0.000444144,0.00175342,0.0024088,1.1428e-06,2.8895e-07,2.14012e-07,1.88326e-06,-0.000359835,0.000371281,-0.000731116,22.6042,2,0
2023-11-26 00:00:00+00:00,-0.000193746,0.989561,0.0534401,0.000464967,0.00171667,0,0,0,0,1.11167e-06,-0.000194849,-0.000484738,0.000289888,22,0,0
2023-11-27 00:00:00+00:00,-1.00845e-05,0.989551,0.0500204,0.0007063,0.0018134,0.00246139,7.8763e-07,7.76273e-07,6.10527e-08,-3.86885e-07,-8.03767e-06,-0.000507905,0.000506906,20,0,0
2023-11-28 00:00:00+00:00,5.35843e-05,0.989604,0.0499762,0.000524477,0.0016295,0.000227248,7.27195e-08,9.08994e-09,1.94242e-09,-1.45901e-07,5.38369e-05,0.000281409,-0.000227572,20,0,6.96626e-06
2023-11-29 00:00:00+00:00,6.12753e-05,0.989664,0.0502392,0.00045654,0.00139667,0,0,0,0,-2.06454e-07,6.15036e-05,-0.000216296,0.0002778,20,0,2.51073e-05
2023-11-30 00:00:00+00:00,0.000163233,0.989826,0.0499247,0.00046887,0.00138582,0,0,0,0,9.0907e-07,0.000162335,9.24314e-05,6.99039e-05,20,0,0
2023-12-01 00:00:00+00:00,-6.92636e-05,0.989757,0.0508155,0.000533548,0.00176839,0,0,0,0,3.83649e-07,-6.96224e-05,0.000497088,-0.000566711,20,0,0.00034809
2023-12-02 00:00:00+00:00,0.000488712,0.990241,0.0516646,0.000782991,0.00215062,0.000224327,7.17917e-08,8.97396e-09,9.8353e-11,-8.15528e-07,0.000489525,0.00105288,-0.000563359,20,0,8.00374e-05
2023-12-03 00:00:00+00:00,-0.000282444,0.989961,0.0522432,0.00101085,0.00218225,0,0,0,0,7.87214e-07,-0.000283235,-8.25392e-05,-0.000200695,20,0,0.000100447
2023-12-04 00:00:00+00:00,-0.000305932,0.989659,0.0430625,0.0043066,0.00363351,0.0151227,4.83932e-06,1.25848e-06,3.41903e-07,7.46043e-07,-0.000300194,0.000599634,-0.000889016,17.9792,0,0.0015603
2023-12-05 00:00:00+00:00,-0.000535851,0.989128,0.0350568,0.00329953,0.00396015,0.0264772,1.02334e-05,2.0806e-06,5.13633e-07,-1.48937e-06,-0.000521608,0.000212228,-0.000733836,18.3333,3,0.00347825
2023-12-06 00:00:00+00:00,-0.000168681,0.988961,0.0371436,0.00349962,0.00371243,0.0125573,4.01832e-06,1.08235e-06,1.81854e-07,-4.09589e-06,-0.00015925,-0.000195349,3.60994e-05,24.9583,0,0.00459359
2023-12-07 00:00:00+00:00,0.00020018,0.989159,0.0390551,0.00271152,0.00343406,0.0122768,3.92863e-06,9.59322e-07,1.9884e-07,-1.19953e-06,0.000206522,0.000956137,-0.000749615,26,0,0.00469284
2023-12-08 00:00:00+00:00,0.000190103,0.989347,0.0416956,0.00166911,0.00310182,0.0172926,5.6302e-06,1.96439e-06,3.54503e-07,1.00211e-05,0.00018809,0.00130518,-0.00111709,26.8125,1,0.00457041
2023-12-09 00:00:00+00:00,0.000392594,0.989736,0.0425133,0.000815906,0.00266175,0.012866,4.11731e-06,9.57978e-07,2.14551e-07,4.08034e-06,0.000393868,-1.78178e-05,0.000411686,27,0,0.00363386
2023-12-10 00:00:00+00:00,0.000414804,0.990146,0.0475176,-0.000378874,0.00100521,0.0133165,4.26128e-06,7.28661e-07,2.35251e-07,-5.26863e-07,0.000420535,0.000797053,-0.000376519,27.7708,0,0.00386032
2023-12-11 00:00:00+00:00,-0.000375977,0.989774,0.0497743,0.000819063,0.00207515,0.0311864,9.97988e-06,2.08678e-06,1.07196e-06,-9.26786e-07,-0.00036183,-0.0018289,0.00148607,27.2708,0,0.00421758
2023-12-12 00:00:00+00:00,-0.000120231,0.989655,0.0518883,0.00148658,0.00292592,0.00756764,2.42166e-06,1.70907e-06,1.18402e-07,-4.89196e-06,-0.000110985,0.000443916,-0.000554901,28.875,0,0.00311603
2023-12-13 00:00:00+00:00,0.000749107,0.990396,0.0474336,0.000647021,0.00210871,0.00440937,1.41092e-06,6.70874e-07,7.26941e-08,-4.11958e-06,0.000755208,0.0007804,-2.51926e-05,30,0,0.00132652
2023-12-14 00:00:00+00:00,-0.000170381,0.990228,0.0475337,0.000943269,0.00256447,0.000970583,3.10579e-07,1.49306e-07,6.60211e-09,-1.37844e-06,-0.00016846,0.000355842,-0.000524301,30,0,0.00164778
2023-12-15 00:00:00+00:00,-0.000282063,0.989948,0.0468993,0.000730851,0.00182079,0.000980761,3.13836e-07,3.92295e-08,1.16281e-08,-3.39666e-06,-0.000278279,-0.00168784,0.00140956,30,0,0.00223208
2023-12-16 00:00:00+00:00,-0.000908535,0.989049,0.044967,0.00232068,0.0026457,0.0093293,3.21223e-06,2.49915e-06,4.22834e-07,2.34855e-06,-0.000904978,0.000869764,-0.00177709,29.6667,1,0.003066
2023-12-17 00:00:00+00:00,-0.000313367,0.988739,0.0422924,0.00340293,0.00313264,0.00116825,3.73826e-07,2.35952e-07,1.736e-08,3.43327e-07,-0.000313068,-0.000811968,0.000498899,29,0,0.00234342
2023-12-18 00:00:00+00:00,0.000457191,0.989191,0.0365964,0.000173919,0.000267665,0.0172421,5.51768e-06,3.24924e-06,3.06434e-07,9.72347e-07,0.000465229,0.000165307,0.000307155,28.375,0,0.00260324
2023-12-19 00:00:00+00:00,-0.00020322,0.98899,0.0441164,-0.000859506,0.000730998,0.00770366,2.46518e-06,6.45321e-07,1.0544e-07,-1.97493e-06,-0.000198012,-0.000573924,0.000375913,30,0,0.00339931
2023-12-20 00:00:00+00:00,-2.41298e-05,0.988966,0.0463556,-0.000186803,0.000986122,0.00641083,2.05146e-06,3.50707e-07,8.20875e-08,-3.14212e-06,-1.84445e-05,0.000787023,-0.000805468,30,0,0.00352973
2023-12-21 00:00:00+00:00,-0.000118954,0.988849,0.0489322,0.00300328,0.00266364,0.0157859,5.05146e-06,1.94393e-06,1.67732e-07,5.41908e-06,-0.000117137,0.00108098,-0.00119811,30,0,0.00484025
2023-12-22 00:00:00+00:00,0.000612191,0.989454,0.0495486,0.00172876,0.00112404,0.0109719,3.51115e-06,7.28879e-07,1.91745e-07,1.18293e-05,0.000604769,0.00101326,-0.000408496,30,0,0.00346874
2023-12-23 00:00:00+00:00,0.000241732,0.989693,0.0469514,0.00157182,0.000803557,0.00555805,1.77862e-06,1.31502e-06,5.83552e-08,5.81105e-06,0.000239138,0.000389216,-0.000150078,30,0,0.00285975
2023-12-24 00:00:00+00:00,-3.08873e-05,0.989663,0.0541464,0.00193095,0.000847952,0.00900165,2.88054e-06,1.90875e-06,9.70638e-08,1.012e-05,-3.59671e-05,-0.000426353,0.000390386,30,0,0.00424166
2023-12-25 00:00:00+00:00,0.000275067,0.989935,0.0550161,0.00467419,0.00298721,0.0167507,5.35996e-06,3.60701e-06,5.7991e-07,6.78416e-06,0.000277945,0.00132108,-0.00102478,28.9167,0,0.00426556
2023-12-26 00:00:00+00:00,0.000691361,0.990619,0.0543404,0.00384719,0.00186439,0.0239907,7.67758e-06,3.04973e-06,3.66465e-07,6.95539e-06,0.000695436,1.56398e-05,0.000679796,29,0,0.00465734
2023-12-27 00:00:00+00:00,0.000776241,0.991388,0.0710284,0.00312905,0.00172987,0.0445458,1.47931e-05,6.27969e-06,8.95634e-07,-2.42518e-07,0.000798474,0.00130699,-0.000508515,29,1,0.00649497
2023-12-28 00:00:00+00:00,0.00188069,0.993253,0.115521,0.00362607,-0.000518558,0.0600124,1.9205e-05,1.09708e-05,9.23192e-07,9.07844e-05,0.00181977,-0.000820539,0.00264031,29,0,0.00901443
2023-12-29 00:00:00+00:00,0.00257181,0.995807,0.168359,0.0111547,-0.000166206,0.0760476,2.43372e-05,1.88547e-05,1.03233e-06,0.000516909,0.00209716,0.000878938,0.00121822,29.7292,0,0.0116286
2023-12-30 00:00:00+00:00,0.0025066,0.998303,0.211709,0.0178096,-0.00148662,0.0473587,1.51563e-05,1.43984e-05,7.10878e-07,0.00113286,0.00140297,0.000774483,0.000628484,30,0,0.0153016
2023-12-31 00:00:00+00:00,0.00975005,1.00804,0.24979,0.0143002,-0.00156414,0.109879,3.51582e-05,2.78602e-05,4.0312e-06,0.00233506,0.00750492,0.00571674,0.00178818,30,0,0.0180547
2024-01-01 00:00:00+00:00,-0.000518357,1.00751,0.313936,0.0155795,0.00626542,0.217286,6.95209e-05,4.49616e-05,1.42027e-05,0.000184039,-0.000565079,0.00793267,-0.0085311,29.9792,0,0.0177235
2024-01-02 00:00:00+00:00,0.000778463,1.0083,0.325435,0.0372303,0.0106546,0.0784556,2.51074e-05,6.94618e-06,1.41401e-06,5.33352e-05,0.000763163,-0.00346721,0.00423037,30,0,0.0160873
2024-01-03 00:00:00+00:00,0.00392489,1.01226,0.29557,0.0368305,0.00898347,0.260923,8.35062e-05,2.43142e-05,7.52158e-06,3.91008e-05,0.00400076,-0.00872405,0.0127248,30,0,0.0169229
2024-01-04 00:00:00+00:00,0.00904354,1.02141,0.400413,0.0171011,0.0035284,0.32086,0.0001027,2.98969e-05,1.44406e-05,4.29185e-05,0.00912011,0.0150767,-0.00595655,30,0,0.0191509
2024-01-05 00:00:00+00:00,-0.00158843,1.01979,0.565752,0.0184299,0.00244876,0.342606,0.000109634,2.95283e-05,1.19434e-05,4.89283e-05,-0.00147894,-0.00763147,0.00615253,30,0,0.0220819
2024-01-06 00:00:00+00:00,0.000709543,1.02051,0.623389,0.0264628,0.00222974,0.278386,8.90941e-05,2.1427e-05,7.41833e-06,0.000100283,0.000737702,-0.0105441,0.0112818,30,0,0.0229359
2024-01-07 00:00:00+00:00,0.00456745,1.02517,0.669945,0.0307779,0.000858436,0.318881,0.000102053,2.27068e-05,7.90359e-06,8.74802e-05,0.00460875,-0.010709,0.0153177,30,0,0.0242557
2024-01-08 00:00:00+00:00,0.00321286,1.02847,0.670582,0.0435429,-0.00441579,1.27808,0.000408761,0.000149653,0.00013078,8.03708e-05,0.00386393,0.025666,-0.021198,30,0,0.0268306
2024-01-09 00:00:00+00:00,0.00258939,1.03113,0.661502,0.0424941,0.00159323,0.462481,0.000147965,4.25564e-05,1.20078e-05,-7.15102e-06,0.0028252,-0.0137042,0.0165294,30,0,0.0289528
2024-01-10 00:00:00+00:00,-0.00861481,1.02225,0.752305,0.0545477,0.00595365,0.386531,0.000123643,8.87245e-05,1.13051e-05,-1.69337e-05,-0.00837622,0.0234014,-0.0317776,30,0,0.030069
2024-01-11 00:00:00+00:00,0.00740885,1.02982,0.785797,0.0320375,0.00308119,0.473159,0.000151443,0.00010903,1.62899e-05,-1.70182e-05,0.00772149,0.0172716,-0.00955006,30,0,0.0297263
2024-01-12 00:00:00+00:00,0.00980548,1.03992,0.746225,0.0123426,0.000933327,0.302675,9.68821e-05,9.30946e-05,9.20482e-06,5.79385e-06,0.00996759,-0.0112485,0.0212161,30,0,0.0298262
2024-01-13 00:00:00+00:00,-0.00272464,1.03708,0.791917,0.00539496,-0.00603924,0.252196,8.06993e-05,0.000116611,7.72355e-06,-1.10217e-05,-0.00249597,0.00602778,-0.00852375,30,0,0.0313841
2024-01-14 00:00:00+00:00,-0.00207152,1.03494,0.837121,0.000876859,-0.00652112,0.191394,6.12412e-05,8.69279e-05,4.54499e-06,-9.38863e-06,-0.00190301,-0.0168486,0.0149455,30,0,0.0299361
2024-01-15 00:00:00+00:00,-0.00837749,1.02627,0.893669,-0.00131725,0.0087196,0.594286,0.000190082,0.000194122,5.33596e-05,-3.72758e-05,-0.00792089,0.00407867,-0.0122809,30,0,0.0270814
2024-01-16 00:00:00+00:00,0.00665773,1.0331,0.911978,0.00621353,0.0162718,0.331922,0.000106243,0.00010511,5.67775e-06,-8.84761e-05,0.00695127,0.00765151,-0.000700237,30,0,0.0255263
2024-01-17 00:00:00+00:00,-0.00776701,1.02507,0.818141,0.0283196,0.0247767,0.287304,9.19192e-05,6.45319e-05,4.3294e-06,-1.6079e-05,-0.00760751,-0.00658113,-0.00102638,30,0,0.023996
2024-01-18 00:00:00+00:00,0.00449672,1.02968,0.750775,0.0267255,0.0241462,0.250466,8.0158e-05,8.3471e-05,4.14795e-06,-5.52494e-06,0.00466592,-0.0168564,0.0215223,30,0,0.0218546
2024-01-19 00:00:00+00:00,0.00144986,1.03118,0.787873,0.0244584,0.0101456,0.343958,0.000110074,8.11837e-05,6.21092e-06,5.14657e-05,0.00159819,0.000955803,0.000642385,30,0,0.0221897
2024-01-20 00:00:00+00:00,-0.00756164,1.02338,0.931054,0.0114166,0.00450135,0.206638,6.60961e-05,3.56322e-05,3.86173e-06,7.27499e-05,-0.00755144,-0.00245323,-0.00509821,30,0,0.021724
2024-01-21 00:00:00+00:00,0.00110802,1.02451,0.828981,0.0226496,0.00256899,0.158309,5.06605e-05,3.11889e-05,2.17617e-06,8.24498e-05,0.00111262,-0.00395499,0.00506761,30,0,0.0189728
2024-01-22 00:00:00+00:00,-0.0030516,1.02139,0.773199,0.0436877,0.0181076,0.373102,0.00011942,7.82789e-05,1.69277e-05,0.000131926,-0.00296906,-0.0244355,0.0214345,30,0,0.0190258
2024-01-23 00:00:00+00:00,-0.0046503,1.01664,0.742465,0.050537,0.00520644,0.327003,0.000104621,6.63175e-05,1.0336e-05,0.000146046,-0.00461643,-0.00494382,0.000327398,30,0,0.0187986
2024-01-24 00:00:00+00:00,-0.00208992,1.01451,0.725926,0.0547879,0.00434148,0.188493,6.03199e-05,3.8612e-05,4.34454e-06,0.000131226,-0.00211263,0.00291309,-0.00502572,30,0,0.0171267
2024-01-25 00:00:00+00:00,0.000497023,1.01502,0.658224,0.0445086,0.00717101,0.207748,6.64888e-05,5.02613e-05,4.03205e-06,3.95092e-05,0.000583481,-0.00531202,0.0058955,30,0,0.0148879
2024-01-26 00:00:00+00:00,-0.00356599,1.0114,0.583324,0.016354,0.00678299,0.184067,5.88888e-05,2.42064e-05,2.28913e-06,3.60661e-05,-0.00352028,0.0119911,-0.0155114,30,0,0.0128937
2024-01-27 00:00:00+00:00,0.00103872,1.01245,0.52092,0.00979059,0.00702203,0.0818527,2.61948e-05,1.64943e-05,1.44606e-06,5.08184e-05,0.0010331,0.00322127,-0.00218817,30,0,0.0107204
2024-01-28 00:00:00+00:00,0.00151757,1.01398,0.463333,0.0185228,0.00841771,0.0794998,2.54397e-05,1.15991e-05,1.12547e-06,3.30983e-05,0.00152404,-0.000737665,0.0022617,30,0,0.0115584
2024-01-29 00:00:00+00:00,-0.00271636,1.01123,0.42984,0.0208338,0.0073386,0.224341,7.17922e-05,4.62525e-05,9.82978e-06,1.84582e-05,-0.00260774,0.00865508,-0.0113299,30,0,0.0126325
2024-01-30 00:00:00+00:00,-0.00138514,1.00983,0.393588,0.0114661,0.00247015,0.0990493,3.16929e-05,1.79066e-05,1.50362e-06,1.50392e-05,-0.00134766,-0.00218338,0.000835715,30,0,0.0120556
2024-01-31 00:00:00+00:00,-0.000474186,1.00935,0.330323,0.00262274,-0.000240799,0.066811,2.13796e-05,6.37329e-06,6.79496e-07,2.5634e-05,-0.000469432,-0.00605812,0.00558869,30,0,0.00987575
2024-02-01 00:00:00+00:00,0.000657915,1.01001,0.322187,-0.00807642,0.00107356,0.068996,2.20774e-05,5.94977e-06,8.5661e-07,4.38298e-05,0.000644872,0.00202639,-0.00138152,30,0,0.0087895
2024-02-02 00:00:00+00:00,0.00164471,1.01168,0.339703,-0.0137262,0.0016715,0.0657905,2.10533e-05,1.29011e-05,1.0442e-06,5.3e-05,0.00162777,0.00268212,-0.00105435,30,0,0.0108926
2024-02-03 00:00:00+00:00,-0.000825979,1.01084,0.353433,-0.0194057,-4.8552e-05,0.0559564,1.79005e-05,9.48468e-06,9.09986e-07,5.06286e-05,-0.000846716,-0.00208853,0.00124182,30,0,0.0113907
2024-02-04 00:00:00+00:00,0.00329683,1.01417,0.340532,-0.0169025,-0.00266675,0.0624387,1.99826e-05,6.04371e-06,6.91183e-07,4.57673e-05,0.00327356,-0.00216764,0.0054412,30,0,0.0112053
2024-02-05 00:00:00+00:00,-0.00143538,1.01272,0.34233,-0.00815538,-0.0104255,0.121446,3.8865e-05,1.17474e-05,3.82906e-06,2.25979e-05,-0.00140219,0.00106384,-0.00234884,30,0,0.0130379
2024-02-06 00:00:00+00:00,-0.000607646,1.0121,0.354328,-0.00539342,-0.0103074,0.0440538,1.40971e-05,6.9032e-06,4.83702e-07,6.33822e-05,-0.000648334,-0.000129703,-0.000518631,30,0,0.0122514
2024-02-07 00:00:00+00:00,0.00106265,1.01318,0.359655,-0.00421915,-0.00282342,0.100063,3.20196e-05,1.13725e-05,1.79177e-06,5.39966e-05,0.001055,0.00589013,-0.00483513,30,0,0.0114483
2024-02-08 00:00:00+00:00,0.000404086,1.01359,0.372156,0.00298378,-0.00168276,0.0899295,2.87773e-05,7.36527e-06,1.15543e-06,5.35067e-05,0.000390754,0.0019316,-0.00154085,30,0,0.0121186
2024-02-09 00:00:00+00:00,-0.00385772,1.00968,0.39608,0.00175428,0.000184612,0.095889,3.06818e-05,5.47725e-06,1.07416e-06,7.11885e-05,-0.00389594,0.00444765,-0.00834359,30,0,0.0130876
2024-02-10 00:00:00+00:00,0.00228679,1.01199,0.39469,0.00195153,-0.00155752,0.0530219,1.69687e-05,5.47244e-06,6.46326e-07,6.95639e-05,0.00224066,0.00201263,0.000228023,30,0,0.0121588
2024-02-11 00:00:00+00:00,-0.000918218,1.01106,0.407544,-0.000297491,-0.0106501,0.059707,1.91061e-05,5.17353e-06,7.66004e-07,0.000116084,-0.00100811,-0.00098363,-2.44799e-05,30,0,0.012303
2024-02-12 00:00:00+00:00,-0.00461321,1.00639,0.376057,-0.0129665,-0.0174725,0.126164,4.03464e-05,1.00612e-05,8.96808e-06,0.000137661,-0.00469557,0.00647207,-0.0111718,29,0,0.0108421
2024-02-13 00:00:00+00:00,0.000928832,1.00733,0.362437,-0.00729537,-0.0088883,0.0290034,9.28265e-06,3.62759e-06,4.44584e-07,9.48561e-05,0.00084912,-0.0021309,0.00298002,29.5208,0,0.00914124
2024-02-14 00:00:00+00:00,-0.000967581,1.00635,0.346164,-0.00328018,-0.00404053,0.0529907,1.73764e-05,5.00706e-06,1.3638e-06,6.04992e-05,-0.00100347,0.00550282,-0.00650629,29.8542,1,0.00856841
2024-02-15 00:00:00+00:00,0.000523078,1.00688,0.303261,-0.00455907,-0.0041623,0.107055,3.53245e-05,9.41137e-06,2.65546e-06,6.21952e-05,0.000511266,0.00193491,-0.00142365,29.8542,1,0.00911602
2024-02-16 00:00:00+00:00,-0.00290994,1.00395,0.283975,-0.00062758,-0.00444896,0.0495416,1.585e-05,5.27258e-06,7.95892e-07,4.30396e-05,-0.00293344,-0.00258308,-0.000350369,30,0,0.0100414
2024-02-17 00:00:00+00:00,-0.00113278,1.00281,0.276078,0.00304922,-0.00407457,0.0400079,1.2803e-05,4.09938e-06,5.8771e-07,3.34148e-05,-0.00114801,-0.00125782,0.000109808,30,0,0.00877396
2024-02-18 00:00:00+00:00,0.000970137,1.00378,0.269718,0.00735174,-0.00058918,0.0366119,1.17174e-05,3.70294e-06,5.00825e-07,5.55643e-05,0.000931534,0.00325328,-0.00232175,30,0,0.00710763
2024-02-19 00:00:00+00:00,0.00296986,1.00677,0.249014,0.0163295,0.00445545,0.102591,3.31049e-05,5.5084e-06,2.64747e-06,-1.10663e-05,0.00301895,0.00227624,0.000737899,28.875,1,0.00803949
2024-02-20 00:00:00+00:00,0.00201945,1.0088,0.266489,0.0180864,0.00343805,0.129521,4.14489e-05,9.81514e-06,2.83768e-06,-1.45901e-05,0.00208794,-0.0013754,0.00346334,29,0,0.0120618
2024-02-21 00:00:00+00:00,0.00375958,1.01259,0.329906,0.0230527,0.00430906,0.15678,5.01742e-05,6.68759e-06,3.23488e-06,2.85642e-05,0.00378706,0.000893415,0.00289365,29.7292,0,0.0157678
2024-02-22 00:00:00+00:00,0.00488198,1.01753,0.440917,0.0255516,0.00971264,0.182174,5.8306e-05,9.23033e-06,4.07047e-06,0.000121998,0.00482291,0.0013666,0.00345631,30,0,0.0175892
2024-02-23 00:00:00+00:00,0.00159938,1.01916,0.503769,0.0345878,0.00992144,0.129255,4.13649e-05,7.8066e-06,2.8856e-06,0.000176615,0.00147621,-0.00404079,0.005517,30,0,0.019212
2024-02-24 00:00:00+00:00,0.00214488,1.02135,0.543609,0.0355012,0.00992596,0.183654,5.87536e-05,1.26311e-05,4.05401e-06,0.00028694,0.00193633,0.00924043,-0.0073041,30,0,0.0208571
2024-02-25 00:00:00+00:00,0.00502872,1.02648,0.590509,0.0418796,0.0108163,0.291117,9.32222e-05,2.87449e-05,8.35858e-06,0.000228428,0.0049247,0.00892223,-0.00399754,30,0,0.0230452
2024-02-26 00:00:00+00:00,0.00651067,1.03317,0.690906,0.0801583,0.0220405,0.55368,0.000177251,4.48173e-05,2.83598e-05,0.000204899,0.00655099,0.0150455,-0.00849683,30,0,0.0253462
2024-02-27 00:00:00+00:00,0.00194494,1.03518,0.74447,0.0650908,0.0137321,0.502589,0.000160809,4.92802e-05,1.75994e-05,0.00036982,0.00181835,0.00238278,-0.00056443,30,0,0.0271619
2024-02-28 00:00:00+00:00,0.00959682,1.04511,0.771417,0.0797131,0.01572,0.420888,0.000134699,5.35706e-05,1.29564e-05,0.000292826,0.0094948,0.0155154,-0.0060206,30,0,0.0286852
2024-02-29 00:00:00+00:00,-0.0128682,1.03166,0.820458,0.0793485,0.00811149,0.496183,0.000168089,0.000126537,2.82365e-05,8.61842e-05,-0.0126558,-0.00550348,-0.00715229,30,2,0.0286895
2024-03-01 00:00:00+00:00,0.00564738,1.03749,0.77333,0.0498004,0.00632353,0.225978,7.23317e-05,5.02651e-05,6.0434e-06,2.48359e-05,0.00575053,0.0166212,-0.0108707,30,0,0.0267669
2024-03-02 00:00:00+00:00,0.0163486,1.05445,0.713245,0.0363477,0.00651085,0.313537,0.0001026,6.96244e-05,1.62765e-05,0.000197363,0.0162537,0.0276622,-0.0114085,30,1,0.0282598
2024-03-03 00:00:00+00:00,0.00676648,1.06158,0.683551,0.0446252,0.00545974,0.227783,7.29462e-05,3.89459e-05,7.17711e-06,8.57664e-05,0.00680453,0.000732516,0.00607202,30,0,0.0298649
2024-03-04 00:00:00+00:00,0.0257335,1.0889,0.625203,0.0419171,0.014117,0.54777,0.000179723,0.00011602,6.12261e-05,0.0001635,0.0256661,0.0257448,-0.000470211,30,1,0.0329892
2024-03-05 00:00:00+00:00,0.011242,1.10114,0.610941,0.00510083,0.00857465,0.331533,0.000106158,5.96097e-05,1.50564e-05,0.00014761,0.0112813,-0.0114355,0.0227168,30,0,0.0369528
2024-03-06 00:00:00+00:00,-0.00118613,1.09984,0.576414,-0.0161687,0.00244298,0.533471,0.000170693,0.000126405,2.48632e-05,8.31047e-05,-0.000895243,0.0203423,-0.0212375,30,0,0.0388143
2024-03-07 00:00:00+00:00,-0.00105239,1.09868,0.590237,0.00983023,0.00622734,0.342568,0.000109623,9.81735e-05,1.14311e-05,0.000118094,-0.000903453,0.00513356,-0.00603701,30,0,0.0386431
2024-03-08 00:00:00+00:00,-0.000574649,1.09805,0.691323,0.0379499,0.00691113,0.407476,0.000131116,0.000113931,1.19237e-05,0.00020854,-0.000486993,0.00594981,-0.0064368,30,1,0.0379217
2024-03-09 00:00:00+00:00,-0.0187199,1.07749,0.703316,0.037656,0.0028921,0.25757,8.23589e-05,5.805e-05,6.48878e-06,0.000410811,-0.0191288,0.00226651,-0.0213953,30,0,0.036232
2024-03-10 00:00:00+00:00,0.0142737,1.09287,0.713629,0.0402223,0.00397585,0.316064,0.00010121,0.000103475,7.52161e-06,0.00021698,0.0141868,0.00218988,0.0119969,30,0,0.0343937
2024-03-11 00:00:00+00:00,0.00243558,1.09554,0.765709,0.0344702,0.0086697,0.625157,0.000200011,0.000208477,3.44297e-05,0.000178474,0.00272177,0.0134467,-0.0109884,30,0,0.0350853
2024-03-12 00:00:00+00:00,-0.00873964,1.08596,0.770977,0.0493395,0.0127735,0.47399,0.000151738,0.00010211,1.18646e-05,5.69509e-05,-0.00847016,0.000350095,-0.00882025,30,0,0.034942
2024-03-13 00:00:00+00:00,0.0159478,1.10328,0.743812,0.0387013,0.00529206,0.418543,0.000133995,0.00010269,9.58416e-06,3.12218e-05,0.016062,0.0164137,-0.000351653,30,0,0.0333755
2024-03-14 00:00:00+00:00,0.0224647,1.12806,0.719616,0.0415791,0.00321985,0.439568,0.000140773,0.000106573,1.45458e-05,5.4527e-05,0.0224905,0.0177333,0.00475713,30,0,0.034266
2024-03-15 00:00:00+00:00,0.0121697,1.14179,0.868436,0.0419433,0.00742244,0.686069,0.000219627,8.89921e-05,1.99871e-05,8.86501e-05,0.0123588,-0.00757496,0.0199338,30,0,0.0377695
2024-03-16 00:00:00+00:00,-0.00362819,1.13765,1.01363,0.0371073,0.00737036,0.652825,0.000208852,0.000107422,1.77489e-05,5.19245e-05,-0.00330767,-0.0394615,0.0361538,30,0,0.0400459
2024-03-17 00:00:00+00:00,0.0122755,1.15162,0.950716,0.0523437,0.00671527,0.585928,0.000187595,4.61643e-05,1.71561e-05,1.69509e-05,0.0124909,0.0309954,-0.0185046,30,0,0.0419805
2024-03-18 00:00:00+00:00,0.0221232,1.17709,0.941517,0.0590398,0.0116141,0.97864,0.000313304,8.26306e-05,5.95653e-05,1.73798e-05,0.0223609,-0.00673066,0.0292249,30,0,0.043555
2024-03-19 00:00:00+00:00,-0.0212788,1.15205,0.89622,0.0286763,0.0063387,0.716383,0.000229183,8.70708e-05,2.16409e-05,4.37161e-05,-0.0211566,-0.0460145,0.0248578,30,0,0.0449161
2024-03-20 00:00:00+00:00,0.00664021,1.1597,0.91987,0.0193836,0.0040473,0.582927,0.000186463,0.000161539,2.02279e-05,4.49808e-05,0.00700916,0.0521477,-0.0451385,30,0,0.0422515
2024-03-21 00:00:00+00:00,-0.00445202,1.15453,0.98004,0.0301109,0.00912733,0.502756,0.000160843,0.000105248,1.49284e-05,6.97099e-05,-0.00421224,-0.0108471,0.00663487,30,0,0.0403448
2024-03-22 00:00:00+00:00,0.00291789,1.1579,0.930938,0.0116983,0.00919334,0.354972,0.000113608,0.000105582,7.94044e-06,5.01707e-05,0.00311218,-0.00894265,0.0120548,30,0,0.0381543
2024-03-23 00:00:00+00:00,-0.0001486,1.15773,0.97675,0.0201615,0.00772925,0.325162,0.000104065,0.000130801,7.90173e-06,5.15721e-05,6.67599e-05,0.00366703,-0.00360027,30,0,0.0369643
2024-03-24 00:00:00+00:00,0.00439587,1.16282,0.882349,0.00792336,0.00761913,0.564391,0.000180645,0.000258048,1.78634e-05,1.45173e-05,0.0048428,0.0199403,-0.0150975,30,0,0.0360543
2024-03-25 00:00:00+00:00,0.00431891,1.16784,1.01619,0.0280819,0.0120123,0.65798,0.000210586,0.000370324,1.40497e-05,0.000123911,0.00480812,0.0193144,-0.0144095,30,0,0.0371843
2024-03-26 00:00:00+00:00,0.0156984,1.18617,1.115,0.0388582,0.00677082,0.443012,0.00014178,0.000217642,7.42674e-06,3.81429e-05,0.0159368,0.0154922,0.000444536,30,0,0.0394875
2024-03-27 00:00:00+00:00,0.00560629,1.19282,1.04698,0.0528919,0.00830882,1.72951,0.000553468,0.000503179,3.80522e-05,-4.7045e-05,0.00675793,-0.0093287,0.0160866,30,0,0.0570682
2024-03-28 00:00:00+00:00,-0.00689265,1.1846,0.828405,0.0811483,0.00706311,1.38402,0.000442693,0.000425379,2.85331e-05,8.19233e-05,-0.00604947,0.00592155,-0.011971,30,0,0.0576065
2024-03-29 00:00:00+00:00,0.00681043,1.19267,0.882185,0.0847224,0.00447211,1.30211,0.000416758,0.000355106,3.00664e-05,-3.19431e-05,0.00764868,0.00365079,0.0039979,29.9792,0,0.0563639
2024-03-30 00:00:00+00:00,-0.00911433,1.1818,1.00439,0.116955,0.00725115,0.956222,0.000305843,0.000187004,1.66587e-05,0.000127616,-0.00872997,-0.00617239,-0.00255758,30,0,0.0547555
2024-03-31 00:00:00+00:00,0.00301202,1.18536,1.12481,0.152538,-0.00517897,0.869843,0.000278351,0.000169814,1.41711e-05,0.000160508,0.00336267,0.0206442,-0.0172815,30,0,0.053047
2024-04-01 00:00:00+00:00,0.0155305,1.20377,1.31846,0.113503,0.00196788,1.45305,0.000465197,0.000305175,4.5616e-05,9.41951e-05,0.0161942,-0.021455,0.0379758,30,0,0.0551818
2024-04-02 00:00:00+00:00,0.00209534,1.20629,1.37303,0.0517004,0.00462102,1.60828,0.000514721,0.000193878,4.87553e-05,-4.00905e-05,0.00291687,-0.0472195,0.0501364,30,0,0.058061
2024-04-03 00:00:00+00:00,0.00448649,1.2117,1.48217,0.0342399,0.0125934,1.54458,0.000494326,0.00011136,4.59485e-05,4.19604e-05,0.00511882,-0.00930075,0.0144196,30,0,0.0580378
2024-04-04 00:00:00+00:00,-0.00791465,1.20211,1.1413,0.0255248,0.0184401,1.83405,0.000586829,0.000135191,5.5353e-05,8.24454e-05,-0.00720294,0.00981254,-0.0170155,30,0,0.0580604
2024-04-05 00:00:00+00:00,-0.00821726,1.19223,1.10094,0.0184321,0.0196565,1.19812,0.000383364,0.000100247,2.70947e-05,0.000156534,-0.0078675,-0.0235787,0.0157112,30,0,0.056415
2024-04-06 00:00:00+00:00,-0.00664368,1.18431,1.05426,0.0352753,0.0152267,0.936842,0.000299752,0.000121062,1.84898e-05,0.000166841,-0.00636926,0.0152866,-0.0216558,29.7708,0,0.0527699
2024-04-07 00:00:00+00:00,-0.012135,1.16994,1.12517,0.0536994,0.0113092,0.96794,0.000309637,0.000122753,1.77252e-05,0.000218878,-0.0119516,0.00708083,-0.0190324,29.7292,0,0.0489535
2024-04-08 00:00:00+00:00,0.000493718,1.17052,1.12672,0.101544,0.0327446,1.23995,0.000396872,0.000131706,7.44863e-05,0.000102622,0.00103037,0.019457,-0.0183998,30,0,0.0467843
2024-04-09 00:00:00+00:00,0.000410051,1.171,1.15389,0.0733094,0.0298977,0.968327,0.000309825,0.000117574,2.35895e-05,1.71568e-05,0.000888179,-0.0306266,0.0315148,30,0,0.0451512
2024-04-10 00:00:00+00:00,0.0131961,1.18645,1.3001,0.0749345,0.0252682,1.06825,0.000341977,0.000152111,2.55295e-05,0.000109586,0.013542,0.00930088,0.00424108,30,0,0.0460448
2024-04-11 00:00:00+00:00,-0.00133235,1.18487,1.26192,0.0870896,0.0344372,1.02048,0.000326486,0.000145605,2.50326e-05,4.83158e-05,-0.000859571,-0.0120644,0.0112049,30,0,0.0482567
2024-04-12 00:00:00+00:00,-0.0161494,1.16574,1.08597,0.0764544,0.024823,1.61134,0.000526764,0.000150278,0.000197194,0.000126439,-0.0153656,-0.100009,0.0846437,29.9583,2,0.0483645
2024-04-13 00:00:00+00:00,0.00885491,1.17606,1.14622,0.0822449,2.82931e-05,1.55587,0.000511189,0.00016787,0.000164045,0.00035051,0.00938035,-0.0670156,0.0763959,29.8333,3,0.0486466
2024-04-14 00:00:00+00:00,0.0132857,1.19168,1.1824,0.0451533,-0.000975315,0.844323,0.00027025,0.000113519,5.45221e-05,0.000305498,0.0133739,0.0529859,-0.039612,29.875,0,0.0490134
2024-04-15 00:00:00+00:00,0.00272782,1.19493,1.37817,0.0485959,-0.000529927,1.21397,0.000388494,0.00012348,7.89124e-05,0.000375153,0.00296479,-0.0245218,0.0275036,30,0,0.050935
2024-04-16 00:00:00+00:00,-0.016826,1.17483,1.39695,0.0381954,-0.00181456,1.16415,0.000372406,9.68737e-05,6.11439e-05,0.000325976,-0.0167218,-0.00402028,-0.0127015,30,0,0.0501736
2024-04-17 00:00:00+00:00,-0.00716684,1.16641,1.45109,0.0129318,-0.00745083,1.09214,0.000349356,8.1936e-05,4.67173e-05,5.27805e-05,-0.00672475,-0.024551,0.0178262,30,0,0.047139
2024-04-18 00:00:00+00:00,0.000898013,1.16746,1.37325,-0.0259332,-0.0170545,1.35034,0.000432033,0.00011271,6.23336e-05,2.36668e-05,0.00151347,0.0285882,-0.0270747,30,0,0.0440152
2024-04-19 00:00:00+00:00,-0.0105922,1.15509,1.35225,0.015011,-0.00778807,1.73245,0.000554157,0.000185633,8.39693e-05,1.40382e-05,-0.0097926,0.0112181,-0.0210107,30,0,0.0421748
2024-04-20 00:00:00+00:00,0.00010389,1.15521,0.890515,0.0203025,0.000751828,1.61831,0.00051793,0.000252626,7.19418e-05,2.66084e-05,0.000949198,0.0427779,-0.0418287,30,0,0.0396888
2024-04-21 00:00:00+00:00,0.00172114,1.1572,0.826275,0.0411804,0.00784735,1.18005,0.000377629,9.52796e-05,3.51275e-05,9.8688e-05,0.00214387,-0.00141333,0.00355719,29.9583,0,0.0387572
2024-04-22 00:00:00+00:00,-0.00988907,1.14575,0.819386,0.0566862,0.0016598,1.91866,0.00061412,0.000176971,0.000108494,6.17782e-05,-0.00907283,0.01312,-0.0213754,29.875,0,0.0388636
2024-04-23 00:00:00+00:00,-0.0148054,1.12879,0.746548,0.054116,-0.00463255,1.11936,0.000358082,0.000109619,2.17211e-05,8.3572e-05,-0.0144879,-0.0104335,-0.00405442,29.875,0,0.0360528
2024-04-24 00:00:00+00:00,-0.00742348,1.12041,0.891542,0.0625005,-0.00784729,0.714605,0.000228565,5.08048e-05,1.61827e-05,8.78652e-05,-0.00720343,-0.0231668,0.0159633,29.6667,0,0.031163
2024-04-25 00:00:00+00:00,0.000826574,1.12134,0.979736,0.0474697,-0.0176848,0.477974,0.000152968,2.56034e-05,1.31767e-05,0.000189314,0.000842437,0.000195957,0.000646479,30,0,0.0295838
2024-04-26 00:00:00+00:00,-0.00403544,1.11681,1.05423,0.0405573,-0.0153245,0.459093,0.0001469,2.80911e-05,9.71912e-06,0.000198727,-0.00404421,-0.012366,0.00832183,30,0,0.0285551
2024-04-27 00:00:00+00:00,0.00287458,1.12002,1.05601,0.0356352,-0.00537781,0.538203,0.000172243,4.22582e-05,1.37898e-05,0.000233416,0.00287577,0.00348185,-0.000606082,30,0,0.0278446
2024-04-28 00:00:00+00:00,0.00545824,1.12614,1.18097,0.089882,-0.00422854,0.498913,0.000159676,4.423e-05,9.80838e-06,0.000418166,0.00524647,-0.00381199,0.00905846,30,0,0.0288727
2024-04-29 00:00:00+00:00,-0.00713618,1.1181,1.19913,0.102094,-0.0059107,1.08709,0.000347971,7.92376e-05,6.58505e-05,0.000325662,-0.00696664,-0.00160323,-0.00544006,30,0,0.0305829
2024-04-30 00:00:00+00:00,0.0208645,1.14143,1.22022,0.0917496,-0.00717897,1.32345,0.000423665,0.000104064,4.26432e-05,0.000154912,0.0211294,-0.0268814,0.0480108,30,0,0.0316956
2024-05-01 00:00:00+00:00,0.00311559,1.14499,1.21465,0.086981,-0.0141756,1.66146,0.000531776,0.000129721,5.74633e-05,0.000257688,0.00360256,0.00968724,-0.00608469,30,0,0.0343093
2024-05-02 00:00:00+00:00,-0.00839602,1.13537,0.904835,0.0916049,0.00431307,1.65264,0.000528716,7.46907e-05,5.32464e-05,0.000122243,-0.00787408,-0.00215476,-0.00571931,30,0,0.0346996
2024-05-03 00:00:00+00:00,-0.01558,1.11768,0.93683,0.0753196,-0.00345158,1.0814,0.000345953,4.81347e-05,2.77011e-05,0.000145732,-0.0153976,0.0154994,-0.0308971,30,0,0.0313458
2024-05-04 00:00:00+00:00,-0.0143803,1.10161,0.945048,0.0570971,-0.00928903,0.519855,0.000166228,2.1178e-05,1.29867e-05,6.55902e-05,-0.014309,-0.00121703,-0.013092,30,0,0.0255673
2024-05-05 00:00:00+00:00,0.00287842,1.10478,0.737586,0.0381302,-0.0125629,0.39154,0.000125291,1.62137e-05,1.08599e-05,9.44544e-06,0.0030279,0.00265866,0.000369237,30,0,0.0204881
2024-05-06 00:00:00+00:00,0.0040274,1.10923,0.777191,0.0597702,0.014766,0.509852,0.00016321,2.09026e-05,3.67174e-05,8.56988e-05,0.00416179,-0.00358335,0.00811986,30,0,0.019881
2024-05-07 00:00:00+00:00,0.00870267,1.11888,0.88315,0.0718497,0.0100913,0.405435,0.000129771,2.16296e-05,9.20846e-06,2.72076e-05,0.00880703,-0.00798199,0.016789,30,0,0.0232027
2024-05-08 00:00:00+00:00,0.0179479,1.13897,1.01393,0.0516553,-0.00334136,0.624048,0.000199969,3.8804e-05,2.39959e-05,4.46483e-05,0.0180411,0.0041947,0.0138464,30,0,0.0277983
2024-05-09 00:00:00+00:00,-0.00461438,1.13371,1.13966,0.0578173,-0.00565257,0.535377,0.000171296,5.61297e-05,1.33452e-05,4.8808e-05,-0.00440269,0.0185338,-0.0229365,30,0,0.0315373
2024-05-10 00:00:00+00:00,-0.00161345,1.13188,1.24427,0.0769701,-0.00864164,0.849078,0.000271644,8.05931e-05,2.00659e-05,5.55921e-05,-0.00127816,-0.0246538,0.0233756,30,0,0.0313311
2024-05-11 00:00:00+00:00,0.00155988,1.13365,1.16715,0.0830467,-0.000675943,0.651647,0.000208532,6.09947e-05,1.21312e-05,-7.24471e-06,0.00185905,0.0019647,-0.000105651,30,0,0.0297687
2024-05-12 00:00:00+00:00,0.000384106,1.13408,1.13427,0.0945255,-0.00195156,0.608897,0.000194853,4.59632e-05,8.4086e-06,2.04284e-05,0.000616958,0.00100201,-0.000385052,30,0,0.0289807
2024-05-13 00:00:00+00:00,-0.00176623,1.13208,1.09723,0.157844,0.000351055,1.0574,0.000338353,9.0215e-05,5.5758e-05,0.000130247,-0.00135011,0.00445373,-0.00581875,30,0,0.0296157
2024-05-14 00:00:00+00:00,-0.0102439,1.12048,1.07937,0.164688,-0.0035478,0.417747,0.000133651,2.21569e-05,7.26396e-06,0.00033625,-0.0104353,-0.0281914,0.0177561,30,0,0.0275531
2024-05-15 00:00:00+00:00,0.0109872,1.13279,1.08508,0.132472,0.00220862,0.425238,0.000136075,3.50162e-05,1.21994e-05,0.000342218,0.0108052,0.0436577,-0.0328525,30,0,0.0261023
2024-05-16 00:00:00+00:00,0.0111887,1.14547,1.11179,0.11146,0.000240885,0.320305,0.000102532,1.91777e-05,8.84243e-06,0.00012783,0.0111492,-0.000908579,0.0120578,30,0,0.0282231
2024-05-17 00:00:00+00:00,0.00517868,1.1514,1.22477,0.104929,2.3466e-06,0.51954,0.000166247,4.57771e-05,1.46436e-05,9.42285e-05,0.00532352,0.0230703,-0.0177468,30,0,0.0296226
2024-05-18 00:00:00+00:00,0.00851932,1.16121,1.18416,0.0945304,-0.0133414,0.450222,0.000144112,5.23757e-05,1.15856e-05,2.79168e-05,0.0086903,0.00313682,0.00555347,30,0,0.0317146
2024-05-19 00:00:00+00:00,0.00438937,1.16631,1.16601,0.0951053,-0.0254657,0.389564,0.000124681,4.82284e-05,6.90683e-06,-4.70177e-05,0.00461989,-0.0133719,0.0179918,30,0,0.0335499
2024-05-20 00:00:00+00:00,-0.000894326,1.16526,0.980866,0.0775295,-0.0299177,1.51644,0.000485262,0.000289687,7.28784e-05,-1.16409e-05,1.12169e-05,0.0495429,-0.0496631,29.9583,0,0.0345737
2024-05-21 00:00:00+00:00,-0.0153304,1.1474,0.917625,0.0630847,-0.00330342,0.611962,0.000195806,0.000112321,1.41252e-05,3.32025e-05,-0.0151298,-0.00895382,-0.00617602,30,0,0.0340606
2024-05-22 00:00:00+00:00,-0.0179902,1.12676,0.999314,0.0396181,-0.00198522,0.369449,0.000121302,5.62828e-05,1.12564e-05,4.86455e-05,-0.0179726,-0.0145416,-0.00343099,30,1,0.0305174
2024-05-23 00:00:00+00:00,0.0149529,1.1436,1.00284,0.0174423,0.00507623,0.31964,0.000102356,4.17451e-05,7.9311e-06,3.4334e-05,0.0150025,0.0018855,0.013117,30,0,0.0286856
2024-05-24 00:00:00+00:00,-0.00675384,1.13588,0.98934,0.00286543,0.00703437,0.298718,9.53761e-05,4.61038e-05,1.23766e-05,3.13983e-05,-0.00662038,-0.0058757,-0.00074468,30,0,0.0302135
2024-05-25 00:00:00+00:00,-0.00927189,1.12535,0.98984,-0.00156106,0.0113788,0.162537,5.2009e-05,2.15735e-05,2.70155e-06,4.59291e-05,-0.00926538,0.00468137,-0.0139467,30,0,0.0293324
2024-05-26 00:00:00+00:00,0.00836071,1.13476,0.673337,0.0118006,0.0121982,0.341875,0.000109434,4.60542e-05,1.6577e-05,3.57222e-05,0.00846754,0.000165043,0.0083025,30,0,0.0112729
2024-05-27 00:00:00+00:00,-0.00671575,1.12714,0.552563,0.00262773,0.00227677,0.18967,6.06775e-05,3.19513e-05,7.14699e-06,6.22729e-05,-0.00669292,0.00592508,-0.0126785,29,0,0.0126677
2024-05-28 00:00:00+00:00,-0.00376544,1.12289,0.516818,0.00108815,0.00199065,0.0626189,2.00361e-05,6.06589e-06,1.09227e-06,0.000102097,-0.00384294,-0.00561494,0.00177201,29,0,0.0107159
2024-05-29 00:00:00+00:00,-0.00567784,1.11652,0.467922,0.00501897,0.00290981,0.0785097,2.51153e-05,8.91994e-06,1.25125e-06,2.23135e-05,-0.00567636,-0.0040097,-0.00166666,29,0,0.00624786
2024-05-30 00:00:00+00:00,-0.00152625,1.11481,0.398517,0.00794858,0.00338482,0.0639892,2.04733e-05,8.27827e-06,1.05246e-06,-4.69593e-06,-0.00149039,-0.00256206,0.00107167,29,0,0.00155096
2024-05-31 00:00:00+00:00,0.00233136,1.11741,0.361109,0.00687317,0.00620626,0.0122716,3.92705e-06,1.29737e-06,1.28445e-07,1.1271e-05,0.00232355,0.000645399,0.00167815,29,0,0.000881577
2024-06-01 00:00:00+00:00,0.00072304,1.11822,0.349009,0.00854984,0.0054301,0.00794674,2.5429e-06,1.27924e-06,8.89635e-08,6.42608e-06,0.000720745,0.0012732,-0.000552454,29,0,0.000629885
2024-06-02 00:00:00+00:00,-0.000194414,1.118,0.34246,0.00779876,0.00482513,0.0204065,6.66622e-06,1.74655e-06,3.9392e-07,7.95184e-06,-0.00019293,-0.00293084,0.00273791,28.0417,1,0.000549136
2024-06-03 00:00:00+00:00,-0.000998484,1.11689,0.279639,-0.00702594,-0.00451002,0.0731183,2.33932e-05,9.00854e-06,6.68293e-06,1.94089e-05,-0.000978827,0.000840545,-0.00171823,28,0,0.00105669
2024-06-04 00:00:00+00:00,-0.00084449,1.11594,0.274716,-0.0041419,-0.00388362,0.0116761,3.7367e-06,6.5176e-07,1.07487e-07,9.64452e-06,-0.000849374,0.00306724,-0.00391661,28,0,0.00210434
2024-06-05 00:00:00+00:00,2.54062e-05,1.11597,0.266347,0.00389485,0.000644294,0.0284752,9.11227e-06,1.38764e-06,3.00558e-07,1.81714e-05,1.86626e-05,0.00233448,-0.00231582,28.5417,0,0.00329587
2024-06-06 00:00:00+00:00,0.000438322,1.11646,0.269509,0.0114171,0.00379318,0.0359246,1.14961e-05,1.5383e-06,3.29337e-07,4.35096e-06,0.00044783,-0.00160583,0.00205366,29.1042,0,0.0051174
2024-06-07 00:00:00+00:00,0.00244359,1.11919,0.284694,0.0363991,0.00810159,0.180323,5.78274e-05,8.38467e-06,4.96226e-06,9.38494e-06,0.00250417,-0.00568994,0.00819412,30,1,0.00946449
2024-06-08 00:00:00+00:00,-0.00163034,1.11736,0.313271,0.0435282,0.00146861,0.143165,4.58113e-05,5.72641e-06,4.34476e-06,2.1969e-05,-0.00159675,-0.00395214,0.00235539,30,0,0.0134567
2024-06-09 00:00:00+00:00,-0.000522928,1.11678,0.369761,0.0470301,0.000861646,0.0872312,2.7913e-05,3.48913e-06,1.58025e-06,2.14162e-05,-0.000510233,0.00118983,-0.00170006,30,0,0.0137026
2024-06-10 00:00:00+00:00,-0.000265436,1.11648,0.41594,0.0605321,0.00124782,0.282801,9.04946e-05,1.13118e-05,1.9779e-05,1.02896e-05,-0.000148891,-0.00524085,0.00506929,30,0,0.0110677
2024-06-11 00:00:00+00:00,-0.0026388,1.11354,0.341071,0.0298224,-0.00107196,0.088583,2.83465e-05,3.54331e-06,1.58991e-06,3.55704e-05,-0.00264276,-0.009806,0.00716324,30,0,0.00683046
2024-06-12 00:00:00+00:00,0.0016945,1.11542,0.302565,0.0197783,0.00112151,0.0557206,1.78323e-05,2.22903e-06,9.16308e-07,2.16822e-05,0.00169353,0.00709265,-0.00539911,30,0,0.0039917
2024-06-13 00:00:00+00:00,0.000335495,1.1158,0.28076,0.0124374,0.00330118,0.0183294,5.86534e-06,7.33168e-07,2.93663e-07,1.48489e-05,0.000327931,-0.00722585,0.00755378,30,0,0.00314537
2024-06-14 00:00:00+00:00,0.000881198,1.11678,0.267064,0.0108093,0.00152228,0.0451493,1.663e-05,2.54829e-06,2.79479e-06,2.41989e-05,0.000879191,-0.00289844,0.00377763,29.6667,2,0.00400447
2024-06-15 00:00:00+00:00,0.000714775,1.11758,0.25333,0.010808,0.000743641,0.0230096,7.36312e-06,1.90295e-06,4.00076e-07,2.33618e-05,0.000701141,0.00226449,-0.00156335,30,0,0.00577431
2024-06-16 00:00:00+00:00,0.00098885,1.11869,0.257642,0.00849521,0.000557233,0.0194318,6.21832e-06,1.04248e-06,2.28953e-07,2.33752e-05,0.000972645,0.00213035,-0.00115771,30,0,0.00557742
2024-06-17 00:00:00+00:00,-1.91902e-05,1.11866,0.250238,0.00869805,0.00175758,0.0597243,1.91102e-05,5.13237e-06,2.09825e-06,1.52922e-05,-6.96888e-06,-0.00800053,0.00793437,29.2292,0,0.00520448
2024-06-18 00:00:00+00:00,0.000289215,1.11899,0.224865,0.00759505,0.00078786,0.0852744,2.82653e-05,3.7774e-06,2.31685e-06,-4.75092e-06,0.000328951,-0.00604796,0.00637691,30,1,0.0061574
2024-06-19 00:00:00+00:00,0.000545351,1.1196,0.245198,0.00799207,0.000880848,0.10076,3.22434e-05,4.78554e-06,2.28337e-06,4.60342e-06,0.00058066,0.00192898,-0.00134832,30,0,0.00815916
2024-06-20 00:00:00+00:00,0.000654679,1.12033,0.268928,0.00890106,0.00127333,0.117389,3.75644e-05,6.63841e-06,2.58337e-06,2.18046e-05,0.000680391,-0.000202521,0.000882912,30,0,0.00934329
2024-06-21 00:00:00+00:00,-0.00094195,1.11928,0.302416,0.0120813,0.000709001,0.0634503,2.03012e-05,2.97544e-06,1.2346e-06,8.84925e-06,-0.000924308,-0.00100946,8.5154e-05,30,0,0.00996204
2024-06-22 00:00:00+00:00,0.00140909,1.12085,0.308984,0.0144899,-0.000407058,0.0856868,2.74222e-05,5.11534e-06,1.69214e-06,8.26881e-06,0.00143659,-0.000352344,0.00178894,30,0,0.0097067
2024-06-23 00:00:00+00:00,-0.000387356,1.12042,0.313635,0.00602468,-0.002309,0.100367,3.2117e-05,1.15777e-05,1.35529e-06,-3.10597e-06,-0.000338362,-0.00516639,0.00482803,30,0,0.0106189
2024-06-24 00:00:00+00:00,0.00666372,1.12788,0.324045,-0.0055964,0.00196494,0.271227,8.67855e-05,5.7838e-05,1.58675e-05,-1.02276e-06,0.00680767,0.00569717,0.00105776,29.5833,0,0.0104075
2024-06-25 00:00:00+00:00,-0.00409535,1.12327,0.356724,0.00945157,-9.61003e-05,0.148594,4.75469e-05,2.94024e-05,3.33392e-06,-7.38313e-06,-0.00401226,0.00364513,-0.0076574,30,0,0.0118353
2024-06-26 00:00:00+00:00,0.000992185,1.12438,0.367767,0.0174969,0.00331764,0.11783,3.77082e-05,6.79392e-06,2.05837e-06,3.5913e-05,0.00100471,-0.00276225,0.00376696,30,0,0.0115011
2024-06-27 00:00:00+00:00,-0.000365796,1.12397,0.373931,0.0105539,0.00523294,0.105418,3.37384e-05,4.43083e-06,2.65334e-06,4.83888e-06,-0.000326048,0.00715131,-0.00747736,30,0,0.0111517
2024-06-28 00:00:00+00:00,-0.00500791,1.11834,0.349744,0.0104567,0.00801341,0.0608747,1.94774e-05,4.51368e-06,9.31547e-07,6.82496e-06,-0.0049993,-0.01018,0.00518075,30,0,0.00963214
2024-06-29 00:00:00+00:00,-0.00271593,1.1153,0.322504,0.0046567,0.00716559,0.0464005,1.48469e-05,2.40254e-06,6.20568e-07,3.5531e-06,-0.00270392,-0.00095483,-0.00174909,30,0,0.00574748
2024-06-30 00:00:00+00:00,0.000908248,1.11632,0.285682,0.00327046,0.0052291,0.0341682,1.09335e-05,2.24793e-06,3.97363e-07,1.15864e-05,0.000910755,0.00481999,-0.00390924,30,0,0.00310091
2024-07-01 00:00:00+00:00,0.000682798,1.11708,0.231779,0.0109608,0.00115813,0.101977,3.263e-05,4.92136e-06,4.44049e-06,1.38225e-05,0.000711455,0.000153305,0.000519514,28.875,0,0.00255579
2024-07-02 00:00:00+00:00,0.00239716,1.11976,0.208616,0.0125335,0.00117194,0.0278823,8.92326e-06,2.10526e-06,5.16304e-07,2.81129e-06,0.00240376,0.00241088,-7.11963e-06,30,0,0.00253128
2024-07-03 00:00:00+00:00,-0.000106198,1.11964,0.19287,0.0110704,0.00145888,0.0205295,6.56923e-06,2.08442e-06,2.88414e-07,1.25961e-05,-0.000109434,-0.00655042,0.00644099,30,0,0.00418777
2024-07-04 00:00:00+00:00,0.000300786,1.11997,0.183145,0.00601394,0.00172365,0.0432385,1.38361e-05,3.95205e-06,7.83295e-07,1.65773e-05,0.000303568,-0.00858429,0.00888786,30,0,0.00564332
2024-07-05 00:00:00+00:00,0.000976351,1.12107,0.192995,0.00433081,-6.68646e-05,0.0763875,2.64937e-05,6.71777e-06,3.59404e-06,5.10445e-06,0.00100879,-0.000654391,0.00166318,29.2708,4,0.00691242
2024-07-06 00:00:00+00:00,0.000984608,1.12217,0.207862,0.00378508,0.000509031,0.0388525,1.24321e-05,4.11839e-06,8.6111e-07,1.11792e-05,0.000991178,0.00770065,-0.00670947,30,0,0.00657179
2024-07-07 00:00:00+00:00,0.00252418,1.125,0.225608,0.0032801,-9.31437e-05,0.0533095,1.70625e-05,6.46187e-06,2.23632e-06,1.30377e-05,0.00253487,-0.00660196,0.00913684,30,0,0.00755949
2024-07-08 00:00:00+00:00,0.00148684,1.12668,0.248771,0.00455413,0.00109007,0.0839624,2.68711e-05,2.12777e-05,4.21388e-06,1.64938e-05,0.00152305,0.00512733,-0.00386336,29.5625,0,0.00913077
2024-07-09 00:00:00+00:00,0.000712013,1.12748,0.278971,0.00945043,0.00163666,0.104635,3.34849e-05,6.32104e-06,2.55233e-06,7.05297e-06,0.00074832,0.00300904,-0.00226072,30,0,0.01009
2024-07-10 00:00:00+00:00,0.00101873,1.12863,0.343739,0.0180966,0.00227885,0.185386,5.9327e-05,1.99521e-05,4.43769e-06,1.95981e-05,0.00108553,0.00275413,-0.00166861,30,0,0.012959
2024-07-11 00:00:00+00:00,0.000951137,1.1297,0.410242,0.0267655,0.000845477,0.222951,7.13627e-05,1.84517e-05,5.58132e-06,7.51025e-06,0.00104118,-0.00575805,0.00679923,30,0,0.0139433
2024-07-12 00:00:00+00:00,-0.00247922,1.1269,0.485741,0.0208004,0.00159111,0.17898,5.72722e-05,1.23612e-05,4.17458e-06,1.23914e-06,-0.00240665,0.00459373,-0.00700038,30,0,0.0142947
2024-07-13 00:00:00+00:00,-0.00426193,1.1221,0.460365,0.0144831,0.00350797,0.169207,5.50341e-05,9.69957e-06,3.77083e-06,2.77313e-05,-0.0042267,-0.000231225,-0.00399548,29.8333,1,0.0126855
2024-07-14 00:00:00+00:00,0.00201627,1.12436,0.416077,0.0220608,0.00445369,0.111452,3.56673e-05,7.17977e-06,2.43002e-06,4.12572e-05,0.00202286,0.00811838,-0.00609552,30,0,0.0112063
2024-07-15 00:00:00+00:00,-0.00638991,1.11717,0.394312,0.0356258,-0.000818279,0.165754,5.41386e-05,1.7653e-05,6.26237e-06,3.51741e-05,-0.0063619,0.017627,-0.0239947,29.8958,1,0.0110377
2024-07-16 00:00:00+00:00,-0.00658533,1.10982,0.353078,0.0314699,0.00212937,0.0827682,2.64615e-05,1.1666e-05,2.16102e-06,3.39942e-05,-0.00659417,-0.00228407,-0.0043101,30,0,0.00666741
2024-07-17 00:00:00+00:00,1.07519e-05,1.10983,0.311684,0.0291644,0.00313192,0.038149,1.22081e-05,9.53538e-06,6.08635e-07,8.68929e-05,-5.25392e-05,-0.00311275,0.00306021,30,0,0.00364351
2024-07-18 00:00:00+00:00,-0.0003756,1.10941,0.280792,0.0245982,0.00263721,0.0229088,7.33076e-06,4.5885e-06,3.56725e-07,3.15076e-05,-0.000393311,-0.000279595,-0.000113716,30,0,0.00282589
2024-07-19 00:00:00+00:00,-0.000390959,1.10898,0.240327,0.0218763,0.0051403,0.0645586,2.26177e-05,1.50728e-05,1.88396e-06,1.98653e-05,-0.000370155,0.00564362,-0.00601377,29.25,1,0.00151541
2024-07-20 00:00:00+00:00,-0.00185379,1.10692,0.189513,0.00798802,0.00148436,0.0634705,2.03003e-05,3.36202e-06,1.76346e-06,4.60517e-06,-0.001833,0.00106314,-0.00289614,29,0,0.00107421
2024-07-21 00:00:00+00:00,0.000545733,1.10753,0.156547,0.00512915,0.0014547,0.0227391,7.2758e-06,1.74974e-06,5.35686e-07,2.59016e-06,0.000553178,0.00237637,-0.00182319,29,0,8.6599e-06
2024-07-22 00:00:00+00:00,-0.000395776,1.10709,0.140745,0.00418932,0.000967545,0.00599589,1.91862e-06,3.36036e-07,8.02107e-08,4.95678e-06,-0.000398194,-0.00343313,0.00303356,28.2708,0,0
2024-07-23 00:00:00+00:00,0.000807382,1.10798,0.120514,0.00565632,0.000817295,0.0262435,8.40079e-06,1.38266e-06,1.28311e-06,1.197e-05,0.000806708,-0.000440672,0.00124738,29,0,0
2024-07-24 00:00:00+00:00,8.96801e-05,1.10808,0.112914,0.00708603,0.00161923,0.00307791,9.85067e-07,2.66053e-07,2.99986e-08,4.16003e-06,8.70512e-05,-0.000904699,0.00099175,29,0,0
2024-07-25 00:00:00+00:00,0.000378215,1.1085,0.105774,0.00700953,0.000388372,0.00210705,6.74251e-07,8.42814e-08,1.55045e-08,-3.10943e-06,0.000382292,-0.00130284,0.00168513,29,0,0
2024-07-26 00:00:00+00:00,-0.000584455,1.10785,0.109239,0.00658454,-0.00082982,0.0013625,4.35965e-07,5.44956e-08,1.02249e-08,3.15194e-06,-0.000587063,0.0027829,-0.00336997,29,0,0
2024-07-27 00:00:00+00:00,0.000832676,1.10878,0.111137,0.00647721,0.000197221,0.00526517,1.68493e-06,2.10616e-07,6.37253e-08,-8.10496e-07,0.000835451,0.000374028,0.000461424,29,0,0
2024-07-28 00:00:00+00:00,0.000919835,1.1098,0.108821,0.00681184,0.00139576,0.00386593,1.2372e-06,1.54649e-07,4.76917e-08,-2.5428e-06,0.000923563,0.000174073,0.00074949,29,0,0
2024-07-29 00:00:00+00:00,0.000762917,1.11064,0.090131,0.000448241,-0.00329177,0.0229393,7.34071e-06,7.78298e-06,1.1035e-06,2.30467e-06,0.000776771,0.000411538,0.000364068,26,0,0
2024-07-30 00:00:00+00:00,0.00012528,1.11078,0.0851406,0.00241193,-0.00137195,0.00389045,1.24493e-06,1.85595e-07,4.13514e-08,-5.8101e-06,0.000132707,-0.000839853,0.00097256,26,0,0
2024-07-31 00:00:00+00:00,-0.000448606,1.11028,0.0866279,0.00315912,-5.38435e-05,0.00606399,1.94048e-06,2.52514e-07,1.11689e-07,-9.52969e-07,-0.000445364,-0.00169119,0.00124583,27.1458,0,0
2024-08-01 00:00:00+00:00,0.000497456,1.11084,0.0840658,0.00378165,0.00015113,0.00129679,4.14938e-07,5.77576e-08,1.87994e-08,-2.71836e-06,0.000500702,-0.000664833,0.00116553,28,0,0
2024-08-02 00:00:00+00:00,-0.000460384,1.11032,0.0800847,0.00455411,0.00097845,0.00460368,1.47313e-06,2.34221e-07,6.39623e-08,-1.20839e-06,-0.00045738,-0.00347046,0.00301308,28.0833,0,0
2024-08-03 00:00:00+00:00,5.32592e-06,1.11033,0.0741566,0.00514124,0.00133998,0.000692339,2.21553e-07,4.99454e-08,6.12525e-09,2.81414e-06,2.8663e-06,-0.00188533,0.00188819,29,0,0
2024-08-04 00:00:00+00:00,-0.000651741,1.10961,0.068289,0.00410687,0.000616978,0.0126709,4.68443e-06,7.16777e-07,3.34054e-07,2.85808e-06,-0.00064901,-0.00229263,0.00164362,28.625,1,0
2024-08-05 00:00:00+00:00,0.000763044,1.11045,0.0375597,-0.000510667,-0.00271668,0.0323302,1.21434e-05,1.89173e-06,1.10597e-06,5.79479e-06,0.000772457,-0.00233551,0.00310797,23.3958,7,9.89662e-07
2024-08-06 00:00:00+00:00,-0.000552085,1.10984,0.0392392,-7.05478e-05,-0.00203789,0.00126758,4.0562e-07,5.07025e-08,3.04717e-08,1.12553e-05,-0.000562954,0.00114195,-0.00170491,23,0,6.98692e-05
2024-08-07 00:00:00+00:00,0.00012057,1.10997,0.0401668,0.0002209,-0.00156542,0.00117531,3.76071e-07,4.70089e-08,3.10068e-08,9.06092e-06,0.000112015,-0.00041578,0.000527795,23,0,2.48751e-06
2024-08-08 00:00:00+00:00,-0.000140591,1.10982,0.0410711,0.00100761,-0.000864335,0.00277519,8.88153e-07,1.11019e-07,8.90198e-08,7.60096e-06,-0.000147015,0.00266287,-0.00280989,23.6667,0,0
2024-08-09 00:00:00+00:00,2.16337e-05,1.10984,0.0431258,0.00214681,0.000197873,0,0,0,0,6.02791e-06,1.56418e-05,-0.000625196,0.000640838,24,0,0
2024-08-10 00:00:00+00:00,-0.000209274,1.10961,0.0431054,0.0021304,0.000156073,0.000226621,7.25201e-08,9.06501e-09,6.67988e-09,6.02759e-06,-0.000215209,-2.96696e-05,-0.000185539,24,0,0
2024-08-11 00:00:00+00:00,6.81855e-05,1.10968,0.0423353,0.00214686,0.000303146,0.000233676,7.47779e-08,9.34724e-09,2.32976e-09,3.7723e-06,6.45214e-05,-0.00149599,0.00156051,24,0,0
2024-08-12 00:00:00+00:00,-0.000663645,1.10895,0.0397423,0.000328424,-0.00165706,0.00419752,1.34315e-06,1.67893e-07,1.78511e-07,3.34707e-06,-0.00066547,0.00105668,-0.00171534,24.6667,0,0
2024-08-13 00:00:00+00:00,7.79829e-05,1.10904,0.0409561,0.00163497,-0.000321366,0.00068876,2.20403e-07,2.75503e-08,9.87911e-09,6.78948e-07,7.75924e-05,-6.95502e-05,0.000147143,25,0,0
2024-08-14 00:00:00+00:00,6.91441e-05,1.10911,0.040326,0.00192211,-4.29396e-05,0,0,0,0,3.90225e-06,6.52714e-05,-0.00056319,0.000628461,25,0,0
2024-08-15 00:00:00+00:00,0.000231342,1.10937,0.0390262,0.00186255,-0.000110372,0.000746157,2.38776e-07,2.9847e-08,1.08264e-08,2.16424e-06,0.000229458,-0.000541616,0.000771074,25,0,0.00024273
2024-08-16 00:00:00+00:00,-4.6582e-05,1.10932,0.0362462,0.00154837,6.2559e-05,0.0121981,4.08315e-06,3.06692e-06,2.24435e-07,1.97733e-06,-4.11659e-05,-0.000227776,0.00018661,24.8333,1,0.00193288
2024-08-17 00:00:00+00:00,0.000288782,1.10964,0.0476396,0.00154873,0.000518109,0.029492,9.43749e-06,3.14777e-06,3.85845e-07,4.87335e-06,0.000296879,0.000715379,-0.0004185,26.0833,0,0.00523729
2024-08-18 00:00:00+00:00,0.000433753,1.11012,0.0728273,0.00603661,0.00162006,0.033816,1.08212e-05,4.53764e-06,3.15733e-07,1.09796e-05,0.000438415,-0.000267231,0.000705646,27.2917,0,0.00752103
2024-08-19 00:00:00+00:00,-0.000705987,1.10933,0.124664,0.00034996,-0.00231341,0.128425,4.10992e-05,6.44556e-06,6.23668e-06,1.16426e-05,-0.000663216,0.00141446,-0.00204555,29,0,0.00840689
2024-08-20 00:00:00+00:00,-0.000457519,1.10883,0.125697,0.0107579,0.00143774,0.0355361,1.13676e-05,1.42095e-06,8.00587e-07,2.29481e-06,-0.000445743,0.000746214,-0.00119196,29,0,0.0064125
2024-08-21 00:00:00+00:00,-0.000642018,1.10812,0.117081,0.0127685,0.0032657,0.0244225,7.8147e-06,1.81224e-06,3.96569e-07,-3.10526e-06,-0.000628882,0.00149505,-0.00212393,29,0,0.00497561
2024-08-22 00:00:00+00:00,-0.00126887,1.10671,0.111301,0.0143507,0.00441208,0.015353,4.91204e-06,6.14005e-07,5.01373e-07,-5.38818e-06,-0.00125805,-0.00042272,-0.000835328,29,0,0.00334175
2024-08-23 00:00:00+00:00,0.00070492,1.10749,0.104018,0.0141691,0.00559602,0.0213303,6.82584e-06,1.89824e-06,3.63237e-07,-4.87611e-06,0.000719048,0.00549877,-0.00477972,29,0,0.000948034
2024-08-24 00:00:00+00:00,-0.000451491,1.10699,0.0917404,0.0121753,0.00672659,0.0133766,4.2799e-06,1.17309e-06,2.55527e-07,1.44881e-06,-0.000447044,0.000721822,-0.00116887,29,0,3.29424e-05
2024-08-25 00:00:00+00:00,-0.000190352,1.10678,0.0818125,0.0080476,0.00372039,0.00375437,1.2014e-06,1.50175e-07,7.67892e-08,-5.54362e-07,-0.000188315,-0.00130529,0.00111697,29,0,0.00117012
2024-08-26 00:00:00+00:00,0.000340153,1.10715,0.0802161,0.00688789,-8.83796e-05,0.0119279,3.8168e-06,8.75891e-07,7.32806e-07,1.66665e-06,0.000343926,-0.00221004,0.00255919,27.9375,0,0.00260706
2024-08-27 00:00:00+00:00,-0.000256906,1.10687,0.078307,0.00705327,0.000410701,0.00187434,5.99769e-07,7.49711e-08,1.99819e-08,-3.52031e-07,-0.000255785,-0.0027401,0.00248432,28.2708,0,0.00242883
2024-08-28 00:00:00+00:00,0.000202001,1.10709,0.0735028,0.00752784,0.0018975,0.00701705,2.24546e-06,3.85311e-07,1.07189e-07,-2.2793e-06,0.000207112,-0.000247253,0.000454365,29.3333,0,0.000265979
2024-08-29 00:00:00+00:00,9.81595e-05,1.1072,0.0734281,0.00662713,0.00211958,0.000451112,1.44357e-07,1.80446e-08,4.396e-09,-4.7694e-06,0.000103146,-6.47739e-06,0.000109624,30,0,0.00015712
2024-08-30 00:00:00+00:00,-0.000372544,1.10679,0.0722926,0.00615968,0.00243408,0.000753419,2.411e-07,1.05415e-07,1.04829e-08,-2.31521e-06,-0.000369872,3.64111e-05,-0.000406283,30,0,0.000735207
2024-08-31 00:00:00+00:00,-8.05629e-05,1.1067,0.0723245,0.00548645,0.00201134,0,0,0,0,5.77133e-07,-8.11067e-05,-0.000608557,0.00052745,30,0,0.00106273
2024-09-01 00:00:00+00:00,-0.000182612,1.1065,0.0698593,0.00515551,0.00155116,0.00142937,4.57401e-07,4.42721e-07,1.91738e-08,-2.3083e-06,-0.000179357,-0.00209057,0.00191121,30,0,0.000507719
2024-09-02 00:00:00+00:00,-0.000210304,1.10627,0.0567881,0.00512036,0.00015602,0.027144,8.68645e-06,6.98109e-06,1.35584e-06,-3.33476e-06,-0.000189913,0.00168242,-0.00188094,27,0,0.000647305
2024-09-03 00:00:00+00:00,-0.000858379,1.10532,0.0558647,0.00565716,0.000493664,0.000956047,3.0593e-07,3.82413e-08,1.00175e-08,-5.64562e-06,-0.00085269,-0.00175162,0.000898931,27,0,0.000375174
2024-09-04 00:00:00+00:00,0.000690561,1.10608,0.0527088,0.00454365,0.000159424,0.00213099,6.81978e-07,8.52473e-08,6.0402e-08,-1.21815e-05,0.000703448,0.0011666,-0.000463156,27,0,0.000264431
2024-09-05 00:00:00+00:00,9.25082e-05,1.10618,0.0518905,0.0041869,-4.71064e-05,0.000709283,2.26981e-07,2.83727e-08,1.08627e-08,-2.29563e-07,9.30342e-05,-0.000713162,0.000806196,27,0,7.60443e-05
2024-09-06 00:00:00+00:00,0.00019309,1.1064,0.0499126,0.00402626,-2.88495e-06,0.000739119,2.36516e-07,2.95645e-08,8.0751e-09,-4.9712e-06,0.000198362,-0.000812765,0.00101113,27,0,0
2024-09-07 00:00:00+00:00,-6.57691e-05,1.10632,0.049045,0.00400438,-0.000272365,0,0,0,0,-9.5415e-07,-6.47612e-05,0.00037363,-0.000438392,27,0,0
2024-09-08 00:00:00+00:00,-0.000127156,1.10618,0.0496449,0.00420489,-0.000297455,0.00237319,7.59351e-07,1.6193e-07,2.90595e-08,3.00827e-06,-0.000129173,0.000703967,-0.00083314,27,0,0
2024-09-09 00:00:00+00:00,-0.000358067,1.10579,0.0387402,-0.00178651,-0.00559559,0.0142827,4.57036e-06,5.71295e-07,7.34038e-07,5.29241e-07,-0.000352688,0.000617438,-0.000966823,24,0,0
2024-09-10 00:00:00+00:00,-3.8293e-05,1.10574,0.0381434,-0.00134912,-0.00555879,0.000235208,7.52658e-08,9.40823e-09,1.9296e-10,7.08312e-07,-3.8893e-05,4.75598e-05,-8.64528e-05,24,0,0
2024-09-11 00:00:00+00:00,0.000534858,1.10634,0.0373634,-0.000788599,-0.00464315,0.00245066,7.84307e-07,2.83447e-07,2.12607e-08,2.91165e-07,0.000535558,-9.67472e-05,0.000632305,24,0,0
2024-09-12 00:00:00+00:00,-0.000217723,1.10609,0.0403352,0.00228235,-0.00330875,0.00189286,6.05717e-07,1.77081e-07,1.33344e-08,1.45e-07,-0.000217054,0.000394361,-0.000611414,24,0,0.000284603
2024-09-13 00:00:00+00:00,-0.000828066,1.10518,0.0410634,0.00292478,-0.00316929,0.00116578,3.73047e-07,6.68668e-08,1.29075e-08,8.00167e-06,-0.00083589,0.000192332,-0.00102822,24,0,0.000364436
2024-09-14 00:00:00+00:00,-3.96612e-05,1.10513,0.0414515,0.0028342,-0.00363131,0.000234834,7.51405e-08,9.39257e-09,2.12997e-09,5.78889e-06,-4.53454e-05,-0.000347896,0.000302551,24,0,0
2024-09-15 00:00:00+00:00,0.000341977,1.10551,0.0409923,0.00297412,-0.0033684,0,0,0,0,5.33817e-07,0.000341409,-0.00053589,0.000877299,24,0,0.000178654
2024-09-16 00:00:00+00:00,8.50574e-05,1.10561,0.0398614,0.00347794,-0.00209105,0.0036471,1.16707e-06,7.38041e-07,4.0284e-08,2.14412e-06,8.48763e-05,-0.000269555,0.000354431,24,0,0.00183036
2024-09-17 00:00:00+00:00,0.000333011,1.10597,0.0459052,0.00550653,-5.78709e-05,0.0103897,3.32479e-06,2.93322e-06,1.17955e-07,1.28248e-05,0.000326538,0.0006241,-0.000297562,24.5625,0,0.00320825
2024-09-18 00:00:00+00:00,-0.000174029,1.10578,0.0588588,0.0079857,-0.000534725,0.0296299,9.48151e-06,8.14027e-06,4.40169e-07,3.15194e-05,-0.000187432,0.00106609,-0.00125352,27.2292,0,0.00483018
2024-09-19 00:00:00+00:00,-0.000566609,1.10516,0.103084,0.0107413,-0.00254001,0.0385747,1.23431e-05,3.69327e-06,6.83056e-07,5.38435e-05,-0.000602634,0.00188608,-0.00248871,29.0833,0,0.00523414
2024-09-20 00:00:00+00:00,-0.000441169,1.10467,0.108394,0.0105723,-0.00411468,0.0151246,4.83935e-06,1.09663e-06,2.06091e-07,3.4974e-05,-0.000469441,0.000694858,-0.0011643,30,0,0.00377983
2024-09-21 00:00:00+00:00,0.000233605,1.10493,0.101205,0.0120831,-0.00200138,0.0154048,5.63843e-06,4.15482e-06,5.25846e-07,1.92118e-05,0.000224905,0.00118061,-0.000955235,29.8958,1,0.00283201
2024-09-22 00:00:00+00:00,0.000206787,1.10515,0.0974887,0.0107399,-0.00181787,0.00480348,1.53718e-06,6.62467e-07,5.12628e-08,4.54495e-06,0.000204627,-0.00179694,0.00200157,29.9583,0,0.00248919
2024-09-23 00:00:00+00:00,0.0010485,1.10631,0.0976702,0.00927131,0.000586201,0.026548,8.49509e-06,1.5397e-06,7.56524e-07,2.21102e-05,0.00103685,0.00225917,-0.00122712,30,0,0.00285981
2024-09-24 00:00:00+00:00,-0.000847499,1.10538,0.104322,0.00968297,-0.00106611,0.0240617,7.69885e-06,1.73082e-06,3.77013e-07,9.46195e-06,-0.000847139,0.00197343,-0.00282057,30,0,0.00427344
2024-09-25 00:00:00+00:00,-0.00145073,1.10377,0.11323,0.00841116,-0.00154516,0.0169576,5.42511e-06,1.06861e-06,3.10937e-07,6.14697e-06,-0.00145052,-0.000899285,-0.000551239,30,0,0.00351857
2024-09-26 00:00:00+00:00,-0.00151488,1.1021,0.100758,0.00653413,-0.00111404,0.0280627,8.97696e-06,1.90157e-06,5.40977e-07,4.97037e-06,-0.00150868,0.00245601,-0.0039647,30,0,0.00212461
2024-09-27 00:00:00+00:00,-0.00138486,1.10057,0.0843065,0.00544359,0.000541278,0.0236134,8.08826e-06,1.55902e-06,4.78554e-07,5.58577e-07,-0.00137585,0.00120359,-0.00257944,28.9167,2,0.000871811
2024-09-28 00:00:00+00:00,-0.00104709,1.09942,0.0695001,0.00441921,4.32999e-05,0.014814,4.73993e-06,1.32158e-06,1.41612e-07,-1.36102e-06,-0.00103987,-0.000473376,-0.000566492,28,0,9.68663e-06
2024-09-29 00:00:00+00:00,-3.42587e-05,1.09938,0.0564727,0.00471154,0.00116789,0.0157343,5.58144e-06,1.7058e-06,1.88592e-07,-2.16812e-06,-2.44718e-05,4.14808e-05,-6.59526e-05,27.8333,1,0
2024-09-30 00:00:00+00:00,0.000200498,1.0996,0.0405137,0.00328716,0.00132585,0.0105187,3.36591e-06,2.55499e-06,1.05335e-07,2.19027e-07,0.000206333,-0.000941233,0.00115101,25.2292,0,0
2024-10-01 00:00:00+00:00,3.02708e-05,1.09964,0.0348487,0.00317082,0.00168587,0.00405027,1.29608e-06,5.40007e-07,8.53934e-09,-1.22182e-06,3.33819e-05,-0.00103457,0.00106795,26,0,0
2024-10-02 00:00:00+00:00,-4.75619e-05,1.09959,0.0294185,0.00311807,0.00183801,0.00286363,9.1636e-07,3.13885e-07,3.06494e-09,1.25729e-06,-4.7558e-05,-0.000434593,0.000387035,26,0,0
2024-10-03 00:00:00+00:00,-0.000176838,1.09939,0.0252111,0.00264167,0.00204735,0.0035446,1.13427e-06,4.05797e-07,4.23781e-09,1.52831e-06,-0.000176804,-0.000305397,0.000128594,26,0,0
2024-10-04 00:00:00+00:00,0.000146438,1.09955,0.0218365,0.00220872,0.00200521,0.00342482,1.09595e-06,7.5909e-07,3.87139e-09,3.73091e-06,0.000144571,0.000587923,-0.000443352,26,0,0
2024-10-05 00:00:00+00:00,-0.000122191,1.09942,0.0190553,0.00185096,0.00164245,0.00320349,1.02511e-06,7.45626e-07,2.91979e-09,1.32158e-06,-0.000121743,-8.73533e-05,-3.43896e-05,26,0,0
2024-10-06 00:00:00+00:00,-6.71229e-05,1.09934,0.0161244,0.00147876,0.0013039,0.00306802,9.81764e-07,8.13567e-07,2.4302e-09,1.50918e-06,-6.68299e-05,0.000257441,-0.000324271,26,0,0
2024-10-07 00:00:00+00:00,0.000178741,1.09954,0.0128697,0.00114527,0.000911733,0.00327151,1.0469e-06,6.82722e-07,2.42772e-08,7.0062e-07,0.000179786,6.76534e-05,0.000109818,24,0,0
2024-10-08 00:00:00+00:00,3.92691e-05,1.09958,0.010841,0.00107186,0.0010067,0.001474,4.71681e-07,5.03867e-07,9.50216e-10,7.53495e-07,3.94948e-05,-4.04443e-05,7.99391e-05,24,0,0
2024-10-09 00:00:00+00:00,-6.47936e-05,1.09951,0.00927727,0.000913338,0.000847771,0.00131824,4.21837e-07,5.70525e-07,7.63754e-10,4.98052e-07,-6.42993e-05,-0.000189884,0.000125585,24,0,0
2024-10-10 00:00:00+00:00,-1.45651e-05,1.0995,0.00778429,0.000761117,0.000670566,0.00117561,3.76196e-07,5.52818e-07,6.22639e-10,4.93488e-07,-1.41281e-05,-8.91741e-06,-5.21067e-06,24,0,0
2024-10-11 00:00:00+00:00,3.05811e-05,1.09953,0.00690478,0.000668559,0.00060917,0.00102175,3.26961e-07,4.36617e-07,4.84544e-10,9.23205e-07,3.04221e-05,0.000190192,-0.00015977,24,0,0
2024-10-12 00:00:00+00:00,5.31921e-05,1.09959,0.00619243,0.000606527,0.000552988,0.000868352,2.77873e-07,3.48361e-07,3.38756e-10,5.80907e-07,5.32376e-05,0.000106107,-5.28694e-05,24,0,0
2024-10-13 00:00:00+00:00,4.2884e-05,1.09964,0.00545239,0.000582937,0.000544822,0.000688453,2.20305e-07,2.50707e-07,2.43674e-10,7.48697e-07,4.26061e-05,2.73125e-05,1.52936e-05,24,0,0
2024-10-14 00:00:00+00:00,-7.94108e-06,1.09963,0.00485876,0.000721314,0.000489661,0.000783395,2.50686e-07,2.54667e-07,1.67073e-09,5.7129e-07,-8.00472e-06,0.000157008,-0.000165169,23,0,0
2024-10-15 00:00:00+00:00,-2.7003e-05,1.0996,0.00437266,0.00063389,0.000359331,0.000541235,1.73195e-07,1.2109e-07,2.4363e-10,-2.81249e-08,-2.66799e-05,-5.70359e-05,3.0356e-05,23,0,6.97936e-05
2024-10-16 00:00:00+00:00,-2.56382e-05,1.09957,0.00380334,0.000519093,0.000276018,0.000520305,1.66498e-07,5.30367e-08,2.63887e-10,1.51567e-07,-2.557e-05,-2.93604e-05,3.79045e-06,23,0,7.8736e-05
2024-10-17 00:00:00+00:00,-1.82517e-05,1.09955,0.00328213,0.000442774,0.00022348,0.000444949,1.42383e-07,3.87447e-08,1.8556e-10,1.59475e-07,-1.82298e-05,-4.30139e-05,2.47842e-05,23,0,0.000162015
2024-10-18 00:00:00+00:00,-2.15453e-05,1.09953,0.00333499,0.00056221,0.000215356,0.0026583,8.50655e-07,1.1346e-07,2.51511e-08,2.70972e-06,-2.32649e-05,6.24869e-05,-8.57518e-05,23,0,0.00190261
2024-10-19 00:00:00+00:00,-3.4981e-06,1.09952,0.00817401,0.0016746,0.000498475,0.0149638,4.7884e-06,6.13051e-07,1.3771e-07,6.12495e-06,-4.07943e-06,1.08326e-05,-1.4912e-05,23.8958,0,0.00404244
2024-10-20 00:00:00+00:00,-8.56326e-05,1.09943,0.0279615,0.00539701,0.00202043,0.0250249,8.00795e-06,1.85609e-06,2.61584e-07,8.10385e-06,-8.35912e-05,0.000109158,-0.000192749,26.75,0,0.00610799
2024-10-21 00:00:00+00:00,0.00209774,1.10173,0.0572545,0.00766028,-0.00299175,0.0601847,1.92591e-05,7.00248e-06,3.1898e-06,6.77665e-06,0.00211898,0.000326171,0.00173413,28,0,0.00715215
2024-10-22 00:00:00+00:00,-0.00230749,1.09919,0.0973365,0.00894752,-0.00157471,0.0559218,1.78938e-05,8.1356e-06,6.39261e-07,9.71239e-06,-0.00229204,-0.00140758,-0.000884454,28.625,0,0.00887681
2024-10-23 00:00:00+00:00,-0.0019789,1.09702,0.0934518,0.00939581,0.000145229,0.0606285,1.94002e-05,1.37381e-05,4.44457e-07,5.57337e-06,-0.00195242,-0.00202751,7.50918e-05,29,0,0.00830621
2024-10-24 00:00:00+00:00,0.000650318,1.09773,0.0611813,0.00568431,0.000999658,0.0611951,1.95826e-05,1.07389e-05,3.98754e-07,1.76211e-06,0.000679269,0.00132468,-0.00064542,28.625,0,0.00663467
2024-10-25 00:00:00+00:00,9.83839e-05,1.09784,0.0742069,0.00816925,0.00296949,0.124403,3.98137e-05,1.4692e-05,2.12305e-06,9.25203e-07,0.000154815,-0.00305117,0.00320598,27.0833,0,0.00848573
2024-10-26 00:00:00+00:00,0.00201977,1.10005,0.133262,0.0100962,-1.03877e-05,0.123889,3.96458e-05,1.55199e-05,2.01311e-06,6.58493e-06,0.00206924,0.00194935,0.00011989,27,0,0.0104708
2024-10-27 00:00:00+00:00,-0.000191029,1.09984,0.185162,0.00959727,-0.00203929,0.0720314,2.30507e-05,8.53456e-06,9.27117e-07,6.63205e-06,-0.000164525,0.00159148,-0.00175601,27.8333,0,0.0127015
2024-10-28 00:00:00+00:00,0.000319586,1.1002,0.243058,0.022431,0.00137022,0.246824,7.89862e-05,4.11088e-05,8.42185e-06,3.89554e-07,0.000450656,0.00105081,-0.00058633,29,0,0.0140693
2024-10-29 00:00:00+00:00,-0.00125469,1.09882,0.308472,0.0278195,0.00147472,0.198849,6.36329e-05,2.53939e-05,3.34228e-06,-3.61874e-05,-0.001124,0.00633956,-0.00746356,29.3542,0,0.0154975
2024-10-30 00:00:00+00:00,-0.00155593,1.09711,0.278708,0.0199926,-0.00129504,0.208429,6.669e-05,1.89254e-05,2.35274e-06,-2.0362e-05,-0.00144694,-0.00482766,0.00338072,30,0,0.0140971
2024-10-31 00:00:00+00:00,-0.00129129,1.09569,0.19936,0.0109152,-0.0014475,0.179189,5.73391e-05,1.71649e-05,2.04628e-06,-8.05566e-06,-0.00120613,-0.00453515,0.00332902,30,0,0.0125818
2024-11-01 00:00:00+00:00,0.00206713,1.09795,0.130589,0.000727144,0.00082818,0.151469,4.84723e-05,1.91192e-05,1.56598e-06,1.81766e-06,0.00213419,-0.000541143,0.00267528,29.0625,0,0.0111241
2024-11-02 00:00:00+00:00,-0.000842334,1.09703,0.119474,-0.00117764,0.000246024,0.112685,3.60583e-05,2.70843e-05,1.09991e-06,2.39235e-06,-0.000780276,-0.00127327,0.000492991,29,0,0.0122142
2024-11-03 00:00:00+00:00,0.000532452,1.09761,0.133416,-0.000729262,0.00089038,0.182659,5.84548e-05,3.30784e-05,2.7565e-06,6.81795e-06,0.000620682,-0.00152917,0.00214985,29.6458,0,0.0120559
2024-11-04 00:00:00+00:00,4.24697e-05,1.09766,0.140809,-0.00456728,0.00143278,0.139662,4.46921e-05,1.43813e-05,1.55333e-06,2.00624e-06,0.000101524,-0.00233502,0.00243846,28.8958,0,0.0113187
2024-11-05 00:00:00+00:00,0.00298643,1.10094,0.163952,-0.00323357,0.000534984,0.149752,4.79233e-05,1.97593e-05,2.4952e-06,5.89535e-06,0.00304744,0.00513777,-0.00209033,29,0,0.0115862
2024-11-06 00:00:00+00:00,-0.00534493,1.09505,0.253804,-0.00927062,-0.00184551,0.285481,9.13434e-05,2.27104e-05,6.5392e-06,-7.30724e-06,-0.00522804,0.0134024,-0.0186305,30,0,0.0133476
2024-11-07 00:00:00+00:00,-0.00216625,1.09268,0.130308,0.00189716,-6.92869e-05,0.281834,9.01718e-05,2.17845e-05,5.27443e-06,-9.24057e-07,-0.00204879,-0.000520825,-0.00152797,30,0,0.0108396
2024-11-08 00:00:00+00:00,3.20573e-06,1.09269,0.0838534,0.0103243,0.00184113,0.154444,4.94222e-05,9.70996e-06,2.21834e-06,-2.1549e-06,6.72143e-05,-0.00014799,0.000215204,30,0,0.0100095
2024-11-09 00:00:00+00:00,-0.000965714,1.09163,0.0788965,0.00493469,-0.00084155,0.170523,5.461e-05,9.02173e-06,2.09884e-06,-1.67918e-06,-0.000898263,0.00134331,-0.00224159,29.0625,1,0.00992658
2024-11-10 00:00:00+00:00,-0.000409304,1.09118,0.0403561,0.00530477,-0.000239293,0.1045,3.3469e-05,8.30318e-06,1.1311e-06,-3.00548e-06,-0.00036326,0.000963099,-0.00132637,27.1667,1,0.00767112
2024-11-11 00:00:00+00:00,-0.000678903,1.09044,0.0226493,0.00475324,0.000523104,0.090504,2.89608e-05,1.11383e-05,2.48386e-06,6.461e-06,-0.000642762,0.000430419,-0.00107733,23.5,0,0.00536687
2024-11-12 00:00:00+00:00,-0.000187951,1.09024,0.0146318,0.00247673,0.000563958,0.0499214,1.59747e-05,6.57543e-06,7.95417e-07,8.90555e-07,-0.000165435,-0.000530489,0.000365112,23.9375,0,0.00482225
2024-11-13 00:00:00+00:00,-5.83844e-05,1.09017,0.00586171,0.000903074,8.11741e-05,0.0213392,6.82855e-06,4.67321e-06,2.11279e-07,2.15169e-07,-4.68816e-05,-0.00020489,0.000158038,20.1042,0,0.00384463
2024-11-14 00:00:00+00:00,5.16158e-05,1.09023,0.00184691,5.0995e-05,-0.000282747,0.00799485,2.55836e-06,9.61809e-07,7.24399e-08,5.33179e-07,5.468e-05,1.94558e-05,3.51895e-05,16.1458,0,0.00193681
2024-11-15 00:00:00+00:00,6.31237e-06,1.09024,0.00465252,0.000394777,-0.000294938,0.025245,8.07842e-06,4.2502e-06,2.36437e-07,9.49823e-07,1.79314e-05,0.000197503,-0.000179694,13.8125,0,0.00355669
2024-11-16 00:00:00+00:00,0.000640738,1.09094,0.0108667,0.00183254,-0.00018072,0.0458399,1.46689e-05,7.75603e-06,5.22734e-07,1.75863e-06,0.000661776,0.00040861,0.000253186,14.1667,0,0.0048628
2024-11-17 00:00:00+00:00,-7.79919e-05,1.09085,0.0199761,0.00434653,0.000188397,0.0706103,2.25953e-05,8.14547e-06,7.7416e-07,6.04121e-06,-5.24498e-05,-0.000207975,0.000155525,18.5417,0,0.00613158
2024-11-18 00:00:00+00:00,0.000316676,1.0912,0.0346059,0.00245635,-0.00274164,0.122945,3.93434e-05,2.97538e-05,1.64384e-06,1.08515e-05,0.000376751,0.000189135,0.000160088,24.1667,0,0.00725531
2024-11-19 00:00:00+00:00,0.000428856,1.09166,0.0327893,0.00202271,-0.00216218,0.0979206,3.13348e-05,2.62537e-05,9.50499e-07,-1.37563e-06,0.000488809,-0.000184353,0.000673151,26.5833,0,0.007091
2024-11-20 00:00:00+00:00,0.000717982,1.09245,0.0405092,0.00370648,-0.000280601,0.115412,3.69323e-05,2.14338e-05,1.31976e-06,-1.68524e-06,0.000779243,-0.00073692,0.00151613,25.8958,0,0.00834991
2024-11-21 00:00:00+00:00,0.00037674,1.09286,0.0867831,0.00830492,-0.000980962,0.229806,7.35377e-05,4.26038e-05,3.42104e-06,-8.33624e-06,0.000506176,0.00336365,-0.00285751,27.9167,0,0.011937
2024-11-22 00:00:00+00:00,0.00130293,1.09428,0.226469,0.0189819,-6.58257e-05,0.455904,0.000145902,0.000136354,1.10662e-05,-1.49638e-06,0.00159941,0.00332057,-0.00172115,29,0,0.0203267
2024-11-23 00:00:00+00:00,-0.00792563,1.08561,0.219161,0.005601,-0.00316621,0.497697,0.000162824,0.000198142,1.44462e-05,6.97677e-06,-0.00758155,0.00215887,-0.00974048,29.6042,1,0.0201272
2024-11-24 00:00:00+00:00,-0.00279576,1.08258,0.148448,0.00250851,-0.00526549,0.395736,0.000126623,0.000163889,9.53458e-06,9.99116e-06,-0.00250621,-0.000698587,-0.00180765,27.6875,0,0.0174401
2024-11-25 00:00:00+00:00,-0.0029516,1.07938,0.137015,0.0116204,0.000640349,0.534764,0.00017111,0.000230145,2.27735e-05,9.63278e-06,-0.00253779,-0.00359651,0.000827397,29.8333,0,0.0154369
2024-11-26 00:00:00+00:00,0.00197744,1.08151,0.0988566,0.00479621,3.39126e-05,0.278306,8.90636e-05,9.99279e-05,4.93869e-06,-2.8129e-06,0.00217405,-0.00102605,0.00320008,25.5833,0,0.0137287
2024-11-27 00:00:00+00:00,0.00172429,1.08338,0.0920029,0.00548759,-0.000136539,0.239718,7.67141e-05,0.000102868,3.30321e-06,1.5359e-05,0.00189164,0.00284807,-0.000956431,27.2708,0,0.0151665
2024-11-28 00:00:00+00:00,-0.0013033,1.08197,0.0903063,0.00683425,0.000317647,0.304134,9.73199e-05,0.000144711,4.50338e-06,9.07156e-06,-0.00106519,0.000791502,-0.0018567,27.3333,0,0.0165689
2024-11-29 00:00:00+00:00,-0.000435751,1.0815,0.0917224,0.00964149,-0.000173407,0.285978,9.15058e-05,0.000120062,3.57125e-06,7.90025e-06,-0.000225059,0.00187105,-0.00209612,28.0208,0,0.0159419
2024-11-30 00:00:00+00:00,0.00430701,1.08615,0.12112,0.0188397,0.00475084,0.351089,0.000112358,0.000107588,4.93364e-06,1.19205e-05,0.0045119,0.00305536,0.00145654,27.1458,0,0.0164588
2024-12-01 00:00:00+00:00,-0.00273406,1.08318,0.148846,0.01414,0.00300399,0.460227,0.000147251,0.000138744,7.59866e-06,-1.02024e-05,-0.00242736,0.00308545,-0.0055128,29.1042,0,0.0173198
2024-12-02 00:00:00+00:00,0.00355908,1.08704,0.210657,0.0263885,0.00657049,0.688786,0.000220438,0.000199241,2.05576e-05,-1.04646e-05,0.00401087,0.00352776,0.000474272,29.6875,0,0.0174185
2024-12-03 00:00:00+00:00,0.00455282,1.09199,0.228639,0.0313225,0.00914758,0.559262,0.000178993,0.000138616,1.19497e-05,8.74365e-06,0.0048736,0.00273518,0.00213842,29.8125,0,0.0195205
2024-12-04 00:00:00+00:00,0.00290336,1.09516,0.259563,0.0312077,0.0108866,0.465749,0.000149068,9.43788e-05,8.58752e-06,5.55003e-06,0.00315789,0.00539217,-0.00223429,30,0,0.022697
2024-12-05 00:00:00+00:00,-0.00451161,1.09022,0.312441,0.0433019,0.0108332,0.595988,0.000190668,0.000102659,1.24773e-05,-6.71303e-06,-0.00419379,-0.000557419,-0.00363637,30,0,0.0246457
2024-12-06 00:00:00+00:00,0.000691832,1.09097,0.274989,0.0352327,0.00825982,0.539042,0.000172496,9.55398e-05,1.18553e-05,2.69829e-06,0.000972878,0.00541071,-0.00443783,30,0,0.0240739
2024-12-07 00:00:00+00:00,-0.00350003,1.08715,0.295361,0.0300486,0.00321336,0.573327,0.000183439,7.47439e-05,1.076e-05,5.18777e-05,-0.00327842,0.00323611,-0.00651455,29.7917,0,0.024204
2024-12-08 00:00:00+00:00,0.00331121,1.09075,0.260008,0.0152072,-0.00342878,0.47076,0.000150654,7.77748e-05,6.21196e-06,4.6795e-05,0.00349721,0.00108346,0.00241377,28.8958,0,0.0218552
2024-12-09 00:00:00+00:00,-0.00578688,1.08444,0.283999,0.0296362,0.00525307,0.790998,0.000253071,0.000144536,2.2334e-05,5.18553e-06,-0.00537131,-0.0218356,0.0164827,30,0,0.0211734
2024-12-10 00:00:00+00:00,0.00948499,1.09473,0.324979,0.0195364,0.0061929,0.665843,0.000213119,3.82455e-05,1.55845e-05,-1.93232e-05,0.00973888,0.00468558,0.0050533,30,0,0.0218968
2024-12-11 00:00:00+00:00,0.00775843,1.10322,0.434878,0.0239624,0.00657003,0.383772,0.000122839,2.63354e-05,7.57911e-06,-3.67553e-06,0.00789991,0.0194779,-0.011578,30,0,0.0241024
2024-12-12 00:00:00+00:00,0.00936048,1.11355,0.506969,0.0392224,0.00432819,0.333669,0.000106839,2.3394e-05,8.49332e-06,-7.94653e-06,0.00948229,0.00630577,0.00317651,30,0,0.0271549
2024-12-13 00:00:00+00:00,0.00699509,1.12134,0.561974,0.04574,0.00353837,0.435906,0.000139434,2.38198e-05,9.30722e-06,-2.49207e-07,0.00717143,0.0117028,-0.00453137,30,0,0.0296265
2024-12-14 00:00:00+00:00,-0.000759916,1.12048,0.661643,0.0582882,0.00439764,0.338927,0.00010846,2.47565e-05,5.56266e-06,8.80093e-06,-0.000617639,-0.0143637,0.013746,30,0,0.0321047
2024-12-15 00:00:00+00:00,0.00828561,1.12977,0.847628,0.0578442,0.00201683,0.460599,0.000147431,2.84892e-05,9.4015e-06,3.3874e-05,0.0084204,0.0180149,-0.00959447,30,0,0.0331289
2024-12-16 00:00:00+00:00,0.0155775,1.14737,1.03565,0.0478956,-0.0074164,0.827158,0.000264785,6.64082e-05,2.67802e-05,-6.27917e-06,0.015852,-0.001366,0.0171356,29.9792,0,0.0362903
2024-12-17 00:00:00+00:00,-0.00458635,1.14211,1.12001,0.0413664,-0.0125812,0.608626,0.000194739,0.000176716,1.29226e-05,1.95314e-06,-0.00416287,-0.0123931,0.00823018,30,0,0.0392617
2024-12-18 00:00:00+00:00,0.00298297,1.14551,1.17688,0.0413506,-0.00549924,0.794432,0.000254293,0.000133687,2.64959e-05,6.46901e-05,0.00336892,-0.0518817,0.0552506,30,0,0.0384941
2024-12-19 00:00:00+00:00,0.00727391,1.15384,1.12523,0.0217324,0.00128107,0.853241,0.000273088,4.59582e-05,3.13068e-05,-1.6615e-05,0.00764101,-0.042758,0.050399,30,0,0.0376318
2024-12-20 00:00:00+00:00,-0.00130115,1.15234,1.1644,0.0235298,0.00348953,1.03082,0.000329921,5.32738e-05,4.24576e-05,-9.50784e-08,-0.000820662,0.0286089,-0.0294295,30,0,0.0368809
2024-12-21 00:00:00+00:00,0.00293939,1.15573,1.2837,0.0549532,0.00224405,0.954247,0.000305411,3.83009e-05,3.58357e-05,0.000100676,0.00323815,-0.0275628,0.0308009,30,0,0.037694
2024-12-22 00:00:00+00:00,0.00353648,1.15982,1.44248,0.0606385,0.00526945,0.747448,0.000239217,2.99021e-05,2.32179e-05,6.15188e-05,0.00379024,0.00106588,0.00272435,30,0,0.0380066
2024-12-23 00:00:00+00:00,-0.0107755,1.14732,1.54815,0.0528962,-0.0079117,1.71661,0.000549402,7.1223e-05,0.000129035,9.32337e-05,-0.0101111,0.052627,-0.0628287,30,0,0.0387401
2024-12-24 00:00:00+00:00,-0.00617887,1.14023,1.43695,0.0656704,-0.00341657,1.34024,0.000428778,5.35972e-05,3.71239e-05,6.12294e-05,-0.0056858,0.014278,-0.0199638,30,0,0.0393745
2024-12-25 00:00:00+00:00,0.00396328,1.14475,1.49018,0.0603273,0.0029446,0.935182,0.000299313,3.74141e-05,2.4037e-05,4.90068e-05,0.00429168,-0.0125058,0.0167975,30,0,0.038264
2024-12-26 00:00:00+00:00,0.00591938,1.15153,1.46359,0.0376824,0.00912093,0.679947,0.00021761,2.72013e-05,1.68151e-05,0.000112936,0.00607619,-0.0438652,0.0499414,30,0,0.0378397
2024-12-27 00:00:00+00:00,-0.000827412,1.15057,1.47394,0.0229588,-0.00529665,1.25135,0.0004006,6.36926e-05,4.36065e-05,4.18447e-05,-0.000333097,-0.0027241,0.002391,30,0,0.038899
2024-12-28 00:00:00+00:00,0.00463095,1.1559,1.4479,0.0444486,-0.00270149,1.12954,0.000361461,4.7691e-05,2.82845e-05,5.37715e-05,0.00501771,0.0222592,-0.0172415,30,0,0.0372443
2024-12-29 00:00:00+00:00,0.00531571,1.16205,1.25095,0.074876,0.00512945,0.627317,0.000200759,3.24132e-05,1.21485e-05,2.06457e-05,0.00553547,-0.0211048,0.0266403,30,0,0.0362565
2024-12-30 00:00:00+00:00,-0.00136418,1.16046,1.27351,0.143373,0.0448209,0.975738,0.000312331,0.000144066,6.36814e-05,0.000399109,-0.00119344,-3.09275e-05,-0.00119978,30,0,0.0357784
2024-12-31 00:00:00+00:00,-0.0102276,1.14859,1.29947,0.122106,0.0250971,0.724688,0.000231783,7.22592e-05,2.21093e-05,0.0001142,-0.00998372,-0.00466745,-0.00531627,30,0,0.0354287
2025-01-01 00:00:00+00:00,0.00837523,1.15821,1.32421,0.11342,0.0198774,0.769846,0.000246377,5.27139e-05,1.58313e-05,9.07386e-05,0.00861923,0.0321347,-0.0235155,30,0,0.0337411
2025-01-02 00:00:00+00:00,0.00365905,1.16245,1.28929,0.152631,0.0200643,1.21582,0.000395415,0.000162775,4.44985e-05,4.87518e-05,0.00426015,0.0260746,-0.0218144,30,1,0.0346926
2025-01-03 00:00:00+00:00,0.00587143,1.16927,1.33198,0.124441,0.0296558,1.26936,0.000406257,0.000125683,3.90396e-05,9.32264e-05,0.00636174,0.0482436,-0.0418818,30,0,0.036066
2025-01-04 00:00:00+00:00,-0.00153722,1.16748,1.27468,0.147091,0.0291353,0.842061,0.000269476,7.10512e-05,2.05363e-05,0.000236506,-0.00139226,-0.00314673,0.00175447,30,0,0.0365281
2025-01-05 00:00:00+00:00,-0.00583006,1.16067,1.4423,0.161043,0.0362622,0.535724,0.000171412,3.35011e-05,1.14704e-05,0.000238079,-0.00585487,-0.00967723,0.00382236,30,0,0.0352555
2025-01-06 00:00:00+00:00,-0.00196454,1.15839,1.4227,0.241827,0.0290431,1.10519,0.000353595,7.39794e-05,6.49613e-05,0.000352589,-0.00179688,0.00846365,-0.00983326,30,0,0.0334117
2025-01-07 00:00:00+00:00,-0.00218274,1.15586,1.32111,0.16243,0.0117874,0.840285,0.000268923,4.99428e-05,2.28335e-05,0.000579076,-0.0023822,-0.057262,0.0548798,30,0,0.0335066
2025-01-08 00:00:00+00:00,0.00431406,1.16085,1.39719,0.112503,0.0185861,0.459834,0.000147152,3.03137e-05,1.15556e-05,0.000462435,0.00407633,-0.0259491,0.0300254,30,0,0.0324129
2025-01-09 00:00:00+00:00,-0.0113574,1.14766,1.35433,0.0953998,0.0185623,0.547061,0.000174951,3.49515e-05,1.89175e-05,0.000177064,-0.0113261,-0.0416849,0.0303587,30,0,0.0309785
2025-01-10 00:00:00+00:00,0.00145161,1.14933,1.40715,0.0988768,0.01237,0.433262,0.000138706,2.40655e-05,1.57654e-05,0.000431199,0.00123247,0.0177048,-0.0164723,30,0,0.0298328
2025-01-11 00:00:00+00:00,0.00560246,1.15577,1.45039,0.105029,0.00988787,0.492622,0.00015769,5.01299e-05,1.41913e-05,0.000584394,0.00525579,0.0121834,-0.0069276,30,0,0.0294045
2025-01-12 00:00:00+00:00,-0.00715201,1.1475,1.39305,0.101019,0.0119484,0.358526,0.000114696,2.67779e-05,6.40622e-06,0.000350803,-0.00736478,-0.0204398,0.013075,30,0,0.0273715
2025-01-13 00:00:00+00:00,-0.00335595,1.14365,0.551296,0.0499355,0.00868421,1.83434,0.000586661,0.000111253,9.13194e-05,0.000290786,-0.00283248,-0.00753977,0.00468441,29.875,0,0.024492
2025-01-14 00:00:00+00:00,-0.000403027,1.14319,0.687082,0.0676339,0.0142072,0.324442,0.000103836,2.3437e-05,9.9959e-06,0.000465559,-0.000719247,0.0109652,-0.0116845,30,0,0.0238078
2025-01-15 00:00:00+00:00,-4.73479e-05,1.14314,0.744031,0.076747,0.0116254,0.351857,0.00011268,3.11403e-05,1.4165e-05,0.000367564,-0.000227262,0.0262329,-0.0264602,30,0,0.0207329
2025-01-16 00:00:00+00:00,-0.00159961,1.14131,0.691872,0.0645217,0.00599636,0.220964,7.07307e-05,1.50872e-05,8.03892e-06,0.000453804,-0.00194605,-0.00666698,0.00472094,30,0,0.0189264
2025-01-17 00:00:00+00:00,-0.00257556,1.13837,0.662214,0.0586135,0.00467246,0.227771,7.28786e-05,2.14981e-05,5.89993e-06,0.00069404,-0.00315364,0.0202607,-0.0234144,30,0,0.0174903
2025-01-18 00:00:00+00:00,0.00237483,1.14107,0.631739,0.0568301,0.0014784,0.376839,0.000126072,2.68964e-05,3.01585e-05,0.00109471,0.00148155,-0.0178181,0.0192997,30,1,0.0170707
2025-01-19 00:00:00+00:00,-0.00890766,1.13091,0.583339,0.0497214,-0.000633522,0.33453,0.000107001,3.33237e-05,1.00931e-05,4.76652e-05,-0.00881336,-0.0296919,0.0208786,30,0,0.0169465
2025-01-20 00:00:00+00:00,-0.000170604,1.13072,0.470705,0.0260378,0.00258692,0.117105,3.74402e-05,2.59975e-05,6.32402e-06,7.68113e-06,-8.26055e-05,3.79621e-05,-0.000120568,30,0,0.015611
2025-01-21 00:00:00+00:00,-0.00343737,1.12683,0.366663,0.0246908,0.000342023,0.173243,5.5412e-05,3.61256e-05,9.1301e-06,-1.96277e-05,-0.00331383,0.00379464,-0.00710847,30,0,0.0120629
2025-01-22 00:00:00+00:00,0.0029376,1.13014,0.30883,0.0227133,0.00180552,0.0406557,1.30116e-05,1.01661e-05,9.83525e-07,-5.54686e-06,0.00296542,-0.00156453,0.00452995,30,0,0.0105304
2025-01-23 00:00:00+00:00,-0.000400435,1.12969,0.299198,0.0176191,-0.00223838,0.0428622,1.37138e-05,1.35345e-05,2.67178e-06,4.76445e-06,-0.000372581,-0.00080206,0.000429479,30,0,0.0102438
2025-01-24 00:00:00+00:00,0.00336852,1.13349,0.302387,0.0198831,-0.00225309,0.0237479,7.60271e-06,6.39812e-06,4.98744e-07,2.5086e-06,0.00337855,-0.000956999,0.00433555,30,0,0.0103818
2025-01-25 00:00:00+00:00,0.00188032,1.13562,0.295115,0.0206676,-0.00242768,0.0367488,1.17616e-05,1.06602e-05,5.80181e-07,6.58773e-06,0.00189708,0.0017963,0.000100779,30,0,0.0119625
2025-01-26 00:00:00+00:00,5.50924e-05,1.13569,0.297358,0.0185733,-0.0038573,0.044813,1.43402e-05,1.15492e-05,6.58551e-07,5.90977e-06,7.68446e-05,-0.00556218,0.00563903,30,0,0.0131789
2025-01-27 00:00:00+00:00,0.00295767,1.13904,0.276072,0.0090245,-0.000635115,0.129475,4.14442e-05,2.85468e-05,4.38902e-06,1.23244e-05,0.00301827,-0.000387012,0.00341017,29.9583,0,0.0151879
2025-01-28 00:00:00+00:00,0.00786668,1.14801,0.343228,0.00448865,-0.00108068,0.153378,4.90945e-05,2.11258e-05,3.00066e-06,1.95811e-05,0.0078958,-0.00878848,0.0166843,30,0,0.0182856
2025-01-29 00:00:00+00:00,-0.00666361,1.14036,0.412709,-0.00250983,-0.00237634,0.0858316,2.74577e-05,1.60005e-05,1.64344e-06,1.97203e-05,-0.00665123,0.00336561,-0.0100168,30,0,0.0197518
2025-01-30 00:00:00+00:00,0.000836311,1.14131,0.431859,0.00396826,3.36649e-05,0.0874241,2.79764e-05,1.82398e-05,2.38153e-06,1.09592e-06,0.000888879,0.00970527,-0.00881639,30,0,0.0179848
2025-01-31 00:00:00+00:00,-0.00542568,1.13512,0.420857,0.00209127,-0.00367822,0.0802615,2.56735e-05,1.92277e-05,1.25775e-06,1.82859e-05,-0.00540459,-0.00269329,-0.0027113,30,0,0.0164847
2025-02-01 00:00:00+00:00,0.00172593,1.13708,0.376684,0.000465802,-0.0029906,0.0328279,1.05061e-05,9.44371e-06,3.62182e-07,1.43198e-05,0.00173272,-0.014966,0.0166987,30,0,0.0139075
2025-02-02 00:00:00+00:00,0.0023849,1.13979,0.337281,0.000889005,-0.00193005,0.121197,3.87899e-05,2.8104e-05,3.79779e-06,6.23606e-08,0.0024563,-0.0148881,0.0173444,30,0,0.0147418
2025-02-03 00:00:00+00:00,0.000257756,1.14008,0.348771,-0.0122189,0.000585061,0.44121,0.000147602,8.62424e-05,3.48833e-05,1.63817e-05,0.000531887,0.0123916,-0.0118886,29.8333,6,0.0163514
2025-02-04 00:00:00+00:00,-0.0011215,1.1388,0.35249,-0.0111433,-0.000206316,0.0933966,2.98865e-05,8.93146e-06,2.78651e-06,2.47009e-05,-0.00110072,-0.0114033,0.0103026,30,0,0.0169515
2025-02-05 00:00:00+00:00,-0.00243464,1.13603,0.358685,-0.00465008,0.00114307,0.0952572,3.04785e-05,9.01885e-06,2.6059e-06,-1.45813e-06,-0.0023907,-0.00593415,0.00354345,30,0,0.0156534
2025-02-06 00:00:00+00:00,0.000399227,1.13648,0.371062,-0.00339682,0.000417942,0.0875753,2.80216e-05,5.95539e-06,1.6922e-06,-2.94502e-05,0.000465772,-0.00727901,0.00774478,30,0,0.0139085
2025-02-07 00:00:00+00:00,0.00160121,1.1383,0.40737,-0.0139229,0.000315046,0.188448,6.03016e-05,1.17812e-05,3.89359e-06,-1.0598e-05,0.00168915,8.0245e-05,0.00160891,30,0,0.015456
2025-02-08 00:00:00+00:00,-0.000206244,1.13807,0.456425,-0.0175989,0.00156111,0.183301,5.86552e-05,9.45575e-06,4.26945e-06,-6.49453e-06,-0.000123997,0.00782023,-0.00794423,30,0,0.01789
2025-02-09 00:00:00+00:00,0.00549753,1.14433,0.514295,1.49032e-05,-3.66223e-05,0.370674,0.000118631,1.63181e-05,7.80087e-06,4.51153e-05,0.00558624,0.000245401,0.00534084,30,0,0.0203566
2025-02-10 00:00:00+00:00,-0.00165932,1.14243,0.640991,0.00423442,-0.0136962,0.461012,0.000147509,3.5225e-05,1.52584e-05,1.41312e-05,-0.00147084,0.00568915,-0.00721697,30,0,0.0223987
2025-02-11 00:00:00+00:00,-0.00328961,1.13867,0.712411,0.0169993,-0.0153567,0.369432,0.000118208,1.72575e-05,8.74828e-06,4.30007e-05,-0.00317528,-0.00256846,-0.000606816,30,0,0.0218272
2025-02-12 00:00:00+00:00,0.00117792,1.14001,0.815067,0.0314359,-0.00803102,0.539662,0.000172709,2.73955e-05,1.76782e-05,-2.73616e-05,0.00143626,0.017221,-0.0157848,30,0,0.0225022
2025-02-13 00:00:00+00:00,0.00270384,1.14309,0.866514,0.0764859,-0.000220507,0.470332,0.000150554,4.0153e-05,1.58953e-05,0.00010899,0.00281119,-0.00573164,0.00854283,30,0,0.0233076
2025-02-14 00:00:00+00:00,-0.00613277,1.13608,0.94432,0.112493,0.000645826,0.367468,0.000117549,2.85819e-05,1.0959e-05,7.99883e-05,-0.00606029,0.0103046,-0.0163649,30,0,0.0237993
2025-02-15 00:00:00+00:00,0.0082699,1.14548,0.877643,0.110596,0.00163472,0.366448,0.00011728,5.56994e-05,8.16331e-06,1.00171e-05,0.00841573,-0.000425799,0.00884153,30,0,0.023363
2025-02-16 00:00:00+00:00,0.00283462,1.14872,0.853901,0.0666013,0.00171106,0.473015,0.000151382,6.33285e-05,9.31865e-06,6.85171e-05,0.00299143,-0.00698651,0.00997795,30,0,0.0250029
2025-02-17 00:00:00+00:00,-0.00897405,1.13842,1.00013,0.0370772,3.79821e-05,0.484432,0.000154988,0.000159859,2.77402e-05,6.3822e-05,-0.00872155,-0.0119117,0.00322231,30,0,0.0248267
2025-02-18 00:00:00+00:00,-0.00513733,1.13257,1.01013,0.070454,0.00247007,0.349975,0.000111948,9.95638e-05,8.77719e-06,9.59135e-06,-0.00492051,-0.021225,0.0163045,30,0,0.022428
2025-02-19 00:00:00+00:00,-0.000789647,1.13167,0.983674,0.0500419,0.00367156,0.244219,7.81397e-05,5.29097e-05,6.91357e-06,7.00215e-05,-0.000714905,0.00942093,-0.0101358,30,0,0.0207933
2025-02-20 00:00:00+00:00,-0.0119994,1.11809,1.00561,0.0783807,0.00343221,0.225201,7.20467e-05,1.93515e-05,7.2886e-06,2.47681e-05,-0.0119781,0.00797919,-0.0199572,30,0,0.0193446
2025-02-21 00:00:00+00:00,-0.00273036,1.11504,0.863507,0.071764,0.00171068,0.275832,8.82402e-05,2.17438e-05,6.96722e-06,0.000134154,-0.00273011,-0.0127545,0.0100244,30,0,0.0157576
2025-02-22 00:00:00+00:00,-0.00532234,1.10911,0.695263,0.0543087,0.000647422,0.213818,7.04353e-05,1.03652e-05,9.21655e-06,5.27473e-05,-0.00529162,0.00736924,-0.0126609,30,1,0.0132089
2025-02-23 00:00:00+00:00,0.00416284,1.11372,0.601387,0.0530511,-0.00134681,0.101135,3.23659e-05,4.55805e-06,1.48353e-06,6.56287e-05,0.004129,-0.00194522,0.00607422,30,0,0.011216
2025-02-24 00:00:00+00:00,-0.00453026,1.10868,0.505062,0.0796205,-0.00764606,0.28225,9.02782e-05,2.93095e-05,2.28681e-05,0.000175341,-0.00456541,-0.0307646,0.0262859,30,0,0.0111879
2025-02-25 00:00:00+00:00,0.00025825,1.10896,0.437145,0.0489202,-0.000982572,0.0998101,3.19412e-05,1.27045e-05,2.47298e-06,9.85173e-05,0.000218814,0.00227028,-0.00205146,30,0,0.0106613
2025-02-26 00:00:00+00:00,-0.00831669,1.09974,0.412787,0.0414848,-0.00278661,0.0633686,2.0273e-05,7.04557e-06,2.0986e-06,9.41918e-05,-0.00840526,-0.00592595,-0.00247932,30,0,0.010714
2025-02-27 00:00:00+00:00,0.00398107,1.10412,0.404095,0.0386175,-0.00236428,0.0374056,1.19714e-05,3.24755e-06,8.35304e-07,3.98207e-05,0.00395604,0.00202132,0.00193472,30,0,0.00925119
2025-02-28 00:00:00+00:00,0.00143749,1.10571,0.350701,0.030133,-0.00170898,0.0730878,2.33949e-05,4.02824e-06,1.37034e-06,5.6536e-05,0.00141429,0.000523956,0.000890338,30,0,0.00884257
2025-03-01 00:00:00+00:00,0.000504432,1.10626,0.338915,0.0269014,-0.00334908,0.053331,1.70633e-05,4.26592e-06,1.19243e-06,4.35682e-05,0.000488893,-0.000524389,0.00101328,30,0,0.00867932
2025-03-02 00:00:00+00:00,-0.00885262,1.09647,0.327415,0.0301171,-0.00191208,0.232627,7.54791e-05,1.67728e-05,1.03541e-05,2.04339e-05,-0.00879682,0.020405,-0.0292018,30,1,0.00938843
2025-03-03 00:00:00+00:00,-0.00122504,1.09513,0.142355,0.0166502,-0.002105,0.257756,8.2474e-05,2.18685e-05,8.2145e-06,2.01819e-05,-0.00113061,-0.0112322,0.0102368,29.9375,0,0.00671968
2025-03-04 00:00:00+00:00,0.00016277,1.09531,0.104303,0.00862644,0.000872021,0.165434,5.29392e-05,9.14412e-06,3.59452e-06,1.65172e-05,0.000212862,0.000696957,-0.000484095,30,0,0.00789196
2025-03-05 00:00:00+00:00,-0.00356809,1.0914,0.115596,0.00384186,7.75957e-05,0.179409,5.74065e-05,9.26287e-06,3.31559e-06,1.71394e-05,-0.0035204,0.00185895,-0.00537935,30,0,0.00839574
2025-03-06 00:00:00+00:00,-0.00271281,1.08844,0.0724407,0.00196682,-0.000177598,0.166236,5.31887e-05,9.3838e-06,2.82313e-06,9.52773e-06,-0.00265912,-0.00141416,-0.00124498,29.6875,0,0.00529297
2025-03-07 00:00:00+00:00,0.000183533,1.08864,0.03323,0.00120835,0.000595392,0.102196,3.27027e-05,4.69507e-06,1.15903e-06,4.37924e-06,0.000217822,-0.000658957,0.000876736,27.3958,0,0.0030332
2025-03-08 00:00:00+00:00,0.000179034,1.08883,0.0370583,0.000916384,0.000353485,0.125217,4.00695e-05,5.04942e-06,1.43281e-06,2.27062e-06,0.000223342,-0.000180238,0.000403587,26.9583,0,0.00358035
2025-03-09 00:00:00+00:00,0.000295997,1.08915,0.0496081,0.000927871,-0.000188938,0.13345,4.27042e-05,8.58102e-06,1.29568e-06,2.12863e-06,0.000346566,-0.00225103,0.00259754,26.0625,0,0.00575414
2025-03-10 00:00:00+00:00,0.000672687,1.08989,0.0726012,0.00366508,0.00214772,0.221604,7.09162e-05,6.18462e-05,5.47272e-06,3.54996e-06,0.000808092,-0.00170377,0.00251194,26.9167,0,0.00890099
2025-03-11 00:00:00+00:00,-0.000710419,1.08911,0.11746,0.00493186,0.00352412,0.266175,8.51778e-05,3.94952e-05,5.90087e-06,1.4409e-05,-0.000593264,0.00345105,-0.00404423,27.3125,1,0.0114717
2025-03-12 00:00:00+00:00,6.39765e-05,1.08918,0.127415,0.0122446,0.00268892,0.231202,7.39857e-05,2.59562e-05,4.62197e-06,1.88517e-05,0.000151154,0.00254355,-0.00239238,27.4792,0,0.0113953
2025-03-13 00:00:00+00:00,7.82284e-05,1.08927,0.104752,0.0117564,0.00406295,0.196407,6.28511e-05,1.80259e-05,2.94774e-06,1.82165e-05,0.000144401,-0.00255963,0.00270402,28.9583,0,0.0101224
2025-03-14 00:00:00+00:00,-0.000770584,1.08843,0.086709,0.0113162,0.00377149,0.189279,6.05682e-05,2.19051e-05,2.75931e-06,1.23184e-05,-0.000697442,0.00165829,-0.00235572,29.4167,0,0.00909039
2025-03-15 00:00:00+00:00,-0.00035342,1.08804,0.0637364,0.0107721,0.00212855,0.149245,4.77582e-05,2.22058e-05,2.07874e-06,1.00141e-05,-0.000291214,0.000801693,-0.00109292,26.4375,0,0.00798752
2025-03-16 00:00:00+00:00,0.000117804,1.08817,0.0444929,0.00786215,0.00224662,0.132641,4.24453e-05,2.03601e-05,1.51199e-06,1.19528e-06,0.000181019,-0.000838658,0.00101966,24.5833,0,0.007983
2025-03-17 00:00:00+00:00,-0.000492457,1.08764,0.0648052,0.0141512,0.00267814,0.219051,7.00954e-05,1.76907e-05,6.88999e-06,8.22768e-05,-0.000479278,0.000315033,-0.000810192,24.5833,0,0.00893987
2025-03-18 00:00:00+00:00,0.00260861,1.09047,0.0774454,0.0159395,0.00300666,0.20024,6.40799e-05,2.14105e-05,2.7426e-06,8.4396e-05,0.0026109,0.00219031,0.000420564,25.5417,0,0.010311
2025-03-19 00:00:00+00:00,0.000295513,1.09079,0.0994809,0.0209564,0.00208869,0.235683,7.54206e-05,4.35293e-05,3.58593e-06,0.000235931,0.000183673,0.00334626,-0.00316261,25.375,0,0.0110505
2025-03-20 00:00:00+00:00,0.002767,1.09381,0.105177,0.0327032,0.00239449,0.22324,7.1442e-05,4.27504e-05,4.15535e-06,0.000702121,0.00218132,0.00048273,0.00169858,25.1042,0,0.0118691
2025-03-21 00:00:00+00:00,0.00388257,1.09806,0.133799,0.0321556,0.00456511,0.226769,7.25915e-05,4.41306e-05,4.7527e-06,0.000275905,0.00373276,0.00259076,0.00114201,27.6458,0,0.0129981
2025-03-22 00:00:00+00:00,-0.00260911,1.09519,0.121392,0.0173536,0.00609094,0.0886945,2.83787e-05,1.50162e-05,7.8971e-07,0.00081988,-0.00338563,-0.0020576,-0.00132804,28.9792,0,0.00947128
2025-03-23 00:00:00+00:00,-0.00157208,1.09347,0.056226,0.0100271,0.00408196,0.0937929,3.02863e-05,1.49393e-05,9.77214e-07,1.98575e-05,-0.00154663,-0.00023568,-0.00131095,29,1,0.00674208
2025-03-24 00:00:00+00:00,0.000627248,1.09416,0.0208065,0.00500421,0.00177682,0.0591489,1.92909e-05,4.97937e-06,1.19121e-06,1.56638e-05,0.00063691,0.00097336,-0.000339904,27.9375,1,0.00537049
2025-03-25 00:00:00+00:00,-6.76346e-06,1.09415,0.0286896,0.00498946,0.00198536,0.0714405,2.28609e-05,6.82024e-06,8.19848e-07,1.36833e-06,2.24086e-05,-2.74187e-06,2.51066e-05,26.5417,0,0.00642439
2025-03-26 00:00:00+00:00,-0.000147918,1.09399,0.0267806,0.00371602,0.00129199,0.0632151,2.02288e-05,4.40107e-06,6.78917e-07,1.55081e-06,-0.000124097,-0.000426874,0.000302691,22.7292,0,0.00658315
2025-03-27 00:00:00+00:00,-0.000157268,1.09382,0.0319301,0.0015132,0.00030026,0.0737027,2.3585e-05,3.58308e-06,1.14907e-06,-7.52137e-06,-0.00012136,-4.64545e-05,-7.48978e-05,22.6042,0,0.00655747
2025-03-28 00:00:00+00:00,-0.000152902,1.09365,0.0389517,0.00100246,0.000122488,0.0826018,2.64573e-05,4.82869e-06,1.31597e-06,8.03765e-06,-0.000128162,-0.00155066,0.00142247,22.4167,1,0.00669771
2025-03-29 00:00:00+00:00,-0.000123703,1.09352,0.0242972,0.00421085,0.00165893,0.0500074,1.60023e-05,2.53978e-06,5.69878e-07,1.70093e-05,-0.000121558,-0.000845084,0.000723513,22.5625,0,0.00516001
2025-03-30 00:00:00+00:00,0.000276159,1.09382,0.0187581,0.00424306,0.00175079,0.0428889,1.37245e-05,2.76759e-06,3.92519e-07,1.12396e-05,0.0002818,0.0001868,9.48876e-05,21.6667,0,0.00457303
2025-03-31 00:00:00+00:00,0.000180537,1.09401,0.0496207,0.00302389,0.00179189,0.139946,4.47833e-05,9.8038e-06,2.9762e-06,4.85697e-06,0.000233457,4.59696e-05,0.000211539,21.6042,0,0.00700101
2025-04-01 00:00:00+00:00,0.00304819,1.09735,0.115149,0.00849053,0.00774722,0.196741,6.29619e-05,1.05354e-05,4.09174e-06,1.06234e-05,0.0031123,0.00266799,0.000444311,25.8333,0,0.0110704
2025-04-02 00:00:00+00:00,0.00241004,1.09999,0.188721,0.0128838,0.00292756,0.308691,9.88105e-05,1.49414e-05,8.58396e-06,5.47179e-06,0.00252914,-0.00513641,0.00766555,28.625,0,0.0129628
2025-04-03 00:00:00+00:00,0.000583599,1.10064,0.300677,0.00280974,0.00418851,0.193891,6.20471e-05,8.60787e-06,4.88425e-06,7.60299e-05,0.000587171,0.00246527,-0.0018781,30,0,0.01415
2025-04-04 00:00:00+00:00,0.000190606,1.10085,0.391124,0.00967458,0.00646161,0.16592,5.30992e-05,8.88386e-06,4.12735e-06,6.2831e-05,0.000198107,0.00176696,-0.00156886,30,0,0.0155756
2025-04-05 00:00:00+00:00,-0.00053576,1.10026,0.409149,0.0212852,0.00864196,0.140346,4.49095e-05,1.03844e-05,2.77767e-06,2.53821e-05,-0.000498162,-0.00217402,0.00167586,30,0,0.0152662
2025-04-06 00:00:00+00:00,0.00464429,1.10537,0.39296,0.0185301,0.00744204,0.307784,9.85343e-05,1.58512e-05,8.58035e-06,-9.20945e-05,0.00485708,-0.0204251,0.0252822,30,0,0.0155506
2025-04-07 00:00:00+00:00,0.00834041,1.11459,0.456453,0.0238584,0.00499803,0.645835,0.000206753,6.10768e-05,6.20096e-05,-6.40953e-07,0.00864838,0.00741761,0.00129284,30,0,0.0183639
2025-04-08 00:00:00+00:00,0.00752901,1.12298,0.526563,0.0300791,0.00595305,0.315428,0.000100966,3.25548e-05,1.09239e-05,-7.71192e-05,0.00773028,-0.00864622,0.0163765,30,0,0.019351
2025-04-09 00:00:00+00:00,0.00638557,1.13015,0.643402,0.0404922,0.00668116,0.341745,0.000109359,5.61326e-05,1.32024e-05,-6.13255e-05,0.00662207,0.0445012,-0.0378791,30,0,0.0222994
2025-04-10 00:00:00+00:00,-0.00416009,1.12545,0.669582,0.0548021,0.00462678,0.157827,5.05021e-05,2.74302e-05,4.39404e-06,-5.53682e-05,-0.00402287,-0.0163762,0.0123533,30,0,0.0224816
2025-04-11 00:00:00+00:00,0.000345142,1.12583,0.703736,0.0621747,0.00477932,0.121301,3.88273e-05,2.15402e-05,7.39003e-06,-6.89721e-05,0.000514107,0.0170729,-0.0165588,30,0,0.0198893
2025-04-12 00:00:00+00:00,0.00111044,1.12708,0.651817,0.0444861,0.00320896,0.3296,0.000108462,5.0613e-05,2.51232e-05,-5.59114e-05,0.00137748,0.0202004,-0.0188229,30,1,0.0177384
2025-04-13 00:00:00+00:00,0.00943028,1.13771,0.591598,0.0218067,-0.00131489,0.225706,7.22489e-05,2.00944e-05,7.08753e-06,0.000122146,0.00938177,-0.00501593,0.0143977,30,0,0.0172785
2025-04-14 00:00:00+00:00,0.00569549,1.14419,0.681313,0.015611,-0.00297767,0.375753,0.000120234,2.65942e-05,1.78602e-05,0.000251796,0.00560367,0.00542009,0.00018374,30,0,0.0203606
2025-04-15 00:00:00+00:00,0.0084052,1.15381,0.795162,-0.00848659,-0.0126098,0.362388,0.000116016,2.28893e-05,1.22292e-05,0.000185805,0.0083513,-0.00596553,0.0143168,30,0,0.02429
2025-04-16 00:00:00+00:00,-0.0017454,1.1518,0.511406,-0.00620329,-0.00345977,1.13642,0.000363648,0.00010055,3.36707e-05,7.14458e-05,-0.00131304,-0.000658486,-0.000654543,29.8333,0,0.0277718
2025-04-17 00:00:00+00:00,-0.000316139,1.15143,0.401113,0.0334453,-0.00102638,0.662773,0.000212089,0.000148302,1.71236e-05,0.00018257,-0.00011394,0.00284158,-0.00295551,28.2708,0,0.0276508
2025-04-18 00:00:00+00:00,-0.00462423,1.14611,0.478269,0.0407019,-0.00150648,0.295411,9.45159e-05,6.2276e-05,7.53228e-06,0.000128457,-0.00458526,-0.00291584,-0.00166942,28.5208,0,0.0263999
2025-04-19 00:00:00+00:00,0.0026,1.14909,0.571418,0.0448768,-0.00774732,0.207125,6.62756e-05,4.64632e-05,5.44266e-06,0.000151441,0.00257516,0.00749214,-0.00491699,30,0,0.0260109
2025-04-20 00:00:00+00:00,0.0021706,1.15158,0.642565,0.046512,-0.0128281,0.136227,4.35956e-05,4.09723e-05,2.03944e-06,0.000158861,0.00210994,0.0013132,0.000796737,30,0,0.0251915
2025-04-21 00:00:00+00:00,0.000212931,1.15183,0.666464,0.0548423,-0.00579919,0.32928,0.000105408,9.11183e-05,2.52973e-05,0.000205657,0.000241322,-0.00131986,0.00156391,30,0,0.0255327
2025-04-22 00:00:00+00:00,0.00143764,1.15348,0.661392,0.05846,-0.00618707,0.396304,0.000126791,0.000119436,1.22284e-05,0.000229702,0.00148841,0.0321598,-0.0306714,30,0,0.0258182
2025-04-23 00:00:00+00:00,-0.00939313,1.14265,0.612169,0.0335373,-0.00610741,0.37201,0.000125855,0.000127452,3.17101e-05,5.74529e-05,-0.00913684,0.008043,-0.0171798,30,2,0.0239049
2025-04-24 00:00:00+00:00,0.00299991,1.14608,0.491077,0.0183046,-0.0144207,0.262871,8.41024e-05,5.66889e-05,1.10523e-05,9.20618e-07,0.00316466,0.00621673,-0.00305207,30,0,0.0219346
2025-04-25 00:00:00+00:00,-0.00114987,1.14476,0.478381,0.0171418,-0.0101466,0.156418,5.00505e-05,2.76384e-05,4.86077e-06,4.61907e-05,-0.00109719,-0.000729981,-0.000367208,30,0,0.0198721
2025-04-26 00:00:00+00:00,0.00369539,1.14899,0.429584,0.0097541,-0.00976523,0.12657,4.05046e-05,2.23862e-05,3.45147e-06,1.37202e-05,0.00374733,0.00413021,-0.000382872,30,0,0.0175972
2025-04-27 00:00:00+00:00,-0.001015,1.14782,0.431428,0.00465474,-0.0116391,0.196651,6.29145e-05,3.69642e-05,6.60658e-06,1.46831e-06,-0.000890806,-0.000787378,-0.000103428,30,0,0.0187588
2025-04-28 00:00:00+00:00,0.00116798,1.14916,0.435456,-0.0148105,-0.00805739,0.350154,0.000112042,6.62327e-05,2.16758e-05,9.06955e-05,0.00128384,0.00401128,-0.00278145,29.7917,0,0.0194183
2025-04-29 00:00:00+00:00,-0.00441612,1.14409,0.472658,-0.0151332,-0.00210391,0.0871338,2.78765e-05,1.23312e-05,1.8328e-06,0.00013341,-0.00450998,-0.00591578,0.0014058,30,0,0.0189332
2025-04-30 00:00:00+00:00,-0.00283534,1.14084,0.455553,-0.0139848,-0.00634537,0.13543,4.33366e-05,1.53248e-05,3.54395e-06,6.55109e-05,-0.00283646,0.000945392,-0.00378185,30,0,0.0175117
2025-05-01 00:00:00+00:00,-0.00122629,1.13945,0.408765,-0.00168975,-0.00405519,0.172444,5.51879e-05,2.35451e-05,3.87728e-06,4.12108e-05,-0.00118084,0.00218825,-0.00336909,30,0,0.015208
2025-05-02 00:00:00+00:00,0.000357175,1.13985,0.393181,0.00549371,0.00325959,0.113492,3.63133e-05,2.11565e-05,2.45706e-06,9.18528e-06,0.000414414,0.0011924,-0.000777988,30,0,0.0138183
2025-05-03 00:00:00+00:00,-0.00402461,1.13526,0.363214,0.00110527,0.00157172,0.148384,4.74773e-05,2.65626e-05,3.44477e-06,4.12947e-05,-0.00399224,-0.00853043,0.00453819,30,0,0.0143311
2025-05-04 00:00:00+00:00,0.000893434,1.13628,0.372195,-0.00347529,0.00439844,0.0847787,2.71317e-05,1.53429e-05,1.57459e-06,6.46095e-05,0.000874723,-0.00494664,0.00582137,30,0,0.0128391
2025-05-05 00:00:00+00:00,-0.00208109,1.13391,0.373395,0.0147514,0.0101445,0.140155,4.48368e-05,2.38872e-05,7.92654e-06,3.97258e-05,-0.00204311,0.00019989,-0.00217781,30,0,0.0115187
2025-05-06 00:00:00+00:00,-0.00163516,1.13206,0.385238,0.0220775,0.00781132,0.152991,5.05243e-05,2.75268e-05,7.85521e-06,0.00137478,-0.00291715,-0.00330615,0.000388999,30,1,0.011724
2025-05-07 00:00:00+00:00,-0.00492643,1.12648,0.362308,0.0243081,0.00316151,0.121339,3.88194e-05,1.79799e-05,3.41902e-06,0.000541162,-0.00540818,-0.00281786,-0.00259032,30,0,0.0118204
2025-05-08 00:00:00+00:00,0.00292995,1.12978,0.365205,0.0260328,0.00411452,0.178523,6.19069e-05,1.39329e-05,6.10472e-06,0.000278804,0.00273588,0.0240906,-0.0213548,29.875,2,0.00989523
2025-05-09 00:00:00+00:00,0.00302487,1.1332,0.311713,0.0154309,-0.00293509,0.197938,6.33357e-05,2.0925e-05,6.58834e-06,9.52682e-05,0.00302354,0.00951253,-0.00648899,30,0,0.00836332
2025-05-10 00:00:00+00:00,-0.00459647,1.12799,0.252172,0.0205049,0.00143214,0.150793,4.97861e-05,3.15376e-05,6.74868e-06,6.17538e-05,-0.00456979,0.00625184,-0.0108216,29.9792,2,0.00855796
2025-05-11 00:00:00+00:00,0.00155284,1.12974,0.238059,0.020583,0.00175278,0.0613567,1.96354e-05,1.02854e-05,2.27152e-06,1.70421e-05,0.00156839,-0.00320783,0.00477621,29,0,0.00825664
2025-05-12 00:00:00+00:00,0.00328468,1.13346,0.229567,0.0195136,0.00155264,0.130903,4.18894e-05,2.49664e-05,7.76852e-06,1.78122e-05,0.00333998,0.00294645,0.000426631,29.9375,0,0.00839173
2025-05-13 00:00:00+00:00,0.00253118,1.13632,0.217662,0.0101596,0.00240952,0.106911,3.42137e-05,1.77116e-05,2.86288e-06,4.04611e-05,0.00254426,0.00517433,-0.00263007,30,0,0.0097709
2025-05-14 00:00:00+00:00,-5.89337e-05,1.13626,0.242803,0.0167541,0.00398997,0.0897144,2.8708e-05,2.3222e-05,2.51599e-06,6.64686e-05,-6.71304e-05,-0.00428899,0.00422186,30,0,0.0116224
2025-05-15 00:00:00+00:00,-0.00127201,1.13481,0.274972,0.0174664,0.00551705,0.160768,5.14441e-05,3.67616e-05,4.51574e-06,3.44527e-05,-0.0012113,-0.00707003,0.00585874,30,0,0.0121309
2025-05-16 00:00:00+00:00,0.00113839,1.1361,0.310446,0.003154,0.00330066,0.125148,4.00485e-05,1.53773e-05,3.25734e-06,2.16581e-05,0.00117727,-0.000403098,0.00158037,30,0,0.0122802
2025-05-17 00:00:00+00:00,-0.000120285,1.13597,0.313411,8.3855e-05,0.00278503,0.158447,5.07034e-05,1.16647e-05,3.40952e-06,5.40194e-05,-0.000106403,-0.00510756,0.00500115,30,0,0.0125475
2025-05-18 00:00:00+00:00,0.00575863,1.14251,0.325027,0.00193728,0.00401508,0.18425,5.89668e-05,1.65464e-05,4.40384e-06,6.05723e-05,0.00576629,0.0138474,-0.00808112,30,0,0.0132754
2025-05-19 00:00:00+00:00,0.00216769,1.14499,0.41997,-0.0099514,0.000549902,0.372353,0.000119164,1.50243e-05,1.94013e-05,2.15151e-05,0.00230229,-0.000702483,0.0029454,29.9583,0,0.0169332
2025-05-20 00:00:00+00:00,-0.0073515,1.13657,0.529265,-0.00441982,0.00200225,0.235484,7.53365e-05,9.73977e-06,5.72674e-06,5.29583e-05,-0.00732888,-0.00548548,-0.0018434,30,0,0.0181935
2025-05-21 00:00:00+00:00,-0.00204837,1.13424,0.437352,0.00403101,0.00398096,0.288984,9.22974e-05,1.45749e-05,2.58297e-05,-4.06893e-06,-0.0018726,0.0112961,-0.0131687,30,0,0.0156565
2025-05-22 00:00:00+00:00,-0.00272741,1.13115,0.347472,0.0142054,0.000871653,0.180494,5.77649e-05,1.04843e-05,4.25047e-06,3.41125e-05,-0.00268524,0.00817357,-0.0108588,30,0,0.0148329
2025-05-23 00:00:00+00:00,-0.00421928,1.12637,0.294052,0.00464166,-0.000581391,0.14709,4.70555e-05,9.66984e-06,3.2158e-06,-7.36656e-05,-0.00408836,-0.0122097,0.00812134,30,0,0.0128719
2025-05-24 00:00:00+00:00,0.00168012,1.12827,0.25353,-0.00776208,0.000846964,0.139896,4.47736e-05,8.05493e-06,3.83817e-06,-5.12947e-05,0.00179025,0.00269813,-0.000907886,30,0,0.0102317
2025-05-25 00:00:00+00:00,0.00188061,1.13039,0.272222,-0.00875365,0.0014995,0.0975131,3.12061e-05,4.38116e-06,1.90127e-06,-3.06345e-05,0.00194835,0.00128541,0.000662941,30,0,0.012117
2025-05-26 00:00:00+00:00,0.00231125,1.133,0.339789,-0.00328445,0.010823,0.198876,6.36595e-05,1.13491e-05,1.37962e-05,-3.5625e-05,0.00243456,-0.00126191,0.00369325,30,0,0.0145248
2025-05-27 00:00:00+00:00,0.00100094,1.13413,0.384488,-0.00381303,0.0112638,0.213745,6.83994e-05,8.65508e-06,3.5009e-06,-9.8453e-06,0.00109391,0.00449401,-0.00340011,30,0,0.0178477
2025-05-28 00:00:00+00:00,0.00726067,1.14237,0.425617,-0.0126192,0.00780409,0.345548,0.000110618,1.80619e-05,8.10883e-06,-0.000184185,0.00756178,0.00146101,0.00610077,30,0,0.0195901
2025-05-29 00:00:00+00:00,0.00228752,1.14498,0.522646,-0.014417,0.00818902,0.350438,0.000112147,1.93601e-05,6.29398e-06,-1.7189e-05,0.00244573,-0.00813675,0.0105825,30,0,0.023395
2025-05-30 00:00:00+00:00,-0.000134205,1.14483,0.593102,-0.0295235,0.00414189,0.341172,0.000109191,3.00274e-05,8.36682e-06,-4.52188e-05,6.95695e-05,-0.0304518,0.0305213,30,0,0.0247218
2025-05-31 00:00:00+00:00,0.00103955,1.14602,0.727052,-0.0617965,0.00319844,0.31798,0.000101709,2.50103e-05,9.96963e-06,-0.000147261,0.00135482,0.00835692,-0.0070021,30,0,0.0239213
2025-06-01 00:00:00+00:00,-0.00026485,1.14572,0.765823,-0.052396,-0.00098761,0.263237,8.42494e-05,1.6697e-05,7.42593e-06,1.63949e-06,-0.000147032,0.00742586,-0.00757289,30,0,0.0241203
2025-06-02 00:00:00+00:00,0.00892559,1.15594,0.860528,-0.00289194,0.0121379,0.525399,0.000168202,2.9629e-05,3.6516e-05,8.78161e-05,0.00904394,0.0110968,-0.00200657,29.9792,0,0.0253267
2025-06-03 00:00:00+00:00,-1.99203e-05,1.15592,0.876219,0.0197516,0.0194069,0.410236,0.000131294,2.44545e-05,8.85081e-06,0.000102599,6.28792e-05,0.000803692,-0.000740813,30,0,0.0279757
2025-06-04 00:00:00+00:00,0.00784132,1.16498,0.955593,-0.0199974,0.0127373,0.451222,0.000144436,3.58396e-05,1.31213e-05,0.000459939,0.00756281,-0.00588643,0.0134492,30,0,0.0299626
2025-06-05 00:00:00+00:00,0.00499027,1.1708,1.00294,-0.0761391,0.0074959,0.877867,0.00028099,7.00084e-05,2.44023e-05,4.63945e-05,0.00532895,-0.0289691,0.034298,30,0,0.0320863
2025-06-06 00:00:00+00:00,-0.00498132,1.16496,0.837855,-0.0468458,0.00365051,1.0506,0.000336161,7.46139e-05,2.92892e-05,-0.000117044,-0.00441667,0.00704323,-0.0114599,30,0,0.0345841
2025-06-07 00:00:00+00:00,0.0110182,1.1778,0.926062,-0.019119,0.0139154,0.462996,0.000148234,5.01893e-05,1.10553e-05,0.000174145,0.0110295,0.0219679,-0.0109384,30,0,0.0346077
2025-06-08 00:00:00+00:00,0.00099711,1.17897,1.00729,-0.0428051,0.00329838,0.530843,0.00016986,4.65153e-05,1.17787e-05,0.000168858,0.0010715,0.00317744,-0.00210594,30,0,0.0349068
2025-06-09 00:00:00+00:00,0.00350849,1.18311,1.18475,-0.00211967,-0.0299852,0.903969,0.000289378,9.4479e-05,0.000101342,0.000777754,0.0032338,0.0441128,-0.0407466,30,0,0.0350759
2025-06-10 00:00:00+00:00,-0.00195312,1.1808,1.18077,0.0503828,-0.0168265,0.87162,0.000278709,9.0358e-05,3.1475e-05,0.000813884,-0.00232066,0.0226502,-0.0249709,30,0,0.036354
2025-06-11 00:00:00+00:00,-0.00287409,1.17741,1.14093,0.108743,0.00421756,0.616925,0.000197419,3.75705e-05,2.23822e-05,0.000644048,-0.00321782,-0.0224109,0.0191931,30,0,0.0349527
2025-06-12 00:00:00+00:00,-0.00136835,1.17579,1.08812,0.0590157,-0.000898023,0.531366,0.00017006,5.47434e-05,1.29168e-05,-0.000138795,-0.000976938,-0.0400064,0.0390294,30,0,0.0332782
2025-06-13 00:00:00+00:00,0.00270842,1.17898,1.13522,0.064065,0.00642671,0.775728,0.000248268,5.41957e-05,2.84506e-05,-2.36623e-05,0.00307667,-0.00190572,0.00498239,30,0,0.032612
2025-06-14 00:00:00+00:00,0.000292678,1.17932,1.28271,0.0719342,0.00526251,0.414027,0.000132501,4.11338e-05,1.19076e-05,7.94297e-05,0.00040832,-0.0140337,0.014442,30,0,0.0320909
2025-06-15 00:00:00+00:00,-0.0040411,1.17456,1.42842,0.0651515,0.00222188,0.384719,0.000123104,2.54253e-05,8.59136e-06,-2.7197e-05,-0.00385172,0.00461034,-0.00846206,30,0,0.0320065
2025-06-16 00:00:00+00:00,0.00898827,1.18512,1.42381,0.0757545,0.00181651,1.21294,0.000388295,0.000174292,6.31491e-05,0.000811347,0.00881208,0.00861419,0.000259104,30,0,0.0315675
2025-06-17 00:00:00+00:00,0.0027966,1.18843,1.39335,0.0151127,-0.00861038,0.45868,0.000146826,2.75458e-05,1.03294e-05,0.000278364,0.00272591,-0.0227978,0.0255237,30,0,0.0331214
2025-06-18 00:00:00+00:00,0.00351857,1.19261,1.50721,0.0352968,-2.84463e-05,0.499908,0.000159994,3.91944e-05,1.10607e-05,0.000283148,0.00346327,0.00292884,0.000534436,30,0,0.0341322
2025-06-19 00:00:00+00:00,-0.00579623,1.1857,1.45905,0.0537465,0.00716395,0.565805,0.000180864,6.16441e-05,3.19821e-05,0.0002337,-0.00572136,-0.00666552,0.000944166,30,0,0.034122
2025-06-20 00:00:00+00:00,0.00817859,1.1954,1.43042,0.0718585,0.00752656,0.646362,0.000206912,8.73925e-05,1.85308e-05,3.44902e-05,0.00846313,-0.0219267,0.0303899,30,0,0.035311
2025-06-21 00:00:00+00:00,-0.00431444,1.19024,1.5092,0.0669356,0.000661681,0.648421,0.000207508,5.34167e-05,1.61692e-05,0.000148578,-0.00414553,-0.0352041,0.0310585,30,0,0.0362294
2025-06-22 00:00:00+00:00,0.00505041,1.19625,1.38643,0.0628345,-1.61126e-05,0.794433,0.000260996,8.30276e-05,4.18408e-05,9.25548e-05,0.00538224,-0.0184657,0.0238479,30,1,0.0359409
2025-06-23 00:00:00+00:00,0.00363171,1.20059,1.47079,0.102959,0.00832206,0.645836,0.000206724,0.000190966,3.42717e-05,-4.91398e-05,0.00415324,0.068356,-0.0641853,30,0,0.0362808
2025-06-24 00:00:00+00:00,0.00392934,1.20531,1.45613,0.0845047,0.00170122,0.493123,0.000157773,0.00018581,1.73525e-05,-3.23283e-05,0.00433854,0.00282055,0.00151799,30,0,0.0364704
2025-06-25 00:00:00+00:00,0.0107703,1.21829,1.30505,0.0883941,-0.00100644,0.505256,0.000161809,0.000253864,1.904e-05,-0.000365523,0.0115323,-0.0123994,0.0239317,30,0,0.0382342
2025-06-26 00:00:00+00:00,0.00999334,1.23047,1.2957,0.039262,-0.00882158,0.83237,0.000266383,0.000360818,2.53412e-05,-0.000273938,0.010888,-0.00922492,0.0201129,30,0,0.0413552
2025-06-27 00:00:00+00:00,-0.0125703,1.215,0.858906,-0.0233603,-0.0135866,1.07164,0.000342782,0.000444781,3.10141e-05,-0.000454374,-0.0113567,0.00576173,-0.0171184,30,0,0.0426363
2025-06-28 00:00:00+00:00,0.00429907,1.22022,0.789824,-0.0524312,-0.0185347,0.544607,0.000174306,0.000237387,1.64802e-05,-0.000297493,0.00503784,0.0108978,-0.00585994,30,0,0.0408343
2025-06-29 00:00:00+00:00,-0.00213766,1.21762,0.988401,-0.0355476,-0.0186831,0.748679,0.00023959,0.00027305,2.22242e-05,-0.000682112,-0.000893591,0.0206201,-0.0215137,30,0,0.0398585
2025-06-30 00:00:00+00:00,0.00443772,1.22302,0.887132,-0.0382741,0.00116828,1.56337,0.000500339,0.000412256,6.96275e-05,9.79681e-05,0.00531965,-0.0116021,0.0172609,30,0,0.0401786
2025-07-01 00:00:00+00:00,-0.000407358,1.22252,0.988486,-0.0962755,-0.00652293,1.68068,0.000537826,0.000297257,5.53306e-05,-1.44274e-05,0.000508507,-0.0222347,0.0227432,30,0,0.0426443
2025-07-02 00:00:00+00:00,0.000247925,1.22282,1.05825,-0.0118181,-0.0156232,1.89746,0.000607292,0.000153758,5.85612e-05,-2.73272e-05,0.00112388,0.0326772,-0.0315534,30,0,0.0441375
2025-07-03 00:00:00+00:00,0.00203095,1.22531,1.49575,0.0224584,-0.0299413,1.98707,0.000635899,9.83506e-05,7.86376e-05,0.000246788,0.00262738,0.0114412,-0.00881382,30,0,0.0452944
2025-07-04 00:00:00+00:00,0.00543004,1.23196,1.28656,0.041022,0.0036296,2.18251,0.000698508,0.000140867,8.22533e-05,0.000172529,0.00617724,-0.0269604,0.0331376,30,0,0.0453554
2025-07-05 00:00:00+00:00,0.00472953,1.23779,1.55178,-0.0180194,-0.0119559,1.08614,0.000347653,7.96486e-05,4.09466e-05,-0.000193867,0.0054037,0.00718805,-0.00178435,30,0,0.04433
2025-07-06 00:00:00+00:00,-0.00132628,1.23615,1.60811,-0.0347202,-0.0147731,0.788327,0.000252215,8.58424e-05,2.29682e-05,-0.000441117,-0.000512821,0.0146141,-0.0151269,30,0,0.0440391
2025-07-07 00:00:00+00:00,-0.00445663,1.23064,1.51086,0.0574778,0.0177427,1.54128,0.000493099,0.000124027,0.000108813,-1.37662e-05,-0.0036903,-0.0173628,0.0136459,29.9583,0,0.0439959
2025-07-08 00:00:00+00:00,0.00115435,1.23206,1.54833,0.0516193,0.00397318,0.869668,0.000278311,9.04888e-05,2.66152e-05,9.38826e-05,0.00150338,0.0140905,-0.0125871,30,0,0.0443247
2025-07-09 00:00:00+00:00,0.00345748,1.23632,1.67262,0.0232841,-0.00846612,0.87814,0.000281094,0.000158153,2.63652e-05,0.000222826,0.003726,0.0450555,-0.0413295,30,0,0.0435382
2025-07-10 00:00:00+00:00,0.0146387,1.25442,1.54278,-0.0493958,-0.00551149,1.51426,0.000485965,0.00024831,5.8735e-05,4.03137e-06,0.0153873,0.0673074,-0.05192,30,1,0.0440518
2025-07-11 00:00:00+00:00,-0.011518,1.23997,1.20048,-0.110935,-0.000762242,1.24497,0.00040295,0.000163713,6.14345e-05,4.4129e-05,-0.0109416,0.00144639,-0.012388,30,1,0.0443752
2025-07-12 00:00:00+00:00,0.0104318,1.2529,1.23667,-0.0677376,0.00188758,1.32238,0.000423271,0.000212286,6.14933e-05,-4.15264e-05,0.0111539,-0.00370726,0.0148611,30,0,0.0437604
2025-07-13 00:00:00+00:00,-0.00345356,1.24858,1.24102,0.0451898,0.00131166,1.18164,0.000381672,0.000224361,5.14506e-05,5.46887e-05,-0.00281561,0.0104724,-0.0132881,30,1,0.0445519
2025-07-14 00:00:00+00:00,0.0061068,1.2562,1.26697,0.0898203,0.0105565,2.0509,0.000675939,0.000569097,0.00015912,2.27813e-05,0.00750506,0.012398,-0.00496959,29.9583,1,0.0431735
2025-07-15 00:00:00+00:00,0.0020732,1.2588,0.68489,0.0393746,0.000548473,1.35222,0.000432768,0.000276496,4.05586e-05,8.74169e-05,0.00275454,0.00752671,-0.00477217,29.5208,0,0.0426805
2025-07-16 00:00:00+00:00,-0.0166553,1.23784,0.667409,0.0580231,0.00203,1.2637,0.000404109,0.00012925,3.572e-05,4.86206e-05,-0.0162384,0.00544108,-0.0216795,29.0208,0,0.0411772
2025-07-17 00:00:00+00:00,0.00805087,1.2478,0.725423,0.0846438,0.00140531,1.35534,0.000435657,0.000150054,4.53262e-05,5.02224e-05,0.00864933,0.00862384,2.54759e-05,28.6667,1,0.0379759
2025-07-18 00:00:00+00:00,0.00730197,1.25692,0.86306,0.0540652,0.00610033,1.3642,0.000436616,0.000200868,4.86809e-05,2.76492e-05,0.00797116,-0.000784697,0.00875585,29.9792,0,0.0365955
2025-07-19 00:00:00+00:00,-0.000914492,1.25577,0.905433,0.0871069,0.00878308,0.924586,0.000295926,0.000145625,3.40053e-05,3.28276e-05,-0.000445363,0.00902266,-0.00946802,30,0,0.0374052
2025-07-20 00:00:00+00:00,0.00271887,1.25918,0.801618,0.0793709,0.00947206,1.60109,0.000531732,0.000262733,7.1894e-05,4.20963e-05,0.00357418,0.0229571,-0.019383,30,2,0.0439861
2025-07-21 00:00:00+00:00,-0.0151535,1.2401,0.732083,0.104049,0.0197673,1.76442,0.000568709,0.000372315,0.000121871,0.00015873,-0.0142911,0.00616317,-0.0202253,30,1,0.0415793
2025-07-22 00:00:00+00:00,0.00791041,1.24991,0.874207,0.0530093,0.00805081,0.754738,0.000241588,0.000103608,1.93345e-05,0.0001249,0.00817997,0.00981538,-0.00163541,30,0,0.0380671
2025-07-23 00:00:00+00:00,-0.000647101,1.2491,1.06363,0.0245813,-0.0042471,0.619216,0.000198191,0.000104156,1.63931e-05,0.000102035,-0.000318322,-0.0450026,0.0446843,30,0,0.0374078
2025-07-24 00:00:00+00:00,0.00938633,1.26083,1.21653,-0.0121312,0.000698859,0.828449,0.000265165,0.000228883,2.28589e-05,4.99146e-05,0.00985836,-0.00841813,0.0182765,30,0,0.0371501
2025-07-25 00:00:00+00:00,-0.00133254,1.25915,1.08007,0.00147559,0.00233573,1.00681,0.000322168,0.000276504,2.65753e-05,6.51101e-05,-0.000757849,0.0146202,-0.015378,30,0,0.037638
2025-07-26 00:00:00+00:00,0.00212085,1.26182,0.944751,0.0360907,0.0027593,0.967248,0.000309499,0.000214576,2.15591e-05,2.24315e-05,0.00266211,0.00674182,-0.00407971,30,0,0.0375556
2025-07-27 00:00:00+00:00,0.00438395,1.26735,0.933533,0.058027,0.00760853,1.18928,0.000380656,0.000206362,2.66845e-05,1.33625e-05,0.00499413,0.0129572,-0.00796307,30,0,0.0391118
2025-07-28 00:00:00+00:00,0.0257914,1.30003,0.953171,0.14848,0.0304809,1.63803,0.000524388,0.00024877,9.02478e-05,-1.53301e-05,0.0264287,-0.0111126,0.0373186,30,0,0.0410907
2025-07-29 00:00:00+00:00,0.00701044,1.30915,1.02046,0.0789972,0.00444977,1.7058,0.000545989,0.000427381,4.05229e-05,3.042e-05,0.00803,-0.00339865,0.0114286,30,0,0.0469677
2025-07-30 00:00:00+00:00,0.01254,1.32556,0.97497,0.041624,0.00874756,1.54929,0.000495952,0.00025021,4.1213e-05,4.94071e-05,0.0132395,0.00193115,0.0113083,30,0,0.0514371
2025-07-31 00:00:00+00:00,0.0102276,1.33912,1.01385,0.0518242,-0.00688628,1.49085,0.000477219,9.04385e-05,3.81072e-05,8.00922e-05,0.0107576,-0.0138292,0.0245868,30,0,0.0548841
2025-08-01 00:00:00+00:00,-0.00425326,1.33343,0.975307,0.077903,-0.00141947,1.96332,0.000628285,0.00012473,5.35605e-05,6.99657e-05,-0.00346785,-0.0184936,0.0150257,30,0,0.0568887
2025-08-02 00:00:00+00:00,-0.00630589,1.32502,1.17864,0.10743,0.0112939,1.35433,0.00043336,6.82609e-05,3.98412e-05,5.45537e-05,-0.00580633,-0.0171419,0.0113355,30,0,0.0552733
2025-08-03 00:00:00+00:00,0.0120546,1.34099,1.31078,0.100312,0.00641242,1.48428,0.000475096,0.000135829,4.10729e-05,0.000112889,0.0125529,0.0346061,-0.0220532,30,0,0.0551418
2025-08-04 00:00:00+00:00,-0.00694701,1.33167,1.39362,0.134357,0.022856,2.36788,0.00075762,0.000339963,0.00013823,6.64638e-05,-0.00576676,0.0230067,-0.0293569,30,0,0.0555431
2025-08-05 00:00:00+00:00,-0.00295107,1.32774,0.963574,0.0987597,0.00950267,1.42178,0.000454937,0.000160835,3.44115e-05,8.22516e-05,-0.00235209,-0.0194805,0.0171284,30,0,0.0542081
2025-08-06 00:00:00+00:00,0.0176236,1.35114,0.702513,0.103031,0.0130387,1.22448,0.000392031,0.000159616,2.93611e-05,4.25095e-05,0.0180365,0.0189654,-0.000928836,30,0,0.0549453
2025-08-07 00:00:00+00:00,-0.00451064,1.34505,1.12924,0.175923,0.0281925,1.80973,0.000579096,0.000431356,4.77135e-05,-1.01738e-05,-0.00340372,0.0278713,-0.031275,30,0,0.0576809
2025-08-08 00:00:00+00:00,-0.00944049,1.33235,1.32139,0.233182,0.0275215,1.79852,0.000575403,0.000308376,4.72081e-05,6.64384e-05,-0.00856615,0.00329815,-0.0118643,30,0,0.0565837
2025-08-09 00:00:00+00:00,-0.0187032,1.30743,1.41323,0.254231,0.0152473,1.61197,0.000515504,0.000259338,4.49378e-05,4.77863e-06,-0.0180033,0.000119256,-0.0181226,30,0,0.0521747
2025-08-10 00:00:00+00:00,0.011171,1.32204,1.23397,0.212995,0.00488816,1.99451,0.000638547,0.000143554,5.48244e-05,-1.67392e-05,0.0119962,0.00956186,0.00243439,30,0,0.0485081
2025-08-11 00:00:00+00:00,0.0239261,1.35367,1.29986,0.19897,0.00554101,1.98911,0.000637,0.000203527,6.01665e-05,0.000114736,0.0244886,-0.0145954,0.0390841,30,0,0.0502116
2025-08-12 00:00:00+00:00,-0.00841484,1.34228,1.36621,0.114604,-0.00301856,2.05597,0.000657792,0.000156928,5.94173e-05,0.00012031,-0.00763824,0.0429452,-0.0505834,30,0,0.0541104
2025-08-13 00:00:00+00:00,0.000182869,1.34252,1.27991,0.15458,0.00629259,2.23069,0.000713877,0.000172128,7.03745e-05,-1.06396e-05,0.00121178,0.0205139,-0.0193021,30,0,0.0528926
2025-08-14 00:00:00+00:00,0.00857957,1.35404,1.42432,0.198302,0.00252992,2.09294,0.000669895,0.000176376,7.51229e-05,4.4663e-05,0.00946926,-0.04688,0.0563492,30,0,0.0515032
2025-08-15 00:00:00+00:00,-0.0106241,1.33966,1.56081,0.156928,-0.00181742,1.64024,0.000524775,0.000181522,5.52429e-05,-9.81777e-06,-0.00984173,-0.0137776,0.00393583,30,0,0.050205
2025-08-16 00:00:00+00:00,0.00666566,1.34859,1.60193,0.108228,-0.00467129,1.34923,0.000431861,0.000143507,3.63288e-05,-1.23899e-05,0.007299,0.0115599,-0.0042609,30,0,0.0493219
2025-08-17 00:00:00+00:00,0.00693793,1.35794,1.84139,0.147579,0.00281082,1.31477,0.000420825,0.000159941,3.44124e-05,6.53431e-07,0.00757841,0.0170637,-0.00948528,30,0,0.0507574
2025-08-18 00:00:00+00:00,-0.00170816,1.35562,1.02046,-0.00600202,-0.0144438,3.40176,0.00108836,0.000421757,0.000169132,-1.85148e-05,1.2432e-05,-0.0185218,0.0184893,29.7708,0,0.0520484
2025-08-19 00:00:00+00:00,-0.000858579,1.35446,0.763049,-0.0274152,-0.0113561,1.39114,0.000445151,0.000238004,3.48925e-05,1.08776e-06,-0.000119578,-0.0163698,0.0162502,28.6667,0,0.0518799
2025-08-20 00:00:00+00:00,0.00574706,1.36224,0.619183,-0.0453524,-0.0180699,1.27821,0.000409093,0.000320129,3.75931e-05,-2.69429e-05,0.00654663,0.016299,-0.00975239,28.8125,0,0.0522769
2025-08-21 00:00:00+00:00,0.00553034,1.36978,0.847404,0.00397975,-0.00957771,1.59244,0.0005097,0.000459373,4.92877e-05,-4.61736e-05,0.00659485,-0.0137895,0.0203844,28.8333,0,0.0535508
2025-08-22 00:00:00+00:00,0.00279993,1.37361,0.679954,0.0146114,-0.00584128,1.50976,0.000483224,0.000420897,5.18227e-05,2.32452e-05,0.00375919,0.0380986,-0.0343393,28.9792,0,0.0544207
2025-08-23 00:00:00+00:00,0.00598858,1.38184,0.879323,0.0051461,-0.00740403,1.34148,0.000429321,0.000254342,3.50322e-05,1.2954e-05,0.00669448,-0.00401367,0.0107081,29.9792,0,0.0550599
2025-08-24 00:00:00+00:00,0.00797426,1.39286,0.612278,0.02704,-0.0102567,1.40514,0.00044976,0.000254871,3.41751e-05,-2.58663e-05,0.0087195,-0.00186252,0.010582,29.8125,0,0.0560952
2025-08-25 00:00:00+00:00,-0.0142785,1.37297,0.771261,0.0171142,-0.00332537,1.51929,0.000486106,0.000235103,5.87027e-05,-0.00158349,-0.0119309,-0.0358729,0.0242683,28.7083,0,0.0558722
2025-08-26 00:00:00+00:00,-0.00339732,1.3683,1.08461,-0.0523377,-0.0173947,1.55161,0.000496542,0.000240649,4.51873e-05,-0.00071214,-0.00187137,0.015517,-0.0173884,30,0,0.0543655
2025-08-27 00:00:00+00:00,0.00428333,1.37417,1.23543,-0.00481422,-0.011215,1.71046,0.000547447,0.000192422,4.70698e-05,0.000869827,0.00421949,-0.0105663,0.0147858,29.6875,0,0.0528816
2025-08-28 00:00:00+00:00,-0.00811428,1.36302,1.26663,0.0206471,-0.0134518,2.07501,0.000664062,0.000182204,5.85252e-05,0.000573462,-0.0077777,0.010473,-0.0182507,30,0,0.0515983
2025-08-29 00:00:00+00:00,0.00230958,1.36616,0.939373,-0.00471233,-0.0162252,1.46459,0.00046873,0.00012065,3.78981e-05,2.54072e-05,0.00294191,-0.0194692,0.0224111,28.75,0,0.0498097
2025-08-30 00:00:00+00:00,0.000239892,1.36649,0.961873,-0.0409164,-0.0164205,1.32841,0.000425096,0.000141196,3.55137e-05,0.000239392,0.000632969,0.00390899,-0.003276,29.3542,0,0.0478248
2025-08-31 00:00:00+00:00,0.00265531,1.37012,0.831719,-0.0373403,-0.000321034,1.36012,0.000435281,0.00015459,3.41008e-05,0.000564744,0.00271956,-0.00329355,0.00601311,29.5208,0,0.0479366
2025-09-01 00:00:00+00:00,-0.0099085,1.35654,1.11992,-0.052517,0.0403743,1.89463,0.000606273,0.000214937,0.000112796,9.8657e-05,-0.00905366,-0.0127456,0.00370073,29.375,0,0.0478439
2025-09-02 00:00:00+00:00,-0.00581728,1.34865,1.60378,-0.0715418,0.0344643,0.929585,0.000297456,7.23735e-05,2.74916e-05,0.00012611,-0.00552742,0.0268368,-0.0323643,30,0,0.0456765
2025-09-03 00:00:00+00:00,0.00528847,1.35578,1.62687,-0.0409675,0.0244428,1.04275,0.000333833,0.000116582,3.16963e-05,0.000127787,0.00568366,0.014049,-0.00836532,30,0,0.0436873
2025-09-04 00:00:00+00:00,-0.00597799,1.34768,1.09591,0.000917547,0.0149461,1.69338,0.000541815,0.000207543,3.95532e-05,0.000207124,-0.0053759,-0.0216454,0.0162695,30,0,0.0434702
2025-09-05 00:00:00+00:00,0.00140625,1.34957,0.799796,-0.00765329,0.00400667,1.31416,0.000420563,0.000127999,2.95649e-05,0.000248854,0.00174802,0.00931206,-0.00756403,29.8125,0,0.0423268
2025-09-06 00:00:00+00:00,0.00352936,1.35434,0.792745,0.0108767,0.00178957,1.34317,0.000429852,9.48381e-05,2.94404e-05,-0.00014526,0.00422887,0.000369353,0.00385953,29.125,0,0.0431072
2025-09-07 00:00:00+00:00,0.00193617,1.35696,0.783679,0.0277398,0.000874599,1.73035,0.000553777,0.000119453,4.04552e-05,-2.39521e-05,0.00268116,0.0117186,-0.00903746,28.8125,0,0.0445987
2025-09-08 00:00:00+00:00,-0.0234948,1.32508,1.3882,0.273292,0.0354008,1.76511,0.000570549,0.000267321,0.00016929,0.000132171,-0.0228355,-0.00171611,-0.0211132,29.9375,1,0.0445932
2025-09-09 00:00:00+00:00,0.00291682,1.32894,1.43662,0.321732,0.0361819,0.78914,0.000252526,0.000143565,2.04806e-05,0.000108536,0.00327632,0.000935171,0.00234115,30,0,0.0418209
2025-09-10 00:00:00+00:00,0.000274186,1.32931,1.58186,0.245128,0.00844977,0.846371,0.000270948,0.000112065,2.25986e-05,0.000215437,0.000500321,0.0160798,-0.0155795,30,0,0.0411512
2025-09-11 00:00:00+00:00,0.0226888,1.35947,1.60445,0.225564,0.013024,1.59763,0.000511518,0.000327678,5.83438e-05,0.000232387,0.023225,0.0301545,-0.00692954,30,0,0.0433306
2025-09-12 00:00:00+00:00,0.00503519,1.36631,1.26054,0.139571,0.0056341,1.53733,0.000492036,0.00039113,3.70125e-05,0.000212807,0.00575278,0.0156428,-0.00989002,30,0,0.0469872
2025-09-13 00:00:00+00:00,-0.00882741,1.35425,1.18043,0.0774891,-0.0065231,1.30224,0.00041658,0.000295209,3.23423e-05,0.000185745,-0.00823135,0.00720412,-0.0154355,30,0,0.0469506
2025-09-14 00:00:00+00:00,0.000441967,1.35485,1.01131,0.0571711,-0.0136191,1.34011,0.000428876,0.000292144,3.85022e-05,-7.64996e-05,0.00131758,-0.00894314,0.0102607,30,0,0.0458263
2025-09-15 00:00:00+00:00,0.0125694,1.37188,0.888375,-0.00607072,0.00795408,2.84891,0.000912184,0.00050108,0.000197059,-8.06898e-05,0.0141949,-0.000437688,0.0148154,29.1458,0,0.0473243
2025-09-16 00:00:00+00:00,0.00974958,1.38526,0.99482,-0.0138471,-0.00529665,2.23311,0.000714805,0.000500604,7.9522e-05,-0.000160355,0.011174,0.00982874,0.00134529,29.2917,0,0.0501856
2025-09-17 00:00:00+00:00,0.00730988,1.39538,1.26747,0.0337916,0.0171073,2.48923,0.00079675,0.000590064,7.73463e-05,-7.9176e-05,0.00884919,0.0248491,-0.0159999,29.7917,0,0.0529686
2025-09-18 00:00:00+00:00,0.00404707,1.40103,1.1255,0.0659789,0.00991017,1.98996,0.000636866,0.000466755,5.91355e-05,2.29601e-05,0.00520974,0.0105825,-0.00537277,29.8542,0,0.0512809
2025-09-19 00:00:00+00:00,0.00737102,1.41136,1.24531,0.0860826,0.0081279,1.84282,0.000589832,0.000329665,5.8345e-05,-6.86053e-05,0.00841242,-0.0198855,0.0282979,29.625,0,0.052072
2025-09-20 00:00:00+00:00,0.000935398,1.41268,1.00215,0.0262839,-0.0109945,1.36288,0.000436128,0.000239156,3.67474e-05,-0.000281188,0.00196661,0.00528925,-0.00332264,29.9375,0,0.0528446
2025-09-21 00:00:00+00:00,0.00464439,1.41924,1.08328,0.0547984,-0.0125102,1.01356,0.000324396,0.000207491,2.98394e-05,-0.000150416,0.00535907,-0.00713583,0.0124949,30,0,0.0536251
2025-09-22 00:00:00+00:00,0.0126912,1.43725,1.16511,-0.0134622,-0.0157325,3.32382,0.00106469,0.000441321,0.000278382,-0.000150055,0.0145817,-0.0365636,0.0486253,30,0,0.0553582
2025-09-23 00:00:00+00:00,0.0115346,1.45383,1.0424,0.0209174,-0.0106342,1.52916,0.000489503,0.000111512,4.70027e-05,9.45822e-05,0.0120476,0.000471484,0.0115761,29.8333,0,0.0568546
2025-09-24 00:00:00+00:00,-0.009614,1.43985,1.37915,0.0588322,-0.00852185,1.7641,0.000564455,0.000113716,4.76598e-05,2.17809e-05,-0.00892117,-0.004267,-0.00465416,29.4375,0,0.0581368
2025-09-25 00:00:00+00:00,-0.00995153,1.42552,1.36875,0.0715892,-0.00869054,1.48912,0.000476472,9.95925e-05,3.99611e-05,0.000170946,-0.00949736,-0.0597729,0.0502755,29.625,0,0.0567326
2025-09-26 00:00:00+00:00,-0.00890867,1.41282,1.42019,0.0836951,-0.0124462,1.20363,0.000385097,7.57769e-05,3.72515e-05,-1.2309e-05,-0.00838349,0.024484,-0.0328675,30,0,0.053442
2025-09-27 00:00:00+00:00,0.00140606,1.41481,1.42032,0.113776,-0.00936574,1.47249,0.000471251,9.93914e-05,3.60597e-05,5.70783e-06,0.00202704,-0.00344732,0.00547436,30,0,0.0507273
2025-09-28 00:00:00+00:00,0.00764664,1.42563,1.87533,0.15559,-0.0127497,1.03906,0.000332546,0.000114771,2.76501e-05,0.000124164,0.00799387,0.0380059,-0.030012,30,0,0.051494
2025-09-29 00:00:00+00:00,0.0158357,1.4482,2.10625,0.223109,0.0304387,1.21144,0.000387976,0.000198599,6.2043e-05,-2.92084e-05,0.0164445,0.00427468,0.0121859,30,0,0.0537533
2025-09-30 00:00:00+00:00,-0.00680834,1.43834,1.93864,0.217134,0.0373544,0.907513,0.00029033,0.000230414,2.23853e-05,0.000178739,-0.00642618,-0.0186112,0.012185,30,0,0.0546186
2025-10-01 00:00:00+00:00,-0.00592566,1.42982,1.8891,0.182323,0.0196844,0.586729,0.000187614,0.000104587,1.74017e-05,4.63068e-05,-0.00560092,0.0444081,-0.050009,30,0,0.0522821
2025-10-02 00:00:00+00:00,0.00335795,1.43462,1.71643,0.183534,0.0141694,1.24162,0.000397311,0.000101302,3.43486e-05,7.36853e-05,0.0039027,0.0309072,-0.0270045,30,0,0.0497827
2025-10-03 00:00:00+00:00,0.0312178,1.47941,1.51069,0.216725,0.0137375,1.62389,0.000520037,0.000118565,5.38616e-05,0.00011462,0.0313765,0.0221808,0.00919564,30,0,0.0518791
2025-10-04 00:00:00+00:00,-0.00337491,1.47441,1.53925,0.2108,0.00322129,1.6866,0.000539526,7.95177e-05,5.31898e-05,-5.96932e-06,-0.00265364,-0.0207235,0.0180699,30,0,0.0556459
2025-10-05 00:00:00+00:00,0.00309756,1.47898,1.47102,0.233535,0.00819393,1.64648,0.000526912,8.4244e-05,5.43132e-05,0.000155182,0.0036324,-0.00264973,0.00628212,30,0,0.0566111
2025-10-06 00:00:00+00:00,0.0187669,1.50674,1.65957,0.242225,0.0320449,2.70474,0.000866107,0.000203939,0.00014427,-4.30749e-05,0.0198987,0.0356585,-0.0157474,30,0,0.0573278
2025-10-07 00:00:00+00:00,0.029599,1.55134,1.36969,0.176141,-0.00451522,1.82397,0.000584065,0.000184102,5.5271e-05,7.40735e-05,0.0299626,-0.0152627,0.0452253,30,0,0.0590709
2025-10-08 00:00:00+00:00,0.0012159,1.55322,1.37181,0.133251,-0.00496225,2.08411,0.000666965,0.000220376,7.00425e-05,2.16012e-05,0.00220348,0.0134038,-0.0112003,30,0,0.062699
2025-10-09 00:00:00+00:00,0.0138928,1.5748,1.17221,0.0911481,0.0069689,2.11487,0.00067697,0.000253441,6.70977e-05,7.68823e-05,0.014753,-0.0129081,0.0276612,30,0,0.0641909
2025-10-10 00:00:00+00:00,0.00321729,1.57987,1.32187,0.0576712,0.00181603,3.68003,0.00126076,0.000449484,0.00280192,0.000882843,0.00727107,-0.149439,0.15671,30,13,0.0656618
2025-10-11 00:00:00+00:00,0.00967029,1.59514,0.749838,0.0383167,0.00184619,1.21299,0.00038824,0.000230788,0.000308502,0.000282779,0.0103284,0.00445169,0.0058767,30,0,0.065566
2025-10-12 00:00:00+00:00,0.0102862,1.61155,0.813806,0.0885314,0.00152499,1.66448,0.000532791,0.00031106,0.0002936,0.000200836,0.0112023,0.0441103,-0.032908,30,0,0.0668971
2025-10-13 00:00:00+00:00,-0.00237925,1.60772,1.06878,0.0890919,0.00142824,1.90928,0.000611102,0.000289634,0.000492836,6.44577e-05,-0.00103399,0.0201815,-0.0212406,30,0,0.0681153
2025-10-14 00:00:00+00:00,0.00110383,1.60949,1.12847,0.0273537,0.00233968,1.69938,0.000543839,0.000301343,0.000146131,7.69827e-05,0.00204118,-0.0221418,0.024183,30,0,0.0669436
2025-10-15 00:00:00+00:00,0.00868985,1.62348,1.26078,-0.0308945,0.00129018,1.85607,0.000594076,0.000301855,0.000124318,-0.000117376,0.00981468,-0.0227848,0.0325994,30,0,0.0653899
2025-10-16 00:00:00+00:00,0.00891122,1.63795,1.65945,-0.0133258,-5.55592e-05,2.30695,0.000738358,0.000320863,0.000146657,-0.00027782,0.0103868,-0.0282042,0.0385909,30,0,0.0665115
2025-10-17 00:00:00+00:00,-0.0105513,1.62066,1.49531,0.029983,-0.00408399,2.58669,0.000827684,0.000563128,0.000159212,-2.47485e-05,-0.00897796,-0.0235884,0.0146105,30,0,0.0670988
2025-10-18 00:00:00+00:00,-0.0133417,1.59904,1.3917,0.0462079,-0.00426197,1.72589,0.0005521,8.24308e-05,6.91e-05,-0.000142033,-0.0125418,0.0124127,-0.0249546,30,0,0.0651641
2025-10-19 00:00:00+00:00,0.0038732,1.60523,1.49962,0.0396756,0.00355395,1.69806,0.000543361,7.58062e-05,5.57631e-05,1.65275e-05,0.00456258,0.0158625,-0.0112999,30,0,0.0624046
2025-10-20 00:00:00+00:00,-0.00269823,1.6009,1.74,0.0418481,-0.000405955,2.22499,0.000712205,0.000191232,0.000159678,-0.000116218,-0.00148009,0.00954982,-0.011039,30,0,0.0613264
2025-10-21 00:00:00+00:00,-0.00291357,1.59624,1.8356,0.0678366,0.011449,1.87089,0.000598705,0.000111907,6.23846e-05,-0.000108232,-0.00198916,-0.0293875,0.0273983,30,0,0.061406
2025-10-22 00:00:00+00:00,0.00620533,1.60614,1.82477,0.011219,0.00648853,1.4326,0.00045851,5.87366e-05,4.93817e-05,-0.000514447,0.00731542,-0.0185053,0.0258208,30,0,0.0603936
2025-10-23 00:00:00+00:00,0.000223034,1.6065,1.76774,-0.028648,0.000185398,2.05932,0.000659255,8.75925e-05,6.85593e-05,-0.000101741,0.00119573,0.0276299,-0.0264341,30,0,0.0589849
2025-10-24 00:00:00+00:00,-6.62724e-05,1.6064,1.92581,0.0416582,0.0169748,1.53165,0.000490097,0.000113904,4.4161e-05,-0.000141015,0.000753802,0.0228574,-0.0221036,30,0,0.0588295
2025-10-25 00:00:00+00:00,0.00398512,1.6128,2.0083,-0.00813541,-0.000846727,1.33542,0.000427397,0.000129613,3.53487e-05,-0.000170791,0.00476703,0.0103326,-0.00556554,30,0,0.0592193
2025-10-26 00:00:00+00:00,-0.0234762,1.57494,1.81224,-0.0152687,-0.0130135,1.4255,0.000455917,0.000184826,3.57913e-05,-0.000180618,-0.0228184,0.0371766,-0.059995,30,0,0.0579355
2025-10-27 00:00:00+00:00,0.0244415,1.61343,0.848855,0.0320458,-0.00127464,2.69278,0.000861908,0.000650585,0.00026016,-0.000273799,0.0262542,0.00981142,0.0163863,30,0,0.0550466
2025-10-28 00:00:00+00:00,-0.0112223,1.59532,0.704864,0.0258046,-0.0254467,0.896254,0.000286754,0.000262427,2.65118e-05,-1.41144e-05,-0.0106329,-0.012565,0.00193208,30,0,0.0552632
2025-10-29 00:00:00+00:00,0.00548974,1.60408,0.708843,0.0447143,-0.0333421,1.40115,0.000448447,0.000365088,5.60418e-05,6.30573e-05,0.00633789,3.0916e-05,0.00630697,30,0,0.0551206
2025-10-30 00:00:00+00:00,0.0114918,1.62251,0.960791,0.105011,-0.0213439,1.64288,0.000525943,0.000288075,7.00013e-05,0.000184866,0.0121784,-0.0302602,0.0424386,30,0,0.0547087
2025-10-31 00:00:00+00:00,-0.00171165,1.61974,1.0854,0.0654468,-0.0303762,2.1799,0.000697618,0.000375567,0.000102662,0.000182746,-0.000681256,0.00945029,-0.0101315,30,0,0.055464
2025-11-01 00:00:00+00:00,-0.013549,1.59779,1.21109,0.0945889,-0.0163933,1.43639,0.000459506,0.000217371,5.59608e-05,0.000116322,-0.0129853,-0.00190688,-0.0110784,30,0,0.0538825
2025-11-02 00:00:00+00:00,0.0155982,1.62271,1.2027,0.136232,-0.00211731,1.76548,0.00056525,0.000242804,6.88762e-05,-6.24228e-05,0.0164877,0.0048159,0.0116718,30,0,0.0523327
2025-11-03 00:00:00+00:00,-0.00372343,1.61667,1.11774,0.100565,0.00948875,2.15835,0.000690737,0.000193297,0.000117239,5.76958e-05,-0.00268601,-0.058538,0.0558894,30,0,0.0530678
2025-11-04 00:00:00+00:00,0.0145083,1.64013,1.0785,0.0524649,0.00631375,2.13364,0.000683175,0.000139959,0.000130858,0.000137746,0.0153153,-0.0208998,0.0362151,30,0,0.0525478
2025-11-05 00:00:00+00:00,-0.0112775,1.62163,1.06017,0.0547373,0.0035587,1.59306,0.000509639,9.16143e-05,8.93577e-05,0.000118688,-0.0107072,0.0253671,-0.0360743,30,0,0.0529124
2025-11-06 00:00:00+00:00,-0.00898551,1.60706,0.895189,0.0395341,0.00580236,1.57777,0.000508019,7.44484e-05,0.000119042,-0.000165622,-0.00811777,-0.0261295,0.0180117,30,1,0.0525077
2025-11-07 00:00:00+00:00,-0.00521846,1.59867,0.986531,0.0268619,0.0068098,1.6974,0.000552,0.000111119,0.000140504,-0.000549389,-0.00373367,0.0626267,-0.0663603,30,1,0.0515428
2025-11-08 00:00:00+00:00,-0.000156633,1.59842,1.13987,0.0672211,0.0121883,1.51847,0.000485968,0.000129916,5.94023e-05,-4.36423e-05,0.000605999,-0.0151239,0.0157299,30,0,0.050059
2025-11-09 00:00:00+00:00,0.0126021,1.61857,1.1425,0.0826956,0.0212792,1.76428,0.000564779,0.000178401,7.81648e-05,-1.68935e-05,0.0134216,0.0234439,-0.0100223,30,0,0.0501806
2025-11-10 00:00:00+00:00,-0.00210453,1.61516,0.836545,0.0837176,0.0363575,1.7774,0.000569096,0.000261756,0.000162403,1.57535e-05,-0.00109282,0.00374657,-0.00402219,30,0,0.0523106
2025-11-11 00:00:00+00:00,0.0122379,1.63493,0.965545,0.0804744,0.0368819,1.50009,0.000480219,0.000214927,5.28565e-05,-0.000226093,0.0131841,-0.0286751,0.0418592,30,0,0.0549821
2025-11-12 00:00:00+00:00,0.00622727,1.64511,1.14833,0.0724147,0.0255403,1.82302,0.000583535,0.000411135,6.65115e-05,-0.00018499,0.00749299,-0.0056441,0.0131371,30,0,0.0570237
2025-11-13 00:00:00+00:00,0.0111114,1.66339,1.32946,0.0600807,0.0229813,1.82979,0.000585645,0.00017685,6.3073e-05,-1.53116e-05,0.0119243,-0.0184119,0.0303362,30,0,0.0569776
2025-11-14 00:00:00+00:00,-0.000862628,1.66195,1.01585,0.0463538,0.0267807,1.52435,0.000487843,0.000155827,6.01969e-05,3.78926e-05,-0.000164475,-0.0178775,0.017713,30,0,0.0585703
2025-11-15 00:00:00+00:00,-0.0042789,1.65484,0.927884,0.0326732,0.018519,0.942745,0.000301661,8.80362e-05,2.88828e-05,-0.000191625,-0.00364168,0.00424205,-0.00788373,30,0,0.0583425
2025-11-16 00:00:00+00:00,-0.00261153,1.65052,1.15126,0.0787649,0.0189713,1.37437,0.000442318,8.96728e-05,4.76472e-05,-0.000396508,-0.0015634,-0.0182635,0.0167001,30,1,0.0573901
2025-11-17 00:00:00+00:00,0.000771421,1.65179,1.07239,0.0912129,0.0225875,1.82338,0.000583627,0.000109466,9.52004e-05,0.000202788,0.00145697,-0.000909213,0.00253933,30,0,0.0624338
2025-11-18 00:00:00+00:00,-0.00347315,1.64605,1.01209,0.0771736,0.0259913,1.30402,0.000417306,0.000140278,4.75913e-05,5.45549e-05,-0.00287429,0.0202934,-0.0231677,30,0,0.0604673
2025-11-19 00:00:00+00:00,0.00961447,1.66188,1.22884,0.103371,0.0251862,1.49969,0.000480005,0.000247166,5.6687e-05,8.32426e-05,0.0103163,-0.0105392,0.0208556,30,0,0.0592795
2025-11-20 00:00:00+00:00,0.00102701,1.66359,1.27844,0.104636,0.0255274,1.51451,0.000484692,0.000222003,6.17058e-05,-1.97915e-05,0.00185194,-0.0406031,0.042455,30,0,0.0591952
2025-11-21 00:00:00+00:00,0.013004,1.68522,1.20852,0.0840019,0.0233057,1.69515,0.000542763,0.000157418,9.9288e-05,2.78145e-05,0.0137352,-0.0255102,0.0392454,30,0,0.0588652
2025-11-22 00:00:00+00:00,0.0010001,1.68691,1.25004,0.0959682,0.0235055,1.52118,0.000486907,9.84313e-05,7.06733e-05,4.35915e-05,0.00163822,-0.00913582,0.010774,30,0,0.0590372
2025-11-23 00:00:00+00:00,-0.00866531,1.67229,1.427,0.130629,0.0222759,1.49872,0.000479538,9.18743e-05,6.33801e-05,0.000343821,-0.00837779,0.00879178,-0.0171696,30,0,0.0581509
2025-11-24 00:00:00+00:00,-0.0138942,1.64905,1.10566,0.101798,0.0287544,1.695,0.000542572,0.000123199,0.000158164,9.43506e-05,-0.0132189,0.0154714,-0.0285072,30,0,0.0546241
2025-11-25 00:00:00+00:00,-0.00641262,1.63848,1.02908,0.0914743,0.0272973,1.01674,0.000325306,7.99382e-05,3.97089e-05,0.000186363,-0.0061243,0.00282406,-0.00894836,30,0,0.0495101
2025-11-26 00:00:00+00:00,0.00679989,1.64962,1.17213,0.108921,0.0346461,1.07217,0.000343232,9.94126e-05,4.02609e-05,0.000145429,0.00719342,0.0172045,-0.0100111,30,0,0.0453301
2025-11-27 00:00:00+00:00,-0.00922643,1.6344,1.34325,0.124398,0.0439295,0.92777,0.000296869,0.000107453,3.35129e-05,0.000134032,-0.00893349,-0.0129209,0.00398743,30,0,0.044406
2025-11-28 00:00:00+00:00,0.003428,1.64,1.43469,0.0966529,0.0394342,0.933895,0.000298839,0.000141823,2.65167e-05,0.000426521,0.00351579,-0.0110626,0.0145784,30,0,0.0423168
2025-11-29 00:00:00+00:00,0.00213272,1.6435,1.15726,0.0569527,0.0166717,1.79744,0.000575203,0.000411419,7.3975e-05,0.000130017,0.0030831,-0.00708141,0.0101645,30,0,0.0414639
2025-11-30 00:00:00+00:00,-0.00155828,1.64094,1.08112,0.0668982,0.0116405,0.987501,0.000315979,0.000207371,3.05738e-05,0.000190799,-0.00118348,-0.015754,0.0145705,30,0,0.0403357
2025-12-01 00:00:00+00:00,-0.000477736,1.64016,1.34278,0.0800601,0.00449561,1.25203,0.00040081,9.69943e-05,0.000140473,0.000129662,9.60564e-05,-0.0410038,0.0411855,30,0,0.0390052
2025-12-02 00:00:00+00:00,0.001338,1.64235,1.26074,0.0313728,-0.00658873,0.98894,0.000316413,5.99017e-05,4.50541e-05,0.000118983,0.00170291,0.0496704,-0.0479675,30,0,0.0387742
2025-12-03 00:00:00+00:00,0.0176131,1.67128,1.14087,0.0147077,-0.0111506,1.28778,0.000412256,6.1667e-05,6.84406e-05,4.15275e-05,0.0179908,0.0341612,-0.0161704,30,0,0.0388469
2025-12-04 00:00:00+00:00,0.00195964,1.67455,1.1254,0.0153796,-0.0218395,0.810335,0.000259342,5.02649e-05,4.05516e-05,2.05739e-05,0.00230181,-0.0136291,0.0159309,30,0,0.0398391
2025-12-05 00:00:00+00:00,-0.00149823,1.67204,1.12956,0.0427005,-0.0247395,0.738542,0.000236339,4.74767e-05,2.4132e-05,-7.51123e-05,-0.00109956,-0.0336038,0.0325042,30,0,0.0399041
2025-12-06 00:00:00+00:00,0.010128,1.68898,1.15791,0.0267022,-0.0199635,0.626184,0.000200439,3.9865e-05,2.28024e-05,0.000116484,0.0102413,0.00667445,0.00356689,30,0,0.0404029
2025-12-07 00:00:00+00:00,0.00670561,1.7003,0.985489,0.0386715,-0.00893878,1.38616,0.000443739,9.38281e-05,5.29968e-05,6.09712e-05,0.00722694,0.00234827,0.00487868,30,0,0.042269
2025-12-08 00:00:00+00:00,-0.0130917,1.67804,0.713626,-0.0260713,-0.00732219,1.80954,0.000578729,0.000122399,0.000245196,-0.000360065,-0.011803,0.00743191,-0.0195521,30,0,0.043177
2025-12-09 00:00:00+00:00,0.00588166,1.68791,0.941116,0.0118236,0.0177031,0.749764,0.000240002,4.83047e-05,2.69556e-05,-0.000293618,0.00652867,0.0179117,-0.011383,30,0,0.0408793
2025-12-10 00:00:00+00:00,0.00675469,1.69931,0.982314,-0.0205976,0.00800109,0.96201,0.000307834,4.9369e-05,3.89925e-05,-2.10285e-05,0.00719905,-0.010756,0.0179551,30,0,0.0391326
2025-12-11 00:00:00+00:00,0.00278882,1.70405,1.072,-0.0548679,0.00218297,0.829312,0.000265414,3.72764e-05,2.93127e-05,-8.00548e-05,0.00325008,0.000541375,0.0027087,30,0,0.0393114
2025-12-12 00:00:00+00:00,0.00303839,1.70923,1.31393,-0.0421146,0.000274995,0.860643,0.000275433,3.79058e-05,2.63047e-05,-5.04912e-05,0.00345781,-0.0101567,0.0136145,30,0,0.0397401
2025-12-13 00:00:00+00:00,-0.000353017,1.70863,0.940687,-0.0606782,-0.0043941,1.57198,0.000503044,9.11669e-05,5.00856e-05,7.44725e-05,0.000226534,0.00462735,-0.00440081,29.8958,0,0.040487
2025-12-14 00:00:00+00:00,0.00213095,1.71227,0.676058,-0.0618879,-0.00659341,1.0921,0.000349504,5.47788e-05,2.96575e-05,-4.65454e-05,0.00261726,-0.00988397,0.0125012,29.4375,0,0.0411504
2025-12-15 00:00:00+00:00,0.0118107,1.73249,1.28472,0.041037,0.0345913,1.57432,0.000503811,8.98598e-05,0.000159119,4.76676e-05,0.012504,-0.0194833,0.031724,29.9583,0,0.041447
2025-12-16 00:00:00+00:00,0.00602691,1.74293,1.39342,0.059443,0.0142046,1.29017,0.000412882,8.50077e-05,5.0808e-05,0.00141662,0.00518961,0.00694744,-0.00175783,30,0,0.0425172
2025-12-17 00:00:00+00:00,0.0135596,1.76657,1.40961,0.0399352,0.0143098,1.26752,0.000405734,8.81544e-05,5.40191e-05,0.00103828,0.0130321,-0.0322202,0.0452523,30,0,0.0431461
2025-12-18 00:00:00+00:00,-0.00671815,1.7547,1.32518,0.0368836,0.0123495,1.40874,0.000450837,0.000141038,8.29382e-05,0.000347902,-0.00632482,-0.032996,0.0266712,30,0,0.04432
2025-12-19 00:00:00+00:00,-0.00393301,1.7478,1.11057,0.0537092,0.00694959,1.13851,0.00036438,0.000130986,5.83471e-05,0.000762538,-0.00410528,0.0381903,-0.0422956,30,0,0.0448451
2025-12-20 00:00:00+00:00,0.00114352,1.7498,1.26066,0.0763726,0.00522891,0.514317,0.000164583,5.49971e-05,2.5297e-05,0.000279036,0.00113669,0.00248607,-0.00134938,30,0,0.0419782
2025-12-21 00:00:00+00:00,-0.00549772,1.74018,1.1503,0.0244471,-0.00270438,1.19628,0.000382356,0.000102764,6.85203e-05,0.000936923,-0.00584096,-0.0121299,0.00628892,30,0,0.0404536
2025-12-22 00:00:00+00:00,0.00748402,1.7532,0.610372,0.0635899,-0.00739368,1.91911,0.000614211,0.000242275,0.000189291,0.000534598,0.0080083,0.0026853,0.00526527,30,0,0.0394564
2025-12-23 00:00:00+00:00,0.00419771,1.76056,0.566471,0.0277222,-0.013767,1.54335,0.000493939,0.000178376,6.14294e-05,8.27631e-05,0.00485431,-0.00311233,0.00796663,29.3958,0,0.0401526
2025-12-24 00:00:00+00:00,0.00111779,1.76253,1.05464,0.0644153,-0.0169009,1.24954,0.000399909,0.000133231,5.84206e-05,0.000105532,0.00162628,0.00735957,-0.00573328,29.75,0,0.0416156
2025-12-25 00:00:00+00:00,0.00509992,1.77152,1.2047,0.101666,-0.0198257,0.615323,0.000197594,5.55368e-05,2.62166e-05,0.000303943,0.00508667,-0.00354823,0.0086349,30,1,0.0402118
2025-12-26 00:00:00+00:00,-0.00952848,1.75464,1.04226,0.111253,-0.00701704,1.08797,0.000348076,0.000111124,4.17176e-05,0.000567438,-0.00961558,0.00740246,-0.017018,30,0,0.0384742
2025-12-27 00:00:00+00:00,-0.00405197,1.74753,0.705005,0.0673337,-0.0162115,0.410068,0.000131219,4.91013e-05,1.20988e-05,0.000560681,-0.00441201,0.00364146,-0.00805347,30,0,0.0343659
2025-12-28 00:00:00+00:00,0.0057421,1.75756,0.737817,0.100502,0.000947752,0.524318,0.00016783,6.13772e-05,1.86582e-05,0.000987836,0.00500309,0.000408725,0.00459437,30,0,0.0315157
2025-12-29 00:00:00+00:00,0.00569892,1.76758,0.872369,0.110183,0.00605631,0.822106,0.000263105,7.42713e-05,3.93901e-05,0.000972398,0.00510679,-0.00623748,0.011291,30,0,0.0318393
2025-12-30 00:00:00+00:00,0.00509226,1.77658,0.974492,0.0795356,-0.00563763,0.991601,0.000317349,8.42885e-05,3.07039e-05,0.000397588,0.00512733,0.00559499,-0.000467663,30,0,0.0329828
2025-12-31 00:00:00+00:00,-0.0288626,1.7253,0.951677,0.0658893,-0.0130592,0.680298,0.000223923,0.000235321,0.000112115,0.000475224,-0.0288694,-0.0114734,-0.0173961,30,2,0.0336308
2026-01-01 00:00:00+00:00,-0.00307005,1.72,0.724603,0.0127464,-0.0134387,1.08544,0.000347416,7.83241e-05,3.23218e-05,0.00015127,-0.0027503,0.015207,-0.0179573,30,2,0.030766
2026-01-02 00:00:00+00:00,-0.0205621,1.68464,0.933262,0.0528948,-0.0122532,0.536865,0.00017929,4.4849e-05,2.38674e-05,0.000333318,-0.0208019,0.012426,-0.0332279,30,2,0.0287081
2026-01-03 00:00:00+00:00,0.0043954,1.69204,0.935253,0.0556171,-0.00564709,0.448688,0.000148369,8.95299e-05,2.81226e-05,0.000133261,0.00454902,0.00655421,-0.00200519,30,1,0.0258444
2026-01-04 00:00:00+00:00,-0.0126381,1.67066,0.872616,0.0379137,-0.00829485,0.505358,0.0001712,4.04379e-05,3.67404e-05,-0.000545766,-0.0119087,0.00415283,-0.0160615,29.9792,2,0.0239665
2026-01-05 00:00:00+00:00,0.00391852,1.6772,0.889603,0.104106,0.00559103,0.439438,0.000140712,2.91819e-05,4.42047e-05,6.27577e-05,0.00409738,0.00909558,-0.00487805,30,0,0.0220634
2026-01-06 00:00:00+00:00,-0.00836409,1.66318,0.814459,0.0829515,0.00507635,0.390106,0.000133897,9.90324e-05,3.93718e-05,0.000155724,-0.00825667,0.00197113,-0.0102278,30,2,0.021493
2026-01-07 00:00:00+00:00,0.00187205,1.66629,0.721356,0.0498904,-0.000196917,0.207296,6.63609e-05,1.95932e-05,9.61937e-06,-8.76235e-05,0.00207977,-0.0145772,0.016657,30,0,0.0200084
2026-01-08 00:00:00+00:00,-0.00709373,1.65447,0.624722,-0.000265282,-0.00292136,0.25889,8.28325e-05,5.27923e-05,8.40443e-06,-9.59055e-05,-0.00687035,-0.00752093,0.00065058,30,0,0.0190971
2026-01-09 00:00:00+00:00,-0.0023061,1.65065,0.562418,-0.0245843,-0.0101066,0.137381,4.39617e-05,2.57759e-05,4.80949e-06,-0.000227881,-0.0019984,0.00111608,-0.00311448,30,0,0.017434
2026-01-10 00:00:00+00:00,0.00155491,1.65322,0.506047,-0.0212814,-0.00554787,0.0866084,2.77127e-05,2.72824e-05,2.03442e-06,-0.000122647,0.00173734,-0.00241635,0.00415369,30,0,0.0163688
2026-01-11 00:00:00+00:00,-0.00242259,1.64922,0.490848,-0.0228871,-0.0064462,0.0596774,1.90962e-05,1.62426e-05,1.59965e-06,-3.08955e-05,-0.00235471,-0.000944459,-0.00141025,30,0,0.0168726
2026-01-12 00:00:00+00:00,0.00226347,1.65295,0.531665,-0.039151,-0.00926318,0.294702,9.42933e-05,6.18907e-05,5.23481e-05,1.39834e-05,0.00246514,-0.003465,0.00611291,29.6667,0,0.0168552
2026-01-13 00:00:00+00:00,0.00144393,1.65534,0.56229,-0.0366257,-0.00378382,0.32286,0.000121026,0.000129378,2.34966e-05,-1.67222e-06,0.00172985,0.0194139,-0.0176841,30,2,0.017248
2026-01-14 00:00:00+00:00,-0.00838068,1.64146,0.510591,-0.00725262,0.00491753,0.167638,5.36251e-05,3.1128e-05,1.14696e-05,0.000355023,-0.00863735,-0.00304129,-0.00559606,30,0,0.0176231
2026-01-15 00:00:00+00:00,0.0025507,1.64565,0.41191,-0.0347419,-0.00295715,0.167999,5.37249e-05,2.13725e-05,8.3921e-06,7.71681e-05,0.00256965,-0.00599351,0.00856317,30,0,0.0166794
2026-01-16 00:00:00+00:00,0.000500891,1.64647,0.300873,-0.0359892,-0.00759469,0.198358,6.34816e-05,1.66782e-05,8.23374e-06,0.000209465,0.000381157,0.000421687,-4.05291e-05,30,0,0.00996397
2026-01-17 00:00:00+00:00,-0.00250533,1.64235,0.292388,-0.0331968,-0.00283444,0.116704,3.73434e-05,6.99333e-06,3.41472e-06,4.64127e-05,-0.00250586,-0.0023682,-0.000137656,30,0,0.00972117
2026-01-18 00:00:00+00:00,-1.09628e-05,1.64233,0.286277,-0.0277869,-0.00181089,0.0438194,1.40222e-05,2.8993e-06,9.93032e-07,-0.000103578,0.000111765,-0.00590681,0.00601858,30,0,0.00852594
2026-01-19 00:00:00+00:00,0.00370006,1.64841,0.285637,-0.0237155,-0.00319234,0.244268,7.82038e-05,1.41469e-05,1.17791e-05,-0.000192001,0.0039945,-0.00271669,0.00644975,29.5833,0,0.00962714
2026-01-20 00:00:00+00:00,0.00309181,1.6535,0.289439,-0.0185995,-0.0026188,0.192603,6.164e-05,7.70499e-06,6.05084e-06,-4.16069e-05,0.00320708,-0.00707623,0.0102833,30,0,0.0108084
2026-01-21 00:00:00+00:00,-0.00130635,1.65134,0.323996,-0.0176461,-0.00555061,0.146986,4.70291e-05,1.11974e-05,3.8948e-06,0.000443764,-0.00168573,0.00560276,-0.00728849,30,0,0.0104213
2026-01-22 00:00:00+00:00,0.000777299,1.65263,0.321842,-0.0175809,-0.00267617,0.0702731,2.24882e-05,1.59544e-05,2.23353e-06,0.000942468,-0.000121288,-0.000746973,0.000625685,30,0,0.00899117
2026-01-23 00:00:00+00:00,-0.00204464,1.64925,0.314799,-0.0186296,-0.00216868,0.130458,4.17442e-05,1.3095e-05,4.19961e-06,0.000119425,-0.00210191,-0.000326791,-0.00177512,30,0,0.00895444
2026-01-24 00:00:00+00:00,0.00429123,1.65633,0.304805,-0.0195921,-0.00311647,0.120373,3.85245e-05,1.57072e-05,3.94226e-06,-0.000189216,0.00453214,0.00445047,8.16714e-05,30,0,0.00854062
2026-01-25 00:00:00+00:00,0.00250498,1.66048,0.316683,-0.00743336,-0.00298988,0.227911,7.29373e-05,2.15887e-05,5.01021e-06,1.36948e-06,0.0026031,-0.00732729,0.00993038,30,0,0.0110197
2026-01-26 00:00:00+00:00,0.00510656,1.66895,0.426428,0.0185587,0.00075329,0.264453,8.46414e-05,3.98215e-05,2.69184e-05,0.001282,0.00397049,0.0124467,-0.00868041,30,0,0.0123856
2026-01-27 00:00:00+00:00,-0.00297905,1.66398,0.385291,0.00975647,-0.00233311,0.180858,5.7874e-05,2.7714e-05,6.1544e-06,0.00191251,-0.00479396,0.00715156,-0.0119455,30,0,0.012151
2026-01-28 00:00:00+00:00,-0.00213724,1.66043,0.334473,0.027849,0.00634125,0.123752,4.35581e-05,1.54848e-05,1.25799e-05,0.000900118,-0.00296364,-0.0048732,0.00190956,29.4583,2,0.010872
2026-01-29 00:00:00+00:00,-0.000667469,1.65932,0.31544,0.0344075,0.0111072,0.170756,5.46405e-05,2.40127e-05,4.77765e-06,0.00026708,-0.000845582,-0.010699,0.00985338,30,0,0.0116579
2026-01-30 00:00:00+00:00,0.00339138,1.66495,0.337964,0.0342761,0.00633057,0.246932,7.90291e-05,2.87491e-05,8.4903e-06,0.000247153,0.00325783,-0.00199512,0.00525296,30,0,0.0125157
2026-01-31 00:00:00+00:00,-0.00281275,1.66026,0.37763,0.0443483,0.00726487,0.642902,0.000224629,5.37388e-05,4.35761e-05,7.34691e-05,-0.00256196,-0.0224952,0.0199332,30,3,0.0143256
2026-02-01 00:00:00+00:00,-0.00239643,1.65628,0.473675,0.0269119,0.00204206,0.365028,0.000117147,5.65437e-05,1.51343e-05,6.88028e-05,-0.00227123,-0.00843519,0.00616396,30,1,0.014635
2026-02-02 00:00:00+00:00,0.00355765,1.66218,0.450106,0.0271923,0.0033527,0.307546,9.84224e-05,3.71152e-05,3.10706e-05,0.000814421,0.00291257,0.00687581,-0.00413008,30,0,0.0137763
2026-02-03 00:00:00+00:00,0.00300772,1.66718,0.45356,0.0221972,0.00278544,0.22185,7.09977e-05,3.80152e-05,8.80726e-06,0.00129079,0.00183802,-0.00695494,0.00879295,30,0,0.0149528
2026-02-04 00:00:00+00:00,-0.0021495,1.66359,0.484846,0.00700472,-0.00204621,0.20552,6.57642e-05,2.18564e-05,6.83825e-06,0.00176257,-0.00381151,-0.0102489,0.00643744,30,0,0.0164947
2026-02-05 00:00:00+00:00,0.00954723,1.67947,0.43258,-0.00757957,-0.00395645,0.278917,9.37858e-05,7.05814e-05,1.24603e-05,0.00188462,0.00780263,-0.0274084,0.0352111,30,2,0.0169241
2026-02-06 00:00:00+00:00,-0.00490998,1.67123,0.421116,-0.0249791,-0.00242547,0.212659,6.8021e-05,4.8314e-05,1.04935e-05,0.00061814,-0.00539408,0.0223648,-0.0277589,30,0,0.017714
2026-02-07 00:00:00+00:00,0.00232286,1.67511,0.403868,-0.0112321,-0.00314129,0.263455,8.43101e-05,4.25369e-05,8.07237e-06,0.00100919,0.00145,-0.00316713,0.00461713,30,0,0.017171
2026-02-08 00:00:00+00:00,-0.00371993,1.66888,0.423917,-0.00574267,-0.00403813,0.221524,7.32171e-05,3.48256e-05,1.3945e-05,0.00164082,-0.0052362,-0.00284695,-0.00238925,30,1,0.0178891
2026-02-09 00:00:00+00:00,-0.00176387,1.66594,0.406231,-0.00893264,-0.00391782,0.199115,6.37227e-05,3.45674e-05,2.35376e-05,0.00125083,-0.0028878,-0.00281356,-4.06408e-05,30,0,0.0160343
2026-02-10 00:00:00+00:00,-0.00408737,1.65913,0.39124,-0.00934256,-0.00510312,0.123464,4.0651e-05,2.44678e-05,6.5624e-06,0.000691738,-0.00470681,-0.00460742,-9.93951e-05,30,1,0.0154741
2026-02-11 00:00:00+00:00,-0.00382493,1.65278,0.377161,-0.0125733,-0.00685893,0.147081,4.75139e-05,2.35821e-05,6.99264e-06,9.71129e-05,-0.00384292,-0.00484413,0.00100122,30,1,0.0152675
2026-02-12 00:00:00+00:00,0.0003372,1.65334,0.416043,-0.00780682,-0.00567143,0.193095,6.17969e-05,1.9661e-05,6.6099e-06,0.000837199,-0.000406445,0.0027401,-0.00314654,30,0,0.0159926
2026-02-13 00:00:00+00:00,0.000279226,1.6538,0.423584,-0.00662794,-0.00158368,0.282515,9.11924e-05,4.57816e-05,8.51486e-06,0.00072533,-0.000290703,0.00828723,-0.00857793,30,1,0.0154493
2026-02-14 00:00:00+00:00,-0.00473634,1.64597,0.432106,-0.0164566,-0.0038707,0.42751,0.000139194,3.5642e-05,1.77974e-05,0.000394249,-0.00494029,0.0114917,-0.016432,30,1,0.0148961
2026-02-15 00:00:00+00:00,0.00307279,1.65102,0.470778,-0.0135479,-0.00435794,0.284088,9.09175e-05,2.78647e-05,7.24798e-06,-0.000426885,0.0036251,-0.00959237,0.0132175,30,0,0.0143503
2026-02-16 00:00:00+00:00,0.00104536,1.65275,0.488086,-0.0037225,-0.003604,0.463905,0.000148456,3.61627e-05,4.24014e-05,-0.000562144,0.00183678,0.00383889,-0.00194876,29.8542,0,0.0158323
2026-02-17 00:00:00+00:00,-0.00427182,1.64569,0.506431,-0.00960767,-0.00272173,0.37014,0.000118439,3.92073e-05,1.22697e-05,-0.00056229,-0.00354017,-0.00472518,0.00118501,30,0,0.0158328
2026-02-18 00:00:00+00:00,-0.0105077,1.6284,0.536266,-0.0278282,-0.0107286,0.244299,7.81227e-05,1.75195e-05,1.0286e-05,-0.00043798,-0.00999469,-0.00778077,-0.00221392,30,0,0.0141084
2026-02-19 00:00:00+00:00,0.0012933,1.6305,0.479005,-0.0237203,-0.000159119,0.154769,4.95308e-05,1.73638e-05,4.58316e-06,-0.000451857,0.0018205,-8.84475e-05,0.00190895,30,0,0.0115436
2026-02-20 00:00:00+00:00,-0.0035192,1.62476,0.446683,-0.012716,0.00621356,0.203884,6.71738e-05,5.64431e-05,1.57455e-05,-0.000603037,-0.00277866,0.00541405,-0.00819271,30,1,0.0103208
2026-02-21 00:00:00+00:00,0.00226746,1.62845,0.401124,-0.0118644,0.00592016,0.200736,6.423e-05,2.91364e-05,7.81614e-06,-0.000371943,0.00274375,0.00125721,0.00148655,30,0,0.00959807
2026-02-22 00:00:00+00:00,-0.00332944,1.62303,0.392625,-0.0196808,-0.00319691,0.0794817,2.54319e-05,1.32836e-05,2.2026e-06,-0.000128721,-0.00316306,-0.00479242,0.00162936,30,0,0.00987227
2026-02-23 00:00:00+00:00,-0.00595967,1.61335,0.374858,-0.0141131,-0.000256612,0.185856,6.10508e-05,1.7003e-05,8.29723e-06,-0.000145313,-0.00574063,-0.00813219,0.0023449,30,1,0.00957446
2026-02-24 00:00:00+00:00,0.00137858,1.61558,0.34752,-0.0125614,0.00069529,0.0556905,1.78221e-05,1.0991e-05,2.00543e-06,-4.6736e-05,0.0014579,-0.00130838,0.00276628,30,0,0.00874731
2026-02-25 00:00:00+00:00,0.000216081,1.61593,0.318178,-0.0100394,0.00157264,0.212049,6.78669e-05,1.74803e-05,7.57364e-06,0.000216897,9.56014e-05,0.0130743,-0.0129787,30,0,0.00890668
2026-02-26 00:00:00+00:00,-0.00395153,1.60954,0.27024,-0.00770688,-0.00150154,0.0891923,2.85395e-05,1.02155e-05,2.75282e-06,0.000506721,-0.00442233,-0.00412941,-0.000292917,30,0,0.0075738
2026-02-27 00:00:00+00:00,0.00169441,1.61227,0.243307,-0.00844559,-0.00310388,0.0670291,2.14513e-05,4.03384e-06,2.02378e-06,0.00019799,0.0015235,-0.00319167,0.00471517,30,0,0.00604759
2026-02-28 00:00:00+00:00,-0.00268425,1.60794,0.212651,-0.00729533,-0.000385503,0.0556625,1.9543e-05,3.51909e-06,4.86825e-06,4.55928e-05,-0.00270397,0.00100547,-0.00370943,30,1,0.00566682
2026-03-01 00:00:00+00:00,-0.000985736,1.60636,0.20967,-0.00584209,-7.78686e-05,0.0358404,1.14688e-05,2.36933e-06,8.89204e-07,6.09124e-05,-0.00103167,-0.00186966,0.000837989,30,0,0.00487171
2026-03-02 00:00:00+00:00,0.000172666,1.60663,0.180625,0.000562937,0.00103251,0.0814439,2.60616e-05,5.82368e-06,5.91219e-06,7.09912e-05,0.000140282,0.00262804,-0.00245891,29.7292,0,0.00440834
2026-03-03 00:00:00+00:00,3.36719e-05,1.60669,0.176318,0.00284161,0.00160937,0.0539897,1.78238e-05,4.8568e-06,2.02367e-06,2.53033e-05,3.35722e-05,-0.0017688,0.00180238,30,1,0.00405963
2026-03-04 00:00:00+00:00,6.7459e-05,1.6068,0.152426,0.00451079,0.00124955,0.0466025,1.49132e-05,4.83283e-06,9.90741e-07,5.18236e-06,8.34619e-05,0.00276928,-0.00268581,30,0,0.00371047
2026-03-05 00:00:00+00:00,0.0012029,1.60873,0.143451,0.00597315,0.00140797,0.0910632,2.91415e-05,1.29118e-05,2.61491e-06,-1.7814e-05,0.00126496,-0.000583318,0.00184828,30,0,0.00515416
2026-03-06 00:00:00+00:00,0.000390753,1.60936,0.135097,0.0028265,0.000372949,0.0535449,1.71347e-05,6.53467e-06,1.52803e-06,-3.85834e-05,0.000454708,-0.00281869,0.0032734,30,0,0.00590699
2026-03-07 00:00:00+00:00,0.000609214,1.61034,0.154211,-0.00301554,-0.00149845,0.0630917,2.01897e-05,4.41664e-06,1.30567e-06,-1.63444e-05,0.000651555,-0.000550346,0.0012019,30,0,0.00591393
2026-03-08 00:00:00+00:00,0.000183157,1.61063,0.163432,-0.00792782,-0.0022685,0.0499461,1.5983e-05,5.06768e-06,1.21973e-06,3.75575e-05,0.000168098,-0.000933905,0.001102,30,0,0.00592782
2026-03-09 00:00:00+00:00,-0.0012059,1.60869,0.179357,-0.00327445,-0.000647927,0.0943625,3.01953e-05,4.74808e-06,2.71261e-06,4.80515e-05,-0.00121664,0.00139273,-0.00256954,29,0,0.00650842
2026-03-10 00:00:00+00:00,-0.000425054,1.60801,0.200402,-0.00437486,-0.000201875,0.0555439,1.77738e-05,9.10348e-06,1.73417e-06,4.08219e-07,-0.0003956,0.00148533,-0.00188093,29,0,0.00640909
2026-03-11 00:00:00+00:00,0.000962092,1.60955,0.20017,-0.0098787,-0.000956443,0.0878661,2.81184e-05,9.24644e-06,2.41519e-06,-1.83101e-05,0.00102056,0.00148323,-0.000462677,29.7708,0,0.00683988
2026-03-12 00:00:00+00:00,-0.000490625,1.60876,0.203379,-0.0150315,-0.0022739,0.0672086,2.15062e-05,7.73911e-06,1.98778e-06,-4.97145e-05,-0.000409221,0.0014121,-0.00182132,30,0,0.00665246
2026-03-13 00:00:00+00:00,-0.00219712,1.60523,0.189616,-0.0107335,-0.00261382,0.108519,3.47258e-05,9.22594e-06,3.57382e-06,-3.05321e-05,-0.00212002,-0.000382501,-0.00173752,30,0,0.0058634
2026-03-14 00:00:00+00:00,0.000322362,1.60575,0.181141,-0.0138914,-0.00440975,0.0582933,1.86539e-05,6.74176e-06,1.5354e-06,-5.04232e-05,0.000399983,0.000444711,-4.47281e-05,30,0,0.00616057
2026-03-15 00:00:00+00:00,-0.000559783,1.60485,0.186027,-0.0107459,-0.00659966,0.145773,4.78254e-05,1.45068e-05,4.92638e-06,-8.19948e-05,-0.000409838,0.00187388,-0.00228372,30,1,0.00617931
2026-03-16 00:00:00+00:00,-0.00287487,1.60023,0.205805,0.00261744,0.00103867,0.192682,6.27187e-05,1.84044e-05,7.3792e-06,4.32107e-05,-0.00283204,0.00438386,-0.00722255,29.9792,1,0.00587357
2026-03-17 00:00:00+00:00,-0.000173379,1.59996,0.140471,0.00194656,0.00206204,0.111873,3.60648e-05,9.27008e-06,2.48635e-06,0.000145152,-0.000269947,-0.00264128,0.00237133,30,1,0.00543444
2026-03-18 00:00:00+00:00,-0.000384032,1.59934,0.102078,-0.00473662,-0.00212147,0.0932133,2.9828e-05,6.88379e-06,1.81052e-06,-0.000109959,-0.000235381,-0.00226092,0.00202554,30,0,0.00484798
2026-03-19 00:00:00+00:00,-0.000539241,1.59848,0.0730331,-0.00887818,-0.00238516,0.121225,3.87921e-05,8.24728e-06,1.93572e-06,-0.000401151,-8.88446e-05,-0.000305297,0.000216453,30,0,0.00453829
2026-03-20 00:00:00+00:00,0.000189916,1.59878,0.0780022,-0.00476097,0.000932299,0.136379,4.36416e-05,1.26974e-05,2.39959e-06,-8.33194e-05,0.000332291,0.00058483,-0.000252539,30,0,0.0047708
2026-03-21 00:00:00+00:00,2.51548e-05,1.59882,0.0808713,-0.00117987,-0.0015918,0.105321,3.37023e-05,6.62269e-06,1.79855e-06,3.11042e-07,6.72036e-05,-0.000600509,0.000667713,30,0,0.00459856
2026-03-22 00:00:00+00:00,5.91377e-06,1.59883,0.0521882,-0.0015269,-0.00159139,0.049846,1.59508e-05,3.24633e-06,5.41676e-07,2.83807e-05,-2.64886e-06,-0.000142081,0.000139432,30,0,0.00397781
2026-03-23 00:00:00+00:00,-0.000473134,1.59808,0.0454492,-0.00380546,-0.00101766,0.116568,3.73006e-05,8.13203e-06,5.82022e-06,6.41367e-05,-0.000485872,0.000374562,-0.000887068,30,0,0.00382493
2026-03-24 00:00:00+00:00,0.000370974,1.59867,0.0473887,0.00206097,-0.00076591,0.0730956,2.33911e-05,5.36959e-06,1.30289e-06,0.000103211,0.000297981,0.000107236,0.000190745,30,0,0.00391913
2026-03-25 00:00:00+00:00,-0.000471821,1.59792,0.0450384,0.00413399,-0.00179908,0.075492,2.41572e-05,6.38981e-06,1.27579e-06,0.000191982,-0.000632,-0.000698671,6.66703e-05,30,0,0.00376152
2026-03-26 00:00:00+00:00,-0.000487289,1.59714,0.0327384,0.0010483,-0.00282623,0.0551872,1.76596e-05,4.50056e-06,9.28609e-07,7.47497e-05,-0.000538766,-0.00161485,0.00107608,29.9167,0,0.00332669
2026-03-27 00:00:00+00:00,0.00011451,1.59732,0.0255589,-0.00288449,-0.00323354,0.0510661,1.63711e-05,3.95774e-06,8.77437e-07,-9.35284e-05,0.000229376,-0.000358338,0.000587714,28.9792,1,0.00375528
2026-03-28 00:00:00+00:00,-0.000185094,1.59702,0.0171453,-0.00220853,-0.00157218,0.0220923,7.06948e-06,1.71683e-06,2.45201e-07,-3.44559e-05,-0.000141548,0.000102714,-0.000244262,29,0,0.00267674
2026-03-29 00:00:00+00:00,0.000132381,1.59724,0.0175695,-0.00349542,-0.00417546,0.0424325,1.35784e-05,3.61754e-06,9.45024e-07,-0.000136005,0.000286548,-0.000176304,0.000462852,29,0,0.00331527
2026-03-30 00:00:00+00:00,-0.000114104,1.59705,0.02284,0.000203859,-0.00187655,0.0442371,1.41559e-05,4.53736e-06,6.64903e-07,-9.12493e-05,-3.48178e-06,5.4616e-05,-5.7362e-05,29.3958,0,0.00318961
2026-03-31 00:00:00+00:00,-0.000178149,1.59677,0.0188802,-0.000318542,-0.00181953,0.0306963,9.82279e-06,2.30466e-06,4.08549e-07,-4.85865e-05,-0.000116996,-5.69544e-05,-6.00284e-05,28.6875,0,0.00277661
2026-04-01 00:00:00+00:00,-0.000143382,1.59654,0.0138286,0.00121126,-0.000414227,0.0263368,8.42775e-06,1.55747e-06,3.11219e-07,-2.24094e-05,-0.000110631,-0.000104318,-6.30959e-06,26.1458,0,0.00237993
2026-04-02 00:00:00+00:00,-0.00036256,1.59596,0.0138812,0.000731242,0.000109368,0.0273098,8.73908e-06,1.25918e-06,4.26607e-07,-7.57963e-06,-0.000344596,-0.000277619,-6.70148e-05,25.8333,0,0.00238661
2026-04-03 00:00:00+00:00,-2.71961e-05,1.59592,0.00648792,-0.000516638,-0.000352229,0.00894433,2.86219e-06,4.07601e-07,8.94653e-08,-4.41102e-06,-1.94094e-05,-9.38599e-06,-1.00204e-05,23.3958,0,0.00151882
2026-04-04 00:00:00+00:00,-3.85804e-05,1.59586,0.00229373,-0.000605978,-0.00047249,0.00377836,1.20907e-06,1.69088e-07,5.46097e-08,-5.87551e-06,-3.12716e-05,8.67948e-06,-3.99508e-05,20.8125,0,0.00122408
2026-04-05 00:00:00+00:00,4.36714e-05,1.59593,0.00149157,-0.000139525,-5.74119e-05,0.00629323,2.01384e-06,6.66563e-07,8.94366e-08,-4.19974e-06,5.06407e-05,3.94091e-05,1.12452e-05,16.3333,0,0.00176726
2026-04-06 00:00:00+00:00,-4.52905e-05,1.59585,0.0143793,0.00170573,0.00117182,0.0422558,1.35219e-05,1.06508e-05,1.05512e-06,3.37863e-05,-5.38136e-05,-7.70523e-05,2.42989e-05,20.5833,0,0.00283771
2026-04-07 00:00:00+00:00,0.000648322,1.59689,0.0194224,0.000223257,-0.00118522,0.0500462,1.60151e-05,1.09257e-05,1.26637e-06,2.00753e-05,0.000656311,0.000868737,-0.000212434,22.2292,0,0.00324993
2026-04-08 00:00:00+00:00,0.000193639,1.5972,0.0381621,-0.00133432,-0.00176879,0.0775824,2.48265e-05,1.38032e-05,1.5892e-06,2.61558e-05,0.000207765,-0.000691459,0.000899225,27.0417,0,0.00396412
2026-04-09 00:00:00+00:00,0.00116629,1.59906,0.04707,-0.00443911,-0.000997665,0.093466,2.99102e-05,1.15167e-05,2.38341e-06,8.171e-05,0.00112798,0.0010807,4.62293e-05,28.5417,0,0.00446753
2026-04-10 00:00:00+00:00,0.000663167,1.60012,0.0732584,-0.00154674,-0.00363664,0.12426,3.97638e-05,1.22356e-05,3.25752e-06,8.38019e-05,0.000634839,0.000348806,0.000286033,29,0,0.00554409
2026-04-11 00:00:00+00:00,0.0014749,1.60248,0.0893489,-0.00465786,-0.0047,0.101532,3.24979e-05,1.03256e-05,4.13767e-06,0.000108486,0.00141464,0.00230849,-0.000893845,29,0,0.00636144
2026-04-12 00:00:00+00:00,0.00043841,1.60318,0.101265,-0.00909003,-0.00544967,0.0487431,1.5598e-05,5.09298e-06,1.36087e-06,2.99874e-05,0.000430931,-0.0018958,0.00232674,29.8542,0,0.00685015
2026-04-13 00:00:00+00:00,0.000553137,1.60407,0.143434,-0.00380585,0.00291498,0.15311,5.07767e-05,9.46826e-06,1.31297e-05,0.00012564,0.000502409,0.00418915,-0.00370875,29.3542,1,0.00749409
2026-04-14 00:00:00+00:00,0.003657,1.60994,0.127355,-0.00895186,0.00136671,0.127928,4.09428e-05,9.14281e-06,5.68542e-06,0.000533597,0.00317542,0.00190422,0.0012712,30,0,0.00829261
2026-04-15 00:00:00+00:00,0.0021832,1.61345,0.173177,-0.0110241,0.00357207,0.197972,6.33552e-05,1.33804e-05,6.86465e-06,0.000265453,0.0020025,0.000836825,0.00116567,30,0,0.00941117
2026-04-16 00:00:00+00:00,-0.00531932,1.60487,0.225849,-0.00849188,-0.00102332,0.210036,6.71991e-05,1.68344e-05,8.81547e-06,0.000196673,-0.00542897,0.00487888,-0.0103079,30,0,0.00932174
2026-04-17 00:00:00+00:00,4.3225e-05,1.60494,0.230052,0.00156036,0.000966488,0.143358,4.58752e-05,2.47479e-05,4.999e-06,0.00011792,3.75641e-06,-0.000490313,0.000494069,30,0,0.00870742
2026-04-18 00:00:00+00:00,-0.00294391,1.60021,0.220882,-0.00753009,-0.000623607,0.116415,3.75041e-05,1.32783e-05,4.53239e-06,1.94484e-07,-0.00288645,-0.00859671,0.00571025,30,1,0.00807615
2026-04-19 00:00:00+00:00,-0.00227345,1.59658,0.154797,-0.00881449,-0.00209115,0.223263,7.20512e-05,1.99212e-05,6.83828e-06,-5.21066e-05,-0.00212358,-0.00535876,0.00323518,30,2,0.00731244
2026-04-20 00:00:00+00:00,0.00235159,1.60033,0.154143,-0.00310965,0.00297653,0.224427,7.19428e-05,1.18728e-05,6.84105e-06,3.21197e-05,0.00240887,0.00281202,-0.000400389,30,1,0.00751713
2026-04-21 00:00:00+00:00,-0.000593683,1.59938,0.145106,-0.00219127,0.000367961,0.13146,4.22577e-05,1.27952e-05,2.69055e-06,5.67267e-05,-0.000592203,6.27311e-05,-0.000654934,30,1,0.00728618
2026-04-22 00:00:00+00:00,-0.00149749,1.59698,0.112752,-0.00472297,0.00204132,0.155724,4.98312e-05,1.81532e-05,2.61257e-06,3.6067e-05,-0.00146339,-0.000593549,-0.00086984,30,0,0.00718347
2026-04-23 00:00:00+00:00,0.00135459,1.59915,0.114031,-0.0122183,-0.00260469,0.158525,5.07307e-05,2.22581e-05,3.01505e-06,7.89413e-06,0.00142243,0.00144614,-2.37159e-05,30,0,0.0076849
2026-04-24 00:00:00+00:00,-0.000845991,1.5978,0.0963528,-0.0172459,-0.00554767,0.112935,3.61386e-05,1.42285e-05,2.11065e-06,1.62525e-05,-0.000809511,6.184e-05,-0.000871351,30,0,0.007541
2026-04-25 00:00:00+00:00,-0.000170122,1.59752,0.0664,-0.00800104,-0.00276258,0.10148,3.24735e-05,1.14672e-05,1.92879e-06,4.38064e-05,-0.000167666,-4.25823e-05,-0.000125084,30,0,0.0065079
2026-04-26 00:00:00+00:00,0.000989447,1.5991,0.0680039,0.00137904,-0.00109999,0.122443,3.91824e-05,1.02312e-05,2.65917e-06,3.36766e-05,0.00100756,0.0002935,0.000714063,30,0,0.00665763
2026-04-27 00:00:00+00:00,-0.000205249,1.59878,0.0864909,0.00831882,0.00350643,0.150696,4.82217e-05,2.39223e-05,5.91393e-06,1.38784e-05,-0.000140806,-0.000886645,0.000831034,30,0,0.00661193
2026-04-28 00:00:00+00:00,0.0010455,1.60045,0.0716719,0.000593792,-0.00587671,0.102626,3.28413e-05,1.14601e-05,2.43472e-06,1.90575e-05,0.00107288,0.000784278,0.000288599,30,0,0.00709813
2026-04-29 00:00:00+00:00,0.000490742,1.60123,0.102096,-0.00479955,-0.00576815,0.149324,4.78372e-05,9.75054e-06,3.69577e-06,3.14672e-05,0.000520742,-0.000843954,0.0013647,29.3958,1,0.00733173
2026-04-30 00:00:00+00:00,0.0011517,1.60308,0.112764,-0.0038536,-0.00394807,0.125635,4.02062e-05,1.52343e-05,4.36097e-06,1.64782e-05,0.0011963,-0.000158543,0.00135484,29.5833,0,0.00775701
2026-05-01 00:00:00+00:00,-0.00129387,1.601,0.146001,-0.00349209,-0.00458308,0.108751,3.47994e-05,1.26142e-05,2.63998e-06,1.54317e-06,-0.00124548,0.000548463,-0.00179394,30,0,0.00764531
2026-05-02 00:00:00+00:00,-0.00214501,1.59757,0.107366,-0.00764695,-0.00741996,0.127898,4.2554e-05,1.42103e-05,6.64676e-06,1.23741e-05,-0.002095,0.00107895,-0.00317395,30,1,0.00670158
2026-05-03 00:00:00+00:00,-0.000259769,1.59715,0.0697092,-0.00145247,0.00120702,0.112746,3.60787e-05,1.46208e-05,2.14043e-06,1.34849e-05,-0.00022031,-0.000694273,0.000473964,30,0,0.00660049
2026-05-04 00:00:00+00:00,0.00166019,1.5998,0.103458,0.00375294,0.00332309,0.244223,7.81553e-05,3.15352e-05,1.11867e-05,9.62975e-06,0.00177062,0.000705285,0.0010616,29.9792,0,0.00701742
2026-05-05 00:00:00+00:00,0.00237257,1.6036,0.132986,0.00102654,-0.00268191,0.144133,4.61264e-05,1.04574e-05,4.53437e-06,1.24733e-05,0.00241942,0.00145514,0.000964288,30,0,0.00721686
2026-05-06 00:00:00+00:00,-0.00195516,1.60047,0.14436,0.00911356,0.00182661,0.135521,4.33666e-05,1.23652e-05,3.77733e-06,-2.46518e-06,-0.00189358,0.000870809,-0.00276438,30,0,0.00654704
2026-05-07 00:00:00+00:00,-0.000886553,1.59905,0.109609,-0.000902464,0.000614456,0.0921497,2.94875e-05,5.74837e-06,1.58147e-06,-7.99105e-06,-0.000841673,-0.00149184,0.000650164,30,0,0.00570874
2026-05-08 00:00:00+00:00,-0.000496632,1.59825,0.0743609,-0.0126629,-0.00484752,0.091499,2.92795e-05,4.64176e-06,1.66047e-06,1.39545e-05,-0.000474799,0.00115488,-0.00162968,30,0,0.00490831
2026-05-09 00:00:00+00:00,-0.000405076,1.5976,0.0552054,-0.010557,-0.00255645,0.0717848,2.31556e-05,6.30121e-06,1.19907e-06,8.12026e-06,-0.000382378,0.00030313,-0.000685509,30,1,0.00461607
2026-05-10 00:00:00+00:00,0.000441628,1.59831,0.0624535,-0.0121544,-0.00385805,0.128221,4.10311e-05,1.14585e-05,3.03602e-06,1.63514e-05,0.000480966,0.000473923,7.04303e-06,30,0,0.0049839
2026-05-11 00:00:00+00:00,-6.91276e-05,1.5982,0.0745885,-0.00746102,-0.000173374,0.110386,3.53247e-05,1.90479e-05,3.64742e-06,8.91791e-06,-1.96474e-05,-0.00086803,0.000806731,29.8542,0,0.00517168
2026-05-12 00:00:00+00:00,0.000177808,1.59848,0.0717009,-0.0105001,-0.00219969,0.104993,3.3598e-05,1.24603e-05,2.73769e-06,-8.12442e-07,0.000227644,-0.00071885,0.000946494,30,0,0.00513143
2026-05-13 00:00:00+00:00,-0.000117198,1.5983,0.0571542,-0.00642145,0.000259105,0.0719309,2.30949e-05,1.22318e-05,1.16106e-06,4.3339e-06,-8.48532e-05,-0.000881488,0.000796634,29.9583,1,0.00489192
2026-05-14 00:00:00+00:00,-0.000503456,1.59749,0.0361117,-0.00435242,-0.000868203,0.0555248,1.77678e-05,8.57263e-06,7.91292e-07,5.24041e-06,-0.000481614,0.000302185,-0.000783799,30,0,0.004089
2026-05-15 00:00:00+00:00,-0.000100611,1.59733,0.0262769,-0.00251403,0.00108427,0.0462397,1.47966e-05,4.15351e-06,6.86988e-07,3.9773e-07,-8.12845e-05,-0.000450746,0.000369461,30,0,0.00360276
2026-05-16 00:00:00+00:00,0.000117339,1.59752,0.031133,-0.00156265,-0.00089006,0.0547002,1.75041e-05,5.39791e-06,1.15177e-06,6.13312e-07,0.000140833,-0.000260807,0.000401648,29.2917,0,0.00387489
2026-05-17 00:00:00+00:00,0.000198977,1.59784,0.0288072,-0.00229429,-0.000584866,0.0432527,1.38409e-05,7.35427e-06,6.87736e-07,-1.96687e-06,0.000222891,-0.00011039,0.000333281,29,0,0.0036859
2026-05-18 00:00:00+00:00,0.000343684,1.59839,0.0275937,-0.00217605,-0.000914051,0.050138,1.60444e-05,8.92844e-06,1.06527e-06,-5.24672e-06,0.000374986,0.000471089,-9.63909e-05,28.7917,0,0.00352552
2026-05-19 00:00:00+00:00,-0.000141913,1.59816,0.0178686,-0.00149645,-0.00128156,0.0210988,6.75164e-06,3.58326e-06,2.35783e-07,-1.64129e-06,-0.000129673,-0.000276212,0.000146536,26.875,0,0.00278211
2026-05-20 00:00:00+00:00,-5.12531e-05,1.59808,0.00885505,-0.000576586,-0.000485871,0.00772349,2.47151e-06,1.24626e-06,3.70786e-08,-8.38604e-07,-4.66522e-05,0.00015312,-0.000199772,26,0,0.00161937
2026-05-21 00:00:00+00:00,6.08422e-07,1.59808,0.00374631,-0.000126704,-0.00018184,0.00357344,1.16539e-06,9.94634e-07,1.72002e-08,-1.5224e-07,2.94e-06,3.27653e-05,-2.98159e-05,24.0417,1,0.00080462
2026-05-22 00:00:00+00:00,2.60628e-05,1.59812,0.00157757,-5.75655e-05,-0.000137417,0.0013594,4.35009e-07,1.5839e-07,2.98651e-09,-3.91268e-08,2.66981e-05,-1.16774e-05,3.83654e-05,22.5208,0,0.00029703
2026-05-23 00:00:00+00:00,-2.60156e-06,1.59812,0.000901827,-0.000286987,-0.000344619,0.00163344,5.22701e-07,8.7767e-08,3.87826e-08,-3.06774e-09,-1.94904e-06,4.36076e-06,-6.32129e-06,18.6875,0,0.00116754
2026-05-24 00:00:00+00:00,2.13164e-05,1.59815,0.00187032,-0.000681966,-0.000797284,0.00493834,1.58026e-06,5.16999e-07,1.92659e-07,-8.54934e-07,2.4463e-05,-2.15297e-05,4.59822e-05,14.3542,0,0.00184563
2026-05-25 00:00:00+00:00,-0.000271493,1.59772,0.00474807,0.000288379,-0.000135321,0.0108427,3.46964e-06,9.98203e-07,6.72856e-07,2.92066e-06,-0.000269296,-0.000167013,-0.000105143,12.7083,0,0.00135328
2026-05-26 00:00:00+00:00,-8.99362e-05,1.59757,0.00219671,-0.000217242,-0.00043463,0.00205036,6.56115e-07,1.36568e-07,1.43468e-08,-2.52125e-07,-8.88786e-05,-8.70562e-05,-1.81927e-06,10.5,0,0.000341486
2026-05-27 00:00:00+00:00,1.17971e-05,1.59759,0.000844787,-0.000102825,-0.000156795,0.000799484,2.55835e-07,1.06608e-07,3.40613e-09,-5.96635e-08,1.22228e-05,-4.04253e-07,1.26212e-05,8.45833,0,0
2026-05-28 00:00:00+00:00,5.73269e-06,1.5976,0.000308902,-3.68429e-05,-4.95702e-05,0.000290691,9.30212e-08,5.47107e-08,7.587e-10,-7.04743e-08,5.95167e-06,-7.64163e-06,1.35933e-05,8,0,0
2026-05-29 00:00:00+00:00,-5.29476e-06,1.59759,0.000112447,-1.52254e-05,-1.91543e-05,0.000129951,4.15842e-08,3.2784e-08,2.81944e-10,7.70345e-10,-5.22089e-06,-2.73125e-06,-2.49213e-06,6.9375,0,3.76266e-08
2026-05-30 00:00:00+00:00,4.5336e-06,1.5976,0.00011971,-4.23394e-05,-5.14866e-05,0.00150907,4.82901e-07,7.40308e-08,4.07968e-08,-4.09937e-08,5.17232e-06,9.10358e-07,4.29734e-06,4.35417,0,0.00039106
2026-05-31 00:00:00+00:00,0.000125687,1.5978,0.00371958,-0.000413052,-0.000442341,0.0104327,3.33847e-06,4.93152e-07,2.34286e-07,2.32254e-05,0.000106533,0.000146201,-3.96873e-05,5.41667,0,0.00152641
2026-06-01 00:00:00+00:00,7.67334e-05,1.59792,0.00440135,0.000254018,0.00030676,0.00748213,2.3943e-06,1.33648e-06,1.88806e-07,4.32827e-05,3.74012e-05,0.000220443,-0.000183569,8.6875,0,0.00121568
2026-06-02 00:00:00+00:00,5.91482e-06,1.59793,0.00205315,0.000343796,0.000297132,0.00177901,5.69284e-07,4.91392e-07,8.58731e-09,2.22935e-05,-1.52959e-05,-4.61549e-05,3.0859e-05,10,0,0.000104057
2026-06-03 00:00:00+00:00,1.27653e-05,1.59795,0.000829033,0.000108778,0.000247958,0.000728721,2.33191e-07,3.37691e-07,2.80911e-09,1.23444e-05,9.95597e-07,9.48059e-07,4.75373e-08,10,0,0
2026-06-04 00:00:00+00:00,2.0935e-05,1.59799,0.000321453,5.37668e-05,0.000108795,0.000297576,9.72579e-08,1.34352e-07,7.38929e-10,6.74131e-06,1.4426e-05,-1.08716e-05,2.52976e-05,9.875,1,0
2026-06-05 00:00:00+00:00,8.4029e-06,1.598,0.000109067,1.32785e-05,7.79053e-06,0.000115055,3.68176e-08,6.4647e-08,2.83353e-10,-1.34102e-08,8.51804e-06,1.85295e-06,6.73149e-06,7.27083,0,0
2026-06-06 00:00:00+00:00,1.037e-05,1.59802,4.33393e-05,1.09758e-05,2.49608e-06,4.43235e-05,1.41835e-08,1.61319e-08,7.65148e-11,-2.10531e-08,1.04214e-05,1.14479e-05,-9.89531e-07,3.70833,0,0
2026-06-07 00:00:00+00:00,-2.84113e-06,1.59801,9.96958e-06,1.2591e-06,-5.19901e-07,2.81058e-05,8.99386e-09,6.76072e-09,1.84239e-10,9.44734e-10,-2.82613e-06,-1.88595e-06,-3.12256e-07,1.70833,0,0
2026-06-08 00:00:00+00:00,0,1.59801,0,0,0,0,0,0,0,0,0,0,0,0,0,0
2026-06-09 00:00:00+00:00,0,1.59801,0,0,0,0,0,0,0,0,0,0,0,0,0,0
2026-06-10 00:00:00+00:00,0,1.59801,0,0,0,0,0,0,0,0,0,0,0,0,0,0
2026-06-11 00:00:00+00:00,0,1.59801,0,0,0,0,0,0,0,0,0,0,0,0,0,0
2026-06-12 00:00:00+00:00,0,1.59801,0,0,0,0,0,0,0,0,0,0,0,0,0,0
2026-06-13 00:00:00+00:00,0,1.59801,0,0,0,0,0,0,0,0,0,0,0,0,0,0
2026-06-14 00:00:00+00:00,0,1.59801,0,0,0,0,0,0,0,0,0,0,0,0,0,0
2026-06-15 00:00:00+00:00,0,1.59801,0,0,0,0,0,0,0,0,0,0,0,0,0,0
2026-06-16 00:00:00+00:00,0,1.59801,0,0,0,0,0,0,0,0,0,0,0,0,0,0
2026-06-17 00:00:00+00:00,0,1.59801,0,0,0,0,0,0,0,0,0,0,0,0,0,0
2026-06-18 00:00:00+00:00,0,1.59801,0,0,0,0,0,0,0,0,0,0,0,0,0,0
2026-06-19 00:00:00+00:00,0,1.59801,0,0,0,0,0,0,0,0,0,0,0,0,0,0
2026-06-20 00:00:00+00:00,0,1.59801,0,0,0,0,0,0,0,0,0,0,0,0,0,0
2026-06-21 00:00:00+00:00,0,1.59801,0,0,0,0,0,0,0,0,0,0,0,0,0,0
2026-06-22 00:00:00+00:00,0,1.59801,0,0,0,0,0,0,0,0,0,0,0,0,0,0
2026-06-23 00:00:00+00:00,0,1.59801,0,0,0,0,0,0,0,0,0,0,0,0,0,0
2026-06-24 00:00:00+00:00,0,1.59801,0,0,0,0,0,0,0,0,0,0,0,0,0,0
2026-06-25 00:00:00+00:00,0,1.59801,0,0,0,0,0,0,0,0,0,0,0,0,0,0
2026-06-26 00:00:00+00:00,0,1.59801,0,0,0,0,0,0,0,0,0,0,0,0,0,0
2026-06-27 00:00:00+00:00,0,1.59801,0,0,0,0,0,0,0,0,0,0,0,0,0,0
2026-06-28 00:00:00+00:00,0,1.59801,0,0,0,0,0,0,0,0,0,0,0,0,0,0
2026-06-29 00:00:00+00:00,0,1.59801,0,0,0,0,0,0,0,0,0,0,0,0,0,0
2026-06-30 00:00:00+00:00,0,1.59801,0,0,0,0,0,0,0,0,0,0,0,0,0,0
2026-07-01 00:00:00+00:00,0,1.59801,0,0,0,0,0,0,0,0,0,0,0,0,0,0
2026-07-02 00:00:00+00:00,0,1.59801,0,0,0,0,0,0,0,0,0,0,0,0,0,0
2026-07-03 00:00:00+00:00,0,1.59801,0,0,0,0,0,0,0,0,0,0,0,0,0,0
2026-07-04 00:00:00+00:00,0,1.59801,0,0,0,0,0,0,0,0,0,0,0,0,0,0
2026-07-05 00:00:00+00:00,0,1.59801,0,0,0,0,0,0,0,0,0,0,0,0,0,0
2026-07-06 00:00:00+00:00,0,1.59801,0,0,0,0,0,0,0,0,0,0,0,0,0,0
2026-07-07 00:00:00+00:00,0,1.59801,0,0,0,0,0,0,0,0,0,0,0,0,0,0
2026-07-08 00:00:00+00:00,0,1.59801,0,0,0,0,0,0,0,0,0,0,0,0,0,0
2026-07-09 00:00:00+00:00,0,1.59801,0,0,0,0,0,0,0,0,0,0,0,0,0,0
2026-07-10 00:00:00+00:00,0,1.59801,0,0,0,0,0,0,0,0,0,0,0,0,0,0
2026-07-11 00:00:00+00:00,0,1.59801,0,0,0,0,0,0,0,0,0,0,0,0,0,0
2026-07-12 00:00:00+00:00,0,1.59801,0,0,0,0,0,0,0,0,0,0,0,0,0,0
2026-07-13 00:00:00+00:00,0,1.59801,0,0,0,0,0,0,0,0,0,0,0,0,0,0
2026-07-14 00:00:00+00:00,0,1.59801,0,0,0,0,0,0,0,0,0,0,0,0,0,0
2026-07-15 00:00:00+00:00,0,1.59801,0,0,0,0,0,0,0,0,0,0,0,0,0,0
2026-07-16 00:00:00+00:00,0,1.59801,0,0,0,0,0,0,0,0,0,0,0,0,0,0
2026-07-17 00:00:00+00:00,0,1.59801,0,0,0,0,0,0,0,0,0,0,0,0,0,0
2026-07-18 00:00:00+00:00,0,1.59801,0,0,0,0,0,0,0,0,0,0,0,0,0,0
2026-07-19 00:00:00+00:00,0,1.59801,0,0,0,0,0,0,0,0,0,0,0,0,0,0
2026-07-20 00:00:00+00:00,0,1.59801,0,0,0,0,0,0,0,0,0,0,0,0,0,0
2026-07-21 00:00:00+00:00,0,1.59801,0,0,0,0,0,0,0,0,0,0,0,0,0,0
2026-07-22 00:00:00+00:00,0,1.59801,0,0,0,0,0,0,0,0,0,0,0,0,0,0
2026-07-23 00:00:00+00:00,0,1.59801,0,0,0,0,0,0,0,0,0,0,0,0,0,0
2026-07-24 00:00:00+00:00,0,1.59801,0,0,0,0,0,0,0,0,0,0,0,0,0,0
2026-07-25 00:00:00+00:00,0,1.59801,0,0,0,0,0,0,0,0,0,0,0,0,0,0
2026-07-26 00:00:00+00:00,0,1.59801,0,0,0,0,0,0,0,0,0,0,0,0,0,0
2026-07-27 00:00:00+00:00,0,1.59801,0,0,0,0,0,0,0,0,0,0,0,0,0,0
2026-07-28 00:00:00+00:00,0,1.59801,0,0,0,0,0,0,0,0,0,0,0,0,0,0
2026-07-29 00:00:00+00:00,0,1.59801,0,0,0,0,0,0,0,0,0,0,0,0,0,0.000138723
2026-07-30 00:00:00+00:00,0,1.59801,0,0,0,0,0,0,0,0,0,0,0,0,0,0.00059214
2026-07-31 00:00:00+00:00,-3.38548e-07,1.59801,0.000219778,-0.000219778,-0.000216592,0.000690951,2.21104e-07,7.02872e-08,8.88616e-09,3.11625e-08,-6.94061e-08,0,-6.94061e-08,0.895833,0,0.000805758
2026-08-01 00:00:00+00:00,4.05341e-05,1.59808,0.000652713,-0.000378562,-0.0004501,0.00194914,6.23726e-07,1.32234e-07,2.86819e-08,3.22721e-07,4.09953e-05,-1.8603e-06,4.28557e-05,2.875,0,0.000914447
2026-08-02 00:00:00+00:00,-1.82382e-05,1.59805,0.00138418,1.23114e-06,-5.46973e-05,0.00206728,6.6153e-07,1.33551e-07,1.32621e-08,4.29392e-08,-1.74728e-05,1.39089e-05,-3.13817e-05,5.95833,0,0.000897388
2026-08-03 00:00:00+00:00,-6.40709e-06,1.59804,0.000652164,-3.2336e-05,-6.0358e-05,0.000558609,1.78755e-07,5.66895e-08,6.3759e-10,8.77172e-08,-6.25871e-06,-1.00137e-05,3.755e-06,6,0,0.000218171
2026-08-04 00:00:00+00:00,-4.76251e-06,1.59803,0.000279421,-1.83723e-05,-3.53438e-05,0.00024002,7.68063e-08,2.98103e-08,1.70554e-10,3.65943e-08,-4.69232e-06,-3.15485e-07,-4.37684e-06,6,0,0
2026-08-05 00:00:00+00:00,1.40721e-06,1.59803,0.000121721,-8.07993e-06,-1.76136e-05,0.000108054,3.45773e-08,2.21006e-08,8.08549e-11,1.4319e-08,1.44965e-06,1.60828e-06,-6.77357e-08,5.875,0,0
2026-08-06 00:00:00+00:00,4.1381e-07,1.59803,4.88994e-05,-1.07769e-06,-3.7141e-06,4.54623e-05,1.45479e-08,1.02011e-08,2.1237e-11,-7.93241e-10,4.39374e-07,-2.07719e-07,6.63313e-07,4.91667,0,0
2026-08-07 00:00:00+00:00,-1.76085e-07,1.59803,1.52287e-05,-3.1468e-06,-4.55878e-06,2.34045e-05,7.48945e-09,5.70075e-09,1.86981e-11,1.47071e-09,-1.64347e-07,-2.56124e-08,-1.4692e-07,2.77083,0,0
2026-08-08 00:00:00+00:00,3.77879e-08,1.59803,1.4128e-06,-1.4128e-06,-1.40998e-06,4.65768e-06,1.49046e-09,1.04441e-09,2.82912e-12,2.6993e-10,4.00557e-08,0,4.26414e-08,0.354167,0,0
2026-08-09 00:00:00+00:00,0,1.59803,0,0,0,0,0,0,0,0,0,0,0,0,0,0
2026-08-10 00:00:00+00:00,0,1.59803,0,0,0,0,0,0,0,0,0,0,0,0,0,0
2026-08-11 00:00:00+00:00,0,1.59803,0,0,0,0,0,0,0,0,0,0,0,0,0,0
2026-08-12 00:00:00+00:00,0,1.59803,0,0,0,0,0,0,0,0,0,0,0,0,0,0.000169871
2026-08-13 00:00:00+00:00,0,1.59803,0,0,0,0,0,0,0,0,0,0,0,0,0,0.000194203
2026-08-14 00:00:00+00:00,0,1.59803,0,0,0,0,0,0,0,0,0,0,0,0,0,4.6603e-05
2026-08-15 00:00:00+00:00,0,1.59803,0,0,0,0,0,0,0,0,0,0,0,0,0,2.14366e-05
2026-08-16 00:00:00+00:00,0,1.59803,0,0,0,0,0,0,0,0,0,0,0,0,0,0.000158635
2026-08-17 00:00:00+00:00,0,1.59803,0,0,0,0,0,0,0,0,0,0,0,0,0,8.46283e-05
2026-08-18 00:00:00+00:00,0,1.59803,0,0,0,0,0,0,0,0,0,0,0,0,0,0
2026-08-19 00:00:00+00:00,0,1.59803,0,0,0,0,0,0,0,0,0,0,0,0,0,0
2026-08-20 00:00:00+00:00,0,1.59803,0,0,0,0,0,0,0,0,0,0,0,0,0,0
2026-08-21 00:00:00+00:00,0,1.59803,0,0,0,0,0,0,0,0,0,0,0,0,0,0
2026-08-22 00:00:00+00:00,0,1.59803,0,0,0,0,0,0,0,0,0,0,0,0,0,0
2026-08-23 00:00:00+00:00,0,1.59803,0,0,0,0,0,0,0,0,0,0,0,0,0,0
2026-08-24 00:00:00+00:00,0,1.59803,0,0,0,0,0,0,0,0,0,0,0,0,0,0
2026-08-25 00:00:00+00:00,0,1.59803,0,0,0,0,0,0,0,0,0,0,0,0,0,0
2026-08-26 00:00:00+00:00,0,1.59803,0,0,0,0,0,0,0,0,0,0,0,0,0,0
2026-08-27 00:00:00+00:00,0,1.59803,0,0,0,0,0,0,0,0,0,0,0,0,0,0
2026-08-28 00:00:00+00:00,0,1.59803,0,0,0,0,0,0,0,0,0,0,0,0,0,0
2026-08-29 00:00:00+00:00,0,1.59803,0,0,0,0,0,0,0,0,0,0,0,0,0,0
2026-08-30 00:00:00+00:00,0,1.59803,0,0,0,0,0,0,0,0,0,0,0,0,0,0
2026-08-31 00:00:00+00:00,0,1.59803,0,0,0,0,0,0,0,0,0,0,0,0,0,0
