,"{'holding_horizon': 16, 'cost_aversion': 0.5}","{'holding_horizon': 16, 'cost_aversion': 1.0}","{'holding_horizon': 16, 'cost_aversion': 2.0}","{'holding_horizon': 48, 'cost_aversion': 0.5}","{'holding_horizon': 48, 'cost_aversion': 1.0}","{'holding_horizon': 48, 'cost_aversion': 2.0}","{'holding_horizon': 96, 'cost_aversion': 0.5}","{'holding_horizon': 96, 'cost_aversion': 1.0}","{'holding_horizon': 96, 'cost_aversion': 2.0}"
2023-07-31 00:00:00+00:00,0,0,0,0,0,0,0,0,0
2023-08-01 00:00:00+00:00,0,0,0,0,0,0,0,0,0
2023-08-02 00:00:00+00:00,0,0,0,0,0,0,0,0,0
2023-08-03 00:00:00+00:00,-1.221e-05,0,0,0,0,0,0,0,0
2023-08-04 00:00:00+00:00,0.000435778,9.04135e-05,-2.48352e-05,0,0,0,0,0,0
2023-08-05 00:00:00+00:00,-0.00301842,-0.00177677,-0.000376533,0,0,0,0,0,0
2023-08-06 00:00:00+00:00,0.000625205,0.000412793,-0.000130648,0,0,0,0,0,0
2023-08-07 00:00:00+00:00,-0.00116079,-0.000922424,0.000450921,0,0,0,0,0,0
2023-08-08 00:00:00+00:00,-0.00138471,-0.00165817,-0.000205647,0,0,0,0,0,0
2023-08-09 00:00:00+00:00,-0.00165861,-0.00178529,0.000122552,0,0,0,0,0,0
2023-08-10 00:00:00+00:00,0.000817792,0.00170554,0.00069313,0,0,0,0,0,0
2023-08-11 00:00:00+00:00,-0.000109384,-0.00042797,-0.000397668,0,0,0,0,0,0
2023-08-12 00:00:00+00:00,-0.000595628,-0.000949624,-0.00027879,0,0,0,0,0,0
2023-08-13 00:00:00+00:00,0.00064876,0.000340434,0.000268025,0,0,0,0,0,0
2023-08-14 00:00:00+00:00,0.000147005,-0.000565999,-0.000372875,0,0,0,0,0,0
2023-08-15 00:00:00+00:00,0.0017159,0.0019191,0.000217446,0,0,0,0,0,0
2023-08-16 00:00:00+00:00,0.000208202,0.000763476,-0.000495977,0,0,0,0,0,0
2023-08-17 00:00:00+00:00,0.00119541,0.00188447,-0.00012881,0,0,0,0,0,0
2023-08-18 00:00:00+00:00,0.000365373,0.000371841,-0.000309352,0,0,0,0,0,0
2023-08-19 00:00:00+00:00,-0.00051792,0.000127679,0.000561271,0,0,0,0,0,0
2023-08-20 00:00:00+00:00,-0.000704041,-0.00144233,-0.000350911,0,0,0,0,0,0
2023-08-21 00:00:00+00:00,0.000237042,0.000169177,-0.000112396,0,0,0,0,0,0
2023-08-22 00:00:00+00:00,0.000148666,6.90013e-05,-0.000862596,0,0,0,0,0,0
2023-08-23 00:00:00+00:00,-0.000116393,-0.000396033,0.000199597,0,0,0,0,0,0
2023-08-24 00:00:00+00:00,0.000498975,0.00127066,-0.000639695,0,0,0,0,0,0
2023-08-25 00:00:00+00:00,-0.000633642,-0.00097572,-6.70076e-05,0,0,0,0,0,0
2023-08-26 00:00:00+00:00,0.000225536,0.000946886,0.000514746,0,0,0,0,0,0
2023-08-27 00:00:00+00:00,0.00015924,0.000634671,0.000419914,0,0,0,0,0,0
2023-08-28 00:00:00+00:00,-0.000460598,-0.000542221,-0.000569021,0,0,0,0,0,0
2023-08-29 00:00:00+00:00,-0.000449596,-0.000769856,-0.000190985,0,0,0,0,0,0
2023-08-30 00:00:00+00:00,-0.000266381,0.000577636,0.000188847,0,0,0,0,0,0
2023-08-31 00:00:00+00:00,0.0011632,0.00161487,0.00164138,0,0,0,0,0,0
2023-09-01 00:00:00+00:00,0.00163611,0.000279561,0.000202896,2.62829e-06,0,0,0,0,0
2023-09-02 00:00:00+00:00,-0.00255246,-0.00172436,-0.000294821,-0.000675565,-0.000663197,-0.000145579,0,0,0
2023-09-03 00:00:00+00:00,0.000940743,-0.000135487,0.000237858,0.000243088,0.00049047,0.000115502,0,0,0
2023-09-04 00:00:00+00:00,0.00256735,0.00119871,0.000268562,0.00166007,0.00123482,0.000462616,0,0,0
2023-09-05 00:00:00+00:00,-0.0024599,-0.000749295,0.000155319,-0.00130299,-0.000486221,0.000162098,0,0,0
2023-09-06 00:00:00+00:00,0.00311792,0.000510836,-0.000120457,0.00221781,0.000435047,-6.05881e-05,0,0,0
2023-09-07 00:00:00+00:00,0.00613589,0.00479838,0.00356559,0.00295645,0.00209734,0.00182445,0,0,0
2023-09-08 00:00:00+00:00,0.00105757,-0.000259219,-0.000282546,0.000363954,-0.00045991,-1.16109e-05,0,0,0
2023-09-09 00:00:00+00:00,-8.11125e-05,0.000751944,0.00081011,-0.000267503,0.00037988,0.000617572,0,0,0
2023-09-10 00:00:00+00:00,0.010199,0.0106347,0.00372343,0.00957821,0.00906394,0.00488131,0,0,0
2023-09-11 00:00:00+00:00,-0.000520228,-3.6852e-05,-0.000150926,-0.000395043,-0.000555356,-7.34524e-05,-1.05391e-05,4.6538e-05,4.51845e-05
2023-09-12 00:00:00+00:00,0.000782658,0.00563956,0.00400085,0.00063601,0.00338998,0.00462574,0.0013686,0.00107336,0.000482748
2023-09-13 00:00:00+00:00,0.00213232,0.00170316,0.00307089,0.00122109,0.00109133,0.00283001,0.000710115,0.000629396,0.000328655
2023-09-14 00:00:00+00:00,0.00725402,0.00851333,0.00525151,0.0085582,0.00920468,0.00612029,0.00121826,0.000951014,0.000429982
2023-09-15 00:00:00+00:00,0.0129157,0.0122277,0.00875109,0.0149116,0.0128316,0.00942939,0.00430473,0.00330685,0.00255894
2023-09-16 00:00:00+00:00,0.000619649,0.000550582,0.00230977,0.00135401,0.000980061,0.00227823,0.00140055,0.00182038,0.00166458
2023-09-17 00:00:00+00:00,-0.00678502,-0.0094019,-0.0087302,-0.00683339,-0.00940462,-0.00993799,-0.00506201,-0.00554949,-0.00585734
2023-09-18 00:00:00+00:00,-0.00196677,-0.000460562,0.00108092,7.88289e-05,-0.00127079,0.0018183,0.000551589,0.000328115,0.00112841
2023-09-19 00:00:00+00:00,0.0093775,0.00759001,0.00601904,0.0130819,0.0101168,0.00813674,0.00750221,0.00673585,0.00579952
2023-09-20 00:00:00+00:00,0.00999646,0.00707579,0.00363075,0.0112437,0.0102132,0.0065121,0.00758782,0.00603023,0.00369877
2023-09-21 00:00:00+00:00,-0.00410321,-0.00618126,-0.00383824,-0.00652171,-0.007558,-0.00748822,-0.00544003,-0.00522727,-0.00404482
2023-09-22 00:00:00+00:00,-0.0208525,-0.0191317,-0.00885344,-0.0264737,-0.0263485,-0.0194086,-0.0195091,-0.0172898,-0.0113269
2023-09-23 00:00:00+00:00,-0.000568671,0.00144658,0.000713241,-0.000413907,0.00178836,0.00368122,0.00168344,0.00277852,0.00224998
2023-09-24 00:00:00+00:00,0.00498279,0.00244945,-0.000717399,0.00505173,0.00342303,0.000711371,0.00178901,0.000720573,-0.000330155
2023-09-25 00:00:00+00:00,0.00451055,0.00781141,0.00489187,0.00767064,0.00970407,0.0103479,0.00565978,0.00704979,0.00684549
2023-09-26 00:00:00+00:00,-0.000215405,0.00490287,0.00567743,0.00399286,0.00663918,0.0109984,0.0051585,0.0078997,0.0101986
2023-09-27 00:00:00+00:00,0.0115063,0.011419,0.00759632,0.012174,0.011205,0.0107072,0.00696913,0.0069772,0.00666955
2023-09-28 00:00:00+00:00,-0.00832513,-0.00751357,-0.00598059,-0.0095522,-0.00938063,-0.00837662,-0.00627756,-0.00569171,-0.00658393
2023-09-29 00:00:00+00:00,-0.00911479,-0.00677494,-0.00620824,-0.0145213,-0.0126716,-0.0115549,-0.00893787,-0.0087298,-0.00783881
2023-09-30 00:00:00+00:00,0.00288699,0.00234542,0.00314329,0.00645275,0.0036907,0.00470723,0.00278471,0.00189265,0.00246109
2023-10-01 00:00:00+00:00,-0.0207343,-0.0181056,-0.0166876,-0.0265972,-0.024507,-0.0244176,-0.0187474,-0.0174071,-0.0181999
2023-10-02 00:00:00+00:00,0.00193482,0.00188518,0.00402372,0.00210485,-8.46128e-06,0.00276583,2.85799e-05,0.000495696,0.00263075
2023-10-03 00:00:00+00:00,-0.00288257,-0.000757692,0.00362334,-0.00329911,-0.00648933,-0.00301407,-0.00436599,-0.00433954,-0.00199989
2023-10-04 00:00:00+00:00,-0.00537453,-0.0047495,0.00171234,-0.00727465,-0.00747991,-0.00620336,-0.00368445,-0.00358427,-0.000695148
2023-10-05 00:00:00+00:00,0.00431684,0.00329314,0.00156626,0.00692321,0.00641643,0.00386834,0.00295454,0.00254836,0.00291229
2023-10-06 00:00:00+00:00,-0.0044284,-0.0033732,-0.00571315,-0.00437512,-0.00364474,-0.0060927,-0.000794666,-0.00111165,-0.00204776
2023-10-07 00:00:00+00:00,0.00289859,0.000653984,0.00126085,0.00265619,0.00232367,0.000386533,0.000166536,-0.0010008,-0.00141853
2023-10-08 00:00:00+00:00,-0.00219028,-0.00149647,-7.8271e-05,-0.00378365,-0.00301543,-0.00308765,-0.0015308,-0.00117721,-2.54267e-05
2023-10-09 00:00:00+00:00,0.00414429,0.000971139,0.0020817,0.00469507,0.00475104,0.00184601,0.00188185,0.00145683,0.00194124
2023-10-10 00:00:00+00:00,-0.00402694,-0.0038468,-0.00410794,-0.00509076,-0.00474264,-0.00454749,-0.00172237,-0.00169821,-0.00191914
2023-10-11 00:00:00+00:00,-0.00802357,-0.00656149,-0.00345507,-0.0104012,-0.0115951,-0.00580151,-0.00490259,-0.00254597,-0.000746427
2023-10-12 00:00:00+00:00,-0.000466156,-0.00225314,-0.00072295,-0.000823876,-0.000714806,-0.00280978,-0.000641133,-0.00156247,-0.00149537
2023-10-13 00:00:00+00:00,-0.00064427,-0.000669439,0.00221914,-4.57158e-05,-0.000928985,-0.000494463,-0.00114738,-0.000586935,0.00081537
2023-10-14 00:00:00+00:00,-0.000585978,-0.00115723,-0.00222385,-0.00290791,-0.00137706,-0.00187415,0.000129793,-0.000872277,-0.00100404
2023-10-15 00:00:00+00:00,-0.00147456,-0.00135954,-0.00217903,-0.00822698,-0.00539808,-0.00403212,-0.000575152,-0.000277995,-0.000218504
2023-10-16 00:00:00+00:00,0.000345916,-0.00301189,-0.00228463,-0.000203803,-1.06204e-05,-0.00275862,0.000464073,-0.00185069,-0.00545569
2023-10-17 00:00:00+00:00,-0.000109958,-0.00122109,-0.00115075,0.000421721,0.000886895,0.0002152,0.000145773,-0.000419452,0.000485243
2023-10-18 00:00:00+00:00,-7.77657e-05,-0.00291331,-0.00117295,0.001558,-0.00116902,-0.00213995,-0.000976614,-0.00109892,-0.000944276
2023-10-19 00:00:00+00:00,0.00102485,0.00741601,0.006284,-0.00202296,0.000838547,0.00591007,0.00294107,0.0031383,0.00231975
2023-10-20 00:00:00+00:00,0.000213523,0.000695867,-0.000969453,-0.00139674,0.000575747,0.0013758,0.000609002,0.00135962,-0.000352226
2023-10-21 00:00:00+00:00,0.000741711,0.00228725,0.00210609,-0.00161345,-0.000471349,0.00342275,0.0010616,0.00159167,0.00246226
2023-10-22 00:00:00+00:00,-0.00050442,-0.000593415,0.00302386,-0.00494144,-0.000992615,-0.00049254,0.000770116,0.00083594,0.00160086
2023-10-23 00:00:00+00:00,0.00297592,0.00488989,0.00348392,0.00314714,0.00239284,0.0049821,0.00141529,0.00230847,0.00251517
2023-10-24 00:00:00+00:00,-0.00221647,-0.00276827,-0.00202956,-0.00483949,-0.0014942,-0.00193626,-0.000455606,-0.000480844,0.000431399
2023-10-25 00:00:00+00:00,0.00625091,0.00280414,0.00044455,0.00512971,0.00539758,0.00322006,0.000418676,-0.000907674,-0.00391358
2023-10-26 00:00:00+00:00,0.00234044,0.00310478,0.00121069,0.00207186,0.0028419,0.00243673,0.000913482,9.46767e-05,-0.000201649
2023-10-27 00:00:00+00:00,-0.00150806,-0.00285289,-0.00333002,-0.00197007,-0.00234777,-0.00282501,1.36829e-05,-0.000319502,-0.000526431
2023-10-28 00:00:00+00:00,-0.0018628,-0.00153839,-0.00229391,-0.00212603,-0.00192336,-0.00148117,-0.000483242,-0.000650105,-0.00104206
2023-10-29 00:00:00+00:00,0.000207838,0.000387327,0.000949906,-0.000148398,-0.000681766,-4.9453e-05,0.000314875,-3.98616e-05,0.000943724
2023-10-30 00:00:00+00:00,0.00464539,0.0032224,0.00409404,0.00413242,0.00405945,0.0029073,0.000906229,0.000909753,0.000269472
2023-10-31 00:00:00+00:00,-0.000575518,-0.000309386,-2.23699e-05,-0.00026965,0.000337168,3.80596e-05,0.000195758,0.000211546,0.000637693
2023-11-01 00:00:00+00:00,0.000210448,0.000730139,0.00388898,-0.000102967,-0.000972015,0.000610271,0.00012877,-0.000173403,0.00212639
2023-11-02 00:00:00+00:00,0.00276564,0.00206587,0.000331662,0.000927053,0.00113554,0.00137857,0.000403808,0.000846164,6.62108e-06
2023-11-03 00:00:00+00:00,-0.00245539,-0.000996194,0.00314271,-0.00099941,-0.00092772,-9.78833e-05,3.79212e-05,8.85795e-05,0.00199806
2023-11-04 00:00:00+00:00,0.00143191,-0.00125835,-0.0025238,0.000478749,-0.000927111,-0.00349188,-0.000892035,-0.0015982,-0.0017047
2023-11-05 00:00:00+00:00,0.00290763,0.00101202,0.00289814,0.00136697,0.00161901,0.00209874,6.94968e-05,-0.000461056,0.000737994
2023-11-06 00:00:00+00:00,-0.000239168,0.00237328,0.00231621,-0.000315421,0.000422015,0.00433877,0.000817739,0.000815643,0.000323033
2023-11-07 00:00:00+00:00,-0.00305144,-0.00221135,-0.00287601,-0.00363211,-0.00258393,-0.00277873,-0.000131724,-0.000431583,-0.00179645
2023-11-08 00:00:00+00:00,-0.00180571,-0.00290493,-0.00125897,-0.00191614,-0.00342198,-0.00182823,0.000331671,-0.00100554,0.000705017
2023-11-09 00:00:00+00:00,-0.00497883,-0.00692385,0.00330248,-0.00273167,-0.00164149,-0.0010899,0.000521899,0.000273178,2.54041e-05
2023-11-10 00:00:00+00:00,-0.000705159,-0.00165041,-0.00519613,-8.36017e-05,-0.000966465,-0.00440317,-0.000305703,-0.000390242,0.000321407
2023-11-11 00:00:00+00:00,0.000188448,0.00049671,0.00100888,-0.000413784,-0.000723742,-0.00148295,-0.00028496,0.000164701,0.001426
2023-11-12 00:00:00+00:00,0.00154454,0.00238291,0.00334061,0.000957784,0.00106968,0.00409969,0.000192862,0.000152078,0.000120474
2023-11-13 00:00:00+00:00,-0.000797219,-0.0019719,-0.00143483,-0.00139906,-0.000498881,-0.00111904,-0.000538093,-0.000223245,0.00102065
2023-11-14 00:00:00+00:00,0.000178158,-6.01074e-05,-0.00014489,0.000230539,-0.0002187,7.9749e-05,0.0001927,7.81608e-05,-0.000584728
2023-11-15 00:00:00+00:00,-0.000227181,0.000768372,0.000199773,0.000433331,-1.77425e-05,0.000987632,0.000594805,0.000582112,-0.000747586
2023-11-16 00:00:00+00:00,-0.000314165,-0.00014332,0.000487967,-0.000668487,-0.000158517,0.000837176,-0.000391377,0.000747499,0.000452314
2023-11-17 00:00:00+00:00,-0.00184923,-0.000171382,0.000305774,-0.00140087,-0.000579193,-0.000324854,0.000159482,0.000310265,0.00132858
2023-11-18 00:00:00+00:00,0.000984331,0.000329825,-0.000134413,0.000458607,0.000205829,0.000308587,-3.60497e-05,-0.000233482,-2.43977e-05
2023-11-19 00:00:00+00:00,0.000153004,-0.000538062,-0.00017951,1.09e-05,-0.000324856,-0.000642142,0.000120943,-5.17314e-05,-0.000370695
2023-11-20 00:00:00+00:00,-0.000610769,0.000304795,-0.00029994,-0.000305968,9.12467e-05,-0.000450538,-3.54005e-05,-0.000136975,0.000394159
2023-11-21 00:00:00+00:00,0.000116292,-0.000464731,-0.0004098,-4.90607e-05,-0.000236731,0.000241173,-0.00027022,-0.000365639,-0.000125303
2023-11-22 00:00:00+00:00,0.000103703,0.000179784,0.00028334,4.37991e-05,5.89821e-05,0.000130304,0.000444371,0.000199938,-3.18667e-05
2023-11-23 00:00:00+00:00,8.86664e-05,-5.04815e-05,0.000135056,0.000370761,-6.3523e-05,-0.000550643,-0.000283307,0.000102088,-0.000129795
2023-11-24 00:00:00+00:00,-0.000872767,-0.000300328,-5.37247e-05,-0.000434635,-0.000436316,-0.000215415,-0.00014958,0.000107001,7.25291e-05
2023-11-25 00:00:00+00:00,-0.000388906,-0.000895739,-0.000121268,-0.000356389,-0.000122138,-0.000379619,-2.15819e-05,0.000123212,-4.94406e-05
2023-11-26 00:00:00+00:00,3.5771e-05,-0.000393365,0.000150484,-0.000208791,-1.85634e-05,-0.000483836,0.000187208,-8.30861e-05,8.28377e-05
2023-11-27 00:00:00+00:00,-0.000382021,-9.87309e-05,0.000201608,-0.000241943,-0.000271801,-0.000178542,-4.65574e-06,-5.96591e-05,-7.52024e-05
2023-11-28 00:00:00+00:00,0.000226641,0.000140156,7.82444e-06,0.000147598,1.04733e-05,0.00010852,-1.95534e-05,1.40941e-05,0.00012632
2023-11-29 00:00:00+00:00,-0.000165945,-4.05214e-05,-0.000218788,-0.000133944,-0.000161756,-0.000245935,-0.00024554,-6.14229e-05,-3.24474e-05
2023-11-30 00:00:00+00:00,0.00053437,8.47801e-06,0.000400306,0.000317365,0.000207207,0.000197371,7.00319e-05,3.22132e-05,4.16163e-05
2023-12-01 00:00:00+00:00,-0.00019468,5.308e-05,9.73618e-05,-9.98487e-05,-3.52094e-05,2.99449e-05,1.2399e-05,9.56534e-05,1.17356e-05
2023-12-02 00:00:00+00:00,0.000317166,0.000685704,0.00112552,0.000285269,0.000671571,0.00104697,0.000179598,0.000417828,8.99919e-05
2023-12-03 00:00:00+00:00,-0.000177445,-0.000590782,-0.000713444,-0.000245121,-0.000342747,-0.000628334,-0.000111651,-8.52869e-05,-0.000337536
2023-12-04 00:00:00+00:00,-0.000767515,-0.000317884,-0.000152237,-0.000125991,-0.000402737,-0.000224038,0.000301989,0.000513673,0.000299516
2023-12-05 00:00:00+00:00,-0.000118296,-0.00068859,-0.000700334,-0.00028997,-0.000539761,-0.000219222,0.000300791,0.000361449,6.25999e-05
2023-12-06 00:00:00+00:00,-0.000798362,-0.000504536,0.000430251,-0.000983741,-0.000514004,0.000428056,6.13443e-05,0.000148183,0.000817592
2023-12-07 00:00:00+00:00,0.000296442,0.000799131,0.000407096,0.00111903,0.000916341,0.000182059,0.000199682,0.00034873,-2.71534e-05
2023-12-08 00:00:00+00:00,6.09183e-05,-0.000687266,0.0018997,-0.000593598,-0.000545652,0.000506838,0.000610475,0.000106454,0.00137702
2023-12-09 00:00:00+00:00,0.000883353,-0.000523205,0.00040638,0.00104504,0.000192716,0.000306931,7.16591e-05,-0.000178442,0.00040963
2023-12-10 00:00:00+00:00,0.000345289,0.000482942,0.000620171,0.00047686,0.000422116,0.000460654,0.000469914,0.00022417,9.90983e-06
2023-12-11 00:00:00+00:00,0.000355044,0.000719394,-0.00068187,-0.000428305,-0.000352175,-0.000415613,-0.000644899,-0.000472256,-0.000172176
2023-12-12 00:00:00+00:00,-0.000637323,-0.000710902,0.000215871,-0.00155845,-0.000737655,0.000245917,5.9243e-05,0.000508086,0.000263858
2023-12-13 00:00:00+00:00,0.00181108,0.00102661,0.000454848,0.00155367,0.00168407,0.000532538,0.00012118,-9.87323e-05,0.000681056
2023-12-14 00:00:00+00:00,-0.000518734,0.000125511,-0.000341126,7.89995e-06,-0.000201874,-0.000272142,-0.000153555,-4.70333e-05,-0.000322279
2023-12-15 00:00:00+00:00,-0.000346558,4.94469e-05,-0.000234257,-0.000451499,-0.000473311,1.3307e-05,-0.000355168,-0.000265083,-0.000243452
2023-12-16 00:00:00+00:00,-0.00267157,-0.00270972,-0.000406743,-0.000502275,-0.00189568,-0.000124524,0.000520926,0.000253101,8.77735e-05
2023-12-17 00:00:00+00:00,-0.00036961,-0.000330883,-0.00027895,-0.000617533,-0.000529467,-0.000269883,1.7859e-05,-0.000183225,-0.000187209
2023-12-18 00:00:00+00:00,0.00127959,0.000998332,0.000141361,0.00152493,0.000614595,0.000144247,-9.42034e-05,-8.23334e-05,0.000123386
2023-12-19 00:00:00+00:00,3.72643e-05,-0.000581217,-0.00104801,0.00057679,0.000110525,-0.000359405,-0.000202914,-0.000316836,-6.20493e-05
2023-12-20 00:00:00+00:00,-0.000108735,0.000438122,-0.000458827,0.000684358,-0.000763924,-0.000607618,-5.85815e-05,8.29936e-05,-7.67879e-05
2023-12-21 00:00:00+00:00,-0.000497888,0.000704119,0.000758819,-0.00121918,6.37998e-05,0.000315807,-0.000124007,-0.000241845,0.000108563
2023-12-22 00:00:00+00:00,0.000782018,0.00135697,0.000558885,0.000363335,0.00224782,0.000714897,0.000504508,1.57553e-05,-0.000699441
2023-12-23 00:00:00+00:00,0.00109595,0.000305597,-0.000153608,0.00112926,-7.32673e-05,-0.000362972,0.000234514,-7.9331e-06,0.000117305
2023-12-24 00:00:00+00:00,3.83962e-05,0.000324781,-0.000177981,0.000268461,0.000343031,2.03886e-05,-0.000152993,-0.000109803,-2.13037e-05
2023-12-25 00:00:00+00:00,0.000692854,-0.000163099,0.00075532,8.31821e-05,0.000686741,-3.92448e-05,-0.000170209,-5.6062e-05,0.000143321
2023-12-26 00:00:00+00:00,0.00156505,0.000519479,-0.000295946,0.0013593,0.00290086,9.11903e-05,-0.000334711,-0.000564042,-0.000381121
2023-12-27 00:00:00+00:00,0.00161767,0.000150225,0.00142308,0.00193841,0.00115234,0.000278964,0.000304769,-5.92588e-05,-4.30713e-05
2023-12-28 00:00:00+00:00,0.00230833,0.00146304,0.000281799,0.00335571,0.00353943,0.00210061,0.00205989,0.00185327,0.000843156
2023-12-29 00:00:00+00:00,0.00335093,0.00189506,0.000262615,0.00506807,0.00384724,0.0024225,0.00287092,0.00204047,0.000839682
2023-12-30 00:00:00+00:00,0.00342214,0.00223258,0.000632516,0.00356444,0.00317282,0.0020803,0.00274324,0.00262362,0.00171188
2023-12-31 00:00:00+00:00,0.00991793,0.00877643,0.00351787,0.0133299,0.0135451,0.0103073,0.0112606,0.0107623,0.00825532
2024-01-01 00:00:00+00:00,0.00017265,0.00170039,2.20895e-05,-0.00185455,-0.000379271,0.000117379,-0.00238938,-0.00143009,-0.000665967
2024-01-02 00:00:00+00:00,0.00219883,0.0012558,0.000194106,0.000722505,0.000644929,-0.00030026,0.000877396,0.000671253,-0.0003192
2024-01-03 00:00:00+00:00,0.00773963,0.00572885,0.0032185,0.00542823,0.00384049,0.00233245,0.00210772,0.00144577,0.00117595
2024-01-04 00:00:00+00:00,0.0131063,0.0110517,0.00885632,0.0134857,0.0120754,0.00904968,0.00628429,0.00496631,0.00329222
2024-01-05 00:00:00+00:00,-0.000667211,-0.00209352,-0.00381384,-0.00131739,-0.00175691,-0.0028734,-0.000590902,-0.000527453,-0.000991673
2024-01-06 00:00:00+00:00,0.000925257,0.00109728,-0.000710754,0.00138148,0.00105748,0.00113702,0.00151896,0.00110801,0.000399759
2024-01-07 00:00:00+00:00,0.00435422,0.00367039,0.00525241,0.00560717,0.00491572,0.00543388,0.00361337,0.00395177,0.0042248
2024-01-08 00:00:00+00:00,0.00260388,0.00563107,0.0052051,0.0026055,0.0023463,0.00598051,-0.000288487,0.000465824,0.00331849
2024-01-09 00:00:00+00:00,0.00114473,0.00386921,0.0035656,0.00246717,0.00352915,0.00344983,0.00173948,0.0022662,0.00135087
2024-01-10 00:00:00+00:00,-0.00539948,-0.00582261,-0.00752564,-0.00897535,-0.00986881,-0.0102389,-0.0098195,-0.0102879,-0.00908479
2024-01-11 00:00:00+00:00,0.00327843,0.00559569,0.0051365,0.00692056,0.00791275,0.00884132,0.008394,0.00942456,0.0111813
2024-01-12 00:00:00+00:00,0.00929814,0.0089623,0.00763665,0.012045,0.0119265,0.00950373,0.0100764,0.0107775,0.00813199
2024-01-13 00:00:00+00:00,-0.00312576,-0.00435841,-0.00385152,-0.0031608,-0.00332048,-0.00175875,-0.00217342,-0.00248936,-0.000458549
2024-01-14 00:00:00+00:00,-0.0045602,-0.000958574,0.00199093,-0.00625134,-0.00313645,-0.000380981,-0.00390561,-0.00162684,0.000546707
2024-01-15 00:00:00+00:00,-0.00822483,-0.00816707,-0.00287337,-0.0106614,-0.0104885,-0.00846245,-0.0106735,-0.00933053,-0.00690387
2024-01-16 00:00:00+00:00,0.00508707,0.0060137,0.0045698,0.00667274,0.00743954,0.00850675,0.00710861,0.00757424,0.0071403
2024-01-17 00:00:00+00:00,-0.0072428,-0.00740685,-0.0021951,-0.00931252,-0.00954449,-0.00934645,-0.00858732,-0.00884347,-0.00814429
2024-01-18 00:00:00+00:00,0.00639651,0.00429797,0.00102457,0.00713242,0.00619076,0.00378525,0.00479632,0.00423954,0.00233466
2024-01-19 00:00:00+00:00,0.000391304,0.00241658,0.00399987,0.000727352,0.00118157,0.00104582,0.00115565,0.00151577,0.000450851
2024-01-20 00:00:00+00:00,-0.00629575,-0.00520745,-0.00539416,-0.0101184,-0.00867513,-0.00801383,-0.00807792,-0.00796589,-0.00824464
2024-01-21 00:00:00+00:00,0.00171757,-0.000647827,0.000512946,0.00335763,0.0022891,-0.000110803,0.00200966,0.000810141,-0.000454117
2024-01-22 00:00:00+00:00,-0.00261057,-0.001047,-0.00184873,-0.00437946,-0.00502496,-0.00289458,-0.00372267,-0.00332416,-0.00244951
2024-01-23 00:00:00+00:00,-0.00433444,-0.00530056,-0.00336387,-0.00788882,-0.00589001,-0.00283653,-0.00600253,-0.00424894,-0.00274304
2024-01-24 00:00:00+00:00,-0.00169534,-0.000886149,-0.00078605,-0.00208321,-0.00327241,-0.00356764,-0.00223342,-0.0026283,-0.00238173
2024-01-25 00:00:00+00:00,-0.000488874,0.00121925,0.00204009,-0.000699708,-0.000570625,0.00143227,-0.000135584,0.000460564,0.00151724
2024-01-26 00:00:00+00:00,-0.00279354,-0.00300936,-0.00296024,-0.00428332,-0.00464189,-0.00409633,-0.0035972,-0.00351186,-0.00285142
2024-01-27 00:00:00+00:00,0.00072762,-0.000235069,-0.00027462,0.00302303,0.00213525,-6.07994e-05,0.00245817,0.00197472,-0.000382274
2024-01-28 00:00:00+00:00,0.00299446,-0.000328172,-0.00199685,0.00441388,0.0039351,0.00119096,0.00178567,0.000972884,0.000297057
2024-01-29 00:00:00+00:00,-0.00228576,-0.00227862,-0.00239186,-0.00251248,-0.00394031,-0.00394028,-0.00218201,-0.00268506,-0.00335989
2024-01-30 00:00:00+00:00,-0.00107864,0.000268088,0.000386861,-0.00323352,-0.00234297,-0.00215788,-0.0013588,-0.00196073,-0.00155963
2024-01-31 00:00:00+00:00,0.00103985,-0.00145758,-0.000774786,0.000550368,0.000286227,-0.00160966,0.000156596,-0.000552373,-0.00217754
2024-02-01 00:00:00+00:00,0.00162818,0.000660967,-0.000575307,0.00157009,0.00226158,0.000857647,0.000431601,0.000273967,-0.000721601
2024-02-02 00:00:00+00:00,0.000755179,0.000986308,0.00223839,0.00118132,0.00307746,0.00213358,0.00116482,0.00122397,0.0023423
2024-02-03 00:00:00+00:00,-0.00114835,-0.00143661,0.000252873,-0.00114944,-0.0006468,-0.0016802,-0.000332775,-0.000538001,-0.000793947
2024-02-04 00:00:00+00:00,0.0030227,0.00499866,0.00281826,0.00564632,0.00408502,0.00511876,0.000762873,0.00104085,0.00211014
2024-02-05 00:00:00+00:00,-0.00213008,-0.00126691,-0.000573728,-0.00283739,-0.0020055,-0.00237106,-0.000296687,-6.49913e-05,-0.00102855
2024-02-06 00:00:00+00:00,-0.00141741,0.000395849,5.95646e-05,-0.00135304,-0.00148953,-0.000553063,-0.000905264,-0.000605245,-0.000831198
2024-02-07 00:00:00+00:00,0.000510151,0.000823065,0.000314103,0.0015288,0.00176059,0.00195455,0.000954045,0.000750381,0.000651392
2024-02-08 00:00:00+00:00,0.00117335,-0.0013339,-0.000967874,0.00429229,0.00199762,-0.0016001,0.00186702,-0.000467517,-0.00103358
2024-02-09 00:00:00+00:00,-0.00370283,-0.00418402,-0.00332975,-0.00467405,-0.0054949,-0.00492988,-0.00309349,-0.00264531,-0.00264709
2024-02-10 00:00:00+00:00,0.00177868,0.00319304,0.000610803,0.00299158,0.0026044,0.0043836,0.00215124,0.00167726,0.00139708
2024-02-11 00:00:00+00:00,-0.00112329,-0.000296761,0.00174532,-0.00222749,-0.00135905,-0.000744769,-0.00153122,-0.00131335,-0.000753783
2024-02-12 00:00:00+00:00,-0.00412319,-0.00407211,-0.00205028,-0.00704307,-0.00648321,-0.00655415,-0.00480866,-0.00444595,-0.00289055
2024-02-13 00:00:00+00:00,0.000148182,0.00103539,-0.000520541,0.000181056,0.000459351,0.00190071,0.000793605,0.0013384,0.00168586
2024-02-14 00:00:00+00:00,-0.00103144,7.82957e-05,-0.00248094,-0.000796478,-0.00142538,-0.00052297,-0.00169244,-0.000630829,-0.000120962
2024-02-15 00:00:00+00:00,0.000851203,-0.000537831,-0.00140638,0.002149,0.000911809,0.000334188,0.00153672,0.000411594,0.00127886
2024-02-16 00:00:00+00:00,-0.00178496,-0.00393434,-0.00277948,-0.00284005,-0.00287932,-0.00447315,-0.00186306,-0.00247611,-0.00223098
2024-02-17 00:00:00+00:00,-0.000594414,-0.00236935,-0.00127334,-0.00087608,-0.000941914,-0.00149581,-0.000204879,-0.00029985,-0.000889812
2024-02-18 00:00:00+00:00,0.000743082,0.000852314,-0.000681849,0.000629554,0.00183278,0.00131183,0.00111393,0.00109515,0.00105222
2024-02-19 00:00:00+00:00,0.00138306,0.00201653,0.00189767,0.00363731,0.0030179,0.00322402,0.00354865,0.0032003,0.00312694
2024-02-20 00:00:00+00:00,0.00148525,-0.000308574,-0.000946248,0.00546032,0.0030468,0.000123031,0.00357851,0.00232768,0.00116362
2024-02-21 00:00:00+00:00,0.00425127,0.00358639,0.00350362,0.00405961,0.0039144,0.00442001,0.00361648,0.00423063,0.0046197
2024-02-22 00:00:00+00:00,0.00581241,0.00279402,-0.00113722,0.00792172,0.00700728,0.00351088,0.00768355,0.00591602,0.00311804
2024-02-23 00:00:00+00:00,0.000896573,0.00139926,-0.000475724,0.00149871,0.00214063,0.00246382,0.00201293,0.0025261,0.00210949
2024-02-24 00:00:00+00:00,0.00116585,0.00139093,0.00194173,0.00301752,0.00350442,0.000725535,0.00322796,0.00299496,0.000663128
2024-02-25 00:00:00+00:00,0.00683467,0.00223125,0.00225316,0.00915831,0.00520004,0.00241742,0.00834211,0.00517724,0.00304578
2024-02-26 00:00:00+00:00,0.006478,0.00519419,-0.00141066,0.00899526,0.0104167,0.00734586,0.00716867,0.00783178,0.00634089
2024-02-27 00:00:00+00:00,0.000594619,-0.000914474,-0.000452453,0.0050917,0.00693544,-0.000407304,0.00306169,0.00409798,0.00205725
2024-02-28 00:00:00+00:00,0.0159598,0.00811565,0.000323711,0.0156714,0.0117243,0.00574896,0.00991437,0.00685451,0.00450244
2024-02-29 00:00:00+00:00,-0.011014,-0.0116887,-0.00373661,-0.0154015,-0.0145444,-0.0161005,-0.014643,-0.0148176,-0.0137986
2024-03-01 00:00:00+00:00,0.00813616,0.0055526,0.000196468,0.00899615,0.00701687,0.00434256,0.00626102,0.00516417,0.00448622
2024-03-02 00:00:00+00:00,0.0184138,0.0172231,0.00530234,0.0229882,0.0232762,0.0193236,0.0174571,0.0164772,0.0144014
2024-03-03 00:00:00+00:00,0.00764682,0.00602274,0.00253631,0.00873724,0.00926327,0.00552956,0.00740573,0.00702064,0.00587563
2024-03-04 00:00:00+00:00,0.0235836,0.0243436,0.0188374,0.0300078,0.0298301,0.0304398,0.0251275,0.0248096,0.0255021
2024-03-05 00:00:00+00:00,0.00961756,0.0102494,0.0116662,0.0109324,0.0139819,0.0117453,0.0109696,0.00844239,0.00949265
2024-03-06 00:00:00+00:00,-0.00752437,-0.0060889,-0.00165637,-0.00205416,-0.00161509,1.69031e-05,0.00235535,0.00239804,0.00368759
2024-03-07 00:00:00+00:00,0.00220587,0.00154737,-0.000502976,0.000125593,-0.000743068,-0.00189489,-0.00257331,-0.00351514,-0.00330084
2024-03-08 00:00:00+00:00,0.000538123,-0.00113655,-0.00363529,0.000430534,-0.000971738,-0.00170792,-0.000464237,-0.000333952,0.000398203
2024-03-09 00:00:00+00:00,-0.0157264,-0.0151797,-0.0175723,-0.0217466,-0.0195273,-0.0201908,-0.0194327,-0.0196149,-0.0212861
2024-03-10 00:00:00+00:00,0.0128841,0.0130846,0.00804087,0.0191749,0.0185749,0.0135867,0.0152036,0.014273,0.0123052
2024-03-11 00:00:00+00:00,0.00505415,0.00382186,0.00276452,0.00646188,0.00487427,0.00114893,0.00245548,0.00134301,-0.002212
2024-03-12 00:00:00+00:00,-0.00797733,-0.00652324,-0.00678694,-0.0095911,-0.0105443,-0.0105146,-0.00864087,-0.0085983,-0.0103044
2024-03-13 00:00:00+00:00,0.00919217,0.0123975,0.0147864,0.0171854,0.0185569,0.0201844,0.0163831,0.0172283,0.0181412
2024-03-14 00:00:00+00:00,0.0206392,0.0203893,0.0172236,0.0267367,0.0271275,0.0261087,0.0201152,0.0203461,0.0193999
2024-03-15 00:00:00+00:00,0.0137037,0.0146812,0.0124001,0.0150909,0.0153139,0.0136125,0.00983509,0.00849456,0.00690121
2024-03-16 00:00:00+00:00,-0.00361172,-0.00479575,-0.00683474,-0.00298684,-0.00271312,-0.00372505,-0.00267679,-0.0034534,-0.00266726
2024-03-17 00:00:00+00:00,0.0103261,0.0123306,0.0121908,0.0119255,0.0119638,0.0118621,0.0138482,0.0143852,0.0125042
2024-03-18 00:00:00+00:00,0.0207118,0.0218713,0.022874,0.022935,0.0219479,0.0219793,0.0223813,0.0220313,0.0213278
2024-03-19 00:00:00+00:00,-0.0216799,-0.021366,-0.0190316,-0.0196667,-0.0203724,-0.021511,-0.022422,-0.0220888,-0.0221671
2024-03-20 00:00:00+00:00,0.0097632,0.00720755,0.00424052,0.00786345,0.00773612,0.00470947,0.00669502,0.00576336,0.00548179
2024-03-21 00:00:00+00:00,-0.0057478,-0.00243651,-0.0053694,-0.00595614,-0.00495743,-0.00374905,-0.00427103,-0.00340952,-0.0032807
2024-03-22 00:00:00+00:00,0.00541756,0.00278012,0.00182593,0.00391298,0.0026832,0.004168,0.00140245,0.0017331,0.00242685
2024-03-23 00:00:00+00:00,0.000854979,0.00172697,-0.00260505,0.00040529,0.000648822,-0.000574398,0.000760909,0.000127777,-0.00212771
2024-03-24 00:00:00+00:00,0.00548457,0.00464675,0.00273457,0.00617064,0.00495329,0.00376613,0.00331145,0.00347531,0.00340521
2024-03-25 00:00:00+00:00,0.00730099,0.00539,0.00122519,0.0071129,0.00704593,0.00343852,0.004217,0.00290571,0.000790867
2024-03-26 00:00:00+00:00,0.0154812,0.015137,0.0135709,0.0169562,0.018497,0.0188022,0.0158398,0.0150702,0.0125915
2024-03-27 00:00:00+00:00,-0.000685865,0.00237407,0.0105506,0.002632,0.00326952,0.00401929,0.00858182,0.0091785,0.00888158
2024-03-28 00:00:00+00:00,-0.00943568,-0.00867208,-0.00573898,-0.00773733,-0.0075131,-0.00723606,-0.00388786,-0.00414079,-0.00411131
2024-03-29 00:00:00+00:00,0.00692101,0.0104922,0.00996416,0.00618677,0.00635793,0.00695908,0.00382699,0.00391584,0.00378859
2024-03-30 00:00:00+00:00,-0.0117937,-0.0125247,-0.0103369,-0.00913438,-0.0096491,-0.0103565,-0.00755496,-0.0081679,-0.00913577
2024-03-31 00:00:00+00:00,0.00248218,0.00189856,0.00496043,0.0026545,0.00275459,0.00313335,0.00268432,0.00301358,0.00350195
2024-04-01 00:00:00+00:00,0.0188366,0.0190277,0.0133101,0.0155879,0.0154115,0.0153844,0.0133235,0.0128357,0.0122265
2024-04-02 00:00:00+00:00,-0.00230245,0.000326453,0.00173117,0.000548918,0.000715976,0.00169821,0.00296313,0.00362615,0.00395232
2024-04-03 00:00:00+00:00,0.00557408,0.0065416,0.0078287,0.00428711,0.00532075,0.00617921,0.000610119,0.0013783,0.00342159
2024-04-04 00:00:00+00:00,-0.00894653,-0.00834173,-0.00698177,-0.00889587,-0.00818431,-0.006832,-0.00777029,-0.0072757,-0.00611879
2024-04-05 00:00:00+00:00,-0.00756498,-0.00815601,-0.00824801,-0.00733557,-0.00787629,-0.00915412,-0.00804997,-0.00822739,-0.00862338
2024-04-06 00:00:00+00:00,-0.00708804,-0.00495807,-0.00693418,-0.00702,-0.00674019,-0.00547498,-0.00760414,-0.0074358,-0.00667573
2024-04-07 00:00:00+00:00,-0.0123135,-0.0125676,-0.0105681,-0.0109386,-0.0117136,-0.0135037,-0.0107335,-0.011167,-0.0122177
2024-04-08 00:00:00+00:00,9.21511e-05,0.000605502,0.00321541,0.00221956,0.00193066,-0.000798723,0.00128307,0.00134932,0.000823257
2024-04-09 00:00:00+00:00,-0.00410058,-0.000836234,-0.00360962,-0.000724412,-0.00078987,-3.91474e-05,0.00182486,0.001989,0.00237272
2024-04-10 00:00:00+00:00,0.0125209,0.0144004,0.00752115,0.0125354,0.013634,0.0153205,0.01477,0.0142195,0.0138346
2024-04-11 00:00:00+00:00,0.000145483,-4.3856e-05,0.00299794,-0.00117756,-0.00212123,-0.000992685,-0.00118096,-0.00238611,-0.00220358
2024-04-12 00:00:00+00:00,0.00686833,-0.00222744,-0.00269818,-0.0031679,-0.0150349,-0.00315515,-0.00643725,-0.00701591,-0.00630366
2024-04-13 00:00:00+00:00,0.0106248,0.0138709,0.00384585,0.00813439,0.0108328,0.00198254,-0.00680925,-0.0029554,0.00162721
2024-04-14 00:00:00+00:00,0.0141559,0.0146505,0.0120651,0.0147101,0.0144201,0.0142609,0.0129277,0.0131231,0.0121652
2024-04-15 00:00:00+00:00,0.00408281,0.00433148,0.00378096,0.00241093,0.000832193,0.0020953,0.00274411,0.00187326,0.00130568
2024-04-16 00:00:00+00:00,-0.0132894,-0.0151101,-0.0135498,-0.0150031,-0.0150882,-0.0172352,-0.0198538,-0.0207806,-0.0214468
2024-04-17 00:00:00+00:00,-0.00962571,-0.00810572,-0.00391666,-0.00855559,-0.00757262,-0.00466557,-0.00659494,-0.00689911,-0.00613652
2024-04-18 00:00:00+00:00,-0.00635583,-0.00312713,0.00250233,-0.00246247,-0.00208488,0.00337461,0.00214698,0.00280316,0.00508136
2024-04-19 00:00:00+00:00,-0.00665203,-0.00738196,-0.0074586,-0.0108829,-0.0108908,-0.0119688,-0.0124698,-0.0116591,-0.0113105
2024-04-20 00:00:00+00:00,0.00187687,0.000994146,-0.00433878,0.00176177,0.000903898,-0.00105278,-0.000281114,-0.000203487,-0.000496305
2024-04-21 00:00:00+00:00,0.00203603,0.00142147,0.000923829,0.00188247,0.00211648,0.00213347,0.000616457,0.00109107,0.00155019
2024-04-22 00:00:00+00:00,-0.00981472,-0.0103545,-0.0146483,-0.0108541,-0.0106528,-0.00973285,-0.00936798,-0.00901174,-0.00873364
2024-04-23 00:00:00+00:00,-0.00941,-0.0120402,-0.0193575,-0.0144908,-0.015398,-0.0166849,-0.0153921,-0.0157418,-0.0172676
2024-04-24 00:00:00+00:00,-0.00516737,-0.00552123,-0.0103833,-0.0067661,-0.00759573,-0.00828087,-0.00812773,-0.0077041,-0.00820246
2024-04-25 00:00:00+00:00,0.00253108,0.00230108,0.000532674,0.00222437,0.00107535,0.000305771,0.000646095,6.91376e-06,-0.00103209
2024-04-26 00:00:00+00:00,-0.00796263,-0.0072885,-0.00365903,-0.0052467,-0.00462487,-0.00254086,-0.00268309,-0.00113235,-0.000780815
2024-04-27 00:00:00+00:00,0.000273379,0.000761928,0.00292912,0.00143633,0.0017111,0.00344653,0.00500103,0.00341436,0.00526106
2024-04-28 00:00:00+00:00,0.00860248,0.00822214,0.00393817,0.00617505,0.00599259,0.00367102,0.0039924,0.00361314,0.00324708
2024-04-29 00:00:00+00:00,-0.00578324,-0.00294718,-0.00429034,-0.00870754,-0.00728667,-0.0050227,-0.00973919,-0.00928066,-0.00817261
2024-04-30 00:00:00+00:00,0.0154515,0.016438,0.0129199,0.0196348,0.0205449,0.0205022,0.0228951,0.0229677,0.023449
2024-05-01 00:00:00+00:00,0.0033881,0.00185375,0.00271928,0.00374155,0.00441632,0.000531827,0.00329734,0.00304536,0.00136624
2024-05-02 00:00:00+00:00,-0.00888727,-0.00832425,-0.00890274,-0.00970033,-0.00928628,-0.00863782,-0.00793356,-0.00783106,-0.0076178
2024-05-03 00:00:00+00:00,-0.0171639,-0.01319,-0.00976711,-0.015608,-0.0156047,-0.0114144,-0.0135187,-0.0136798,-0.0141416
2024-05-04 00:00:00+00:00,-0.0115351,-0.00975473,-0.0103888,-0.014308,-0.0138456,-0.0108309,-0.0164052,-0.0157145,-0.0140849
2024-05-05 00:00:00+00:00,0.000314744,0.00200884,0.00571415,0.00159836,0.00221689,0.00394626,0.00325158,0.00333772,0.00569656
2024-05-06 00:00:00+00:00,0.00275777,0.00370933,0.00516198,0.00316313,0.00439501,0.00414025,0.00296307,0.00315719,0.00601087
2024-05-07 00:00:00+00:00,0.00864908,0.00674282,0.0057981,0.00930386,0.00877319,0.00646097,0.0127605,0.0116797,0.0101363
2024-05-08 00:00:00+00:00,0.0143269,0.0173057,0.0126495,0.0184232,0.0194371,0.0155602,0.0190802,0.0212045,0.0202712
2024-05-09 00:00:00+00:00,-0.00385759,-0.0036508,-0.00178125,-0.00553743,-0.00497926,-0.00373923,-0.00577762,-0.0053988,-0.00581122
2024-05-10 00:00:00+00:00,-0.000891359,-0.000664775,-0.00048049,-0.00214011,-0.00172937,-0.00117738,-0.00148812,-0.00112893,-0.00156382
2024-05-11 00:00:00+00:00,-0.000302752,0.00343137,0.00112962,-0.000314173,0.000934067,0.00308754,0.000591003,0.00124971,0.00254404
2024-05-12 00:00:00+00:00,0.000392682,-8.72042e-05,0.00135547,-0.00171823,-3.38719e-05,0.000308566,-0.000183061,-0.00123902,-0.000376918
2024-05-13 00:00:00+00:00,0.000993007,-0.00508041,-0.00390365,0.00148496,-0.00232523,-0.00478081,0.000729413,-0.000117764,-0.00233481
2024-05-14 00:00:00+00:00,-0.00703785,-0.00832779,-0.00909055,-0.0101432,-0.0113573,-0.0112345,-0.00987029,-0.0108249,-0.0124504
2024-05-15 00:00:00+00:00,0.00574416,0.00685059,0.00811302,0.010738,0.00882548,0.0112469,0.0152151,0.0141023,0.0119036
2024-05-16 00:00:00+00:00,0.00444211,0.00863345,0.0129717,0.00819399,0.00981651,0.014328,0.0134685,0.0148704,0.0158484
2024-05-17 00:00:00+00:00,0.00474868,0.00345267,0.00164979,0.00569311,0.00580261,0.00493522,0.00574133,0.00593236,0.00633795
2024-05-18 00:00:00+00:00,0.00637673,0.00532153,0.00440266,0.009314,0.0091632,0.00698971,0.00900182,0.00859683,0.00853227
2024-05-19 00:00:00+00:00,0.000768084,0.00344381,0.00185543,0.00103066,0.00463244,0.00655381,0.00270538,0.00259437,0.00505344
2024-05-20 00:00:00+00:00,0.00153298,-0.00261379,-0.00255052,-0.00182295,-0.00101344,-0.0047186,-0.00035992,-0.00143874,-0.00282893
2024-05-21 00:00:00+00:00,-0.0140148,-0.0103272,-0.0119364,-0.0176344,-0.0157297,-0.0131334,-0.0168297,-0.0160179,-0.0147648
2024-05-22 00:00:00+00:00,-0.0128977,-0.0145321,-0.0120953,-0.0172624,-0.0186602,-0.0191541,-0.0176268,-0.0187197,-0.021121
2024-05-23 00:00:00+00:00,0.0143582,0.0123677,0.00937803,0.0193674,0.0178436,0.0141312,0.0148864,0.0154453,0.0163277
2024-05-24 00:00:00+00:00,-0.00683135,-0.00440443,-0.00226611,-0.010028,-0.00785135,-0.004206,-0.00897733,-0.00947816,-0.00752933
2024-05-25 00:00:00+00:00,-0.00564697,-0.00670409,-0.00443216,-0.00966018,-0.0102387,-0.0092336,-0.00806183,-0.0078774,-0.0115546
2024-05-26 00:00:00+00:00,0.00758219,0.00887438,0.00702982,0.00650927,0.00860387,0.0101159,0.00752579,0.00876008,0.0102926
2024-05-27 00:00:00+00:00,-0.00454811,-0.00663336,-0.00524374,-0.00532435,-0.00830629,-0.00756596,-0.00585936,-0.00704005,-0.00762399
2024-05-28 00:00:00+00:00,-0.00415526,-0.00452607,-0.00510843,-0.0036103,-0.00407344,-0.00425947,-0.00348671,-0.00424934,-0.00520211
2024-05-29 00:00:00+00:00,-0.00730188,-0.00760183,-0.00724366,-0.00500337,-0.00521211,-0.00617904,-0.00509991,-0.00612502,-0.00679623
2024-05-30 00:00:00+00:00,-0.00279164,-0.00283932,-0.000448125,-0.00153242,-0.00187593,0.000271028,-0.00131819,-0.00174165,-0.000372113
2024-05-31 00:00:00+00:00,0.00231042,0.0034639,0.00496589,0.00163964,0.00205903,0.0031227,0.00109342,0.00187743,0.00261168
2024-06-01 00:00:00+00:00,-3.44997e-05,0.000646731,0.00243328,0.000362425,0.000637968,0.000755099,0.000330682,0.000864434,0.00102956
2024-06-02 00:00:00+00:00,-0.000437324,-0.000707512,0.00146957,-0.000362136,-0.00036621,-0.000846229,-8.99706e-05,1.6696e-05,-0.000868587
2024-06-03 00:00:00+00:00,-0.000608022,-0.00110205,-0.00207146,-0.000474714,-0.0010045,-0.00185589,-0.000587035,-0.000890287,-0.00116809
2024-06-04 00:00:00+00:00,-0.000401343,-0.0018878,-0.000678971,-0.000520472,-0.000491188,-0.001004,-0.000284591,-0.000672891,-0.00197016
2024-06-05 00:00:00+00:00,-0.000115316,-0.000201165,-0.000563913,4.28888e-05,0.000189346,0.000248205,0.000375212,6.98148e-05,0.000223031
2024-06-06 00:00:00+00:00,0.00168042,0.000886386,-0.000784372,5.66998e-05,0.000114754,-0.000876689,0.00162328,0.000925905,0.000523886
2024-06-07 00:00:00+00:00,0.00457622,0.00340366,0.00625965,0.00120965,0.00189024,4.39743e-05,0.00443463,0.00280681,-0.00025141
2024-06-08 00:00:00+00:00,-0.000294858,-0.00123065,-0.00197517,-0.00146667,-0.00170953,-0.00257608,-0.00141304,-0.00169285,-0.00265086
2024-06-09 00:00:00+00:00,0.000327063,0.000211943,0.000954769,-0.00104226,-0.000880513,-0.000211362,-0.00131714,-0.00137465,-0.000588812
2024-06-10 00:00:00+00:00,-0.00011389,-0.000131853,-0.000951462,-0.000374616,-0.000411205,-0.00140943,-0.000127891,0.000843073,0.00150097
2024-06-11 00:00:00+00:00,-0.00132786,-0.00239811,-0.004444,-0.00210725,-0.00248687,-0.00338372,-0.00364561,-0.00309945,-0.0036263
2024-06-12 00:00:00+00:00,5.87306e-05,0.00233259,0.0013261,0.00136649,0.00200447,0.0026161,0.00140924,0.00218935,0.00245078
2024-06-13 00:00:00+00:00,0.000117137,0.000880935,0.000402785,0.000289912,0.000624901,0.000219182,0.000166453,-0.000150965,0.000746452
2024-06-14 00:00:00+00:00,-8.32186e-05,0.00204876,0.0018595,0.000560405,0.00116926,0.00116386,0.000300286,0.0014816,0.00235852
2024-06-15 00:00:00+00:00,-0.00149578,0.00183225,0.00201568,2.94235e-05,0.00134542,0.00136736,-0.000164688,0.000483853,0.00116078
2024-06-16 00:00:00+00:00,0.00168749,0.00110749,0.00180808,0.000811531,0.000725251,0.00159554,0.00114876,0.000565578,0.000864357
2024-06-17 00:00:00+00:00,-0.00121848,0.00151403,-3.63656e-05,-0.000483836,5.6728e-05,-0.00142404,-0.00052285,0.000282,-0.00115743
2024-06-18 00:00:00+00:00,0.00143122,9.05326e-05,0.000494589,-0.000339309,-0.000189903,0.00130055,0.000499322,-0.000146952,0.000491735
2024-06-19 00:00:00+00:00,0.00169951,0.000119679,0.00132195,-0.000347669,-0.000446451,4.72742e-05,0.000992733,0.000629772,0.000171912
2024-06-20 00:00:00+00:00,0.000740246,0.000804045,-0.00234284,0.00180952,0.00101579,-0.000493522,0.00249143,0.002364,0.000251953
2024-06-21 00:00:00+00:00,-0.0014353,-0.00171509,0.000415234,-0.00160136,-0.000856437,0.000545612,-0.00230465,-0.00206899,-0.000576675
2024-06-22 00:00:00+00:00,0.00190197,0.00140608,0.00180915,0.00157987,0.00122882,0.00103039,0.00256506,0.00186766,0.000568374
2024-06-23 00:00:00+00:00,-0.000306404,-0.000151636,-0.000879313,-0.000519965,-0.000134461,0.000346455,-0.00171102,-0.00105293,-0.000219451
2024-06-24 00:00:00+00:00,0.00851587,0.00398333,0.00438096,0.00497778,0.00257387,0.00428494,0.0110486,0.00908691,0.00899971
2024-06-25 00:00:00+00:00,-0.0073653,-0.0042187,-0.00212703,-0.00512339,-0.0031728,-0.00058179,-0.00701502,-0.00563634,-0.00280439
2024-06-26 00:00:00+00:00,-0.000732611,0.000688329,0.000859284,0.00103228,0.00119728,0.00123502,0.00175476,0.00121324,0.00167732
2024-06-27 00:00:00+00:00,-0.00194566,-0.000176257,0.00266591,-0.00159922,-0.00113643,0.00178467,-0.00155382,-0.00092418,0.000902437
2024-06-28 00:00:00+00:00,-0.005049,-0.00437162,-0.00234894,-0.00462089,-0.00461079,-0.00323854,-0.0083356,-0.00766229,-0.00653495
2024-06-29 00:00:00+00:00,-0.00247184,-0.00264372,-0.00118536,-0.0017412,-0.00215776,-0.00238554,-0.00455718,-0.00455382,-0.00348541
2024-06-30 00:00:00+00:00,-0.000487393,0.0015543,0.00126793,-0.000246563,0.000534817,0.00110569,2.10083e-05,0.000477311,0.00202538
2024-07-01 00:00:00+00:00,-0.00063092,0.00114,0.00149188,-0.000459948,0.000534589,0.00218896,-9.31301e-06,0.000518561,0.00180923
2024-07-02 00:00:00+00:00,0.00331164,0.00250144,0.00199964,0.00127406,0.00148585,0.00112537,0.00392931,0.00468702,0.00382908
2024-07-03 00:00:00+00:00,-0.000109851,0.000640029,-0.00023372,0.000291685,0.000521867,-0.000565525,0.000298247,2.01388e-05,8.05524e-05
2024-07-04 00:00:00+00:00,-9.54658e-06,0.00127755,4.40591e-05,0.000545621,0.00032165,0.00162188,0.000184398,0.000197101,0.000670261
2024-07-05 00:00:00+00:00,0.00135424,0.00107974,0.000235367,0.000691148,0.000188494,0.0010371,0.000776443,0.00132602,0.00168815
2024-07-06 00:00:00+00:00,0.000476568,0.00135529,9.9326e-05,0.000899635,0.00126984,-0.000502233,0.00150798,0.0020548,0.0010592
2024-07-07 00:00:00+00:00,0.00209063,-0.000263845,0.000569238,0.00335804,0.00259084,0.00176327,0.00520319,0.00476509,0.00291638
2024-07-08 00:00:00+00:00,0.0021068,0.00382881,0.00434157,-0.000310381,0.000307876,0.00390419,-0.000313493,-3.56985e-05,0.00246852
2024-07-09 00:00:00+00:00,-0.000179343,-0.00119935,-0.00135939,0.00279004,0.000988392,-0.00151164,0.00296775,0.00162806,0.000298038
2024-07-10 00:00:00+00:00,0.000820354,0.000197921,0.00124061,0.00232669,0.00131841,0.00208985,0.00134513,0.000355498,0.000922873
2024-07-11 00:00:00+00:00,-0.000134928,-0.000577553,-0.00151454,0.0020429,0.00215493,0.000213821,0.00260339,0.00189343,0.000625207
2024-07-12 00:00:00+00:00,-0.00202681,-0.00174011,-2.63983e-06,-0.00230681,-0.00329121,-0.00429547,-0.00284271,-0.0028818,-0.00318302
2024-07-13 00:00:00+00:00,-0.00331967,-0.00321408,-0.00300763,-0.0053995,-0.00669876,-0.00529917,-0.00418075,-0.00420073,-0.0037664
2024-07-14 00:00:00+00:00,0.00189619,0.00103106,0.0011793,0.00226529,0.00284718,0.00216809,0.00269473,0.00241787,0.00292232
2024-07-15 00:00:00+00:00,-0.00653185,-0.00234788,-0.000653825,-0.0103358,-0.00930686,-0.00448314,-0.00927311,-0.00781689,-0.0048852
2024-07-16 00:00:00+00:00,-0.00464611,-0.00402934,-0.00186882,-0.00766405,-0.00639902,-0.00685017,-0.00851197,-0.00830318,-0.00770611
2024-07-17 00:00:00+00:00,0.000375083,-3.47134e-05,-0.000422349,8.89833e-05,-8.84864e-05,-0.00164412,0.000942666,0.000396294,-0.00128093
2024-07-18 00:00:00+00:00,-0.0010472,-0.00185545,0.000847483,-0.000292903,-3.17109e-05,-0.000198114,0.000110674,0.000400522,0.000203974
2024-07-19 00:00:00+00:00,-0.000338629,-0.000160162,-0.000383895,3.42232e-05,-8.58583e-06,-0.000334859,0.000395975,0.00101145,-0.000138437
2024-07-20 00:00:00+00:00,-0.00153275,-0.00040108,-0.00132172,-1.91514e-05,-1.44339e-06,-0.00273686,-0.00120349,-0.00244489,-0.00301233
2024-07-21 00:00:00+00:00,0.000599951,-0.000294657,-0.00086376,7.08759e-07,0,0.000703085,0.000674668,0.000476878,0.000142191
2024-07-22 00:00:00+00:00,-0.000341941,-0.00107443,-0.00205788,0,0,-0.0015622,0.000376356,-0.000240682,-0.000278371
2024-07-23 00:00:00+00:00,0.000216487,0.00237381,0.00406679,0,0,0.00269022,-0.000345538,1.32989e-05,0.00138005
2024-07-24 00:00:00+00:00,-0.000382931,0.000432034,0.000881179,0,0,0.000920737,0.000369083,-9.61663e-05,0.00174171
2024-07-25 00:00:00+00:00,0.000418785,-4.05281e-05,-0.00211814,0,0,4.08639e-05,0.000895209,0.000490267,0.000713031
2024-07-26 00:00:00+00:00,-0.000174187,-0.000884757,-0.000756459,0,0,-0.00127996,-0.000410864,-0.000512005,-0.00137217
2024-07-27 00:00:00+00:00,0.000791501,0.000865939,0.00128109,0,0,0.00154288,0.000573095,0.00102097,0.00161916
2024-07-28 00:00:00+00:00,0.000570169,0.00151443,0.00078694,0,0,0.00218922,0.000275514,0.000698251,0.00180528
2024-07-29 00:00:00+00:00,0.000748153,0.00171799,0.00198416,0,0,0.00236245,-0.000260006,0.000193195,0.00121334
2024-07-30 00:00:00+00:00,-5.60854e-05,2.78962e-05,-0.000434579,0,0,-0.000150493,0.000345037,0.000245496,0.0001628
2024-07-31 00:00:00+00:00,-0.000525091,-0.000609561,8.50218e-05,0,0,-0.000288086,-0.000436573,-0.000480788,-0.000693527
2024-08-01 00:00:00+00:00,0.000542584,0.000473512,-0.000684923,0,0,0.00169235,0.000631424,0.000863478,0.000919135
2024-08-02 00:00:00+00:00,-0.000502478,-0.000825139,-0.000536598,0,0,-0.000964052,-0.000238219,-0.000303309,-0.000131751
2024-08-03 00:00:00+00:00,0.00010663,-0.000200502,-0.00111589,0,0,-0.000266655,0.000305257,0.000184892,-0.000292806
2024-08-04 00:00:00+00:00,-0.000497868,-0.000725621,-1.65052e-05,0,0,-0.00141341,-0.000393182,-0.000606779,-0.000834667
2024-08-05 00:00:00+00:00,0.000397781,0.00130412,0.00036871,0,0,0.00144018,0.000480412,0.000762132,0.00114068
2024-08-06 00:00:00+00:00,-0.000230046,-0.000956886,-0.00214273,0,0,-0.00136495,-0.000637161,1.90511e-05,-0.000334017
2024-08-07 00:00:00+00:00,8.73842e-05,-0.00052491,-0.00108784,0,0,-0.000340428,0.000588818,0.000833526,0.00046147
2024-08-08 00:00:00+00:00,-0.000204235,-0.000109838,8.215e-05,0,0,-0.000257074,-0.000828878,-9.0104e-05,-0.000427272
2024-08-09 00:00:00+00:00,4.62522e-05,-0.000379202,-0.000353774,0,0,-9.75059e-05,0.000360785,-8.46934e-05,-6.61629e-05
2024-08-10 00:00:00+00:00,-0.000377217,-0.000599616,-0.000621139,0,0,-0.000842777,1.81636e-05,-0.000211264,-0.000831404
2024-08-11 00:00:00+00:00,-1.70255e-05,0.000488346,0.000621796,0,0,0.000819883,0.000201762,-0.00022984,0.000394544
2024-08-12 00:00:00+00:00,-0.000673005,-0.000393506,-0.00060135,0,0,-0.00111618,-8.29298e-05,-0.000788767,-0.00083499
2024-08-13 00:00:00+00:00,-1.53497e-05,-0.000798043,-0.000515917,0,0,-0.000404038,0.000171482,0.000283228,-0.000282033
2024-08-14 00:00:00+00:00,0.000162631,-0.000145753,0.000596872,0,0,0.000218194,-0.000223481,2.18027e-05,0.000259489
2024-08-15 00:00:00+00:00,0.000211991,0.000131056,0.000319517,0,0,0.000211724,0.000108245,0.000334532,0.000534179
2024-08-16 00:00:00+00:00,-0.000183247,-8.20136e-05,-0.000381584,-6.03516e-05,0,-0.000213441,6.31257e-05,-1.93375e-05,-0.000150186
2024-08-17 00:00:00+00:00,0.000789025,0.000130984,-0.000213466,0.000544801,0.000395878,-0.000186248,0.000317157,-5.81028e-05,-0.00018075
2024-08-18 00:00:00+00:00,0.000674347,0.000506411,0.000324243,0.000475333,7.51465e-05,0.000349162,0.000705822,-7.98464e-06,0.000114617
2024-08-19 00:00:00+00:00,-0.00118236,-0.00110943,-0.000153965,-0.000841321,-0.000102376,-0.000406751,-0.00184631,-0.00100893,-0.000401173
2024-08-20 00:00:00+00:00,-0.000613037,-0.000883459,-0.00110872,-0.00109032,-0.000332324,-0.000927093,-0.000240149,0.0002428,-0.000425884
2024-08-21 00:00:00+00:00,3.28279e-06,-0.000677496,-0.00138299,4.70203e-05,-3.25095e-06,-0.0013417,-0.000583588,-0.000418093,-0.00076766
2024-08-22 00:00:00+00:00,-0.00195529,-0.000945914,-0.00088476,-0.000371963,-9.45748e-08,-0.000860916,-0.00215603,-0.00193778,-0.000665224
2024-08-23 00:00:00+00:00,0.000743517,0.000692702,0.000280343,2.01513e-05,0,0.000761175,0.000526171,0.000450647,0.000858315
2024-08-24 00:00:00+00:00,-0.00122053,-0.000699671,7.69472e-05,-3.42686e-06,0,-5.85293e-05,5.78989e-05,-0.000771548,0.000803182
2024-08-25 00:00:00+00:00,-0.000426153,-0.000548661,-0.000354257,4.28209e-05,5.06704e-05,-0.000377517,0.000132227,-9.59014e-05,-0.000233202
2024-08-26 00:00:00+00:00,0.000326511,-7.93171e-05,0.000262438,3.4905e-05,0.000202063,0.000255078,0.000648299,0.000371554,7.65934e-05
2024-08-27 00:00:00+00:00,-0.000391632,-0.00046482,-0.00057751,-0.000284518,-0.000107972,-4.49031e-05,-0.000321203,0.000107379,0.000191038
2024-08-28 00:00:00+00:00,0.000420691,0.000368409,0.000682119,6.55816e-06,5.6089e-06,0.000435065,0.000398518,0.000738836,0.000192702
2024-08-29 00:00:00+00:00,0.000660847,-0.00014655,-8.15061e-05,-1.20275e-06,-1.12139e-06,-5.92423e-05,0.000186629,0.000366885,8.96367e-05
2024-08-30 00:00:00+00:00,-0.000685042,-6.92959e-05,-7.00605e-05,0,0,-0.000179191,-0.000389826,-0.000479435,-0.000325586
2024-08-31 00:00:00+00:00,-5.71533e-06,-0.000131436,-0.000230752,0,0,-0.000196491,1.3294e-06,0.000121287,-0.000163926
2024-09-01 00:00:00+00:00,-0.000388497,-0.000477312,-0.000439937,0,0,2.45557e-05,-0.000165085,-0.000308788,-0.000109903
2024-09-02 00:00:00+00:00,-0.000268008,0.000340237,-0.000287727,0,0,-0.000282393,0.000176315,5.27698e-05,-3.09732e-05
2024-09-03 00:00:00+00:00,-0.00117601,-0.000969785,-0.000357006,0,0,-0.000542463,-0.00070088,-0.0010479,-0.000801676
2024-09-04 00:00:00+00:00,0.00124077,0.000710413,0.000322353,0,0,0.000494281,0.000396545,0.00119031,0.000961526
2024-09-05 00:00:00+00:00,0.000101786,3.99388e-05,0.000188737,0,0,4.93388e-05,7.4133e-05,1.86306e-05,0.000162623
2024-09-06 00:00:00+00:00,0.000164522,4.75819e-05,0.000228366,0,0,0.00020225,-3.22187e-05,-7.5193e-05,0.000386865
2024-09-07 00:00:00+00:00,-0.000199955,0.000170089,0.000124507,0,0,0.000112148,-0.000116615,-0.00043315,7.49029e-05
2024-09-08 00:00:00+00:00,-0.000456268,-0.000573444,-0.000530874,0,0,-0.000218136,-0.000315355,1.7327e-05,-5.23964e-05
2024-09-09 00:00:00+00:00,-0.000632259,-0.000103507,-0.000460556,0,0,-0.000640053,-0.000273796,-0.000107164,-0.000528826
2024-09-10 00:00:00+00:00,-0.000264288,2.72331e-05,0.000102579,0,0,-0.000176401,6.33165e-05,-4.34948e-05,-6.87423e-05
2024-09-11 00:00:00+00:00,0.000919808,-0.000258823,0.000222825,0,0,0.000667887,0.000599591,0.000922587,0.000560508
2024-09-12 00:00:00+00:00,-0.00048627,-0.000386604,6.66213e-06,0,0,-0.000167118,-0.000151062,-0.000762377,-0.000420476
2024-09-13 00:00:00+00:00,-0.00124802,-0.000686104,-0.000854328,0,0,-0.00108734,-0.000278914,-0.000822046,-0.00108841
2024-09-14 00:00:00+00:00,-0.00026634,4.54658e-05,0.000328656,0,0,0.000330835,4.37132e-05,-0.000105281,3.3628e-05
2024-09-15 00:00:00+00:00,0.000199346,0.000131763,0.000474631,0,0,0.00085349,-0.000251707,0.000344977,0.000310538
2024-09-16 00:00:00+00:00,-6.28017e-05,0.000334879,0.0003816,0,0,0.00026108,9.87441e-05,0.000271286,0.000441706
2024-09-17 00:00:00+00:00,0.000251434,-0.000281533,-0.000319782,8.93336e-05,0,-0.000118245,0.0011223,0.000790254,-1.52112e-05
2024-09-18 00:00:00+00:00,0.000403582,-0.000445895,-0.000525276,-0.00036416,7.23562e-05,-0.000516055,-0.0011605,-0.000231667,-0.000312782
2024-09-19 00:00:00+00:00,-0.000755075,-0.00029747,-0.000259927,-0.000235047,0.00020958,-0.000188536,-0.00117818,-0.00115538,-0.000165392
2024-09-20 00:00:00+00:00,0.000588237,2.36614e-05,0.000434862,-0.000268342,-9.9228e-05,1.4981e-05,-0.00261091,-0.0016904,-0.000370679
2024-09-21 00:00:00+00:00,-0.00028,-0.000176804,0.000125272,8.38222e-06,7.12432e-06,-7.50996e-05,0.00135961,-9.38305e-05,0.00030776
2024-09-22 00:00:00+00:00,0.000831492,0.00027895,0.00072492,-1.77451e-06,-2.08814e-06,0.000380942,-8.63325e-05,0.000200329,-0.00113146
2024-09-23 00:00:00+00:00,-0.000150041,-7.1525e-05,-4.41752e-05,2.48228e-05,0,0.0010789,0.00321074,0.00371721,0.00208722
2024-09-24 00:00:00+00:00,0.000123531,-0.000585709,-0.000776661,-0.000204398,0,-0.00030609,-0.00192399,-0.0031008,-0.00200354
2024-09-25 00:00:00+00:00,-0.00028069,0.000251659,-0.000447485,1.32772e-05,0,-0.000353645,-0.00444287,-0.00389184,-0.00179734
2024-09-26 00:00:00+00:00,-0.0010983,-0.00105061,-0.00174682,6.3715e-06,0,-0.00169385,-0.00276587,-0.00246648,-0.000140207
2024-09-27 00:00:00+00:00,-0.000626418,-0.000630086,-0.000691571,0,0,-0.00104783,-0.00286244,-0.00323476,-0.00326068
2024-09-28 00:00:00+00:00,-0.00137415,-0.00061431,-0.00038386,0,0,-0.000433239,-0.00086395,-0.00166833,-0.00151169
2024-09-29 00:00:00+00:00,6.03739e-05,0.000153055,0.000362721,0,0,0.000383143,5.331e-05,9.18472e-05,-6.23597e-05
2024-09-30 00:00:00+00:00,-1.40911e-05,0.000275738,0.000524092,0,0,-9.62932e-05,5.57021e-05,1.51155e-05,-0.000432728
2024-10-01 00:00:00+00:00,0.000338567,-5.15005e-05,0.000540843,0,0,-0.000134705,1.22259e-05,2.49104e-05,-5.57377e-05
2024-10-02 00:00:00+00:00,0.00027911,-0.000171038,-0.000314394,0,0,-0.000532767,-6.47279e-05,6.53648e-06,-0.000243825
2024-10-03 00:00:00+00:00,-2.57618e-05,0.000265703,9.25902e-05,0,0,-0.000129,-5.13045e-06,5.84167e-06,4.90642e-05
2024-10-04 00:00:00+00:00,-0.000142288,-0.000104745,-0.000548176,0,0,2.62543e-05,2.52393e-06,-1.51524e-07,0.000227982
2024-10-05 00:00:00+00:00,6.38579e-05,-0.000105691,4.28164e-05,0,0,-7.59201e-05,-6.92106e-06,0,-0.000676995
2024-10-06 00:00:00+00:00,-0.0002634,-0.00062184,-0.00134242,0,0,-0.000701487,-2.21117e-06,0,-0.000922471
2024-10-07 00:00:00+00:00,0.000440607,0.000391329,0.00050107,0,0,0.000598468,-2.51668e-07,0,0.00099751
2024-10-08 00:00:00+00:00,0.000210958,-0.00013017,0.000349401,0,0,7.5376e-06,-3.79459e-07,0,-2.24383e-06
2024-10-09 00:00:00+00:00,0.000143876,0.000207987,0.000137517,0,0,-6.21008e-05,0,0,-6.1785e-05
2024-10-10 00:00:00+00:00,-0.000234391,-7.79305e-05,-0.000205276,0,0,-0.000118312,0,0,-1.74249e-05
2024-10-11 00:00:00+00:00,0.000199713,-6.63137e-05,-0.000637129,0,0,4.56835e-05,0,0,-0.000475119
2024-10-12 00:00:00+00:00,0.000314005,0.000114176,0.000629344,0,0,0.000566169,0,0,0.000344506
2024-10-13 00:00:00+00:00,0.000381839,0.000254908,0.000313375,0,0,0.000398868,0,0,0.0010059
2024-10-14 00:00:00+00:00,0.00015487,-0.000305051,-0.000613771,0,0,-0.000411295,0,0,-0.00125154
2024-10-15 00:00:00+00:00,-0.000234683,0.000162794,-0.000220878,0,0,-0.000283179,0,0,-6.41436e-05
2024-10-16 00:00:00+00:00,-0.00010126,3.31995e-06,7.0591e-05,0,0,-4.27426e-05,0,0,-9.87122e-05
2024-10-17 00:00:00+00:00,-3.94461e-05,0.000433008,0.000147001,0,0,8.68699e-05,0,0,0.000273795
2024-10-18 00:00:00+00:00,-7.02822e-05,-1.85099e-05,-0.000334791,1.09573e-05,0,-0.000137455,0,0,-0.000767702
2024-10-19 00:00:00+00:00,0.000323348,0.000543998,0.000198071,2.00602e-05,-2.37602e-05,0.000119304,3.4757e-05,0,-0.000123512
2024-10-20 00:00:00+00:00,-0.000447045,8.4425e-05,0.000417735,-0.000381137,-8.07385e-05,0.000454252,8.68434e-05,-0.000107053,0.000641787
2024-10-21 00:00:00+00:00,0.00371056,0.00249145,0.00174318,0.00198299,0.00157484,0.00168012,0.00217622,0.00149748,0.00112772
2024-10-22 00:00:00+00:00,-0.00305908,-0.00249425,-0.00169227,-0.00196963,-0.00207324,-0.00209309,-0.00221435,-0.00172416,-0.00131072
2024-10-23 00:00:00+00:00,-0.00253322,-0.00235408,-0.00157821,-0.00211093,-0.00160474,-0.00199837,-0.00258763,-0.00229072,-0.00143497
2024-10-24 00:00:00+00:00,0.00264368,0.00130309,-0.000585879,0.00100687,0.000156439,-2.31024e-05,0.00199559,0.000999888,0.000738429
2024-10-25 00:00:00+00:00,7.8682e-05,0.00154946,0.00121223,-0.000242021,-0.000251308,0.000802034,-6.19197e-05,0.000133096,0.00153903
2024-10-26 00:00:00+00:00,0.00368582,0.00260077,0.00125796,0.00308194,0.00237734,0.00170157,0.00188117,0.00148779,0.0004176
2024-10-27 00:00:00+00:00,0.00129688,-0.000204724,-0.0014171,-0.000620355,-0.00150379,-0.00129878,0.000684182,-0.0006546,-0.000727571
2024-10-28 00:00:00+00:00,0.00084603,0.00103836,-0.000185901,0.000573356,0.000627709,0.000305273,0.00092519,0.000253716,-0.000246537
2024-10-29 00:00:00+00:00,-0.00127731,8.45034e-05,-0.00134782,-0.00113403,-0.000123765,-0.00095272,-0.00271004,-0.0017905,-0.00130458
2024-10-30 00:00:00+00:00,-0.00234901,-0.00143605,-0.00111783,-0.00231413,-0.00124257,-0.00193111,-0.00252911,-0.00154588,-0.00250433
2024-10-31 00:00:00+00:00,-0.00221292,-0.00197656,-0.000664062,-0.00222341,-0.00165306,-7.39496e-05,-0.0014044,-0.00119717,3.85824e-05
2024-11-01 00:00:00+00:00,0.00405286,0.00391982,0.0024778,0.00275114,0.00273387,0.00399873,0.00190669,0.00182472,0.00347494
2024-11-02 00:00:00+00:00,-0.00168384,-0.00205989,-0.000851979,-0.000600626,-0.000957267,-0.001325,-0.000954668,-0.00109462,-0.000808433
2024-11-03 00:00:00+00:00,0.000504206,-0.000225755,2.012e-05,0.000695884,0.000737622,-0.001229,1.03532e-07,0.000395027,-0.000657078
2024-11-04 00:00:00+00:00,0.00225992,0.00202572,0.00101549,-0.000296138,-0.000285312,0.00214512,-8.53335e-05,7.31179e-05,0.00145538
2024-11-05 00:00:00+00:00,0.00709162,0.0041608,0.00114219,0.00475547,0.00299625,0.00180544,0.0036917,0.00222013,0.00154787
2024-11-06 00:00:00+00:00,-0.0113051,-0.0071737,-0.00166275,-0.00807602,-0.00618228,-0.00263439,-0.00431455,-0.00356314,-0.00135007
2024-11-07 00:00:00+00:00,-0.00709507,-0.00351098,0.00119999,-0.00330293,-0.00216446,-0.000797566,-0.00307844,-0.00197166,-0.000555867
2024-11-08 00:00:00+00:00,0.00305225,0.000597702,-0.000488721,-0.00030632,-0.00032852,-0.000630418,-0.000459815,-0.000246014,-0.000675068
2024-11-09 00:00:00+00:00,-0.00830054,-0.00556068,0.000101511,-0.00243848,-0.000872294,-0.00235848,-0.00114424,-0.000414324,-0.00158374
2024-11-10 00:00:00+00:00,-0.00158732,-0.000656471,0.00150599,-0.000626957,-0.000477958,0.000550756,-5.20114e-05,9.42967e-05,0.000182053
2024-11-11 00:00:00+00:00,-0.00354859,-0.00304503,-0.00207788,-0.00121829,-0.00100054,-0.0021005,-0.000619042,-0.000367685,-0.00305526
2024-11-12 00:00:00+00:00,-0.0015146,-0.00350672,-0.00128775,-0.00060729,-2.00106e-05,-0.00250764,-1.12926e-05,-1.17232e-05,-0.00252616
2024-11-13 00:00:00+00:00,-0.000402097,-0.0059134,-0.00217723,-0.000211703,-0.000119921,-0.00576446,0,0,-0.00304387
2024-11-14 00:00:00+00:00,0.0003806,0.001309,0.00237992,-2.32681e-05,-3.04801e-07,0.000430586,0,0,-2.13396e-05
2024-11-15 00:00:00+00:00,-1.79725e-05,0.00111277,0.000531998,-3.64977e-05,0,0.00183366,0,0,0.00164141
2024-11-16 00:00:00+00:00,0.00220271,0.00232971,0.00195544,0.00100567,0.000515615,0.000167333,0,0,-0.000276073
2024-11-17 00:00:00+00:00,-0.000260562,-0.000277099,0.00205076,-0.000174306,-0.000286392,0.00188526,0,0,0.00212044
2024-11-18 00:00:00+00:00,0.000639254,0.00129426,0.000678169,7.58492e-05,0.000163197,-0.000166758,0,0,-0.00085592
2024-11-19 00:00:00+00:00,0.00165523,0.00276912,0.00119219,0.000359977,0.000322754,0.000357623,0,0,4.89836e-05
2024-11-20 00:00:00+00:00,0.00354815,0.00263668,0.00121096,0.00109369,0.00045042,0.000609098,3.89444e-05,0,-0.000132282
2024-11-21 00:00:00+00:00,0.000529135,0.00157996,0.00104845,0.000189188,0.000296122,0.000231718,0.000264538,0.000196824,0.000181633
2024-11-22 00:00:00+00:00,0.00384284,0.00351714,0.00326871,0.00118667,0.000181898,0.00153126,0.00146504,0.000660492,0.00100631
2024-11-23 00:00:00+00:00,-0.0131596,-0.0146889,-0.0080894,-0.0105671,-0.00829931,-0.0113966,-0.0118662,-0.0088617,-0.00997962
2024-11-24 00:00:00+00:00,-0.00355455,-0.0040925,-0.00460491,-0.00406502,-0.00264427,-0.00305024,-0.0059771,-0.00479017,-0.0037936
2024-11-25 00:00:00+00:00,-0.00298508,-0.007961,-0.00536772,-0.00375998,-0.00259026,-0.00193208,-0.00581817,-0.00448765,-0.00341761
2024-11-26 00:00:00+00:00,0.00316291,0.00280444,0.00209041,0.00202777,0.00157841,0.000639714,0.00241693,0.0017011,0.00135685
2024-11-27 00:00:00+00:00,0.00364648,0.00344514,0.00329165,0.00176029,0.00115909,0.000729186,0.00166585,0.00133939,0.00158175
2024-11-28 00:00:00+00:00,-0.0035909,-0.00633019,-0.00372574,-0.00222155,-0.000924454,-0.000277542,-0.00250628,-0.00162777,-0.000301769
2024-11-29 00:00:00+00:00,-0.00125116,0.00108426,0.00279455,-0.0009436,-0.00104513,-9.38033e-05,-0.000678029,-0.000587023,-0.000203723
2024-11-30 00:00:00+00:00,0.0118022,0.00963684,0.00215427,0.00448873,0.00327109,0.00194598,0.00316036,0.00276854,0.00160218
2024-12-01 00:00:00+00:00,-0.00641157,-0.00854497,-0.00452132,-0.00380803,-0.00277124,-0.00129492,-0.00319375,-0.00238621,-0.000652903
2024-12-02 00:00:00+00:00,0.00101667,0.00558691,0.0109192,0.00265018,0.00311402,0.0038153,0.00328933,0.00406903,0.00546073
2024-12-03 00:00:00+00:00,0.00884115,0.0138848,0.00910058,0.00474875,0.00246903,0.0043592,0.00569805,0.00466629,0.00687886
2024-12-04 00:00:00+00:00,0.00236581,0.00371287,0.00608308,0.00222669,0.0025928,0.00540764,0.00273872,0.00407402,0.0049985
2024-12-05 00:00:00+00:00,-0.00319706,-0.00395363,-0.00514864,-0.00393435,-0.00420696,-0.0062726,-0.00374185,-0.00348944,-0.00606318
2024-12-06 00:00:00+00:00,-0.00153061,-0.000666127,-0.000767444,7.44817e-06,0.000530193,0.0009934,0.00193037,0.00213406,0.00396257
2024-12-07 00:00:00+00:00,-0.00394328,-0.00270881,-0.00529417,-0.00411032,-0.00353317,-0.00477628,-0.00518975,-0.00490308,-0.00548716
2024-12-08 00:00:00+00:00,0.00591272,0.00411959,0.00118374,0.00353426,0.00284575,0.00191673,0.00294348,0.00235858,0.00203567
2024-12-09 00:00:00+00:00,-0.0067325,-0.00385942,-0.00154403,-0.00500444,-0.00577312,-0.00475446,-0.00449679,-0.00559965,-0.00245878
2024-12-10 00:00:00+00:00,0.0138696,0.0143294,0.0102455,0.00898467,0.00880206,0.00781932,0.00683471,0.00615973,0.00633079
2024-12-11 00:00:00+00:00,0.014252,0.011756,0.0063535,0.00666844,0.00569427,0.00419029,0.00488614,0.00461725,0.00468546
2024-12-12 00:00:00+00:00,0.0103261,0.0118374,0.0116385,0.00716342,0.00679281,0.0101791,0.00636916,0.006371,0.00804532
2024-12-13 00:00:00+00:00,0.00937848,0.00940327,0.00630502,0.00581554,0.00507541,0.00608584,0.00454342,0.00438871,0.00531192
2024-12-14 00:00:00+00:00,0.00246796,0.000766732,-0.00321089,0.00015338,-0.00133201,-0.00308646,-0.000848932,-0.00160136,-0.00221108
2024-12-15 00:00:00+00:00,0.00544865,0.00632852,0.00850498,0.00649097,0.00757834,0.0106963,0.00882778,0.00955115,0.0116894
2024-12-16 00:00:00+00:00,0.0200497,0.0192127,0.0127417,0.0179199,0.0153388,0.0121293,0.0159565,0.0143831,0.0103678
2024-12-17 00:00:00+00:00,-0.00534311,-0.00553761,-0.00513119,-0.00561181,-0.00381363,-0.0034541,-0.00474854,-0.00341938,-0.00254419
2024-12-18 00:00:00+00:00,0.000353546,0.0010379,0.00277572,0.00315568,0.00299533,0.00400072,0.00438886,0.00419009,0.00374003
2024-12-19 00:00:00+00:00,0.00741331,0.00674079,0.00656055,0.00811048,0.00765919,0.00612895,0.00782358,0.0078335,0.00810009
2024-12-20 00:00:00+00:00,-0.00321495,-0.00449155,-0.00309428,-0.002022,-0.00151969,-0.00255575,0.00158989,0.00120416,0.000908114
2024-12-21 00:00:00+00:00,0.00317833,0.00282618,0.0045252,0.00184954,0.00121411,0.00316698,0.00266067,0.00270971,0.00446067
2024-12-22 00:00:00+00:00,0.00834486,0.00657074,0.00307014,0.00405586,0.00318774,0.000951508,0.00278751,0.00155968,0.000257915
2024-12-23 00:00:00+00:00,-0.0149189,-0.0155803,-0.0135765,-0.0100888,-0.0101643,-0.0097919,-0.00813229,-0.00737881,-0.00826982
2024-12-24 00:00:00+00:00,-0.00810046,-0.0075503,-0.00736829,-0.00828917,-0.00731868,-0.0031222,-0.00463027,-0.00506499,-0.00336588
2024-12-25 00:00:00+00:00,0.00779705,0.00673955,0.00287049,0.004272,0.00389159,0.00225925,0.00339835,0.00327251,0.00200461
2024-12-26 00:00:00+00:00,0.00351637,0.00475275,0.00400829,0.00607901,0.00559955,0.00470427,0.00603589,0.00517655,0.00432124
2024-12-27 00:00:00+00:00,-0.00352021,-0.00078941,0.000984807,-0.00220864,-0.000887803,0.000310723,-0.00155958,-2.71562e-05,0.00153041
2024-12-28 00:00:00+00:00,0.00138503,0.00483826,0.00496139,0.00371611,0.00497839,0.00549782,0.00269847,0.00248474,0.00284683
2024-12-29 00:00:00+00:00,0.00731375,0.00560989,0.00438679,0.00631511,0.00519104,0.00327195,0.00583482,0.0061213,0.005614
2024-12-30 00:00:00+00:00,0.000211887,-0.00071365,-0.00126736,0.000547712,-0.00193373,-0.00183279,-0.000645085,-0.00184107,-0.00258517
2024-12-31 00:00:00+00:00,-0.0103518,-0.0108921,-0.0102569,-0.00951974,-0.00970295,-0.00937441,-0.010208,-0.0101906,-0.00995062
2025-01-01 00:00:00+00:00,0.00148059,0.0043147,0.00957959,0.00499102,0.00802186,0.0105986,0.00974506,0.0111352,0.0135264
2025-01-02 00:00:00+00:00,0.00151938,0.00174299,0.00187639,0.00596587,0.00507708,0.00509312,0.00547528,0.00579429,0.00523121
2025-01-03 00:00:00+00:00,0.0112433,0.00802769,0.00217644,0.00964723,0.00691039,0.00159786,0.00482509,0.00344455,-1.47121e-05
2025-01-04 00:00:00+00:00,0.000438145,-0.00150861,-0.00352712,-0.000732402,-0.00256748,-0.00213585,-0.000927051,-0.000726455,-0.000506576
2025-01-05 00:00:00+00:00,-0.00787342,-0.00581837,-0.00479697,-0.00661553,-0.00485071,-0.00463402,-0.00642117,-0.00583217,-0.00536023
2025-01-06 00:00:00+00:00,-0.00688715,-0.00335377,0.00020084,-0.0026774,-0.00140617,0.00161299,-0.00195469,-0.00238851,-5.38146e-05
2025-01-07 00:00:00+00:00,-0.0031694,-0.000999476,0.0005026,-0.00306909,-0.00230277,-0.00077855,-0.00330769,-0.00268432,-0.00309784
2025-01-08 00:00:00+00:00,0.00646746,0.00542217,0.00515757,0.00316233,0.00395282,0.0047974,0.00375619,0.00325475,0.00358004
2025-01-09 00:00:00+00:00,-0.0110886,-0.0101158,-0.00930678,-0.00994236,-0.0100438,-0.00894933,-0.0139899,-0.0137826,-0.0146526
2025-01-10 00:00:00+00:00,0.00386958,0.00151661,-0.000596626,0.00317878,0.00215808,-0.000292744,0.00232581,0.00157662,-0.00074309
2025-01-11 00:00:00+00:00,0.00316569,0.00472192,0.00585719,0.00500779,0.00436876,0.00647463,0.00739575,0.00724975,0.00786816
2025-01-12 00:00:00+00:00,-0.00668194,-0.00718298,-0.00420114,-0.00792786,-0.00762411,-0.00546672,-0.00913032,-0.0089569,-0.0075201
2025-01-13 00:00:00+00:00,-0.00383941,-0.0033087,0.00234128,-0.00169213,-0.00161126,-0.00129261,-0.00290613,-0.00387921,-0.00479094
2025-01-14 00:00:00+00:00,0.00113641,0.00275879,0.00143191,-0.000397036,0.00016089,-0.00190457,-0.00221632,-0.0020501,-0.00233374
2025-01-15 00:00:00+00:00,0.00273918,0.000683927,-0.00213218,0.00150108,-5.73742e-05,-0.00167104,0.00113622,-1.99899e-05,-0.00251692
2025-01-16 00:00:00+00:00,0.00158264,0.000819398,0.000364205,-0.00114224,-0.00303764,-0.00226975,-0.00311169,-0.00401117,-0.00455924
2025-01-17 00:00:00+00:00,0.000933059,-0.00316397,-0.0014567,-0.00221813,-0.00327886,-0.00262051,-0.00368361,-0.00529884,-0.00530387
2025-01-18 00:00:00+00:00,0.00831293,0.00717325,0.010247,0.00365638,0.00210535,0.00520359,0.00374094,0.00408894,0.00447537
2025-01-19 00:00:00+00:00,-0.0108518,-0.0132624,-0.0170061,-0.00769304,-0.00766663,-0.00895199,-0.00801121,-0.00789663,-0.00845372
2025-01-20 00:00:00+00:00,-0.00241339,0.00156308,-0.000371222,0.000571372,0.000466546,-0.00186468,0.000461592,0.00144403,0.000858638
2025-01-21 00:00:00+00:00,-0.000278916,-0.00272848,-0.00682336,-0.000967065,-0.00360485,-0.00323976,-0.00376271,-0.00446597,-0.00672267
2025-01-22 00:00:00+00:00,0.00240531,0.00226318,0.00273452,0.00199861,0.00181,0.00273518,0.00365777,0.00348377,0.00320763
2025-01-23 00:00:00+00:00,-0.00580987,-0.00269408,0.00103329,-0.000591591,0.00120692,1.03109e-05,-0.00235432,-0.000716677,0.00148878
2025-01-24 00:00:00+00:00,0.00456703,0.00597365,0.00463195,0.00235812,0.00215289,0.00159104,0.00454805,0.00382451,0.00363596
2025-01-25 00:00:00+00:00,0.000579368,0.00231358,0.00413479,0.00132158,0.00175978,0.00206095,0.000955405,0.00184212,0.00259232
2025-01-26 00:00:00+00:00,0.00082921,-0.00042559,-0.00175192,0.000265616,6.54218e-05,-0.000832471,0.000371863,0.000332987,-0.000430213
2025-01-27 00:00:00+00:00,0.00349671,0.00370104,0.00239466,0.00251083,0.00180115,0.00177049,0.00430175,0.00411788,0.00286786
2025-01-28 00:00:00+00:00,0.00854348,0.0102578,0.0072294,0.00657569,0.00533735,0.00397226,0.010398,0.0104359,0.00881643
2025-01-29 00:00:00+00:00,-0.00797617,-0.00669402,-0.00749961,-0.00527803,-0.00477372,-0.00380386,-0.0091377,-0.0085062,-0.00692336
2025-01-30 00:00:00+00:00,-0.000372095,-0.000692761,0.00319976,-0.000313676,0.0010614,0.0019172,0.000705776,-0.000339547,0.00232919
2025-01-31 00:00:00+00:00,-0.00672427,-0.00498456,-0.00574584,-0.00388008,-0.00292892,-0.00250623,-0.00902317,-0.00747523,-0.00723809
2025-02-01 00:00:00+00:00,0.00207659,0.00282087,0.000282856,0.00147116,0.00127842,0.000346011,0.0024975,0.00307805,0.00219339
2025-02-02 00:00:00+00:00,0.00260477,0.00357547,0.000685094,0.00234342,0.00104484,0.000588488,0.005325,0.00435939,0.0018522
2025-02-03 00:00:00+00:00,0.00291663,-0.00023142,0.00400524,0.00140625,0.00227779,0.00272908,0.00453861,0.00299562,0.00401558
2025-02-04 00:00:00+00:00,-0.000777361,-0.00145978,0.00096904,-0.00139744,-0.000778564,0.000152252,-0.00191816,-0.0020752,-0.00180901
2025-02-05 00:00:00+00:00,-0.00253415,-0.00278149,-0.00148538,-0.00219844,-0.00159878,-0.000827739,-0.00400845,-0.0035406,-0.002888
2025-02-06 00:00:00+00:00,-0.000401691,-0.000253127,0.00036319,0.000395386,-7.07247e-06,-0.000163098,0.00188378,0.0016818,0.000575755
2025-02-07 00:00:00+00:00,0.0015899,0.00100009,0.00184566,0.000882564,0.00127352,0.0012216,0.00226438,0.00204057,0.00156105
2025-02-08 00:00:00+00:00,0.000376952,0.000347299,2.35177e-05,0.00013066,-0.00124119,-0.000291255,0.00115724,-4.66145e-05,-0.00214632
2025-02-09 00:00:00+00:00,0.0056272,0.0055106,0.00570992,0.00429894,0.0045998,0.00321613,0.00699762,0.00743735,0.00669502
2025-02-10 00:00:00+00:00,-0.00309706,-0.00252669,0.000437903,-0.00229056,-0.00169276,-0.000398299,-0.0020199,-0.0023823,-0.00135671
2025-02-11 00:00:00+00:00,-0.00972944,-0.00490402,-0.00131199,-0.00595294,-0.00297927,8.2813e-05,-0.00378194,-0.00225559,-8.65619e-05
2025-02-12 00:00:00+00:00,-0.00260354,0.00100635,0.00272521,-0.000652266,0.000648906,0.00343809,0.00127682,0.00257925,0.00344916
2025-02-13 00:00:00+00:00,0.00276346,0.002456,0.00158901,0.00352916,0.00277331,0.00171236,0.00414538,0.00297436,0.00265548
2025-02-14 00:00:00+00:00,-0.0102091,-0.00548123,-0.00271683,-0.00872763,-0.00611605,-0.00335279,-0.00798558,-0.00633198,-0.00408037
2025-02-15 00:00:00+00:00,0.00547503,0.00598256,0.00631665,0.00762471,0.00751111,0.00842127,0.0108946,0.0118818,0.0104194
2025-02-16 00:00:00+00:00,-2.40465e-05,0.00142717,0.00359109,0.00161308,0.00207865,0.00297424,0.00356775,0.00481156,0.00515223
2025-02-17 00:00:00+00:00,-0.00666468,-0.00407491,-0.00440473,-0.0116467,-0.00748073,-0.00645374,-0.0147738,-0.0118199,-0.00924789
2025-02-18 00:00:00+00:00,-0.00166495,-0.00105068,0.00216721,-0.00423657,-0.00397634,-0.00130211,-0.0107358,-0.00770172,-0.00786856
2025-02-19 00:00:00+00:00,0.000732617,0.00178312,0.00199449,-0.000415524,-0.000177063,0.000193961,-0.00228516,-0.00329094,-0.00582138
2025-02-20 00:00:00+00:00,-0.00795312,-0.00629905,-0.00518761,-0.0113961,-0.0111974,-0.0101988,-0.0199901,-0.0190708,-0.0162071
2025-02-21 00:00:00+00:00,-0.000916208,-0.00170628,-0.00285594,-0.000941435,-0.00181825,-0.00285454,-0.00383439,-0.00325474,-0.00420761
2025-02-22 00:00:00+00:00,-0.00227594,-0.0013431,-0.000652111,-0.00531398,-0.00524238,-0.00375264,-0.00903501,-0.00924408,-0.00814785
2025-02-23 00:00:00+00:00,0.000933295,0.000419128,0.00248346,0.00190012,0.00161611,0.00239679,0.00575554,0.00545204,0.0066209
2025-02-24 00:00:00+00:00,-0.00153375,-0.00345377,-0.00173789,-0.000971423,-0.000443108,-0.00459791,-0.00435828,-0.00342644,-0.00998832
2025-02-25 00:00:00+00:00,2.06007e-05,0.00129692,-7.76973e-05,-0.000714639,-0.000514098,-0.000376555,-0.00121648,-0.00081939,-0.000762288
2025-02-26 00:00:00+00:00,-0.0017117,-0.00202572,-0.000619546,-0.00593379,-0.00533703,-0.00642583,-0.012631,-0.0120705,-0.0140509
2025-02-27 00:00:00+00:00,0.00103807,4.02147e-05,-0.000262316,0.00195731,0.00190261,0.00331609,0.00498311,0.00523577,0.00531729
2025-02-28 00:00:00+00:00,-0.000254005,0.00405587,0.0010884,0.000181683,0.000551561,0.00427015,0.00160018,0.00190674,0.00130211
2025-03-01 00:00:00+00:00,-0.00190457,-0.00361594,-0.000156433,0.000495916,0.000502767,-0.000774712,0.00217396,0.00325583,0.00377091
2025-03-02 00:00:00+00:00,-0.00221118,-0.00416473,-0.00357066,-0.0054848,-0.00283457,-0.00719667,-0.0126175,-0.0103509,-0.00781884
2025-03-03 00:00:00+00:00,-6.25607e-05,-0.000350118,-0.00033282,-0.000514158,-0.000368387,-0.000197394,-0.0003141,0.000231676,0.000853169
2025-03-04 00:00:00+00:00,0.000512857,0.000905586,0.00321785,-0.00128783,-0.000988289,0.00229314,-1.65387e-05,0.000470082,0.000548174
2025-03-05 00:00:00+00:00,-0.00230673,-0.00191427,-0.000183582,-0.00299526,-0.00238051,-0.00311939,-0.00665689,-0.00703472,-0.00650775
2025-03-06 00:00:00+00:00,-0.0013471,-0.000395666,0.000389137,-0.00165858,-0.000891265,-0.000827232,-0.00524676,-0.0055941,-0.00513332
2025-03-07 00:00:00+00:00,0.00029472,0.000253666,-0.000287574,8.05097e-08,-4.55315e-06,-0.000734605,0.000918807,0.000499401,1.83254e-05
2025-03-08 00:00:00+00:00,0.000439998,0.000867977,0.000730969,-2.22611e-05,0,0.000939449,0.000689078,0.000537841,0.000238826
2025-03-09 00:00:00+00:00,-0.000232418,0.00040732,0.00170131,-6.73622e-05,-0.000241343,0.00145836,0.00150127,0.000281385,-0.000392119
2025-03-10 00:00:00+00:00,-0.000221544,-0.000699556,-0.000802459,0.000270721,0.000218205,-6.69461e-05,0.00187539,0.00125546,0.00074047
2025-03-11 00:00:00+00:00,4.02473e-05,0.000352359,-0.000984718,-0.000738506,-0.000448795,-0.00046677,-0.00173985,-0.0010649,-0.00154912
2025-03-12 00:00:00+00:00,0.000358408,0.00125681,-0.00077069,-0.000689757,0.000136265,-0.000159151,-0.00107422,-0.000433609,0.000414963
2025-03-13 00:00:00+00:00,0.000839037,0.00154228,0.00101894,-0.000103985,-0.000359581,0.00137391,0.000806594,0.000495789,-0.000327105
2025-03-14 00:00:00+00:00,-0.000692616,-0.0018054,-0.000323682,-0.00110096,-0.000712916,-0.00206919,-0.00173637,-0.00189546,-0.0014145
2025-03-15 00:00:00+00:00,-0.000831753,6.74236e-05,0.000558042,-0.000355423,-0.000671506,-0.000505691,-0.000325086,-0.00066772,-0.00130304
2025-03-16 00:00:00+00:00,-1.65094e-05,4.38829e-05,-0.000140463,3.87363e-05,0.000146112,0.000908941,2.24111e-07,0.000302623,0.000325534
2025-03-17 00:00:00+00:00,-0.00152488,-0.00167769,-0.00129226,-0.000632853,-0.000427484,-0.00233697,-0.000534608,-0.000820627,-0.000978684
2025-03-18 00:00:00+00:00,0.00237463,0.00232387,0.00115957,0.00270778,0.0027878,0.00362896,0.00283836,0.00312289,0.00353111
2025-03-19 00:00:00+00:00,-0.000164183,-0.000800896,-0.000244925,0.000269261,0.000273279,-0.000476571,0.000356026,0.000745977,0.00035933
2025-03-20 00:00:00+00:00,0.00114198,0.00232137,0.00104569,0.00281511,0.00318273,0.00287103,0.00350465,0.00292576,0.00377457
2025-03-21 00:00:00+00:00,0.00361063,0.00238746,0.00192675,0.00470378,0.00408515,0.00422495,0.00398936,0.00391374,0.00360545
2025-03-22 00:00:00+00:00,-0.0024208,-0.00187305,-0.00191873,-0.00290362,-0.00273731,-0.00460649,-0.00340306,-0.00348381,-0.0031216
2025-03-23 00:00:00+00:00,-0.00194365,-0.00233583,-0.0019277,-0.00183217,-0.00176299,-0.00443414,-0.00208883,-0.00241072,-0.00212299
2025-03-24 00:00:00+00:00,0.00302437,0.00166452,-0.000571796,0.000462871,0.000670387,0.00171771,0.000352527,0.000455638,0.00018436
2025-03-25 00:00:00+00:00,0.00069836,0.000674142,0.000295984,-0.000196995,-7.70434e-05,-0.000169587,-0.000358525,-0.00028277,-6.85323e-05
2025-03-26 00:00:00+00:00,-0.000407675,-0.00088923,-0.00286998,-0.000341757,-0.00021501,-0.00168839,-0.000453051,-0.00012133,-0.000187133
2025-03-27 00:00:00+00:00,-0.000509217,-0.00117742,0.000100931,-0.000166444,-0.000370003,-0.00135569,-0.000161586,-0.000183939,1.70074e-06
2025-03-28 00:00:00+00:00,-0.00228696,-0.00039943,0.00123045,-0.000769654,-0.000168874,0.000672739,-0.000211221,0.000287243,0.000245191
2025-03-29 00:00:00+00:00,-0.00124807,-0.0013036,-0.000626941,-0.000143937,-8.15611e-05,-0.000566205,-5.84761e-05,0.000104319,9.25075e-05
2025-03-30 00:00:00+00:00,0.00186501,0.0014178,0.00104296,0.000100252,-5.42009e-06,0.00162894,5.59282e-05,3.26054e-05,-1.94818e-07
2025-03-31 00:00:00+00:00,0.00192523,1.11995e-05,-0.00122948,9.97108e-05,-0.000406773,-0.00124237,-3.17327e-05,5.97884e-05,0
2025-04-01 00:00:00+00:00,0.00661517,0.00518793,0.00288657,0.00288941,0.00255023,0.00185502,0.000953023,0.00134242,0.00143077
2025-04-02 00:00:00+00:00,0.00359146,0.00476275,0.00154102,0.00330373,0.00383144,0.00320524,0.00205776,0.0018374,0.000804451
2025-04-03 00:00:00+00:00,0.00629835,0.00275172,0.000344782,0.00245061,0.00143286,-0.00052332,0.000160194,1.24752e-07,-1.48238e-05
2025-04-04 00:00:00+00:00,-0.00147117,-0.00141556,-0.000654575,-0.000233462,-0.00103666,0.000464763,-0.000128448,-0.00042899,-0.00084461
2025-04-05 00:00:00+00:00,-0.000521767,-0.00120083,-0.00150265,-0.000407581,-0.00117303,-0.000411077,7.72742e-07,-0.000272722,-0.000102134
2025-04-06 00:00:00+00:00,0.0116439,0.00604955,-0.00176672,0.00588622,0.00268458,0.00175279,0.00206906,0.000400708,-0.00115475
2025-04-07 00:00:00+00:00,0.00919044,0.0124551,0.00749793,0.00677,0.00802755,0.00807871,0.00222119,0.00222403,0.00173328
2025-04-08 00:00:00+00:00,0.00821886,0.00637118,0.00793674,0.00732643,0.00751718,0.00776897,0.00398686,0.00401277,0.00374484
2025-04-09 00:00:00+00:00,0.00596948,0.00689648,0.0071422,0.00634139,0.0069258,0.00941413,0.00324186,0.00335954,0.00414206
2025-04-10 00:00:00+00:00,-0.0037049,-0.00278732,-0.00198848,-0.00478597,-0.00286758,-0.00169812,-0.0018816,-0.00101377,-0.000575777
2025-04-11 00:00:00+00:00,0.00161918,0.00300472,0.00350618,0.000441244,0.00188933,0.00308278,-0.00020299,0.000777143,0.00299486
2025-04-12 00:00:00+00:00,-0.00264546,-0.000289695,0.00328338,-0.00140979,0.000176579,0.00257042,-0.000433951,-0.00108498,-0.000800111
2025-04-13 00:00:00+00:00,0.0128793,0.011775,0.00912324,0.00949773,0.0101748,0.00925795,0.0046284,0.00452593,0.00411867
2025-04-14 00:00:00+00:00,0.00605447,0.00692418,0.00469774,0.00612614,0.0058158,0.00586775,0.00300337,0.00249956,0.00250962
2025-04-15 00:00:00+00:00,0.0080053,0.0076702,0.00578889,0.0101368,0.0102334,0.00711087,0.00589781,0.00523897,0.00437803
2025-04-16 00:00:00+00:00,-0.00119855,-0.00116594,-0.00228038,-0.00184284,-0.00202802,-0.00219188,-0.00227524,-0.0030916,-0.00412821
2025-04-17 00:00:00+00:00,0.000839693,0.00117168,-0.00292637,-0.00143242,-0.000733303,0.000736106,-0.00243377,-0.00185792,-0.00158473
2025-04-18 00:00:00+00:00,-0.00292854,-0.00453453,-0.00717849,-0.00359271,-0.0047025,-0.00394643,-0.00509017,-0.00553717,-0.00490651
2025-04-19 00:00:00+00:00,0.000975048,0.00386904,0.00360987,0.00174138,0.00249061,0.00220754,0.0022973,0.00260839,0.00138508
2025-04-20 00:00:00+00:00,0.00286856,0.00213072,0.00174334,0.0029045,0.00193348,0.000702358,0.000829519,-0.000263866,-0.000120544
2025-04-21 00:00:00+00:00,0.0015857,0.00131353,-0.00185563,-0.00113242,-0.000493237,0.00114116,-0.00119979,-0.00039732,0.000310314
2025-04-22 00:00:00+00:00,-0.00560912,0.003257,0.000441812,-0.00347563,-0.000472153,0.0063275,-0.00189111,-7.48403e-05,0.00372681
2025-04-23 00:00:00+00:00,-0.00325554,-0.0109998,-0.00941082,-0.0101856,-0.0117896,-0.0101502,-0.00471683,-0.00329315,-0.00717237
2025-04-24 00:00:00+00:00,0.00404091,0.00615377,0.00549186,0.00116393,0.00372135,0.00453451,0.000990907,0.00179953,0.0030674
2025-04-25 00:00:00+00:00,-0.00149322,-0.000215626,-0.00285396,-0.000306818,0.000861399,-0.00137505,-0.00190516,-0.00217675,-0.00352894
2025-04-26 00:00:00+00:00,0.00638345,0.00563892,0.0009932,0.00521313,0.00489519,0.00284785,0.000388854,0.000488386,-0.000216324
2025-04-27 00:00:00+00:00,-0.00346831,-0.00242709,2.47915e-06,-0.00226401,5.11851e-05,-0.000434851,-0.00108654,-0.000980561,-0.000756883
2025-04-28 00:00:00+00:00,0.00243232,0.00201125,0.000629285,0.0027197,0.00186508,-0.000109605,0.000800358,0.000441112,0.000397087
2025-04-29 00:00:00+00:00,-0.0066505,-0.00763865,-0.0078794,-0.00487424,-0.0050105,-0.00342379,-0.00190456,-0.00207544,-0.00203099
2025-04-30 00:00:00+00:00,-0.00837786,-0.00677531,-0.0013068,-0.00491918,-0.00285811,0.000472712,-0.00199676,-0.00210385,-0.000273202
2025-05-01 00:00:00+00:00,0.00447926,0.000361422,-0.00418411,0.00144136,-0.00298408,-0.00395412,-3.06661e-05,0.000501938,0.000289993
2025-05-02 00:00:00+00:00,0.00488477,0.00379331,0.000550367,-0.000497103,-0.000700255,-0.00237626,-0.000229163,-0.000153981,8.95273e-05
2025-05-03 00:00:00+00:00,-0.0086069,-0.00626914,-0.00738923,-0.00318391,-0.002038,-0.00382739,-0.000833922,-0.000252729,1.90162e-05
2025-05-04 00:00:00+00:00,0.00230707,0.00105691,0.00201722,0.00111264,0.000801869,0.000820777,9.21229e-05,0.000160616,1.84017e-05
2025-05-05 00:00:00+00:00,-0.00429194,-0.00534572,-0.00353523,-0.00313583,-0.00173445,-0.000790043,-0.000262325,-0.000221098,-6.30633e-06
2025-05-06 00:00:00+00:00,-0.00342068,-0.00657721,-0.000175989,-0.00302404,-0.00228709,0.00100444,8.71421e-05,9.98323e-05,6.44208e-05
2025-05-07 00:00:00+00:00,-0.00634254,-0.00773962,-0.00913665,-0.00335682,-0.00499861,-0.00590027,-0.000405588,-0.000340395,-0.000128255
2025-05-08 00:00:00+00:00,0.00563976,0.00371576,0.00148974,-8.45737e-05,0.000959457,0.00328864,0.00017277,4.66447e-05,2.49516e-05
2025-05-09 00:00:00+00:00,0.0085326,0.00839407,0.00477121,-0.000177946,0.000647771,0.00223376,0,0,0
2025-05-10 00:00:00+00:00,-0.0104069,-0.0108071,-0.0080389,-0.00376955,-0.00239336,-0.00203495,0,0,0
2025-05-11 00:00:00+00:00,0.0025709,0.0029231,0.00423185,0.000722734,0.00151156,0.00202154,0,0,0
2025-05-12 00:00:00+00:00,0.00236259,0.00355049,0.00662302,0.0007374,0.00277281,0.00432771,0,0,0
2025-05-13 00:00:00+00:00,0.00957264,0.00741222,0.00395479,0.00079144,0.000389078,-5.0246e-05,0,0,0
2025-05-14 00:00:00+00:00,0.0029148,-0.00130253,-0.00243841,-0.000177325,-0.000616915,-5.75476e-05,-1.01872e-05,0,0
2025-05-15 00:00:00+00:00,-0.00486459,-0.00489385,-0.000470686,-0.00156574,-6.03374e-05,-0.000228179,1.24449e-05,-1.6803e-05,0
2025-05-16 00:00:00+00:00,0.00178247,0.0020083,0.00340437,0.000497392,0.00152465,0.00134675,3.15129e-05,2.04457e-05,0
2025-05-17 00:00:00+00:00,0.00192889,0.00114673,-0.00170922,-0.000449148,-0.00139622,-0.00184478,-0.000169514,-0.000110198,0
2025-05-18 00:00:00+00:00,0.016122,0.0157903,0.00847044,0.002541,0.00321584,0.00246776,-0.000120711,-4.23682e-05,0
2025-05-19 00:00:00+00:00,0.00400531,0.00408696,0.00312353,0.00246844,0.00153513,0.00190669,1.56244e-05,0.000357381,-5.0765e-06
2025-05-20 00:00:00+00:00,-0.0150937,-0.0149769,-0.0124982,-0.0075972,-0.00669603,-0.00490676,-0.00194215,-0.00124717,-0.000760898
2025-05-21 00:00:00+00:00,0.000314045,-0.00389397,-0.0024606,-0.000591345,-0.00227798,-0.00222607,-0.00024077,-9.44007e-05,0.000218993
2025-05-22 00:00:00+00:00,-0.00232918,-0.00433888,-0.006895,-0.000449629,-0.0030247,-0.00284281,-0.00023451,-4.37684e-05,-3.3865e-05
2025-05-23 00:00:00+00:00,-0.00697152,-0.00707383,-0.00867994,-0.00356338,-0.00346482,-0.0053524,-0.000316003,-5.85464e-05,7.08704e-05
2025-05-24 00:00:00+00:00,0.00412272,0.00410603,0.00376544,0.000238035,0.00117616,0.000285005,-3.74724e-05,-1.0937e-05,-4.23781e-06
2025-05-25 00:00:00+00:00,0.0061064,0.00462536,0.00265053,0.000932105,0.00124541,0.000601972,0,0,0
2025-05-26 00:00:00+00:00,0.00689044,0.00508839,0.0025573,0.0014756,0.00108375,0.000821876,3.28081e-05,-6.65452e-05,0
2025-05-27 00:00:00+00:00,0.00268838,0.000846047,0.00122632,0.000425604,0.000918876,0.00064433,-7.51475e-05,-0.000157577,-0.000128136
2025-05-28 00:00:00+00:00,0.0149747,0.01369,0.010157,0.0064543,0.00682748,0.00486234,0.00191233,0.00139715,0.000876288
2025-05-29 00:00:00+00:00,0.00751942,0.00646431,0.00254197,0.0013887,0.0008581,-0.000306998,0.000164939,9.43996e-05,6.45344e-05
2025-05-30 00:00:00+00:00,0.00339781,-0.000803836,-0.00278475,0.000986763,-0.000883668,-0.000268666,-0.000504501,-8.5745e-05,0.000683231
2025-05-31 00:00:00+00:00,0.00180678,-0.00120703,0.000977092,-8.01153e-06,0.0010192,0.000261391,0.000337864,0.000272861,0.000154178
2025-06-01 00:00:00+00:00,0.00132674,0.000760843,-0.000135453,2.17095e-05,-0.000230105,0.00019416,-0.000171406,-0.00014473,-0.000242563
2025-06-02 00:00:00+00:00,0.014139,0.010656,0.00934434,0.0081917,0.00916012,0.00691759,0.00397351,0.00351158,0.00204627
2025-06-03 00:00:00+00:00,-0.00376663,-0.0029187,0.00178135,-0.00070885,4.43495e-05,0.00194923,4.05046e-05,-0.000198016,-0.000742586
2025-06-04 00:00:00+00:00,0.00390793,0.00399817,0.00691013,0.00787667,0.00883381,0.011216,0.00562614,0.00678436,0.00929229
2025-06-05 00:00:00+00:00,0.011189,0.00524754,0.00258109,0.00793639,0.00629781,0.00255138,0.00508088,0.00446123,0.0010647
2025-06-06 00:00:00+00:00,-0.0064958,-0.00550246,-0.00293924,-0.0058724,-0.00561745,-0.0029076,-0.00538963,-0.00508857,-0.00213582
2025-06-07 00:00:00+00:00,0.0159108,0.0134472,0.0115116,0.0114444,0.0100726,0.00797734,0.0076691,0.00723667,0.00530549
2025-06-08 00:00:00+00:00,0.000621457,0.00264145,0.000897045,0.0010058,0.0015069,0.00112381,-0.000182573,6.31346e-05,-0.000798566
2025-06-09 00:00:00+00:00,0.00413754,0.00184463,0.000554563,0.00497251,0.00353362,8.35113e-05,0.00149377,-0.000964291,0.000676289
2025-06-10 00:00:00+00:00,0.00438435,-0.00117945,-0.00439417,-0.000883976,-0.00307189,-0.00540444,-0.00282169,-0.00463445,-0.00535537
2025-06-11 00:00:00+00:00,-0.00237343,-0.00234057,-0.000642844,-0.0044898,-0.0034079,-0.00237692,-0.00259908,-0.00186921,-0.00356554
2025-06-12 00:00:00+00:00,0.000684976,0.00116424,0.00378825,-0.00303038,-0.00225195,-0.00210102,-0.00338357,-0.00364334,-0.00356327
2025-06-13 00:00:00+00:00,0.00716819,0.00284665,0.00388964,0.00215033,0.00110101,0.00275312,0.000195343,-0.000865615,-0.00141351
2025-06-14 00:00:00+00:00,0.00122464,0.00131783,0.0026553,1.30096e-05,0.000222116,0.000309326,-0.00010916,0.000335169,0.00123579
2025-06-15 00:00:00+00:00,-0.00730967,-0.00592574,-0.00331612,-0.00552661,-0.0050842,-0.00270972,-0.00300178,-0.00269783,-0.00176146
2025-06-16 00:00:00+00:00,0.00807875,0.00991184,0.0106502,0.00818788,0.00938142,0.00939334,0.0051462,0.00525128,0.00366086
2025-06-17 00:00:00+00:00,0.00706989,0.0058022,0.0043039,0.00401575,0.00353713,0.0018158,0.00208727,0.00220673,0.002335
2025-06-18 00:00:00+00:00,0.00625268,0.00339617,0.00476349,0.00385567,0.00238152,0.000777639,0.00175453,0.00175984,0.00121081
2025-06-19 00:00:00+00:00,-0.00608653,-0.00712768,-0.00578813,-0.00628633,-0.005932,-0.00471407,-0.00457451,-0.00415705,-0.0028748
2025-06-20 00:00:00+00:00,0.00775464,0.00804807,0.00658511,0.00871905,0.00854034,0.00653236,0.00585797,0.00494633,0.00361645
2025-06-21 00:00:00+00:00,-0.00243127,-0.00347642,-0.00661737,-0.0031503,-0.00433943,-0.00563856,-0.00290962,-0.003062,-0.00318154
2025-06-22 00:00:00+00:00,0.00474063,0.00539117,0.00245339,0.0056869,0.00477698,0.00425104,0.00352995,0.00297432,0.00209849
2025-06-23 00:00:00+00:00,0.00647296,0.00510649,0.00248894,0.0043788,0.00329522,0.00261885,0.00120184,-1.27706e-05,-5.33481e-05
2025-06-24 00:00:00+00:00,0.00201249,0.00313443,0.00312831,0.00338198,0.00326073,0.00376711,0.00206366,0.0020187,0.00201878
2025-06-25 00:00:00+00:00,0.00756006,0.00821578,0.00808706,0.0104566,0.0114475,0.00948007,0.00928482,0.00836805,0.00847804
2025-06-26 00:00:00+00:00,0.00907523,0.00712849,0.0106849,0.00851508,0.00851644,0.0110092,0.00835534,0.00601253,0.00498923
2025-06-27 00:00:00+00:00,-0.0122753,-0.0122969,-0.0130444,-0.0122935,-0.0119935,-0.0125277,-0.0127907,-0.0123506,-0.0116291
2025-06-28 00:00:00+00:00,0.00474227,0.00359227,0.00012499,0.005388,0.0041732,0.00187515,0.00513885,0.00371085,0.00299425
2025-06-29 00:00:00+00:00,-0.00107958,-0.00116629,-0.00119628,-0.00344457,-0.00262447,-0.0010023,-0.00334422,-0.00348873,-0.00456916
2025-06-30 00:00:00+00:00,0.00248976,0.00294099,0.00505453,0.00395252,0.00243222,0.00348606,0.00502767,0.00317006,0.00234952
2025-07-01 00:00:00+00:00,0.00169154,-0.000395913,-0.00286895,-0.000373281,-0.00128781,-0.00205253,-0.000927547,-0.00125475,-0.00279176
2025-07-02 00:00:00+00:00,-0.00628111,-0.0052796,-0.00434061,0.00106682,0.000992309,0.000828139,0.00401426,0.00355427,0.00320644
2025-07-03 00:00:00+00:00,-0.00152225,-0.00310522,-0.00399492,0.000504982,0.000184522,0.00110704,0.00393565,0.00441194,0.00463459
2025-07-04 00:00:00+00:00,0.00652697,0.00857085,0.0060162,0.00425333,0.00453738,0.00451727,0.00460436,0.00495406,0.00387633
2025-07-05 00:00:00+00:00,0.00409563,0.0039247,0.00206404,0.00341844,0.0042353,0.0033568,0.00345367,0.003959,0.0038946
2025-07-06 00:00:00+00:00,0.00158782,-0.000171914,-0.000573693,-0.000894882,0.000764403,-0.000822631,-0.0014458,-0.00155103,-0.00228227
2025-07-07 00:00:00+00:00,-0.00126153,-0.00318578,-0.00288651,-0.00301515,-0.00367286,-0.00434967,-0.00447316,-0.00481646,-0.00509864
2025-07-08 00:00:00+00:00,0.00318618,0.00239046,-0.000131542,0.00173285,0.000706162,-1.94297e-05,0.00125987,0.0011298,0.00158541
2025-07-09 00:00:00+00:00,0.00165842,0.00359963,0.00367025,0.000838,0.00223928,0.00219403,0.00204774,0.0019739,0.00202349
2025-07-10 00:00:00+00:00,0.0062014,0.0148108,0.0185127,0.0131399,0.015254,0.0146026,0.0129811,0.013379,0.015554
2025-07-11 00:00:00+00:00,-0.00742463,-0.0112148,-0.015766,-0.00755978,-0.0102961,-0.0143984,-0.00833358,-0.0101887,-0.011851
2025-07-12 00:00:00+00:00,0.0123755,0.0114859,0.00669687,0.0119773,0.01119,0.00881667,0.0100825,0.00848599,0.00668401
2025-07-13 00:00:00+00:00,-0.00236724,-0.00145559,-0.000824974,-0.00594165,-0.00516369,-0.00398514,-0.00662272,-0.00568156,-0.00408056
2025-07-14 00:00:00+00:00,0.00442449,0.00514671,0.00402862,0.00600936,0.00710182,0.00550879,0.00578422,0.00667815,0.00695589
2025-07-15 00:00:00+00:00,0.0022784,0.00397013,0.00659053,0.000661671,0.00113351,0.00255531,-0.0022751,-0.00112871,0.00235802
2025-07-16 00:00:00+00:00,-0.0166187,-0.0164509,-0.0149169,-0.0164236,-0.0164368,-0.0162076,-0.0175138,-0.0172698,-0.0165102
2025-07-17 00:00:00+00:00,0.0106534,0.00927666,0.00595558,0.00809055,0.0078335,0.00429433,0.00800766,0.00765204,0.00546406
2025-07-18 00:00:00+00:00,0.00664815,0.00376344,0.00250335,0.00909259,0.00620689,0.00588141,0.00986624,0.00887939,0.00611367
2025-07-19 00:00:00+00:00,0.00502216,0.00333004,-0.00240095,0.00064633,-0.000976428,-0.0063487,-0.00543224,-0.00684937,-0.00807357
2025-07-20 00:00:00+00:00,0.00226599,0.0053716,0.00521048,-8.56221e-05,0.00221852,0.00325165,-0.000233734,0.0011363,0.00185062
2025-07-21 00:00:00+00:00,-0.013149,-0.0153898,-0.0167585,-0.013223,-0.0136647,-0.016388,-0.013846,-0.0160319,-0.016324
2025-07-22 00:00:00+00:00,0.00924455,0.0080044,0.00682474,0.00856485,0.0078911,0.00874603,0.00780989,0.00825609,0.00954966
2025-07-23 00:00:00+00:00,2.85691e-05,-0.000190475,0.00367095,-0.00128291,-0.00142829,0.000114645,-0.00354654,-0.00363024,-0.00317799
2025-07-24 00:00:00+00:00,0.0064238,0.0073449,0.00914523,0.0089734,0.0110236,0.00982385,0.00734323,0.00646312,0.00806966
2025-07-25 00:00:00+00:00,0.000337125,-0.00385532,-0.00422224,-0.00112385,-0.00134494,-0.00206704,0.00057319,0.000492776,-0.000595645
2025-07-26 00:00:00+00:00,0.00377676,0.00254674,0.00300465,0.00233336,0.00314132,0.00179448,0.00235243,0.00107725,0.000601999
2025-07-27 00:00:00+00:00,0.00411121,0.00422333,0.000330286,0.00511861,0.00502772,0.00356477,0.00487436,0.00494233,0.00480189
2025-07-28 00:00:00+00:00,0.0249868,0.0248002,0.025495,0.0271806,0.026578,0.0255758,0.0262949,0.0256394,0.0248393
2025-07-29 00:00:00+00:00,-0.00111689,-0.00301639,-0.000778977,0.00932899,0.00867123,0.00940503,0.0131121,0.0134242,0.0141615
2025-07-30 00:00:00+00:00,0.0112763,0.0104766,0.0137807,0.0121801,0.0122178,0.0113738,0.0143262,0.0140352,0.0121189
2025-07-31 00:00:00+00:00,0.015804,0.0171716,0.0169305,0.00889422,0.00892777,0.00875762,0.00494436,0.00514685,0.00488616
2025-08-01 00:00:00+00:00,-0.000148917,-1.96054e-06,0.000847981,-0.00478902,-0.00472267,-0.0045803,-0.00799122,-0.00780491,-0.00747294
2025-08-02 00:00:00+00:00,-0.00427561,-0.00387769,-0.00400266,-0.00703531,-0.00708258,-0.0070413,-0.00670562,-0.00709757,-0.00768987
2025-08-03 00:00:00+00:00,0.0127664,0.0134603,0.0141274,0.01198,0.0121353,0.0110917,0.00879377,0.00876494,0.00970745
2025-08-04 00:00:00+00:00,-0.00978405,-0.00646918,-0.00240149,-0.00862417,-0.00726948,-0.00588986,-0.0092902,-0.00934876,-0.00793343
2025-08-05 00:00:00+00:00,-0.00175932,-0.00215064,-0.0045905,-0.00143003,-0.00229647,-0.00356533,-0.00243915,-0.00378007,-0.00476236
2025-08-06 00:00:00+00:00,0.0190102,0.0167535,0.015257,0.0190287,0.0181042,0.0161994,0.0185213,0.0180098,0.0171344
2025-08-07 00:00:00+00:00,-0.00231142,0.0014266,0.0015038,-0.00540223,-0.00486961,-0.00425104,-0.0103647,-0.00937135,-0.00704074
2025-08-08 00:00:00+00:00,-0.00773736,-0.00830078,-0.0113688,-0.00873956,-0.00904285,-0.0102526,-0.0091962,-0.00949578,-0.00829611
2025-08-09 00:00:00+00:00,-0.0147,-0.014883,-0.0159363,-0.021657,-0.0207842,-0.0206587,-0.0217474,-0.0208473,-0.0194711
2025-08-10 00:00:00+00:00,0.0102199,0.00974063,0.0124059,0.00938028,0.00957634,0.0114713,0.0113255,0.0120704,0.0119233
2025-08-11 00:00:00+00:00,0.0189473,0.0188713,0.0209444,0.0257777,0.0256983,0.0231889,0.0256614,0.0254388,0.0241611
2025-08-12 00:00:00+00:00,-0.0122717,-0.00864118,-0.00716343,-0.0112386,-0.0103016,-0.00530332,-0.00954223,-0.00795066,-0.00544816
2025-08-13 00:00:00+00:00,0.000877625,0.00286424,0.0047235,0.00114885,0.000309815,0.00070774,-0.00242076,-0.00250466,-0.00289545
2025-08-14 00:00:00+00:00,0.00968376,0.0122935,0.0158125,0.00969095,0.0102944,0.0102309,0.00451597,0.00361775,0.000716996
2025-08-15 00:00:00+00:00,-0.0132542,-0.0148812,-0.0129927,-0.010951,-0.011613,-0.0105873,-0.00888913,-0.00863,-0.00469327
2025-08-16 00:00:00+00:00,0.00548915,0.00821787,0.00677866,0.00749238,0.0083741,0.00777282,0.00565693,0.00476022,0.00350653
2025-08-17 00:00:00+00:00,0.00348106,0.00279587,0.00381972,0.00732668,0.00800361,0.0087103,0.0103897,0.00949038,0.00941369
2025-08-18 00:00:00+00:00,-0.00378079,-0.0034021,-0.00201606,-0.00322853,-0.00282372,-0.00162239,-0.000319295,0.000531754,0.00187627
2025-08-19 00:00:00+00:00,0.000708284,0.000868073,0.000770997,-0.00122253,-0.00116567,-0.00150694,-0.00200432,-0.00227778,-0.00258586
2025-08-20 00:00:00+00:00,0.00574985,0.00472662,0.00365815,0.0069349,0.00614487,0.00422293,0.00689648,0.00618732,0.00488772
2025-08-21 00:00:00+00:00,0.00450073,0.00400199,0.00558019,0.0050714,0.00573773,0.00612282,0.00552806,0.00548815,0.00570669
2025-08-22 00:00:00+00:00,0.00440844,0.00157245,0.0015182,0.00399149,0.00370676,0.00253442,0.0022317,0.0016627,0.00151051
2025-08-23 00:00:00+00:00,0.00855897,0.00677632,0.0049891,0.00643233,0.00636395,0.00493644,0.0051207,0.00560612,0.00572489
2025-08-24 00:00:00+00:00,0.00808203,0.00783002,0.00667516,0.00820356,0.00845231,0.00758322,0.00791428,0.00809278,0.00737905
2025-08-25 00:00:00+00:00,-0.0129964,-0.0143994,-0.0163847,-0.0126697,-0.013751,-0.0152486,-0.0129031,-0.0136131,-0.0149403
2025-08-26 00:00:00+00:00,-0.00703643,-0.00494236,-0.00232804,-0.00538023,-0.00369887,-0.00121131,-0.00345907,-0.00222938,-0.000389305
2025-08-27 00:00:00+00:00,0.00383026,0.00419858,0.00517897,0.0033599,0.00387948,0.00433307,0.00329713,0.00395951,0.00403524
2025-08-28 00:00:00+00:00,-0.0126589,-0.0118796,-0.0091037,-0.00868005,-0.00875192,-0.00889903,-0.00345056,-0.0035511,-0.0039787
2025-08-29 00:00:00+00:00,0.00646317,0.00589798,0.00397233,0.00172257,0.00204435,0.00205366,-0.00158562,-0.00129767,-0.000908101
2025-08-30 00:00:00+00:00,0.000758103,0.00208438,0.0044407,-0.00195769,-0.00138247,0.000198045,-0.00142162,-0.00115706,-0.00084761
2025-08-31 00:00:00+00:00,0.00448897,0.003232,0.00144712,0.00340384,0.00247828,0.000941355,0.00249756,0.00201382,0.00122811
2025-09-01 00:00:00+00:00,-0.0108081,-0.0107103,-0.00920261,-0.0105076,-0.0111841,-0.0107138,-0.00987403,-0.00957645,-0.00958794
2025-09-02 00:00:00+00:00,-0.00346095,-0.00798812,-0.00984101,-0.00434971,-0.0061299,-0.00794628,-0.00409043,-0.0052173,-0.00578775
2025-09-03 00:00:00+00:00,0.00980206,0.00853291,0.00269552,0.0083658,0.00734961,0.00362866,0.00411949,0.00410158,0.000718614
2025-09-04 00:00:00+00:00,-0.00617686,-0.00901097,-0.0103049,-0.00422341,-0.00439992,-0.00976518,-0.00545048,-0.00531314,-0.0114358
2025-09-05 00:00:00+00:00,-0.00188918,-0.000302613,0.00148579,0.000768168,0.00126771,0.00235673,0.00215152,0.00258784,0.00316509
2025-09-06 00:00:00+00:00,-0.000243461,-0.00223653,-0.00108079,0.00579427,0.00516775,0.00301211,0.0069581,0.00669829,0.00538061
2025-09-07 00:00:00+00:00,0.00460226,0.00453632,-0.00310877,0.00251513,0.00195268,0.000998224,0.00199817,0.00173756,0.000564166
2025-09-08 00:00:00+00:00,-0.0311272,-0.0289038,-0.0289061,-0.0245752,-0.0247318,-0.0222819,-0.0179779,-0.018015,-0.0151738
2025-09-09 00:00:00+00:00,0.00251875,0.00189415,-0.000669813,0.00508509,0.00481327,0.00304304,0.00455799,0.00380738,0.00228732
2025-09-10 00:00:00+00:00,-0.00187888,0.000191608,0.000684978,-0.00161911,0.000436299,-0.000599609,0.00221982,0.00200783,0.000945529
2025-09-11 00:00:00+00:00,0.022469,0.0208946,0.0195135,0.0266761,0.0260846,0.0248273,0.0205844,0.0197287,0.019466
2025-09-12 00:00:00+00:00,0.0059416,0.00472331,0.00304508,0.00417924,0.00487197,0.00605426,0.00507012,0.00555023,0.0037447
2025-09-13 00:00:00+00:00,-0.0118682,-0.00861578,-0.00522608,-0.00631707,-0.0079124,-0.0100455,-0.0065254,-0.00777317,-0.011592
2025-09-14 00:00:00+00:00,-0.00263518,-0.00240064,-0.00322214,0.00157613,0.0005043,-0.00169012,0.00352693,0.00377313,0.0041701
2025-09-15 00:00:00+00:00,0.0150529,0.0138577,0.0118279,0.0119832,0.0125434,0.012275,0.00913454,0.00982362,0.0100112
2025-09-16 00:00:00+00:00,0.0110454,0.0100897,0.00978309,0.0123105,0.00962795,0.00646555,0.0103787,0.00823878,0.00580629
2025-09-17 00:00:00+00:00,0.00934899,0.0123233,0.0102194,0.00477009,0.00454542,0.00725398,0.0047379,0.00454894,0.00541925
2025-09-18 00:00:00+00:00,-0.000110901,0.00205429,0.0104503,0.00276005,0.00368863,0.00510605,0.0044357,0.00532655,0.00696368
2025-09-19 00:00:00+00:00,0.00672625,0.00640468,0.00743162,0.00758509,0.00685296,0.00584642,0.00883522,0.00816164,0.00634835
2025-09-20 00:00:00+00:00,-0.00105934,-0.00322135,0.00146249,0.00163765,0.00195066,0.000498491,0.00386558,0.00430872,0.00231951
2025-09-21 00:00:00+00:00,0.00453917,0.0043716,0.0041144,0.00526284,0.00550498,0.00420184,0.00572897,0.00517791,0.00446527
2025-09-22 00:00:00+00:00,0.0107447,0.0103032,-0.0105627,0.0153828,0.0149789,0.0114532,0.00878562,0.0134166,0.00808718
2025-09-23 00:00:00+00:00,0.013044,0.013086,0.0117288,0.0124847,0.0119392,0.0118572,0.00995409,0.00904052,0.00774462
2025-09-24 00:00:00+00:00,-0.00680225,-0.00744369,-0.0111243,-0.0101802,-0.0102975,-0.0114119,-0.00982622,-0.0100904,-0.0104586
2025-09-25 00:00:00+00:00,-0.00885145,-0.0096645,-0.0128901,-0.00858262,-0.00918263,-0.0108119,-0.00831494,-0.00888574,-0.0103762
2025-09-26 00:00:00+00:00,-0.00999021,-0.0103479,-0.00957907,-0.00746554,-0.00839358,-0.00978555,-0.00742392,-0.0078135,-0.00898461
2025-09-27 00:00:00+00:00,0.00307935,0.00317612,0.00105955,0.00170971,0.00136053,0.000592803,0.000431542,0.000254316,-0.00082479
2025-09-28 00:00:00+00:00,0.00857865,0.00740857,0.00488909,0.00788364,0.00962341,0.00695141,0.00713152,0.00788832,0.00661894
2025-09-29 00:00:00+00:00,0.0187398,0.0180266,0.0148159,0.0159934,0.0173309,0.0145453,0.0152548,0.0153185,0.0145168
2025-09-30 00:00:00+00:00,-0.00634752,-0.00393709,-0.00639051,-0.00543872,-0.00677058,-0.00648288,-0.00918475,-0.0092186,-0.00829656
2025-10-01 00:00:00+00:00,-0.00485814,-0.00657663,-0.005596,-0.00572101,-0.00673466,-0.00786721,-0.0058943,-0.00516827,-0.00346566
2025-10-02 00:00:00+00:00,5.12897e-05,0.00455648,0.00400752,0.0012078,0.00244836,0.0015871,0.00470593,0.00498709,0.00264762
2025-10-03 00:00:00+00:00,0.0326525,0.0309584,0.0297068,0.0302328,0.0302861,0.0303534,0.0315896,0.0307059,0.0311738
2025-10-04 00:00:00+00:00,-0.00354016,-0.00236055,-0.00313649,-0.00362741,-0.00255974,-0.00217957,-0.00373726,-0.00341013,-0.00312801
2025-10-05 00:00:00+00:00,0.00293818,0.00221637,0.00253444,0.00205473,0.00273652,0.00483062,0.000905664,0.00203611,0.0023636
2025-10-06 00:00:00+00:00,0.0213645,0.0220961,0.0189989,0.021509,0.0213519,0.0149663,0.0180749,0.0183767,0.0124348
2025-10-07 00:00:00+00:00,0.0280824,0.0293663,0.0316647,0.027158,0.0267548,0.0268555,0.0291506,0.0288922,0.0291217
2025-10-08 00:00:00+00:00,0.00499223,0.00178139,0.0022272,0.00330065,0.00265723,0.000889011,-0.000384485,-0.000152349,-0.0024079
2025-10-09 00:00:00+00:00,0.00883627,0.00764232,0.00656167,0.0148259,0.0144536,0.0142559,0.0167829,0.0171656,0.0183184
2025-10-10 00:00:00+00:00,0.00263617,-0.00118751,0.0105215,-0.00438202,0.00337631,-9.81473e-05,0.0313254,0.0171047,-0.00217583
2025-10-11 00:00:00+00:00,0.00731521,0.00934301,0.0119904,0.0117966,0.0100525,0.00891696,0.0101726,0.00896761,0.00838164
2025-10-12 00:00:00+00:00,0.00501116,0.0056274,0.00932847,0.0122383,0.0115133,0.00954682,0.0131285,0.0127198,0.0116185
2025-10-13 00:00:00+00:00,-0.000936165,0.000436572,0.00073683,-0.00320213,-0.00178312,-0.00140607,-0.00516385,-0.00505036,-0.00544201
2025-10-14 00:00:00+00:00,0.00310298,0.0013616,0.000581777,0.00220267,0.000737886,0.00103183,0.000894013,0.00040035,-0.000734718
2025-10-15 00:00:00+00:00,0.011896,0.0115571,0.0103422,0.00923398,0.00833649,0.0079926,0.00640513,0.00563874,0.00487474
2025-10-16 00:00:00+00:00,0.0132225,0.0126434,0.012303,0.0091806,0.00803939,0.00694387,0.00636089,0.00543016,0.00464979
2025-10-17 00:00:00+00:00,-0.00790095,-0.00784271,-0.00561192,-0.00903587,-0.00958235,-0.011491,-0.0137975,-0.014838,-0.0162751
2025-10-18 00:00:00+00:00,-0.0170595,-0.017795,-0.0184127,-0.0124012,-0.0130296,-0.014255,-0.0090065,-0.00903512,-0.00998587
2025-10-19 00:00:00+00:00,0.00549601,0.00537704,0.00458526,0.00271703,0.00251618,0.00295943,0.0036904,0.00351822,0.00301279
2025-10-20 00:00:00+00:00,-0.00473923,-0.00300793,-0.00390508,-0.00300273,-0.00280781,-0.00387146,-0.000531441,-0.00124295,-0.00226328
2025-10-21 00:00:00+00:00,0.00381972,0.00306974,-0.0017989,-0.000520539,-0.00173497,-0.00579353,-0.00560013,-0.00773195,-0.0101252
2025-10-22 00:00:00+00:00,0.00449056,0.00596968,0.00633122,0.00628455,0.00584039,0.00658395,0.00669377,0.00628594,0.00675116
2025-10-23 00:00:00+00:00,-0.00206937,-0.00317039,0.00198271,-0.000294667,0.000221287,0.00275564,-3.26053e-05,0.000368531,0.0011949
2025-10-24 00:00:00+00:00,-0.000499489,0.000879482,0.000293174,-1.9953e-06,-3.23515e-05,-0.00100558,8.75534e-05,0.000150782,-0.00101516
2025-10-25 00:00:00+00:00,-0.00172288,0.00203122,0.00567424,0.00516658,0.00434886,0.00307844,0.00596136,0.00573813,0.00506448
2025-10-26 00:00:00+00:00,-0.0209653,-0.0191576,-0.0240394,-0.0246989,-0.0235138,-0.0232497,-0.0255925,-0.0256674,-0.0253062
2025-10-27 00:00:00+00:00,0.0259786,0.0218491,0.0199046,0.0274693,0.0249747,0.0208549,0.0267358,0.0257216,0.0229379
2025-10-28 00:00:00+00:00,-0.0122351,-0.0147044,-0.0128051,-0.00918524,-0.010124,-0.0125464,-0.00894198,-0.00936845,-0.0107543
2025-10-29 00:00:00+00:00,0.00618314,0.00623647,0.00459468,0.00457579,0.0049198,0.00606853,0.00454009,0.00533667,0.00628179
2025-10-30 00:00:00+00:00,0.0147055,0.0132157,0.00906714,0.0129267,0.0109526,0.00965607,0.0117999,0.0112065,0.00946784
2025-10-31 00:00:00+00:00,-0.000905071,0.000643918,-8.5248e-05,-0.00307708,-0.00271402,-0.0017042,-0.00249601,-0.0025635,-0.00290445
2025-11-01 00:00:00+00:00,-0.0157847,-0.0144697,-0.0092565,-0.0151448,-0.0145975,-0.0136889,-0.013521,-0.0133334,-0.0122821
2025-11-02 00:00:00+00:00,0.0159348,0.0173808,0.0170461,0.0149013,0.0145511,0.0154055,0.0137622,0.013975,0.01502
2025-11-03 00:00:00+00:00,-0.00453523,-0.00393169,-0.00668811,-0.00121478,-0.0029916,-0.00494855,-0.000315969,-0.00183496,-0.00517603
2025-11-04 00:00:00+00:00,0.0125847,0.0129844,0.0139407,0.0151953,0.0145192,0.0155144,0.0146011,0.0134602,0.014516
2025-11-05 00:00:00+00:00,-0.00737766,-0.00995387,-0.0187458,-0.00930869,-0.0105397,-0.0133109,-0.0099789,-0.0108086,-0.0118675
2025-11-06 00:00:00+00:00,-0.0141261,-0.0147576,-0.0143835,-0.00603356,-0.00686199,-0.00799267,-0.00546635,-0.00581775,-0.00640752
2025-11-07 00:00:00+00:00,-0.0142529,-0.0108947,-0.00546955,-0.00418478,-0.00460416,-0.00319572,-0.00265222,-0.00235169,-0.00209315
2025-11-08 00:00:00+00:00,0.00393422,0.00431637,0.00293694,-0.00125568,-0.0018514,-0.00275132,-0.00293619,-0.00367075,-0.00372954
2025-11-09 00:00:00+00:00,0.0114571,0.0109148,0.0111936,0.013902,0.0139349,0.013098,0.0131457,0.0129947,0.0127805
2025-11-10 00:00:00+00:00,-0.00915287,-0.0107406,-0.0101328,-0.00130631,-0.00144235,-0.00228445,0.00461976,0.00511534,0.00530982
2025-11-11 00:00:00+00:00,0.0138118,0.0141084,0.0128694,0.012721,0.0128916,0.0112475,0.0111285,0.0109463,0.0107165
2025-11-12 00:00:00+00:00,0.00941595,0.00955847,0.00704101,0.00432977,0.0050899,0.00708211,0.00338206,0.0044071,0.00505897
2025-11-13 00:00:00+00:00,0.0125637,0.0127114,0.00900987,0.0112656,0.0114181,0.0108704,0.0112466,0.0108831,0.0100319
2025-11-14 00:00:00+00:00,-0.00195327,-0.00185896,0.00030481,-0.00256938,-0.00176598,-0.00265531,1.60286e-05,0.00112501,8.56982e-05
2025-11-15 00:00:00+00:00,-0.00585626,-0.0059033,-0.00691441,-0.00459305,-0.00502177,-0.00460981,-0.00193289,-0.00169142,-0.00166212
2025-11-16 00:00:00+00:00,0.00214039,0.00130174,-0.00111499,-0.00370938,-0.00310322,-0.00164999,-0.00573746,-0.00564854,-0.00481534
2025-11-17 00:00:00+00:00,-0.000485912,-0.000484466,0.00104842,0.000677781,0.000579798,0.000604409,0.00141355,0.00149388,0.00181755
2025-11-18 00:00:00+00:00,-0.000751041,0.000270395,-0.00051581,-0.00396895,-0.00433143,-0.00440275,-0.00685918,-0.00605005,-0.00602944
2025-11-19 00:00:00+00:00,0.00640313,0.00831451,0.013309,0.00911172,0.0096177,0.010507,0.00876262,0.00983843,0.00889728
2025-11-20 00:00:00+00:00,0.00435626,0.00418365,0.00306345,0.00285405,0.00260846,0.000380972,-0.00197218,-0.00259958,-0.00310116
2025-11-21 00:00:00+00:00,0.0132936,0.0152703,0.0183905,0.0110116,0.0124031,0.013816,0.00946948,0.0107967,0.0119268
2025-11-22 00:00:00+00:00,0.00184582,0.00142798,-0.000503862,0.00122107,0.00126395,0.000512573,0.000973525,0.000624916,0.000684086
2025-11-23 00:00:00+00:00,-0.00473857,-0.00616788,-0.0102578,-0.00789764,-0.00864251,-0.00930805,-0.0100464,-0.0103506,-0.0110214
2025-11-24 00:00:00+00:00,-0.0141748,-0.0122406,-0.0112848,-0.0158509,-0.01519,-0.0135153,-0.0148914,-0.0147733,-0.0136288
2025-11-25 00:00:00+00:00,-0.00135636,-0.000226069,-0.00570191,-0.00628008,-0.00679037,-0.00806559,-0.00865756,-0.00927386,-0.0110827
2025-11-26 00:00:00+00:00,7.70593e-05,0.00118793,0.00447348,0.0064801,0.00609809,0.00857644,0.00981582,0.0112618,0.013068
2025-11-27 00:00:00+00:00,-0.00865615,-0.00891379,-0.00669738,-0.00953725,-0.00949804,-0.0094374,-0.0101974,-0.0100294,-0.010524
2025-11-28 00:00:00+00:00,0.00630446,0.00590408,0.00555236,0.00435384,0.00417217,0.00317545,0.00118009,0.000363702,-0.000609281
2025-11-29 00:00:00+00:00,0.00181981,0.00155583,0.00299622,0.00138476,0.00128784,0.00075524,-0.000247372,-0.00185576,-0.00270433
2025-11-30 00:00:00+00:00,-0.000467569,0.000662856,0.00276848,-0.00280304,-0.00109354,0.000429257,-0.00601668,-0.00529973,-0.0102885
2025-12-01 00:00:00+00:00,0.013943,0.00703853,-0.0054856,0.00353789,-0.00050839,-0.00714557,-0.00200831,-0.00548555,-0.00781411
2025-12-02 00:00:00+00:00,0.00640401,0.00810357,0.00623636,0.00538103,0.00209164,-0.00127507,-0.00267576,-0.00491015,-0.00999553
2025-12-03 00:00:00+00:00,0.0124223,0.0169512,0.0225272,0.0176227,0.0183924,0.01999,0.0154872,0.0162825,0.0153836
2025-12-04 00:00:00+00:00,0.00665582,0.00606076,0.0045313,0.00261108,0.00166354,-0.000895012,-0.00113275,-0.00166312,-0.00407578
2025-12-05 00:00:00+00:00,-0.00289948,-0.00194155,-0.00275747,-0.00123194,-0.00144211,-0.00302604,-0.000163489,-0.000877614,-0.00172719
2025-12-06 00:00:00+00:00,0.0124888,0.0136575,0.0105036,0.0109563,0.0103654,0.00765678,0.00657079,0.00573084,0.00444111
2025-12-07 00:00:00+00:00,0.00564201,0.00523177,0.00178119,0.00793943,0.00649258,0.00355563,0.00769502,0.00537037,0.00327193
2025-12-08 00:00:00+00:00,-0.0127287,-0.012114,-0.0108876,-0.0146781,-0.0141131,-0.0134126,-0.0150714,-0.0157577,-0.0140938
2025-12-09 00:00:00+00:00,0.00565845,0.00716744,0.00771849,0.00506268,0.00543085,0.00815808,0.00335571,0.00298372,0.00372882
2025-12-10 00:00:00+00:00,0.00679771,0.00592339,0.00675308,0.00685839,0.00704265,0.00685333,0.00641221,0.00574962,0.00283062
2025-12-11 00:00:00+00:00,0.00207914,0.00369341,0.00445402,0.00197488,0.00265576,0.00372383,0.00252987,0.00302036,0.00389224
2025-12-12 00:00:00+00:00,0.00497117,0.004817,0.00537415,0.00257998,0.00234833,0.00335514,0.00243698,0.00262492,0.00261216
2025-12-13 00:00:00+00:00,1.87688e-05,0.000822589,-0.000148771,-0.000948593,-0.000819162,-0.00163764,-0.00150973,-0.00217081,-0.0032355
2025-12-14 00:00:00+00:00,0.00359838,0.00368338,0.00357656,0.00146049,0.00117007,0.00175543,0.000780573,0.000453509,0.000725983
2025-12-15 00:00:00+00:00,0.0117274,0.0104193,0.00711175,0.0119163,0.0117435,0.010787,0.0122861,0.0114216,0.00904322
2025-12-16 00:00:00+00:00,0.0123921,0.015007,0.00948294,0.0075581,0.00781274,0.00435471,0.00168336,0.000703824,0.000365613
2025-12-17 00:00:00+00:00,0.0149746,0.0162263,0.0181754,0.0131366,0.0135944,0.0133565,0.0104393,0.0104435,0.00980944
2025-12-18 00:00:00+00:00,-0.00745124,-0.00950829,-0.0124758,-0.00699285,-0.00614496,-0.0081079,-0.00391924,-0.0037122,-0.00298101
2025-12-19 00:00:00+00:00,-0.000418061,0.000425192,0.000446523,-0.00455137,-0.00525615,-0.0052818,-0.00682015,-0.0069806,-0.00821564
2025-12-20 00:00:00+00:00,0.00115445,0.00191712,-4.49084e-05,0.00337828,0.00227376,0.0011418,-0.000268603,-0.000527755,-0.00251886
2025-12-21 00:00:00+00:00,-0.0101984,-0.0108089,-0.00528628,-0.0061349,-0.00625153,-0.00260049,-0.00436364,-0.00302528,0.00104596
2025-12-22 00:00:00+00:00,0.00999677,0.00934433,0.00910227,0.00789335,0.00723272,0.00733918,0.00551002,0.00566655,0.00547675
2025-12-23 00:00:00+00:00,0.0053204,0.00564964,0.00387002,0.00477732,0.00380948,0.0025558,0.00437833,0.00342537,0.00237714
2025-12-24 00:00:00+00:00,0.00488079,0.00588802,0.00471898,0.0010094,0.00137134,0.000836618,-0.00102738,-0.000617611,-0.00100686
2025-12-25 00:00:00+00:00,0.00779788,0.00753625,0.00551591,0.00596211,0.00645713,0.00483543,0.00517212,0.00490797,0.00467814
2025-12-26 00:00:00+00:00,-0.0110907,-0.00973297,-0.00729113,-0.011168,-0.0102329,-0.00788945,-0.00835682,-0.00761754,-0.00595715
2025-12-27 00:00:00+00:00,-0.00572325,-0.00355238,-0.00351473,-0.00512976,-0.00431323,-0.00440757,-0.00355813,-0.00379627,-0.00374117
2025-12-28 00:00:00+00:00,0.00522603,0.00557524,0.00707348,0.00659281,0.00534907,0.00650113,0.00661312,0.00705454,0.00528744
2025-12-29 00:00:00+00:00,0.0108528,0.00953894,0.00228042,0.00699207,0.00599356,0.00243191,0.00226129,0.000417704,-0.00175233
2025-12-30 00:00:00+00:00,0.00820966,0.00623109,0.00641601,0.00556137,0.00402228,0.00329628,0.00425366,0.00377085,0.00335158
2025-12-31 00:00:00+00:00,-0.0286375,-0.0326196,-0.0282035,-0.0250389,-0.0314571,-0.0340845,-0.0206211,-0.0207703,-0.0168243
2026-01-01 00:00:00+00:00,-0.00819337,-0.00897278,-0.00688071,-0.000578778,-0.00137866,0.00116457,0.00323925,0.00298398,-0.00175412
2026-01-02 00:00:00+00:00,-0.0298773,-0.026176,-0.0185127,-0.026084,-0.0233048,-0.0177542,-0.01791,-0.0169186,-0.015166
2026-01-03 00:00:00+00:00,0.00632871,0.00525509,0.00129771,0.00469438,0.00485453,0.0035609,0.00445204,0.00448644,0.00482792
2026-01-04 00:00:00+00:00,-0.00957473,-0.0119276,-0.0152894,-0.0105333,-0.0124095,-0.0147139,-0.00858313,-0.00912919,-0.0112468
2026-01-05 00:00:00+00:00,0.00263877,0.00318802,0.00143669,0.0049268,0.00500122,0.00372413,0.00424753,0.00423444,0.00359661
2026-01-06 00:00:00+00:00,-0.00883783,-0.00509156,-0.0089133,-0.00698475,-0.00739464,-0.00770163,-0.00652814,-0.00751784,-0.00776803
2026-01-07 00:00:00+00:00,0.00342231,0.00160317,0.00203669,0.00220166,0.00167208,0.000950605,0.000553755,0.000456577,0.000539394
2026-01-08 00:00:00+00:00,-0.00703754,-0.00825293,-0.00961234,-0.00561249,-0.00728651,-0.00629704,-0.00329401,-0.00281637,-0.00254107
2026-01-09 00:00:00+00:00,-0.00214896,-0.00332681,-0.00239065,-0.00375579,-0.00283705,-0.00163726,-0.00144994,-0.00139559,-0.000680782
2026-01-10 00:00:00+00:00,0.00305036,0.00271491,0.000726083,0.0021119,0.00114684,0.000348859,0.000653935,0.000600281,0.000811764
2026-01-11 00:00:00+00:00,0.00235496,0.0021942,-0.00265913,0.000436959,-0.000617516,-0.00443125,-0.00254151,-0.00290546,-0.00373119
2026-01-12 00:00:00+00:00,0.00234833,0.0023786,0.00361685,0.00109552,0.000708315,0.00343256,0.000482954,0.00144404,0.00135152
2026-01-13 00:00:00+00:00,0.00684778,0.0074148,0.00257473,0.00433681,0.00495248,-0.00124465,0.000839966,-0.0017179,-0.00517746
2026-01-14 00:00:00+00:00,-0.00689654,-0.00656056,-0.00905,-0.0115364,-0.0107807,-0.0092913,-0.00426475,-0.00488194,-0.00310402
2026-01-15 00:00:00+00:00,0.00501319,0.00640144,0.00370179,0.00348351,0.00279726,0.000377801,-0.000605791,-0.000521424,0.000590188
2026-01-16 00:00:00+00:00,-0.00302253,-0.00372701,-0.000576925,0.000831908,0.00130024,0.00281102,0.000955173,0.000472727,0.00204788
2026-01-17 00:00:00+00:00,-0.00567249,-0.00652458,-0.00353468,-0.00163608,-0.00188517,-0.00125979,-0.000709999,-0.000620396,-0.00157885
2026-01-18 00:00:00+00:00,0.000583979,-0.0010442,-0.00121717,-0.000968897,-0.000362867,-0.000365618,-0.00084005,-0.0012155,-0.000237182
2026-01-19 00:00:00+00:00,0.00637156,0.00780928,0.0078338,0.00260715,0.00294066,0.00483532,0.0003799,0.00128925,0.00250762
2026-01-20 00:00:00+00:00,0.00598712,0.00599515,0.00482565,0.00206477,0.00250816,0.00345749,0.00104738,0.00216718,0.00295113
2026-01-21 00:00:00+00:00,-0.00261504,-0.00110401,-0.000971481,-0.0025451,-0.000910624,-0.00123125,-0.000518634,-0.00035856,0.000463064
2026-01-22 00:00:00+00:00,0.00127529,0.0013025,6.94824e-05,0.000488697,0.000918331,0.00134068,9.56376e-05,0.000447378,0.000411773
2026-01-23 00:00:00+00:00,-0.00151547,-0.0013728,-0.00640938,-0.00134009,-0.00320193,-0.00521394,-0.000756988,-0.00158341,-0.00142423
2026-01-24 00:00:00+00:00,0.0108058,0.0115072,0.00827543,0.00256907,0.00240162,0.00285741,-9.71132e-05,0.000666739,0.000386207
2026-01-25 00:00:00+00:00,0.00604063,0.00457142,0.00562562,0.000841488,0.00180911,0.00319092,0.000516654,0.00109469,0.00122074
2026-01-26 00:00:00+00:00,0.0138412,0.0100331,0.00862201,0.00489844,0.00426572,0.00308189,-0.000410259,-0.000507884,-0.000809924
2026-01-27 00:00:00+00:00,0.000934454,-0.00212497,-0.0118876,0.000415215,-0.00220336,-0.00672453,-0.00105204,-0.00195247,-0.00312141
2026-01-28 00:00:00+00:00,-0.00317525,-0.00343113,-0.00444738,-0.0017205,-0.00162571,-0.00279151,-0.000240789,-0.000693423,-0.00074491
2026-01-29 00:00:00+00:00,-0.00173943,-0.00346856,7.5625e-05,-0.000965293,-0.00050053,0.00103205,-6.76054e-05,-0.00014068,0.000398338
2026-01-30 00:00:00+00:00,0.013475,0.00723519,0.000172289,0.00276126,0.00185475,0.000958479,0.000639156,0.000957739,0.00162573
2026-01-31 00:00:00+00:00,0.00359224,0.0018387,-9.21106e-05,-0.000390976,-0.00221162,-0.00164129,-0.000132732,0.000563798,0.000511599
2026-02-01 00:00:00+00:00,-0.00122171,-0.00445226,-0.00395301,-0.00638224,-0.0048268,-0.00274,0.000507077,0.000899461,0.0019511
2026-02-02 00:00:00+00:00,0.0110546,0.00781668,0.00540751,0.00278149,0.00197563,0.000879259,-0.000247182,-0.000365577,-0.000628261
2026-02-03 00:00:00+00:00,0.00913274,0.00707927,0.00375291,0.00238648,0.00243819,0.000105385,-5.34337e-05,0.000473314,0.000437812
2026-02-04 00:00:00+00:00,0.00167516,-0.00303304,-0.0083076,-0.00258186,-0.00481075,-0.00309505,6.31916e-05,0.000343195,0.000820694
2026-02-05 00:00:00+00:00,0.0210993,0.0216232,0.0223935,0.00987838,0.0103208,0.00582252,-0.000527206,-0.00151929,-0.00113142
2026-02-06 00:00:00+00:00,-0.0079451,-0.0106038,-0.00645605,-0.00674892,-0.00700873,-0.00443718,-0.000204355,0.000140389,0.000575687
2026-02-07 00:00:00+00:00,0.00719127,0.00483742,0.00386435,0.00183671,0.00196943,0.000459602,3.73588e-05,0.000160817,9.84848e-05
2026-02-08 00:00:00+00:00,-0.0108582,-0.00502332,-0.00720637,-0.00389637,-0.00245486,-0.0029693,-0.000260147,4.07224e-05,-0.00030964
2026-02-09 00:00:00+00:00,-0.00257886,-0.00438972,-0.00522636,-0.00116018,-0.00150552,-0.0018018,0.000121217,0.000102895,0.000229112
2026-02-10 00:00:00+00:00,-0.0115682,-0.00968893,-0.00325297,-0.00473668,-0.00283694,-0.00119408,-0.000231801,1.87876e-05,-0.000368071
2026-02-11 00:00:00+00:00,-0.0135518,-0.0115919,-0.00512308,-0.00226562,0.000329447,0.0009684,-0.000225714,-0.000149039,-0.000407446
2026-02-12 00:00:00+00:00,0.00141426,0.0021946,-0.000510727,0.000904476,-0.000795684,-0.000967316,-0.000134951,-0.00017049,-0.000508557
2026-02-13 00:00:00+00:00,-0.0013503,-0.000651388,0.00312114,0.000484043,0.00145691,0.0009911,0.000188401,0.000435738,0.000726173
2026-02-14 00:00:00+00:00,-0.0160592,-0.00930204,-0.00863512,-0.00253468,-0.00235407,-0.00471126,0.000248342,0.000603385,0.00203186
2026-02-15 00:00:00+00:00,0.0060189,0.00768217,0.0064501,0.00276924,0.00263453,0.00183304,-3.83987e-05,4.80337e-05,-7.47896e-05
2026-02-16 00:00:00+00:00,0.00251039,0.000606716,0.00172886,0.000807097,0.00118257,0.000283269,3.61799e-05,-2.29582e-05,8.88024e-06
2026-02-17 00:00:00+00:00,-0.00856186,-0.00756129,-0.00795468,-0.00543112,-0.00520235,-0.00496717,-7.82464e-06,7.77711e-05,0.000182277
2026-02-18 00:00:00+00:00,-0.0255733,-0.0263536,-0.0170841,-0.0105829,-0.00899109,-0.00587373,5.67578e-05,0.000119397,-0.000109885
2026-02-19 00:00:00+00:00,-0.00220997,0.00200202,0.00110893,0.00109335,0.00186991,0.00296788,3.99962e-05,0.000170747,0.000260063
2026-02-20 00:00:00+00:00,-0.00721934,-0.0118032,-0.00325895,-0.00302958,-0.00231914,-0.00274304,-6.42644e-05,-0.000143735,-0.000328653
2026-02-21 00:00:00+00:00,0.00697288,0.00578703,0.00145554,0.000602692,0.000523688,1.15078e-05,6.08091e-05,0.000147537,0.000276857
2026-02-22 00:00:00+00:00,-0.00939489,-0.0074345,-0.00431868,-0.00154549,-0.00200606,-0.000714363,0.000172778,0.000323869,0.000525728
2026-02-23 00:00:00+00:00,-0.0114228,-0.0108156,-0.00718886,-0.00400496,-0.00611224,-0.00260624,-0.00040507,-0.000735256,-0.00115287
2026-02-24 00:00:00+00:00,0.00104225,0.00153243,0.00047128,0.00103363,0.00166704,0.000585236,-3.59672e-05,-0.000142457,-0.000162763
2026-02-25 00:00:00+00:00,-0.00465966,-0.00396085,-0.00272189,0.00103553,0.00554264,0.000140922,-0.000360676,-0.000321543,-0.00113119
2026-02-26 00:00:00+00:00,-0.00502296,-0.00434321,-0.00400518,-0.00322923,-0.00393356,-0.000842442,-0.000118263,-0.000214838,-0.000269854
2026-02-27 00:00:00+00:00,0.00113166,0.000138341,-0.000298558,0.00154688,0.00177866,1.99737e-05,2.17578e-05,2.26029e-05,-5.48681e-05
2026-02-28 00:00:00+00:00,-0.00730179,-0.00416973,-0.00202575,-0.000578688,-0.000348062,-6.41961e-05,-0.000114799,-0.000215891,-0.000350488
2026-03-01 00:00:00+00:00,-0.00127153,-0.00144336,-0.00114055,-0.000443946,-0.000637792,-1.97063e-06,-0.000103532,-0.000213913,-0.000301451
2026-03-02 00:00:00+00:00,-0.000194872,0.00086655,0.00125199,-0.00041351,-0.000709111,0,-4.16245e-05,-0.000312236,-0.000300781
2026-03-03 00:00:00+00:00,-0.00381927,-0.0036046,-0.00231097,0.000680235,0.00101129,0,0.000253319,0.000485492,0.000703384
2026-03-04 00:00:00+00:00,-0.000220609,5.69413e-05,-0.000343687,0.000704847,0.000181792,0,-5.20225e-05,-9.60066e-05,-4.54951e-05
2026-03-05 00:00:00+00:00,0.00481664,0.00307114,0.000911875,-0.00044443,-4.24495e-05,0,9.15561e-06,0.000134614,8.21055e-05
2026-03-06 00:00:00+00:00,0.000496897,0.000773274,0.00107683,6.36488e-05,-0.000286819,0,0.000102761,0.000139205,0.000199987
2026-03-07 00:00:00+00:00,0.00202549,0.000923595,0.000652204,-0.000266579,0.000130228,0,8.93681e-05,0.000224381,0.000243152
2026-03-08 00:00:00+00:00,0.000938768,0.000755544,0.000262199,-0.000147184,-0.000205567,0,1.89562e-05,3.57959e-05,0.000121938
2026-03-09 00:00:00+00:00,-0.00113195,-0.00287037,-0.00293762,-0.00123095,-0.00217593,0,-8.12313e-05,-0.000244224,-0.000240217
2026-03-10 00:00:00+00:00,-0.00120619,0.00144172,0.00143543,8.15188e-05,-0.00025931,0,-0.000120281,-5.81297e-05,-0.000138519
2026-03-11 00:00:00+00:00,0.00325529,0.00113194,2.69673e-05,-0.000822586,-0.000990628,0,0.000121122,1.61333e-05,1.43809e-06
2026-03-12 00:00:00+00:00,-0.00110249,-0.00143197,-0.000996094,-0.000185226,-0.000162516,0,6.26385e-06,3.83707e-05,-1.69078e-06
2026-03-13 00:00:00+00:00,-0.00561058,-0.00401053,-0.00128781,-0.000319939,-0.00036668,0,-2.17609e-05,-6.11504e-05,-0.000184231
2026-03-14 00:00:00+00:00,0.00126968,0.00106217,0.000425426,-7.68436e-06,0.00012466,0,8.88521e-06,-7.45342e-06,6.49979e-05
2026-03-15 00:00:00+00:00,-0.00209248,-0.00103584,-0.000284387,-0.000256652,-0.000252142,0,-8.73927e-05,-0.00014727,-0.000176443
2026-03-16 00:00:00+00:00,-0.0101873,-0.00693932,-0.00259106,0.00114841,0.00221441,0,9.12295e-07,-0.000119374,3.95562e-06
2026-03-17 00:00:00+00:00,-0.000833886,-0.00022683,-0.000311937,0.00015657,0.00103861,0,-0.000291429,-0.000457962,-0.000782661
2026-03-18 00:00:00+00:00,-0.00115368,-0.000535477,-0.000554995,-0.000270857,-0.000569574,0,0.000242015,0.000121644,0.000457819
2026-03-19 00:00:00+00:00,-0.00235706,-0.00195815,-0.00166137,0.000254176,0.000185893,0,7.84539e-05,0.000257191,0.000258273
2026-03-20 00:00:00+00:00,0.000492924,0.000993121,0.000416215,0.000291738,0.000192202,0,0.000168765,0.000321295,0.000469465
2026-03-21 00:00:00+00:00,-0.000868521,0.000483017,0.00114392,1.28873e-05,-0.000160909,0,5.63748e-05,-6.22779e-06,6.49651e-05
2026-03-22 00:00:00+00:00,-0.000637066,-0.000357697,3.00406e-05,0.000168914,7.75112e-05,0,8.57234e-05,0.000160377,0.000325144
2026-03-23 00:00:00+00:00,-0.000480564,-6.20885e-05,-6.37686e-05,0.00030881,2.94259e-05,0,8.67952e-05,0.000355883,0.000444335
2026-03-24 00:00:00+00:00,0.000938803,0.000590349,4.68185e-05,-7.82213e-05,-0.000175087,0,-5.72674e-05,-0.000279099,-0.000253194
2026-03-25 00:00:00+00:00,-0.00303673,-0.00156471,-0.000723498,-0.000569833,-0.000432975,0,-0.000121602,-0.000270048,-0.000515287
2026-03-26 00:00:00+00:00,-0.00170052,-0.00133039,-0.000668193,2.42734e-05,-0.000305293,0,0.000114536,0.000135177,0.000327939
2026-03-27 00:00:00+00:00,7.2065e-05,-2.50266e-05,0.000364413,0.000523753,0.000670264,0,0.000178241,0.000307794,0.000494835
2026-03-28 00:00:00+00:00,-0.000482712,-0.000368559,-0.000318608,0.00040584,0.000628295,0,5.62331e-05,2.07477e-05,1.41469e-05
2026-03-29 00:00:00+00:00,2.54692e-05,0.000405789,0.000434889,-0.000353501,-0.000678471,0,-7.52347e-05,-0.000117775,-0.000135005
2026-03-30 00:00:00+00:00,-0.000295333,0.000354184,0.000134797,-0.000346421,-0.000258129,0,-7.86764e-05,2.89654e-05,-1.49571e-05
2026-03-31 00:00:00+00:00,-0.000689756,-0.000123222,0.000177173,-0.000186681,-0.000346164,0,9.67416e-05,0.000135876,0.000433811
2026-04-01 00:00:00+00:00,-0.000577153,-0.000506157,0.000158835,-0.000700781,-0.00024028,0,-0.000186111,-0.000121259,-0.0003281
2026-04-02 00:00:00+00:00,-0.000844332,-0.000656051,-0.000150404,0.000402948,-1.73378e-05,0,0.00012498,0.000257844,0.000458864
2026-04-03 00:00:00+00:00,-0.00020904,-4.29138e-05,-3.43347e-05,0.000256782,0.000182295,0,3.71943e-05,7.68948e-05,1.97787e-05
2026-04-04 00:00:00+00:00,2.83849e-05,-5.86545e-06,0,9.4303e-05,0.000161248,0,-9.36113e-05,-0.000175831,-0.000156861
2026-04-05 00:00:00+00:00,0.000189216,-4.2666e-05,0,-0.000181428,-0.000164394,0,-5.44177e-06,-5.73075e-05,-0.00010957
2026-04-06 00:00:00+00:00,-0.000358732,-0.000453898,-1.8022e-05,-0.000284986,-7.22671e-05,0,-7.26186e-05,-0.000141636,-0.000103154
2026-04-07 00:00:00+00:00,0.00228714,0.00153623,0.000742586,-0.000607646,-0.00044962,0,-0.000156598,-0.000363656,-4.84516e-05
2026-04-08 00:00:00+00:00,0.000725275,0.000449023,0.000216281,0.00037013,0.000462009,0,1.79139e-05,-8.45703e-05,4.8819e-05
2026-04-09 00:00:00+00:00,0.00447364,0.00263417,0.000900166,0.000241343,0.00043095,0,-0.000189615,-0.00027321,-0.000130646
2026-04-10 00:00:00+00:00,0.00168244,0.00191031,0.00172174,-0.000233922,-0.000332661,0,5.36758e-05,-9.6282e-05,1.79271e-05
2026-04-11 00:00:00+00:00,0.00441084,0.00277102,0.00176212,-0.000369093,-0.000269283,0,7.07411e-05,7.41598e-05,4.93969e-05
2026-04-12 00:00:00+00:00,0.00235205,0.00179188,0.00178168,6.80064e-05,-0.000262071,0,2.46418e-05,2.71052e-05,0.000105687
2026-04-13 00:00:00+00:00,0.000973804,0.00195627,0.00258522,-0.000758991,-0.000838039,0,-0.000110046,-0.000201117,-0.000408539
2026-04-14 00:00:00+00:00,0.00690523,0.00584328,0.00458725,0.000176877,0.000281679,0,0.000145156,0.00015772,0.000275209
2026-04-15 00:00:00+00:00,0.00580883,0.00650389,0.00466663,-0.000266301,-0.000438656,0,-6.62776e-06,-7.34575e-05,-0.000151142
2026-04-16 00:00:00+00:00,-0.0110082,-0.00894878,-0.0058529,0.000361842,0.000229514,0,-0.000177755,-0.000253596,-0.00061513
2026-04-17 00:00:00+00:00,0.000287718,0.00219094,0.00379996,-0.000410748,-0.000275043,0,-0.000141018,-0.000343409,-0.000729752
2026-04-18 00:00:00+00:00,-0.00947586,-0.00803799,-0.00391649,7.75325e-05,0.00029042,0,3.30971e-05,0.000109897,0.000171784
2026-04-19 00:00:00+00:00,-0.00541273,-0.00534053,-0.00423941,0.000159991,9.57252e-05,0,0.000105431,0.000397898,0.000338222
2026-04-20 00:00:00+00:00,0.00689887,0.00730206,0.00451201,7.62718e-05,7.50789e-05,0,1.12965e-05,4.10908e-05,0.000120689
2026-04-21 00:00:00+00:00,-0.000120191,-0.00084095,-0.00300816,4.54299e-05,9.18382e-05,0,3.06205e-05,0.000115873,0.000179907
2026-04-22 00:00:00+00:00,-0.00394903,-0.00411761,-0.00368625,0.000300299,0.000387992,0,0.000119158,0.000170806,0.000273091
2026-04-23 00:00:00+00:00,0.00349895,0.00312759,0.00229853,0.000295427,0.000232509,0,-0.000107764,-0.000262655,-6.58345e-05
2026-04-24 00:00:00+00:00,-0.000950581,-0.000305601,-0.00139105,0.000114459,-0.000113474,0,-3.83405e-05,-6.90226e-05,2.86162e-05
2026-04-25 00:00:00+00:00,-0.000884704,-0.00119168,-0.00105809,4.17824e-05,8.95334e-05,0,-2.08784e-06,3.82836e-06,-2.23355e-05
2026-04-26 00:00:00+00:00,0.00342313,0.00296265,0.00215625,-0.00021307,-0.000318297,0,1.98573e-06,-6.42126e-05,-9.10454e-05
2026-04-27 00:00:00+00:00,0.000162425,0.000128736,0.00028757,0.000122585,-0.000167054,0,6.56137e-05,0.000131766,0.000237695
2026-04-28 00:00:00+00:00,0.00255519,0.00234083,0.000796589,1.07212e-05,-8.51344e-05,0,8.37433e-05,0.000234879,0.000124275
2026-04-29 00:00:00+00:00,0.00157982,0.00106483,-0.00028171,0.000459534,6.83534e-05,0,3.64083e-05,0.000120978,6.79599e-05
2026-04-30 00:00:00+00:00,0.00183947,0.00234214,0.00198452,0.000185197,-4.79711e-05,0,-8.99819e-05,-0.000184096,-6.79413e-05
2026-05-01 00:00:00+00:00,-0.00165055,-4.74851e-05,0.000790434,0.000342217,0.00034031,0,-2.47249e-05,-0.000176746,0.000119297
2026-05-02 00:00:00+00:00,-0.00630834,-0.00541583,-0.00357867,-0.000136945,-0.000141112,0,-2.28821e-05,-4.65874e-05,-5.9199e-05
2026-05-03 00:00:00+00:00,-0.000625393,-0.00106239,-0.000658245,7.43549e-05,5.81157e-05,0,-9.57954e-05,-0.000208658,-7.42953e-05
2026-05-04 00:00:00+00:00,0.00161219,0.00195053,0.00109404,-0.000181712,-0.000455645,0,-2.05452e-05,-4.66959e-05,8.19111e-05
2026-05-05 00:00:00+00:00,0.00502794,0.00510234,0.00287744,0.000163954,-0.000180342,0,-0.000447198,-0.00111052,-0.000641846
2026-05-06 00:00:00+00:00,-0.00474467,-0.00280194,-0.0016146,-0.00013795,-0.000114138,0,-0.000277962,-0.000728555,-0.000441722
2026-05-07 00:00:00+00:00,-0.00137718,-0.00109583,0.000192254,0.000272469,0.000469575,0,8.06516e-06,0.000132349,0.000267544
2026-05-08 00:00:00+00:00,-0.000716783,-0.00147928,-0.00150156,-0.000170828,-0.000442608,0,-0.000278246,-0.000505382,-0.000551408
2026-05-09 00:00:00+00:00,-0.000597197,-0.000214256,0.000178133,-0.000542918,-0.000840102,0,5.19684e-05,0.000104223,9.38101e-05
2026-05-10 00:00:00+00:00,0.0010434,0.000997395,0.000892153,-0.000570206,-0.000982963,0,-3.82931e-05,-0.000170643,-0.000242018
2026-05-11 00:00:00+00:00,0.000449363,0.000498009,0.000162425,0.000255121,0.000199959,0,0.000122725,7.04997e-05,9.75923e-05
2026-05-12 00:00:00+00:00,-0.000106582,0.00054718,0.000504952,6.47299e-05,-4.69125e-05,0,-7.084e-07,0.000247384,0.000325094
2026-05-13 00:00:00+00:00,-0.000498319,-0.000177042,0.000167886,-0.000152054,-0.00066014,0,0.000200315,0.000238917,0.000313543
2026-05-14 00:00:00+00:00,-0.00177517,-0.00088923,0.000206975,0.000203179,0.000605732,0,-0.00020638,-0.000500308,-0.000546841
2026-05-15 00:00:00+00:00,-0.000551516,8.41001e-05,0.00106546,5.70733e-05,-0.000167611,0,0.000227107,0.000211999,0.00028459
2026-05-16 00:00:00+00:00,-0.000217881,0.00041744,0.000359884,1.62808e-05,0.000372169,0,3.83976e-05,0.000244359,0.000243368
2026-05-17 00:00:00+00:00,0.000326623,0.000188075,2.78731e-05,0.000178024,0.000313871,0,-6.97455e-05,-0.000158393,-0.000141748
2026-05-18 00:00:00+00:00,0.000259167,0.00116447,0.000570718,-0.000168932,0.000153365,0,-7.76628e-05,-6.42292e-05,-6.90926e-05
2026-05-19 00:00:00+00:00,-5.95323e-05,0.000390706,0.000273836,-3.80695e-05,-5.88995e-05,0,5.61658e-06,5.77304e-05,0.000109576
2026-05-20 00:00:00+00:00,-0.000227464,-3.15155e-05,1.33181e-06,0.000100305,0.000222808,0,-0.000242173,-0.000367836,-0.000322824
2026-05-21 00:00:00+00:00,2.28903e-05,0,0,3.22731e-05,-0.000287403,0,2.61079e-05,-0.000368921,-0.000276979
2026-05-22 00:00:00+00:00,0,0,0,-4.63633e-05,-0.000162632,0,3.09689e-05,0.000127158,0.000156954
2026-05-23 00:00:00+00:00,-2.98906e-06,1.32284e-06,0,9.273e-06,0.000319952,0,-3.94588e-05,-2.74885e-05,-0.000111186
2026-05-24 00:00:00+00:00,-0.000141864,-8.40602e-06,3.52774e-05,0.000150509,0.00022015,0,3.55095e-05,5.72604e-05,0.000139455
2026-05-25 00:00:00+00:00,-0.000762195,-0.000297034,-0.000127338,-0.000135466,-0.000157312,0,-2.59407e-05,-4.91191e-05,-7.53333e-05
2026-05-26 00:00:00+00:00,-2.10622e-05,1.5263e-06,-3.19002e-06,-6.48928e-05,-0.000319353,0,2.32597e-05,6.11129e-05,8.74575e-05
2026-05-27 00:00:00+00:00,0,0,0,0.000206882,0.000176541,0,5.41325e-05,0.000135197,0.000142403
2026-05-28 00:00:00+00:00,0,0,0,0.000157659,0.000414616,0,2.33503e-05,0.000115473,8.53498e-05
2026-05-29 00:00:00+00:00,0,0,0,3.46373e-06,-0.000124447,0,3.95593e-05,3.02431e-05,0.000111203
2026-05-30 00:00:00+00:00,3.70369e-05,-1.02763e-06,0,-0.000109043,-0.000756377,0,-8.34351e-05,-0.000393849,-0.000311372
2026-05-31 00:00:00+00:00,0.000124143,0.000281024,9.29605e-05,0.000141981,0.000367377,0,2.16345e-05,8.06393e-05,7.68576e-05
2026-06-01 00:00:00+00:00,-0.00110905,-0.000385392,5.65031e-06,-0.000206736,-0.000506749,0,5.2144e-05,0.000163015,0.000151171
2026-06-02 00:00:00+00:00,9.11778e-07,3.7748e-06,-2.16366e-06,-0.00027713,0.000186789,0,-5.18878e-05,-0.000127097,-6.93835e-05
2026-06-03 00:00:00+00:00,0,0,0,-0.000380411,-0.000478642,0,-4.20199e-05,-0.000126059,1.38663e-05
2026-06-04 00:00:00+00:00,0,0,0,-8.90023e-05,-0.000834693,0,0.000314254,0.000507192,0.000541713
2026-06-05 00:00:00+00:00,0,0,0,2.3564e-05,4.79497e-05,0,0.000290579,0.000247457,0.000453032
2026-06-06 00:00:00+00:00,0,0,0,-2.27722e-05,-0.000368059,0,4.60556e-05,-4.06996e-06,3.49972e-05
2026-06-07 00:00:00+00:00,0,0,0,-0.000300188,-0.000182644,0,-0.000126724,-0.000193075,-0.000229744
2026-06-08 00:00:00+00:00,0,0,0,4.48686e-05,0.00024207,0,-3.72997e-06,-4.4011e-05,-7.63252e-05
2026-06-09 00:00:00+00:00,0,0,0,3.17735e-05,-6.26837e-05,0,0.000121563,0.000102492,0.000177357
2026-06-10 00:00:00+00:00,0,0,0,4.65353e-05,-4.77751e-05,0,0.000160129,8.19609e-05,0.000171795
2026-06-11 00:00:00+00:00,0,0,0,-5.58275e-05,-7.86028e-05,0,-0.000220374,-0.000197826,-0.000309562
2026-06-12 00:00:00+00:00,0,0,0,-2.41938e-05,-9.34292e-05,0,2.90921e-05,6.50562e-07,3.41171e-05
2026-06-13 00:00:00+00:00,0,0,0,-2.94752e-06,-4.63132e-05,0,-9.28236e-05,-4.85843e-05,-8.35861e-05
2026-06-14 00:00:00+00:00,0,0,0,-2.538e-05,0.000150844,0,-0.000133477,-0.000166046,-0.000284483
2026-06-15 00:00:00+00:00,0,0,0,-1.21795e-05,0.000412584,0,2.72636e-05,7.48331e-05,9.05153e-05
2026-06-16 00:00:00+00:00,0,0,0,-9.32719e-05,-0.000170158,0,6.49816e-05,0.000159001,0.000181968
2026-06-17 00:00:00+00:00,0,0,0,-6.82069e-05,-0.00015181,0,-3.23151e-05,-5.12156e-05,-1.15921e-05
2026-06-18 00:00:00+00:00,0,0,0,-0.000173176,5.39189e-05,0,4.27504e-05,-8.48898e-05,5.33713e-06
2026-06-19 00:00:00+00:00,0,0,0,0.000113178,0.000139882,0,0.000105386,-0.000110898,4.1646e-05
2026-06-20 00:00:00+00:00,0,0,0,-4.50688e-05,-3.51538e-05,0,-3.44676e-05,0.000113399,1.90744e-05
2026-06-21 00:00:00+00:00,0,0,0,6.95045e-05,-7.6707e-05,0,0.000108252,8.70001e-05,0.000166014
2026-06-22 00:00:00+00:00,0,0,0,-0.000147737,-0.000179119,0,-7.3617e-05,-3.7961e-05,-8.01985e-05
2026-06-23 00:00:00+00:00,0,0,0,0.000144634,0.000260595,0,0.000143004,0.000334362,0.00033138
2026-06-24 00:00:00+00:00,0,0,0,4.42434e-05,0.000121188,0,7.02497e-05,0.000117206,0.000111938
2026-06-25 00:00:00+00:00,0,0,0,0.000100633,7.63833e-05,0,8.10945e-05,-1.09847e-06,8.22081e-05
2026-06-26 00:00:00+00:00,0,0,0,-3.31558e-05,-0.000104787,0,-2.41064e-05,0.000126995,9.59944e-06
2026-06-27 00:00:00+00:00,0,0,0,4.23499e-05,0.000106839,0,7.12031e-05,2.24674e-05,9.33284e-05
2026-06-28 00:00:00+00:00,0,0,0,-3.74817e-05,9.71935e-06,0,2.06638e-05,5.78603e-05,4.72209e-05
2026-06-29 00:00:00+00:00,0,0,0,-0.000140539,-9.56964e-05,0,-5.35589e-05,2.67046e-05,-4.66879e-05
2026-06-30 00:00:00+00:00,0,0,0,0.000148629,0.000137462,0,0.000105457,8.76135e-05,9.73121e-05
2026-07-01 00:00:00+00:00,0,0,0,-0.000107581,-2.67548e-05,0,-0.000102173,-8.95171e-05,-0.000200713
2026-07-02 00:00:00+00:00,0,0,0,-0.000311131,-0.000253659,0,-0.000160941,-0.000148772,-0.000245917
2026-07-03 00:00:00+00:00,0,0,0,-7.43794e-05,-0.000182034,0,-0.000243348,-0.000293392,-0.000527519
2026-07-04 00:00:00+00:00,0,0,0,4.25245e-05,0.000190794,0,-0.000123913,-0.000162679,-0.000318276
2026-07-05 00:00:00+00:00,0,0,0,-5.111e-05,-0.000121968,0,-4.83376e-06,-7.21986e-05,8.43069e-06
2026-07-06 00:00:00+00:00,0,0,0,-3.83828e-05,-5.93415e-05,0,8.83771e-05,0.000130259,0.000188445
2026-07-07 00:00:00+00:00,0,0,0,7.98789e-05,0.000206707,0,0.000142989,9.40406e-05,0.000241688
2026-07-08 00:00:00+00:00,0,0,0,6.66182e-05,2.57413e-05,0,0.000106743,6.3124e-05,0.000155114
2026-07-09 00:00:00+00:00,0,0,0,-4.69402e-06,8.15546e-05,0,-1.89275e-05,8.08545e-05,7.30791e-05
2026-07-10 00:00:00+00:00,0,0,0,-0.000240108,-0.000319504,0,-6.70123e-05,-6.07999e-05,-5.55889e-05
2026-07-11 00:00:00+00:00,0,0,0,3.62434e-05,0.00011881,0,2.39355e-05,-6.49348e-05,-1.93166e-05
2026-07-12 00:00:00+00:00,0,0,0,-0.00012685,-0.000130571,0,3.85707e-05,-1.38905e-05,6.53055e-05
2026-07-13 00:00:00+00:00,0,0,0,7.81229e-06,-0.000126319,0,7.15117e-05,0.00013251,0.000140105
2026-07-14 00:00:00+00:00,0,0,0,-0.00031006,-0.000112431,0,-0.000175908,-0.00012453,-0.000230237
2026-07-15 00:00:00+00:00,0,0,0,-0.000155364,-5.21786e-05,0,3.51978e-06,1.223e-07,1.32685e-05
2026-07-16 00:00:00+00:00,0,0,0,8.13377e-05,-2.68477e-05,0,7.27659e-05,2.43058e-05,0.000100604
2026-07-17 00:00:00+00:00,0,0,0,0.000158318,0.000254061,0,-5.26859e-05,-2.18392e-05,-0.000113877
2026-07-18 00:00:00+00:00,0,0,0,-4.14449e-05,9.0839e-06,0,8.58291e-06,-9.97308e-06,2.40287e-05
2026-07-19 00:00:00+00:00,0,0,0,-5.28417e-05,-0.000108681,0,1.50575e-05,-3.73951e-05,-3.99937e-06
2026-07-20 00:00:00+00:00,0,0,0,-0.000199471,-0.000142819,0,-8.19441e-05,-4.04483e-05,-9.91256e-05
2026-07-21 00:00:00+00:00,0,0,0,5.78766e-06,0.000111531,0,-8.92125e-05,-0.000114572,-0.000144324
2026-07-22 00:00:00+00:00,0,0,0,-6.82985e-05,-0.000100662,0,-4.16202e-05,1.36063e-07,-5.73263e-05
2026-07-23 00:00:00+00:00,0,0,0,2.9011e-05,0.000104685,0,8.73686e-05,-6.14753e-05,9.19186e-05
2026-07-24 00:00:00+00:00,0,0,0,0.000101532,4.28085e-06,0,7.19961e-05,0.000120694,0.000131361
2026-07-25 00:00:00+00:00,0,0,0,3.21373e-05,-9.37071e-05,0,6.51761e-07,0.000220156,0.000104825
2026-07-26 00:00:00+00:00,0,0,0,-0.000364025,-0.000390176,0,-8.50952e-05,-0.000133356,-0.000101954
2026-07-27 00:00:00+00:00,0,0,0,0.000249294,0.000121575,0,0.000226803,0.000133385,0.000281381
2026-07-28 00:00:00+00:00,0,0,0,-0.000136111,-0.000240666,0,-8.7988e-05,-4.13083e-05,-0.000171983
2026-07-29 00:00:00+00:00,0,0,0,0.000157875,0.000238278,0,6.28782e-05,-1.32919e-05,2.64514e-05
2026-07-30 00:00:00+00:00,0,0,0,-7.99294e-05,-0.000134079,0,-0.000130203,-0.000236717,-0.00027205
2026-07-31 00:00:00+00:00,0,0,0,0.000148964,2.94471e-05,0,5.31254e-05,4.39724e-05,1.58362e-05
2026-08-01 00:00:00+00:00,0,0,0,0.000126556,0.00021702,0,0.000346978,-0.000116253,-0.000168213
2026-08-02 00:00:00+00:00,0,0,0,-0.000234904,-0.000154545,0,-0.000389759,-0.000222871,-0.000466716
2026-08-03 00:00:00+00:00,0,0,0,6.46044e-05,-2.15219e-05,0,-0.000279239,-7.65052e-05,-0.000159764
2026-08-04 00:00:00+00:00,0,0,0,3.1729e-05,6.67777e-05,0,-0.000144401,6.19828e-05,5.09073e-05
2026-08-05 00:00:00+00:00,0,0,0,-0.000115182,-0.00019854,0,0.000360258,1.74789e-05,2.87998e-05
2026-08-06 00:00:00+00:00,0,0,0,-0.000111194,-0.000160171,0,-0.000133353,-0.000255859,-0.000329915
2026-08-07 00:00:00+00:00,0,0,0,-3.82273e-06,-9.52645e-05,0,4.72791e-05,1.98391e-05,3.64524e-05
2026-08-08 00:00:00+00:00,0,0,0,-2.68323e-05,-4.61141e-05,0,8.60849e-05,7.63786e-06,5.07548e-05
2026-08-09 00:00:00+00:00,0,0,0,6.75726e-05,1.67965e-05,0,0.000174698,8.74044e-05,0.000160617
2026-08-10 00:00:00+00:00,0,0,0,-6.33662e-05,-0.000176653,0,1.00169e-05,3.83768e-05,0.000104274
2026-08-11 00:00:00+00:00,0,0,0,-0.000273912,-0.000420096,0,8.55527e-05,-0.000143204,3.31706e-05
2026-08-12 00:00:00+00:00,0,0,0,2.18753e-05,0.000300473,0,-0.000111699,0.000138068,0.000172684
2026-08-13 00:00:00+00:00,0,0,0,-0.000108382,-9.67618e-05,0,0.000135645,6.23424e-05,7.19969e-05
2026-08-14 00:00:00+00:00,0,0,0,-9.16466e-05,5.08623e-05,0,3.86054e-05,5.93281e-05,9.02163e-05
2026-08-15 00:00:00+00:00,0,0,0,-0.000258864,-4.21884e-05,0,7.33621e-05,-5.88428e-05,0.000125416
2026-08-16 00:00:00+00:00,0,0,0,8.80782e-05,0.000115232,0,0.000166776,6.72667e-05,6.96813e-05
2026-08-17 00:00:00+00:00,0,0,0,-8.40979e-05,8.16677e-06,0,-0.000138792,-5.05293e-06,4.04146e-05
2026-08-18 00:00:00+00:00,0,0,0,4.07427e-05,9.46927e-05,0,3.18405e-05,-1.06009e-06,-5.44524e-06
2026-08-19 00:00:00+00:00,0,0,0,-0.00121126,-0.00141569,0,-0.000410293,-0.000194614,-0.0004486
2026-08-20 00:00:00+00:00,0,0,0,-0.000213702,-0.000481154,0,-0.000237816,-0.000282776,-0.000525825
2026-08-21 00:00:00+00:00,0,0,0,-0.000532332,-0.000541027,0,-0.000416821,-0.00065574,-0.000969289
2026-08-22 00:00:00+00:00,0,0,0,0.000328996,0.000209815,0,-0.000436649,-0.000328407,-0.000248559
2026-08-23 00:00:00+00:00,0,0,0,2.70411e-05,5.83802e-06,0,0.000177974,-3.28715e-06,-8.44805e-05
2026-08-24 00:00:00+00:00,0,0,0,-2.54995e-05,2.8808e-05,0,5.44442e-05,0.000134092,0.000284798
2026-08-25 00:00:00+00:00,0,0,0,6.01408e-06,1.54922e-05,0,0.000129452,0.000242695,0.000423519
2026-08-26 00:00:00+00:00,0,0,0,-6.0306e-05,-2.95718e-06,0,1.54437e-05,-0.000110652,-0.000153289
2026-08-27 00:00:00+00:00,0,0,0,-1.68074e-05,-3.72336e-06,0,-0.000116288,-0.000270437,-0.000279301
2026-08-28 00:00:00+00:00,0,0,0,6.28231e-05,4.74777e-06,0,-2.17352e-05,0.000246023,0.000324915
2026-08-29 00:00:00+00:00,0,0,0,3.04689e-05,1.85149e-06,0,0.000155198,5.73548e-05,8.16793e-05
2026-08-30 00:00:00+00:00,0,0,0,8.11555e-05,-4.97459e-07,0,0.000419195,0.000202412,0.000352406
2026-08-31 00:00:00+00:00,0,0,0,-8.85299e-05,0,0,-3.10417e-05,-9.13362e-05,-0.000165174
