,return,equity,gross,net,beta_exposure,turnover,fees,spread,impact,funding,gross_pnl,pnl_long,pnl_short,n_positions,stops,ic_est
2023-07-31 00:00:00+00:00,0,1,0,0,0,0,0,0,0,0,0,0,0,0,0,0.00117949
2023-08-01 00:00:00+00:00,0,1,0,0,0,0,0,0,0,0,0,0,0,0,0,0.000547461
2023-08-02 00:00:00+00:00,0,1,0,0,0,0,0,0,0,0,0,0,0,0,0,0
2023-08-03 00:00:00+00:00,0,1,0,0,0,0,0,0,0,0,0,0,0,0,0,0.000885198
2023-08-04 00:00:00+00:00,0.000261183,1.00026,0.00701207,0.00265996,0.00232341,0.0185154,5.92495e-06,7.40618e-07,8.81295e-07,8.33829e-05,0.000185348,0.000283278,-9.79304e-05,2.4375,0,0.00722332
2023-08-05 00:00:00+00:00,-0.000312885,0.999948,0.028123,0.00143188,-0.00108803,0.0109962,3.51869e-06,4.39836e-07,3.76296e-07,8.21407e-05,-0.000390532,-0.000455125,6.45925e-05,4.72917,0,0.00794466
2023-08-06 00:00:00+00:00,0.000289851,1.00024,0.0295201,0.00223411,0.000705908,0,0,0,0,6.46129e-05,0.000225354,3.8089e-05,0.000187265,5,0,0.00114588
2023-08-07 00:00:00+00:00,0.000697727,1.00094,0.0288886,0.00259674,0.00188484,0,0,0,0,3.3191e-05,0.000664711,9.81366e-05,0.000566574,5,0,0.00376111
2023-08-08 00:00:00+00:00,-0.00062726,1.00031,0.0285477,0.00253353,0.000768086,0,0,0,0,2.26924e-05,-0.000650082,-0.000256829,-0.000393253,5,0,0.00674056
2023-08-09 00:00:00+00:00,-0.000175984,1.00013,0.0286531,0.00218417,-0.000299656,0,0,0,0,2.40672e-05,-0.000199978,-0.000245102,4.51237e-05,5,0,0.00228088
2023-08-10 00:00:00+00:00,-2.28341e-05,1.00011,0.0284099,0.0019285,-0.00103344,0,0,0,0,1.31198e-05,-3.58948e-05,-0.00014024,0.000104346,5,0,0
2023-08-11 00:00:00+00:00,0.00091635,1.00103,0.0289515,0.00265119,-0.000939534,0,0,0,0,5.92336e-05,0.000856838,0.000892392,-3.55536e-05,5,0,0
2023-08-12 00:00:00+00:00,-0.000415985,1.00061,0.0288911,0.00259647,-0.00195259,0,0,0,0,1.90037e-05,-0.00043501,-0.00047296,3.79501e-05,5,0,0
2023-08-13 00:00:00+00:00,0.000147587,1.00076,0.0285733,0.00261512,-0.00109457,0,0,0,0,8.28034e-06,0.00013932,-0.000116493,0.000255813,5,0,0
2023-08-14 00:00:00+00:00,-0.000431086,1.00033,0.0259751,-0.000153604,-0.00431722,0.00252692,8.08583e-07,6.76597e-07,1.36192e-07,3.00667e-06,-0.00043252,-6.77475e-05,-0.000364773,4,0,0
2023-08-15 00:00:00+00:00,0.000668901,1.00099,0.0256389,-0.000151753,-0.00349856,0,0,0,0,6.63872e-06,0.00066214,-0.000529414,0.00119155,4,0,0
2023-08-16 00:00:00+00:00,-9.15553e-05,1.0009,0.0232774,3.36338e-05,-0.00221455,0,0,0,0,2.0726e-06,-9.34713e-05,-0.00104808,0.000954606,4,0,0
2023-08-17 00:00:00+00:00,0.000112834,1.00102,0.0207081,-0.000363831,-0.00295644,0.0105612,4.73705e-06,3.62903e-06,1.34719e-06,-1.08311e-07,0.000122882,-0.00153099,0.00165387,3.79167,2,0
2023-08-18 00:00:00+00:00,-0.000330693,1.00068,0.00900166,-0.00437091,-0.00702758,0,0,0,0,-1.36683e-06,-0.000329345,2.76192e-05,-0.000356964,2,0,0
2023-08-19 00:00:00+00:00,-6.39732e-05,1.00062,0.00909705,-0.00442071,-0.00695404,0,0,0,0,-1.05909e-06,-6.28901e-05,3.31551e-05,-9.60452e-05,2,0,0
2023-08-20 00:00:00+00:00,7.09643e-05,1.00069,0.00914743,-0.00441997,-0.00690428,0,0,0,0,-2.53793e-06,7.35084e-05,1.10516e-05,6.24568e-05,2,0,0
2023-08-21 00:00:00+00:00,0.00010121,1.00079,0.00667166,-0.00667166,-0.00912574,0.00235399,7.53287e-07,9.41609e-08,1.84349e-07,3.33917e-07,0.000101941,-1.65776e-05,0.000118519,1,0,0
2023-08-22 00:00:00+00:00,-0.000112797,1.00068,0.00680263,-0.00680263,-0.00904119,0,0,0,0,-5.53176e-06,-0.000107163,0,-0.000107163,1,0,0
2023-08-23 00:00:00+00:00,-0.000132717,1.00055,0.00680975,-0.00680975,-0.0088734,0,0,0,0,-1.4216e-06,-0.000131276,0,-0.000131276,1,0,0
2023-08-24 00:00:00+00:00,-5.44726e-05,1.00049,0.00695578,-0.00695578,-0.00888993,0,0,0,0,-2.66722e-08,-5.44174e-05,0,-5.44174e-05,1,0,0
2023-08-25 00:00:00+00:00,0.000114551,1.00061,0.00678167,-0.00678167,-0.00808426,0,0,0,0,8.46607e-07,0.000113724,0,0.000113724,1,0,0
2023-08-26 00:00:00+00:00,9.94241e-05,1.00071,0.0067914,-0.0067914,-0.00772834,0,0,0,0,1.74573e-06,9.76835e-05,0,9.76835e-05,1,0,7.70211e-05
2023-08-27 00:00:00+00:00,-1.7646e-05,1.00069,0.00673783,-0.00673783,-0.00759202,0,0,0,0,-3.17551e-08,-1.7605e-05,0,-1.7605e-05,1,0,0
2023-08-28 00:00:00+00:00,3.38193e-05,1.00072,0.00667728,-0.00667728,-0.00753662,0,0,0,0,1.79544e-06,3.20414e-05,0,3.20414e-05,1,0,0
2023-08-29 00:00:00+00:00,-0.000287893,1.00044,0.00676832,-0.00676832,-0.00738474,0,0,0,0,3.09422e-07,-0.000288169,0,-0.000288169,1,0,0
2023-08-30 00:00:00+00:00,0.000155812,1.00059,0.00688929,-0.00688929,-0.00745352,0,0,0,0,2.06336e-06,0.000153752,0,0.000153752,1,0,0.000895725
2023-08-31 00:00:00+00:00,0.00027556,1.00087,0.00675397,-0.00675397,-0.00728146,0,0,0,0,1.73299e-06,0.000273818,0,0.000273818,1,0,0.00152139
2023-09-01 00:00:00+00:00,0.00017014,1.00104,0.00648446,-0.00648446,-0.00694721,0,0,0,0,-1.15596e-06,0.000171298,0,0.000171298,1,0,0.00144841
2023-09-02 00:00:00+00:00,-5.76336e-05,1.00098,0.00648664,-0.00648664,-0.00696134,0,0,0,0,-1.17328e-08,-5.76084e-05,0,-5.76084e-05,1,0,0.00400038
2023-09-03 00:00:00+00:00,3.96289e-05,1.00102,0.00645988,-0.00645988,-0.00685902,0,0,0,0,1.21148e-06,3.8426e-05,0,3.8426e-05,1,0,0.000334918
2023-09-04 00:00:00+00:00,1.17959e-06,1.00102,0.0064495,-0.0064495,-0.0068829,0,0,0,0,1.17866e-06,1.79391e-08,0,1.79391e-08,1,0,0
2023-09-05 00:00:00+00:00,2.43318e-05,1.00104,0.00640929,-0.00640929,-0.00667383,0,0,0,0,1.92298e-06,2.24146e-05,0,2.24146e-05,1,0,0
2023-09-06 00:00:00+00:00,-3.71365e-05,1.00101,0.00640606,-0.00640606,-0.00625882,0,0,0,0,1.27752e-06,-3.84019e-05,0,-3.84019e-05,1,0,1.28879e-06
2023-09-07 00:00:00+00:00,2.40179e-05,1.00103,0.00636813,-0.00636813,-0.00609834,0,0,0,0,1.60828e-06,2.24178e-05,0,2.24178e-05,1,0,0.000278092
2023-09-08 00:00:00+00:00,8.32235e-05,1.00111,0.00635151,-0.00635151,-0.00600183,0,0,0,0,-1.0185e-08,8.32379e-05,0,8.32379e-05,1,0,0.00143014
2023-09-09 00:00:00+00:00,6.56541e-05,1.00118,0.00633721,-0.00633721,-0.00579959,0,0,0,0,1.63447e-06,6.40219e-05,0,6.40219e-05,1,0,0.00154249
2023-09-10 00:00:00+00:00,0.000765292,1.00195,0.00825136,-0.00504354,-0.00582933,0.00610196,1.95265e-06,2.44082e-07,2.98625e-07,0.000132637,0.00063494,0.000272134,0.000362806,1.83333,0,0.00368931
2023-09-11 00:00:00+00:00,1.11578e-05,1.00196,0.00616376,0.00207915,0.00295697,0.00589875,1.88726e-06,1.60773e-06,6.78716e-07,0.000115845,-0.000100411,-0.000179676,7.92649e-05,2,0,0.00446446
2023-09-12 00:00:00+00:00,0.00122776,1.00319,0.00814313,0.00229819,0.00256074,0.00561765,1.79767e-06,2.24709e-07,3.02206e-07,0.000320282,0.00090914,0.000904522,4.61764e-06,2.29167,0,0.00668063
2023-09-13 00:00:00+00:00,0.00162194,1.00482,0.029637,0.00414844,0.00209392,0.0304688,9.74986e-06,1.21873e-06,1.37033e-06,0.000842763,0.00079179,0.00122868,-0.000436886,4.47917,0,0.0115006
2023-09-14 00:00:00+00:00,0.00404383,1.00888,0.0480522,0.00458493,0.00200721,0.0132142,4.22918e-06,1.32943e-06,1.14976e-06,0.000924081,0.00312075,0.00221587,0.000904877,6.75,0,0.0127464
2023-09-15 00:00:00+00:00,0.00346033,1.01237,0.0637864,-0.000171392,-0.00269909,0.0549536,1.75861e-05,2.41273e-06,2.06196e-06,0.000775381,0.00270235,0.00332457,-0.00062222,8.75,0,0.0173251
2023-09-16 00:00:00+00:00,0.000483449,1.01286,0.123852,-0.0153863,-0.012995,0.064268,2.05658e-05,4.76138e-06,3.13842e-06,0.000725043,-0.000211592,-0.00215485,0.00194326,12.4583,0,0.0203887
2023-09-17 00:00:00+00:00,-0.00429973,1.0085,0.17203,-0.0169598,-0.00986957,0.0753237,2.40969e-05,5.79744e-06,4.99382e-06,0.000668941,-0.0049382,-0.00527383,0.000335629,15.2292,0,0.0207309
2023-09-18 00:00:00+00:00,0.00194223,1.01046,0.209068,-0.0117516,-0.00261119,0.0820863,2.62686e-05,1.33845e-05,4.74738e-06,0.000465839,0.00152451,0.00405283,-0.00252832,16.375,0,0.0206423
2023-09-19 00:00:00+00:00,0.000568412,1.01104,0.22369,0.000337671,0.000149777,0.0514969,1.64788e-05,9.67264e-06,4.14299e-06,0.000282962,0.000318518,0.00546974,-0.00515122,18.2708,0,0.0220573
2023-09-20 00:00:00+00:00,-0.00427618,1.00671,0.251098,0.0101252,0.00913228,0.0715699,2.29019e-05,9.47537e-06,2.86941e-06,1.12799e-05,-0.00425667,-0.0050836,0.000826931,20.75,0,0.0234309
2023-09-21 00:00:00+00:00,-0.000210135,1.0065,0.317487,0.00564663,0.00420437,0.134322,4.29786e-05,8.36806e-06,8.74916e-06,6.61275e-05,-0.000213325,-0.00502691,0.00481358,25.9375,0,0.0226417
2023-09-22 00:00:00+00:00,-0.00161899,1.00487,0.342141,0.00488473,0.00424779,0.153548,5.65627e-05,1.49667e-05,2.4193e-05,0.000100113,-0.0016163,0.00631748,-0.00793378,28.125,1,0.020951
2023-09-23 00:00:00+00:00,-0.00697263,0.997866,0.360447,0.00738273,0.0144156,0.0231496,7.40601e-06,9.25752e-07,2.11518e-06,0.000167642,-0.0071473,-0.00861848,0.00147119,29,0,0.0169225
2023-09-24 00:00:00+00:00,0.000409004,0.998274,0.359011,0.0137747,0.00927441,0.0759528,2.43061e-05,3.20012e-06,3.63448e-06,0.000100295,0.000341943,-0.00301883,0.00336078,29.2917,0,0.0161958
2023-09-25 00:00:00+00:00,0.00141214,0.999684,0.394771,0.0329254,0.0154839,0.0981156,3.14006e-05,1.0099e-05,6.4545e-06,0.000102378,0.00135885,0.00506894,-0.00371009,31.875,0,0.0177823
2023-09-26 00:00:00+00:00,0.000949112,1.00063,0.409032,0.0406936,0.0190275,0.022152,8.83648e-06,1.46851e-06,1.23996e-06,0.000105538,0.000857107,0.000275634,0.000581473,31.9583,1,0.0169335
2023-09-27 00:00:00+00:00,-0.000806279,0.999826,0.394104,0.0425895,0.0322614,0.0144738,4.63024e-06,1.22263e-06,9.9598e-07,4.85129e-05,-0.000842708,-0.0001089,-0.000733808,31,0,0.0160632
2023-09-28 00:00:00+00:00,-0.00224993,0.997576,0.373231,0.0376466,0.0300644,0.0565692,2.18327e-05,7.26646e-06,3.78654e-06,8.19723e-05,-0.00229626,0.00401271,-0.00630897,31.2292,1,0.0147487
2023-09-29 00:00:00+00:00,-0.00755467,0.99004,0.328713,0.050556,0.0373734,0.1387,5.53955e-05,1.01884e-05,1.33045e-05,2.95925e-05,-0.00752751,-8.49906e-05,-0.00744252,34.6875,1,0.0101533
2023-09-30 00:00:00+00:00,0.000724029,0.990757,0.323122,0.03894,0.0299294,0.0554503,2.04927e-05,4.16024e-06,3.49492e-06,0.000270748,0.000483484,0.00200514,-0.00152165,35.6042,1,0.0107549
2023-10-01 00:00:00+00:00,-0.000537429,0.990224,0.317245,0.0393271,0.036448,0.128371,4.97753e-05,1.17539e-05,1.08319e-05,0.000493483,-0.000954932,0.0071733,-0.00812823,35.5,3,0.0130614
2023-10-02 00:00:00+00:00,0.00310951,0.993303,0.309077,0.0244071,0.00468243,0.113912,3.78731e-05,1.16112e-05,1.25841e-05,4.73395e-05,0.00312281,-0.00519265,0.00831546,33.3125,1,0.0139893
2023-10-03 00:00:00+00:00,-0.00384817,0.989481,0.281665,0.00852472,0.00209635,0.0989253,3.16621e-05,9.98339e-06,5.40171e-06,9.17713e-06,-0.00381141,-0.0081107,0.00429929,35.6667,0,0.0154913
2023-10-04 00:00:00+00:00,-0.00540905,0.984129,0.296565,0.0061738,0.00245033,0.0307857,9.84896e-06,1.23112e-06,1.84245e-06,2.91615e-05,-0.00543777,-0.00570719,0.000269426,37.75,0,0.0118581
2023-10-05 00:00:00+00:00,0.00186685,0.985966,0.29555,0.00208952,-0.00585456,0.0127975,4.09584e-06,5.1198e-07,8.26956e-07,1.31671e-05,0.00185907,-0.00108349,0.00294257,38,0,0.00881898
2023-10-06 00:00:00+00:00,-0.00389592,0.982125,0.290314,0.00106869,-0.0141967,0.00920535,2.94569e-06,3.89303e-07,3.55946e-07,1.20241e-05,-0.00391074,0.00106883,-0.00497957,38.8542,0,0.00942331
2023-10-07 00:00:00+00:00,0.000269391,0.982389,0.286119,0.00435429,-0.0123456,0.00313379,1.56675e-06,3.13349e-07,1.31252e-07,2.64962e-05,0.000245862,-0.00109096,0.00133682,38,1,0.00967676
2023-10-08 00:00:00+00:00,0.000744126,0.98312,0.280031,0.00217184,-0.0142511,0.00501634,1.60537e-06,2.00672e-07,2.35765e-07,1.77659e-05,0.000728667,-0.000604986,0.00133365,38,0,0.0101367
2023-10-09 00:00:00+00:00,0.00104213,0.984145,0.244934,0.00332961,-0.0152412,0.133717,5.08588e-05,1.43602e-05,1.9447e-05,-5.12147e-07,0.00112826,-0.00465469,0.00578295,34.7292,2,0.0109964
2023-10-10 00:00:00+00:00,-0.00227454,0.981906,0.244753,-0.00146256,-0.0189997,0.0204681,6.54877e-06,8.18596e-07,1.27386e-06,0.000125683,-0.00239308,-0.0030394,0.000646313,36,0,0.0123149
2023-10-11 00:00:00+00:00,-0.00285523,0.979103,0.239623,-0.00261355,-0.0194856,0.00686968,2.19854e-06,2.74817e-07,4.65038e-07,3.22396e-05,-0.00288689,-0.00213682,-0.000750065,35.3958,0,0.0077688
2023-10-12 00:00:00+00:00,0.0013861,0.98046,0.230067,-0.00240031,-0.0162622,0.00663592,2.12356e-06,2.65445e-07,5.11025e-07,3.21869e-06,0.00138577,-0.00136022,0.00274598,35,0,0.0056475
2023-10-13 00:00:00+00:00,3.64646e-05,0.980496,0.226279,0.000868361,-0.0122122,0.00201863,6.45971e-07,8.07463e-08,5.43698e-08,-4.10082e-06,4.17244e-05,0.00119293,-0.00115121,35,0,0.00411588
2023-10-14 00:00:00+00:00,-0.00022456,0.980276,0.227519,0.00116631,-0.00842657,0,0,0,0,-4.57407e-06,-0.000219793,0.000365082,-0.000584874,35,0,0.00298825
2023-10-15 00:00:00+00:00,-0.000608498,0.979679,0.217885,0.0102567,-0.000894496,0.0141645,6.68964e-06,1.28667e-06,1.17401e-06,-7.98177e-06,-0.000589691,0.00145143,-0.00204113,34.0625,1,0.00145217
2023-10-16 00:00:00+00:00,-0.000797476,0.978898,0.18449,-0.0252075,-0.0280472,0.0545111,1.7442e-05,3.18801e-06,7.11089e-06,5.01445e-08,-0.000769357,0.0016217,-0.00239105,32.3542,0,0.00321408
2023-10-17 00:00:00+00:00,0.000724422,0.979607,0.189535,-0.0226235,-0.0233359,0.00206089,6.59612e-07,8.24515e-08,1.06182e-07,-7.86605e-06,0.000733614,-0.00217244,0.00290606,34.9792,0,0.00408893
2023-10-18 00:00:00+00:00,0.00127003,0.980851,0.184982,-0.0218954,-0.0241231,0.00220016,7.04286e-07,8.80358e-08,1.48305e-07,-7.99239e-06,0.00127882,-0.00199099,0.00326981,35.0417,0,0.00494254
2023-10-19 00:00:00+00:00,0.00111885,0.981949,0.177084,-0.023712,-0.0292496,0.00744433,2.38239e-06,2.97798e-07,3.37605e-07,-1.03218e-06,0.00112309,0.000444023,0.000679068,36,0,0.00601341
2023-10-20 00:00:00+00:00,-0.000887749,0.981077,0.180216,-0.0249086,-0.0302594,0.00297748,9.52996e-07,1.19124e-07,1.95692e-07,1.47227e-05,-0.000901084,0.00205619,-0.00295728,36,0,0.00781964
2023-10-21 00:00:00+00:00,-0.00154705,0.979559,0.185024,-0.0208866,-0.0264754,0.00559037,2.39792e-06,1.57658e-06,2.41195e-07,2.09781e-05,-0.00156366,0.00314243,-0.00470609,35.5833,1,0.00579878
2023-10-22 00:00:00+00:00,-0.000810876,0.978765,0.189148,-0.0179413,-0.0245113,0.00212569,6.79886e-07,8.49858e-08,1.81694e-07,3.46312e-05,-0.000843781,0.00222837,-0.00307215,35.2708,0,0.00403664
2023-10-23 00:00:00+00:00,0.00115915,0.979899,0.165218,0.000718587,-0.00339316,0.0584086,2.31095e-05,8.01568e-06,7.55493e-06,1.42605e-05,0.00118479,0.00591677,-0.00473198,33.5625,2,0.0053326
2023-10-24 00:00:00+00:00,-0.000557627,0.979353,0.166555,0.0175728,0.0111691,0.0301205,1.25336e-05,2.51544e-06,1.9904e-06,9.59888e-05,-0.00063518,0.000612072,-0.00124725,34.875,2,0.00581261
2023-10-25 00:00:00+00:00,-0.000357161,0.979003,0.160351,0.0192005,0.0115417,0.0271248,1.12594e-05,1.94579e-06,3.13014e-06,0.000462635,-0.000802315,0.00363536,-0.00443767,34.25,2,0.0028217
2023-10-26 00:00:00+00:00,-0.00310186,0.975966,0.139762,0.0208638,0.0128685,0.0279204,1.15525e-05,4.68972e-06,2.67921e-06,0.000335565,-0.00342109,-0.000617526,-0.00280357,32.1875,2,0.00316475
2023-10-27 00:00:00+00:00,-0.000765435,0.975219,0.132407,0.0181142,0.0106248,0.00424904,1.35946e-06,1.69933e-07,2.41387e-07,8.53464e-05,-0.000848518,-0.00172818,0.000879666,32,0,0.00436083
2023-10-28 00:00:00+00:00,0.00100313,0.976198,0.133829,0.016867,0.00951149,0.00415722,1.33023e-06,1.66279e-07,2.52683e-07,1.69548e-05,0.000988117,0.00190101,-0.000912889,32.6875,0,0.00540472
2023-10-29 00:00:00+00:00,0.00129865,0.977465,0.134847,0.0172526,0.0101946,0.00204972,6.55996e-07,8.19995e-08,1.06128e-07,1.96661e-05,0.00127951,0.00112195,0.00015756,33,0,0.00702537
2023-10-30 00:00:00+00:00,0.000474094,0.977929,0.137937,0.012327,0.00518741,0.0148658,4.75709e-06,1.40727e-06,1.02061e-06,6.03992e-05,0.00042128,0.00188905,-0.00146777,33.3958,0,0.00796713
2023-10-31 00:00:00+00:00,-0.00193992,0.976032,0.130061,0.0162119,0.0106646,0.0388495,1.62626e-05,2.83225e-06,3.26133e-06,5.76251e-05,-0.00197622,-0.00105681,-0.000919411,34.4792,1,0.00666983
2023-11-01 00:00:00+00:00,0.000490628,0.97651,0.124613,0.0182686,0.0144394,0.00201121,6.4344e-07,8.043e-08,1.03652e-07,1.12626e-05,0.000480778,0.00205712,-0.00157634,35,0,0.00754327
2023-11-02 00:00:00+00:00,0.000762419,0.977255,0.129149,0.0133327,0.0101775,0.0173493,5.93062e-06,8.20242e-07,1.04869e-06,2.52705e-05,0.000745104,-0.00141928,0.00216438,34.8125,2,0.00849178
2023-11-03 00:00:00+00:00,0.000216562,0.977467,0.121582,0.00302485,0.00140418,0.0101386,3.24433e-06,1.07143e-06,6.50617e-07,7.56036e-06,0.000214376,0.00159019,-0.00137582,34,0,0.00791042
2023-11-04 00:00:00+00:00,-0.000364404,0.97711,0.126731,0.00429269,0.00281285,0,0,0,0,1.23977e-05,-0.000376319,0.00170434,-0.00208066,34,0,0.00664908
2023-11-05 00:00:00+00:00,0.000534208,0.977632,0.122018,0.0123771,0.0116566,0.00862549,4.31213e-06,8.62426e-07,4.20581e-07,4.24891e-06,0.000536033,0.000960812,-0.000424778,32.1875,2,0.0051492
2023-11-06 00:00:00+00:00,0.00253733,0.980113,0.105703,0.0135527,0.0114542,0.0316857,1.02549e-05,4.90271e-06,3.88618e-06,1.53385e-05,0.00253851,0.0030348,-0.000496286,29.25,1,0.00367252
2023-11-07 00:00:00+00:00,-0.0007608,0.979367,0.107367,0.0123862,0.00982782,0.00767476,2.45571e-06,3.06964e-07,3.58257e-07,4.78124e-05,-0.000805137,-0.00138316,0.000578018,29.625,0,0.00403712
2023-11-08 00:00:00+00:00,-0.000356257,0.979018,0.103816,0.0165543,0.0150203,0.0147142,7.35702e-06,6.14041e-06,1.16944e-06,1.68811e-05,-0.000358236,0.00167415,-0.00203238,28.3958,3,0.00135378
2023-11-09 00:00:00+00:00,-0.00130092,0.977745,0.0930287,0.0237983,0.0210064,0.0232441,9.78698e-06,6.27863e-06,1.30064e-06,1.38271e-05,-0.0012968,4.07399e-05,-0.00133754,26.5833,3,0.00117359
2023-11-10 00:00:00+00:00,0.00200102,0.979701,0.078098,0.0248077,0.0178312,0.00421511,1.3489e-06,1.68612e-07,1.55881e-07,-5.32913e-06,0.00200672,0.00290756,-0.000900839,24,0,0
2023-11-11 00:00:00+00:00,0.00238042,0.982033,0.0789572,0.0236936,0.0162006,0.0128397,5.11668e-06,3.26992e-06,5.78525e-07,-2.87308e-05,0.00241653,0.00229513,0.000121396,23.875,2,0
2023-11-12 00:00:00+00:00,0.00265732,0.984643,0.0786116,0.0229328,0.0154101,0.00549234,1.75803e-06,2.46541e-06,7.48975e-07,-2.20942e-05,0.00268196,0.00284372,-0.000161767,24,0,0
2023-11-13 00:00:00+00:00,-0.00228204,0.982396,0.0652653,0.0196228,0.0147039,0.0296027,1.11863e-05,7.37648e-06,4.15201e-06,-1.13341e-05,-0.00224965,-0.00146709,-0.000782563,21.1667,2,0
2023-11-14 00:00:00+00:00,-0.000828053,0.981582,0.0587571,0.0191807,0.0156619,0.00416402,1.33219e-06,1.66524e-07,1.93333e-07,1.53583e-06,-0.000827436,-0.000664873,-0.000162563,20.375,0,0
2023-11-15 00:00:00+00:00,0.0014361,0.982992,0.0601113,0.016886,0.0145463,0.000396921,1.98479e-07,3.60161e-07,1.32952e-08,-3.20272e-07,0.00143618,0.00287352,-0.00143734,20.625,1,3.59172e-05
2023-11-16 00:00:00+00:00,-0.000580086,0.982422,0.061122,0.0177869,0.0154041,0,0,0,0,-7.66776e-06,-0.000571955,-0.00175208,0.00118013,20,0,0.00178237
2023-11-17 00:00:00+00:00,0.000809258,0.983217,0.0599223,0.0169614,0.0150916,0.0023196,7.42393e-07,9.27992e-08,7.11223e-08,-5.31146e-06,0.000815567,0.000770724,4.48436e-05,20,0,0.00218383
2023-11-18 00:00:00+00:00,-0.00102601,0.982208,0.0584069,0.0129376,0.0112908,0.0024178,7.73562e-07,9.66953e-08,1.76011e-07,-2.35765e-06,-0.00102294,-0.0010918,6.88603e-05,20,0,0.00205699
2023-11-19 00:00:00+00:00,0.000116675,0.982323,0.0581678,0.0120439,0.0106637,0,0,0,0,-2.46417e-06,0.000119267,0.000554608,-0.000435341,20,0,7.86737e-05
2023-11-20 00:00:00+00:00,-0.000689859,0.981645,0.0592692,0.0109774,0.0101897,0.012855,4.11359e-06,1.15096e-06,4.56143e-07,5.53399e-06,-0.000689764,-0.000840141,0.000150377,18.4167,0,0.000750431
2023-11-21 00:00:00+00:00,-0.000872068,0.980789,0.0634679,0.00461921,0.00518867,0.00558495,2.79191e-06,3.11905e-06,3.50954e-07,9.54888e-06,-0.000875465,-0.00256521,0.00168975,19.6458,1,0.00171799
2023-11-22 00:00:00+00:00,0.00144364,0.982205,0.0593753,0.00840629,0.00856776,0,0,0,0,6.24651e-07,0.00144213,0.00315339,-0.00171126,19,0,0.00215198
2023-11-23 00:00:00+00:00,1.36247e-05,0.982218,0.0609398,0.0089601,0.00909071,0,0,0,0,-1.85691e-06,1.56385e-05,-0.00035417,0.000369808,19,0,0.0026928
2023-11-24 00:00:00+00:00,0.000221194,0.982436,0.0612721,0.00920061,0.00926278,0,0,0,0,-1.1517e-06,0.000222434,0.000577974,-0.00035554,19,0,0.00327509
2023-11-25 00:00:00+00:00,-0.000592305,0.981854,0.0623432,0.00880054,0.00835412,0,0,0,0,1.08096e-06,-0.00059348,0.000464448,-0.00105793,19,0,0.00276178
2023-11-26 00:00:00+00:00,-0.000110324,0.981745,0.0620207,0.00855812,0.00781175,0,0,0,0,-1.13514e-06,-0.000109121,-0.000880996,0.000771874,19,0,0.000631426
2023-11-27 00:00:00+00:00,0.000356012,0.982095,0.0560653,0.00483811,0.00343023,0.00398552,1.27542e-06,1.59428e-07,1.86908e-07,-7.0567e-07,0.000358362,-0.000461002,0.000819364,16,0,0.000113646
2023-11-28 00:00:00+00:00,0.000473689,0.98256,0.0560648,0.00510441,0.00360745,0,0,0,0,1.26783e-08,0.000473636,0.000661877,-0.000188241,16,0,0.00297307
2023-11-29 00:00:00+00:00,-0.000204032,0.98236,0.0583594,0.00711415,0.00576134,0.00203524,6.51278e-07,8.14098e-08,1.25077e-07,-2.53655e-06,-0.000200589,-0.000357988,0.000157399,16.8333,0,0.00523373
2023-11-30 00:00:00+00:00,0.00019082,0.982547,0.0584232,0.00724461,0.00597493,0,0,0,0,-1.586e-06,0.000192475,0.000241558,-4.90824e-05,17,0,0.00510433
2023-12-01 00:00:00+00:00,0.000159165,0.982703,0.0595259,0.00731371,0.00651255,0.00200596,6.41934e-07,8.02418e-08,4.51428e-08,-6.0331e-07,0.000160626,0.000588599,-0.000427973,17.0833,0,0.00660845
2023-12-02 00:00:00+00:00,0.000561362,0.983255,0.0629127,0.00581763,0.00475864,0,0,0,0,3.99165e-06,0.000557323,0.00176066,-0.00120333,18,0,0.00736713
2023-12-03 00:00:00+00:00,-0.000230466,0.983028,0.0641022,0.00584724,0.00321636,0,0,0,0,4.91464e-06,-0.000235348,-0.000286514,5.11666e-05,18,0,0.00870221
2023-12-04 00:00:00+00:00,6.5687e-06,0.983035,0.0739308,0.00773078,0.00588069,0.0555098,1.77627e-05,8.89181e-06,6.09821e-06,7.31977e-06,3.27349e-05,0.00156202,-0.00152928,18.8333,0,0.0114321
2023-12-05 00:00:00+00:00,-0.000836498,0.982213,0.0869207,0.0078534,0.00446706,0.0404581,1.40691e-05,1.99818e-06,3.76098e-06,6.20326e-06,-0.000822434,-0.000270259,-0.000552175,23.375,1,0.0118071
2023-12-06 00:00:00+00:00,-0.00118646,0.981047,0.0934525,0.00571953,0.00381997,0.0269491,8.6232e-06,1.0779e-06,1.53414e-06,-2.17388e-06,-0.00117251,-0.00195978,0.000787272,25.375,0,0.0118619
2023-12-07 00:00:00+00:00,-0.00088427,0.98018,0.0790032,0.0102888,0.00737816,0.0289352,1.0475e-05,1.56279e-06,1.68472e-06,-4.85928e-06,-0.000865783,0.000940773,-0.00180656,25.875,1,0.0122923
2023-12-08 00:00:00+00:00,0.000313865,0.980487,0.0915857,0.0116352,0.00804374,0.0323564,1.07867e-05,3.13807e-06,1.77338e-06,-1.33881e-08,0.000329857,0.00172638,-0.00139652,28.2917,1,0.0117271
2023-12-09 00:00:00+00:00,0.000191608,0.980675,0.103008,0.0124412,0.00853269,0.0190221,6.08704e-06,7.6088e-07,8.83353e-07,9.18493e-07,0.000198708,-0.00106355,0.00126226,29.1458,0,0.0124657
2023-12-10 00:00:00+00:00,-0.000571024,0.980115,0.136171,0.00353584,0.00114871,0.0492721,1.64588e-05,2.20163e-06,2.7059e-06,4.86494e-06,-0.000553968,0.00125456,-0.00180853,32.7917,1,0.0136804
2023-12-11 00:00:00+00:00,0.000170564,0.980282,0.144106,0.0059475,0.00586221,0.0398028,1.27372e-05,4.32713e-06,2.64385e-06,-7.12042e-06,0.000198494,-0.00542252,0.00562102,33.2083,0,0.0130402
2023-12-12 00:00:00+00:00,-0.00179477,0.978523,0.159576,-0.00010866,-0.000368901,0.0313296,1.00243e-05,1.79713e-06,2.07026e-06,6.56505e-06,-0.0017879,0.0010971,-0.002885,34.4583,0,0.0101852
2023-12-13 00:00:00+00:00,0.0023523,0.980825,0.155241,-0.00112158,-0.00131929,0.0103201,3.81323e-06,5.83137e-07,7.26028e-07,-4.55186e-06,0.0023608,0.00211942,0.000241377,34.7708,1,0.00789982
2023-12-14 00:00:00+00:00,-0.000291646,0.980539,0.156607,-0.000751615,-0.00302477,0.0420053,1.58838e-05,3.7525e-06,4.13221e-06,1.3463e-05,-0.000279704,0.00273236,-0.00301206,34.6042,1,0.0107129
2023-12-15 00:00:00+00:00,0.00198416,0.982484,0.157514,0.00160083,-0.00316793,0.0074496,2.38435e-06,1.22411e-06,1.91165e-07,1.97701e-05,0.00196742,-0.00366746,0.00563488,35.0417,0,0.0120189
2023-12-16 00:00:00+00:00,-0.00531601,0.977261,0.151423,0.00265315,-0.00407513,0.0253932,1.07318e-05,1.88661e-06,5.28599e-06,2.40237e-05,-0.00533244,0.000662574,-0.00599501,36,1,0.00985415
2023-12-17 00:00:00+00:00,-0.00124272,0.976047,0.139318,0.00341222,-0.00185581,0.0148422,4.74994e-06,5.93743e-07,1.14593e-06,9.5144e-06,-0.00124593,-0.00241284,0.00116691,36,0,0.00747661
2023-12-18 00:00:00+00:00,0.000185803,0.976228,0.137842,-0.0016911,-0.00106609,0.0204165,6.53394e-06,2.49918e-06,1.43752e-06,5.5801e-06,0.000191654,0.00153323,-0.00134158,35.9167,0,0.00881148
2023-12-19 00:00:00+00:00,-0.000291287,0.975944,0.144728,-0.00246531,0.0017788,0.0293868,9.40368e-06,1.17546e-06,1.85197e-06,9.42788e-06,-0.000287443,0.000149538,-0.00043698,36.2917,0,0.00951381
2023-12-20 00:00:00+00:00,-0.000101196,0.975845,0.14325,0.00271321,0.00461553,0.019578,7.51805e-06,1.20099e-06,1.50546e-06,1.33403e-06,-9.10028e-05,0.00330831,-0.00339931,36.1667,2,0.00889021
2023-12-21 00:00:00+00:00,0.00145883,0.977269,0.141014,0.00836479,0.00627833,0.0104716,3.35128e-06,1.70549e-06,5.49239e-07,-1.76618e-06,0.00146575,0.00346438,-0.00199864,35.4167,0,0.00874248
2023-12-22 00:00:00+00:00,-0.000815996,0.976471,0.13422,0.00562391,0.00231072,0.0165798,7.22512e-06,1.30291e-06,1.10974e-06,1.98437e-05,-0.000824705,0.00195551,-0.00278022,35.0625,2,0.00624635
2023-12-23 00:00:00+00:00,-0.000423779,0.976058,0.130424,0.00899008,0.00402461,0.00405072,1.29625e-06,1.62032e-07,2.4944e-07,2.51084e-05,-0.000446349,0.000806734,-0.00125308,34,0,0.00634896
2023-12-24 00:00:00+00:00,0.00292853,0.978916,0.13158,0.00632483,0.000979942,0.0065069,2.08211e-06,2.60264e-07,3.30216e-07,2.35325e-05,0.0029047,0.00152723,0.00137747,34,0,0.00700611
2023-12-25 00:00:00+00:00,-0.0008921,0.978043,0.119448,-0.00245042,-0.00556493,0.0225509,7.21661e-06,1.18445e-05,3.42923e-06,3.47575e-05,-0.000903171,0.00279995,-0.00370313,32.9583,0,0.00748772
2023-12-26 00:00:00+00:00,0.00181948,0.979822,0.112556,0.00363221,0.00321316,0.0165471,6.66588e-06,1.33787e-06,1.09881e-06,2.96968e-05,0.00179824,0.000498905,0.00129933,32.8542,1,0.00700361
2023-12-27 00:00:00+00:00,-0.00189838,0.977962,0.113304,0.000370676,-0.000366012,0.0103436,3.30918e-06,4.13647e-07,6.47778e-07,0.000212337,-0.00210713,-0.000928327,-0.0011788,33.7708,0,0.00821033
2023-12-28 00:00:00+00:00,0.00104531,0.978984,0.109873,0.00013531,-0.00258926,0.00237144,7.58897e-07,9.48622e-08,1.68714e-07,0.000189409,0.000857425,-0.00239564,0.00325307,33,0,0.00822428
2023-12-29 00:00:00+00:00,0.000438547,0.979414,0.106893,-0.00145731,-0.00561662,0.0189914,6.07753e-06,4.68139e-06,1.04911e-06,7.39016e-05,0.000376774,-0.000204087,0.000580861,35.1875,0,0.00993966
2023-12-30 00:00:00+00:00,0.00211561,0.981486,0.115327,0.000815345,-0.00362726,0.0178328,5.70691e-06,1.85737e-06,8.62387e-07,0.000217227,0.00190486,0.00106455,0.000840316,36,0,0.0131964
2023-12-31 00:00:00+00:00,-0.00035082,0.981141,0.147575,-0.00363548,-0.00595215,0.114713,4.16215e-05,1.20062e-05,1.02732e-05,0.000740982,-0.00101304,0.000177616,-0.00119066,36.4167,2,0.0154085
2024-01-01 00:00:00+00:00,-0.00206294,0.979117,0.179515,0.00443697,-0.00143201,0.0831063,2.66023e-05,6.37517e-06,7.1176e-06,6.78111e-05,-0.00208891,0.00515944,-0.00724835,38.9792,0,0.0149292
2024-01-02 00:00:00+00:00,0.00203964,0.981114,0.185696,0.0123109,-0.00142525,0.0609548,2.03799e-05,1.03224e-05,3.73149e-06,-2.98417e-05,0.00210526,0.000244094,0.00186117,38.7708,1,0.0151842
2024-01-03 00:00:00+00:00,-0.00116397,0.979972,0.17902,0.0172627,0.000954537,0.138049,4.79534e-05,1.03675e-05,1.13181e-05,-1.94887e-06,-0.00108963,-0.00748393,0.0063943,35.4583,6,0.0158756
2024-01-04 00:00:00+00:00,0.00383861,0.983734,0.255252,0.00485534,-0.000966152,0.201083,6.43608e-05,8.0451e-06,1.65778e-05,3.54431e-05,0.00389522,0.00763044,-0.00373522,36.5833,0,0.0175462
2024-01-05 00:00:00+00:00,-0.000253015,0.983485,0.339793,0.00750717,-0.00162065,0.218531,6.99377e-05,1.22045e-05,1.53554e-05,7.87209e-05,-0.000227128,-0.00658928,0.00636215,40,0,0.0181744
2024-01-06 00:00:00+00:00,0.000359968,0.983839,0.36875,0.0136688,0.000420848,0.0989683,3.16753e-05,5.85828e-06,6.82722e-06,0.000137577,0.00026937,-0.00692469,0.00719406,40,0,0.0157921
2024-01-07 00:00:00+00:00,0.000205828,0.984042,0.367994,0.00996691,0.00144601,0.057205,1.83007e-05,2.28758e-06,2.83472e-06,0.000156225,7.78843e-05,-0.00547657,0.00555445,40,0,0.0155476
2024-01-08 00:00:00+00:00,0.000210768,0.984249,0.370799,0.00531574,-0.00452699,0.305038,9.75867e-05,1.74517e-05,2.66906e-05,9.10188e-05,0.000268797,0.0123999,-0.0121311,39.9167,0,0.0178888
2024-01-09 00:00:00+00:00,0.0049865,0.989157,0.433544,0.0102158,-0.00113505,0.214148,6.85286e-05,1.39433e-05,1.46783e-05,3.42887e-05,0.00504395,-0.00656031,0.0116043,40,0,0.0194923
2024-01-10 00:00:00+00:00,-0.00381476,0.985384,0.472725,0.0104368,-0.0018799,0.247253,8.48098e-05,2.1034e-05,2.03765e-05,1.01949e-05,-0.00369222,0.0149979,-0.0186901,40,1,0.0200708
2024-01-11 00:00:00+00:00,-0.000502852,0.984888,0.530691,0.0110099,-0.000907758,0.0953358,3.05096e-05,7.05226e-06,6.36653e-06,1.14309e-05,-0.000456108,0.00650627,-0.00696237,40,0,0.017768
2024-01-12 00:00:00+00:00,0.00184748,0.986708,0.530438,0.00416676,-0.00378081,0.0647869,2.28144e-05,3.78834e-06,6.1783e-06,2.79322e-05,0.00185606,-0.0128123,0.0146684,39.9375,1,0.0167074
2024-01-13 00:00:00+00:00,-0.00568445,0.981099,0.539315,0.00790133,-0.00163861,0.0522449,1.67191e-05,1.38639e-05,2.8771e-06,2.3948e-05,-0.00568601,0.00200304,-0.00768905,40,0,0.0175932
2024-01-14 00:00:00+00:00,-0.00126471,0.979858,0.535471,0.00412616,0.000282428,0.048449,1.55004e-05,9.28441e-06,2.41644e-06,9.38569e-06,-0.00124265,-0.00990019,0.00865754,40,0,0.0166282
2024-01-15 00:00:00+00:00,0.0040175,0.983795,0.500272,0.00827751,0.00011404,0.111138,3.55663e-05,1.70184e-05,5.82065e-06,2.56675e-05,0.00404681,0.0084256,-0.00437879,39.8542,0,0.0167254
2024-01-16 00:00:00+00:00,0.00390501,0.987636,0.484795,0.0118114,-0.00203799,0.052884,1.69274e-05,7.60987e-06,2.84078e-06,6.28006e-05,0.00386552,0.00416697,-0.000301448,40,0,0.0181868
2024-01-17 00:00:00+00:00,-0.00338302,0.984295,0.515413,0.0125839,0.00185478,0.0375184,1.20077e-05,6.81315e-06,1.68479e-06,5.08075e-05,-0.00341428,-0.0058936,0.00247932,40,0,0.0184009
2024-01-18 00:00:00+00:00,0.00219552,0.986456,0.492385,0.0125114,0.000991681,0.0272453,8.72086e-06,6.50733e-06,1.02669e-06,5.13549e-05,0.0021633,-0.0107318,0.0128951,40,0,0.0184526
2024-01-19 00:00:00+00:00,0.0015651,0.988,0.466415,0.00908548,-0.000803295,0.0580011,1.85617e-05,6.66733e-06,3.23753e-06,5.48974e-05,0.00154042,-0.000477344,0.00201777,40,0,0.0199259
2024-01-20 00:00:00+00:00,-0.0036392,0.984405,0.492985,0.00810481,0.00582288,0.0673614,2.1548e-05,6.81827e-06,2.23388e-06,4.13873e-05,-0.0036547,-0.000782813,-0.00287188,40,0,0.0181821
2024-01-21 00:00:00+00:00,0.00040065,0.984799,0.507972,-0.000502608,0.00643504,0.00411042,1.31537e-06,1.64421e-07,6.826e-08,4.33909e-05,0.000361095,-0.00317823,0.00353932,40,0,0.0171171
2024-01-22 00:00:00+00:00,0.00230587,0.98707,0.511202,0.0157186,-0.00316235,0.116804,3.73756e-05,9.5702e-06,9.06713e-06,0.000205706,0.002161,-0.0126606,0.0148216,40,0,0.019699
2024-01-23 00:00:00+00:00,0.00391598,0.990935,0.504335,0.020678,0.00338824,0.0320449,1.02569e-05,3.38365e-06,2.03873e-06,0.000398293,0.00353401,-0.000702296,0.00423631,40,0,0.0207134
2024-01-24 00:00:00+00:00,-0.000840324,0.990103,0.503451,0.0216477,0.00340619,0.0553353,1.99617e-05,1.72423e-05,3.69476e-06,0.000229787,-0.00102228,0.00269624,-0.00371852,39.4375,1,0.0193806
2024-01-25 00:00:00+00:00,0.00297346,0.993047,0.499352,0.0220098,0.00180689,0.0095428,3.05681e-06,1.06703e-06,7.08431e-07,0.000161216,0.00281744,-0.00276939,0.00558684,39,0,0.0173582
2024-01-26 00:00:00+00:00,0.000156249,0.993202,0.497278,0.0180883,0.000285224,0.0282807,9.05019e-06,2.81097e-06,1.39402e-06,0.000244195,-7.17241e-05,0.0107113,-0.010783,39.4167,0,0.0169141
2024-01-27 00:00:00+00:00,-0.000941972,0.992266,0.510367,0.0181649,0.00407385,0.055169,1.76538e-05,3.20463e-06,1.98617e-06,4.51233e-05,-0.000963526,0.00237822,-0.00334175,40,0,0.0168417
2024-01-28 00:00:00+00:00,-0.00207288,0.990209,0.547653,0.0140748,0.0115512,0.0533811,1.70727e-05,4.86607e-06,1.60959e-06,4.76085e-05,-0.00209674,-0.00413105,0.00203431,40,0,0.0177727
2024-01-29 00:00:00+00:00,0.0001501,0.990358,0.562527,0.00163051,0.0022048,0.0837231,2.68035e-05,1.55352e-05,5.239e-06,3.92372e-05,0.00016219,0.0112049,-0.0110428,40,0,0.0190022
2024-01-30 00:00:00+00:00,-0.00263667,0.987747,0.589638,0.012655,0.0077255,0.0380763,1.21842e-05,7.40997e-06,1.48179e-06,3.27759e-05,-0.00264972,-0.00684195,0.00419223,40,0,0.0181511
2024-01-31 00:00:00+00:00,-0.00233043,0.985445,0.603672,0.0150913,0.0120088,0.0846422,2.70833e-05,9.8099e-06,5.06793e-06,3.79888e-05,-0.00232631,-0.0120108,0.00968452,40,0,0.0189264
2024-02-01 00:00:00+00:00,-0.00115594,0.984306,0.627165,0.0121335,0.0155569,0.0357845,1.14513e-05,4.63618e-06,9.3941e-07,7.27849e-05,-0.00120571,0.0031092,-0.00431491,40,0,0.0202865
2024-02-02 00:00:00+00:00,-0.000524851,0.983789,0.647555,0.00684212,0.0199074,0.024902,7.96795e-06,4.1889e-06,8.3339e-07,9.71839e-05,-0.000603795,0.00332099,-0.00392479,40,0,0.0199963
2024-02-03 00:00:00+00:00,-0.000237582,0.983555,0.642233,0.0071362,0.0197061,0.0460168,1.47246e-05,7.29776e-06,1.72025e-06,7.73755e-05,-0.000286409,-0.00361518,0.00332877,40,0,0.0193723
2024-02-04 00:00:00+00:00,0.00460408,0.988084,0.638014,-0.00112808,0.00370384,0.0947529,3.0327e-05,5.45961e-06,3.21189e-06,7.24053e-05,0.00456283,-0.00511663,0.00967945,40,0,0.0220727
2024-02-05 00:00:00+00:00,-0.00242168,0.985691,0.686344,0.0149227,0.00267668,0.216949,6.94296e-05,2.08048e-05,2.52304e-05,3.67036e-05,-0.00234093,0.00196612,-0.00430705,40,0,0.0243739
2024-02-06 00:00:00+00:00,0.000738945,0.986419,0.700214,0.0270792,0.0120624,0.0267462,1.06671e-05,6.11519e-06,1.37719e-06,5.69988e-05,0.000703407,0.00243243,-0.00172903,39.9792,1,0.0236341
2024-02-07 00:00:00+00:00,-0.00161377,0.984827,0.686479,0.0143914,0.00344087,0.113676,3.63815e-05,1.75652e-05,7.44565e-06,6.59027e-05,-0.00161424,0.0113207,-0.0129349,40,0,0.0217666
2024-02-08 00:00:00+00:00,0.00345272,0.988228,0.729899,0.0261848,0.00741971,0.0735281,2.35286e-05,3.33976e-06,3.63866e-06,0.000116741,0.00336803,0.00408177,-0.000713739,40,0,0.0206753
2024-02-09 00:00:00+00:00,-0.00668884,0.981618,0.7395,0.0265797,0.00786949,0.138725,4.58111e-05,1.05899e-05,7.21181e-06,0.000101524,-0.00674194,0.00978046,-0.0165224,39.7917,1,0.0200085
2024-02-10 00:00:00+00:00,0.000709158,0.982314,0.704402,0.0164184,0.00687589,0.0750098,2.67039e-05,3.90094e-06,7.35411e-06,9.35479e-05,0.000660161,0.00246621,-0.00180605,39.2292,1,0.0182506
2024-02-11 00:00:00+00:00,-0.00351384,0.978862,0.745518,0.0377799,0.0122019,0.165754,5.30356e-05,1.43578e-05,9.78196e-06,0.00020761,-0.00364408,-0.00164294,-0.00200114,40,0,0.0192896
2024-02-12 00:00:00+00:00,-0.00647915,0.97252,0.710623,0.0654011,0.00512739,0.256917,8.75961e-05,1.84898e-05,3.57177e-05,0.000337322,-0.00668735,0.0113957,-0.018083,37.9792,2,0.0177959
2024-02-13 00:00:00+00:00,0.000643862,0.973146,0.707637,0.0803625,0.00696721,0.0604175,2.29755e-05,1.83485e-05,7.30376e-06,0.000222669,0.000475755,-0.00389045,0.0043662,37.8333,1,0.0157748
2024-02-14 00:00:00+00:00,0.0053409,0.978344,0.661722,0.0712786,0.0149101,0.102474,3.60131e-05,1.96325e-05,6.49796e-06,0.000130548,0.00526242,0.0156818,-0.0104193,37.3542,2,0.016022
2024-02-15 00:00:00+00:00,0.00557481,0.983798,0.650721,0.0239173,-0.00983088,0.21006,6.72541e-05,1.08109e-05,1.6736e-05,0.000122186,0.00554977,0.00883322,-0.00328345,39.7292,0,0.0183461
2024-02-16 00:00:00+00:00,-0.0048595,0.979017,0.638855,0.0257503,0.00746735,0.0795203,2.87359e-05,8.74153e-06,7.03192e-06,6.96171e-05,-0.004889,-0.00296776,-0.00192123,39.4792,1,0.0181984
2024-02-17 00:00:00+00:00,-0.00390378,0.975195,0.611505,0.0175129,-0.00225273,0.148458,5.42022e-05,1.25184e-05,1.63103e-05,4.56878e-05,-0.00386663,-0.00354636,-0.000320278,39.7083,1,0.0172636
2024-02-18 00:00:00+00:00,0.00171019,0.976863,0.635248,0.0211375,0.00704999,0.0498858,1.59698e-05,2.58726e-06,2.14815e-06,0.000110672,0.00162745,0.00878436,-0.0071569,40,0,0.0164432
2024-02-19 00:00:00+00:00,0.00440862,0.981169,0.643705,-0.000409057,0.00760111,0.170483,5.45526e-05,9.90933e-06,1.48249e-05,6.07708e-05,0.00442866,0.00587328,-0.00144462,40,0,0.0185741
2024-02-20 00:00:00+00:00,-0.000372509,0.980804,0.650541,-0.0258392,-0.00474947,0.286057,9.43694e-05,2.13337e-05,1.79712e-05,6.62789e-05,-0.000288526,-0.00394962,0.00366109,40,1,0.0214171
2024-02-21 00:00:00+00:00,0.00984185,0.990457,0.754815,-0.00136284,-0.00385392,0.29809,9.54205e-05,2.85875e-05,1.99468e-05,0.000110638,0.00983817,2.83771e-05,0.0098098,40,0,0.0246685
2024-02-22 00:00:00+00:00,0.0100745,1.00044,0.877805,0.0310977,0.00448282,0.266287,8.52238e-05,2.32272e-05,2.22758e-05,0.000247204,0.00992639,0.00293828,0.00698811,40,0,0.0277663
2024-02-23 00:00:00+00:00,0.00641994,1.00686,0.970396,0.0543211,0.00734706,0.239845,7.67723e-05,1.13679e-05,1.92065e-05,0.000356265,0.00616772,-0.00479345,0.0109612,40,0,0.0305073
2024-02-24 00:00:00+00:00,0.00337308,1.01025,0.996454,0.0623173,0.00906299,0.372681,0.000119284,2.54929e-05,2.84201e-05,0.000404323,0.00315042,0.0189324,-0.015782,40,0,0.0311669
2024-02-25 00:00:00+00:00,0.0063337,1.01665,1.05857,0.0933922,0.012634,0.348826,0.000111677,1.76244e-05,2.01015e-05,0.000366775,0.00611626,0.0123067,-0.0061904,40,0,0.0323901
2024-02-26 00:00:00+00:00,0.0147082,1.03161,0.972544,0.117311,0.0344436,0.530826,0.000171825,5.89891e-05,6.76241e-05,0.00050787,0.0144247,0.024862,-0.0104374,39.9375,1,0.0338753
2024-02-27 00:00:00+00:00,-0.0120936,1.01913,1.08601,0.125836,0.0300302,0.706694,0.000232815,5.33133e-05,5.38777e-05,0.000584651,-0.0123587,-0.00442268,-0.007936,40,2,0.035797
2024-02-28 00:00:00+00:00,0.014581,1.03399,1.16312,0.126,0.0199374,0.666515,0.000217314,6.74341e-05,5.14084e-05,0.000416701,0.0145027,0.0223896,-0.00788689,40,1,0.0358948
2024-02-29 00:00:00+00:00,-0.0148625,1.01862,1.16826,0.154639,0.00208194,0.486789,0.000160718,0.00014733,4.14311e-05,7.48253e-05,-0.0145998,-0.00877742,-0.00582241,40,1,0.0358758
2024-03-01 00:00:00+00:00,0.0115493,1.03039,1.1279,0.141199,0.0054806,0.254475,8.2792e-05,8.23376e-05,2.03371e-05,2.01901e-06,0.0116891,0.0265141,-0.014825,40,1,0.0349055
2024-03-02 00:00:00+00:00,0.0111669,1.04189,1.08938,0.132816,0.00545966,0.547174,0.000187565,0.000177774,4.49676e-05,0.000107118,0.0114487,0.028162,-0.0167133,40,1,0.0368015
2024-03-03 00:00:00+00:00,0.0156166,1.05816,1.05363,0.126004,0.0141016,0.411283,0.000137258,8.07564e-05,3.15064e-05,-3.46441e-05,0.0158424,0.00531584,0.0105266,40,2,0.0380732
2024-03-04 00:00:00+00:00,0.00910994,1.0678,1.03502,0.0935356,0.0151358,0.810798,0.000262255,0.00022278,0.000141787,0.000220422,0.00952081,0.00756601,0.00195479,40,1,0.041928
2024-03-05 00:00:00+00:00,-0.00542961,1.06201,0.965924,0.0487697,0.013456,0.605975,0.000193905,0.000154893,6.87783e-05,2.90753e-05,-0.0049586,-0.0328577,0.0278991,40,0,0.0420317
2024-03-06 00:00:00+00:00,0.00933906,1.07192,0.873187,0.0169848,0.00754239,1.20013,0.000384116,0.000269883,0.000108222,0.000178516,0.00994075,0.0476044,-0.0376636,40,0,0.0426437
2024-03-07 00:00:00+00:00,0.013891,1.08681,0.794665,0.0326501,0.00835966,0.76308,0.000248216,0.000164323,9.0634e-05,0.000174341,0.0142208,0.0254602,-0.0112394,40,1,0.0426951
2024-03-08 00:00:00+00:00,0.0117302,1.09956,0.889288,0.0548614,0.00162802,0.984976,0.000317828,0.000231442,7.21501e-05,0.000242046,0.0120993,0.0145766,-0.00247726,40,1,0.0442284
2024-03-09 00:00:00+00:00,-0.0147709,1.08332,0.852733,0.0650816,0.00868796,0.85142,0.000283376,0.000179971,7.51427e-05,0.000447916,-0.0147425,0.0129535,-0.027696,40,1,0.0428843
2024-03-10 00:00:00+00:00,0.00476317,1.08848,0.968196,0.0338888,0.00578975,0.967826,0.000320218,0.000299544,9.21874e-05,0.00017947,0.00534327,0.00750969,-0.00216642,40,2,0.0427035
2024-03-11 00:00:00+00:00,0.00964448,1.09898,1.04036,0.0345377,0.0147559,1.46447,0.000468616,0.000338286,0.000107539,0.00029863,0.0102454,0.0252607,-0.0150153,39.9583,0,0.0443844
2024-03-12 00:00:00+00:00,-0.018934,1.07817,0.888477,0.0418535,0.024729,1.30855,0.000437114,0.000285871,0.000110595,7.88453e-05,-0.0182156,-0.00331721,-0.0148983,40,2,0.0441825
2024-03-13 00:00:00+00:00,0.0144951,1.0938,0.958804,0.0509361,0.0132317,0.9301,0.000297724,0.000129432,5.17795e-05,9.91008e-05,0.0148206,0.00795852,0.00686212,40,0,0.0415878
2024-03-14 00:00:00+00:00,0.00606412,1.10043,1.04116,0.0536577,0.00571472,1.02098,0.000326778,0.000183749,5.45994e-05,9.50798e-05,0.00659364,0.00423308,0.00236056,40,0,0.0408095
2024-03-15 00:00:00+00:00,-0.0107104,1.08865,1.11788,0.0228799,0.00699344,0.96575,0.000308965,0.000104606,6.07981e-05,6.83521e-05,-0.0103129,-0.0260894,0.0157765,40,0,0.0400669
2024-03-16 00:00:00+00:00,-0.00724555,1.08076,1.03725,-0.0113887,0.00209616,0.718094,0.000241964,0.000116102,8.62967e-05,2.85506e-05,-0.00680621,-0.0452731,0.0384669,40,1,0.0380083
2024-03-17 00:00:00+00:00,0.0284811,1.11154,1.07433,0.0058303,0.00671808,1.0908,0.000349252,9.44744e-05,8.65344e-05,3.28537e-05,0.0286177,0.0439656,-0.0153479,40,0,0.0410863
2024-03-18 00:00:00+00:00,0.00485308,1.11693,1.20249,0.0499311,0.0143223,1.43638,0.000459639,0.000203067,0.000106092,2.96156e-06,0.00566132,-0.0348546,0.0405159,40,0,0.0437347
2024-03-19 00:00:00+00:00,-0.0193947,1.09527,1.22782,0.00667698,0.0104111,0.904818,0.000298403,6.44329e-05,6.29086e-05,2.93901e-05,-0.0191241,-0.0507249,0.0316009,40,2,0.0426162
2024-03-20 00:00:00+00:00,0.0177129,1.11467,1.1019,-0.00713377,0.0115292,0.787538,0.000251843,0.000134024,6.11264e-05,8.90579e-05,0.0180193,0.0648824,-0.0468631,40,0,0.0402378
2024-03-21 00:00:00+00:00,-0.0190826,1.0934,1.19906,0.0112545,0.0111263,0.674349,0.000215718,8.63385e-05,5.44507e-05,0.000301862,-0.0191519,-0.0251632,0.00601122,40,0,0.0399378
2024-03-22 00:00:00+00:00,0.0101246,1.10447,1.17414,-0.00781784,0.000863387,0.393546,0.000125968,0.00011554,2.47112e-05,7.99888e-05,0.0103005,-0.00790238,0.0182028,40,0,0.0382269
2024-03-23 00:00:00+00:00,0.00504526,1.11004,1.13996,0.0113617,-0.00146299,0.431693,0.00013814,0.000174974,2.1902e-05,7.98176e-05,0.00531369,0.00814898,-0.00283529,40,0,0.040208
2024-03-24 00:00:00+00:00,-0.0030299,1.10668,1.10898,0.0046853,-0.00587856,0.435904,0.00013948,0.000190495,2.47959e-05,-1.06724e-05,-0.00265324,0.0213149,-0.0239682,40,0,0.0391691
2024-03-25 00:00:00+00:00,-0.00598666,1.10005,1.25206,0.057739,0.00705955,0.790555,0.000252837,0.000279308,6.0466e-05,3.22888e-05,-0.00539366,0.0162217,-0.0216154,40,0,0.0399674
2024-03-26 00:00:00+00:00,-0.00778084,1.0915,1.26022,0.0593926,-0.00135691,0.387891,0.000124086,0.000130262,1.96002e-05,7.20355e-05,-0.00757114,0.00207891,-0.00965005,40,0,0.0398575
2024-03-27 00:00:00+00:00,-0.000447396,1.09101,1.25873,0.0201687,-0.00113858,0.968009,0.000314177,0.000208297,6.06095e-05,-3.51842e-06,0.000193881,-0.0102225,0.0104164,40,2,0.0458358
2024-03-28 00:00:00+00:00,0.00482057,1.09627,1.35326,0.0647932,0.0125559,0.823863,0.000263652,0.000191309,4.73097e-05,0.000115965,0.0052366,0.0111795,-0.00594294,40,0,0.0454167
2024-03-29 00:00:00+00:00,0.00914072,1.10629,1.38339,0.0562649,-0.0116686,1.02478,0.000328038,0.000281613,3.95954e-05,0.000189858,0.00960008,-0.00229663,0.0118967,40,0,0.044862
2024-03-30 00:00:00+00:00,-0.00692777,1.09862,1.22241,0.0520357,-0.0151496,0.535988,0.000171319,8.01137e-05,1.75588e-05,0.00026467,-0.00690763,-0.0082694,0.00136177,40,0,0.0434092
2024-03-31 00:00:00+00:00,0.00231981,1.10117,1.12865,0.044917,-0.0304398,0.770154,0.000246388,0.000134685,2.59884e-05,0.00021214,0.00254565,0.0173056,-0.01476,40,0,0.0430351
2024-04-01 00:00:00+00:00,-0.00169779,1.0993,1.18605,0.0807486,0.0048823,0.760572,0.000243396,8.97885e-05,5.31308e-05,0.000103219,-0.00138742,-0.0292531,0.0278657,39.9792,0,0.044346
2024-04-02 00:00:00+00:00,-0.00579602,1.09293,1.26705,0.038406,0.00184979,0.912567,0.000291997,0.000100428,4.56612e-05,-9.08242e-05,-0.00522131,-0.0489266,0.0437053,40,0,0.044971
2024-04-03 00:00:00+00:00,-0.0017016,1.09107,1.30209,0.0398705,0.0157241,0.696541,0.000225099,7.36517e-05,5.05823e-05,2.75679e-06,-0.00130555,-0.0134587,0.0121532,40,1,0.0435003
2024-04-04 00:00:00+00:00,0.00627248,1.09791,1.44198,0.0631618,0.0237553,1.30932,0.000419021,7.55163e-05,7.27139e-05,8.78305e-05,0.0067842,0.0247399,-0.0179557,40,0,0.0442117
2024-04-05 00:00:00+00:00,0.000704872,1.09869,1.4352,0.039485,0.0177519,0.632678,0.00020825,4.22304e-05,3.73763e-05,0.000174693,0.000848526,-0.0157124,0.016561,40,1,0.0445253
2024-04-06 00:00:00+00:00,-0.00588691,1.09222,1.38682,0.0269059,0.0191194,0.503109,0.000160976,6.0432e-05,1.89155e-05,0.000143043,-0.00577985,0.0188979,-0.0246778,40,0,0.0425986
2024-04-07 00:00:00+00:00,-0.00680466,1.08479,1.45322,0.0714276,0.0235516,0.566738,0.00018126,5.02862e-05,2.14343e-05,0.000218275,-0.00676773,0.0132378,-0.0200055,40,0,0.0410741
2024-04-08 00:00:00+00:00,-0.00127263,1.08341,1.32655,0.0782775,0.0310559,0.990792,0.000316974,7.22952e-05,6.06519e-05,5.16772e-05,-0.000853405,0.019123,-0.0199764,39.7708,0,0.0405227
2024-04-09 00:00:00+00:00,0.00613055,1.09005,1.32911,0.0652095,0.0297184,0.482601,0.00015923,8.01863e-05,2.52148e-05,-1.87959e-07,0.00640076,-0.0358798,0.0422805,40,1,0.0392567
2024-04-10 00:00:00+00:00,0.00195004,1.09217,1.4155,0.0581944,0.0164316,0.65829,0.000218733,6.76106e-05,4.29083e-05,9.28078e-05,0.00220414,0.00618607,-0.00398193,40,1,0.0412973
2024-04-11 00:00:00+00:00,0.000845175,1.0931,1.4882,0.06244,0.0221679,0.41009,0.000131218,4.33614e-05,2.27827e-05,-1.96354e-05,0.00108976,-0.0166816,0.0177714,40,0,0.0420154
2024-04-12 00:00:00+00:00,0.0148687,1.10935,1.37775,0.0751201,0.0181859,1.68744,0.000622515,0.000132139,0.000364629,6.506e-05,0.0159006,-0.08844,0.104341,39.5625,15,0.0432946
2024-04-13 00:00:00+00:00,0.00456017,1.11441,1.43564,0.133325,0.0038266,1.87597,0.000637106,0.000135261,0.000270979,0.000525121,0.00517642,-0.0870508,0.0922272,40,3,0.0442497
2024-04-14 00:00:00+00:00,-0.00483151,1.10903,1.40778,0.0915057,0.00318537,0.730551,0.00023377,6.00958e-05,9.25102e-05,0.000343758,-0.00475604,0.0574382,-0.0621943,40,0,0.0438108
2024-04-15 00:00:00+00:00,0.00617969,1.11588,1.33012,0.101794,0.00082619,1.52633,0.000488547,0.000143659,0.000288193,0.000420874,0.00670369,-0.0208871,0.0275908,40,0,0.0448069
2024-04-16 00:00:00+00:00,-0.0212046,1.09222,1.46326,0.0889074,4.17465e-05,0.774573,0.000247809,8.98888e-05,7.28711e-05,0.000353315,-0.0213111,-0.0134976,-0.00781346,40,0,0.0423431
2024-04-17 00:00:00+00:00,-0.00522604,1.08651,1.45935,0.0831474,0.00375312,0.939941,0.000300739,7.68028e-05,0.000101701,0.000101757,-0.00480379,-0.0234263,0.0186225,40,0,0.0401156
2024-04-18 00:00:00+00:00,-0.0119661,1.07351,1.26016,0.0531903,0.00102576,0.972016,0.000310891,7.72405e-05,7.06813e-05,0.000104102,-0.0116317,0.0185486,-0.0301803,40,0,0.037525
2024-04-19 00:00:00+00:00,-0.0136831,1.05882,1.18307,0.038595,0.00443398,1.01955,0.000326112,4.2954e-05,0.000105753,0.000120284,-0.0133756,0.0102791,-0.0236547,40,0,0.0340404
2024-04-20 00:00:00+00:00,-0.00399762,1.05459,1.04022,0.00571388,0.00599641,0.550362,0.000176123,6.15958e-05,4.44626e-05,5.02579e-05,-0.00375036,0.042695,-0.0464453,40,0,0.030922
2024-04-21 00:00:00+00:00,0.00515323,1.06002,1.05655,0.018353,0.00213822,0.484223,0.000154981,5.88188e-05,2.69236e-05,6.59526e-05,0.0053276,-0.00583124,0.0111588,40,0,0.0307787
2024-04-22 00:00:00+00:00,-0.00745603,1.05212,1.19982,0.0470102,0.0109884,0.868092,0.00027783,7.70576e-05,0.000100588,0.000111924,-0.00711781,0.0138642,-0.020982,39.9375,0,0.0325791
2024-04-23 00:00:00+00:00,-0.00635668,1.04543,1.30587,0.0513801,0.0127072,0.45745,0.000157262,4.37229e-05,3.04599e-05,0.000513081,-0.00662791,-0.0124825,0.00585456,40,1,0.031251
2024-04-24 00:00:00+00:00,-0.0052107,1.03998,1.17709,0.0492425,0.0097331,0.381243,0.000121956,2.5999e-05,1.97419e-05,0.000473406,-0.00549143,-0.0250911,0.0195996,40,0,0.0285639
2024-04-25 00:00:00+00:00,-0.000604564,1.03935,1.06878,0.0253907,0.00144098,0.351377,0.000112435,1.52731e-05,1.91956e-05,0.000250013,-0.000700675,-0.00311434,0.00241366,40,0,0.0287409
2024-04-26 00:00:00+00:00,-0.00091256,1.0384,1.05278,0.0154598,0.00193106,0.264446,8.46363e-05,3.00141e-05,1.11568e-05,6.70611e-05,-0.00084895,-0.0118428,0.0109938,40,0,0.0283826
2024-04-27 00:00:00+00:00,-0.000928336,1.03744,1.0267,0.00798761,-0.00106906,0.346513,0.000113743,3.82259e-05,2.14081e-05,0.000134239,-0.000878734,0.00375768,-0.00463641,40,1,0.0276974
2024-04-28 00:00:00+00:00,0.00405284,1.04165,1.04997,0.017049,0.00398588,0.279666,8.95275e-05,1.53967e-05,1.64379e-05,0.000186592,0.00399183,-0.0014475,0.00543932,40,0,0.0275086
2024-04-29 00:00:00+00:00,-0.00163371,1.03994,1.03039,0.016333,0.00181753,0.425383,0.000136138,2.16047e-05,2.83672e-05,0.000114108,-0.00155226,-0.00213635,0.00058409,39.8125,0,0.0268145
2024-04-30 00:00:00+00:00,0.0105252,1.05089,1.07561,0.0097026,0.0105789,0.377155,0.00012823,2.84787e-05,3.65205e-05,9.66037e-05,0.0106012,-0.0340235,0.0446247,40,2,0.0266688
2024-05-01 00:00:00+00:00,0.000980749,1.05192,1.07929,-0.00991935,0.00914241,0.372696,0.00012654,2.75235e-05,2.54046e-05,0.000143378,0.00103537,0.00964011,-0.00860475,40,1,0.026341
2024-05-02 00:00:00+00:00,-0.00578101,1.04584,1.10479,-0.0008808,0.0143017,0.34761,0.000111221,1.39206e-05,2.13339e-05,0.0001271,-0.00576837,0.00602759,-0.011796,40,0,0.0248905
2024-05-03 00:00:00+00:00,-0.00572502,1.03985,1.12928,0.00215439,0.00808977,0.298372,9.54879e-05,1.1936e-05,1.80907e-05,0.000118849,-0.00571646,0.0290749,-0.0347914,40,0,0.0218634
2024-05-04 00:00:00+00:00,-0.00510828,1.03454,1.04013,0.00664443,-0.00179966,0.222873,7.13046e-05,1.62416e-05,1.21498e-05,7.52722e-05,-0.00508363,0.00617022,-0.0112538,40,0,0.0195775
2024-05-05 00:00:00+00:00,0.00299683,1.03764,0.94282,0.00580049,-0.00477038,0.17137,5.48434e-05,6.85543e-06,9.95419e-06,0.000166407,0.00290908,0.00667198,-0.00376291,40,0,0.0178848
2024-05-06 00:00:00+00:00,-0.00012449,1.03751,0.798323,0.036058,0.0115921,0.318866,0.000107724,1.46512e-05,4.01031e-05,0.00012105,-7.50526e-05,-0.0064484,0.00637335,39.0625,2,0.0170581
2024-05-07 00:00:00+00:00,0.00432702,1.042,0.773539,0.0429177,0.00953082,0.16828,5.38544e-05,1.03968e-05,7.4841e-06,1.98613e-05,0.00437637,-0.00876843,0.0131448,39.5625,0,0.0185733
2024-05-08 00:00:00+00:00,0.0133622,1.05592,0.755896,0.0234903,-0.00075037,0.250985,8.03744e-05,1.00468e-05,2.59249e-05,1.34483e-05,0.0133894,0.0039944,0.00939495,40,0,0.0204374
2024-05-09 00:00:00+00:00,-0.000578304,1.05531,0.765927,0.0161669,-0.00562794,0.143102,4.57916e-05,1.1066e-05,9.85439e-06,1.88866e-05,-0.000523188,0.0117902,-0.0123134,39.9583,0,0.0212456
2024-05-10 00:00:00+00:00,6.4509e-06,1.05532,0.795442,0.0263621,-0.00764768,0.0571338,1.82823e-05,2.28529e-06,2.73373e-06,4.29805e-05,-9.19617e-06,-0.0171038,0.0170946,40,0,0.0193179
2024-05-11 00:00:00+00:00,0.00225986,1.0577,0.801617,0.0420568,0.00396927,0.120135,3.84404e-05,5.10225e-06,9.41808e-06,1.82416e-05,0.00229376,0.00142608,0.00086768,40,0,0.018719
2024-05-12 00:00:00+00:00,2.05889e-05,1.05773,0.806417,0.0452794,0.00170195,0.0264306,8.45931e-06,1.05741e-06,1.18479e-06,2.94749e-05,3.68616e-06,-0.00110395,0.00110764,40,0,0.0183754
2024-05-13 00:00:00+00:00,0.00280922,1.0607,0.808413,0.0602286,0.00727484,0.267879,9.203e-05,2.30193e-05,1.91887e-05,0.00046973,0.00248082,0.0022788,0.000202024,39.625,1,0.0200977
2024-05-14 00:00:00+00:00,-0.00364264,1.05683,0.827698,0.0717525,0.00923443,0.140327,4.49033e-05,9.02651e-06,8.18495e-06,0.000311536,-0.00388719,-0.0165442,0.012657,40,0,0.0197121
2024-05-15 00:00:00+00:00,0.000350462,1.0572,0.846042,0.0596974,0.0051461,0.129966,4.34255e-05,1.24092e-05,8.09471e-06,0.000235311,0.000192204,0.029329,-0.0291368,39.8542,1,0.0191064
2024-05-16 00:00:00+00:00,0.00810121,1.06577,0.814512,0.0494383,-0.00346983,0.172959,5.53599e-05,2.30375e-05,1.07108e-05,1.53125e-05,0.00815078,-0.0012022,0.00935297,40,0,0.0188828
2024-05-17 00:00:00+00:00,-0.00204001,1.06359,0.766103,0.0420192,-0.00362908,0.0511877,1.63756e-05,3.22328e-06,2.58878e-06,1.5695e-05,-0.00202849,0.0106022,-0.0126307,40,0,0.0173262
2024-05-18 00:00:00+00:00,-0.00385537,1.05949,0.766098,0.0406401,-0.00551042,0.050596,1.61901e-05,4.81623e-06,1.95755e-06,-9.47032e-06,-0.00382395,-0.00329931,-0.000524639,40,0,0.0183179
2024-05-19 00:00:00+00:00,0.00132342,1.0609,0.743634,0.0330763,-0.0123649,0.030601,9.7917e-06,3.0031e-06,8.36149e-07,-2.34877e-05,0.00136252,-0.0120442,0.0134068,40,0,0.0171466
2024-05-20 00:00:00+00:00,-0.00478402,1.05582,0.710805,0.0351565,-0.00970892,0.21374,7.44334e-05,4.98862e-05,1.3052e-05,4.59053e-05,-0.00468456,0.0300114,-0.034696,37.7292,1,0.0172864
2024-05-21 00:00:00+00:00,-0.00719843,1.04822,0.725426,0.0301923,-0.0027927,0.131913,4.59472e-05,7.3547e-06,5.67006e-06,-1.74926e-05,-0.00713514,-0.00141482,-0.00572033,39.9375,2,0.0168664
2024-05-22 00:00:00+00:00,-0.00433868,1.04367,0.688715,0.0295174,-0.00544608,0.0890644,3.0715e-05,6.33752e-06,5.38342e-06,-1.57869e-05,-0.00428138,-0.0064703,0.00218892,39.9792,1,0.0139226
2024-05-23 00:00:00+00:00,0.00414873,1.048,0.639431,0.0344887,0.00328712,0.0720917,2.66031e-05,5.80705e-06,4.85334e-06,-4.3878e-07,0.00418557,-0.00396719,0.00815276,38.9167,3,0.0148817
2024-05-24 00:00:00+00:00,-5.94636e-05,1.04794,0.5991,0.0248464,0.00107861,0.0616433,1.96975e-05,1.28815e-05,3.71147e-06,-2.35573e-06,-1.48789e-05,-0.00113092,0.00111604,39.3125,0,0.0159865
2024-05-25 00:00:00+00:00,-0.00356894,1.0442,0.62067,0.0257868,-0.00168324,0.0285098,9.12606e-06,3.10915e-06,8.03769e-07,1.48774e-06,-0.00355954,0.00376347,-0.007323,40,0,0.0166282
2024-05-26 00:00:00+00:00,0.00506159,1.04949,0.612983,0.0344848,0.00904852,0.0101732,3.25612e-06,4.07015e-07,3.85595e-07,-1.05939e-05,0.00506682,-0.00182024,0.00688706,40,0,0.00847973
2024-05-27 00:00:00+00:00,-0.0048447,1.0444,0.546503,0.0186275,0.000907917,0.112265,3.59344e-05,7.00737e-06,1.45846e-05,2.21602e-05,-0.00481367,0.00768225,-0.0124959,37,0,0.00898752
2024-05-28 00:00:00+00:00,-0.000374657,1.04401,0.512064,0.0142333,0.00725233,0.0358062,1.37359e-05,2.19148e-06,1.84835e-06,1.27808e-05,-0.000366632,-0.00393753,0.0035709,36.5417,1,0.00759277
2024-05-29 00:00:00+00:00,-0.00493605,1.03886,0.469649,0.0235768,0.0146162,0.0397533,1.75792e-05,2.36377e-05,3.08472e-06,7.44243e-06,-0.00490776,-0.00524562,0.000337858,35.0417,1,0.00457173
2024-05-30 00:00:00+00:00,-0.00385022,1.03486,0.461925,0.0221055,0.010272,0.00432665,1.38403e-06,1.73004e-07,1.60551e-07,-5.46178e-06,-0.00384648,-0.00386904,2.25629e-05,35,0,0.00206575
2024-05-31 00:00:00+00:00,0.000486334,1.03536,0.452362,0.0274353,0.0190364,0.00437635,1.40048e-06,1.7506e-07,1.5969e-07,-7.5764e-06,0.000497396,-5.26242e-05,0.00055002,35,0,0.0016914
2024-06-01 00:00:00+00:00,-0.000302892,1.03505,0.451833,0.0279322,0.0219963,0,0,0,0,-8.23842e-06,-0.000293763,0.000337847,-0.00063161,35,0,0.000541838
2024-06-02 00:00:00+00:00,-0.00246739,1.03249,0.445291,0.0281325,0.0198461,0.0109152,3.85238e-06,5.568e-07,6.82095e-07,-7.53692e-06,-0.00245595,-0.00390775,0.0014518,34.0417,1,0.000735963
2024-06-03 00:00:00+00:00,-0.00038963,1.03209,0.388115,0.00151136,0.000477041,0.0786808,2.51752e-05,6.30034e-06,6.29474e-06,5.24767e-06,-0.000355885,0.00185383,-0.00220972,32,0,0.00044969
2024-06-04 00:00:00+00:00,0.0025624,1.03473,0.380686,0.0043505,0.00336796,0.0230731,9.09247e-06,1.49237e-06,1.77005e-06,1.74903e-06,0.00257109,0.00707065,-0.00449956,31.7917,1,0.000771413
2024-06-05 00:00:00+00:00,-0.000432685,1.03429,0.369007,0.00301946,0.00317667,0.02179,8.76583e-06,1.46888e-06,2.61918e-07,1.95491e-05,-0.000441009,0.00286295,-0.00330395,30.6667,1,0.00219321
2024-06-06 00:00:00+00:00,-0.00203372,1.03218,0.36456,0.000235083,-0.00114386,0.0073233,2.34348e-06,2.92935e-07,1.12132e-07,-1.67501e-06,-0.00203011,-0.00404644,0.00201633,30.125,0,0.0034587
2024-06-07 00:00:00+00:00,-0.00204611,1.03007,0.347014,0.00166986,-0.00403899,0.0887935,3.53534e-05,5.86695e-06,1.14947e-05,2.23984e-06,-0.00199564,-0.0145204,0.0125247,30.8333,4,0.00750726
2024-06-08 00:00:00+00:00,-0.0018644,1.02815,0.289492,0.0102626,-0.00217233,0.00743714,2.37968e-06,2.9746e-07,7.28768e-07,1.98675e-05,-0.00188148,-0.00470774,0.00282626,29,0,0.0102107
2024-06-09 00:00:00+00:00,0.00103124,1.02921,0.284192,0.00983951,-0.00127085,0.00409863,1.31128e-06,1.6391e-07,6.79351e-08,1.46599e-05,0.00101802,0.00231357,-0.00129556,29,0,0.00862854
2024-06-10 00:00:00+00:00,-0.000379674,1.02882,0.267664,0.00540374,-0.00481651,0.0257241,8.23181e-06,1.02898e-06,3.5821e-06,3.73959e-06,-0.000369562,-0.00402431,0.00365475,28.7083,0,0.00706862
2024-06-11 00:00:00+00:00,0.000251825,1.02908,0.2574,0.00815186,-0.00111735,0.00767221,2.4557e-06,3.06963e-07,2.90177e-07,1.1777e-05,0.000244001,-0.00583522,0.00607922,29.375,0,0.00465582
2024-06-12 00:00:00+00:00,7.91939e-05,1.02916,0.259781,0.00941278,-0.000106116,0.00674674,2.15896e-06,2.6987e-07,2.67567e-07,8.90846e-06,7.37615e-05,0.00512024,-0.00504648,30.5417,0,0.00500346
2024-06-13 00:00:00+00:00,0.000554252,1.02973,0.253869,0.00775135,-0.000757941,0.00151172,7.55962e-07,1.51192e-07,5.89909e-08,5.87787e-06,0.000549782,-0.0064451,0.00699488,30.125,1,0.0031859
2024-06-14 00:00:00+00:00,0.00156473,1.03134,0.246039,0.00811047,-0.00231469,0.014483,6.12253e-06,1.07405e-06,1.10971e-06,1.53364e-05,0.00155807,-0.00258308,0.00414115,29.3333,2,0.00382794
2024-06-15 00:00:00+00:00,0.00130438,1.03269,0.24196,0.00846931,-0.00593986,0,0,0,0,1.24531e-05,0.00129138,0.00238936,-0.00109798,28,0,0.00259274
2024-06-16 00:00:00+00:00,0.000938746,1.03366,0.242538,0.010603,-0.00268894,0.00672749,2.15259e-06,2.69074e-07,1.49185e-07,2.30752e-05,0.000918262,0.00178474,-0.000866475,28,0,0.00101064
2024-06-17 00:00:00+00:00,0.00119213,1.03489,0.224822,0.00387348,-0.00910377,0.0260552,8.84908e-06,1.21243e-06,1.37339e-06,7.45178e-06,0.00119704,-0.00643495,0.007632,24.375,1,0.0022722
2024-06-18 00:00:00+00:00,0.00179925,1.03675,0.174313,-0.00212776,-0.00840468,0.0811758,3.41298e-05,5.96127e-06,8.90634e-06,5.73289e-08,0.00184733,-0.00574519,0.00759252,21.0833,6,0.00555608
2024-06-19 00:00:00+00:00,0.000426299,1.03719,0.17895,0.000478133,-0.00332464,0.00254848,8.15549e-07,1.01944e-07,3.11176e-08,-8.01241e-06,0.000435648,0.00156242,-0.00112677,21,0,0.00343951
2024-06-20 00:00:00+00:00,-0.00118623,1.03596,0.1832,0.00570957,-0.00091524,0.00709697,2.27098e-06,2.83872e-07,1.82288e-07,2.75064e-07,-0.00118406,-8.50968e-05,-0.00109896,21,0,0.002479
2024-06-21 00:00:00+00:00,0.00030082,1.03628,0.17699,0.00992295,0.00233777,0.00200454,6.41439e-07,8.01798e-08,5.15459e-08,2.31663e-07,0.000301749,-4.50597e-05,0.000346808,21,0,0.000349297
2024-06-22 00:00:00+00:00,0.00185957,1.0382,0.171162,0.0102879,0.00451146,0.0160801,5.14831e-06,6.43538e-07,6.43442e-07,-1.81951e-07,0.00186551,6.87404e-05,0.00179677,21.7917,0,0.00172919
2024-06-23 00:00:00+00:00,-0.00121597,1.03694,0.169259,0.0102093,0.00501547,0,0,0,0,-6.78757e-06,-0.00120942,-0.00280751,0.00159809,22,0,0.00199167
2024-06-24 00:00:00+00:00,-0.000696288,1.03622,0.143654,-0.00261286,-0.00924257,0.0248819,9.97944e-06,1.66786e-06,8.3942e-07,9.42667e-06,-0.000692646,-0.00107538,0.000382734,19.2292,1,0.00158503
2024-06-25 00:00:00+00:00,-0.000638579,1.03556,0.143239,-0.00356608,-0.00974105,0,0,0,0,4.8571e-06,-0.000643474,0.00110535,-0.00174883,19,0,0.00184752
2024-06-26 00:00:00+00:00,0.000268769,1.03583,0.143233,-0.00344073,-0.00796174,0,0,0,0,-1.39768e-06,0.0002703,-0.000714256,0.000984557,19,0,0.00228715
2024-06-27 00:00:00+00:00,-0.000520978,1.03529,0.145886,-0.00148988,-0.00419187,0.00204456,6.54142e-07,8.17678e-08,1.51733e-07,-6.59699e-09,-0.000519675,0.00218366,-0.00270334,19.875,0,0.00416468
2024-06-28 00:00:00+00:00,-0.000332543,1.03495,0.148218,-0.00205097,-0.00495453,0,0,0,0,-8.39069e-07,-0.000331381,-0.00204484,0.00171346,20,0,0.00323342
2024-06-29 00:00:00+00:00,0.000869352,1.03585,0.14636,-0.00160855,-0.00495764,0,0,0,0,-9.88736e-07,0.000870291,0.000165172,0.000705119,20,0,0.00307395
2024-06-30 00:00:00+00:00,-0.000730275,1.03509,0.145734,-0.00146265,-0.00594303,0,0,0,0,3.32123e-06,-0.000733343,0.00147198,-0.00220533,20,0,0.0025176
2024-07-01 00:00:00+00:00,-9.1773e-05,1.035,0.148435,-0.00227683,-0.00783245,0,0,0,0,1.2659e-06,-9.27621e-05,-0.00148712,0.00139436,20,0,0.00275706
2024-07-02 00:00:00+00:00,-0.000732397,1.03424,0.145689,-0.00227498,-0.0078086,0,0,0,0,3.93989e-06,-0.000736261,-0.000103734,-0.000632527,20,0,0.0035636
2024-07-03 00:00:00+00:00,0.000897023,1.03517,0.139548,-0.00406379,-0.00997154,0.00387621,1.9384e-06,3.8768e-07,2.90034e-07,-4.5649e-06,0.000904153,-0.00347989,0.00438404,19.5208,1,0.00379412
2024-07-04 00:00:00+00:00,0.00011914,1.03529,0.127518,-0.00676488,-0.00991921,0.00519174,2.59609e-06,2.72556e-06,3.60315e-07,-6.0882e-06,0.0001313,-0.0059126,0.0060439,18.0417,2,0.00496768
2024-07-05 00:00:00+00:00,-0.000347702,1.03493,0.10903,-0.0010418,-0.0034449,0.0601579,2.248e-05,3.48285e-06,5.06541e-06,1.11194e-06,-0.000316961,-0.00140328,0.00108632,18.3333,3,0.00653881
2024-07-06 00:00:00+00:00,-0.00133212,1.03355,0.120608,-0.000335994,-0.00274902,0.00434486,1.39053e-06,1.73817e-07,2.66564e-07,8.5413e-06,-0.00133931,0.00408308,-0.00542239,19.8542,0,0.00515631
2024-07-07 00:00:00+00:00,-0.000127056,1.03342,0.121702,0.00034822,-0.00180635,0,0,0,0,8.73531e-06,-0.000135509,-0.00485358,0.00471807,20,0,0.00395693
2024-07-08 00:00:00+00:00,2.94921e-05,1.03345,0.119338,3.92867e-05,-0.00220905,0,0,0,0,7.22961e-06,2.26438e-05,0.0014855,-0.00146286,20,0,0.0022928
2024-07-09 00:00:00+00:00,-0.000856753,1.03257,0.121553,0.000266586,-0.0022811,0,0,0,0,1.29817e-06,-0.000858219,0.000890316,-0.00174854,20,0,0.00312041
2024-07-10 00:00:00+00:00,0.00143116,1.03404,0.124035,0.0003253,-0.00224018,0,0,0,0,3.12132e-06,0.00142719,0.00135912,6.80677e-05,20,0,0.00540807
2024-07-11 00:00:00+00:00,-0.000557935,1.03347,0.124584,0.00171748,-0.000589788,0.0021373,6.83783e-07,8.54729e-08,1.30919e-07,-2.87172e-06,-0.000554158,-0.00156879,0.00101463,20.3333,0,0.00561443
2024-07-12 00:00:00+00:00,0.0011124,1.03462,0.124547,0.00346324,0.00204187,0,0,0,0,-2.50794e-06,0.00111452,0.0021185,-0.00100398,21,0,0.00510364
2024-07-13 00:00:00+00:00,-1.16161e-05,1.03461,0.127509,0.00364314,0.00126728,0,0,0,0,-1.32916e-06,-1.01133e-05,0.000923439,-0.000933552,21,0,0.00222121
2024-07-14 00:00:00+00:00,-0.000360603,1.03423,0.129976,0.00331708,0.000382184,0,0,0,0,2.51009e-06,-0.000362951,0.00144966,-0.00181262,21,0,0.00162031
2024-07-15 00:00:00+00:00,0.00117724,1.03545,0.129114,-0.000168591,-0.00289041,0.0096419,3.65612e-06,2.61552e-06,4.51742e-07,-9.7195e-07,0.00118475,0.0056552,-0.00447046,18.875,1,0.00144277
2024-07-16 00:00:00+00:00,-0.000337497,1.0351,0.128247,0.00046286,-0.000640642,0.00252999,8.09759e-07,1.0122e-07,1.44733e-07,-2.34575e-06,-0.000333681,-0.00019488,-0.0001388,18,0,0
2024-07-17 00:00:00+00:00,0.000137162,1.03524,0.130355,0.000195257,-0.000481441,0,0,0,0,3.00154e-06,0.000134538,-0.000864714,0.000999252,18,0,0
2024-07-18 00:00:00+00:00,-0.000250653,1.03498,0.127208,0.000313899,-0.00116354,0,0,0,0,-1.99114e-06,-0.000248503,-0.00122633,0.000977829,18,0,0
2024-07-19 00:00:00+00:00,-0.000607306,1.03435,0.126434,0.000307694,-0.00118545,0.0023857,7.63361e-07,9.54201e-08,9.76065e-08,-3.46128e-06,-0.000602857,0.00223539,-0.00283824,18,0,0.000340607
2024-07-20 00:00:00+00:00,-0.0012477,1.03306,0.129341,0.00154372,-0.000469546,0,0,0,0,-5.41791e-06,-0.00124264,0.000697983,-0.00194062,18,0,0.000243952
2024-07-21 00:00:00+00:00,-0.00300606,1.02996,0.123301,-0.000352252,-0.00319046,0.0349622,1.11828e-05,1.39786e-06,1.39253e-06,6.2224e-07,-0.0029962,0.000277908,-0.00327411,18,0,3.75834e-05
2024-07-22 00:00:00+00:00,-0.000564073,1.02938,0.0939239,-0.00472532,-0.00556639,0.00392139,1.25471e-06,1.56839e-07,1.65831e-07,3.48527e-06,-0.000565895,-0.00244872,0.00188282,17,0,0
2024-07-23 00:00:00+00:00,0.000319879,1.02971,0.0908063,-0.00478291,-0.00520595,0,0,0,0,1.73979e-06,0.000318244,-0.000981157,0.0012994,17,0,0
2024-07-24 00:00:00+00:00,0.000954934,1.03069,0.0889899,-0.00422837,-0.00344519,0,0,0,0,8.00349e-06,0.000946766,-0.000931082,0.00187785,17,0,0
2024-07-25 00:00:00+00:00,-1.42245e-05,1.03068,0.0841602,-0.00378134,-0.00139394,0,0,0,0,1.15604e-06,-1.52649e-05,-0.0010019,0.000986631,17,0,0
2024-07-26 00:00:00+00:00,-0.000259126,1.03041,0.0881496,-0.00388893,-0.00144239,0,0,0,0,-2.84757e-06,-0.00025613,0.00264682,-0.00290295,17,0,0
2024-07-27 00:00:00+00:00,0.00055063,1.03098,0.090283,-0.00378495,-0.00115822,0,0,0,0,-5.00494e-06,0.000555686,-0.000106337,0.000662023,17,0,0
2024-07-28 00:00:00+00:00,0.000421765,1.03141,0.088617,-0.00327465,-0.000545792,0,0,0,0,-7.9245e-06,0.000429808,-0.000355814,0.000785623,17,0,0
2024-07-29 00:00:00+00:00,0.00030582,1.03173,0.0848517,-0.00807963,-0.00565941,0.00480545,1.53763e-06,1.92204e-07,2.67606e-07,-3.65121e-06,0.000311797,-0.000125354,0.000437152,16,0,0
2024-07-30 00:00:00+00:00,0.000624736,1.03237,0.0826225,-0.0071819,-0.00494658,0,0,0,0,-7.83225e-06,0.000632467,-0.000407264,0.00103973,16,0,0
2024-07-31 00:00:00+00:00,9.00102e-05,1.03246,0.0812129,-0.00670092,-0.00496093,0,0,0,0,-1.91606e-06,9.2109e-05,-0.00111542,0.00120753,16,0,0
2024-08-01 00:00:00+00:00,-0.000502358,1.03194,0.0772438,-0.00705772,-0.00650478,0,0,0,0,4.84249e-07,-0.000502804,-0.000889794,0.00038699,16,0,0
2024-08-02 00:00:00+00:00,0.000358379,1.03231,0.0773921,-0.00482693,-0.00441996,0.00415362,1.32933e-06,2.55901e-07,7.53596e-08,4.78926e-06,0.000355278,-0.0026463,0.00300158,16,0,0
2024-08-03 00:00:00+00:00,-0.00032763,1.03198,0.0751585,-0.00318316,-0.00294579,0,0,0,0,6.49974e-06,-0.000334087,-0.00184003,0.00150594,16,0,0
2024-08-04 00:00:00+00:00,-0.000265636,1.0317,0.0708855,-0.00245688,-0.00191469,0.00237939,7.61374e-07,9.51718e-08,5.15685e-08,3.36361e-06,-0.000268062,-0.00233185,0.00206379,16,0,0
2024-08-05 00:00:00+00:00,0.00136551,1.03311,0.0304537,-0.00493109,-0.00492178,0.0395702,1.58788e-05,2.65464e-06,2.30203e-06,-1.42432e-06,0.0013874,-0.00184784,0.00323525,12.125,4,0
2024-08-06 00:00:00+00:00,-0.000134914,1.03297,0.0270706,-0.000225048,-0.000230261,0,0,0,0,6.86803e-06,-0.000141757,0.000578795,-0.000720552,12,0,0.000243725
2024-08-07 00:00:00+00:00,8.48333e-05,1.03306,0.0269664,-0.000177165,-0.000221127,0,0,0,0,2.92025e-06,8.19279e-05,-0.000435151,0.000517079,12,0,0.000209674
2024-08-08 00:00:00+00:00,-0.00074078,1.03229,0.0276432,-0.000408891,-0.000548513,0,0,0,0,4.72766e-06,-0.00074574,0.00144375,-0.00218949,12,0,0.000549317
2024-08-09 00:00:00+00:00,-0.000209469,1.03208,0.0291212,-0.00101289,-0.0013334,0,0,0,0,4.92707e-06,-0.000214388,-0.000306588,9.21997e-05,12,0,8.89584e-05
2024-08-10 00:00:00+00:00,7.00961e-05,1.03215,0.0293621,-0.00110667,-0.00148656,0,0,0,0,1.79153e-06,6.83207e-05,0.000156505,-8.81845e-05,12,0,0
2024-08-11 00:00:00+00:00,0.000137846,1.03229,0.0293314,-0.00101531,-0.0013685,0,0,0,0,2.91233e-06,0.000134944,-0.000737869,0.000872813,12,0,0
2024-08-12 00:00:00+00:00,-0.000729954,1.03154,0.0276501,0.000124495,-0.000181951,0.00275188,8.80506e-07,1.10063e-07,2.85663e-07,2.47563e-06,-0.000731364,0.000637098,-0.00136846,12,0,0
2024-08-13 00:00:00+00:00,0.000168886,1.03171,0.026994,0.00126582,0.000867965,0,0,0,0,1.59028e-06,0.000167302,1.71524e-05,0.000150149,12,0,0
2024-08-14 00:00:00+00:00,0.000182924,1.0319,0.0268643,0.00136399,0.000619486,0,0,0,0,3.24833e-06,0.000179669,-0.000247376,0.000427045,12,0,9.75971e-06
2024-08-15 00:00:00+00:00,2.08664e-05,1.03192,0.0262719,0.00140561,0.0004976,0,0,0,0,2.64189e-06,1.8242e-05,-0.000338648,0.00035689,12,0,0.000443176
2024-08-16 00:00:00+00:00,-5.94653e-05,1.03186,0.025775,0.00138838,0.000108813,4.82156e-05,1.54288e-08,1.9286e-09,4.79335e-10,4.71105e-06,-6.41513e-05,-8.91504e-05,2.49992e-05,11.5,0,0.00333473
2024-08-17 00:00:00+00:00,0.000123052,1.03199,0.025919,0.00142705,6.29896e-05,0,0,0,0,4.11943e-06,0.000118931,0.000357493,-0.000238562,11,0,0.00538594
2024-08-18 00:00:00+00:00,-1.93231e-06,1.03199,0.0262639,0.00143932,-4.53362e-05,0,0,0,0,2.48923e-06,-4.41309e-06,-0.000148081,0.000143668,11,0,0.00705157
2024-08-19 00:00:00+00:00,0.000161678,1.03215,0.0260682,0.00149062,0.000179822,0,0,0,0,4.17873e-06,0.000157511,0.000372008,-0.000214497,11,0,0.00668962
2024-08-20 00:00:00+00:00,0.000290412,1.03245,0.0270744,0.00183138,0.000857834,0,0,0,0,9.67525e-07,0.000289439,0.000374192,-8.47529e-05,11,0,0.00564913
2024-08-21 00:00:00+00:00,-0.000153986,1.03229,0.027131,0.00172898,0.00103342,0,0,0,0,2.07959e-06,-0.000156061,0.000281613,-0.000437674,11,0,0.00224648
2024-08-22 00:00:00+00:00,0.000120702,1.03242,0.0280372,0.0018878,0.0016948,0,0,0,0,1.69466e-06,0.000119041,0.00036085,-0.000241808,11,0,0.000298236
2024-08-23 00:00:00+00:00,-3.75975e-05,1.03238,0.0290973,0.00170533,0.00145733,0,0,0,0,6.09997e-06,-4.36602e-05,0.00094467,-0.00098833,11,0,0.000112335
2024-08-24 00:00:00+00:00,4.62226e-05,1.03243,0.0303595,0.00182891,0.00212916,0,0,0,0,1.7035e-06,4.45536e-05,0.000147649,-0.000103096,11,0,0.000154092
2024-08-25 00:00:00+00:00,2.23935e-05,1.03245,0.0297951,0.00186317,0.00234024,0,0,0,0,6.66241e-07,2.17472e-05,-0.000360909,0.000382656,11,0,0.00312751
2024-08-26 00:00:00+00:00,5.52489e-05,1.03251,0.0280318,0.00301829,0.0037691,0.00417784,1.33697e-06,1.67122e-07,2.45839e-07,5.1429e-07,5.65243e-05,-0.00065428,0.000710804,10.4583,0,0.00587106
2024-08-27 00:00:00+00:00,-7.58079e-05,1.03243,0.0293613,0.00101603,0.00176269,0.00217742,6.96786e-07,8.70983e-08,8.90032e-08,4.63991e-06,-7.9532e-05,-0.000657153,0.000577621,11,0,0.00610832
2024-08-28 00:00:00+00:00,0.000236242,1.03267,0.0294583,-0.000107176,0.000316293,0,0,0,0,2.39148e-05,0.000212409,0.000200144,1.22654e-05,11,0,0.00570531
2024-08-29 00:00:00+00:00,-0.000192281,1.03248,0.029628,-0.000131357,-9.76911e-05,0,0,0,0,8.61122e-05,-0.000278382,-0.000332562,5.41803e-05,11,0,0.0052316
2024-08-30 00:00:00+00:00,-0.000126758,1.03234,0.0288556,-0.000470576,-0.000437457,0,0,0,0,8.18874e-06,-0.000134934,-0.000135492,5.57841e-07,11,0,0.00376411
2024-08-31 00:00:00+00:00,-6.46868e-05,1.03228,0.028835,-0.000464555,-0.00044071,0,0,0,0,2.68333e-06,-6.73618e-05,-0.000145171,7.78096e-05,11,0,0.00282682
2024-09-01 00:00:00+00:00,7.75298e-05,1.03236,0.0281002,-0.000516177,-0.000441326,0,0,0,0,6.41173e-07,7.68946e-05,-0.000705988,0.000782883,11,0,0.00161889
2024-09-02 00:00:00+00:00,9.0682e-05,1.03245,0.0277079,-0.00043812,-0.000322117,0,0,0,0,8.60047e-07,8.9828e-05,0.000534231,-0.000444403,11,0,0.00120447
2024-09-03 00:00:00+00:00,0.00019891,1.03266,0.0279971,-0.000232534,-0.000134895,0,0,0,0,1.49622e-06,0.000197418,-0.000401145,0.000598563,11,0,0.000122872
2024-09-04 00:00:00+00:00,0.000164361,1.03283,0.0261212,-0.00100261,-0.00110607,0.000907845,4.53947e-07,9.07894e-08,2.16135e-08,4.16339e-07,0.000164519,7.89776e-05,8.55415e-05,10.0417,1,0
2024-09-05 00:00:00+00:00,-0.000353526,1.03246,0.0261317,-0.00106146,-0.00102145,0,0,0,0,-3.30234e-07,-0.000353241,-0.000251826,-0.000101415,10,0,0
2024-09-06 00:00:00+00:00,0.000161085,1.03263,0.025847,-0.00119039,-0.00096173,0,0,0,0,-5.61051e-07,0.00016165,-0.000362444,0.000524094,10,0,0
2024-09-07 00:00:00+00:00,-9.21671e-05,1.03253,0.0256154,-0.00112381,-0.000945118,0,0,0,0,7.93483e-07,-9.29603e-05,0.00019373,-0.00028669,10,0,0
2024-09-08 00:00:00+00:00,-6.37009e-05,1.03247,0.0260138,-0.00121135,-0.000902568,0,0,0,0,1.35799e-06,-6.50503e-05,0.000252157,-0.000317207,10,0,0
2024-09-09 00:00:00+00:00,-0.000466706,1.03198,0.0268726,-0.00152714,-0.00118017,0,0,0,0,1.21045e-06,-0.000467998,0.000393048,-0.000861046,10,0,0
2024-09-10 00:00:00+00:00,-0.000334508,1.03164,0.0276141,-0.00185351,-0.00135766,0,0,0,0,1.2463e-06,-0.000335792,-3.2954e-05,-0.000302838,10,0,0
2024-09-11 00:00:00+00:00,0.000245283,1.03189,0.0272631,-0.00185089,-0.0013909,0,0,0,0,7.20868e-07,0.000244555,-6.30165e-05,0.000307571,10,0,0
2024-09-12 00:00:00+00:00,-2.09607e-05,1.03187,0.0278476,-0.00178559,-0.00123597,0,0,0,0,-4.30225e-06,-1.66307e-05,0.000300159,-0.00031679,10,0,0
2024-09-13 00:00:00+00:00,-7.67946e-05,1.03179,0.028413,-0.00194091,-0.0013042,0,0,0,0,-8.96322e-07,-7.58821e-05,0.000389297,-0.000465179,10,0,0
2024-09-14 00:00:00+00:00,2.29811e-05,1.03182,0.0286722,-0.0019399,-0.00125303,0,0,0,0,5.67527e-07,2.24232e-05,-0.00021502,0.000237444,10,0,0
2024-09-15 00:00:00+00:00,0.000292482,1.03212,0.0283899,-0.00178517,-0.00123553,0,0,0,0,9.03807e-07,0.000291549,-0.000245847,0.000537395,10,0,0
2024-09-16 00:00:00+00:00,-7.31204e-05,1.03204,0.0259444,-0.000234451,-0.000167501,0.00140664,4.50114e-07,1.99512e-07,3.66659e-08,1.37777e-06,-7.38074e-05,-0.000308213,0.000234406,9,0,0
2024-09-17 00:00:00+00:00,7.48092e-05,1.03212,0.0260493,-0.000235272,-0.000246572,0,0,0,0,2.26076e-06,7.25563e-05,0.000233136,-0.00016058,9,0,0
2024-09-18 00:00:00+00:00,-1.31756e-06,1.03212,0.0261335,-0.000238797,-0.000367946,0,0,0,0,2.4773e-06,-3.78438e-06,0.000404602,-0.000408387,9,0,0
2024-09-19 00:00:00+00:00,7.91171e-05,1.0322,0.0274429,-0.000185848,-8.69514e-05,0,0,0,0,3.30468e-06,7.58337e-05,0.000270511,-0.000194677,9,0,0
2024-09-20 00:00:00+00:00,0.000102746,1.03231,0.027678,-0.00012721,0.000283472,0,0,0,0,1.44972e-06,0.0001013,0.00016987,-6.85708e-05,9,0,0
2024-09-21 00:00:00+00:00,0.000119331,1.03243,0.0278982,5.22602e-05,0.000408343,0,0,0,0,1.18486e-06,0.000118149,0.000477973,-0.000359824,9,0,0.00068413
2024-09-22 00:00:00+00:00,6.45561e-05,1.03249,0.0278623,0.000109339,0.000597996,0,0,0,0,8.27893e-07,6.37404e-05,-0.000304908,0.000368648,9,0,0.00183357
2024-09-23 00:00:00+00:00,0.000109699,1.03261,0.0280932,0.000228558,0.00049033,0,0,0,0,5.5859e-07,0.000109152,0.000239398,-0.000130246,9,0,0.00335665
2024-09-24 00:00:00+00:00,9.17327e-05,1.0327,0.0283089,0.000361078,0.000517666,0,0,0,0,3.27675e-07,9.14237e-05,0.000280224,-0.0001888,9,0,0.00117738
2024-09-25 00:00:00+00:00,-0.000258844,1.03244,0.0288194,0.000211764,0.000285322,0,0,0,0,1.47334e-06,-0.000260325,-0.000136935,-0.00012339,9,0,5.84527e-06
2024-09-26 00:00:00+00:00,0.000842483,1.03331,0.0299399,0.000505094,0.000938396,0,0,0,0,-7.03161e-07,0.000843,0.00151036,-0.00066736,9,0,0
2024-09-27 00:00:00+00:00,0.000661896,1.03399,0.0308309,0.000158611,0.00159525,0.00289259,9.25915e-07,1.15739e-07,2.01768e-07,-1.29867e-07,0.000663187,0.00116074,-0.000497558,9,0,0
2024-09-28 00:00:00+00:00,-0.000180227,1.0338,0.029482,-0.00135673,0.000333746,0,0,0,0,-2.60494e-06,-0.000177598,-0.000164199,-1.33998e-05,9,0,0
2024-09-29 00:00:00+00:00,-2.04267e-05,1.03378,0.0291491,-0.00146505,7.77591e-05,0,0,0,0,-2.48361e-06,-1.79296e-05,-0.000254888,0.000236958,9,0,0
2024-09-30 00:00:00+00:00,5.73422e-06,1.03379,0.0280412,-0.00160833,-0.000238368,0,0,0,0,-9.98555e-07,6.75466e-06,-0.000874241,0.000880995,9,0,0
2024-10-01 00:00:00+00:00,8.70352e-05,1.03388,0.0269983,-0.00140567,-0.000225588,0,0,0,0,-4.76555e-06,9.18288e-05,-0.000812489,0.000904317,9,0,0
2024-10-02 00:00:00+00:00,2.56852e-05,1.0339,0.0255598,-0.00140378,-0.000771725,0,0,0,0,-3.84392e-06,2.95422e-05,-0.000155112,0.000184654,9,0,0
2024-10-03 00:00:00+00:00,-0.000202345,1.0337,0.0250232,-0.00145128,-0.000898388,0,0,0,0,-5.42865e-07,-0.000201806,-0.000113218,-8.8588e-05,9,0,0
2024-10-04 00:00:00+00:00,0.000215357,1.03392,0.0256791,-0.00141221,-0.000585047,0,0,0,0,-3.80211e-06,0.000219148,0.000554,-0.000334852,9,0,0
2024-10-05 00:00:00+00:00,0.000186688,1.03411,0.0259327,-0.00124894,-0.000225024,0,0,0,0,1.41131e-06,0.000185267,2.11241e-05,0.000164143,9,0,0
2024-10-06 00:00:00+00:00,0.000124706,1.03424,0.0260519,-0.00112305,8.94057e-05,0,0,0,0,2.76248e-06,0.000121954,0.000394721,-0.000272767,9,0,0
2024-10-07 00:00:00+00:00,-7.14565e-05,1.03417,0.0266634,-0.00106774,0.000529049,0,0,0,0,1.63108e-06,-7.30725e-05,-0.000287233,0.00021416,9,0,0
2024-10-08 00:00:00+00:00,0.000256254,1.03443,0.0260201,-0.000990951,0.000450494,0,0,0,0,3.8737e-06,0.000252359,9.55145e-05,0.000156845,9,0,0
2024-10-09 00:00:00+00:00,-5.04791e-05,1.03438,0.0259038,-0.000894585,0.00033678,0,0,0,0,6.46382e-06,-5.69237e-05,-0.00029344,0.000236516,9,0,0
2024-10-10 00:00:00+00:00,-7.10741e-05,1.03431,0.0253016,-0.000918654,0.000100257,0,0,0,0,2.91665e-06,-7.39849e-05,-5.38007e-05,-2.01842e-05,9,0,0
2024-10-11 00:00:00+00:00,6.7414e-05,1.03437,0.0257838,-0.000986765,0.000313634,0,0,0,0,8.35347e-07,6.65898e-05,0.000409125,-0.000342535,9,0,0
2024-10-12 00:00:00+00:00,1.72853e-05,1.03439,0.0263362,-0.000916693,0.000451076,0,0,0,0,2.03607e-06,1.52589e-05,0.000109885,-9.46259e-05,9,0,0
2024-10-13 00:00:00+00:00,-5.6429e-05,1.03433,0.026069,-0.00098739,0.000352771,0,0,0,0,1.1416e-06,-5.75659e-05,-0.000142631,8.5065e-05,9,0,0
2024-10-14 00:00:00+00:00,3.96914e-05,1.03438,0.0268303,-0.000919521,0.000291867,0,0,0,0,2.08113e-06,3.76279e-05,0.000719974,-0.000682346,9,0,2.99197e-05
2024-10-15 00:00:00+00:00,-2.62498e-05,1.03435,0.0271519,-0.00094298,0.000236315,0,0,0,0,6.72291e-07,-2.69022e-05,-0.000137239,0.000110337,9,0,0.000181661
2024-10-16 00:00:00+00:00,-0.000139118,1.0342,0.027494,-0.00109853,-0.000325463,0,0,0,0,3.91533e-07,-0.000139492,0.00013469,-0.000274182,9,0,0.00137995
2024-10-17 00:00:00+00:00,-0.000263745,1.03393,0.0271981,-0.00116875,-0.000410171,0,0,0,0,1.79897e-06,-0.000265557,-0.000281765,1.62078e-05,9,0,0.000102232
2024-10-18 00:00:00+00:00,-0.000172607,1.03375,0.0280697,-0.00138246,-0.000288509,0,0,0,0,2.30555e-06,-0.000174863,0.000364634,-0.000539497,9,0,0.00156468
2024-10-19 00:00:00+00:00,-0.000137198,1.03361,0.028686,-0.00160658,-0.000354427,0,0,0,0,2.39704e-06,-0.000139559,0.00014457,-0.000284129,9,0,0.00259127
2024-10-20 00:00:00+00:00,-0.000166941,1.03344,0.0286443,-0.00179727,-0.00106316,0,0,0,0,2.64338e-06,-0.00016956,9.84141e-05,-0.000267974,9,0,0.00366818
2024-10-21 00:00:00+00:00,-8.10182e-05,1.03336,0.0292512,-0.00152315,-0.000990251,0.00204472,6.54297e-07,8.17871e-08,1.42742e-07,1.22889e-06,-8.1341e-05,-0.000325833,0.000244492,9.20833,0,0.00387122
2024-10-22 00:00:00+00:00,-0.000231502,1.03312,0.0302409,-7.18626e-05,-0.000398472,0,0,0,0,1.92302e-06,-0.000233419,-0.00043103,0.000197612,10,0,0.00396133
2024-10-23 00:00:00+00:00,-0.000418913,1.03268,0.0292757,-0.000323651,-0.000780563,0,0,0,0,1.97681e-06,-0.000420959,-0.000624941,0.000203982,10,0,0.00287766
2024-10-24 00:00:00+00:00,9.98359e-05,1.03279,0.0296121,-0.000160273,-0.000637925,0.00210092,6.72312e-07,8.4039e-08,9.82024e-08,1.61703e-06,9.90898e-05,0.000234608,-0.000135518,10.125,0,0.00423436
2024-10-25 00:00:00+00:00,-0.000203506,1.03258,0.0323338,0.00310019,0.00402372,0.00210364,6.73112e-07,8.4139e-08,9.41188e-08,5.09638e-07,-0.000203099,-0.00129665,0.00109355,11,0,0.00666421
2024-10-26 00:00:00+00:00,-4.77839e-05,1.03253,0.0323246,0.00298196,0.00300622,0.00201321,6.44235e-07,8.05294e-08,1.4094e-07,2.55166e-06,-4.94149e-05,0.000322378,-0.000371793,11.2708,0,0.00754578
2024-10-27 00:00:00+00:00,-0.000295241,1.03222,0.0339819,0.00142566,0.00158068,0.00213764,6.83913e-07,8.54891e-08,1.20848e-07,1.64114e-06,-0.000295973,0.000126281,-0.000422255,12,0,0.00929253
2024-10-28 00:00:00+00:00,-0.000461963,1.03174,0.0359082,0.00155099,0.00227323,0.00724447,2.31835e-06,8.112e-07,3.95559e-07,2.59453e-06,-0.000460966,0.000396718,-0.000857683,13.1458,0,0.0118242
2024-10-29 00:00:00+00:00,-0.000246939,1.03149,0.0421625,0.00373486,0.00526269,0.00426146,1.36361e-06,1.70451e-07,1.23606e-07,-2.92999e-06,-0.000242282,0.000509867,-0.000752149,15.125,0,0.0113431
2024-10-30 00:00:00+00:00,7.70621e-05,1.03157,0.0407449,0.00277019,0.00336431,0.00202547,6.48166e-07,8.10208e-08,1.25832e-07,-5.70652e-06,8.36628e-05,-0.000511319,0.000594982,16,0,0.00975202
2024-10-31 00:00:00+00:00,-0.000336431,1.03122,0.0393812,0.0010171,0.00145659,0.00217991,6.97546e-07,8.71933e-08,8.93582e-08,1.07482e-06,-0.000336648,-0.000843342,0.000506694,16,0,0.00917841
2024-11-01 00:00:00+00:00,0.00039154,1.03163,0.0396895,-0.000550641,0.000206075,0,0,0,0,1.99713e-06,0.000389525,-0.00012682,0.000516345,16,0,0.00761825
2024-11-02 00:00:00+00:00,-0.00031532,1.0313,0.0392132,-0.000485272,0.000724538,0,0,0,0,1.54321e-06,-0.000316879,-0.000418515,0.000101636,16,0,0.00949366
2024-11-03 00:00:00+00:00,-0.000291057,1.031,0.0396847,0.00133056,0.00255873,0.00203656,6.51676e-07,8.14595e-08,7.82176e-08,1.34984e-06,-0.000291587,-0.000826775,0.000535187,16,0,0.00998037
2024-11-04 00:00:00+00:00,-0.000399355,1.03059,0.0364111,0.00347383,0.00317471,0.0126188,4.89566e-06,1.16249e-06,6.31888e-07,1.39648e-06,-0.000394096,-0.00075685,0.000362754,15.125,1,0.0115172
2024-11-05 00:00:00+00:00,0.000475217,1.03108,0.0339199,0.00145044,0.000513419,0.00200236,6.40813e-07,8.01017e-08,3.61248e-08,8.32746e-06,0.000467579,0.00118229,-0.000714711,15,0,0.0112721
2024-11-06 00:00:00+00:00,-0.00161167,1.02942,0.0455738,0.000702162,0.000814711,0.025943,8.82951e-06,1.56367e-06,1.52974e-06,9.26669e-06,-0.00161005,0.00146753,-0.00307758,15.5625,1,0.0108747
2024-11-07 00:00:00+00:00,4.34914e-05,1.02946,0.0559686,-0.00323702,-0.00323256,0,0,0,0,5.6271e-06,3.82111e-05,-5.26005e-05,9.08117e-05,16,0,0.00798859
2024-11-08 00:00:00+00:00,-0.00131255,1.02811,0.058128,-0.000984968,-0.00129912,0.00686537,2.2612e-06,2.96084e-07,3.59925e-07,4.74338e-06,-0.00131481,-0.000297498,-0.00101732,16.6667,1,0.00985946
2024-11-09 00:00:00+00:00,0.000760927,1.02889,0.0681937,0.00309157,0.00120028,0.0104184,3.33385e-06,4.16731e-07,6.25926e-07,6.06314e-06,0.000759467,0.00217597,-0.0014165,18.5625,0,0.0109048
2024-11-10 00:00:00+00:00,0.00128255,1.03021,0.0914531,0.00390566,-0.00250276,0.0556385,1.91493e-05,2.89868e-06,3.58319e-06,1.67587e-05,0.00129168,0.00313101,-0.00183933,24.6667,1,0.00980422
2024-11-11 00:00:00+00:00,0.000786737,1.03102,0.0976404,0.000514122,-0.00420857,0.0119101,4.48941e-06,4.21867e-06,1.16114e-06,3.52542e-05,0.000762474,0.00385908,-0.00309661,25.7083,1,0.00761231
2024-11-12 00:00:00+00:00,0.00105956,1.03212,0.0920751,0.00284678,-0.000274648,0.019579,7.17704e-06,1.08666e-06,1.08952e-06,1.84547e-05,0.00105124,-0.000717022,0.00176826,25.5833,1,0.00872569
2024-11-13 00:00:00+00:00,0.00118585,1.03334,0.090971,0.00226671,-0.000475851,0.02389,9.53298e-06,1.58442e-06,1.70197e-06,1.42099e-05,0.00118552,0.000717229,0.000468296,27.0833,2,0.00774112
2024-11-14 00:00:00+00:00,-3.49542e-05,1.0333,0.099874,0.00371714,0.000678752,0.0126757,4.05778e-06,5.07222e-07,1.01638e-06,1.71271e-05,-4.55856e-05,-0.00263219,0.0025866,29.8542,0,0.00602734
2024-11-15 00:00:00+00:00,0.000551762,1.03387,0.0980399,0.0054943,0.00364502,0.0112532,3.76021e-06,5.03194e-07,3.03223e-07,7.12825e-06,0.000549567,0.00318731,-0.00263775,30.875,1,0.00632919
2024-11-16 00:00:00+00:00,-0.000113928,1.03376,0.100859,0.0052479,0.00333044,0.00423038,1.35352e-06,1.6919e-07,1.10336e-07,2.19239e-05,-0.000133666,0.00108629,-0.00121996,31.4583,0,0.00820208
2024-11-17 00:00:00+00:00,0.000517281,1.03429,0.107179,0.00940023,0.0029651,0.0279917,8.96049e-06,2.85188e-06,2.39407e-06,2.7999e-05,0.000504405,-0.000228393,0.000732798,33.6667,0,0.0097568
2024-11-18 00:00:00+00:00,0.000401125,1.03471,0.112322,0.00653224,-0.00267823,0.0349788,1.11944e-05,4.89346e-06,2.38597e-06,5.89611e-06,0.000414844,0.00190654,-0.0014917,33,0,0.0111633
2024-11-19 00:00:00+00:00,0.000150979,1.03486,0.122214,0.0125772,0.000115268,0.00617406,1.97557e-06,2.46946e-07,3.73513e-07,4.6738e-07,0.000154366,-0.00178298,0.00193734,33,0,0.0115945
2024-11-20 00:00:00+00:00,0.00141873,1.03633,0.123815,0.0144033,-0.000457181,0.0192609,6.16342e-06,7.70428e-07,1.05388e-06,-5.16693e-06,0.00143154,-0.0017,0.00313154,33.7708,0,0.0121597
2024-11-21 00:00:00+00:00,0.000978411,1.03734,0.135435,0.0158433,-0.00163237,0.0114291,3.6576e-06,4.572e-07,5.94997e-07,-9.8829e-06,0.000993893,0.00409635,-0.00310246,36.3542,0,0.0145551
2024-11-22 00:00:00+00:00,0.000935279,1.03831,0.151779,0.0163689,0.0026753,0.0828633,2.75069e-05,5.98184e-06,3.94113e-06,-6.28389e-06,0.000980732,0.00366478,-0.00268405,37.8542,1,0.0179674
2024-11-23 00:00:00+00:00,-0.000792975,1.03749,0.194469,0.0195147,0.00457253,0.108236,4.0335e-05,3.69543e-05,9.7088e-06,3.91961e-06,-0.000705353,0.00379522,-0.00450058,39.875,2,0.0173795
2024-11-24 00:00:00+00:00,-0.00188587,1.03553,0.201616,0.0164072,-0.000187116,0.0394802,1.29755e-05,9.45666e-06,4.6055e-06,-3.25568e-06,-0.00185386,0.000670276,-0.00252414,39.125,1,0.0164353
2024-11-25 00:00:00+00:00,0.000613318,1.03617,0.219226,0.0180288,0.00101246,0.151425,4.8969e-05,3.72352e-05,1.31196e-05,-2.85164e-06,0.00071948,-0.00445692,0.0051764,39.7917,1,0.0167214
2024-11-26 00:00:00+00:00,0.00231635,1.03857,0.233459,0.0147106,0.00194492,0.0704514,2.25447e-05,6.75801e-06,4.51544e-06,-4.63127e-06,0.00235569,-0.00218437,0.00454006,40,0,0.0176373
2024-11-27 00:00:00+00:00,0.00606146,1.04486,0.262762,0.0164351,0.00462079,0.0404698,1.29528e-05,3.90187e-06,1.69008e-06,1.56308e-05,0.00605067,0.0104167,-0.00436603,40,0,0.0200617
2024-11-28 00:00:00+00:00,-0.00362528,1.04108,0.283052,0.0200461,0.00562732,0.0608955,1.94792e-05,1.41699e-05,2.86839e-06,2.37559e-06,-0.00359185,-0.000307657,-0.00328419,40,0,0.0213948
2024-11-29 00:00:00+00:00,-0.000392439,1.04067,0.311229,0.0225159,0.00746255,0.0785325,2.50841e-05,1.69508e-05,3.81301e-06,6.02031e-06,-0.000333639,0.00684681,-0.00718045,40,0,0.0196844
2024-11-30 00:00:00+00:00,0.00121961,1.04194,0.328607,0.02266,0.00863389,0.0885232,2.94571e-05,1.80986e-05,3.92374e-06,3.47019e-05,0.00124132,0.00229815,-0.00105683,39.8542,1,0.0208909
2024-12-01 00:00:00+00:00,0.000797666,1.04277,0.364919,0.0173713,0.00223243,0.113294,3.62272e-05,2.80971e-05,4.97558e-06,1.34821e-05,0.000877185,0.00689126,-0.00601407,40,0,0.0221429
2024-12-02 00:00:00+00:00,0.0123743,1.05567,0.451569,0.0241814,0.00819578,0.499904,0.000167461,0.000140271,3.91422e-05,6.54645e-06,0.0126523,0.011913,0.000739296,39.8333,1,0.0232696
2024-12-03 00:00:00+00:00,0.00649342,1.06253,0.469028,0.0203135,0.00990597,0.314421,0.000100752,4.84691e-05,2.72941e-05,3.24098e-05,0.00667271,0.0111376,-0.00446493,40,0,0.0252934
2024-12-04 00:00:00+00:00,0.00443195,1.06724,0.482535,0.0186449,0.00901013,0.441644,0.000144614,4.27007e-05,4.16272e-05,1.95251e-05,0.00464494,0.00733682,-0.00269188,40,2,0.0275917
2024-12-05 00:00:00+00:00,-0.00755989,1.05917,0.543372,0.0413437,0.00960991,0.388297,0.000130272,3.53202e-05,1.77847e-05,3.54098e-05,-0.00740921,-0.00254653,-0.00486268,39.7708,2,0.0274121
2024-12-06 00:00:00+00:00,0.00170794,1.06098,0.506319,0.0397746,0.00709413,0.309628,9.90846e-05,2.87151e-05,1.53061e-05,5.61445e-05,0.00180591,0.0119129,-0.010107,40,0,0.0265611
2024-12-07 00:00:00+00:00,-0.00798773,1.0525,0.54427,0.0359727,0.00457751,0.294894,9.42934e-05,2.08191e-05,1.44156e-05,6.47637e-05,-0.00791651,0.00449681,-0.0124133,40,0,0.0255751
2024-12-08 00:00:00+00:00,0.00530163,1.05808,0.525401,0.0261253,0.00307905,0.199382,6.38109e-05,1.13609e-05,9.62463e-06,2.88237e-05,0.00535483,0.00189695,0.00345788,40,0,0.0238252
2024-12-09 00:00:00+00:00,0.00258018,1.06081,0.543282,0.0402069,0.0141161,0.529124,0.000173919,4.55033e-05,3.62829e-05,-6.93572e-06,0.0028654,-0.0382541,0.0411195,39.875,4,0.0261263
2024-12-10 00:00:00+00:00,0.0163058,1.07811,0.530013,0.0274445,0.0149614,0.503032,0.000162163,2.32247e-05,2.78145e-05,-1.79336e-05,0.016435,0.00133167,0.0151033,39.9167,1,0.029266
2024-12-11 00:00:00+00:00,0.00844235,1.08721,0.664021,0.0336981,0.00911706,0.448926,0.000143705,2.60023e-05,2.524e-05,2.6005e-05,0.00859741,0.0292134,-0.020616,40,0,0.0318283
2024-12-12 00:00:00+00:00,0.00288272,1.09035,0.77978,0.0370188,0.00528648,0.449605,0.000143896,2.197e-05,2.49283e-05,1.03042e-05,0.00307081,0.001717,0.00135381,40,0,0.0328512
2024-12-13 00:00:00+00:00,0.00895051,1.1001,0.900057,0.0452474,0.00838698,0.588792,0.00018846,2.59076e-05,2.57681e-05,1.15486e-05,0.0091543,0.0113463,-0.00219201,40,0,0.033195
2024-12-14 00:00:00+00:00,0.00229074,1.10262,0.886146,0.0381053,0.00728043,0.567786,0.000181725,4.1412e-05,2.83235e-05,-9.34658e-05,0.00264641,-0.0163291,0.0189755,40,0,0.0351864
2024-12-15 00:00:00+00:00,0.00495316,1.10809,0.998519,0.0396846,0.00944101,0.552387,0.000176789,5.26852e-05,2.2553e-05,-2.11198e-05,0.0052379,0.0185525,-0.0133146,40,0,0.0373139
2024-12-16 00:00:00+00:00,0.0108442,1.1201,1.18604,0.0296189,0.0193246,1.25877,0.000402769,6.95819e-05,9.58214e-05,-2.88939e-05,0.0113998,-0.0077886,0.0191884,40,0,0.0401221
2024-12-17 00:00:00+00:00,0.00200173,1.12234,1.24979,0.0295449,0.0178349,0.555323,0.000177638,0.000183438,2.49683e-05,-1.36924e-06,0.00242924,-0.0146369,0.0170661,40,0,0.0402539
2024-12-18 00:00:00+00:00,-0.000313438,1.12199,1.21577,0.0489895,0.0181076,0.853266,0.000273018,0.000114799,7.20075e-05,6.33128e-06,0.000167249,-0.0601288,0.0602961,40,0,0.0413296
2024-12-19 00:00:00+00:00,0.00651833,1.12931,1.46817,-0.0226572,0.00675016,1.8873,0.000649189,0.000124616,0.000228817,9.31875e-05,0.00745789,-0.0665296,0.0739874,40,6,0.0416504
2024-12-20 00:00:00+00:00,0.00960468,1.14015,1.61932,-0.0213165,0.00108873,2.03412,0.000666749,0.000120467,0.000193232,0.000117844,0.0104758,0.0385124,-0.0280366,40,2,0.0425691
2024-12-21 00:00:00+00:00,0.00531253,1.14621,1.55456,-0.0221313,0.00246304,1.71324,0.000548429,6.99747e-05,0.000129156,0.000147645,0.00594257,-0.0405992,0.0465417,40,0,0.0432688
2024-12-22 00:00:00+00:00,0.00896285,1.15648,1.71364,-0.0120173,0.00798188,1.0066,0.000322216,4.90509e-05,7.02628e-05,0.000130014,0.00925762,0.00270093,0.0065567,40,0,0.0425393
2024-12-23 00:00:00+00:00,0.00136726,1.15806,1.80569,-0.0102459,-0.0163859,1.65038,0.000528269,6.60337e-05,0.000201741,0.00016118,0.00205167,0.065476,-0.0634243,40,0,0.0434558
2024-12-24 00:00:00+00:00,-0.00806356,1.14873,1.47041,0.0304374,0.000241831,3.04457,0.000978839,0.000125789,0.000188182,7.95917e-05,-0.00685825,0.0232693,-0.0301276,40,1,0.0434125
2024-12-25 00:00:00+00:00,0.00155926,1.15052,0.99069,0.0335669,0.0176582,1.1473,0.000368564,7.40899e-05,5.04803e-05,0.000420449,0.00164316,-0.014226,0.0158691,39.9583,1,0.0426117
2024-12-26 00:00:00+00:00,0.000284486,1.15084,1.0898,0.0446088,0.0157819,0.543633,0.000173968,2.1746e-05,3.27172e-05,-0.000894044,0.00142453,-0.0358071,0.0372317,40,0,0.0428122
2024-12-27 00:00:00+00:00,0.00594091,1.15768,1.13823,0.0539419,0.00974354,0.918502,0.000293968,3.7294e-05,5.21431e-05,-5.89163e-05,0.00638646,0.000819198,0.00556726,40,0,0.0411754
2024-12-28 00:00:00+00:00,0.0102952,1.1696,1.22852,0.073075,0.010213,0.932865,0.000298634,4.4977e-05,4.51163e-05,0.000196514,0.0104558,0.0267872,-0.0163314,40,0,0.0396792
2024-12-29 00:00:00+00:00,0.00543616,1.17596,1.25571,0.111123,0.0226256,0.819936,0.000262422,4.77629e-05,3.37792e-05,-5.17268e-05,0.00583065,-0.0236178,0.0294484,40,0,0.0422117
2024-12-30 00:00:00+00:00,-0.00289738,1.17255,0.760965,0.0785901,0.0189403,1.9723,0.000631108,0.000265702,9.53897e-05,1.03189e-05,-0.00188874,0.00413646,-0.0060252,39.9375,0,0.0413994
2024-12-31 00:00:00+00:00,-0.000804043,1.17161,1.01524,0.0961591,0.0218373,0.668471,0.000216234,5.35493e-05,3.33659e-05,8.85313e-05,-0.000527974,-0.000828374,0.000300401,40,1,0.0426955
2025-01-01 00:00:00+00:00,-0.00258892,1.16858,1.34007,0.0788958,0.0112879,0.77302,0.000250701,7.71449e-05,4.40146e-05,8.94807e-05,-0.00225048,0.0278464,-0.0300969,40,1,0.041944
2025-01-02 00:00:00+00:00,-0.00287356,1.16522,1.45748,0.0918344,0.0199873,1.05041,0.000340154,0.000111655,5.87295e-05,-1.24874e-05,-0.00230829,0.0249395,-0.0272478,39.8125,1,0.040582
2025-01-03 00:00:00+00:00,0.00264206,1.1683,1.41959,0.0519168,0.00261289,0.825867,0.000270675,6.87196e-05,4.80501e-05,-4.62543e-05,0.00312789,0.043154,-0.0400261,40,1,0.0398839
2025-01-04 00:00:00+00:00,-0.00479795,1.16269,1.45738,0.0544325,-0.0150562,0.521293,0.000169426,4.10228e-05,3.4113e-05,0.000121816,-0.00465366,-0.00653486,0.0018812,40,1,0.0401042
2025-01-05 00:00:00+00:00,-0.00317498,1.159,1.54817,0.0677118,0.00386688,0.540776,0.000173051,2.43812e-05,3.08517e-05,8.83906e-05,-0.00302457,-0.00878624,0.00576167,40,0,0.0389385
2025-01-06 00:00:00+00:00,0.00646911,1.1665,1.65535,0.203668,0.0311768,1.65229,0.000537319,0.000154879,0.000151861,0.000486536,0.00685039,0.0147702,-0.00791986,40,1,0.0376251
2025-01-07 00:00:00+00:00,-0.00447247,1.16128,1.33961,0.109278,0.0133004,0.709853,0.000227143,3.92639e-05,3.65567e-05,0.000182381,-0.00432411,-0.0669355,0.0626114,40,0,0.0369947
2025-01-08 00:00:00+00:00,0.00505996,1.16716,1.28598,0.0459623,0.0210099,0.830774,0.000292529,6.22598e-05,7.21304e-05,0.000127708,0.00537401,-0.0258912,0.0312652,39.6875,5,0.0360872
2025-01-09 00:00:00+00:00,0.0120632,1.18124,1.40387,0.070121,0.0103597,0.958969,0.000316665,5.01005e-05,0.0001061,4.24225e-05,0.0124404,-0.0260901,0.0385305,40,1,0.0367293
2025-01-10 00:00:00+00:00,-0.000531442,1.18061,1.50557,0.122918,0.00371592,0.433075,0.000138573,3.2413e-05,3.32623e-05,-3.05425e-05,-0.000274924,0.0197437,-0.0200186,40,0,0.0367241
2025-01-11 00:00:00+00:00,0.00275854,1.18386,1.59551,0.133323,0.00655264,0.297532,9.52115e-05,2.69364e-05,1.7758e-05,0.000190697,0.00272654,0.00767835,-0.00495181,40,0,0.0370701
2025-01-12 00:00:00+00:00,-0.00434173,1.17872,1.60406,0.128932,0.00579391,0.253136,8.09985e-05,1.07164e-05,1.52745e-05,8.47836e-05,-0.00431565,-0.0173096,0.012994,40,0,0.0354645
2025-01-13 00:00:00+00:00,-0.00401814,1.17399,0.725228,0.0456387,0.0153478,2.76462,0.000887908,0.000141454,0.00016294,0.000119972,-0.00290972,-0.0161222,0.0132125,39.5833,5,0.0359965
2025-01-14 00:00:00+00:00,0.00693021,1.18212,0.716928,0.00344827,5.8771e-05,1.62378,0.000519723,0.000106655,8.88099e-05,3.85016e-05,0.00760316,0.0154548,-0.00785169,37.1042,0,0.037578
2025-01-15 00:00:00+00:00,0.00988103,1.1938,0.981953,0.0593355,0.00702872,1.31222,0.000420865,7.93225e-05,6.33357e-05,0.000196403,0.0102153,0.0328881,-0.0226728,39.75,1,0.0381347
2025-01-16 00:00:00+00:00,0.00372975,1.19826,1.09571,0.050839,0.00495209,0.510369,0.000166685,3.5742e-05,3.74567e-05,0.000107953,0.00386894,-0.0101879,0.0140569,40,1,0.0385751
2025-01-17 00:00:00+00:00,0.000334256,1.19866,0.951163,0.0624584,0.00584943,1.84828,0.000592033,0.000231787,8.60178e-05,8.33805e-05,0.00118225,0.0328853,-0.0317031,40,1,0.0386951
2025-01-18 00:00:00+00:00,0.014357,1.21587,0.779267,0.00930243,-0.000148441,1.11952,0.000366793,9.75725e-05,8.39064e-05,-0.000817147,0.0156481,-0.022848,0.0384961,40,1,0.0378491
2025-01-19 00:00:00+00:00,-0.0125001,1.20067,1.05024,0.00477962,0.00502382,0.844241,0.000280239,6.41379e-05,7.42721e-05,-4.43484e-05,-0.0120585,-0.0512946,0.0392361,39.9375,2,0.0372781
2025-01-20 00:00:00+00:00,0.00729419,1.20943,1.07869,0.0102502,0.00684974,0.560435,0.000179612,0.000125896,6.17586e-05,-3.83868e-05,0.00772918,0.00509309,0.0026361,39.9375,0,0.035983
2025-01-21 00:00:00+00:00,-0.00663593,1.2014,1.04865,0.0139441,0.00252448,0.481731,0.000153848,8.3212e-05,5.62597e-05,9.00113e-06,-0.00630368,0.015284,-0.0215877,39.9583,0,0.0398179
2025-01-22 00:00:00+00:00,-0.00989789,1.18951,1.07206,0.0148319,0.000802992,0.217193,7.60811e-05,0.000141027,3.35721e-05,1.5136e-05,-0.00967972,-0.0129872,0.00330746,40,1,0.0382391
2025-01-23 00:00:00+00:00,-0.0106039,1.1769,1.06223,0.0167606,0.00546407,0.123419,3.94265e-05,3.04913e-05,1.32797e-05,-3.64989e-05,-0.0104835,-0.00400642,-0.00647705,40,0,0.0354587
2025-01-24 00:00:00+00:00,0.0133508,1.19261,1.05952,0.0325649,0.00101693,0.186769,5.98204e-05,4.19846e-05,1.29782e-05,0.000534507,0.0128814,-0.000424284,0.0133056,40,0,0.0352662
2025-01-25 00:00:00+00:00,-0.000271718,1.19228,1.00309,0.0375022,-0.000890447,0.129379,4.14166e-05,2.84009e-05,8.85022e-06,0.000244139,-0.000413669,0.00142781,-0.00184148,40,0,0.035328
2025-01-26 00:00:00+00:00,-0.00595726,1.18518,1.02764,0.0343526,-0.00153105,0.159374,5.56687e-05,4.11456e-05,1.09084e-05,0.000105273,-0.00595684,-0.0226327,0.0166759,40,1,0.0344792
2025-01-27 00:00:00+00:00,0.00708807,1.19358,0.913992,-0.00953716,-0.00944364,0.305334,0.000103338,4.4977e-05,3.27165e-05,1.12841e-05,0.00725433,-0.00513775,0.0123921,39.6667,2,0.035262
2025-01-28 00:00:00+00:00,0.0163761,1.21313,0.968041,0.0216315,0.000825168,0.350314,0.000112199,6.05449e-05,2.61129e-05,4.45242e-05,0.0164427,-0.0272478,0.0436905,40,0,0.0367962
2025-01-29 00:00:00+00:00,-0.0129945,1.19736,1.02576,0.0108121,0.00717164,0.300242,9.60685e-05,5.48767e-05,1.71187e-05,2.741e-05,-0.0128827,0.00818423,-0.021067,40,0,0.0373284
2025-01-30 00:00:00+00:00,0.00564445,1.20412,0.839355,-0.000609424,0.005223,0.324156,0.00010374,8.18036e-05,1.50455e-05,-1.85797e-06,0.00585316,0.0217733,-0.0159201,40,0,0.0355885
2025-01-31 00:00:00+00:00,-0.00907449,1.1932,0.772847,0.00412228,0.00134185,0.067526,2.41735e-05,2.5559e-05,5.80398e-06,2.36296e-05,-0.00905882,-0.00453675,-0.00452207,40,1,0.0341367
2025-02-01 00:00:00+00:00,0.00130447,1.19475,0.735795,0.00729631,-0.00210769,0.084692,3.09505e-05,2.15333e-05,9.86799e-06,1.67666e-05,0.00136079,-0.0358143,0.0371751,39.8125,2,0.0323423
2025-02-02 00:00:00+00:00,0.00351473,1.19895,0.676128,-0.00878502,-0.0121118,0.397944,0.000149299,0.000164622,4.80262e-05,1.34852e-05,0.00387012,-0.033279,0.0371492,39.5833,5,0.0328398
2025-02-03 00:00:00+00:00,-0.00239524,1.19608,0.71598,-0.0340802,-0.00302316,1.19196,0.000414844,0.000245924,0.000226423,3.15486e-05,-0.00149052,0.0229941,-0.0244847,37.125,14,0.032325
2025-02-04 00:00:00+00:00,0.00145629,1.19782,0.741978,-0.00983003,-0.00138627,0.395361,0.000126531,2.06373e-05,3.69216e-05,7.24453e-05,0.00159168,-0.0219192,0.0235109,40,0,0.032151
2025-02-05 00:00:00+00:00,-3.03751e-05,1.19779,0.77857,0.011535,0.000801789,0.262684,8.40654e-05,1.77119e-05,2.04995e-05,0.000240295,-0.000135001,-0.0095197,0.0093847,40,0,0.0311915
2025-02-06 00:00:00+00:00,0.00730991,1.20654,0.838906,0.020847,0.00162777,0.425136,0.000136073,5.48894e-05,3.15074e-05,0.000247441,0.00726757,-0.0169871,0.0242547,40,0,0.0320658
2025-02-07 00:00:00+00:00,0.00268948,1.20979,0.852098,-0.0122465,-0.00107274,0.457291,0.000146317,4.35878e-05,3.08596e-05,4.81848e-05,0.00288381,0.00135043,0.00153338,39.9167,0,0.0339641
2025-02-08 00:00:00+00:00,-0.00195221,1.20742,0.904724,-0.0216826,-0.00190076,0.35356,0.000113137,3.08042e-05,2.75593e-05,-0.000144658,-0.00162372,0.0145699,-0.0161937,39.8958,0,0.0338503
2025-02-09 00:00:00+00:00,0.00526683,1.21378,0.947748,0.0154908,-0.000334347,0.401445,0.000128493,2.14877e-05,2.40015e-05,4.01467e-05,0.0054001,-0.00225938,0.00765948,40,0,0.0345237
2025-02-10 00:00:00+00:00,-0.00185487,1.21153,1.09706,0.0347199,-0.00540014,0.565847,0.000181045,2.28519e-05,5.31181e-05,4.36824e-05,-0.00162713,0.0132431,-0.0148703,39.9792,0,0.0325889
2025-02-11 00:00:00+00:00,-0.010998,1.19821,1.19642,0.082863,-0.00550837,0.517122,0.000165411,2.42145e-05,2.45832e-05,4.43716e-05,-0.0108595,-0.0106369,-0.000222617,40,0,0.031007
2025-02-12 00:00:00+00:00,0.00207954,1.2007,1.24592,0.0521037,0.000465284,0.638066,0.00020425,3.85769e-05,5.15136e-05,1.27034e-05,0.00239136,0.0262206,-0.0238293,40,0,0.03024
2025-02-13 00:00:00+00:00,0.00205704,1.20317,1.23184,0.0680456,0.0100518,0.580564,0.000192813,4.74248e-05,4.291e-05,0.000140607,0.00221708,-0.0136323,0.0158494,40,1,0.029056
2025-02-14 00:00:00+00:00,-0.00534005,1.19674,1.15253,0.121491,0.00938187,0.463004,0.000152104,2.88069e-05,4.13771e-05,3.02622e-05,-0.00511229,0.019913,-0.0250253,40,1,0.0288138
2025-02-15 00:00:00+00:00,0.00663002,1.20468,1.00064,0.109763,0.00337964,0.29241,9.35965e-05,2.74257e-05,1.71663e-05,-1.05505e-05,0.00676905,-0.00824235,0.0150114,40,0,0.028387
2025-02-16 00:00:00+00:00,0.00229437,1.20744,0.918313,0.0770863,-0.00412224,0.230982,7.39247e-05,3.04331e-05,2.03224e-05,3.68195e-05,0.00238737,-0.00672745,0.00911482,40,0,0.0283582
2025-02-17 00:00:00+00:00,-0.00775184,1.19808,0.885207,0.0619964,-0.0219918,0.263801,8.43682e-05,5.49292e-05,4.40929e-05,-1.73676e-06,-0.00757905,-0.00639899,-0.00118007,40,0,0.0260127
2025-02-18 00:00:00+00:00,0.00206511,1.20056,0.858683,0.0923611,-0.00686569,0.147752,4.72763e-05,2.29525e-05,1.00509e-05,3.45744e-05,0.00212397,-0.0132175,0.0153415,40,0,0.0259039
2025-02-19 00:00:00+00:00,0.00366484,1.20496,0.856674,0.0873634,-0.00345898,0.168653,5.39645e-05,2.06623e-05,1.28266e-05,0.00016407,0.00359155,0.00664075,-0.0030492,40,0,0.0257776
2025-02-20 00:00:00+00:00,0.00331493,1.20895,0.894567,0.108368,0.000149598,0.287351,9.1966e-05,1.65945e-05,2.51827e-05,5.94291e-05,0.00340167,0.0188303,-0.0154286,40,0,0.0255817
2025-02-21 00:00:00+00:00,-0.00724294,1.20019,0.936564,0.103528,-0.00269115,0.229257,7.33178e-05,2.01612e-05,1.68302e-05,-1.34623e-05,-0.00711161,-0.015731,0.00861943,40,0,0.0238395
2025-02-22 00:00:00+00:00,-0.00937675,1.18894,0.909179,0.102914,-0.0053114,0.202188,6.84723e-05,1.24283e-05,2.16773e-05,0.000202284,-0.00949105,0.010249,-0.0197401,40,1,0.0211545
2025-02-23 00:00:00+00:00,0.00719831,1.1975,0.877902,0.0916861,-0.000577571,0.163513,5.23465e-05,7.34871e-06,1.29382e-05,0.000229078,0.00702708,-0.00262413,0.00965121,40,0,0.0211551
2025-02-24 00:00:00+00:00,-0.000181442,1.19728,0.764225,0.0790987,-0.0156673,0.365774,0.000127886,3.78895e-05,2.59991e-05,3.36475e-05,-1.47589e-05,-0.0464628,0.046448,40,1,0.0217706
2025-02-25 00:00:00+00:00,0.00387364,1.20192,0.616122,0.0313984,-0.00704795,0.234832,8.62787e-05,4.17131e-05,2.71253e-05,8.06373e-06,0.00402445,0.0120396,-0.00801514,37.5833,5,0.0194374
2025-02-26 00:00:00+00:00,-0.00721533,1.19325,0.59329,0.0451977,-0.00690823,0.0557905,1.7849e-05,2.23113e-06,4.24296e-06,9.60909e-05,-0.00730536,-0.00307173,-0.00423363,37.1875,0,0.0201858
2025-02-27 00:00:00+00:00,-0.0028093,1.1899,0.612217,0.0563924,-0.000963509,0.105943,3.38996e-05,4.80601e-06,8.81423e-06,4.34805e-05,-0.00280194,-0.00385537,0.00105343,39.6042,0,0.0177799
2025-02-28 00:00:00+00:00,0.00216141,1.19247,0.580467,0.0487739,-0.00232977,0.0862324,2.89855e-05,5.61703e-06,6.14107e-06,5.823e-05,0.00215197,0.00312483,-0.000972861,39.8333,2,0.017156
2025-03-01 00:00:00+00:00,0.00228583,1.19519,0.57187,0.0547151,0.000936021,0.14177,4.53642e-05,8.21611e-06,1.15309e-05,6.53015e-05,0.00228958,-0.0012842,0.00357378,40,0,0.0174372
2025-03-02 00:00:00+00:00,-0.0138968,1.17858,0.586691,0.0603623,0.000131552,0.216623,7.34359e-05,1.03383e-05,1.45299e-05,6.12489e-05,-0.0139334,0.0285251,-0.0424585,39.9583,3,0.01692
2025-03-03 00:00:00+00:00,-0.000121065,1.17844,0.536284,0.0547135,-0.00614797,0.111946,3.58092e-05,8.73767e-06,1.24954e-05,4.32229e-05,-9.57035e-05,-0.0432016,0.0431059,40,0,0.0134363
2025-03-04 00:00:00+00:00,0.00405567,1.18322,0.457859,0.0391765,-0.00310036,0.227533,8.1422e-05,1.19717e-05,2.5609e-05,-5.89872e-05,0.00423352,-0.000359341,0.00459286,39.25,4,0.0156519
2025-03-05 00:00:00+00:00,-0.0105752,1.17071,0.494313,0.0495493,-0.000864803,0.0656958,2.10169e-05,2.85449e-06,5.42902e-06,5.64752e-05,-0.0106482,0.00331806,-0.0139663,38.1667,0,0.0143922
2025-03-06 00:00:00+00:00,-0.0074604,1.16197,0.487315,0.050435,0.0018374,0.0599721,1.91732e-05,2.57743e-06,4.66045e-06,9.69865e-05,-0.0075422,-0.00968576,0.00214356,39,0,0.00981651
2025-03-07 00:00:00+00:00,-0.00168856,1.16001,0.405107,0.0390445,0.0029579,0.0728521,2.33113e-05,2.91392e-06,4.49995e-06,2.57959e-05,-0.00167909,-0.0055212,0.00384211,39,0,0.00835086
2025-03-08 00:00:00+00:00,0.00111218,1.1613,0.372145,0.0302688,0.00062994,0.0210385,6.73267e-06,8.41583e-07,1.40564e-06,2.16897e-05,0.00110171,-0.00318081,0.00428252,39,0,0.00789138
2025-03-09 00:00:00+00:00,0.00102718,1.16249,0.345209,0.0258288,-0.00297577,0.0618977,2.38774e-05,3.83395e-06,7.90637e-06,3.20987e-05,0.00103231,-0.0151901,0.0162224,38.7917,2,0.00990272
2025-03-10 00:00:00+00:00,-0.000767513,1.1616,0.293993,0.0142064,-0.00481052,0.148231,5.09486e-05,1.48494e-05,1.62181e-05,-2.68817e-06,-0.000679319,-0.00736643,0.00668711,36.9375,4,0.0113524
2025-03-11 00:00:00+00:00,-0.000512806,1.16101,0.278257,0.0119578,-0.00134384,0.0524209,1.81008e-05,2.53898e-06,5.39699e-06,2.00386e-05,-0.000503194,0.00674858,-0.00725178,34.8333,2,0.0125835
2025-03-12 00:00:00+00:00,-0.00294215,1.15759,0.288626,0.0129009,-0.002201,0.00233812,7.4798e-07,9.34975e-08,1.3462e-07,0.000106808,-0.00304984,0.00332929,-0.00637913,37,0,0.0121547
2025-03-13 00:00:00+00:00,0.00160297,1.15945,0.28365,0.0172247,0.000464827,0.0278649,1.02471e-05,1.55809e-06,1.92244e-06,9.82762e-05,0.00151948,-0.00321653,0.004736,36.5417,1,0.00989988
2025-03-14 00:00:00+00:00,-0.00115598,1.15811,0.262902,0.012692,0.00100044,0.042666,1.36494e-05,1.70617e-06,2.54804e-06,0.000126606,-0.00126278,0.00492046,-0.00618324,36,0,0.00849986
2025-03-15 00:00:00+00:00,-0.00160799,1.15624,0.254079,0.00721878,-1.03636e-06,0.00223656,7.15433e-07,8.94291e-08,1.8054e-07,0.000106821,-0.00171417,0.00190219,-0.00361636,36,0,0.0090241
2025-03-16 00:00:00+00:00,0.000357908,1.15666,0.250074,0.00462745,-0.00149862,0.015526,4.96811e-06,6.21013e-07,1.4044e-06,0.000139652,0.000226263,-0.00457515,0.00480141,37,0,0.00989439
2025-03-17 00:00:00+00:00,-0.00367431,1.15241,0.25086,0.0167993,-0.00572217,0.052135,1.66816e-05,1.14048e-05,8.4622e-06,0.000126341,-0.00376861,0.00270751,-0.00647612,36,0,0.010746
2025-03-18 00:00:00+00:00,0.00376805,1.15675,0.25161,0.0234505,-0.00152722,0.0353535,1.1313e-05,1.41413e-06,2.18235e-06,-5.43558e-05,0.00383225,-0.00034124,0.00417349,36,0,0.0120864
2025-03-19 00:00:00+00:00,-0.000437782,1.15624,0.239926,0.0230199,-0.00114351,0.032985,1.05589e-05,1.39094e-06,2.09073e-06,-0.000191189,-0.000230891,0.00584893,-0.00607982,36,0,0.0118132
2025-03-20 00:00:00+00:00,0.00300859,1.15972,0.236845,0.0236584,-0.0058808,0.0121113,3.87655e-06,4.84569e-07,1.07231e-06,-2.10211e-06,0.00301297,-0.0017242,0.00473717,36,0,0.0112054
2025-03-21 00:00:00+00:00,0.0015797,1.16155,0.235831,0.0262882,-0.00290615,0.0140096,4.48587e-06,5.60734e-07,1.38039e-06,5.57361e-05,0.00153205,-5.57764e-05,0.00158783,36,0,0.0130244
2025-03-22 00:00:00+00:00,-0.00172921,1.15955,0.230362,0.0267039,0.00278401,0.0140111,5.07649e-06,7.58282e-07,1.54116e-06,0.000340164,-0.00206186,-0.000440444,-0.00162141,35.3958,2,0.00975454
2025-03-23 00:00:00+00:00,-0.000456942,1.15902,0.226835,0.0343701,0.0144452,0.0135371,4.33165e-06,5.41456e-07,9.78236e-07,1.451e-05,-0.000465042,0.00117431,-0.00163935,36.125,0,0.0100451
2025-03-24 00:00:00+00:00,-0.00286058,1.1557,0.236075,0.0211568,0.00496049,0.0313984,1.00445e-05,1.25556e-06,2.14713e-06,2.88112e-05,-0.00287811,0.00343771,-0.00631582,35.8542,0,0.00978018
2025-03-25 00:00:00+00:00,-0.00141737,1.15406,0.251995,0.0200414,0.012449,0.0137427,4.64879e-06,6.33558e-07,1.3259e-06,-5.95248e-05,-0.00135044,0.00107954,-0.00242998,36.9792,1,0.00948243
2025-03-26 00:00:00+00:00,-0.000932267,1.15299,0.246817,0.0169876,0.00511313,0.0151095,5.78921e-06,1.12424e-06,5.98258e-07,-3.15299e-05,-0.000892062,-0.00288135,0.00198929,35.5,1,0.00841948
2025-03-27 00:00:00+00:00,-0.000748152,1.15212,0.23746,0.0112266,-0.000365548,0.00448056,1.43398e-06,1.79248e-07,2.75259e-07,-2.09695e-05,-0.000724651,0.00061844,-0.00134309,35,0,0.00714134
2025-03-28 00:00:00+00:00,0.00213795,1.15459,0.223129,0.0112644,-0.000750468,0,0,0,0,-5.56135e-06,0.00214189,-0.00705796,0.00919985,35,0,0.00745618
2025-03-29 00:00:00+00:00,-0.00165463,1.15268,0.210573,0.0114689,0.000229794,0,0,0,0,-1.77095e-05,-0.00163771,-0.00746007,0.00582236,35,0,0.006013
2025-03-30 00:00:00+00:00,0.00040461,1.15314,0.205575,0.00819501,-0.000927707,0.00449762,1.43944e-06,1.7993e-07,5.73078e-07,-0.000174588,0.000582438,0.00122044,-0.000637997,35,0,0.0075635
2025-03-31 00:00:00+00:00,0.000872106,1.15415,0.184328,0.0201632,0.00893897,0.0816789,2.64326e-05,1.47871e-05,8.27528e-06,-3.84853e-05,0.000960578,-0.00062426,0.00158484,34.1042,1,0.0112723
2025-04-01 00:00:00+00:00,-0.00129291,1.15266,0.209698,0.0167644,0.00635298,0.0227918,7.2945e-06,1.9311e-06,2.35024e-06,9.97796e-05,-0.00138057,0.00230004,-0.00368061,38.7083,0,0.0131909
2025-04-02 00:00:00+00:00,0.000339071,1.15305,0.207693,0.0138213,-0.00116269,0.0543417,1.84493e-05,2.52686e-06,4.51348e-06,-5.85464e-07,0.000366431,-0.00749111,0.00785754,38.6042,2,0.0127015
2025-04-03 00:00:00+00:00,0.0013029,1.15455,0.229967,0.0202972,0.000982212,0.0423859,1.35622e-05,1.71697e-06,3.7473e-06,-0.000219232,0.00154222,0.00202488,-0.000482667,39.6667,0,0.013743
2025-04-04 00:00:00+00:00,-0.00299889,1.15109,0.24967,0.0272609,0.00418633,0.0659611,2.11066e-05,3.29096e-06,5.82929e-06,-0.000291215,-0.00267955,-0.000525023,-0.00215452,40,0,0.0141316
2025-04-05 00:00:00+00:00,-0.000416243,1.15061,0.26691,0.0380737,0.00337204,0.0166374,5.32345e-06,1.45724e-06,1.29601e-06,0.000185845,-0.000593,-0.00239821,0.00180521,40,0,0.013448
2025-04-06 00:00:00+00:00,0.00332793,1.15444,0.249882,0.0250492,0.000332037,0.144068,5.42523e-05,2.09266e-05,9.2241e-06,0.00014624,0.00326235,-0.0129143,0.0161766,38.875,6,0.0147529
2025-04-07 00:00:00+00:00,0.00282675,1.1577,0.290299,0.0292143,-0.000794937,0.159058,5.33801e-05,1.90515e-05,1.73468e-05,3.38594e-05,0.00288421,0.00715461,-0.0042704,36.6875,3,0.0183085
2025-04-08 00:00:00+00:00,0.000742674,1.15856,0.323133,0.0377401,0.00209383,0.0717266,2.29539e-05,5.2738e-06,6.6208e-06,5.57479e-05,0.000725395,-0.00886382,0.00958921,38.3125,0,0.0180305
2025-04-09 00:00:00+00:00,-0.000644288,1.15781,0.351575,0.0330485,0.000862865,0.0705332,2.44329e-05,1.61972e-05,8.90933e-06,2.6296e-05,-0.000615482,0.0216415,-0.022257,39.0208,2,0.0180151
2025-04-10 00:00:00+00:00,-0.00147947,1.1561,0.370295,0.0450019,0.00403661,0.02835,9.07212e-06,5.25328e-06,2.66344e-06,4.55124e-05,-0.00150561,-0.0067781,0.00527249,39,0,0.0170838
2025-04-11 00:00:00+00:00,0.00531803,1.16225,0.383121,0.0404137,0.00346468,0.0860033,2.75251e-05,9.08583e-06,8.86345e-06,0.000312073,0.00504175,0.010752,-0.00571026,39.8125,0,0.0173658
2025-04-12 00:00:00+00:00,0.000313683,1.16261,0.435181,0.0528292,0.00360543,0.101835,3.2591e-05,7.74871e-06,8.98179e-06,0.000845536,-0.000472405,0.0103101,-0.0107825,40,0,0.0184732
2025-04-13 00:00:00+00:00,0.00621192,1.16984,0.432583,0.0487076,-0.00162748,0.073098,2.33966e-05,4.70974e-06,6.52593e-06,0.000168252,0.00606823,-0.00765009,0.0137183,40,0,0.0186064
2025-04-14 00:00:00+00:00,0.0101636,1.18173,0.425897,0.0522789,-0.00665119,0.195873,6.26961e-05,2.24651e-05,3.01114e-05,0.000318883,0.00995569,0.00408722,0.00586846,39.6667,0,0.0210003
2025-04-15 00:00:00+00:00,0.00227427,1.18441,0.439098,0.0417663,-0.0117649,0.113564,3.63523e-05,7.53319e-06,8.68132e-06,0.000110191,0.00222374,-0.00422613,0.00644987,40,0,0.0223182
2025-04-16 00:00:00+00:00,0.00676236,1.19242,0.470584,0.035257,-0.0130207,0.141239,4.52181e-05,1.24698e-05,1.81933e-05,-3.60744e-05,0.00686014,0.00188593,0.00497421,40,0,0.0241392
2025-04-17 00:00:00+00:00,0.000450736,1.19296,0.519913,0.0672215,-0.00514343,0.0742975,2.37786e-05,7.32478e-06,7.66052e-06,-1.12072e-05,0.000505735,0.00304113,-0.00253539,40,0,0.0254761
2025-04-18 00:00:00+00:00,-0.00337459,1.18893,0.553077,0.0915003,0.00214954,0.0747374,2.39192e-05,5.81728e-06,5.55218e-06,8.35825e-05,-0.00342116,0.000508479,-0.00392964,40,0,0.0267283
2025-04-19 00:00:00+00:00,-0.00409713,1.18406,0.627084,0.105904,0.0069344,0.116025,3.71159e-05,1.52855e-05,8.66751e-06,0.000197165,-0.00423252,0.00467832,-0.00891084,40,0,0.0265762
2025-04-20 00:00:00+00:00,-0.00133982,1.18248,0.664645,0.116678,0.0102655,0.133614,4.27138e-05,2.52674e-05,1.18669e-05,0.00012322,-0.00136133,0.00176429,-0.00312562,40,0,0.0260035
2025-04-21 00:00:00+00:00,-0.000124755,1.18233,0.665559,0.102663,0.00162232,0.320458,0.000102578,4.80294e-05,5.27952e-05,0.00157037,-0.00148131,-0.00468405,0.00320274,39.625,0,0.0260576
2025-04-22 00:00:00+00:00,-0.00278933,1.17903,0.693856,0.0469564,-0.000793234,0.117205,4.2658e-05,4.50454e-05,8.26625e-06,0.000633208,-0.00332188,0.0194072,-0.022729,39.875,2,0.0259915
2025-04-23 00:00:00+00:00,-0.0142891,1.16218,0.678745,0.0201683,-0.00293718,0.262419,9.33416e-05,7.31244e-05,4.88668e-05,0.00012709,-0.0142435,0.000211146,-0.0144546,39.3542,2,0.0237745
2025-04-24 00:00:00+00:00,0.00396088,1.16679,0.608646,-0.0125999,-0.0117345,0.0793376,2.53925e-05,5.16575e-06,7.90336e-06,-0.000126113,0.0041279,0.00699892,-0.00287102,39.5,0,0.023175
2025-04-25 00:00:00+00:00,-0.00337473,1.16285,0.62599,0.00258551,0.000791792,0.102274,3.4871e-05,1.43774e-05,6.70131e-06,-0.000120114,-0.00319071,-0.00237449,-0.000816219,39.6667,2,0.0246817
2025-04-26 00:00:00+00:00,-0.00195241,1.16058,0.644683,0.0179281,0.0105294,0.18634,6.74335e-05,3.13243e-05,1.60412e-05,0.000110936,-0.00194293,0.00386185,-0.00580478,39.1875,3,0.0241377
2025-04-27 00:00:00+00:00,0.000720554,1.16142,0.661862,0.0124761,0.0089493,0.265772,9.36801e-05,6.96195e-05,3.35207e-05,-5.53073e-05,0.000978996,-0.0066373,0.0076163,40,1,0.0244402
2025-04-28 00:00:00+00:00,0.00281604,1.16469,0.694697,0.0277403,0.00375003,0.574278,0.000183739,7.51404e-05,7.11038e-05,0.00121245,0.0019509,0.00682806,-0.00487716,40,0,0.024455
2025-04-29 00:00:00+00:00,-0.00342936,1.16069,0.668266,0.0234206,0.0205011,0.14278,4.59739e-05,1.3946e-05,1.38546e-05,0.000424791,-0.00377733,-0.0100136,0.00623624,40,1,0.0238549
2025-04-30 00:00:00+00:00,-0.00138694,1.15908,0.670481,0.00613891,0.0164749,0.26231,8.70268e-05,1.83163e-05,3.15548e-05,0.000142553,-0.00136422,0.00519605,-0.00656027,40,1,0.0238721
2025-05-01 00:00:00+00:00,-0.00317457,1.1554,0.649773,0.0134662,0.0132672,0.128305,4.10691e-05,1.00007e-05,1.12922e-05,-1.57288e-06,-0.00310807,8.37079e-05,-0.00319177,40,0,0.0223976
2025-05-02 00:00:00+00:00,0.00372408,1.15971,0.654126,0.0218899,0.0174085,0.0588252,1.88229e-05,6.86217e-06,5.602e-06,-4.25954e-05,0.00379916,0.00214422,0.00165494,40,0,0.0237955
2025-05-03 00:00:00+00:00,0.000181786,1.15992,0.657443,0.0157343,0.0153861,0.236277,7.56133e-05,1.96353e-05,1.91501e-05,-7.61376e-05,0.000378788,-0.0105622,0.010941,40,0,0.0257385
2025-05-04 00:00:00+00:00,0.00520168,1.16595,0.72175,-0.00998241,0.00740736,0.172996,5.53687e-05,2.02898e-05,1.5912e-05,3.31006e-05,0.00525583,-0.00440309,0.00965892,40,0,0.0267894
2025-05-05 00:00:00+00:00,0.000523705,1.16656,0.764181,0.0340877,0.0239809,0.199797,6.39077e-05,4.3597e-05,1.95273e-05,0.000175717,0.000483599,0.00277004,-0.00228644,39.9375,0,0.0269127
2025-05-06 00:00:00+00:00,-0.0041265,1.16175,0.784454,0.0407349,0.0247486,0.295416,9.77384e-05,3.6345e-05,3.20618e-05,0.00123059,-0.00517949,-0.00865216,0.00347267,40,1,0.0269697
2025-05-07 00:00:00+00:00,-0.0041669,1.15691,0.851219,0.0409649,0.0250751,0.286452,9.58412e-05,1.93486e-05,3.35991e-05,0.000454668,-0.0044699,-0.00198019,-0.00248971,40,1,0.0271435
2025-05-08 00:00:00+00:00,-0.00510865,1.151,0.917802,0.0404741,0.012742,0.660274,0.000234105,6.14144e-05,7.01247e-05,0.00024333,-0.00497175,0.0556866,-0.0606584,40,5,0.0267048
2025-05-09 00:00:00+00:00,0.00203336,1.15334,0.901557,0.0152481,0.0115062,0.609797,0.000217206,5.49769e-05,5.37514e-05,0.000136658,0.00225445,0.0244506,-0.0221961,39.5,6,0.0242312
2025-05-10 00:00:00+00:00,0.00370215,1.15761,0.810997,-0.010486,0.00783341,0.448506,0.000158126,7.76695e-05,7.65419e-05,1.30091e-05,0.00404993,0.0258222,-0.0217722,39.7292,3,0.0249244
2025-05-11 00:00:00+00:00,-0.00561597,1.1511,0.784725,-0.0152975,0.00935376,0.243037,9.15622e-05,7.4431e-05,7.29799e-05,5.28101e-05,-0.00542421,-0.0102325,0.00480834,40,2,0.0238462
2025-05-12 00:00:00+00:00,0.00551056,1.15745,0.787453,-0.0103182,0.00867007,0.302742,0.000106278,9.56542e-05,7.64548e-05,4.32004e-05,0.0057672,0.0069732,-0.001206,39.5417,2,0.0238675
2025-05-13 00:00:00+00:00,0.00297044,1.16089,0.763464,-0.0189841,0.00866026,0.219728,7.03111e-05,3.5176e-05,1.66092e-05,6.13769e-05,0.0030501,0.016197,-0.0131469,39.8542,0,0.0251648
2025-05-14 00:00:00+00:00,0.00214055,1.16337,0.754638,-0.00950777,0.00770891,0.110712,3.53904e-05,2.60817e-05,8.0521e-06,0.000156604,0.0020707,-0.0144114,0.0164821,40,0,0.0252485
2025-05-15 00:00:00+00:00,0.00446132,1.16856,0.730706,-0.0208689,0.00214766,0.122951,3.93505e-05,2.13825e-05,8.99926e-06,6.19109e-05,0.00446783,-0.0145467,0.0190145,40,0,0.0275488
2025-05-16 00:00:00+00:00,-0.000624149,1.16783,0.799658,-0.0359939,-0.00517859,0.220152,7.04341e-05,2.86601e-05,1.84307e-05,4.98675e-05,-0.000549743,-0.00676145,0.0062117,40,0,0.0263399
2025-05-17 00:00:00+00:00,0.00322091,1.17159,0.809749,0.00484863,0.00250566,0.233796,7.48204e-05,2.19087e-05,1.43408e-05,0.000136364,0.00319787,-0.0107082,0.0139061,40,0,0.0252206
2025-05-18 00:00:00+00:00,0.00140335,1.17324,0.782098,0.0285372,0.00237575,0.176268,5.64144e-05,2.02875e-05,1.26166e-05,0.000149795,0.00135428,0.0213932,-0.0200389,40,0,0.0279947
2025-05-19 00:00:00+00:00,0.00430443,1.17829,0.77368,0.0207804,0.0124064,0.329683,0.000105507,2.01339e-05,3.78685e-05,8.55152e-05,0.00438192,-0.00726886,0.0116508,40,0,0.0291101
2025-05-20 00:00:00+00:00,0.00131119,1.17983,0.851483,0.0203713,0.0221077,0.28835,9.22759e-05,1.34515e-05,1.8924e-05,6.64582e-05,0.00138756,-0.00103708,0.00242464,40,0,0.0285283
2025-05-21 00:00:00+00:00,0.00105419,1.18108,0.95728,0.00313486,0.0264237,0.433065,0.000138572,2.47356e-05,3.84907e-05,8.63225e-05,0.00120996,0.0155273,-0.0143173,40,0,0.0317795
2025-05-22 00:00:00+00:00,0.00458835,1.1865,0.945097,0.0215873,0.0172512,0.564948,0.000189577,3.58645e-05,4.41382e-05,7.25483e-05,0.00480164,0.0298702,-0.0250686,40,1,0.0317767
2025-05-23 00:00:00+00:00,-0.00268025,1.18332,0.887653,0.00270614,0.00940407,0.372857,0.000119288,1.74709e-05,2.66448e-05,-5.32767e-05,-0.00243916,-0.0351458,0.0327066,40,0,0.0298224
2025-05-24 00:00:00+00:00,-0.00395179,1.17864,0.83346,-0.0416717,0.00772219,0.402715,0.000134887,2.9588e-05,7.07957e-05,-6.66287e-05,-0.00364034,0.00425225,-0.00789259,40,1,0.0287885
2025-05-25 00:00:00+00:00,0.0057605,1.18543,0.781871,-0.0705376,0.00562322,0.179023,5.73034e-05,8.03548e-06,1.13996e-05,-0.000154126,0.00598768,0.00280114,0.00318653,40,0,0.0272429
2025-05-26 00:00:00+00:00,4.73061e-05,1.18548,0.871244,-0.0293145,-0.00141563,0.279799,8.9597e-05,1.18243e-05,3.72816e-05,1.46325e-06,0.000196207,-0.00357861,0.00377482,40,0,0.0293545
2025-05-27 00:00:00+00:00,0.0114459,1.19905,0.925286,-0.00177201,0.00398212,0.313828,0.000100472,1.2559e-05,2.02232e-05,-3.11575e-05,0.0115577,0.0165505,-0.0049928,40,0,0.0310895
2025-05-28 00:00:00+00:00,0.00560658,1.20578,0.951405,0.0142988,0.00962886,0.432179,0.000138337,2.2857e-05,2.56215e-05,-0.000194267,0.00598705,-0.000475598,0.00646265,40,0,0.0331066
2025-05-29 00:00:00+00:00,0.010003,1.21784,0.99808,0.00857021,0.00824103,0.695722,0.000233453,3.70085e-05,7.56747e-05,-6.07849e-05,0.0103795,-0.0106735,0.0210529,40,1,0.0364587
2025-05-30 00:00:00+00:00,-0.000379715,1.21738,1.09867,-0.0356323,0.00874762,0.525581,0.000172808,2.92222e-05,4.40285e-05,-0.000162001,4.96636e-05,-0.0629112,0.0629608,39.9375,2,0.0393601
2025-05-31 00:00:00+00:00,-0.00125393,1.21585,1.02471,-0.0727162,0.00103035,0.834864,0.000268554,6.98664e-05,4.46779e-05,-0.000111801,-0.000706677,0.00822106,-0.00892774,39.6042,1,0.0378249
2025-06-01 00:00:00+00:00,0.00078454,1.2168,1.22424,-0.0386171,0.00282848,1.25476,0.000401557,6.2278e-05,5.5033e-05,0.000107621,0.00121672,0.0102032,-0.00898647,40,0,0.0389912
2025-06-02 00:00:00+00:00,0.00590925,1.22399,1.04943,0.0229807,0.00996709,0.7441,0.00023816,5.07444e-05,3.65831e-05,3.71357e-06,0.00622657,0.0114112,-0.00518464,40,0,0.0405116
2025-06-03 00:00:00+00:00,-0.00650797,1.21603,1.37992,0.0631896,0.0138675,1.0759,0.000344282,7.3192e-05,5.80388e-05,0.000114574,-0.00614591,-0.0051182,-0.00102771,40,0,0.0411582
2025-06-04 00:00:00+00:00,0.00335862,1.22011,1.36493,-0.00943978,0.00887645,1.10462,0.000353535,8.32182e-05,3.82658e-05,0.000187576,0.00365962,-0.0135808,0.0172404,40,0,0.0387376
2025-06-05 00:00:00+00:00,-0.000427955,1.21959,0.862243,-0.0761565,-0.000442918,1.62621,0.000526277,0.000143468,7.06188e-05,-3.37869e-05,0.000373728,-0.0194748,0.0198485,40,1,0.0404158
2025-06-06 00:00:00+00:00,0.000960445,1.22076,0.734109,-0.0480545,-0.00533282,1.32874,0.000425235,8.99674e-05,5.90273e-05,-3.82186e-05,0.00159197,0.00679135,-0.00519938,39.9792,0,0.0412833
2025-06-07 00:00:00+00:00,0.0134006,1.23712,1.05742,0.0610732,0.00946204,0.561799,0.000179862,5.40294e-05,3.15912e-05,0.000105701,0.0135029,0.0237932,-0.0102902,40,0,0.0410162
2025-06-08 00:00:00+00:00,-0.00178131,1.23492,1.19081,0.0322537,-0.00174422,0.784073,0.000250888,5.80328e-05,2.88426e-05,2.71797e-06,-0.00142772,-0.000784613,-0.000643111,40,0,0.0430565
2025-06-09 00:00:00+00:00,0.00726108,1.24388,1.21249,0.0950639,0.00699801,0.822449,0.000263189,6.29875e-05,9.02597e-05,0.000382963,0.00730135,0.0461194,-0.0388181,40,0,0.044357
2025-06-10 00:00:00+00:00,-0.00811056,1.23379,1.33636,0.113593,0.00527802,0.763894,0.000251407,7.27063e-05,5.50943e-05,0.000299776,-0.00799631,0.0151353,-0.0231316,39.9583,2,0.0447248
2025-06-11 00:00:00+00:00,-0.000722174,1.2329,1.64311,0.153177,0.0157002,1.21997,0.000420558,8.30094e-05,0.000133461,0.00102272,-0.00105515,-0.0368873,0.0358322,39.9167,4,0.0418822
2025-06-12 00:00:00+00:00,0.008617,1.24353,1.87962,0.139101,0.00073548,0.906343,0.000290122,8.25381e-05,6.75411e-05,0.000223685,0.00882368,-0.0618828,0.0707065,40,0,0.0432107
2025-06-13 00:00:00+00:00,0.00599705,1.25098,2.09839,0.107135,0.00558199,1.19241,0.000391382,9.88992e-05,0.000149997,0.000727177,0.00592658,-0.00704023,0.0129668,40,1,0.0447143
2025-06-14 00:00:00+00:00,0.00175998,1.25319,2.19592,0.127952,-0.00601804,0.507332,0.000162389,5.82286e-05,4.20952e-05,0.000435343,0.00161169,-0.0220266,0.0236383,40,0,0.0431238
2025-06-15 00:00:00+00:00,0.00358332,1.25768,2.25095,0.122845,-0.0120642,0.496088,0.000165496,5.87822e-05,5.05807e-05,-6.81084e-05,0.00394329,0.0117133,-0.00777006,40,1,0.0430541
2025-06-16 00:00:00+00:00,0.0111051,1.27164,1.491,0.00826972,0.00264406,3.53647,0.0011325,0.000344622,0.000347332,0.000249801,0.0126756,0.0293349,-0.0166593,40,0,0.0429284
2025-06-17 00:00:00+00:00,-0.000770474,1.27066,0.909458,-0.119841,0.000916299,0.764039,0.000244514,7.71658e-05,4.56203e-05,-0.00018902,-0.000168004,-0.0237771,0.0236091,40,0,0.0443753
2025-06-18 00:00:00+00:00,0.0154827,1.29034,1.06862,-0.0123943,0.00574056,1.53667,0.000496524,0.000141769,9.94068e-05,-1.59903e-05,0.0161531,0.0149403,0.00121283,39.5417,2,0.0444641
2025-06-19 00:00:00+00:00,-0.00404354,1.28512,0.947651,-0.0152716,0.00823746,1.6201,0.000518294,0.000221819,8.52654e-05,9.82125e-05,-0.00324042,-0.00882983,0.00558942,39.5417,0,0.0450782
2025-06-20 00:00:00+00:00,0.00014327,1.2853,0.929423,-0.0294835,0.008867,0.742299,0.000237664,0.000149857,5.14798e-05,3.7124e-05,0.000605454,-0.0238225,0.0244279,39.6042,0,0.0459288
2025-06-21 00:00:00+00:00,-0.00797643,1.27505,1.13822,-0.0416295,0.00145245,1.19065,0.000394391,0.000120013,8.4797e-05,-1.80622e-05,-0.00732735,-0.0329032,0.0255759,40,2,0.0448475
2025-06-22 00:00:00+00:00,0.0065722,1.28343,1.10114,-0.0423266,-0.00615965,1.55989,0.00053053,0.000168329,0.000168946,5.95024e-05,0.00740517,-0.00744323,0.0148484,39.875,4,0.044806
2025-06-23 00:00:00+00:00,0.00844757,1.29427,1.29152,0.0117571,0.00284166,0.774849,0.000247934,0.000213312,9.72148e-05,0.000678666,0.00834363,0.0744464,-0.0661028,40,0,0.0447311
2025-06-24 00:00:00+00:00,0.00618234,1.30227,1.35035,0.0778254,0.00839222,0.400605,0.000128223,0.000103339,3.43755e-05,0.000578233,0.00588625,0.00235349,0.00353276,40,0,0.0445907
2025-06-25 00:00:00+00:00,0.0109697,1.31656,1.34867,0.102955,0.0118774,0.243291,7.79395e-05,8.77949e-05,1.91515e-05,0.000594291,0.0105325,-0.0165824,0.0271149,40,0,0.0461356
2025-06-26 00:00:00+00:00,0.00635743,1.32493,1.34156,0.0809951,0.0112175,0.238811,7.64409e-05,8.57437e-05,2.97489e-05,0.000204386,0.00634153,-0.0106462,0.0169877,40,0,0.0486074
2025-06-27 00:00:00+00:00,-0.0118769,1.30919,1.40427,0.0405674,0.00079552,0.148454,4.74619e-05,1.97353e-05,8.86107e-06,-0.000211732,-0.0116352,0.00815947,-0.0197947,40,0,0.0477903
2025-06-28 00:00:00+00:00,0.0113224,1.32402,1.43398,0.0387593,0.0129314,0.114671,3.67137e-05,2.1613e-05,6.87868e-06,0.000527819,0.0108336,0.0248026,-0.013969,40,0,0.0465281
2025-06-29 00:00:00+00:00,0.0027525,1.32766,1.36999,0.032408,0.00284173,0.473014,0.000151379,0.000155218,2.92972e-05,1.03215e-05,0.00311316,0.0307891,-0.027676,40,0,0.0465119
2025-06-30 00:00:00+00:00,0.0100385,1.34099,1.20326,0.0737104,0.0179612,1.62408,0.000519824,0.000447388,0.000167601,0.000313545,0.0108335,-0.0157626,0.0265961,40,0,0.0473971
2025-07-01 00:00:00+00:00,0.00720693,1.35065,1.10808,-0.0505787,0.00665965,2.06551,0.000661086,0.000380928,9.91899e-05,0.000491488,0.00785569,-0.0187672,0.0266229,40,0,0.0499527
2025-07-02 00:00:00+00:00,0.0013763,1.35251,0.820354,-0.0284711,0.0177349,2.65509,0.000849685,0.00029239,0.000135001,0.00035148,0.00232243,0.0262992,-0.0239768,31.7083,0,0.0515418
2025-07-03 00:00:00+00:00,-0.00324375,1.34813,1.1138,0.0146095,0.0272124,2.41832,0.000778234,0.000218809,0.000157564,0.00141503,-0.00344978,0.00836249,-0.0118123,36.25,1,0.0519234
2025-07-04 00:00:00+00:00,0.00462047,1.35435,1.02563,-0.0653435,0.00919896,1.21837,0.000389966,7.54934e-05,6.39634e-05,-0.000396797,0.00555556,-0.0238778,0.0294334,40,0,0.0504619
2025-07-05 00:00:00+00:00,-0.0017752,1.35195,0.976092,-0.086708,0.00822068,0.964489,0.00030862,8.06205e-05,4.67774e-05,-0.000916355,-0.00040758,0.000248932,-0.000656512,40,0,0.0496816
2025-07-06 00:00:00+00:00,-0.00516594,1.34497,1.16897,-0.082473,0.0127431,0.643147,0.000205779,0.000103108,3.59022e-05,-0.000785263,-0.00402019,0.011587,-0.0156072,40,0,0.04964
2025-07-07 00:00:00+00:00,0.0018037,1.34739,1.55391,-0.00894977,0.0496248,0.719137,0.000230119,0.000128151,6.26449e-05,-0.000190348,0.00245773,-0.0115983,0.014056,40,0,0.048528
2025-07-08 00:00:00+00:00,0.00621916,1.35577,1.70826,0.0327674,0.0468115,0.54206,0.000173571,8.86108e-05,4.9814e-05,-6.22682e-05,0.00662276,0.0175804,-0.0109577,40,0,0.0493283
2025-07-09 00:00:00+00:00,0.00776357,1.3663,1.43807,0.0689543,0.0500449,2.38283,0.000764708,0.000501379,0.000148053,0.000112926,0.00906069,0.0354334,-0.0263727,39.8125,1,0.0489365
2025-07-10 00:00:00+00:00,-0.00116774,1.3647,0.663185,0.0385514,0.0306964,1.9895,0.000674438,0.000466041,0.000186736,1.68263e-05,0.000218797,0.040189,-0.0399702,28.375,5,0.048621
2025-07-11 00:00:00+00:00,0.00494699,1.37145,1.04914,-0.0716158,0.00927091,1.54486,0.00052983,0.000222249,0.000296924,5.23424e-06,0.00621656,0.0109125,-0.00469596,32.5833,5,0.045199
2025-07-12 00:00:00+00:00,-0.00741795,1.36128,1.00279,-0.0764859,-0.000158803,0.99533,0.000318481,0.000134431,7.15883e-05,-0.000162903,-0.00669918,-0.00918926,0.00249009,37.5417,0,0.0445109
2025-07-13 00:00:00+00:00,-0.00674231,1.3521,1.15992,0.0395021,0.0122741,1.01718,0.000329333,0.000223498,9.91578e-05,0.000181952,-0.00623732,0.0052988,-0.0115361,40,2,0.0433973
2025-07-14 00:00:00+00:00,-0.0180447,1.3277,1.21746,0.0138782,-0.000747355,1.31542,0.000424791,0.000246581,0.000345869,0.000337836,-0.0174859,-0.00460652,-0.0128794,40,1,0.0405557
2025-07-15 00:00:00+00:00,-0.00315373,1.32352,1.19261,-0.0164293,-0.0126089,0.642945,0.000216314,0.000142049,7.56959e-05,0.000226621,-0.00289971,0.0126743,-0.015574,40,2,0.0392689
2025-07-16 00:00:00+00:00,-0.00402388,1.31819,0.725508,0.0417634,5.96036e-05,2.23404,0.000714792,0.00025636,0.000120086,0.000164304,-0.00306814,0.00621822,-0.00928636,37.25,0,0.0398932
2025-07-17 00:00:00+00:00,-0.00341779,1.31369,0.686213,0.0646882,0.0117197,1.60719,0.000516831,0.000247383,9.86432e-05,0.000155336,-0.00268014,0.000698979,-0.00337912,33.5625,1,0.0386108
2025-07-18 00:00:00+00:00,-0.00303893,1.30969,0.915868,0.0412749,0.00757319,1.39759,0.000447208,0.000160838,9.49933e-05,2.25078e-05,-0.00231015,-0.00130489,-0.00100526,39.4792,0,0.0369749
2025-07-19 00:00:00+00:00,0.00249068,1.31295,1.14764,0.0118329,0.00620786,0.728683,0.000233228,0.000129012,5.71674e-05,8.50493e-06,0.00292887,0.00393347,-0.00100459,40,0,0.0380707
2025-07-20 00:00:00+00:00,-0.0101641,1.29961,1.15656,0.0132741,0.0055081,0.972789,0.00034003,0.000214585,8.53441e-05,-1.12958e-05,-0.00952334,0.0204851,-0.0300084,39.7917,4,0.0366527
2025-07-21 00:00:00+00:00,-0.00928677,1.28754,0.993676,0.0412392,0.013232,1.11647,0.000372542,0.000173031,0.000189754,0.000104468,-0.00862699,0.0109469,-0.0195738,39.7292,1,0.0345922
2025-07-22 00:00:00+00:00,0.00646634,1.29587,0.987984,0.0207702,0.0078794,0.335405,0.000107343,2.31502e-05,2.16486e-05,5.28179e-05,0.00657454,0.00785754,-0.001283,40,0,0.0326419
2025-07-23 00:00:00+00:00,0.00827009,1.30658,1.04141,0.0446685,-0.0031851,0.40072,0.000128276,7.32963e-05,3.00488e-05,0.000106537,0.0084426,-0.0416205,0.0500631,40,0,0.0326768
2025-07-24 00:00:00+00:00,0.00794488,1.31696,0.877823,0.026973,0.00460913,0.249098,7.974e-05,4.33646e-05,2.30015e-05,0.000293803,0.0077848,-0.00874352,0.0165283,40,0,0.0330635
2025-07-25 00:00:00+00:00,0.00215291,1.3198,0.862185,0.0106618,0.00447288,0.179969,5.7579e-05,4.69119e-05,1.20237e-05,0.000576081,0.00171146,0.0141495,-0.0124381,40,0,0.0353107
2025-07-26 00:00:00+00:00,0.00271416,1.32338,0.820381,0.023004,0.00285851,0.319385,0.000102196,6.3033e-05,2.17979e-05,0.000229456,0.00267593,0.00351746,-0.000841533,40,0,0.0358763
2025-07-27 00:00:00+00:00,0.000905917,1.32458,0.923676,0.0256713,0.00462284,0.415663,0.000133019,6.82706e-05,3.13827e-05,0.000146848,0.00100781,0.0113272,-0.0103194,40,0,0.0383364
2025-07-28 00:00:00+00:00,-0.00329307,1.32022,1.02382,0.109583,0.0283911,0.987845,0.000332765,0.000148179,0.000216136,7.21784e-05,-0.00257041,-0.0165217,0.0139513,40,2,0.0363909
2025-07-29 00:00:00+00:00,-0.0192196,1.29484,1.09527,-0.0353889,-0.0124472,0.851122,0.000305327,9.3493e-05,0.000106652,-6.03486e-05,-0.018784,-0.00953776,-0.00924625,40,2,0.0362356
2025-07-30 00:00:00+00:00,0.00534719,1.30177,1.10057,-0.0365779,0.0032374,0.737577,0.000235996,0.000139307,5.22917e-05,-0.000330218,0.0061294,-0.00267183,0.00880123,40,0,0.0353289
2025-07-31 00:00:00+00:00,0.0138837,1.31984,1.15913,0.0839418,0.00572712,0.736234,0.000235714,0.000100465,5.53178e-05,0.000128758,0.0140952,-0.0194709,0.0335661,40,0,0.0368293
2025-08-01 00:00:00+00:00,-0.00283427,1.3161,1.33079,0.100585,0.00424565,0.669804,0.000226903,9.10382e-05,5.63e-05,0.000129099,-0.00254567,-0.0223178,0.0197721,40,2,0.0400141
2025-08-02 00:00:00+00:00,0.00352033,1.32073,1.37849,0.0502859,-0.000334992,0.658533,0.000224359,5.84026e-05,3.62127e-05,2.31434e-06,0.00385239,-0.0168285,0.0206809,40,1,0.0406027
2025-08-03 00:00:00+00:00,0.00441642,1.32657,1.42626,0.0365525,-0.00105705,0.370641,0.000118621,2.67047e-05,3.15687e-05,0.000169255,0.00443246,0.032578,-0.0281455,40,0,0.0428626
2025-08-04 00:00:00+00:00,-0.00259005,1.32313,1.53059,0.0767886,0.0159625,0.673634,0.000215572,6.04065e-05,7.22405e-05,0.000306713,-0.00251288,0.0319943,-0.0345072,39.9792,0,0.0438358
2025-08-05 00:00:00+00:00,-0.00563303,1.31568,1.52016,0.0868818,0.0137109,0.572257,0.000198827,6.456e-05,5.41387e-05,0.000104141,-0.00541008,-0.0316067,0.0261966,40,1,0.0419449
2025-08-06 00:00:00+00:00,0.0163347,1.33717,1.58601,0.0702753,0.00745562,0.57554,0.000184304,7.00911e-05,3.47912e-05,-9.52213e-05,0.016606,0.0238211,-0.00721518,40,0,0.0432259
2025-08-07 00:00:00+00:00,-0.00691432,1.32792,1.56818,0.128033,0.0151396,0.676708,0.000216536,0.000137609,4.03731e-05,-0.000116407,-0.0063954,0.0384411,-0.0448365,39.9375,0,0.0449458
2025-08-08 00:00:00+00:00,-0.00106899,1.3265,1.66843,0.14971,0.0275925,0.944807,0.000309685,0.0001017,5.09928e-05,0.000326065,-0.000910239,0.0122287,-0.0131389,40,1,0.0456734
2025-08-09 00:00:00+00:00,-0.00225328,1.32351,1.10255,0.136793,0.0069139,2.87893,0.00093822,0.000488544,0.000145347,0.000272126,-0.000920249,0.0201833,-0.0211036,40,1,0.0437558
2025-08-10 00:00:00+00:00,0.000782033,1.32455,0.570646,0.00894213,-0.00926436,2.32615,0.000744379,0.000125975,0.000111509,0.000111992,0.00166219,0.000880004,0.000782187,32.5208,0,0.0426483
2025-08-11 00:00:00+00:00,0.00338329,1.32903,0.664735,-0.00783128,-0.00163857,2.42342,0.000775712,0.000241744,0.000144771,0.000252841,0.00431528,-0.00691976,0.011235,37.6458,0,0.0442183
2025-08-12 00:00:00+00:00,-0.0141975,1.31016,1.00532,-0.0833761,-0.00126624,1.37342,0.00043934,0.000116383,6.8231e-05,0.000376175,-0.01397,0.0232858,-0.0372558,34.4792,0,0.0444766
2025-08-13 00:00:00+00:00,-0.0010409,1.3088,1.44359,0.0897475,0.0209755,1.21333,0.000402691,0.000112214,7.05673e-05,2.69348e-06,-0.000423943,0.0162758,-0.0166997,39.4792,1,0.0411783
2025-08-14 00:00:00+00:00,-0.00136102,1.30702,1.58309,0.127591,0.00852861,0.938319,0.000315952,9.11175e-05,7.91893e-05,7.07778e-05,-0.000874945,-0.0640135,0.0631385,40,1,0.0406666
2025-08-15 00:00:00+00:00,-0.0077713,1.29686,1.68991,0.0997185,-0.00156569,0.947112,0.000302986,0.000117206,6.35332e-05,0.000160111,-0.00742205,-0.00600399,-0.00141806,40,0,0.040448
2025-08-16 00:00:00+00:00,0.00687991,1.30578,1.4406,0.0738746,-0.00192974,0.761011,0.000243551,8.23381e-05,2.90482e-05,6.1486e-05,0.00717275,0.00912073,-0.00194798,40,0,0.0394213
2025-08-17 00:00:00+00:00,-0.00119485,1.30422,1.34738,0.130522,0.0141085,0.515525,0.000164984,5.98978e-05,2.76756e-05,0.000115269,-0.00104324,0.00750205,-0.0085453,40,0,0.0400045
2025-08-18 00:00:00+00:00,-0.00741322,1.29455,1.20632,0.154657,0.00689066,0.922946,0.000295298,9.61942e-05,9.71462e-05,0.00102278,-0.00792868,-0.030157,0.0222283,40,0,0.0387263
2025-08-19 00:00:00+00:00,-0.00499929,1.28808,1.06623,0.107483,0.0012401,0.777099,0.000248643,0.000130363,3.26251e-05,5.49858e-05,-0.00462409,-0.0277532,0.0231291,39.9583,0,0.0366727
2025-08-20 00:00:00+00:00,0.00554723,1.29523,0.938202,0.0464228,-0.0115891,0.516395,0.000165289,0.000111052,4.0278e-05,-5.08796e-05,0.0059164,0.0221179,-0.0162015,40,0,0.0367284
2025-08-21 00:00:00+00:00,0.00190517,1.29769,0.934318,0.0849475,0.00883486,0.40008,0.000128054,9.78497e-05,3.10739e-05,9.08416e-05,0.00209282,-0.00909089,0.0111837,40,0,0.0373426
2025-08-22 00:00:00+00:00,0.00340779,1.30212,0.611817,0.0655087,0.00821233,1.51337,0.000493199,0.000386337,0.000102881,-0.000166232,0.00456722,0.028882,-0.0243148,39.9583,2,0.0386019
2025-08-23 00:00:00+00:00,0.000134813,1.30229,0.788604,0.107692,0.014806,0.465576,0.000148994,4.77332e-05,2.6686e-05,0.00014993,0.000217811,-0.00534488,0.0055627,39.7083,0,0.0383012
2025-08-24 00:00:00+00:00,-0.00357139,1.29764,0.34198,0.00463688,-0.000920638,1.59562,0.0005106,0.00027279,6.46213e-05,0.000183762,-0.00290781,-0.0032575,0.000349695,26.1458,0,0.0396153
2025-08-25 00:00:00+00:00,-0.00459066,1.29168,0.367211,0.0228774,0.00304446,1.76003,0.000563144,0.000229288,9.52725e-05,-0.000526646,-0.00316036,-0.0175258,0.0143654,24.375,0,0.038339
2025-08-26 00:00:00+00:00,-0.00507971,1.28512,0.362145,-0.0244118,0.00283242,1.41987,0.000454377,0.000237568,6.07326e-05,-1.74569e-05,-0.00430375,0.000810592,-0.00511434,27,0,0.0378774
2025-08-27 00:00:00+00:00,-0.00395711,1.28004,0.515521,-0.000857422,0.00344187,0.211881,6.78003e-05,1.80372e-05,1.1098e-05,0.000857984,-0.00471219,-0.00883953,0.00412733,33.5417,0,0.0350209
2025-08-28 00:00:00+00:00,-0.0142815,1.26176,0.677611,0.0131021,0.00768563,0.261383,8.3628e-05,2.86758e-05,1.10106e-05,0.000700956,-0.0149443,0.00141098,-0.0163553,35.875,0,0.032854
2025-08-29 00:00:00+00:00,0.00527114,1.26841,0.745676,0.00088445,0.00368086,0.214813,6.87655e-05,2.22013e-05,1.33024e-05,0.000209705,0.00516926,-0.0146662,0.0198355,36,0,0.0299924
2025-08-30 00:00:00+00:00,-0.000651612,1.26758,0.664393,-0.0223792,0.000608878,0.662409,0.000220832,0.000110347,4.73564e-05,0.000236045,-0.000495355,0.00188618,-0.00238153,37.0208,2,0.0311645
2025-08-31 00:00:00+00:00,0.00214613,1.2703,0.261377,-0.0266612,0.0102898,0.791193,0.000253201,0.000106382,3.30742e-05,0.000502228,0.00204015,-0.00305137,0.00509152,33.8333,0,0.0329473
2025-09-01 00:00:00+00:00,-0.0044914,1.2646,0.396873,-0.0383334,0.0181206,0.580468,0.000185718,6.6401e-05,3.04264e-05,-5.22348e-05,-0.00414614,-0.00903188,0.00488574,29.9375,0,0.0330776
2025-09-02 00:00:00+00:00,-0.00227663,1.26172,0.573775,-0.00583924,0.00845126,0.360943,0.000115502,2.34337e-05,1.91208e-05,0.000262046,-0.00237577,0.00818537,-0.0105611,34.5208,0,0.0304131
2025-09-03 00:00:00+00:00,-0.00347157,1.25734,0.604055,0.0339282,0.00278846,0.234394,8.04749e-05,1.43608e-05,1.49953e-05,1.98223e-05,-0.0033712,0.000800155,-0.00417136,36.3125,1,0.0277941
2025-09-04 00:00:00+00:00,0.000608701,1.2581,0.59532,0.0545665,0.0179926,0.171611,5.49012e-05,2.44924e-05,9.21763e-06,-0.000447146,0.00117503,-0.00986196,0.011037,38.4167,0,0.0277644
2025-09-05 00:00:00+00:00,-0.00229061,1.25522,0.646178,0.0421759,0.00894815,0.180351,5.78593e-05,2.9344e-05,1.26766e-05,-0.000205573,-0.00198166,0.00589429,-0.00787595,39.875,1,0.029269
2025-09-06 00:00:00+00:00,0.0061004,1.26288,0.73632,0.0317788,-0.0102267,0.396096,0.000130141,3.02926e-05,2.80864e-05,-0.000536897,0.00682535,0.00716479,-0.00033944,39.6875,1,0.0301479
2025-09-07 00:00:00+00:00,0.00451255,1.26858,0.822107,0.0525435,0.0139564,0.423573,0.000138019,3.26022e-05,3.72784e-05,0.000302566,0.00442819,0.0199464,-0.0155182,39.9375,3,0.0297181
2025-09-08 00:00:00+00:00,0.00254479,1.2718,0.812911,0.15764,0.0283137,0.39284,0.000129104,7.34634e-05,3.62739e-05,0.0004408,0.00237333,0.0191373,-0.0167639,36.9375,2,0.0283917
2025-09-09 00:00:00+00:00,0.00561745,1.27895,0.832802,0.171679,0.0361678,0.151858,4.86031e-05,3.19906e-05,1.12482e-05,0.00200692,0.00371631,0.00468047,-0.000964167,37.3542,0,0.0286398
2025-09-10 00:00:00+00:00,-0.00122387,1.27738,0.860533,0.113546,0.0156595,0.202721,6.84747e-05,2.51925e-05,1.73266e-05,0.0018389,-0.0029143,0.00589232,-0.00880662,38.7292,1,0.0297299
2025-09-11 00:00:00+00:00,-0.00570764,1.27009,0.902804,0.119375,0.0217342,0.158192,5.09261e-05,3.3168e-05,1.23485e-05,0.00180937,-0.00741796,0.00212073,-0.00953869,39.3542,1,0.0308267
2025-09-12 00:00:00+00:00,0.0109728,1.28403,0.932242,0.135503,0.0292367,0.358884,0.000131319,0.000115793,2.06696e-05,0.00167843,0.00953369,0.0153368,-0.00580306,39.7292,4,0.029997
2025-09-13 00:00:00+00:00,-0.00688734,1.27519,0.855969,0.128469,0.0113216,0.338739,0.000123793,9.0471e-05,1.96654e-05,0.000232152,-0.00687218,0.0041844,-0.0110566,37.2708,5,0.0296679
2025-09-14 00:00:00+00:00,0.00175183,1.27742,0.756984,0.0559034,-0.0136268,0.238153,7.62053e-05,3.91161e-05,1.00161e-05,-0.000263554,0.00216762,-0.00860576,0.0107734,36.6458,0,0.027973
2025-09-15 00:00:00+00:00,0.0023381,1.28041,0.752143,0.0753579,0.00484107,0.380178,0.000122162,9.66424e-05,3.69579e-05,-0.000177402,0.0027847,-0.0115002,0.0142849,35.875,1,0.0288412
2025-09-16 00:00:00+00:00,-0.000814792,1.27936,0.783621,0.0875072,0.0225695,0.239371,7.78825e-05,4.79207e-05,1.8717e-05,-0.000124581,-0.000529172,0.00330424,-0.00383341,37.9167,2,0.0311066
2025-09-17 00:00:00+00:00,0.0130277,1.29603,0.871729,0.107931,0.0217115,0.166255,5.3204e-05,4.64291e-05,1.3835e-05,0.00109957,0.0119811,0.0198453,-0.00786416,40,0,0.0328966
2025-09-18 00:00:00+00:00,0.00755271,1.30582,0.876881,0.115659,0.00579961,0.169429,5.47164e-05,3.31695e-05,1.30205e-05,0.000280944,0.00737208,0.0072036,0.000168477,39.75,1,0.0297422
2025-09-19 00:00:00+00:00,0.00223021,1.30873,0.857951,0.107741,0.00369338,0.114397,3.66157e-05,2.95204e-05,9.55747e-06,-0.000126076,0.00244545,-0.0166632,0.0191086,39.7292,0,0.0302811
2025-09-20 00:00:00+00:00,0.00762849,1.31871,0.868944,0.0552883,-1.89069e-05,0.154178,4.93561e-05,2.47686e-05,1.11423e-05,-0.000405831,0.00810821,0.00798784,0.000120362,40,0,0.0314149
2025-09-21 00:00:00+00:00,0.008743,1.33024,0.902208,0.0273678,-0.00700461,0.115023,3.68289e-05,3.03891e-05,1.07053e-05,-0.00021125,0.00901615,-0.000995076,0.0100112,40,0,0.0322051
2025-09-22 00:00:00+00:00,0.0396752,1.38302,1.08014,0.0402685,-0.00721584,1.52217,0.000491833,0.000247769,0.000131422,-9.48863e-05,0.0399656,-0.0120557,0.0520213,40,1,0.0373123
2025-09-23 00:00:00+00:00,0.00951984,1.39619,0.586972,0.055669,0.00313526,2.11898,0.000678211,0.000198889,8.9179e-05,-8.18057e-06,0.0104635,-0.000477894,0.0109414,37.5,0,0.0401514
2025-09-24 00:00:00+00:00,-0.00376643,1.39093,0.930986,0.133963,0.00596881,0.567104,0.000181474,6.27781e-05,3.29846e-05,8.3991e-05,-0.00356537,-0.00339073,-0.000174639,37.7083,0,0.0411558
2025-09-25 00:00:00+00:00,-0.00919439,1.37814,1.04724,0.111913,0.00249813,0.699191,0.00022725,6.65914e-05,3.73877e-05,0.000194616,-0.00907021,-0.0437577,0.0346875,39.375,1,0.0401993
2025-09-26 00:00:00+00:00,0.00558922,1.38584,1.12545,0.0924477,0.00143669,0.441049,0.000141153,4.51011e-05,3.66961e-05,0.000139457,0.00568669,0.025863,-0.0201763,39.9792,0,0.039194
2025-09-27 00:00:00+00:00,0.00338898,1.39054,1.01183,0.0692384,0.000235035,0.647008,0.000207079,6.83907e-05,3.1203e-05,-4.04729e-05,0.00374183,-0.00375718,0.00749902,40,0,0.0412894
2025-09-28 00:00:00+00:00,-0.013011,1.37245,0.546059,0.03499,-0.0105875,1.9166,0.00062106,0.000149012,0.000129772,0.000145212,-0.0122494,0.00946272,-0.0217121,34.6875,2,0.0412385
2025-09-29 00:00:00+00:00,0.00617941,1.38093,1.03248,0.175653,0.041817,0.76702,0.000245513,0.000139784,0.000134089,2.65504e-05,0.00669804,-0.00283262,0.00953067,36.4583,0,0.04159
2025-09-30 00:00:00+00:00,-0.00762862,1.37039,1.28412,0.176023,0.0445485,0.503567,0.000161134,5.02051e-05,3.69439e-05,0.00016315,-0.00753922,-0.0133922,0.00585297,38.5833,0,0.041836
2025-10-01 00:00:00+00:00,-0.00913311,1.35788,1.35009,0.164352,0.0230407,0.363679,0.000116252,6.10832e-05,3.03614e-05,0.000740583,-0.00964782,0.0256453,-0.0352931,39.6458,0,0.0393504
2025-10-02 00:00:00+00:00,0.00781507,1.36849,1.34107,0.14617,0.00231437,0.581799,0.000189931,6.13569e-05,5.3147e-05,0.000368541,0.00776239,0.0233508,-0.0155884,39.9792,2,0.0383823
2025-10-03 00:00:00+00:00,0.00632803,1.37715,1.3342,0.150671,0.000455711,0.674648,0.000215917,6.18915e-05,4.87003e-05,0.000370202,0.00630311,0.00216095,0.00414217,39.7708,0,0.0382903
2025-10-04 00:00:00+00:00,0.00689911,1.38665,1.26018,0.141883,-0.0062973,0.804,0.000262887,5.10325e-05,7.24006e-05,0.000402802,0.00689004,-0.0098963,0.0167863,40,1,0.0391405
2025-10-05 00:00:00+00:00,-0.000712053,1.38566,1.41964,0.146216,-0.0118487,0.478564,0.000154663,5.46916e-05,3.83194e-05,0.000213846,-0.000639418,-0.00275168,0.00211226,40,1,0.0397959
2025-10-06 00:00:00+00:00,0.0162522,1.40818,1.61035,0.214471,0.0199765,1.21767,0.000394417,0.000115952,0.000113571,0.000168916,0.0166372,0.0309532,-0.014316,40,1,0.0434127
2025-10-07 00:00:00+00:00,0.0230537,1.44065,1.559,0.221807,0.00570959,0.636264,0.000203711,5.56066e-05,3.55479e-05,-2.71655e-05,0.0231667,-0.0258353,0.049002,40,0,0.0459869
2025-10-08 00:00:00+00:00,0.00537492,1.44839,1.40862,0.159131,0.00360579,0.491753,0.000157377,8.19569e-05,4.07651e-05,-4.11912e-06,0.00567606,0.0190854,-0.0134093,40,0,0.0481772
2025-10-09 00:00:00+00:00,0.0180612,1.47455,1.62323,0.163161,0.0114008,0.808828,0.000258929,0.000104629,4.6776e-05,0.000159811,0.018203,-0.0191621,0.0373651,40,0,0.0493363
2025-10-10 00:00:00+00:00,0.095708,1.61568,1.56343,0.0942766,0.00838489,3.29253,0.00124807,0.000556721,0.00263118,0.00130704,0.097764,-0.101991,0.199755,39.9167,23,0.0491299
2025-10-11 00:00:00+00:00,0.00931417,1.63073,0.812919,0.0277714,0.000895149,1.22848,0.000393184,0.000223584,0.00044105,0.0011707,0.00920393,0.0103361,-0.00113219,40,0,0.0489407
2025-10-12 00:00:00+00:00,-0.00292686,1.62595,0.462086,-0.0367964,-0.00270402,1.49216,0.000477464,0.0002214,0.000258186,5.18364e-05,-0.00201866,0.0112979,-0.0133166,32.3958,0,0.048506
2025-10-13 00:00:00+00:00,-0.00748491,1.61378,0.600375,-0.0367411,-0.00627831,1.7949,0.000574431,0.00037817,0.000371422,0.000142942,-0.00628785,0.0104602,-0.0167481,29.9375,0,0.0483809
2025-10-14 00:00:00+00:00,-0.000236817,1.6134,0.440677,-0.0903573,-0.00238768,1.36895,0.000438069,0.000246047,0.000129988,0.000177683,0.000458135,-0.0106009,0.011059,29.3125,0,0.0472922
2025-10-15 00:00:00+00:00,0.00969133,1.62904,0.622561,-0.170738,0.00134996,0.728845,0.000233263,9.78297e-05,6.64083e-05,0.000291225,0.00979127,-0.0124653,0.0222566,27.0625,0,0.0472298
2025-10-16 00:00:00+00:00,0.00200114,1.6323,0.698888,-0.185298,0.00193093,0.848018,0.000271079,9.56808e-05,8.4172e-05,-9.44262e-06,0.00256036,-0.00904829,0.0116087,32.3333,0,0.0488523
2025-10-17 00:00:00+00:00,0.00810739,1.64553,1.0938,-0.14144,0.00473062,1.59323,0.000510042,0.00029258,0.000161001,-0.000379111,0.00945782,-0.00630589,0.0157637,37.9375,0,0.0492008
2025-10-18 00:00:00+00:00,-0.00958218,1.62976,1.47313,-0.0503699,0.00237081,0.933486,0.000298698,8.88547e-05,8.68933e-05,-0.000235739,-0.00888335,0.0126142,-0.0214976,40,0,0.0477091
2025-10-19 00:00:00+00:00,0.0010042,1.6314,1.51389,0.00219585,0.00956407,0.765731,0.000244983,3.81283e-05,5.22941e-05,8.28964e-05,0.00128251,0.0165911,-0.0153086,40,0,0.0451592
2025-10-20 00:00:00+00:00,0.0152858,1.65634,1.58213,0.152703,0.0160566,0.978067,0.000313095,5.54115e-05,0.000106624,0.000474037,0.0152107,0.0186178,-0.00340713,40,0,0.0443591
2025-10-21 00:00:00+00:00,0.0010968,1.65815,1.7266,0.122703,0.00963149,1.2929,0.000413817,8.81919e-05,0.000112953,-0.000117808,0.00188848,-0.0253435,0.027232,40,0,0.0456534
2025-10-22 00:00:00+00:00,-0.000498168,1.65733,1.67224,0.0570574,0.0107902,1.14719,0.000367069,4.71936e-05,7.11716e-05,-0.000427248,0.000467581,-0.0248705,0.0253381,40,0,0.0457912
2025-10-23 00:00:00+00:00,-0.0101641,1.64048,1.54762,0.0444658,0.0202187,0.89396,0.00028605,3.91827e-05,6.01994e-05,0.000139381,-0.0099265,0.0151623,-0.0250888,40,0,0.0448796
2025-10-24 00:00:00+00:00,-0.00449108,1.63311,1.59049,0.110303,0.0217973,0.438277,0.000140273,3.59646e-05,3.28806e-05,0.000181677,-0.00444257,0.0145882,-0.0190307,40,0,0.0420911
2025-10-25 00:00:00+00:00,-0.0124599,1.61277,1.58894,0.0486534,0.0123665,0.698175,0.000264484,5.85077e-05,9.31595e-05,2.48748e-05,-0.012116,-0.0039737,-0.00814232,40,2,0.0394518
2025-10-26 00:00:00+00:00,-0.00677569,1.60184,1.65923,0.0228658,-0.00186547,0.503226,0.000161065,4.20078e-05,3.92592e-05,-1.48969e-05,-0.00650393,0.03397,-0.040474,40,0,0.0375696
2025-10-27 00:00:00+00:00,0.0191875,1.63257,1.64992,-0.00706993,-0.0291666,1.20817,0.000394003,0.000203906,0.000230232,-0.000310681,0.0202017,-0.0099604,0.0301621,40,1,0.0382608
2025-10-28 00:00:00+00:00,-0.00185929,1.62954,1.57772,0.00279366,-0.035417,0.415556,0.000132969,0.000108319,3.55734e-05,-0.000112461,-0.00141612,-0.0214012,0.019985,40,0,0.0391109
2025-10-29 00:00:00+00:00,0.00758072,1.64189,1.47958,0.0167432,-0.0362308,0.404215,0.000129344,8.06878e-05,2.98651e-05,1.44504e-05,0.00780687,0.0058921,0.00191478,40,0,0.0404272
2025-10-30 00:00:00+00:00,0.0159778,1.66813,1.37379,0.0797701,-0.000666019,0.864821,0.000285616,0.00018326,8.16281e-05,0.00012677,0.0163132,-0.0416446,0.0579578,40,1,0.0435635
2025-10-31 00:00:00+00:00,-0.0137735,1.64515,1.39273,-0.0222279,-0.0182282,0.974625,0.00031157,0.000148923,9.96916e-05,0.000238617,-0.0134626,0.0112479,-0.0247105,40,0,0.0442833
2025-11-01 00:00:00+00:00,-0.00472462,1.63738,1.36797,0.0149355,-0.00769533,1.0586,0.000353072,0.000107494,0.0001614,0.000216967,-0.00431149,0.0107728,-0.0150843,40,1,0.0410183
2025-11-02 00:00:00+00:00,0.0081216,1.65067,1.34117,0.0721777,-0.00651704,0.780862,0.000265413,0.000126164,0.000124427,0.000134971,0.00852632,0.000341303,0.00818502,40,1,0.039012
2025-11-03 00:00:00+00:00,0.0142193,1.67415,1.51579,-0.050497,-0.0114135,2.12973,0.000721186,0.000155534,0.000321922,-0.000238537,0.0156453,-0.0696326,0.0852779,40,6,0.040968
2025-11-04 00:00:00+00:00,0.0181467,1.70453,1.22783,-0.0845889,-0.00808059,2.58668,0.000831231,0.000256298,0.000271425,4.66446e-05,0.0193798,-0.0168033,0.0361831,40,1,0.0427257
2025-11-05 00:00:00+00:00,-0.0184967,1.673,0.714837,-0.00838387,0.00485224,1.48611,0.000489761,0.000224683,0.000233089,8.04745e-05,-0.017691,0.00772645,-0.0254174,40,2,0.0431955
2025-11-06 00:00:00+00:00,-0.0300024,1.6228,0.80401,-0.00613562,0.00654192,1.22,0.000403217,0.000116316,0.00019328,8.19346e-05,-0.0296872,-0.025024,-0.00466328,40,3,0.0432754
2025-11-07 00:00:00+00:00,-0.0181824,1.5933,1.0278,-0.0016137,0.0126501,1.28215,0.00043388,0.000101067,0.000270743,-0.000184927,-0.0171751,0.0568191,-0.0739943,40,2,0.0406527
2025-11-08 00:00:00+00:00,-0.00998445,1.57739,1.1459,0.058765,0.0159489,0.694523,0.000231528,7.34981e-05,0.00010452,-3.52252e-05,-0.00953359,-0.022628,0.0130944,40,1,0.036266
2025-11-09 00:00:00+00:00,-0.00109053,1.57567,1.28845,0.046337,0.00989415,0.482362,0.00015435,4.98624e-05,5.23185e-05,1.43499e-05,-0.000824221,0.0186641,-0.0194884,40,0,0.0354132
2025-11-10 00:00:00+00:00,0.000568666,1.57657,1.08772,0.0563286,0.00107538,1.05822,0.000345416,0.000117174,0.000207228,-6.86187e-05,0.00136311,0.0147985,-0.0134354,40,1,0.0342378
2025-11-11 00:00:00+00:00,0.0148005,1.5999,1.11453,0.0810574,0.0118033,0.405615,0.000129839,5.9632e-05,3.96168e-05,-8.72206e-05,0.0150361,-0.0290957,0.0441318,40,0,0.0364666
2025-11-12 00:00:00+00:00,-0.00472323,1.59234,1.02926,0.0732022,0.00521306,1.1302,0.000361649,0.000172125,6.16366e-05,6.80529e-05,-0.00418252,-0.0090207,0.00483818,40,0,0.0381168
2025-11-13 00:00:00+00:00,0.0176859,1.6205,0.603997,0.0607657,0.0124143,1.53928,0.000492773,0.000206283,9.56285e-05,-2.78753e-05,0.0183763,-0.00554878,0.023925,40,0,0.0388761
2025-11-14 00:00:00+00:00,0.00749395,1.63265,0.803052,0.0636997,0.0157149,1.81425,0.00058071,0.000175644,0.000113889,-0.000488796,0.0088544,-0.00993317,0.0187876,39.875,0,0.0424193
2025-11-15 00:00:00+00:00,0.00282778,1.63727,0.965884,0.0105594,0.010447,0.859956,0.000275209,8.13045e-05,5.29623e-05,-0.000172819,0.00342263,0.00613215,-0.00270952,39.9792,0,0.0420212
2025-11-16 00:00:00+00:00,0.00497487,1.64541,0.769234,0.0288314,0.0040224,1.57817,0.000505054,0.000124574,8.00519e-05,-0.000468718,0.00616196,-0.00837234,0.0145343,40,0,0.0427006
2025-11-17 00:00:00+00:00,-0.00192139,1.64225,1.1058,0.0730264,0.0303318,1.86039,0.000595473,0.000139037,0.000276496,8.10658e-07,-0.000831928,-0.0174585,0.0166266,39.9792,0,0.0496575
2025-11-18 00:00:00+00:00,0.00560431,1.65145,0.982837,0.0274875,0.00697049,1.85668,0.000594287,0.000240214,0.000134994,0.000621606,0.00603317,0.0252781,-0.0192449,40,0,0.0498684
2025-11-19 00:00:00+00:00,0.0200781,1.68461,1.08062,0.0546696,-0.00920898,2.3569,0.00075449,0.000344936,0.000153635,-0.000141189,0.0213266,-0.0014708,0.0227974,40,0,0.0507695
2025-11-20 00:00:00+00:00,0.000414997,1.68531,0.87216,0.0675497,0.00401981,2.56061,0.000826819,0.000295298,0.000189468,0.00125208,0.000513285,-0.0222077,0.022721,39.0208,2,0.0509312
2025-11-21 00:00:00+00:00,0.00113049,1.68722,0.605779,-0.0148478,-0.00366759,2.99459,0.000971304,0.000424671,0.0003167,-6.10818e-05,0.00295917,-0.00801334,0.0109725,36.4167,3,0.0531509
2025-11-22 00:00:00+00:00,-0.0227782,1.64878,0.867902,0.020595,-0.00535842,2.79539,0.000899016,0.000256558,0.000280424,-0.00132916,-0.0201563,-0.0116882,-0.00846807,39.0625,1,0.0522139
2025-11-23 00:00:00+00:00,-0.0135673,1.62641,1.35527,0.108764,0.00328011,1.50686,0.000482209,0.000152086,0.000139369,-0.000403995,-0.0123788,0.00618451,-0.0185633,40,0,0.0492504
2025-11-24 00:00:00+00:00,-0.0124344,1.60619,1.27315,0.0502364,0.00589889,1.93777,0.000620106,0.00016463,0.00023329,0.000160384,-0.0116184,0.0192811,-0.0308995,40,0,0.0462938
2025-11-25 00:00:00+00:00,-0.00753915,1.59408,1.26688,0.0895551,-0.00150506,0.878924,0.000286589,0.000204587,0.000117038,0.000813108,-0.00769537,0.00384058,-0.0115359,40,1,0.0422285
2025-11-26 00:00:00+00:00,0.00443228,1.60115,1.36009,0.0952682,0.0123435,1.07987,0.000345686,0.000227822,0.000150609,0.000965524,0.00422482,0.00995825,-0.00573343,40,0,0.0409649
2025-11-27 00:00:00+00:00,-0.00953363,1.58588,1.30644,0.107561,0.018965,0.493627,0.000157948,0.000187029,7.04859e-05,0.00232513,-0.011454,-0.0113558,-9.82419e-05,40,0,0.0396609
2025-11-28 00:00:00+00:00,0.0190304,1.61606,1.22547,0.0627673,0.00737385,0.636829,0.000203934,0.000192691,6.102e-05,0.000668933,0.0186917,0.00191333,0.0167784,40,0,0.0380442
2025-11-29 00:00:00+00:00,0.000445067,1.61678,0.505203,0.00184003,-0.00919131,2.00213,0.000640699,0.000509136,0.000113396,6.77992e-05,0.00165268,-0.00320213,0.00485481,35.1667,0,0.0392245
2025-11-30 00:00:00+00:00,0.0114205,1.63525,0.554902,0.0319245,0.000756776,1.00564,0.000321888,0.000223268,5.61344e-05,2.26344e-05,0.0119462,-0.00282431,0.0147705,29.3125,0,0.040708
2025-12-01 00:00:00+00:00,0.0168525,1.6628,0.866157,0.0303237,-0.00899862,1.92125,0.000629866,0.000243734,0.00016416,0.000514883,0.0172792,-0.0117544,0.0290337,39.6042,2,0.0442065
2025-12-02 00:00:00+00:00,0.0167166,1.6906,0.932375,0.0190782,0.000437147,2.22229,0.000711627,0.000276755,0.000182939,0.0014538,0.0163707,0.0349883,-0.0186176,40,0,0.0466327
2025-12-03 00:00:00+00:00,-0.00363607,1.68445,0.7295,0.0463829,-0.000465173,2.60808,0.000849796,0.000264749,0.000288348,0.00193368,-0.00410675,0.0172131,-0.0213199,40,3,0.0488569
2025-12-04 00:00:00+00:00,0.0112597,1.70342,0.682967,0.0621945,-0.0058395,1.89627,0.00060693,0.000184248,0.000153249,0.0010381,0.0111366,-0.00570702,0.0168436,40,0,0.0480034
2025-12-05 00:00:00+00:00,-0.00324343,1.69789,0.570378,0.0152599,-0.0193909,2.10994,0.000675169,0.000226759,0.000155446,0.000429975,-0.00259576,-0.0116409,0.00904517,37.6458,0,0.0485155
2025-12-06 00:00:00+00:00,0.00941551,1.71388,0.748883,-0.089179,-0.0345103,0.907448,0.000290409,6.54456e-05,8.33966e-05,-0.00052633,0.010355,0.00537545,0.00497959,36.7917,0,0.0491149
2025-12-07 00:00:00+00:00,0.00559548,1.72347,0.90242,0.0184231,-0.00318967,2.01381,0.000644532,0.000184633,0.000157267,-0.000305583,0.0068932,-0.00286646,0.00975966,40,0,0.0506455
2025-12-08 00:00:00+00:00,0.00137547,1.72584,0.43415,0.0354345,0.00426334,1.76606,0.000565215,0.000204691,0.000177018,1.68437e-05,0.00233021,0.00986844,-0.00753822,30.0833,0,0.0499927
2025-12-09 00:00:00+00:00,-0.000182586,1.72553,0.491878,0.0268561,0.00215229,1.78613,0.000571599,0.000164942,0.000113484,-0.000110182,0.0007985,0.00531039,-0.00451189,28.1667,0,0.0492623
2025-12-10 00:00:00+00:00,0.00635255,1.73649,0.343969,0.0108195,0.00466273,1.20818,0.000386672,0.000107732,6.14315e-05,0.00016554,0.00673492,-0.00491434,0.0116493,27.8125,0,0.0484674
2025-12-11 00:00:00+00:00,0.0102317,1.75425,0.554483,-0.043917,-0.000964389,2.23086,0.000714495,0.000270251,0.000210507,7.73511e-05,0.0113509,0.00383591,0.00751497,31.1458,0,0.0499298
2025-12-12 00:00:00+00:00,0.000902147,1.75584,0.910331,-0.0489839,-0.0123883,1.8741,0.000599725,0.000154357,0.000156147,-0.000631493,0.00249539,-0.00919791,0.0116933,40,0,0.0502627
2025-12-13 00:00:00+00:00,-0.00553241,1.74612,0.347949,-0.0435471,-0.0132743,1.86461,0.000603985,0.000197333,0.000183123,-0.000459114,-0.0040821,0.00206103,-0.00614313,29.2292,2,0.0498179
2025-12-14 00:00:00+00:00,0.00989404,1.7634,0.622917,-0.0931964,-0.0231322,1.54967,0.000495997,0.000195531,0.000108127,-0.000317743,0.0109709,-0.00879269,0.0197636,30.2917,0,0.0496996
2025-12-15 00:00:00+00:00,0.00605596,1.77408,0.677561,-0.0586661,-0.0210372,2.70825,0.000870478,0.000328999,0.000320573,3.24382e-05,0.00755769,-0.00671108,0.0142688,31.2708,1,0.0503654
2025-12-16 00:00:00+00:00,-0.000676144,1.77288,0.659165,-0.00638646,-0.0137548,1.84626,0.000590798,0.000172776,0.000129592,0.00152686,-0.00128452,-0.000301991,-0.000982524,31.0417,0,0.0501294
2025-12-17 00:00:00+00:00,0.0113366,1.79298,0.701555,-0.012661,-0.00361616,2.99503,0.000962542,0.000242608,0.000218045,0.000615783,0.0121146,-0.0124975,0.0246121,36.6042,1,0.0501973
2025-12-18 00:00:00+00:00,0.0112293,1.81311,0.631481,0.017774,0.00361405,2.634,0.000856223,0.00028001,0.000338436,0.000227806,0.0124565,-0.0110231,0.0234796,32.75,1,0.0521285
2025-12-19 00:00:00+00:00,0.00466048,1.82156,0.871734,-0.00587271,-0.00352246,2.40496,0.000780327,0.000299422,0.000492707,0.000272894,0.00616694,0.0472999,-0.0411329,39.7708,1,0.0525149
2025-12-20 00:00:00+00:00,0.000631643,1.82271,0.368782,-0.048377,-0.0122167,1.68469,0.000543123,0.000203923,0.000140267,0.000360546,0.00116656,0.000524688,0.000641868,30.9583,1,0.0502815
2025-12-21 00:00:00+00:00,-0.0151181,1.79516,0.595042,-0.134301,-0.0227523,1.84624,0.000593305,0.000185648,0.000174501,0.000220921,-0.0144381,-0.0128798,-0.0015583,29.125,2,0.0498312
2025-12-22 00:00:00+00:00,0.00415887,1.80262,0.455867,0.0494683,0.0084033,2.1335,0.000682941,0.000244952,0.000267877,0.000157365,0.00520835,-0.000901704,0.00611006,32.3333,0,0.048089
2025-12-23 00:00:00+00:00,0.000597321,1.8037,0.368214,0.0196433,-0.00335201,1.47068,0.000470635,0.000185083,0.000112277,-4.85255e-05,0.00142327,-0.00255213,0.0039754,27.8333,0,0.0493274
2025-12-24 00:00:00+00:00,-0.00522846,1.79427,0.610874,0.0490852,0.0162229,2.09041,0.000671423,0.00039319,0.000194997,-8.41573e-05,-0.00387951,-0.00561035,0.00173083,32.25,1,0.0484321
2025-12-25 00:00:00+00:00,-0.00174333,1.79114,0.790474,0.0472304,0.0223245,0.955394,0.000305729,0.000138256,9.8548e-05,-6.77478e-05,-0.00109901,-0.00385472,0.00275571,36.9792,0,0.0463955
2025-12-26 00:00:00+00:00,-0.00845555,1.77599,0.691726,0.0698199,0.0043993,1.58419,0.000506944,0.000233357,0.000125754,0.00021837,-0.00782221,0.00070522,-0.00852743,39.7708,0,0.0443293
2025-12-27 00:00:00+00:00,-0.00348541,1.7698,0.577082,0.0358833,-0.0131213,0.673531,0.000224333,7.00751e-05,7.81326e-05,0.000228771,-0.00332272,0.00403534,-0.00735805,36.3125,2,0.0400776
2025-12-28 00:00:00+00:00,0.00169195,1.7728,0.697231,0.0355675,0.00100027,0.932939,0.000298546,6.42145e-05,6.39768e-05,0.000506026,0.00162808,-0.00529552,0.0069236,38.8542,0,0.0382783
2025-12-29 00:00:00+00:00,0.00158936,1.77562,0.489537,0.00729895,-0.00454502,1.77321,0.000569505,0.0001814,0.000192999,-5.37375e-05,0.00260649,0.0013366,0.00126989,34.4792,2,0.0400701
2025-12-30 00:00:00+00:00,0.00564879,1.78565,0.615405,-0.00487349,-0.0209374,0.967349,0.000309585,0.000112423,7.07228e-05,-0.000100432,0.00625237,0.0029964,0.00325597,29.7083,0,0.0414512
2025-12-31 00:00:00+00:00,-0.00350433,1.77939,0.884257,-0.016523,-0.0382423,0.704883,0.000240948,6.11486e-05,0.000155828,0.00092877,-0.00394483,-0.00502503,0.0010802,37.6875,2,0.0403932
2026-01-01 00:00:00+00:00,0.00889104,1.79521,0.729264,0.0128049,-0.0141067,0.891871,0.000285461,6.12299e-05,7.25411e-05,0.000626858,0.00867035,0.0182905,-0.00962015,39.4167,0,0.0393738
2026-01-02 00:00:00+00:00,-0.0131883,1.77153,0.894398,0.0845312,0.00021226,1.12788,0.000404694,0.000131231,0.000251963,0.0012062,-0.0136615,0.0138061,-0.0274676,39.875,7,0.0376995
2026-01-03 00:00:00+00:00,0.000938344,1.7732,0.937644,0.0622314,0.00487204,0.542318,0.000173557,4.03073e-05,5.63005e-05,0.000377773,0.000847778,0.00470329,-0.00385552,40,0,0.0349844
2026-01-04 00:00:00+00:00,-0.00967153,1.75605,0.864013,0.0145183,0.00217046,0.629153,0.000224013,6.49116e-05,9.438e-05,-0.000487806,-0.00881845,0.00870048,-0.0175189,39.6875,6,0.0333837
2026-01-05 00:00:00+00:00,0.00419906,1.76342,0.948159,0.000235094,-0.014839,0.801467,0.000271875,0.000123354,0.000153817,0.00062646,0.00420486,0.0109289,-0.00672407,39.9583,3,0.0317341
2026-01-06 00:00:00+00:00,-0.00368147,1.75693,0.738431,-0.0296754,-0.00949753,0.5997,0.000210205,0.000157962,0.000160811,0.00032597,-0.00345446,0.00247035,-0.00592481,39.5833,4,0.0319398
2026-01-07 00:00:00+00:00,-0.00276222,1.75208,0.37168,-0.0478254,-0.0203982,1.26792,0.000410501,0.000184744,0.00020683,-0.00011952,-0.00182541,-0.0076969,0.00587149,37.8125,1,0.03162
2026-01-08 00:00:00+00:00,-0.000153511,1.75181,0.288476,-0.0652139,-0.0251557,0.658129,0.000210638,0.000109162,6.30541e-05,-0.00019851,0.000444457,-0.00193474,0.0023792,25.8542,0,0.0326284
2026-01-09 00:00:00+00:00,-0.00150091,1.74918,0.41043,-0.0731519,-0.0269081,0.231573,7.40971e-05,4.08488e-05,2.91199e-05,-0.000275879,-0.00106597,-0.000151083,-0.000914884,31.8333,0,0.031675
2026-01-10 00:00:00+00:00,0.00142764,1.75167,0.36671,-0.0536244,-0.0148301,0.27729,8.87375e-05,7.2377e-05,2.74384e-05,-5.7357e-05,0.00167718,-0.00139168,0.00306886,33,0,0.0321191
2026-01-11 00:00:00+00:00,-0.00206465,1.74806,0.24492,-0.0480784,-0.0167762,0.158591,5.07442e-05,4.68386e-05,1.43013e-05,1.49835e-05,-0.00196543,0.000753153,-0.00271859,33.0208,0,0.0326507
2026-01-12 00:00:00+00:00,0.00275029,1.75287,0.25715,-0.043085,-0.00878805,0.924646,0.000295933,0.000246636,0.000117751,0.000381548,0.00303519,-0.00316025,0.00619544,33.0833,0,0.0326385
2026-01-13 00:00:00+00:00,-9.25299e-05,1.7527,0.305216,-0.0433715,0.00405955,0.829463,0.000266449,0.00016204,6.60112e-05,0.000691562,-0.000256044,0.00867285,-0.00892889,27.7083,2,0.0333014
2026-01-14 00:00:00+00:00,-0.0100254,1.73513,0.307578,-0.0203048,-0.000418444,0.61173,0.000203935,0.000125445,0.000150437,0.00129709,-0.0107981,-0.00102997,-0.00976808,26.9375,2,0.0331418
2026-01-15 00:00:00+00:00,-0.00553847,1.72552,0.352823,-0.0663526,-0.00463943,0.350226,0.000115867,7.36132e-05,9.17562e-05,0.000629559,-0.00587972,-0.00513903,-0.00074069,31.4792,1,0.0304114
2026-01-16 00:00:00+00:00,-0.00309139,1.72019,0.388367,-0.0851009,-0.0176252,0.169366,5.42445e-05,1.14322e-05,2.18073e-05,0.000254651,-0.00325131,0.000691171,-0.00394248,34.0625,1,0.0247779
2026-01-17 00:00:00+00:00,-0.00275339,1.71545,0.402984,-0.0823838,-0.00871038,0.125774,4.0956e-05,7.18751e-06,1.44889e-05,0.000129379,-0.00281711,-0.00411373,0.00129662,35.3958,1,0.0239037
2026-01-18 00:00:00+00:00,0.000579568,1.71645,0.410526,-0.0800671,-0.00748145,0.0455168,1.45671e-05,1.82089e-06,3.82211e-06,-0.000168941,0.000775434,-0.00750251,0.00827795,36,0,0.0222748
2026-01-19 00:00:00+00:00,0.012637,1.73814,0.407803,-0.0974336,-0.0179439,0.455991,0.000152678,3.62274e-05,0.000102917,8.91931e-05,0.0127962,-0.00129493,0.0140912,32.25,4,0.0237875
2026-01-20 00:00:00+00:00,0.0125401,1.75993,0.380452,-0.0557911,-0.00889111,0.531699,0.000170182,3.6133e-05,4.3359e-05,0.000424763,0.0122964,-0.00591806,0.0182144,34.875,0,0.0257757
2026-01-21 00:00:00+00:00,-0.00179611,1.75677,0.287977,-0.0232138,-0.00464802,0.477633,0.000152807,3.05442e-05,3.42136e-05,0.00143149,-0.00298987,0.00893858,-0.0119284,36,0,0.0251707
2026-01-22 00:00:00+00:00,0.00623695,1.76773,0.170504,-0.011478,-0.0040057,0.794006,0.000254119,7.40991e-05,5.59281e-05,0.0022015,0.00441262,0.00364544,0.000767177,25.9583,0,0.0260522
2026-01-23 00:00:00+00:00,-0.000581821,1.7667,0.194246,-0.0187382,-0.00580334,0.70072,0.000224227,5.71306e-05,4.70336e-05,0.000433006,-0.000680935,-0.00174043,0.00105949,17.75,0,0.0285286
2026-01-24 00:00:00+00:00,-0.00115698,1.76466,0.282595,0.00709279,-0.00949212,0.499706,0.000159903,5.45584e-05,4.18195e-05,7.25983e-05,-0.000961994,0.00345426,-0.00441626,23,0,0.0279795
2026-01-25 00:00:00+00:00,0.00867067,1.77996,0.305563,-0.00104511,-0.0147168,0.26722,8.55299e-05,3.08443e-05,2.28202e-05,9.13609e-06,0.00878013,-0.00559467,0.0143748,28.2708,0,0.0275364
2026-01-26 00:00:00+00:00,0.00504939,1.78894,0.329242,0.0251912,-0.0015453,1.12257,0.000359221,0.000182414,0.000143309,0.00146338,0.00427127,0.00969275,-0.00542148,32.2917,0,0.0305237
2026-01-27 00:00:00+00:00,-0.00502088,1.77996,0.318725,0.0166787,-0.00379935,0.533071,0.000175557,8.92632e-05,5.61874e-05,0.00273256,-0.00742881,0.000978987,-0.0084078,28.7917,2,0.0288151
2026-01-28 00:00:00+00:00,-0.00388929,1.77304,0.383686,0.0331304,0.0054401,0.178888,5.76458e-05,2.05928e-05,2.21023e-05,0.00166167,-0.00543673,-0.00765869,0.00222196,30.9167,1,0.0267748
2026-01-29 00:00:00+00:00,-0.00401778,1.76592,0.404845,0.0340321,0.00490676,0.167287,5.39905e-05,4.43969e-05,2.00687e-05,0.000590637,-0.0044795,-0.0175424,0.0130629,31.1667,1,0.0265492
2026-01-30 00:00:00+00:00,0.000812768,1.76735,0.448418,0.0226361,-0.00487793,0.329982,0.000116753,6.02053e-05,3.67712e-05,-0.000130746,0.00117858,-0.00240326,0.00358184,32.0833,4,0.0282597
2026-01-31 00:00:00+00:00,-0.00154076,1.76463,0.537961,0.01096,-0.00341239,0.767767,0.000277798,0.000248168,0.000138644,-0.000262737,-0.000592436,-0.0345217,0.0339293,34.9792,9,0.0290091
2026-02-01 00:00:00+00:00,0.00118863,1.76673,0.670419,-0.0198382,-0.0031802,0.571368,0.000184101,9.927e-05,8.07641e-05,0.000617249,0.000977892,-0.0166139,0.0175918,38.7708,1,0.0292874
2026-02-02 00:00:00+00:00,0.012163,1.78821,0.84078,0.00386498,-0.000199185,0.507886,0.000162617,0.000114588,0.000130733,0.0015673,0.0109575,0.0134127,-0.00245517,40,0,0.0309856
2026-02-03 00:00:00+00:00,0.00291324,1.79342,0.938626,-0.00968627,-0.00621721,0.294775,9.43357e-05,4.9556e-05,4.55648e-05,0.00200696,0.00111673,-0.0147331,0.0158498,40,0,0.0332116
2026-02-04 00:00:00+00:00,-0.00645465,1.78185,0.999947,-0.0282307,-0.0116895,0.174864,5.59534e-05,4.28907e-05,2.88402e-05,0.0019756,-0.00830082,-0.0139577,0.0056569,40,0,0.0333798
2026-02-05 00:00:00+00:00,0.0102103,1.80004,0.793939,-0.0309322,-0.0136088,1.04711,0.00035555,0.000327972,0.000132892,0.00118592,0.00981929,-0.0527811,0.0626004,39.5417,5,0.033138
2026-02-06 00:00:00+00:00,-0.0154789,1.77218,0.466585,-0.0248465,-0.00240134,0.535862,0.000176185,0.000135276,0.000107563,1.86227e-05,-0.0151292,0.0201759,-0.0353051,36.4792,5,0.0316766
2026-02-07 00:00:00+00:00,0.00407606,1.7794,0.510737,-0.0100707,-0.00420688,0.259724,8.31115e-05,5.22966e-05,3.41057e-05,0.000543209,0.0037047,-0.00203702,0.00574172,40,0,0.0297244
2026-02-08 00:00:00+00:00,-0.016079,1.75079,0.534266,-0.0109624,-0.00933341,0.244258,7.89653e-05,4.52365e-05,3.88215e-05,0.000441565,-0.0164539,-0.00353495,-0.0129189,40,1,0.0295091
2026-02-09 00:00:00+00:00,0.000626527,1.75189,0.500194,-0.000281029,-0.0108986,0.370971,0.000118783,8.84854e-05,0.000101376,0.000503009,0.000449851,-0.00106615,0.001516,40,0,0.0264919
2026-02-10 00:00:00+00:00,0.0020799,1.75553,0.507932,-0.00408879,-0.00907055,0.101088,3.56974e-05,1.45811e-05,1.63285e-05,0.000157864,0.00200122,-7.07197e-05,0.00207193,40,1,0.0267303
2026-02-11 00:00:00+00:00,-0.0102135,1.7376,0.481576,-0.00646654,-0.0105653,0.105158,3.55072e-05,1.2795e-05,2.12137e-05,-0.00048701,-0.00968421,-0.00623638,-0.00344783,39.7708,1,0.026895
2026-02-12 00:00:00+00:00,0.00344742,1.74359,0.531471,0.00817173,-0.00781171,0.261589,8.57485e-05,3.43285e-05,3.5171e-05,0.000287459,0.00332486,0.00619208,-0.00286722,39.75,2,0.0260806
2026-02-13 00:00:00+00:00,0.00775666,1.75712,0.616277,0.00600599,-0.0049553,0.217738,6.97083e-05,5.67998e-05,2.38493e-05,-7.6493e-05,0.00798675,0.0221865,-0.0141998,40,0,0.0268023
2026-02-14 00:00:00+00:00,0.00479342,1.76554,0.600905,-0.0108916,-0.0070219,0.299853,0.000101566,3.19383e-05,3.55398e-05,-0.000436757,0.00540866,0.0162494,-0.0108408,39.8958,2,0.0276331
2026-02-15 00:00:00+00:00,0.00783087,1.77936,0.623654,-0.0207896,-0.0155216,0.187468,5.99961e-05,1.4972e-05,2.33373e-05,-0.00130798,0.00921849,-0.00853617,0.0177547,39.75,0,0.0289176
2026-02-16 00:00:00+00:00,0.0094406,1.79616,0.669114,-0.0265581,-0.0175152,0.330212,0.000105731,5.61392e-05,5.83626e-05,-0.00101491,0.0106628,0.0141857,-0.00352291,40,0,0.0280998
2026-02-17 00:00:00+00:00,-0.00624889,1.78494,0.694383,-0.0410695,-0.0149538,0.34021,0.000108853,4.53529e-05,3.87802e-05,-0.00120467,-0.00486141,-0.00790907,0.00304766,40,0,0.0279078
2026-02-18 00:00:00+00:00,-0.00660149,1.77316,0.74737,-0.0450731,-0.0156875,0.293576,0.000103429,2.38512e-05,6.54736e-05,-0.00130985,-0.00509001,-0.00925212,0.00416211,40,1,0.0257705
2026-02-19 00:00:00+00:00,-0.00326743,1.76736,0.730748,-0.0527055,-0.013542,0.183193,6.12001e-05,3.61998e-05,3.38844e-05,-0.00137495,-0.00175315,-0.000889139,-0.000864011,40,1,0.0245281
2026-02-20 00:00:00+00:00,-0.0109386,1.74803,0.735769,-0.03784,-0.00924182,0.099586,3.18633e-05,2.68403e-05,1.44023e-05,-0.00112131,-0.00978099,0.00539016,-0.0151711,40,0,0.0236147
2026-02-21 00:00:00+00:00,0.00829649,1.76253,0.729995,-0.0446549,-0.0195406,0.18658,5.97008e-05,3.67303e-05,2.61834e-05,-0.00102544,0.00942844,0.0040367,0.00539174,40,0,0.024791
2026-02-22 00:00:00+00:00,0.00567222,1.77253,0.670293,-0.0617793,-0.035564,0.0843156,2.69884e-05,1.58022e-05,1.10074e-05,-0.000663385,0.00638368,-0.00334885,0.00973253,40,0,0.0266029
2026-02-23 00:00:00+00:00,-0.000829097,1.77106,0.605991,-0.0138221,-0.00216162,0.241085,7.82808e-05,3.31676e-05,5.38143e-05,0.000225173,-0.000873335,-0.00938672,0.00851338,39.7708,1,0.0273438
2026-02-24 00:00:00+00:00,0.00463557,1.77927,0.58229,-0.0387979,-0.0110173,0.0846594,2.91458e-05,1.05933e-05,2.00461e-05,-0.000271479,0.00497537,0.00538697,-0.000411598,40,1,0.0260842
2026-02-25 00:00:00+00:00,0.00359923,1.78567,0.592023,-0.0391796,-0.00378651,0.312012,0.000107905,2.78809e-05,8.05992e-05,0.000409463,0.00343022,0.0231585,-0.0197283,40,2,0.0247969
2026-02-26 00:00:00+00:00,0.00675295,1.79773,0.605941,-0.0519397,-0.00616774,0.211953,6.86581e-05,4.2886e-05,5.06619e-05,0.00187068,0.0050868,0.00652226,-0.00143545,39.8333,1,0.0270812
2026-02-27 00:00:00+00:00,0.0024776,1.80219,0.617117,-0.0632957,-0.0153008,0.0830257,2.65625e-05,3.32031e-06,1.57633e-05,0.00051844,0.00202074,-0.0116203,0.0136411,40,0,0.0260891
2026-02-28 00:00:00+00:00,-0.0147561,1.77559,0.611759,-0.0590919,-0.0192015,0.301875,0.000113361,2.00053e-05,0.000105968,-2.53595e-05,-0.0145712,0.0057824,-0.0203536,39.9792,5,0.0269975
2026-03-01 00:00:00+00:00,0.00271438,1.78041,0.592149,-0.0381034,-0.00145732,0.0973904,3.11688e-05,1.0945e-05,1.67644e-05,7.93176e-05,0.00270235,-0.00261885,0.0053212,40,0,0.0250452
2026-03-02 00:00:00+00:00,0.00374652,1.78708,0.561174,-0.0304122,-0.00993835,0.28913,9.37962e-05,1.5917e-05,7.15931e-05,0.00035168,0.00358792,0.0123842,-0.00879625,38.9583,1,0.0241444
2026-03-03 00:00:00+00:00,-0.0164097,1.75776,0.571828,-0.036755,-0.00843321,0.162268,5.46749e-05,1.1948e-05,2.74529e-05,0.000147742,-0.0165762,-0.020494,0.00391783,39.5625,2,0.0230187
2026-03-04 00:00:00+00:00,0.00189999,1.7611,0.599452,-0.000440339,-7.27997e-05,0.288399,9.23013e-05,1.68713e-05,2.74398e-05,-0.000152554,0.00220126,0.00717688,-0.00497562,40,0,0.0224773
2026-03-05 00:00:00+00:00,0.00701883,1.77346,0.626636,0.00260614,-0.0034404,0.14123,4.52046e-05,1.65425e-05,1.92642e-05,-6.05718e-05,0.00714624,-0.00230188,0.00944811,40,0,0.0260014
2026-03-06 00:00:00+00:00,-0.000466232,1.77263,0.61717,-0.017553,-0.00757195,0.292477,0.000100593,8.28403e-05,0.000125605,-0.000248263,0.000109565,-0.00745507,0.00756464,40,1,0.0256434
2026-03-07 00:00:00+00:00,0.00388518,1.77952,0.572183,-0.0306068,-0.0121076,0.220331,7.34721e-05,2.43464e-05,4.96806e-05,-0.00034069,0.00437492,-0.00305511,0.00743004,40,1,0.0257918
2026-03-08 00:00:00+00:00,0.000552138,1.7805,0.5679,-0.0457527,-0.0193732,0.127659,4.08519e-05,1.26985e-05,1.41314e-05,0.00016819,0.000455207,-0.00423083,0.00468603,40,0,0.0260067
2026-03-09 00:00:00+00:00,-0.00387742,1.7736,0.684628,0.00162966,-0.00843392,0.311952,0.000101461,2.87362e-05,0.000101441,0.000974492,-0.00461801,0.00498286,-0.00960087,40,1,0.0262214
2026-03-10 00:00:00+00:00,0.00338858,1.77961,0.726261,-0.00195837,-0.00890265,0.0892654,2.85721e-05,1.14e-05,1.39759e-05,0.000890201,0.00258434,0.0102814,-0.00769709,40,0,0.0252891
2026-03-11 00:00:00+00:00,0.00719015,1.7924,0.701293,-0.0161297,-0.0110757,0.207114,6.63019e-05,4.37498e-05,2.96123e-05,0.000270386,0.00705029,0.00367798,0.00337231,40,0,0.0283565
2026-03-12 00:00:00+00:00,-0.000860542,1.79086,0.714662,-0.0194807,-0.00382338,0.128804,4.1223e-05,8.27597e-06,1.80155e-05,-0.00022744,-0.000554168,0.00659919,-0.00715336,40,0,0.0293988
2026-03-13 00:00:00+00:00,-0.00434722,1.78307,0.737478,-0.0288657,-0.00564342,0.145823,4.66602e-05,1.25132e-05,1.2349e-05,-5.99671e-05,-0.0042031,0.000675032,-0.00487813,40,0,0.0276625
2026-03-14 00:00:00+00:00,-0.000539207,1.78211,0.718752,-0.052654,-0.0266975,0.189918,6.07888e-05,2.70221e-05,3.18819e-05,-0.000621522,0.00021515,0.00510828,-0.00489313,40,0,0.0275388
2026-03-15 00:00:00+00:00,-0.00360332,1.77569,0.705278,-0.0436876,-0.0229521,0.20403,7.25558e-05,2.01999e-05,9.81239e-05,-0.00041501,-0.00297889,0.00414037,-0.00711927,39.9583,2,0.0277493
2026-03-16 00:00:00+00:00,-0.00447017,1.76775,0.684591,0.0122536,0.00492053,0.431556,0.00014595,6.64365e-05,9.08818e-05,0.000262585,-0.00440323,0.00766902,-0.0120722,39.9792,2,0.0279492
2026-03-17 00:00:00+00:00,0.00949255,1.78453,0.602561,-0.0104165,0.00540454,0.174206,5.57519e-05,2.49239e-05,2.83741e-05,1.97748e-05,0.00955606,-0.00286505,0.0124211,40,0,0.0257857
2026-03-18 00:00:00+00:00,0.00891466,1.80044,0.553065,-0.0362866,-0.0150531,0.159044,5.09298e-05,1.93278e-05,2.61522e-05,-0.000489472,0.00947943,-0.00520005,0.0146795,40,0,0.0270354
2026-03-19 00:00:00+00:00,-0.0129632,1.7771,0.547687,-0.0626508,-0.0252629,0.126467,4.19729e-05,2.72578e-05,2.83028e-05,-0.0008509,-0.0120829,-0.01167,-0.000412896,40,1,0.0265515
2026-03-20 00:00:00+00:00,-0.00556179,1.76722,0.570372,-0.056199,-0.00892027,0.143692,5.09592e-05,2.20373e-05,4.11944e-05,9.56499e-05,-0.00554269,-0.00115367,-0.00438901,39.9375,3,0.0242978
2026-03-21 00:00:00+00:00,-0.000875231,1.76567,0.575144,-0.0524316,-0.0108889,0.0754752,2.41521e-05,7.58758e-06,1.51392e-05,0.000375365,-0.00119181,-0.00329644,0.00210463,40,0,0.0229216
2026-03-22 00:00:00+00:00,0.00188698,1.76901,0.554621,-0.0438227,-0.0253271,0.099218,3.9098e-05,7.90113e-06,2.22551e-05,0.000604625,0.001358,0.000110583,0.00124742,39.7917,2,0.0208398
2026-03-23 00:00:00+00:00,-0.0038993,1.76211,0.537855,-0.039094,-0.0107489,0.103971,3.32654e-05,1.67998e-05,3.15116e-05,-0.00015404,-0.00365717,0.00724983,-0.010907,38.3542,0,0.0202613
2026-03-24 00:00:00+00:00,-0.00257657,1.75757,0.525216,-0.0354355,0.00261557,0.12679,4.45129e-05,9.52027e-06,1.94267e-05,-0.000370412,-0.00212427,-0.00147654,-0.000647732,39.3125,1,0.0205607
2026-03-25 00:00:00+00:00,0.00713944,1.77012,0.495545,-0.0282107,-0.00748932,0.146943,4.70318e-05,1.1744e-05,1.56255e-05,-0.000247906,0.00744356,0.00528147,0.00216209,40,0,0.0205508
2026-03-26 00:00:00+00:00,0.00571386,1.78023,0.451051,-0.0281737,-0.023363,0.0788362,2.52353e-05,1.39907e-05,1.1592e-05,-0.000301118,0.0060553,-0.00914433,0.0151996,40,0,0.0213057
2026-03-27 00:00:00+00:00,-0.00213404,1.77643,0.471021,-0.0376896,-0.0269538,0.120371,3.85128e-05,1.38987e-05,1.29935e-05,-0.000775628,-0.00128573,-0.00681213,0.00552641,40,0,0.0229305
2026-03-28 00:00:00+00:00,0.00395435,1.78345,0.443824,-0.0298209,-0.0203897,0.103909,3.32457e-05,1.25077e-05,1.48497e-05,-0.000442046,0.00445533,2.25953e-05,0.00443273,40,0,0.0218251
2026-03-29 00:00:00+00:00,-0.000163597,1.78316,0.479318,-0.0239812,-0.0196514,0.150936,4.82985e-05,1.07218e-05,1.9781e-05,-0.000727113,0.000645444,-0.00288475,0.0035302,40,0,0.023454
2026-03-30 00:00:00+00:00,0.00115689,1.78523,0.497408,-0.0150286,0.00820124,0.148238,4.74437e-05,3.18366e-05,2.41991e-05,-0.00053657,0.00180237,0.0043597,-0.00255734,39.1458,0,0.0226418
2026-03-31 00:00:00+00:00,-0.00547491,1.77545,0.531628,-0.018452,0.00154515,0.0944798,3.10887e-05,4.63027e-06,1.09644e-05,-0.000182772,-0.00524939,-0.00677142,0.00152203,40,1,0.021407
2026-04-01 00:00:00+00:00,0.0105518,1.79419,0.545905,0.0104846,0.00778576,0.180233,5.80859e-05,9.71208e-06,2.59156e-05,-0.000478558,0.011085,0.00864702,0.00243801,40,1,0.0206637
2026-04-02 00:00:00+00:00,0.00113853,1.79623,0.520984,-0.0240287,-0.0182832,0.195983,6.3288e-05,9.63053e-06,2.24244e-05,8.50714e-05,0.00116465,-0.00685525,0.0080199,40,1,0.0233653
2026-04-03 00:00:00+00:00,0.0012258,1.79843,0.575972,-0.0284551,-0.00713519,0.120837,3.95295e-05,8.27016e-06,2.27399e-05,0.000671618,0.000638711,-0.00267223,0.00331094,40,1,0.0226905
2026-04-04 00:00:00+00:00,-0.00915041,1.78197,0.582752,-0.0521421,-0.0279375,0.077096,2.52706e-05,3.28608e-06,9.35956e-06,-0.00082917,-0.00831135,0.00227285,-0.0105842,40,1,0.0223995
2026-04-05 00:00:00+00:00,-0.00473178,1.77354,0.563123,-0.0705181,-0.0434754,0.0243369,7.78578e-06,6.29095e-06,4.89586e-06,-0.000620465,-0.00409068,-0.00526791,0.00117723,40,0,0.02134
2026-04-06 00:00:00+00:00,-0.00485721,1.76493,0.537061,-0.0100534,-0.00786104,0.211878,7.07963e-05,2.82397e-05,8.01536e-05,8.96721e-05,-0.00476846,-0.0041174,-0.000651052,40,1,0.0201178
2026-04-07 00:00:00+00:00,0.00319927,1.77057,0.502993,-0.0290165,-0.0276383,0.0768224,2.45886e-05,1.87045e-05,2.04771e-05,-3.01176e-05,0.00330002,0.0141602,-0.0108601,40,0,0.0193961
2026-04-08 00:00:00+00:00,0.00990004,1.7881,0.533068,-0.0294631,-0.00688686,0.103985,3.46572e-05,1.67329e-05,1.8671e-05,2.35598e-05,0.00990804,-0.00173322,0.0116413,39.9167,1,0.0200425
2026-04-09 00:00:00+00:00,0.000712068,1.78938,0.517498,-0.0473604,-0.0245834,0.148355,4.76897e-05,2.89152e-05,2.28615e-05,0.000113109,0.000708398,0.0033939,-0.0026855,39.7292,1,0.0215363
2026-04-10 00:00:00+00:00,0.00570794,1.79959,0.545009,-0.0409644,-0.0210484,0.103027,3.29656e-05,1.11374e-05,1.423e-05,0.000245264,0.00552004,0.00308192,0.00243812,40,0,0.0240548
2026-04-11 00:00:00+00:00,-0.00476872,1.79101,0.511823,-0.0389093,-0.0162756,0.153002,5.35897e-05,2.75457e-05,7.19107e-05,0.000163766,-0.00478193,0.00105671,-0.00583864,40,1,0.0259458
2026-04-12 00:00:00+00:00,0.00501594,1.79999,0.473507,-0.0682083,-0.0268162,0.103612,3.31568e-05,2.12289e-05,1.1293e-05,0.000215173,0.00486172,-0.00728942,0.0121511,40,0,0.02627
2026-04-13 00:00:00+00:00,0.00381924,1.80687,0.517623,-0.0950944,-0.0202476,0.237347,7.59097e-05,3.30656e-05,7.66718e-05,0.00129199,0.00273915,0.0117033,-0.00896418,40,0,0.0286659
2026-04-14 00:00:00+00:00,0.00069525,1.80812,0.542683,-0.0755827,0.00244346,0.172687,5.62873e-05,7.74844e-06,4.35083e-05,0.00221389,-0.00137527,-0.00449783,0.00312256,39.8958,3,0.0300219
2026-04-15 00:00:00+00:00,-0.00142814,1.80554,0.560821,-0.0852077,-0.0168849,0.206744,6.92486e-05,2.34565e-05,8.52748e-05,0.000485613,-0.00170927,0.00129497,-0.00300424,40,1,0.0305653
2026-04-16 00:00:00+00:00,-0.0125918,1.78281,0.602004,-0.0877451,-0.0285132,0.296071,9.46985e-05,7.38179e-05,8.23501e-05,3.80969e-05,-0.0124041,0.0125167,-0.0249208,39.9167,0,0.0285439
2026-04-17 00:00:00+00:00,0.00562588,1.79284,0.594841,-0.0625491,-0.0159587,0.240582,8.47842e-05,2.78669e-05,3.90219e-05,-5.71811e-05,0.0058369,-0.0019287,0.0077656,40,3,0.0265874
2026-04-18 00:00:00+00:00,-0.00733692,1.77968,0.626493,-0.100459,-0.0234561,0.282024,9.45641e-05,0.000117611,6.96267e-05,-0.000570088,-0.00647967,-0.0207638,0.0142841,39.9792,2,0.0274831
2026-04-19 00:00:00+00:00,0.0130043,1.80283,0.657144,-0.107976,-0.0335673,0.346977,0.000116309,4.58414e-05,9.35329e-05,-0.000816117,0.014035,-0.00403809,0.0180731,39.8542,3,0.0282596
2026-04-20 00:00:00+00:00,0.00249947,1.80733,0.653206,-0.0577108,-0.00979855,0.440471,0.000140957,3.96205e-05,0.000139966,-0.000123084,0.00295845,0.00977479,-0.00681633,40,0,0.0297634
2026-04-21 00:00:00+00:00,0.00510763,1.81656,0.685106,-0.0597858,-0.0144017,0.127991,4.16954e-05,1.00181e-05,3.19632e-05,-3.77751e-05,0.00523112,0.00428563,0.000945492,40,1,0.0282314
2026-04-22 00:00:00+00:00,-0.00191251,1.81309,0.735345,-0.046674,0.00814556,0.144586,4.62753e-05,1.3425e-05,2.13368e-05,-2.27131e-05,-0.0018,-0.00361785,0.00181785,40,0,0.0302959
2026-04-23 00:00:00+00:00,0.000181199,1.81342,0.72515,-0.0619062,-0.0286406,0.174943,5.59924e-05,2.8694e-05,3.7954e-05,-3.45636e-05,0.000352591,0.00495703,-0.00460444,40,0,0.0317296
2026-04-24 00:00:00+00:00,-0.0110303,1.79341,0.725595,-0.057817,-0.0226698,0.148225,4.73825e-05,4.79683e-05,3.61243e-05,-0.000196217,-0.010712,-0.00304956,-0.00766248,40,0,0.0283163
2026-04-25 00:00:00+00:00,0.00173617,1.79653,0.667591,-0.0332714,-0.0177427,0.190806,6.22503e-05,5.05176e-05,4.25352e-05,0.000163769,0.00174409,-0.00170588,0.00344996,40,1,0.0257498
2026-04-26 00:00:00+00:00,0.00292964,1.80179,0.64757,-0.00753252,-0.0204229,0.122693,3.92663e-05,3.15336e-05,1.93542e-05,0.000200085,0.00282338,0.00187714,0.000946238,40,0,0.0262557
2026-04-27 00:00:00+00:00,0.00101392,1.80362,0.586604,0.0167319,-0.00821526,0.258723,8.27752e-05,3.98427e-05,6.98528e-05,7.88925e-05,0.00113406,-0.00373098,0.00486504,40,0,0.0267236
2026-04-28 00:00:00+00:00,0.00146896,1.80627,0.548656,-0.00377202,-0.0292849,0.101596,3.25164e-05,4.06455e-06,1.59358e-05,4.67528e-05,0.00147836,0.00196965,-0.000491288,40,0,0.0283099
2026-04-29 00:00:00+00:00,-0.00308406,1.8007,0.598655,-0.0156013,-0.0276937,0.163131,5.2208e-05,1.6414e-05,2.53619e-05,-0.000233753,-0.00274132,-0.00321552,0.0004742,40,0,0.0284546
2026-04-30 00:00:00+00:00,0.00580959,1.81116,0.582934,-0.0257096,-0.0275892,0.214217,6.96409e-05,5.44021e-05,3.34462e-05,2.53373e-05,0.00594177,0.00143511,0.00450666,39.625,1,0.0294197
2026-05-01 00:00:00+00:00,-0.00622042,1.79989,0.614195,-0.0378115,-0.020968,0.13769,4.40573e-05,3.01856e-05,1.62144e-05,-4.48361e-06,-0.00613815,0.00174753,-0.00788568,40,0,0.0288847
2026-05-02 00:00:00+00:00,-0.000166236,1.79959,0.62678,-0.0736268,-0.0387226,0.181047,6.12098e-05,1.44248e-05,2.88703e-05,0.000150231,-0.000198134,0.00378135,-0.00397948,40,1,0.0264925
2026-05-03 00:00:00+00:00,-0.00154705,1.79681,0.608217,-0.0489484,0.00236669,0.123843,3.96314e-05,3.66323e-05,2.43024e-05,5.7622e-05,-0.00149101,-0.00136705,-0.000123962,40,0,0.0271837
2026-05-04 00:00:00+00:00,0.00409307,1.80416,0.615156,-0.03629,0.0039909,0.456724,0.000147162,6.44036e-05,6.89119e-05,3.10315e-05,0.00435004,-0.000264306,0.00461434,39.9167,1,0.0278864
2026-05-05 00:00:00+00:00,0.0105232,1.82315,0.625942,-0.0253921,-0.00084405,0.290119,0.00010413,3.72372e-05,2.88668e-05,0.000145317,0.010514,0.0116158,-0.00110181,39.7917,3,0.0281318
2026-05-06 00:00:00+00:00,0.00749919,1.83682,0.598767,-0.00406987,0.00741347,0.385346,0.000129236,3.28307e-05,7.53983e-05,9.5827e-05,0.00764286,0.0101842,-0.00254137,39.7083,1,0.0291494
2026-05-07 00:00:00+00:00,-0.000411302,1.83607,0.564173,-0.0285702,-0.014986,0.243393,7.78985e-05,1.70121e-05,3.79256e-05,-8.41246e-06,-0.0002511,-0.00519589,0.00494479,40,0,0.0281092
2026-05-08 00:00:00+00:00,-0.00381419,1.82906,0.529318,-0.0628068,-0.0296772,0.136138,4.90251e-05,1.56406e-05,1.56783e-05,8.41364e-05,-0.00381585,0.00688391,-0.0106998,39.8958,1,0.0263497
2026-05-09 00:00:00+00:00,0.00192067,1.83258,0.53206,-0.0392201,0.00691481,0.0403266,1.29038e-05,2.79441e-06,5.05702e-06,0.000173484,0.00177462,0.00184002,-6.54084e-05,39,0,0.0264353
2026-05-10 00:00:00+00:00,0.00559896,1.84284,0.568606,-0.0471888,0.00067244,0.158615,5.07799e-05,2.86175e-05,1.95181e-05,9.70451e-05,0.00559762,0.00436044,0.00123717,39.8333,0,0.0265933
2026-05-11 00:00:00+00:00,0.000120556,1.84306,0.637487,-0.00134204,0.0114913,0.388788,0.000124492,6.07594e-05,0.000112927,4.87855e-05,0.000389323,-0.00683776,0.00722708,39.875,0,0.0274484
2026-05-12 00:00:00+00:00,0.00456498,1.85147,0.617011,-0.0221473,-0.00352986,0.141028,4.66775e-05,2.04204e-05,2.85921e-05,6.46978e-05,0.00459554,-0.00261229,0.00720782,40,1,0.0259862
2026-05-13 00:00:00+00:00,0.00344346,1.85785,0.623192,-0.0219757,-0.000150619,0.103913,3.32527e-05,2.74474e-05,1.56223e-05,4.98664e-05,0.00347984,-0.00324733,0.00672716,40,0,0.0251308
2026-05-14 00:00:00+00:00,-0.00809488,1.84281,0.625546,-0.0230196,-0.00294618,0.123553,4.24626e-05,3.60015e-05,1.46691e-05,9.63273e-05,-0.00811298,-0.000474006,-0.00763897,39.8542,2,0.0248676
2026-05-15 00:00:00+00:00,-0.00037383,1.84212,0.629382,-0.0186855,0.000523421,0.16476,5.60792e-05,1.40891e-05,2.55984e-05,4.10382e-05,-0.000300222,-0.00988124,0.00958102,40,1,0.0246254
2026-05-16 00:00:00+00:00,-0.00709028,1.82906,0.684297,-0.0279563,-0.0205939,0.0846439,2.78421e-05,2.47e-05,7.92679e-06,-0.000444707,-0.00659114,-0.0128708,0.0062797,39.1458,1,0.0251358
2026-05-17 00:00:00+00:00,0.00523739,1.83864,0.702435,-0.0314431,-0.0138505,0.180485,6.64032e-05,3.17488e-05,2.79533e-05,-0.000213651,0.00558034,-0.00377882,0.00935915,39.9375,2,0.0248466
2026-05-18 00:00:00+00:00,0.00853287,1.85433,0.618545,-0.04279,-0.017583,0.206082,6.59797e-05,2.42327e-05,2.51621e-05,2.82586e-05,0.00859554,0.00749118,0.00110436,35.8333,0,0.0243083
2026-05-19 00:00:00+00:00,-0.00193297,1.85074,0.583809,-0.0149979,-0.0147933,0.118144,3.78003e-05,1.11515e-05,1.48774e-05,-5.12045e-07,-0.0018623,-0.00682875,0.00496645,38.2917,0,0.0232838
2026-05-20 00:00:00+00:00,0.0046921,1.85943,0.618225,0.00501511,0.00200546,0.184328,6.25005e-05,2.57226e-05,2.71237e-05,1.49734e-05,0.00479089,0.00983008,-0.00503919,39.9792,1,0.0232121
2026-05-21 00:00:00+00:00,0.00354927,1.86603,0.710446,-0.000895081,0.000276365,0.233887,7.48472e-05,1.97318e-05,2.4902e-05,7.62503e-06,0.00366746,0.00490875,-0.00124128,40,0,0.0238277
2026-05-22 00:00:00+00:00,-0.00536567,1.85601,0.718026,0.00103737,0.0015842,0.120395,4.44114e-05,3.06632e-05,2.19036e-05,2.86494e-05,-0.00529958,-0.0163591,0.0110595,39.7708,2,0.0216966
2026-05-23 00:00:00+00:00,-0.00177918,1.85271,0.68498,-0.0077927,-0.0109542,0.0793775,2.79627e-05,2.09277e-05,1.32369e-05,0.000112059,-0.00182369,0.00735568,-0.00917937,39.4375,1,0.0204772
2026-05-24 00:00:00+00:00,0.00359556,1.85937,0.670194,0.00261692,-0.00466762,0.0887939,3.63865e-05,9.99098e-06,1.49731e-05,3.2387e-05,0.00362416,-0.00300517,0.00662934,39.8958,1,0.0203088
2026-05-25 00:00:00+00:00,-0.010287,1.84024,0.59836,-0.0271771,-0.0255747,0.348886,0.000119501,4.47977e-05,0.000107076,-0.000133806,-0.00991804,-0.00279321,-0.00712483,38.9583,3,0.0191186
2026-05-26 00:00:00+00:00,-0.00139194,1.83768,0.577738,-0.020052,-0.0178273,0.0448313,1.45591e-05,1.08742e-05,6.18745e-06,-1.15511e-05,-0.00134192,-0.00739029,0.00604837,39.9583,1,0.0165218
2026-05-27 00:00:00+00:00,0.0016636,1.84074,0.549437,-0.0110575,-0.0142752,0.107055,4.02027e-05,5.1271e-05,3.40763e-05,-1.33221e-05,0.00180644,-0.00579739,0.00760382,40,1,0.0142656
2026-05-28 00:00:00+00:00,0.00327287,1.84676,0.485599,-0.00250133,-0.0108638,0.099301,4.0056e-05,6.95491e-06,1.4936e-05,2.07e-05,0.00331182,-0.0034725,0.00678432,39.125,1,0.0145965
2026-05-29 00:00:00+00:00,0.00527898,1.85651,0.479785,0.00314034,-0.00364627,0.0967162,3.09522e-05,1.11957e-05,1.39378e-05,2.36566e-05,0.00530202,0.00289762,0.00240439,39.8958,0,0.0168949
2026-05-30 00:00:00+00:00,0.00883792,1.87292,0.475558,0.0182324,0.00329186,0.151574,4.85117e-05,1.61365e-05,1.72656e-05,5.68627e-05,0.00883079,0.0109181,-0.00208727,40,0,0.0176669
2026-05-31 00:00:00+00:00,0.00490504,1.88211,0.504374,0.0150855,-0.00505017,0.0916918,2.93523e-05,1.34985e-05,1.54843e-05,0.000309389,0.00465439,0.00528499,-0.000630603,40,0,0.0184574
2026-06-01 00:00:00+00:00,-0.00660698,1.86967,0.506614,0.0020739,0.000238336,0.20232,6.47296e-05,2.60033e-05,2.76425e-05,0.000535368,-0.00702269,-0.00259029,-0.0044324,39.0417,0,0.0174023
2026-06-02 00:00:00+00:00,0.00190365,1.87323,0.501761,-0.0163935,-0.00745236,0.360128,0.000139162,6.65641e-05,5.41288e-05,0.000492719,0.00169009,-0.0125965,0.0142865,38.3542,7,0.0150458
2026-06-03 00:00:00+00:00,-0.00262649,1.86831,0.447429,-0.0276772,-0.00955141,0.0850793,2.72225e-05,9.7873e-06,7.56621e-06,0.000496807,-0.00307142,0.000923164,-0.00399458,39.9375,0,0.0146979
2026-06-04 00:00:00+00:00,0.00284465,1.87363,0.367714,-0.0105872,-0.00908273,0.129072,4.22769e-05,9.17227e-06,1.5457e-05,0.000708763,0.00220945,-0.0104654,0.0126748,39.8542,1,0.0139273
2026-06-05 00:00:00+00:00,0.00803461,1.88868,0.313303,-0.00695581,-0.00593202,0.109166,3.81537e-05,8.34212e-06,9.90583e-06,0.000103869,0.00796194,-0.00770743,0.0156694,39.6667,2,0.0122162
2026-06-06 00:00:00+00:00,-0.00493625,1.87936,0.289911,-0.00958026,-0.00598621,0.0968113,3.36489e-05,8.51818e-06,2.1082e-05,0.000109583,-0.00499005,0.00321651,-0.00820655,39.4167,2,0.0116562
2026-06-07 00:00:00+00:00,0.00291871,1.88484,0.272284,-0.00583261,-0.00599855,0.0331677,1.15944e-05,1.65344e-06,7.4885e-06,-6.90056e-05,0.00300977,0.00982104,-0.00681127,40,1,0.00763784
2026-06-08 00:00:00+00:00,0.0023976,1.88936,0.220197,-0.0119279,-0.00176208,0.135509,4.49911e-05,2.0117e-05,3.87889e-05,-9.12325e-05,0.00259727,0.0011366,0.00146067,37.0417,2,0.00776279
2026-06-09 00:00:00+00:00,0.00253845,1.89416,0.205444,-0.00614865,-0.000533261,0.00677551,2.16948e-06,1.62687e-06,1.04325e-06,8.44973e-05,0.00245869,-0.000673658,0.00313234,37.2292,0,0.0067307
2026-06-10 00:00:00+00:00,-0.000487293,1.89324,0.199819,-0.0152537,-0.00722411,0.028065,9.47418e-06,2.04507e-05,5.88756e-06,9.90459e-05,-0.000547737,-0.00283841,0.00229068,37.7292,2,0.00773412
2026-06-11 00:00:00+00:00,-4.69848e-05,1.89315,0.195801,-0.0151868,-0.00243197,0.0169365,6.39473e-06,1.00263e-06,4.35684e-06,-0.000187695,0.000154249,0.00522652,-0.00507227,36.5833,2,0.00651731
2026-06-12 00:00:00+00:00,-0.00073318,1.89176,0.190838,-0.0156483,0.000995614,0.00202189,6.4717e-07,8.08962e-08,3.20236e-07,-0.000170751,-0.000559795,-0.00134857,0.000788779,35,0,0.00606101
2026-06-13 00:00:00+00:00,0.000511637,1.89273,0.191659,-0.0183701,-0.00242745,0.00462821,1.48131e-06,1.85163e-07,6.62158e-07,-8.53031e-05,0.00060069,0.00307418,-0.00247349,34.25,0,0.00806472
2026-06-14 00:00:00+00:00,-0.00139538,1.89009,0.194568,-0.0201458,-0.00426653,0.00213551,6.83342e-07,8.54178e-08,2.4284e-07,-9.28967e-05,-0.00130148,0.00115138,-0.00245286,34.875,0,0.00707737
2026-06-15 00:00:00+00:00,0.000824992,1.89164,0.189478,-0.0164792,-0.00110518,0.0133699,4.27856e-06,5.3482e-07,4.9811e-06,-6.43631e-05,0.000899808,0.0017332,-0.00083339,32,0,0.0050863
2026-06-16 00:00:00+00:00,-0.000527808,1.89065,0.187911,-0.014591,-0.000445354,0.00301963,1.50965e-06,1.09074e-05,6.82725e-07,-8.23169e-05,-0.000431755,-0.000172195,-0.000259561,30.9167,2,0.00230493
2026-06-17 00:00:00+00:00,-0.00113024,1.88851,0.182646,-0.0107497,0.0035637,0.0033965,1.69812e-06,1.40688e-05,1.10549e-06,-4.05439e-05,-0.00107275,-0.00172481,0.000652058,29,1,0.0027264
2026-06-18 00:00:00+00:00,-0.000289902,1.88796,0.177911,-0.0114367,0.0012881,0,0,0,0,-3.31676e-05,-0.00025585,-0.00188991,0.00163406,29,0,0.00219259
2026-06-19 00:00:00+00:00,0.000901224,1.88966,0.174601,-0.0110521,0.00173667,0,0,0,0,-1.8326e-05,0.000920037,-0.0005411,0.00146114,29,0,0.002388
2026-06-20 00:00:00+00:00,0.00161584,1.89272,0.175554,-0.00986914,0.0025404,0,0,0,0,-2.26697e-05,0.00163789,0.00165305,-1.51586e-05,29,0,0.00451294
2026-06-21 00:00:00+00:00,0.000302662,1.89329,0.176415,-0.00932664,0.00325572,0.00557378,1.78309e-06,2.22886e-07,1.05744e-06,1.44948e-07,0.000306049,-0.00121038,0.00151642,29,0,0.00630278
2026-06-22 00:00:00+00:00,-0.000721742,1.89192,0.170594,-0.0127648,0.00403888,0.0168199,5.38231e-06,7.2058e-06,5.81881e-06,6.20053e-06,-0.000709309,-0.000191179,-0.000518129,26,0,0.00641334
2026-06-23 00:00:00+00:00,0.000367909,1.89262,0.165569,-0.0162737,0.000260481,0.0041868,1.33956e-06,1.67445e-07,6.73571e-07,3.99003e-05,0.000330603,-0.00198486,0.00231546,26.6667,0,0.00595311
2026-06-24 00:00:00+00:00,-0.000110695,1.89241,0.163154,-0.0184133,-0.00226184,0,0,0,0,-1.81425e-06,-0.000108263,-0.0021351,0.00202684,27,0,0.00576771
2026-06-25 00:00:00+00:00,-0.000639358,1.8912,0.161543,-0.0199877,-0.00158225,0.00205074,6.56188e-07,8.20235e-08,1.58255e-07,2.97426e-06,-0.000640953,-0.00169687,0.00105592,27.5208,0,0.00681907
2026-06-26 00:00:00+00:00,0.00132667,1.89371,0.15895,-0.0166317,0.00265704,0.0102676,3.80111e-06,5.82483e-07,1.61487e-06,1.11072e-06,0.00133165,0.00242379,-0.00109214,28,1,0.00489999
2026-06-27 00:00:00+00:00,-0.00182457,1.89025,0.158328,-0.0137734,0.00529785,0.00425167,2.1251e-06,4.2502e-07,1.64169e-06,6.84006e-06,-0.00182833,-0.00167493,-0.000153407,27.375,1,0.00294959
2026-06-28 00:00:00+00:00,0.000687102,1.89155,0.154831,-0.0126395,0.00568386,0,0,0,0,-2.00068e-06,0.000689249,0.000208622,0.000480627,27,0,0.000213275
2026-06-29 00:00:00+00:00,0.000773249,1.89302,0.154402,-0.0069709,0.0117183,0.00669425,2.14249e-06,2.67811e-07,6.11456e-07,1.47325e-06,0.000775677,0.00247836,-0.00170268,26,0,0.00192549
2026-06-30 00:00:00+00:00,0.000604779,1.89416,0.154413,-0.00441999,0.0137955,0,0,0,0,-8.23743e-06,0.000613196,-0.00115265,0.00176584,26,0,0.00250466
2026-07-01 00:00:00+00:00,0.00146018,1.89693,0.155241,-0.00197442,0.0148716,0.0014307,7.15412e-07,6.88516e-06,2.32732e-07,-5.42039e-06,0.0014727,0.00227979,-0.000807095,25.1458,1,0.00261429
2026-07-02 00:00:00+00:00,7.5147e-05,1.89707,0.159594,-0.00120972,0.0121126,0.00637573,2.04077e-06,2.55096e-07,1.0108e-07,1.28367e-05,6.58027e-05,0.00291557,-0.00284977,25,0,0.00447458
2026-07-03 00:00:00+00:00,-0.000202436,1.89668,0.162608,-0.00261731,0.00855571,0,0,0,0,9.27387e-06,-0.000211496,0.00232012,-0.00253161,25,0,0.00394426
2026-07-04 00:00:00+00:00,-0.000382775,1.89596,0.164471,-0.00271259,0.00649693,0,0,0,0,3.97302e-06,-0.000386531,-0.000282691,-0.00010384,25,0,0.00268761
2026-07-05 00:00:00+00:00,-0.000763037,1.89451,0.163523,-0.00368197,0.00444917,0,0,0,0,-4.42264e-06,-0.000758671,-0.000258315,-0.000500356,25,0,0.00221979
2026-07-06 00:00:00+00:00,0.000430008,1.89533,0.15704,-0.0101426,0.00136253,0.00654304,2.0941e-06,2.61763e-07,4.6322e-07,-1.13082e-06,0.000434116,0.000112624,0.000321492,23,0,0.00626264
2026-07-07 00:00:00+00:00,-0.000349035,1.89466,0.156595,-0.0101476,0.000409607,0,0,0,0,3.57846e-06,-0.000352419,-0.00182389,0.00147147,23,0,0.0067854
2026-07-08 00:00:00+00:00,-0.00139238,1.89203,0.152114,-0.0115683,-0.000470297,0.00214435,6.86205e-07,8.57756e-08,1.0373e-07,-4.73788e-06,-0.00138741,-0.00208155,0.000694132,23,0,0.00621814
2026-07-09 00:00:00+00:00,0.00010011,1.89222,0.153462,-0.0147714,-0.0036422,0.00203444,6.51064e-07,8.13831e-08,9.76717e-07,1.03545e-06,0.000101036,0.000376755,-0.000275719,23.4583,0,0.00580815
2026-07-10 00:00:00+00:00,-7.02942e-05,1.89208,0.156954,-0.0157124,-0.00455537,0,0,0,0,6.48978e-06,-7.64954e-05,0.00115956,-0.00123606,24,0,0.00541225
2026-07-11 00:00:00+00:00,-0.000273674,1.89157,0.157274,-0.0160379,-0.00348041,0,0,0,0,1.30101e-05,-0.000286531,-0.00132491,0.00103838,24,0,0.00492782
2026-07-12 00:00:00+00:00,7.20743e-05,1.8917,0.157114,-0.0181701,-0.00347594,0.0020958,6.70597e-07,8.38247e-08,2.84916e-07,1.11182e-05,6.21458e-05,-5.95265e-05,0.000121672,24.75,0,0.00562334
2026-07-13 00:00:00+00:00,-0.000283643,1.89116,0.152349,-0.0116166,0.0041123,0.0066798,2.13723e-06,2.1166e-06,2.60396e-06,3.83901e-06,-0.00028044,-0.0015848,0.00130436,25,0,0.0054962
2026-07-14 00:00:00+00:00,-8.29829e-05,1.89101,0.153551,-0.0114115,0.00341882,0.00209399,6.7011e-07,8.37637e-08,1.17014e-08,-1.8902e-05,-6.29419e-05,0.00254375,-0.00260669,25,0,0.00604303
2026-07-15 00:00:00+00:00,-0.000184304,1.89066,0.15458,-0.00960531,0.003664,0,0,0,0,7.03609e-06,-0.000191057,-4.1687e-05,-0.00014937,25,0,0.00708531
2026-07-16 00:00:00+00:00,0.000220092,1.89108,0.154113,-0.0103508,0.000824961,0,0,0,0,1.31635e-05,0.000207708,-0.000754218,0.000961926,25,0,0.00659832
2026-07-17 00:00:00+00:00,-0.00127572,1.88866,0.151807,-0.0108419,-0.000582337,0.00969646,3.65298e-06,1.6696e-05,4.55766e-06,3.1582e-06,-0.00125421,-0.00049609,-0.00075812,25.6458,1,0.00694997
2026-07-18 00:00:00+00:00,-0.000290046,1.88812,0.151176,-0.0122077,0.00257625,0.01438,4.60137e-06,5.75171e-07,2.37391e-06,1.58486e-06,-0.000283851,-4.73368e-05,-0.000236514,26.3542,0,0.00881948
2026-07-19 00:00:00+00:00,-0.00209603,1.88416,0.155598,-0.0149175,-0.0057778,0.0106588,4.58069e-06,8.53652e-06,5.26482e-06,-4.67728e-05,-0.00203186,-0.00032454,-0.00170732,27.625,1,0.00891343
2026-07-20 00:00:00+00:00,0.00113378,1.88629,0.156062,-0.0106834,-0.00192522,0.0222458,7.11892e-06,1.08186e-06,2.88035e-06,1.30912e-06,0.00114336,0.0017042,-0.000560834,28.5,0,0.00830303
2026-07-21 00:00:00+00:00,-0.00142189,1.88361,0.164096,-0.00956899,0.00121867,0.0138509,5.42419e-06,8.84626e-07,3.09546e-06,5.86865e-07,-0.00141316,0.000544778,-0.00195794,29.6875,2,0.0104073
2026-07-22 00:00:00+00:00,-3.16348e-06,1.88361,0.161658,-0.00601594,0.00401264,0,0,0,0,1.18817e-05,-1.41073e-05,0.000306019,-0.000320126,29,0,0.00921466
2026-07-23 00:00:00+00:00,0.00154984,1.88653,0.161622,-0.00609866,0.00793132,0.00430444,1.37737e-06,1.72171e-07,3.2128e-07,1.71621e-05,0.00153418,-0.000218676,0.00175285,29.1667,0,0.00943598
2026-07-24 00:00:00+00:00,8.95568e-05,1.88669,0.161446,-0.00961251,0.00362517,0.00208464,6.67237e-07,8.34047e-08,3.74881e-07,7.6725e-05,1.46303e-05,-0.000828583,0.000843213,30,0,0.00832989
2026-07-25 00:00:00+00:00,0.0028894,1.89215,0.161788,-0.00755981,0.00695501,0.00206732,6.61556e-07,8.26945e-08,4.81361e-07,9.72944e-07,0.00288648,0.00261048,0.000275999,30.5833,0,0.00799564
2026-07-26 00:00:00+00:00,-0.00126787,1.88975,0.163845,-0.00613229,0.0116215,0,0,0,0,-1.10961e-05,-0.00125657,4.62306e-05,-0.0013028,31,0,0.00813963
2026-07-27 00:00:00+00:00,0.000900636,1.89145,0.160511,-0.00501728,0.0178135,0.00413984,1.32471e-06,4.24713e-06,5.65404e-07,-9.09754e-06,0.000921164,-0.00281786,0.00373903,30,0,0.00779142
2026-07-28 00:00:00+00:00,-0.000724968,1.89008,0.155695,-0.00771218,0.0186835,0.00256546,8.20957e-07,1.0262e-07,1.03963e-06,-9.24199e-06,-0.000712687,-0.000738363,2.56755e-05,30.625,0,0.00737307
2026-07-29 00:00:00+00:00,-0.000499674,1.88913,0.153221,-0.0110752,0.0107455,0.00188405,9.42148e-07,8.36266e-07,8.68438e-08,-1.06927e-05,-0.000486569,-0.00107394,0.000587372,30.1458,1,0.00813261
2026-07-30 00:00:00+00:00,-0.000960729,1.88732,0.155456,-0.0104521,0.00989487,0.00612781,2.24416e-06,3.39551e-07,1.03579e-06,6.43643e-05,-0.00102087,0.00010502,-0.00112589,30,2,0.00766343
2026-07-31 00:00:00+00:00,-0.000542921,1.88629,0.158243,-0.0101649,0.00814913,0.00620306,1.98476e-06,2.48095e-07,9.01879e-07,2.55347e-05,-0.000564902,-0.00136896,0.000804053,31.1875,0,0.00765332
2026-08-01 00:00:00+00:00,0.00208643,1.89023,0.157031,-0.00738552,0.00976791,0.00203375,6.51091e-07,8.13864e-08,1.12576e-07,-4.0218e-06,0.00209004,0.000658891,0.00143115,32,0,0.00657912
2026-08-02 00:00:00+00:00,-0.000710119,1.88889,0.156812,-0.00478639,0.0145486,0,0,0,0,-6.9263e-05,-0.000640348,0.000233626,-0.000873974,32,0,0.0073296
2026-08-03 00:00:00+00:00,-0.000979383,1.88704,0.128991,-0.0232038,0.00222062,0.026941,8.62147e-06,2.68454e-06,4.49543e-06,-0.000122172,-0.000841603,-0.00080523,-3.63727e-05,28,0,0.00548559
2026-08-04 00:00:00+00:00,-0.000116753,1.88682,0.128394,-0.024982,-0.00372205,0.00120355,6.01635e-07,1.20327e-07,7.86993e-08,-3.16379e-05,-8.40487e-05,-0.000225762,0.000141714,27.125,1,0.00357645
2026-08-05 00:00:00+00:00,-0.000265912,1.88631,0.128444,-0.0254283,-0.00664826,0,0,0,0,-1.94664e-06,-0.000263556,-0.000104526,-0.00015903,27,0,0.00366925
2026-08-06 00:00:00+00:00,-0.000397222,1.88557,0.127664,-0.0252898,-0.00201205,0,0,0,0,-9.6945e-06,-0.000387197,-0.000609942,0.000222745,27,0,0.00548181
2026-08-07 00:00:00+00:00,0.000316529,1.88616,0.127641,-0.0255242,-0.00316494,0,0,0,0,-4.26824e-05,0.000359336,0.000275485,8.38507e-05,27,0,0.00333734
2026-08-08 00:00:00+00:00,8.00822e-05,1.88631,0.128976,-0.0250768,-0.00456045,0,0,0,0,7.19786e-07,7.95395e-05,0.00112682,-0.00104728,27,0,0.00320208
2026-08-09 00:00:00+00:00,0.00074377,1.88772,0.129724,-0.0248082,-0.0077703,0,0,0,0,-1.69626e-05,0.000760651,9.94563e-05,0.000661195,27,0,0.00433029
2026-08-10 00:00:00+00:00,-0.000150625,1.88743,0.124547,-0.0215421,-0.00987945,0.00469321,1.50159e-06,1.98585e-06,7.01131e-07,-3.94566e-05,-0.000106834,-0.000309143,0.000202309,24,0,0.00433995
2026-08-11 00:00:00+00:00,-1.98004e-05,1.88739,0.123452,-0.0222003,-0.00949513,0.00207793,6.65078e-07,8.31348e-08,1.98775e-07,-2.95479e-05,1.0855e-05,0.000488134,-0.000477279,24,0,0.00462344
2026-08-12 00:00:00+00:00,0.000260639,1.88789,0.122391,-0.0234506,-0.00828177,0,0,0,0,-4.07188e-05,0.000301431,-0.000372835,0.000674266,24,0,0.00547436
2026-08-13 00:00:00+00:00,0.00154744,1.89081,0.123914,-0.0243964,-0.00859187,0.0020084,6.42684e-07,8.03355e-08,1.71865e-07,-3.48607e-05,0.00158231,0.00107755,0.000504764,24.875,0,0.00465935
2026-08-14 00:00:00+00:00,0.000980414,1.89266,0.122927,-0.0226969,-0.00410984,0,0,0,0,-4.11128e-06,0.000984612,0.000271352,0.00071326,25,0,0.00483556
2026-08-15 00:00:00+00:00,0.000453489,1.89352,0.123339,-0.0223605,-0.000646819,0,0,0,0,7.96204e-07,0.000452803,3.61864e-05,0.000416616,25,0,0.00589501
2026-08-16 00:00:00+00:00,0.000134618,1.89377,0.122587,-0.0220633,-0.00252509,0,0,0,0,-1.97529e-06,0.000136727,-0.000410586,0.000547313,25,0,0.00672991
2026-08-17 00:00:00+00:00,8.02665e-05,1.89393,0.115116,-0.0117566,0.00609001,0.019504,6.24119e-06,1.55086e-06,2.99681e-06,-1.39093e-05,0.000105121,0.000480322,-0.0003752,21.9375,0,0.00775239
2026-08-18 00:00:00+00:00,0.0010693,1.89595,0.119415,-0.0138335,0.00632562,0,0,0,0,-2.68956e-05,0.0010959,0.000720891,0.000375004,23,0,0.00724569
2026-08-19 00:00:00+00:00,-0.000844798,1.89435,0.122922,-0.0115678,0.00232111,0.0123626,3.95597e-06,4.94497e-07,9.69101e-07,-2.0243e-05,-0.00081807,0.00443555,-0.00525362,23.8542,0,0.00771893
2026-08-20 00:00:00+00:00,-0.00179958,1.89094,0.1295,-0.0057207,-0.00522121,0.00406317,1.30026e-06,1.62532e-07,7.09266e-07,-2.44272e-05,-0.00177391,0.0011211,-0.00289501,25.875,0,0.00855932
2026-08-21 00:00:00+00:00,-0.001538,1.88803,0.125827,-0.00760938,-0.0123122,0.0393381,1.61344e-05,2.75594e-06,3.08779e-06,-2.62451e-05,-0.00148992,0.00451648,-0.0060064,26.8333,2,0.00900373
2026-08-22 00:00:00+00:00,-0.000753995,1.88661,0.114754,-0.0121519,-0.0184351,0.0366973,1.35871e-05,2.08222e-06,5.07256e-06,-1.51087e-05,-0.000715866,-0.000360513,-0.000355353,26.7083,4,0.00959975
2026-08-23 00:00:00+00:00,-0.00146399,1.88385,0.116287,-0.0121137,-0.0154633,0.0238735,8.07501e-06,1.10016e-06,2.76706e-06,-1.15832e-05,-0.00143977,0.00052138,-0.00196115,26.9375,1,0.0109436
2026-08-24 00:00:00+00:00,0.00203606,1.88768,0.114133,-0.00987304,-0.00628601,0.012405,3.96993e-06,1.47057e-06,2.00544e-06,-2.44622e-05,0.00206683,0.000712268,0.00135456,24.0625,0,0.010438
2026-08-25 00:00:00+00:00,0.00118071,1.88991,0.116523,-0.0108214,-0.00486038,0.00424605,1.35897e-06,1.69871e-07,3.258e-07,-1.36242e-05,0.00119605,-0.0012174,0.00241345,25.75,0,0.00727361
2026-08-26 00:00:00+00:00,-0.000388319,1.88918,0.113477,-0.0103475,-0.00483116,0.00533726,2.66901e-06,4.63116e-06,1.02619e-06,-8.48989e-06,-0.000371007,0.00172915,-0.00210016,25.7708,1,0.00559002
2026-08-27 00:00:00+00:00,0.000659482,1.89042,0.113457,-0.00557851,0.000937467,0,0,0,0,-1.07223e-05,0.000671145,0.00174758,-0.00107644,25,0,0.00467067
2026-08-28 00:00:00+00:00,0.000194211,1.89079,0.112603,-0.00512344,0.00369356,0,0,0,0,-2.63744e-05,0.000220963,-0.0014082,0.00162916,25,0,0.00490607
2026-08-29 00:00:00+00:00,-0.000707426,1.88945,0.111254,-0.00547048,0.00370609,0,0,0,0,-8.77741e-05,-0.000619498,-0.000188713,-0.000430785,25,0,0.00185737
2026-08-30 00:00:00+00:00,-0.000266482,1.88895,0.111365,-0.00531382,0.00277735,0,0,0,0,-7.95625e-05,-0.000186708,-0.00215867,0.00197197,25,0,0.00207685
2026-08-31 00:00:00+00:00,0.000271932,1.88946,0.0983013,0.00127569,0.00798536,0.0107358,3.43557e-06,1.13979e-06,1.65002e-06,-1.90215e-05,0.000297271,0.000906397,-0.000609125,21,0,0.00409768
