,return,equity,gross,net,beta_exposure,turnover,fees,spread,impact,funding,gross_pnl,pnl_long,pnl_short,n_positions,stops,ic_est
2023-07-31 00:00:00+00:00,0,1,0,0,0,0,0,0,0,0,0,0,0,0,0,0
2023-08-01 00:00:00+00:00,0,1,0,0,0,0,0,0,0,0,0,0,0,0,0,1.63428e-05
2023-08-02 00:00:00+00:00,0,1,0,0,0,0,0,0,0,0,0,0,0,0,0,0
2023-08-03 00:00:00+00:00,0,1,0,0,0,0,0,0,0,0,0,0,0,0,0,0
2023-08-04 00:00:00+00:00,0,1,0,0,0,0,0,0,0,0,0,0,0,0,0,0
2023-08-05 00:00:00+00:00,0,1,0,0,0,0,0,0,0,0,0,0,0,0,0,0
2023-08-06 00:00:00+00:00,0,1,0,0,0,0,0,0,0,0,0,0,0,0,0,0
2023-08-07 00:00:00+00:00,0,1,0,0,0,0,0,0,0,0,0,0,0,0,0,0
2023-08-08 00:00:00+00:00,0,1,0,0,0,0,0,0,0,0,0,0,0,0,0,0
2023-08-09 00:00:00+00:00,0,1,0,0,0,0,0,0,0,0,0,0,0,0,0,0
2023-08-10 00:00:00+00:00,0,1,0,0,0,0,0,0,0,0,0,0,0,0,0,0
2023-08-11 00:00:00+00:00,0,1,0,0,0,0,0,0,0,0,0,0,0,0,0,0
2023-08-12 00:00:00+00:00,0,1,0,0,0,0,0,0,0,0,0,0,0,0,0,0
2023-08-13 00:00:00+00:00,0,1,0,0,0,0,0,0,0,0,0,0,0,0,0,0
2023-08-14 00:00:00+00:00,0,1,0,0,0,0,0,0,0,0,0,0,0,0,0,0
2023-08-15 00:00:00+00:00,0,1,0,0,0,0,0,0,0,0,0,0,0,0,0,0
2023-08-16 00:00:00+00:00,0,1,0,0,0,0,0,0,0,0,0,0,0,0,0,0
2023-08-17 00:00:00+00:00,0,1,0,0,0,0,0,0,0,0,0,0,0,0,0,0
2023-08-18 00:00:00+00:00,0,1,0,0,0,0,0,0,0,0,0,0,0,0,0,0
2023-08-19 00:00:00+00:00,0,1,0,0,0,0,0,0,0,0,0,0,0,0,0,0
2023-08-20 00:00:00+00:00,0,1,0,0,0,0,0,0,0,0,0,0,0,0,0,0
2023-08-21 00:00:00+00:00,0,1,0,0,0,0,0,0,0,0,0,0,0,0,0,0
2023-08-22 00:00:00+00:00,0,1,0,0,0,0,0,0,0,0,0,0,0,0,0,0
2023-08-23 00:00:00+00:00,0,1,0,0,0,0,0,0,0,0,0,0,0,0,0,0
2023-08-24 00:00:00+00:00,0,1,0,0,0,0,0,0,0,0,0,0,0,0,0,0
2023-08-25 00:00:00+00:00,0,1,0,0,0,0,0,0,0,0,0,0,0,0,0,0
2023-08-26 00:00:00+00:00,0,1,0,0,0,0,0,0,0,0,0,0,0,0,0,0
2023-08-27 00:00:00+00:00,0,1,0,0,0,0,0,0,0,0,0,0,0,0,0,0
2023-08-28 00:00:00+00:00,0,1,0,0,0,0,0,0,0,0,0,0,0,0,0,0
2023-08-29 00:00:00+00:00,0,1,0,0,0,0,0,0,0,0,0,0,0,0,0,0
2023-08-30 00:00:00+00:00,0,1,0,0,0,0,0,0,0,0,0,0,0,0,0,0
2023-08-31 00:00:00+00:00,0,1,0,0,0,0,0,0,0,0,0,0,0,0,0,0
2023-09-01 00:00:00+00:00,0,1,0,0,0,0,0,0,0,0,0,0,0,0,0,0.000764976
2023-09-02 00:00:00+00:00,0,1,0,0,0,0,0,0,0,0,0,0,0,0,0,0.00369226
2023-09-03 00:00:00+00:00,0,1,0,0,0,0,0,0,0,0,0,0,0,0,0,0.00462529
2023-09-04 00:00:00+00:00,0,1,0,0,0,0,0,0,0,0,0,0,0,0,0,0.00425425
2023-09-05 00:00:00+00:00,0,1,0,0,0,0,0,0,0,0,0,0,0,0,0,0.00503364
2023-09-06 00:00:00+00:00,0,1,0,0,0,0,0,0,0,0,0,0,0,0,0,0.00396627
2023-09-07 00:00:00+00:00,0,1,0,0,0,0,0,0,0,0,0,0,0,0,0,0.00532401
2023-09-08 00:00:00+00:00,-0.000145444,0.999855,0.00144136,0.00144136,0.00274381,0.00201786,6.45717e-07,8.07146e-08,1.19609e-07,0.000111586,-0.00025616,-0.00025616,0,0.791667,0,0.00578785
2023-09-09 00:00:00+00:00,0.000260033,1.00011,0.00454611,0.00454611,0.00950694,0.00416257,1.332e-06,1.665e-07,2.58392e-07,0.000211196,5.06503e-05,5.06503e-05,0,1,0,0.00646216
2023-09-10 00:00:00+00:00,0.00110761,1.00122,0.00923359,0.00335488,0.00597311,0.00428402,1.37097e-06,1.71371e-07,2.27248e-07,0.000356587,0.000752364,0.000700741,5.16232e-05,2.375,0,0.00640783
2023-09-11 00:00:00+00:00,-0.000284173,1.00094,0.0151065,0.00631103,0.0107075,0.00953221,3.04938e-06,3.81172e-07,7.80144e-07,0.000197313,-0.000477003,-0.00078701,0.000299647,4,0,0.00780782
2023-09-12 00:00:00+00:00,0.00128491,1.00222,0.0143581,0.00543848,0.00748228,0.00208959,6.68765e-07,8.35956e-08,1.03326e-07,0.000398243,0.000886848,0.00101899,-0.000132142,4,0,0.00699635
2023-09-13 00:00:00+00:00,0.00106372,1.00329,0.0127124,0.00195335,0.00285727,0.00432865,1.38511e-06,1.73139e-07,1.7068e-07,0.000486625,0.000578816,0.000558685,2.0131e-05,4,0,0.00674914
2023-09-14 00:00:00+00:00,0.00145853,1.00475,0.0174832,-0.000528841,0.0010007,0.00418797,1.34039e-06,1.67549e-07,1.26964e-07,0.000582492,0.000877344,0.000740925,0.000136419,4,0,0.00883486
2023-09-15 00:00:00+00:00,0.00318782,1.00796,0.0366305,-0.00680226,-0.00333951,0.0284993,9.11987e-06,1.13998e-06,1.00795e-06,0.000838961,0.00235609,0.00325686,-0.000900768,4.91667,0,0.0115739
2023-09-16 00:00:00+00:00,0.00159458,1.00956,0.0571922,-0.0210903,-0.00744956,0.032129,1.02811e-05,1.3118e-06,1.56271e-06,0.00088401,0.000725526,-0.000281409,0.00100693,5.85417,0,0.0139129
2023-09-17 00:00:00+00:00,-0.00414575,1.00538,0.0874979,-0.0318851,-0.0111861,0.0368633,1.17928e-05,3.01978e-06,1.73681e-06,0.000748142,-0.00488335,-0.00551532,0.000631963,7.10417,0,0.015824
2023-09-18 00:00:00+00:00,0.000841359,1.00622,0.118276,-0.0329574,-0.0021898,0.024188,7.73941e-06,8.54308e-06,1.91408e-06,0.000400654,0.000461944,0.00186649,-0.00140455,9,0,0.0163255
2023-09-19 00:00:00+00:00,0.00910953,1.01539,0.445764,0.0029629,0.0163442,0.363972,0.000116483,5.1305e-05,4.5207e-05,0.000372602,0.00891788,0.0138375,-0.00491958,14.8542,0,0.0329387
2023-09-20 00:00:00+00:00,0.00599743,1.02148,0.570463,0.0439709,0.0377548,0.198249,6.34344e-05,3.25969e-05,6.56021e-06,0.000403924,0.00568989,0.00113442,0.00455548,16.3333,0,0.0349189
2023-09-21 00:00:00+00:00,-0.00819997,1.0131,0.783702,0.0899377,0.0510256,0.21558,6.8962e-05,2.56617e-05,7.98577e-06,0.000219425,-0.00832417,-0.017306,0.00898181,19.1042,0,0.0362384
2023-09-22 00:00:00+00:00,-0.0181985,0.994667,0.81164,0.073194,0.0308486,0.163782,5.32618e-05,1.39475e-05,1.11517e-05,0.000162161,-0.0184232,0.00056253,-0.0189857,22.375,1,0.0169099
2023-09-23 00:00:00+00:00,0.00272504,0.997377,0.721076,0.0638927,0.03325,0.0374822,1.19964e-05,3.22052e-06,1.57442e-06,0.000128265,0.00261356,0.000148868,0.00246469,22.75,0,0.0139846
2023-09-24 00:00:00+00:00,-0.000708358,0.996671,0.69814,0.0522785,0.0235939,0.0651153,2.08227e-05,6.40921e-06,2.72214e-06,9.66348e-05,-0.000768944,-0.0065609,0.00579195,24,0,0.0138817
2023-09-25 00:00:00+00:00,0.00670485,1.00335,0.700602,0.0448323,0.0141161,0.0798803,2.55721e-05,1.79885e-05,4.18006e-06,0.000120216,0.00661809,0.0119764,-0.00535827,24.9583,0,0.0147902
2023-09-26 00:00:00+00:00,0.0105227,1.01391,0.711704,0.0397577,0.0160484,0.0865949,2.77482e-05,7.93874e-06,5.49673e-06,0.000335921,0.0101866,0.00807416,0.00211247,25.3125,0,0.0158338
2023-09-27 00:00:00+00:00,0.0077162,1.02173,0.678626,0.026778,0.0124976,0.0263281,8.4318e-06,1.55297e-06,1.01479e-06,0.000494276,0.00721445,0.00756556,-0.000351112,26,0,0.0162368
2023-09-28 00:00:00+00:00,-0.00646222,1.01513,0.66267,0.0393238,0.0330911,0.0815745,2.60919e-05,1.20199e-05,2.81858e-06,0.000168246,-0.0065994,0.00489854,-0.0114979,26,0,0.0170008
2023-09-29 00:00:00+00:00,-0.00834652,1.00666,0.818909,0.0222585,0.0360169,0.372603,0.000119248,4.50557e-05,2.66429e-05,0.000155066,-0.00831834,0.00216978,-0.0104881,27.7708,0,0.0330965
2023-09-30 00:00:00+00:00,0.00481345,1.0115,0.784471,0.0260928,0.0221491,0.321539,0.000102876,2.22168e-05,9.78279e-06,0.000371728,0.00457938,0.00634845,-0.00176907,29.875,0,0.0304201
2023-10-01 00:00:00+00:00,-0.0226008,0.988644,0.842182,-0.00851803,0.00873374,0.427282,0.000146237,3.67953e-05,2.99058e-05,4.64928e-05,-0.0226444,0.0115374,-0.0341818,29.4167,1,0.0302675
2023-10-02 00:00:00+00:00,0.003028,0.991638,0.941128,-0.0215741,-0.0147423,0.412794,0.000132141,1.84124e-05,4.95712e-05,7.42834e-05,0.00315998,-0.0160993,0.0191057,28.25,0,0.0271239
2023-10-03 00:00:00+00:00,-0.0052739,0.986408,1.01246,-0.020312,-0.0199172,0.267234,8.55257e-05,2.07701e-05,1.18114e-05,-3.40534e-05,-0.00512316,-0.0103401,0.00521699,29,0,0.0254372
2023-10-04 00:00:00+00:00,-0.00578929,0.980697,1.05949,-0.0198554,-0.00216153,0.276837,9.67353e-05,2.21243e-05,1.5956e-05,-3.62943e-05,-0.00562647,-0.00478279,-0.000843684,28.3542,1,0.0244375
2023-10-05 00:00:00+00:00,0.00404244,0.984662,1.05993,-0.0156677,-0.00755247,0.123035,3.93725e-05,6.95151e-06,4.76642e-06,-0.000105814,0.00420035,-0.00740932,0.0116097,28.6042,0,0.0227511
2023-10-06 00:00:00+00:00,-0.00621825,0.978539,1.15578,-0.0133515,-0.0215917,0.218635,6.99547e-05,9.01744e-06,5.64356e-06,-0.000151768,-0.00599299,0.0102696,-0.0162626,29,0,0.0254013
2023-10-07 00:00:00+00:00,0.000212733,0.978747,1.20415,-0.000773146,-0.0200271,0.0695468,2.22576e-05,2.7822e-06,2.15491e-06,-9.19228e-05,0.000340736,-0.00541075,0.00575148,29,0,0.0230176
2023-10-08 00:00:00+00:00,-0.00308665,0.975726,1.20253,-0.00337577,-0.0191665,0.0457776,1.46467e-05,2.60335e-06,9.88249e-07,-3.17088e-05,-0.00303392,-0.00606465,0.00303073,29,0,0.0214189
2023-10-09 00:00:00+00:00,0.00275443,0.978414,1.12644,0.0243768,0.000357055,0.161872,5.18113e-05,8.82034e-06,8.67188e-06,1.66167e-05,0.0028109,-0.0205321,0.0234234,28.8958,0,0.0198887
2023-10-10 00:00:00+00:00,-0.00393397,0.974565,1.11756,0.0149052,-0.0103319,0.0331557,1.06067e-05,1.32583e-06,1.40473e-06,0.000267995,-0.00418911,-0.00708007,0.00289096,29,0,0.0198821
2023-10-11 00:00:00+00:00,-0.00551228,0.969192,1.12957,0.0281068,0.00221823,0.0234245,7.49671e-06,9.37089e-07,7.88306e-07,8.64681e-05,-0.00559635,-0.00790888,0.00231253,29,0,0.0168955
2023-10-12 00:00:00+00:00,-0.0036932,0.965613,1.10762,0.0146931,0.00145538,0.0628373,2.01051e-05,4.1485e-06,1.42893e-06,1.75307e-05,-0.00368494,-0.00787442,0.00418948,29,0,0.0107998
2023-10-13 00:00:00+00:00,-0.000602787,0.965031,1.07044,0.00248508,0.00244857,0.0586103,1.87527e-05,2.34409e-06,1.76292e-06,3.80053e-05,-0.00061374,0.00406413,-0.00467787,29,0,0.00903388
2023-10-14 00:00:00+00:00,-0.00247182,0.962646,1.09311,-0.0201452,-0.00938528,0.060237,1.92677e-05,2.40846e-06,1.41656e-06,8.03998e-05,-0.00252838,0.00172131,-0.00424969,29,0,0.00952231
2023-10-15 00:00:00+00:00,-0.00414903,0.958652,1.10025,-0.0350961,-0.0208746,0.0357868,1.41525e-05,2.42837e-06,3.58631e-06,6.29657e-05,-0.00419242,0.000870552,-0.00506297,29,1,0.00379673
2023-10-16 00:00:00+00:00,-0.00332918,0.95546,0.932018,-0.0406067,-0.0398948,0.223021,7.12435e-05,4.69628e-05,3.05933e-05,3.20544e-05,-0.00320318,0.00904652,-0.0123116,27.2292,0,0.00269018
2023-10-17 00:00:00+00:00,-0.000267724,0.955204,0.889538,-0.00445562,-0.0171937,0.0963445,3.08462e-05,1.12183e-05,5.43722e-06,-1.02008e-07,-0.000216026,-0.0100881,0.0098721,28,0,0.00390402
2023-10-18 00:00:00+00:00,-0.00149272,0.953778,0.833369,0.00524478,-0.00540464,0.0932175,2.98288e-05,1.02141e-05,3.32125e-06,5.52503e-06,-0.00145209,-0.00516548,0.00371338,28,0,0.00972421
2023-10-19 00:00:00+00:00,0.0045532,0.958121,0.839373,0.0166195,0.000303134,0.0492983,1.57852e-05,4.73478e-06,2.29148e-06,-2.25267e-05,0.00459842,0.00548238,-0.000895245,27.7917,0,0.0140859
2023-10-20 00:00:00+00:00,0.00198772,0.960026,0.821515,0.00890236,-0.00870457,0.0905839,2.89968e-05,9.76218e-06,4.09309e-06,-3.6949e-05,0.00207069,0.010955,-0.00888427,28,0,0.0132125
2023-10-21 00:00:00+00:00,0.00295728,0.962865,0.799516,0.0135292,-0.00804661,0.0451606,1.44533e-05,8.34017e-06,2.32203e-06,-1.99149e-05,0.00300455,0.0141587,-0.0111542,28,0,0.0138891
2023-10-22 00:00:00+00:00,-5.23763e-05,0.962814,0.791222,0.0113927,-0.0153075,0.0589477,2.09106e-05,6.13107e-06,3.07572e-06,-1.88176e-05,1.92686e-06,0.00831202,-0.00831009,28.3333,1,0.0119515
2023-10-23 00:00:00+00:00,0.002966,0.96567,0.673611,0.0302459,0.0121654,0.223755,7.20244e-05,3.86581e-05,2.36827e-05,-6.22209e-05,0.00316528,0.0217673,-0.0184041,26.8333,1,0.00974294
2023-10-24 00:00:00+00:00,-0.00105951,0.964647,0.548496,0.0269855,0.00674403,0.299504,0.00010853,2.15466e-05,2.01776e-05,0.000210176,-0.0011109,0.00393314,-0.00499281,27.375,2,0.0111288
2023-10-25 00:00:00+00:00,0.00259733,0.967152,0.504441,0.0141343,0.000710874,0.080382,2.57234e-05,3.21542e-06,5.381e-06,0.00105705,0.00157841,0.00857029,-0.00699188,28.4792,0,0.00767551
2023-10-26 00:00:00+00:00,0.00238385,0.969458,0.408912,0.00748673,0.00195663,0.082288,2.83031e-05,3.94831e-06,5.39502e-06,0.000708314,0.00171712,0.00270747,-0.000990351,28.25,1,0.00794268
2023-10-27 00:00:00+00:00,-0.00289458,0.966652,0.380049,0.00455078,0.000294088,0.0368888,1.17973e-05,2.40426e-06,1.82535e-06,0.000213097,-0.00309217,-0.00559045,0.00249829,29,0,0.00831091
2023-10-28 00:00:00+00:00,-0.00211667,0.964606,0.373275,0.00212568,0.00308228,0.0174115,5.57166e-06,6.96457e-07,6.51764e-07,5.34039e-05,-0.00216262,0.00215977,-0.00432239,29,0,0.0057323
2023-10-29 00:00:00+00:00,4.09658e-05,0.964645,0.357626,-0.0018221,0.00326347,0.022735,7.27434e-06,9.09292e-07,7.82945e-07,8.0797e-05,-2.82767e-05,0.00264185,-0.00267013,29,0,0.00449355
2023-10-30 00:00:00+00:00,0.00326632,0.967796,0.322402,0.00260238,0.00625363,0.046802,1.4975e-05,1.87187e-06,3.07409e-06,0.000246338,0.00303703,0.0046809,-0.00174063,26.5625,0,0.00504699
2023-10-31 00:00:00+00:00,5.515e-05,0.967849,0.289225,0.00153175,0.000883426,0.0447668,1.43389e-05,1.79236e-06,1.29497e-06,0.000185116,-0.000110371,-0.00109512,0.00098475,27,0,0.00412646
2023-11-01 00:00:00+00:00,0.000611038,0.968441,0.270533,0.00202268,0.000419452,0.00417185,1.33465e-06,1.66832e-07,7.91516e-08,3.32552e-05,0.000581659,0.0047435,-0.00416184,27,0,0.000982838
2023-11-02 00:00:00+00:00,0.000163869,0.968599,0.275421,0.00317043,0.00289224,0.0265246,8.48678e-06,1.53759e-06,8.52824e-07,5.18144e-05,0.000126463,-0.00198488,0.00211134,27,0,0.00324625
2023-11-03 00:00:00+00:00,0.00061365,0.969194,0.251824,-0.00364633,-0.00142465,0.0272256,8.71594e-06,2.67729e-06,8.54924e-07,1.09044e-05,0.000616623,0.00228146,-0.00166484,27,0,0.0053586
2023-11-04 00:00:00+00:00,-0.00260848,0.966666,0.240745,-0.00466908,-0.00347291,0.0163081,5.21648e-06,1.88324e-06,9.8137e-07,1.18018e-05,-0.00261423,0.00210722,-0.00472145,27,0,0.00574184
2023-11-05 00:00:00+00:00,0.00259223,0.969172,0.235422,-0.000888405,0.00181331,0.0101251,3.23953e-06,1.4075e-06,1.80941e-07,8.74403e-06,0.00258611,0.00295985,-0.000373738,27,0,0.00723598
2023-11-06 00:00:00+00:00,0.00317435,0.972248,0.236624,0.0114694,0.00867281,0.098317,3.42075e-05,1.097e-05,4.49129e-06,1.65189e-05,0.00320445,0.00640659,-0.00319661,26.5417,1,0.010212
2023-11-07 00:00:00+00:00,-0.00257474,0.969745,0.244695,0.0128855,0.00726119,0.0229904,7.35604e-06,1.07742e-06,4.15358e-07,9.36836e-05,-0.00266171,-0.00348479,0.000823083,26.6667,0,0.0075421
2023-11-08 00:00:00+00:00,-0.00202138,0.967784,0.229921,0.014821,0.0126926,0.0579355,2.41898e-05,1.43767e-05,6.20756e-06,0.000255571,-0.0022321,0.00361228,-0.00584438,25.7708,2,0.00292742
2023-11-09 00:00:00+00:00,0.000345177,0.968119,0.197691,0.00577966,0.00441183,0.0246229,8.1642e-06,5.87826e-06,1.03584e-06,0.000205505,0.000157401,-0.000152073,0.000309474,24.9792,1,0.000394151
2023-11-10 00:00:00+00:00,-0.00490308,0.963372,0.190279,-0.00105537,0.00100132,0.0220061,8.01302e-06,6.42383e-06,7.22726e-07,-3.98249e-06,-0.00489443,0.000799317,-0.00569375,24.375,1,0
2023-11-11 00:00:00+00:00,-0.00114746,0.962266,0.183985,-0.000738088,0.00471455,0.00970208,3.10389e-06,3.87986e-07,8.28664e-07,-7.64606e-06,-0.00113429,-0.000263661,-0.000870631,24,0,0
2023-11-12 00:00:00+00:00,0.00379288,0.965916,0.182532,0.000873972,0.00820478,0.00509639,1.63132e-06,2.03914e-07,2.2351e-07,-2.95688e-05,0.00381841,0.00324426,0.000574145,24,0,0
2023-11-13 00:00:00+00:00,-0.00047718,0.965455,0.112754,0.0100401,0.0139934,0.0901777,3.07012e-05,1.98795e-05,9.00816e-06,-1.37374e-05,-0.000402872,-0.00170462,0.00148114,21.4792,1,0
2023-11-14 00:00:00+00:00,-2.39296e-06,0.965453,0.0904693,0.00672217,0.0111563,0,0,0,0,-6.37203e-07,-1.29823e-06,-0.000648017,0.000646719,21,0,0
2023-11-15 00:00:00+00:00,0.000632374,0.966063,0.0909884,0.00615764,0.0111008,0.00215241,6.88819e-07,8.61024e-08,6.53876e-08,-2.32766e-06,0.000635527,0.00291428,-0.00227876,21,0,0
2023-11-16 00:00:00+00:00,0.00115885,0.967183,0.0883739,0.00395917,0.00728567,0.0192606,6.16369e-06,1.58891e-06,6.76911e-07,-1.29278e-05,0.00118019,-0.000787547,0.00196774,22.5208,0,0
2023-11-17 00:00:00+00:00,0.000301681,0.967475,0.0812591,0.00232774,0.00437694,0.00243366,7.78935e-07,1.13022e-06,7.56983e-08,-2.48634e-06,0.000306421,0.000193692,0.000112729,24,0,0
2023-11-18 00:00:00+00:00,4.02203e-05,0.967514,0.079086,0.00139435,0.00344092,0,0,0,0,-5.82321e-07,4.09467e-05,-0.000413798,0.000454745,24,0,0
2023-11-19 00:00:00+00:00,-0.000893001,0.96665,0.0800863,0.000677461,0.00252582,0,0,0,0,-1.0484e-06,-0.000892232,0.000659034,-0.00155127,24,0,0
2023-11-20 00:00:00+00:00,-0.000387217,0.966275,0.0819083,0.000103843,0.00151529,0.00029117,9.31681e-08,1.11552e-07,3.68934e-09,-1.57135e-06,-0.000385289,-0.000843848,0.000458044,23,0,0
2023-11-21 00:00:00+00:00,-0.000595181,0.9657,0.0778802,0.0013495,0.00427501,0.0118637,4.41136e-06,7.97531e-06,4.67289e-07,-8.49535e-07,-0.000581516,-0.00279549,0.00221382,22.5,1,0
2023-11-22 00:00:00+00:00,0.000122732,0.965819,0.0773894,-0.00328327,-0.000228257,0.00202949,6.4941e-07,8.11762e-08,8.29232e-09,-6.11316e-06,0.000129658,0.00245263,-0.00232298,22,0,0
2023-11-23 00:00:00+00:00,-0.000621072,0.965219,0.0786641,-0.00231428,0.000970951,0.0043253,1.38425e-06,1.73031e-07,1.62163e-07,-2.37208e-06,-0.000616971,0.000285635,-0.000902606,22,0,0
2023-11-24 00:00:00+00:00,-0.000383538,0.964849,0.0803329,-0.00260873,0.000799938,0.00215903,6.90807e-07,8.63508e-08,1.9176e-07,1.25745e-06,-0.000383726,0.000511068,-0.000894794,22,0,0
2023-11-25 00:00:00+00:00,-0.000519636,0.964347,0.075411,0.00294723,0.0069852,0.00616943,3.08441e-06,6.16882e-07,1.07385e-06,1.40951e-06,-0.00051631,0.000503501,-0.00101981,21.0625,1,0
2023-11-26 00:00:00+00:00,-0.000152841,0.9642,0.074686,0.00308259,0.00714365,0,0,0,0,1.09261e-06,-0.000153892,-0.000572593,0.000418701,21,0,0
2023-11-27 00:00:00+00:00,7.66735e-06,0.964207,0.0718966,0.00419276,0.00800989,0.00108203,3.46246e-07,4.40817e-07,3.31911e-08,-1.25214e-06,9.85464e-06,-0.000749192,0.000758972,19,0,0
2023-11-28 00:00:00+00:00,-7.47387e-05,0.964135,0.071847,0.00411105,0.00809432,0,0,0,0,-1.05209e-06,-7.36227e-05,0.000449995,-0.000523618,19,0,0
2023-11-29 00:00:00+00:00,-0.000216619,0.963926,0.0727323,0.00403757,0.00782086,0,0,0,0,-1.19278e-06,-0.000215378,-0.000273213,5.78352e-05,19,0,0
2023-11-30 00:00:00+00:00,0.000309043,0.964224,0.0723844,0.00411949,0.0075207,0,0,0,0,-1.26712e-06,0.000310314,0.000192628,0.000117685,19,0,0
2023-12-01 00:00:00+00:00,-4.80017e-05,0.964178,0.0736328,0.00432631,0.00790125,0,0,0,0,-2.0243e-07,-4.77194e-05,0.000702445,-0.000750165,19,0,0
2023-12-02 00:00:00+00:00,0.000659045,0.964813,0.0752399,0.00438496,0.00829881,0,0,0,0,-1.58901e-06,0.000660547,0.00179104,-0.00113049,19,0,0
2023-12-03 00:00:00+00:00,-0.000510318,0.964321,0.0764646,0.00446906,0.00820217,0,0,0,0,-2.58947e-06,-0.000507775,-0.000295665,-0.00021211,19,0,0
2023-12-04 00:00:00+00:00,0.000438445,0.964744,0.0658299,0.0114007,0.0120898,0.0167444,5.35751e-06,1.10627e-06,5.39262e-07,-5.69965e-06,0.000451498,0.00105312,-0.000582422,16,0,0.00154472
2023-12-05 00:00:00+00:00,0.000112352,0.964852,0.0588833,0.00946538,0.00880568,0.00781879,2.50169e-06,3.12711e-07,2.67971e-07,-3.17639e-06,0.000118807,0.000635549,-0.000516743,16,0,0.00479946
2023-12-06 00:00:00+00:00,0.00036485,0.965204,0.0557418,0.00415617,0.00420712,0.00202884,6.49197e-07,2.38072e-07,5.33582e-08,-1.92525e-06,0.000367949,7.50748e-05,0.000292874,16,0,0.00687446
2023-12-07 00:00:00+00:00,0.000803621,0.96598,0.0545588,0.00339216,0.00476372,0.00665547,2.12979e-06,2.66224e-07,3.32494e-07,-3.96243e-06,0.000810399,0.00188901,-0.00107861,16,0,0.00663929
2023-12-08 00:00:00+00:00,0.000340619,0.966309,0.0563975,-0.000143389,0.00363758,0.0124012,5.08968e-06,2.90264e-06,8.26818e-07,9.40997e-06,0.000340209,0.00182234,-0.00148213,15.5625,1,0.00694033
2023-12-09 00:00:00+00:00,5.84863e-05,0.966366,0.0534751,-0.00115505,0.00455622,0.00456611,1.46153e-06,1.82691e-07,1.88454e-07,1.04108e-05,5.03044e-05,0.00020846,-0.000158155,15,0,0.00540577
2023-12-10 00:00:00+00:00,0.000850438,0.967187,0.0531945,-0.00299599,0.00295127,0.00540329,1.8714e-06,2.63559e-07,2.37429e-07,1.39806e-05,0.000838579,0.000738712,9.98668e-05,15.4792,1,0.00568702
2023-12-11 00:00:00+00:00,-0.000135245,0.967057,0.0504831,-0.00225045,-0.00017991,0.00650216,2.08082e-06,2.60103e-07,3.97787e-07,3.09982e-06,-0.000135312,-0.00133015,0.00119484,16,0,0.00569174
2023-12-12 00:00:00+00:00,-0.000422799,0.966648,0.0510268,-0.00214768,-0.00116994,0,0,0,0,5.28781e-06,-0.00042794,0.000676914,-0.00110485,16,0,0.00561066
2023-12-13 00:00:00+00:00,0.000335994,0.966972,0.0507908,-0.00234932,-0.00175007,0,0,0,0,2.51321e-06,0.000333641,0.000694449,-0.000360808,16,0,0.0023316
2023-12-14 00:00:00+00:00,-0.000258828,0.966722,0.0525888,-0.00211519,-0.00120332,0,0,0,0,1.38962e-05,-0.00027259,9.96155e-05,-0.000372206,16,0,0.00245885
2023-12-15 00:00:00+00:00,1.41016e-05,0.966736,0.0518742,-0.00243277,-0.00204343,0,0,0,0,1.60928e-05,-1.8808e-06,-0.0015488,0.00154692,16,0,0.00326163
2023-12-16 00:00:00+00:00,-0.000147145,0.966594,0.0501749,-0.00129795,-0.00117755,0.00308267,1.5412e-06,2.81381e-06,1.92314e-07,8.28409e-06,-0.000150823,0.000606162,-0.000756985,15.6458,1,0.005057
2023-12-17 00:00:00+00:00,-0.000227284,0.966374,0.047743,0.000541412,0.000407832,0,0,0,0,3.59293e-06,-0.000230845,-0.00086765,0.000636804,15,0,0.00370556
2023-12-18 00:00:00+00:00,0.000593286,0.966947,0.0459962,0.000603818,0.00123836,0,0,0,0,8.16964e-07,0.000592371,0.000351458,0.000240913,15,0,0.00358533
2023-12-19 00:00:00+00:00,-0.000559177,0.966407,0.0484974,-0.000954428,-0.000438981,0.0020153,6.44901e-07,8.06126e-08,8.50673e-08,2.96542e-06,-0.000561426,-0.000795347,0.000233921,15.8125,0,0.00514943
2023-12-20 00:00:00+00:00,-0.000654282,0.965774,0.0493749,-0.00186726,-0.00149889,0,0,0,0,6.15377e-06,-0.000660526,0.000593153,-0.00125368,16,0,0.0055199
2023-12-21 00:00:00+00:00,0.000962501,0.966704,0.049783,-0.00113824,-0.000763975,0.0024694,7.90258e-07,9.87822e-08,3.59638e-08,4.60956e-06,0.00095848,0.00135584,-0.000397361,16,0,0.00676019
2023-12-22 00:00:00+00:00,0.00127882,0.96794,0.0467823,-0.00112434,0.0008025,0.0054162,1.81938e-06,5.94469e-07,1.71492e-07,1.29612e-06,0.00127963,0.00211218,-0.000832544,15.0625,1,0.00400894
2023-12-23 00:00:00+00:00,-0.000271545,0.967677,0.045586,-0.00231979,0.000403645,0,0,0,0,1.11453e-06,-0.000272587,-0.000372738,0.000100151,15,0,0.00278992
2023-12-24 00:00:00+00:00,9.27488e-05,0.967767,0.0483168,-0.00267971,0.000106612,0.00428762,1.37197e-06,6.20253e-07,7.10577e-08,6.43528e-06,8.84892e-05,-0.000408458,0.000496947,15.9583,0,0.00599502
2023-12-25 00:00:00+00:00,-0.000223782,0.96755,0.0410243,0.00695053,0.00683187,0.0093075,2.97832e-06,1.01907e-06,4.34468e-07,-5.9137e-07,-0.000218634,0.000547979,-0.000795105,16,0,0.00587881
2023-12-26 00:00:00+00:00,0.00043616,0.967972,0.0407905,0.00610746,0.00522812,0.0112389,3.59651e-06,4.49564e-07,2.85053e-07,-3.38623e-07,0.000440831,-0.000390235,0.000831066,16,0,0.00615738
2023-12-27 00:00:00+00:00,0.000739835,0.968689,0.0522686,0.00347383,0.00304987,0.0178844,5.72304e-06,9.37469e-07,6.46046e-07,-8.33695e-06,0.000755455,0.00094998,-0.000194525,16.3958,0,0.00834851
2023-12-28 00:00:00+00:00,0.00177139,0.970404,0.0795487,0.00128654,-0.0017739,0.0390673,1.25029e-05,5.94961e-06,1.10985e-06,8.05103e-05,0.00170942,-0.000256382,0.0019658,17,0,0.0110209
2023-12-29 00:00:00+00:00,0.00216165,0.972502,0.129577,0.00657773,-0.00267356,0.0604805,1.93535e-05,1.38069e-05,1.74259e-06,0.000489505,0.00170592,0.00113435,0.00057157,19.2292,0,0.0139784
2023-12-30 00:00:00+00:00,0.00203165,0.974478,0.16988,0.0109212,-0.0050878,0.031602,1.01126e-05,1.2608e-05,1.0423e-06,0.00106906,0.000986034,0.000454812,0.000531221,20.3542,0,0.0173249
2023-12-31 00:00:00+00:00,0.010488,0.984698,0.197768,0.009311,-0.0031605,0.0686347,2.1976e-05,1.42416e-05,5.0155e-06,0.00253123,0.00803072,0.00624012,0.00179061,21.9375,0,0.0205287
2024-01-01 00:00:00+00:00,0.000201773,0.984897,0.262053,0.00854164,0.00641878,0.120742,3.8629e-05,2.38781e-05,1.20148e-05,0.000171442,0.000115872,0.00719196,-0.00708294,24.5208,0,0.0198591
2024-01-02 00:00:00+00:00,-0.000371187,0.984531,0.278326,0.0298224,0.00887954,0.0332687,1.06468e-05,3.08178e-06,1.5791e-06,2.57515e-05,-0.000376824,-0.00368145,0.00330463,25,0,0.0169822
2024-01-03 00:00:00+00:00,0.0030144,0.987499,0.272484,0.033776,0.00814486,0.118322,3.78569e-05,4.86541e-06,6.69608e-06,3.2043e-05,0.00303443,-0.00865775,0.0116922,26.1042,0,0.0181068
2024-01-04 00:00:00+00:00,0.00911168,0.996497,0.325974,0.0198687,0.00453744,0.222829,7.13133e-05,9.43712e-06,1.56132e-05,3.05174e-05,0.00914814,0.0143075,-0.00515934,28.2083,0,0.0213013
2024-01-05 00:00:00+00:00,-0.00299093,0.993516,0.453421,0.0172319,0.00209889,0.221905,7.10116e-05,1.88274e-05,1.32957e-05,6.77933e-06,-0.00288868,-0.00748406,0.00459537,29,0,0.0255141
2024-01-06 00:00:00+00:00,0.000810805,0.994322,0.565938,0.0265511,0.00298485,0.127592,4.08362e-05,8.7537e-06,6.30109e-06,8.34687e-05,0.000795013,-0.0103738,0.0111688,29.8125,0,0.0271227
2024-01-07 00:00:00+00:00,0.0056293,0.999919,0.629761,0.0260745,0.000165308,0.295438,9.45507e-05,2.48528e-05,1.15946e-05,7.67781e-05,0.00567752,-0.00944295,0.0151205,30,0,0.0272225
2024-01-08 00:00:00+00:00,0.00589505,1.00581,0.750676,0.0519867,-0.00197609,0.998227,0.000319203,0.000101138,0.000128839,7.88499e-05,0.00640823,0.0299882,-0.0229877,30,0,0.0304384
2024-01-09 00:00:00+00:00,0.0035391,1.00937,0.737037,0.0526767,0.00362986,0.410483,0.00013133,4.12615e-05,1.57199e-05,-1.56792e-06,0.00375592,-0.0151079,0.0188639,30,0,0.0326079
2024-01-10 00:00:00+00:00,-0.0103804,0.998896,0.832308,0.0680466,0.00830247,0.254836,8.14987e-05,4.64139e-05,1.39366e-05,-1.49832e-05,-0.0102308,0.0243723,-0.034603,30,0,0.0334096
2024-01-11 00:00:00+00:00,0.00881265,1.0077,0.912822,0.0449422,0.00504806,0.41222,0.000131947,7.7348e-05,1.89037e-05,-2.07032e-05,0.0090898,0.0207956,-0.0117058,30,0,0.0328628
2024-01-12 00:00:00+00:00,0.00955523,1.01733,0.816434,0.0264311,0.00286672,0.191907,6.14214e-05,3.94473e-05,9.30319e-06,7.85148e-06,0.00963398,-0.0132733,0.0229073,30,0,0.0336567
2024-01-13 00:00:00+00:00,-0.00171115,1.01559,0.839638,0.0201055,-0.00493757,0.20316,6.50192e-05,7.86177e-05,9.96319e-06,-8.77657e-06,-0.00152877,0.00692589,-0.00845465,30,0,0.0354329
2024-01-14 00:00:00+00:00,-0.000306969,1.01528,0.902986,0.0164073,-0.00468541,0.107129,3.42822e-05,4.71323e-05,5.22506e-06,-2.00184e-05,-0.000189665,-0.0177964,0.0176067,30,0,0.0336197
2024-01-15 00:00:00+00:00,-0.00829873,1.00685,0.962612,0.023241,0.0113994,0.436436,0.00013958,0.000122534,5.00563e-05,-4.36723e-05,-0.00795758,0.00363085,-0.0117983,29,0,0.0296214
2024-01-16 00:00:00+00:00,0.00828866,1.01519,0.999914,0.0195318,0.0212922,0.147936,4.73535e-05,4.60835e-05,4.24937e-06,-0.00013191,0.00849755,0.00918386,-0.000686313,30,0,0.0281743
2024-01-17 00:00:00+00:00,-0.00952127,1.00553,0.94304,0.0283158,0.027554,0.243388,7.78641e-05,3.33769e-05,5.48903e-06,-5.1597e-05,-0.00937765,-0.00754706,-0.0018306,30,0,0.0277265
2024-01-18 00:00:00+00:00,0.00376732,1.00932,0.868396,0.023903,0.0305458,0.0920504,2.94598e-05,3.05417e-05,3.73723e-06,-3.42557e-05,0.00386732,-0.0193572,0.0232246,30,0,0.0249346
2024-01-19 00:00:00+00:00,0.00102497,1.01035,0.852874,0.0218003,0.0156614,0.339664,0.000108695,6.29116e-05,9.60876e-06,2.61783e-05,0.00118401,0.000797203,0.000386807,30,0,0.026485
2024-01-20 00:00:00+00:00,-0.00779603,1.00247,1.01651,0.00270124,0.00998166,0.141725,4.53224e-05,2.11252e-05,4.24918e-06,5.7835e-05,-0.00780715,-0.00304638,-0.00476078,30,0,0.0269774
2024-01-21 00:00:00+00:00,-0.000136979,1.00234,0.942734,0.00114809,0.00636744,0.110938,3.5503e-05,1.88115e-05,2.62442e-06,7.56428e-05,-0.000150506,-0.00481282,0.00466232,30,0,0.0237222
2024-01-22 00:00:00+00:00,-0.0028112,0.99952,0.87481,0.0282386,0.0238753,0.274451,8.78554e-05,4.86504e-05,1.70946e-05,0.00010961,-0.00276439,-0.0273712,0.0245734,29.7917,0,0.024132
2024-01-23 00:00:00+00:00,-0.00343829,0.996083,0.823176,0.0354627,0.00726199,0.193687,6.20142e-05,3.68939e-05,1.40051e-05,0.000131874,-0.00344959,-0.00417904,0.000729448,30,0,0.0119639
2024-01-24 00:00:00+00:00,-0.00174122,0.994349,0.75706,0.0463766,0.000568023,0.0730788,2.33828e-05,1.60786e-05,3.15054e-06,9.0621e-05,-0.00178294,0.00427543,-0.00605837,30,0,0.0109244
2024-01-25 00:00:00+00:00,0.00174321,0.996082,0.755415,0.0487464,0.00487789,0.156691,5.01595e-05,2.83757e-05,7.7376e-06,4.53185e-05,0.00178964,-0.00469435,0.00648399,30,0,0.0192353
2024-01-26 00:00:00+00:00,-0.00267267,0.99342,0.721838,0.0215917,0.00380646,0.131656,4.21247e-05,2.01007e-05,3.54226e-06,4.8643e-05,-0.00265501,0.0147848,-0.0174398,30,0,0.0167298
2024-01-27 00:00:00+00:00,0.000288436,0.993707,0.700127,0.0110509,0.00533078,0.0232353,7.43696e-06,1.43269e-06,6.57662e-07,8.72238e-05,0.000213867,0.00355545,-0.00334158,30,0,0.0140622
2024-01-28 00:00:00+00:00,0.00175773,0.995453,0.65041,0.0177046,0.00946112,0.0727266,2.32658e-05,5.17267e-06,2.29476e-06,5.66198e-05,0.00173578,-0.000766115,0.0025019,30,0,0.0157819
2024-01-29 00:00:00+00:00,-0.00258448,0.99288,0.623499,0.0126174,0.00349896,0.222269,7.11498e-05,3.78282e-05,1.65562e-05,3.62935e-05,-0.00249368,0.012178,-0.014772,29,0,0.0172935
2024-01-30 00:00:00+00:00,-0.00316416,0.989739,0.622046,0.016443,0.00562518,0.0310843,9.9438e-06,6.2611e-06,8.63054e-07,2.17923e-05,-0.00316963,-0.00471211,0.00154247,29.8125,0,0.016421
2024-01-31 00:00:00+00:00,-0.00141068,0.988343,0.579316,0.00293857,-0.00121436,0.0531933,1.70151e-05,2.12689e-06,8.65469e-07,4.65479e-05,-0.00143306,-0.00990175,0.00846869,30,0,0.013931
2024-02-01 00:00:00+00:00,0.000722471,0.989057,0.530717,-0.0156599,-0.000797452,0.0671799,2.14936e-05,2.6867e-06,1.54708e-06,6.26923e-05,0.000689717,0.00223708,-0.00154737,30,0,0.0134571
2024-02-02 00:00:00+00:00,0.00179037,0.990827,0.556039,-0.0295623,-0.000369602,0.0443986,1.42046e-05,6.05836e-06,1.27983e-06,7.28024e-05,0.00174285,0.00415289,-0.00241004,30,0,0.0162827
2024-02-03 00:00:00+00:00,-0.00227642,0.988572,0.588233,-0.0384002,0.000775037,0.0444089,1.42007e-05,9.04333e-06,1.79514e-06,7.3752e-05,-0.00232389,-0.00417214,0.00184825,30,0,0.0163516
2024-02-04 00:00:00+00:00,0.00608481,0.994587,0.582478,-0.0358367,-0.00311542,0.0487229,1.55932e-05,2.7182e-06,1.09992e-06,5.53769e-05,0.00603303,-0.00294087,0.0089739,30,0,0.0160434
2024-02-05 00:00:00+00:00,-0.00207391,0.992525,0.567426,-0.0263075,-0.0139967,0.122319,3.91535e-05,9.81005e-06,7.84799e-06,2.9987e-05,-0.00204542,0.00132967,-0.00318271,30,0,0.0182248
2024-02-06 00:00:00+00:00,0.00022124,0.992744,0.574989,-0.0206228,-0.0145651,0.014804,4.73782e-06,2.09539e-06,3.67774e-07,5.76322e-05,0.000173364,0.00161098,-0.00143761,30,0,0.016894
2024-02-07 00:00:00+00:00,0.00184842,0.994579,0.586051,-0.0141317,-0.00576995,0.0450496,1.44178e-05,4.17681e-06,1.99699e-06,5.08683e-05,0.00182005,0.00961112,-0.00779107,30,0,0.0152921
2024-02-08 00:00:00+00:00,-0.00151172,0.993076,0.608148,-0.00794757,-0.00642252,0.0466982,1.49428e-05,2.92863e-06,1.84474e-06,4.4263e-05,-0.00153093,0.00166484,-0.00319577,30,0,0.0163066
2024-02-09 00:00:00+00:00,-0.0054505,0.987663,0.606559,-0.00415192,-0.00114571,0.0449284,1.43738e-05,1.79673e-06,1.2138e-06,6.83437e-05,-0.00550844,0.00806742,-0.0135759,30,0,0.0173248
2024-02-10 00:00:00+00:00,0.00426908,0.991879,0.588222,-0.00528175,0.00138792,0.0350348,1.1214e-05,2.77498e-06,1.14712e-06,4.67279e-05,0.00423352,0.00321109,0.00102242,30,0,0.015574
2024-02-11 00:00:00+00:00,-0.00115652,0.990732,0.563292,-0.0123375,-0.0142252,0.0232962,7.4551e-06,2.9956e-06,4.94339e-07,8.66328e-05,-0.00123118,-0.00121094,-2.02466e-05,30,0,0.0160329
2024-02-12 00:00:00+00:00,-0.00635885,0.984432,0.519519,-0.0152257,-0.0153958,0.110212,3.52452e-05,8.24766e-06,8.338e-06,9.87033e-05,-0.00641587,0.00985365,-0.0162938,27,0,0.0134424
2024-02-13 00:00:00+00:00,0.0022416,0.986639,0.514085,-0.00964209,0.00245306,0.0089589,2.86722e-06,2.09554e-06,5.26655e-07,6.23921e-05,0.0021882,-0.00161349,0.00380169,27,0,0.0113279
2024-02-14 00:00:00+00:00,-0.000178535,0.986463,0.505504,-0.0111791,0.00417976,0.0264002,1.01532e-05,2.21941e-06,1.90053e-06,2.43889e-05,-0.000185487,0.0090637,-0.00924919,26.9375,1,0.0106952
2024-02-15 00:00:00+00:00,0.00126778,0.987713,0.494669,-0.0109098,-0.008344,0.0896537,2.86844e-05,7.06309e-06,4.17388e-06,8.04803e-05,0.00123098,0.00297883,-0.00174786,27.125,0,0.0110268
2024-02-16 00:00:00+00:00,-0.00355997,0.984197,0.483969,-0.00782319,-0.00798749,0.0392625,1.25607e-05,2.66872e-06,1.21299e-06,5.51994e-05,-0.00360194,-0.00414262,0.000539777,27.9167,0,0.0126316
2024-02-17 00:00:00+00:00,-0.00128599,0.982931,0.447546,-0.00903499,-0.0113304,0.0369323,1.18173e-05,2.76105e-06,2.07962e-06,4.93818e-05,-0.00131632,-0.00191712,0.000600802,28,0,0.0109405
2024-02-18 00:00:00+00:00,0.0023318,0.985223,0.425426,-0.00292575,-0.00778111,0.0413064,1.32202e-05,1.97314e-06,9.27269e-07,7.72815e-05,0.00227075,0.00580402,-0.00353327,28,0,0.00922488
2024-02-19 00:00:00+00:00,0.00321511,0.988391,0.397714,0.00926041,-8.63428e-05,0.107915,3.45355e-05,4.72688e-06,4.67892e-06,-1.44795e-06,0.00325788,0.00307316,0.000146707,27,0,0.0103434
2024-02-20 00:00:00+00:00,0.000367373,0.988754,0.388424,0.026778,0.00576118,0.0510887,1.63481e-05,2.04351e-06,2.37519e-06,-1.58684e-05,0.000407811,-0.0028043,0.00321211,27,0,0.0152489
2024-02-21 00:00:00+00:00,0.00471319,0.993414,0.388331,0.0273306,0.00332941,0.080721,2.58347e-05,3.22934e-06,3.4336e-06,4.06995e-05,0.00469792,0.000232307,0.00446561,27.5833,0,0.0184173
2024-02-22 00:00:00+00:00,0.003719,0.997109,0.404544,0.0232613,0.0102107,0.0371241,1.1881e-05,1.48513e-06,1.24355e-06,0.000111698,0.00361827,0.00112698,0.0024913,28,0,0.0188411
2024-02-23 00:00:00+00:00,0.00232997,0.999432,0.450783,0.0335855,0.0110157,0.0655852,2.09892e-05,2.62365e-06,1.98314e-06,0.000159272,0.00219624,-0.00329296,0.0054892,28,0,0.0209675
2024-02-24 00:00:00+00:00,0.000440125,0.999872,0.490851,0.0394883,0.0130354,0.104749,3.35013e-05,4.76444e-06,2.91052e-06,0.000246892,0.000239933,0.00663362,-0.00639369,28,0,0.0231564
2024-02-25 00:00:00+00:00,0.00319173,1.00306,0.576314,0.0470493,0.00949201,0.111068,3.55543e-05,7.36068e-06,2.8617e-06,0.00024622,0.00299268,0.00735574,-0.00436306,28,0,0.0255094
2024-02-26 00:00:00+00:00,0.00655049,1.00963,0.621337,0.0808132,0.0256608,0.338822,0.000108527,3.11718e-05,2.56674e-05,0.000258428,0.00645655,0.0132773,-0.00675623,28.3333,0,0.0281666
2024-02-27 00:00:00+00:00,-0.00123438,1.00839,0.723374,0.0785404,0.0143157,0.359342,0.000122196,2.44155e-05,1.71655e-05,0.000399826,-0.00145063,0.000590649,-0.00204128,29,1,0.0305843
2024-02-28 00:00:00+00:00,0.00384879,1.01227,0.764723,0.0893057,0.0169857,0.464133,0.000165101,6.46585e-05,3.08268e-05,0.000298077,0.00386272,0.0158589,-0.0119962,28.9583,3,0.0324694
2024-02-29 00:00:00+00:00,-0.0166765,0.995388,0.876818,0.0855519,0.00655211,0.311335,9.95097e-05,6.83588e-05,1.38281e-05,6.42485e-05,-0.0166144,-0.00971026,-0.00690417,30,0,0.0327173
2024-03-01 00:00:00+00:00,0.00431656,0.999684,0.834483,0.0534419,0.00590994,0.162473,5.19989e-05,3.57095e-05,5.50789e-06,1.04996e-05,0.00440761,0.0161744,-0.0117668,30,0,0.0300347
2024-03-02 00:00:00+00:00,0.0193712,1.01905,0.821705,0.043099,0.0067024,0.189973,6.10387e-05,4.1285e-05,1.30537e-05,0.000229765,0.0191368,0.0302627,-0.0111259,30,0,0.0323593
2024-03-03 00:00:00+00:00,0.00610598,1.02527,0.822073,0.052483,0.00664182,0.124385,3.98677e-05,2.21849e-05,6.10717e-06,0.000102301,0.00609172,-0.000477397,0.00656912,30,0,0.0346921
2024-03-04 00:00:00+00:00,0.0308414,1.05689,0.763984,0.0496247,0.0173379,0.486207,0.000160784,8.73332e-05,6.61207e-05,0.000190308,0.0305907,0.0304029,-0.000152862,30,1,0.037225
2024-03-05 00:00:00+00:00,0.0111856,1.06871,0.700599,0.00441788,0.0108558,0.261999,8.38771e-05,2.97784e-05,1.69357e-05,0.000174808,0.0111738,-0.0133884,0.0245622,30,0,0.0422581
2024-03-06 00:00:00+00:00,-0.000263692,1.06843,0.630193,-0.0191145,0.00399678,0.407035,0.00013018,8.59768e-05,2.49749e-05,9.23347e-05,-5.06465e-05,0.0226187,-0.0226693,30,0,0.0438858
2024-03-07 00:00:00+00:00,-0.00210699,1.06618,0.634215,0.00430292,0.00791689,0.270226,8.64637e-05,6.69909e-05,1.54737e-05,0.000119566,-0.00200282,0.00426086,-0.00622761,29.1667,0,0.0439666
2024-03-08 00:00:00+00:00,-0.00198162,1.06407,0.745616,0.0413829,0.00870691,0.331855,0.000107274,9.06334e-05,1.66137e-05,0.00023148,-0.00194155,0.00702435,-0.0089659,29.8125,1,0.0429672
2024-03-09 00:00:00+00:00,-0.0205773,1.04217,0.769141,0.0415339,0.00398052,0.189974,6.07329e-05,3.15235e-05,9.27995e-06,0.00043646,-0.0210856,0.00176843,-0.022854,29.9167,0,0.0415685
2024-03-10 00:00:00+00:00,0.0135079,1.05625,0.758914,0.0471445,0.00564048,0.252804,8.77946e-05,6.44207e-05,2.07449e-05,0.000218894,0.0133917,0.00108924,0.0123024,30,1,0.0394667
2024-03-11 00:00:00+00:00,0.000728169,1.05702,0.822485,0.0423788,0.00899451,0.531585,0.000175522,0.000233785,4.0546e-05,0.000187167,0.00102505,0.0124078,-0.0116433,29.8125,1,0.0410173
2024-03-12 00:00:00+00:00,-0.0106396,1.04577,0.891434,0.0575495,0.0145359,0.406924,0.000130318,8.54114e-05,1.48446e-05,6.11777e-05,-0.0104036,-0.0011966,-0.00920703,30,0,0.0402752
2024-03-13 00:00:00+00:00,0.0204197,1.06713,0.874025,0.0482397,0.00755735,0.314017,0.000100523,6.23965e-05,1.02767e-05,2.1987e-05,0.0203975,0.0195162,0.000883125,29.8333,0,0.0384916
2024-03-14 00:00:00+00:00,0.0260871,1.09497,0.812653,0.0504355,0.00557745,0.356089,0.000114076,9.75984e-05,1.89392e-05,5.44685e-05,0.0260237,0.0211226,0.00490112,30,0,0.0399686
2024-03-15 00:00:00+00:00,0.0136261,1.10989,0.960925,0.0466661,0.00788772,0.54747,0.000175273,5.9856e-05,2.23334e-05,8.46208e-05,0.0137363,-0.00894033,0.0226766,30,0,0.043999
2024-03-16 00:00:00+00:00,-0.00425253,1.10517,1.06653,0.0374378,0.00797449,0.769641,0.00024617,0.000111944,3.05322e-05,5.47904e-05,-0.00387162,-0.0413947,0.037523,30,0,0.0463578
2024-03-17 00:00:00+00:00,0.0117889,1.1182,0.890446,0.0553337,0.00952407,0.763456,0.000244437,6.18882e-05,2.99412e-05,9.08906e-06,0.0121136,0.0302912,-0.0181776,30,0,0.0484112
2024-03-18 00:00:00+00:00,0.0219081,1.14269,0.877863,0.057051,0.0110657,0.995158,0.000318586,8.78382e-05,7.28684e-05,1.38765e-05,0.0221822,-0.00599627,0.0283165,30,0,0.0501479
2024-03-19 00:00:00+00:00,-0.0210448,1.11864,0.836487,0.0272616,0.00499462,0.709943,0.000227109,8.61022e-05,3.13368e-05,4.7464e-05,-0.0209134,-0.0429512,0.0220379,30,0,0.0526197
2024-03-20 00:00:00+00:00,0.00514322,1.1244,0.817589,0.010739,0.00465595,0.231447,7.40794e-05,5.73684e-05,1.28942e-05,4.45267e-05,0.00528487,0.0461862,-0.0409013,30,0,0.0247353
2024-03-21 00:00:00+00:00,-0.00590557,1.11776,0.975034,0.0289595,0.0102742,0.506578,0.000162072,9.53995e-05,3.24976e-05,7.92606e-05,-0.00566788,-0.0124197,0.00675182,30,0,0.0474504
2024-03-22 00:00:00+00:00,0.00455994,1.12285,0.939623,0.0164071,0.01046,0.213307,6.82629e-05,4.80794e-05,8.68849e-06,3.92567e-05,0.00466263,-0.00792608,0.0125887,30,0,0.0450675
2024-03-23 00:00:00+00:00,-0.000909537,1.12183,0.990952,0.0217049,0.00958175,0.1547,4.95172e-05,5.96788e-05,6.08633e-06,4.89189e-05,-0.00081354,0.00279267,-0.00360621,30,0,0.0431495
2024-03-24 00:00:00+00:00,0.0040293,1.12635,0.858774,0.0112508,0.00668223,0.529598,0.00016952,0.00020764,2.67809e-05,8.96291e-06,0.00443159,0.0199713,-0.0155397,30,0,0.0424358
2024-03-25 00:00:00+00:00,0.00371295,1.13054,1.00045,0.0276204,0.0112574,0.582213,0.000186347,0.000321471,1.50421e-05,0.000129887,0.00412874,0.0176258,-0.0134828,29,0,0.0435173
2024-03-26 00:00:00+00:00,0.0186905,1.15167,1.18768,0.0484858,0.00698599,0.27987,8.95596e-05,0.000134534,9.04585e-06,2.81114e-05,0.0187663,0.0182496,0.000500515,29.3333,0,0.0463952
2024-03-27 00:00:00+00:00,0.00407118,1.15635,0.745837,0.0515031,0.00771544,2.50441,0.000801357,0.000768053,7.24072e-05,-5.29223e-05,0.00577563,-0.00577093,0.0115459,27.6875,0,0.0653246
2024-03-28 00:00:00+00:00,-0.00723437,1.14799,0.651986,0.0806656,0.00424568,1.34738,0.000430985,0.00037725,3.18379e-05,6.4987e-05,-0.00643776,0.00329952,-0.00973766,22.5625,0,0.0659975
2024-03-29 00:00:00+00:00,0.0069652,1.15599,0.729473,0.083978,0.00284753,1.17107,0.000374806,0.000291288,2.73996e-05,-4.50683e-05,0.00770123,0.00335783,0.0043436,21.7292,0,0.0631453
2024-03-30 00:00:00+00:00,-0.0103558,1.14401,0.840578,0.114267,0.00833829,1.14221,0.000365358,0.000225918,2.08663e-05,0.00010624,-0.00986046,-0.00573694,-0.00412347,23.8125,0,0.0613097
2024-03-31 00:00:00+00:00,0.00313479,1.1476,0.90184,0.155087,-0.000258788,1.33723,0.000427942,0.00024546,2.61427e-05,0.000129704,0.00375517,0.0184555,-0.0147003,25.1458,0,0.0582944
2024-04-01 00:00:00+00:00,0.0153949,1.16527,1.2426,0.121774,0.00251304,1.75356,0.000561375,0.000373468,5.76351e-05,9.61344e-05,0.0162489,-0.0201619,0.0366831,26.1667,0,0.0612311
2024-04-02 00:00:00+00:00,0.00165,1.16719,1.26266,0.0407308,0.00386087,2.30177,0.000736659,0.000285495,7.57996e-05,-3.8941e-05,0.00280989,-0.0416443,0.044454,28.7917,0,0.0646792
2024-04-03 00:00:00+00:00,0.0062497,1.17448,1.29897,0.0370018,0.0154183,2.2005,0.000704313,0.00015859,8.31105e-05,3.40362e-05,0.00717736,-0.00548471,0.0126557,29.9792,0,0.063909
2024-04-04 00:00:00+00:00,-0.00683417,1.16646,0.959332,0.020483,0.0182852,1.76127,0.000563561,0.000135273,5.71941e-05,6.51614e-05,-0.0061201,0.00758429,-0.0137043,28.2708,0,0.064398
2024-04-05 00:00:00+00:00,-0.00914341,1.15579,0.997451,0.00768668,0.0192879,1.33615,0.000427515,0.000123375,3.40924e-05,0.000149329,-0.00871926,-0.023138,0.0144183,27.3542,0,0.0616148
2024-04-06 00:00:00+00:00,-0.00547739,1.14946,0.911242,0.032334,0.0167805,0.953606,0.000305121,0.000126774,2.13276e-05,0.000180604,-0.00519692,0.0140597,-0.0192568,21.9792,0,0.0572593
2024-04-07 00:00:00+00:00,-0.0134925,1.13395,1.02334,0.0640986,0.0114979,1.08716,0.000347752,0.00012077,2.39173e-05,0.000241733,-0.0133061,0.00464671,-0.0179527,21.9375,0,0.0533759
2024-04-08 00:00:00+00:00,-0.00078205,1.13307,1.02664,0.114636,0.0347327,1.23246,0.000394443,0.000137387,8.05867e-05,0.000121387,-0.000250815,0.0167351,-0.0169607,27.75,0,0.0507813
2024-04-09 00:00:00+00:00,-0.00015853,1.13289,1.01026,0.0761218,0.0319233,1.1215,0.00035886,0.000145757,3.3975e-05,1.35003e-05,0.000410327,-0.0283276,0.0287379,27.6875,0,0.0494119
2024-04-10 00:00:00+00:00,0.0152713,1.15019,1.33355,0.0811027,0.0262056,0.856287,0.000274158,9.95407e-05,2.98739e-05,9.45787e-05,0.0154916,0.0118679,0.00362372,28.9583,0,0.0507354
2024-04-11 00:00:00+00:00,-0.00095097,1.14909,1.34812,0.0860023,0.0348804,1.2127,0.000387986,0.000184091,3.68665e-05,4.9288e-05,-0.0003623,-0.0133185,0.0129562,29.625,0,0.0539561
2024-04-12 00:00:00+00:00,-0.00316387,1.14546,1.02227,0.0737482,0.0296691,1.62874,0.000521686,0.000126594,0.000103225,0.000121496,-0.00247448,-0.0835052,0.0810307,29.7708,1,0.0529036
2024-04-13 00:00:00+00:00,0.0020098,1.14776,1.05851,0.0869767,0.0033,2.06975,0.000699025,0.000208373,0.000450918,0.000390988,0.00306378,-0.0613573,0.0644211,29.25,6,0.0525283
2024-04-14 00:00:00+00:00,0.0143115,1.16419,1.22022,0.0473788,1.89557e-05,0.618593,0.00019801,6.3804e-05,5.40783e-05,0.000327013,0.0142473,0.0540221,-0.0397748,28.625,0,0.0526534
2024-04-15 00:00:00+00:00,0.00214407,1.16668,1.41691,0.0495631,1.64197e-05,1.19623,0.000382806,0.0001103,0.000101227,0.00039469,0.00236877,-0.0269507,0.0293415,29.375,0,0.0549073
2024-04-16 00:00:00+00:00,-0.0172008,1.14661,1.4582,0.0330973,-0.00150214,1.07244,0.000343095,7.63361e-05,7.33036e-05,0.000348493,-0.0171565,-0.00343961,-0.0137169,30,0,0.0539302
2024-04-17 00:00:00+00:00,-0.0047386,1.14118,1.50121,0.0157426,-0.00646543,0.785017,0.000251104,3.81037e-05,4.42682e-05,5.83678e-05,-0.00442994,-0.0247951,0.0203652,30,0,0.0492835
2024-04-18 00:00:00+00:00,0.003874,1.1456,1.24677,-0.0199845,-0.0130514,0.57252,0.000183197,2.28996e-05,3.92946e-05,3.19791e-05,0.00410054,0.0255805,-0.0214799,30,0,0.0233341
2024-04-19 00:00:00+00:00,-0.011473,1.13246,1.12167,0.0178507,-0.00838959,2.13607,0.000683154,0.000209062,0.000170339,1.91953e-05,-0.0104505,0.0146105,-0.025027,29.9583,0,0.0440443
2024-04-20 00:00:00+00:00,-0.00105351,1.13127,0.563876,0.0231305,0.000638092,1.44208,0.000461488,0.00021652,8.05544e-05,3.15359e-05,-0.000304821,0.027461,-0.0277663,21.3125,0,0.0403505
2024-04-21 00:00:00+00:00,0.0021069,1.13365,0.637855,0.0423371,0.00783237,1.02659,0.00032851,8.0562e-05,3.87531e-05,9.48563e-05,0.0024708,-0.000204399,0.00267522,18.75,0,0.0389094
2024-04-22 00:00:00+00:00,-0.00973049,1.12262,0.65979,0.0569695,0.00159289,1.60827,0.000514768,0.000138609,9.41134e-05,7.20733e-05,-0.00907299,0.0102298,-0.018719,20.1667,0,0.03933
2024-04-23 00:00:00+00:00,-0.0166572,1.10392,0.540705,0.0450617,-0.00556026,0.927438,0.00029667,8.34097e-05,2.0184e-05,7.18846e-05,-0.0164475,-0.0103632,-0.00608426,20.4583,0,0.0352021
2024-04-24 00:00:00+00:00,-0.00827972,1.09478,0.607577,0.0490399,-0.00697339,0.414646,0.000132622,3.34609e-05,1.18762e-05,5.51346e-05,-0.00815473,-0.0169052,0.00875049,23.2917,0,0.0291418
2024-04-25 00:00:00+00:00,0.000312158,1.09512,0.667221,0.0403849,-0.0162625,0.28169,9.01501e-05,1.62827e-05,1.11448e-05,0.000140099,0.000301328,0.000179,0.000122329,24.1875,0,0.0277405
2024-04-26 00:00:00+00:00,-0.00254598,1.09233,0.827928,0.042159,-0.0132174,0.265696,8.50131e-05,2.69526e-05,9.19578e-06,0.000197278,-0.00261546,-0.0106398,0.00802434,25.6875,0,0.0277655
2024-04-27 00:00:00+00:00,0.00341028,1.09606,0.859063,0.0371876,-0.00664962,0.26507,8.48234e-05,1.50392e-05,1.05403e-05,0.000234728,0.00328803,0.0021686,0.00111943,27.2917,0,0.0265064
2024-04-28 00:00:00+00:00,0.00368058,1.10009,0.932033,0.0650965,-0.00107101,0.200174,6.40548e-05,1.22354e-05,5.71985e-06,0.000413817,0.00334825,-0.00229152,0.00563977,28,0,0.0273858
2024-04-29 00:00:00+00:00,-0.00504411,1.09454,0.97566,0.0824958,-0.00820444,0.666403,0.000213347,4.70133e-05,5.74134e-05,0.000329144,-0.00504847,-0.00146207,-0.00369413,28.8542,0,0.0295324
2024-04-30 00:00:00+00:00,0.0206361,1.11713,1.11258,0.0873008,-0.00922931,0.630783,0.000201942,4.28548e-05,2.44737e-05,0.000163457,0.0205951,-0.0243149,0.04491,30,0,0.0304632
2024-05-01 00:00:00+00:00,-8.6715e-05,1.11703,0.989307,0.0867326,-0.00736776,0.289465,9.2654e-05,2.18832e-05,1.73431e-05,0.00018152,-0.00011567,0.00383105,-0.00394672,30,0,0.0167595
2024-05-02 00:00:00+00:00,-0.0066432,1.10961,0.977716,0.0968218,0.00311638,0.123119,3.9363e-05,4.92037e-06,6.30717e-06,0.000115275,-0.00670989,0.00311174,-0.00982163,30,0,0.0169254
2024-05-03 00:00:00+00:00,-0.00817185,1.10054,0.871058,0.0926514,0.000677612,0.251424,8.04207e-05,1.00526e-05,1.11073e-05,0.000140219,-0.0082248,0.0171265,-0.0253513,30,0,0.0146044
2024-05-04 00:00:00+00:00,-0.015596,1.08338,0.872169,0.0770578,-0.00745564,0.436069,0.000139384,1.7423e-05,3.65425e-05,0.000102004,-0.0155875,-0.00214099,-0.0134465,30,0,0.0228087
2024-05-05 00:00:00+00:00,0.00584488,1.08971,0.713882,0.054928,-0.00843415,0.172665,5.52558e-05,6.90697e-06,8.13115e-06,7.62079e-06,0.00590291,0.00640356,-0.000500644,30,0,0.0168993
2024-05-06 00:00:00+00:00,0.00424677,1.09434,0.66733,0.0597474,0.0105677,0.314671,0.00010079,1.25988e-05,2.73092e-05,6.32816e-05,0.0043244,-0.00268575,0.00733503,29.9375,0,0.0176945
2024-05-07 00:00:00+00:00,0.00800055,1.1031,0.724184,0.0675675,0.00951768,0.213668,6.83937e-05,9.3722e-06,8.0494e-06,3.35078e-05,0.00802807,-0.00603349,0.0140616,30,0,0.0214727
2024-05-08 00:00:00+00:00,0.0172405,1.12211,0.806663,0.0499941,0.000802511,0.357047,0.000114408,1.55932e-05,2.05821e-05,3.1853e-05,0.0172396,0.0051058,0.0121338,30,0,0.0266966
2024-05-09 00:00:00+00:00,-0.0023472,1.11948,0.840831,0.0348202,-0.0106271,0.0731975,2.34273e-05,3.76362e-06,3.16338e-06,7.22929e-06,-0.00230908,0.013215,-0.0155241,30,0,0.0157684
2024-05-10 00:00:00+00:00,-0.00154448,1.11775,1.09868,0.0683574,-0.0104792,0.671349,0.00021481,4.68405e-05,3.06135e-05,4.05575e-05,-0.00127542,-0.0236956,0.0224202,30,0,0.0311647
2024-05-11 00:00:00+00:00,0.00251493,1.12056,0.989117,0.0621227,-0.0108273,0.104604,3.34734e-05,4.31278e-06,4.51779e-06,2.18393e-06,0.00256153,0.00199901,0.00056252,30,0,0.0145208
2024-05-12 00:00:00+00:00,0.00134022,1.12206,0.947652,0.0803209,-0.00351012,0.0688915,2.20457e-05,2.75572e-06,2.08224e-06,8.77973e-06,0.00136001,-0.000118452,0.00147846,30,0,0.0143395
2024-05-13 00:00:00+00:00,-0.00402198,1.11755,0.869205,0.105866,0.00389713,0.401947,0.000128371,2.98163e-05,3.65432e-05,0.000104225,-0.00391134,0.00255312,-0.00651719,28.6667,0,0.0151007
2024-05-14 00:00:00+00:00,-0.00924237,1.10722,1.02527,0.148705,0.00418997,0.313085,0.00010015,2.60619e-05,1.83281e-05,0.000381627,-0.00949413,-0.026013,0.0165188,29,0,0.0279523
2024-05-15 00:00:00+00:00,0.00692363,1.11489,0.95576,0.115749,0.0109107,0.208322,6.66349e-05,1.09774e-05,1.12298e-05,0.000393455,0.00661848,0.0373125,-0.030694,29,0,0.0127768
2024-05-16 00:00:00+00:00,0.0120371,1.12831,0.968458,0.104592,-0.000344325,0.323923,0.000103758,2.74227e-05,1.90829e-05,0.000144758,0.0119913,0.000710973,0.0112803,29.4792,0,0.0286379
2024-05-17 00:00:00+00:00,0.00375442,1.13254,1.14055,0.109729,-0.000752212,0.217608,6.96206e-05,9.18353e-06,9.42858e-06,0.00010311,0.00375401,0.0195589,-0.0158049,30,0,0.0297279
2024-05-18 00:00:00+00:00,0.00671626,1.14015,1.20397,0.096113,-0.0164658,0.260676,8.34449e-05,2.20472e-05,9.99312e-06,4.22441e-05,0.00679402,0.00275578,0.00403824,30,0,0.0310284
2024-05-19 00:00:00+00:00,0.00656422,1.14763,1.2201,0.0931041,-0.0329742,0.1728,5.53073e-05,2.19485e-05,6.38006e-06,-2.00383e-05,0.0066594,-0.0118645,0.0185239,30,0,0.0342399
2024-05-20 00:00:00+00:00,-0.00480185,1.14212,1.10633,0.0820629,-0.0337118,1.08331,0.000346293,0.000189067,5.44414e-05,2.08907e-05,-0.00418654,0.0479404,-0.0520565,29.875,0,0.0348204
2024-05-21 00:00:00+00:00,-0.0135458,1.12665,0.920694,0.0545998,-0.0102369,0.48496,0.000155184,6.63761e-05,1.73456e-05,3.04481e-05,-0.0134007,-0.00724416,-0.00615655,30,0,0.0349433
2024-05-22 00:00:00+00:00,-0.0194346,1.10476,0.979207,0.0397496,-0.00201671,0.251857,8.40579e-05,2.5731e-05,1.48641e-05,4.48814e-05,-0.0195049,-0.0147099,-0.00479503,30,1,0.0309253
2024-05-23 00:00:00+00:00,0.016002,1.12243,0.994739,0.00999577,0.00387848,0.188805,6.0489e-05,1.73951e-05,9.63143e-06,4.11052e-05,0.0159663,0.00329205,0.0126742,30,0,0.0279526
2024-05-24 00:00:00+00:00,-0.00449218,1.11739,0.961349,-0.00122556,0.00364008,0.194135,6.20498e-05,1.52949e-05,1.08214e-05,2.77629e-05,-0.00441796,-0.00499359,0.000575624,30,0,0.0312415
2024-05-25 00:00:00+00:00,-0.00925636,1.10705,0.973612,-0.0013547,0.00851635,0.0762388,2.43991e-05,8.41553e-06,2.95113e-06,3.57273e-05,-0.00928111,0.00462954,-0.0139106,30,0,0.0289924
2024-05-26 00:00:00+00:00,0.0102924,1.11844,0.848875,0.0116171,0.0197772,0.154258,4.93863e-05,1.46348e-05,8.17685e-06,3.66138e-05,0.0102829,7.86618e-05,0.0102043,30,0,0.00963993
2024-05-27 00:00:00+00:00,-0.00772836,1.1098,0.766616,0.00626559,0.00671399,0.135391,4.33203e-05,1.26956e-05,4.08888e-06,7.08451e-05,-0.00775682,0.0079554,-0.0157532,29,0,0.0123521
2024-05-28 00:00:00+00:00,-0.00402059,1.10534,0.744758,0.00520706,0.00490424,0.046052,1.48872e-05,6.48626e-06,1.38461e-06,0.000102,-0.00410213,-0.00702057,0.00291844,28.0417,1,0.00994933
2024-05-29 00:00:00+00:00,-0.00564037,1.0991,0.709454,0.0168058,0.00980477,0.0352752,1.1283e-05,1.54168e-06,1.07078e-06,2.96489e-05,-0.00566488,-0.00539077,-0.00027411,28,0,0.00472044
2024-05-30 00:00:00+00:00,-0.000117584,1.09897,0.647863,0.0238515,0.0108956,0.0689501,2.20579e-05,5.0437e-06,2.40494e-06,-1.52038e-05,-6.53462e-05,-0.00431306,0.00424771,28,0,4.90772e-05
2024-05-31 00:00:00+00:00,0.00307013,1.10235,0.605859,0.0221065,0.0146561,0.0120765,3.8643e-06,1.69729e-06,2.28934e-07,9.21072e-06,0.0030643,0.000868932,0.00219537,28,0,0
2024-06-01 00:00:00+00:00,0.000636717,1.10305,0.58933,0.0187983,0.00410345,0.0137257,4.39205e-06,1.95516e-06,3.60165e-07,1.32648e-05,0.000631293,0.00190406,-0.00127277,28,0,0
2024-06-02 00:00:00+00:00,-0.000788679,1.10218,0.579888,0.0204996,0.0071826,0.026246,8.90725e-06,1.21865e-06,8.2203e-07,1.45371e-05,-0.00079085,-0.00517782,0.00438697,27.0417,1,0
2024-06-03 00:00:00+00:00,-0.00192194,1.10006,0.463248,-0.00954467,-0.00901408,0.127182,4.06768e-05,1.53784e-05,1.55584e-05,3.45736e-05,-0.00188478,0.00155915,-0.00326055,27,0,0
2024-06-04 00:00:00+00:00,-0.00139993,1.09852,0.457668,-0.00424745,-0.00716862,0.00722725,2.31355e-06,2.89194e-07,4.12262e-07,1.61294e-05,-0.00141218,0.0054967,-0.00690888,27,0,0
2024-06-05 00:00:00+00:00,0.000108511,1.09864,0.464846,-0.00155347,-0.00303214,0.00883574,2.82622e-06,3.53277e-07,3.03935e-07,3.34751e-05,8.07375e-05,0.00395125,-0.00387051,27,0,0.000156814
2024-06-06 00:00:00+00:00,-0.000807695,1.09775,0.459986,0.00399299,0.00473425,0.00672599,2.15203e-06,2.69004e-07,7.94434e-08,9.19043e-06,-0.000813243,-0.00326784,0.0024546,27,0,0.00222842
2024-06-07 00:00:00+00:00,0.000708765,1.09853,0.428335,0.0224711,0.00755957,0.0932927,2.98648e-05,3.7331e-06,2.52756e-06,1.27719e-05,0.000734855,-0.0113861,0.012121,27.7917,0,0.00745125
2024-06-08 00:00:00+00:00,-0.00227186,1.09604,0.420072,0.0379826,0.00361159,0.0386024,1.23521e-05,1.54402e-06,1.84819e-06,2.22493e-05,-0.00227977,-0.00486016,0.00258039,28,0,0.0130873
2024-06-09 00:00:00+00:00,-0.000330068,1.09567,0.436736,0.0357008,0.00335356,0.007247,2.31924e-06,2.89905e-07,1.8534e-07,1.91288e-05,-0.000345367,0.00195091,-0.00229628,28.5208,0,0.012385
2024-06-10 00:00:00+00:00,-0.00166433,1.09385,0.438382,0.0360753,0.00433651,0.0653652,2.09093e-05,2.61366e-06,5.08846e-06,9.35659e-06,-0.00164411,-0.00541069,0.00374892,27,0,0.00866353
2024-06-11 00:00:00+00:00,-0.00366318,1.08984,0.386366,0.0273358,0.00493225,0.0500748,1.60165e-05,2.00206e-06,1.48124e-06,3.39339e-05,-0.00368207,-0.0121394,0.00845729,27,0,0.00317711
2024-06-12 00:00:00+00:00,0.00239633,1.09246,0.364562,0.0193846,0.0073222,0.029202,9.34449e-06,1.16806e-06,1.29357e-06,1.98763e-05,0.00238718,0.00839083,-0.00600365,27,0,0.000341492
2024-06-13 00:00:00+00:00,0.000408323,1.0929,0.343532,0.00857517,0.00497285,0.00242297,7.75249e-07,9.69061e-08,8.44872e-08,1.17888e-05,0.000398142,-0.00786266,0.0082608,27,0,0.000280384
2024-06-14 00:00:00+00:00,0.00122995,1.09425,0.3368,0.00890113,0.00386079,0.00389107,1.24559e-06,1.55699e-07,1.71543e-07,1.66156e-05,0.0012152,-0.00239257,0.00360777,27,0,0.00166068
2024-06-15 00:00:00+00:00,0.00142854,1.09581,0.338719,0.00667286,-0.00135607,0.0042077,1.34634e-06,1.68293e-07,1.58345e-07,2.26881e-05,0.00140725,0.00409976,-0.00269252,27,0,0.00394475
2024-06-16 00:00:00+00:00,0.00171462,1.09769,0.338805,0.00764978,0.0017553,0.0107303,3.43401e-06,4.29252e-07,1.97327e-07,2.24034e-05,0.00169527,0.0031609,-0.00146562,27,0,0.00295299
2024-06-17 00:00:00+00:00,-0.00093293,1.09666,0.319164,-0.000603024,-0.00473024,0.0321939,1.03043e-05,2.99865e-06,1.28335e-06,1.24649e-05,-0.0009295,-0.00860581,0.00764138,26,0,0.00205181
2024-06-18 00:00:00+00:00,0.00137051,1.09817,0.282704,0.00489971,-0.00208045,0.0189704,6.51492e-06,9.06851e-07,1.01169e-06,1.36173e-06,0.00137808,-0.00618348,0.00756155,25.2917,1,0.00325352
2024-06-19 00:00:00+00:00,0.000133203,1.09831,0.291481,0.00836927,0.000815763,0.00848322,2.71466e-06,3.4239e-07,5.90655e-07,-1.32142e-05,0.000150889,0.00157576,-0.00142487,27,0,0.00677765
2024-06-20 00:00:00+00:00,-0.000215647,1.09808,0.291521,0.00825516,0.000852266,0.0227548,7.28097e-06,9.10121e-07,1.33956e-06,9.50118e-06,-0.000214742,-0.000813164,0.000598422,27.3542,0,0.00814977
2024-06-21 00:00:00+00:00,0.000617765,1.09875,0.301612,0.00705499,-0.000934608,0.0133483,4.271e-06,7.25601e-07,7.23294e-07,7.3765e-06,0.000616781,-0.000532893,0.00114967,28,0,0.00897612
2024-06-22 00:00:00+00:00,0.000977525,1.09983,0.305783,0.00856696,0.000830314,0.0141379,4.52511e-06,5.65639e-07,6.85262e-07,7.86596e-06,0.000976018,-0.000337671,0.00131369,28,0,0.00774374
2024-06-23 00:00:00+00:00,0.000325588,1.10019,0.312397,0.00796725,-0.00112433,0.00440077,1.40828e-06,3.10038e-06,1.6883e-07,4.74695e-06,0.000326015,-0.00398677,0.00431278,28,0,0.00910008
2024-06-24 00:00:00+00:00,0.0044625,1.1051,0.242592,0.00258256,-2.56757e-05,0.0850922,2.72223e-05,5.32285e-06,6.74467e-06,1.49246e-07,0.00449392,0.00194575,0.00264102,24.3958,0,0.00797668
2024-06-25 00:00:00+00:00,-0.000234447,1.10484,0.248076,0.00208373,0.00171957,0.00448647,1.43518e-06,1.79398e-07,1.05711e-07,-1.49089e-06,-0.000230048,0.00335251,-0.00358256,25,0,0.00516662
2024-06-26 00:00:00+00:00,0.00201669,1.10707,0.275206,0.00841049,-0.00160696,0.0390256,1.24864e-05,1.5608e-06,3.31517e-06,2.59521e-05,0.00200729,-0.000303503,0.00231079,26,0,0.00983712
2024-06-27 00:00:00+00:00,0.001543,1.10877,0.277267,0.00983107,0.000481781,0.023247,7.44024e-06,9.3003e-07,1.08317e-06,1.59337e-05,0.00153668,0.00546469,-0.00392801,26.9167,0,0.00475208
2024-06-28 00:00:00+00:00,-0.00330493,1.10511,0.277387,0.00894951,0.00013485,0.00446127,1.42769e-06,1.78461e-07,1.34059e-07,8.16886e-06,-0.00331559,-0.00763061,0.00431502,28,0,0.00727725
2024-06-29 00:00:00+00:00,-0.00205942,1.10283,0.272264,0.00998158,0.0044782,0.00434687,1.39073e-06,1.73842e-07,1.41365e-07,7.08517e-06,-0.00206646,-0.000890734,-0.00117572,28,0,0.00105657
2024-06-30 00:00:00+00:00,0.000932032,1.10386,0.269153,0.0118633,0.00564449,0.00226009,7.23085e-07,9.03856e-08,6.89357e-08,1.58109e-05,0.000917294,0.00439782,-0.00348053,28,0,0
2024-07-01 00:00:00+00:00,0.00201666,1.10609,0.272432,0.0125319,0.00405565,0.00298231,9.54491e-07,1.19311e-07,8.24277e-08,1.73299e-05,0.00199928,0.000922354,0.0010771,26,0,0
2024-07-02 00:00:00+00:00,0.000814959,1.10699,0.268787,0.0117434,0.00515421,0.00404509,1.2949e-06,2.38459e-07,2.13097e-07,5.24844e-06,0.000812082,0.00104934,-0.000237254,26,0,0.000885374
2024-07-03 00:00:00+00:00,-0.00128392,1.10557,0.257103,0.00927755,0.00519211,0,0,0,0,-7.63348e-07,-0.00128301,-0.00893385,0.00765084,26,0,0.00361302
2024-07-04 00:00:00+00:00,0.00152029,1.10725,0.230635,-0.0011366,-0.00177861,0.0110875,5.54275e-06,3.50262e-06,5.16301e-07,6.65604e-07,0.00152891,-0.00950104,0.01103,25.0625,1,0.00184063
2024-07-05 00:00:00+00:00,0.00130077,1.10869,0.202263,0.000512661,-0.000912764,0.0537879,2.03631e-05,3.20199e-06,6.01317e-06,-3.44242e-06,0.00133407,-0.00103446,0.00236853,23.1042,3,0.00286914
2024-07-06 00:00:00+00:00,-0.000715283,1.1079,0.208931,0.00077281,7.79352e-05,0.00203599,6.5112e-07,8.13899e-08,1.68063e-07,1.94925e-06,-0.000715883,0.00613335,-0.00684923,23,0,0.00318641
2024-07-07 00:00:00+00:00,0.000357556,1.10829,0.209871,0.00104141,-0.000332321,0.00202522,6.47784e-07,8.0973e-08,2.67391e-07,-1.26518e-06,0.000360399,-0.00726201,0.00762241,23.375,0,0.00400533
2024-07-08 00:00:00+00:00,0.00295494,1.11157,0.205176,0.00230362,0.00108206,0.00773893,2.47692e-06,7.64314e-07,3.8061e-07,3.23873e-07,0.00295485,0.00518704,-0.00221842,23,0,0.00579542
2024-07-09 00:00:00+00:00,-0.000727741,1.11076,0.207413,-3.21816e-05,-0.0020954,0.0101308,3.24222e-06,4.05278e-07,6.96048e-07,-1.13312e-06,-0.000722079,0.00168861,-0.00241069,24.2083,0,0.00581872
2024-07-10 00:00:00+00:00,0.000814146,1.11166,0.214647,0.000779092,-0.00102986,0.00477138,1.52707e-06,1.90884e-07,1.99445e-07,4.19872e-06,0.000812032,0.00145323,-0.000641194,25.7917,0,0.00779586
2024-07-11 00:00:00+00:00,-0.0018841,1.10957,0.22229,0.00149936,-0.000215505,0.0228902,7.32595e-06,1.61555e-06,1.30789e-06,-5.04482e-06,-0.00186991,-0.00382419,0.00195428,26.4792,0,0.00838698
2024-07-12 00:00:00+00:00,-0.00108162,1.10837,0.232646,0.00251705,0.00196725,0.0122966,3.93355e-06,4.91694e-07,5.28747e-07,-4.74647e-06,-0.00107182,0.00275729,-0.00382911,27,0,0.00838931
2024-07-13 00:00:00+00:00,-0.00262547,1.10546,0.242295,-0.00119863,0.00179832,0.0379843,1.21529e-05,1.51912e-06,1.32106e-06,5.43575e-06,-0.00261842,0.000115266,-0.00273369,27,0,0.00734187
2024-07-14 00:00:00+00:00,0.00119066,1.10677,0.234478,-0.00543631,-0.00199329,0.00890984,2.85141e-06,3.56426e-07,3.92066e-07,1.41443e-05,0.0011808,0.00386889,-0.0026881,27,0,0.00594552
2024-07-15 00:00:00+00:00,-0.00162924,1.10497,0.260989,0.00897802,-0.00823679,0.0829438,2.65443e-05,4.76083e-06,3.91536e-06,8.34094e-06,-0.0016011,0.0119741,-0.0135803,25.7292,0,0.0129403
2024-07-16 00:00:00+00:00,-0.00328762,1.10134,0.274263,0.0155087,-0.00523072,0.0136016,4.3508e-06,1.57292e-06,5.47371e-07,1.03085e-05,-0.00329448,-0.000250801,-0.00304367,28,0,0.00758159
2024-07-17 00:00:00+00:00,0.000946476,1.10238,0.275469,0.0157707,-0.00219369,0.00206826,6.62109e-07,8.27636e-08,1.0321e-07,3.68185e-05,0.000911136,-0.00214769,0.00305883,28,0,0.00404484
2024-07-18 00:00:00+00:00,-0.000631043,1.10168,0.269062,0.0135121,-0.0018169,0.00634839,2.03138e-06,2.53922e-07,2.75095e-07,1.57583e-05,-0.000643468,-0.000532856,-0.000110612,28,0,0.00436629
2024-07-19 00:00:00+00:00,-0.000791811,1.10081,0.267998,0.0119656,-7.95071e-05,0.00463114,1.4821e-06,1.85263e-07,1.56907e-07,2.8405e-06,-0.000792257,0.00573909,-0.00653134,28,0,0.00193727
2024-07-20 00:00:00+00:00,-0.00136405,1.09931,0.270522,0.0128942,0.00249416,0.0124347,3.97699e-06,4.97124e-07,2.38662e-07,4.08668e-06,-0.00136325,0.00120134,-0.00256459,28,0,0.00208747
2024-07-21 00:00:00+00:00,0.000122289,1.09944,0.26397,0.00949804,0.00244178,0.0247685,7.925e-06,9.90624e-07,6.13111e-07,6.07659e-06,0.000126571,0.00388743,-0.00376086,28.1875,0,4.353e-06
2024-07-22 00:00:00+00:00,-0.00178679,1.09748,0.256478,0.00884794,0.00497626,0.00858975,3.99026e-06,7.57501e-07,3.68561e-07,9.41858e-06,-0.00179193,-0.00556637,0.00377567,27.7917,1,0
2024-07-23 00:00:00+00:00,0.00170187,1.09935,0.238463,0.0105459,0.0097193,0.00952647,3.04911e-06,3.81139e-07,5.64369e-07,1.838e-05,0.00168728,-0.00190241,0.0035897,27,0,0
2024-07-24 00:00:00+00:00,0.00131809,1.1008,0.22941,0.00764935,0.0053431,0.00930814,2.97893e-06,5.64887e-07,3.40863e-07,1.82092e-05,0.00130356,-0.000794763,0.00209832,27.9167,0,0
2024-07-25 00:00:00+00:00,-0.00111572,1.09957,0.214479,0.00437192,0.00252382,0.00212615,6.80411e-07,8.50513e-08,8.96648e-08,4.6553e-06,-0.00111953,-0.00348934,0.00236981,28,0,0
2024-07-26 00:00:00+00:00,-0.000705644,1.09879,0.223369,0.00376939,0.000704055,0,0,0,0,1.12081e-05,-0.000716558,0.00516477,-0.00588133,28,0,0
2024-07-27 00:00:00+00:00,0.00129576,1.10022,0.227171,0.00420434,0.000580547,0.00808237,2.58645e-06,3.23306e-07,3.28172e-07,7.29288e-06,0.00129169,0.000475567,0.000816125,28.1667,0,0
2024-07-28 00:00:00+00:00,0.00228922,1.10274,0.227396,0.00370167,0.00028869,0,0,0,0,-7.21817e-06,0.0022943,0.00102312,0.00127117,29,0,0
2024-07-29 00:00:00+00:00,0.00283853,1.10587,0.214174,0.00260824,-0.00063787,0.025298,8.09761e-06,2.85299e-06,9.82607e-07,-3.03592e-06,0.00285052,0.00114188,0.00170594,26,0,0
2024-07-30 00:00:00+00:00,6.1626e-05,1.10593,0.195533,0.00458334,0.00121154,0.0176164,5.63725e-06,7.41418e-07,4.60255e-07,-1.71774e-05,8.61784e-05,-0.0014871,0.00157328,26,0,0
2024-07-31 00:00:00+00:00,-0.000181747,1.10573,0.187293,-0.000241613,-0.00150845,0.0133765,4.28101e-06,5.35126e-07,4.93937e-07,-3.353e-06,-0.000172839,-0.00286136,0.00268853,26.7708,0,0
2024-08-01 00:00:00+00:00,0.000941041,1.10677,0.183852,-0.000119538,-0.00165302,0.00801091,2.56384e-06,3.20479e-07,3.28682e-07,-4.35562e-07,0.000944715,-0.000802842,0.00174756,28,0,0
2024-08-02 00:00:00+00:00,-0.000738141,1.10596,0.178139,0.00245342,0.00115755,0.0106448,3.4061e-06,5.15303e-07,3.43975e-07,6.64916e-07,-0.000734248,-0.00733427,0.00660002,28,0,0
2024-08-03 00:00:00+00:00,-0.000410949,1.1055,0.16684,0.00282804,-0.000756816,0.00415147,1.32848e-06,1.6606e-07,1.93332e-07,4.73622e-06,-0.000413798,-0.00379592,0.00338212,28,0,0
2024-08-04 00:00:00+00:00,-0.00063397,1.1048,0.154857,0.00317086,-0.000209118,0.0203707,6.86308e-06,9.30027e-07,8.57562e-07,7.13493e-06,-0.000632338,-0.00497722,0.00434488,27.7083,1,0
2024-08-05 00:00:00+00:00,0.000465829,1.10532,0.0816305,0.00158547,-0.00137304,0.0777672,2.78456e-05,4.09667e-06,4.16811e-06,1.25399e-05,0.000490184,-0.00545516,0.00594534,22.4375,6,0
2024-08-06 00:00:00+00:00,-0.00197687,1.10313,0.0850601,0.000868472,-0.00138568,0.00213948,6.84745e-07,8.55931e-08,1.62176e-07,2.61811e-05,-0.00200381,0.00164175,-0.00364556,22,0,0
2024-08-07 00:00:00+00:00,-0.00054879,1.10253,0.0831847,0.00288623,0.000841908,0.00222192,7.10869e-07,8.88586e-08,1.29975e-07,1.2299e-05,-0.00056001,-0.00128001,0.00072,22,0,0
2024-08-08 00:00:00+00:00,-0.000383766,1.1021,0.0834691,0.0029945,0.000654364,0.00649216,2.07725e-06,2.59656e-07,2.61201e-07,1.1382e-05,-0.000392402,0.00511628,-0.00550868,22,0,0
2024-08-09 00:00:00+00:00,-0.000208449,1.10187,0.0857356,0.000758561,-0.00133038,0,0,0,0,1.11681e-05,-0.000219512,-0.00125777,0.00103826,22,0,0
2024-08-10 00:00:00+00:00,-0.000529749,1.10129,0.0854926,0.00095554,-0.00122211,0.00203268,6.50555e-07,8.13194e-08,1.82595e-07,7.81316e-06,-0.000536602,2.02884e-05,-0.000556891,22,0,0
2024-08-11 00:00:00+00:00,0.000627152,1.10198,0.083483,0.00220926,0.000649541,0.00202651,6.48492e-07,8.10614e-08,6.14385e-08,9.33418e-06,0.000618491,-0.00241002,0.00302851,22,0,0
2024-08-12 00:00:00+00:00,-0.00105375,1.10082,0.0833122,0.000990666,-0.000666157,0.00810156,2.7859e-06,3.88634e-07,4.78511e-07,3.96858e-06,-0.00105443,0.00197629,-0.00302605,20.1875,1,0
2024-08-13 00:00:00+00:00,-0.000412652,1.10036,0.0862389,0.00481458,0.00290301,0.00423156,1.35402e-06,5.26883e-07,1.59152e-07,2.12067e-06,-0.000412655,-0.000292773,-0.000119882,21,0,0
2024-08-14 00:00:00+00:00,0.000375488,1.10078,0.0829019,0.00440834,0.00237956,0,0,0,0,4.87077e-06,0.000370629,-0.00106232,0.00143295,21,0,0
2024-08-15 00:00:00+00:00,6.14023e-05,1.10084,0.0803361,0.00430446,0.00206132,0.00224127,7.1722e-07,4.46816e-07,6.0757e-08,1.48936e-06,6.12092e-05,-0.00136757,0.00142878,21,0,0
2024-08-16 00:00:00+00:00,-0.000179112,1.10065,0.0764449,0.00263022,-9.82693e-05,0,0,0,0,6.14076e-06,-0.000185193,-0.000419893,0.0002347,21,0,0.000557872
2024-08-17 00:00:00+00:00,-0.000198742,1.10043,0.0766085,0.00233026,-0.00104144,0,0,0,0,1.04053e-05,-0.000209096,0.000537089,-0.000746185,21,0,0.00297986
2024-08-18 00:00:00+00:00,0.000154967,1.1006,0.0776597,0.00221491,-0.0014036,0,0,0,0,1.11916e-05,0.000143802,-0.000252516,0.000396319,21,0,0.00399959
2024-08-19 00:00:00+00:00,-0.000214013,1.10036,0.0754667,0.00605643,0.00222448,0.0104171,3.33384e-06,4.1673e-07,4.52845e-07,1.25603e-05,-0.000222225,0.000833663,-0.00105667,20,0,0.00419564
2024-08-20 00:00:00+00:00,-0.000377739,1.09995,0.0770747,0.00476478,0.000721276,0,0,0,0,4.74827e-06,-0.000382459,-5.24697e-05,-0.000329989,20,0,0.00303799
2024-08-21 00:00:00+00:00,-0.000969361,1.09888,0.0775144,0.00449487,5.32454e-06,0.00303374,9.70485e-07,1.21311e-07,1.74902e-07,2.49073e-06,-0.000970912,0.00072458,-0.00169549,20.1458,0,0.00226161
2024-08-22 00:00:00+00:00,-0.000544227,1.09828,0.0826669,0.00728336,0.00149913,0.00202111,6.46621e-07,8.08277e-08,8.7591e-08,-3.23421e-06,-0.000540264,-7.92142e-05,-0.00046105,21,0,0.00325509
2024-08-23 00:00:00+00:00,0.000151209,1.09845,0.0840904,0.00953582,0.00389792,0.00738288,2.36227e-06,4.79482e-07,2.8622e-07,1.17777e-06,0.000153474,0.00393514,-0.00378166,21,0,3.28894e-05
2024-08-24 00:00:00+00:00,-0.000377473,1.09804,0.0844169,0.00909718,0.00500651,0.00258751,8.46474e-07,1.92526e-07,7.93883e-08,3.02083e-06,-0.000379203,0.000572316,-0.000951519,20.5,1,0
2024-08-25 00:00:00+00:00,-0.000294168,1.09771,0.0817297,0.00720344,0.00383322,0.00210014,6.72005e-07,8.40006e-08,9.71555e-08,-1.86148e-07,-0.000293108,-0.001137,0.000843892,20.0417,0,0.00156834
2024-08-26 00:00:00+00:00,-8.17586e-05,1.09762,0.0798375,0.0083501,0.00735703,0.0164794,5.27344e-06,2.53794e-06,1.01952e-06,-3.75138e-06,-6.90867e-05,-0.00211704,0.00203617,20,0,0.004055
2024-08-27 00:00:00+00:00,-0.000989987,1.09654,0.0766759,0.00799165,0.00704408,0,0,0,0,-1.80101e-06,-0.000988506,-0.00304961,0.0020611,20,0,0.00261736
2024-08-28 00:00:00+00:00,0.00045278,1.09703,0.072424,0.00771264,0.00661019,0,0,0,0,4.9647e-08,0.000452745,5.89343e-07,0.000452156,20,0,5.40432e-05
2024-08-29 00:00:00+00:00,-9.11341e-06,1.09702,0.0726818,0.00802119,0.00610918,0,0,0,0,-6.40832e-07,-8.39935e-06,-0.000111055,0.000102656,20,0,0
2024-08-30 00:00:00+00:00,3.77532e-05,1.09706,0.0715035,0.00775764,0.0063471,0,0,0,0,-1.26413e-06,3.9124e-05,0.000218008,-0.000178884,20,0,0
2024-08-31 00:00:00+00:00,-0.000314084,1.09672,0.0715278,0.00782238,0.00672689,0,0,0,0,-2.96027e-08,-0.00031407,-0.000691001,0.000376931,20,0,0.000161681
2024-09-01 00:00:00+00:00,-0.000446484,1.09623,0.0696726,0.00750689,0.00652653,0,0,0,0,-1.35728e-06,-0.000445145,-0.00205162,0.00160647,20,0,0
2024-09-02 00:00:00+00:00,0.00022825,1.09648,0.0612054,-0.000822352,-0.00223196,0.0205068,6.563e-06,6.75188e-06,1.19598e-06,-3.24781e-06,0.000246075,0.00199674,-0.00176461,18,0,0
2024-09-03 00:00:00+00:00,-0.000432891,1.096,0.0637661,0.000731239,-0.000989683,0,0,0,0,-3.70627e-06,-0.000429197,-0.0016207,0.0011915,18,0,0
2024-09-04 00:00:00+00:00,0.000904152,1.097,0.0606979,-0.000375438,-0.00136852,0.00211639,6.77379e-07,8.46724e-08,1.38944e-07,-1.38402e-06,0.000906187,0.00113829,-0.000232105,18,0,0
2024-09-05 00:00:00+00:00,-0.000141378,1.09684,0.0599362,-0.000752291,-0.00169394,0,0,0,0,-1.64255e-06,-0.000139719,-0.000925697,0.000785978,18,0,6.17693e-05
2024-09-06 00:00:00+00:00,0.000337146,1.09721,0.0586165,-0.000756986,-0.00101023,0,0,0,0,-3.51009e-06,0.00034065,-0.000824326,0.00116498,18,0,0
2024-09-07 00:00:00+00:00,0.000117738,1.09734,0.0582308,-0.000466881,-0.00025489,0,0,0,0,-2.33639e-06,0.000120105,0.000600899,-0.000480794,18,0,0
2024-09-08 00:00:00+00:00,-0.000409367,1.09689,0.058992,-0.000586102,-0.00045777,0,0,0,0,2.00295e-06,-0.000411403,0.000422717,-0.00083412,18,0,0
2024-09-09 00:00:00+00:00,-0.000566294,1.09627,0.0553009,-0.00326522,-0.0060898,0.00506432,1.62041e-06,2.02551e-07,4.64443e-07,4.55544e-07,-0.000564529,0.00078992,-0.0013501,16,0,0
2024-09-10 00:00:00+00:00,-0.000207466,1.09604,0.0567716,-0.00369724,-0.00691103,0,0,0,0,2.26563e-06,-0.000209715,0.000242985,-0.0004527,16,0,0
2024-09-11 00:00:00+00:00,0.000278113,1.09635,0.0561084,-0.00347089,-0.0067159,0,0,0,0,2.91796e-06,0.000275251,-0.000416896,0.000692147,16,0,0
2024-09-12 00:00:00+00:00,0.000111193,1.09647,0.0584137,-0.00238088,-0.00709163,0.00969732,3.10496e-06,1.57976e-06,3.05249e-07,1.21719e-07,0.000116326,0.000882762,-0.000766435,16.4792,0,0
2024-09-13 00:00:00+00:00,-0.0010829,1.09528,0.0603495,-0.00187965,-0.00838161,0,0,0,0,1.46723e-05,-0.00109801,0.000280469,-0.00137848,17,0,0
2024-09-14 00:00:00+00:00,0.000303837,1.09561,0.0612415,-0.00231759,-0.00986837,0,0,0,0,1.2806e-05,0.000291036,-0.0001033,0.000394336,17,0,0
2024-09-15 00:00:00+00:00,0.000750267,1.09644,0.0608041,-0.00173455,-0.00911083,0,0,0,0,1.83345e-06,0.000748222,-0.000596954,0.00134518,17,0,0.000460948
2024-09-16 00:00:00+00:00,0.000396007,1.09687,0.0586644,-0.00113351,-0.00690538,0,0,0,0,-5.9226e-07,0.00039657,-9.62779e-05,0.000492848,17,0,0.00222907
2024-09-17 00:00:00+00:00,-2.98579e-05,1.09684,0.0594222,-0.000984658,-0.00641454,0,0,0,0,-1.23643e-07,-2.96362e-05,0.000526199,-0.000555835,17,0,0.00316314
2024-09-18 00:00:00+00:00,-0.000332681,1.09647,0.0593897,-0.00109655,-0.00670303,0,0,0,0,6.46108e-06,-0.000339094,0.000651003,-0.000990097,17,0,0.00582588
2024-09-19 00:00:00+00:00,-8.80975e-05,1.09638,0.065243,0.00117897,-0.00393425,0.00278026,8.89685e-07,1.11211e-07,2.08581e-07,1.79081e-05,-0.000104589,0.00111758,-0.00122217,17,0,0.00578194
2024-09-20 00:00:00+00:00,0.00028645,1.09669,0.0670359,0.00154045,-0.00487163,0,0,0,0,7.65236e-06,0.000278921,0.000742086,-0.000463166,17,0,0.00269341
2024-09-21 00:00:00+00:00,-6.0834e-05,1.09662,0.0670916,0.0016112,-0.00478534,0,0,0,0,8.02282e-06,-6.87739e-05,0.000470207,-0.000538981,17,0,0.00180758
2024-09-22 00:00:00+00:00,0.000695068,1.09739,0.0667707,0.00198691,-0.00370916,0,0,0,0,7.10705e-06,0.000687812,-0.000300411,0.000988224,17,0,0.00124205
2024-09-23 00:00:00+00:00,0.000806751,1.09827,0.0644505,0.0014819,-0.000765341,0.0164196,5.25455e-06,1.79566e-06,5.74659e-07,1.07611e-05,0.000803377,0.00118884,-0.000388111,17,0,0.00199948
2024-09-24 00:00:00+00:00,-0.000181685,1.09807,0.0618229,0.00453511,0.00110427,0.00223228,7.1428e-07,8.92849e-08,8.5145e-08,5.89746e-06,-0.000186629,0.000841572,-0.0010282,17,0,0.00388873
2024-09-25 00:00:00+00:00,-0.000505474,1.09752,0.0628634,0.00450546,0.00010576,0,0,0,0,4.47296e-06,-0.000509998,-0.000762762,0.000252764,17,0,0.0013595
2024-09-26 00:00:00+00:00,-0.00100854,1.09641,0.0639911,0.00386468,-0.00169337,0,0,0,0,2.55535e-06,-0.00101144,0.000966059,-0.0019775,17,0,0
2024-09-27 00:00:00+00:00,-0.000976112,1.09534,0.0667526,0.00254923,-0.00356792,0,0,0,0,8.85065e-08,-0.000976458,0.00048419,-0.00146065,17,0,0
2024-09-28 00:00:00+00:00,-0.000661521,1.09461,0.0672709,0.00198337,-0.00480758,0,0,0,0,-1.51147e-06,-0.000660043,-0.000213329,-0.000446714,17,0,0
2024-09-29 00:00:00+00:00,0.000389108,1.09504,0.0651323,0.00405929,-0.00284567,0.00222198,7.10826e-07,8.88532e-08,5.72428e-08,-3.64664e-06,0.000393735,0.000219744,0.000173991,17,0,0
2024-09-30 00:00:00+00:00,-0.000111419,1.09492,0.0619805,0.0060636,-0.00112035,0.00184468,5.90326e-07,4.22074e-07,5.5549e-08,-7.413e-09,-0.000110219,-0.00147743,0.00136433,16,0,0
2024-10-01 00:00:00+00:00,-4.67851e-05,1.09487,0.0603505,0.00597093,-0.000778512,0,0,0,0,-2.24879e-06,-4.43572e-05,-0.00184431,0.00179995,16,0,0
2024-10-02 00:00:00+00:00,-0.000510124,1.09431,0.0568765,0.00589201,-0.00057666,0,0,0,0,4.28774e-06,-0.000514415,-0.00120134,0.000686928,16,0,0
2024-10-03 00:00:00+00:00,3.42477e-05,1.09435,0.0544866,0.00546592,0.000779702,0,0,0,0,4.80634e-06,2.95213e-05,-0.000435308,0.000464829,16,0,0
2024-10-04 00:00:00+00:00,2.80322e-05,1.09438,0.0556519,0.00552154,0.00114214,0,0,0,0,1.32383e-05,1.48578e-05,0.00121571,-0.00120085,16,0,0
2024-10-05 00:00:00+00:00,-3.50095e-05,1.09434,0.0563117,0.00534238,0.000779272,0,0,0,0,4.30916e-06,-3.9296e-05,-0.000204486,0.00016519,16,0,0
2024-10-06 00:00:00+00:00,-0.000634366,1.09364,0.0569253,0.00519273,0.000520629,0,0,0,0,8.07357e-06,-0.000642595,0.000693218,-0.00133581,16,0,0
2024-10-07 00:00:00+00:00,0.00041228,1.0941,0.0590132,0.00500903,0.0008612,0,0,0,0,4.48886e-06,0.000407784,-0.000203063,0.000610847,16,0,0
2024-10-08 00:00:00+00:00,0.000136783,1.09425,0.0572191,0.0052726,0.00175845,0,0,0,0,5.94996e-06,0.000130861,-0.000258463,0.000389324,16,0,0
2024-10-09 00:00:00+00:00,-1.8383e-05,1.09422,0.0562379,0.00523638,0.00142576,0,0,0,0,1.06338e-06,-1.93896e-05,-0.000909452,0.000890063,16,0,0
2024-10-10 00:00:00+00:00,-4.30307e-05,1.09418,0.0550642,0.00531112,0.00113677,0,0,0,0,3.58153e-06,-4.65527e-05,0.000180372,-0.000226925,16,0,0
2024-10-11 00:00:00+00:00,9.65166e-07,1.09418,0.0567632,0.00534885,0.000644663,0,0,0,0,9.81958e-06,-8.79716e-06,0.00118755,-0.00119635,16,0,0
2024-10-12 00:00:00+00:00,0.000431275,1.09465,0.0584023,0.00533535,0.000480655,0,0,0,0,7.761e-06,0.000423481,0.000672078,-0.000248597,16,0,0
2024-10-13 00:00:00+00:00,0.00052327,1.09522,0.0584392,0.00585169,0.0013587,0,0,0,0,1.42219e-05,0.000508979,0.000329558,0.000179421,16,0,0
2024-10-14 00:00:00+00:00,-0.000344461,1.09485,0.0576775,0.00882255,0.00210965,0.00288165,9.22098e-07,7.63225e-07,8.14674e-08,1.206e-05,-0.000354725,0.00139878,-0.00175581,15,0,0
2024-10-15 00:00:00+00:00,-0.000381246,1.09443,0.0571204,0.00775793,0.000710817,0.00219703,7.03082e-07,8.78852e-08,9.41469e-08,1.70817e-06,-0.000382065,-0.000871671,0.000489606,15,0,0
2024-10-16 00:00:00+00:00,-5.31036e-05,1.09437,0.0553317,0.00616615,-0.000162553,0,0,0,0,4.36449e-06,-5.74324e-05,-0.000149646,9.22132e-05,15,0,0
2024-10-17 00:00:00+00:00,0.000180694,1.09457,0.0547492,0.00636264,0.000129478,0,0,0,0,5.49936e-06,0.000175204,-0.000365757,0.000540961,15,0,2.47635e-06
2024-10-18 00:00:00+00:00,-0.000284973,1.09426,0.0555714,0.00600977,-0.000381335,0,0,0,0,2.17321e-05,-0.000306675,0.000657129,-0.000963804,15,0,0.00152715
2024-10-19 00:00:00+00:00,4.91846e-05,1.09431,0.0552827,0.0076786,0.00102542,0.00206147,6.59724e-07,8.24655e-08,5.36426e-08,1.36911e-05,3.63259e-05,2.43041e-05,1.20218e-05,15,0,0.00427285
2024-10-20 00:00:00+00:00,0.00046254,1.09482,0.0571467,0.00988653,0.00338551,0.00210344,6.73103e-07,8.41378e-08,4.99056e-08,9.07734e-06,0.000454207,0.000980809,-0.000526601,15,0,0.00632766
2024-10-21 00:00:00+00:00,0.00150327,1.09646,0.0692465,0.00738674,-0.00387617,0.0295065,9.44248e-06,1.18031e-06,2.20068e-06,5.29072e-06,0.00151015,-0.000261814,0.00176182,15.5417,0,0.00690819
2024-10-22 00:00:00+00:00,-0.00210634,1.09415,0.0838967,0.00820964,-0.00524912,0.0132567,4.24229e-06,5.30286e-07,6.5725e-07,6.3077e-06,-0.00210849,-0.00152194,-0.00058655,16.875,0,0.00905063
2024-10-23 00:00:00+00:00,-0.00210908,1.09185,0.0844331,0.00847863,-0.00305399,0.00204905,6.55592e-07,8.1949e-08,1.07724e-07,4.00118e-06,-0.00211394,-0.00220814,9.42049e-05,17.1458,0,0.00807505
2024-10-24 00:00:00+00:00,3.48807e-05,1.09188,0.0871405,0.00958417,0.00166621,0.0022983,7.35643e-07,1.10203e-06,1.25023e-07,6.39858e-06,3.13319e-05,0.0010607,-0.00102937,18,0,0.00561015
2024-10-25 00:00:00+00:00,0.000865596,1.09283,0.0916156,0.0102191,0.00297744,0.0490202,1.56893e-05,5.21773e-06,2.53499e-06,2.50701e-06,0.000886946,-0.00352252,0.00440946,18.3125,0,0.00872249
2024-10-26 00:00:00+00:00,0.001611,1.09459,0.106599,0.0110747,0.000632131,0.0218249,6.98399e-06,1.52543e-06,9.29957e-07,-1.61954e-06,0.00162162,0.0012807,0.000340927,20.3125,0,0.0112128
2024-10-27 00:00:00+00:00,-0.0013391,1.09312,0.131008,0.00724566,-0.00466719,0.022277,7.12801e-06,1.59322e-06,8.36025e-07,1.03193e-06,-0.00133099,0.000312645,-0.00164364,21.7292,0,0.0138645
2024-10-28 00:00:00+00:00,0.000271148,1.09342,0.164816,0.0238251,0.000122508,0.0933054,2.98586e-05,9.18966e-06,4.87815e-06,-3.39666e-06,0.000321635,0.000312334,1.67289e-05,21.7708,0,0.015104
2024-10-29 00:00:00+00:00,-0.000989669,1.09234,0.21325,0.0340572,0.00171444,0.0421888,1.35007e-05,4.22928e-06,1.607e-06,-3.11324e-05,-0.000936071,0.00442101,-0.00535708,22.3958,0,0.0169322
2024-10-30 00:00:00+00:00,-0.00196966,1.09019,0.237386,0.0319621,0.000839056,0.0323729,1.03569e-05,1.29461e-06,9.86911e-07,-2.32707e-05,-0.0019341,-0.00457187,0.00263776,24.7917,0,0.0146007
2024-10-31 00:00:00+00:00,-0.000146983,1.09003,0.247081,0.0267012,-0.000294148,0.0221998,7.10593e-06,8.88241e-07,8.71158e-07,-9.46084e-06,-0.000126608,-0.00542297,0.00529636,26,0,0.0126261
2024-11-01 00:00:00+00:00,0.00411182,1.09451,0.251408,0.0207912,0.00235641,0.019264,6.16693e-06,6.43111e-06,9.43301e-07,-1.49739e-07,0.00412198,-0.00102764,0.00514962,26,0,0.0115571
2024-11-02 00:00:00+00:00,-0.00125449,1.09313,0.239591,0.0181252,0.00668794,0.00305459,9.77562e-07,1.22195e-07,1.98773e-07,-3.35569e-06,-0.00124801,-0.00228631,0.0010383,26,0,0.0128149
2024-11-03 00:00:00+00:00,-0.00118099,1.09184,0.22112,0.0118696,0.00166803,0.0203348,6.69792e-06,1.9605e-06,9.03638e-07,5.14505e-06,-0.00117538,-0.00491022,0.00373485,25.5833,1,0.0116741
2024-11-04 00:00:00+00:00,0.00220178,1.09425,0.214871,0.00885081,0.00149168,0.010433,3.33902e-06,4.17377e-07,6.45258e-07,-2.84757e-06,0.00220822,-0.00361622,0.0058395,24,0,0.0115084
2024-11-05 00:00:00+00:00,0.00191944,1.09635,0.218889,0.00967205,-0.000702008,0.0279762,8.9524e-06,4.08384e-06,1.44018e-06,-3.45176e-06,0.00193798,0.0076083,-0.00567032,24,0,0.0118208
2024-11-06 00:00:00+00:00,-0.00299647,1.09306,0.270115,0.00793885,-0.00066494,0.0483876,1.54869e-05,2.38606e-06,2.56255e-06,-1.63226e-05,-0.0029594,0.0153723,-0.0183317,24.8542,0,0.0139802
2024-11-07 00:00:00+00:00,-0.000956484,1.09202,0.278677,0.00274287,-0.00354657,0.0636294,2.0357e-05,3.13904e-06,3.4638e-06,-9.0297e-06,-0.000916631,0.000773231,-0.00168986,26.2292,0,0.0109482
2024-11-08 00:00:00+00:00,-0.000799032,1.09114,0.260549,0.0063795,-0.00189136,0.0330559,1.05781e-05,1.32226e-06,1.33447e-06,-9.8361e-07,-0.000781935,-0.000938489,0.000156554,27,0,0.00946003
2024-11-09 00:00:00+00:00,-0.00200109,1.08896,0.247142,0.0105945,-0.000963753,0.058219,2.08172e-05,3.79836e-06,3.41352e-06,-7.44352e-06,-0.00196247,0.00583713,-0.00779959,26.9167,1,0.0105342
2024-11-10 00:00:00+00:00,0.00052585,1.08953,0.213645,0.0193284,0.000300069,0.0759034,2.62008e-05,3.67257e-06,4.10537e-06,-3.94634e-05,0.000602141,0.00757705,-0.00697491,25.1042,3,0.00802025
2024-11-11 00:00:00+00:00,-0.00280103,1.08648,0.17333,0.0243036,0.00496095,0.118613,3.79513e-05,9.42456e-06,9.82782e-06,-5.40081e-06,-0.00273445,0.0058733,-0.00870251,25.8958,0,0.0055846
2024-11-12 00:00:00+00:00,-0.00306701,1.08315,0.167783,0.0149252,0.00306716,0.0205613,6.57783e-06,2.25312e-06,7.86948e-07,2.2154e-06,-0.003061,-0.00356826,0.000507261,26,0,0.00491421
2024-11-13 00:00:00+00:00,-0.00272722,1.0802,0.150911,0.0121585,0.00488725,0.0741487,2.78986e-05,4.92623e-05,5.9543e-06,-8.3705e-07,-0.00264248,0.00150938,-0.00415186,25.9792,3,0.00419341
2024-11-14 00:00:00+00:00,0.00076671,1.08102,0.128642,0.00515662,0.00395791,0.00902371,2.8871e-06,6.61096e-07,4.56701e-07,8.80751e-07,0.000771542,-0.00269797,0.00346951,26,0,0.000742691
2024-11-15 00:00:00+00:00,0.00187851,1.08305,0.121689,0.00318398,0.00281639,0.00205653,6.58139e-07,8.22673e-08,8.10612e-08,-1.57401e-06,0.0018796,0.0042493,-0.00236971,26,0,0.00272426
2024-11-16 00:00:00+00:00,0.000373203,1.08346,0.128774,0.00322748,0.00269369,0.00499753,1.59897e-06,1.99872e-07,1.77172e-07,-7.01596e-06,0.00038331,0.00136145,-0.00097814,26.4583,0,0.00520856
2024-11-17 00:00:00+00:00,0.00234056,1.08599,0.121953,0.0104529,0.00350887,0.0212449,6.80203e-06,5.76478e-06,9.77582e-07,-1.33828e-05,0.00236594,0.000779334,0.00158661,27,0,0.00612925
2024-11-18 00:00:00+00:00,-0.000318989,1.08565,0.117548,0.000718467,-0.00651042,0.0478883,1.53265e-05,1.18497e-05,2.51092e-06,1.35526e-05,-0.00030186,0.00135369,-0.00175488,25,0,0.00659031
2024-11-19 00:00:00+00:00,0.000165434,1.08583,0.118036,0.00481282,-0.00300285,0.00409393,1.31009e-06,1.63761e-07,4.71524e-08,1.92587e-06,0.000165476,-0.00133992,0.0015054,25,0,0.00712703
2024-11-20 00:00:00+00:00,0.000493993,1.08636,0.113774,0.00491108,-0.00143837,0.00607306,1.94354e-06,7.69185e-07,4.83184e-07,-3.24965e-07,0.000497748,-0.00168416,0.00218191,25.3542,0,0.00808363
2024-11-21 00:00:00+00:00,-0.000337034,1.086,0.128882,0.00605474,-0.00166234,0.0518447,1.88623e-05,9.79236e-06,1.6279e-06,-8.00534e-06,-0.000296823,0.00378064,-0.00407746,25.1875,1,0.0121759
2024-11-22 00:00:00+00:00,0.00190458,1.08807,0.194955,0.0116306,-0.00203373,0.0769971,2.46406e-05,1.45864e-05,3.093e-06,-5.69484e-06,0.00195285,0.0031272,-0.00117435,26.8958,0,0.0207564
2024-11-23 00:00:00+00:00,-0.0103408,1.07682,0.290017,0.0065964,0.00212128,0.133773,4.278e-05,4.1461e-05,4.06808e-06,7.7632e-06,-0.010302,0.000491286,-0.0107933,27.8958,0,0.0206539
2024-11-24 00:00:00+00:00,-0.00465285,1.0718,0.297043,0.00971341,0.000134334,0.0988977,3.66254e-05,6.37011e-05,1.19933e-05,-1.92283e-05,-0.00452282,-0.000838958,-0.00368387,28.4375,1,0.0157548
2024-11-25 00:00:00+00:00,-0.00610887,1.06526,0.274388,0.0181076,0.0033908,0.116476,3.72763e-05,4.48122e-05,9.80707e-06,7.81505e-06,-0.00603608,-0.0090375,0.0027659,27.4792,0,0.0138276
2024-11-26 00:00:00+00:00,0.00185228,1.06723,0.252058,0.0152692,0.00821922,0.0445022,1.42388e-05,1.48778e-05,5.93833e-07,-3.4972e-06,0.00188893,-0.00254092,0.00442984,28,0,0.011754
2024-11-27 00:00:00+00:00,0.00246261,1.06986,0.240049,0.00958547,0.00714406,0.0215367,6.8927e-06,5.25764e-06,5.53119e-07,2.34621e-05,0.00245382,0.00689053,-0.00443671,28,0,0.0131049
2024-11-28 00:00:00+00:00,-0.00348715,1.06613,0.241205,0.0105335,0.0067884,0.0471742,1.69191e-05,3.60519e-05,2.05309e-06,8.68725e-06,-0.00344411,-0.000575683,-0.00286843,28.875,1,0.0152162
2024-11-29 00:00:00+00:00,0.0021959,1.06847,0.232247,0.0125952,0.00947921,0.0572506,1.82962e-05,1.99958e-05,1.69775e-06,7.28788e-06,0.00223727,0.00694548,-0.0047082,29,0,0.0143154
2024-11-30 00:00:00+00:00,-0.000458612,1.06798,0.22565,0.0150948,0.0086708,0.049117,1.73158e-05,2.14839e-05,2.38059e-06,3.38607e-05,-0.000447162,0.000502703,-0.000949865,28.8542,1,0.0147774
2024-12-01 00:00:00+00:00,-0.0022887,1.06553,0.223207,0.0158694,0.00524837,0.189825,6.07118e-05,5.05906e-05,4.73849e-06,8.13711e-06,-0.00217068,0.00451402,-0.0066847,28,0,0.0162795
2024-12-02 00:00:00+00:00,0.00865964,1.07476,0.22634,0.0259151,0.0118716,0.272443,8.72074e-05,5.16252e-05,1.52479e-05,-1.89329e-05,0.00880506,0.00422488,0.00457353,27.5417,0,0.0157375
2024-12-03 00:00:00+00:00,0.00695443,1.08224,0.287563,0.0311425,0.00894973,0.168989,5.40995e-05,1.9437e-05,9.2715e-06,1.40103e-05,0.00701041,0.00459321,0.0024172,29,0,0.0185917
2024-12-04 00:00:00+00:00,0.00548161,1.08817,0.302959,0.0291556,0.0102656,0.159642,5.11105e-05,1.71553e-05,7.15353e-06,-1.28698e-06,0.00555846,0.00745943,-0.00190097,29,0,0.021781
2024-12-05 00:00:00+00:00,-0.00543245,1.08226,0.373815,0.0405022,0.0102842,0.194311,6.21445e-05,2.13597e-05,7.68195e-06,-1.23003e-05,-0.00532906,-0.00236921,-0.00295985,29,0,0.0239453
2024-12-06 00:00:00+00:00,0.00161078,1.084,0.414516,0.0459243,0.0112921,0.150941,4.96476e-05,1.4618e-05,5.43707e-06,1.26926e-05,0.00167305,0.0078163,-0.00614912,28.9375,1,0.0232594
2024-12-07 00:00:00+00:00,-0.00524047,1.07832,0.454018,0.0410717,0.00358178,0.17121,5.47766e-05,1.18718e-05,5.90579e-06,5.10894e-05,-0.00521904,0.00475764,-0.00997668,29,0,0.0243632
2024-12-08 00:00:00+00:00,0.0022449,1.08074,0.490383,0.038136,0.00406015,0.0462338,1.47926e-05,3.68269e-06,9.76892e-07,6.27307e-05,0.00220654,0.000861381,0.00134516,29,0,0.0213384
2024-12-09 00:00:00+00:00,-0.00170033,1.0789,0.511601,0.0483137,0.0122287,0.269148,8.60891e-05,3.43094e-05,1.31054e-05,-6.76309e-06,-0.001542,-0.0373544,0.0358761,29,0,0.0208603
2024-12-10 00:00:00+00:00,0.00870425,1.08829,0.494471,0.0344189,0.0087174,0.150254,4.80997e-05,6.01246e-06,6.28051e-06,-2.02348e-05,0.00875922,0.000692372,0.00806685,29.9375,0,0.0215998
2024-12-11 00:00:00+00:00,0.00480744,1.09353,0.532675,0.0315241,0.00740758,0.0940524,3.0109e-05,6.56024e-06,3.41906e-06,-6.34565e-06,0.00485495,0.0205171,-0.0156622,30,0,0.0239252
2024-12-12 00:00:00+00:00,0.0108805,1.10542,0.555266,0.0438272,0.00454607,0.251438,8.0557e-05,1.49696e-05,1.00908e-05,-1.17391e-05,0.0109608,0.00859699,0.00236383,30,0,0.0269701
2024-12-13 00:00:00+00:00,0.00596599,1.11202,0.548533,0.0450024,0.000489219,0.234315,7.49276e-05,9.36595e-06,8.69069e-06,7.45451e-07,0.00606649,0.0107132,-0.00464666,30,0,0.0295961
2024-12-14 00:00:00+00:00,-0.00287797,1.10882,0.623638,0.0523973,0.00485942,0.124106,3.97151e-05,4.96439e-06,3.40114e-06,-4.76314e-05,-0.00277603,-0.0149928,0.0122167,30,0,0.0322937
2024-12-15 00:00:00+00:00,0.0104142,1.12037,0.708018,0.0494333,0.00346965,0.243527,7.79585e-05,9.74481e-06,7.51293e-06,2.48246e-05,0.0104475,0.018013,-0.00756554,30,0,0.0324512
2024-12-16 00:00:00+00:00,0.0117534,1.13353,0.895121,0.0393515,-0.00499255,0.462972,0.000148193,2.3835e-05,1.74029e-05,-1.23573e-06,0.0119036,-0.00318178,0.0149443,29.125,0,0.0360047
2024-12-17 00:00:00+00:00,-0.00286619,1.13029,0.986189,0.0376432,-0.0145865,0.34469,0.000110268,8.44853e-05,1.08047e-05,3.28647e-06,-0.00261763,-0.0098207,0.00720307,30,0,0.039462
2024-12-18 00:00:00+00:00,0.00401837,1.13483,1.10544,0.0540427,-0.00330631,0.538994,0.000172562,7.52064e-05,2.55898e-05,5.65446e-05,0.00426786,-0.0493746,0.053628,29.9792,0,0.0374893
2024-12-19 00:00:00+00:00,0.00639962,1.14209,1.08571,0.0448961,0.00478157,0.488994,0.000156462,2.51785e-05,2.45853e-05,-2.85628e-05,0.00664036,-0.0403844,0.0470248,30,0,0.0367198
2024-12-20 00:00:00+00:00,-0.00230254,1.13946,1.14133,0.0345839,0.00499313,0.573997,0.000183694,2.5526e-05,3.45793e-05,-3.41265e-06,-0.00201356,0.0245039,-0.0264595,29.75,0,0.0355959
2024-12-21 00:00:00+00:00,0.00282334,1.14268,1.26336,0.0442556,0.00199801,0.63579,0.000203448,2.5431e-05,3.01733e-05,8.86967e-05,0.00301929,-0.0278373,0.0308565,29,0,0.0365328
2024-12-22 00:00:00+00:00,0.00096777,1.14378,1.40537,0.0482054,0.00309005,0.311822,9.9792e-05,1.2474e-05,1.35099e-05,6.55795e-05,0.00105417,-0.00147861,0.00253279,29,0,0.0358741
2024-12-23 00:00:00+00:00,-0.00963074,1.13277,1.53221,0.0502447,-0.00827228,1.30684,0.000418271,5.39824e-05,0.000129445,9.5822e-05,-0.00910369,0.0532903,-0.0625063,30,0,0.0373435
2024-12-24 00:00:00+00:00,-0.00306794,1.12929,1.52103,0.0619928,-0.00351222,0.750108,0.000239963,2.99954e-05,2.63793e-05,8.07413e-05,-0.00279824,0.0191485,-0.0219467,30,0,0.0386997
2024-12-25 00:00:00+00:00,0.00220588,1.13178,1.44735,0.0696494,0.00456474,0.418823,0.000134046,1.67558e-05,1.61691e-05,2.4242e-05,0.00237093,-0.0127529,0.0151238,30,0,0.0358889
2024-12-26 00:00:00+00:00,0.004677,1.13708,1.42291,0.0536379,0.009008,0.393159,0.000125801,1.57251e-05,1.42143e-05,0.000106419,0.00473513,-0.0433774,0.0481126,30,0,0.0354965
2024-12-27 00:00:00+00:00,0.000394567,1.13753,1.39152,0.0266495,-0.00108541,0.734512,0.00023526,3.54375e-05,3.70076e-05,2.43818e-05,0.00070644,-0.000846954,0.00155339,30,0,0.0369235
2024-12-28 00:00:00+00:00,0.00559777,1.14389,1.33386,0.0328447,-0.00353028,0.696602,0.000222917,2.86307e-05,2.25186e-05,4.35085e-05,0.00582273,0.0226829,-0.0168601,30,0,0.03517
2024-12-29 00:00:00+00:00,0.00326575,1.14763,1.21807,0.0549101,0.00150883,0.258766,8.28131e-05,1.0657e-05,8.14264e-06,2.22998e-05,0.00334754,-0.0209217,0.0242692,30,0,0.0337003
2024-12-30 00:00:00+00:00,-0.00184894,1.14551,1.25294,0.130138,0.0472205,0.529843,0.000169574,7.25314e-05,4.92553e-05,0.000339831,-0.00185853,-0.00104155,-0.000732834,29.8333,0,0.0337435
2024-12-31 00:00:00+00:00,-0.00939313,1.13475,1.16114,0.108144,0.0297738,0.425824,0.000136144,4.67117e-05,1.83211e-05,8.67073e-05,-0.00924855,-0.00343597,-0.00581258,30,0,0.0326595
2025-01-01 00:00:00+00:00,0.010584,1.14676,1.16512,0.0951551,0.0227256,0.380451,0.000121756,2.56999e-05,1.10121e-05,7.89076e-05,0.0106515,0.0305105,-0.0198591,30,0,0.0312787
2025-01-02 00:00:00+00:00,0.00493045,1.15241,1.28777,0.154107,0.022586,0.676883,0.000216625,0.000106168,2.16937e-05,5.87298e-05,0.00524627,0.0258766,-0.0206303,30,0,0.0332284
2025-01-03 00:00:00+00:00,0.00150073,1.15414,1.25735,0.121439,0.0237794,0.689509,0.000220625,6.89587e-05,2.4838e-05,7.11834e-05,0.00176883,0.0415446,-0.0397758,30,0,0.0347519
2025-01-04 00:00:00+00:00,-0.00204304,1.15178,1.26764,0.150347,0.0301053,0.397925,0.000127337,4.18183e-05,1.33111e-05,0.000246293,-0.0020889,-0.00342178,0.00133288,30,0,0.0347899
2025-01-05 00:00:00+00:00,-0.0046758,1.1464,1.36893,0.161199,0.0363952,0.101478,3.24688e-05,8.97608e-06,3.08297e-06,0.000180722,-0.00481113,-0.0095776,0.00476647,30,0,0.0327236
2025-01-06 00:00:00+00:00,0.00165048,1.14829,1.33265,0.250653,0.0292805,0.587742,0.0001881,3.9317e-05,5.07724e-05,0.000288268,0.00166557,0.0101066,-0.00808257,29.75,0,0.0312696
2025-01-07 00:00:00+00:00,-0.000731107,1.14745,1.30185,0.194832,0.0147323,0.493414,0.000157889,2.59904e-05,2.06533e-05,0.000522883,-0.00101432,-0.0544305,0.0534161,30,0,0.0319243
2025-01-08 00:00:00+00:00,0.00471653,1.15286,1.27647,0.103581,0.0128908,0.17775,5.68776e-05,1.26533e-05,7.23278e-06,0.000391427,0.00442758,-0.0218205,0.0262481,30,0,0.0301254
2025-01-09 00:00:00+00:00,-0.00893345,1.14256,1.25872,0.0840318,0.0172545,0.219672,7.02407e-05,1.48284e-05,1.13222e-05,0.000153955,-0.0089969,-0.037771,0.0287741,30,0,0.0274901
2025-01-10 00:00:00+00:00,-0.000337567,1.14218,1.28545,0.098324,0.0126427,0.195196,6.25029e-05,8.53034e-06,1.00286e-05,0.000388695,-0.000616383,0.0160072,-0.0166236,30,0,0.0263387
2025-01-11 00:00:00+00:00,0.00643073,1.14952,1.32158,0.105513,0.00931207,0.132685,4.24685e-05,1.47025e-05,6.31169e-06,0.000476715,0.00602335,0.0122162,-0.00619283,30,0,0.0259907
2025-01-12 00:00:00+00:00,-0.00566122,1.14301,1.35694,0.0903292,0.00807096,0.121858,3.89821e-05,7.30844e-06,4.61072e-06,0.000300167,-0.00591343,-0.018632,0.0127186,30,0,0.0238149
2025-01-13 00:00:00+00:00,-0.00101853,1.14185,0.834735,0.0418648,0.00884195,0.938887,0.000300174,5.22946e-05,7.08155e-05,0.000341306,-0.000900119,-0.0133159,0.0127643,28.9792,0,0.0195481
2025-01-14 00:00:00+00:00,-0.00185941,1.13973,0.765354,0.0525172,0.0107071,0.0904024,2.89344e-05,1.16503e-05,5.47181e-06,0.000448868,-0.00225526,0.010516,-0.0127712,29,0,0.0187875
2025-01-15 00:00:00+00:00,-0.00178511,1.13769,0.767801,0.055368,0.00830569,0.0894599,2.8623e-05,7.64608e-06,3.73779e-06,0.000259981,-0.00199381,0.0257416,-0.0277354,29.1875,0,0.0153383
2025-01-16 00:00:00+00:00,-0.0024305,1.13493,0.712526,0.0526165,0.00697908,0.117902,3.77401e-05,6.23161e-06,6.32743e-06,0.000306642,-0.00267382,-0.00540322,0.0027294,30,0,0.0134201
2025-01-17 00:00:00+00:00,-0.00245314,1.13214,0.661385,0.0447384,0.00667639,0.106456,3.40668e-05,6.58822e-06,2.7192e-06,0.000427624,-0.00282434,0.0179559,-0.0207803,30,0,0.0115936
2025-01-18 00:00:00+00:00,0.0050442,1.13785,0.507195,0.0441618,0.00269176,0.177566,5.68422e-05,7.50663e-06,1.02005e-05,0.000781866,0.00433792,-0.0139677,0.0183056,30,0,0.0114366
2025-01-19 00:00:00+00:00,-0.0089213,1.1277,0.45471,0.0427911,-0.000408601,0.169534,5.6454e-05,2.97892e-05,1.03572e-05,4.92642e-05,-0.00888838,-0.0214481,0.0125598,30,1,0.0117653
2025-01-20 00:00:00+00:00,-0.00203455,1.12541,0.368884,0.0257858,0.00155941,0.0555872,1.77763e-05,3.40948e-06,4.72922e-06,-5.56078e-06,-0.00198992,0.000656519,-0.00264644,30,0,0.0109005
2025-01-21 00:00:00+00:00,-0.00316467,1.12185,0.303308,0.0206821,0.000256685,0.0894816,2.86265e-05,5.81991e-06,7.39436e-06,-1.67371e-05,-0.00310397,0.00297757,-0.00608154,30,0,0.00617316
2025-01-22 00:00:00+00:00,0.00258737,1.12475,0.263875,0.0190035,0.00402014,0.00433456,1.38765e-06,1.73456e-07,2.99015e-07,-2.16834e-06,0.00259008,-0.00125199,0.00384207,30,0,0.00442135
2025-01-23 00:00:00+00:00,0.00037773,1.12517,0.245237,0.0145036,-0.00162108,0.0188752,6.04369e-06,4.02819e-06,2.74791e-06,7.72147e-06,0.000385026,0.00104887,-0.000663844,30,0,0.00439879
2025-01-24 00:00:00+00:00,0.00155274,1.12692,0.24576,0.0161194,-0.00198133,0,0,0,0,3.68385e-06,0.00154936,-0.000862437,0.0024118,30,0,0.00415335
2025-01-25 00:00:00+00:00,0.0019534,1.12912,0.242655,0.0167906,-0.00098391,0.00409911,1.31182e-06,1.63977e-07,2.73735e-07,1.94237e-06,0.00195248,0.0017553,0.000197177,30,0,0.0063037
2025-01-26 00:00:00+00:00,-0.000774934,1.12825,0.245802,0.0143426,-0.00386814,0,0,0,0,2.16428e-06,-0.000776707,-0.00491111,0.0041344,30,0,0.00750875
2025-01-27 00:00:00+00:00,0.00183621,1.13032,0.225972,0.00944728,0.000529929,0.0362438,1.16015e-05,7.41084e-06,2.61287e-06,1.83908e-05,0.00183929,-0.000397356,0.00218644,28.0625,0,0.00963568
2025-01-28 00:00:00+00:00,0.00421877,1.13509,0.247589,0.00725537,-6.26158e-05,0.0359013,1.15281e-05,1.44919e-06,1.56702e-06,1.95126e-05,0.00420661,-0.00616437,0.010371,28.9375,1,0.0131841
2025-01-29 00:00:00+00:00,-0.00410058,1.13043,0.269,0.00836176,-0.00102995,0.010275,3.28715e-06,4.10893e-07,5.34441e-07,1.25447e-05,-0.00411411,0.00219722,-0.00631133,28.75,0,0.0149112
2025-01-30 00:00:00+00:00,0.00236584,1.13311,0.283414,0.0137366,0.00152158,0.00572773,1.8336e-06,1.50641e-06,2.20885e-07,1.89543e-06,0.0023671,0.0061272,-0.0037601,29.75,0,0.0120478
2025-01-31 00:00:00+00:00,-0.00248074,1.1303,0.281094,0.0127179,-0.00187317,0.0119281,3.81515e-06,4.76894e-07,3.62633e-07,9.60227e-06,-0.00248483,-0.0013757,-0.00110913,30,0,0.0109348
2025-02-01 00:00:00+00:00,0.0001503,1.13047,0.271214,0.0129382,-0.00119549,0.00229068,7.32925e-07,9.16156e-08,1.07837e-07,3.17188e-06,0.000149258,-0.0116289,0.0117781,30,0,0.00718991
2025-02-02 00:00:00+00:00,7.99717e-05,1.13056,0.244953,0.0102725,0.000740131,0.0155369,6.09386e-06,3.81952e-06,6.30792e-07,-1.23181e-06,9.36202e-05,-0.0111856,0.0112792,29.6042,3,0.00899318
2025-02-03 00:00:00+00:00,0.00271231,1.13362,0.181357,0.0019528,0.00114587,0.138759,4.55775e-05,3.44104e-05,1.18939e-05,-1.58042e-06,0.00281132,0.00470976,-0.00186572,24.125,2,0.0119953
2025-02-04 00:00:00+00:00,0.000134347,1.13378,0.178072,-0.00467087,0.000528387,0.0114611,3.66792e-06,4.58489e-07,4.83774e-07,1.22928e-05,0.000128848,-0.00564226,0.00577111,25,0,0.0121606
2025-02-05 00:00:00+00:00,-0.00132119,1.13228,0.166692,-0.00228085,0.000890511,0.0190085,6.08223e-06,7.60279e-07,1.31354e-06,-9.06327e-07,-0.00131192,-0.00250553,0.00116804,25.5,0,0.0107309
2025-02-06 00:00:00+00:00,0.000365276,1.13269,0.162821,-0.00197975,0.000452618,0,0,0,0,-2.49876e-05,0.000390579,-0.00317567,0.00356625,26,0,0.00873999
2025-02-07 00:00:00+00:00,0.00123893,1.13409,0.172678,-0.00373981,-0.000557043,0.0525674,1.6822e-05,2.10275e-06,1.89107e-06,-1.12343e-05,0.00127097,0.000437569,0.000833401,26.7292,0,0.0119655
2025-02-08 00:00:00+00:00,-0.000387476,1.13366,0.223793,-0.00796689,0.00128694,0.039582,1.26654e-05,1.58317e-06,1.68824e-06,-3.92731e-06,-0.000366603,0.00383761,-0.00420421,27,0,0.0148915
2025-02-09 00:00:00+00:00,0.00373457,1.13789,0.258915,0.000942636,1.70191e-05,0.146493,4.68817e-05,6.75857e-06,3.91306e-06,2.29496e-05,0.00376482,0.000237855,0.00352696,27.2292,0,0.0172717
2025-02-10 00:00:00+00:00,8.54562e-06,1.1379,0.372176,0.000681069,-0.0115191,0.223401,7.14833e-05,9.20794e-06,1.23512e-05,1.00903e-06,0.000103527,0.00280345,-0.00275593,27.4583,0,0.0206593
2025-02-11 00:00:00+00:00,-5.48966e-05,1.13784,0.42914,0.00716716,-0.0142242,0.181177,5.79788e-05,7.24734e-06,7.10419e-06,1.82678e-05,8.76544e-06,0.000223303,-0.000214538,28,0,0.0192957
2025-02-12 00:00:00+00:00,0.00286197,1.14109,0.522392,0.0214539,-0.00928494,0.270621,8.66145e-05,1.22963e-05,1.13793e-05,-1.75723e-05,0.00299567,0.0130034,-0.0100077,28.4167,0,0.0200044
2025-02-13 00:00:00+00:00,0.00179101,1.14314,0.651004,0.0656796,0.00094229,0.220726,7.06481e-05,1.88853e-05,1.28873e-05,8.23269e-05,0.00181923,-0.00404357,0.00586279,29,0,0.0211173
2025-02-14 00:00:00+00:00,-0.00333572,1.13932,0.757006,0.108629,0.00277354,0.198785,6.35902e-05,1.13866e-05,9.63294e-06,7.04119e-05,-0.00331562,0.0083379,-0.0116535,29,0,0.0224685
2025-02-15 00:00:00+00:00,0.00825234,1.14873,0.738083,0.106871,0.00195347,0.130459,4.17477e-05,1.5393e-05,4.12023e-06,-1.41666e-05,0.00830226,0.00137661,0.00692565,29,0,0.0207757
2025-02-16 00:00:00+00:00,0.00315934,1.15235,0.67622,0.0691752,-0.000409172,0.349612,0.000111897,3.22788e-05,1.05797e-05,4.87821e-05,0.00326478,-0.00406207,0.00732684,29.625,0,0.023818
2025-02-17 00:00:00+00:00,-0.00629457,1.1451,0.706618,0.0249812,0.00320867,0.158482,5.07013e-05,4.26777e-05,8.67925e-06,2.9605e-05,-0.00623459,-0.00850658,0.00229537,29,0,0.0239649
2025-02-18 00:00:00+00:00,-0.00147621,1.14341,0.695519,0.0461851,0.00327137,0.116137,3.71303e-05,1.91118e-05,4.97126e-06,1.08723e-05,-0.00141519,-0.0129522,0.0115371,29.6875,0,0.0200584
2025-02-19 00:00:00+00:00,0.000279042,1.14373,0.714103,0.045009,0.0033796,0.0841517,2.69256e-05,1.61444e-05,5.80682e-06,5.95966e-05,0.00027179,0.00709225,-0.00682046,30,0,0.0192508
2025-02-20 00:00:00+00:00,-0.00994825,1.13235,0.787594,0.0541333,0.00475448,0.0576974,1.84531e-05,2.30664e-06,3.68777e-06,1.81007e-05,-0.00998104,0.0054519,-0.0154329,30,0,0.0178317
2025-02-21 00:00:00+00:00,-0.00266966,1.12933,0.749838,0.0516846,0.00750226,0.0875217,2.80001e-05,4.20183e-06,4.08851e-06,9.79946e-05,-0.00272182,-0.0136407,0.0109347,29.9792,0,0.0140443
2025-02-22 00:00:00+00:00,-0.00294295,1.126,0.686808,0.048329,0.00681923,0.0560599,1.79335e-05,2.24169e-06,4.45094e-06,2.00227e-05,-0.00293864,0.00918426,-0.0121229,30,0,0.0115277
2025-02-23 00:00:00+00:00,0.00243225,1.12874,0.666823,0.0458104,0.00131665,0.0109845,3.5154e-06,4.39425e-07,5.47102e-07,4.68697e-05,0.00238845,-0.00339013,0.00577858,30,0,0.00861686
2025-02-24 00:00:00+00:00,-0.0048057,1.12332,0.589253,0.0637534,0.000856009,0.157217,5.0305e-05,1.36912e-05,1.41974e-05,0.000127011,-0.00485866,-0.0378389,0.0329942,28.5208,0,0.00956987
2025-02-25 00:00:00+00:00,0.000177659,1.12352,0.508257,0.0407662,0.00252105,0.0746739,2.38961e-05,9.89531e-06,2.47657e-06,8.57109e-05,0.000137864,0.00179684,-0.00165898,29,0,0.0089603
2025-02-26 00:00:00+00:00,-0.00601115,1.11677,0.47232,0.0316986,-0.00169184,0.0312571,1.00042e-05,1.25052e-06,1.79791e-06,7.67897e-05,-0.0060865,-0.00604141,-4.50899e-05,29,0,0.0044577
2025-02-27 00:00:00+00:00,0.002584,1.11965,0.46141,0.0278566,-0.00223468,0.0217156,6.94969e-06,1.62143e-06,9.7668e-07,2.9397e-05,0.00256503,0.00189761,0.000667427,29,0,0.00337548
2025-02-28 00:00:00+00:00,0.0044792,1.12467,0.389015,0.0176078,-0.00477179,0.0781449,2.50371e-05,3.37729e-06,2.50648e-06,3.47924e-05,0.00447187,0.00112798,0.00334389,29,0,0.00298918
2025-03-01 00:00:00+00:00,-0.00173487,1.12271,0.357468,0.0150296,-0.00628841,0.0236703,7.57196e-06,2.22573e-06,1.41753e-06,2.67237e-05,-0.00174793,-0.00170076,-4.71673e-05,29,0,0.00326257
2025-03-02 00:00:00+00:00,-0.00576261,1.11625,0.329376,0.0165066,-0.00409247,0.12244,3.91732e-05,5.92181e-06,1.00229e-05,-6.40414e-06,-0.00571059,0.0222827,-0.0279933,29,0,0.00388914
2025-03-03 00:00:00+00:00,-0.00049412,1.11569,0.24716,0.018595,-0.000142751,0.0259809,8.31263e-06,2.92345e-06,2.60022e-06,2.45749e-05,-0.000501814,-0.0201598,0.0197522,26,0,0.00438176
2025-03-04 00:00:00+00:00,0.0020195,1.11795,0.208399,0.0142625,0.0022827,0.0187973,6.01591e-06,1.08404e-06,7.58349e-07,-1.39447e-05,0.00204145,-7.14266e-05,0.00211288,26,0,0.00282808
2025-03-05 00:00:00+00:00,-0.002367,1.1153,0.209548,0.00842676,-0.00162316,0.00846638,2.70847e-06,4.65693e-07,5.08745e-07,1.23227e-05,-0.00237681,0.00301548,-0.00539229,26,0,0.00387407
2025-03-06 00:00:00+00:00,0.000855254,1.11625,0.2105,0.0112771,-0.000382303,0.00224966,7.19729e-07,8.99661e-08,1.42724e-07,2.41004e-05,0.00083417,-0.00170967,0.00254384,26,0,0.00264448
2025-03-07 00:00:00+00:00,-0.00031768,1.1159,0.198137,0.012116,0.000625579,0.00418452,1.33875e-06,1.67344e-07,3.06351e-07,9.61205e-06,-0.0003245,-0.0040716,0.0037471,26,0,1.39706e-05
2025-03-08 00:00:00+00:00,0.000840643,1.11684,0.187507,0.0110808,0.00023755,0.00411538,1.31681e-06,1.64601e-07,1.61835e-07,4.99518e-06,0.000837676,-0.00138781,0.00222549,26,0,0.00083712
2025-03-09 00:00:00+00:00,0.00124156,1.11822,0.175798,0.00805493,-0.00273927,0.00718624,3.59344e-06,7.14016e-06,4.78552e-07,8.26893e-06,0.00124426,-0.00763674,0.008881,25.75,1,0.00218917
2025-03-10 00:00:00+00:00,-0.000506729,1.11766,0.142521,0.00208261,-0.00731283,0.0266276,8.78314e-06,1.887e-06,1.76458e-06,-5.56641e-08,-0.000493346,-0.00348924,0.00298503,22.8333,1,0.00403034
2025-03-11 00:00:00+00:00,-0.000798932,1.11676,0.126491,0.00454629,-0.00364202,0.0239905,7.67693e-06,1.67331e-06,1.5434e-06,-1.12308e-06,-0.000786284,0.00293369,-0.00371998,23,0,0.00537268
2025-03-12 00:00:00+00:00,-0.000742999,1.11594,0.128294,0.00707009,-0.00352206,0,0,0,0,3.44502e-06,-0.000745883,0.00147692,-0.0022228,23,0,0.00511019
2025-03-13 00:00:00+00:00,0.00170929,1.11784,0.128021,0.00689349,-0.00463589,0.00522934,1.6731e-06,2.09137e-07,2.81405e-07,8.49725e-06,0.00170236,-0.000800183,0.00250254,23,0,0.00470851
2025-03-14 00:00:00+00:00,-0.000400315,1.1174,0.126998,0.00812008,-0.00243982,0.00213356,6.82482e-07,8.53103e-08,6.3492e-08,1.50884e-06,-0.000400651,0.00273199,-0.00313264,23,0,0.0044087
2025-03-15 00:00:00+00:00,0.000447174,1.11789,0.129496,0.0097262,-0.00216707,0,0,0,0,9.60875e-06,0.00043778,0.00162321,-0.00118543,23,0,0.00350753
2025-03-16 00:00:00+00:00,0.00055718,1.11852,0.127362,0.00966671,-0.0028361,0,0,0,0,6.91715e-06,0.00055044,-0.00275276,0.0033032,23,0,0.00389445
2025-03-17 00:00:00+00:00,-0.000860715,1.11755,0.129288,0.0153497,-0.000271003,0.00809125,2.58954e-06,3.23693e-07,5.80789e-07,3.96525e-05,-0.000896412,0.00202976,-0.00292617,24,0,0.0046608
2025-03-18 00:00:00+00:00,0.00143995,1.11916,0.126913,0.0163252,-0.000114253,0.00204472,6.54273e-07,8.17841e-08,1.32003e-07,5.82571e-05,0.00138221,-0.000212854,0.00159506,24,0,0.00532236
2025-03-19 00:00:00+00:00,-0.000674489,1.11841,0.130889,0.0181445,-0.000992299,0.0102049,3.26704e-06,1.73844e-06,1.45783e-07,0.00012892,-0.000797547,0.0036213,-0.00441885,24.4375,0,0.00595875
2025-03-20 00:00:00+00:00,0.00178487,1.12041,0.134134,0.0228675,-0.0024615,0.00272276,8.71875e-07,1.52694e-07,8.99677e-08,0.000322008,0.00146336,-0.000575189,0.00203855,25,0,0.00654493
2025-03-21 00:00:00+00:00,0.00173656,1.12235,0.135178,0.0254809,-0.000788376,0.00618368,1.9812e-06,2.4765e-07,5.81096e-07,0.000143945,0.00159705,0.00131345,0.000283603,25,0,0.00716363
2025-03-22 00:00:00+00:00,-0.00268104,1.11934,0.135843,0.0201518,-0.000276633,0.0020075,6.42244e-07,8.02805e-08,1.59479e-07,0.000655508,-0.00333755,-0.00266004,-0.000677507,25,0,0.00541039
2025-03-23 00:00:00+00:00,-0.00284318,1.11616,0.128953,0.0209989,0.00615522,0.00537706,2.68829e-06,5.37657e-07,6.77267e-07,3.9026e-05,-0.00288179,-0.000431174,-0.00245062,24.3333,1,0.0037773
2025-03-24 00:00:00+00:00,-0.000518737,1.11558,0.127844,0.0217591,0.00788082,0.0162744,5.20744e-06,2.47082e-06,7.26575e-07,5.41316e-05,-0.000563992,0.0021535,-0.00271631,22,0,0.00258042
2025-03-25 00:00:00+00:00,-0.000522392,1.115,0.133468,0.0189495,0.00411311,0.00202018,6.46384e-07,8.0798e-08,2.44993e-07,2.10831e-05,-0.000542324,0.000180562,-0.000722886,22,0,0.00359868
2025-03-26 00:00:00+00:00,-0.00179368,1.113,0.132839,0.0157741,-7.81563e-06,0.00337984,1.08136e-06,3.49452e-07,8.50238e-08,1.42482e-05,-0.00180768,-0.00186081,5.31342e-05,22,0,0.003292
2025-03-27 00:00:00+00:00,-0.000182105,1.1128,0.128405,0.0121282,-0.00323156,0.00211018,6.75367e-07,8.44209e-08,1.45071e-08,8.92788e-06,-0.000190026,-0.000209389,1.9363e-05,22,0,0.00298062
2025-03-28 00:00:00+00:00,9.86651e-05,1.1129,0.119238,0.0100638,-0.00403373,0.00415216,1.71101e-06,2.93529e-07,1.9838e-07,2.01136e-05,8.09265e-05,-0.00404115,0.00412208,21.1667,1,0.00339155
2025-03-29 00:00:00+00:00,4.53504e-05,1.11296,0.113961,0.0107606,-0.00190167,0.00323358,1.61683e-06,3.23365e-07,2.48652e-07,1.916e-05,2.85739e-05,-0.00293546,0.00296403,21.6875,1,0.00200666
2025-03-30 00:00:00+00:00,0.000820021,1.11387,0.110339,0.00904436,-0.00340688,0,0,0,0,2.48062e-05,0.00079507,0.000221757,0.000573313,21,0,0.00155113
2025-03-31 00:00:00+00:00,-0.000739366,1.11304,0.107338,0.00799825,-0.00221949,0.00422176,1.35059e-06,1.68824e-07,3.94653e-07,3.46525e-06,-0.000740961,-0.000796661,7.56866e-05,20.3958,0,0.00312649
2025-04-01 00:00:00+00:00,-0.000150769,1.11288,0.113681,0.0108297,0.0029153,0.00407545,1.30404e-06,1.63005e-07,4.87154e-07,6.02953e-06,-0.000154543,0.00164755,-0.0018021,21,0,0.00566789
2025-04-02 00:00:00+00:00,0.000520578,1.11346,0.116241,0.0120957,0.00462844,0.0138165,4.42152e-06,5.5269e-07,6.09714e-07,8.7526e-07,0.000525466,-0.00335786,0.00388332,21.9375,0,0.00672359
2025-04-03 00:00:00+00:00,-0.000285866,1.11314,0.122519,0.0088037,0.00311109,0.0168917,5.40606e-06,6.75758e-07,1.13231e-06,9.31549e-06,-0.000287375,0.000233411,-0.000520786,23.9167,0,0.00727069
2025-04-04 00:00:00+00:00,0.000321583,1.1135,0.133104,0.00773809,0.00547089,0.00856113,2.73956e-06,3.42445e-07,1.05286e-06,2.19547e-07,0.000326399,0.0017354,-0.001409,24,0,0.00817507
2025-04-05 00:00:00+00:00,-0.000333834,1.11312,0.136643,0.00647474,0.00359248,0.00898712,2.87626e-06,3.59533e-07,5.67387e-07,-5.05269e-07,-0.000328809,-0.00115503,0.000826219,24.8958,0,0.00827323
2025-04-06 00:00:00+00:00,-1.23936e-06,1.11312,0.140815,0.00666811,0.00279759,0.0131953,4.22259e-06,1.15224e-06,6.76796e-07,-5.21499e-05,5.8106e-05,-0.00866433,0.00872243,25,0,0.00849803
2025-04-07 00:00:00+00:00,0.0014328,1.11472,0.157373,0.00457778,0.0012962,0.107616,3.70562e-05,9.1775e-06,9.48923e-06,-8.82866e-06,0.00149862,0.00153174,-2.96301e-05,23.7083,3,0.010068
2025-04-08 00:00:00+00:00,0.00440308,1.11963,0.168061,0.0097518,0.00359952,0.0402607,1.28868e-05,1.61085e-06,2.27006e-06,-3.24559e-05,0.00444406,-0.00105346,0.00551162,23.4167,0,0.01055
2025-04-09 00:00:00+00:00,0.00350759,1.12355,0.194607,0.0160342,0.00363317,0.056222,1.79918e-05,3.81333e-06,4.84383e-06,-1.62091e-05,0.00354568,0.0131523,-0.00960666,24.8333,0,0.0125622
2025-04-10 00:00:00+00:00,0.000260108,1.12385,0.219117,0.0160825,0.000698734,0.0086583,2.77118e-06,3.46397e-07,7.33154e-07,-1.91636e-05,0.000284371,-0.00454094,0.00482531,25,0,0.0125037
2025-04-11 00:00:00+00:00,0.00129633,1.1253,0.226283,0.0204363,0.00333439,0.010047,3.21679e-06,4.02099e-07,1.58006e-06,-4.44632e-05,0.00135108,0.0060248,-0.00467372,25,0,0.0104578
2025-04-12 00:00:00+00:00,0.00129302,1.12676,0.230479,0.0185775,0.00327393,0.0217733,6.97415e-06,4.25165e-06,3.91608e-06,-2.55462e-05,0.00133854,0.00767156,-0.00633302,25.6667,0,0.00937498
2025-04-13 00:00:00+00:00,0.00476048,1.13212,0.212854,0.0157351,0.0010832,0.0244295,7.81758e-06,3.10649e-06,2.05165e-06,9.1182e-05,0.00467543,-0.000960962,0.00563639,26,0,0.00898383
2025-04-14 00:00:00+00:00,0.00302365,1.13554,0.207623,0.0128973,0.000186223,0.0488985,1.5644e-05,6.16114e-06,3.69034e-06,0.000104302,0.00294239,0.00219477,0.000707714,24.5,0,0.0112562
2025-04-15 00:00:00+00:00,0.00268703,1.1386,0.22947,0.00143558,-0.00582754,0.0543407,1.73933e-05,2.17416e-06,3.56889e-06,8.18866e-05,0.00262775,-0.00162165,0.0042494,25.7708,0,0.0137764
2025-04-16 00:00:00+00:00,-0.00187121,1.13646,0.249627,-0.000593349,-0.00296847,0.026377,8.43994e-06,1.05499e-06,1.67215e-06,4.80767e-05,-0.00190756,-0.00184273,-6.48355e-05,26,0,0.0153606
2025-04-17 00:00:00+00:00,-0.00162922,1.13461,0.268799,0.00304156,-0.00241058,0.0100129,3.20538e-06,1.95462e-06,3.54331e-07,0.000117505,-0.00173918,0.000720919,-0.0024601,26,0,0.0151459
2025-04-18 00:00:00+00:00,-0.00353146,1.13061,0.277493,0.00900438,-0.00135732,0.00452817,1.44917e-06,6.28717e-07,1.24559e-07,8.81429e-05,-0.00362072,-0.00241531,-0.00120541,26,0,0.0140669
2025-04-19 00:00:00+00:00,0.00160146,1.13242,0.272921,0.00953204,-0.00201809,0.0129043,4.13002e-06,5.7151e-07,5.76061e-07,5.16834e-05,0.00155599,0.00353499,-0.001979,26,0,0.0140112
2025-04-20 00:00:00+00:00,0.000481339,1.13296,0.274826,0.00924309,-0.00439379,0.00207299,6.63513e-07,8.29391e-08,6.4542e-08,4.79709e-05,0.000435685,0.000249779,0.000185906,26,0,0.0133258
2025-04-21 00:00:00+00:00,-0.000207878,1.13273,0.245958,0.0280492,0.00486549,0.0947056,3.03074e-05,2.36731e-05,9.33248e-06,6.84557e-05,-0.000211238,0.000340052,-0.000497272,25.9375,0,0.013262
2025-04-22 00:00:00+00:00,0.00110689,1.13398,0.260506,0.0315781,0.00439512,0.0445636,1.42624e-05,7.30395e-06,2.32233e-06,5.63051e-05,0.00107834,0.0137564,-0.0126778,25.8958,0,0.0138211
2025-04-23 00:00:00+00:00,-0.00961799,1.12307,0.4272,0.0406548,-0.0029445,0.25309,8.65039e-05,5.59757e-05,4.20836e-05,5.38068e-05,-0.00947116,0.004862,-0.0143332,26.25,1,0.0247577
2025-04-24 00:00:00+00:00,0.00388798,1.12744,0.394345,0.029552,-0.00695372,0.108734,3.48062e-05,2.48447e-05,5.47061e-06,-4.81485e-06,0.00396571,0.00517149,-0.00120579,27.3958,0,0.0217428
2025-04-25 00:00:00+00:00,-0.00161053,1.12562,0.393475,0.016705,-0.00970013,0.0492405,1.57568e-05,5.40148e-06,2.63818e-06,3.07062e-05,-0.00160406,-0.00120443,-0.000399632,28,0,0.0190886
2025-04-26 00:00:00+00:00,0.00193009,1.1278,0.396093,0.0134038,-0.00758044,0.0224507,7.1831e-06,8.97887e-07,1.98703e-06,6.7443e-06,0.00193712,0.00322867,-0.00129155,28,0,0.0167901
2025-04-27 00:00:00+00:00,-9.06721e-05,1.12769,0.412144,0.00868704,-0.0111685,0.0866743,2.77259e-05,8.431e-06,6.08339e-06,1.52826e-06,-3.30444e-05,-0.00114593,0.00114838,27.625,0,0.018787
2025-04-28 00:00:00+00:00,0.0013714,1.12924,0.361916,-0.00238309,-0.00650974,0.172746,5.52757e-05,2.39483e-05,2.75596e-05,9.53651e-05,0.00138845,0.00347525,-0.00214706,24.6667,0,0.0188116
2025-04-29 00:00:00+00:00,-0.00417603,1.12453,0.353916,-0.0065833,-0.00376168,0.0336023,1.07472e-05,4.39605e-06,1.47888e-06,9.66971e-05,-0.00426001,-0.00510964,0.000849628,25.5833,0,0.0187514
2025-04-30 00:00:00+00:00,-0.000801682,1.12362,0.337778,-0.00889207,-0.00767798,0.0467246,1.49501e-05,2.49531e-06,3.41274e-06,6.67273e-05,-0.000844326,0.00149323,-0.00233755,26,0,0.0156272
2025-05-01 00:00:00+00:00,-0.00240137,1.12093,0.335464,-0.00550111,-0.00848804,0.0164634,5.26781e-06,6.58476e-07,1.03754e-06,5.25424e-05,-0.00244622,0.000404786,-0.00285101,26,0,0.0123255
2025-05-02 00:00:00+00:00,-7.6632e-05,1.12084,0.336255,-0.00147974,-0.00140296,0.0235678,7.54006e-06,4.1944e-06,7.42775e-07,2.95309e-06,-6.15611e-05,0.000485355,-0.000546916,26,0,0.0107666
2025-05-03 00:00:00+00:00,-0.00377307,1.11661,0.324094,-0.00473233,-0.00124426,0.00637391,2.039e-06,6.08764e-07,5.55674e-07,5.19759e-05,-0.00382597,-0.00788268,0.00405671,26,0,0.0120132
2025-05-04 00:00:00+00:00,0.00073469,1.11743,0.32285,-0.00964647,-0.00281294,0.0116716,3.73502e-06,3.06344e-06,5.56422e-07,7.90873e-05,0.000664058,-0.00365769,0.00432175,26,0,0.0113286
2025-05-05 00:00:00+00:00,-0.00128335,1.116,0.332441,-0.00395248,0.00306567,0.0374141,1.19682e-05,2.27119e-06,3.42642e-06,5.38761e-05,-0.00131749,0.000317772,-0.00161033,25,0,0.00970901
2025-05-06 00:00:00+00:00,0.000998832,1.11711,0.331429,0.00167521,0.0103035,0.0248925,7.96868e-06,1.12385e-06,1.08798e-06,0.000483698,0.000528591,-0.000977997,0.00150659,25,0,0.0104412
2025-05-07 00:00:00+00:00,-0.0056261,1.11083,0.309996,0.00918512,0.00602078,0.0635349,2.08765e-05,5.56336e-06,4.95418e-06,0.00032443,-0.00592653,-0.00247714,-0.00344939,26.3542,1,0.0102128
2025-05-08 00:00:00+00:00,0.00221527,1.11329,0.300636,0.00827136,0.00148314,0.0327552,1.04822e-05,2.01381e-06,1.33008e-06,0.000148079,0.00208239,0.0189145,-0.0168321,27,0,0.00780975
2025-05-09 00:00:00+00:00,0.00113671,1.11455,0.292581,0.00468661,-0.00324057,0.0571285,1.82808e-05,3.4448e-06,4.79799e-06,6.3015e-05,0.00110621,0.00688946,-0.00578326,27,0,0.00537135
2025-05-10 00:00:00+00:00,-0.00424924,1.10982,0.268309,0.0110638,0.00211098,0.0807425,3.31462e-05,2.23378e-05,4.28836e-06,5.78581e-05,-0.00425224,0.0074712,-0.0117234,26.2083,2,0.0056256
2025-05-11 00:00:00+00:00,0.00169093,1.11169,0.248799,0.0168031,0.00687756,0.00861045,2.75598e-06,8.51263e-07,6.41345e-07,1.70231e-05,0.00167859,-0.00391745,0.00559604,25,0,0.00464124
2025-05-12 00:00:00+00:00,0.00530013,1.11759,0.216682,0.0184516,0.00564301,0.0968783,3.4366e-05,2.63064e-05,9.78998e-06,5.027e-06,0.00535378,0.0054798,-7.45609e-05,22.7917,1,0.00533975
2025-05-13 00:00:00+00:00,9.24502e-05,1.11769,0.204823,0.0158727,0.00111056,0.0170761,5.46451e-06,2.558e-06,8.39541e-07,3.42444e-05,6.81986e-05,0.00322904,-0.00316084,23.2708,0,0.00707764
2025-05-14 00:00:00+00:00,0.000103827,1.11781,0.21792,0.0127113,-0.00132366,0.0164927,5.27629e-06,3.4332e-06,6.41888e-07,3.17988e-05,8.3378e-05,-0.00319251,0.00327589,24.4583,0,0.0100605
2025-05-15 00:00:00+00:00,-0.00131779,1.11633,0.207525,0.0164519,0.0045528,0.0321141,1.02755e-05,2.23072e-06,1.46613e-06,7.17005e-06,-0.00131076,-0.00509907,0.00379305,24.5833,0,0.00905053
2025-05-16 00:00:00+00:00,0.00129818,1.11778,0.204953,0.0107528,0.00511831,0.0157965,5.05457e-06,9.66101e-07,1.35508e-06,7.58191e-06,0.00129797,-0.000447247,0.00174521,25.7917,0,0.00996811
2025-05-17 00:00:00+00:00,-0.00159023,1.116,0.206464,0.00761429,0.00218529,0.00931937,2.9825e-06,3.72812e-07,3.24392e-07,2.25653e-05,-0.00160961,-0.00340383,0.00179422,26.5833,0,0.0096218
2025-05-18 00:00:00+00:00,0.000923144,1.11703,0.215049,0.00591473,0.00412876,0.00665682,2.13046e-06,2.66307e-07,2.29364e-07,3.94799e-05,0.000887466,0.00664105,-0.00575358,27,0,0.00966822
2025-05-19 00:00:00+00:00,0.00139004,1.11859,0.24801,-0.000537216,-0.000645089,0.117876,3.7719e-05,4.71488e-06,8.41726e-06,1.06169e-05,0.00143181,-0.000477276,0.00182669,25,0,0.0151892
2025-05-20 00:00:00+00:00,-0.00543394,1.11251,0.313936,-0.00152899,0.00285577,0.0420689,1.34579e-05,1.68224e-06,2.11206e-06,3.44119e-05,-0.00545989,-0.0026505,-0.00280939,25.8333,0,0.0171466
2025-05-21 00:00:00+00:00,-0.00293305,1.10925,0.340248,0.00708274,0.00432137,0.145775,5.01852e-05,9.00291e-06,2.12355e-05,-1.46283e-05,-0.00280332,0.00817814,-0.0109815,27.7917,1,0.0132928
2025-05-22 00:00:00+00:00,-0.00309753,1.10581,0.340111,0.00796954,0.00268128,0.0259406,8.30332e-06,2.02891e-06,1.53004e-06,2.94771e-05,-0.00311267,0.00724591,-0.0103586,28,0,0.0125502
2025-05-23 00:00:00+00:00,-0.00500077,1.10028,0.287946,0.00235486,0.00306852,0.0662184,2.11848e-05,6.25759e-06,2.96077e-06,-4.36714e-05,-0.00493365,-0.0121739,0.00724025,28,0,0.010311
2025-05-24 00:00:00+00:00,0.000907453,1.10128,0.250923,-0.00561697,0.00039327,0.0165987,5.31479e-06,1.06251e-06,1.04269e-06,-4.16196e-05,0.000958863,0.00218303,-0.00122417,28,0,0.00663539
2025-05-25 00:00:00+00:00,-1.97609e-05,1.10126,0.235211,-0.0059747,-0.00101874,0.0095985,3.07112e-06,3.8389e-07,2.17959e-07,-2.54608e-05,1.04238e-05,-0.000173116,0.00018354,28,0,0.0097386
2025-05-26 00:00:00+00:00,0.000907119,1.10226,0.211804,-0.00182258,0.00595134,0.0841142,2.69201e-05,6.57608e-06,1.30295e-05,-1.57304e-05,0.000969611,-0.000582986,0.00145473,25,0,0.0128633
2025-05-27 00:00:00+00:00,0.00103454,1.1034,0.236465,-0.00196714,0.00922586,0.0611198,1.95588e-05,2.44485e-06,1.82493e-06,-4.05687e-06,0.00106294,0.00258891,-0.00152597,25,0,0.0165147
2025-05-28 00:00:00+00:00,0.00494092,1.10885,0.273912,-0.0115794,0.00755996,0.0719326,2.30297e-05,2.87872e-06,2.89754e-06,-0.000152991,0.00511418,0.000561133,0.00455304,25.0833,0,0.0183924
2025-05-29 00:00:00+00:00,-6.10555e-05,1.10878,0.343646,-0.0215132,0.011306,0.0647526,2.07248e-05,3.22571e-06,1.87068e-06,-1.5623e-05,-1.60264e-05,-0.00689924,0.00688321,26,0,0.0227108
2025-05-30 00:00:00+00:00,-0.000573147,1.10814,0.372313,-0.0294964,0.00202083,0.138595,4.43557e-05,7.83834e-06,5.60584e-06,-2.86064e-05,-0.000481288,-0.0209616,0.0204798,25.6667,0,0.0232826
2025-05-31 00:00:00+00:00,0.000516837,1.10872,0.501155,-0.0606139,0.00250699,0.133378,4.26334e-05,9.66145e-06,6.39512e-06,-0.00015261,0.000751563,0.00589067,-0.00513911,25.9792,0,0.0222484
2025-06-01 00:00:00+00:00,0.000277356,1.10902,0.537058,-0.0598822,-0.00182218,0.0575101,1.8411e-05,2.85377e-06,2.74289e-06,-1.0516e-05,0.000319269,0.00506089,-0.00474162,27.5,0,0.022212
2025-06-02 00:00:00+00:00,0.00706785,1.11686,0.588345,-0.0127738,0.0101977,0.214565,6.87062e-05,1.24952e-05,1.97275e-05,5.87219e-05,0.0070937,0.00784878,-0.000749297,27.9792,0,0.0235415
2025-06-03 00:00:00+00:00,0.00228084,1.11941,0.618692,0.00881356,0.0155307,0.149077,4.77188e-05,6.38857e-06,7.11928e-06,5.29149e-05,0.00230035,0.000998986,0.00130136,28.5417,0,0.0266886
2025-06-04 00:00:00+00:00,0.0115371,1.13233,0.632141,-0.0115256,0.0120586,0.229046,7.33291e-05,1.45005e-05,1.10521e-05,0.000486557,0.0111011,0.000821673,0.0102794,30,0,0.0285328
2025-06-05 00:00:00+00:00,0.00331051,1.13607,0.743174,-0.0650703,0.00618765,0.254889,8.15859e-05,1.91175e-05,1.14828e-05,6.9181e-05,0.00336375,-0.0245013,0.027865,30,0,0.0309629
2025-06-06 00:00:00+00:00,-0.00314409,1.1325,0.758626,-0.0605929,0.00334175,0.744676,0.000238307,4.70143e-05,2.76534e-05,-0.000166321,-0.00265059,0.00687825,-0.00952884,30,0,0.0339683
2025-06-07 00:00:00+00:00,0.00823843,1.14183,0.812575,-0.027739,0.0158354,0.265577,8.50355e-05,3.03635e-05,7.28949e-06,0.000161694,0.00819655,0.0191197,-0.0109231,30,0,0.0330999
2025-06-08 00:00:00+00:00,0.00107068,1.14305,0.812259,-0.0413641,0.00666571,0.283024,9.05416e-05,2.13468e-05,9.18891e-06,0.000210454,0.000994935,0.00312639,-0.00213145,30,0,0.0344083
2025-06-09 00:00:00+00:00,4.8443e-05,1.14311,0.964018,-0.0240931,-0.0290632,0.564296,0.000180649,5.12153e-05,8.49546e-05,0.000710345,-0.000326314,0.0357308,-0.0359567,30,0,0.0345866
2025-06-10 00:00:00+00:00,-0.00519975,1.13717,1.03956,0.0325136,-0.0187291,0.519243,0.000165901,6.94074e-05,2.06515e-05,0.000800648,-0.00570967,0.0185158,-0.0242196,29.9375,0,0.0365562
2025-06-11 00:00:00+00:00,-0.0021744,1.13469,1.0578,0.0963045,-0.0011596,0.321564,0.000102907,2.0079e-05,1.72015e-05,0.000666725,-0.00265867,-0.0211332,0.0184745,29.5,0,0.0345647
2025-06-12 00:00:00+00:00,-0.00224921,1.13214,0.966736,0.0709779,-0.00356953,0.145817,4.66649e-05,1.29801e-05,5.8225e-06,-3.29895e-05,-0.00214125,-0.0349461,0.0328048,30,0,0.031845
2025-06-13 00:00:00+00:00,0.00279408,1.1353,0.910714,0.0527351,0.0023288,0.30574,9.78448e-05,1.82282e-05,1.4468e-05,-7.03805e-05,0.00300387,-0.00223179,0.00523565,30,0,0.0309303
2025-06-14 00:00:00+00:00,0.000412694,1.13577,0.984781,0.0585042,0.00419162,0.178709,5.71944e-05,1.83864e-05,1.07265e-05,1.6229e-05,0.000490372,-0.0107309,0.0112213,30,0,0.030692
2025-06-15 00:00:00+00:00,-0.00281006,1.13258,1.08884,0.0463259,0.000354484,0.185028,5.92047e-05,1.1521e-05,6.0047e-06,-4.55882e-05,-0.00268374,0.00282743,-0.00551117,30,0,0.0313356
2025-06-16 00:00:00+00:00,0.00942171,1.14325,1.37476,0.0896868,0.00314655,0.798282,0.000255594,0.000127597,5.87144e-05,0.000805979,0.00906036,0.00722269,0.00188945,30,0,0.0304642
2025-06-17 00:00:00+00:00,0.00199827,1.14554,1.30355,0.0286076,-0.00834782,0.174714,5.5947e-05,7.08001e-06,6.64133e-06,0.000317615,0.00177335,-0.0213678,0.0231412,30,0,0.0326987
2025-06-18 00:00:00+00:00,0.00215047,1.148,1.36768,0.0375119,-0.0013865,0.142356,4.55697e-05,1.18819e-05,5.47763e-06,0.000258503,0.0019758,0.0019192,5.66036e-05,30,0,0.0332329
2025-06-19 00:00:00+00:00,-0.00533368,1.14188,1.42681,0.0561783,0.00839863,0.210714,6.73175e-05,3.21565e-05,1.93983e-05,0.000193695,-0.00537668,-0.00688057,0.00150389,30,0,0.033196
2025-06-20 00:00:00+00:00,0.00795696,1.15096,1.43402,0.0764436,0.00695279,0.287811,9.21414e-05,4.13592e-05,1.62847e-05,2.56912e-05,0.00809061,-0.0208312,0.0289219,30,0,0.0341753
2025-06-21 00:00:00+00:00,-0.0044893,1.1458,1.42889,0.0849592,0.00133898,0.255388,8.17469e-05,1.36285e-05,1.31027e-05,0.00014406,-0.00449118,-0.0324813,0.0279901,30,0,0.0358469
2025-06-22 00:00:00+00:00,0.00348018,1.14978,1.44191,0.0753844,-0.00349004,0.27093,8.67187e-05,2.99408e-05,1.4972e-05,0.000116702,0.00354198,-0.0192519,0.0227938,30,0,0.0344508
2025-06-23 00:00:00+00:00,0.00303423,1.15327,1.48408,0.106469,0.00701217,0.35906,0.000114944,0.000108477,2.0448e-05,-6.80836e-05,0.00339271,0.0666682,-0.0632797,30,0,0.0352061
2025-06-24 00:00:00+00:00,0.00404158,1.15793,1.51101,0.0906552,0.000965394,0.245032,7.8408e-05,7.99135e-05,1.35155e-05,-2.25137e-05,0.00425128,0.00195757,0.00229371,30,0,0.0352278
2025-06-25 00:00:00+00:00,0.00940535,1.16882,1.41032,0.098052,-0.00185771,0.156478,5.01619e-05,6.14005e-05,1.0549e-05,-0.000279275,0.0097836,-0.0141758,0.0239594,30,0,0.0375762
2025-06-26 00:00:00+00:00,0.0110113,1.18169,1.28463,0.0578214,-0.00832486,0.635494,0.000203379,0.000273999,2.72753e-05,-0.000229393,0.0117039,-0.00717944,0.0188833,30,0,0.0417541
2025-06-27 00:00:00+00:00,-0.0125776,1.16683,1.03557,-0.0156277,-0.0152497,0.343439,0.00010981,0.000122571,9.91084e-06,-0.000495635,-0.0119003,0.00641249,-0.0183128,30,0,0.04307
2025-06-28 00:00:00+00:00,0.00168933,1.1688,0.953297,-0.0497585,-0.0191424,0.10228,3.27317e-05,3.96567e-05,2.73847e-06,-0.000378782,0.00216402,0.00932745,-0.00716343,30,0,0.0396788
2025-06-29 00:00:00+00:00,-0.00129789,1.16729,0.9268,-0.0602306,-0.0298126,0.223485,7.15017e-05,7.74596e-05,1.25124e-05,-0.000884637,-0.000218379,0.0211593,-0.0213777,30,0,0.0398232
2025-06-30 00:00:00+00:00,0.00389669,1.17183,0.969462,-0.0453929,-0.00583992,0.920271,0.000294504,0.000212423,4.65597e-05,-7.87159e-06,0.00446251,-0.0137453,0.0184009,30,0,0.04073
2025-07-01 00:00:00+00:00,-0.00200719,1.16948,0.917398,-0.101873,-0.0128663,1.63667,0.000523683,0.000262157,6.29537e-05,3.81406e-05,-0.00118931,-0.0216461,0.0204566,29.625,0,0.0440773
2025-07-02 00:00:00+00:00,0.000834267,1.17046,0.760442,-0.0331247,-0.0116505,1.74603,0.000558858,0.000133223,5.81745e-05,-3.34321e-05,0.00164089,0.0233244,-0.0216841,22.5833,0,0.045337
2025-07-03 00:00:00+00:00,0.00108949,1.17173,1.32181,0.00595426,-0.0349311,2.24301,0.000717726,0.000115563,9.54461e-05,0.00022751,0.00182129,0.00811638,-0.00629501,26.7917,0,0.0480014
2025-07-04 00:00:00+00:00,0.0044937,1.177,1.07737,0.0288357,0.00332044,2.08699,0.000667914,0.000138698,8.39458e-05,0.000183291,0.00520345,-0.0224643,0.0276681,24.6667,0,0.0472148
2025-07-05 00:00:00+00:00,0.00333869,1.18093,1.2712,-0.0215894,-0.0107677,0.79863,0.0002556,5.09025e-05,3.25353e-05,-0.000138832,0.00382952,0.0047843,-0.000954785,25.4167,0,0.0445862
2025-07-06 00:00:00+00:00,-0.000794385,1.17999,1.36712,-0.0473173,-0.0153996,0.522378,0.000167106,6.23305e-05,2.96381e-05,-0.000415164,-0.000108324,0.0122476,-0.0123559,26,0,0.044009
2025-07-07 00:00:00+00:00,-0.00439402,1.1748,1.51833,0.0548795,0.020816,0.777643,0.000248765,6.24614e-05,8.88592e-05,-0.000104214,-0.00386911,-0.0174755,0.0136133,25.1458,0,0.0440368
2025-07-08 00:00:00+00:00,6.30022e-06,1.17481,1.49655,0.053376,0.0136986,0.265542,8.49522e-05,1.97473e-05,1.03785e-05,2.9644e-05,0.000132882,0.0112516,-0.0111187,26.2708,0,0.0436846
2025-07-09 00:00:00+00:00,0.00220132,1.1774,1.51944,0.0219458,0.000321194,0.503288,0.000160995,8.72868e-05,2.03407e-05,0.000189472,0.00230936,0.038899,-0.0365897,27,0,0.0425971
2025-07-10 00:00:00+00:00,0.0146136,1.1946,1.43573,-0.0498945,-0.013296,1.08673,0.000356622,0.000156252,4.33929e-05,1.3106e-05,0.0151062,0.0661799,-0.0510737,27.7292,2,0.0433399
2025-07-11 00:00:00+00:00,-0.0144909,1.17729,1.21169,-0.0951078,-0.00188055,0.843859,0.000274418,9.50419e-05,5.10342e-05,4.24838e-05,-0.0141466,0.00268244,-0.0168291,26.6042,1,0.0436711
2025-07-12 00:00:00+00:00,0.00873569,1.18758,1.16443,-0.0694971,0.00412766,0.760304,0.000243372,0.000121471,4.17107e-05,-7.27621e-05,0.00921625,-0.00577841,0.0149947,27.8333,0,0.0423498
2025-07-13 00:00:00+00:00,-0.00400796,1.18282,0.987857,0.012003,0.00121059,0.842796,0.000275533,0.000148978,4.49371e-05,2.80457e-05,-0.0035375,0.00965746,-0.013195,29.0833,1,0.0442519
2025-07-14 00:00:00+00:00,0.00543611,1.18925,1.21473,0.107033,0.0143283,0.88191,0.000289046,0.000232449,9.26412e-05,2.64549e-05,0.00605093,0.0120731,-0.00602879,29.9583,1,0.0423133
2025-07-15 00:00:00+00:00,0.00284041,1.19263,0.577533,0.0320107,0.000869134,1.51004,0.000483224,0.000334242,5.34515e-05,7.90344e-05,0.00365068,0.00258925,0.00106172,25.7917,0,0.0410278
2025-07-16 00:00:00+00:00,-0.0162513,1.17324,0.511608,0.0413749,-0.000573882,1.1263,0.000371761,0.000106483,5.88167e-05,4.81056e-05,-0.0158639,0.00282519,-0.0186891,19.1667,1,0.0395698
2025-07-17 00:00:00+00:00,0.00450252,1.17853,0.596523,0.0862501,0.00309139,0.617202,0.000216686,4.93866e-05,7.77573e-05,4.92868e-05,0.0048431,0.00465303,0.000190074,23.4375,2,0.035423
2025-07-18 00:00:00+00:00,0.00586212,1.18544,0.785646,0.0747455,0.00968587,0.731527,0.000234177,8.39631e-05,3.31279e-05,2.65633e-05,0.00620956,-0.00326399,0.00947355,25.8958,0,0.034101
2025-07-19 00:00:00+00:00,-0.00638429,1.17787,0.942559,0.0755959,0.00768096,0.30992,9.91658e-05,4.57421e-05,1.60199e-05,3.64804e-05,-0.00625372,0.00647827,-0.012732,26.875,0,0.0359614
2025-07-20 00:00:00+00:00,0.00325329,1.1817,0.760039,0.0827858,0.00955164,1.43067,0.000457863,0.000194894,4.40163e-05,4.05882e-05,0.00394263,0.0241439,-0.0202005,25.8125,0,0.0422429
2025-07-21 00:00:00+00:00,-0.0163668,1.16236,0.657536,0.102568,0.0204889,1.62084,0.000518326,0.000366439,0.000116111,0.000143477,-0.0155747,0.00494415,-0.0203063,22.0208,0,0.0396354
2025-07-22 00:00:00+00:00,0.00870449,1.17248,0.715602,0.0607507,0.0126078,0.283325,9.06692e-05,2.80303e-05,1.04044e-05,0.000103236,0.00875537,0.00949599,-0.000740615,24.625,0,0.0363492
2025-07-23 00:00:00+00:00,0.000198524,1.17271,0.897494,0.0233512,-0.00410098,0.34098,0.000109148,4.72818e-05,1.31045e-05,9.13409e-05,0.000380288,-0.03685,0.0372303,25.9375,0,0.035583
2025-07-24 00:00:00+00:00,0.00987035,1.18428,1.03008,-0.0319822,-0.00320827,0.454301,0.000145398,0.000109402,2.01109e-05,4.39305e-05,0.0100977,-0.0077885,0.0178862,26.9167,0,0.0350605
2025-07-25 00:00:00+00:00,-0.00195295,1.18197,1.16942,-0.0285356,0.0017539,0.436824,0.000139738,0.000116248,1.40115e-05,7.83126e-05,-0.00174381,0.0158711,-0.0176149,28,0,0.0354941
2025-07-26 00:00:00+00:00,0.00164189,1.18391,1.0213,0.0135185,0.00560414,0.607668,0.000194392,0.000112702,1.31348e-05,3.1818e-05,0.00195067,0.00658474,-0.00463407,28.1458,0,0.0350025
2025-07-27 00:00:00+00:00,0.00366744,1.18825,0.90248,0.0393837,0.00936287,0.617253,0.000197636,8.30696e-05,1.90849e-05,1.13385e-05,0.00397141,0.0130355,-0.00906404,29,0,0.0358366
2025-07-28 00:00:00+00:00,0.0255069,1.21856,1.0033,0.126285,0.0310614,0.933657,0.000298895,0.000118202,6.66609e-05,-1.42693e-05,0.0257747,-0.0134969,0.0391218,29,0,0.0393879
2025-07-29 00:00:00+00:00,0.00939638,1.23001,0.850482,0.0949625,0.00858935,1.02442,0.000327908,0.00021758,3.60202e-05,2.82822e-05,0.00998679,0.000913828,0.00907297,29,0,0.0470092
2025-07-30 00:00:00+00:00,0.0111879,1.24377,0.814971,0.0513887,0.00823853,1.29006,0.00041299,0.000170719,4.34723e-05,5.58789e-05,0.0117392,0.00278416,0.00895499,29.0833,0,0.0529944
2025-07-31 00:00:00+00:00,0.0087691,1.25468,0.898586,0.0616609,-0.0058548,1.14167,0.000365447,6.5236e-05,3.50333e-05,8.46005e-05,0.00917303,-0.0113515,0.0205246,30,0,0.0554217
2025-08-01 00:00:00+00:00,-0.00457914,1.24894,0.838407,0.0832007,-0.00108429,1.72993,0.000553541,0.000115348,4.79195e-05,6.32585e-05,-0.0038794,-0.0172935,0.0134142,27.4375,0,0.0565582
2025-08-02 00:00:00+00:00,-0.00711244,1.24005,1.02876,0.10379,0.012884,1.19487,0.000382336,6.16371e-05,4.21299e-05,5.61735e-05,-0.00667514,-0.0159059,0.00923075,25,0,0.0541739
2025-08-03 00:00:00+00:00,0.0110714,1.25378,1.1612,0.0998456,0.00908137,0.868539,0.000278014,9.44914e-05,2.65196e-05,0.00012871,0.011315,0.0328327,-0.0215177,25.25,0,0.0548133
2025-08-04 00:00:00+00:00,-0.00593088,1.24635,1.31758,0.131094,0.024696,1.7387,0.000556377,0.00028453,0.00011649,7.10568e-05,-0.00501732,0.0224435,-0.0279596,29.7083,0,0.0565442
2025-08-05 00:00:00+00:00,-0.00360548,1.24185,0.865207,0.102232,0.0128954,1.30753,0.000418346,0.000140772,3.98237e-05,8.79488e-05,-0.0030654,-0.0176872,0.0146218,30,0,0.0554988
2025-08-06 00:00:00+00:00,0.0161622,1.26192,0.534265,0.0792722,0.0114918,0.642022,0.000205535,8.80432e-05,2.1277e-05,5.0968e-05,0.0163255,0.0172559,-0.000930441,30,0,0.0574708
2025-08-07 00:00:00+00:00,-0.00417684,1.25665,0.906866,0.150501,0.0279396,1.61263,0.00051602,0.000370732,5.39355e-05,-2.26505e-05,-0.00316782,0.0219804,-0.0251482,30,0,0.0611778
2025-08-08 00:00:00+00:00,-0.0102265,1.2438,1.27261,0.228897,0.0284081,1.99615,0.000638571,0.000313904,6.12799e-05,7.26811e-05,-0.00927931,0.00286846,-0.0121478,30,0,0.0600979
2025-08-09 00:00:00+00:00,-0.0206563,1.21811,1.43141,0.256993,0.0158144,1.16256,0.000371634,0.000161591,4.26328e-05,-9.11511e-06,-0.0202264,-0.00210303,-0.0181233,30,0,0.0546019
2025-08-10 00:00:00+00:00,0.0114634,1.23207,1.09378,0.212611,0.0060002,1.93274,0.000618795,0.000145893,5.22987e-05,-2.60003e-05,0.0122742,0.00906444,0.00320968,28.1042,0,0.0501834
2025-08-11 00:00:00+00:00,0.0232738,1.26075,1.13197,0.188491,0.00461275,1.84617,0.000591177,0.000223077,6.0957e-05,8.60449e-05,0.0238498,-0.013604,0.0374539,25.4583,0,0.0527116
2025-08-12 00:00:00+00:00,-0.0052641,1.25411,1.18822,0.089898,-0.00672605,2.03915,0.000652462,0.000157124,7.21559e-05,0.000125232,-0.00446037,0.0399114,-0.0443761,28.9792,0,0.0588768
2025-08-13 00:00:00+00:00,0.000661924,1.25494,1.23237,0.138176,0.00458138,2.04724,0.000655154,0.000156398,7.72778e-05,-8.83538e-06,0.00162378,0.017741,-0.0161172,29.9583,0,0.0568167
2025-08-14 00:00:00+00:00,0.0102527,1.26781,1.36298,0.184175,0.00133009,2.09407,0.000670249,0.000169084,8.70427e-05,4.39164e-05,0.0111357,-0.0456157,0.0567513,30,0,0.0551358
2025-08-15 00:00:00+00:00,-0.0107809,1.25414,1.49308,0.144961,-0.00264722,1.64655,0.000526739,0.000177027,7.54036e-05,-1.73793e-05,-0.00997042,-0.0139381,0.00396765,30,0,0.0552539
2025-08-16 00:00:00+00:00,0.00764347,1.26373,1.61617,0.105437,-0.0084327,0.972756,0.000311353,0.000109247,3.33545e-05,-1.85788e-05,0.00811798,0.0112839,-0.00316589,30,0,0.0541601
2025-08-17 00:00:00+00:00,0.0085987,1.27459,1.87874,0.138967,0.00151713,0.85921,0.000275034,0.000116896,3.18734e-05,-8.9287e-06,0.00906085,0.0189088,-0.009848,30,0,0.0555492
2025-08-18 00:00:00+00:00,-0.0016149,1.27253,0.835391,-0.023853,-0.0164753,3.85604,0.00123376,0.000458655,0.000203564,-1.46821e-05,0.000318166,-0.0163764,0.0166468,26.5625,0,0.0580599
2025-08-19 00:00:00+00:00,-0.00149941,1.27063,0.595671,-0.0434769,-0.0129599,1.1995,0.000383804,0.000187367,2.98592e-05,1.77904e-05,-0.000893745,-0.0121207,0.0112265,18.3125,0,0.0564653
2025-08-20 00:00:00+00:00,0.00424842,1.27602,0.445986,-0.060341,-0.0209948,0.887051,0.000283882,0.000224062,2.88865e-05,-3.34107e-05,0.00483137,0.0109764,-0.00614516,15.1667,0,0.0558079
2025-08-21 00:00:00+00:00,0.00609574,1.2838,0.6332,-0.0145466,-0.0130875,1.43961,0.000460807,0.000391961,5.57257e-05,-5.7377e-05,0.00705931,-0.0104226,0.0174814,16.375,0,0.0576589
2025-08-22 00:00:00+00:00,0.00255213,1.28708,0.530452,0.0115067,-0.00654315,1.29882,0.000415709,0.000323148,4.89161e-05,2.19189e-05,0.00334299,0.0304604,-0.0271167,17.7708,0,0.0581282
2025-08-23 00:00:00+00:00,0.0049309,1.29342,0.734564,0.00965265,-0.011328,1.1294,0.000361453,0.000178695,3.3282e-05,-1.26881e-06,0.00551109,-0.00329902,0.00881036,16.875,0,0.0591367
2025-08-24 00:00:00+00:00,0.00757192,1.30322,0.496036,0.0282009,-0.0137496,1.19634,0.000382926,0.000188669,3.34635e-05,-3.64477e-05,0.00819719,-0.00157687,0.00977399,18.9375,0,0.059796
2025-08-25 00:00:00+00:00,-0.0152346,1.28336,0.642009,0.0210657,-0.00420248,1.37727,0.000440589,0.000212688,5.66358e-05,-0.00158995,-0.0129624,-0.0307929,0.0181652,21.7917,0,0.0606239
2025-08-26 00:00:00+00:00,-0.00117232,1.28186,0.912979,-0.0489991,-0.0141772,1.47584,0.000472324,0.000237215,4.57398e-05,-0.000711341,0.000329277,0.0126337,-0.0123043,23.2917,0,0.0587536
2025-08-27 00:00:00+00:00,0.00431783,1.28739,1.04444,-0.0161523,-0.0115973,1.65768,0.000530532,0.000178931,5.0243e-05,0.000894576,0.0041998,-0.00876578,0.0129654,21.7292,0,0.0572352
2025-08-28 00:00:00+00:00,-0.00893788,1.27589,1.12059,0.0210692,-0.0127453,2.11984,0.000678366,0.00018606,6.51014e-05,0.00065504,-0.00866669,0.00779765,-0.0164641,22.9583,0,0.0565053
2025-08-29 00:00:00+00:00,0.00204148,1.27849,0.750869,-0.0109003,-0.0168012,1.38881,0.000444484,0.000100506,4.0315e-05,8.55629e-05,0.0025691,-0.0158907,0.0184596,20.8125,0,0.0542571
2025-08-30 00:00:00+00:00,0.000171689,1.27871,0.770436,-0.057192,-0.0191612,1.04454,0.000334255,0.000110184,2.75587e-05,0.000233922,0.000434402,0.00277899,-0.00234465,19.5208,0,0.0508923
2025-08-31 00:00:00+00:00,0.000964153,1.27995,0.647211,-0.0401293,-0.00220696,1.09932,0.00035179,0.000140045,2.80905e-05,0.000591221,0.000900498,-0.00324909,0.00414963,18.625,0,0.0512083
2025-09-01 00:00:00+00:00,-0.0106696,1.26629,0.911623,-0.0383409,0.0450904,1.61902,0.00051806,0.000188046,0.000104772,0.000110706,-0.00995914,-0.0110458,0.0010903,20.2917,0,0.0514156
2025-09-02 00:00:00+00:00,-0.00811067,1.25602,1.39428,-0.0810113,0.0369512,0.462029,0.000147824,3.0194e-05,2.09394e-05,0.000187162,-0.00809202,0.0202948,-0.0283868,26.0417,0,0.0489062
2025-09-03 00:00:00+00:00,0.00369991,1.26067,1.58979,-0.0787802,0.0292217,0.422458,0.000135299,3.98574e-05,2.18524e-05,0.000185355,0.0037659,0.0129548,-0.00918887,28.6667,0,0.0462915
2025-09-04 00:00:00+00:00,-0.0095817,1.24859,1.32599,-0.0391266,0.0186256,1.55235,0.000496633,0.000196333,4.9749e-05,0.000251952,-0.00907251,-0.0260885,0.017016,28.9792,0,0.0472959
2025-09-05 00:00:00+00:00,0.0023972,1.25158,0.570739,-0.00361043,0.00290862,1.07444,0.000343849,0.000104527,2.3868e-05,0.000268394,0.00261062,0.00838646,-0.00577566,19.5833,0,0.0461222
2025-09-06 00:00:00+00:00,0.00301633,1.25535,0.561192,0.00241313,-0.000463836,1.27197,0.000407034,7.87522e-05,3.60818e-05,-0.000135603,0.00367471,0.000429279,0.00324594,17.5417,0,0.0472789
2025-09-07 00:00:00+00:00,0.0010322,1.25665,0.49899,0.0132627,-0.00629594,1.46015,0.000467272,9.10881e-05,4.37967e-05,-7.37534e-05,0.00171567,0.00844503,-0.00672944,15.7292,0,0.0491682
2025-09-08 00:00:00+00:00,-0.0223909,1.22851,1.26764,0.26202,0.034472,1.34552,0.000430547,0.000134865,0.000128096,0.000100395,-0.0219901,-0.00340238,-0.0185855,21.1042,0,0.0492565
2025-09-09 00:00:00+00:00,0.00306856,1.23228,1.39151,0.309442,0.0371601,0.557774,0.000178443,9.583e-05,2.05661e-05,7.20123e-05,0.00335359,0.00108907,0.00226451,24.7917,0,0.047142
2025-09-10 00:00:00+00:00,-0.000626157,1.23151,1.54812,0.252413,0.00499614,0.612192,0.000195954,5.93729e-05,2.22959e-05,0.000225034,-0.000531197,0.0140424,-0.0145736,27.3333,0,0.0462846
2025-09-11 00:00:00+00:00,0.0246807,1.26191,1.59471,0.2283,0.00745331,1.56845,0.000502129,0.000351422,7.62763e-05,0.00032168,0.0251568,0.0310014,-0.00584461,28.5208,0,0.0489288
2025-09-12 00:00:00+00:00,0.00618049,1.2697,0.992506,0.106523,0.00387552,1.66562,0.000533123,0.000419216,4.21809e-05,0.00019415,0.00698539,0.012141,-0.00515559,29.875,0,0.053971
2025-09-13 00:00:00+00:00,-0.0100401,1.25696,0.933466,0.0631094,-0.00822941,1.52553,0.000491123,0.000310468,4.70633e-05,0.000182203,-0.00934845,0.00451576,-0.0138642,30,1,0.0534212
2025-09-14 00:00:00+00:00,-0.0017049,1.25481,0.692178,0.0319747,-0.0212026,1.31239,0.000419981,0.000256577,4.71914e-05,-9.92403e-05,-0.00083728,-0.0057735,0.00493622,30,0,0.0522024
2025-09-15 00:00:00+00:00,0.0122856,1.27023,0.680618,-0.00706916,0.00566982,2.42657,0.000776948,0.000412725,0.000186844,-7.22549e-05,0.0136741,3.84405e-05,0.0137386,22.75,0,0.0534363
2025-09-16 00:00:00+00:00,0.00650331,1.27849,0.742746,-0.0279236,-0.00925156,1.83915,0.000588646,0.000407279,6.75968e-05,-0.00016268,0.0077228,0.00645264,0.00126976,21.7292,0,0.0559696
2025-09-17 00:00:00+00:00,0.00708465,1.28755,1.06482,0.026161,0.0229786,2.52483,0.000808116,0.000604764,0.000112865,-4.57149e-05,0.00865223,0.020048,-0.011396,20.9583,0,0.0601166
2025-09-18 00:00:00+00:00,0.00505649,1.29406,0.907717,0.0700101,0.0120874,2.21828,0.000710004,0.000494537,8.67642e-05,5.04362e-05,0.00632005,0.0108688,-0.00454867,22.5417,0,0.0576596
2025-09-19 00:00:00+00:00,0.00575498,1.30151,1.12377,0.0924493,0.00505744,1.63539,0.000523349,0.000302835,6.02833e-05,-3.82724e-05,0.00668579,-0.0195652,0.0262509,26.1875,0,0.0585175
2025-09-20 00:00:00+00:00,0.000508093,1.30217,0.723194,0.0109947,-0.0191981,1.32276,0.000423283,0.000246713,4.25147e-05,-0.000301628,0.00156066,0.00530599,-0.00374541,22.1667,0,0.0598057
2025-09-21 00:00:00+00:00,0.00418059,1.30761,0.752424,0.0254154,-0.0188465,0.711701,0.000227798,0.000162359,2.74633e-05,-0.000175808,0.00477695,-0.00415717,0.0089342,17.6042,0,0.0609198
2025-09-22 00:00:00+00:00,0.0114939,1.32264,0.98911,-0.0173836,-0.0160635,3.05578,0.000980841,0.000377672,0.000234843,-0.000144302,0.013204,-0.0260285,0.0369606,24.1458,1,0.0623417
2025-09-23 00:00:00+00:00,0.0118804,1.33835,0.900434,0.0127625,-0.00957054,1.4763,0.000472559,0.000116241,4.79376e-05,0.000151103,0.0123225,0.00153521,0.0107871,23.2708,0,0.0643447
2025-09-24 00:00:00+00:00,-0.0114061,1.32309,1.23947,0.0667536,-0.00626111,1.56488,0.00050064,0.000106383,4.35987e-05,1.1035e-05,-0.0107953,-0.00583535,-0.00495987,23.1042,0,0.0661967
2025-09-25 00:00:00+00:00,-0.0106952,1.30894,1.24619,0.0724477,-0.00898526,1.52185,0.00048699,0.000113812,4.74383e-05,0.000156118,-0.0101972,-0.0563474,0.0461505,23.0417,0,0.0637407
2025-09-26 00:00:00+00:00,-0.00963569,1.29633,1.14056,0.0739434,-0.0116749,1.07492,0.000343875,5.88809e-05,4.21879e-05,3.48683e-05,-0.00921307,0.0202418,-0.0294548,25.6458,0,0.0598729
2025-09-27 00:00:00+00:00,0.000609649,1.29712,1.13501,0.0950706,-0.0131211,1.36625,0.000437248,9.18561e-05,3.73402e-05,1.70976e-06,0.00119894,-0.00294399,0.00414293,26,0,0.0558915
2025-09-28 00:00:00+00:00,0.00704962,1.30626,1.52271,0.147834,-0.0171133,0.761626,0.000243775,8.53096e-05,2.95194e-05,0.000101044,0.00731115,0.0353625,-0.0280514,26.5208,0,0.0575054
2025-09-29 00:00:00+00:00,0.0146742,1.32543,1.9961,0.243812,0.0300948,0.601077,0.000192568,6.34089e-05,5.97455e-05,-7.54165e-05,0.0150181,0.00367764,0.0113409,28,0,0.0601614
2025-09-30 00:00:00+00:00,-0.00626283,1.31713,1.86494,0.230912,0.0430599,0.839065,0.0002684,0.000189862,2.6465e-05,0.000145535,-0.00589656,-0.017784,0.0118874,28,0,0.0611922
2025-10-01 00:00:00+00:00,-0.00785211,1.30678,1.85513,0.192713,0.0215418,0.320862,0.000102565,4.98986e-05,1.63137e-05,1.42221e-05,-0.00764237,0.0424557,-0.0500981,28.0625,0,0.0568052
2025-10-02 00:00:00+00:00,0.00160865,1.30889,1.81361,0.191989,0.0134434,0.860146,0.000275205,5.55571e-05,3.30575e-05,3.54957e-05,0.0020313,0.029687,-0.0276557,29,0,0.0543628
2025-10-03 00:00:00+00:00,0.0307002,1.34907,1.57516,0.234891,0.0154779,0.992015,0.000317708,7.28681e-05,4.35616e-05,0.000104528,0.0306321,0.0226513,0.00798077,29,0,0.0564819
2025-10-04 00:00:00+00:00,-0.00229633,1.34597,1.48718,0.219724,-0.000513738,1.48257,0.00047427,7.55717e-05,5.21414e-05,1.00852e-06,-0.00164906,-0.020174,0.0185249,29,0,0.0616414
2025-10-05 00:00:00+00:00,0.00478535,1.35241,1.22581,0.221889,0.00377549,1.75723,0.000562353,9.55688e-05,6.83709e-05,0.000127395,0.00539938,-0.00319706,0.00859644,29,0,0.0614865
2025-10-06 00:00:00+00:00,0.0149476,1.37263,1.4934,0.256938,0.0366923,2.26327,0.000724602,0.000194099,0.000133207,-4.66154e-05,0.0159972,0.031001,-0.0149994,28.25,0,0.0609669
2025-10-07 00:00:00+00:00,0.0268141,1.40943,1.10644,0.178419,-0.00826853,1.83786,0.000588528,0.000200291,6.11398e-05,5.22818e-05,0.0272992,-0.00708644,0.0343856,29.1667,0,0.0627877
2025-10-08 00:00:00+00:00,0.000772747,1.41052,1.06694,0.137167,-0.00630517,1.99541,0.000638567,0.000208063,7.37396e-05,1.51558e-05,0.00172779,0.00932997,-0.00760195,26.9792,0,0.0673859
2025-10-09 00:00:00+00:00,0.0142718,1.43065,0.879425,0.085674,0.00448724,1.67904,0.000537474,0.000246513,6.46745e-05,5.41809e-05,0.0149997,-0.00825333,0.0232529,21.3333,0,0.0682044
2025-10-10 00:00:00+00:00,0.000767897,1.43175,1.04403,0.0315567,-0.00623033,3.2826,0.00110469,0.000475251,0.00265324,0.000894373,0.00431333,-0.120835,0.125148,23.6458,11,0.0705488
2025-10-11 00:00:00+00:00,0.00879097,1.44434,0.706448,0.0200883,-0.000173356,1.07211,0.000343139,0.000216746,0.000355773,0.000293417,0.00944292,0.00424308,0.00519984,28.6458,0,0.0704079
2025-10-12 00:00:00+00:00,0.00994661,1.45871,0.773069,0.0817615,-0.000925463,1.39035,0.000445069,0.000246868,0.00029703,0.000138363,0.0107829,0.0422362,-0.0314533,29.3125,0,0.0722232
2025-10-13 00:00:00+00:00,-0.00136395,1.45672,1.05545,0.0998188,0.00163603,1.95505,0.000625783,0.00031986,0.000570119,7.32541e-05,9.75494e-05,0.0187549,-0.0187201,30,0,0.0742267
2025-10-14 00:00:00+00:00,0.000825786,1.45792,1.07215,0.0163614,7.0489e-05,1.58997,0.000508804,0.000278356,0.000163641,2.08243e-05,0.00178143,-0.0226827,0.0244641,30,0,0.0723384
2025-10-15 00:00:00+00:00,0.00820457,1.46988,1.18213,-0.023316,0.00312649,1.61181,0.00051594,0.000214872,0.000126893,-8.53582e-05,0.00914012,-0.0210633,0.0302034,30,0,0.0704491
2025-10-16 00:00:00+00:00,0.00704771,1.48024,1.58132,-0.0144135,0.000742767,2.20572,0.000705944,0.000217678,0.000163513,-0.000300842,0.00844447,-0.0288193,0.0372638,30,0,0.0713953
2025-10-17 00:00:00+00:00,-0.0114101,1.46335,1.45089,0.033837,-0.000493218,2.52118,0.000806687,0.000490408,0.000180685,1.5802e-05,-0.00995597,-0.0262217,0.0162657,30,0,0.0728534
2025-10-18 00:00:00+00:00,-0.0142439,1.44251,1.28088,0.0512717,-0.00295663,1.56787,0.00050154,7.53011e-05,7.84792e-05,-0.00014202,-0.013505,0.0116312,-0.0251362,30,0,0.0699186
2025-10-19 00:00:00+00:00,0.00307691,1.44694,1.32999,0.0434992,0.00420277,1.48169,0.000474096,7.04995e-05,6.87187e-05,2.16436e-06,0.00372403,0.0129932,-0.00926912,30,0,0.0675067
2025-10-20 00:00:00+00:00,-0.00374024,1.44153,1.67496,0.0383504,0.00211416,2.00936,0.00064316,0.000184561,0.000173831,-0.000101942,-0.00259797,0.00859014,-0.0111922,30,0,0.0661948
2025-10-21 00:00:00+00:00,-0.00583017,1.43313,1.78949,0.0708165,0.0125643,1.54505,0.000494365,9.99142e-05,6.09227e-05,-9.34052e-05,-0.00505021,-0.0286895,0.0236393,30,0,0.0662644
2025-10-22 00:00:00+00:00,0.00663622,1.44264,1.83491,0.0272363,0.00897365,1.07897,0.000345338,4.55097e-05,5.15416e-05,-0.000500265,0.00760872,-0.0176386,0.0252473,30,0,0.0642131
2025-10-23 00:00:00+00:00,0.00278538,1.44666,1.71452,-0.0384131,-0.000640916,2.07748,0.000665229,8.85564e-05,8.02073e-05,-9.42216e-05,0.003768,0.0291543,-0.0253863,30,0,0.0632543
2025-10-24 00:00:00+00:00,-0.00111384,1.44505,1.86462,0.0287418,0.0211181,1.38244,0.000442315,0.000108018,4.46097e-05,-0.000125291,-0.000360176,0.0213552,-0.0217153,30,0,0.0633641
2025-10-25 00:00:00+00:00,0.00312435,1.44956,1.91216,-0.00326038,0.00171716,0.953241,0.000305054,7.27548e-05,3.45526e-05,-0.0001983,0.00375679,0.00982285,-0.00606606,30,0,0.0647292
2025-10-26 00:00:00+00:00,-0.0231515,1.416,1.77847,-0.0166314,-0.00661418,1.09302,0.000349574,0.000117708,3.48752e-05,-0.000183801,-0.0226562,0.0387433,-0.0613995,30,0,0.0638712
2025-10-27 00:00:00+00:00,0.0205894,1.44516,0.772184,0.0291234,-0.00086406,2.37095,0.000758631,0.000588096,0.000261824,-0.000283103,0.0223375,0.00853889,0.0137583,30,0,0.0593815
2025-10-28 00:00:00+00:00,-0.0125695,1.42699,0.589539,0.0250131,-0.0202761,0.593206,0.000189799,0.000182785,2.80498e-05,-2.46475e-05,-0.0121647,-0.0108803,-0.00128442,30,0,0.0607962
2025-10-29 00:00:00+00:00,0.00609955,1.4357,0.55855,0.0393046,-0.0332153,1.27021,0.000406569,0.000333824,5.83397e-05,5.66938e-05,0.00687563,0.00147494,0.00540068,30,0,0.0597675
2025-10-30 00:00:00+00:00,0.00970382,1.44963,0.768295,0.0938983,-0.0274465,1.35042,0.000432365,0.000238839,7.24664e-05,0.000189795,0.0102646,-0.0236478,0.0339124,30,0,0.0586304
2025-10-31 00:00:00+00:00,-0.00179089,1.44703,0.867473,0.0587525,-0.0348265,2.07441,0.000663857,0.000360122,0.000100593,0.000171497,-0.000800692,0.00783932,-0.00864001,30,0,0.0593777
2025-11-01 00:00:00+00:00,-0.0137199,1.42718,1.08267,0.0826895,-0.0217191,1.51693,0.000485225,0.000244798,7.8066e-05,0.000101007,-0.0130656,-0.00296107,-0.0101045,29.0833,0,0.0569032
2025-11-02 00:00:00+00:00,0.015392,1.44914,0.973042,0.128999,-0.00138302,1.82661,0.000584801,0.000263881,7.8064e-05,-6.47752e-05,0.0163348,0.00517309,0.0111617,29,0,0.0545755
2025-11-03 00:00:00+00:00,-0.00492689,1.442,0.989844,0.0998458,0.00801117,2.11557,0.000677475,0.000185803,0.000129439,3.94788e-05,-0.0038802,-0.0489868,0.0451026,28.6458,1,0.0556536
2025-11-04 00:00:00+00:00,0.0154658,1.46431,0.966387,0.0352473,0.00253682,1.96323,0.000629466,0.000142387,0.000128923,0.000127709,0.0162179,-0.0161431,0.032361,28.4167,1,0.0554129
2025-11-05 00:00:00+00:00,-0.0111754,1.44794,1.20312,0.0473307,0.00731581,0.221141,7.07504e-05,2.09794e-05,2.39866e-05,0.000128609,-0.011193,0.0273616,-0.0385546,29,0,0.0282336
2025-11-06 00:00:00+00:00,-0.00107206,1.44639,1.04766,0.0439852,0.00770662,0.479212,0.000155437,2.38109e-05,5.1773e-05,-2.78317e-06,-0.000805459,-0.0252068,0.0243871,28.9792,1,0.0273357
2025-11-07 00:00:00+00:00,-0.00416639,1.44036,1.03784,0.0386743,0.00885025,0.617125,0.000208998,3.58562e-05,0.000100046,-0.000376941,-0.00336153,0.0606864,-0.064048,29.7083,1,0.0280547
2025-11-08 00:00:00+00:00,-0.00453536,1.43383,0.98307,0.060894,0.0102546,0.10604,3.39288e-05,4.2411e-06,1.00829e-05,-7.84008e-05,-0.00439095,-0.0154008,0.0110098,30,0,0.0268833
2025-11-09 00:00:00+00:00,0.00770931,1.44489,0.972915,0.0666733,0.0114788,0.212711,6.80704e-05,2.39863e-05,1.62401e-05,-3.72867e-05,0.00785118,0.0177733,-0.00992215,30,0,0.0266953
2025-11-10 00:00:00+00:00,0.00904171,1.45795,0.779716,0.0766033,0.0287668,0.952169,0.000305081,0.000106611,9.31982e-05,2.53034e-06,0.00953558,0.0120816,-0.00289266,29.9583,0,0.0289087
2025-11-11 00:00:00+00:00,0.0111315,1.47418,0.868977,0.0829674,0.0393317,1.93591,0.000619793,0.000284645,0.000112741,-0.000250864,0.0123855,-0.0253531,0.0377386,30,0,0.0608267
2025-11-12 00:00:00+00:00,-0.000145645,1.47396,0.879692,0.0557356,0.025674,0.250822,8.02637e-05,5.53688e-05,1.56423e-05,-0.00024768,0.000284445,-0.00497776,0.00526221,30,0,0.0314292
2025-11-13 00:00:00+00:00,0.00503773,1.48139,0.928121,0.048265,0.0165312,0.224534,7.18619e-05,3.12321e-05,1.16049e-05,-8.52498e-05,0.00524225,-0.0137422,0.0189844,30,0,0.0307804
2025-11-14 00:00:00+00:00,0.000555344,1.48221,0.96622,0.0471392,0.0191908,0.288772,9.24168e-05,3.03422e-05,1.50098e-05,-2.76539e-05,0.000743722,-0.0171667,0.0179104,30,0,0.0313411
2025-11-15 00:00:00+00:00,-0.00182444,1.47951,0.960553,0.0394492,0.0179115,0.219082,7.01038e-05,1.37796e-05,1.13633e-05,-0.000202493,-0.00150322,0.00580373,-0.00730694,30,0,0.0313629
2025-11-16 00:00:00+00:00,-0.00562656,1.47118,0.946448,0.0510688,0.017271,0.199421,6.38159e-05,1.88867e-05,8.57425e-06,-0.000298003,-0.00520276,-0.0169418,0.011739,30,0,0.0302117
2025-11-17 00:00:00+00:00,-0.00136982,1.46917,0.934528,0.06836,0.0180476,0.425823,0.000136308,3.02019e-05,2.95273e-05,1.25425e-05,-0.00112157,-0.00337715,0.00217605,29.9375,0,0.0324045
2025-11-18 00:00:00+00:00,-0.0064657,1.45967,0.936943,0.0729449,0.0153749,0.170233,5.44606e-05,4.44248e-05,1.18069e-05,3.46247e-05,-0.00637199,0.0144941,-0.0208661,30,0,0.0312456
2025-11-19 00:00:00+00:00,0.00895163,1.47274,0.898085,0.0666719,0.0213188,0.196497,6.28898e-05,4.52959e-05,1.39138e-05,8.40438e-05,0.00897176,-0.00617795,0.0151497,30,0,0.030696
2025-11-20 00:00:00+00:00,-0.0031361,1.46812,0.950756,0.0706691,0.018384,0.223884,7.46207e-05,3.08051e-05,1.04855e-05,6.09517e-06,-0.00300914,-0.0306902,0.0276816,29.6458,1,0.03125
2025-11-21 00:00:00+00:00,0.00987178,1.48261,0.954448,0.0667842,0.0149198,0.309247,9.90111e-05,3.1514e-05,2.24678e-05,-5.27325e-06,0.00999843,-0.0215454,0.0315438,29.4583,0,0.030886
2025-11-22 00:00:00+00:00,0.00104912,1.48416,0.965741,0.0743594,0.0165154,0.216408,6.92882e-05,1.99569e-05,1.62618e-05,4.04721e-05,0.0011292,-0.00749091,0.00862011,30,0,0.0312802
2025-11-23 00:00:00+00:00,-0.00759669,1.47289,1.01249,0.0847073,0.0193626,0.213385,6.82596e-05,1.4068e-05,1.18741e-05,0.000243461,-0.00775478,0.00445071,-0.0122055,30,0,0.0302861
2025-11-24 00:00:00+00:00,-0.0111425,1.45648,1.03409,0.0875943,0.025836,0.290771,9.31e-05,1.79702e-05,4.08977e-05,3.501e-05,-0.011064,0.0163068,-0.0272966,29,0,0.028163
2025-11-25 00:00:00+00:00,-0.0104095,1.44132,0.963094,0.0785242,0.0202633,0.156934,5.01718e-05,6.43393e-06,9.3068e-06,0.000139866,-0.0105028,-0.00045061,-0.0100522,29,0,0.025415
2025-11-26 00:00:00+00:00,0.00775025,1.45249,0.891363,0.0748186,0.0206397,0.234968,7.52305e-05,2.64152e-05,1.43469e-05,0.000216012,0.00767232,0.0150276,-0.00735527,29.8333,0,0.0229159
2025-11-27 00:00:00+00:00,-0.00516719,1.44498,0.869781,0.0875108,0.0261645,0.136353,4.36329e-05,1.08138e-05,9.06839e-06,9.5929e-05,-0.00520397,-0.0077793,0.00257533,30,0,0.0232828
2025-11-28 00:00:00+00:00,0.000417788,1.44559,0.851701,0.0778689,0.0250758,0.105827,3.38447e-05,1.34986e-05,5.03446e-06,0.000161315,0.000328599,-0.00676477,0.00709337,30,0,0.0220095
2025-11-29 00:00:00+00:00,-0.00200701,1.44269,0.795117,0.079001,0.0209023,0.144831,4.63316e-05,2.05655e-05,1.17347e-05,8.61432e-05,-0.00200598,-0.00714416,0.00513818,30,0,0.0216649
2025-11-30 00:00:00+00:00,-0.00647234,1.43335,0.76494,0.078643,0.0163189,0.0714471,2.28558e-05,6.23644e-06,1.9867e-06,0.000144518,-0.00659999,-0.0110796,0.00447961,30,0,0.0206513
2025-12-01 00:00:00+00:00,-0.00380218,1.4279,0.714674,0.0666762,0.00958034,0.238486,7.63055e-05,2.62825e-05,1.70246e-05,4.16034e-05,-0.0037152,-0.0252253,0.0212917,30,0,0.0199293
2025-12-02 00:00:00+00:00,-0.00561302,1.41988,0.761187,0.0440504,0.000386729,0.178255,5.76577e-05,8.83267e-06,1.47874e-05,4.60921e-05,-0.0055733,0.0271727,-0.032746,30,1,0.0195189
2025-12-03 00:00:00+00:00,0.00774259,1.43088,0.706973,0.0156262,-0.00264498,0.219952,7.04001e-05,1.01059e-05,1.5551e-05,2.7998e-05,0.00778892,0.021006,-0.013217,30,0,0.0201108
2025-12-04 00:00:00+00:00,-0.00337152,1.42605,0.588073,0.0102042,-0.00630594,0.100135,3.20401e-05,4.00501e-06,8.55051e-06,1.63468e-05,-0.00334377,-0.00853579,0.00519201,30,0,0.0212571
2025-12-05 00:00:00+00:00,-0.00219918,1.42292,0.563414,0.0167061,-0.00972784,0.0739172,2.36517e-05,6.47559e-06,3.6642e-06,5.3629e-06,-0.00216988,-0.0177487,0.0155788,30,0,0.0208723
2025-12-06 00:00:00+00:00,0.00159696,1.42519,0.514776,0.0184501,-0.00681029,0.0389434,1.24634e-05,2.08003e-06,1.49732e-06,6.73285e-05,0.00154736,0.00161374,-6.63785e-05,30,0,0.0214663
2025-12-07 00:00:00+00:00,0.000505079,1.42591,0.512522,0.0137696,-0.00160524,0.077962,2.49537e-05,4.24768e-06,5.41014e-06,5.22563e-05,0.000492436,-0.000358986,0.000851421,30,0,0.0227503
2025-12-08 00:00:00+00:00,-0.0101951,1.41137,0.520412,-0.0240709,-0.00438282,0.415379,0.000132853,1.73305e-05,6.27319e-05,-0.000204711,-0.00980544,0.00455876,-0.0145329,29.4583,0,0.0236459
2025-12-09 00:00:00+00:00,-0.000366471,1.41085,0.570559,0.000318637,0.0103282,0.103959,3.32804e-05,8.98665e-06,4.98104e-06,-0.000224843,-6.85864e-05,0.0121071,-0.0121757,30,0,0.0215913
2025-12-10 00:00:00+00:00,0.000459233,1.4115,0.527297,-0.0119828,0.0120592,0.120708,3.86339e-05,6.57855e-06,4.73269e-06,-4.77378e-05,0.000577493,-0.0074532,0.00803069,30,0,0.0208801
2025-12-11 00:00:00+00:00,0.0024094,1.4149,0.491143,-0.0293305,0.00506587,0.127141,4.06877e-05,8.48617e-06,6.66064e-06,-6.978e-05,0.00254797,0.000302647,0.00224532,30,0,0.0211266
2025-12-12 00:00:00+00:00,0.00194762,1.41766,0.49558,-0.0228707,0.00436867,0.157658,5.06783e-05,6.99513e-06,6.54519e-06,-7.94932e-05,0.00209874,-0.00183401,0.00393275,29.9792,1,0.0213044
2025-12-13 00:00:00+00:00,-0.00168675,1.41527,0.490221,-0.0201198,-0.00293709,0.0610248,1.95244e-05,2.44055e-06,2.92968e-06,5.20226e-05,-0.00171022,0.000933662,-0.00264388,30,0,0.0216882
2025-12-14 00:00:00+00:00,0.000123217,1.41544,0.520936,-0.0239868,-0.000528643,0.0339174,1.08525e-05,1.73514e-06,1.07796e-06,-9.78817e-06,0.000152268,-0.00900372,0.00915599,30,0,0.0218935
2025-12-15 00:00:00+00:00,0.000326077,1.4159,0.484662,0.0228152,0.0182448,0.212419,6.7969e-05,9.61416e-06,3.8253e-05,6.16777e-05,0.000388457,-0.00764718,0.00782013,28.0417,0,0.0218112
2025-12-16 00:00:00+00:00,0.00243912,1.41936,0.526462,0.0195201,0.0119536,0.0984661,3.15051e-05,9.29906e-06,8.15687e-06,0.000655632,0.00183903,0.00179582,4.32092e-05,29.7917,0,0.02249
2025-12-17 00:00:00+00:00,0.00710926,1.42945,0.603514,0.0194537,0.0118107,0.170956,5.47216e-05,8.74676e-06,7.75976e-06,0.000562049,0.0066043,-0.0131978,0.0198021,30,0,0.0227444
2025-12-18 00:00:00+00:00,-0.0019138,1.42671,0.622765,0.0228157,0.00893336,0.180265,5.77279e-05,2.40773e-05,1.49824e-05,0.000159406,-0.00195236,-0.0154773,0.0135329,29.875,0,0.0234313
2025-12-19 00:00:00+00:00,-0.00394197,1.42109,0.658483,0.0272064,0.00587808,0.0770216,2.46535e-05,9.30486e-06,3.96724e-06,0.000404538,-0.00430473,0.0202486,-0.0245533,30,0,0.0237244
2025-12-20 00:00:00+00:00,-0.00219722,1.41796,0.692644,0.0320956,0.00228069,0.0556398,1.77902e-05,3.88655e-06,5.20994e-06,0.000174992,-0.00233651,0.00195092,-0.00428743,30,0,0.0215509
2025-12-21 00:00:00+00:00,0.00334165,1.4227,0.640955,0.0176274,0.00011301,0.200569,6.41679e-05,2.02723e-05,2.3516e-05,0.000646432,0.00280834,-0.0012398,0.00404814,30,0,0.0207763
2025-12-22 00:00:00+00:00,0.0018902,1.42539,0.651039,0.0320779,-0.00516045,0.276077,8.83477e-05,3.13052e-05,5.83795e-05,0.000356865,0.00173147,0.00171296,3.08777e-05,29.9583,0,0.0204112
2025-12-23 00:00:00+00:00,0.00339151,1.43023,0.614575,0.0156166,-0.013193,0.146557,4.69075e-05,1.60333e-05,1.23443e-05,9.44853e-05,0.00338178,-0.0032673,0.00664908,30,0,0.0207785
2025-12-24 00:00:00+00:00,-0.00224547,1.42702,0.620477,0.0118327,-0.0194497,0.118181,3.78158e-05,5.8701e-06,8.25579e-06,0.000184237,-0.00237269,0.00173879,-0.00411148,30,0,0.0221463
2025-12-25 00:00:00+00:00,0.00267002,1.43083,0.632413,0.0190338,-0.0205698,0.058014,1.8968e-05,4.0033e-06,4.82505e-06,0.000103658,0.00259798,-0.00258329,0.00518127,30,1,0.0213037
2025-12-26 00:00:00+00:00,-0.00295006,1.4266,0.586349,0.0399249,-0.00964997,0.118886,3.80424e-05,4.8047e-06,7.51515e-06,0.000216195,-0.00311375,0.00420123,-0.00731497,30,0,0.0202676
2025-12-27 00:00:00+00:00,-0.00332504,1.42186,0.578807,0.0576362,-0.000507385,0.0360792,1.3172e-05,7.45624e-06,3.20319e-06,0.000274737,-0.0035759,0.00459353,-0.00816942,29.4375,1,0.0178527
2025-12-28 00:00:00+00:00,0.00218381,1.42497,0.568507,0.065898,0.00772607,0.0335828,1.07521e-05,5.18054e-06,2.29869e-06,0.000427068,0.00178107,-0.000525505,0.00230658,29,0,0.0162144
2025-12-29 00:00:00+00:00,-0.00269856,1.42112,0.561246,0.0705982,0.00587788,0.0384155,1.22849e-05,3.25363e-06,5.79254e-06,0.000521598,-0.00319498,-0.00755409,0.00433568,28.9583,0,0.0163129
2025-12-30 00:00:00+00:00,0.00112606,1.42272,0.55285,0.0713827,0.00945966,0.0613601,1.96354e-05,5.8815e-06,3.3404e-06,0.000241495,0.000915518,0.00165068,-0.00073516,29.5625,0,0.0168426
2025-12-31 00:00:00+00:00,-0.00782865,1.41158,0.542897,0.0511595,0.0045669,0.120403,4.11872e-05,8.59461e-05,2.70809e-05,0.000249487,-0.00791164,-0.00536921,-0.00254243,29.3958,1,0.0173258
2026-01-01 00:00:00+00:00,-0.00651356,1.40239,0.535225,0.0128673,-0.00864573,0.122197,3.91048e-05,6.48465e-06,5.40389e-06,0.000138742,-0.00661625,0.0069351,-0.0135513,29,0,0.0155076
2026-01-02 00:00:00+00:00,-0.00907851,1.38966,0.525615,0.0120873,-0.0109142,0.0893884,2.85898e-05,9.9027e-06,6.29221e-06,0.000175941,-0.00923515,0.00969825,-0.0189334,29.0833,0,0.015225
2026-01-03 00:00:00+00:00,0.00450506,1.39592,0.530847,0.0212094,-0.00688276,0.0667863,2.13779e-05,9.66365e-06,5.02817e-06,8.52825e-05,0.00445723,0.00512713,-0.000669899,30,0,0.0134554
2026-01-04 00:00:00+00:00,-0.0080693,1.38465,0.534805,0.0216063,-0.00839776,0.0456841,1.4614e-05,3.73771e-06,2.2031e-06,-0.000312707,-0.00776235,4.32025e-05,-0.00780555,30,0,0.012747
2026-01-05 00:00:00+00:00,0.00313362,1.38899,0.494982,0.0667299,0.00843667,0.150142,5.28897e-05,1.79633e-05,2.40219e-05,-0.00042641,0.00366102,0.00604229,-0.0022414,28,1,0.0113094
2026-01-06 00:00:00+00:00,-0.00258035,1.38541,0.424172,0.066914,0.0126274,0.0749505,2.71146e-05,2.14952e-05,7.14686e-06,3.3172e-05,-0.00255453,0.000536845,-0.00308238,26.75,1,0.0115443
2026-01-07 00:00:00+00:00,-0.00100217,1.38402,0.40966,0.0581947,0.00766834,0.0119988,3.83832e-06,4.79791e-07,1.16798e-06,4.99533e-05,-0.00104105,-0.0087529,0.00771185,26,0,0.0105159
2026-01-08 00:00:00+00:00,-0.00248277,1.38058,0.384113,0.0321697,-0.00461089,0.0460211,1.47245e-05,6.53032e-06,3.89719e-06,-3.06868e-05,-0.0024254,-0.00434502,0.00191962,26.9792,0,0.0100479
2026-01-09 00:00:00+00:00,-1.64166e-05,1.38056,0.372128,0.0173845,-0.0115773,0.0334536,1.2276e-05,2.35122e-06,5.52285e-06,-7.81058e-05,8.36138e-05,0.000274946,-0.000191332,27.8542,1,0.00905421
2026-01-10 00:00:00+00:00,0.000700998,1.38153,0.369194,0.018509,-0.0104396,0,0,0,0,-7.60918e-05,0.000777749,-0.000967122,0.00174487,28,0,0.00803799
2026-01-11 00:00:00+00:00,-0.000887643,1.3803,0.369353,0.0195951,-0.00865187,0.00206463,6.60463e-07,8.25579e-08,2.49939e-07,-5.21844e-05,-0.000833353,0.000189102,-0.00102246,28,0,0.00842478
2026-01-12 00:00:00+00:00,0.00219722,1.38333,0.352659,0.0119216,-0.0139468,0.063212,2.02252e-05,6.42399e-06,1.13675e-05,-1.11981e-05,0.00224595,-0.00201861,0.00438107,27,0,0.00859151
2026-01-13 00:00:00+00:00,-0.00225805,1.38021,0.35828,0.0154748,-0.00783588,0.00679867,2.17537e-06,8.3706e-07,3.48774e-07,3.52336e-07,-0.00225536,0.00934054,-0.0115959,27,0,0.00902216
2026-01-14 00:00:00+00:00,-0.00209772,1.37732,0.354608,0.0192005,-0.0026562,0.0539999,1.72592e-05,8.80478e-06,6.23109e-06,0.000225235,-0.00228147,-0.000567076,-0.00171439,27.8542,0,0.00948549
2026-01-15 00:00:00+00:00,0.00230054,1.38048,0.33124,0.014191,0.00098099,0.0104979,3.35908e-06,4.42879e-07,1.02007e-06,9.56566e-05,0.00221026,-0.00386306,0.00607332,28,0,0.00911866
2026-01-16 00:00:00+00:00,0.0012839,1.38226,0.318032,0.0137351,0.00450215,0.00552144,1.76742e-06,2.20928e-07,7.57354e-07,0.000181985,0.00110536,0.00191034,-0.000804983,28,0,0.00336275
2026-01-17 00:00:00+00:00,-0.00154334,1.38012,0.319858,0.0122288,0.0034543,0,0,0,0,1.02441e-05,-0.00155408,-0.00128017,-0.000273907,28,0,0.00350491
2026-01-18 00:00:00+00:00,0.000826529,1.38126,0.317562,0.0117477,0.0020374,0,0,0,0,-9.47612e-06,0.000836237,-0.00515417,0.00599041,28,0,0.00302788
2026-01-19 00:00:00+00:00,0.00299491,1.3854,0.254648,0.0103514,-0.0037015,0.0567177,1.81718e-05,2.27147e-06,4.76131e-06,-5.80756e-06,0.00302387,-0.00330886,0.00619384,26.6875,0,0.00408558
2026-01-20 00:00:00+00:00,0.00208257,1.38829,0.244595,0.00895883,-0.00104615,0.00472859,1.51352e-06,1.8919e-07,8.10491e-08,-1.03358e-06,0.00208404,-0.00617708,0.00826112,27,0,0.00545191
2026-01-21 00:00:00+00:00,-0.00100304,1.38689,0.239673,0.0089807,0.00124114,0.00202528,6.48127e-07,8.10158e-08,1.65079e-07,0.000119941,-0.00112172,0.00341289,-0.0045346,27,0,0.00559495
2026-01-22 00:00:00+00:00,0.000593869,1.38772,0.241478,0.00630099,0.00194576,0.002028,6.48874e-07,8.11093e-08,2.03874e-07,0.000283604,0.000311676,-0.000723203,0.00103488,27,0,0.0037921
2026-01-23 00:00:00+00:00,-0.00273039,1.38393,0.239004,0.00323199,-0.000395266,0.00434854,1.39148e-06,1.73935e-07,1.31599e-07,3.9178e-05,-0.00277051,-0.000888971,-0.00188154,27,0,0.00353322
2026-01-24 00:00:00+00:00,0.00120689,1.3856,0.233428,0.0010907,-0.000236113,0.00699935,2.23938e-06,2.79923e-07,3.38889e-07,-7.65033e-05,0.00128647,0.00182852,-0.000542052,27,0,0.00262383
2026-01-25 00:00:00+00:00,0.00192699,1.38827,0.224184,0.000696396,-0.000516674,0.00643434,2.0604e-06,2.5755e-07,6.93301e-08,6.251e-06,0.00192228,-0.00544454,0.00736682,27,0,0.00474298
2026-01-26 00:00:00+00:00,0.00155267,1.39042,0.217581,0.0131331,0.00741223,0.0236325,7.56282e-06,5.07034e-06,4.22289e-06,0.000591965,0.000978947,0.00634364,-0.00539476,26,0,0.00599636
2026-01-27 00:00:00+00:00,-0.00352022,1.38553,0.225035,0.00976114,0.00348252,0.00402134,1.28673e-06,1.60842e-07,2.15732e-07,0.000626691,-0.00414978,0.00340807,-0.00755785,26,0,0.00563992
2026-01-28 00:00:00+00:00,-0.00187338,1.38293,0.226039,0.0108587,0.0010728,0.0111436,3.56487e-06,4.45609e-07,6.75703e-07,0.000321279,-0.00219013,-0.00234473,0.000154597,26.8125,0,0.00508273
2026-01-29 00:00:00+00:00,0.000199882,1.38321,0.211545,0.0139176,0.00474582,0.00205621,6.57935e-07,8.22419e-08,2.92666e-07,9.03892e-05,0.000111434,-0.00747368,0.00758512,27,0,0.00574514
2026-01-30 00:00:00+00:00,0.000687206,1.38416,0.198403,0.0166435,0.00638975,0.00451372,1.44454e-06,1.80567e-07,1.20392e-07,9.61391e-05,0.000593028,-0.00209183,0.00268486,27,0,0.00594963
2026-01-31 00:00:00+00:00,-0.00195954,1.38145,0.188025,0.018276,0.00600596,0.0606726,2.42793e-05,4.04845e-06,2.08185e-06,2.58667e-05,-0.00195557,-0.0105014,0.00854587,25.9583,4,0.00738354
2026-02-01 00:00:00+00:00,-0.00109033,1.37994,0.160507,0.0113168,0.00166544,0.0166584,5.39636e-06,1.80372e-06,4.95244e-07,-4.78807e-06,-0.00107696,-0.00294545,0.00186849,22.8542,1,0.0073849
2026-02-02 00:00:00+00:00,-0.00076596,1.37889,0.150935,0.0100167,0.000811695,0.0225874,7.22923e-06,3.33236e-06,3.00394e-06,0.000245883,-0.000996938,0.00187303,-0.00288077,21,0,0.00600112
2026-02-03 00:00:00+00:00,-0.000587848,1.37807,0.151742,0.0104551,0.00176147,0.00657856,2.10537e-06,2.09734e-06,6.07482e-07,0.000398381,-0.000979879,-0.00251284,0.00153296,21,0,0.00651794
2026-02-04 00:00:00+00:00,-0.00128337,1.37631,0.152653,0.0108088,0.00216516,0.0294779,1.19021e-05,2.00242e-06,1.72635e-06,0.00063123,-0.00189872,-0.00328015,0.00138143,21.1042,1,0.00800597
2026-02-05 00:00:00+00:00,0.000673626,1.37723,0.130013,0.00272542,-0.00373315,0.00622244,3.11125e-06,1.06108e-05,5.88896e-07,0.000767077,-7.84119e-05,-0.00897017,0.00889176,21.5833,2,0.00805112
2026-02-06 00:00:00+00:00,-0.000609352,1.37639,0.108697,-0.00044883,-0.00181187,0.0319833,1.16645e-05,7.90232e-06,4.8768e-06,0.000331845,-0.00091402,0.00464114,-0.00555516,19,1,0.00894841
2026-02-07 00:00:00+00:00,0.000177975,1.37664,0.1076,-0.00348225,-0.00393748,0.00799802,2.55969e-06,7.10209e-07,8.5136e-07,0.000401575,-0.000218939,-0.000953509,0.000734571,19.4167,0,0.00824168
2026-02-08 00:00:00+00:00,-0.00391349,1.37125,0.107291,-0.00346412,-0.00355303,0.00608911,1.94807e-06,2.43508e-07,7.92165e-07,0.00047274,-0.00438884,-0.000738217,-0.00365063,20,0,0.00868877
2026-02-09 00:00:00+00:00,0.000558667,1.37202,0.0997613,-0.00498562,-0.00598907,0.010949,3.50506e-06,1.68659e-06,1.04856e-06,0.000397966,0.000167505,-0.000347135,0.000518916,19.9583,0,0.00746181
2026-02-10 00:00:00+00:00,-0.00102809,1.37061,0.0971959,-0.00351939,-0.00502022,0.00237903,7.60879e-07,9.51099e-08,3.47587e-07,0.000366393,-0.00139241,-0.000793038,-0.000599376,20,0,0.00662422
2026-02-11 00:00:00+00:00,-0.00131597,1.3688,0.0933391,-0.00220667,-0.00507552,0.0118944,4.37553e-06,1.11508e-06,8.27607e-07,0.000121142,-0.00143089,-0.00148259,5.17062e-05,20,1,0.0063909
2026-02-12 00:00:00+00:00,-0.00219659,1.3658,0.0911984,-0.000505792,-0.0057933,0,0,0,0,0.000166792,-0.00236498,-0.000192361,-0.00217262,20,0,0.00706941
2026-02-13 00:00:00+00:00,0.000724848,1.36679,0.0946394,0.00164205,-0.00257182,0.015224,5.96909e-06,1.13522e-05,2.5182e-06,0.000139404,0.000606008,0.00260697,-0.00200096,21,1,0.00696536
2026-02-14 00:00:00+00:00,-0.00111855,1.36526,0.104796,0.00200789,-0.00204425,0.00918587,2.93938e-06,1.61804e-06,7.10083e-07,0.000119755,-0.00123324,0.00195434,-0.00318758,22,0,0.00672693
2026-02-15 00:00:00+00:00,0.000627446,1.36611,0.103743,-0.00141893,-0.00499195,0.00410033,1.31201e-06,1.64002e-07,2.47292e-07,8.12211e-05,0.000548237,-0.00239002,0.00293826,22,0,0.00657496
2026-02-16 00:00:00+00:00,0.000260465,1.36647,0.0990301,0.00255674,-0.00233659,0.0337954,1.08154e-05,1.98738e-06,3.47408e-06,-8.77351e-05,0.000364693,0.000654598,-0.000275489,21.2083,0,0.00784508
2026-02-17 00:00:00+00:00,-0.00100435,1.3651,0.108481,0.00238377,-0.00210505,0.00991641,3.17338e-06,3.96672e-07,5.64097e-07,-0.000137084,-0.000863151,-0.00148804,0.00062489,22.0625,0,0.00790733
2026-02-18 00:00:00+00:00,-0.00103852,1.36368,0.115099,-0.00417769,-0.00848047,0.0135771,4.34483e-06,5.43103e-07,7.34299e-07,-0.000145898,-0.000886389,-0.00163382,0.000747427,23,0,0.00700034
2026-02-19 00:00:00+00:00,0.0014546,1.36566,0.110965,-0.00298029,-0.00447841,0,0,0,0,-0.000120134,0.00157404,0.000306783,0.00126725,23,0,0.00466831
2026-02-20 00:00:00+00:00,-0.000827236,1.36453,0.110753,-0.000388413,-0.000125677,0.00893371,2.85905e-06,3.57381e-07,4.02191e-07,-4.84065e-05,-0.000774971,0.00143501,-0.00220998,23.3125,0,0.00369895
2026-02-21 00:00:00+00:00,0.000821753,1.36566,0.110303,0.0020492,0.00141616,0,0,0,0,-0.000158648,0.000980845,0.000142605,0.00083824,24,0,0.00229763
2026-02-22 00:00:00+00:00,0.000883477,1.36686,0.105603,0.00162159,0.000873104,0.00255987,8.19384e-07,1.02423e-07,1.22616e-07,-5.76835e-05,0.000942085,-0.000697684,0.00163977,24,0,0.00271321
2026-02-23 00:00:00+00:00,-0.00387238,1.36157,0.099076,0.00160554,0.00408403,0.00272709,8.72542e-07,1.09068e-07,1.7749e-07,-4.60739e-05,-0.00383175,-0.00376137,-8.29117e-05,23,0,0.0024144
2026-02-24 00:00:00+00:00,0.00115,1.36313,0.0969914,0.000794059,0.00430608,0,0,0,0,-1.46043e-05,0.00116446,0.000131669,0.00103279,23,0,0.00228285
2026-02-25 00:00:00+00:00,3.58888e-05,1.36318,0.103676,0.000405834,0.00411542,0.00206879,6.62068e-07,8.27585e-08,1.60912e-07,8.60739e-05,-4.85538e-05,0.00418517,-0.00423372,23,0,0.00234656
2026-02-26 00:00:00+00:00,-0.00155882,1.36106,0.106913,-0.00211228,0.00112894,0,0,0,0,0.000130162,-0.00168962,-0.00148362,-0.000205995,23,0,0.00157128
2026-02-27 00:00:00+00:00,0.000691422,1.362,0.1047,-0.00228342,0.000342551,0,0,0,0,6.67301e-05,0.000624783,-0.00178426,0.00240904,23,0,0
2026-02-28 00:00:00+00:00,0.000656559,1.36289,0.100623,-0.0018443,5.96779e-05,0,0,0,0,1.08521e-05,0.000646002,0.00116947,-0.000523464,23,0,0
2026-03-01 00:00:00+00:00,-0.000105666,1.36275,0.103341,-0.0017614,-0.00197083,0,0,0,0,-7.63171e-06,-9.77751e-05,-0.00098306,0.000885285,23,0,0
2026-03-02 00:00:00+00:00,0.000537272,1.36348,0.0890368,0.00964952,0.00720319,0.0174541,5.58695e-06,6.98368e-07,3.35531e-06,1.82331e-05,0.000528831,0.00132978,-0.00078482,22,0,0
2026-03-03 00:00:00+00:00,-0.000121378,1.36332,0.0873605,0.0109746,0.00866794,0.00216087,6.9134e-07,8.64175e-08,2.11038e-07,2.66466e-06,-0.000122794,-0.000736868,0.000614075,22,0,0
2026-03-04 00:00:00+00:00,-0.000227577,1.36301,0.0882112,0.0116641,0.00829639,0.00240111,8.39398e-07,1.19695e-07,2.27652e-07,1.2661e-05,-0.000238749,0.00185557,-0.00209431,21.0208,1,0
2026-03-05 00:00:00+00:00,0.000396506,1.36355,0.0868749,0.0136232,0.00900244,0,0,0,0,-6.61011e-07,0.000397252,-0.000823867,0.00122112,21,0,0
2026-03-06 00:00:00+00:00,-0.000297502,1.36314,0.0845113,0.0134939,0.00913614,0,0,0,0,-7.10872e-06,-0.000290312,-0.00166242,0.00137211,21,0,0
2026-03-07 00:00:00+00:00,0.000370976,1.36365,0.0824083,0.0136682,0.00927512,0,0,0,0,-9.76562e-06,0.000380812,-0.000379448,0.000760259,21,0,0
2026-03-08 00:00:00+00:00,-0.000110023,1.3635,0.0811877,0.0137795,0.00944791,0,0,0,0,-2.73492e-05,-8.25844e-05,-0.0006678,0.000585216,21,0,0
2026-03-09 00:00:00+00:00,0.000756518,1.36453,0.082535,0.0142617,0.0105931,7.34785e-05,2.35148e-08,2.93935e-09,9.7758e-10,-6.56416e-06,0.000762965,0.0015651,-0.000801622,20,0,0
2026-03-10 00:00:00+00:00,-0.000635831,1.36366,0.0845516,0.0142072,0.00926799,0,0,0,0,1.07238e-05,-0.000646605,0.000320703,-0.000967308,20,0,0
2026-03-11 00:00:00+00:00,0.000843765,1.36481,0.084402,0.014498,0.00844533,0,0,0,0,4.52162e-06,0.00083899,0.000808199,3.07913e-05,20,0,0
2026-03-12 00:00:00+00:00,0.00022998,1.36513,0.0848977,0.0148067,0.00907689,0,0,0,0,1.08056e-05,0.000219275,0.000556035,-0.000336759,20,0,0
2026-03-13 00:00:00+00:00,-6.43438e-05,1.36504,0.0877134,0.0148169,0.00839021,0,0,0,0,1.37596e-05,-7.78831e-05,0.000365638,-0.000443521,20,0,0
2026-03-14 00:00:00+00:00,0.000160716,1.36526,0.0859009,0.0149255,0.00909782,0,0,0,0,-4.96481e-06,0.000165743,9.33118e-05,7.24312e-05,20,0,0
2026-03-15 00:00:00+00:00,-0.000167338,1.36503,0.0867773,0.0149057,0.00866193,0,0,0,0,6.89646e-06,-0.000174169,0.00080013,-0.000974299,20,0,0
2026-03-16 00:00:00+00:00,9.735e-05,1.36516,0.0893043,0.0126658,0.00602486,0.00196744,6.29481e-07,7.86851e-08,2.85108e-07,5.34885e-06,9.33629e-05,0.00257535,-0.00247792,19,0,0
2026-03-17 00:00:00+00:00,-0.000482214,1.3645,0.0900337,0.0128065,0.00613546,0,0,0,0,1.38569e-05,-0.000496057,-0.00105496,0.000558907,19,0,0
2026-03-18 00:00:00+00:00,-0.000111224,1.36435,0.0878799,0.0124695,0.00567602,0,0,0,0,1.20916e-05,-0.000123171,-0.00193591,0.00181274,19,0,0
2026-03-19 00:00:00+00:00,-0.000254384,1.364,0.0844486,0.0121523,0.00673814,0,0,0,0,-4.94724e-06,-0.000249335,-0.00124252,0.000993186,19,0,0
2026-03-20 00:00:00+00:00,0.000798579,1.36509,0.0841945,0.0125618,0.00683802,0,0,0,0,-8.20011e-06,0.000806575,0.000701297,0.000105277,19,0,0
2026-03-21 00:00:00+00:00,-0.000418421,1.36452,0.084338,0.0127877,0.00668381,0,0,0,0,-8.34466e-06,-0.000410105,-0.0012834,0.00087329,19,0,0
2026-03-22 00:00:00+00:00,-0.000192603,1.36426,0.0816503,0.0126504,0.0056127,0.00113342,5.66714e-07,1.13343e-07,6.5847e-08,-1.24581e-05,-0.000179381,-0.000660791,0.00048141,18.7292,1,0
2026-03-23 00:00:00+00:00,4.57307e-05,1.36432,0.0743267,0.0109673,0.00560362,0.00729335,2.3336e-06,2.917e-07,4.56813e-07,-5.52559e-06,5.44712e-05,0.00149583,-0.00143065,16,0,0
2026-03-24 00:00:00+00:00,2.83394e-05,1.36436,0.0755769,0.0110477,0.00529721,0,0,0,0,-3.13629e-06,3.15845e-05,0.000501144,-0.00046956,16,0,0
2026-03-25 00:00:00+00:00,-0.000270474,1.36399,0.0771784,0.0107844,0.00433665,0,0,0,0,4.21194e-06,-0.000274646,0.000187715,-0.000462361,16,0,0
2026-03-26 00:00:00+00:00,-5.92406e-05,1.36391,0.0746044,0.0107469,0.00426401,0,0,0,0,-1.21733e-06,-5.79637e-05,-0.00190188,0.00184392,16,0,0
2026-03-27 00:00:00+00:00,0.000400188,1.36446,0.0723892,0.0108466,0.00513393,0,0,0,0,-1.64248e-07,0.00040039,-0.000682399,0.00108279,16,0,0
2026-03-28 00:00:00+00:00,0.000166037,1.36468,0.0722828,0.0111644,0.00571299,0,0,0,0,2.77859e-06,0.000163304,0.00015928,4.02443e-06,16,0,0
2026-03-29 00:00:00+00:00,-0.000554896,1.36393,0.0713927,0.0112445,0.0051737,0,0,0,0,-8.94576e-06,-0.000546021,-0.00105725,0.000511225,16,0,0
2026-03-30 00:00:00+00:00,-4.56618e-05,1.36386,0.0710525,0.00989087,0.00481354,0.000772042,2.47072e-07,3.0884e-08,2.60728e-08,4.42597e-06,-4.96668e-05,0.000371546,-0.000421759,15,0,0
2026-03-31 00:00:00+00:00,0.000473111,1.36451,0.0707882,0.0103057,0.00599534,0,0,0,0,-8.16855e-06,0.000481268,0.000590358,-0.00010909,15,0,0
2026-04-01 00:00:00+00:00,-0.000408363,1.36395,0.0717245,0.0101489,0.00558864,0,0,0,0,-7.06637e-07,-0.000407636,-1.5809e-05,-0.000391827,15,0,0
2026-04-02 00:00:00+00:00,-0.000175599,1.36371,0.0691003,0.009781,0.00358324,0,0,0,0,-2.34262e-06,-0.000173215,-0.00123639,0.00106317,15,0,0
2026-04-03 00:00:00+00:00,-0.000258325,1.36336,0.0700274,0.00967658,0.00301839,0,0,0,0,2.30401e-06,-0.000260611,0.000372807,-0.000633417,15,0,0
2026-04-04 00:00:00+00:00,7.45668e-07,1.36336,0.070246,0.00965811,0.00261966,0,0,0,0,1.28122e-06,-5.02215e-07,0.000242097,-0.000242599,15,0,0
2026-04-05 00:00:00+00:00,-0.000130015,1.36318,0.0696882,0.00955042,0.00224826,0,0,0,0,5.65778e-07,-0.000130529,0.000168415,-0.000298944,15,0,0
2026-04-06 00:00:00+00:00,0.000406298,1.36374,0.0720443,0.00975529,0.00170853,0,0,0,0,-1.55814e-06,0.000407889,-0.000158006,0.000565895,15,0,0
2026-04-07 00:00:00+00:00,-0.00025362,1.36339,0.0705176,0.00971558,0.00316474,0,0,0,0,-4.80794e-06,-0.000248761,0.00206522,-0.00231399,15,0,0
2026-04-08 00:00:00+00:00,0.000258492,1.36374,0.0738696,0.00976835,0.00239895,0,0,0,0,1.91196e-06,0.000256627,-0.00101151,0.00126814,15,0,0
2026-04-09 00:00:00+00:00,5.68591e-05,1.36382,0.0728405,0.00995821,0.00368856,0,0,0,0,-3.10044e-06,6.00491e-05,0.000601646,-0.000541597,15,0,0
2026-04-10 00:00:00+00:00,0.000375659,1.36433,0.0740723,0.010191,0.00429367,0,0,0,0,8.58157e-07,0.00037481,0.000627999,-0.000253189,15,0,0
2026-04-11 00:00:00+00:00,0.000481822,1.36499,0.0740968,0.0105019,0.00414019,0,0,0,0,-2.77742e-06,0.000484533,0.00010668,0.000377853,15,0,0
2026-04-12 00:00:00+00:00,-0.00017865,1.36475,0.0718571,0.0104541,0.00676883,0,0,0,0,-9.95643e-06,-0.000168611,-0.00161225,0.00144364,15,0,0
2026-04-13 00:00:00+00:00,0.000408897,1.36531,0.0612558,-0.000133661,-0.00190078,0.0108955,3.48655e-06,4.35818e-07,7.11147e-07,-2.66077e-06,0.000416232,0.00200954,-0.00159734,13,0,0
2026-04-14 00:00:00+00:00,0.000415775,1.36587,0.0628759,0.000352062,-0.00206869,0,0,0,0,-2.37128e-06,0.000418222,-0.000653416,0.00107164,13,0,0
2026-04-15 00:00:00+00:00,-0.000166149,1.36565,0.0626221,0.000453939,-0.00206537,0,0,0,0,-8.90053e-07,-0.000165214,0.000532801,-0.000698016,13,0,9.64269e-06
2026-04-16 00:00:00+00:00,-0.000989542,1.36429,0.0642057,-0.000101279,-0.00380898,0,0,0,0,8.92638e-06,-0.000998786,0.000611209,-0.00160999,13,0,0.000121466
2026-04-17 00:00:00+00:00,0.000234802,1.36462,0.0656442,-0.000532831,-0.00586956,0,0,0,0,4.16109e-06,0.000230738,0.000250663,-1.99249e-05,13,0,0
2026-04-18 00:00:00+00:00,0.000294766,1.36502,0.0646854,-0.000171055,-0.00527617,0,0,0,0,1.99344e-06,0.000292779,-0.000922343,0.00121512,13,0,0
2026-04-19 00:00:00+00:00,-0.000195703,1.36475,0.0629868,-0.000201497,-0.00344783,0,0,0,0,-6.21612e-07,-0.000195037,-0.00114475,0.000949717,13,0,0
2026-04-20 00:00:00+00:00,-8.52406e-05,1.36463,0.0626333,-0.000468821,-0.00347665,9.10492e-05,2.91357e-08,3.64196e-09,7.33704e-10,4.2739e-07,-8.56081e-05,0.000607877,-0.000693608,12,0,0
2026-04-21 00:00:00+00:00,-7.92437e-05,1.36453,0.0629054,-0.000508259,-0.00260818,0,0,0,0,-2.3744e-06,-7.68221e-05,0.000142046,-0.000218868,12,0,0
2026-04-22 00:00:00+00:00,0.000624445,1.36538,0.0643919,-0.000302028,-0.00266056,0,0,0,0,3.08286e-07,0.000624012,0.000513813,0.000110199,12,0,0
2026-04-23 00:00:00+00:00,-0.000352138,1.3649,0.0632841,-0.000113157,-0.00238084,0,0,0,0,1.0104e-06,-0.00035318,-4.60441e-05,-0.000307136,12,0,0
2026-04-24 00:00:00+00:00,-0.000307578,1.36448,0.0638473,-0.000494257,-0.00321307,0,0,0,0,4.41049e-06,-0.000311987,-0.000123574,-0.000188413,12,0,0
2026-04-25 00:00:00+00:00,6.14582e-06,1.36449,0.0638968,-0.000619319,-0.00354331,0,0,0,0,1.28023e-06,4.88858e-06,-4.4095e-05,4.89836e-05,12,0,0
2026-04-26 00:00:00+00:00,0.000134743,1.36467,0.0640941,-0.000623689,-0.00346243,0,0,0,0,2.49228e-06,0.000132275,0.000391543,-0.000259269,12,0,0
2026-04-27 00:00:00+00:00,-0.000153243,1.36446,0.0635642,-0.000485349,-0.00345262,0,0,0,0,-1.80508e-06,-0.000151396,-0.000606268,0.000454872,12,0,0
2026-04-28 00:00:00+00:00,-4.93061e-06,1.36445,0.0628749,-0.000695614,-0.00372053,0,0,0,0,1.06381e-06,-5.96455e-06,-0.000230237,0.000224272,12,0,0
2026-04-29 00:00:00+00:00,-0.000264711,1.36409,0.0631666,-0.00082394,-0.00430212,0,0,0,0,3.27703e-07,-0.000264983,-0.000310333,4.53504e-05,12,0,0
2026-04-30 00:00:00+00:00,-0.000482862,1.36343,0.0628322,-0.00126135,-0.00510714,0,0,0,0,2.27949e-06,-0.000485228,-0.000132776,-0.000352451,12,0,0
2026-05-01 00:00:00+00:00,3.72295e-05,1.36348,0.0636696,-0.00140001,-0.00511717,0,0,0,0,5.48664e-06,3.17783e-05,0.000482307,-0.000450529,12,0,0
2026-05-02 00:00:00+00:00,-0.000110757,1.36333,0.0639144,-0.00131408,-0.00493865,0,0,0,0,1.76287e-07,-0.000110914,0.000105987,-0.000216902,12,0,0
2026-05-03 00:00:00+00:00,-0.000112226,1.36318,0.0638974,-0.00151514,-0.0053062,0,0,0,0,1.01194e-06,-0.000113217,-0.000113428,2.10936e-07,12,0,0
2026-05-04 00:00:00+00:00,-2.66918e-05,1.36314,0.0534681,-0.012828,-0.0126598,0.0110876,3.54807e-06,4.43509e-07,4.54127e-07,2.34674e-06,-2.44446e-05,0.000154042,-0.00017941,10,0,0
2026-05-05 00:00:00+00:00,-0.00138411,1.36126,0.0546132,-0.0131355,-0.0123269,0,0,0,0,6.09508e-06,-0.001391,0.000455998,-0.001847,10,0,0
2026-05-06 00:00:00+00:00,-0.00061964,1.36041,0.0565543,-0.0145794,-0.015109,0,0,0,0,7.35006e-06,-0.000626842,8.84558e-05,-0.000715297,10,0,0
2026-05-07 00:00:00+00:00,0.000180105,1.36066,0.0559238,-0.0146507,-0.0159239,0,0,0,0,5.83079e-06,0.000174412,-0.000351248,0.000525661,10,0,0
2026-05-08 00:00:00+00:00,-0.000996796,1.3593,0.0561361,-0.014788,-0.0158823,0,0,0,0,2.90709e-06,-0.00100008,0.000451698,-0.00145178,10,0,0
2026-05-09 00:00:00+00:00,0.000170825,1.35953,0.0555077,-0.0133117,-0.0146369,0.00298666,1.49317e-06,2.98634e-07,1.03985e-07,9.29554e-07,0.000171861,7.03267e-05,0.000101534,9.22917,1,0
2026-05-10 00:00:00+00:00,-0.00091839,1.35829,0.0551685,-0.012757,-0.0148528,0,0,0,0,2.39954e-06,-0.000920905,0.000381675,-0.00130258,9,0,0
2026-05-11 00:00:00+00:00,-5.75559e-05,1.35821,0.0555362,-0.013253,-0.0163375,0,0,0,0,6.71602e-06,-6.41094e-05,-0.00028481,0.000220701,9,0,0
2026-05-12 00:00:00+00:00,0.000403662,1.35876,0.0545385,-0.0131211,-0.0153937,0,0,0,0,7.24114e-07,0.000402941,-0.000641445,0.00104439,9,0,0
2026-05-13 00:00:00+00:00,0.000294488,1.35916,0.053927,-0.012906,-0.0148788,0,0,0,0,-1.37416e-06,0.000295984,-0.00029602,0.000592004,9,0,0
2026-05-14 00:00:00+00:00,0.000138839,1.35935,0.05396,-0.0127213,-0.013915,0,0,0,0,9.98974e-07,0.000138037,0.000824288,-0.000686251,9,0,0
2026-05-15 00:00:00+00:00,0.000603765,1.36017,0.0537579,-0.0120785,-0.012216,0,0,0,0,-1.85118e-06,0.000605653,-0.000497266,0.00110292,9,0,0
2026-05-16 00:00:00+00:00,0.000308646,1.36059,0.0517941,-0.0117291,-0.0115042,0,0,0,0,-1.8911e-06,0.000310531,-0.000603866,0.000914397,9,0,0
2026-05-17 00:00:00+00:00,0.000561494,1.36135,0.0517211,-0.0114399,-0.0109383,0,0,0,0,-3.29979e-06,0.000564688,0.000207228,0.00035746,9,0,0
2026-05-18 00:00:00+00:00,0.000483349,1.36201,0.0507996,-0.0107214,-0.00948669,0,0,0,0,-1.60999e-06,0.00048495,0.000257478,0.000227472,9,0,0
2026-05-19 00:00:00+00:00,0.000324524,1.36245,0.0510111,-0.010411,-0.00881939,0,0,0,0,3.17663e-06,0.000321357,-0.000135212,0.000456569,9,0,0
2026-05-20 00:00:00+00:00,0.00070902,1.36342,0.0513026,-0.0100539,-0.00855287,0,0,0,0,1.39213e-06,0.000707474,0.000973048,-0.000265574,9,0,0
2026-05-21 00:00:00+00:00,0.000340577,1.36388,0.0516402,-0.0101318,-0.00850127,0.00213605,6.8364e-07,8.5455e-08,5.66341e-08,1.91684e-06,0.000339589,0.000653096,-0.000313507,9,0,0
2026-05-22 00:00:00+00:00,0.000301222,1.36429,0.0503796,-0.0113183,-0.00960066,0,0,0,0,-2.49812e-06,0.000303767,-0.000775541,0.00107931,9,0,0
2026-05-23 00:00:00+00:00,0.000267928,1.36466,0.0469952,-0.0089897,-0.00794119,0.00501617,1.60495e-06,2.27896e-07,1.52598e-07,-4.27889e-06,0.000274271,0.000669509,-0.000395238,9,0,0
2026-05-24 00:00:00+00:00,0.000398059,1.3652,0.0427838,-0.00747532,-0.00683868,0.00209893,6.71719e-07,8.39648e-08,4.9496e-08,-1.05831e-06,0.000399872,6.85201e-05,0.000331352,9,0,0
2026-05-25 00:00:00+00:00,-2.99995e-05,1.36516,0.0427867,-0.00751895,-0.00630455,0,0,0,0,2.51962e-06,-3.24904e-05,4.84278e-05,-8.09181e-05,9,0,0
2026-05-26 00:00:00+00:00,4.02458e-05,1.36521,0.0422834,-0.00742212,-0.00558026,0,0,0,0,-2.49269e-06,4.27717e-05,-0.000337959,0.000380731,9,0,0
2026-05-27 00:00:00+00:00,-2.60821e-05,1.36518,0.0419174,-0.00742544,-0.00539335,0,0,0,0,-1.07614e-06,-2.49704e-05,-0.000325497,0.000300526,9,0,0
2026-05-28 00:00:00+00:00,0.000269246,1.36555,0.0406528,-0.00722187,-0.00571364,0,0,0,0,-3.24481e-06,0.000272509,7.47025e-06,0.000265038,9,0,0
2026-05-29 00:00:00+00:00,0.000167395,1.36577,0.0409646,-0.00708401,-0.00506099,0,0,0,0,-5.72746e-07,0.000167981,4.82024e-05,0.000119779,9,0,0
2026-05-30 00:00:00+00:00,1.56397e-05,1.3658,0.0414212,-0.00710808,-0.00484887,0,0,0,0,-1.52976e-06,1.71999e-05,0.000288247,-0.000271047,9,0,0
2026-05-31 00:00:00+00:00,0.000180932,1.36604,0.0414838,-0.00695964,-0.00481703,0,0,0,0,-7.94069e-07,0.000181744,0.000140968,4.07761e-05,9,0,0
2026-06-01 00:00:00+00:00,0.000216714,1.36634,0.0432446,-0.00448485,-0.00283001,0.00235787,7.54473e-07,9.43091e-08,7.84813e-08,-1.08181e-06,0.000218732,-5.10579e-05,0.00026979,9,0,0
2026-06-02 00:00:00+00:00,0.000324895,1.36678,0.0413366,-0.00439095,-0.00291685,0.00526138,1.68356e-06,2.10446e-07,1.29061e-07,-5.31606e-06,0.000332265,-0.00144196,0.00177423,9,0,0
2026-06-03 00:00:00+00:00,0.000455572,1.36741,0.0360704,-0.00275696,-0.00198152,0,0,0,0,-1.20837e-06,0.000456731,-6.9169e-05,0.0005259,9,0,0
2026-06-04 00:00:00+00:00,0.000434369,1.368,0.0338578,-0.00218926,-0.00195631,0,0,0,0,-1.81319e-06,0.000436159,-0.000896673,0.00133283,9,0,0
2026-06-05 00:00:00+00:00,-0.000101645,1.36786,0.0307937,-0.00179068,-0.00202703,0,0,0,0,-2.56455e-06,-9.89543e-05,-0.00173035,0.00163139,9,0,0
2026-06-06 00:00:00+00:00,-0.000153838,1.36765,0.0293906,-0.00207586,-0.00235171,0,0,0,0,-1.40974e-06,-0.000152394,-0.000240225,8.78306e-05,9,0,0
2026-06-07 00:00:00+00:00,-0.000201857,1.36737,0.0301329,-0.00234544,-0.0027051,0,0,0,0,-1.46577e-06,-0.000200378,0.000622616,-0.000822994,9,0,0
2026-06-08 00:00:00+00:00,-5.27076e-05,1.3673,0.0308607,-0.00236744,-0.00253074,0,0,0,0,-7.43479e-07,-5.19162e-05,0.000113682,-0.000165598,9,0,0
2026-06-09 00:00:00+00:00,-7.20622e-05,1.3672,0.0304711,-0.00242218,-0.00229112,0,0,0,0,6.05957e-07,-7.26406e-05,-0.000521183,0.000448542,9,0,0
2026-06-10 00:00:00+00:00,-1.75918e-05,1.36718,0.0295885,-0.00244008,-0.00227651,0,0,0,0,4.11273e-07,-1.79687e-05,-0.000506321,0.000488352,9,0,0
2026-06-11 00:00:00+00:00,-0.000220313,1.36688,0.0301103,-0.00261523,-0.00238217,0,0,0,0,2.91367e-06,-0.000223226,0.000657911,-0.000881137,9,0,0
2026-06-12 00:00:00+00:00,-2.625e-05,1.36684,0.0306906,-0.00279401,-0.00263719,0,0,0,0,1.14717e-06,-2.735e-05,-8.74909e-05,6.01409e-05,9,0,0
2026-06-13 00:00:00+00:00,-0.000115909,1.36668,0.0309167,-0.00290184,-0.00307132,0,0,0,0,-6.6337e-07,-0.000115227,0.00025305,-0.000368277,9,0,0
2026-06-14 00:00:00+00:00,-0.000319518,1.36625,0.0309012,-0.00283586,-0.00294826,0,0,0,0,-1.51118e-07,-0.000319382,0.000328318,-0.0006477,9,0,0
2026-06-15 00:00:00+00:00,0.000408805,1.36681,0.0325684,-0.00303682,-0.00281361,0,0,0,0,4.14585e-07,0.000408355,0.000364006,4.43487e-05,9,0,0
2026-06-16 00:00:00+00:00,0.000619685,1.36765,0.032564,-0.0024283,-0.0019959,0,0,0,0,-2.48082e-06,0.000622,0.000318686,0.000303314,9,0,0
2026-06-17 00:00:00+00:00,-6.58526e-05,1.36756,0.0322099,-0.00213822,-0.00181057,0,0,0,0,-3.25322e-07,-6.55074e-05,-0.000339801,0.000274293,9,0,0
2026-06-18 00:00:00+00:00,-0.000296776,1.36716,0.0311931,-0.00228629,-0.0018896,0,0,0,0,2.09829e-06,-0.000298891,-0.000697765,0.000398874,9,0,0
2026-06-19 00:00:00+00:00,-0.000216505,1.36686,0.030193,-0.00256694,-0.00164491,0,0,0,0,-1.27181e-06,-0.000215217,-0.000365353,0.000150136,9,0,0
2026-06-20 00:00:00+00:00,0.000189476,1.36712,0.0305825,-0.00261389,-0.00143093,0,0,0,0,-2.21813e-06,0.00019174,0.00046233,-0.00027059,9,0,0
2026-06-21 00:00:00+00:00,3.89848e-05,1.36717,0.0307752,-0.00258159,-0.00154956,0,0,0,0,-1.83439e-06,4.08403e-05,-0.000380337,0.000421178,9,0,0
2026-06-22 00:00:00+00:00,5.05977e-05,1.36724,0.0307845,-0.002554,-0.00173494,0,0,0,0,-1.66204e-06,5.22713e-05,0.000164227,-0.000111956,9,0,0
2026-06-23 00:00:00+00:00,0.000587496,1.36805,0.0297114,-0.00211933,-0.00132466,0,0,0,0,-5.53022e-06,0.000592882,-7.559e-05,0.000668472,9,0,0
2026-06-24 00:00:00+00:00,0.00034509,1.36852,0.0291027,-0.00173347,-0.000950179,0,0,0,0,-5.09505e-06,0.000350151,-8.90501e-05,0.000439201,9,0,0
2026-06-25 00:00:00+00:00,-5.17283e-05,1.36845,0.0287421,-0.00153098,-0.00100762,0,0,0,0,-1.04515e-06,-5.06511e-05,-0.000362678,0.000312027,9,0,0
2026-06-26 00:00:00+00:00,3.0266e-05,1.36849,0.0285866,-0.00169214,-0.00130805,0,0,0,0,1.41642e-06,2.88819e-05,0.000461052,-0.00043217,9,0,0
2026-06-27 00:00:00+00:00,-3.95466e-05,1.36843,0.0291517,-0.00158792,-0.000900148,0,0,0,0,-8.65368e-07,-3.86536e-05,-0.000337991,0.000299338,9,0,0
2026-06-28 00:00:00+00:00,8.30514e-05,1.36855,0.0285984,-0.0015641,-0.000915999,0,0,0,0,-3.73833e-06,8.68019e-05,2.32452e-06,8.44774e-05,9,0,0
2026-06-29 00:00:00+00:00,0.000254244,1.3689,0.0291478,-0.00135418,-0.000828577,0,0,0,0,-1.87828e-06,0.000256116,0.000580093,-0.000323977,9,0,0
2026-06-30 00:00:00+00:00,-3.74938e-05,1.36884,0.0289593,-0.00121019,-0.000783184,0,0,0,0,-1.01644e-06,-3.64629e-05,-0.00033405,0.000297587,9,0,0
2026-07-01 00:00:00+00:00,-0.000466146,1.36821,0.0294795,-0.00152268,-0.0011825,0,0,0,0,3.04536e-07,-0.000466519,0.000124501,-0.00059102,9,0,0
2026-07-02 00:00:00+00:00,-9.05784e-05,1.36808,0.0303844,-0.00185592,-0.00179978,0,0,0,0,2.09559e-06,-9.26493e-05,0.000577303,-0.000669952,9,0,0
2026-07-03 00:00:00+00:00,-0.000630983,1.36722,0.0316531,-0.00212955,-0.00235651,0,0,0,0,5.51668e-08,-0.000631177,0.000464227,-0.0010954,9,0,0
2026-07-04 00:00:00+00:00,-0.000388226,1.36669,0.0325939,-0.00256688,-0.00341541,0,0,0,0,1.55906e-06,-0.00038976,4.62995e-05,-0.000436059,9,0,0
2026-07-05 00:00:00+00:00,0.000103038,1.36683,0.0325919,-0.00277858,-0.00430599,0,0,0,0,1.92228e-06,0.000101147,3.33103e-05,6.78365e-05,9,0,0
2026-07-06 00:00:00+00:00,0.000295162,1.36723,0.0325079,-0.00248837,-0.00404158,0,0,0,0,6.2588e-07,0.000294538,1.10282e-05,0.00028351,9,0,0
2026-07-07 00:00:00+00:00,0.000234475,1.36755,0.0320436,-0.00228189,-0.00332293,0,0,0,0,5.27916e-07,0.000233949,-0.000389387,0.000623336,9,0,0
2026-07-08 00:00:00+00:00,0.000203346,1.36783,0.0306642,-0.00206991,-0.00223336,0,0,0,0,3.91342e-08,0.000203302,-0.00036813,0.000571432,9,0,0
2026-07-09 00:00:00+00:00,0.000151766,1.36804,0.0309105,-0.0018583,-0.00195602,0,0,0,0,-2.12593e-06,0.000153911,0.000199222,-4.53106e-05,9,0,0
2026-07-10 00:00:00+00:00,4.67707e-05,1.3681,0.0312927,-0.00180905,-0.00206812,0,0,0,0,-1.66845e-06,4.84515e-05,0.000219766,-0.000171314,9,0,0
2026-07-11 00:00:00+00:00,-7.02568e-05,1.36801,0.0313808,-0.00191022,-0.0021362,0,0,0,0,-2.75725e-06,-6.74869e-05,-0.000256795,0.000189308,9,0,0
2026-07-12 00:00:00+00:00,7.98524e-05,1.36812,0.0307702,-0.00187883,-0.00212317,0,0,0,0,9.2146e-07,7.89438e-05,-7.5938e-05,0.000154882,9,0,0
2026-07-13 00:00:00+00:00,0.000156479,1.36833,0.0303124,-0.00162707,-0.00192377,0,0,0,0,-1.04666e-06,0.000157541,-0.000193784,0.000351325,9,0,0
2026-07-14 00:00:00+00:00,-2.50075e-05,1.3683,0.0307006,-0.00167759,-0.0019276,0,0,0,0,-2.34075e-06,-2.26406e-05,0.000674384,-0.000697025,9,0,0
2026-07-15 00:00:00+00:00,0.0001918,1.36856,0.0314144,-0.001522,-0.00191347,0,0,0,0,-2.49829e-06,0.000194296,0.00011199,8.23061e-05,9,0,0
2026-07-16 00:00:00+00:00,-0.000197339,1.36829,0.031066,-0.00153255,-0.00207468,0,0,0,0,-1.12902e-06,-0.000196214,-0.000595217,0.000399003,9,0,0
2026-07-17 00:00:00+00:00,-0.000250646,1.36794,0.030383,-0.00176533,-0.00187214,0,0,0,0,-7.92058e-07,-0.000249867,-2.25922e-05,-0.000227275,9,0,0
2026-07-18 00:00:00+00:00,3.6039e-05,1.36799,0.0306361,-0.00187814,-0.00208364,0,0,0,0,1.09153e-07,3.59426e-05,5.86246e-05,-2.2682e-05,9,0,0
2026-07-19 00:00:00+00:00,-7.31438e-05,1.36789,0.0307217,-0.00190539,-0.00203783,0,0,0,0,2.99318e-06,-7.61272e-05,-5.03951e-05,-2.57321e-05,9,0,0
2026-07-20 00:00:00+00:00,-7.98111e-06,1.36788,0.0308851,-0.00185222,-0.0022605,0,0,0,0,-9.89767e-07,-6.97493e-06,0.000262544,-0.000269519,9,0,0
2026-07-21 00:00:00+00:00,-0.000273116,1.36751,0.0316153,-0.00212784,-0.00318609,0,0,0,0,3.14936e-06,-0.000276273,-7.20458e-06,-0.000269069,9,0,0
2026-07-22 00:00:00+00:00,-2.13234e-05,1.36748,0.031463,-0.00229562,-0.00296116,0,0,0,0,1.38931e-06,-2.26875e-05,8.11298e-06,-3.08005e-05,9,0,0
2026-07-23 00:00:00+00:00,-2.15807e-05,1.36745,0.0310708,-0.00225529,-0.00320331,0,0,0,0,1.40592e-07,-2.16978e-05,-0.000610466,0.000588768,9,0,0
2026-07-24 00:00:00+00:00,0.000292945,1.36785,0.0302014,-0.00210956,-0.00284316,0,0,0,0,-6.34959e-07,0.000293548,-5.95366e-06,0.000299502,9,0,0
2026-07-25 00:00:00+00:00,0.000395271,1.36839,0.0302879,-0.00187204,-0.00239332,0,0,0,0,-2.71542e-06,0.00039794,0.000566058,-0.000168118,9,0,0
2026-07-26 00:00:00+00:00,-0.000129616,1.36821,0.0309969,-0.00171355,-0.00290803,0,0,0,0,-1.58044e-06,-0.000128022,0.000241782,-0.000369804,9,0,0
2026-07-27 00:00:00+00:00,0.000163607,1.36844,0.0309593,-0.00163493,-0.00313235,0,0,0,0,-3.68658e-06,0.000167306,-0.000673058,0.000840364,9,0,0
2026-07-28 00:00:00+00:00,-4.45331e-05,1.36838,0.0299905,-0.00154297,-0.00312655,0,0,0,0,-7.6099e-07,-4.37539e-05,0.000224028,-0.000267782,9,0,0
2026-07-29 00:00:00+00:00,-0.000123006,1.36821,0.0301384,-0.00180064,-0.00248671,0,0,0,0,5.94529e-07,-0.000123579,-0.000237165,0.000113586,9,0,0
2026-07-30 00:00:00+00:00,-0.000304449,1.36779,0.0303526,-0.00190239,-0.00280314,0,0,0,0,1.08553e-06,-0.000305532,0.000102162,-0.000407694,9,0,0
2026-07-31 00:00:00+00:00,-0.000109404,1.36764,0.0302924,-0.00205946,-0.0024062,0,0,0,0,1.79611e-06,-0.000111177,-0.000335253,0.000224076,9,0,0
2026-08-01 00:00:00+00:00,-0.000427304,1.36706,0.0300719,-0.00236287,-0.00238661,0,0,0,0,3.06079e-06,-0.00043043,-0.000271146,-0.000159284,9,0,0
2026-08-02 00:00:00+00:00,-0.000406761,1.3665,0.0310574,-0.00284694,-0.0028344,0,0,0,0,1.07371e-06,-0.000407843,0.000510476,-0.000918319,9,0,0
2026-08-03 00:00:00+00:00,-0.000146836,1.3663,0.0311578,-0.00300043,-0.00350692,0,0,0,0,1.75686e-06,-0.000148516,1.52029e-05,-0.000163719,9,0,0
2026-08-04 00:00:00+00:00,0.000223184,1.36661,0.0317784,-0.00286795,-0.00250013,0,0,0,0,1.27611e-06,0.000221937,0.000188038,3.3899e-05,9,0,0
2026-08-05 00:00:00+00:00,0.000211068,1.3669,0.0317183,-0.00276966,-0.00190537,0,0,0,0,1.29151e-06,0.000209785,0.00015401,5.57751e-05,9,0,0
2026-08-06 00:00:00+00:00,-0.000527754,1.36617,0.03167,-0.00294219,-0.00220642,0,0,0,0,1.17008e-06,-0.000528963,-0.000276342,-0.000252621,9,0,0
2026-08-07 00:00:00+00:00,-0.000122522,1.36601,0.0317933,-0.00329783,-0.0033751,0,0,0,0,2.08561e-06,-0.000124583,-7.06126e-05,-5.397e-05,9,0,0
2026-08-08 00:00:00+00:00,-2.15829e-05,1.36598,0.0319863,-0.00332558,-0.00344049,0,0,0,0,-4.63724e-07,-2.10998e-05,0.000100109,-0.000121209,9,0,0
2026-08-09 00:00:00+00:00,0.000144568,1.36617,0.0319034,-0.00329092,-0.00301854,0,0,0,0,6.58395e-07,0.000143917,-0.000132823,0.00027674,9,0,0
2026-08-10 00:00:00+00:00,9.41503e-05,1.3663,0.0317398,-0.00323157,-0.00285699,0,0,0,0,1.84308e-06,9.23255e-05,-3.13695e-05,0.000123695,9,0,0
2026-08-11 00:00:00+00:00,-0.000113248,1.36615,0.0312822,-0.00308129,-0.00187359,0,0,0,0,3.42018e-06,-0.000116644,-0.000120762,4.11791e-06,9,0,0
2026-08-12 00:00:00+00:00,0.000461001,1.36678,0.0311657,-0.00302116,-0.00186715,0,0,0,0,-8.57961e-07,0.000461787,5.58885e-05,0.000405898,9,0,0
2026-08-13 00:00:00+00:00,0.000175608,1.36702,0.03119,-0.0026348,-0.00219686,0,0,0,0,-1.78887e-06,0.000177402,0.000221128,-4.37258e-05,9,0,0
2026-08-14 00:00:00+00:00,0.000131193,1.3672,0.0309041,-0.00256334,-0.00221512,0,0,0,0,-3.82087e-07,0.00013158,-2.90605e-05,0.000160641,9,0,0
2026-08-15 00:00:00+00:00,4.56469e-05,1.36726,0.0310067,-0.0023262,-0.00179842,0,0,0,0,-2.86494e-06,4.85417e-05,-0.000136837,0.000185378,9,0,0
2026-08-16 00:00:00+00:00,0.00012529,1.36743,0.0306829,-0.00238786,-0.00197826,0,0,0,0,-6.31984e-07,0.000125932,-9.67268e-06,0.000135604,9,0,0
2026-08-17 00:00:00+00:00,0.000106079,1.36758,0.0307666,-0.00225392,-0.00207148,0,0,0,0,9.38267e-07,0.000105146,0.000217708,-0.000112562,9,0,0
2026-08-18 00:00:00+00:00,-0.000107313,1.36743,0.0307581,-0.00222697,-0.00190547,0,0,0,0,1.65405e-06,-0.000108954,-4.27891e-05,-6.61644e-05,9,0,0
2026-08-19 00:00:00+00:00,0.000429454,1.36802,0.0317654,-0.00219892,-0.00141211,0,0,0,0,-1.65019e-07,0.000429667,0.00184125,-0.00141159,9,0,0
2026-08-20 00:00:00+00:00,-0.00031428,1.36759,0.0350016,-0.00198771,-0.00237388,0,0,0,0,2.95076e-07,-0.000314511,0.000908033,-0.00122254,9,0,0
2026-08-21 00:00:00+00:00,-0.00145488,1.3656,0.0381311,-0.00305422,-0.00548548,0,0,0,0,4.09038e-07,-0.00145606,0.00116609,-0.00262215,9,0,0
2026-08-22 00:00:00+00:00,-0.000522132,1.36488,0.0400121,-0.00412564,-0.00987767,0,0,0,0,1.08207e-07,-0.000521411,-0.000466899,-5.4512e-05,9,0,0
2026-08-23 00:00:00+00:00,0.000107742,1.36503,0.0397402,-0.0041171,-0.0103523,0,0,0,0,1.58384e-06,0.000106322,0.000356635,-0.000250313,9,0,0
2026-08-24 00:00:00+00:00,0.000139033,1.36522,0.0396666,-0.00387953,-0.00969659,0,0,0,0,1.20923e-06,0.00013796,-0.000160809,0.000298769,9,0,0
2026-08-25 00:00:00+00:00,0.000692279,1.36617,0.0392952,-0.00333691,-0.00951775,0.00045856,2.29225e-07,4.58449e-08,7.11325e-10,2.14342e-06,0.000690361,-0.00031079,0.00100115,8.08333,1,0
2026-08-26 00:00:00+00:00,-0.000184463,1.36591,0.0381816,-0.00264731,-0.00840412,0,0,0,0,-3.64225e-07,-0.00018405,0.000403994,-0.000588044,8,0,0
2026-08-27 00:00:00+00:00,-0.000574858,1.36513,0.0393721,-0.00322696,-0.00896523,0,0,0,0,1.08408e-06,-0.000576003,0.000197265,-0.000773268,8,0,0
2026-08-28 00:00:00+00:00,0.000401435,1.36568,0.0375905,-0.00148144,-0.00614367,0.00200002,6.40125e-07,8.00157e-08,1.55724e-07,-7.46987e-07,0.000403068,-0.000548939,0.000952007,8,0,0
2026-08-29 00:00:00+00:00,0.000140996,1.36587,0.0367375,-0.00103038,-0.00500324,0,0,0,0,-9.31391e-07,0.000141929,0.000160793,-1.88637e-05,8,0,0
2026-08-30 00:00:00+00:00,0.000306446,1.36629,0.0369936,-0.00094422,-0.00488558,0,0,0,0,-2.69977e-06,0.00030913,-0.000492064,0.000801194,8,0,0
2026-08-31 00:00:00+00:00,-2.35515e-05,1.36626,0.0361625,-0.000720253,-0.00430619,0,0,0,0,-1.79279e-07,-2.33437e-05,0.000433084,-0.000456428,8,0,0
