,return,equity,gross,net,beta_exposure,turnover,fees,spread,impact,funding,gross_pnl,pnl_long,pnl_short,n_positions,ic_est
2023-07-31 00:00:00+00:00,0,1,0,0,0,0,0,0,0,0,0,0,0,0,0
2023-08-01 00:00:00+00:00,0,1,0,0,0,0,0,0,0,0,0,0,0,0,0.00471769
2023-08-02 00:00:00+00:00,6.18165e-06,1.00001,0.000866679,-0.000866679,-0.00105016,0.00216007,6.91223e-07,8.64029e-08,6.693e-08,-5.2013e-06,1.2229e-05,0,1.2229e-05,0.395833,0.00760679
2023-08-03 00:00:00+00:00,2.07333e-05,1.00003,0.0037889,-0.0037889,-0.00469275,0.012096,3.87064e-06,4.8383e-07,4.78454e-07,-1.61469e-05,4.1722e-05,0,4.1722e-05,1.02083,0.00834613
2023-08-04 00:00:00+00:00,-0.000344084,0.999683,0.0144368,-0.0144368,-0.0166586,0.00460228,1.47267e-06,1.84084e-07,1.20664e-07,-0.000182677,-0.000159431,0,-0.000159431,2,0.00789905
2023-08-05 00:00:00+00:00,0.000431183,1.00011,0.0204851,-0.0204851,-0.0244953,0.00212412,6.79724e-07,8.49656e-08,5.2364e-08,-4.95656e-05,0.000481951,0,0.000481951,2,0.0112132
2023-08-06 00:00:00+00:00,0.000242546,1.00036,0.0206014,-0.0206014,-0.0252849,0,0,0,0,-3.80538e-05,0.000280772,0,0.000280772,2,0.0107121
2023-08-07 00:00:00+00:00,0.00103774,1.00139,0.0404105,-0.024892,-0.0288915,0.053628,1.71602e-05,3.47255e-06,7.93305e-07,-7.84342e-06,0.00106713,0.000172702,0.000894426,4.72917,0.0127683
2023-08-08 00:00:00+00:00,0.00146915,1.00287,0.190167,0.0257011,-0.0269873,0.203296,6.50554e-05,1.24316e-05,2.43683e-06,-3.43089e-06,0.00155309,0.00233814,-0.000785051,8.89583,0.0194172
2023-08-09 00:00:00+00:00,-0.00270861,1.00015,0.32411,0.0387036,-0.0410087,0.0765773,2.45079e-05,1.0991e-05,3.18305e-06,-1.99243e-05,-0.00265114,-0.0012814,-0.00136974,12.6667,0.027176
2023-08-10 00:00:00+00:00,-0.00129892,0.99885,0.356182,0.0361189,-0.047002,0.00421462,1.34886e-06,1.46715e-06,8.77752e-08,-3.74692e-05,-0.00125661,-0.00117624,-8.03692e-05,14,0.0239662
2023-08-11 00:00:00+00:00,-0.00270012,0.996153,0.355028,0.0358516,-0.0529022,0.00813381,2.60185e-06,3.65415e-07,1.44772e-07,-7.72831e-05,-0.00262109,-0.000418755,-0.00220233,14,0.0120638
2023-08-12 00:00:00+00:00,-0.00175508,0.994405,0.336132,0.0561544,-0.0370158,0.0206076,6.59092e-06,1.61619e-06,7.02055e-07,-7.99585e-05,-0.00166505,0.000209298,-0.00187435,14,0.00195406
2023-08-13 00:00:00+00:00,-6.42181e-05,0.994341,0.329865,0.0621545,-0.0351984,0.00443781,1.42069e-06,1.77587e-07,1.30109e-07,-3.96872e-05,-2.10029e-05,-0.00125121,0.0012302,14,0
2023-08-14 00:00:00+00:00,0.000176232,0.994516,0.326582,0.0651426,-0.0311234,0.00206066,6.59326e-07,8.24158e-08,6.03501e-08,-2.62524e-05,0.000204433,0.000984601,-0.000780168,14,0
2023-08-15 00:00:00+00:00,0.00383796,0.998333,0.316875,0.0730558,-0.0224413,0.0175245,5.62032e-06,7.0254e-07,1.12226e-06,-2.01082e-05,0.00386425,-0.00286374,0.00672799,14,0
2023-08-16 00:00:00+00:00,-0.000201589,0.998132,0.293345,0.0878078,-0.0176345,0,0,0,0,-2.69941e-05,-0.000171659,-0.00550757,0.00533591,14,0
2023-08-17 00:00:00+00:00,-0.00738297,0.990763,0.276141,0.0823117,-0.00875028,0.048282,1.5403e-05,2.80765e-06,1.23828e-06,-4.55984e-05,-0.00733673,-0.0154881,0.00815141,14,0
2023-08-18 00:00:00+00:00,-0.00295782,0.987832,0.217566,0.0348276,0.00253784,0,0,0,0,-7.96192e-07,-0.00295981,-0.00124018,-0.00171963,14,0
2023-08-19 00:00:00+00:00,-0.00118113,0.986666,0.219411,0.032975,0.000336159,0,0,0,0,7.84234e-06,-0.00118879,0.000989695,-0.00217848,14,0
2023-08-20 00:00:00+00:00,0.00121221,0.987862,0.220724,0.0331754,-0.000296893,0,0,0,0,1.21601e-05,0.00119982,0.000559111,0.000640708,14,0
2023-08-21 00:00:00+00:00,0.000996712,0.988846,0.199382,0.0246755,-0.0120111,0.0191446,6.12652e-06,7.65815e-07,2.59091e-06,2.45983e-06,0.00100496,-0.000979461,0.00198442,13,0
2023-08-22 00:00:00+00:00,4.10597e-05,0.988887,0.19623,0.026101,-0.0119218,0.0025461,8.14389e-07,1.01799e-07,1.73341e-07,-1.35395e-05,5.72441e-05,-0.00047448,0.000531724,13,0
2023-08-23 00:00:00+00:00,0.00249363,0.991353,0.195024,0.029131,-0.0102628,0,0,0,0,5.6315e-06,0.0024859,0.00204196,0.000443942,13,0
2023-08-24 00:00:00+00:00,0.00282602,0.994154,0.193001,0.031597,-0.0076107,0.00323509,1.03655e-06,1.29569e-07,2.40533e-07,-2.16173e-05,0.00284651,-0.00130949,0.00415601,13,0
2023-08-25 00:00:00+00:00,0.000664787,0.994815,0.182043,0.0388601,-0.00414378,0.00203587,6.5136e-07,8.142e-08,1.02541e-07,-3.69182e-05,0.000703723,-0.000975499,0.00167922,13,0
2023-08-26 00:00:00+00:00,7.08356e-05,0.994886,0.181798,0.0388625,-0.00559681,0,0,0,0,-1.52732e-05,8.66978e-05,-0.000210066,0.000296764,13,0
2023-08-27 00:00:00+00:00,-0.000174583,0.994712,0.182195,0.0391302,-0.00636352,0,0,0,0,-2.61968e-05,-0.000148124,0.000696973,-0.000845097,13,0
2023-08-28 00:00:00+00:00,-0.00125965,0.993459,0.175727,0.0450789,-0.000859961,0.00686967,2.19876e-06,8.93342e-07,4.00956e-07,-6.27096e-05,-0.00119303,-0.000350805,-0.000842227,11,0
2023-08-29 00:00:00+00:00,0.00557518,0.998998,0.167324,0.0421779,0.0064202,0.0307982,9.86716e-06,2.51287e-06,8.02221e-07,-2.42381e-06,0.00558096,0.00698898,-0.00140802,11,9.6684e-06
2023-08-30 00:00:00+00:00,-0.000448327,0.99855,0.154705,0.0292823,0.0115223,0.0069328,2.21886e-06,2.77358e-07,2.3009e-07,-3.77361e-05,-0.00040739,-0.00176404,0.00135665,11.7083,0.00442348
2023-08-31 00:00:00+00:00,-0.00250503,0.996048,0.155792,0.0251718,0.0079813,0,0,0,0,-1.48373e-05,-0.00249234,-0.00417714,0.0016848,12,0.00293979
2023-09-01 00:00:00+00:00,-0.000573078,0.995478,0.151562,0.0233604,0.00759635,0,0,0,0,-2.19166e-05,-0.00055069,-0.00106453,0.00051384,12,0.000528887
2023-09-02 00:00:00+00:00,-8.37948e-05,0.995394,0.150657,0.0229414,0.00536028,0,0,0,0,-1.13712e-05,-7.18638e-05,9.7302e-05,-0.000169166,12,0
2023-09-03 00:00:00+00:00,-0.000264548,0.995131,0.151173,0.0228507,0.000871028,0,0,0,0,-2.61531e-05,-0.000237908,0.000579755,-0.000817662,12,0
2023-09-04 00:00:00+00:00,-0.000237217,0.994895,0.124121,0.020465,-0.00661294,0.0280749,8.98179e-06,1.12272e-06,1.82306e-06,-5.82909e-05,-0.000166095,-0.000394163,0.000228068,9,0
2023-09-05 00:00:00+00:00,-0.000898095,0.994001,0.123574,0.020194,-0.00695243,0,0,0,0,-0.000105288,-0.000793017,-0.000135232,-0.000657785,9,0
2023-09-06 00:00:00+00:00,-0.000908113,0.993099,0.123935,0.0198741,-0.00685369,0,0,0,0,-1.15239e-05,-0.000896768,-5.5059e-05,-0.000841709,9,0
2023-09-07 00:00:00+00:00,0.00128925,0.994379,0.124748,0.0196351,-0.00580374,0,0,0,0,-3.05763e-06,0.00129183,0.00129997,-8.13652e-06,9,0
2023-09-08 00:00:00+00:00,-0.000129622,0.99425,0.124752,0.0205188,-0.00119344,0,0,0,0,1.00517e-05,-0.000139325,-0.000901216,0.000761891,9,0
2023-09-09 00:00:00+00:00,0.000583981,0.994831,0.124016,0.0204479,-0.00128226,0,0,0,0,-5.05668e-06,0.000589035,-2.10541e-05,0.000610089,9,0
2023-09-10 00:00:00+00:00,0.00098404,0.99581,0.122173,0.0217068,-0.0135609,0,0,0,0,-2.37002e-05,0.00100821,-0.000236474,0.00124468,9,0
2023-09-11 00:00:00+00:00,-0.00146184,0.994354,0.101963,0.0401326,0.00628594,0.0187368,5.99501e-06,9.43309e-06,2.32181e-06,-0.000192088,-0.00125227,-0.00191924,0.000666969,8,0
2023-09-12 00:00:00+00:00,0.00144129,0.995787,0.103649,0.0408595,0.0172583,0,0,0,0,-8.92109e-05,0.00153086,0.0021237,-0.000592839,8,0
2023-09-13 00:00:00+00:00,0.000406788,0.996192,0.104612,0.041127,0.020969,0,0,0,0,-3.46523e-05,0.000441733,0.00102818,-0.00058645,8,0.000137706
2023-09-14 00:00:00+00:00,0.000927292,0.997116,0.105871,0.0418171,0.0240274,0,0,0,0,-2.38427e-05,0.000951448,0.000992226,-4.07786e-05,8,6.41544e-07
2023-09-15 00:00:00+00:00,-0.0010333,0.996086,0.106808,0.0417079,0.0233962,0,0,0,0,-3.1123e-05,-0.00100228,0.000446686,-0.00144896,8,0.000325196
2023-09-16 00:00:00+00:00,0.0003687,0.996453,0.107509,0.0414308,0.0182024,0,0,0,0,-1.21776e-05,0.000380944,-0.000175827,0.000556771,8,0
2023-09-17 00:00:00+00:00,0.000199029,0.996651,0.106752,0.0417362,0.0141864,0,0,0,0,-5.99461e-05,0.00025913,-0.000205239,0.000464368,8,0
2023-09-18 00:00:00+00:00,0.00018442,0.996835,0.10795,0.0424419,0.012861,0,0,0,0,-0.000102966,0.000288147,0.000796049,-0.000507902,8,0.000593873
2023-09-19 00:00:00+00:00,-0.000143023,0.996692,0.109313,0.0422107,0.0174807,0,0,0,0,-0.000145748,3.45285e-06,0.00119979,-0.00119634,8,0.0002762
2023-09-20 00:00:00+00:00,-0.000788647,0.995906,0.110052,0.0418114,0.0191094,0,0,0,0,-3.80794e-05,-0.000750475,-0.000312526,-0.000437949,8,0
2023-09-21 00:00:00+00:00,-0.000630878,0.995278,0.1087,0.0411458,0.017259,0,0,0,0,-1.3692e-05,-0.000617094,-0.00161968,0.00100258,8,0
2023-09-22 00:00:00+00:00,-0.000302336,0.994977,0.108097,0.0408675,0.0144893,0,0,0,0,-4.76437e-06,-0.000297432,1.85002e-05,-0.000315932,8,0
2023-09-23 00:00:00+00:00,-0.000206349,0.994772,0.108227,0.0406048,0.0108859,0,0,0,0,-3.36839e-06,-0.00020283,-4.58333e-07,-0.000202372,8,0
2023-09-24 00:00:00+00:00,-9.84761e-05,0.994674,0.107968,0.0407125,0.0096399,0,0,0,0,-1.22697e-05,-8.59426e-05,-0.000947422,0.000861479,8,0
2023-09-25 00:00:00+00:00,-0.000382576,0.994293,0.103512,0.0434819,0.0161914,0.00357249,1.14282e-06,5.43897e-07,1.06252e-07,-1.05058e-05,-0.000370041,0.000297958,-0.000667999,7,0
2023-09-26 00:00:00+00:00,-0.000640612,0.993656,0.104289,0.0432005,0.0158159,0,0,0,0,-1.00693e-05,-0.000630549,-0.000103607,-0.000526943,7,0
2023-09-27 00:00:00+00:00,0.000103106,0.993759,0.105324,0.04317,0.0157018,0,0,0,0,-1.08864e-05,0.000114636,0.00076888,-0.000654244,7,0
2023-09-28 00:00:00+00:00,0.0016475,0.995396,0.107183,0.0437459,0.0181545,0,0,0,0,1.02692e-05,0.00163659,0.00193628,-0.000299689,7,0
2023-09-29 00:00:00+00:00,-0.000185156,0.995212,0.107918,0.0442178,0.0190013,0,0,0,0,8.36346e-06,-0.000192721,-0.000409287,0.000216565,7,0
2023-09-30 00:00:00+00:00,-0.000590052,0.994625,0.108064,0.0441837,0.0182441,0,0,0,0,4.58085e-06,-0.000594708,0.000128585,-0.000723293,7,0
2023-10-01 00:00:00+00:00,0.00242128,0.997033,0.109423,0.0440732,0.0167423,0,0,0,0,5.5167e-06,0.00241394,0.00289663,-0.000482686,7,0
2023-10-02 00:00:00+00:00,-0.000135681,0.996898,0.0970406,0.0506853,0.0296782,0.0281904,9.01915e-06,1.76277e-06,9.72119e-07,5.61637e-06,-0.000128365,-0.000891697,0.000763332,6,0
2023-10-03 00:00:00+00:00,0.00020544,0.997102,0.0812754,0.0363645,0.019495,0,0,0,0,-8.48044e-06,0.000214193,-0.000532436,0.00074663,6,0
2023-10-04 00:00:00+00:00,0.000761841,0.997862,0.0802177,0.0369958,0.015811,0,0,0,0,3.12673e-06,0.000758625,0.000734739,2.38861e-05,6,0.000129627
2023-10-05 00:00:00+00:00,-0.000716299,0.997147,0.0807154,0.0369844,0.0164861,0,0,0,0,6.26788e-06,-0.000722516,-0.00074549,2.29739e-05,6,0.00175218
2023-10-06 00:00:00+00:00,0.000941842,0.998086,0.0809397,0.0370608,0.0187083,0,0,0,0,3.48812e-06,0.000938363,0.000989485,-5.11217e-05,6,0.000109536
2023-10-07 00:00:00+00:00,0.000503468,0.998589,0.0809112,0.0378428,0.0196619,0.00220599,7.05947e-07,8.82434e-08,9.08247e-08,1.67945e-06,0.000502641,3.6602e-05,0.000466039,6.02083,0.00107514
2023-10-08 00:00:00+00:00,-0.000156352,0.998433,0.0846367,0.0339619,0.0122778,0.00226501,7.24816e-07,9.0602e-08,9.12216e-08,7.51013e-07,-0.000156143,-0.000143085,-1.30576e-05,7,0.00508297
2023-10-09 00:00:00+00:00,0.000316823,0.998749,0.0838078,0.0334461,0.00897888,0,0,0,0,-6.51426e-06,0.000323412,-0.000856956,0.00118037,7,0.00294185
2023-10-10 00:00:00+00:00,-0.000350373,0.998399,0.0839367,0.0324513,0.00690752,0.00204658,6.54881e-07,8.18602e-08,1.03856e-07,-3.72683e-06,-0.000345778,-0.000534406,0.000188628,7.5625,0.00534075
2023-10-11 00:00:00+00:00,-0.00113492,0.997266,0.0837636,0.0306592,0.00786835,0,0,0,0,-9.96504e-06,-0.00112541,-0.00094404,-0.000181372,8,0.0066217
2023-10-12 00:00:00+00:00,0.000192943,0.997458,0.0831078,0.0303909,0.00779294,0,0,0,0,-5.11343e-06,0.000198197,-0.000230988,0.000429185,8,0.00212413
2023-10-13 00:00:00+00:00,-0.000253148,0.997206,0.0834058,0.0303602,0.0072126,0,0,0,0,-1.18127e-06,-0.000251859,0.00028408,-0.000535939,8,5.8836e-06
2023-10-14 00:00:00+00:00,-8.00163e-05,0.997126,0.0838549,0.0302617,0.00708479,0,0,0,0,3.06594e-06,-8.30298e-05,-9.56956e-05,1.26658e-05,8,0
2023-10-15 00:00:00+00:00,0.000442265,0.997567,0.0841682,0.0301168,0.00362813,0,0,0,0,1.69871e-06,0.000440668,0.000598646,-0.000157977,8,0
2023-10-16 00:00:00+00:00,0.00370278,1.00126,0.0739834,0.0192968,0.014645,0.0285229,9.15593e-06,1.14449e-06,6.02549e-07,7.85495e-06,0.00370489,0.00393685,-0.000231959,8,0.000752782
2023-10-17 00:00:00+00:00,0.000587014,1.00185,0.0609619,0.0040604,0.0154927,0.002098,6.71359e-07,8.39199e-08,1.06492e-07,4.62469e-06,0.000583211,-0.000211283,0.000794494,8.79167,0.0065159
2023-10-18 00:00:00+00:00,0.000241583,1.00209,0.0669907,-0.000916978,0.00711063,0.0103601,3.31548e-06,1.43131e-06,6.32545e-07,6.04796e-06,0.000241068,-0.000130341,0.000371409,10.125,0.00993396
2023-10-19 00:00:00+00:00,0.000134989,1.00223,0.0766538,-0.00132967,0.000334019,0.00984954,3.1513e-06,3.93912e-07,4.66242e-07,1.68576e-05,0.000122522,0.000357068,-0.000234546,11,0.00977944
2023-10-20 00:00:00+00:00,-0.000979317,1.00124,0.0803922,-0.00223991,-0.00327091,0,0,0,0,8.43158e-06,-0.000987849,0.0014609,-0.00244875,11,0.0102167
2023-10-21 00:00:00+00:00,-0.000254713,1.00099,0.0803745,-0.00112953,-0.00348371,0.00879017,2.81322e-06,3.51652e-07,9.45599e-07,7.73058e-06,-0.000257471,0.000634703,-0.000892174,11.2292,0.00904448
2023-10-22 00:00:00+00:00,-0.00022248,1.00077,0.0781174,0.00187667,-0.000954969,0,0,0,0,9.86985e-06,-0.000232234,0.000151026,-0.000383259,12,0.00809803
2023-10-23 00:00:00+00:00,-0.00129458,0.999471,0.0829052,0.000490386,-0.00414859,0.0189374,6.05653e-06,7.57067e-07,9.75515e-07,7.83638e-06,-0.00129423,0.00347499,-0.00476921,12.5625,0.00786308
2023-10-24 00:00:00+00:00,0.00177967,1.00125,0.161155,0.0221256,-0.00115895,0.125962,4.03111e-05,1.17738e-05,3.82484e-06,-2.13103e-06,0.00183819,0.000751658,0.00108653,15.8125,0.0128261
2023-10-25 00:00:00+00:00,-0.00527984,0.995963,0.248747,0.0446602,-0.00328298,0.0498055,1.59265e-05,1.99081e-06,3.35369e-06,-2.86768e-06,-0.00526229,0.00260572,-0.00786801,16.75,0.0146958
2023-10-26 00:00:00+00:00,-0.0014728,0.994497,0.258831,0.0493439,-0.00342982,0.0120333,3.85167e-06,4.81458e-07,7.07909e-07,0.000121865,-0.0015871,-0.000752458,-0.000834645,18.3542,0.0121183
2023-10-27 00:00:00+00:00,0.00156457,0.996053,0.265027,0.0501537,-0.00576868,0.00201774,6.45569e-07,8.06961e-08,1.4832e-07,2.46159e-05,0.00154219,-0.00184637,0.00338856,20,0.0109221
2023-10-28 00:00:00+00:00,0.00144371,0.997491,0.262959,0.0498466,-0.00743025,0.0190858,6.10734e-06,7.63417e-07,6.76975e-07,-1.49687e-05,0.0014667,0.00108176,0.000384942,19.125,0.0116787
2023-10-29 00:00:00+00:00,-0.00116098,0.996332,0.274021,0.056515,-0.00526893,0.0132431,4.23758e-06,5.29698e-07,7.16124e-08,-4.66159e-05,-0.00110923,0.00155746,-0.00266669,19,0.0154692
2023-10-30 00:00:00+00:00,-0.00363961,0.992706,0.282809,0.0634167,-0.00373348,0.025774,8.24516e-06,2.20512e-06,1.37323e-06,-0.000231698,-0.0033995,0.00100584,-0.00440534,17,0.0141695
2023-10-31 00:00:00+00:00,-0.00173474,0.990984,0.287592,0.063596,-0.00595336,0.00238965,7.64496e-07,9.5562e-08,3.11297e-08,-0.00018331,-0.00154863,0.000874205,-0.00242283,17,0.00936453
2023-11-01 00:00:00+00:00,-0.00160733,0.989391,0.281135,0.0709771,0.00498294,0.0258394,8.26272e-06,1.50911e-06,9.22704e-07,-6.85274e-05,-0.00152502,0.00302409,-0.00454911,17.2708,0.0080674
2023-11-02 00:00:00+00:00,0.00107658,0.990456,0.28296,0.0723173,0.0106879,0.0129828,4.15476e-06,9.16769e-07,4.29591e-07,-3.34076e-05,0.00111703,-0.004348,0.00546502,18.8125,0.0112106
2023-11-03 00:00:00+00:00,-0.00283336,0.98765,0.31085,0.0649687,-0.00426857,0.036439,1.16544e-05,1.4568e-06,9.37719e-07,-7.85259e-06,-0.00281024,0.00143129,-0.00424153,19,0.0163927
2023-11-04 00:00:00+00:00,-0.00105728,0.986606,0.329561,0.0700606,-0.00723327,0.00309439,9.88731e-07,1.23591e-07,1.17904e-07,-2.05703e-05,-0.00103258,0.00303763,-0.00407021,19,0.0140781
2023-11-05 00:00:00+00:00,-0.00177801,0.984852,0.335562,0.0701857,-0.00639913,0,0,0,0,-2.67666e-05,-0.00175008,0.000695748,-0.00244583,19,0.013232
2023-11-06 00:00:00+00:00,-0.00414676,0.980768,0.340697,0.0670713,-0.00856665,0.0165448,5.29294e-06,6.61618e-07,7.54618e-07,-0.000131716,-0.00401283,0.00337096,-0.00738379,19.2917,0.0135334
2023-11-07 00:00:00+00:00,0.000966532,0.981716,0.337249,0.0748489,-0.00204843,0.0063512,2.03225e-06,2.54031e-07,1.33438e-07,-0.000123351,0.00109508,-0.000215308,0.00131039,20,0.0121569
2023-11-08 00:00:00+00:00,-0.00430928,0.977485,0.340385,0.0773912,-9.445e-05,0.00644802,2.06283e-06,2.57854e-07,3.35192e-07,-0.000101499,-0.0042115,0.003345,-0.0075565,20,0.011362
2023-11-09 00:00:00+00:00,0.00545739,0.98282,0.343726,0.0805591,0.00276496,0.0311163,9.9581e-06,1.24476e-06,8.15155e-07,-3.92476e-05,0.00550958,0.0103089,-0.00479931,20,0.0102702
2023-11-10 00:00:00+00:00,-0.00829622,0.974666,0.32798,0.0781021,-0.00129379,0.0394034,1.26029e-05,6.30541e-06,1.31217e-06,-1.4079e-05,-0.00828866,0.00195201,-0.0102407,21.4167,0.00977578
2023-11-11 00:00:00+00:00,-0.00368991,0.97107,0.32513,0.086077,0.00162541,0.0132579,4.2384e-06,5.298e-07,4.80519e-07,-1.86999e-06,-0.00368149,-0.00116925,-0.00251224,22,0.00900721
2023-11-12 00:00:00+00:00,0.00235137,0.973353,0.317163,0.0881145,0.00202271,0.0148367,4.74916e-06,5.93645e-07,8.29736e-07,-5.62244e-05,0.00241696,0.00313177,-0.000714807,22,0.00920114
2023-11-13 00:00:00+00:00,0.00439269,0.977629,0.288661,0.08652,0.00170468,0.0499362,1.59797e-05,6.76146e-06,4.25944e-06,-3.03129e-05,0.0044446,-0.0021332,0.0065778,20.0833,0.00917374
2023-11-14 00:00:00+00:00,-0.0051982,0.972547,0.267832,0.078187,-0.00248932,0.00609212,1.94933e-06,2.43666e-07,3.78024e-07,-1.74821e-05,-0.00518789,-0.00452106,-0.000666825,20.25,0.00980937
2023-11-15 00:00:00+00:00,0.0016988,0.974199,0.270306,0.0774396,0.00139237,0.00736481,2.35576e-06,2.9447e-07,1.32601e-07,-1.35026e-06,0.00170484,0.00982348,-0.00811864,20,0.00559489
2023-11-16 00:00:00+00:00,-0.00113298,0.973095,0.27085,0.080985,0.00747814,0.0050912,1.62811e-06,2.03514e-07,1.94401e-07,-1.59455e-05,-0.00111187,-0.0076404,0.00652853,20,0.0058949
2023-11-17 00:00:00+00:00,-0.00144189,0.971692,0.262989,0.0767425,0.00577001,0,0,0,0,-1.968e-05,-0.0014211,1.64414e-05,-0.00143754,20,0.00550585
2023-11-18 00:00:00+00:00,0.000465604,0.972144,0.260661,0.0766338,0.00420305,0,0,0,0,-1.81181e-05,0.000484604,-0.000467244,0.000951847,20,0.00563164
2023-11-19 00:00:00+00:00,0.000138141,0.972279,0.263267,0.0766927,0.00138776,0.00201706,6.45277e-07,8.06596e-08,4.45274e-08,-1.44048e-05,0.000154755,0.00391598,-0.00376122,20,0.00493341
2023-11-20 00:00:00+00:00,0.00268858,0.974893,0.262782,0.0805716,0.00698259,0.00519921,1.66361e-06,1.18405e-06,2.46687e-07,-1.88592e-05,0.00270929,-0.000213228,0.00292252,18,0.00506112
2023-11-21 00:00:00+00:00,-0.000659187,0.97425,0.266951,0.0732965,0.00301581,0.0401616,1.28524e-05,4.07375e-06,1.59784e-06,-1.67982e-05,-0.000620354,-0.00860837,0.00798801,19.2292,0.0127268
2023-11-22 00:00:00+00:00,0.000514421,0.974751,0.289257,0.0683451,-0.00696264,0.0149537,4.78531e-06,5.98163e-07,5.75396e-07,-9.2413e-06,0.000531672,0.00979391,-0.00926223,21.625,0.0132433
2023-11-23 00:00:00+00:00,0.00185486,0.976559,0.30618,0.0672725,-0.0100465,0.049685,1.5899e-05,4.05726e-06,1.23139e-06,-1.89079e-05,0.00189484,0.000139043,0.0017558,22,0.0148766
2023-11-24 00:00:00+00:00,0.000393071,0.976943,0.338735,0.0753685,-0.00887336,0.0252456,8.07857e-06,1.00982e-06,6.82903e-07,-2.57998e-05,0.000431099,0.00240981,-0.00197871,22,0.0186063
2023-11-25 00:00:00+00:00,-0.00129566,0.975677,0.354443,0.0800317,-0.0058014,0.0214356,6.8588e-06,1.32463e-06,1.08695e-06,-4.33798e-06,-0.00128195,0.00115146,-0.00243341,23.0208,0.0183681
2023-11-26 00:00:00+00:00,-0.00266062,0.973082,0.364194,0.0839882,-0.00280574,0.00987533,3.15939e-06,3.94924e-07,4.11242e-07,0.000285475,-0.00294408,-0.00435971,0.00141563,24,0.0161004
2023-11-27 00:00:00+00:00,0.00194792,0.974977,0.393638,0.0872031,-0.0111536,0.0878304,2.80992e-05,1.03019e-05,4.66176e-06,1.26698e-05,0.0019785,-0.003735,0.00571349,23,0.0145154
2023-11-28 00:00:00+00:00,9.09382e-05,0.975066,0.412241,0.0942887,-0.00972089,0.0496209,1.58779e-05,3.09842e-06,1.01293e-06,-2.41443e-05,0.00013912,0.00293436,-0.00279524,23.6667,0.0167174
2023-11-29 00:00:00+00:00,0.00095968,0.976001,0.433656,0.09524,-0.016668,0.0279337,8.94115e-06,2.49879e-06,9.44079e-07,-2.60939e-05,0.00100109,-0.00113159,0.00213269,24.5,0.0172102
2023-11-30 00:00:00+00:00,0.00110607,0.977081,0.437715,0.0940025,-0.0203279,0.00996242,3.18933e-06,1.32677e-06,3.15032e-07,-1.25888e-05,0.00112559,0.000503012,0.00062258,25.3542,0.0181912
2023-12-01 00:00:00+00:00,0.0034716,0.980473,0.463841,0.0989729,-0.0189268,0.0546306,1.74805e-05,2.18506e-06,7.82894e-07,-2.58831e-05,0.00351617,0.00562899,-0.00211282,26,0.0200064
2023-12-02 00:00:00+00:00,-0.00305807,0.977475,0.565327,0.126754,-0.0184941,0.0743309,2.37835e-05,4.71837e-06,1.09559e-06,-9.91064e-06,-0.00300953,0.00889524,-0.0119048,26,0.0244993
2023-12-03 00:00:00+00:00,0.00662931,0.983955,0.596767,0.136095,-0.0298344,0.0320125,1.02428e-05,1.28035e-06,9.73931e-07,8.49749e-06,0.00662632,0.00371716,0.00290916,26,0.0229809
2023-12-04 00:00:00+00:00,0.00637932,0.990232,0.719899,0.167078,-0.0342835,0.304626,9.75282e-05,2.07089e-05,1.51823e-05,6.10618e-05,0.00647978,0.014198,-0.00771821,25.9792,0.0291819
2023-12-05 00:00:00+00:00,0.00493482,0.995118,0.785533,0.209124,-0.0244512,0.109507,3.50404e-05,4.38005e-06,5.36022e-06,5.91933e-05,0.00497627,0.015221,-0.0102447,27.2917,0.0318485
2023-12-06 00:00:00+00:00,0.0104162,1.00548,0.818444,0.192199,-0.0157993,0.250867,8.03042e-05,2.97012e-05,9.82917e-06,6.28366e-05,0.010468,-0.00223004,0.012698,28.6667,0.03365
2023-12-07 00:00:00+00:00,0.00170993,1.0072,0.922357,0.173196,-0.00645585,0.318944,0.000102064,2.68467e-05,1.57037e-05,2.78986e-05,0.00186593,0.0140206,-0.0121547,29.5417,0.0367636
2023-12-08 00:00:00+00:00,0.00382352,1.01105,1.08247,0.188182,-0.000211331,0.304672,9.74849e-05,1.99102e-05,1.43498e-05,0.000127654,0.00386164,0.0247539,-0.0208923,30,0.0359212
2023-12-09 00:00:00+00:00,0.00475751,1.01586,1.08459,0.190052,0.00293672,0.210909,6.74935e-05,4.55348e-05,1.16637e-05,2.99827e-05,0.00488286,-0.00545166,0.0103345,30,0.0353817
2023-12-10 00:00:00+00:00,-0.00836653,1.00736,1.06406,0.195304,-0.010166,0.143933,4.60575e-05,1.8117e-05,5.70263e-06,-7.85878e-05,-0.00821816,0.0128839,-0.021102,30,0.0364279
2023-12-11 00:00:00+00:00,-0.0329709,0.974151,1.06441,0.200125,0.0041021,0.460054,0.000146972,5.4895e-05,6.11098e-05,-1.81312e-05,-0.0331437,-0.0476934,0.0145498,29.9167,0.0338495
2023-12-12 00:00:00+00:00,-0.00815961,0.966202,0.987988,0.18598,-0.00366053,0.191596,6.13028e-05,2.05509e-05,1.44004e-05,0.000136028,-0.00816678,0.0120219,-0.0201887,30,0.0290212
2023-12-13 00:00:00+00:00,0.00362602,0.969706,0.926711,0.188036,-0.00542107,0.0974765,3.11853e-05,2.69314e-05,3.65456e-06,8.55734e-05,0.00362776,0.0118397,-0.0082119,30,0.0268734
2023-12-14 00:00:00+00:00,0.00388384,0.973472,0.965325,0.206437,-0.0047507,0.0323063,1.03392e-05,8.99521e-06,1.37059e-06,0.000161903,0.00375938,0.00615957,-0.00240019,30,0.0285953
2023-12-15 00:00:00+00:00,0.00194476,0.975365,0.953859,0.204607,-0.00596502,0.018388,5.88251e-06,4.76539e-06,3.8216e-07,0.000201463,0.00176862,-0.0218191,0.0235877,30,0.0294346
2023-12-16 00:00:00+00:00,-0.00431126,0.97116,0.926749,0.20989,-0.00959503,0.128996,4.12871e-05,4.42317e-05,8.80111e-06,0.00010038,-0.00430694,0.0101078,-0.0144147,30,0.0276961
2023-12-17 00:00:00+00:00,-0.00076767,0.970415,0.893244,0.223998,-0.00648699,0.0393352,1.25843e-05,1.1318e-05,1.56017e-06,3.95165e-05,-0.000760696,-0.0112198,0.0104591,30,0.0253055
2023-12-18 00:00:00+00:00,-0.000235805,0.970186,0.868872,0.208975,-0.00686218,0.107448,3.43944e-05,8.64807e-06,4.50362e-06,-1.76637e-05,-0.000153961,0.0049312,-0.00508516,29.9792,0.025837
2023-12-19 00:00:00+00:00,-0.00202264,0.968223,0.920955,0.208083,-0.00470599,0.0599388,1.91726e-05,3.26333e-06,1.51766e-06,9.83587e-05,-0.00208238,-0.0051743,0.00309192,30,0.027026
2023-12-20 00:00:00+00:00,-0.00709491,0.961354,0.92979,0.214629,-0.0043469,0.0648738,2.07304e-05,3.07029e-06,5.1933e-06,4.04013e-05,-0.00708221,0.0121391,-0.0192213,30,0.0236725
2023-12-21 00:00:00+00:00,-0.00608885,0.9555,0.944294,0.224998,-0.000848506,0.0346094,1.10712e-05,1.55685e-06,1.13061e-06,-2.00585e-05,-0.00603628,0.0135683,-0.0196046,30,0.0214972
2023-12-22 00:00:00+00:00,-0.00220207,0.953396,0.880481,0.227806,0.00402442,0.154142,4.93319e-05,1.59936e-05,6.58312e-06,8.0716e-06,-0.00210716,0.011035,-0.0131421,30,0.0192901
2023-12-23 00:00:00+00:00,-0.0103909,0.94349,0.857577,0.222392,0.00583418,0.0222098,7.09988e-06,1.797e-06,1.16099e-06,0.000174321,-0.0105908,-0.00313537,-0.00745544,30,0.0181164
2023-12-24 00:00:00+00:00,-0.00341642,0.940266,0.861226,0.228975,0.00377551,0.0258805,8.27348e-06,1.35899e-06,1.03656e-06,3.90804e-05,-0.0034254,-0.00733009,0.00390469,30,0.0130145
2023-12-25 00:00:00+00:00,-0.000418024,0.939873,0.811465,0.219183,-0.0015271,0.0526957,1.6866e-05,7.32254e-06,4.09962e-06,-3.72991e-05,-0.000337182,0.0117937,-0.0121309,28,0.0102145
2023-12-26 00:00:00+00:00,0.00954936,0.948848,0.739702,0.198612,-0.00437961,0.148107,4.74266e-05,1.71947e-05,6.99633e-06,-0.000146683,0.00974844,0.00391458,0.00583385,28,0.00815935
2023-12-27 00:00:00+00:00,0.013214,0.961387,0.613928,0.185393,-0.00568697,0.0944898,3.02452e-05,4.36817e-06,5.98955e-06,0.000138622,0.0130489,0.0166419,-0.00359298,28.5833,0.0100814
2023-12-28 00:00:00+00:00,0.0036528,0.964898,0.610428,0.19017,-0.00127826,0.0665083,2.1283e-05,6.0256e-06,2.40334e-06,0.000231038,0.00345856,-0.00709676,0.0105553,28.8125,0.015656
2023-12-29 00:00:00+00:00,-0.00954072,0.955692,0.600861,0.185782,-0.00223936,0.064403,2.06101e-05,1.0424e-05,2.80915e-06,3.21045e-05,-0.00957004,-0.00745998,-0.00211006,29,0.0166811
2023-12-30 00:00:00+00:00,0.00462964,0.960117,0.591866,0.185247,0.00673933,0.00658335,2.1076e-06,2.6345e-07,2.16946e-07,0.000178051,0.00444867,0.000462025,0.00398665,29,0.0128783
2023-12-31 00:00:00+00:00,0.00307959,0.963074,0.593989,0.181338,0.00538947,0.0183337,5.86753e-06,8.80661e-07,7.72042e-07,0.000400081,0.0026879,0.000644103,0.00204379,29,0.0117799
2024-01-01 00:00:00+00:00,-0.00121924,0.9619,0.576302,0.169705,0.000619535,0.0415179,1.32877e-05,4.96297e-06,2.62706e-06,-8.11893e-05,-0.00110987,0.0121115,-0.0132214,28,0.0103346
2024-01-02 00:00:00+00:00,0.00514815,0.966852,0.581689,0.182714,0.00363535,0.0109315,3.49923e-06,4.37403e-07,6.09511e-07,-0.000143898,0.0053005,0.000646867,0.00465364,28,0.0103579
2024-01-03 00:00:00+00:00,-0.00589742,0.96115,0.540315,0.154311,0.00826759,0.0659414,2.10473e-05,3.09478e-06,2.8372e-06,-1.088e-05,-0.00585429,-0.0226757,0.0168214,28,0.0105504
2024-01-04 00:00:00+00:00,-0.000434622,0.960732,0.492134,0.123765,0.00342188,0.0192162,6.14887e-06,8.27891e-07,6.63233e-07,-5.39845e-06,-0.000412122,0.00736505,-0.00777717,28,0.006489
2024-01-05 00:00:00+00:00,0.00556281,0.966076,0.478836,0.12782,0.00616921,0.00645451,2.06512e-06,2.5814e-07,1.79649e-07,4.6561e-05,0.00550943,-0.00159613,0.00710555,28,0.00896508
2024-01-06 00:00:00+00:00,0.00527097,0.971168,0.468323,0.137482,0.0043713,0.0474789,1.51948e-05,1.89935e-06,1.46228e-06,3.62761e-05,0.00524909,-0.00329729,0.00854638,28,0.0154001
2024-01-07 00:00:00+00:00,0.00352979,0.974596,0.485604,0.151918,0.00320142,0.0135568,4.3389e-06,5.42362e-07,4.32964e-07,2.98948e-05,0.00350496,-0.00331485,0.00681981,28,0.0185959
2024-01-08 00:00:00+00:00,0.00775276,0.982152,0.5392,0.165659,-0.00460318,0.130479,4.17658e-05,1.04798e-05,6.90537e-06,-1.14253e-05,0.00782157,0.0199083,-0.0120868,28,0.0211478
2024-01-09 00:00:00+00:00,0.0052019,0.987261,0.569678,0.179367,-0.00132393,0.0554071,1.77239e-05,2.21549e-06,1.20153e-06,-4.36383e-05,0.00526947,-0.00464412,0.0099136,28,0.0249362
2024-01-10 00:00:00+00:00,-0.00105365,0.986221,0.637742,0.189797,0.00451113,0.113763,3.64023e-05,1.21586e-05,5.25796e-06,-4.63765e-05,-0.000930477,0.0208167,-0.0217472,28,0.0276715
2024-01-11 00:00:00+00:00,0.00253004,0.988716,0.733845,0.177264,0.00489213,0.183555,5.87255e-05,3.34177e-05,8.83575e-06,-3.819e-05,0.00271326,0.011116,-0.00840271,27.7917,0.0284469
2024-01-12 00:00:00+00:00,-0.0103035,0.978529,0.732548,0.152566,-0.00190833,0.0570101,1.82308e-05,1.23069e-05,2.31301e-06,-3.06917e-05,-0.0102605,-0.023245,0.0129845,28,0.0287167
2024-01-13 00:00:00+00:00,-0.00201591,0.976556,0.711401,0.135691,6.2683e-05,0.0177636,5.68167e-06,5.06536e-06,7.33595e-07,-2.16741e-05,-0.00196709,0.00597588,-0.00794296,28.3958,0.0248174
2024-01-14 00:00:00+00:00,0.00230261,0.978805,0.707771,0.137743,-0.000852714,0.00532271,1.7028e-06,2.1285e-07,2.72599e-07,-3.18594e-05,0.00234362,-0.0107565,0.0131001,29,0.0227038
2024-01-15 00:00:00+00:00,-0.000912039,0.977912,0.634697,0.122165,-0.00985971,0.106189,3.39947e-05,2.90904e-05,9.74269e-06,-1.58261e-05,-0.000811317,0.00704969,-0.007861,28,0.0241991
2024-01-16 00:00:00+00:00,0.00334344,0.981182,0.634059,0.123118,-0.00936574,0.0163591,5.23503e-06,1.78379e-06,3.67838e-07,4.11873e-05,0.00331092,0.00420869,-0.000897774,28,0.0233389
2024-01-17 00:00:00+00:00,-0.0035699,0.977679,0.642547,0.136021,-0.00653773,0.0137324,4.39168e-06,9.02141e-07,2.27853e-07,3.36646e-05,-0.00359409,-0.00515488,0.00156079,28,0.0222401
2024-01-18 00:00:00+00:00,0.00800113,0.985502,0.621447,0.143546,-0.00175314,0.0128327,4.10437e-06,4.22127e-06,4.78128e-07,2.52216e-05,0.00796358,-0.0103539,0.0183174,28,0.0206885
2024-01-19 00:00:00+00:00,0.00510302,0.990531,0.652699,0.163941,0.000597267,0.229197,7.33602e-05,5.209e-05,6.05689e-06,0.00013183,0.00510058,0.00296915,0.00213143,28,0.0275544
2024-01-20 00:00:00+00:00,0.00636602,0.996836,0.774137,0.194158,-0.0138551,0.0859382,2.75041e-05,9.19368e-06,1.32517e-06,0.000131166,0.00626964,0.00191175,0.00435789,28,0.0316091
2024-01-21 00:00:00+00:00,0.00453395,1.00136,0.822743,0.210729,-0.0168573,0.0528192,1.69006e-05,7.59727e-06,7.02704e-07,0.000101577,0.00445937,-0.00203031,0.00648967,28.875,0.034126
2024-01-22 00:00:00+00:00,-0.00868398,0.99266,0.857599,0.207914,-0.014586,0.089799,2.87342e-05,3.77833e-05,2.27345e-06,0.00021023,-0.00883714,-0.0268456,0.0180085,28,0.0363865
2024-01-23 00:00:00+00:00,-0.000889475,0.991777,0.876204,0.204942,-0.0104263,0.0918531,2.93795e-05,1.23659e-05,5.4183e-06,0.000158961,-0.000972801,-0.00633712,0.00536432,28,0.0317821
2024-01-24 00:00:00+00:00,-0.0131571,0.978728,0.901851,0.208665,-0.011279,0.0285564,9.12458e-06,3.69585e-06,9.55953e-07,7.12149e-05,-0.0132733,-0.00100828,-0.012265,28,0.0289715
2024-01-25 00:00:00+00:00,0.00682791,0.985411,0.879384,0.207386,-0.0111202,0.0840915,2.69576e-05,2.3237e-05,3.62506e-06,9.61329e-06,0.00688179,-0.00481676,0.0116985,28,0.0257693
2024-01-26 00:00:00+00:00,-0.00691177,0.9786,0.864303,0.200585,-0.00711938,0.0701216,2.24285e-05,9.61808e-06,2.46173e-06,7.0726e-06,-0.00688876,0.0209697,-0.0278585,28,0.025664
2024-01-27 00:00:00+00:00,0.00390526,0.982422,0.87305,0.195553,-0.00768837,0.0256847,8.21867e-06,2.74179e-06,8.43883e-07,4.76812e-05,0.0038744,0.0043381,-0.000463696,28,0.0240849
2024-01-28 00:00:00+00:00,0.00970744,0.991959,0.883631,0.198701,-0.00884697,0.048645,1.55684e-05,3.28549e-06,1.57224e-06,4.86451e-05,0.00964468,-0.000995608,0.0106403,28.625,0.0268316
2024-01-29 00:00:00+00:00,-0.00706859,0.984947,0.88161,0.159276,-0.0179208,0.175905,5.62298e-05,3.76214e-05,2.08044e-05,1.69517e-05,-0.00698134,0.0149514,-0.0219328,27.7917,0.0296833
2024-01-30 00:00:00+00:00,-0.00284304,0.982147,0.892177,0.159578,-0.0215281,0.0254177,8.12353e-06,1.01544e-06,5.46639e-07,3.72059e-05,-0.00285413,-0.00433735,0.00148322,28,0.0299826
2024-01-31 00:00:00+00:00,0.00544493,0.987494,0.883388,0.160324,-0.0205018,0.0567907,1.81796e-05,6.67022e-06,1.06534e-06,1.8167e-05,0.00546034,-0.0128432,0.0183035,28,0.0307852
2024-02-01 00:00:00+00:00,0.00197895,0.989449,0.885137,0.150596,-0.0134856,0.0588078,1.88163e-05,7.08685e-06,1.86191e-06,6.02396e-05,0.00196442,0.00543855,-0.00347414,28.9583,0.032423
2024-02-02 00:00:00+00:00,0.00590387,0.99529,0.902629,0.146773,-0.0183548,0.0288934,9.24246e-06,6.86886e-06,1.20223e-06,9.54325e-05,0.00583732,0.00471037,0.00112694,29,0.0339431
2024-02-03 00:00:00+00:00,0.00391016,0.999182,0.901302,0.149756,-0.0207556,0.0679768,2.17617e-05,1.49767e-05,4.09608e-06,8.66085e-05,0.0038725,-0.00229158,0.00616408,29,0.0357255
2024-02-04 00:00:00+00:00,0.00320862,1.00239,0.921195,0.155217,-0.0257653,0.0359486,1.15126e-05,3.07677e-06,1.21722e-06,6.4052e-05,0.00317592,-0.00406836,0.00724427,29,0.0379245
2024-02-05 00:00:00+00:00,-0.0107503,0.991612,1.02347,0.181729,-0.0158231,0.169008,5.41006e-05,1.98431e-05,1.41312e-05,1.62156e-05,-0.0107038,0.0018314,-0.0125353,28.9583,0.0378296
2024-02-06 00:00:00+00:00,0.00799296,0.999538,1.02237,0.190397,-0.0207988,0.0629473,2.01366e-05,7.49818e-06,8.14762e-07,5.75319e-05,0.00794981,0.00772222,0.000227588,29,0.0347304
2024-02-07 00:00:00+00:00,0.00401753,1.00355,1.02383,0.190515,-0.012389,0.0604346,1.93431e-05,9.40058e-06,1.63758e-06,1.08838e-05,0.00406697,0.0161927,-0.0121257,29,0.0361378
2024-02-08 00:00:00+00:00,0.0148005,1.01841,1.08336,0.198253,-0.00123855,0.203945,6.52845e-05,1.62166e-05,1.12053e-05,0.000283768,0.0145243,0.0109229,0.00360133,29.2083,0.0378226
2024-02-09 00:00:00+00:00,-0.00389251,1.01444,1.16524,0.255496,0.0105371,0.741099,0.000237137,5.74317e-05,1.47272e-05,0.000243576,-0.00380808,0.0178355,-0.0216436,30,0.0421593
2024-02-10 00:00:00+00:00,0.00274899,1.01723,1.09571,0.23376,-0.00361849,0.12555,4.01628e-05,9.92618e-06,1.59133e-06,0.00028799,0.00253485,0.00250339,3.14589e-05,30,0.0426018
2024-02-11 00:00:00+00:00,-3.50039e-05,1.0172,1.128,0.214848,-0.0143581,0.0496298,1.58833e-05,3.75636e-06,1.03601e-06,0.000300169,-0.000296387,0.000232254,-0.000528641,30,0.0420399
2024-02-12 00:00:00+00:00,-0.013518,1.00345,1.20228,0.185808,-0.0545974,0.365845,0.000116856,4.05276e-05,4.56913e-05,0.000433844,-0.0137526,0.0256911,-0.0394437,28,0.0396143
2024-02-13 00:00:00+00:00,-0.00352385,0.999909,1.19888,0.203069,-0.0317814,0.0620434,1.98414e-05,1.1699e-05,2.70485e-06,0.000404931,-0.00383687,-0.00802916,0.0041923,28,0.0370395
2024-02-14 00:00:00+00:00,0.00347711,1.00339,1.20944,0.195015,-0.0292954,0.0956579,3.06274e-05,2.25434e-05,4.36493e-06,0.000383647,0.00318955,0.0262461,-0.0230566,28,0.0365976
2024-02-15 00:00:00+00:00,0.0150451,1.01848,1.2407,0.217443,-0.0229789,0.188268,6.02203e-05,4.19752e-05,8.11366e-06,0.000450982,0.0146619,0.0131372,0.00152465,28.8125,0.0385886
2024-02-16 00:00:00+00:00,0.00932207,1.02798,1.26367,0.236299,-0.0206143,0.161287,5.16003e-05,2.24997e-05,7.99923e-06,0.000296388,0.00913541,0.00391131,0.0052241,29,0.0415504
2024-02-17 00:00:00+00:00,-0.0122857,1.01535,1.27761,0.256622,-0.0283031,0.168725,5.39753e-05,1.34613e-05,6.83317e-06,0.000243972,-0.0124954,-0.00872827,-0.00376715,30,0.0418504
2024-02-18 00:00:00+00:00,0.00152774,1.0169,1.35583,0.270546,-0.0253188,0.0455618,1.45738e-05,4.86679e-06,1.24161e-06,0.000293838,0.00128975,0.0153315,-0.0140418,30,0.0391162
2024-02-19 00:00:00+00:00,-0.00515378,1.01166,1.26033,0.299318,-0.0161366,0.419994,0.000134146,2.52176e-05,5.22907e-05,7.83375e-05,-0.00498852,0.00713316,-0.0121217,30,0.0366229
2024-02-20 00:00:00+00:00,0.0216653,1.03358,1.22284,0.316995,-0.00980561,0.222416,7.13298e-05,2.19038e-05,1.27586e-05,-8.38091e-06,0.0217372,0.00225549,0.0194817,30,0.0375167
2024-02-21 00:00:00+00:00,0.0100216,1.04393,1.22712,0.349602,-0.00965176,0.164315,5.25901e-05,2.2291e-05,6.63523e-06,0.000173146,0.00994434,-0.00284977,0.0127941,30,0.0432997
2024-02-22 00:00:00+00:00,-0.00790466,1.03568,1.33615,0.363413,-0.00767066,0.186265,5.95882e-05,1.53123e-05,8.29329e-06,0.000463414,-0.00825542,-0.00199268,-0.00626274,30,0.0452235
2024-02-23 00:00:00+00:00,0.0063591,1.04227,1.34172,0.370059,-0.0023379,0.138244,4.42381e-05,5.58489e-06,4.63175e-06,0.000460333,0.00599499,-0.00844186,0.0144369,30,0.0434916
2024-02-24 00:00:00+00:00,-0.00492195,1.03714,1.41045,0.382615,-0.00346035,0.0910239,2.91033e-05,3.79059e-06,4.82197e-06,0.000411736,-0.00525775,0.018597,-0.0238547,30,0.0458575
2024-02-25 00:00:00+00:00,-0.00981392,1.02696,1.42006,0.38599,-0.00528264,0.0676162,2.16209e-05,3.20059e-06,2.07355e-06,0.000120705,-0.0099098,0.0106856,-0.0205954,30,0.0445182
2024-02-26 00:00:00+00:00,0.021529,1.04907,1.11716,0.273564,-0.0165612,0.617373,0.000197614,8.02164e-05,7.31995e-05,0.000295733,0.0214074,0.0248197,-0.00341231,27.9792,0.0439109
2024-02-27 00:00:00+00:00,0.00789155,1.05735,1.17045,0.249485,-0.0268674,0.202824,6.48922e-05,3.63057e-05,6.50999e-06,0.000349746,0.0076878,0.0127467,-0.00505891,28.1458,0.0491954
2024-02-28 00:00:00+00:00,0.00419512,1.06178,1.02233,0.222577,-0.0131245,1.15862,0.000370306,0.000214395,5.16248e-05,0.000304699,0.00473826,0.0289584,-0.0242201,29,0.0529122
2024-02-29 00:00:00+00:00,0.00808601,1.07037,0.783562,0.211637,0.0189536,0.496514,0.000158879,0.0001328,2.30616e-05,-2.88094e-05,0.00845964,-0.00458761,0.0130473,28.9792,0.0553296
2024-03-01 00:00:00+00:00,-0.00421899,1.06585,0.801158,0.22528,0.0197193,0.307959,9.85378e-05,9.06671e-05,1.313e-05,3.64488e-05,-0.00401527,0.0185359,-0.0225511,29.8333,0.0561941
2024-03-02 00:00:00+00:00,-0.00577524,1.0597,0.819046,0.223128,0.00542651,0.407643,0.000130448,0.000109356,2.48156e-05,5.85079e-05,-0.00548979,0.0104583,-0.0159481,30,0.0555456
2024-03-03 00:00:00+00:00,-0.00110781,1.05852,0.894633,0.233541,-0.00275137,0.456017,0.000145972,8.15439e-05,1.59347e-05,9.95204e-06,-0.000758799,0.00508248,-0.00584128,30,0.0546559
2024-03-04 00:00:00+00:00,-0.000102629,1.05841,0.849062,0.197231,-0.028844,0.781459,0.000250159,0.000265326,6.16701e-05,2.59157e-05,0.000547905,0.0204462,-0.0198983,29.9583,0.0542029
2024-03-05 00:00:00+00:00,-0.00659168,1.05144,0.815805,0.216711,-0.0117714,0.586668,0.000187639,0.000155027,2.43156e-05,-0.000149571,-0.00597299,-0.0284365,0.0224635,29.8125,0.0553377
2024-03-06 00:00:00+00:00,0.0117361,1.06378,0.722335,0.192703,0.00456645,0.505418,0.000161837,0.000147444,3.00804e-05,-7.37017e-05,0.0121294,0.0315543,-0.0194248,29,0.0556967
2024-03-07 00:00:00+00:00,0.0148011,1.07952,0.794106,0.206848,0.000483105,0.389921,0.000124818,0.000131095,1.98522e-05,-6.42954e-05,0.0150896,0.0198745,-0.00478495,29.9375,0.0579248
2024-03-08 00:00:00+00:00,-0.0166249,1.06158,0.812629,0.211887,-0.0027053,0.349321,0.000111692,0.000157273,1.37059e-05,0.000124435,-0.0164718,0.00355156,-0.0200234,30,0.0580952
2024-03-09 00:00:00+00:00,-0.0163623,1.04421,0.760642,0.199125,0.00242414,0.259934,8.31483e-05,8.45673e-05,9.47268e-06,0.000354084,-0.0166328,0.0035355,-0.0201683,30,0.0528941
2024-03-10 00:00:00+00:00,0.0230684,1.06829,0.808786,0.198029,-0.00704543,0.181007,5.79646e-05,4.93512e-05,5.57697e-06,0.00011304,0.022877,0.00836594,0.0145111,30,0.0505193
2024-03-11 00:00:00+00:00,0.0136898,1.08292,0.805954,0.180365,-0.0254668,0.930205,0.000297867,0.000245563,7.2382e-05,-0.000107491,0.0144198,0.0246726,-0.0102528,30,0.054643
2024-03-12 00:00:00+00:00,-0.0129437,1.0689,0.884034,0.185041,-0.0194539,0.57993,0.000185522,0.000127618,1.93095e-05,2.03535e-05,-0.0126415,-0.00415258,-0.00848892,30,0.0577577
2024-03-13 00:00:00+00:00,0.0207144,1.09104,0.912148,0.168599,-0.0211522,0.366492,0.000117271,7.40656e-05,1.00679e-05,5.9547e-05,0.020747,0.0205406,0.000206391,30,0.0559576
2024-03-14 00:00:00+00:00,-0.0203571,1.06883,0.761003,0.160231,-0.0213188,0.704732,0.0002253,0.000122698,1.98028e-05,0.000260971,-0.0203715,-0.00410542,-0.0162661,30,0.0555318
2024-03-15 00:00:00+00:00,0.00107985,1.06999,0.814429,0.172563,-0.00371441,0.894106,0.00028615,8.96749e-05,2.82373e-05,7.02189e-05,0.00148719,-0.0133981,0.0148853,30,0.0499854
2024-03-16 00:00:00+00:00,0.0104492,1.08117,0.914402,0.178392,-0.00538846,0.488435,0.000156382,3.80285e-05,1.31427e-05,5.33515e-05,0.0106365,-0.0386612,0.0492977,30,0.0494859
2024-03-17 00:00:00+00:00,-0.00223185,1.07875,0.7222,0.160171,-0.00257833,0.967809,0.00030969,0.000113782,2.45838e-05,-1.14443e-05,-0.00172859,0.0169803,-0.0187089,29.0625,0.0525464
2024-03-18 00:00:00+00:00,0.0224257,1.10295,0.726742,0.167092,-0.0197086,0.934156,0.000299008,0.00017284,4.06037e-05,-7.35445e-05,0.0228382,-0.0107634,0.0336016,22.0208,0.0505958
2024-03-19 00:00:00+00:00,-0.0333256,1.06619,0.823355,0.168318,-0.0206536,0.615557,0.000196829,8.00107e-05,2.31238e-05,1.6592e-05,-0.0334898,-0.0505617,0.017072,24.1458,0.053324
2024-03-20 00:00:00+00:00,0.0111126,1.07804,0.862758,0.164178,-0.00883022,0.44629,0.00014277,0.000139141,1.45993e-05,8.87167e-06,0.0114302,0.0549453,-0.0435151,26.6042,0.048273
2024-03-21 00:00:00+00:00,0.0111597,1.09007,0.778146,0.167489,-0.00611373,0.90505,0.000289697,0.000256367,2.2176e-05,-4.93104e-05,0.0117456,-0.0069035,0.0186491,28.5417,0.0487589
2024-03-22 00:00:00+00:00,-0.00672218,1.08274,0.768485,0.16312,-0.00895419,0.57742,0.00018471,0.000160941,1.83737e-05,2.94288e-05,-0.00636592,-0.0101627,0.00379677,29,0.0500144
2024-03-23 00:00:00+00:00,-0.000783881,1.08189,0.859142,0.152355,-0.0136492,0.18238,5.83886e-05,7.47326e-05,7.76867e-06,-2.66528e-05,-0.000559057,0.00643822,-0.00699727,29,0.0450956
2024-03-24 00:00:00+00:00,0.00068762,1.08264,0.854116,0.147404,-0.0160475,0.107748,3.44754e-05,4.96146e-05,3.61961e-06,-3.63932e-05,0.000838976,0.0232125,-0.0223736,29,0.0450362
2024-03-25 00:00:00+00:00,0.0120665,1.0957,0.957986,0.140302,-0.0284795,0.154801,4.95313e-05,8.10343e-05,4.66589e-06,4.57995e-05,0.0121354,0.0193708,-0.00723539,29,0.044682
2024-03-26 00:00:00+00:00,-0.00173119,1.0938,1.0466,0.135999,-0.0355816,0.328939,0.000105247,0.000161359,6.81961e-06,0.000158586,-0.00157419,0.00797416,-0.00954834,29,0.0469272
2024-03-27 00:00:00+00:00,-0.00667255,1.0865,0.856795,0.14564,-0.0210487,1.95563,0.000625618,0.000644298,5.50458e-05,3.13441e-05,-0.00535752,-0.00875165,0.00339413,28.875,0.062573
2024-03-28 00:00:00+00:00,-0.0201288,1.06463,0.921771,0.159448,-0.0145249,1.21702,0.000389195,0.000366931,3.1212e-05,0.000119408,-0.019606,0.00939558,-0.0290016,28.3125,0.0594381
2024-03-29 00:00:00+00:00,0.000701787,1.06538,0.717442,0.168066,-0.00335857,1.146,0.000366755,0.000353619,2.65247e-05,3.86009e-05,0.00144103,-0.00299159,0.00443262,21.9375,0.0536128
2024-03-30 00:00:00+00:00,-0.0105017,1.05419,0.776573,0.185777,-0.00287664,1.07837,0.000345002,0.000253358,2.10565e-05,0.000300353,-0.0101943,-0.000746212,-0.00944813,20.9583,0.0518229
2024-03-31 00:00:00+00:00,0.00130757,1.05557,0.720451,0.197394,-0.0102042,0.762014,0.000243834,0.000172223,1.17146e-05,0.000123811,0.00164711,0.0125515,-0.0109044,20.2917,0.0475934
2024-04-01 00:00:00+00:00,0.00861101,1.06466,0.946966,0.197316,-0.0167927,0.767899,0.000245813,0.000134947,1.88075e-05,0.000140637,0.00886006,-0.0196882,0.0285483,22.3125,0.0480768
2024-04-02 00:00:00+00:00,0.00675238,1.07185,1.19107,0.175567,-0.015561,0.60172,0.000192567,5.06898e-05,1.53267e-05,-0.000112851,0.00713612,-0.0343714,0.0415076,25.9375,0.0513476
2024-04-03 00:00:00+00:00,0.0190276,1.09224,1.24653,0.183072,-0.0125915,0.675168,0.000216139,3.98083e-05,1.80863e-05,-5.79011e-05,0.0192187,0.0020293,0.0171894,27.1042,0.0513699
2024-04-04 00:00:00+00:00,0.00425053,1.09689,1.36419,0.187464,-0.00162669,1.30265,0.000416814,8.40651e-05,4.09289e-05,3.06149e-05,0.00483164,0.0209295,-0.0160979,28.9375,0.0553279
2024-04-05 00:00:00+00:00,-0.000208021,1.09666,1.0698,0.156831,0.00689021,1.32644,0.000424464,9.85934e-05,3.18777e-05,0.000180929,0.000192664,-0.0172118,0.0174045,26.8333,0.0566434
2024-04-06 00:00:00+00:00,-0.0137138,1.08162,1.0749,0.173429,-0.00107828,0.769471,0.000246138,7.72875e-05,1.55606e-05,0.000187497,-0.0136317,0.0123408,-0.0259725,25.3333,0.0540743
2024-04-07 00:00:00+00:00,-0.00528526,1.0759,1.08101,0.177422,-0.00738479,0.168884,5.40262e-05,8.62414e-06,5.77827e-06,0.000255531,-0.00545976,0.00820645,-0.0136662,25.8958,0.0495952
2024-04-08 00:00:00+00:00,0.00375704,1.07995,1.20256,0.179877,-0.0175174,0.420991,0.000134732,2.57576e-05,1.191e-05,4.52084e-05,0.0039017,0.0202004,-0.0162987,27.0833,0.0474023
2024-04-09 00:00:00+00:00,0.0151708,1.09633,1.21799,0.201823,-0.0117656,0.752491,0.0002409,7.43038e-05,1.36015e-05,2.4558e-05,0.0153923,-0.0257493,0.0411417,28.5,0.0486409
2024-04-10 00:00:00+00:00,0.000453691,1.09683,1.05283,0.205545,-0.0041555,1.69494,0.00054241,0.00024602,3.82746e-05,-8.75774e-06,0.0013372,0.00444014,-0.00310294,28.8958,0.0520216
2024-04-11 00:00:00+00:00,0.00295215,1.10006,0.831732,0.184244,0.00462605,1.45493,0.000465574,0.000188874,3.87233e-05,-5.24577e-05,0.00372698,-0.00616256,0.00988954,22.0833,0.0544589
2024-04-12 00:00:00+00:00,0.00606612,1.10674,0.760225,0.16025,0.00588736,1.64445,0.0005263,0.000173824,7.99396e-05,1.71495e-05,0.0068364,-0.048343,0.0551793,21.0833,0.0558906
2024-04-13 00:00:00+00:00,0.0132194,1.12137,0.785351,0.167132,0.00225555,1.24506,0.000398543,9.31408e-05,7.18497e-05,0.000163962,0.0136444,-0.0344461,0.0480905,23.6458,0.0571089
2024-04-14 00:00:00+00:00,-0.00395344,1.11693,0.740657,0.177887,0.00572811,1.04061,0.000332951,0.000111339,6.36142e-05,0.000142581,-0.00355434,0.0293525,-0.0329068,25.3125,0.0577696
2024-04-15 00:00:00+00:00,0.00430039,1.12174,0.82744,0.173899,-0.00873295,0.892475,0.000285692,4.02214e-05,9.88493e-05,0.000320067,0.00444682,-0.0151534,0.0196003,27,0.0604524
2024-04-16 00:00:00+00:00,-0.00571737,1.11532,1.22914,0.174423,-0.00252609,1.07967,0.000345453,8.30569e-05,7.68954e-05,0.00028768,-0.00546143,-0.00222019,-0.00324124,27.7917,0.0622405
2024-04-17 00:00:00+00:00,0.00241585,1.11802,1.11793,0.154225,-0.00317243,1.15032,0.000367983,9.27203e-05,6.85313e-05,2.53176e-05,0.00299789,-0.0193855,0.0223834,29,0.0607142
2024-04-18 00:00:00+00:00,0.0154922,1.13534,1.09947,0.128548,0.00165751,1.06917,0.000342355,0.000118235,5.87406e-05,-6.04197e-05,0.0160148,0.0278254,-0.0118106,29,0.0586609
2024-04-19 00:00:00+00:00,-0.00285024,1.1321,1.00459,0.155515,0.00570321,1.29441,0.000414225,0.00012044,7.27358e-05,-4.8305e-05,-0.00215268,0.00406102,-0.00621369,28.6458,0.060083
2024-04-20 00:00:00+00:00,-0.00851293,1.12247,1.12037,0.20129,0.00630934,1.42373,0.000455386,0.000179463,6.52004e-05,9.20199e-06,-0.00782435,0.0322577,-0.040082,29,0.0588947
2024-04-21 00:00:00+00:00,0.00322501,1.12609,0.955547,0.20949,0.00268319,1.14735,0.000367157,0.000151847,2.87491e-05,0.000127076,0.00366246,-0.000628609,0.00429107,26.2917,0.0549466
2024-04-22 00:00:00+00:00,0.00187165,1.12819,0.798313,0.158531,-0.00183867,1.47921,0.000473278,0.000190792,7.97233e-05,-1.23402e-05,0.00265777,0.0169193,-0.0142615,20.7292,0.0557942
2024-04-23 00:00:00+00:00,-0.00673174,1.1206,0.744925,0.167831,0.00590844,1.12656,0.000360446,0.000112135,2.82583e-05,6.63106e-05,-0.0062977,-0.00302679,-0.00327091,21.5208,0.0565645
2024-04-24 00:00:00+00:00,-0.00574219,1.11416,0.78167,0.204984,0.0088717,1.02419,0.000327701,6.71109e-05,1.90432e-05,0.00011166,-0.00539404,-0.0140468,0.00865281,23.1042,0.0535826
2024-04-25 00:00:00+00:00,-0.00529044,1.10827,0.766329,0.197888,0.00530589,0.898761,0.000287568,6.14779e-05,1.66679e-05,0.000125819,-0.00501997,0.000489353,-0.00550932,21.9375,0.0524184
2024-04-26 00:00:00+00:00,0.00789164,1.11702,0.691116,0.191589,0.00130254,1.21215,0.000387968,0.000116369,2.89343e-05,0.000129691,0.0082836,-0.00489347,0.0131771,20.5208,0.0518011
2024-04-27 00:00:00+00:00,0.00883358,1.12688,0.753444,0.174332,-0.00059589,0.82384,0.000263682,7.16766e-05,1.80273e-05,0.000153311,0.0090109,0.0082721,0.000738808,17.4792,0.0547691
2024-04-28 00:00:00+00:00,0.00337686,1.13069,0.727278,0.173929,0.00039621,0.693466,0.000221931,9.12761e-05,1.66762e-05,0.000233293,0.00348055,-0.0015088,0.00498935,18.2708,0.0570876
2024-04-29 00:00:00+00:00,-0.00287199,1.12744,0.929874,0.173979,-0.0335605,1.61131,0.000515667,9.45394e-05,6.93491e-05,0.000242029,-0.0024155,0.00128442,-0.00369992,18.9167,0.0581625
2024-04-30 00:00:00+00:00,0.00411917,1.13209,0.883895,0.15575,-0.0186657,1.38594,0.00044357,0.000143385,3.96931e-05,4.70968e-05,0.00473127,-0.0283225,0.0330538,21.4792,0.0581072
2024-05-01 00:00:00+00:00,-0.00414347,1.12739,1.12409,0.157755,-0.0152122,1.95301,0.000624885,0.000186986,7.02601e-05,0.000219976,-0.00342789,0.00773551,-0.0111634,24.9583,0.0564177
2024-05-02 00:00:00+00:00,-0.0143036,1.11127,0.748431,0.146015,-0.0050028,0.952443,0.000304683,4.65087e-05,2.28188e-05,0.000120131,-0.0141109,-0.00279121,-0.0113197,23.4167,0.0515181
2024-05-03 00:00:00+00:00,-0.0047007,1.10605,0.673035,0.165936,-0.00876002,0.688394,0.000220283,3.5083e-05,1.3096e-05,0.000132909,-0.004548,0.016634,-0.021182,20.625,0.0456909
2024-05-04 00:00:00+00:00,-0.00453798,1.10103,0.707269,0.188814,-0.00753535,0.726608,0.000232514,3.65434e-05,1.32773e-05,0.000143467,-0.00437782,0.00172788,-0.0061057,20.5625,0.04184
2024-05-05 00:00:00+00:00,0.000396091,1.10146,0.695675,0.191478,-0.00294486,0.722689,0.000231293,2.89116e-05,1.28692e-05,-2.31523e-05,0.00071148,0.00167616,-0.000964677,19.625,0.0389219
2024-05-06 00:00:00+00:00,-0.00534399,1.09558,0.876456,0.208329,-0.00777927,0.328073,0.000104924,1.3307e-05,2.11424e-05,7.8496e-05,-0.00525025,-0.00460951,-0.000640746,23.1875,0.0380691
2024-05-07 00:00:00+00:00,-0.00345678,1.09179,0.907859,0.223536,0.000130658,0.676356,0.000216422,3.85978e-05,1.26129e-05,2.19021e-05,-0.00318426,-0.0102367,0.00705242,26,0.0385134
2024-05-08 00:00:00+00:00,0.00496393,1.09721,0.979446,0.222949,-0.00560592,0.609455,0.000195006,4.83147e-05,1.47215e-05,-1.37678e-05,0.00528841,-0.00436278,0.0096512,26,0.0400923
2024-05-09 00:00:00+00:00,-0.00815833,1.08826,0.984562,0.237893,-0.00808416,0.932299,0.000298296,0.000105699,1.95404e-05,7.94449e-05,-0.00780747,0.0128433,-0.0206508,26.3542,0.0424369
2024-05-10 00:00:00+00:00,-0.00989258,1.07749,0.763771,0.211389,-0.00177949,0.477392,0.000152713,3.48138e-05,8.91666e-06,0.000131998,-0.00985127,-0.0185296,0.00867834,27,0.0392097
2024-05-11 00:00:00+00:00,-0.00148144,1.07589,0.838074,0.226658,0.00356851,0.137337,4.3902e-05,7.623e-06,2.83552e-06,3.16569e-05,-0.00143087,0.00209301,-0.00352388,27,0.0337636
2024-05-12 00:00:00+00:00,8.18773e-05,1.07598,0.861234,0.22316,-0.000995634,0.0984276,3.14975e-05,5.37836e-06,3.04597e-06,6.70905e-05,6.40124e-05,0.00259697,-0.00253296,27.8542,0.0333511
2024-05-13 00:00:00+00:00,0.00528849,1.08167,0.99832,0.247602,-0.0111658,0.577584,0.000184757,2.81045e-05,2.35711e-05,3.71404e-05,0.00556811,0.00761458,-0.00204647,27.6458,0.037381
2024-05-14 00:00:00+00:00,0.000228505,1.08192,1.05917,0.275585,-0.0165665,0.153532,4.913e-05,6.29994e-06,5.43793e-06,0.000378976,-5.83691e-05,-0.0203624,0.020304,28.2917,0.0400504
2024-05-15 00:00:00+00:00,0.0173691,1.10071,1.12729,0.275131,-0.00651433,0.433871,0.000138935,2.55152e-05,1.09173e-05,0.000423599,0.0170344,0.0472016,-0.0301673,29.1042,0.0405721
2024-05-16 00:00:00+00:00,0.0079263,1.10944,0.960731,0.261791,-0.0105906,1.20153,0.000384557,0.000103442,3.18506e-05,7.77817e-05,0.00835675,-0.00474428,0.013101,28.6875,0.0449673
2024-05-17 00:00:00+00:00,0.0161785,1.12739,0.92369,0.256249,-0.00831154,1.14801,0.000367537,0.000175218,3.29464e-05,8.37749e-05,0.0165695,0.020444,-0.00387445,24.8958,0.0468911
2024-05-18 00:00:00+00:00,0.00576167,1.13388,0.919205,0.243113,-0.0246383,1.03771,0.000332131,0.000166424,2.59152e-05,4.95959e-05,0.00626476,0.00261001,0.00365475,25.9375,0.0505074
2024-05-19 00:00:00+00:00,0.000629718,1.1346,0.780144,0.183195,-0.0317939,0.91823,0.000293863,0.00014261,1.91286e-05,-6.51497e-06,0.00110999,-0.00706488,0.00817487,18.5,0.0526057
2024-05-20 00:00:00+00:00,0.0218511,1.15939,0.808042,0.150756,-0.0367367,1.78786,0.000572429,0.000282912,8.06242e-05,1.55766e-05,0.0225955,0.0457122,-0.0231166,20.8125,0.0519452
2024-05-21 00:00:00+00:00,-0.0167456,1.13997,0.965382,0.191958,-0.0172033,1.55013,0.000495887,0.000233115,5.14888e-05,-3.44786e-05,-0.0159922,0.000356081,-0.0163483,24.5208,0.0546517
2024-05-22 00:00:00+00:00,-0.0231591,1.11357,0.717152,0.150774,-0.0116137,1.09811,0.000351283,0.000155281,2.74414e-05,1.93194e-05,-0.0228237,-0.00736415,-0.0154596,25.0625,0.0525125
2024-05-23 00:00:00+00:00,-0.0097231,1.10274,0.776505,0.154422,-0.00293788,1.21829,0.000389777,0.000158874,3.90876e-05,-2.74616e-05,-0.00908351,-0.00713821,-0.0019453,24.5,0.0466578
2024-05-24 00:00:00+00:00,0.00398544,1.10714,0.836355,0.176452,0.00309916,1.13179,0.000362226,0.000181156,3.86795e-05,-3.09462e-05,0.00463405,-0.00300202,0.00763607,25.4792,0.0437267
2024-05-25 00:00:00+00:00,-0.0103586,1.09567,0.931407,0.187357,0.00259089,0.408906,0.000130821,5.58956e-05,8.76195e-06,3.26778e-05,-0.0101954,0.0018522,-0.0120476,25,0.0400373
2024-05-26 00:00:00+00:00,-0.000888307,1.0947,0.879037,0.201029,0.0134314,0.158035,5.04544e-05,7.67324e-06,8.97019e-06,1.56898e-05,-0.000811884,-0.0031484,0.00233652,25,0.0151794
2024-05-27 00:00:00+00:00,-0.0109479,1.08271,0.817965,0.177707,0.00624799,0.077326,2.47243e-05,1.34186e-05,5.76136e-06,2.53145e-06,-0.0109448,0.00755298,-0.0184978,22.6458,0.0135197
2024-05-28 00:00:00+00:00,-0.00762467,1.07446,0.769477,0.169314,0.00916495,0.0632981,2.0251e-05,9.15461e-06,2.21598e-06,9.62217e-05,-0.00769928,-0.00856769,0.000868414,22,0.00947588
2024-05-29 00:00:00+00:00,-0.00120293,1.07317,0.711426,0.16221,0.00332249,0.0693171,2.21814e-05,1.27906e-05,1.17699e-06,1.77007e-07,-0.00115379,-0.00568927,0.00453548,22,0.00327747
2024-05-30 00:00:00+00:00,8.46763e-05,1.07326,0.652937,0.162612,-0.000437747,0.0453841,1.45167e-05,5.252e-06,1.67783e-06,-1.27172e-05,0.000132275,-0.00112668,0.00125896,22,0.00111353
2024-05-31 00:00:00+00:00,-0.00134194,1.07182,0.617669,0.158021,-0.000711138,0.0207473,6.63894e-06,1.07133e-06,7.06172e-07,-2.66841e-05,-0.00130126,-0.000680045,-0.000621212,22,0.00189507
2024-06-01 00:00:00+00:00,0.00323367,1.07528,0.610671,0.153445,-0.0016649,0,0,0,0,-9.94715e-05,0.00333051,0.00454557,-0.00121506,22,3.23622e-07
2024-06-02 00:00:00+00:00,0.00398031,1.07956,0.605597,0.158548,0.00188165,0.00259832,8.30644e-07,1.03831e-07,1.50337e-07,-6.24069e-05,0.00404055,-0.00202556,0.00606612,22,0
2024-06-03 00:00:00+00:00,0.00374555,1.08361,0.441638,0.0813636,-0.0175411,0.176667,5.65691e-05,1.36521e-05,1.22159e-05,-2.17466e-05,0.00384949,0.00540707,-0.00155758,19,0.00167077
2024-06-04 00:00:00+00:00,0.00539011,1.08945,0.417987,0.0622171,-0.0155617,0.027915,8.94224e-06,1.11778e-06,9.23728e-07,-7.32415e-06,0.00539735,0.00976936,-0.00437202,19,0.00280544
2024-06-05 00:00:00+00:00,0.0023676,1.09203,0.372919,0.0383558,-0.0187096,0.0530546,1.69897e-05,2.35559e-06,1.88458e-06,5.13246e-06,0.00238482,0.00468063,-0.0022958,19,0.00346972
2024-06-06 00:00:00+00:00,0.00241045,1.09466,0.365182,0.0444039,-0.0109602,0,0,0,0,-4.33287e-06,0.00241423,-0.000879428,0.00329366,19,0.00381726
2024-06-07 00:00:00+00:00,0.00666861,1.10196,0.349074,0.05553,-0.0138279,0.0342164,1.10323e-05,1.37904e-06,3.19444e-06,7.96803e-06,0.00668455,-0.00745226,0.0141368,19,0.00576723
2024-06-08 00:00:00+00:00,0.000602513,1.10262,0.303875,0.0875059,-0.0115297,0.0129324,4.13738e-06,5.17172e-07,6.47346e-07,2.97771e-06,0.000606602,-0.000987055,0.00159366,19.3125,0.00976564
2024-06-09 00:00:00+00:00,-0.000417325,1.10216,0.30671,0.0864939,-0.0121292,0.0021394,6.84459e-07,8.55573e-08,6.80759e-08,4.07161e-06,-0.000419871,0.000776933,-0.0011968,20,0.0108863
2024-06-10 00:00:00+00:00,-0.00102122,1.10104,0.269633,0.0697812,-0.0107908,0.0914902,2.9278e-05,5.1271e-06,9.33178e-06,-1.10001e-05,-0.000965332,-0.00405316,0.00308783,19.7083,0.0130859
2024-06-11 00:00:00+00:00,-0.000255944,1.10075,0.277922,0.0694295,-0.00414033,0.00923845,2.95612e-06,3.69515e-07,2.0268e-07,-1.21631e-05,-0.000237217,-0.007186,0.00694878,20,0.0114973
2024-06-12 00:00:00+00:00,-0.0023846,1.09813,0.281446,0.0670446,-0.00139661,0.00423402,1.3549e-06,1.69363e-07,2.09207e-07,-1.16914e-05,-0.00237179,0.003517,-0.0058888,20.6875,0.00896345
2024-06-13 00:00:00+00:00,0.00140064,1.09967,0.277208,0.0642259,-0.000349408,0.00203216,6.50552e-07,8.1319e-08,9.9135e-08,-1.07199e-05,0.00141312,-0.00506847,0.00648159,21.0833,0.00773311
2024-06-14 00:00:00+00:00,0.00212641,1.10201,0.28015,0.0609561,-0.00292476,0.050172,1.60573e-05,2.00716e-06,2.53253e-06,-1.3601e-05,0.00216021,-0.000654601,0.00281481,22.4792,0.0104432
2024-06-15 00:00:00+00:00,0.00145555,1.10361,0.299029,0.0610058,-0.00194741,0.0535681,1.71408e-05,2.78853e-06,2.37788e-06,-1.42191e-05,0.00149214,0.00240095,-0.000908807,23.5625,0.0143131
2024-06-16 00:00:00+00:00,0.000831038,1.10453,0.315013,0.0628149,-0.00139977,0.00658268,2.10596e-06,2.63245e-07,2.33633e-07,-2.45952e-05,0.00085937,0.0024054,-0.00154603,24,0.0154367
2024-06-17 00:00:00+00:00,0.00579541,1.11093,0.334982,0.0670788,-0.00610088,0.137747,4.40937e-05,8.20759e-06,4.02641e-06,-2.19584e-05,0.00586218,-0.00564671,0.0115089,22,0.0167137
2024-06-18 00:00:00+00:00,0.00529587,1.11681,0.581383,0.111981,-0.00284193,0.37588,0.000120334,1.6712e-05,1.85557e-05,2.70322e-05,0.00542858,-0.00142206,0.00685064,23.7708,0.023821
2024-06-19 00:00:00+00:00,0.00266091,1.11978,0.797535,0.118126,0.00150941,0.174435,5.58237e-05,6.97796e-06,1.01863e-05,9.32786e-05,0.00265725,0.00490736,-0.0022501,25,0.0285832
2024-06-20 00:00:00+00:00,-0.00309566,1.11632,0.874298,0.135206,0.00196549,0.258568,8.27365e-05,1.56686e-05,1.04226e-05,0.000100446,-0.00306096,-0.000794708,-0.00226626,25,0.0292587
2024-06-21 00:00:00+00:00,-0.00410406,1.11174,0.914001,0.179693,0.00152688,0.168927,5.4097e-05,1.60291e-05,9.31447e-06,4.16201e-05,-0.00400904,-0.0041686,0.000159554,25.875,0.0271384
2024-06-22 00:00:00+00:00,0.00741164,1.11998,0.916648,0.194805,0.000425809,0.0603611,1.93207e-05,6.88656e-06,2.5678e-06,2.1309e-05,0.00741435,0.00172091,0.00569344,26,0.0257167
2024-06-23 00:00:00+00:00,-0.00556907,1.11374,0.901332,0.19719,-0.00241868,0.0635506,2.03311e-05,5.4354e-06,2.6872e-06,-3.7814e-06,-0.00554011,-0.0158499,0.0103098,26,0.026942
2024-06-24 00:00:00+00:00,-0.0129284,1.09934,0.861285,0.199161,-0.00513158,0.210601,6.73277e-05,2.88786e-05,1.26895e-05,-1.71602e-05,-0.0128375,-0.0052073,-0.00763018,24.4375,0.0243871
2024-06-25 00:00:00+00:00,-1.02541e-05,1.09933,0.867423,0.197307,0.00364238,0.0602353,1.92763e-05,2.40954e-06,2.47208e-06,3.22091e-05,-5.17611e-06,0.0118487,-0.0118539,25,0.0202287
2024-06-26 00:00:00+00:00,0.00281364,1.10242,0.848813,0.198143,0.00801823,0.00739839,2.36775e-06,2.95969e-07,3.27236e-07,6.34733e-05,0.00275647,-0.00663476,0.00939122,25,0.0202234
2024-06-27 00:00:00+00:00,0.00683058,1.10995,0.849378,0.192719,0.00638493,0.042606,1.36354e-05,1.70443e-06,2.23835e-06,-7.40034e-06,0.00684448,0.013091,-0.00624647,25.875,0.0205179
2024-06-28 00:00:00+00:00,0.00160165,1.11173,0.842676,0.18467,0.00596471,0.0190033,6.08212e-06,7.60265e-07,7.26787e-07,3.1818e-05,0.00158662,-0.0162094,0.017796,26,0.0214195
2024-06-29 00:00:00+00:00,0.003028,1.1151,0.827964,0.189815,0.00631956,0.0243803,7.79918e-06,9.74897e-07,6.53255e-07,9.37131e-05,0.00294458,0.000163987,0.00278059,26,0.022878
2024-06-30 00:00:00+00:00,0.00267409,1.11808,0.830631,0.192918,0.00642975,0.0819745,2.62386e-05,3.27983e-06,2.7339e-06,5.05863e-05,0.00266387,0.0146817,-0.0120178,26,0.0254874
2024-07-01 00:00:00+00:00,0.00110761,1.11932,0.945665,0.168251,-0.0277684,0.223257,7.1471e-05,1.72134e-05,2.61702e-05,1.87452e-05,0.00122537,-0.0035156,0.00474097,27,0.0282067
2024-07-02 00:00:00+00:00,0.00537244,1.12533,0.923068,0.173865,-0.0298697,0.102602,3.28351e-05,4.78613e-06,4.22993e-06,3.86876e-05,0.00537547,0.00247449,0.00290099,27,0.0298128
2024-07-03 00:00:00+00:00,0.0124554,1.13935,0.930464,0.182704,-0.0132853,0.170881,5.47009e-05,9.30569e-06,6.24926e-06,4.4943e-05,0.012423,-0.0255943,0.0380173,27,0.0304288
2024-07-04 00:00:00+00:00,-0.00382806,1.13498,1.00446,0.165412,0.00222828,0.238714,7.63555e-05,2.70688e-05,1.31198e-05,2.74556e-05,-0.00364946,-0.0472594,0.0436099,27.1042,0.0303379
2024-07-05 00:00:00+00:00,0.0113353,1.14785,0.908186,0.0939388,-0.00725799,0.780149,0.000249667,5.50228e-05,5.31848e-05,0.000199222,0.0115904,-0.00542291,0.0170133,28.8125,0.0307317
2024-07-06 00:00:00+00:00,0.0028097,1.15107,0.972715,0.117525,-0.00345446,0.597529,0.00019121,6.12338e-05,2.82261e-05,0.000155716,0.00296545,0.0396945,-0.036729,29.4167,0.0331407
2024-07-07 00:00:00+00:00,0.0102715,1.1629,1.17977,0.218455,0.00185488,0.473513,0.000151564,5.41602e-05,2.89149e-05,-4.82885e-05,0.010542,-0.0438113,0.0543533,30,0.0375335
2024-07-08 00:00:00+00:00,0.0109571,1.17564,1.15473,0.213996,-0.0113419,0.70448,0.000225408,9.35176e-05,9.79405e-05,-9.07202e-06,0.0113984,0.0243923,-0.012994,28.7292,0.0395977
2024-07-09 00:00:00+00:00,0.000814295,1.1766,1.09739,0.205307,-0.0111412,0.225661,7.22137e-05,1.45203e-05,1.75761e-05,2.19743e-05,0.000923492,0.0125722,-0.0116487,29,0.0400273
2024-07-10 00:00:00+00:00,-0.0156964,1.15813,1.01297,0.208606,-0.00988254,0.168273,5.38166e-05,1.55931e-05,8.59371e-06,-1.11576e-05,-0.0156765,0.00515194,-0.0208284,29,0.0397848
2024-07-11 00:00:00+00:00,0.0211316,1.1826,1.07176,0.234461,-0.00623748,0.430269,0.000137733,2.91854e-05,2.15073e-05,-7.68408e-05,0.0212411,-0.00480869,0.0260498,29.2292,0.0373591
2024-07-12 00:00:00+00:00,-0.00517978,1.17648,1.3749,0.233447,-0.0137555,0.469268,0.000150157,2.95945e-05,1.95464e-05,-5.40601e-05,-0.00489572,0.0191399,-0.0240356,30,0.0407644
2024-07-13 00:00:00+00:00,0.0161045,1.19542,1.405,0.225711,-0.00854696,0.159254,5.09752e-05,6.95393e-06,8.04704e-06,-5.25145e-05,0.0161313,0.0124241,0.00370718,30,0.0408152
2024-07-14 00:00:00+00:00,0.00152113,1.19724,1.32127,0.230703,0.00284247,0.156653,5.00718e-05,7.47777e-06,7.94315e-06,2.40455e-05,0.00160914,0.0225164,-0.0209073,30,0.0425845
2024-07-15 00:00:00+00:00,-0.0136149,1.18094,1.40448,0.247879,-0.021703,0.338361,0.000108184,1.89616e-05,2.36816e-05,0.000129348,-0.0135868,0.0612441,-0.0748308,30,0.0455698
2024-07-16 00:00:00+00:00,-0.0147637,1.16351,1.38284,0.274339,-0.0129268,0.13107,4.19195e-05,1.06437e-05,6.51286e-06,4.85786e-05,-0.0148014,-0.00467885,-0.0101225,30,0.0429519
2024-07-17 00:00:00+00:00,-0.0154299,1.14555,1.3581,0.282733,-0.00277254,0.0588637,1.88207e-05,7.07324e-06,3.21372e-06,2.68432e-05,-0.0154833,-0.0180593,0.00257608,30,0.0379414
2024-07-18 00:00:00+00:00,0.0113975,1.15861,1.26513,0.282372,-0.001279,0.126149,4.03736e-05,1.95515e-05,4.54996e-06,5.29439e-05,0.011392,0.00568577,0.0057062,30,0.0341609
2024-07-19 00:00:00+00:00,0.00492729,1.16432,1.21973,0.2598,-0.00217212,0.151565,4.84956e-05,1.90547e-05,6.64954e-06,4.06519e-05,0.00499015,0.0283914,-0.0234012,30,0.0360782
2024-07-20 00:00:00+00:00,0.00822171,1.17389,1.2278,0.262482,0.000859155,0.0616588,1.97319e-05,3.35002e-06,3.19819e-06,6.87592e-05,0.00817481,0.00670919,0.00146562,30,0.0381661
2024-07-21 00:00:00+00:00,0.0115942,1.1875,1.20028,0.249724,-0.00168324,0.138051,4.42342e-05,9.11767e-06,7.2221e-06,4.90901e-05,0.0115762,0.0180053,-0.00642918,30,0.039988
2024-07-22 00:00:00+00:00,0.00565729,1.19422,1.20413,0.225013,-0.0133387,0.277259,8.87565e-05,3.98784e-05,4.28705e-05,5.9312e-05,0.00579035,-0.0217205,0.0275108,28.4583,0.041652
2024-07-23 00:00:00+00:00,0.00445889,1.19954,1.30825,0.246649,-0.0177416,0.386704,0.000123764,1.64365e-05,2.12979e-05,7.48753e-05,0.00458261,-0.0129043,0.017487,29.0625,0.0433592
2024-07-24 00:00:00+00:00,0.00421817,1.2046,1.44419,0.283498,-0.00275337,0.405847,0.000129886,4.08368e-05,1.64917e-05,-3.92863e-06,0.00442761,-0.0149861,0.0194138,29.8542,0.0455474
2024-07-25 00:00:00+00:00,-0.00863872,1.1942,1.30158,0.271676,-0.00135395,1.15423,0.000369149,7.61712e-05,4.12858e-05,2.76571e-05,-0.00810428,-0.017131,0.00902676,30,0.0491627
2024-07-26 00:00:00+00:00,-0.0161956,1.17486,0.963851,0.26915,0.00723594,0.831027,0.000265844,3.72236e-05,2.11426e-05,7.23153e-05,-0.0160074,0.0226624,-0.0386697,30,0.0471038
2024-07-27 00:00:00+00:00,0.00290631,1.17827,0.951868,0.272347,0.00912569,0.129437,4.14343e-05,5.24083e-06,3.42442e-06,6.62857e-05,0.00296148,-0.000241995,0.00320347,30,0.0440818
2024-07-28 00:00:00+00:00,0.0110105,1.19125,1.00173,0.245839,0.0043616,0.194412,6.225e-05,8.96224e-06,1.04331e-05,-3.9864e-05,0.0111398,0.00219362,0.00894622,30,0.0447859
2024-07-29 00:00:00+00:00,-0.00749761,1.18231,1.0964,0.202374,-0.0296479,0.245676,7.86276e-05,2.1874e-05,2.00721e-05,-0.000118727,-0.00722008,-0.00447296,-0.00274712,29,0.0466633
2024-07-30 00:00:00+00:00,-0.00664551,1.17446,1.12376,0.215643,-0.0293096,0.0601412,1.9231e-05,2.40387e-06,2.46681e-06,-9.92424e-05,-0.0064855,-0.00427776,-0.00220774,29,0.0435991
2024-07-31 00:00:00+00:00,0.00628007,1.18183,1.11936,0.230422,-0.0240211,0.109664,3.50991e-05,5.22218e-06,5.17147e-06,1.24463e-05,0.006333,-0.0166828,0.0230158,29.875,0.0430277
2024-08-01 00:00:00+00:00,0.0161712,1.20094,1.15118,0.219532,-0.0228702,0.542759,0.000173767,3.81356e-05,2.41922e-05,-7.50827e-05,0.0164684,-0.00225271,0.0187211,30,0.0453761
2024-08-02 00:00:00+00:00,-0.00326597,1.19702,0.829256,0.155452,-0.0227875,1.45121,0.000464302,0.000178212,5.88513e-05,-5.85276e-05,-0.00246791,-0.0349553,0.0324874,27.2708,0.0487933
2024-08-03 00:00:00+00:00,0.0144517,1.21432,0.911631,0.178529,-0.00726091,0.694108,0.000222147,5.85226e-05,2.75542e-05,-5.99704e-05,0.0147627,-0.0212833,0.036046,19.125,0.0450128
2024-08-04 00:00:00+00:00,-0.00974534,1.20249,0.873007,0.168815,-0.00725999,1.21209,0.000387781,5.81821e-05,5.04412e-05,-4.52847e-05,-0.00918545,-0.0290873,0.0199019,23.0417,0.0454541
2024-08-05 00:00:00+00:00,0.00600213,1.2097,0.759122,0.106766,0.000315897,1.26035,0.000403074,0.00011407,0.000118705,-0.00024557,0.00702822,-0.0390969,0.0461251,23.0208,0.0420177
2024-08-06 00:00:00+00:00,-0.0229154,1.18198,0.813089,0.118194,0.00248972,0.300386,9.59786e-05,1.19973e-05,2.42171e-05,-1.73989e-05,-0.0229802,0.0203084,-0.0432886,24,0.0384288
2024-08-07 00:00:00+00:00,0.00568658,1.1887,0.81604,0.13178,0.00530703,0.106211,3.39808e-05,4.85928e-06,6.88485e-06,0.000101893,0.00565575,-0.0137454,0.0194012,24.4167,0.0342683
2024-08-08 00:00:00+00:00,0.0170507,1.20897,0.863134,0.132214,0.00315414,0.186396,5.96942e-05,7.46177e-06,1.04853e-05,8.31136e-05,0.0170362,0.0635217,-0.0464855,27.1042,0.0338182
2024-08-09 00:00:00+00:00,0.000274328,1.2093,1.00523,0.125109,0.00356104,0.29851,9.55359e-05,1.1942e-05,1.95e-05,0.000108539,0.000332515,-0.0115892,0.0119217,29,0.0377088
2024-08-10 00:00:00+00:00,-0.010486,1.19662,1.08972,0.13763,0.00360203,0.110516,3.53537e-05,4.41921e-06,5.36058e-06,-6.45371e-05,-0.0104008,0.00239316,-0.012794,29,0.0380429
2024-08-11 00:00:00+00:00,0.0180238,1.21819,1.06361,0.13606,0.00516771,0.150803,4.82628e-05,6.03285e-06,6.2492e-06,6.49862e-05,0.0178883,-0.027808,0.0456963,29,0.0370949
2024-08-12 00:00:00+00:00,-0.0217917,1.19165,1.07961,0.123913,-0.00811025,0.186284,5.95741e-05,1.21946e-05,2.16751e-05,-2.56631e-05,-0.0218395,0.0234076,-0.0452471,29,0.039723
2024-08-13 00:00:00+00:00,-0.00107658,1.19036,1.09294,0.129451,-0.00516938,0.066677,2.13274e-05,3.67113e-06,4.66775e-06,3.81707e-05,-0.00103543,0.00323643,-0.00427186,29,0.0340805
2024-08-14 00:00:00+00:00,0.00469529,1.19595,1.0797,0.128625,-0.00747889,0.0692585,2.21463e-05,3.40563e-06,4.02664e-06,7.75042e-05,0.00467417,-0.0117022,0.0163764,29,0.0333228
2024-08-15 00:00:00+00:00,0.0108922,1.20898,1.0582,0.120688,-0.0119075,0.0766784,2.45399e-05,4.60991e-06,3.78336e-06,-2.57015e-05,0.0109439,-0.0121797,0.0231236,29,0.0349705
2024-08-16 00:00:00+00:00,0.00538741,1.21549,1.0383,0.117569,-0.017978,0.111507,3.56601e-05,4.9585e-06,5.05103e-06,4.37881e-06,0.00549121,0.00292424,0.00256698,29,0.0393171
2024-08-17 00:00:00+00:00,-0.00657851,1.20749,1.05743,0.129764,-0.0308834,0.0416662,1.32719e-05,2.7946e-06,5.56698e-06,-2.5584e-05,-0.00648332,0.00937652,-0.0158598,29,0.0434659
2024-08-18 00:00:00+00:00,-0.00606097,1.20018,1.05311,0.148428,-0.0240855,0.0457339,1.45951e-05,1.82439e-06,3.4338e-06,5.70494e-05,-0.00606755,-0.00556751,-0.000500047,29,0.0413494
2024-08-19 00:00:00+00:00,0.00662192,1.20812,0.974606,0.121574,-0.0442508,0.29428,9.43434e-05,1.29458e-05,4.8718e-05,6.26177e-06,0.00677801,0.00916291,-0.0023849,28,0.0387715
2024-08-20 00:00:00+00:00,-0.00600953,1.20086,0.991558,0.140863,-0.0407638,0.0655425,2.09588e-05,2.84522e-06,1.6227e-06,2.78639e-05,-0.00600125,-0.00257287,-0.00342838,28,0.0397496
2024-08-21 00:00:00+00:00,0.00450638,1.20628,1.00421,0.15008,-0.0406096,0.18685,5.97781e-05,1.72008e-05,7.37507e-06,6.55142e-05,0.00454008,0.0161328,-0.0115927,28.5833,0.0366466
2024-08-22 00:00:00+00:00,-0.0012396,1.20478,0.984567,0.145416,-0.0480494,0.0269716,8.62101e-06,1.07763e-06,1.1892e-06,4.92293e-05,-0.00125524,-0.000211462,-0.00104378,29,0.0359905
2024-08-23 00:00:00+00:00,-0.0169891,1.18431,1.01511,0.151447,-0.0504904,0.106042,3.38658e-05,8.74902e-06,5.87733e-06,0.000102439,-0.0171212,0.0316401,-0.0487613,29.3333,0.0333007
2024-08-24 00:00:00+00:00,-0.0031009,1.18064,1.05023,0.159289,-0.0363249,0.0800045,2.55847e-05,3.66044e-06,1.15001e-05,8.00258e-05,-0.00310351,0.00265049,-0.00575399,30,0.0277665
2024-08-25 00:00:00+00:00,0.00862927,1.19083,0.949454,0.173089,-0.0295268,0.0554937,1.77578e-05,2.26744e-06,4.39504e-06,2.9109e-05,0.00863488,-0.00580474,0.0144396,30,0.0273357
2024-08-26 00:00:00+00:00,0.011929,1.20503,0.88693,0.156675,-0.0372735,0.411484,0.000131561,5.74691e-05,8.53795e-05,-1.03927e-05,0.01217,-0.013366,0.025536,27.6667,0.0311883
2024-08-27 00:00:00+00:00,-0.0142843,1.18782,0.983853,0.211532,-0.0291766,0.178617,5.71083e-05,8.98552e-06,6.29961e-06,-5.0065e-06,-0.0142634,-0.0361889,0.0219255,29,0.0357266
2024-08-28 00:00:00+00:00,0.0073811,1.19659,1.02577,0.215394,-0.0091272,0.0386517,1.23494e-05,3.42005e-06,1.83033e-06,-3.06534e-05,0.00745943,-7.24898e-05,0.00753192,29,0.0320726
2024-08-29 00:00:00+00:00,0.00453916,1.20202,1.01218,0.229112,-0.00810415,0.0376997,1.20615e-05,3.28525e-06,1.99695e-06,-6.5244e-05,0.00462529,-0.00134564,0.00597093,29,0.0327539
2024-08-30 00:00:00+00:00,-0.00321225,1.19816,0.998176,0.227371,-0.010621,0.155701,4.98243e-05,9.89755e-06,8.79758e-06,1.38537e-06,-0.00312723,-0.00132917,-0.00179807,29,0.0361949
2024-08-31 00:00:00+00:00,-0.000803848,1.19719,1.01503,0.236487,-0.00747711,0.0229715,7.34971e-06,2.95649e-06,9.76576e-07,2.25867e-05,-0.000802977,-0.00616013,0.00535715,29.75,0.0366258
2024-09-01 00:00:00+00:00,0.00338956,1.20125,1.00188,0.242626,-0.00166705,0.0258887,8.28689e-06,2.00856e-06,6.41422e-07,0.000107032,0.00331254,-0.0218312,0.0251438,30,0.0355623
2024-09-02 00:00:00+00:00,-0.00783525,1.19184,1.08259,0.225026,-0.0292684,0.187876,6.01147e-05,5.87324e-05,1.71617e-05,-4.70398e-05,-0.00765251,0.0219223,-0.0295748,29.9167,0.0362871
2024-09-03 00:00:00+00:00,0.00170488,1.19387,1.09165,0.216311,-0.0263995,0.165951,5.30963e-05,1.95025e-05,1.00262e-05,-1.83086e-06,0.00180224,-0.0239503,0.0257526,30,0.0353795
2024-09-04 00:00:00+00:00,-0.000624283,1.19313,1.16167,0.184408,-0.0161327,0.222202,7.1061e-05,1.66629e-05,1.45048e-05,0.000462552,-0.000946433,0.0103357,-0.0112822,30,0.0349301
2024-09-05 00:00:00+00:00,-0.00882596,1.1826,1.21678,0.208675,-0.00831116,0.109329,3.49727e-05,4.37159e-06,4.84323e-06,-2.32523e-05,-0.00878171,-0.0183883,0.00960659,30,0.0328369
2024-09-06 00:00:00+00:00,-0.0124445,1.16788,1.1614,0.219883,0.000138461,0.0828748,2.65019e-05,3.33879e-06,3.17916e-06,3.86193e-06,-0.0124321,-0.0265927,0.0141606,30,0.0268604
2024-09-07 00:00:00+00:00,-0.00406842,1.16313,1.1072,0.210399,0.00641558,0.0299627,9.58246e-06,1.19781e-06,1.94914e-06,-2.08912e-05,-0.00402119,0.0105383,-0.0145595,30,0.0197348
2024-09-08 00:00:00+00:00,-0.00034299,1.16273,1.10445,0.21201,0.0097334,0.0388413,1.24358e-05,1.55447e-06,1.45844e-06,-2.03768e-05,-0.000292069,0.0102956,-0.0105876,30,0.0169575
2024-09-09 00:00:00+00:00,-0.00268901,1.1596,1.06863,0.201542,0.0173213,0.0658933,2.10964e-05,2.63705e-06,6.28567e-06,8.12011e-05,-0.00271853,0.0193241,-0.0220426,28.9792,0.0150205
2024-09-10 00:00:00+00:00,-0.00456568,1.15431,1.08042,0.191606,0.0142937,0.0295399,9.45244e-06,1.18156e-06,8.92655e-07,4.90075e-05,-0.00459399,0.00318139,-0.00777538,29,0.0122964
2024-09-11 00:00:00+00:00,0.0104994,1.16643,1.02353,0.197186,0.0184543,0.020339,6.50651e-06,8.13314e-07,4.52895e-07,-4.20577e-05,0.0105125,-0.00634226,0.0168547,28.4792,0.0121188
2024-09-12 00:00:00+00:00,-0.000148204,1.16625,1.00607,0.196248,0.00778186,0.0365701,1.1711e-05,9.10606e-06,1.94103e-06,-0.000189871,9.09368e-05,0.0103865,-0.0102956,28,0.016746
2024-09-13 00:00:00+00:00,-0.000651979,1.16549,0.982901,0.186136,-0.00289925,0.0354312,1.13394e-05,6.60884e-06,1.09834e-06,-7.17984e-05,-0.000542221,0.0131604,-0.0137026,28,0.0177983
2024-09-14 00:00:00+00:00,-0.00178454,1.16341,0.985503,0.190785,-0.00604984,0.00481426,1.539e-06,1.92375e-07,1.44498e-07,0.000181629,-0.00195475,-0.00379807,0.00184332,28,0.0189324
2024-09-15 00:00:00+00:00,0.00229698,1.16609,0.978184,0.194061,-0.00999343,0.00208041,6.65192e-07,8.3149e-08,1.26103e-07,0.000140895,0.00216432,-0.0113689,0.0135333,28,0.0189743
2024-09-16 00:00:00+00:00,0.00105595,1.16732,0.890675,0.211619,0.0201804,0.0702564,2.2469e-05,3.41952e-05,1.21097e-05,-6.93506e-06,0.00114649,-0.00560004,0.00674653,27,0.0167424
2024-09-17 00:00:00+00:00,0.00434645,1.17239,0.893089,0.205307,0.0181538,0.0120621,3.86229e-06,3.43864e-06,1.05972e-06,4.30646e-05,0.00431007,0.0115932,-0.00728313,27,0.0153374
2024-09-18 00:00:00+00:00,-0.00763004,1.16345,0.897885,0.197824,0.00414319,0.0115298,3.68663e-06,1.87846e-06,4.23903e-07,0.000130869,-0.00776496,0.00869518,-0.0164601,27,0.0145724
2024-09-19 00:00:00+00:00,-0.0025485,1.16048,0.919663,0.214843,-0.00553326,0.0410149,1.30991e-05,4.39065e-06,2.48207e-06,0.000106748,-0.00261054,0.0162915,-0.018902,27,0.00957375
2024-09-20 00:00:00+00:00,0.000310231,1.16084,0.887569,0.212989,-0.00568538,0.0549739,1.76041e-05,2.20051e-06,1.51523e-06,1.71917e-05,0.000329768,0.00857856,-0.00824879,27,0.00809216
2024-09-21 00:00:00+00:00,0.00321773,1.16458,0.873672,0.21361,-0.007248,0.00343876,1.09966e-06,6.2766e-07,2.00695e-07,3.53554e-05,0.00318826,0.00709194,-0.00390368,27,0.00845375
2024-09-22 00:00:00+00:00,0.00330051,1.16842,0.866902,0.218105,-0.00598823,0,0,0,0,6.64227e-05,0.00323545,-0.00489,0.00812545,27,0.0113632
2024-09-23 00:00:00+00:00,-0.00259864,1.16538,0.759774,0.145909,-0.00439035,0.121356,3.88306e-05,2.09839e-05,9.67331e-06,1.39631e-05,-0.00253952,0.00574419,-0.00828371,24,0.00723116
2024-09-24 00:00:00+00:00,-0.00701079,1.15721,0.76157,0.149178,-0.00479751,0.0216368,6.92268e-06,2.11783e-06,7.90139e-07,4.66335e-05,-0.00706241,0.0069419,-0.0140043,24,0.0051331
2024-09-25 00:00:00+00:00,-0.0109677,1.14452,0.742662,0.150507,-0.00675993,0.0368037,1.17643e-05,2.43996e-06,1.69946e-06,4.71188e-05,-0.0110428,-0.0111794,0.000136541,24,0.00127976
2024-09-26 00:00:00+00:00,-0.00394273,1.14001,0.719804,0.149228,-0.00628991,0.0619964,1.98201e-05,2.47752e-06,2.91341e-06,-6.88534e-06,-0.00390743,0.0121044,-0.0160119,24,0
2024-09-27 00:00:00+00:00,-0.00680359,1.13225,0.688914,0.141749,-0.00322988,0.0424527,1.35709e-05,1.69637e-06,2.02854e-06,-3.4776e-05,-0.00676372,0.00597076,-0.0127345,24,0
2024-09-28 00:00:00+00:00,0.000545602,1.13287,0.661839,0.134464,-0.0085861,0.0147682,4.72503e-06,5.90629e-07,3.72088e-07,7.59195e-06,0.000554452,-0.000457075,0.00101153,24,0
2024-09-29 00:00:00+00:00,0.00388812,1.13728,0.647604,0.139752,-0.0142197,0.0150476,4.8115e-06,6.01438e-07,5.20138e-07,-1.34314e-06,0.00389611,0.00034224,0.00355387,24,0
2024-09-30 00:00:00+00:00,-0.00225045,1.13472,0.479453,0.137181,0.00640426,0.149932,4.79957e-05,2.33068e-05,1.20641e-05,-2.76387e-05,-0.00213688,-0.0115139,0.00937697,22,0
2024-10-01 00:00:00+00:00,-0.00158016,1.13292,0.461211,0.127229,0.00317629,0.0272439,8.71441e-06,1.19738e-06,2.45497e-07,-4.85356e-05,-0.0015147,-0.0132841,0.0117694,22,0
2024-10-02 00:00:00+00:00,-0.000931467,1.13187,0.417057,0.10622,-0.00280691,0.00270158,8.63802e-07,1.07975e-07,7.29313e-09,-4.6092e-05,-0.000879956,-0.00557561,0.00469566,22,0
2024-10-03 00:00:00+00:00,0.000386049,1.1323,0.400105,0.102234,0.000801623,0.00707028,2.26414e-06,2.83018e-07,1.20367e-07,-7.07957e-05,0.000462753,-0.00119534,0.00165809,22,0
2024-10-04 00:00:00+00:00,-0.00156017,1.13054,0.404093,0.100094,-0.000875888,0,0,0,0,-6.36023e-05,-0.00149464,0.00682215,-0.00831679,22,0
2024-10-05 00:00:00+00:00,0.00187973,1.13266,0.409202,0.100157,-0.000875041,0,0,0,0,-7.91517e-06,0.00188721,0.000300732,0.00158648,22,0
2024-10-06 00:00:00+00:00,-0.00408324,1.12804,0.412225,0.100464,-0.00402348,0.00404724,1.29453e-06,1.61816e-07,1.55232e-07,7.01075e-06,-0.00409451,0.00351952,-0.00761403,22,0
2024-10-07 00:00:00+00:00,-0.00115444,1.12674,0.394945,0.119817,0.0135608,0.0366092,1.17124e-05,7.3058e-06,1.61377e-06,1.92022e-05,-0.00115018,-0.00242456,0.00127438,20,0
2024-10-08 00:00:00+00:00,0.00398663,1.13123,0.376641,0.110572,0.0151014,0,0,0,0,1.56654e-05,0.00396498,0.00140249,0.00256249,20,0
2024-10-09 00:00:00+00:00,-0.00122769,1.12984,0.372069,0.1118,0.013317,0,0,0,0,4.48552e-05,-0.00126948,-0.00602432,0.00475484,20,0
2024-10-10 00:00:00+00:00,-0.000607825,1.12915,0.364265,0.110778,0.0127869,0,0,0,0,1.59813e-05,-0.000620445,-0.000358093,-0.000262352,20,0
2024-10-11 00:00:00+00:00,-0.000265544,1.12885,0.372793,0.110298,0.0111248,0,0,0,0,3.3969e-05,-0.000297645,0.00725887,-0.00755651,20,0
2024-10-12 00:00:00+00:00,-0.00237911,1.12617,0.384318,0.108781,0.00718314,0,0,0,0,3.94256e-05,-0.00241937,0.00240398,-0.00482335,20,0
2024-10-13 00:00:00+00:00,0.000506047,1.12674,0.384652,0.108285,0.0069258,0,0,0,0,5.33544e-05,0.000454429,-4.99186e-05,0.000504348,20,0
2024-10-14 00:00:00+00:00,0.00237131,1.12941,0.399804,0.10913,0.00661077,0,0,0,0,-0.000134656,0.00250895,0.0123055,-0.00979655,20,0
2024-10-15 00:00:00+00:00,0.00530112,1.1354,0.388541,0.102114,0.00555514,0.036906,1.18131e-05,1.77384e-06,4.30199e-07,-4.67322e-05,0.00535433,6.76312e-05,0.0052867,20,0
2024-10-16 00:00:00+00:00,0.00287111,1.13866,0.359679,0.0856515,-0.00025926,0.00206366,6.60748e-07,8.25934e-08,6.42485e-09,-8.41969e-07,0.00287193,0.000968815,0.00190311,20,0.00140391
2024-10-17 00:00:00+00:00,0.00154969,1.14042,0.354473,0.0883159,0.000985842,0.00311801,9.98116e-07,1.24764e-07,1.43222e-07,2.56573e-07,0.0015518,-0.00170557,0.00325736,20,0.00615959
2024-10-18 00:00:00+00:00,-0.00292092,1.13709,0.352392,0.0947822,0.00392255,0.00574539,1.83739e-06,2.29674e-07,2.25857e-07,4.89509e-05,-0.00296946,0.00325099,-0.00622045,20,0.00802802
2024-10-19 00:00:00+00:00,0.000343955,1.13748,0.352556,0.0965614,0.00280021,0.00340705,1.08972e-06,1.36215e-07,1.19243e-07,3.08134e-05,0.000315699,0.000685725,-0.000370026,20,0.00771883
2024-10-20 00:00:00+00:00,0.0038611,1.14187,0.363573,0.103704,0.00399935,0.022812,7.30108e-06,1.22701e-06,4.19223e-07,2.30942e-05,0.00384152,0.00626243,-0.00242091,20.4792,0.0127039
2024-10-21 00:00:00+00:00,0.0032651,1.1456,0.414685,0.107612,-0.00460787,0.10804,3.4582e-05,5.49261e-06,7.32221e-06,-2.96755e-06,0.00331332,-0.00525792,0.00857123,23.7708,0.0180752
2024-10-22 00:00:00+00:00,-0.000939377,1.14452,0.493747,0.119939,-0.00585584,0.0622947,1.99242e-05,6.01466e-06,1.52159e-06,1.053e-06,-0.000905516,-0.000785156,-0.00012036,25,0.0197744
2024-10-23 00:00:00+00:00,0.00100809,1.14568,0.493112,0.116842,-0.00868727,0.00658168,2.10576e-06,2.6322e-07,3.63723e-07,-7.49981e-06,0.00102496,-0.00282235,0.00384731,25,0.0190778
2024-10-24 00:00:00+00:00,0.00244425,1.14848,0.507546,0.113794,-0.0147431,0.00462547,1.47956e-06,1.84946e-07,2.98944e-07,1.84292e-05,0.00243065,0.00651235,-0.0040817,25.3542,0.018583
2024-10-25 00:00:00+00:00,0.00916432,1.159,0.520932,0.117727,-0.0107712,0.162375,5.20959e-05,2.13554e-05,1.22064e-05,-9.18547e-06,0.00924891,-0.0139079,0.0231568,26,0.0224334
2024-10-26 00:00:00+00:00,0.00255655,1.16197,0.602834,0.169202,-0.00530044,0.0642911,2.05731e-05,4.87972e-06,1.42459e-06,-4.89652e-05,0.00265057,0.00544693,-0.00279636,26.6667,0.0255427
2024-10-27 00:00:00+00:00,-0.00175244,1.15993,0.645623,0.189818,-0.0088748,0.0124225,3.97504e-06,8.35268e-07,7.16546e-07,-1.85247e-05,-0.00172157,0.00604449,-0.00776605,27,0.0293776
2024-10-28 00:00:00+00:00,0.0131527,1.17519,0.687425,0.191084,-0.0104117,0.155714,4.98022e-05,2.94746e-05,9.05133e-06,-2.49414e-05,0.0132073,0.0105014,0.00270591,26.7708,0.0316617
2024-10-29 00:00:00+00:00,-0.00468045,1.16969,0.842072,0.224761,-0.0111491,0.161621,5.17224e-05,2.24342e-05,7.31934e-06,3.01536e-06,-0.00458665,0.0129858,-0.0175725,27.7917,0.0358167
2024-10-30 00:00:00+00:00,0.00521921,1.17579,0.911125,0.242006,-0.00346437,0.143194,4.58293e-05,1.39189e-05,5.65514e-06,1.91511e-05,0.00527874,-0.00547189,0.0107506,28.5417,0.0359991
2024-10-31 00:00:00+00:00,-0.0105008,1.16344,1.02748,0.256282,-0.00286643,0.226717,7.25274e-05,1.17976e-05,9.35995e-06,9.04648e-05,-0.010518,-0.0260482,0.0155301,29,0.0374371
2024-11-01 00:00:00+00:00,0.00613447,1.17058,1.10484,0.255534,0.00339428,0.0824665,2.63759e-05,1.8313e-05,3.67761e-06,-8.84969e-06,0.00621167,-0.00580912,0.0120208,29,0.0331851
2024-11-02 00:00:00+00:00,-5.30715e-05,1.17052,1.0852,0.245037,0.00600899,0.0207845,6.64701e-06,4.67012e-06,1.02195e-06,-1.69581e-05,5.74936e-06,-0.00709263,0.00709838,29,0.0335404
2024-11-03 00:00:00+00:00,0.0101699,1.18242,1.05728,0.262639,-0.00329961,0.120413,3.85532e-05,1.75174e-05,4.46169e-06,-4.13576e-06,0.0102593,-0.0132663,0.0235256,29,0.0352624
2024-11-04 00:00:00+00:00,0.00401375,1.18717,1.1156,0.291694,-0.00275827,0.0932026,2.98108e-05,8.75038e-06,3.33209e-06,-1.76389e-05,0.00411216,-0.0156432,0.0197554,29,0.0410294
2024-11-05 00:00:00+00:00,-0.00128357,1.18565,1.17263,0.305152,0.00184592,0.0871844,2.78739e-05,7.37171e-06,4.58769e-06,-1.35116e-05,-0.00118761,0.0256061,-0.0267937,29.375,0.0408915
2024-11-06 00:00:00+00:00,-0.00088822,1.18459,1.28276,0.292606,0.00713623,0.162479,5.19793e-05,7.9753e-06,8.55918e-06,3.61062e-07,-0.000735256,0.0777201,-0.0784553,30,0.0415973
2024-11-07 00:00:00+00:00,0.0242204,1.21328,1.28009,0.288055,0.00667356,0.429019,0.000137404,3.88665e-05,1.88246e-05,-6.20514e-05,0.0243142,0.0238171,0.000497009,30,0.0429209
2024-11-08 00:00:00+00:00,0.0253988,1.2441,1.41414,0.316046,0.00898282,0.597658,0.000191348,5.69913e-05,2.74277e-05,-8.98124e-05,0.0255039,0.0135676,0.0119363,30,0.0470344
2024-11-09 00:00:00+00:00,0.00705095,1.25287,1.36515,0.308148,-0.00198385,0.515131,0.000164864,4.00327e-05,2.60855e-05,-2.56199e-06,0.00732843,0.0368856,-0.0295572,30,0.0525341
2024-11-10 00:00:00+00:00,0.0197042,1.27756,1.08731,0.287643,-0.00260903,0.516341,0.000165105,3.8192e-05,3.10603e-05,1.73221e-05,0.0199993,0.0397557,-0.0197564,30,0.0525783
2024-11-11 00:00:00+00:00,0.0319856,1.31842,0.973042,0.273744,-0.0129663,0.544039,0.000173993,9.16329e-05,5.25717e-05,6.24582e-05,0.0318663,0.0516396,-0.0197732,29.7708,0.0540753
2024-11-12 00:00:00+00:00,0.00950096,1.33095,0.866789,0.227604,-0.0126984,0.454655,0.000145506,6.23184e-05,2.37286e-05,-0.000135748,0.00999995,-0.00906216,0.0190621,30,0.0586102
2024-11-13 00:00:00+00:00,-0.00515794,1.32408,0.834696,0.223777,-0.00935216,0.414187,0.000132611,0.000120057,2.17085e-05,5.86561e-05,-0.0047984,0.00468355,-0.00948195,30,0.0614704
2024-11-14 00:00:00+00:00,0.00948737,1.33665,0.76341,0.216537,-0.00564114,0.609422,0.00019514,0.000220591,4.20447e-05,0.000129885,0.0099646,-0.00802716,0.0179918,30,0.0593749
2024-11-15 00:00:00+00:00,-0.00264055,1.33312,0.788099,0.207251,-0.00805648,0.41989,0.000134367,9.41956e-05,2.57306e-05,0.000104574,-0.00244854,0.0190509,-0.0214995,30,0.0585596
2024-11-16 00:00:00+00:00,0.010959,1.34773,0.88444,0.253388,0.000464435,0.304762,9.75619e-05,6.5795e-05,1.19122e-05,0.000106126,0.0110108,0.0126555,-0.00164473,30,0.0583339
2024-11-17 00:00:00+00:00,0.00835719,1.35899,0.957039,0.267205,0.00200159,0.194938,6.2412e-05,4.80293e-05,7.60239e-06,0.000140848,0.0083512,0.00228517,0.00606603,30,0.0586794
2024-11-18 00:00:00+00:00,0.00515582,1.366,1.01196,0.267513,-0.00762249,0.354325,0.000113511,6.69324e-05,3.53281e-05,0.000101344,0.00529844,0.00811618,-0.00281774,28.9792,0.059517
2024-11-19 00:00:00+00:00,0.00543481,1.37342,1.0481,0.256781,-0.0107005,0.380055,0.000121264,0.000132226,2.24414e-05,-4.31533e-05,0.00583988,-0.00245196,0.00829184,29,0.0609569
2024-11-20 00:00:00+00:00,0.0211291,1.40244,1.07271,0.257333,-0.0147374,0.206164,6.59938e-05,3.12888e-05,8.10867e-06,-7.4775e-05,0.0211469,-0.00402855,0.0251755,29,0.0637032
2024-11-21 00:00:00+00:00,0.0248562,1.4373,0.970678,0.223024,-0.0168007,0.76633,0.000245396,0.000150423,3.39578e-05,-5.92439e-05,0.0251218,0.0396673,-0.0145455,29,0.0704657
2024-11-22 00:00:00+00:00,0.00553656,1.44526,0.948586,0.175151,-0.0230734,1.07288,0.000343624,0.00036972,5.80093e-05,2.16443e-05,0.00633061,0.0121456,-0.00581504,28.0625,0.104247
2024-11-23 00:00:00+00:00,-0.0180039,1.41924,0.974448,0.165347,-0.0193112,0.852795,0.00027288,0.000376037,4.71122e-05,0.000101821,-0.0174759,0.00440083,-0.0218767,29,0.103244
2024-11-24 00:00:00+00:00,-0.016275,1.39614,0.919688,0.195879,-0.00941864,0.898706,0.000287464,0.000366218,4.62648e-05,8.41122e-05,-0.0156741,-0.00155328,-0.0141208,29,0.0972092
2024-11-25 00:00:00+00:00,-0.00662002,1.38689,0.958421,0.188751,-0.0118446,1.2806,0.000409389,0.000650597,0.000187314,1.92946e-05,-0.00535017,-0.0249308,0.0195806,28,0.0928506
2024-11-26 00:00:00+00:00,0.0077818,1.39769,0.9771,0.175829,-0.00106077,0.553433,0.000177146,0.000178091,2.40702e-05,-6.25893e-05,0.00824751,-0.00306817,0.0113157,28,0.0880527
2024-11-27 00:00:00+00:00,0.0192771,1.42463,1.0378,0.170422,-0.00683059,0.798988,0.000255808,0.00032367,3.89602e-05,7.65211e-05,0.0196853,0.0323242,-0.0126389,28.9167,0.0865284
2024-11-28 00:00:00+00:00,-0.00942044,1.41121,1.07586,0.159789,-0.0130644,0.815378,0.000260844,0.000329031,3.57562e-05,0.000148428,-0.00891647,-0.00181907,-0.0070974,29,0.0900531
2024-11-29 00:00:00+00:00,-0.00873339,1.39889,0.992127,0.150228,-0.0206229,0.84999,0.000271922,0.000249661,2.73083e-05,0.000263214,-0.00837303,0.0170826,-0.0254556,29.125,0.0880799
2024-11-30 00:00:00+00:00,0.00303256,1.40313,0.972195,0.18767,-0.0051886,1.06904,0.000342111,0.000258561,2.90298e-05,0.000269072,0.00342798,0.0028537,0.000574284,30,0.0856771
2024-12-01 00:00:00+00:00,0.00362857,1.40822,1.06773,0.221123,-0.0174434,0.667811,0.00021369,0.000145397,2.5893e-05,6.86443e-05,0.00402852,0.0158681,-0.0118395,30,0.0818682
2024-12-02 00:00:00+00:00,-0.0181542,1.38265,1.01261,0.203698,-0.0250336,1.09656,0.000350806,0.000318741,0.000106322,-7.49831e-05,-0.017326,-0.0042189,-0.0131071,30,0.0794098
2024-12-03 00:00:00+00:00,-0.00153057,1.38054,0.943757,0.194137,-0.0168485,0.741151,0.000237108,0.00020719,3.45781e-05,0.00013822,-0.00109245,0.00802562,-0.00911807,30,0.0756856
2024-12-04 00:00:00+00:00,0.0114046,1.39628,0.85563,0.173491,-0.00514079,0.467581,0.000149796,0.0001058,2.09692e-05,0.000170261,0.0115882,0.0145374,-0.00294918,29.8542,0.0740582
2024-12-05 00:00:00+00:00,-0.00585064,1.38811,0.849858,0.181699,-0.00345698,0.601931,0.000192669,0.000147675,2.7228e-05,0.00011348,-0.00551524,0.000883625,-0.00639887,30,0.077814
2024-12-06 00:00:00+00:00,0.000766243,1.38918,0.89929,0.162118,0.00106441,0.574239,0.000183787,0.000142582,2.49307e-05,0.000129953,0.00101884,0.0142226,-0.0132037,30,0.0766831
2024-12-07 00:00:00+00:00,-0.00057733,1.38837,0.985626,0.171737,-0.00501896,0.557444,0.00017838,6.99782e-05,1.99007e-05,0.000213539,-0.000479934,0.00770909,-0.00818902,30,0.0755701
2024-12-08 00:00:00+00:00,0.00558785,1.39613,0.942758,0.185056,-0.00307165,0.892374,0.000285612,0.000162523,1.73828e-05,0.000212675,0.0058517,0.00203123,0.00382047,29.9167,0.073343
2024-12-09 00:00:00+00:00,0.00503428,1.40316,0.992318,0.20033,0.00239974,1.55857,0.000498712,0.000338513,8.92883e-05,-2.52382e-05,0.00610671,-0.0531974,0.0593041,27.4792,0.0738347
2024-12-10 00:00:00+00:00,0.0195243,1.43056,0.807248,0.172006,-0.00302702,0.732966,0.000234655,5.69516e-05,3.25965e-05,-7.23804e-05,0.0197656,-5.97982e-05,0.0198254,29.8958,0.0785676
2024-12-11 00:00:00+00:00,0.00144918,1.43263,0.926722,0.172769,-0.00352015,0.775845,0.000248301,8.59047e-05,3.0372e-05,-4.40877e-05,0.00187866,0.0355506,-0.0336719,30,0.0833479
2024-12-12 00:00:00+00:00,0.000516198,1.43337,0.993318,0.180749,0.00198871,1.09489,0.000350457,0.000102688,3.72518e-05,-4.72675e-05,0.00110575,0.0017618,-0.00065605,30,0.0836565
2024-12-13 00:00:00+00:00,-0.0028211,1.42933,1.15344,0.1683,0.00421421,0.677913,0.000216918,4.90388e-05,2.40082e-05,-3.58945e-05,-0.00245292,0.00881568,-0.0112686,30,0.083531
2024-12-14 00:00:00+00:00,0.00319877,1.4339,1.18662,0.180129,0.0074314,0.698849,0.000223514,9.21365e-05,2.26016e-05,-0.000335542,0.00391932,-0.0170185,0.0209378,30,0.0822774
2024-12-15 00:00:00+00:00,0.00467411,1.4406,1.20258,0.204098,0.00476385,0.752168,0.000240703,8.77741e-05,2.34796e-05,1.00017e-06,0.00506128,0.0191969,-0.0141356,30,0.0842433
2024-12-16 00:00:00+00:00,0.0223231,1.47276,1.14342,0.162403,-0.0307705,1.60197,0.000512996,0.000252042,0.000105182,-8.26934e-05,0.0231177,0.00107325,0.0220445,30,0.086289
2024-12-17 00:00:00+00:00,0.0136528,1.49287,1.10101,0.148989,-0.0387067,0.921758,0.000295023,0.000304944,3.22091e-05,-1.9114e-05,0.014263,-0.00127069,0.0155337,30,0.0912698
2024-12-18 00:00:00+00:00,0.00639367,1.50241,1.0291,0.136142,-0.0273501,1.31084,0.000419561,0.000258569,3.73766e-05,6.69292e-05,0.00707718,-0.0437843,0.0508615,29.625,0.092935
2024-12-19 00:00:00+00:00,0.00691626,1.5128,1.15238,0.111329,-0.016264,1.46137,0.000467743,0.000109266,5.97369e-05,-4.97618e-05,0.00763879,-0.0432562,0.050895,28.5208,0.0935841
2024-12-20 00:00:00+00:00,-0.0174649,1.48638,1.03156,0.0906371,-0.00593815,1.19638,0.000382696,6.50243e-05,6.74057e-05,-0.00032467,-0.016702,0.0139237,-0.0306256,29,0.0913437
2024-12-21 00:00:00+00:00,0.0139963,1.50718,1.01523,0.115738,-0.00368952,0.870322,0.000278594,3.48242e-05,4.25955e-05,-9.58209e-05,0.0143951,-0.0184755,0.0328706,30,0.0873565
2024-12-22 00:00:00+00:00,-0.0109407,1.4907,1.09498,0.149162,0.000429024,1.05865,0.000338692,4.23365e-05,4.14877e-05,-0.000192335,-0.0103637,-0.00596264,-0.00440106,30,0.086087
2024-12-23 00:00:00+00:00,-0.0165715,1.46599,0.984371,0.116109,-0.0170606,1.3999,0.000447979,5.72375e-05,9.6087e-05,-1.5882e-05,-0.0160538,0.0246233,-0.0406771,26.875,0.0818261
2024-12-24 00:00:00+00:00,-0.000176649,1.46573,0.851926,0.129749,-0.0111708,0.862434,0.000276008,3.4501e-05,2.46639e-05,2.1302e-05,0.00017011,0.0128091,-0.012639,23.4792,0.0783935
2024-12-25 00:00:00+00:00,0.0124127,1.48393,0.732213,0.124062,-0.0058439,0.507183,0.000162348,2.03283e-05,1.04966e-05,2.22574e-05,0.0125259,0.00052257,0.0120033,22.1042,0.0785045
2024-12-26 00:00:00+00:00,0.00573009,1.49243,0.721358,0.110744,-0.00286894,0.662178,0.000211926,2.64917e-05,1.31777e-05,6.94019e-05,0.00591391,-0.0189861,0.0249,22.2083,0.0857202
2024-12-27 00:00:00+00:00,0.00399844,1.4984,0.892551,0.130958,-0.011575,1.53574,0.000491563,0.000151146,4.95633e-05,4.06537e-05,0.00467281,-0.00420262,0.00887543,21.6458,0.0886518
2024-12-28 00:00:00+00:00,-0.00126235,1.49651,0.917538,0.148318,-0.0157231,1.10757,0.000354459,5.53475e-05,2.7453e-05,3.68732e-05,-0.000813275,0.0183936,-0.0192069,21.8125,0.0912612
2024-12-29 00:00:00+00:00,0.00592898,1.50538,0.852282,0.153811,-0.0143873,0.842037,0.000269464,6.53624e-05,1.62153e-05,1.33692e-05,0.00626071,-0.0140944,0.0203551,21.5833,0.0929663
2024-12-30 00:00:00+00:00,0.00425489,1.51178,0.989342,0.146053,0.00261509,1.66896,0.000533967,0.00022191,7.32228e-05,-8.1604e-05,0.00518537,-0.00165809,0.00684346,22.875,0.0932961
2024-12-31 00:00:00+00:00,0.00671487,1.52194,1.04832,0.134247,-0.00318668,1.3994,0.000447949,0.000151253,4.24837e-05,4.75891e-05,0.00731573,0.00198483,0.0053309,24.2708,0.0945106
2025-01-01 00:00:00+00:00,0.00187262,1.52479,1.0693,0.144736,-0.00501722,1.47086,0.000470663,0.000126251,4.89924e-05,1.23281e-05,0.00254809,0.0255528,-0.0230047,24.6875,0.0942054
2025-01-02 00:00:00+00:00,0.000344284,1.52531,1.16116,0.172798,-0.00855825,1.51635,0.000485243,0.000174455,4.3137e-05,6.69012e-05,0.00100716,0.0207033,-0.0196961,28.5625,0.0921195
2025-01-03 00:00:00+00:00,0.00503756,1.53299,1.23399,0.187525,-0.00439969,1.70424,0.000545557,0.000177413,5.54522e-05,3.78401e-05,0.0058108,0.04565,-0.0398392,28.8333,0.0922075
2025-01-04 00:00:00+00:00,0.00846744,1.54597,0.943239,0.14785,-0.00652224,0.87898,0.000281339,7.59647e-05,2.06576e-05,0.000261708,0.00856573,0.000805197,0.00776053,23.7708,0.0905005
2025-01-05 00:00:00+00:00,-0.00190122,1.54304,1.00385,0.17059,-0.00265352,0.891095,0.000285125,6.10273e-05,1.97668e-05,0.000218114,-0.0017428,-0.00584309,0.00410028,23.3958,0.0922795
2025-01-06 00:00:00+00:00,0.00611455,1.55247,1.09583,0.147281,-0.0247843,1.31167,0.000419884,0.00016295,7.54e-05,0.000245041,0.00653852,0.0089304,-0.00239188,25.2917,0.093283
2025-01-07 00:00:00+00:00,0.00955542,1.5673,0.975463,0.128286,-0.0246346,0.781846,0.000250259,7.26807e-05,1.95451e-05,0.000418114,0.00947605,-0.0414977,0.0509737,22.5208,0.0960727
2025-01-08 00:00:00+00:00,0.00765209,1.5793,0.923724,0.111718,-0.00910505,1.20977,0.000387186,0.000150698,4.8009e-05,0.000279892,0.00795142,-0.012116,0.0200675,23.625,0.0965139
2025-01-09 00:00:00+00:00,-0.001112,1.57754,0.839589,0.0898919,-0.006167,1.14927,0.000367786,0.000119263,4.89375e-05,8.2561e-05,-0.000642805,-0.0215946,0.0209518,25.6042,0.0983822
2025-01-10 00:00:00+00:00,0.00462114,1.58483,0.865086,0.0881115,-0.00545843,0.912009,0.00029189,8.55801e-05,3.69241e-05,0.000256725,0.0047869,0.0146431,-0.00985621,23.8125,0.0950126
2025-01-11 00:00:00+00:00,8.36552e-05,1.58496,0.832435,0.0992148,-0.00559893,0.871028,0.00027873,7.57771e-05,2.79031e-05,0.000278682,0.000209139,0.0044747,-0.00426556,22.3958,0.0939087
2025-01-12 00:00:00+00:00,0.00894622,1.59914,1.01179,0.143457,-0.00637473,0.844093,0.00027017,6.9138e-05,2.50462e-05,0.000177821,0.00910333,-0.00826046,0.0173638,21.8542,0.0924431
2025-01-13 00:00:00+00:00,0.00583102,1.60847,0.596115,0.0750738,-0.00628395,1.51623,0.000485137,0.000100191,9.79822e-05,0.000217892,0.00629771,-0.00257867,0.00887638,24.1667,0.0954549
2025-01-14 00:00:00+00:00,-0.00366513,1.60257,0.621455,0.105162,-0.01141,0.785566,0.000251366,7.34189e-05,2.66741e-05,0.00013403,-0.00344443,0.00923654,-0.012681,24.8542,0.0969213
2025-01-15 00:00:00+00:00,0.00140486,1.60482,0.623715,0.113768,-0.00998802,0.707089,0.000226298,6.60958e-05,2.69668e-05,0.000189765,0.00157231,0.0283686,-0.0267963,22.8333,0.0943345
2025-01-16 00:00:00+00:00,-0.00301993,1.59998,0.548281,0.0929951,-0.00723359,0.714015,0.000228485,9.54038e-05,2.39572e-05,0.000123195,-0.00277781,-0.00443352,0.00165571,25.5625,0.0923854
2025-01-17 00:00:00+00:00,0.00953627,1.61524,0.597693,0.101432,-0.00305761,0.75667,0.000242212,0.000129814,2.41734e-05,0.00033527,0.00957731,0.0185614,-0.00898411,25.875,0.0913308
2025-01-18 00:00:00+00:00,0.0228703,1.65218,0.725888,0.116065,-0.0042883,1.02795,0.000329183,9.54885e-05,4.04455e-05,0.000646077,0.0224703,-0.00860262,0.0310729,26.2708,0.0947022
2025-01-19 00:00:00+00:00,-0.0128362,1.63097,0.792479,0.13457,-0.00522346,1.15638,0.000369993,0.000161212,5.66949e-05,-9.76868e-05,-0.0121835,-0.0390456,0.0268622,27,0.0976162
2025-01-20 00:00:00+00:00,0.00299335,1.63585,0.870582,0.124102,0.000954826,1.0436,0.000334167,0.000412222,0.000190006,4.7948e-05,0.00396552,0.00252966,0.00143586,28.8125,0.0980006
2025-01-21 00:00:00+00:00,0.00266955,1.64022,0.937453,0.147125,-0.00258461,0.599998,0.000192032,0.000262749,4.08002e-05,-2.94451e-05,0.00322983,0.0172167,-0.0139869,29.2292,0.0962941
2025-01-22 00:00:00+00:00,-0.00328636,1.63483,0.855781,0.157765,-0.00752487,0.536524,0.000171661,0.000209482,2.99736e-05,-6.99154e-06,-0.0028152,-0.00506925,0.00225405,30,0.0941963
2025-01-23 00:00:00+00:00,-0.00709833,1.62322,0.726544,0.131707,-0.00775621,0.40336,0.000128889,0.00016072,3.6739e-05,3.79735e-07,-0.00666953,-0.00281566,-0.00385387,30,0.0898724
2025-01-24 00:00:00+00:00,0.00861075,1.6372,0.790607,0.153378,-0.00388018,0.291404,9.32811e-05,0.000112699,1.72599e-05,1.51649e-06,0.00884325,-0.00257598,0.0114192,30,0.0893332
2025-01-25 00:00:00+00:00,-0.00260652,1.63293,0.843337,0.146044,-0.00903801,0.460424,0.000147329,0.000186601,1.9268e-05,-2.54608e-06,-0.00219428,0.00242636,-0.00462063,30,0.0921983
2025-01-26 00:00:00+00:00,-0.0126181,1.61233,0.938732,0.12474,-0.0178273,0.684615,0.000218974,0.000278057,2.91016e-05,2.22238e-05,-0.0121427,-0.0182935,0.00615082,30,0.0922384
2025-01-27 00:00:00+00:00,-0.00404799,1.6058,0.794545,0.0904761,-0.0144264,1.10322,0.000353027,0.000290021,6.14223e-05,1.63799e-06,-0.00327992,-0.00858144,0.00530152,29,0.0887706
2025-01-28 00:00:00+00:00,0.0209181,1.63939,0.643256,0.0973446,-0.00620677,0.84233,0.000269741,0.000220983,2.97693e-05,-1.37348e-05,0.0212862,-0.0148202,0.0361064,23.7708,0.0899185
2025-01-29 00:00:00+00:00,-0.0132721,1.61763,0.869793,0.136382,-0.0117672,0.908462,0.000290507,0.000224137,3.95752e-05,2.75097e-05,-0.0127547,0.0127469,-0.0255016,25.1875,0.0943563
2025-01-30 00:00:00+00:00,0.00738826,1.62959,0.795297,0.167627,-0.00294972,0.982616,0.000314506,0.000366557,3.37485e-05,-1.52079e-05,0.00811411,0.0145089,-0.00639476,25.9583,0.0905177
2025-01-31 00:00:00+00:00,-0.00913277,1.6147,0.821014,0.18391,-0.00195073,0.931602,0.000297995,0.00038109,3.07834e-05,4.39056e-05,-0.00845184,-0.00491348,-0.00353835,21.5417,0.0895198
2025-02-01 00:00:00+00:00,0.0155875,1.63987,0.923562,0.22004,-0.00569656,0.826685,0.000264642,0.000359791,2.48806e-05,2.77705e-05,0.0161253,-0.0307697,0.046895,19.25,0.0878488
2025-02-02 00:00:00+00:00,-0.00988387,1.62366,1.05176,0.196846,-0.00808964,1.15471,0.00036935,0.000490748,5.87278e-05,2.84303e-05,-0.00896573,-0.0479844,0.0390186,19.875,0.0937297
2025-02-03 00:00:00+00:00,-0.020291,1.59072,0.773803,0.101728,0.00128317,1.50311,0.000480382,0.000422598,0.000219121,-7.08948e-07,-0.0192828,0.0160126,-0.0352954,27.0625,0.0927205
2025-02-04 00:00:00+00:00,-0.00542607,1.58209,0.841987,0.128071,0.000119542,0.43878,0.000140441,4.07398e-05,3.3764e-05,6.1989e-05,-0.00525095,-0.0232205,0.0179695,30,0.0880321
2025-02-05 00:00:00+00:00,0.00818331,1.59503,0.895636,0.135464,0.0016454,1.25458,0.000401589,0.000137262,6.26793e-05,-6.07673e-05,0.00885476,-0.00852604,0.0173808,30,0.0842309
2025-02-06 00:00:00+00:00,0.00684088,1.60594,0.89611,0.0990455,0.0034121,1.11974,0.000358375,6.31895e-05,4.27701e-05,-0.000228028,0.00753111,-0.013929,0.0214601,27.5,0.0880436
2025-02-07 00:00:00+00:00,0.00689115,1.61701,0.906008,0.0393394,-0.00187992,1.29785,0.000415391,8.67243e-05,5.41807e-05,-0.000144401,0.00759539,-0.00120011,0.0087955,25.6458,0.0928145
2025-02-08 00:00:00+00:00,0.000156658,1.61727,0.984472,0.0832555,0.0037939,1.36726,0.00043746,6.76253e-05,4.94617e-05,-0.000157285,0.000891619,0.00908259,-0.00819097,28.1667,0.0940014
2025-02-09 00:00:00+00:00,0.00468117,1.62484,1.01734,0.0915108,-0.00124968,1.13619,0.000363585,6.52946e-05,3.76028e-05,7.44996e-05,0.00509389,-0.00611736,0.0112113,23.5833,0.0933087
2025-02-10 00:00:00+00:00,-0.0150405,1.6004,1.241,0.139218,-0.0373059,1.09313,0.000349439,5.67165e-05,9.90519e-05,1.93078e-05,-0.0145973,0.0123863,-0.0269836,27.6458,0.0951006
2025-02-11 00:00:00+00:00,-0.00570008,1.59127,1.13448,0.160254,-0.0413565,0.953216,0.000304898,7.62285e-05,5.03912e-05,0.000117956,-0.00526958,-0.00185596,-0.00341362,28.8333,0.0914815
2025-02-12 00:00:00+00:00,0.00575687,1.60044,1.16842,0.130455,-0.0359944,0.96678,0.000309356,6.51717e-05,6.12317e-05,-4.84564e-05,0.00628113,0.0277432,-0.021462,29.4375,0.0924169
2025-02-13 00:00:00+00:00,0.00828809,1.6137,1.23227,0.142999,-0.0239479,1.24378,0.000398131,0.000112383,5.55673e-05,9.36818e-05,0.00878075,-0.00934055,0.0181213,30,0.0926723
2025-02-14 00:00:00+00:00,-0.00966813,1.5981,1.0762,0.127554,-0.0185929,1.373,0.000439252,0.000172671,4.99901e-05,-3.03507e-05,-0.00897325,0.0215076,-0.0304809,27.5833,0.0923726
2025-02-15 00:00:00+00:00,0.0094393,1.61318,0.6755,0.0920458,-0.0109232,0.618543,0.000197971,0.000105355,1.57938e-05,-1.86197e-05,0.00974497,-0.00462712,0.0143721,22.8333,0.0913734
2025-02-16 00:00:00+00:00,-0.00249091,1.60917,0.65804,0.0448983,-0.00805679,0.546773,0.000174954,0.000109649,1.32438e-05,-0.000200494,-0.00198764,-0.00627225,0.00428461,23.5625,0.0950845
2025-02-17 00:00:00+00:00,0.00226787,1.61281,0.856318,0.0853758,-0.0151973,1.30283,0.000416933,0.000473988,5.47195e-05,-0.000263312,0.00350303,-0.00504525,0.00854828,22.5,0.0936648
2025-02-18 00:00:00+00:00,-0.00730267,1.60104,0.767836,0.0614142,-0.0112964,0.895555,0.00028654,0.000311807,2.67158e-05,-5.5927e-05,-0.00661966,-0.0138214,0.00720173,21.0208,0.0943933
2025-02-19 00:00:00+00:00,0.0114314,1.61934,0.73428,0.0563905,-0.0105739,0.907012,0.000290315,0.000171294,3.86086e-05,-6.80815e-05,0.0119486,0.0068759,0.00507269,22.125,0.0934641
2025-02-20 00:00:00+00:00,-0.0208936,1.58551,0.849962,0.0815289,-0.0144668,0.827526,0.000264653,0.000117667,2.64805e-05,-2.4544e-05,-0.0206413,0.00665893,-0.0273002,22.25,0.0949011
2025-02-21 00:00:00+00:00,-0.0137453,1.56371,0.899693,0.142052,-0.0172078,1.15575,0.000369807,0.000123733,4.46736e-05,-9.56757e-05,-0.0131254,-0.0179773,0.0048519,23.3125,0.0908396
2025-02-22 00:00:00+00:00,-0.0106386,1.54708,0.729498,0.123435,-0.0168292,1.04032,0.000332565,7.65465e-05,4.40891e-05,-9.63308e-05,-0.0100882,0.0101919,-0.02028,22.8542,0.0840115
2025-02-23 00:00:00+00:00,0.0113525,1.56464,0.67563,0.122467,-0.0219276,0.436502,0.000139744,2.5222e-05,1.35775e-05,-3.51006e-05,0.0115285,-0.00200813,0.0135366,19.5208,0.0803701
2025-02-24 00:00:00+00:00,-0.00831109,1.55164,0.752354,0.148303,-0.0255181,1.03956,0.000332568,0.000127572,6.71542e-05,8.48497e-06,-0.00778802,-0.0505906,0.0428026,23.4167,0.0813382
2025-02-25 00:00:00+00:00,-0.01266,1.53199,0.639088,0.0931994,-0.0114886,0.718112,0.000229672,0.000134725,3.40066e-05,3.94393e-05,-0.0123297,0.000805295,-0.013135,22.625,0.076408
2025-02-26 00:00:00+00:00,-0.0340555,1.47982,0.556178,0.0984242,-0.00775105,0.503643,0.000161002,8.26293e-05,2.25368e-05,4.70187e-05,-0.0343635,-0.0141491,-0.0202144,21.5208,0.0680119
2025-02-27 00:00:00+00:00,0.0136514,1.50002,0.5406,0.11358,-0.00388059,0.569305,0.000182244,9.25852e-05,1.96176e-05,3.12247e-05,0.0138607,0.000193243,0.0136674,19.4583,0.0594508
2025-02-28 00:00:00+00:00,-0.0167504,1.47489,0.623257,0.104744,-0.000736719,0.68479,0.000219152,0.000111444,2.5214e-05,3.43071e-05,-0.0164736,-0.00475667,-0.0117169,19.4792,0.0570291
2025-03-01 00:00:00+00:00,0.017039,1.50003,0.712372,0.137654,0.000360104,0.73849,0.00023643,0.000146077,3.07916e-05,9.24621e-05,0.0172817,0.00680327,0.0104784,20.2708,0.0531616
2025-03-02 00:00:00+00:00,0.00988901,1.51486,0.865012,0.140929,0.00107437,1.0618,0.000340009,0.000159056,5.60928e-05,4.8929e-05,0.0104325,0.0663785,-0.055946,23.0625,0.0588037
2025-03-03 00:00:00+00:00,0.00824725,1.52735,0.784335,0.126171,-0.00651977,0.760566,0.000243201,7.60545e-05,8.18274e-05,0.000126252,0.00860631,-0.0620654,0.0706717,26.3542,0.0616078
2025-03-04 00:00:00+00:00,-0.000799117,1.52613,0.773946,0.115701,-0.00253277,1.08181,0.000346182,7.70975e-05,6.10188e-05,4.10516e-05,-0.000312783,-0.000757827,0.000445043,28.3542,0.0636588
2025-03-05 00:00:00+00:00,-0.00864868,1.51293,0.813757,0.131994,0.00199016,1.03783,0.000332091,7.75584e-05,4.92694e-05,9.48565e-05,-0.00825689,0.0157385,-0.0239954,28.2708,0.0655188
2025-03-06 00:00:00+00:00,0.00982973,1.52781,0.869913,0.16239,0.0067327,0.649415,0.000207882,4.15101e-05,3.58969e-05,7.54887e-05,0.0100879,-0.00501476,0.0151027,28,0.064219
2025-03-07 00:00:00+00:00,0.00119227,1.52963,0.701739,0.114785,0.00278942,1.03566,0.000331426,8.2342e-05,4.77721e-05,-8.99175e-06,0.0017392,-0.00711167,0.00885087,27.7292,0.0668666
2025-03-08 00:00:00+00:00,-0.00126711,1.52769,0.757181,0.116914,-0.000206833,0.728894,0.000233246,2.91557e-05,3.57528e-05,0.000104445,-0.00102967,-0.00391466,0.00288498,26.6875,0.0690121
2025-03-09 00:00:00+00:00,-0.0141656,1.50605,0.903746,0.112108,-0.00922395,0.707682,0.000226352,5.40947e-05,3.18165e-05,0.000109498,-0.0140142,-0.0386419,0.0246276,28,0.0686144
2025-03-10 00:00:00+00:00,-0.0150111,1.48344,0.669423,0.0694205,-0.00708553,1.49826,0.000479303,0.00032522,0.000129776,0.00012971,-0.0141915,-0.0204204,0.00622891,29.5833,0.0653827
2025-03-11 00:00:00+00:00,0.00400729,1.48938,0.72331,0.0761181,0.00336255,0.804553,0.000257473,0.000150341,4.73204e-05,0.000113604,0.0044518,0.02025,-0.0157982,30,0.0635672
2025-03-12 00:00:00+00:00,-0.00267078,1.48541,0.729608,0.0798282,-0.00149674,1.02609,0.000328319,0.000122176,5.2299e-05,9.41418e-05,-0.0022217,0.00608524,-0.00830694,29.6042,0.0646124
2025-03-13 00:00:00+00:00,0.017864,1.51194,0.612876,0.0508376,-0.00252994,0.884877,0.000283282,7.87054e-05,3.22545e-05,0.000101649,0.0180528,-0.00488315,0.022936,26.1042,0.0642856
2025-03-14 00:00:00+00:00,-0.0079124,1.49998,0.5343,0.0515157,-0.00386343,0.589654,0.000188626,6.10231e-05,1.82352e-05,8.12883e-05,-0.00771267,0.0103805,-0.0180932,21.375,0.0672057
2025-03-15 00:00:00+00:00,-0.00523022,1.49213,0.646613,0.0803469,-0.00852863,0.558519,0.00017873,6.52411e-05,1.40916e-05,0.000127285,-0.00507795,0.00681939,-0.0118973,18.8958,0.0640336
2025-03-16 00:00:00+00:00,-0.00706336,1.48159,0.713427,0.0757763,-0.0144848,0.784442,0.000250988,0.000110936,2.38797e-05,0.000194604,-0.00686971,-0.0143708,0.00750114,21.5208,0.0592431
2025-03-17 00:00:00+00:00,-0.022862,1.44772,0.678426,0.0968491,-0.00872751,1.39602,0.000446561,0.000154009,0.000112297,0.00114008,-0.0235266,0.00770261,-0.0312292,21.5208,0.0541507
2025-03-18 00:00:00+00:00,0.00400454,1.45352,0.694927,0.102849,-0.0117184,1.31166,0.000419748,0.000205805,3.95774e-05,3.86742e-05,0.00463611,-0.00620963,0.0108457,22.4583,0.0492515
2025-03-19 00:00:00+00:00,0.00313698,1.45808,0.647711,0.105849,-0.0176619,1.28038,0.000409813,0.000304553,3.72303e-05,0.000145591,0.00378068,0.023977,-0.0201963,23.6458,0.0500861
2025-03-20 00:00:00+00:00,0.000584026,1.45893,0.678412,0.121401,-0.015032,0.8468,0.000271001,0.000211151,2.52481e-05,2.15661e-05,0.00109306,-0.013994,0.0150871,20.625,0.0543936
2025-03-21 00:00:00+00:00,0.000455729,1.4596,0.466063,0.0650588,-0.00715946,0.866701,0.000277376,0.000181592,2.36786e-05,5.2712e-05,0.000901196,-0.000501826,0.00140302,19.0417,0.0545018
2025-03-22 00:00:00+00:00,-0.00579488,1.45114,0.234322,0.0695885,-0.00688208,0.573432,0.000183471,9.26278e-05,1.48379e-05,1.55914e-05,-0.005525,0.000604342,-0.00612934,16.3542,0.0267516
2025-03-23 00:00:00+00:00,-0.00323574,1.44644,0.0881389,0.0265415,-0.00557373,0.339712,0.0001087,3.42525e-05,1.55168e-05,-1.73716e-06,-0.00307901,0.00133715,-0.00441616,7.27083,0.0206138
2025-03-24 00:00:00+00:00,-0.00365656,1.44115,0.0579118,0.0181095,-0.00598358,0.389273,0.000124556,3.37389e-05,1.94554e-05,1.29406e-05,-0.00349663,0.000836599,-0.00433323,9,0.0168852
2025-03-25 00:00:00+00:00,-6.17139e-05,1.44106,0.0173317,0.000716561,-0.00811289,0.202667,6.48543e-05,1.75584e-05,1.03568e-05,5.66755e-06,2.58776e-05,-5.40098e-05,7.98874e-05,5.6875,0.0128694
2025-03-26 00:00:00+00:00,0.000554234,1.44186,0.00650552,-0.000875059,-0.00397705,0.0995486,3.18558e-05,6.66056e-06,4.66603e-06,7.25803e-07,0.000596625,-1.96438e-05,0.000616268,4.10417,0.0110744
2025-03-27 00:00:00+00:00,0.000285922,1.44228,0.00410956,-0.00124238,-0.00157314,0.0612573,1.96025e-05,3.58022e-06,3.02348e-06,1.09859e-06,0.000311082,-4.10128e-05,0.000352095,2.79167,0.0100623
2025-03-28 00:00:00+00:00,-0.000384098,1.44172,0.0254776,0.00645894,0.00126904,0.230047,7.36143e-05,1.09693e-05,9.02463e-06,6.08683e-06,-0.000296528,-0.000650029,0.000353501,5.52083,0.0124247
2025-03-29 00:00:00+00:00,0.000847708,1.44294,0.0576679,0.019523,0.00143253,0.281358,9.00363e-05,1.27535e-05,1.1624e-05,2.17529e-05,0.000940265,-0.00103511,0.00197538,7.1875,0.0131341
2025-03-30 00:00:00+00:00,-0.0016469,1.44057,0.0826835,0.033665,-0.000721487,0.230069,7.36185e-05,1.36959e-05,1.05758e-05,3.77623e-05,-0.00158679,-0.000337424,-0.00124936,7.375,0.0159681
2025-03-31 00:00:00+00:00,0.00252201,1.4442,0.0805112,0.0316162,-0.000792794,0.265461,8.49516e-05,2.72562e-05,1.45584e-05,5.55049e-06,0.00264209,0.000398959,0.00224313,6.79167,0.0163204
2025-04-01 00:00:00+00:00,0.00175834,1.44674,0.204115,0.0920016,0.00738227,0.559389,0.000179025,3.75239e-05,2.56516e-05,3.66181e-05,0.00196616,0.00396757,-0.00200141,10.8542,0.0213953
2025-04-02 00:00:00+00:00,0.000408368,1.44733,0.316903,0.124184,0.00903379,0.627478,0.000200786,2.99712e-05,2.98297e-05,-6.55068e-06,0.000681681,-0.00999546,0.0106771,14.1667,0.0245679
2025-04-03 00:00:00+00:00,-0.00336471,1.44246,0.346911,0.0944232,0.00796194,0.691817,0.000221371,3.08333e-05,2.9834e-05,-0.000914399,-0.00216226,0.000915124,-0.00307738,16.1042,0.0256274
2025-04-04 00:00:00+00:00,0.00152761,1.44466,0.264692,0.0813976,0.0061658,0.514809,0.00016474,4.16045e-05,2.2699e-05,-0.000727029,0.00248632,0.00269502,-0.000208703,15.3125,0.0247279
2025-04-05 00:00:00+00:00,-0.00313803,1.44013,0.259897,0.11245,0.00800784,0.442361,0.000141542,2.6597e-05,1.69172e-05,-0.00010338,-0.00284814,-0.0015474,-0.00130074,13.3125,0.0259694
2025-04-06 00:00:00+00:00,-0.00153265,1.43792,0.247614,0.0983759,0.00818433,0.444169,0.000142121,2.42507e-05,1.49769e-05,-0.00010333,-0.00124236,-0.0119712,0.0107288,11.2292,0.0253341
2025-04-07 00:00:00+00:00,-0.00551248,1.43,0.233723,0.053131,0.00265909,0.973672,0.000311498,8.99377e-05,6.61631e-05,1.77641e-05,-0.00506759,0.00181127,-0.00687887,17.3125,0.0226672
2025-04-08 00:00:00+00:00,0.000454177,1.43065,0.13311,0.0335898,0.00219166,0.45689,0.000146203,5.52782e-05,2.07947e-05,1.45879e-05,0.000664582,-0.00183952,0.00250411,13.0417,0.0191147
2025-04-09 00:00:00+00:00,-0.0044334,1.4243,0.100539,0.012507,0.00225283,0.516501,0.000165269,9.79966e-05,2.5068e-05,8.58303e-06,-0.0041601,0.00513719,-0.0092973,13.5208,0.0188482
2025-04-10 00:00:00+00:00,-0.000720664,1.42328,0.0699656,0.011156,0.00171266,0.264972,8.47902e-05,4.56728e-05,1.0673e-05,9.2843e-06,-0.000588551,-0.00182885,0.0012403,11.4167,0.0161982
2025-04-11 00:00:00+00:00,-0.00288239,1.41917,0.0455932,0.00744862,0.0007351,0.312695,0.000100056,2.2096e-05,1.65526e-05,-0.000225364,-0.00252139,0.00155003,-0.00407143,10.25,0.0145701
2025-04-12 00:00:00+00:00,-3.80772e-05,1.41912,0.0105087,0.000784261,0.000402621,0.198051,6.33766e-05,1.08675e-05,9.51328e-06,-7.91085e-05,0.000124878,0.000376646,-0.000251768,7.08333,0.00947506
2025-04-13 00:00:00+00:00,-0.000189849,1.41885,0.00516305,0.000756997,0.000239356,0.109032,3.48901e-05,4.94906e-06,6.64146e-06,1.27756e-06,-0.00014462,-0.000107437,-3.7183e-05,3.72917,0.00840288
2025-04-14 00:00:00+00:00,-0.000912588,1.41756,0.0386747,0.00750883,0.00189272,0.329193,0.00010534,1.69828e-05,1.42634e-05,-2.51403e-05,-0.000751059,-0.000286546,-0.000464513,8.4375,0.0119398
2025-04-15 00:00:00+00:00,4.60566e-05,1.41762,0.064789,0.0175853,0.00201012,0.264227,8.45523e-05,1.12654e-05,1.22507e-05,-1.6171e-06,0.000156435,-0.000616839,0.000773275,7.54167,0.0136607
2025-04-16 00:00:00+00:00,0.000337523,1.4181,0.0575592,0.00975822,-0.00018093,0.211826,6.77847e-05,1.47676e-05,5.84549e-06,-1.94166e-06,0.000428173,4.83885e-05,0.000379784,6.58333,0.0143462
2025-04-17 00:00:00+00:00,0.000453533,1.41874,0.0715705,0.0176724,2.96693e-05,0.316013,0.000101124,4.89948e-05,1.46941e-05,2.95983e-06,0.000615968,0.000508577,0.000107391,6.58333,0.0182446
2025-04-18 00:00:00+00:00,0.000467443,1.41941,0.089662,0.0145391,-0.00177109,0.30777,9.84882e-05,5.45979e-05,9.12256e-06,-2.10401e-06,0.000632302,-0.000211023,0.000843325,7.875,0.0205329
2025-04-19 00:00:00+00:00,0.000193305,1.41968,0.0609588,0.00465782,-0.00192212,0.190546,6.09751e-05,5.94229e-05,5.53104e-06,1.16168e-05,0.000307882,0.00135545,-0.00104756,6.58333,0.0200302
2025-04-20 00:00:00+00:00,-0.000583521,1.41885,0.0219215,-0.00251027,-0.00492701,0.130885,4.18828e-05,3.07155e-05,6.53533e-06,5.80361e-06,-0.000510176,-0.000192366,-0.00031781,4.02083,0.0152777
2025-04-21 00:00:00+00:00,0.000891049,1.42012,0.00795935,-0.00238742,-0.00373491,0.134599,4.30731e-05,2.77633e-05,1.04891e-05,-6.37596e-05,0.00103594,-9.15635e-05,0.00112751,3.3125,0.0148553
2025-04-22 00:00:00+00:00,-0.00134107,1.41821,0.0706413,0.025701,0.00250308,0.349188,0.00011174,9.2983e-05,1.59521e-05,1.1872e-06,-0.00112063,0.00288959,-0.00401021,7.25,0.0194315
2025-04-23 00:00:00+00:00,-0.000270658,1.41783,0.0810141,0.0281571,0.00362977,0.370483,0.000118556,7.77888e-05,1.80995e-05,1.30895e-05,-6.73357e-05,-0.000104293,3.69572e-05,9.33333,0.0184227
2025-04-24 00:00:00+00:00,-0.000338467,1.41735,0.0451026,0.0131566,0.00303774,0.315583,0.000100987,4.21901e-05,1.47837e-05,-2.64475e-06,-0.000177601,-0.000154629,-2.29724e-05,9.1875,0.0145472
2025-04-25 00:00:00+00:00,0.000829376,1.41852,0.0116723,0.0034625,0.00185815,0.112846,3.61115e-05,1.55114e-05,8.53283e-06,1.18309e-06,0.000888141,-9.53127e-05,0.000983454,3.39583,0.0104534
2025-04-26 00:00:00+00:00,2.39536e-05,1.41856,0.00214402,0.000110449,-0.000233693,0.0393094,1.25791e-05,4.48405e-06,2.24451e-06,1.82792e-06,4.14386e-05,1.3879e-05,2.75596e-05,1.79167,0.00867253
2025-04-27 00:00:00+00:00,4.48247e-05,1.41862,0.00133772,-0.00133772,-0.00161095,0.0312214,9.9909e-06,1.24886e-06,2.84869e-06,1.28492e-06,5.76367e-05,0,5.76367e-05,0.791667,0.00838761
2025-04-28 00:00:00+00:00,2.28292e-05,1.41865,0.00560763,-0.00242562,-0.00280433,0.106551,3.40962e-05,7.08873e-06,3.42658e-06,-1.6825e-06,6.91376e-05,-5.53297e-05,0.000124467,3.27083,0.00920635
2025-04-29 00:00:00+00:00,6.59118e-05,1.41875,0.000928636,-0.000927363,-0.00100454,0.0222132,7.10825e-06,8.96257e-07,8.21978e-07,2.60225e-07,7.44798e-05,5.53854e-08,7.44244e-05,1.02083,0.00806231
2025-04-30 00:00:00+00:00,-0.00187696,1.41608,0.00899097,0.00446648,0.00139187,0.0841341,2.69215e-05,5.087e-06,2.97749e-06,3.1305e-07,-0.00184292,-0.000111642,-0.00173128,2.60417,0.00876071
2025-05-01 00:00:00+00:00,5.08155e-06,1.41609,2.64785e-05,1.21092e-05,1.00588e-06,0.000571723,1.82952e-07,2.2869e-08,3.34856e-09,1.32077e-09,5.2894e-06,1.85746e-06,3.43194e-06,0.270833,0.00577824
2025-05-02 00:00:00+00:00,3.02131e-06,1.4161,0.000261974,-3.7894e-05,-0.000466191,0.00764617,2.44678e-06,3.83578e-07,4.41905e-07,4.33104e-08,6.25029e-06,6.25029e-06,0,0.458333,0.00924828
2025-05-03 00:00:00+00:00,-3.24767e-05,1.41605,0.000825286,-0.000704013,-0.00121955,0.0226455,7.24655e-06,9.64379e-07,1.2343e-06,-6.83432e-06,-1.61955e-05,1.97768e-06,-1.81732e-05,1.29167,0.00983272
2025-05-04 00:00:00+00:00,0.00015157,1.41626,0.0204632,0.00467787,-0.000161184,0.129088,4.13083e-05,8.19031e-06,3.28613e-06,1.2833e-06,0.00020309,-0.000264759,0.00046785,3.47917,0.0127483
2025-05-05 00:00:00+00:00,0.000382973,1.41681,0.0229692,0.00535576,-0.0043108,0.112983,3.61544e-05,8.41566e-06,2.78169e-06,1.36288e-06,0.00042911,9.84014e-05,0.000330708,3.47917,0.0122537
2025-05-06 00:00:00+00:00,0.000423647,1.41741,0.0182563,0.00269143,-0.0059323,0.0643796,2.06005e-05,6.91456e-06,1.03328e-06,6.09573e-07,0.000451984,0.000135327,0.000316657,2.125,0.0122341
2025-05-07 00:00:00+00:00,-0.00014168,1.41721,0.101099,0.0442605,0.00516604,0.409094,0.000130907,4.59109e-05,9.74433e-06,-1.21811e-06,4.78351e-05,-0.000616426,0.000664261,7.70833,0.0180978
2025-05-08 00:00:00+00:00,0.00601808,1.42574,0.235098,0.0956708,0.00522987,0.534882,0.000171186,4.2092e-05,1.50458e-05,8.34304e-06,0.00622352,0.0168721,-0.0106486,13.6667,0.0214222
2025-05-09 00:00:00+00:00,0.00253175,1.42935,0.296489,0.110612,0.00106659,0.513502,0.00016435,5.18485e-05,1.7319e-05,1.96655e-05,0.00275392,0.00819223,-0.00543831,14.6667,0.0237693
2025-05-10 00:00:00+00:00,0.000414947,1.42994,0.356373,0.12959,0.00521195,0.442207,0.000141514,5.72974e-05,1.56293e-05,-9.46196e-06,0.000646343,0.00734615,-0.0066998,16.2917,0.0261233
2025-05-11 00:00:00+00:00,-0.000655911,1.429,0.281796,0.110273,0.00735048,0.414866,0.000132756,0.00011416,1.85762e-05,-3.61489e-06,-0.000380243,-0.00271808,0.00233784,14.9792,0.026687
2025-05-12 00:00:00+00:00,-0.00475572,1.4222,0.227897,0.0934243,0.00812957,0.629072,0.000201271,0.000234147,4.46498e-05,-1.0138e-05,-0.00427027,-0.00143279,-0.00283748,14.6042,0.0248162
2025-05-13 00:00:00+00:00,0.00239928,1.42562,0.23449,0.0897436,0.00775907,0.559154,0.00017894,0.000170109,2.4551e-05,-1.50616e-05,0.00278929,0.00599259,-0.00320331,17.2708,0.0255159
2025-05-14 00:00:00+00:00,0.00305186,1.42997,0.286938,0.0965177,0.00903374,0.584051,0.000186921,0.000164591,2.28244e-05,-2.43219e-06,0.00342858,-0.0028474,0.00627597,17.7292,0.0280974
2025-05-15 00:00:00+00:00,0.00269624,1.43382,0.42404,0.114913,0.00801142,0.870629,0.000278618,0.000276189,3.19729e-05,-1.51696e-05,0.0032999,-0.00441871,0.00771861,18.5,0.0345805
2025-05-16 00:00:00+00:00,0.00203033,1.43673,0.559108,0.126394,0.00541007,0.848201,0.000271434,0.000218376,2.98006e-05,-6.50659e-05,0.00262645,0.00021502,0.00241143,20.125,0.0380309
2025-05-17 00:00:00+00:00,0.00357173,1.44187,0.601424,0.127075,0.00470861,0.848291,0.000271464,0.000139986,2.18427e-05,-1.70429e-05,0.00402239,-0.00434888,0.00837127,20.3542,0.039183
2025-05-18 00:00:00+00:00,-0.00384531,1.43632,0.560463,0.145161,0.00301759,0.718618,0.000229916,6.05732e-05,2.48818e-05,-9.76492e-06,-0.00351831,0.0110749,-0.0145932,20.0208,0.0413448
2025-05-19 00:00:00+00:00,0.00315353,1.44085,0.612793,0.179133,-0.0042776,0.952243,0.000304753,6.07878e-05,4.08889e-05,-4.66671e-05,0.00361904,-0.000253366,0.00387241,20.5417,0.0401672
2025-05-20 00:00:00+00:00,-0.000282557,1.44044,0.682122,0.195309,-0.000166416,0.614042,0.000196481,8.09366e-05,1.48854e-05,-5.67565e-06,3.11374e-05,0.00188559,-0.00185445,18.1667,0.0416342
2025-05-21 00:00:00+00:00,-0.00385675,1.43489,0.620694,0.11263,-0.00677775,0.777091,0.000248555,4.89706e-05,3.00745e-05,-3.48762e-05,-0.00346337,0.0102066,-0.01367,19.3542,0.040493
2025-05-22 00:00:00+00:00,-0.00095698,1.43351,0.678176,0.0973355,-0.00656687,0.607195,0.000194303,4.2001e-05,1.86572e-05,-4.98199e-07,-0.000683438,0.0128804,-0.0135639,18.3958,0.0405523
2025-05-23 00:00:00+00:00,0.00714867,1.44376,0.666977,0.127894,-0.000599527,0.834108,0.000266938,4.34165e-05,3.28791e-05,-0.000110224,0.00759789,-0.0168941,0.024492,20.0208,0.0395733
2025-05-24 00:00:00+00:00,-0.00892084,1.43088,0.645575,0.115695,0.00304588,0.58959,0.000188617,2.35772e-05,1.94935e-05,-0.000207959,-0.00849853,0.0023798,-0.0108783,19.7083,0.0395439
2025-05-25 00:00:00+00:00,0.00945172,1.44441,0.542939,0.0828597,0.00201916,0.581169,0.000186023,4.04902e-05,2.00154e-05,-0.000234561,0.00990662,0.00439132,0.0055153,17.5833,0.0379456
2025-05-26 00:00:00+00:00,0.00394773,1.45011,0.693626,0.121709,-0.00497425,1.0989,0.000351644,6.06427e-05,9.86451e-05,-0.00013995,0.00459921,-0.000615568,0.00521478,19.7292,0.0414885
2025-05-27 00:00:00+00:00,-0.00605125,1.44133,0.671416,0.120007,-0.00409111,0.636793,0.000203742,2.77165e-05,1.48193e-05,-6.21429e-05,-0.00574116,0.00685753,-0.0125987,18.5417,0.0421146
2025-05-28 00:00:00+00:00,0.0069594,1.45137,0.616257,0.131542,-0.00173611,0.642638,0.00020569,4.57431e-05,1.7129e-05,-0.000166705,0.00737825,-0.00285172,0.01023,15.5208,0.0401534
2025-05-29 00:00:00+00:00,0.00220196,1.45456,0.696458,0.167,0.00447868,0.961559,0.000307736,5.94708e-05,2.4172e-05,-6.12173e-05,0.00266498,-0.0102741,0.0129391,19.0417,0.0431735
2025-05-30 00:00:00+00:00,0.015624,1.47729,0.828799,0.153017,0.0101893,1.45902,0.000467134,0.000150233,7.19002e-05,-8.41125e-05,0.0163333,-0.0277626,0.0440959,23.8542,0.0486009
2025-05-31 00:00:00+00:00,0.00137707,1.47932,1.00901,0.0863309,0.0095648,1.5285,0.000489102,0.000137141,6.3633e-05,-0.000193335,0.00229666,0.0056802,-0.00338354,26.0417,0.0522681
2025-06-01 00:00:00+00:00,-0.000432199,1.47868,1.23508,0.0927606,0.00482559,1.56744,0.000501688,0.000154163,6.66046e-05,-6.23523e-05,0.000380409,0.00877067,-0.00839026,22.25,0.0525536
2025-06-02 00:00:00+00:00,0.00282762,1.48286,1.23836,0.0436801,-0.00578236,1.49977,0.000480053,8.02852e-05,9.1733e-05,7.7343e-05,0.00342063,0.0117399,-0.00831924,26.8542,0.0519536
2025-06-03 00:00:00+00:00,-0.010203,1.46773,1.07741,0.0679105,-0.0106244,1.31282,0.000419908,7.04251e-05,4.47136e-05,3.40693e-05,-0.00970462,-0.000559363,-0.00914526,27.2917,0.052928
2025-06-04 00:00:00+00:00,0.00233783,1.47117,0.981741,0.0810976,-0.012515,1.31912,0.000422166,0.000101128,5.11221e-05,3.00198e-05,0.00291066,-0.00419941,0.00711006,26.5208,0.0521778
2025-06-05 00:00:00+00:00,0.00910982,1.48457,0.974781,0.00993822,-0.00777834,1.21196,0.000387904,0.000128832,5.39802e-05,-0.00045952,0.0101634,-0.0296972,0.0398606,25.2083,0.0549116
2025-06-06 00:00:00+00:00,0.0175973,1.51069,0.879289,0.0913061,-0.01071,1.09377,0.000350147,8.87693e-05,4.04893e-05,-0.000580802,0.0185367,0.0141763,0.00436048,25.9167,0.0558128
2025-06-07 00:00:00+00:00,-0.00370374,1.5051,1.00374,0.148242,-0.00867116,0.924421,0.000295821,0.000116261,3.16128e-05,-0.000290411,-0.00295569,0.0125182,-0.0154739,22.4375,0.0581572
2025-06-08 00:00:00+00:00,-0.00224406,1.50172,1.13784,0.18853,-0.0123811,0.811169,0.000259587,8.68373e-05,2.09918e-05,-0.000413105,-0.00142141,-0.000558623,-0.000862787,19.4583,0.0561426
2025-06-09 00:00:00+00:00,-0.00445801,1.49502,0.958111,0.193813,-0.0226754,0.543355,0.000173801,3.94844e-05,8.82521e-05,-0.000404683,-0.003741,0.0289164,-0.0326574,18.875,0.0565894
2025-06-10 00:00:00+00:00,-0.00953363,1.48077,1.05299,0.193343,-0.0151667,1.14453,0.0003661,0.000141643,3.32042e-05,-0.000513669,-0.00845419,0.0188145,-0.0272687,22.5625,0.0548441
2025-06-11 00:00:00+00:00,0.00761783,1.49205,1.02819,0.207805,-0.0140151,1.09766,0.000351315,0.000146388,3.54809e-05,-0.000478427,0.00863493,-0.0104688,0.0191038,26.6458,0.0522951
2025-06-12 00:00:00+00:00,0.0155819,1.5153,1.09606,0.164684,-0.02402,0.792177,0.000253628,0.000105451,3.45354e-05,-0.000552758,0.016456,-0.0310768,0.0475328,27,0.0548734
2025-06-13 00:00:00+00:00,-0.00621166,1.50589,0.938885,0.115694,-0.00545088,1.47642,0.000472517,0.000181717,5.7955e-05,-0.00024738,-0.00520323,-0.0108816,0.00567834,26.1458,0.0589134
2025-06-14 00:00:00+00:00,0.00849698,1.51868,0.886548,0.134499,-0.00337637,1.0332,0.000330687,0.000114843,2.95529e-05,-0.000410632,0.00936028,-0.00898011,0.0183404,21.3958,0.0574039
2025-06-15 00:00:00+00:00,0.00234173,1.52224,0.892827,0.107675,-0.0126478,1.39547,0.000446608,0.000129103,3.83222e-05,-0.000340385,0.00332327,0.00404768,-0.000724407,23.0417,0.0589411
2025-06-16 00:00:00+00:00,0.00893762,1.53584,0.736257,0.0801221,-0.0252139,1.29313,0.000414051,0.000141892,6.69941e-05,-0.000319648,0.00987266,0.00193045,0.00794221,21.7708,0.0612972
2025-06-17 00:00:00+00:00,0.00782731,1.54787,0.841375,0.0226869,-0.0332006,1.12695,0.000360739,0.000118519,4.73958e-05,-0.000363593,0.00872893,-0.0127278,0.0214567,20.6458,0.0642244
2025-06-18 00:00:00+00:00,0.0101693,1.56361,0.973258,-0.00490593,-0.0279711,1.50233,0.000480855,0.000128506,6.3777e-05,-0.000177101,0.0109987,0.00996059,0.0010381,20.625,0.0677169
2025-06-19 00:00:00+00:00,0.0027792,1.56795,0.920945,0.074612,-0.0158441,1.24084,0.000397069,0.000137601,5.63953e-05,-0.000101737,0.00351518,0.000706181,0.002809,21.25,0.0685441
2025-06-20 00:00:00+00:00,0.00316695,1.57292,0.814885,0.101446,-0.0151443,1.36306,0.000436227,0.000219287,5.30428e-05,-0.000122319,0.00401135,-0.0150722,0.0190836,20.3958,0.0686345
2025-06-21 00:00:00+00:00,0.00182984,1.5758,0.809081,0.0233265,-0.0182515,1.06558,0.000341026,0.000105715,4.51266e-05,-0.000228073,0.00259194,-0.0215106,0.0241026,18.3958,0.0693939
2025-06-22 00:00:00+00:00,0.011487,1.5939,0.865861,-0.0218669,-0.0191802,1.53439,0.000491137,0.000233322,8.28421e-05,-0.000183263,0.0124509,-0.0118321,0.024283,21.5,0.0710898
2025-06-23 00:00:00+00:00,-0.00357386,1.5882,0.790378,0.0808641,-0.00757832,1.45178,0.000464509,0.000406286,0.000115356,-0.00165517,-0.000904603,0.0364192,-0.0373238,20.3333,0.0710614
2025-06-24 00:00:00+00:00,0.00979383,1.60376,0.803034,0.117122,-0.00633525,0.843703,0.000270026,0.000316425,4.15311e-05,-0.000549048,0.0109494,0.00346595,0.00748347,16.8958,0.0697588
2025-06-25 00:00:00+00:00,0.0137839,1.62586,0.683147,0.128476,-0.0039123,0.641275,0.000205262,0.000275125,2.66049e-05,-0.000643178,0.0148615,-0.00192771,0.0167892,16.2917,0.0740869
2025-06-26 00:00:00+00:00,0.00298904,1.63072,0.605326,0.0775494,-0.00789002,0.677245,0.000216725,0.000295216,2.56414e-05,-0.00033698,0.00387218,-0.00338523,0.00725741,15.375,0.0820238
2025-06-27 00:00:00+00:00,-0.0120929,1.611,0.599375,0.0584488,-0.0127071,0.529096,0.000169264,0.000201931,1.90012e-05,-0.000921889,-0.0108187,0.00279545,-0.0136141,13.7083,0.0838927
2025-06-28 00:00:00+00:00,0.00169311,1.61373,0.58693,0.0731864,-0.0152204,0.556226,0.000178011,0.000205147,1.88118e-05,-0.000896865,0.00301155,0.00356901,-0.000557462,12.0208,0.0782783
2025-06-29 00:00:00+00:00,-0.0137076,1.59161,0.743532,0.0913811,-0.0246554,1.06828,0.000341592,0.000354524,4.30652e-05,-0.00251983,-0.0104667,0.00702057,-0.0174873,13.1875,0.0722999
2025-06-30 00:00:00+00:00,0.0130392,1.61236,0.628319,0.0553584,-0.0214252,1.01783,0.00032579,0.000208336,4.66792e-05,-0.000444303,0.0140112,-0.00220036,0.0162116,16.5625,0.0664086
2025-07-01 00:00:00+00:00,0.00324634,1.6176,0.736013,0.00935604,-0.0252551,0.769262,0.000246236,0.000122724,2.79914e-05,-0.000610634,0.00427319,-0.0134495,0.0177227,17.6042,0.0708521
2025-07-02 00:00:00+00:00,-0.00450663,1.61031,0.750526,0.028829,-0.020626,0.944131,0.000302119,9.66833e-05,3.6093e-05,-0.000455382,-0.00360396,0.0233619,-0.0269658,18.375,0.0745867
2025-07-03 00:00:00+00:00,-0.00946384,1.59507,0.809565,0.0832324,-0.0176573,0.941474,0.000300332,5.38923e-05,8.43635e-05,-0.000368771,-0.00855222,0.00440969,-0.0129619,21.8958,0.0734453
2025-07-04 00:00:00+00:00,-0.00105088,1.59339,0.834945,0.0677102,-0.0158658,0.859889,0.000275172,5.44874e-05,2.8734e-05,-0.00151974,0.000844255,-0.0164923,0.0173365,21.5208,0.0716815
2025-07-05 00:00:00+00:00,-0.0047632,1.5858,0.743274,0.07355,-0.0152737,0.777713,0.000248827,5.88759e-05,2.89593e-05,-0.00233114,-0.00208677,0.00106259,-0.00314936,17.6042,0.0698621
2025-07-06 00:00:00+00:00,0.00408397,1.59228,0.864099,0.0681171,-0.0240983,1.16785,0.000373749,0.000157071,5.44565e-05,-0.00102088,0.00569371,0.00858681,-0.0028931,17.6042,0.0683225
2025-07-07 00:00:00+00:00,0.00475333,1.59985,0.875563,-0.0527023,-0.0256534,1.63888,0.000524483,0.00018465,0.000244503,-0.000143451,0.00585644,-0.00735823,0.0132147,16.2708,0.069546
2025-07-08 00:00:00+00:00,-0.0263706,1.55766,1.04126,-0.0339343,-0.032314,1.15323,0.000368179,0.000134189,8.22816e-05,-2.50552e-05,-0.0259222,0.00464715,-0.0305694,16.4167,0.0705096
2025-07-09 00:00:00+00:00,-0.00562061,1.5489,1.14563,0.0139171,-0.0467944,0.711646,0.000227629,0.000106836,3.97394e-05,9.64421e-05,-0.00529699,0.0326142,-0.0379112,20.4792,0.0665568
2025-07-10 00:00:00+00:00,-0.0336594,1.49677,1.07435,-0.00372646,-0.0447122,1.06936,0.000341876,0.00020514,6.57537e-05,0.000149073,-0.0336825,0.0361495,-0.069832,25,0.0643787
2025-07-11 00:00:00+00:00,-0.0290233,1.45333,0.880903,0.084922,-0.00866918,1.75506,0.000559116,0.000254314,0.000216093,2.51754e-05,-0.0280291,0.00101228,-0.0290414,26.4583,0.0613346
2025-07-12 00:00:00+00:00,-0.00113905,1.45167,0.83265,0.148632,-0.0128038,0.955764,0.000305844,0.000180287,4.88948e-05,-0.000221125,-0.000331146,-0.00332601,0.00299487,24.6042,0.0614188
2025-07-13 00:00:00+00:00,-0.0138643,1.43154,0.760329,0.141201,-0.00913401,0.678995,0.000217203,0.000121571,3.75516e-05,4.13209e-05,-0.0135951,0.00231435,-0.0159095,16.9792,0.0624701
2025-07-14 00:00:00+00:00,-0.00220057,1.42839,0.691067,0.157696,-0.0226896,1.33131,0.000426211,0.00032316,0.00024629,9.75706e-05,-0.0012648,0.00377412,-0.00503892,19.25,0.06023
2025-07-15 00:00:00+00:00,-0.00553642,1.42049,0.651916,0.167035,-0.0170722,0.722445,0.000231172,0.000142272,1.86117e-05,9.97237e-05,-0.00521195,0.00405069,-0.00926264,18.2083,0.0574
2025-07-16 00:00:00+00:00,-0.0030789,1.41611,0.817268,0.216578,-0.0118709,0.901082,0.000288251,0.000101351,2.66336e-05,7.01996e-05,-0.00270295,0.0176697,-0.0203726,21,0.0553451
2025-07-17 00:00:00+00:00,0.011375,1.43222,0.755196,0.186688,-0.00531019,1.00559,0.000321892,0.000127016,3.13241e-05,5.43745e-05,0.0117871,0.00881093,0.00297618,21.5625,0.0587427
2025-07-18 00:00:00+00:00,0.00561094,1.44026,0.81942,0.178083,-0.00418952,1.09404,0.000350137,0.000161033,3.87028e-05,1.77938e-06,0.00617712,0.00499244,0.00118468,24.1458,0.0621623
2025-07-19 00:00:00+00:00,-0.00333034,1.43546,0.830071,0.178388,0.000666161,0.820566,0.000262564,0.00013009,2.30296e-05,-5.66506e-05,-0.00282636,0.00424148,-0.00706784,24.1458,0.0634061
2025-07-20 00:00:00+00:00,0.0144331,1.45618,0.806145,0.138785,-0.00234056,1.09852,0.000351595,0.00016067,3.42567e-05,-1.59893e-05,0.0149336,0.0185471,-0.00361348,24.3542,0.0810849
2025-07-21 00:00:00+00:00,-0.000534838,1.4554,0.656921,0.107541,-0.00848152,0.82182,0.000262937,0.000164705,2.38084e-05,4.60711e-05,-9.36023e-05,0.00724062,-0.00733423,22.3542,0.0808752
2025-07-22 00:00:00+00:00,0.00100823,1.45687,0.695842,0.120971,-0.00685119,0.551502,0.000176495,6.90087e-05,1.16353e-05,-8.71412e-06,0.00130401,0.00715687,-0.00585286,20.9375,0.0807315
2025-07-23 00:00:00+00:00,-0.00281256,1.45277,0.805159,0.149566,-0.00646303,0.872815,0.000279006,0.000188129,2.7574e-05,-5.93474e-05,-0.00215152,-0.0296861,0.0275346,20.2708,0.080056
2025-07-24 00:00:00+00:00,0.0152248,1.47489,0.772066,0.126345,-0.00755759,0.903324,0.000289246,0.000311962,2.81478e-05,-0.000260324,0.0160559,-0.00524039,0.0212963,20.8958,0.0801463
2025-07-25 00:00:00+00:00,-0.0192406,1.44651,0.787065,0.127985,-0.00669384,0.99526,0.000318286,0.000382174,3.25752e-05,-0.00047514,-0.0181503,0.00537601,-0.0235263,22.4583,0.0826856
2025-07-26 00:00:00+00:00,-0.00708801,1.43626,0.789725,0.139699,-0.00907461,0.656976,0.000210173,0.000248075,1.79042e-05,-8.5134e-05,-0.00652122,0.00104432,-0.00756554,21.0208,0.0798125
2025-07-27 00:00:00+00:00,0.0156427,1.45872,0.866277,0.150822,-0.0103346,0.896526,0.000287021,0.000193221,1.67186e-05,-3.64577e-05,0.0160936,0.0158166,0.000277053,19.8542,0.0773718
2025-07-28 00:00:00+00:00,-0.0079622,1.44711,0.884106,0.141604,-0.0110126,1.60676,0.000513996,0.000376774,7.94786e-05,5.31013e-05,-0.00698839,-0.012716,0.00572764,22.9792,0.0794192
2025-07-29 00:00:00+00:00,0.00309272,1.45158,0.686444,0.120465,-0.015645,0.998711,0.000319596,0.000353844,3.34486e-05,-0.000293484,0.00416213,-0.00197901,0.00614114,21.4583,0.0783762
2025-07-30 00:00:00+00:00,-0.00109499,1.44999,0.825385,0.0949978,-0.0248574,1.1664,0.000373225,0.000252039,3.28619e-05,6.5036e-05,-0.000476665,-0.00292999,0.00245333,21.2083,0.0842869
2025-07-31 00:00:00+00:00,0.012891,1.46869,0.975731,0.13969,-0.0257094,1.17824,0.000377167,0.000153829,2.67687e-05,1.74455e-05,0.0133854,-0.0182656,0.031651,23.9167,0.0841428
2025-08-01 00:00:00+00:00,-0.00994749,1.45408,0.948531,0.158274,-0.020235,1.57255,0.000503008,0.000164241,4.55552e-05,-7.32381e-05,-0.00914205,-0.0197931,0.010651,24.625,0.084036
2025-08-02 00:00:00+00:00,-0.00556541,1.44598,0.942077,0.180346,-0.00794236,1.07306,0.000343332,9.42897e-05,2.88392e-05,-5.6094e-05,-0.0050308,-0.0147125,0.00968172,23.7083,0.0799107
2025-08-03 00:00:00+00:00,-0.0013266,1.44407,0.973541,0.183743,-0.00308841,0.786472,0.000251676,0.000120616,1.70847e-05,-6.32671e-05,-0.000855516,0.0158863,-0.0167418,20.1667,0.0765185
2025-08-04 00:00:00+00:00,-0.00190878,1.44131,0.831323,0.143993,-0.015607,1.02664,0.000328435,0.000183563,4.21628e-05,1.98051e-05,-0.00135584,0.0179889,-0.0193448,20.25,0.0727458
2025-08-05 00:00:00+00:00,-0.000962152,1.43992,0.719022,0.1193,-0.0137222,0.607553,0.000194408,7.71382e-05,1.12926e-05,-1.3121e-06,-0.000660209,-0.010635,0.00997482,20.9792,0.0727558
2025-08-06 00:00:00+00:00,0.00454313,1.44646,0.807377,0.133916,-0.0139731,0.651134,0.00020839,9.72907e-05,1.30205e-05,1.09902e-05,0.00485335,0.00870062,-0.00384727,20.3333,0.0751175
2025-08-07 00:00:00+00:00,0.0105333,1.4617,0.677693,0.121619,-0.0170307,0.543922,0.000174088,0.000123083,9.64003e-06,-9.87685e-06,0.0108189,0.0193451,-0.00852614,17.7292,0.079091
2025-08-08 00:00:00+00:00,0.00587972,1.4703,0.770844,0.127494,-0.017281,0.858137,0.000274642,0.000121102,2.2646e-05,-1.17506e-05,0.00630541,0.00374138,0.00256403,19.7292,0.0809526
2025-08-09 00:00:00+00:00,-0.00260233,1.46647,0.667519,0.115795,-0.0148436,0.678275,0.000217033,0.000111009,1.34039e-05,3.53467e-05,-0.00228213,0.00608872,-0.00837085,19.8333,0.0823637
2025-08-10 00:00:00+00:00,0.00140854,1.46853,0.550287,0.0973703,-0.0131037,0.542863,0.000173725,4.80255e-05,1.17348e-05,-4.60762e-05,0.00169834,0.00170947,-1.11339e-05,21.9583,0.0817689
2025-08-11 00:00:00+00:00,0.00456499,1.47524,0.685867,0.0954661,-0.0225555,0.697775,0.000223313,7.69925e-05,2.05347e-05,3.2106e-05,0.00486523,-0.00893786,0.0138031,20.6875,0.0810575
2025-08-12 00:00:00+00:00,0.00484772,1.48239,0.79819,0.0918281,-0.0243948,0.697599,0.000223247,6.12723e-05,1.66718e-05,1.01713e-05,0.00515559,0.0238606,-0.0187051,22.3542,0.0821331
2025-08-13 00:00:00+00:00,0.00488451,1.48963,0.850912,0.0951145,-0.0214385,0.849004,0.000271735,6.64009e-05,2.05564e-05,-7.84718e-06,0.00526395,0.0142216,-0.00895765,24.5833,0.0848708
2025-08-14 00:00:00+00:00,0.0197328,1.51903,1.11664,0.140276,-0.0201703,1.48614,0.000476038,0.000151727,6.62655e-05,3.09228e-05,0.0202684,-0.0301073,0.0503757,25.7917,0.0872902
2025-08-15 00:00:00+00:00,-0.00222792,1.51564,1.25983,0.18841,-0.01473,1.03009,0.000329716,0.000116273,5.04855e-05,3.07898e-05,-0.0017051,-0.00588622,0.00418112,27.9167,0.089816
2025-08-16 00:00:00+00:00,0.0076275,1.5272,0.88274,0.126717,-0.01149,0.905108,0.00028968,0.00010284,2.17075e-05,3.1098e-06,0.00802131,0.00576012,0.00226119,24.7917,0.0894285
2025-08-17 00:00:00+00:00,-0.00632806,1.51754,0.695474,0.107778,-0.00898343,0.616846,0.000197357,6.82527e-05,1.0535e-05,5.53615e-05,-0.00611433,0.00325122,-0.00936555,19.625,0.0894081
2025-08-18 00:00:00+00:00,0.00112568,1.51925,0.623973,0.0676812,-0.0224422,0.87635,0.000280378,9.62581e-05,4.25453e-05,-0.000114256,0.00168042,-0.0103792,0.0120596,18.2708,0.0864126
2025-08-19 00:00:00+00:00,-0.00133972,1.51721,0.48846,0.0441808,-0.01452,0.327154,0.000104685,5.03509e-05,6.64818e-06,2.68333e-06,-0.00116507,-0.0115711,0.010406,14.7292,0.0864088
2025-08-20 00:00:00+00:00,0.000186619,1.51749,0.509033,0.0544627,-0.0156013,0.35298,0.000112923,7.07484e-05,1.09814e-05,-1.96054e-05,0.000429817,0.0131774,-0.0127476,15.2083,0.0835981
2025-08-21 00:00:00+00:00,0.00313528,1.52225,0.649356,0.0963561,-0.0137385,0.873054,0.000279439,0.000203961,2.59909e-05,-2.90441e-05,0.00369375,-0.00988085,0.0135746,17.7292,0.0823278
2025-08-22 00:00:00+00:00,-0.00119097,1.52044,0.673992,0.097535,-0.00738983,0.7185,0.00022995,0.000199795,2.34664e-05,5.56126e-05,-0.000763442,0.0334906,-0.034254,17.5,0.0843664
2025-08-23 00:00:00+00:00,0.000535661,1.52125,0.800884,0.107825,-0.00469522,0.644923,0.000206397,0.000145712,1.67458e-05,0.00012865,0.00080522,-0.00298331,0.00378853,22.625,0.0823631
2025-08-24 00:00:00+00:00,0.00619319,1.53067,0.717583,0.0819932,-0.00767182,0.758248,0.000242653,0.000142235,1.61749e-05,8.21628e-05,0.00650991,-0.00167067,0.00818058,22.1458,0.0815551
2025-08-25 00:00:00+00:00,-0.00175964,1.52798,0.524017,0.0420656,-0.0128839,0.715291,0.000228876,0.000147958,3.297e-05,-0.000693275,-0.000637526,-0.0179074,0.0172698,22.375,0.0818674
2025-08-26 00:00:00+00:00,-0.00614374,1.51859,0.454261,0.0199158,-0.013142,0.372196,0.000119092,6.6701e-05,7.34747e-06,-0.000398466,-0.00555769,0.00933681,-0.0148945,19.25,0.0805956
2025-08-27 00:00:00+00:00,0.00485501,1.52597,0.491435,0.04526,-0.0160035,0.379966,0.000121621,5.46869e-05,7.2061e-06,-0.000228336,0.00527703,-0.000897354,0.00617438,17.8125,0.0792845
2025-08-28 00:00:00+00:00,-0.00785394,1.51398,0.596651,0.0748413,-0.0164862,0.485339,0.000155284,7.39065e-05,1.01262e-05,-0.00022815,-0.00738865,0.0048224,-0.012211,18.625,0.0802786
2025-08-29 00:00:00+00:00,-0.00162899,1.51151,0.608266,0.0847902,-0.0127899,0.561211,0.000179584,6.82228e-05,1.31307e-05,-0.000128853,-0.00121657,-0.0122098,0.0109932,19.3958,0.0756555
2025-08-30 00:00:00+00:00,4.40575e-06,1.51152,0.609669,0.076293,-0.0144,0.325556,0.000104175,3.85585e-05,6.03492e-06,-3.79588e-05,0.00020457,0.000120626,8.39441e-05,16.8333,0.0701776
2025-08-31 00:00:00+00:00,0.00483253,1.51883,0.589079,0.0600618,-0.0109362,0.32757,0.000104834,4.54264e-05,5.7389e-06,1.21733e-05,0.00497241,-0.00184684,0.00681925,17.125,0.0700819
2025-09-01 00:00:00+00:00,0.00605978,1.52803,0.662333,0.0592594,-0.0102251,0.740919,0.000237127,7.27456e-05,2.4635e-05,3.98211e-05,0.0063606,-0.00382393,0.0101845,18.875,0.0740377
2025-09-02 00:00:00+00:00,-0.0140968,1.50649,0.705383,0.0582372,-0.0128727,0.575608,0.000184109,4.11632e-05,1.17038e-05,0.000117388,-0.0140573,0.0096067,-0.023664,18.9792,0.0759531
2025-09-03 00:00:00+00:00,-0.000672413,1.50548,0.763588,0.0828572,-0.00715363,0.588812,0.000188429,7.83842e-05,1.28217e-05,0.000158669,-0.000536009,0.00482384,-0.00535985,20.5417,0.0703064
2025-09-04 00:00:00+00:00,-0.00441857,1.49882,0.707185,0.0837432,-0.012197,0.67241,0.000215156,9.17615e-05,1.41914e-05,0.000151859,-0.00422909,-0.00947515,0.00524606,19.6458,0.068824
2025-09-05 00:00:00+00:00,-0.00871817,1.48576,0.650934,0.0677618,-0.0120067,0.605168,0.000193614,7.76865e-05,1.25263e-05,-6.68286e-05,-0.00836668,0.00185136,-0.010218,17.4792,0.0679404
2025-09-06 00:00:00+00:00,-0.00816995,1.47362,0.760633,0.0947202,-0.0110649,0.508746,0.00016277,4.53887e-05,1.01724e-05,-0.000494866,-0.0074531,-0.00144064,-0.00601245,17.6458,0.0621619
2025-09-07 00:00:00+00:00,-0.0346646,1.42254,0.648757,0.0856992,-0.0237274,0.684332,0.000218734,7.47831e-05,2.91689e-05,-0.000474373,-0.0344106,0.00669701,-0.0411077,16.1042,0.0565085
2025-09-08 00:00:00+00:00,-0.0177337,1.39731,0.493712,0.093447,-0.0292778,0.727386,0.000232638,0.000132475,2.67603e-05,-0.000342743,-0.0171225,0.00427152,-0.0213941,16.9792,0.0491203
2025-09-09 00:00:00+00:00,-0.00367228,1.39218,0.395292,0.0994033,-0.0144102,0.453338,0.000145055,0.000155388,1.01113e-05,-0.000805559,-0.00255194,0.000464799,-0.00301674,16.7083,0.0413673
2025-09-10 00:00:00+00:00,-0.00383209,1.38684,0.358926,0.101447,-0.00418125,0.40239,0.000128748,8.68786e-05,8.85914e-06,-0.000293568,-0.00331272,0.00358306,-0.00689578,16.25,0.0356016
2025-09-11 00:00:00+00:00,0.00152679,1.38896,0.367581,0.0979891,-0.00719301,0.350187,0.000112061,0.000104953,7.38545e-06,-0.000286693,0.00204518,0.00450102,-0.00245584,14.2708,0.0355589
2025-09-12 00:00:00+00:00,0.00746884,1.39933,0.428394,0.110947,-0.0104212,0.425451,0.000136175,0.000130114,7.96891e-06,-0.000207433,0.00793406,0.00924066,-0.0013066,14.7292,0.0386746
2025-09-13 00:00:00+00:00,-0.0106536,1.38443,0.422947,0.100602,-0.0114174,0.379893,0.000121511,0.000115288,7.38086e-06,-0.000169586,-0.0102832,-0.000369043,-0.00991415,15.3125,0.0410204
2025-09-14 00:00:00+00:00,-0.00123215,1.38272,0.351326,0.106077,-0.00919577,0.290542,9.29693e-05,7.99736e-05,4.97951e-06,-0.000124322,-0.000921487,-0.00230382,0.00138233,13.9583,0.0390869
2025-09-15 00:00:00+00:00,6.33746e-06,1.38273,0.354148,0.0967829,-0.0103488,0.37745,0.000120785,9.50621e-05,7.47675e-06,-0.000191174,0.000428447,-0.00290303,0.00333148,13.9583,0.0401189
2025-09-16 00:00:00+00:00,0.00312052,1.38704,0.3403,0.088526,-0.0108221,0.276373,8.84413e-05,8.2225e-05,4.96667e-06,-0.000139068,0.00343376,0.00127095,0.00216281,12.8958,0.0414721
2025-09-17 00:00:00+00:00,-0.00221369,1.38397,0.358429,0.0884427,-0.00739139,0.369274,0.00011816,0.000111332,7.65696e-06,-0.000711249,-0.00126272,0.00228476,-0.00354749,13.3125,0.0410046
2025-09-18 00:00:00+00:00,-0.000629812,1.3831,0.0305444,0.00622305,-0.000749409,0.412416,0.000131943,0.000119917,9.26905e-06,-5.96759e-05,-0.00030873,1.8223e-05,-0.000326953,6.97917,0.0167087
2025-09-19 00:00:00+00:00,0.000234534,1.38343,0.0227768,0.00148616,-0.00364453,0.166823,5.33844e-05,3.59248e-05,2.88682e-06,-5.96429e-06,0.000332749,-0.00024125,0.000573999,5.52083,0.0164933
2025-09-20 00:00:00+00:00,-0.000249132,1.38308,0.0643086,0.0141607,-0.00381711,0.172954,5.53456e-05,3.36951e-05,3.41208e-06,-4.20818e-05,-0.000114073,0.000104466,-0.000218539,5.97917,0.0205599
2025-09-21 00:00:00+00:00,0.00139423,1.38501,0.0784516,0.0223346,-0.00438544,0.135029,4.32115e-05,4.56157e-05,2.78477e-06,-1.34163e-05,0.00149904,-0.000449189,0.00194823,5.89583,0.0240818
2025-09-22 00:00:00+00:00,0.00337911,1.38969,0.183441,0.0405375,-0.00624152,0.425368,0.000136141,0.00010421,1.62192e-05,-3.01597e-05,0.00366788,-0.00458989,0.00825777,11.6458,0.029682
2025-09-23 00:00:00+00:00,0.00432021,1.39569,0.225857,0.063478,-0.00772309,0.284432,9.10297e-05,4.23827e-05,7.90853e-06,-0.000136279,0.00459401,-0.00143925,0.00603325,13.0417,0.0313592
2025-09-24 00:00:00+00:00,0.00181497,1.39823,0.303792,0.0983127,-0.00384765,0.263456,8.43147e-05,1.9942e-05,5.21308e-06,-9.05723e-05,0.00201677,0.000616118,0.00140066,13.0417,0.0326434
2025-09-25 00:00:00+00:00,-0.0048497,1.39145,0.335947,0.10327,-0.000951257,0.347671,0.000111243,2.97415e-05,7.45433e-06,-4.49891e-05,-0.00465389,-0.0130941,0.00844024,13.4792,0.0332036
2025-09-26 00:00:00+00:00,0.000196446,1.39172,0.240969,0.0600694,-0.000394045,0.367304,0.000117537,3.07607e-05,6.85331e-06,-3.04499e-05,0.000386786,0.0044466,-0.00405982,15.125,0.0272869
2025-09-27 00:00:00+00:00,-0.0011813,1.39008,0.162569,0.0391284,-0.000119733,0.23154,7.40915e-05,2.52901e-05,3.9712e-06,-1.14617e-05,-0.0010647,7.54553e-05,-0.00114016,12.3125,0.0236001
2025-09-28 00:00:00+00:00,-0.00828033,1.37857,0.108997,0.0342205,-0.00148497,0.225259,7.20835e-05,3.41567e-05,7.60465e-06,2.40317e-05,-0.00821167,0.00180318,-0.0100149,9.22917,0.0209023
2025-09-29 00:00:00+00:00,0.00386909,1.3839,0.0906268,0.034218,-0.00222031,0.221394,7.08485e-05,3.21297e-05,5.83342e-06,8.62574e-06,0.00396323,0.000922489,0.00304074,8.54167,0.0184389
2025-09-30 00:00:00+00:00,-0.0015843,1.38171,0.191845,0.0837483,0.00110776,0.223029,7.13671e-05,6.78763e-05,5.93812e-06,-0.000157178,-0.00127918,-0.00147861,0.000199432,11.3125,0.02564
2025-10-01 00:00:00+00:00,0.00225008,1.38482,0.187547,0.0693587,0.000378984,0.37122,0.000118807,9.47918e-05,1.36898e-05,-0.000144399,0.00262355,0.00514786,-0.00252431,12.25,0.0250736
2025-10-02 00:00:00+00:00,0.00834296,1.39637,0.307247,0.0922291,0.000399885,0.353794,0.000113237,0.000100296,9.11861e-06,-0.000182313,0.0087184,0.00808999,0.000628402,15,0.0274754
2025-10-03 00:00:00+00:00,0.00523443,1.40368,0.506687,0.138132,0.00264856,0.586537,0.000187712,5.56633e-05,1.48288e-05,-0.000163158,0.00565728,0.00516885,0.000488434,18.1042,0.0355536
2025-10-04 00:00:00+00:00,0.0039505,1.40922,0.60746,0.171017,0.00224556,0.576143,0.000184386,5.14594e-05,1.91698e-05,-0.000109304,0.00432074,-0.00540612,0.00972687,19.3958,0.0417149
2025-10-05 00:00:00+00:00,-0.00167605,1.40686,0.539398,0.173168,0.000769968,0.497329,0.00015912,8.10898e-05,1.98887e-05,-2.36173e-05,-0.00137236,0.00313679,-0.00450915,16.2708,0.0442772
2025-10-06 00:00:00+00:00,-0.00443308,1.40063,0.555883,0.162904,0.000254524,0.695491,0.000222601,9.2031e-05,7.26759e-05,-3.29741e-05,-0.00399864,0.00844303,-0.0124417,15.8958,0.0449118
2025-10-07 00:00:00+00:00,0.00564167,1.40853,0.600817,0.181097,0.000926124,0.525388,0.000168119,8.47278e-05,1.15511e-05,8.22917e-06,0.00590535,-0.0135869,0.0194923,19.6667,0.045308
2025-10-08 00:00:00+00:00,0.00392751,1.41406,0.584091,0.173559,0.0042983,0.494829,0.000158356,7.73015e-05,1.04881e-05,1.39592e-05,0.00416155,0.00761566,-0.00345411,19.0625,0.0449007
2025-10-09 00:00:00+00:00,0.00229333,1.4173,0.626736,0.163867,0.00771552,0.566755,0.000181365,8.62733e-05,1.2174e-05,2.22947e-05,0.00255836,-0.0112403,0.0137986,18,0.0454662
2025-10-10 00:00:00+00:00,0.0228248,1.44965,0.602593,0.128049,0.00145846,1.44172,0.000462776,0.000260843,0.000254686,5.24045e-05,0.0248427,-0.0285544,0.0533971,20.625,0.0447512
2025-10-11 00:00:00+00:00,-0.004173,1.4436,0.425006,0.149658,0.00988116,0.50682,0.000162165,0.000300915,0.00010826,0.000163011,-0.00375114,-0.00565458,0.00190344,20.6458,0.0466899
2025-10-12 00:00:00+00:00,0.0215806,1.47476,0.521259,0.179762,0.0103874,0.700079,0.000224157,0.000218352,8.37041e-05,2.48874e-05,0.0218844,0.0279013,-0.00601694,18.375,0.049012
2025-10-13 00:00:00+00:00,0.00316297,1.47942,0.789356,0.265693,0.00567037,1.09797,0.000351469,0.000338273,0.000170903,-8.6694e-05,0.00412555,0.0138751,-0.00974955,24.0833,0.0549876
2025-10-14 00:00:00+00:00,0.000817213,1.48063,0.855528,0.259597,0.0101622,1.02865,0.000329191,0.000370346,7.93565e-05,4.26023e-06,0.00162872,-0.018798,0.0204267,25.7083,0.0551123
2025-10-15 00:00:00+00:00,0.00208505,1.48372,0.861903,0.25502,0.0117232,0.952067,0.000304676,0.000348574,5.70371e-05,-8.08513e-05,0.00290581,-0.0171846,0.0200904,25.5625,0.0513924
2025-10-16 00:00:00+00:00,-0.000238699,1.48336,0.762818,0.232765,0.00937194,0.636619,0.000203712,0.000161644,2.16689e-05,-8.33525e-05,0.00025575,-0.0126882,0.0129439,25.875,0.050573
2025-10-17 00:00:00+00:00,-0.00601042,1.47445,0.637949,0.190192,0.00520445,1.03965,0.000332692,0.00027702,5.3703e-05,-1.10517e-05,-0.00533516,-0.00964116,0.004306,26.3958,0.0480818
2025-10-18 00:00:00+00:00,-0.00505167,1.467,0.64338,0.185109,0.00232783,0.791733,0.000253337,0.000108928,2.76401e-05,-2.17173e-05,-0.0046346,0.0061153,-0.0107499,25.4375,0.0459857
2025-10-19 00:00:00+00:00,0.00659016,1.47667,0.618566,0.198162,0.00353684,0.649198,0.000207765,3.88145e-05,2.28636e-05,1.73366e-05,0.00683789,0.00718017,-0.000342272,22.3333,0.0452418
2025-10-20 00:00:00+00:00,0.00168844,1.47916,0.684303,0.192372,0.00837232,0.886272,0.000283574,9.6416e-05,4.57482e-05,-3.89227e-05,0.00216659,0.00371376,-0.00154716,20.6667,0.0477583
2025-10-21 00:00:00+00:00,-0.00158901,1.47681,0.641497,0.190323,0.0113216,0.881699,0.000282127,5.78441e-05,2.52145e-05,-3.71005e-05,-0.00116547,-0.0117544,0.010589,19.8542,0.047406
2025-10-22 00:00:00+00:00,0.00438256,1.48328,0.679977,0.163647,0.00274641,0.847441,0.000271221,3.62876e-05,2.43201e-05,-0.000385858,0.00511554,-0.00461438,0.00972992,20.3958,0.0454139
2025-10-23 00:00:00+00:00,-0.00197931,1.48035,0.869051,0.175779,0.00561648,1.02339,0.000327495,4.46963e-05,3.13255e-05,-0.000189042,-0.00135346,0.012847,-0.0142005,21.0833,0.0473445
2025-10-24 00:00:00+00:00,-0.00126751,1.47847,0.962256,0.201248,0.0094506,1.03809,0.000332182,8.86527e-05,2.63476e-05,-0.000110534,-0.000691962,0.0105755,-0.0112675,22,0.0472973
2025-10-25 00:00:00+00:00,-0.000891252,1.47715,0.730559,0.175978,0.0087956,0.556687,0.000178137,5.76724e-05,9.95213e-06,-8.86014e-05,-0.000545702,0.00401263,-0.00455833,22.0833,0.0458847
2025-10-26 00:00:00+00:00,-0.00207244,1.47409,0.575913,0.148632,0.00213467,0.712476,0.000227974,9.05843e-05,1.88075e-05,-7.50635e-05,-0.00164812,0.0128215,-0.0144696,21.8958,0.0452902
2025-10-27 00:00:00+00:00,0.00115685,1.4758,0.630655,0.169034,0.00149397,0.874946,0.000280026,0.000132198,4.18804e-05,-3.88046e-05,0.00167243,-0.00299234,0.00466476,21.375,0.0469442
2025-10-28 00:00:00+00:00,-0.0101411,1.46083,0.631209,0.159123,-0.0113924,0.779023,0.000249225,0.000134783,2.60795e-05,2.06289e-05,-0.00978066,-0.00960069,-0.000179964,19.1667,0.0511631
2025-10-29 00:00:00+00:00,-0.00489586,1.45368,0.614125,0.148572,-0.00632146,0.878795,0.00028114,0.000255664,3.86879e-05,-2.35065e-05,-0.00427675,-0.00567302,0.00139626,18.25,0.0485305
2025-10-30 00:00:00+00:00,0.0129098,1.47244,0.660818,0.181216,0.0100433,1.01963,0.000326381,0.000296047,4.15864e-05,-1.92281e-05,0.0135367,-0.0109149,0.0244516,20.7292,0.0464667
2025-10-31 00:00:00+00:00,-0.00922159,1.45887,0.582113,0.124755,-0.00687867,0.751948,0.00024049,0.000123247,3.07945e-05,-5.70177e-05,-0.00875254,0.0045345,-0.013287,17.1667,0.0504152
2025-11-01 00:00:00+00:00,0.000296346,1.4593,0.587856,0.155358,0.00183146,0.653902,0.000209238,9.02588e-05,2.42458e-05,-4.38252e-07,0.000644051,0.00199499,-0.00135094,18.1875,0.0472454
2025-11-02 00:00:00+00:00,0.00785816,1.47077,0.501864,0.15256,0.00811833,0.500489,0.000160188,6.59591e-05,1.51249e-05,-4.35669e-06,0.0080801,0.000561961,0.00751814,17.7292,0.0463973
2025-11-03 00:00:00+00:00,-0.00460138,1.464,0.77133,0.172395,-0.0185319,1.22589,0.000392305,0.000117713,7.11515e-05,-1.77131e-05,-0.00398268,-0.0326794,0.0286967,19.875,0.049595
2025-11-04 00:00:00+00:00,-0.0124738,1.44574,0.733108,0.161701,-0.00880432,0.837374,0.00026791,8.13255e-05,3.74167e-05,-4.28418e-05,-0.012021,-0.0298061,0.0177851,17.625,0.0484545
2025-11-05 00:00:00+00:00,0.000312119,1.44619,0.673289,0.156419,0.000218794,0.56791,0.000181703,3.96222e-05,1.91387e-05,1.3411e-05,0.000565052,0.0140807,-0.0135156,17.5208,0.0429618
2025-11-06 00:00:00+00:00,0.00171972,1.44867,0.694222,0.153294,-0.000903871,0.699381,0.000223786,4.80888e-05,2.87165e-05,-4.2975e-05,0.00209852,-0.010641,0.0127396,18.4583,0.0407852
2025-11-07 00:00:00+00:00,-0.0171575,1.42382,0.648291,0.154188,0.00277989,0.646482,0.000206748,5.42891e-05,2.88442e-05,-7.92544e-05,-0.0168805,0.0135928,-0.0304733,19.4792,0.0394186
2025-11-08 00:00:00+00:00,0.00631329,1.43281,0.581103,0.163083,0.00566568,0.468586,0.000149979,7.97618e-05,1.36722e-05,-6.38091e-06,0.0065725,-0.00311059,0.00968309,18.9375,0.0374146
2025-11-09 00:00:00+00:00,0.00506527,1.44007,0.613295,0.176653,0.0091106,0.568952,0.000182088,9.0202e-05,1.90426e-05,-2.20765e-05,0.0053917,0.0125396,-0.00714787,19.2917,0.0412301
2025-11-10 00:00:00+00:00,0.00453848,1.4466,0.647509,0.171811,0.00239895,0.933558,0.000298816,0.000136412,5.33398e-05,5.02441e-05,0.00500439,0.0023622,0.00264219,21.4375,0.0425813
2025-11-11 00:00:00+00:00,0.00733257,1.45721,0.548405,0.132569,0.00601323,0.768647,0.000246026,0.000139692,2.54679e-05,2.79537e-05,0.00770999,-0.0131103,0.0208203,21.3958,0.0461614
2025-11-12 00:00:00+00:00,-0.000646241,1.45627,0.451313,0.110025,-0.0015016,0.456308,0.000146004,0.000121179,1.14103e-05,1.03588e-05,-0.00036836,-0.00257346,0.0022051,17.7708,0.0478677
2025-11-13 00:00:00+00:00,0.00173493,1.45879,0.491825,0.097435,-0.00391704,0.529198,0.000169389,9.22943e-05,1.53816e-05,1.84575e-05,0.00200232,-0.0101173,0.0121196,18.9375,0.0489665
2025-11-14 00:00:00+00:00,-0.0100091,1.44419,0.559623,0.107477,-0.00572063,0.884042,0.000282748,0.000145252,3.48783e-05,1.99712e-05,-0.00958195,-0.0106444,0.00106242,20.6458,0.0465027
2025-11-15 00:00:00+00:00,-0.00191786,1.44142,0.555829,0.122936,-0.00133889,0.709307,0.000226899,8.13649e-05,2.31066e-05,-0.000564701,-0.000989385,0.00484301,-0.0058324,20.9583,0.0404696
2025-11-16 00:00:00+00:00,0.00244052,1.44494,0.534831,0.125377,-0.00101022,0.756209,0.000241995,7.37148e-05,2.45392e-05,-0.000743541,0.00354843,-0.0054212,0.00896963,21.3958,0.0397148
2025-11-17 00:00:00+00:00,-0.00589553,1.43642,0.794043,0.120086,-0.0328637,1.73512,0.000555492,0.000166737,0.000110741,-0.000610327,-0.00442377,-0.0141806,0.00975681,23.3125,0.0576348
2025-11-18 00:00:00+00:00,0.00573441,1.44466,0.805537,0.0963093,-0.013333,1.13145,0.0003621,0.000152399,3.40974e-05,-5.90708e-05,0.00636334,0.0145634,-0.00820006,24.6667,0.0544734
2025-11-19 00:00:00+00:00,-0.00128028,1.44281,0.592978,0.0768985,-0.0117164,0.813691,0.000260408,0.000129726,2.2971e-05,-9.82367e-07,-0.000842871,-0.00684965,0.00600678,20.9792,0.0550212
2025-11-20 00:00:00+00:00,0.00621386,1.45177,0.786096,0.121367,-0.00901143,0.97884,0.000313263,0.000140348,2.84149e-05,-9.53502e-05,0.00678785,-0.0236095,0.0303974,22.0625,0.0530324
2025-11-21 00:00:00+00:00,0.012191,1.46947,0.61477,0.0855138,-0.00217333,0.936366,0.000299765,0.000100673,3.37763e-05,-3.32048e-05,0.0126237,-0.0097734,0.0223971,24.7708,0.0520118
2025-11-22 00:00:00+00:00,-0.00697581,1.45922,0.649195,0.0861487,-0.000186101,1.1288,0.000360863,0.000118098,6.77381e-05,-8.5274e-05,-0.00627947,0.00237975,-0.00865922,24.6458,0.0576015
2025-11-23 00:00:00+00:00,0.00511626,1.46669,0.799147,0.124937,-0.00639934,1.23599,0.00039557,0.000156966,6.65466e-05,-8.3293e-06,0.00574665,0.00773666,-0.00199001,24.5625,0.0596097
2025-11-24 00:00:00+00:00,0.00444845,1.47321,1.02135,0.139966,-0.00998235,1.95636,0.000626051,0.000208848,0.000158942,-0.000417104,0.00588196,0.0215463,-0.0156643,23.6042,0.0619507
2025-11-25 00:00:00+00:00,-0.0094405,1.4593,1.09837,0.183596,-0.00792132,1.39631,0.000446759,0.000134727,5.26866e-05,2.57512e-05,-0.00883473,-0.00274055,-0.00609418,27.9375,0.0627957
2025-11-26 00:00:00+00:00,0.00427939,1.46555,0.963341,0.173589,-0.00394288,0.834235,0.000266998,6.70084e-05,2.45966e-05,-0.000444074,0.00509967,0.0134231,-0.00832346,24.25,0.0585926
2025-11-27 00:00:00+00:00,0.000777941,1.46669,0.838543,0.143123,-0.0021594,0.704134,0.00022535,9.09595e-05,1.87172e-05,-0.000169979,0.00130662,-0.0046653,0.00597193,22.8333,0.0610909
2025-11-28 00:00:00+00:00,0.00754115,1.47775,0.793323,0.124414,-0.00537228,0.892255,0.000285545,0.000145862,2.41585e-05,0.000178735,0.0078019,-0.00703445,0.0148363,22.6458,0.0637301
2025-11-29 00:00:00+00:00,0.000940209,1.47914,0.710631,0.109975,-0.00869012,0.830157,0.000265665,0.000152485,2.23059e-05,0.000121557,0.00126799,-0.0044894,0.00575739,21.9167,0.0674217
2025-11-30 00:00:00+00:00,0.00407955,1.48517,0.573993,0.0842293,-0.00961706,0.732982,0.000234585,0.000142839,1.51185e-05,0.000101802,0.00436729,-0.00583308,0.0102004,21.6667,0.0690407
2025-12-01 00:00:00+00:00,-0.0046893,1.47821,0.654294,0.0683269,-0.0161397,1.42826,0.000457122,0.000212636,7.8136e-05,-0.000948112,-0.00296037,-0.0257989,0.0228386,24.9583,0.0721767
2025-12-02 00:00:00+00:00,0.00450336,1.48487,0.52311,0.0706745,-0.00955764,0.700934,0.000224337,6.33232e-05,2.25165e-05,-0.000978024,0.00579908,0.0172656,-0.0114665,24.8542,0.0700144
2025-12-03 00:00:00+00:00,0.00645239,1.49445,0.598284,0.105501,-0.00592495,0.637939,0.000204153,4.21019e-05,1.89819e-05,-0.000393345,0.00710517,0.0139744,-0.00686922,24.0833,0.0729279
2025-12-04 00:00:00+00:00,-0.00969293,1.47996,0.72086,0.14276,-0.00745802,0.547021,0.000175029,3.98177e-05,1.81769e-05,-0.000315036,-0.00916755,-0.0116193,0.00245176,23.0417,0.0741733
2025-12-05 00:00:00+00:00,0.00457731,1.48674,0.641407,0.126083,-0.00610888,0.537791,0.000172113,4.1819e-05,1.23337e-05,-0.000132698,0.00493408,-0.0137384,0.0186725,22.5833,0.0708514
2025-12-06 00:00:00+00:00,-0.000954795,1.48532,0.429124,0.0764587,-0.00832327,0.506575,0.000162101,3.80407e-05,9.8931e-06,-0.000771482,2.98625e-05,0.000657616,-0.000627753,22.5833,0.0701027
2025-12-07 00:00:00+00:00,0.00824341,1.49756,0.624482,0.0994144,-0.0109429,0.897221,0.000287166,8.18867e-05,2.57964e-05,-0.000627623,0.00924814,0.0016938,0.00755434,23.8542,0.069909
2025-12-08 00:00:00+00:00,-0.00279085,1.49338,0.396716,0.0608222,-0.0120987,0.920706,0.000294479,8.67346e-05,6.83754e-05,-0.000249116,-0.00208637,0.00183137,-0.00391774,23.4375,0.0740381
2025-12-09 00:00:00+00:00,-0.00156943,1.49104,0.446184,0.0656869,-0.00551429,0.374945,0.000119999,3.43728e-05,8.77456e-06,-0.000172228,-0.00122566,0.0067554,-0.00798106,20.7083,0.0736702
2025-12-10 00:00:00+00:00,0.00784152,1.50273,0.398116,0.0468382,-0.00567425,0.332314,0.000106361,2.25115e-05,6.72882e-06,-0.000119269,0.00807163,-0.00261155,0.0106832,20.2917,0.073532
2025-12-11 00:00:00+00:00,0.00425388,1.50912,0.450113,0.0503384,-0.00624202,0.497647,0.000159306,5.03503e-05,1.45339e-05,6.92325e-05,0.0044139,-0.000694777,0.00510868,24.625,0.0775638
2025-12-12 00:00:00+00:00,0.00179371,1.51183,0.568597,0.0610594,-0.0127296,0.531071,0.00016995,6.51007e-05,1.79663e-05,-1.77944e-05,0.00207397,-0.00478269,0.00685665,23.3958,0.0815419
2025-12-13 00:00:00+00:00,-0.00507306,1.50416,0.46113,0.0411119,-0.0147388,0.671767,0.000214843,4.51894e-05,1.86082e-05,-0.000678774,-0.00410726,0.00214089,-0.00624815,22.6458,0.0808296
2025-12-14 00:00:00+00:00,0.00327383,1.50908,0.45428,0.0481417,-0.0160018,0.421034,0.000134745,2.72062e-05,8.11578e-06,-0.000467594,0.00391102,-0.00642528,0.0103363,19.2917,0.0771055
2025-12-15 00:00:00+00:00,0.00469864,1.51617,0.742067,0.0505403,-0.0244822,1.13149,0.000362162,0.000147485,6.72276e-05,-3.22526e-05,0.00531416,-0.0124115,0.0177257,21.3542,0.0788719
2025-12-16 00:00:00+00:00,0.00500032,1.52376,0.509894,0.00673905,-0.014374,0.590042,0.000188841,4.50512e-05,1.60462e-05,-0.00054128,0.00579119,0.00311276,0.00267843,21.7083,0.0792655
2025-12-17 00:00:00+00:00,0.0103114,1.53947,0.592177,0.0171736,-0.0138016,0.602302,0.000192788,5.36804e-05,1.88681e-05,-0.00017115,0.0107094,-0.00976507,0.0204745,24.8125,0.0836324
2025-12-18 00:00:00+00:00,0.00797347,1.55174,0.535952,0.000802601,-0.00836008,0.71584,0.000229109,8.27389e-05,3.2412e-05,-0.000114829,0.00841507,-0.00496613,0.0133812,26.3958,0.0875656
2025-12-19 00:00:00+00:00,-0.00372024,1.54597,0.480435,0.000730755,-0.00567209,0.51554,0.000164958,6.06261e-05,2.19106e-05,-0.00016945,-0.003299,0.0130055,-0.0163045,24.3958,0.0927794
2025-12-20 00:00:00+00:00,-0.00117304,1.54416,0.494836,0.0228661,-0.0090586,0.419621,0.000134276,4.47377e-05,1.42266e-05,-0.0001659,-0.000805699,0.000375594,-0.00118129,22.0417,0.0889274
2025-12-21 00:00:00+00:00,-0.000196505,1.54385,0.505597,0.0359339,-0.0139065,0.50468,0.000161502,4.67678e-05,1.47611e-05,-0.00042325,0.000467215,0.000418229,4.89858e-05,21.8958,0.0847628
2025-12-22 00:00:00+00:00,0.00400213,1.55003,0.501379,0.0357523,-0.0166504,0.600618,0.000192267,7.4812e-05,3.22664e-05,-0.000329956,0.00464325,0.000559425,0.00408382,22.7917,0.0868901
2025-12-23 00:00:00+00:00,-0.00118654,1.54819,0.396142,0.0188463,-0.0154392,0.297456,9.51852e-05,4.86852e-05,7.74605e-06,-0.000205648,-0.00082516,-0.00336557,0.00254041,21.1875,0.0903034
2025-12-24 00:00:00+00:00,-0.00238822,1.54449,0.361716,0.0162324,-0.0148421,0.309341,9.89864e-05,4.6638e-05,8.09488e-06,-0.000289765,-0.00194255,-0.000651069,-0.00129148,20.7708,0.0877852
2025-12-25 00:00:00+00:00,-0.0087655,1.53096,0.437451,0.0325426,-0.0188219,0.395407,0.000126443,6.82217e-05,1.37883e-05,-0.000398818,-0.00818217,-0.00466649,-0.00351568,18.9792,0.0813407
2025-12-26 00:00:00+00:00,-0.00409236,1.52469,0.533045,0.0489673,-0.0173205,0.406444,0.000130039,5.4592e-05,1.41124e-05,-0.000402149,-0.00348129,0.00188982,-0.00537111,21.375,0.0764994
2025-12-27 00:00:00+00:00,0.000715387,1.52578,0.597303,0.0665367,-0.0217579,0.493252,0.00015785,6.98958e-05,1.35936e-05,-0.000181508,0.00114962,0.00455873,-0.0034091,22.5417,0.0713355
2025-12-28 00:00:00+00:00,0.0111521,1.5428,0.889333,0.0992302,-0.0295804,0.985383,0.000315437,0.000123511,3.34089e-05,-0.000453722,0.0120312,0.00199563,0.0100355,22.8333,0.0707008
2025-12-29 00:00:00+00:00,-0.00182327,1.53998,0.558151,0.0690815,-0.0226121,1.43984,0.000460685,0.000238058,0.00014202,2.63488e-07,-0.000961534,-9.48629e-05,-0.000866671,24,0.0773892
2025-12-30 00:00:00+00:00,-0.00103757,1.53839,0.682308,0.0796798,-0.0278978,0.87898,0.000281223,0.000125964,6.70179e-05,-0.000227781,-0.00030006,0.00433493,-0.00463499,25.9375,0.0826477
2025-12-31 00:00:00+00:00,-0.00565107,1.52969,0.610968,0.0883818,-0.0213304,0.772924,0.000247334,8.52835e-05,3.64138e-05,-0.000334078,-0.00489793,-0.00279546,-0.00210247,26.3125,0.0812624
2026-01-01 00:00:00+00:00,0.000873141,1.53103,0.577354,0.0908982,-0.0178464,0.518409,0.000165912,3.9008e-05,1.63696e-05,-7.85777e-05,0.00118345,0.00605956,-0.00487611,25.9792,0.0751645
2026-01-02 00:00:00+00:00,-0.00830925,1.51831,0.561077,0.106288,-0.0158569,0.488451,0.000156284,4.8306e-05,1.42854e-05,4.4027e-06,-0.00811316,0.00984335,-0.0179565,25.2708,0.0760546
2026-01-03 00:00:00+00:00,-0.00145919,1.51609,0.461027,0.0704359,-0.0150214,0.291372,9.32409e-05,4.93135e-05,9.53567e-06,-8.07121e-05,-0.00121973,0.00277417,-0.0039939,22.9583,0.0761237
2026-01-04 00:00:00+00:00,-0.00255662,1.51222,0.41216,0.0575336,-0.0142008,0.225308,7.20963e-05,2.99038e-05,6.87646e-06,-0.000267053,-0.00217533,0.00456398,-0.0067393,21.1042,0.0747371
2026-01-05 00:00:00+00:00,0.00953355,1.52663,0.394595,0.0545474,-0.0143932,0.364249,0.000116607,4.06055e-05,2.21786e-05,-0.0002254,0.00990531,0.00900998,0.000895332,20.7708,0.0748315
2026-01-06 00:00:00+00:00,0.00142166,1.5288,0.386745,0.0482855,-0.0122929,0.264229,8.45657e-05,4.78554e-05,7.95037e-06,-0.00060148,0.00217392,0.00094096,0.00123296,22.1667,0.0793776
2026-01-07 00:00:00+00:00,-0.00546992,1.52044,0.372079,0.0489264,-0.0140321,0.353556,0.000113129,7.0196e-05,2.91246e-05,-0.000547289,-0.00470219,-0.00666677,0.00196458,22.6042,0.0761597
2026-01-08 00:00:00+00:00,-6.97956e-05,1.52033,0.360007,0.0490426,-0.0109771,0.278393,8.90898e-05,5.74218e-05,8.48069e-06,-0.000160631,0.000257277,-0.00290167,0.00315894,19.3125,0.0729895
2026-01-09 00:00:00+00:00,-0.00420252,1.51394,0.356701,0.0406842,-0.0122397,0.343757,0.000109997,9.04099e-05,1.1208e-05,-0.000155078,-0.00383549,-0.00066885,-0.00316664,18.8125,0.0718033
2026-01-10 00:00:00+00:00,0.00261769,1.51791,0.293622,0.0210023,-0.00839794,0.305501,9.77671e-05,9.2311e-05,9.52996e-06,-7.53307e-05,0.00289324,-0.000154147,0.00304739,15.2083,0.069326
2026-01-11 00:00:00+00:00,0.000528088,1.51871,0.353583,0.0280483,-0.0134271,0.2288,7.32168e-05,7.37951e-05,7.0826e-06,-4.72475e-05,0.000733217,0.0020468,-0.00131358,15.2083,0.0693725
2026-01-12 00:00:00+00:00,0.00678666,1.52902,0.451328,0.0573092,-0.024251,0.913633,0.000292444,0.000219025,9.1197e-05,-3.52573e-05,0.00741154,-0.000798606,0.00821015,16.6667,0.0709864
2026-01-13 00:00:00+00:00,0.0014983,1.53131,0.494982,0.052105,-0.0179583,0.734164,0.000234956,0.000159481,2.77053e-05,-0.000110941,0.00207171,0.0150971,-0.0130254,18.4167,0.0722688
2026-01-14 00:00:00+00:00,0.00329695,1.53636,0.54236,0.0693252,-0.00791346,0.545815,0.000174673,0.000125919,1.83131e-05,-0.0010537,0.00470211,0.00184312,0.00285899,18.4583,0.0740041
2026-01-15 00:00:00+00:00,0.000739551,1.53749,0.622587,0.0878271,-0.0106533,0.806824,0.000257998,0.000152098,4.25423e-05,-0.000899967,0.0021539,-0.00686964,0.00902354,21.0833,0.0780314
2026-01-16 00:00:00+00:00,-0.0048757,1.53,0.724976,0.115438,-0.0126705,0.998296,0.00031939,0.000105807,2.4635e-05,-0.00207718,-0.00233897,-3.92426e-05,-0.00229973,25.9167,0.0761005
2026-01-17 00:00:00+00:00,0.00323751,1.53495,0.736591,0.103114,-0.0137182,0.650968,0.000208327,4.1325e-05,1.46872e-05,-0.000247312,0.00374974,0.0001173,0.00363244,24.8125,0.0733768
2026-01-18 00:00:00+00:00,0.000804545,1.53618,0.574138,0.0704817,-0.0156725,0.383942,0.000122872,2.70822e-05,7.63011e-06,-0.000259491,0.00123062,-0.00697144,0.00820206,20.8542,0.0753117
2026-01-19 00:00:00+00:00,0.0122537,1.55501,0.411505,0.0484772,-0.0155026,0.809258,0.000259866,7.90389e-05,0.000153914,-0.00031947,0.0130424,-0.00472159,0.017764,21.2292,0.0774672
2026-01-20 00:00:00+00:00,0.00486502,1.56257,0.44964,0.0538158,-0.0151988,0.584263,0.000186984,2.58955e-05,1.78291e-05,-0.00010002,0.00519878,-0.0142733,0.0194721,20.4792,0.0801513
2026-01-21 00:00:00+00:00,-0.00783029,1.55034,0.460121,0.043822,-0.00946168,0.636512,0.000203653,3.67204e-05,2.39212e-05,-0.000209076,-0.00736474,0.00512504,-0.0124898,22.5,0.0755035
2026-01-22 00:00:00+00:00,-0.00142344,1.54813,0.327287,0.0435188,-0.00654665,0.278837,8.92252e-05,2.39509e-05,9.47461e-06,-0.000718487,-0.000578193,-0.000466552,-0.000111641,18.4167,0.0693059
2026-01-23 00:00:00+00:00,-0.00144874,1.54589,0.367009,0.0585542,-0.00892367,0.415109,0.000132843,3.35627e-05,1.64446e-05,-0.000976685,-0.000271168,1.0194e-05,-0.000281362,20.4583,0.0641029
2026-01-24 00:00:00+00:00,-0.00633757,1.53609,0.532424,0.092935,-0.0109857,0.428237,0.000137017,4.7675e-05,1.5442e-05,-0.000513007,-0.00563397,0.000121747,-0.00575571,19.8542,0.0594935
2026-01-25 00:00:00+00:00,0.0102145,1.55178,0.565188,0.11364,-0.00649387,0.770876,0.000246708,0.00010957,2.25413e-05,5.62896e-05,0.0104984,-0.0153277,0.025826,18.8958,0.0551009
2026-01-26 00:00:00+00:00,0.00187079,1.55468,0.590524,0.10095,-0.00807511,0.982681,0.000314573,0.000188622,9.66304e-05,-0.000817183,0.00330591,0.014553,-0.0112471,19.7292,0.0596116
2026-01-27 00:00:00+00:00,-0.0111121,1.53741,0.54163,0.109222,-0.0132188,0.837041,0.000267781,0.000154115,2.74335e-05,-0.000697391,-0.0100071,0.00911207,-0.0191192,18.8125,0.0579907
2026-01-28 00:00:00+00:00,0.00939052,1.55185,0.795816,0.183705,-0.0136099,0.755739,0.000241789,0.000151741,3.29282e-05,-0.000280162,0.0101225,-0.00277033,0.0128928,21.5208,0.0543949
2026-01-29 00:00:00+00:00,0.00298668,1.55648,0.757985,0.154305,-0.00975919,1.2603,0.000403343,0.000250928,5.47947e-05,-0.000209154,0.00397798,-0.0249954,0.0289734,21.8125,0.0581821
2026-01-30 00:00:00+00:00,0.0120949,1.57531,0.805494,0.17242,0.00381964,1.46448,0.000468828,0.000249597,7.0293e-05,-1.08952e-05,0.0128822,-0.00801885,0.0209011,22.3542,0.0569084
2026-01-31 00:00:00+00:00,0.00331349,1.58053,0.470896,0.0901207,-0.000835142,0.646715,0.000206988,0.000116893,2.34716e-05,-5.73514e-08,0.00367809,-0.0197976,0.0234757,19.8958,0.0597515
2026-02-01 00:00:00+00:00,-0.00283028,1.57605,0.454269,0.0746187,0.001577,0.513131,0.000164193,0.000118088,2.43739e-05,-0.000147635,-0.00234578,-0.0100767,0.00773096,20.6875,0.0604516
2026-02-02 00:00:00+00:00,0.00521472,1.58427,0.662345,0.0747841,0.00518356,0.800921,0.000256472,0.000150181,0.00015027,-0.000110758,0.00592184,0.00921234,-0.0032905,22.5833,0.0577417
2026-02-03 00:00:00+00:00,-0.0128184,1.56396,0.740135,0.0850588,0.000462509,0.426385,0.0001364,9.90712e-05,3.22888e-05,-0.000389475,-0.0121917,-0.0171099,0.00491814,23,0.056941
2026-02-04 00:00:00+00:00,-0.0216149,1.53016,0.727891,0.0694836,0.00203204,0.396324,0.00012674,6.17853e-05,2.52143e-05,-0.000568972,-0.0210138,-0.019349,-0.00166481,23.9792,0.051266
2026-02-05 00:00:00+00:00,-0.00591501,1.52111,0.664664,0.0425461,0.00397717,0.241643,7.73066e-05,6.22129e-05,1.38704e-05,-0.000751728,-0.00497178,-0.052259,0.0472872,24,0.0428258
2026-02-06 00:00:00+00:00,0.0100755,1.53643,0.705199,0.0182401,0.00154584,0.344671,0.000110278,4.92968e-05,2.32678e-05,-0.000251463,0.0105285,0.0451325,-0.034604,24,0.0374415
2026-02-07 00:00:00+00:00,-0.00278318,1.53216,0.793278,0.037115,0.000972127,0.243044,7.77729e-05,2.88828e-05,1.45337e-05,-0.000302613,-0.00231646,-0.00270886,0.000392401,24.8333,0.0410831
2026-02-08 00:00:00+00:00,-0.0278196,1.48953,0.837161,0.042179,-0.00295825,0.203568,6.49663e-05,1.63273e-05,1.98996e-05,-0.00168212,-0.0263436,0.000940896,-0.0272845,25,0.0409229
2026-02-09 00:00:00+00:00,0.00970999,1.504,0.793909,0.034134,-0.00478616,0.11583,3.72107e-05,2.68802e-05,3.32209e-05,-0.00204242,0.0118568,-9.84464e-05,0.0119552,24,0.0361235
2026-02-10 00:00:00+00:00,-0.0203718,1.47336,0.640111,0.025389,-0.00758369,0.637806,0.000204005,0.000115453,2.5314e-05,-0.00217231,-0.0180281,-0.0116763,-0.00635177,24.9583,0.0332789
2026-02-11 00:00:00+00:00,-0.0143662,1.45219,0.210577,0.0151689,0.00141064,0.678512,0.000217051,0.000118187,3.83521e-05,-0.00102883,-0.0130482,-0.00492535,-0.00812284,24.0417,0.0229895
2026-02-12 00:00:00+00:00,-0.000815089,1.45101,0.0703188,0.0155373,0.00508637,0.383952,0.000122863,5.74119e-05,2.25516e-05,-0.000158019,-0.00045383,0.000272827,-0.000726657,12.875,0.0143139
2026-02-13 00:00:00+00:00,0.000253094,1.45137,0.0929754,0.0129636,0.00294744,0.426061,0.000136342,6.91338e-05,2.23761e-05,-0.000222287,0.000704205,0.00219867,-0.00149447,12.7917,0.0154052
2026-02-14 00:00:00+00:00,-0.00141327,1.44932,0.168662,0.0184418,0.00161294,0.566248,0.000181194,6.74422e-05,2.78274e-05,-0.000484027,-0.0006513,0.00141956,-0.00207086,12.4792,0.0188882
2026-02-15 00:00:00+00:00,0.00180801,1.45194,0.225889,0.0290988,0.00144713,0.543083,0.000173797,8.8099e-05,2.23027e-05,-0.000730359,0.00282356,-0.0026594,0.00548296,14,0.0214609
2026-02-16 00:00:00+00:00,-0.00259331,1.44818,0.20249,0.0161128,-0.00248763,0.403757,0.000129189,3.85506e-05,2.44198e-05,-0.00039871,-0.00199874,0.000164756,-0.0021635,11.625,0.0217391
2026-02-17 00:00:00+00:00,-0.00204307,1.44522,0.120265,-0.000141249,-0.00433715,0.287262,9.19214e-05,4.18677e-05,1.75374e-05,-0.000418303,-0.00147351,-0.00116208,-0.000311434,8.72917,0.0173475
2026-02-18 00:00:00+00:00,-0.00269645,1.44132,0.143603,-0.00083721,-0.000896393,0.246906,7.90002e-05,7.23987e-05,1.54195e-05,-0.000475073,-0.00205435,-0.00147376,-0.000580593,7.85417,0.0200682
2026-02-19 00:00:00+00:00,-0.00575882,1.43302,0.184268,-0.00412479,-0.00515556,0.358712,0.000114772,9.53618e-05,2.17699e-05,-0.000891113,-0.00464287,0.000835122,-0.005478,11.0833,0.0231069
2026-02-20 00:00:00+00:00,-0.00348886,1.42802,0.127234,-0.00444846,-0.00559258,0.337599,0.000108016,6.67202e-05,1.79718e-05,-0.000980327,-0.00231355,0.00139222,-0.00370577,10.9792,0.0215126
2026-02-21 00:00:00+00:00,-1.61245e-05,1.428,0.0930134,-0.00153969,-0.00487968,0.297498,9.51998e-05,5.49006e-05,1.48391e-05,-0.000518145,0.000668397,0.000147854,0.000520543,9.72917,0.0192176
2026-02-22 00:00:00+00:00,-0.00120841,1.42627,0.13909,0.00376669,-0.00797359,0.323223,0.00010343,6.98934e-05,1.48517e-05,-0.000494149,-0.000525035,-0.000421807,-0.000103228,9.5625,0.0224366
2026-02-23 00:00:00+00:00,-0.00858356,1.41403,0.081622,0.00358549,-0.00173219,0.420622,0.000134574,8.15614e-05,3.54426e-05,-0.00014057,-0.0082246,-0.00215535,-0.00606925,9.375,0.0177375
2026-02-24 00:00:00+00:00,0.00156205,1.41624,0.0174923,0.00205394,-0.00378516,0.151241,4.83988e-05,1.7575e-05,2.02582e-05,-0.000155895,0.00180423,-0.000349572,0.0021538,4.875,0.00932034
2026-02-25 00:00:00+00:00,0.000838609,1.41743,0.0225051,0.00992457,0.000468362,0.161883,5.18038e-05,9.87008e-06,2.66291e-05,-7.92289e-05,0.00100625,0.000363661,0.000642591,4.39583,0.00924538
2026-02-26 00:00:00+00:00,0.000213389,1.41773,0.0874624,0.0287532,-0.00108806,0.339694,0.000108702,2.19665e-05,3.88116e-05,-0.000263028,0.000649585,-0.000723449,0.00137303,9.75,0.0160414
2026-02-27 00:00:00+00:00,-3.69776e-05,1.41768,0.071384,0.0224503,-0.00438707,0.478107,0.000152992,2.69428e-05,4.98901e-05,-0.000104942,0.000298639,-0.00122789,0.00152653,12.625,0.0154137
2026-02-28 00:00:00+00:00,-0.00152548,1.41552,0.0492092,0.0150259,0.000685484,0.232425,7.43721e-05,9.29651e-06,2.48542e-05,4.23493e-05,-0.0014588,-0.000150885,-0.00130792,8.5,0.0130393
2026-03-01 00:00:00+00:00,-0.000651344,1.41459,0.0347575,0.00844705,0.00105163,0.185313,5.92995e-05,8.63595e-06,1.39018e-05,1.35238e-05,-0.000582751,-0.000380347,-0.000202404,6.79167,0.0115762
2026-03-02 00:00:00+00:00,-0.00157381,1.41237,0.0278911,0.00360445,-4.97532e-05,0.259851,8.315e-05,1.08215e-05,3.01423e-05,-1.77492e-05,-0.00143252,0.000567643,-0.00200016,7.22917,0.0102716
2026-03-03 00:00:00+00:00,0.000288598,1.41277,0.0143626,0.00275259,0.000614738,0.206598,6.61121e-05,1.01255e-05,1.33405e-05,-2.41087e-05,0.000402325,-4.5405e-05,0.00044773,6.25,0.00784373
2026-03-04 00:00:00+00:00,0.00374366,1.41806,0.121386,0.0257368,0.00980593,0.418261,0.000133856,2.09784e-05,2.25148e-05,-2.83503e-05,0.00394424,0.0039874,-4.31577e-05,12.25,0.0146684
2026-03-05 00:00:00+00:00,-0.00163426,1.41575,0.278272,0.0425287,0.00681388,0.37702,0.000120642,2.4111e-05,2.05919e-05,-2.66839e-05,-0.00143907,-0.0041677,0.00272863,15.2083,0.0228259
2026-03-06 00:00:00+00:00,-0.000233394,1.41542,0.187926,0.0295916,0.00570109,0.375286,0.00012009,3.07931e-05,1.90375e-05,-1.09188e-05,-5.09444e-05,-0.00438036,0.00432942,13.6042,0.0203993
2026-03-07 00:00:00+00:00,0.000911455,1.41671,0.120042,0.0170338,0.00700411,0.295127,9.44437e-05,2.32837e-05,1.5821e-05,7.5616e-06,0.001038,-0.000677857,0.00171586,11.0208,0.0193516
2026-03-08 00:00:00+00:00,-0.000796225,1.41558,0.161243,0.0108523,-0.000158333,0.249254,7.97569e-05,1.00647e-05,9.12975e-06,1.05443e-05,-0.000706388,-0.00151329,0.000806902,10.8958,0.0221489
2026-03-09 00:00:00+00:00,0.000143119,1.41578,0.169202,0.00977196,-0.000810011,0.349521,0.000111846,2.53477e-05,1.51076e-05,0.000251717,4.65387e-05,0.00309919,-0.00305265,12.1042,0.0222842
2026-03-10 00:00:00+00:00,-0.00102307,1.41433,0.164897,-0.00154239,-0.000799366,0.356478,0.000114075,8.02559e-05,1.3411e-05,1.87647e-05,-0.000829528,0.00179087,-0.0026204,12.4792,0.0239092
2026-03-11 00:00:00+00:00,-0.00158044,1.4121,0.148695,0.0032356,0.00314128,0.406128,0.000129957,0.000122216,1.54694e-05,-5.27704e-05,-0.00125906,0.000336489,-0.00159555,13.1875,0.0222393
2026-03-12 00:00:00+00:00,-0.00229304,1.40886,0.107144,0.00173224,-0.000455434,0.386203,0.00012358,0.000116411,1.51352e-05,-5.53616e-05,-0.00198355,-2.34011e-05,-0.00196015,11.1458,0.0190296
2026-03-13 00:00:00+00:00,-0.00075548,1.40779,0.040157,-0.00105453,-0.00074668,0.215781,6.90491e-05,3.29768e-05,1.07065e-05,-6.72389e-05,-0.000575097,0.000336576,-0.000911673,7.64583,0.0120284
2026-03-14 00:00:00+00:00,0.000180763,1.40805,0.00220646,-0.00126525,-0.00150039,0.0476129,1.52363e-05,2.43011e-06,2.36576e-06,-4.10925e-06,0.000204898,-3.56618e-06,0.000208464,2.29167,0.00598636
2026-03-15 00:00:00+00:00,1.41469e-05,1.40807,0.000144804,-0.000144804,-0.000179892,0.00445432,1.42538e-06,1.78173e-07,2.00525e-07,-2.31809e-07,1.61831e-05,0,1.61831e-05,0.145833,0.00472885
2026-03-16 00:00:00+00:00,0.00186659,1.4107,0.0209243,0.00509978,0.00430112,0.171345,5.48348e-05,1.69811e-05,7.13818e-06,-0.000152947,0.00209722,0.000671474,0.00142574,4.20833,0.00990889
2026-03-17 00:00:00+00:00,0.000167001,1.41093,0.00336814,0.000930577,0.000614524,0.0726867,2.32606e-05,6.00096e-06,1.45521e-06,-1.41808e-06,0.000199134,0.000101217,9.79165e-05,2.72917,0.00421721
2026-03-18 00:00:00+00:00,-8.37219e-05,1.41081,0.000609422,-0.000609422,-0.000643206,0.0164752,5.27204e-06,1.27484e-06,1.40661e-06,3.22983e-07,-7.609e-05,0,-7.609e-05,0.583333,0.00681416
2026-03-19 00:00:00+00:00,8.58216e-05,1.41094,0.000800158,-0.000800158,-0.00100818,0.0197194,6.31024e-06,7.95896e-07,1.80855e-06,4.91597e-07,9.42461e-05,0,9.42461e-05,0.895833,0.0052069
2026-03-20 00:00:00+00:00,9.50147e-07,1.41094,0.000290452,-0.000290452,-0.000386105,0.00811611,2.59716e-06,3.24644e-07,7.26675e-07,6.85934e-08,4.53042e-06,0,4.53042e-06,0.4375,0.00426155
2026-03-21 00:00:00+00:00,0,1.41094,0,0,0,0,0,0,0,0,0,0,0,0,0.00151929
2026-03-22 00:00:00+00:00,0,1.41094,0,0,0,0,0,0,0,0,0,0,0,0,0
2026-03-23 00:00:00+00:00,0,1.41094,0,0,0,0,0,0,0,0,0,0,0,0,0
2026-03-24 00:00:00+00:00,0,1.41094,0,0,0,0,0,0,0,0,0,0,0,0,0
2026-03-25 00:00:00+00:00,0,1.41094,0,0,0,0,0,0,0,0,0,0,0,0,0
2026-03-26 00:00:00+00:00,0,1.41094,0,0,0,0,0,0,0,0,0,0,0,0,0.000685995
2026-03-27 00:00:00+00:00,-0.000697942,1.40995,0.00421963,-0.00421963,-0.00363403,0.0407826,1.30502e-05,4.15017e-06,3.5343e-06,-8.63054e-06,-0.000668701,0,-0.000668701,1.29167,0.00515535
2026-03-28 00:00:00+00:00,0.000517858,1.41068,0.00254834,-0.00254834,-0.00212425,0.0399677,1.27899e-05,2.8085e-06,3.53464e-06,-4.33293e-07,0.000537353,0,0.000537353,1.41667,0.00483046
2026-03-29 00:00:00+00:00,0.000258834,1.41105,0.00915223,-0.00110921,-0.00280302,0.126426,4.04566e-05,7.58152e-06,6.94376e-06,5.67386e-06,0.000308131,-4.4332e-05,0.000352463,3.25,0.00756367
2026-03-30 00:00:00+00:00,0.000510127,1.41177,0.0393522,-0.00478757,-0.00318608,0.158581,5.07467e-05,1.29722e-05,9.69511e-06,1.02701e-05,0.000573363,4.31343e-05,0.000530228,5.97917,0.0112228
2026-03-31 00:00:00+00:00,0.00109486,1.41331,0.0502176,-0.00368216,-0.00219875,0.2265,7.24814e-05,2.63845e-05,9.27472e-06,4.74675e-06,0.00119798,0.000462794,0.00073519,7.16667,0.0126446
2026-04-01 00:00:00+00:00,0.00233648,1.41662,0.141534,0.00251442,0.00489168,0.352358,0.000112761,3.32935e-05,1.45304e-05,2.07689e-05,0.00247455,-1.29317e-05,0.00248748,11.125,0.0172878
2026-04-02 00:00:00+00:00,-0.00416641,1.41071,0.155225,-0.00489812,-0.00334643,0.378042,0.000120962,3.31102e-05,1.77498e-05,6.10483e-05,-0.00405789,-0.00313249,-0.000925395,11.5833,0.0195316
2026-04-03 00:00:00+00:00,0.00158774,1.41295,0.119762,-0.00578266,-0.00812841,0.154186,4.9341e-05,1.47836e-05,3.21976e-06,3.89092e-05,0.00161757,0.000155219,0.00146235,7.64583,0.0187912
2026-04-04 00:00:00+00:00,-0.004239,1.40696,0.138559,0.0254097,0.00433115,0.169951,5.43757e-05,2.68329e-05,9.75702e-06,-0.00026361,-0.00388983,0.000471562,-0.00436139,8.95833,0.0199409
2026-04-05 00:00:00+00:00,0.00064309,1.40787,0.0675514,0.0196558,0.00417424,0.174797,5.5936e-05,2.68451e-05,1.06295e-05,-3.99672e-05,0.000776966,0.000455539,0.000321427,7.41667,0.0149541
2026-04-06 00:00:00+00:00,-0.00448435,1.40155,0.0849549,0.0287694,0.00420895,0.209577,6.70504e-05,1.97151e-05,1.69334e-05,-9.70521e-05,-0.00428757,-0.000593914,-0.00369366,6.5,0.0157282
2026-04-07 00:00:00+00:00,0.00356177,1.40655,0.0966664,0.0244918,0.0022226,0.22463,7.18878e-05,2.91276e-05,2.08918e-05,-0.000149806,0.00383061,0.00296602,0.000864589,7.89583,0.016633
2026-04-08 00:00:00+00:00,0.00196757,1.40931,0.156426,0.0279179,0.0109789,0.214868,6.87605e-05,3.04466e-05,1.75352e-05,-0.000136957,0.00222178,-0.00169855,0.00392033,11.5,0.0184571
2026-04-09 00:00:00+00:00,-0.00301878,1.40506,0.112382,0.0138245,0.00204928,0.27857,8.91329e-05,4.16167e-05,1.80292e-05,-0.00012642,-0.00274626,0.000207956,-0.00295422,10.8333,0.0191163
2026-04-10 00:00:00+00:00,0.00172584,1.40748,0.0804383,0.0120106,0.0017824,0.288469,9.23145e-05,5.54263e-05,2.71848e-05,-5.99361e-05,0.00196045,0.000811595,0.00114885,10.4583,0.0159706
2026-04-11 00:00:00+00:00,-0.00140242,1.40551,0.150096,0.0385784,0.00986578,0.327279,0.000104727,7.85636e-05,2.31358e-05,-4.68605e-07,-0.00119492,0.00070006,-0.00189498,11.9375,0.0203541
2026-04-12 00:00:00+00:00,-0.00134408,1.40362,0.0867295,0.0216793,0.007433,0.28739,9.19606e-05,6.521e-05,1.79376e-05,1.93863e-05,-0.00118857,-0.00258881,0.00140023,10.4792,0.0168656
2026-04-13 00:00:00+00:00,0.00299839,1.40783,0.0823749,0.0188961,0.00559711,0.283128,9.06193e-05,3.40149e-05,1.70442e-05,-0.00015205,0.00328998,0.00405706,-0.000767081,9.08333,0.0158313
2026-04-14 00:00:00+00:00,-0.00305844,1.40352,0.211261,0.0434265,0.0124065,0.361039,0.000115535,2.41561e-05,1.65117e-05,-0.000489023,-0.0024125,-0.00150963,-0.000902871,14.875,0.0225862
2026-04-15 00:00:00+00:00,-0.00310255,1.39917,0.242665,0.0534141,0.0101729,0.269116,8.6106e-05,2.75312e-05,1.48656e-05,-0.000411741,-0.00255657,0.00176068,-0.00431725,15.0625,0.0258812
2026-04-16 00:00:00+00:00,-0.0107361,1.38415,0.175521,0.0526686,0.00277439,0.253516,8.11005e-05,3.04763e-05,1.20472e-05,-1.79118e-05,-0.0106464,-0.000124347,-0.0105221,12.8958,0.0228595
2026-04-17 00:00:00+00:00,0.00571748,1.39206,0.118492,0.0475506,0.00382981,0.270476,8.65701e-05,2.28497e-05,9.55963e-06,-1.95417e-05,0.00584516,0.00171946,0.0041257,12.4792,0.0188333
2026-04-18 00:00:00+00:00,0.000845091,1.39324,0.20638,0.0730651,0.00610821,0.248283,7.94514e-05,2.97766e-05,1.0193e-05,-0.000332505,0.00130075,-0.00309008,0.00439083,14.375,0.0237946
2026-04-19 00:00:00+00:00,0.00141821,1.39521,0.27451,0.0875587,0.00533176,0.26493,8.47822e-05,1.75385e-05,7.49529e-06,-0.000194208,0.00172552,-0.00577193,0.00749745,16.1042,0.0265022
2026-04-20 00:00:00+00:00,0.00273368,1.39903,0.354658,0.076907,0.00149761,0.395955,0.00012671,2.116e-05,2.07532e-05,-0.000160313,0.00306529,0.00521377,-0.00214848,20.0417,0.0301873
2026-04-21 00:00:00+00:00,0.000996814,1.40042,0.329796,0.0821227,0.000948827,0.302141,9.66862e-05,3.35005e-05,9.38266e-06,1.48424e-05,0.00112623,0.00126706,-0.00014083,17.0417,0.0308171
2026-04-22 00:00:00+00:00,0.0062954,1.40924,0.339592,0.0801297,0.00218265,0.288602,9.23687e-05,3.259e-05,5.05129e-06,-1.52315e-05,0.00642749,0.00382076,0.00260673,15.8542,0.0326927
2026-04-23 00:00:00+00:00,-0.00431367,1.40316,0.380201,0.0951406,-0.000765718,0.480056,0.000153608,7.14237e-05,1.5158e-05,3.61791e-05,-0.00411002,-0.00148318,-0.00262684,17.875,0.0387405
2026-04-24 00:00:00+00:00,-0.00747558,1.39267,0.284249,0.0757689,-0.000674784,0.426873,0.000136543,7.75727e-05,1.88789e-05,-0.000103687,-0.00714754,-0.00164553,-0.00550201,15.8958,0.032739
2026-04-25 00:00:00+00:00,0.00123209,1.39439,0.219446,0.062912,-0.00149714,0.266829,8.53882e-05,6.1746e-05,1.38646e-05,3.25437e-05,0.00136186,0.000291087,0.00107078,13.5208,0.0288264
2026-04-26 00:00:00+00:00,0.00342775,1.39917,0.216146,0.0728756,5.3965e-05,0.227166,7.26997e-05,4.3705e-05,9.13155e-06,5.58686e-06,0.00354387,0.00231995,0.00122392,12,0.0302401
2026-04-27 00:00:00+00:00,-0.000596462,1.39833,0.281204,0.0707424,0.00902226,0.40829,0.000130653,8.93577e-05,1.54497e-05,3.86302e-05,-0.000395959,-0.0043825,0.00398654,13.9792,0.0342216
2026-04-28 00:00:00+00:00,-0.00193086,1.39563,0.190923,0.0504419,0.0102094,0.288164,9.22102e-05,8.89042e-05,9.08904e-06,-2.27339e-06,-0.0017395,-0.00168869,-5.08101e-05,12.9167,0.0291131
2026-04-29 00:00:00+00:00,-0.00272094,1.39183,0.1431,0.0338099,0.00613466,0.31824,0.000101826,3.5843e-05,9.84242e-06,-0.000110606,-0.00246362,-0.000875416,-0.0015882,11.3542,0.0252364
2026-04-30 00:00:00+00:00,0.00396403,1.39735,0.109259,0.0156892,-7.72672e-05,0.205325,6.57109e-05,3.12072e-05,8.11437e-06,1.05131e-05,0.00405209,0.000215426,0.00383667,9.4375,0.0246748
2026-05-01 00:00:00+00:00,0.000629099,1.39823,0.166717,0.0236223,0.00251926,0.329577,0.000105468,7.9323e-05,1.35806e-05,2.44767e-05,0.000804314,0.00158631,-0.000781995,11.6458,0.0293836
2026-05-02 00:00:00+00:00,-0.00336106,1.39353,0.174834,0.0418201,0.0121206,0.310257,9.92747e-05,4.92225e-05,1.47868e-05,3.98661e-05,-0.00323926,0.000690972,-0.00393023,11.3958,0.0290946
2026-05-03 00:00:00+00:00,0.000456847,1.39417,0.188851,0.0595981,0.0112303,0.220686,7.0619e-05,2.18348e-05,6.85223e-06,1.57556e-05,0.000542267,-9.71933e-05,0.00063946,10.5417,0.0292839
2026-05-04 00:00:00+00:00,0.00135057,1.39605,0.302764,0.0820111,0.0172902,0.373615,0.000119558,4.90282e-05,2.7582e-05,9.43975e-05,0.00146211,0.00162663,-0.000164517,15.125,0.0342322
2026-05-05 00:00:00+00:00,7.61521e-05,1.39616,0.320878,0.0820355,0.0147509,0.315948,0.0001011,6.00665e-05,2.0798e-05,9.35619e-05,0.000168829,0.00145039,-0.00128156,16.25,0.0363143
2026-05-06 00:00:00+00:00,-0.00563605,1.38829,0.311431,0.0767804,0.012724,0.409875,0.000131138,5.52112e-05,2.01168e-05,6.35097e-05,-0.00550484,0.000477773,-0.00598262,17.5625,0.0367879
2026-05-07 00:00:00+00:00,-0.00291033,1.38425,0.285756,0.0770064,0.00682551,0.374684,0.000119894,5.43418e-05,2.11143e-05,4.17666e-05,-0.00275534,-0.00398948,0.00123413,15.875,0.0328949
2026-05-08 00:00:00+00:00,-0.00331446,1.37966,0.165647,0.0525571,0.00317347,0.335236,0.000107269,2.78505e-05,1.09191e-05,-2.2475e-05,-0.00314999,0.000251172,-0.00340116,13.5208,0.0243962
2026-05-09 00:00:00+00:00,-5.64952e-05,1.37958,0.0928387,0.0356732,0.00283233,0.207013,6.62431e-05,1.1295e-05,1.47791e-05,1.64458e-05,1.98676e-05,0.000467164,-0.000447297,9.72917,0.01945
2026-05-10 00:00:00+00:00,0.00196163,1.38229,0.0774993,0.03099,0.00377522,0.241611,7.73218e-05,9.75255e-06,9.22594e-06,1.77385e-05,0.00203877,0.00145582,0.000582942,10.8542,0.01954
2026-05-11 00:00:00+00:00,0.00122825,1.38399,0.212214,0.0696154,0.00710731,0.357249,0.000114319,2.75065e-05,1.48464e-05,8.07609e-06,0.00137767,-0.000183494,0.00156117,14.8125,0.0251571
2026-05-12 00:00:00+00:00,-0.00507714,1.37696,0.257689,0.0756096,0.0054781,0.34867,0.000111563,8.65023e-05,1.8891e-05,-2.32195e-05,-0.00484571,-0.00409578,-0.000749934,16.0625,0.0286453
2026-05-13 00:00:00+00:00,-4.32638e-05,1.3769,0.193661,0.062749,0.00860728,0.319381,0.000102202,0.000100363,1.31084e-05,-3.83896e-05,0.000213134,-0.00216876,0.00238189,14.375,0.0268464
2026-05-14 00:00:00+00:00,0.00171142,1.37926,0.242253,0.0703268,0.00882466,0.403901,0.000129265,7.45916e-05,1.65878e-05,-1.96202e-05,0.00195349,0.00243042,-0.000476929,15.4583,0.0284647
2026-05-15 00:00:00+00:00,0.00259794,1.38284,0.343812,0.0952112,0.00870651,0.409558,0.000131074,5.59252e-05,2.01254e-05,-9.10761e-05,0.00289597,-0.00608024,0.00897621,15.3958,0.0343861
2026-05-16 00:00:00+00:00,-0.00176277,1.3804,0.407315,0.102597,-0.006155,0.752443,0.000240761,0.000115585,3.33625e-05,-0.000720242,-0.00064365,-0.00401756,0.00337391,17.7292,0.0448389
2026-05-17 00:00:00+00:00,-0.00112969,1.37884,0.409074,0.0956812,-0.00367653,0.470274,0.000150473,0.000113872,2.30142e-05,-0.000368382,-0.000458907,-0.00318203,0.00272313,13.2083,0.0423466
2026-05-18 00:00:00+00:00,-0.00424649,1.37299,0.447044,0.0886593,-0.0101805,0.573765,0.000183549,6.64263e-05,3.95803e-05,-6.41578e-05,-0.00389387,-0.000514703,-0.00337917,13.3125,0.0402464
2026-05-19 00:00:00+00:00,-0.000848629,1.37182,0.383616,0.0800991,-0.00547217,0.439719,0.000140706,7.45085e-05,1.22623e-05,-4.05846e-05,-0.000574508,-0.00195452,0.00138001,13.7708,0.0366518
2026-05-20 00:00:00+00:00,-0.00202991,1.36904,0.361446,0.0729945,-0.00723799,0.442159,0.000141475,5.57554e-05,1.25015e-05,-2.65676e-05,-0.00179184,0.00250043,-0.00429227,12.125,0.0356164
2026-05-21 00:00:00+00:00,-0.00292783,1.36503,0.290518,0.0633294,-0.00136762,0.350847,0.000112258,6.55628e-05,1.12971e-05,-6.38678e-06,-0.00273336,0.000242209,-0.00297557,13.7708,0.0325332
2026-05-22 00:00:00+00:00,-0.00302721,1.3609,0.284636,0.0639732,-0.00280364,0.325996,0.000104311,6.08277e-05,9.63398e-06,8.39648e-07,-0.00285441,-0.00567316,0.00281875,13.7292,0.0319799
2026-05-23 00:00:00+00:00,-0.00181689,1.35842,0.203728,0.0460531,-0.00295897,0.332587,0.000106429,4.24412e-05,7.91214e-06,-3.99044e-06,-0.00165354,0.00252522,-0.00417876,13.9792,0.0291548
2026-05-24 00:00:00+00:00,-0.00155303,1.35631,0.142745,0.0131279,-0.00246071,0.232631,7.44426e-05,3.75842e-05,5.94931e-06,1.63962e-06,-0.00143642,-0.000426592,-0.00100983,12.7292,0.027723
2026-05-25 00:00:00+00:00,0.000132031,1.35649,0.145344,0.0180894,-0.00635857,0.332866,0.000106538,4.80542e-05,1.30497e-05,-1.00577e-05,0.000312737,3.2289e-05,0.000280448,11.8542,0.0268303
2026-05-26 00:00:00+00:00,-0.000160889,1.35628,0.221291,0.0508362,-0.00282793,0.325021,0.000104006,5.12719e-05,8.03666e-06,-6.69292e-05,7.23207e-05,-0.00258884,0.00266117,15.5,0.0294438
2026-05-27 00:00:00+00:00,0.000350176,1.35675,0.257489,0.0555363,-0.00517104,0.393411,0.000125897,5.9766e-05,1.02991e-05,-5.0003e-05,0.000599661,-0.00341919,0.00401885,15.9167,0.0327431
2026-05-28 00:00:00+00:00,0.00422727,1.36249,0.282592,0.055428,-0.00437868,0.496158,0.000158789,7.46027e-05,1.8316e-05,-8.45737e-06,0.00448251,-4.7367e-05,0.00452988,15.2917,0.0353319
2026-05-29 00:00:00+00:00,-0.00310428,1.35826,0.282133,0.0394827,-0.00345593,0.453349,0.00014506,8.20699e-05,1.5359e-05,-3.81762e-05,-0.00282352,-3.22785e-05,-0.00279124,15.0208,0.0377308
2026-05-30 00:00:00+00:00,0.0024955,1.36165,0.303194,0.0600991,-0.000854957,0.417327,0.000133544,8.57418e-05,1.61195e-05,-0.000128112,0.00286368,0.00200774,0.000855942,16.0417,0.0367434
2026-05-31 00:00:00+00:00,-0.00165063,1.3594,0.348749,0.0953924,-0.00305593,0.312763,0.000100082,3.62936e-05,1.15581e-05,-0.00021303,-0.00128422,-0.00106418,-0.000220038,15.2917,0.0391389
2026-06-01 00:00:00+00:00,-0.0105123,1.34511,0.283085,0.0921902,-0.00598791,0.639986,0.000204749,0.000121857,6.02779e-05,-0.0003261,-0.00984103,-0.00315595,-0.00668508,19.1042,0.0349442
2026-06-02 00:00:00+00:00,-0.00356055,1.34032,0.15903,0.0626367,-0.00624544,0.298844,9.56289e-05,3.89368e-05,6.8824e-06,-0.000241158,-0.00317603,-0.00753437,0.00435834,16.9375,0.0256081
2026-06-03 00:00:00+00:00,-0.00382836,1.33519,0.101274,0.0394116,0.00135634,0.171498,5.48742e-05,2.40934e-05,5.11485e-06,-8.5691e-07,-0.00374911,-0.00134179,-0.00240732,16.25,0.0200827
2026-06-04 00:00:00+00:00,-0.000106684,1.33504,0.0458659,0.0130486,-0.00087084,0.133062,4.258e-05,1.31339e-05,5.16719e-06,5.78261e-06,-5.10517e-05,-0.000922672,0.00087162,11.8958,0.0142165
2026-06-05 00:00:00+00:00,-0.000587305,1.33426,0.0241257,0.00244442,-0.00219118,0.125866,4.02768e-05,6.73606e-06,3.87456e-06,9.93813e-06,-0.00054636,-0.00108214,0.000535785,10.3333,0.0109939
2026-06-06 00:00:00+00:00,-0.00115326,1.33272,0.00783624,-0.000598008,-0.00115336,0.0383526,1.22725e-05,3.08386e-06,2.21051e-06,4.49131e-06,-0.00114074,-5.70865e-05,-0.00108365,4.125,0.00741871
2026-06-07 00:00:00+00:00,1.27882e-05,1.33274,3.00734e-05,-3.00734e-05,-3.28289e-05,0.00172242,5.51173e-07,6.88966e-08,2.23969e-07,0,1.36324e-05,0,1.36324e-05,0.125,0.000838543
2026-06-08 00:00:00+00:00,0,1.33274,0,0,0,0,0,0,0,0,0,0,0,0,5.79339e-07
2026-06-09 00:00:00+00:00,0,1.33274,0,0,0,0,0,0,0,0,0,0,0,0,8.30167e-05
2026-06-10 00:00:00+00:00,-2.03509e-06,1.33274,6.96484e-05,-6.96484e-05,-0.000105795,0.0031216,9.98912e-07,1.24864e-07,4.16133e-07,1.68229e-08,-5.11949e-07,0,-5.11949e-07,0.104167,0.00158434
2026-06-11 00:00:00+00:00,8.9929e-05,1.33286,0.00107726,-0.00107726,-0.001517,0.0125001,4.00003e-06,5.00004e-07,1.42606e-06,4.61587e-07,9.53977e-05,0,9.53977e-05,1,0.00603755
2026-06-12 00:00:00+00:00,-8.43119e-06,1.33284,2.58726e-05,-2.58726e-05,-3.36886e-05,0.00151824,4.85835e-07,6.07294e-08,1.53405e-07,0,-7.73123e-06,0,-7.73123e-06,0.104167,0.00500819
2026-06-13 00:00:00+00:00,-0.000110904,1.3327,0.00262139,-0.000209585,-0.000766247,0.0108264,3.46443e-06,4.33053e-07,1.87689e-07,2.30756e-07,-0.000107029,6.45049e-06,-0.00011348,1.10417,0.00878024
2026-06-14 00:00:00+00:00,-0.000220943,1.3324,0.00550358,-0.000459231,-0.00168951,0.0404272,1.29366e-05,6.70803e-06,8.99184e-07,7.2941e-07,-0.000201105,6.95888e-05,-0.000270694,2.95833,0.0102098
2026-06-15 00:00:00+00:00,7.11782e-05,1.3325,0.00964834,0.00365786,0.000998536,0.0515011,1.64805e-05,1.71178e-05,1.40092e-06,3.33951e-06,0.00010289,-1.48768e-05,0.000117767,3.45833,0.0105952
2026-06-16 00:00:00+00:00,-0.00128004,1.33079,0.0207521,0.0100832,0.00335556,0.0738856,2.36425e-05,1.80064e-05,2.68196e-06,9.4962e-06,-0.00124583,-0.000100257,-0.00114558,5.91667,0.0125197
2026-06-17 00:00:00+00:00,3.86224e-05,1.33084,0.00234671,0.000103718,-0.000648589,0.0486782,1.55771e-05,1.0881e-05,4.95489e-06,1.03514e-06,6.90974e-05,-1.36555e-05,8.27529e-05,2.5625,0.00787429
2026-06-18 00:00:00+00:00,-7.7654e-06,1.33083,3.71866e-07,-3.71866e-07,-1.41244e-06,5.02632e-05,1.60842e-08,2.01052e-09,2.92594e-09,0,-7.74439e-06,0,-7.74439e-06,0.0208333,0.0023016
2026-06-19 00:00:00+00:00,0,1.33083,0,0,0,0,0,0,0,0,0,0,0,0,0.00068259
2026-06-20 00:00:00+00:00,0.000142695,1.33102,0.0131357,0.00530032,0.00103525,0.082914,2.65326e-05,1.86137e-05,3.95495e-06,-1.37601e-05,0.000205566,0.000178723,2.6843e-05,3.9375,0.00909229
2026-06-21 00:00:00+00:00,-0.000406612,1.33048,0.0595381,0.0227166,0.00225872,0.100392,3.21256e-05,6.73133e-05,5.61823e-06,1.31916e-05,-0.000314653,-0.000572331,0.000257678,8.25,0.016021
2026-06-22 00:00:00+00:00,-0.000265329,1.33013,0.0648346,0.0185644,0.00131291,0.0617269,1.9753e-05,4.68782e-06,7.23322e-07,0.000134198,-0.000374036,9.62964e-05,-0.000470332,7.41667,0.016047
2026-06-23 00:00:00+00:00,-5.8573e-05,1.33005,0.0438871,0.00557681,-0.00249375,0.0758259,2.42644e-05,7.00054e-06,1.01619e-06,9.92282e-05,-0.000124748,-0.000700606,0.000575859,7.0625,0.014487
2026-06-24 00:00:00+00:00,0.000711703,1.331,0.016731,0.0013117,-0.00456271,0.0741132,2.37165e-05,8.75943e-06,1.05854e-06,9.66982e-06,0.000735522,-0.000187897,0.000923419,7.20833,0.0115968
2026-06-25 00:00:00+00:00,-0.000118872,1.33084,0.00631668,0.000614322,-0.00177613,0.0499034,1.5969e-05,2.71122e-05,2.6859e-06,2.81718e-06,-7.5821e-05,-9.6099e-05,2.0278e-05,4.375,0.0095612
2026-06-26 00:00:00+00:00,-5.75483e-05,1.33076,0.00081489,-0.0007163,-0.00105846,0.0297161,9.50914e-06,1.46678e-05,2.34802e-06,1.33568e-06,-3.23462e-05,4.57872e-06,-3.6925e-05,1.41667,0.00628475
2026-06-27 00:00:00+00:00,0,1.33076,0,0,0,0,0,0,0,0,0,0,0,0,0.00292647
2026-06-28 00:00:00+00:00,0,1.33076,0,0,0,0,0,0,0,0,0,0,0,0,0.00160966
2026-06-29 00:00:00+00:00,0,1.33076,0,0,0,0,0,0,0,0,0,0,0,0,0.00048723
2026-06-30 00:00:00+00:00,0,1.33076,0,0,0,0,0,0,0,0,0,0,0,0,0.000638232
2026-07-01 00:00:00+00:00,0,1.33076,0,0,0,0,0,0,0,0,0,0,0,0,8.64929e-05
2026-07-02 00:00:00+00:00,2.14493e-05,1.33079,7.30969e-05,-7.30969e-05,-6.37807e-05,0.0042104,1.34733e-06,8.30329e-07,5.0098e-07,7.78088e-08,2.40505e-05,0,2.40505e-05,0.208333,0.00415785
2026-07-03 00:00:00+00:00,-7.71701e-05,1.33069,0.00608539,0.000922016,0.000141089,0.0388952,1.24464e-05,1.15225e-05,3.05895e-06,9.16269e-07,-5.10249e-05,7.44694e-05,-0.000125494,2.79167,0.00948268
2026-07-04 00:00:00+00:00,-0.000450753,1.33009,0.0179485,0.00845817,0.00170363,0.102981,3.29535e-05,1.22304e-05,6.99075e-06,-4.31067e-06,-0.000394273,4.28372e-05,-0.00043711,6.91667,0.012653
2026-07-05 00:00:00+00:00,0.000172814,1.33032,0.00969164,0.00522412,0.00149074,0.0712133,2.27885e-05,5.61782e-06,2.21888e-06,-2.41644e-06,0.000205864,2.34841e-05,0.00018238,5.29167,0.0117991
2026-07-06 00:00:00+00:00,0.000323119,1.33075,0.0284508,0.010213,0.00186637,0.0943811,3.02025e-05,1.89213e-05,3.01892e-06,-1.35686e-06,0.000376669,0.000322871,5.37979e-05,6.16667,0.0150522
2026-07-07 00:00:00+00:00,0.00081899,1.33184,0.0741963,0.018675,0.00371482,0.134807,4.31399e-05,2.68707e-05,2.94573e-06,9.30432e-06,0.000882589,-0.000713376,0.00159596,10.8333,0.0196852
2026-07-08 00:00:00+00:00,0.000913707,1.33305,0.159535,0.0350485,0.00209024,0.207293,6.63363e-05,4.33632e-05,6.27871e-06,1.96771e-05,0.00101078,-0.00146841,0.00247919,18.8125,0.0268764
2026-07-09 00:00:00+00:00,-0.00251812,1.3297,0.198203,0.0375984,-0.000869327,0.256417,8.20486e-05,3.59551e-05,6.35746e-06,3.10824e-05,-0.00242517,0.000367912,-0.00279308,18.5,0.0306786
2026-07-10 00:00:00+00:00,0.00158831,1.33181,0.17701,0.039602,-0.00462851,0.185759,5.94452e-05,2.85008e-05,3.65102e-06,6.83616e-06,0.00167366,0.00128127,0.000392393,15.9167,0.0287854
2026-07-11 00:00:00+00:00,0.00247973,1.33511,0.228506,0.068663,-0.00192145,0.246434,7.88658e-05,3.68869e-05,5.40545e-06,-4.32194e-05,0.00264277,4.21653e-06,0.00263856,17,0.0304758
2026-07-12 00:00:00+00:00,-0.000349603,1.33465,0.244476,0.0790893,-0.000145023,0.234478,7.50328e-05,4.01028e-05,6.19363e-06,1.38562e-05,-0.000240267,0.000830621,-0.00107089,17.4792,0.0335941
2026-07-13 00:00:00+00:00,-0.000186955,1.3344,0.204931,0.0552833,-0.00328791,0.226025,7.23276e-05,2.28167e-05,6.87442e-06,1.73629e-05,-0.000100689,-0.00192728,0.00182659,14.9167,0.0321328
2026-07-14 00:00:00+00:00,0.00375385,1.33941,0.249915,0.0574964,0.000136062,0.225469,7.21742e-05,1.07861e-05,5.3574e-06,2.88106e-05,0.00381425,0.007175,-0.00336075,14.0208,0.0340608
2026-07-15 00:00:00+00:00,0.00305664,1.3435,0.239806,0.0604005,0.00367619,0.300793,9.62527e-05,4.19773e-05,1.21737e-05,1.47657e-05,0.00319058,0.000402231,0.00278835,16.75,0.0338425
2026-07-16 00:00:00+00:00,-0.00647561,1.3348,0.293617,0.089509,-0.00354704,0.283469,9.07076e-05,4.34519e-05,1.28966e-05,6.44205e-05,-0.00640156,-0.00362542,-0.00277613,19.3958,0.0382865
2026-07-17 00:00:00+00:00,-0.000450087,1.3342,0.219102,0.0804658,-0.00141094,0.224041,7.16919e-05,3.4102e-05,8.3012e-06,4.80377e-05,-0.000380665,0.000627829,-0.00100849,17.1042,0.0332665
2026-07-18 00:00:00+00:00,0.00209662,1.337,0.220094,0.0800148,-0.00331376,0.188922,6.04565e-05,3.07343e-05,6.61409e-06,-4.21093e-05,0.00223756,0.00199271,0.000244858,16.3958,0.0344621
2026-07-19 00:00:00+00:00,0.000841809,1.33812,0.213014,0.0775071,-0.00620191,0.164653,5.26896e-05,2.87558e-05,5.62913e-06,-0.000148191,0.00108053,0.00031574,0.00076479,14.375,0.0377911
2026-07-20 00:00:00+00:00,0.000989403,1.33945,0.28511,0.101714,-0.0102358,0.406818,0.000130183,5.56456e-05,3.0722e-05,-4.65083e-06,0.00121877,0.00102269,0.000196076,17.875,0.0416253
2026-07-21 00:00:00+00:00,0.00547027,1.34677,0.337237,0.120011,-0.0120672,0.344676,0.000110339,5.23561e-05,7.34426e-06,1.01772e-05,0.00562326,0.00423901,0.00138424,21.4792,0.0442158
2026-07-22 00:00:00+00:00,-0.00156509,1.34466,0.344691,0.117772,-0.0166091,0.321032,0.000102728,5.30792e-05,9.09925e-06,-9.86707e-05,-0.00129219,0.000607232,-0.00189942,19.3542,0.0470578
2026-07-23 00:00:00+00:00,-0.00314541,1.34044,0.300914,0.10738,-0.0119474,0.255849,8.18645e-05,4.97774e-05,5.42783e-06,-0.000144298,-0.00286541,-0.00260915,-0.000256263,18.6458,0.044258
2026-07-24 00:00:00+00:00,-0.00447142,1.33444,0.262276,0.102288,-0.0143992,0.284445,9.10056e-05,7.11527e-05,9.76646e-06,-0.000264149,-0.00403443,-0.00285485,-0.00117958,18.3125,0.0407186
2026-07-25 00:00:00+00:00,-0.00155152,1.33237,0.18251,0.0811017,-0.013286,0.150719,4.82263e-05,3.95844e-05,3.20373e-06,-0.000111676,-0.00134791,-0.000177505,-0.0011704,14.1875,0.0359101
2026-07-26 00:00:00+00:00,0.00431724,1.33812,0.189574,0.080403,-0.00760403,0.162426,5.1981e-05,4.90362e-05,4.63134e-06,-0.000359328,0.0047744,0.00300038,0.00177402,13.8958,0.0354117
2026-07-27 00:00:00+00:00,-0.0011985,1.33652,0.211285,0.077342,-0.00767392,0.189901,6.07603e-05,5.84868e-05,7.55607e-06,-0.000480325,-0.000589357,-0.0042084,0.00361904,17.1875,0.0387328
2026-07-28 00:00:00+00:00,-5.06309e-05,1.33645,0.195084,0.0652184,-0.00134793,0.202442,6.47798e-05,3.94427e-05,4.15682e-06,-0.000270547,0.000331978,0.00109378,-0.000761798,19.2708,0.0358758
2026-07-29 00:00:00+00:00,0.00369113,1.34138,0.255488,0.0726956,0.00318972,0.270969,8.67194e-05,4.4801e-05,6.73072e-06,-0.000192683,0.00401833,0.000400845,0.00361748,21.3333,0.0378728
2026-07-30 00:00:00+00:00,0.000801398,1.34246,0.359351,0.109564,0.00127167,0.429174,0.000137342,4.82269e-05,1.20315e-05,-9.39475e-05,0.00109782,0.00184441,-0.000746589,25.0417,0.0445739
2026-07-31 00:00:00+00:00,-0.00557555,1.33497,0.393676,0.136997,0.00300485,0.397043,0.00012702,4.49105e-05,1.42364e-05,-7.08711e-05,-0.00532051,-0.00306294,-0.00225757,23.7083,0.0467182
2026-08-01 00:00:00+00:00,0.00113241,1.33649,0.291809,0.108558,-0.00230892,0.264832,8.47488e-05,3.56152e-05,7.82801e-06,-0.000135378,0.00140018,-0.00126163,0.00266181,21.6458,0.042286
2026-08-02 00:00:00+00:00,-0.00209972,1.33368,0.262729,0.0938422,-0.00492932,0.208943,6.68554e-05,3.64151e-05,4.52124e-06,8.78759e-05,-0.00207973,0.000272707,-0.00235244,20.5625,0.0414538
2026-08-03 00:00:00+00:00,-0.00124491,1.33202,0.227491,0.0757397,-0.00412448,0.219844,7.03401e-05,4.57911e-05,1.1424e-05,-3.7277e-05,-0.0010779,-0.000861825,-0.000216076,16.5208,0.0399883
2026-08-04 00:00:00+00:00,0.000365689,1.33251,0.199575,0.0662315,-0.00125221,0.169095,5.41108e-05,6.28873e-05,4.60039e-06,-0.000212789,0.000702316,0.000230975,0.000471341,16.5625,0.0397234
2026-08-05 00:00:00+00:00,0.00299822,1.3365,0.173006,0.0632214,-0.00128232,0.138677,4.43846e-05,5.05515e-05,5.52506e-06,-2.83907e-05,0.00312888,0.00172397,0.00140491,13.9375,0.038241
2026-08-06 00:00:00+00:00,-0.000195095,1.33624,0.185569,0.0709459,-0.00772073,0.187201,5.98985e-05,8.67144e-05,7.19042e-06,-8.88796e-06,-2.65863e-05,-0.000570307,0.000543721,13.7292,0.0410727
2026-08-07 00:00:00+00:00,0.00134708,1.33804,0.209237,0.0806294,-0.00676487,0.201465,6.44727e-05,5.87321e-05,4.06713e-06,-5.59718e-05,0.00153146,0.000989409,0.000542055,15.2083,0.0417207
2026-08-08 00:00:00+00:00,-0.00109865,1.33657,0.196504,0.0643199,-0.0124672,0.200847,6.42725e-05,5.98705e-05,4.44336e-06,-8.47161e-05,-0.000885116,3.87935e-05,-0.00092391,13.8333,0.0450355
2026-08-09 00:00:00+00:00,0.00225398,1.33958,0.196285,0.0718981,-0.0170885,0.151716,4.85511e-05,4.8458e-05,3.29418e-06,-0.00025703,0.00261061,-9.56297e-05,0.00270624,12.25,0.0477791
2026-08-10 00:00:00+00:00,0.00307555,1.3437,0.244636,0.0891076,-0.0174968,0.272413,8.71766e-05,7.98046e-05,1.39796e-05,5.37708e-05,0.00320289,-0.00123104,0.00443392,19.1875,0.0495297
2026-08-11 00:00:00+00:00,0.0039528,1.34902,0.292003,0.119564,-0.0186105,0.334171,0.000106949,7.28141e-05,7.24902e-06,0.000110884,0.00402876,0.000105351,0.00392341,19.1875,0.0504734
2026-08-12 00:00:00+00:00,0.00322301,1.35336,0.422142,0.173713,-0.0142953,0.385005,0.000123216,6.49924e-05,1.01571e-05,0.000151798,0.00327161,0.00156341,0.0017082,20.8333,0.0551581
2026-08-13 00:00:00+00:00,-0.0051018,1.34646,0.462407,0.208411,-0.0159164,0.449873,0.000143935,9.6794e-05,1.60191e-05,-0.000230396,-0.00460831,-0.00113995,-0.00346836,22.375,0.0550893
2026-08-14 00:00:00+00:00,-0.00166935,1.34421,0.433496,0.213675,-0.0211915,0.388241,0.000124221,4.98294e-05,1.31804e-05,-5.99689e-05,-0.00141018,-0.000468191,-0.000941986,19.9167,0.0523462
2026-08-15 00:00:00+00:00,0.00317772,1.34848,0.40778,0.204691,-0.0228511,0.289182,9.25375e-05,3.53435e-05,7.59868e-06,0.000121229,0.00319225,-0.000482133,0.00367438,18.9167,0.0521196
2026-08-16 00:00:00+00:00,0.000831062,1.3496,0.396366,0.16731,-0.0223325,0.32976,0.000105529,5.34902e-05,1.32046e-05,6.34073e-05,0.000942567,-0.000749061,0.00169163,17.6875,0.0561379
2026-08-17 00:00:00+00:00,0.0126824,1.36672,0.436419,0.192566,-0.0234601,0.541757,0.000173416,0.000110692,6.30119e-05,1.50847e-05,0.0129522,0.00700951,0.0059427,19.25,0.0578784
2026-08-18 00:00:00+00:00,0.00457528,1.37297,0.485702,0.224226,-0.0281793,0.457347,0.000146387,6.01742e-05,1.21241e-05,-4.57391e-05,0.00485288,0.00110307,0.00374981,19.9375,0.0636958
2026-08-19 00:00:00+00:00,0.0310311,1.41558,0.534287,0.221172,-0.0151883,0.831852,0.000266643,8.36781e-05,2.75227e-05,-2.73013e-05,0.0310336,0.027014,0.00401955,24.2292,0.0667096
2026-08-20 00:00:00+00:00,-0.000377153,1.41504,0.526326,0.162244,0.00758265,0.372222,0.000119118,4.34994e-05,1.29463e-05,-0.000220326,3.74739e-05,0.00894608,-0.0089086,24.9792,0.0743401
2026-08-21 00:00:00+00:00,-0.00380991,1.40965,0.540224,0.169969,0.00713851,0.409423,0.000131004,9.66792e-05,1.80759e-05,-0.000645283,-0.00288056,0.0160991,-0.0189797,26.75,0.0784587
2026-08-22 00:00:00+00:00,-0.00294085,1.40551,0.578946,0.245571,0.00593429,0.599046,0.00019175,0.000197444,3.96714e-05,-0.0013322,-0.00115013,-0.00264498,0.00149485,25.5625,0.0770369
2026-08-23 00:00:00+00:00,-0.00149437,1.40341,0.562741,0.252213,0.00124754,0.471925,0.000151009,0.000106034,1.7684e-05,-0.000991559,-0.000216436,0.00253559,-0.00275202,24.4792,0.0748498
2026-08-24 00:00:00+00:00,0.00289842,1.40747,0.578201,0.254348,-0.00156465,0.732432,0.000234364,0.000215145,7.16374e-05,-1.83967e-05,0.00346378,-0.00116214,0.00462593,25.4167,0.0713357
2026-08-25 00:00:00+00:00,-0.00427144,1.40146,0.547723,0.216844,0.00878632,0.455452,0.000145727,0.000147742,1.50359e-05,-3.78814e-05,-0.00390387,-0.00789484,0.00399097,23.0208,0.0707619
2026-08-26 00:00:00+00:00,-0.00164245,1.39916,0.498585,0.179758,0.00768557,0.363583,0.000116346,0.000125959,1.0619e-05,-5.83388e-05,-0.00131279,0.00597166,-0.00728445,20.5417,0.0664205
2026-08-27 00:00:00+00:00,-8.26618e-06,1.39915,0.494924,0.168535,0.00915337,0.386518,0.000123682,0.000150996,1.1981e-05,-4.02664e-05,0.000347426,0.00685666,-0.00650923,20.7292,0.0644212
2026-08-28 00:00:00+00:00,-0.00946955,1.3859,0.559785,0.205197,0.00758913,0.512857,0.000164068,0.000183072,2.27686e-05,-6.22244e-05,-0.00905209,-0.00753709,-0.001515,21.375,0.0648846
2026-08-29 00:00:00+00:00,0.000344445,1.38638,0.485199,0.169565,0.00215644,0.570353,0.000182507,0.000160138,2.18177e-05,-0.000126505,0.000852402,0.00112051,-0.000268105,21.3542,0.0603309
2026-08-30 00:00:00+00:00,0.00580887,1.39443,0.512119,0.181642,-0.00759219,0.464024,0.00014851,0.000117513,1.17863e-05,-0.000320915,0.00640336,-0.00191175,0.0083151,21.5625,0.0599713
2026-08-31 00:00:00+00:00,0.0137317,1.41358,0.590005,0.206007,-0.0161943,0.740233,0.000236961,0.000146215,5.5629e-05,-0.000222909,0.0143291,0.00773009,0.00659898,22,0.0654613
