,return,equity,gross,net,beta_exposure,turnover,fees,spread,impact,funding,gross_pnl,n_positions,ic_est
2023-07-31 00:00:00+00:00,0,1,0,0,0,0,0,0,0,0,0,0,0
2023-08-01 00:00:00+00:00,0,1,0,0,0,0,0,0,0,0,0,0,0.00523197
2023-08-02 00:00:00+00:00,0,1,0,0,0,0,0,0,0,0,0,0,0.00699824
2023-08-03 00:00:00+00:00,-0.000102963,0.999897,0.00158279,-0.00158279,-0.00171885,0.0179768,5.75257e-06,7.19071e-07,8.28378e-07,-1.20722e-05,-8.35923e-05,0.697917,0.00910055
2023-08-04 00:00:00+00:00,-0.000971679,0.998925,0.0190529,-0.0190529,-0.0209962,0.00642894,2.05732e-06,2.57165e-07,1.65458e-07,-0.000347147,-0.000622091,2,0.0105899
2023-08-05 00:00:00+00:00,0.000778339,0.999703,0.0329244,-0.0246841,-0.0319803,0.0153897,4.92532e-06,6.15666e-07,2.10592e-07,-9.54352e-05,0.000880071,3.59375,0.0135739
2023-08-06 00:00:00+00:00,0.000315106,1.00002,0.0502779,-0.0105362,-0.0276855,0.011655,3.72712e-06,4.6589e-07,2.84456e-08,-7.87513e-05,0.000398592,5,0.0130787
2023-08-07 00:00:00+00:00,0.00171473,1.00173,0.0794396,-0.0227584,-0.0368541,0.0545162,1.74442e-05,4.76655e-06,1.53878e-06,-1.73767e-05,0.00175546,7.98958,0.0145037
2023-08-08 00:00:00+00:00,0.000961285,1.0027,0.183489,0.0220969,-0.0296946,0.164724,5.27143e-05,8.72217e-06,1.68373e-06,-2.46377e-05,0.00104981,9.25,0.0184304
2023-08-09 00:00:00+00:00,-0.00202976,1.00066,0.326262,0.0602749,-0.0324088,0.0834054,2.66895e-05,3.90101e-06,2.34276e-06,-3.91469e-05,-0.0019569,13.3021,0.0245468
2023-08-10 00:00:00+00:00,-0.00114147,0.999518,0.350873,0.0629062,-0.0316692,0,0,0,0,-4.10308e-05,-0.00109912,14,0.0209009
2023-08-11 00:00:00+00:00,-0.00262554,0.996894,0.35143,0.0612116,-0.0336162,0,0,0,0,-8.21437e-05,-0.00254447,14,0.00911634
2023-08-12 00:00:00+00:00,-0.00254353,0.994358,0.33817,0.0763875,-0.0248073,0.0228453,7.31004e-06,3.01233e-06,7.64601e-07,-7.11931e-05,-0.0024616,14,0.000246751
2023-08-13 00:00:00+00:00,-0.000609907,0.993752,0.333107,0.0811246,-0.0279018,0.0021221,6.79113e-07,4.73396e-07,5.97767e-08,-4.78604e-05,-0.000558777,14,0
2023-08-14 00:00:00+00:00,-0.000398554,0.993356,0.306216,0.0683747,-0.0333894,0.0287576,9.2017e-06,3.38966e-06,9.92065e-07,-3.31201e-05,-0.000350152,12,0
2023-08-15 00:00:00+00:00,0.00506941,0.998392,0.295708,0.0742115,-0.0253357,0.0197248,6.32437e-06,1.00358e-06,1.13736e-06,-3.22776e-05,0.00510405,12,0
2023-08-16 00:00:00+00:00,0.000725408,0.999116,0.268678,0.0939549,-0.0141057,0,0,0,0,-3.35074e-05,0.000761864,12,0
2023-08-17 00:00:00+00:00,-0.00862081,0.990503,0.252219,0.0862591,-0.00501225,0.0540702,1.72119e-05,4.11569e-06,2.98702e-06,-3.65243e-05,-0.00857979,12,0
2023-08-18 00:00:00+00:00,-0.00322985,0.987303,0.185086,0.0302567,-0.00105752,0,0,0,0,-1.01201e-05,-0.00322355,12,0
2023-08-19 00:00:00+00:00,-0.000890435,0.986424,0.18631,0.0285241,-0.0028195,0,0,0,0,5.87876e-06,-0.00089609,12,0
2023-08-20 00:00:00+00:00,0.00113358,0.987542,0.18742,0.028726,-0.00298892,0,0,0,0,1.09337e-05,0.00112243,12,0
2023-08-21 00:00:00+00:00,0.000790457,0.988323,0.178161,0.0226185,-0.012928,0.0137806,4.41027e-06,1.12586e-05,2.29636e-06,9.58193e-06,0.000799401,12,0
2023-08-22 00:00:00+00:00,-0.000122713,0.988202,0.175946,0.0230981,-0.0126201,0,0,0,0,-5.28185e-06,-0.000116293,12,0
2023-08-23 00:00:00+00:00,0.000632297,0.988827,0.177711,0.0232415,-0.0127591,0,0,0,0,2.695e-05,0.000606126,12,0
2023-08-24 00:00:00+00:00,0.00229928,0.9911,0.177313,0.0247125,-0.0109796,0.00657427,2.10344e-06,1.52529e-06,4.7612e-07,3.71754e-05,0.00226528,12,0
2023-08-25 00:00:00+00:00,3.02175e-05,0.99113,0.166171,0.032602,-0.00185863,0,0,0,0,4.63026e-05,-1.53479e-05,12,0
2023-08-26 00:00:00+00:00,0.000654397,0.991779,0.166706,0.0321817,-0.00254465,0,0,0,0,3.69249e-05,0.000617611,12,0
2023-08-27 00:00:00+00:00,0.000395054,0.992171,0.166558,0.0331495,-0.00216104,0,0,0,0,0.0001018,0.000293493,12,0
2023-08-28 00:00:00+00:00,-0.000689608,0.991486,0.143578,0.055452,0.0198846,0.0230693,7.38234e-06,3.72371e-06,2.82403e-06,1.16236e-05,-0.000687027,10,0
2023-08-29 00:00:00+00:00,0.00436649,0.995816,0.141188,0.0496806,0.0189346,0.0199384,6.38731e-06,7.98413e-07,1.71509e-07,3.49788e-05,0.00433217,10.4062,0
2023-08-30 00:00:00+00:00,-0.000246965,0.99557,0.135597,0.0363126,0.0160057,0.0061847,1.97914e-06,2.47392e-07,2.2954e-07,3.98687e-06,-0.000248121,11.9167,0.00218042
2023-08-31 00:00:00+00:00,-0.00263919,0.992942,0.135147,0.0322506,0.0131075,0,0,0,0,-7.02429e-06,-0.00263497,13,0.000731697
2023-09-01 00:00:00+00:00,2.01246e-05,0.992962,0.131264,0.0306896,0.0129158,0,0,0,0,-1.30084e-05,3.35675e-05,13,1.38664e-07
2023-09-02 00:00:00+00:00,9.91702e-05,0.993061,0.130351,0.0305913,0.0110703,0,0,0,0,-5.71137e-06,0.000105163,13,0
2023-09-03 00:00:00+00:00,-2.7935e-05,0.993033,0.13074,0.0305526,0.00790996,0,0,0,0,-1.89225e-05,-8.62646e-06,13,0
2023-09-04 00:00:00+00:00,-1.20994e-06,0.993032,0.10329,0.0320919,0.00747899,0.0280523,8.97587e-06,2.25091e-06,2.18282e-06,-2.35116e-06,1.485e-05,10,0
2023-09-05 00:00:00+00:00,-0.000838535,0.992199,0.103123,0.0315189,0.00655112,0,0,0,0,-9.94301e-05,-0.000739232,10,0
2023-09-06 00:00:00+00:00,-0.000442561,0.99176,0.103241,0.0313222,0.00652899,0,0,0,0,-8.0637e-06,-0.000434426,10,0
2023-09-07 00:00:00+00:00,0.00118191,0.992932,0.103574,0.031352,0.00798603,0,0,0,0,-1.38442e-06,0.00118288,10,0
2023-09-08 00:00:00+00:00,-0.000424601,0.992511,0.103682,0.0319262,0.0121662,0,0,0,0,8.22389e-06,-0.000432581,10,0
2023-09-09 00:00:00+00:00,0.000118688,0.992628,0.103129,0.0316831,0.0122763,0,0,0,0,-5.27078e-06,0.00012403,10,0
2023-09-10 00:00:00+00:00,0.000564945,0.993189,0.103009,0.0312901,0.000201419,0.00401384,1.28447e-06,1.60559e-07,1.56069e-07,-2.8149e-05,0.000594912,10.4583,0.00209054
2023-09-11 00:00:00+00:00,-0.000986921,0.992209,0.0955727,0.0368558,0.0050118,0.019218,6.14955e-06,7.09077e-06,1.86748e-06,-0.000218156,-0.000753557,11,0.00280304
2023-09-12 00:00:00+00:00,0.00119614,0.993396,0.0966002,0.0374755,0.013676,0.0020217,6.46968e-07,8.0871e-08,8.54448e-08,-0.00010123,0.00129829,11.125,0.000576809
2023-09-13 00:00:00+00:00,-0.000149446,0.993247,0.103762,0.0313488,0.0075377,0.00619131,1.98125e-06,2.47656e-07,2.37673e-07,-4.5704e-05,-0.00010095,12,0.00456709
2023-09-14 00:00:00+00:00,0.000308609,0.993554,0.109103,0.0278081,0.00457926,0.00403408,1.29094e-06,1.61367e-07,2.23542e-07,-0.000226638,0.000537441,12.875,0.004913
2023-09-15 00:00:00+00:00,-0.00264939,0.990921,0.112334,0.0250384,-0.000714659,0,0,0,0,-0.000380956,-0.00227107,13,0.00450734
2023-09-16 00:00:00+00:00,0.000327838,0.991246,0.110522,0.0273975,-0.00195416,0.00414693,1.32677e-06,1.65847e-07,2.36961e-07,-0.000145518,0.000475878,13,0.000292626
2023-09-17 00:00:00+00:00,0.00111682,0.992353,0.108662,0.0288626,-0.00291161,0,0,0,0,-0.000154152,0.00127084,13,0.000339403
2023-09-18 00:00:00+00:00,-0.000486898,0.99187,0.110187,0.0288207,-0.00641906,0.00212175,6.78928e-07,8.4866e-08,1.30276e-07,-0.000194689,-0.000290866,13,0.00415289
2023-09-19 00:00:00+00:00,-0.00210994,0.989777,0.113695,0.0264375,-0.00797981,0.00204908,6.55761e-07,8.19701e-08,9.42354e-08,-0.000258897,-0.0018517,13,0.00341284
2023-09-20 00:00:00+00:00,-0.000399202,0.989382,0.11307,0.0274773,-0.00185539,0,0,0,0,-9.88529e-05,-0.00030003,13,6.95029e-06
2023-09-21 00:00:00+00:00,0.000228439,0.989608,0.111169,0.0274934,-0.00142478,0,0,0,0,-3.70088e-05,0.000265768,13,0
2023-09-22 00:00:00+00:00,-0.000611749,0.989003,0.110626,0.0272305,-0.00320599,0,0,0,0,-2.25024e-05,-0.000589148,13,0
2023-09-23 00:00:00+00:00,-3.64143e-05,0.988967,0.110714,0.0270025,-0.00554898,0,0,0,0,-1.82547e-05,-1.79267e-05,13,0
2023-09-24 00:00:00+00:00,8.10863e-05,0.989047,0.110392,0.0271439,-0.00668584,0,0,0,0,-2.46683e-05,0.000105931,13,0
2023-09-25 00:00:00+00:00,-0.000644546,0.98841,0.106186,0.029762,-0.000957199,0.00346743,1.10947e-06,5.08322e-07,1.12567e-07,-2.10041e-05,-0.000621813,12,0
2023-09-26 00:00:00+00:00,-0.00119464,0.987229,0.106951,0.0293192,-0.000129177,0,0,0,0,-8.01529e-05,-0.00111493,12,0
2023-09-27 00:00:00+00:00,-0.000601413,0.986635,0.107987,0.0288817,-0.00128914,0.00201758,6.45478e-07,8.06848e-08,1.01669e-07,-0.000200267,-0.000399763,12,0
2023-09-28 00:00:00+00:00,0.00188922,0.988499,0.107288,0.0313735,0.00280627,0,0,0,0,-2.02422e-05,0.00190818,12,0
2023-09-29 00:00:00+00:00,-4.66487e-05,0.988453,0.10818,0.0319259,0.00621558,0,0,0,0,-4.15712e-06,-4.20002e-05,12,0
2023-09-30 00:00:00+00:00,-0.000513215,0.987946,0.108279,0.0319531,0.00653372,0,0,0,0,-1.99858e-05,-0.000493239,12,0
2023-10-01 00:00:00+00:00,0.00154664,0.989474,0.110205,0.0314322,0.00391023,0,0,0,0,-1.45227e-06,0.00154783,12,0
2023-10-02 00:00:00+00:00,2.43857e-05,0.989498,0.107642,0.0347091,0.0147277,0.00418889,1.34059e-06,4.08159e-07,3.0759e-07,-5.04696e-06,3.23276e-05,10,0
2023-10-03 00:00:00+00:00,0.000775681,0.990265,0.105214,0.0342648,0.0150824,0,0,0,0,-7.84662e-06,0.000783463,10,0
2023-10-04 00:00:00+00:00,0.00163228,0.991882,0.104599,0.0346859,0.00885561,0.00414725,1.32719e-06,1.65899e-07,2.858e-07,1.66053e-06,0.00163142,10.4896,0.00394697
2023-10-05 00:00:00+00:00,-0.00113603,0.990755,0.116202,0.0235022,-0.00929043,0.0125727,4.02352e-06,5.02941e-07,8.11419e-07,1.2375e-05,-0.00114254,11.8438,0.011193
2023-10-06 00:00:00+00:00,0.000930945,0.991677,0.120826,0.0192352,-0.0136112,0,0,0,0,8.71676e-06,0.000922494,12,0.0099979
2023-10-07 00:00:00+00:00,0.00136948,0.993035,0.121349,0.0195888,-0.0121863,0.00625102,2.00029e-06,2.50036e-07,2.74967e-07,7.31466e-06,0.00136435,12,0.0103822
2023-10-08 00:00:00+00:00,-0.000576287,0.992463,0.133453,0.0142228,-0.0237035,0.0112154,3.58917e-06,4.48646e-07,2.01553e-07,5.60252e-06,-0.000576959,12,0.0139321
2023-10-09 00:00:00+00:00,0.00122431,0.993678,0.127905,0.0252745,-0.0174392,0.00852405,2.72831e-06,3.41038e-07,2.16517e-06,-1.28242e-05,0.00124315,10,0.0103986
2023-10-10 00:00:00+00:00,0.00115592,0.994827,0.129885,0.0230024,-0.0193412,0.0208424,6.66957e-06,8.33696e-07,9.59468e-07,-2.66939e-05,0.00119091,11,0.012212
2023-10-11 00:00:00+00:00,-0.00208087,0.992757,0.130927,0.0262367,-0.0113274,0,0,0,0,7.54177e-07,-0.00208311,11,0.0147218
2023-10-12 00:00:00+00:00,-0.00107954,0.991685,0.13105,0.0247468,-0.0121856,0,0,0,0,-3.87692e-06,-0.00107538,11,0.00901319
2023-10-13 00:00:00+00:00,0.000333392,0.992016,0.128587,0.0274926,-0.00790484,0.00411718,1.31741e-06,1.64676e-07,1.12223e-07,2.80639e-06,0.000332556,11,0.00308589
2023-10-14 00:00:00+00:00,-0.000290689,0.991727,0.127676,0.0286962,-0.00519304,0,0,0,0,6.50836e-06,-0.000296971,11,0.00409145
2023-10-15 00:00:00+00:00,0.00059407,0.992316,0.127189,0.0295364,-0.0092444,0.00202039,6.46502e-07,8.08127e-08,4.96013e-08,3.70422e-06,0.000591546,11,0.000855598
2023-10-16 00:00:00+00:00,0.00391952,0.996206,0.108631,0.0231642,0.00957739,0.0520099,1.66749e-05,3.8695e-06,2.0296e-06,6.6346e-06,0.00393538,10.2292,0.00227361
2023-10-17 00:00:00+00:00,0.00156833,0.997768,0.103996,-0.00771214,-0.00654512,0.0139774,4.47373e-06,7.562e-07,6.58305e-07,8.99368e-06,0.00156491,11,0.00826542
2023-10-18 00:00:00+00:00,-0.000292912,0.997476,0.10489,-0.00574216,-0.0105003,0.00867864,2.77712e-06,3.47139e-07,3.00553e-07,4.17545e-06,-0.000292597,11.6146,0.00971534
2023-10-19 00:00:00+00:00,6.02903e-06,0.997482,0.105616,-0.00269379,-0.0130009,0.00723742,2.31553e-06,2.89441e-07,2.40454e-07,2.12655e-05,-1.12835e-05,12,0.0074992
2023-10-20 00:00:00+00:00,-0.00160119,0.995885,0.108616,-0.00214432,-0.0147164,0.00408962,1.30859e-06,1.10657e-06,1.52841e-07,-5.15955e-05,-0.00154691,12,0.00668287
2023-10-21 00:00:00+00:00,0.000352743,0.996236,0.10572,0.00217872,-0.0116526,0.00206564,6.60979e-07,8.72534e-07,8.10198e-08,-3.29525e-05,0.000387994,12,0.0057194
2023-10-22 00:00:00+00:00,2.83108e-05,0.996264,0.103741,0.00516199,-0.00826757,0.00218964,7.00725e-07,3.41538e-07,7.38608e-08,-6.06167e-07,3.0378e-05,12,0.0050337
2023-10-23 00:00:00+00:00,-0.000440413,0.995825,0.104166,0.007656,-0.00560587,0.0202335,6.47402e-06,1.13501e-06,7.99525e-07,-7.62829e-05,-0.000351802,12.5417,0.00529878
2023-10-24 00:00:00+00:00,0.00235563,0.998171,0.140074,0.0143611,-0.00803451,0.0637239,2.03913e-05,9.52641e-06,2.9349e-06,0.000117338,0.00227111,14.1771,0.0101096
2023-10-25 00:00:00+00:00,-0.000401247,0.997771,0.181853,0.0290851,-0.00735477,0.00442588,1.41614e-06,3.76944e-07,9.3235e-08,0.000750453,-0.00114533,15,0.0118162
2023-10-26 00:00:00+00:00,0.000323589,0.998094,0.18488,0.029386,-0.00949905,0.0024462,7.82385e-07,9.77981e-08,2.00882e-07,0.000561003,-0.000233106,15,0.00919748
2023-10-27 00:00:00+00:00,0.00151792,0.999609,0.181451,0.0312879,-0.00807793,0.00417936,1.33699e-06,1.67124e-07,1.73872e-07,0.000138857,0.00138222,15.5729,0.00958076
2023-10-28 00:00:00+00:00,-0.000600077,0.999009,0.186287,0.0318964,-0.00942064,0.00844533,2.70188e-06,3.37735e-07,2.53331e-07,2.88443e-05,-0.000624763,17.6458,0.0105133
2023-10-29 00:00:00+00:00,-0.00198461,0.997026,0.188639,0.0331812,-0.0100304,0.00261594,8.37244e-07,1.04655e-07,1.05665e-07,3.48626e-05,-0.0020192,18,0.0117636
2023-10-30 00:00:00+00:00,0.00199865,0.999019,0.184899,0.0359293,-0.00862312,0.0280776,8.9827e-06,7.78677e-06,2.43423e-06,0.000117898,0.00189917,17.9688,0.00721999
2023-10-31 00:00:00+00:00,0.00228273,1.0013,0.184168,0.0369497,-0.00798198,0,0,0,0,9.44515e-05,0.00218688,18,0.0052214
2023-11-01 00:00:00+00:00,-0.000342492,1.00096,0.182149,0.0389802,-0.0065008,0,0,0,0,1.94569e-05,-0.000360791,18,0.00748309
2023-11-02 00:00:00+00:00,0.0010429,1.002,0.185003,0.0382473,-0.005509,0.0127454,4.07863e-06,2.0604e-06,4.43723e-07,2.3162e-05,0.00102676,18.3229,0.0111635
2023-11-03 00:00:00+00:00,0.000134773,1.00214,0.242785,0.0503278,-0.00695745,0.0784265,2.50956e-05,7.04869e-06,2.27457e-06,4.822e-06,0.000166074,20,0.0162079
2023-11-04 00:00:00+00:00,-0.000672662,1.00146,0.269571,0.0511705,-0.0130362,0.00201392,6.44649e-07,8.05811e-08,5.75384e-08,7.50265e-06,-0.000677322,20,0.0149174
2023-11-05 00:00:00+00:00,-0.00160108,0.999858,0.276203,0.0501524,-0.0150251,0.0106088,3.39475e-06,4.24344e-07,3.70976e-07,5.7547e-06,-0.00160172,20.2812,0.0137446
2023-11-06 00:00:00+00:00,0.00141375,1.00127,0.278651,0.0572573,-0.0111558,0.0657001,2.10241e-05,5.05917e-06,5.08818e-06,-3.15642e-05,0.0014794,21,0.0155491
2023-11-07 00:00:00+00:00,0.00107314,1.00235,0.317358,0.072396,-0.00682296,0.0575307,1.84116e-05,4.03191e-06,8.6293e-07,0.000224601,0.000874797,21,0.017608
2023-11-08 00:00:00+00:00,-0.00478769,0.997547,0.358359,0.0782449,-0.00597273,0.0174629,5.58757e-06,6.98447e-07,9.65587e-07,0.000710558,-0.00549942,21,0.0178766
2023-11-09 00:00:00+00:00,-0.00126731,0.996283,0.386654,0.0758129,-0.00959368,0.0323541,1.03526e-05,1.29407e-06,1.26612e-06,0.000745307,-0.0019671,21.5312,0.0159949
2023-11-10 00:00:00+00:00,-0.00910885,0.987208,0.382159,0.0727069,-0.00279044,0.0541244,1.73156e-05,2.16445e-06,2.66451e-06,0.000136528,-0.00925313,23,0.0146414
2023-11-11 00:00:00+00:00,-0.00122846,0.985995,0.370366,0.0786811,-0.00337955,0.0195128,6.24208e-06,7.8026e-07,8.70805e-07,6.78671e-05,-0.00127903,23.1042,0.0130044
2023-11-12 00:00:00+00:00,-0.0042511,0.981803,0.363117,0.0797121,-0.00572056,0.0237702,7.60212e-06,7.01427e-06,2.91755e-06,3.90705e-05,-0.00427261,24,0.0125938
2023-11-13 00:00:00+00:00,0.00670816,0.98839,0.327762,0.0883141,-0.00132492,0.102494,3.28005e-05,1.59134e-05,1.75722e-05,-2.03003e-05,0.0067776,22,0.0111943
2023-11-14 00:00:00+00:00,-0.00608064,0.98238,0.331001,0.0870994,-0.00439664,0.0574655,1.83898e-05,2.29873e-06,2.63972e-06,-1.54306e-05,-0.00605386,22.5833,0.0147829
2023-11-15 00:00:00+00:00,0.00144302,0.983797,0.351182,0.0829031,-0.00356796,0.00470014,1.5032e-06,1.87901e-07,1.22306e-07,2.22287e-05,0.00142703,23,0.0104866
2023-11-16 00:00:00+00:00,-0.00173031,0.982095,0.355301,0.0863711,0.00173245,0.00420983,1.34679e-06,1.68349e-07,1.23598e-07,-2.5858e-06,-0.00172179,23,0.00994902
2023-11-17 00:00:00+00:00,-0.000266383,0.981833,0.349057,0.0802438,0.000981854,0.00625256,2.00071e-06,2.50089e-07,1.71008e-07,-1.45614e-05,-0.000244451,23.6979,0.0100197
2023-11-18 00:00:00+00:00,-0.00236624,0.97951,0.344905,0.0804903,0.000657149,0.00418378,1.33825e-06,1.67282e-07,1.0337e-07,-1.61926e-05,-0.00234896,24,0.010036
2023-11-19 00:00:00+00:00,-0.00052357,0.978997,0.345709,0.0831205,-0.00109386,0.00206528,6.60898e-07,8.26123e-08,4.79767e-08,-7.25044e-06,-0.000513278,24,0.00901153
2023-11-20 00:00:00+00:00,0.00408104,0.982992,0.318186,0.0793577,-0.000859205,0.0623477,1.99506e-05,3.96038e-06,4.54962e-06,-1.31552e-05,0.0041188,23.5833,0.00831328
2023-11-21 00:00:00+00:00,-0.00217774,0.980852,0.369817,0.0848921,-0.00868905,0.123122,3.93971e-05,6.02876e-06,2.72692e-06,-1.83799e-05,-0.00210235,25,0.0150991
2023-11-22 00:00:00+00:00,0.000404285,0.981248,0.420943,0.104748,-0.0092772,0.0070492,2.25478e-06,2.81848e-07,1.90387e-07,-1.32125e-05,0.000427285,25,0.0136537
2023-11-23 00:00:00+00:00,0.00285413,0.984049,0.427206,0.107323,-0.00523048,0.00633243,2.02633e-06,2.53292e-07,2.52625e-07,-2.4917e-05,0.00288175,25,0.0132391
2023-11-24 00:00:00+00:00,-0.00131588,0.982754,0.440417,0.104192,-0.0101979,0.0169383,5.41959e-06,6.77449e-07,4.63656e-07,-3.04235e-05,-0.00127136,25.7083,0.016811
2023-11-25 00:00:00+00:00,-0.00183756,0.980948,0.443731,0.107935,-0.00770581,0.0195886,6.26847e-06,1.04158e-06,1.03168e-06,-4.22542e-05,-0.00178599,26,0.015917
2023-11-26 00:00:00+00:00,-0.00111962,0.97985,0.442889,0.12026,0.00388651,0.0115489,3.69497e-06,4.61871e-07,6.44881e-07,0.000223195,-0.00133531,26,0.0125487
2023-11-27 00:00:00+00:00,0.00161766,0.981435,0.431335,0.0987562,-0.0133561,0.0477334,1.52759e-05,4.86456e-06,2.88301e-06,1.00198e-05,0.00163281,24.7292,0.0131272
2023-11-28 00:00:00+00:00,0.00109432,0.982509,0.436022,0.0980004,-0.0141208,0.0387137,1.23906e-05,2.45098e-06,1.15404e-06,-2.31823e-05,0.00113689,25,0.0152193
2023-11-29 00:00:00+00:00,0.00176503,0.984243,0.453636,0.0979148,-0.0159281,0.0180967,5.79131e-06,7.69701e-07,4.7475e-07,-2.70762e-05,0.00180149,25,0.0165685
2023-11-30 00:00:00+00:00,0.000544909,0.984779,0.454823,0.0974769,-0.0163234,0.00737491,2.36071e-06,2.95089e-07,2.14112e-07,-1.79815e-05,0.000568777,25,0.0168923
2023-12-01 00:00:00+00:00,0.00451654,0.989227,0.484364,0.102612,-0.0178853,0.0718368,2.29889e-05,2.87362e-06,9.07904e-07,-2.48322e-05,0.00456236,25,0.0188472
2023-12-02 00:00:00+00:00,-0.00369205,0.985575,0.56615,0.125996,-0.0218991,0.0407821,1.30527e-05,1.66987e-06,4.86792e-07,-1.76623e-06,-0.00366285,25,0.0228683
2023-12-03 00:00:00+00:00,0.00618248,0.991668,0.576778,0.132373,-0.0233252,0.0113092,3.61694e-06,4.52117e-07,2.91465e-07,5.05175e-06,0.00617849,25,0.0217014
2023-12-04 00:00:00+00:00,0.00751772,0.999123,0.659885,0.176039,-0.0256453,0.25315,8.10868e-05,1.11471e-05,1.21542e-05,3.81896e-05,0.00762013,25.3333,0.0280387
2023-12-05 00:00:00+00:00,0.00687013,1.00599,0.776335,0.237553,-0.0149171,0.161727,5.17427e-05,8.74381e-06,6.74178e-06,2.28273e-05,0.00695565,27.4167,0.030774
2023-12-06 00:00:00+00:00,0.00930124,1.01534,0.86839,0.233278,-0.00996305,0.329973,0.000105606,2.948e-05,1.11882e-05,-1.96112e-05,0.0094932,28.5938,0.0324415
2023-12-07 00:00:00+00:00,0.00233283,1.01771,0.951906,0.210439,-0.00393761,0.357434,0.000114378,2.00045e-05,1.40046e-05,-4.09739e-05,0.00255763,29.2604,0.0353994
2023-12-08 00:00:00+00:00,-0.00528118,1.01234,1.1154,0.219028,-0.00470881,0.227379,7.27529e-05,1.51587e-05,8.5707e-06,3.79228e-05,-0.00520027,30,0.0349668
2023-12-09 00:00:00+00:00,0.00100988,1.01336,1.1556,0.225943,0.000676252,0.131491,4.2079e-05,1.84765e-05,5.06226e-06,-7.85452e-05,0.00119722,30,0.0331486
2023-12-10 00:00:00+00:00,-0.00964203,1.00359,1.15218,0.232305,-0.00258803,0.190998,6.11027e-05,1.19865e-05,7.11816e-06,-0.000184662,-0.00939487,30,0.0334928
2023-12-11 00:00:00+00:00,-0.0214072,0.982106,1.0843,0.225194,-0.00165512,0.405122,0.000129662,5.2919e-05,3.55519e-05,-3.33495e-05,-0.0213199,29,0.030543
2023-12-12 00:00:00+00:00,-0.0119592,0.97036,0.989817,0.197212,-0.00124614,0.151076,4.83237e-05,2.48954e-05,7.79462e-06,7.47566e-05,-0.0119678,29,0.0256813
2023-12-13 00:00:00+00:00,0.00648256,0.976651,0.910841,0.190388,-0.000966791,0.0813833,2.60394e-05,1.74547e-05,3.65061e-06,2.95023e-06,0.00653859,28.9375,0.0220204
2023-12-14 00:00:00+00:00,0.00360888,0.980176,0.935021,0.1988,0.00306226,0.0676933,2.16642e-05,1.09239e-05,1.71765e-06,5.79683e-05,0.00359962,29,0.0244112
2023-12-15 00:00:00+00:00,0.000229301,0.9804,0.959062,0.212005,0.00375877,0.02324,7.43535e-06,3.20766e-06,5.25137e-07,0.000124594,0.000133699,29,0.0259755
2023-12-16 00:00:00+00:00,-0.00838003,0.972184,0.905971,0.213765,9.15819e-05,0.116437,3.72546e-05,1.5706e-05,4.89112e-06,6.13336e-05,-0.00840331,29,0.0237126
2023-12-17 00:00:00+00:00,0.00178891,0.973924,0.873199,0.216856,-0.000869226,0.0466394,1.4925e-05,6.104e-06,1.64466e-06,-9.27794e-06,0.00183864,29.7396,0.0204287
2023-12-18 00:00:00+00:00,0.000611244,0.974519,0.81235,0.195421,-0.00342404,0.135866,4.34692e-05,7.39929e-06,6.39976e-06,-3.18576e-05,0.000712377,29.9792,0.0211196
2023-12-19 00:00:00+00:00,-0.000801487,0.973738,0.847521,0.194488,-0.00224477,0.0243994,7.80326e-06,1.12847e-06,9.61037e-07,7.03265e-05,-0.000842178,30,0.0219995
2023-12-20 00:00:00+00:00,-0.00735782,0.966573,0.857442,0.195978,-0.00425936,0.0310278,9.91799e-06,1.23975e-06,2.67845e-06,2.10923e-05,-0.00735187,30,0.0188367
2023-12-21 00:00:00+00:00,-0.014133,0.952913,0.861684,0.202387,0.000499015,0.0443028,1.41707e-05,1.78021e-06,6.97096e-07,-4.93982e-05,-0.014134,30,0.0159093
2023-12-22 00:00:00+00:00,0.00311661,0.955883,0.784679,0.185424,-0.00356892,0.126736,4.05804e-05,8.07837e-06,3.64385e-06,1.28697e-06,0.00318749,30,0.0135214
2023-12-23 00:00:00+00:00,-0.0101446,0.946185,0.743627,0.182014,-0.00314695,0.0175883,5.62467e-06,2.59555e-06,7.22973e-07,0.000104976,-0.0102784,30,0.0139381
2023-12-24 00:00:00+00:00,-0.00266209,0.943667,0.728555,0.19126,-0.00339513,0.0468752,1.49943e-05,6.10104e-06,1.85553e-06,6.27507e-06,-0.00262602,30,0.00922003
2023-12-25 00:00:00+00:00,-0.000623028,0.943079,0.676102,0.185096,-0.00295966,0.048471,1.55039e-05,4.52877e-06,4.0641e-06,-7.84391e-05,-0.00050817,28,0.00687675
2023-12-26 00:00:00+00:00,0.00744632,0.950101,0.629898,0.166779,-0.00861632,0.105435,3.37519e-05,1.16816e-05,4.20626e-06,-0.000135549,0.00762259,28,0.00590117
2023-12-27 00:00:00+00:00,0.0126346,0.962105,0.514753,0.158441,-0.00738173,0.102528,3.28171e-05,8.83093e-06,5.31001e-06,4.7373e-05,0.0125688,28.4479,0.00830669
2023-12-28 00:00:00+00:00,0.00140844,0.96346,0.512948,0.161911,-0.000650169,0.0789329,2.52605e-05,9.17762e-06,3.10302e-06,0.000108854,0.00134951,29,0.0141816
2023-12-29 00:00:00+00:00,-0.0061671,0.957519,0.540313,0.160222,-0.00246156,0.0390715,1.25013e-05,4.82494e-06,1.65251e-06,5.59982e-05,-0.00621385,29,0.015213
2023-12-30 00:00:00+00:00,0.0026286,0.960036,0.535838,0.159444,0.00314491,0.00253525,8.11387e-07,1.01423e-07,1.07777e-07,0.000122896,0.00250653,29,0.0118889
2023-12-31 00:00:00+00:00,0.00124282,0.961229,0.541358,0.156274,0.00230792,0.0102262,3.27305e-06,4.09131e-07,7.13299e-07,0.000353813,0.00089732,29,0.0106745
2024-01-01 00:00:00+00:00,-0.00111981,0.960152,0.502003,0.147026,-0.00232676,0.0545179,1.74454e-05,4.92654e-06,3.50288e-06,-9.64286e-05,-0.000991771,28,0.00840782
2024-01-02 00:00:00+00:00,0.00548216,0.965416,0.48442,0.148717,-2.7324e-07,0.0299869,9.60889e-06,1.20111e-06,3.98672e-07,-0.000130788,0.00562346,28,0.0080819
2024-01-03 00:00:00+00:00,-0.00835484,0.95735,0.438006,0.119548,0.00121776,0.066476,2.12401e-05,2.65501e-06,1.42399e-06,-2.12887e-05,-0.00832385,28,0.00822747
2024-01-04 00:00:00+00:00,7.25944e-05,0.95742,0.372716,0.0824747,0.000523561,0.0262789,8.40804e-06,1.05101e-06,5.79333e-07,-4.78471e-06,9.3039e-05,28,0.00382095
2024-01-05 00:00:00+00:00,0.00470208,0.961922,0.360334,0.0863749,0.00471889,0.00411079,1.31543e-06,1.64429e-07,2.8975e-07,1.55539e-05,0.0046809,28.5833,0.00553638
2024-01-06 00:00:00+00:00,0.0040067,0.965776,0.351546,0.0905895,0.00605658,0.00420096,1.34444e-06,1.68055e-07,2.74102e-07,1.12867e-05,0.00399366,29,0.00985581
2024-01-07 00:00:00+00:00,0.00150401,0.967228,0.349585,0.0931697,0.00545965,0.00616806,1.97391e-06,2.46739e-07,2.96296e-07,6.85517e-06,0.00150134,29.0625,0.0137211
2024-01-08 00:00:00+00:00,0.0033509,0.970469,0.418739,0.107524,-0.00352979,0.161885,5.18096e-05,2.29828e-05,5.99818e-06,-1.70125e-05,0.00345976,28.1979,0.0162299
2024-01-09 00:00:00+00:00,0.00117932,0.971614,0.442037,0.121818,0.00277677,0.0288307,9.22191e-06,3.62872e-06,7.01988e-07,-3.29302e-05,0.00123674,29,0.0196766
2024-01-10 00:00:00+00:00,-0.00250341,0.969181,0.451471,0.114846,0.00503007,0.0620275,1.98451e-05,1.57953e-05,2.68725e-06,-3.03392e-05,-0.00241917,29,0.0194952
2024-01-11 00:00:00+00:00,0.00428977,0.973339,0.47752,0.102101,0.00523716,0.0772513,2.47255e-05,2.84358e-05,2.9389e-06,-2.03484e-05,0.00437461,29,0.0188635
2024-01-12 00:00:00+00:00,-0.00338328,0.970046,0.466953,0.0840595,0.000688115,0.0735801,2.35425e-05,3.35594e-05,3.14375e-06,-2.09181e-05,-0.00329416,29,0.0197898
2024-01-13 00:00:00+00:00,-0.00122342,0.968859,0.451028,0.0702046,-0.003723,0.016846,5.3893e-06,5.77337e-06,7.13062e-07,-1.11057e-05,-0.00119158,29,0.0186591
2024-01-14 00:00:00+00:00,0.000714776,0.969552,0.451189,0.0728536,-0.00257198,0.00640823,2.05039e-06,3.96532e-06,2.70141e-07,-1.27268e-05,0.000738479,29,0.0200266
2024-01-15 00:00:00+00:00,0.000604757,0.970138,0.480829,0.0733299,-0.0104766,0.147893,4.73349e-05,4.61704e-05,1.06061e-05,3.30973e-06,0.000712982,29,0.0240971
2024-01-16 00:00:00+00:00,0.00288064,0.972933,0.502091,0.08091,-0.00744671,0.0421788,1.34992e-05,1.08013e-05,1.01658e-06,6.87231e-05,0.0028381,29,0.0240142
2024-01-17 00:00:00+00:00,-0.00335519,0.969668,0.539191,0.0970019,-0.0011191,0.0179853,5.75453e-06,2.26845e-06,3.713e-07,7.37045e-05,-0.00341967,29,0.0227578
2024-01-18 00:00:00+00:00,0.00734997,0.976795,0.527144,0.103543,0.003225,0.0435013,1.39203e-05,9.14758e-06,1.01321e-06,7.26763e-05,0.00728154,29,0.0214105
2024-01-19 00:00:00+00:00,0.003407,0.980123,0.589526,0.13875,0.00209863,0.237048,7.58784e-05,5.76821e-05,4.97673e-06,0.000184507,0.00336636,29,0.0284034
2024-01-20 00:00:00+00:00,0.00631605,0.986314,0.732296,0.166727,-0.00911288,0.105214,3.36658e-05,2.03198e-05,1.37502e-06,0.000128599,0.0062342,29,0.0321013
2024-01-21 00:00:00+00:00,0.00487819,0.991125,0.800893,0.182064,-0.0167028,0.0317887,1.01729e-05,4.23061e-06,5.75167e-07,0.000100744,0.00479002,29,0.0352537
2024-01-22 00:00:00+00:00,-0.00533921,0.985833,0.835607,0.178348,-0.0220782,0.127403,4.07536e-05,2.93394e-05,3.08325e-06,0.000210628,-0.0054694,28.9792,0.0377976
2024-01-23 00:00:00+00:00,-0.0026624,0.983209,0.87765,0.192237,-0.0119881,0.163381,5.22757e-05,2.41831e-05,6.30471e-06,0.000132275,-0.00268789,29,0.0342103
2024-01-24 00:00:00+00:00,-0.0141066,0.969339,0.944182,0.210411,-0.0101114,0.0401895,1.28496e-05,8.00265e-06,1.44807e-06,2.06542e-05,-0.0141777,29,0.0308908
2024-01-25 00:00:00+00:00,0.00870887,0.977781,0.899645,0.206408,-0.00657567,0.107333,3.43754e-05,2.37624e-05,4.3914e-06,-6.61636e-06,0.00876496,29,0.0269696
2024-01-26 00:00:00+00:00,-0.0100795,0.967925,0.886927,0.201664,-0.00285651,0.0823394,2.63412e-05,1.13762e-05,2.23233e-06,-2.71775e-07,-0.0100702,29,0.0265788
2024-01-27 00:00:00+00:00,0.00397113,0.971769,0.890826,0.199641,-0.00201208,0.0536951,1.71813e-05,2.75332e-06,1.77931e-06,2.71433e-05,0.00396919,29,0.0240786
2024-01-28 00:00:00+00:00,0.00692997,0.978503,0.882768,0.19856,-0.00628006,0.0505018,1.61573e-05,2.01966e-06,1.88362e-06,3.9116e-05,0.0068991,29.2917,0.0260904
2024-01-29 00:00:00+00:00,-0.00562799,0.972996,0.896359,0.160769,-0.0199131,0.140105,4.47988e-05,5.59986e-06,1.32563e-05,9.37354e-06,-0.00557604,28,0.028538
2024-01-30 00:00:00+00:00,-0.00149308,0.971544,0.912538,0.162679,-0.0216462,0.0132791,4.24697e-06,5.30872e-07,1.63353e-07,3.18453e-05,-0.00150028,28,0.028612
2024-01-31 00:00:00+00:00,0.00380043,0.975236,0.885062,0.175274,-0.0167024,0.0972683,3.11043e-05,9.39536e-06,3.56867e-06,7.31372e-06,0.00385531,28,0.0292365
2024-02-01 00:00:00+00:00,0.00239812,0.977575,0.874682,0.179411,-0.00967481,0.0237078,7.58544e-06,1.47469e-06,6.84156e-07,3.83078e-05,0.00238629,28,0.0313132
2024-02-02 00:00:00+00:00,0.00557557,0.983025,0.885879,0.18226,-0.0122621,0.0351832,1.12567e-05,5.27313e-06,1.56793e-06,7.20194e-05,0.00552139,28,0.0333874
2024-02-03 00:00:00+00:00,0.00362385,0.986587,0.907486,0.180522,-0.0152314,0.0336823,1.0779e-05,7.33587e-06,1.41425e-06,6.39355e-05,0.00358521,28.5,0.0346485
2024-02-04 00:00:00+00:00,0.00309784,0.989644,0.913923,0.182896,-0.0187083,0.0276213,8.83974e-06,1.70052e-06,5.92225e-07,4.47766e-05,0.00307336,29,0.0362727
2024-02-05 00:00:00+00:00,-0.0087259,0.981008,0.931358,0.179078,-0.0195836,0.110186,3.525e-05,1.80309e-05,7.60285e-06,7.18642e-06,-0.00869185,28.875,0.0359179
2024-02-06 00:00:00+00:00,0.00668067,0.987562,0.967168,0.183097,-0.023349,0.0190418,6.09045e-06,1.16912e-06,3.28841e-07,4.59185e-05,0.00663505,29,0.0330776
2024-02-07 00:00:00+00:00,0.00524617,0.992743,0.969281,0.1845,-0.0191642,0.0457864,1.46508e-05,5.68851e-06,1.13555e-06,1.62597e-05,0.00526354,29,0.0349929
2024-02-08 00:00:00+00:00,0.0152051,1.00784,1.06072,0.208143,-0.0107797,0.217915,6.97214e-05,1.47684e-05,7.92043e-06,0.000338363,0.0148634,29.7604,0.0374575
2024-02-09 00:00:00+00:00,-0.00622524,1.00156,1.22072,0.271683,0.00224502,0.405602,0.000129789,2.67239e-05,8.2534e-06,0.000253419,-0.00630151,29.9583,0.0425898
2024-02-10 00:00:00+00:00,0.0030148,1.00458,1.23836,0.280252,0.00402924,0.0862815,2.76069e-05,6.24763e-06,1.59894e-06,0.000277868,0.00279496,30,0.0430163
2024-02-11 00:00:00+00:00,-0.00130602,1.00327,1.26753,0.269107,-0.00686468,0.0281862,9.0221e-06,1.9854e-06,7.18959e-07,0.000304403,-0.00157845,30,0.0426125
2024-02-12 00:00:00+00:00,-0.00938621,0.993854,1.19992,0.223623,-0.0588076,0.647637,0.000207,4.70408e-05,4.04442e-05,0.000447452,-0.00951926,28,0.0406929
2024-02-13 00:00:00+00:00,-0.00158075,0.992283,1.15445,0.22168,-0.0327482,0.052073,1.66613e-05,2.12794e-06,2.08308e-06,0.000377073,-0.00189626,28,0.0383213
2024-02-14 00:00:00+00:00,0.00687582,0.999106,1.174,0.210488,-0.0216599,0.0642422,2.05672e-05,6.70303e-06,2.43474e-06,0.000359069,0.00655401,28,0.0379331
2024-02-15 00:00:00+00:00,0.0161437,1.01524,1.24031,0.221746,-0.0183607,0.260675,8.34003e-05,1.22764e-05,8.21801e-06,0.000434818,0.0157446,28.8333,0.0406157
2024-02-16 00:00:00+00:00,0.0085705,1.02394,1.37132,0.243219,-0.0203386,0.332336,0.000106326,2.34167e-05,1.12615e-05,0.000300485,0.00843454,29,0.0441116
2024-02-17 00:00:00+00:00,-0.0120564,1.01159,1.34681,0.262991,-0.0251906,0.509713,0.000163055,2.91127e-05,1.05289e-05,0.00025867,-0.0121339,29.2396,0.0455256
2024-02-18 00:00:00+00:00,0.00347435,1.01511,1.42625,0.278915,-0.022711,0.119336,3.81722e-05,5.59113e-06,2.4214e-06,0.000294335,0.00325546,30,0.0427522
2024-02-19 00:00:00+00:00,-0.00505182,1.00998,1.38865,0.323951,-0.013329,0.432294,0.000137959,2.03878e-05,5.57474e-05,6.95631e-05,-0.00486451,30,0.0396455
2024-02-20 00:00:00+00:00,0.0205733,1.03076,1.34311,0.336881,-0.00399137,0.187501,6.00165e-05,1.0541e-05,1.06108e-05,-1.6452e-05,0.0206577,30,0.0401023
2024-02-21 00:00:00+00:00,0.010957,1.04205,1.40303,0.38982,-0.00525484,0.212137,6.78892e-05,1.33992e-05,7.42003e-06,0.000163988,0.0108743,30,0.045935
2024-02-22 00:00:00+00:00,-0.00460819,1.03725,1.51978,0.413196,-0.0131091,0.261752,8.3762e-05,1.74507e-05,8.86324e-06,0.000414434,-0.00484244,30,0.0482781
2024-02-23 00:00:00+00:00,0.00877558,1.04635,1.55039,0.417859,-0.0116289,0.134763,4.31418e-05,8.00962e-06,4.259e-06,0.000432541,0.00843163,30,0.046985
2024-02-24 00:00:00+00:00,-0.00280007,1.04342,1.59049,0.423286,-0.00993508,0.0979527,3.13359e-05,5.18871e-06,3.82227e-06,0.000350956,-0.00306978,30,0.0500028
2024-02-25 00:00:00+00:00,-0.0104888,1.03248,1.61679,0.423045,-0.0169065,0.0597608,1.91163e-05,4.14339e-06,1.62133e-06,4.54627e-05,-0.0105118,30,0.0489102
2024-02-26 00:00:00+00:00,0.0233814,1.05662,1.27001,0.275358,-0.0320972,0.686457,0.000219582,9.61111e-05,7.7638e-05,0.000318441,0.0232487,28.3021,0.0483534
2024-02-27 00:00:00+00:00,0.0121019,1.0694,1.30924,0.261775,-0.0293732,0.94792,0.000303319,0.000137687,2.22849e-05,0.000364736,0.0122129,29.6042,0.0534057
2024-02-28 00:00:00+00:00,0.0131055,1.08342,0.964357,0.209448,-0.00888365,1.30556,0.000417646,0.000140074,4.38969e-05,0.000306966,0.0134906,30,0.0569262
2024-02-29 00:00:00+00:00,0.00831647,1.09243,0.835678,0.173563,0.0102701,0.570205,0.000182465,3.99284e-05,2.49188e-05,1.57587e-05,0.00857136,30,0.059931
2024-03-01 00:00:00+00:00,-0.00457813,1.08743,0.842299,0.179298,0.0133273,0.325265,0.00010409,2.49261e-05,1.58745e-05,6.46971e-05,-0.00446499,30,0.0610552
2024-03-02 00:00:00+00:00,-0.00365786,1.08345,0.82897,0.18663,0.000122452,0.371128,0.000118779,2.37438e-05,1.73475e-05,0.000118312,-0.00354512,30,0.0597001
2024-03-03 00:00:00+00:00,-0.000364759,1.08306,0.880592,0.225849,-0.00222417,0.389102,0.000124544,1.79027e-05,1.62811e-05,-1.50297e-06,-0.000122151,30,0.0579923
2024-03-04 00:00:00+00:00,-0.000511162,1.0825,0.800702,0.209533,-0.020535,0.74917,0.000239935,6.3967e-05,6.25018e-05,-1.57862e-05,-1.937e-05,29.9583,0.057298
2024-03-05 00:00:00+00:00,-0.00250667,1.07979,0.823016,0.226041,-0.00672517,0.52487,0.000167945,3.12313e-05,2.25107e-05,-0.00016936,-0.00199258,30,0.0583373
2024-03-06 00:00:00+00:00,0.0158337,1.09689,0.714667,0.184011,-0.00605838,0.439253,0.000140677,3.6606e-05,2.21386e-05,-5.99856e-05,0.0160223,30,0.0596209
2024-03-07 00:00:00+00:00,0.0119345,1.10998,0.728432,0.193176,-0.00105003,0.433534,0.000138749,7.98119e-05,2.10924e-05,-8.99813e-05,0.012236,30,0.0627071
2024-03-08 00:00:00+00:00,-0.022376,1.08514,0.805281,0.198509,-0.00328515,0.35912,0.000114854,8.18059e-05,1.40102e-05,1.9923e-05,-0.0223415,29.9271,0.0625095
2024-03-09 00:00:00+00:00,-0.0178158,1.06581,0.783332,0.193204,-0.00802053,0.277308,8.86897e-05,6.15342e-05,9.55992e-06,0.00020809,-0.0179741,30,0.0572018
2024-03-10 00:00:00+00:00,0.0257084,1.09321,0.872201,0.213157,-0.0101448,0.192131,6.14942e-05,5.27402e-05,6.56916e-06,-9.35924e-06,0.0255662,30,0.054475
2024-03-11 00:00:00+00:00,0.0245514,1.12005,0.831976,0.20645,-0.0402372,1.14499,0.000366694,0.000234967,6.47472e-05,-0.000255431,0.0253146,29.9896,0.0584905
2024-03-12 00:00:00+00:00,-0.0079851,1.1111,0.859683,0.203271,-0.0278108,0.477905,0.000152876,9.86288e-05,1.37513e-05,-4.7552e-05,-0.00764587,30,0.0622755
2024-03-13 00:00:00+00:00,0.0207809,1.13419,0.897756,0.188904,-0.021143,0.187184,5.99053e-05,2.12208e-05,5.30064e-06,-8.03928e-06,0.0207355,30,0.0612339
2024-03-14 00:00:00+00:00,-0.0184732,1.11324,0.767028,0.176157,-0.026573,1.07495,0.000343849,0.000120104,2.62166e-05,0.000185378,-0.0182465,29.6146,0.0604302
2024-03-15 00:00:00+00:00,-0.00350522,1.10934,0.759674,0.166458,-0.00530793,1.47928,0.000473362,0.00010316,4.24028e-05,3.78065e-05,-0.00287785,29.625,0.0548803
2024-03-16 00:00:00+00:00,0.0199575,1.13148,0.847054,0.16145,-0.00797275,0.348222,0.000111466,1.5695e-05,1.27686e-05,3.72289e-05,0.0199329,30,0.0543874
2024-03-17 00:00:00+00:00,0.00130055,1.13295,0.739595,0.152253,-0.00558642,1.20169,0.000384511,4.92847e-05,2.79325e-05,-3.23047e-05,0.00184524,27.0833,0.0582421
2024-03-18 00:00:00+00:00,0.0210056,1.15675,0.741879,0.152342,-0.0234999,1.11025,0.000355336,4.89686e-05,5.23322e-05,-5.78236e-05,0.0213725,22.0312,0.0569698
2024-03-19 00:00:00+00:00,-0.0289891,1.12322,0.89163,0.141495,-0.0201297,0.598076,0.000191218,2.83344e-05,2.03879e-05,1.27637e-05,-0.0290732,25.6354,0.0583813
2024-03-20 00:00:00+00:00,0.0114577,1.13608,0.9419,0.139862,-0.0105142,0.449881,0.000143846,1.94479e-05,1.52524e-05,2.1755e-05,0.0116481,26.3229,0.053249
2024-03-21 00:00:00+00:00,0.00891733,1.14622,0.933095,0.155904,-0.00902144,0.570644,0.000182603,3.86555e-05,1.42978e-05,-3.92335e-05,0.00919925,28.0729,0.0545743
2024-03-22 00:00:00+00:00,-0.00516504,1.1403,1.02892,0.167806,-0.00542349,0.402884,0.000128885,4.40829e-05,1.12477e-05,5.71313e-05,-0.00499133,29,0.054879
2024-03-23 00:00:00+00:00,0.00225057,1.14286,1.03484,0.16188,-0.0109706,0.306172,9.80116e-05,3.52844e-05,1.03328e-05,-1.67502e-06,0.00244712,29.3229,0.0498107
2024-03-24 00:00:00+00:00,0.000728081,1.14369,0.978751,0.16288,-0.0129243,0.226182,7.23713e-05,3.08641e-05,6.11944e-06,-4.24014e-05,0.000903521,30,0.0501568
2024-03-25 00:00:00+00:00,0.0095911,1.15466,1.07419,0.160771,-0.0293562,0.568186,0.000181818,9.59765e-05,1.24081e-05,6.00862e-05,0.00981705,30,0.0498385
2024-03-26 00:00:00+00:00,-0.00385541,1.15021,0.922051,0.149545,-0.0209451,1.9048,0.000609525,0.000271558,3.4087e-05,0.00010302,-0.00302212,30,0.051384
2024-03-27 00:00:00+00:00,-0.00881281,1.14007,0.945489,0.141798,-0.0176647,1.71376,0.000548323,0.000167627,3.16898e-05,3.10516e-06,-0.00806701,25.4792,0.0610435
2024-03-28 00:00:00+00:00,-0.0189948,1.11842,0.914455,0.144658,-0.0100383,1.05802,0.00033847,0.000135327,1.60143e-05,0.000102279,-0.0187402,23.8438,0.0578743
2024-03-29 00:00:00+00:00,0.00667205,1.12588,0.80725,0.153609,-0.00266296,1.11738,0.000357589,0.000118444,1.70007e-05,5.45936e-05,0.00711941,24.0625,0.0519216
2024-03-30 00:00:00+00:00,-0.00961321,1.11506,0.804656,0.175179,-0.000936996,1.13292,0.000362492,0.000123341,1.83512e-05,0.000201327,-0.00931588,20.8646,0.0504122
2024-03-31 00:00:00+00:00,7.77658e-05,1.11514,0.773615,0.196114,-0.00679057,0.684343,0.000218974,5.67121e-05,9.06698e-06,7.27686e-05,0.000320462,19.4375,0.046699
2024-04-01 00:00:00+00:00,0.00692614,1.12287,0.895339,0.189548,-0.0218801,0.288483,9.23368e-05,2.60269e-05,6.2448e-06,0.00015082,0.0068977,22.625,0.0467871
2024-04-02 00:00:00+00:00,0.00706992,1.13081,0.952781,0.162785,-0.015806,1.41643,0.000453239,7.34524e-05,3.00449e-05,-4.67728e-05,0.00769408,24.8958,0.0499232
2024-04-03 00:00:00+00:00,0.0178605,1.151,0.91802,0.151034,-0.0118633,0.830072,0.000265687,5.44179e-05,2.09805e-05,-1.65664e-05,0.018092,26.5,0.0502581
2024-04-04 00:00:00+00:00,0.000665049,1.15177,1.27781,0.170532,-0.00631449,0.671498,0.000214815,3.79624e-05,1.91555e-05,4.37624e-05,0.000960124,29.7917,0.054427
2024-04-05 00:00:00+00:00,-0.000142364,1.15161,1.3556,0.17973,0.00657786,0.870885,0.00027869,3.48806e-05,2.29434e-05,0.000222111,2.24686e-05,30,0.0554223
2024-04-06 00:00:00+00:00,-0.0139474,1.13554,1.22452,0.183358,0.00230193,1.23219,0.000394255,4.92821e-05,2.23168e-05,0.000201481,-0.0137416,30,0.0533843
2024-04-07 00:00:00+00:00,-0.00577613,1.12898,1.18052,0.186003,-0.00962571,0.175757,5.62244e-05,8.757e-06,4.14148e-06,0.00026706,-0.00596196,30,0.0491393
2024-04-08 00:00:00+00:00,0.00324379,1.13265,1.2308,0.193093,-0.0183996,0.652379,0.000208773,3.17555e-05,2.13016e-05,3.48554e-05,0.00349645,30,0.0471665
2024-04-09 00:00:00+00:00,0.0131955,1.14759,1.23436,0.220186,-0.0131449,0.486052,0.000155567,5.10385e-05,9.94048e-06,2.66964e-05,0.013332,30,0.0494163
2024-04-10 00:00:00+00:00,0.00315816,1.15122,1.11215,0.218609,-0.0115938,1.57896,0.000505259,0.000147147,2.95879e-05,-2.44085e-05,0.00390937,29.9062,0.0524489
2024-04-11 00:00:00+00:00,0.00729426,1.15961,0.856878,0.184563,-0.00533044,1.40701,0.000450252,0.000119892,2.69757e-05,-3.31278e-05,0.00793199,20.1875,0.0544216
2024-04-12 00:00:00+00:00,0.0109293,1.17229,0.728789,0.176528,-0.000414368,1.87515,0.000600295,0.000202222,7.47766e-05,4.90381e-05,0.0117635,19.0938,0.0566156
2024-04-13 00:00:00+00:00,0.00822887,1.18193,0.76641,0.200502,0.00182328,1.58712,0.000507866,0.000113727,8.31497e-05,0.000235495,0.00876908,22.0104,0.059949
2024-04-14 00:00:00+00:00,-0.00934376,1.17089,0.797591,0.1729,0.00100987,1.3087,0.000418719,0.000145724,7.30913e-05,0.000171692,-0.00887338,24.7708,0.0607032
2024-04-15 00:00:00+00:00,0.00766681,1.17987,0.838181,0.155132,-0.0128887,0.944217,0.000302233,0.000116064,9.04582e-05,0.000323078,0.00786787,27.8438,0.0610394
2024-04-16 00:00:00+00:00,-0.00629575,1.17244,1.10994,0.17926,-0.0017897,1.043,0.00033373,0.000141345,5.67417e-05,0.000253521,-0.00598523,30,0.0624731
2024-04-17 00:00:00+00:00,0.00277007,1.17569,1.0409,0.18245,0.0022761,1.58618,0.000507482,0.000178474,6.51813e-05,3.0425e-06,0.00360305,29.4583,0.0600477
2024-04-18 00:00:00+00:00,0.013588,1.19166,1.09725,0.156111,8.10363e-05,0.939174,0.000300611,9.06977e-05,4.42203e-05,-1.1599e-05,0.0139835,29,0.0580116
2024-04-19 00:00:00+00:00,-0.00665235,1.18373,1.16331,0.191818,0.00337632,1.25313,0.000400937,9.51521e-05,5.9189e-05,-3.1466e-06,-0.00605508,29,0.0590148
2024-04-20 00:00:00+00:00,-0.0103923,1.17143,1.12793,0.215686,0.00253855,1.70573,0.0005457,0.000187822,5.76464e-05,8.86419e-06,-0.00961636,28.8646,0.0560961
2024-04-21 00:00:00+00:00,0.00437614,1.17656,0.924633,0.19643,-0.00175276,1.10401,0.000353279,4.77914e-05,2.12167e-05,0.00011632,0.00470724,21.8438,0.0515855
2024-04-22 00:00:00+00:00,0.00536096,1.18287,0.914869,0.203392,-0.00012328,1.2363,0.000395479,6.12509e-05,4.88144e-05,1.05641e-05,0.00588035,21.1562,0.0526502
2024-04-23 00:00:00+00:00,-0.00774194,1.17371,0.79371,0.187604,0.000916709,0.750672,0.000240186,3.36956e-05,1.09155e-05,7.39762e-05,-0.00752371,19.8333,0.0541675
2024-04-24 00:00:00+00:00,-0.00548713,1.16727,0.766769,0.19575,-0.000268594,0.854648,0.000273468,3.57889e-05,1.27733e-05,0.000121616,-0.00525314,19.1042,0.0510632
2024-04-25 00:00:00+00:00,-0.00316191,1.16358,0.763911,0.210375,0.0044819,0.977799,0.000312879,4.07038e-05,1.78076e-05,0.000149087,-0.00290559,20.2083,0.049703
2024-04-26 00:00:00+00:00,0.00883535,1.17386,0.781663,0.221846,0.00116739,0.95723,0.000306351,5.33661e-05,1.49545e-05,0.000159906,0.0090353,19.8958,0.0491249
2024-04-27 00:00:00+00:00,0.0121137,1.18808,0.863655,0.216472,-4.65783e-05,1.17266,0.000375326,6.79508e-05,2.31776e-05,0.000170442,0.0123637,18.6667,0.0515867
2024-04-28 00:00:00+00:00,0.00480439,1.19379,0.900471,0.237601,-0.00223334,0.946765,0.000302991,4.21225e-05,1.73786e-05,0.000337212,0.00483473,17.75,0.0544946
2024-04-29 00:00:00+00:00,-0.00359152,1.1895,0.908229,0.19515,-0.0311692,1.46109,0.000467582,8.73741e-05,6.05711e-05,0.000259692,-0.0032156,20.1771,0.0562629
2024-04-30 00:00:00+00:00,0.00388437,1.19412,0.884101,0.188492,-0.0184636,1.20813,0.000386632,7.73723e-05,2.41553e-05,9.85306e-05,0.00431703,20.6146,0.0561322
2024-05-01 00:00:00+00:00,-0.00530453,1.18779,1.04034,0.17581,-0.0145273,1.7645,0.000564575,0.000115062,4.23079e-05,0.000187682,-0.00472746,23.2188,0.0537717
2024-05-02 00:00:00+00:00,-0.0133932,1.17188,0.773817,0.16741,-0.00659139,0.983902,0.000314785,5.66891e-05,1.92251e-05,0.000121724,-0.0131775,21.875,0.0487064
2024-05-03 00:00:00+00:00,-0.0012914,1.17036,0.760025,0.207419,-0.012028,1.0396,0.00033267,5.68264e-05,1.951e-05,0.000176332,-0.00102057,20.7396,0.0438167
2024-05-04 00:00:00+00:00,-0.00214456,1.16785,0.810296,0.225205,-0.00858057,1.30211,0.000416687,0.000104874,2.68342e-05,0.000180765,-0.00174775,23.3229,0.0404868
2024-05-05 00:00:00+00:00,0.000654989,1.16862,0.838545,0.231741,-0.0066829,0.207446,6.63662e-05,1.46957e-05,3.98049e-06,-0.000174056,0.000937875,25,0.0375402
2024-05-06 00:00:00+00:00,-0.00356259,1.16446,0.976134,0.224317,-0.0165537,0.331695,0.000106038,2.28261e-05,2.77849e-05,3.89588e-05,-0.00340505,25,0.0364915
2024-05-07 00:00:00+00:00,-0.00317715,1.16076,0.99045,0.234117,-0.00594393,0.181883,5.81964e-05,1.25409e-05,5.36832e-06,3.77092e-05,-0.0031018,24.9167,0.0363108
2024-05-08 00:00:00+00:00,0.00192377,1.16299,1.00839,0.231126,-0.00585466,0.115183,3.68358e-05,6.83698e-06,3.95426e-06,7.2183e-06,0.00200996,25.3854,0.0375933
2024-05-09 00:00:00+00:00,-0.00793677,1.15376,0.871927,0.218692,-0.00515524,0.924053,0.000295673,5.99021e-05,1.66657e-05,8.0204e-05,-0.00764189,26.8333,0.0391332
2024-05-10 00:00:00+00:00,-0.00884489,1.14355,0.715647,0.220079,-0.000552771,0.160464,5.13274e-05,6.5944e-06,3.03934e-06,0.000122395,-0.0089192,27.3958,0.0361483
2024-05-11 00:00:00+00:00,-0.000942484,1.14248,0.779779,0.235238,-0.00135124,0.0660534,2.11091e-05,2.643e-06,1.11613e-06,2.79528e-05,-0.000919559,28,0.0314462
2024-05-12 00:00:00+00:00,2.82007e-05,1.14251,0.792798,0.240091,-0.00284566,0.040313,1.28995e-05,1.61244e-06,1.13605e-06,6.43293e-05,-9.5344e-06,28,0.0314726
2024-05-13 00:00:00+00:00,0.000188778,1.14272,0.842755,0.250084,-0.00999471,0.270702,8.65788e-05,1.91886e-05,1.18761e-05,5.70426e-05,0.000323587,26.9792,0.0349164
2024-05-14 00:00:00+00:00,-1.32704e-05,1.14271,0.908377,0.279419,-0.0113355,0.148223,4.74239e-05,5.92798e-06,4.3287e-06,0.000373091,-0.00028681,27.1875,0.0363614
2024-05-15 00:00:00+00:00,0.015993,1.16098,0.998916,0.281831,-0.00217921,0.134834,4.31595e-05,7.57247e-06,4.7847e-06,0.000436192,0.0155466,28.4375,0.0356563
2024-05-16 00:00:00+00:00,0.00307907,1.16456,1.08481,0.275627,-0.00801934,0.329708,0.000105497,1.84952e-05,8.59756e-06,0.000116995,0.00312423,29.8542,0.039408
2024-05-17 00:00:00+00:00,0.0153169,1.1824,1.06297,0.275856,-0.00382872,0.629743,0.000201571,3.07796e-05,1.33904e-05,0.000111158,0.0153602,30,0.0405475
2024-05-18 00:00:00+00:00,0.00818283,1.19207,1.00759,0.287525,-0.0102517,1.23911,0.000396549,6.40011e-05,2.24086e-05,8.84266e-05,0.00858119,30,0.044232
2024-05-19 00:00:00+00:00,0.00149618,1.19385,1.03218,0.264429,-0.0277404,0.678406,0.000217107,5.03518e-05,1.17828e-05,1.54038e-05,0.00178546,30,0.0466299
2024-05-20 00:00:00+00:00,0.0239869,1.22249,0.864247,0.183229,-0.0411012,2.36714,0.00075764,0.000222692,0.000116064,-1.55122e-05,0.0248924,24.9271,0.0462668
2024-05-21 00:00:00+00:00,-0.0174688,1.20114,1.05048,0.222302,-0.0160772,2.30561,0.000737606,0.000235728,6.45714e-05,1.33723e-05,-0.0165073,25.9583,0.0494127
2024-05-22 00:00:00+00:00,-0.0181826,1.1793,0.785081,0.175597,-0.00929121,1.24087,0.000397024,0.000154266,2.62461e-05,2.35064e-05,-0.017711,25.9167,0.0476756
2024-05-23 00:00:00+00:00,-0.00617283,1.17202,0.75289,0.153799,-0.00373081,1.59392,0.00050999,0.000162121,4.48469e-05,-1.85566e-05,-0.00537876,20.9896,0.0420583
2024-05-24 00:00:00+00:00,0.000325969,1.1724,0.78942,0.167991,0.00372748,0.984482,0.000315028,6.72223e-05,3.18258e-05,-2.97344e-05,0.000811251,24.6875,0.0390568
2024-05-25 00:00:00+00:00,-0.0106756,1.15988,0.973498,0.215166,0.00357748,0.256831,8.21445e-05,1.41471e-05,3.74397e-06,3.16669e-05,-0.0106287,26,0.0352438
2024-05-26 00:00:00+00:00,-0.00473657,1.15439,0.883653,0.195275,0.00642591,0.172076,5.50182e-05,6.91291e-06,7.55057e-06,4.90262e-06,-0.00466015,26,0.0158433
2024-05-27 00:00:00+00:00,-0.00977309,1.14311,0.746818,0.150686,-0.00391523,0.133776,4.27718e-05,1.11721e-05,1.08444e-05,1.28465e-05,-0.00974835,24.8229,0.0128361
2024-05-28 00:00:00+00:00,-0.00774625,1.13425,0.672011,0.132032,-0.00273185,0.0822259,2.63081e-05,4.02415e-06,2.811e-06,8.25494e-05,-0.00781351,25,0.00853976
2024-05-29 00:00:00+00:00,-0.000950654,1.13317,0.597678,0.118822,-0.00370917,0.0818092,2.61749e-05,3.27186e-06,1.77359e-06,5.59454e-06,-0.000913564,25,0.00231273
2024-05-30 00:00:00+00:00,0.00242011,1.13592,0.555922,0.121787,-0.00402715,0.00872342,2.79031e-06,3.48789e-07,4.23691e-07,-1.68259e-05,0.0024453,25,0.00108197
2024-05-31 00:00:00+00:00,-0.00187507,1.13379,0.548243,0.127543,-0.000103854,0.00248912,7.96049e-07,9.95061e-08,1.07817e-07,-1.91219e-05,-0.00185117,25,0.00197576
2024-06-01 00:00:00+00:00,0.00236763,1.13647,0.549403,0.128096,-0.000635747,0,0,0,0,-6.23627e-05,0.00242976,25,1.29081e-05
2024-06-02 00:00:00+00:00,0.00318873,1.14009,0.543823,0.132952,0.0034995,0.00273612,8.74812e-07,1.09351e-07,1.60334e-07,-4.16727e-05,0.00322946,25,5.02711e-05
2024-06-03 00:00:00+00:00,0.00354696,1.14414,0.425287,0.0746818,-0.0153483,0.126128,4.03702e-05,1.46575e-05,1.07784e-05,-6.67877e-06,0.00361767,23,0.00363957
2024-06-04 00:00:00+00:00,0.00459109,1.14939,0.417014,0.0696912,-0.0135083,0.0193755,6.20218e-06,2.01484e-06,4.30019e-07,-5.75102e-06,0.00460041,23,0.00475022
2024-06-05 00:00:00+00:00,0.000923503,1.15045,0.406164,0.0536357,-0.016273,0.0205901,6.59432e-06,1.76655e-06,9.91171e-07,2.29013e-06,0.000935251,23,0.00505536
2024-06-06 00:00:00+00:00,0.0025406,1.15338,0.404419,0.0563205,-0.0107982,0,0,0,0,1.90488e-06,0.00253756,23,0.00494376
2024-06-07 00:00:00+00:00,0.00690062,1.16133,0.387563,0.0693148,-0.00876506,0.0393439,1.26722e-05,2.12037e-06,4.73012e-06,-2.42198e-07,0.00694617,23.25,0.00662133
2024-06-08 00:00:00+00:00,-0.000464891,1.1608,0.343083,0.10486,-0.00382344,0.0160446,5.13458e-06,1.19395e-06,1.07951e-06,8.73548e-06,-0.000464047,24.7292,0.0111257
2024-06-09 00:00:00+00:00,0.000558914,1.16144,0.353125,0.106141,-0.00302301,0.00217019,6.94234e-07,8.67793e-08,1.24165e-07,4.64535e-06,0.000556107,26,0.0121465
2024-06-10 00:00:00+00:00,-0.000871097,1.16043,0.313635,0.0878161,-0.00620808,0.0860562,2.75343e-05,1.0543e-05,1.45905e-05,-1.71368e-05,-0.00080007,22,0.0117956
2024-06-11 00:00:00+00:00,-0.00114307,1.15911,0.300997,0.0855475,0.00172619,0,0,0,0,-1.6207e-05,-0.00112413,22,0.00992554
2024-06-12 00:00:00+00:00,-0.000460268,1.15857,0.304708,0.0849268,0.00746829,0.00294582,9.43182e-07,1.17898e-07,2.20842e-07,-1.36936e-05,-0.000442915,22.4792,0.00648429
2024-06-13 00:00:00+00:00,-7.18346e-06,1.15856,0.303417,0.0798722,0.00831175,0.00445996,1.42731e-06,3.05893e-07,2.74425e-07,-1.14724e-05,8.04972e-06,23.2708,0.00776872
2024-06-14 00:00:00+00:00,0.00166343,1.16049,0.307564,0.0738879,0.0030137,0.0427996,1.36974e-05,1.76736e-06,2.86201e-06,-8.81562e-06,0.00169179,24,0.0111273
2024-06-15 00:00:00+00:00,0.00101078,1.16166,0.333454,0.0707419,-0.0011048,0.0440176,1.40855e-05,1.76069e-06,1.74764e-06,-2.09156e-05,0.00105039,24,0.0139884
2024-06-16 00:00:00+00:00,0.00128513,1.16316,0.34957,0.0756529,0.000175891,0.00651422,2.0846e-06,2.60574e-07,9.42358e-08,-2.046e-05,0.00130865,24.0833,0.0141622
2024-06-17 00:00:00+00:00,0.00491765,1.16888,0.367773,0.0789052,-0.0018222,0.0920627,2.94605e-05,3.98026e-06,2.33299e-06,-1.80088e-05,0.00496532,25,0.014672
2024-06-18 00:00:00+00:00,0.00390369,1.17344,0.502868,0.12013,-0.0013253,0.21122,6.76017e-05,1.27732e-05,1.1632e-05,-3.412e-05,0.00404254,26.625,0.0210544
2024-06-19 00:00:00+00:00,0.00405428,1.1782,0.661719,0.136453,0.00453561,0.109512,3.50455e-05,2.23906e-05,6.08055e-06,3.8879e-05,0.00408149,27,0.0251739
2024-06-20 00:00:00+00:00,-0.00222464,1.17558,0.710934,0.161437,0.00597534,0.156562,5.00974e-05,2.30186e-05,5.5308e-06,6.30631e-05,-0.00219954,27,0.0262896
2024-06-21 00:00:00+00:00,-0.00106393,1.17433,0.730897,0.198453,0.00509043,0.108043,3.45735e-05,1.56665e-05,4.77306e-06,1.24962e-05,-0.00100525,27,0.0253468
2024-06-22 00:00:00+00:00,0.00447095,1.17958,0.744212,0.211332,0.00688724,0.0443414,1.41895e-05,7.24322e-06,1.74681e-06,5.98586e-06,0.00449515,27,0.0237059
2024-06-23 00:00:00+00:00,-0.00375586,1.17515,0.742102,0.214684,0.00346005,0.0189287,6.05434e-06,3.21789e-06,7.83777e-07,-1.2363e-05,-0.00373147,27,0.0244584
2024-06-24 00:00:00+00:00,-0.015001,1.15752,0.696476,0.185446,-0.00442554,0.183667,5.87044e-05,2.71881e-05,1.39644e-05,-3.25129e-05,-0.0149508,25.5833,0.022354
2024-06-25 00:00:00+00:00,-0.000188772,1.1573,0.717459,0.17806,0.00303812,0.0368446,1.17945e-05,1.47432e-06,2.58581e-06,1.46655e-05,-0.00017734,26,0.0167701
2024-06-26 00:00:00+00:00,0.00102418,1.15848,0.709897,0.177864,0.00694666,0,0,0,0,5.38211e-05,0.000977191,26,0.015635
2024-06-27 00:00:00+00:00,0.00461831,1.16383,0.706028,0.176383,0.00778721,0.0260448,8.33366e-06,1.04171e-06,1.22225e-06,-3.14469e-05,0.00465724,26,0.0157082
2024-06-28 00:00:00+00:00,-0.000402005,1.16337,0.689597,0.174456,0.0102849,0.0109994,3.52051e-06,4.40064e-07,4.8039e-07,1.6255e-05,-0.000405915,26,0.0155477
2024-06-29 00:00:00+00:00,0.00188655,1.16556,0.67315,0.180432,0.0144463,0.00827888,2.64891e-06,3.69524e-07,3.06745e-07,7.48475e-05,0.00181745,26,0.0161752
2024-06-30 00:00:00+00:00,0.00361032,1.16977,0.668965,0.182723,0.0119061,0.0358603,1.14767e-05,1.43459e-06,1.05626e-06,3.24939e-05,0.00359498,26,0.0174392
2024-07-01 00:00:00+00:00,0.00178869,1.17186,0.723995,0.147471,-0.0166967,0.0990281,3.17067e-05,3.96333e-06,1.34472e-05,1.41045e-06,0.00184561,26.9479,0.0203614
2024-07-02 00:00:00+00:00,0.002314,1.17457,0.709768,0.148332,-0.0161004,0.0384969,1.23227e-05,3.11829e-06,1.81781e-06,3.52798e-05,0.00230331,27,0.0215988
2024-07-03 00:00:00+00:00,0.0078703,1.18382,0.670243,0.143715,-0.00984657,0.0731841,2.34231e-05,6.44075e-06,2.55817e-06,1.62724e-05,0.00786524,26.4688,0.021596
2024-07-04 00:00:00+00:00,-0.00364212,1.17951,0.68595,0.129611,-0.00432421,0.138527,4.43411e-05,1.13411e-05,6.10513e-06,-3.37636e-06,-0.00354042,26.1146,0.0213847
2024-07-05 00:00:00+00:00,0.00479461,1.18516,0.555258,0.069431,-0.00609387,0.435667,0.000139424,2.28786e-05,2.41401e-05,4.73451e-05,0.00498155,28.0417,0.0200294
2024-07-06 00:00:00+00:00,0.00413988,1.19007,0.616151,0.0709811,0.000674086,0.267265,8.55359e-05,1.94584e-05,1.48757e-05,7.83346e-05,0.00418385,29,0.021521
2024-07-07 00:00:00+00:00,0.00492572,1.19593,0.765858,0.161925,0.00811561,0.402003,0.000128646,2.32362e-05,1.68504e-05,-2.81471e-06,0.00509924,29,0.0265223
2024-07-08 00:00:00+00:00,0.0101502,1.20807,0.925002,0.190678,-0.00590668,0.38061,0.00012174,2.17367e-05,7.83936e-05,-1.48806e-05,0.0103918,29.5938,0.0290529
2024-07-09 00:00:00+00:00,0.000144284,1.20824,0.919636,0.184065,-0.00309962,0.133889,4.28448e-05,9.41877e-06,9.35027e-06,1.52499e-05,0.00022553,30,0.0289139
2024-07-10 00:00:00+00:00,-0.0132974,1.19218,0.899005,0.185936,-0.00453027,0.105692,3.38065e-05,4.26385e-06,5.41475e-06,-1.69726e-06,-0.0132889,30,0.0291227
2024-07-11 00:00:00+00:00,0.0140924,1.20898,0.887178,0.186527,-0.0030502,0.203774,6.52178e-05,1.26373e-05,1.05182e-05,-6.59532e-05,0.0141825,30,0.0272766
2024-07-12 00:00:00+00:00,-0.00825394,1.199,0.956508,0.176165,-0.00952728,0.171567,5.48938e-05,1.42646e-05,7.88166e-06,-5.83679e-05,-0.0081145,29.3229,0.0304566
2024-07-13 00:00:00+00:00,0.0184967,1.22118,0.995311,0.179565,-0.00325135,0.126994,4.06455e-05,5.08069e-06,4.15595e-06,-6.50664e-05,0.0184651,30,0.0301159
2024-07-14 00:00:00+00:00,0.00186017,1.22345,1.02302,0.19071,0.00459449,0.0703252,2.24958e-05,2.81197e-06,1.90681e-06,-7.6306e-06,0.00191681,30,0.0329952
2024-07-15 00:00:00+00:00,-0.010025,1.21118,1.15081,0.226741,-0.00706491,0.338823,0.000108332,1.36001e-05,2.32788e-05,0.000109897,-0.00996996,30,0.0361821
2024-07-16 00:00:00+00:00,-0.0139643,1.19427,1.18186,0.266907,-0.0037465,0.0955921,3.05805e-05,3.82256e-06,3.93596e-06,2.75045e-05,-0.0139958,30,0.0336122
2024-07-17 00:00:00+00:00,-0.012241,1.17965,1.13065,0.264551,0.00221328,0.0749721,2.39775e-05,3.50472e-06,2.65452e-06,1.3165e-05,-0.0122547,30,0.0286053
2024-07-18 00:00:00+00:00,0.00744654,1.18843,1.0505,0.255745,0.00469405,0.0676035,2.16303e-05,3.04566e-06,1.79221e-06,3.38096e-05,0.00744544,30,0.0248712
2024-07-19 00:00:00+00:00,0.00231401,1.19118,1.01017,0.246218,0.00384905,0.0768307,2.4581e-05,3.07263e-06,3.23329e-06,3.32333e-05,0.00233598,30,0.0269781
2024-07-20 00:00:00+00:00,0.00750596,1.20013,1.01988,0.257822,0.00469903,0.0291297,9.31813e-06,1.16477e-06,1.01527e-06,5.90192e-05,0.00745898,30,0.0282547
2024-07-21 00:00:00+00:00,0.00700052,1.20853,1.0149,0.253641,0.00737637,0.0455054,1.45641e-05,1.93118e-06,1.61923e-06,1.76605e-05,0.006998,30,0.0303846
2024-07-22 00:00:00+00:00,0.00378856,1.21311,1.02882,0.227208,-0.00445187,0.231951,7.42273e-05,1.35349e-05,4.1314e-05,3.11009e-05,0.00391019,28.4062,0.0327552
2024-07-23 00:00:00+00:00,0.00490504,1.21906,1.07891,0.246367,-0.00498382,0.218804,7.00058e-05,1.98588e-05,1.15183e-05,2.75149e-05,0.00500535,29,0.0348515
2024-07-24 00:00:00+00:00,-0.000464925,1.21849,1.1866,0.279623,0.00733072,0.182018,5.82408e-05,1.57418e-05,7.56904e-06,-3.13154e-05,-0.000330932,29.8958,0.0370105
2024-07-25 00:00:00+00:00,-0.00372879,1.21395,1.24188,0.286324,0.0113717,0.159633,5.10533e-05,6.81464e-06,7.94253e-06,3.61682e-05,-0.00364739,30,0.0375727
2024-07-26 00:00:00+00:00,-0.00807993,1.20414,1.27713,0.307853,0.0107507,0.073853,2.35974e-05,3.12583e-06,2.3744e-06,5.52329e-05,-0.00807836,30,0.035505
2024-07-27 00:00:00+00:00,0.00841977,1.21428,1.24086,0.316552,0.0169683,0.0793505,2.53966e-05,3.17457e-06,2.67898e-06,5.49627e-05,0.00842675,30,0.0332947
2024-07-28 00:00:00+00:00,0.0137679,1.23099,1.15637,0.284402,0.00732728,0.148501,4.75261e-05,5.94076e-06,5.39256e-06,-1.36941e-05,0.0137799,29.7083,0.0348473
2024-07-29 00:00:00+00:00,-0.00140623,1.22926,1.10227,0.21564,-0.0255265,0.343086,0.000109804,1.45689e-05,3.83751e-05,-3.94943e-05,-0.00116005,30,0.0373124
2024-07-30 00:00:00+00:00,-0.00705278,1.22059,1.09736,0.212241,-0.018878,0.0377447,1.20698e-05,1.50873e-06,1.12143e-06,-2.14527e-05,-0.00700014,30,0.0345231
2024-07-31 00:00:00+00:00,0.00359513,1.22498,1.05958,0.217012,-0.0122736,0.0533352,1.70694e-05,2.13368e-06,2.24684e-06,1.35149e-05,0.00363549,30,0.0338302
2024-08-01 00:00:00+00:00,0.0123693,1.24013,1.07893,0.206558,-0.0164209,0.258119,8.26244e-05,1.47473e-05,1.09591e-05,-7.55891e-05,0.0125765,30,0.0363162
2024-08-02 00:00:00+00:00,-0.00265753,1.23684,0.905458,0.155312,-0.022945,1.59296,0.000509718,0.0001813,4.97915e-05,-8.10852e-05,-0.00179565,30,0.0397249
2024-08-03 00:00:00+00:00,0.0103977,1.2497,0.824372,0.145475,-0.00612643,0.293991,9.40721e-05,2.22631e-05,1.11318e-05,-6.04322e-05,0.0105798,30,0.0361059
2024-08-04 00:00:00+00:00,-0.0127544,1.23376,0.910762,0.153724,-0.00475101,0.287894,9.20864e-05,3.43204e-05,1.13653e-05,-8.59141e-05,-0.0125488,30,0.0365455
2024-08-05 00:00:00+00:00,-0.000111856,1.23362,0.805563,0.0740741,0.00231319,0.583963,0.000186689,6.23616e-05,5.48386e-05,-0.000126558,0.000474936,30,0.0333845
2024-08-06 00:00:00+00:00,-0.0283792,1.19861,0.801761,0.0878869,0.00408873,0.193068,6.17102e-05,3.67906e-05,1.54315e-05,-3.7842e-05,-0.0285845,30,0.0308183
2024-08-07 00:00:00+00:00,0.00603141,1.20584,0.791948,0.0938224,0.00206044,0.0533166,1.7067e-05,1.65096e-05,4.03134e-06,8.62602e-05,0.00601841,30,0.0268829
2024-08-08 00:00:00+00:00,0.0130969,1.22163,0.797536,0.0971784,0.0047648,0.103331,3.30744e-05,9.08531e-06,8.04442e-06,3.47953e-05,0.0131144,30,0.0256119
2024-08-09 00:00:00+00:00,-0.00101331,1.2204,0.834156,0.0943675,0.00375657,0.180616,5.77913e-05,9.46814e-06,1.18799e-05,9.91119e-05,-0.00101015,30,0.0297156
2024-08-10 00:00:00+00:00,-0.00788152,1.21078,0.89284,0.0996876,0.00277734,0.0659913,2.1112e-05,8.78473e-06,3.43883e-06,-2.48494e-06,-0.00785301,30,0.0298784
2024-08-11 00:00:00+00:00,0.0136698,1.22733,0.861742,0.108052,0.00623248,0.0381322,1.22096e-05,3.70015e-06,1.61201e-06,7.58997e-05,0.0135364,30,0.0283806
2024-08-12 00:00:00+00:00,-0.0139079,1.21026,0.84854,0.105821,-0.0031546,0.18305,5.85679e-05,1.34094e-05,1.13979e-05,-1.0453e-05,-0.0138688,30,0.0306695
2024-08-13 00:00:00+00:00,-0.00111745,1.20891,0.850921,0.110536,0.000201774,0.0302225,9.66709e-06,1.61546e-06,1.656e-06,3.26969e-05,-0.00111219,30,0.0255451
2024-08-14 00:00:00+00:00,0.00315672,1.21272,0.840903,0.113407,0.000191817,0.0220634,7.06131e-06,8.82664e-07,9.92629e-07,8.18011e-05,0.00310504,30,0.024702
2024-08-15 00:00:00+00:00,0.00605929,1.22007,0.80991,0.112557,-0.00141172,0.0348971,1.11651e-05,1.76285e-06,1.03912e-06,-9.62874e-06,0.00609571,30,0.0262827
2024-08-16 00:00:00+00:00,0.00599395,1.22738,0.779416,0.109774,-0.0061962,0.165477,5.29551e-05,1.07459e-05,6.50115e-06,2.47999e-06,0.0060775,30,0.0303785
2024-08-17 00:00:00+00:00,-0.00361597,1.22294,0.830418,0.117892,-0.0176872,0.0414228,1.32371e-05,1.65463e-06,2.34161e-06,-1.12229e-05,-0.00355924,30,0.0343614
2024-08-18 00:00:00+00:00,-0.00380644,1.21829,0.854016,0.130868,-0.0209715,0.0347004,1.10953e-05,1.38691e-06,1.02852e-06,3.65824e-05,-0.00380902,30,0.0330227
2024-08-19 00:00:00+00:00,0.00463719,1.22394,0.822125,0.109437,-0.0365184,0.201741,6.46134e-05,2.05471e-05,3.87201e-05,-6.50602e-07,0.00477433,28,0.0307935
2024-08-20 00:00:00+00:00,-0.00264121,1.22071,0.872092,0.123922,-0.0355082,0.0638106,2.04133e-05,2.69715e-06,1.2559e-06,2.5397e-05,-0.00262602,28.7396,0.0317981
2024-08-21 00:00:00+00:00,0.000607004,1.22145,0.86249,0.135353,-0.0239966,0.0566943,1.81339e-05,3.09153e-06,2.08475e-06,5.82536e-05,0.000588679,29,0.0288607
2024-08-22 00:00:00+00:00,0.00170354,1.22353,0.844494,0.133862,-0.0218366,0.0336407,1.07634e-05,1.53199e-06,9.97032e-07,5.70759e-05,0.0016695,29,0.0281266
2024-08-23 00:00:00+00:00,-0.0149182,1.20528,0.866623,0.131138,-0.0275211,0.0538983,1.72347e-05,3.1464e-06,1.68766e-06,0.00010719,-0.0150832,29,0.0254533
2024-08-24 00:00:00+00:00,-0.00375519,1.20075,0.891684,0.135257,-0.029689,0.0457935,1.46528e-05,2.82647e-06,3.40612e-06,7.70358e-05,-0.00379231,29,0.0194014
2024-08-25 00:00:00+00:00,0.00783647,1.21016,0.815649,0.154436,-0.0258462,0.0455204,1.45613e-05,2.15567e-06,3.27021e-06,2.26295e-05,0.00783582,29,0.0187983
2024-08-26 00:00:00+00:00,0.0101615,1.22246,0.721698,0.164722,-0.0159468,0.256837,8.2135e-05,3.14776e-05,4.85505e-05,-1.53324e-05,0.0103007,26.0521,0.0226656
2024-08-27 00:00:00+00:00,-0.0118888,1.20792,0.785606,0.195519,-0.0157024,0.136387,4.35905e-05,1.01558e-05,4.84686e-06,-6.32581e-06,-0.0118548,27,0.0278551
2024-08-28 00:00:00+00:00,0.0100307,1.22004,0.817901,0.193863,0.00274278,0.00851114,2.71304e-06,3.39131e-07,6.88075e-07,-4.06277e-05,0.0100822,27,0.0244819
2024-08-29 00:00:00+00:00,0.00339761,1.22418,0.809171,0.204444,-0.00371643,0.00433857,1.38795e-06,3.4292e-07,2.20439e-07,-6.39066e-05,0.00347236,27,0.0252029
2024-08-30 00:00:00+00:00,-0.00219349,1.2215,0.807466,0.205744,-0.00262539,0.0594623,1.90302e-05,1.28899e-05,3.05165e-06,-7.68654e-07,-0.00214624,27,0.0278528
2024-08-31 00:00:00+00:00,-8.60308e-05,1.22139,0.827901,0.207295,-0.00343401,0.00652851,2.08844e-06,2.23843e-06,3.04856e-07,1.00762e-05,-8.45948e-05,27,0.0280684
2024-09-01 00:00:00+00:00,0.00100837,1.22263,0.819851,0.210957,-0.000934295,0.00823799,2.63423e-06,8.68689e-07,2.70516e-07,8.11715e-05,0.000948812,27,0.0273277
2024-09-02 00:00:00+00:00,-0.00751499,1.21344,0.884909,0.204264,-0.0241765,0.135092,4.32343e-05,2.04312e-05,1.05117e-05,-3.59275e-05,-0.00741108,26,0.0285965
2024-09-03 00:00:00+00:00,-0.000762667,1.21251,0.894483,0.20857,-0.0162095,0.104225,3.335e-05,1.16533e-05,4.92767e-06,3.53917e-06,-0.000704787,27.0312,0.0279547
2024-09-04 00:00:00+00:00,0.00139313,1.2142,0.930771,0.179216,-0.00783869,0.0930894,2.97787e-05,3.72233e-06,4.70546e-06,0.000316242,0.00113753,28.7917,0.0271867
2024-09-05 00:00:00+00:00,-0.00676171,1.20599,0.934445,0.177,-0.0046406,0.0203836,6.52151e-06,8.15189e-07,9.31716e-07,-1.98952e-05,-0.00674701,29,0.0255706
2024-09-06 00:00:00+00:00,-0.0133766,1.18986,0.905807,0.179328,0.00560417,0.0404431,1.29406e-05,1.61757e-06,1.30655e-06,2.09747e-05,-0.0134299,29,0.0198733
2024-09-07 00:00:00+00:00,-0.00184266,1.18767,0.879974,0.164464,0.00348907,0.0068064,2.1765e-06,2.72062e-07,3.03598e-07,-4.52581e-06,-0.00182452,29,0.0127277
2024-09-08 00:00:00+00:00,0.000160523,1.18786,0.882665,0.167603,0.00591103,0.0228268,7.30492e-06,9.13115e-07,5.47745e-07,-4.43151e-06,0.00018422,29,0.0105581
2024-09-09 00:00:00+00:00,-0.00122127,1.18641,0.811221,0.159194,0.015415,0.0843641,2.69954e-05,5.7134e-06,5.74646e-06,5.87588e-05,-0.00122993,27,0.00883958
2024-09-10 00:00:00+00:00,-0.00155579,1.18456,0.815749,0.149936,0.0139811,0.0134484,4.3052e-06,5.3815e-07,2.06638e-07,8.51555e-05,-0.0016278,27,0.0067029
2024-09-11 00:00:00+00:00,0.00886216,1.19506,0.760513,0.158313,0.0181462,0.022077,7.06836e-06,1.16265e-06,1.63233e-07,9.20481e-06,0.00883353,26.4375,0.00662021
2024-09-12 00:00:00+00:00,-0.00167377,1.19306,0.743179,0.165214,0.0164887,0.00725071,2.3215e-06,4.83915e-07,2.96403e-07,-1.10498e-05,-0.0016507,26,0.0114219
2024-09-13 00:00:00+00:00,0.00105426,1.19432,0.752584,0.164518,0.0139417,0.00205304,6.5679e-07,1.00242e-06,1.58159e-07,0.000129268,0.000938488,26.7292,0.0121097
2024-09-14 00:00:00+00:00,-0.00100758,1.19311,0.766771,0.162784,0.0033436,0,0,0,0,0.000194381,-0.00119439,27,0.0130631
2024-09-15 00:00:00+00:00,0.00220593,1.19574,0.762324,0.164018,-0.00390673,0,0,0,0,0.000115269,0.00209702,27,0.013705
2024-09-16 00:00:00+00:00,-0.000334406,1.19534,0.71473,0.185691,0.0295119,0.0410262,1.31361e-05,1.3625e-05,5.96828e-06,8.4815e-06,-0.000298505,25,0.0117463
2024-09-17 00:00:00+00:00,0.00318391,1.19915,0.724426,0.181723,0.0317635,0.00865667,2.77109e-06,1.74021e-06,3.37059e-07,4.22832e-05,0.00314858,25,0.00993762
2024-09-18 00:00:00+00:00,-0.00492276,1.19325,0.72665,0.176942,0.0207976,0.00540636,1.7281e-06,2.2237e-07,2.10129e-07,0.000117709,-0.00503796,25,0.00840177
2024-09-19 00:00:00+00:00,-0.00204912,1.1908,0.747455,0.175214,0.00234256,0.0484108,1.54913e-05,7.96069e-06,1.20009e-06,0.000103449,-0.00210966,25,0.00312865
2024-09-20 00:00:00+00:00,0.00192243,1.19309,0.682721,0.163275,-0.00370954,0.0692587,2.21757e-05,4.75067e-06,1.68058e-06,2.98887e-05,0.00193306,25,0.00152076
2024-09-21 00:00:00+00:00,0.00177966,1.19521,0.665393,0.163461,-0.00253101,0.00447253,1.43108e-06,1.81846e-07,9.47955e-08,3.64705e-05,0.00174922,25,0.00218309
2024-09-22 00:00:00+00:00,0.00299419,1.19879,0.662313,0.16487,-0.00618776,0,0,0,0,6.62881e-05,0.00292965,25,0.00542876
2024-09-23 00:00:00+00:00,-0.00089875,1.19772,0.580667,0.109131,-0.00997207,0.0929795,2.97645e-05,7.46793e-06,6.71322e-06,1.39418e-05,-0.000862776,24,0.00372501
2024-09-24 00:00:00+00:00,-0.00345454,1.19358,0.582227,0.112917,-0.00680726,0.00969867,3.10209e-06,4.01788e-07,2.84888e-07,4.40482e-05,-0.00349324,24,0.00178717
2024-09-25 00:00:00+00:00,-0.00993058,1.18173,0.561193,0.114486,-0.00546308,0.0346599,1.10817e-05,1.439e-06,1.75968e-06,4.46221e-05,-0.00999849,24,4.13718e-06
2024-09-26 00:00:00+00:00,-0.00285507,1.17835,0.552572,0.120014,-0.00386292,0.0325222,1.03977e-05,1.36372e-06,1.24935e-06,-8.09041e-06,-0.00282943,24,0
2024-09-27 00:00:00+00:00,-0.00776997,1.1692,0.54071,0.124305,0.000303285,0.0371661,1.18863e-05,1.8671e-06,1.74106e-06,-2.14365e-05,-0.00775307,24,0
2024-09-28 00:00:00+00:00,-0.000590062,1.16851,0.512987,0.118422,-0.00729525,0.0149342,4.78261e-06,5.97826e-07,4.54698e-07,-1.14086e-05,-0.00056428,24,0
2024-09-29 00:00:00+00:00,0.000928642,1.16959,0.502827,0.123277,-0.00985172,0.00750986,2.40192e-06,5.90619e-07,2.93479e-07,-2.00678e-05,0.000956218,24,0
2024-09-30 00:00:00+00:00,-0.00310592,1.16596,0.43713,0.134001,0.00824148,0.0597469,1.91215e-05,9.34706e-06,4.00829e-06,-3.25422e-05,-0.00304189,22,0
2024-10-01 00:00:00+00:00,-0.00152636,1.16418,0.415434,0.120501,0.00636778,0.024679,7.8993e-06,9.87413e-07,6.80343e-08,-5.58241e-05,-0.00145622,22,0
2024-10-02 00:00:00+00:00,-0.000272527,1.16386,0.375299,0.100906,0.00260625,0.0108714,3.47741e-06,4.34676e-07,4.13859e-08,-5.31051e-05,-0.00021055,22,0
2024-10-03 00:00:00+00:00,0.000675794,1.16465,0.353895,0.0910336,0.00198009,0.00249494,7.98796e-07,9.98495e-08,6.39287e-09,-5.1284e-05,0.000731309,22,0
2024-10-04 00:00:00+00:00,-0.00101543,1.16347,0.360522,0.0897827,-0.000429532,0,0,0,0,-5.28768e-05,-0.000960702,22,0
2024-10-05 00:00:00+00:00,0.00223977,1.16607,0.365282,0.0899455,-0.000915436,0,0,0,0,3.21551e-06,0.00223538,22,0
2024-10-06 00:00:00+00:00,-0.00379803,1.16164,0.368326,0.0898338,-0.00390826,0,0,0,0,1.68827e-05,-0.00382033,22,0
2024-10-07 00:00:00+00:00,-0.0010223,1.16046,0.35471,0.108359,0.0066697,0.0255694,8.18127e-06,1.02266e-06,1.84086e-06,2.42574e-05,-0.00103319,20,0
2024-10-08 00:00:00+00:00,0.00378172,1.16484,0.346363,0.10867,0.0113662,0.00282257,9.03583e-07,1.37931e-07,4.49998e-08,2.56483e-05,0.0037525,20,0
2024-10-09 00:00:00+00:00,-0.00131868,1.16331,0.339251,0.106505,0.00970876,0.0064464,2.05937e-06,2.57422e-07,4.91098e-08,5.29294e-05,-0.00136621,20,0
2024-10-10 00:00:00+00:00,-0.000886883,1.16228,0.326177,0.0998035,0.0081003,0,0,0,0,2.55522e-05,-0.000909526,20,0
2024-10-11 00:00:00+00:00,-5.09093e-06,1.16227,0.33414,0.0992464,0.0071991,0,0,0,0,4.00499e-05,-4.36074e-05,20,0
2024-10-12 00:00:00+00:00,-0.00117495,1.1609,0.343843,0.0984869,0.00438551,0,0,0,0,4.32781e-05,-0.00121712,20,0
2024-10-13 00:00:00+00:00,0.00105886,1.16213,0.343506,0.0986635,0.00403604,0,0,0,0,5.70941e-05,0.00100339,20,0
2024-10-14 00:00:00+00:00,0.000491056,1.1627,0.356616,0.100305,0.00107217,0.00200178,6.40669e-07,8.00836e-08,1.01216e-07,-0.000268497,0.000765009,20,0
2024-10-15 00:00:00+00:00,0.00597021,1.16965,0.352236,0.099579,0.00344447,0.0153746,4.91752e-06,6.1469e-07,6.94556e-08,-6.58119e-05,0.00603004,20,0
2024-10-16 00:00:00+00:00,0.00315971,1.17334,0.338612,0.0939156,0.00332725,0,0,0,0,8.38237e-06,0.0031499,20,0
2024-10-17 00:00:00+00:00,0.00111622,1.17465,0.33448,0.0954141,0.00391892,0,0,0,0,6.61665e-06,0.00111092,20,0.000752831
2024-10-18 00:00:00+00:00,-0.00262985,1.17156,0.337137,0.0973391,0.00406586,0.00313069,1.00107e-06,1.25133e-07,1.22073e-07,6.17334e-05,-0.00269163,20,0.00250478
2024-10-19 00:00:00+00:00,0.000391609,1.17202,0.337436,0.0990593,0.00369564,0.00333163,1.06567e-06,1.33208e-07,1.1305e-07,3.92441e-05,0.000354828,20,0.00130306
2024-10-20 00:00:00+00:00,0.0032637,1.17585,0.338265,0.100828,0.00246567,0,0,0,0,2.76002e-05,0.0032324,20,0.00602524
2024-10-21 00:00:00+00:00,0.00155493,1.17767,0.338486,0.10366,0.00336403,0.0293732,9.4008e-06,1.1751e-06,2.13099e-06,-3.8573e-06,0.001572,20.6458,0.0115238
2024-10-22 00:00:00+00:00,-0.000453776,1.17714,0.343454,0.092846,0.000184428,0.00786472,2.51619e-06,1.12217e-06,2.47924e-07,2.50977e-06,-0.000450896,21.9792,0.0131389
2024-10-23 00:00:00+00:00,-0.000956161,1.17601,0.33864,0.0918961,0.00300473,0.00234128,7.49137e-07,1.2405e-06,1.66805e-07,-1.45604e-06,-0.000950751,22,0.012215
2024-10-24 00:00:00+00:00,0.00248096,1.17893,0.346737,0.0883994,-0.000181234,0.00426294,1.36411e-06,5.7206e-07,2.31029e-07,8.31545e-06,0.00247391,22,0.0115853
2024-10-25 00:00:00+00:00,0.00474764,1.18453,0.349307,0.0881328,-0.000160145,0.0727098,2.32839e-05,6.31451e-06,3.246e-06,-1.17009e-05,0.00478896,22.75,0.0152484
2024-10-26 00:00:00+00:00,0.00282285,1.18787,0.410205,0.116876,0.00231045,0.0868372,2.77869e-05,3.47336e-06,2.97622e-06,-2.69776e-05,0.00288662,24.4271,0.0183255
2024-10-27 00:00:00+00:00,-0.000591682,1.18717,0.511782,0.164516,0.00657856,0.0803282,2.57066e-05,3.21332e-06,8.95222e-07,-1.92284e-05,-0.000538188,25,0.0218499
2024-10-28 00:00:00+00:00,0.00873247,1.19754,0.562562,0.172869,-0.00114651,0.141018,4.51196e-05,5.63996e-06,6.83368e-06,-3.4222e-05,0.00879818,24.5,0.0247215
2024-10-29 00:00:00+00:00,-0.00134851,1.19592,0.694289,0.195667,-0.00428727,0.135213,4.32618e-05,5.40772e-06,3.87175e-06,-1.21661e-05,-0.00126826,25.6042,0.0290426
2024-10-30 00:00:00+00:00,0.00244708,1.19885,0.768922,0.20995,-0.000674425,0.179296,5.73799e-05,1.07335e-05,6.45845e-06,-2.85062e-06,0.00253872,27.9271,0.0289178
2024-10-31 00:00:00+00:00,-0.00515471,1.19267,0.846407,0.220891,-0.00199843,0.136154,4.35654e-05,6.67994e-06,4.0955e-06,9.69966e-05,-0.00519356,28,0.0296962
2024-11-01 00:00:00+00:00,0.00362861,1.197,0.881888,0.222711,0.00492407,0.104991,3.36002e-05,7.38442e-06,4.29701e-06,-1.86082e-05,0.00370475,28,0.0261724
2024-11-02 00:00:00+00:00,-0.000228016,1.19672,0.917121,0.235904,0.0106619,0.0290541,9.295e-06,2.73092e-06,7.60906e-07,-4.11315e-05,-0.000159106,28.4062,0.0276258
2024-11-03 00:00:00+00:00,0.00890336,1.20738,0.918297,0.251367,0.00572313,0.0486358,1.55647e-05,2.03185e-06,9.21566e-07,-1.86593e-05,0.00893605,29,0.0292231
2024-11-04 00:00:00+00:00,-0.000121755,1.20723,0.959166,0.271446,0.00515126,0.0978571,3.12999e-05,8.47178e-06,2.02518e-06,-1.81357e-05,-2.9234e-05,29,0.0344025
2024-11-05 00:00:00+00:00,-0.000597597,1.20651,1.02295,0.28394,0.00551852,0.0655044,2.09486e-05,1.10293e-05,3.36458e-06,-9.35517e-06,-0.000515946,29,0.0342165
2024-11-06 00:00:00+00:00,-0.000119492,1.20637,1.09648,0.265783,0.00829672,0.126223,4.03892e-05,6.00893e-06,5.87254e-06,-1.587e-05,2.04701e-06,29.8333,0.0348255
2024-11-07 00:00:00+00:00,0.0145404,1.22391,1.101,0.283945,0.0115133,0.15138,4.84641e-05,7.34444e-06,9.3891e-06,-8.13093e-05,0.0146459,30,0.0354312
2024-11-08 00:00:00+00:00,0.0211528,1.2498,1.0996,0.294333,0.0120268,0.164417,5.26397e-05,9.00903e-06,6.27395e-06,-6.20444e-05,0.0210988,30,0.0387045
2024-11-09 00:00:00+00:00,-0.0042069,1.24454,1.13944,0.310441,0.00642952,0.263628,8.43571e-05,1.11771e-05,1.06868e-05,5.05864e-06,-0.00403305,30,0.0443366
2024-11-10 00:00:00+00:00,0.0102268,1.25727,1.0423,0.292563,0.00115686,0.242026,7.74242e-05,1.45479e-05,1.23233e-05,-2.24467e-05,0.0104563,30,0.0431288
2024-11-11 00:00:00+00:00,0.0223772,1.2854,0.927343,0.275948,-0.00403628,0.363818,0.000116453,3.6489e-05,3.91204e-05,1.9921e-06,0.0224602,29,0.0435809
2024-11-12 00:00:00+00:00,-0.000868101,1.28428,0.870005,0.233193,-0.000544083,0.19692,6.30265e-05,1.57321e-05,9.13742e-06,-0.000129519,-0.000551616,29.1146,0.047708
2024-11-13 00:00:00+00:00,-0.00610244,1.27645,0.833324,0.226038,-0.00119198,0.248251,7.93279e-05,2.55744e-05,1.13173e-05,3.41366e-05,-0.00587233,30,0.0496979
2024-11-14 00:00:00+00:00,0.00575186,1.28379,0.824055,0.215218,0.000991005,0.436386,0.000139639,5.17689e-05,2.28502e-05,0.000187357,0.00586534,29.9375,0.0466672
2024-11-15 00:00:00+00:00,-0.00814882,1.27333,0.936094,0.222443,0.00138264,0.407673,0.000130435,3.99831e-05,1.85672e-05,3.6062e-05,-0.00798177,30,0.0452514
2024-11-16 00:00:00+00:00,0.00590364,1.28084,0.931731,0.243337,0.00518438,0.126769,4.05867e-05,6.22455e-06,4.62296e-06,0.000115409,0.00586552,30,0.0443804
2024-11-17 00:00:00+00:00,0.00341733,1.28522,0.857655,0.237355,0.00491664,0.0948003,3.03466e-05,9.64306e-06,4.56879e-06,0.000127846,0.00336643,30,0.0441812
2024-11-18 00:00:00+00:00,0.00336605,1.28955,0.816784,0.228406,-0.00750153,0.200971,6.43913e-05,1.8744e-05,3.68194e-05,2.14035e-05,0.00349423,27,0.0443381
2024-11-19 00:00:00+00:00,0.00520699,1.29626,0.875388,0.234575,-0.00894184,0.117675,3.76524e-05,1.95226e-05,4.35585e-06,-4.76483e-05,0.00535163,27.6562,0.0458861
2024-11-20 00:00:00+00:00,0.0192576,1.32123,0.935112,0.257075,-0.00472949,0.191115,6.11732e-05,5.0138e-05,5.79537e-06,-8.21321e-05,0.0193204,28.1875,0.0487903
2024-11-21 00:00:00+00:00,0.0241083,1.35308,1.00293,0.252468,-0.0138365,0.58234,0.000186388,0.000191382,2.09454e-05,-9.40191e-05,0.0244045,29,0.0557557
2024-11-22 00:00:00+00:00,0.00156803,1.3552,0.928538,0.193004,-0.0258735,1.02319,0.000327537,0.000403425,5.42778e-05,-1.00096e-06,0.00240904,29.1146,0.0900195
2024-11-23 00:00:00+00:00,-0.0192929,1.32905,0.921006,0.175968,-0.017353,0.774564,0.000247802,0.000290758,3.31919e-05,0.000103958,-0.0189159,30,0.0890095
2024-11-24 00:00:00+00:00,-0.0149045,1.30925,0.903942,0.193203,-0.0111457,0.697196,0.00022298,0.00025526,4.04942e-05,0.000113466,-0.0145107,30,0.0831917
2024-11-25 00:00:00+00:00,-0.00731501,1.29967,0.900442,0.187364,-0.0130755,1.00418,0.000321081,0.000381647,0.000144029,5.17743e-05,-0.00647206,29,0.0788465
2024-11-26 00:00:00+00:00,0.00442002,1.30541,0.962049,0.185995,-0.00235141,0.564155,0.000180549,0.000179908,2.41743e-05,-6.43478e-05,0.00489637,29,0.0743416
2024-11-27 00:00:00+00:00,0.0193418,1.33066,1.0104,0.18789,-0.0096622,0.586148,0.000187637,0.000184957,2.39034e-05,2.51052e-05,0.0195783,29,0.072778
2024-11-28 00:00:00+00:00,-0.0127302,1.31372,1.02776,0.199257,-0.00527869,1.05962,0.00033901,0.000294674,2.66762e-05,3.72514e-05,-0.0121271,29,0.0762459
2024-11-29 00:00:00+00:00,-0.00853004,1.30252,1.00347,0.200986,-0.00664141,0.607727,0.000194397,0.00019241,2.23428e-05,0.000122259,-0.00817234,29,0.0742013
2024-11-30 00:00:00+00:00,-0.00242489,1.29936,1.0526,0.223818,-0.00677527,0.463988,0.000148469,0.000103729,1.34958e-05,0.000165497,-0.00227783,29,0.0717614
2024-12-01 00:00:00+00:00,-0.0019154,1.29687,1.17236,0.250828,-0.0165946,0.46227,0.000147901,8.24147e-05,1.40048e-05,-6.08204e-05,-0.00152908,29.9583,0.0682203
2024-12-02 00:00:00+00:00,-0.0162047,1.27585,1.14217,0.229009,-0.0201303,1.11044,0.000355437,0.000149077,7.68944e-05,-0.000117487,-0.0155182,29.9896,0.0659126
2024-12-03 00:00:00+00:00,0.00212141,1.27856,0.959044,0.202219,-0.0124838,0.63235,0.000202359,3.26299e-05,2.45949e-05,0.0001014,0.00235991,29.7188,0.0627697
2024-12-04 00:00:00+00:00,0.00856733,1.28951,0.884332,0.187418,-0.00346847,0.915214,0.000292988,4.0857e-05,2.97355e-05,0.000138322,0.00887506,30,0.0616329
2024-12-05 00:00:00+00:00,-0.0047892,1.28334,0.709837,0.151706,-0.00016787,1.54516,0.000494484,8.57737e-05,3.92031e-05,0.000108906,-0.00423328,28.0625,0.0657075
2024-12-06 00:00:00+00:00,0.00412504,1.28863,0.791965,0.137328,0.00633454,1.35785,0.000434534,8.40978e-05,3.29259e-05,0.000124407,0.00457655,26.6146,0.065306
2024-12-07 00:00:00+00:00,-0.00390621,1.2836,0.878918,0.170637,0.00945138,1.7807,0.000569785,8.0158e-05,3.95523e-05,0.000203391,-0.00338724,28.1771,0.0648925
2024-12-08 00:00:00+00:00,0.00574118,1.29097,0.918007,0.186785,0.00579679,1.2398,0.000396781,5.81394e-05,2.23655e-05,0.000213459,0.00601136,26.4896,0.063152
2024-12-09 00:00:00+00:00,0.00481439,1.29718,1.03434,0.209934,0.00166884,1.72899,0.000553329,0.000117658,8.39129e-05,-3.16133e-05,0.00569842,24.9792,0.0640135
2024-12-10 00:00:00+00:00,0.0198477,1.32293,0.805457,0.156046,-0.00106041,0.998385,0.000319549,4.7032e-05,4.08128e-05,-7.88406e-05,0.0201894,28.1875,0.0687572
2024-12-11 00:00:00+00:00,0.00072098,1.32388,0.996873,0.154209,0.00334962,1.49368,0.000477961,8.49174e-05,4.72341e-05,-5.03527e-05,0.00140528,30,0.0734572
2024-12-12 00:00:00+00:00,-0.000894869,1.3227,1.10944,0.16313,0.00467964,1.33028,0.000425713,8.55697e-05,3.99841e-05,-5.39835e-05,-0.000245416,30,0.0737135
2024-12-13 00:00:00+00:00,-0.00451112,1.31673,1.14124,0.149006,0.00210107,0.617064,0.000197453,3.96136e-05,1.90669e-05,-4.37982e-05,-0.00417965,29.9792,0.0737897
2024-12-14 00:00:00+00:00,0.00425026,1.32233,1.23581,0.182209,0.010404,0.726758,0.000232565,6.3807e-05,1.93438e-05,-0.000412423,0.00500911,30,0.0720257
2024-12-15 00:00:00+00:00,0.00531661,1.32936,1.21361,0.201123,0.00630788,0.834602,0.000267054,6.5584e-05,2.20869e-05,-5.94495e-06,0.00570675,30,0.0745942
2024-12-16 00:00:00+00:00,0.0219284,1.35851,1.01804,0.148275,-0.0333788,1.99849,0.00063992,0.00022122,9.34133e-05,-0.000112639,0.0228349,25.8438,0.0772246
2024-12-17 00:00:00+00:00,0.0180559,1.38304,1.12455,0.16104,-0.0433641,1.01095,0.000323526,0.000313956,2.8285e-05,-3.40589e-05,0.0186527,26.1979,0.0824104
2024-12-18 00:00:00+00:00,0.00406219,1.38866,1.10941,0.176127,-0.0208188,1.67701,0.000536677,0.000230763,3.68035e-05,2.14744e-05,0.00489943,27.3542,0.0845195
2024-12-19 00:00:00+00:00,-0.00216285,1.38565,1.11974,0.119185,-0.0116398,0.950556,0.000304114,8.93326e-05,4.29925e-05,-0.000144237,-0.00150945,27.7917,0.0852947
2024-12-20 00:00:00+00:00,-0.0159968,1.36349,0.981269,0.0855959,5.02297e-05,0.990593,0.000316915,0.000109322,4.72531e-05,-0.000376124,-0.0151699,29.0417,0.0827055
2024-12-21 00:00:00+00:00,0.010621,1.37797,0.950286,0.112317,0.00616415,0.760156,0.000243251,8.48663e-05,3.30724e-05,-0.00014484,0.0111091,30,0.0791239
2024-12-22 00:00:00+00:00,-0.0122941,1.36103,1.03914,0.138392,0.00395018,0.912382,0.00029194,0.000143813,3.21444e-05,-0.000206963,-0.0116535,30,0.0780174
2024-12-23 00:00:00+00:00,-0.0161392,1.33906,1.03238,0.118703,-0.015493,1.89067,0.000604982,0.000213265,0.000111317,-4.11473e-05,-0.0152564,26.2188,0.0729899
2024-12-24 00:00:00+00:00,0.00318638,1.34333,0.903057,0.127296,-0.00959114,1.39792,0.000447361,0.000170747,3.52796e-05,1.99451e-05,0.00384733,22.4688,0.0703437
2024-12-25 00:00:00+00:00,0.0117231,1.35908,0.681384,0.114049,-0.00393887,0.703705,0.000225233,0.000119886,1.13745e-05,9.31205e-06,0.012019,19.9896,0.0711193
2024-12-26 00:00:00+00:00,0.0061445,1.36743,0.753668,0.115981,-0.00359671,1.12739,0.000360786,0.000158914,1.93052e-05,6.65197e-05,0.00661626,21.9792,0.0784695
2024-12-27 00:00:00+00:00,0.00320098,1.3718,0.872829,0.1104,-0.00626204,1.38902,0.000444498,0.000155153,2.77553e-05,3.87872e-05,0.00381019,20.6042,0.0821317
2024-12-28 00:00:00+00:00,-0.000192639,1.37154,0.878285,0.11832,-0.00913149,1.04201,0.000333454,7.21528e-05,1.78467e-05,1.61163e-05,0.000246032,19.7708,0.0851375
2024-12-29 00:00:00+00:00,0.00662996,1.38063,0.839089,0.134922,-0.0118929,0.856696,0.00027415,4.81723e-05,1.09287e-05,1.67346e-05,0.00693455,20.2917,0.086704
2024-12-30 00:00:00+00:00,0.00477821,1.38723,1.03853,0.123508,0.0119529,1.7073,0.00054625,9.39732e-05,5.4659e-05,-0.000195152,0.00568364,22.9896,0.0869929
2024-12-31 00:00:00+00:00,0.00516217,1.39439,0.980764,0.109777,0.00191235,0.965144,0.000308893,5.697e-05,1.69292e-05,3.54021e-05,0.00552037,22.3125,0.0884728
2025-01-01 00:00:00+00:00,-0.00113963,1.3928,1.07235,0.145855,-0.000858217,1.26252,0.000403967,6.3832e-05,2.48894e-05,1.70522e-05,-0.000628567,23.9896,0.0883229
2025-01-02 00:00:00+00:00,0.00115497,1.39441,1.29111,0.175214,0.00528934,1.52372,0.000487593,8.96242e-05,3.03826e-05,8.58306e-05,0.00170454,26.1042,0.0867436
2025-01-03 00:00:00+00:00,-0.00372817,1.38921,1.35708,0.186386,0.00366459,2.30084,0.000736188,0.00010592,5.36535e-05,0.000109617,-0.00287656,27.875,0.0865796
2025-01-04 00:00:00+00:00,0.00904496,1.40178,1.02596,0.144001,-0.00028191,0.985213,0.000315306,4.18136e-05,1.67002e-05,0.000347292,0.00905262,23.6875,0.0843686
2025-01-05 00:00:00+00:00,-0.00513274,1.39458,1.09749,0.181822,0.0019976,0.967568,0.000309604,4.03308e-05,1.50968e-05,0.000219572,-0.00498557,22.5208,0.0858036
2025-01-06 00:00:00+00:00,0.00575303,1.40261,1.14928,0.145123,-0.0262534,1.56661,0.000501479,0.000103662,6.56544e-05,0.000222512,0.00623525,25.4583,0.086255
2025-01-07 00:00:00+00:00,0.0151026,1.42379,1.09804,0.134883,-0.0252068,1.07473,0.000344028,5.81748e-05,2.13937e-05,0.000484105,0.0149746,24.2292,0.08875
2025-01-08 00:00:00+00:00,0.0125241,1.44162,1.08465,0.111701,-0.00565194,1.4168,0.000453454,7.86194e-05,3.59389e-05,0.000278206,0.0127629,23.5625,0.0899575
2025-01-09 00:00:00+00:00,-0.00686403,1.43172,0.944218,0.0789004,-0.00011442,1.22957,0.000393439,9.16197e-05,3.23253e-05,6.49999e-05,-0.0064151,26.5312,0.0928492
2025-01-10 00:00:00+00:00,0.00429801,1.43788,0.913882,0.0965256,-0.00161858,1.09402,0.000350122,7.46543e-05,3.0896e-05,0.000241035,0.00453155,25.3229,0.0897026
2025-01-11 00:00:00+00:00,0.000463931,1.43855,0.796513,0.106625,-0.00137399,0.677927,0.000216943,4.42808e-05,1.37699e-05,0.00028879,0.000465831,20.8542,0.0887211
2025-01-12 00:00:00+00:00,0.00725147,1.44898,0.919453,0.134967,-0.00524006,0.716765,0.000229387,3.87298e-05,1.35301e-05,0.000165784,0.00735145,19.7292,0.0876248
2025-01-13 00:00:00+00:00,0.00847239,1.46125,0.578227,0.0657046,-0.00843149,1.53925,0.000492598,9.50043e-05,6.86111e-05,0.000137997,0.00896969,24.8229,0.0902177
2025-01-14 00:00:00+00:00,-0.00610268,1.45234,0.646506,0.0870395,-0.014067,0.82637,0.000264426,4.22644e-05,1.96267e-05,3.47435e-06,-0.00578699,24.5833,0.0921854
2025-01-15 00:00:00+00:00,0.0024725,1.45593,0.630729,0.095387,-0.0107547,0.753412,0.000241115,3.01961e-05,1.91502e-05,0.000156984,0.00263677,22.7604,0.0893714
2025-01-16 00:00:00+00:00,-0.00339565,1.45098,0.616904,0.0909719,-0.0064333,0.661304,0.000211616,2.88213e-05,1.41439e-05,0.000166525,-0.00329182,24.5938,0.0868482
2025-01-17 00:00:00+00:00,0.0128912,1.46969,0.751792,0.111567,-0.00509296,0.866123,0.00027722,3.63843e-05,1.88757e-05,0.000511818,0.0126599,26.6042,0.0855821
2025-01-18 00:00:00+00:00,0.0255583,1.50725,0.688612,0.0984067,-0.00240998,0.986974,0.000315963,4.39608e-05,2.41415e-05,0.000669502,0.0249821,24.8542,0.089701
2025-01-19 00:00:00+00:00,-0.0071805,1.49643,0.896729,0.143016,-0.00249249,1.22547,0.000392139,5.28914e-05,4.7187e-05,-2.65044e-05,-0.00661327,26.3958,0.0931426
2025-01-20 00:00:00+00:00,0.00280661,1.50063,0.913024,0.124237,0.000914264,1.14302,0.000365862,8.39831e-05,0.000155326,8.57387e-06,0.00349142,29.7083,0.0934406
2025-01-21 00:00:00+00:00,0.000836849,1.50188,0.964699,0.138582,0.000668014,0.656497,0.000210159,7.28805e-05,4.34474e-05,-5.3694e-05,0.00129675,30,0.0896189
2025-01-22 00:00:00+00:00,-0.0049519,1.49445,0.893526,0.171885,-0.00616981,0.518628,0.000165937,8.7375e-05,2.86877e-05,-9.28246e-06,-0.00459796,30,0.0869934
2025-01-23 00:00:00+00:00,-0.0123112,1.47605,0.777272,0.152297,-0.0119687,0.474565,0.000151469,8.87351e-05,5.21545e-05,3.0078e-06,-0.0119168,30,0.0824726
2025-01-24 00:00:00+00:00,0.0124985,1.4945,0.86041,0.162746,-0.00899698,0.386231,0.000123626,4.78531e-05,1.80487e-05,2.53089e-06,0.0126553,30,0.0817301
2025-01-25 00:00:00+00:00,-0.00121202,1.49268,0.973754,0.170672,-0.0102369,0.492209,0.000157506,7.16357e-05,1.7237e-05,-4.67582e-06,-0.000910418,30,0.0850554
2025-01-26 00:00:00+00:00,-0.0111142,1.47609,0.985762,0.137949,-0.0179477,1.225,0.000392004,0.000228464,3.34802e-05,2.95048e-05,-0.0105063,29.6458,0.0854187
2025-01-27 00:00:00+00:00,-0.00324941,1.4713,0.761135,0.114164,-0.0049944,2.17247,0.000695216,0.000394976,7.93915e-05,2.65309e-06,-0.00202767,22.4688,0.0821939
2025-01-28 00:00:00+00:00,0.0211407,1.5024,0.777984,0.123044,-0.00631726,1.23239,0.000394509,0.000138356,3.04713e-05,-3.12717e-05,0.0215568,23.1875,0.0833697
2025-01-29 00:00:00+00:00,-0.014215,1.48105,1.00011,0.162347,-0.00861789,1.23019,0.000393504,0.00011342,4.05921e-05,2.44919e-05,-0.0137112,25.5208,0.0875723
2025-01-30 00:00:00+00:00,0.0066795,1.49094,0.978859,0.181003,-0.00260898,1.35186,0.000432647,0.000148423,4.52256e-05,-1.58525e-05,0.00733239,26.8021,0.0839118
2025-01-31 00:00:00+00:00,-0.00795006,1.47909,0.890564,0.182792,-0.00102777,1.28685,0.000411756,0.000204425,2.96978e-05,4.09203e-05,-0.00733059,24.6979,0.0834185
2025-02-01 00:00:00+00:00,0.0162905,1.50318,1.0428,0.222967,-0.00420735,2.06781,0.000661793,0.000298026,5.08787e-05,3.82296e-05,0.0171707,23.7292,0.0820639
2025-02-02 00:00:00+00:00,-0.0135341,1.48284,1.18187,0.194698,-0.00873618,1.36925,0.000437992,0.000171109,5.55326e-05,3.89734e-05,-0.0129243,24.75,0.0876213
2025-02-03 00:00:00+00:00,-0.0196866,1.45364,0.777926,0.0972896,0.000587091,1.49155,0.000477332,0.00012654,0.000167195,-2.73179e-05,-0.0189564,28.5833,0.0864276
2025-02-04 00:00:00+00:00,-0.00395636,1.44789,0.800027,0.123865,0.00456875,1.00655,0.000322078,8.92894e-05,5.08777e-05,5.20934e-05,-0.00350261,29.4062,0.0815357
2025-02-05 00:00:00+00:00,0.0100041,1.46238,0.75379,0.110797,0.0048105,0.836879,0.000267847,5.99e-05,2.55559e-05,-3.94937e-05,0.0103752,26.3854,0.0784793
2025-02-06 00:00:00+00:00,0.00620297,1.47145,0.81073,0.0962476,0.00437662,1.16827,0.000373879,7.33017e-05,3.15654e-05,-0.00016578,0.00684532,27.9688,0.0835511
2025-02-07 00:00:00+00:00,0.00434953,1.47785,0.800152,0.0713094,0.00202241,1.36366,0.000436413,9.08504e-05,3.59489e-05,-0.000115481,0.00503753,25.3542,0.0886963
2025-02-08 00:00:00+00:00,0.000924073,1.47922,0.833056,0.0934729,0.00499133,1.3187,0.000422006,8.41985e-05,3.47357e-05,-0.000101753,0.00158491,22.625,0.0901998
2025-02-09 00:00:00+00:00,0.00423503,1.48548,0.914658,0.088594,-0.0025871,1.30574,0.000417811,9.02897e-05,2.81101e-05,8.2535e-05,0.00470248,22.6979,0.0897983
2025-02-10 00:00:00+00:00,-0.0154472,1.46253,1.22623,0.12102,-0.0346651,1.09219,0.000349262,5.30665e-05,7.19011e-05,5.43975e-05,-0.0150729,26.5625,0.0919601
2025-02-11 00:00:00+00:00,-0.0065425,1.45296,1.10633,0.142667,-0.0402064,0.796676,0.000254837,3.18546e-05,3.742e-05,0.000132758,-0.00627432,27.7604,0.0889295
2025-02-12 00:00:00+00:00,0.00696858,1.46309,1.18589,0.117832,-0.0350536,0.904236,0.000289332,3.79198e-05,4.70261e-05,-4.09826e-05,0.00741273,29.2396,0.0900257
2025-02-13 00:00:00+00:00,0.00560878,1.4713,1.05334,0.125175,-0.0221179,1.07311,0.000343451,4.93787e-05,3.37041e-05,0.000118949,0.00596047,27,0.0906888
2025-02-14 00:00:00+00:00,-0.00486749,1.46413,0.939141,0.126163,-0.0153214,1.08506,0.000347206,7.20056e-05,2.4869e-05,1.60526e-05,-0.00441472,24.375,0.0906611
2025-02-15 00:00:00+00:00,0.011181,1.4805,0.75817,0.106532,-0.0110723,0.62351,0.000199561,5.57749e-05,1.06848e-05,-2.22787e-06,0.0114009,23.7396,0.0905143
2025-02-16 00:00:00+00:00,-0.00133836,1.47852,0.776757,0.0709177,-0.00826729,0.688847,0.000220415,7.9207e-05,1.48593e-05,-0.000191582,-0.00081399,24.0729,0.0950518
2025-02-17 00:00:00+00:00,0.00464295,1.48539,1.18512,0.12457,-0.0229774,1.83479,0.000587135,0.000297192,7.804e-05,-0.000345918,0.00597454,26.6771,0.0940772
2025-02-18 00:00:00+00:00,-0.00838638,1.47293,1.04824,0.0921525,-0.0130691,2.19717,0.000703023,0.000342827,6.32013e-05,-0.0001051,-0.00717621,25.3854,0.0948345
2025-02-19 00:00:00+00:00,0.0112444,1.48949,0.963363,0.0820663,-0.0108263,1.18221,0.000378358,0.000109809,3.20676e-05,-0.000125628,0.011855,21.5312,0.0941088
2025-02-20 00:00:00+00:00,-0.0170386,1.46411,0.8842,0.0930126,-0.0170788,0.878787,0.000281162,6.49046e-05,2.12378e-05,-2.40484e-05,-0.0167735,23.6979,0.0952541
2025-02-21 00:00:00+00:00,-0.00923174,1.4506,0.768748,0.119081,-0.0212975,0.905496,0.000289708,4.46103e-05,2.14721e-05,6.04987e-05,-0.00893499,23.1667,0.0915214
2025-02-22 00:00:00+00:00,-0.0128654,1.43194,0.716526,0.122587,-0.0155337,0.920238,0.00029415,5.49588e-05,3.02341e-05,-3.31475e-05,-0.0124718,23.2396,0.0852545
2025-02-23 00:00:00+00:00,0.0128697,1.45036,0.73917,0.13673,-0.0226745,0.771581,0.000246984,5.26695e-05,2.02234e-05,-1.0655e-05,0.0131539,22.1042,0.0814983
2025-02-24 00:00:00+00:00,-0.00631169,1.44121,0.881772,0.165493,-0.0311866,1.63231,0.000522306,0.000113139,0.000102684,-2.54696e-05,-0.00550484,23.5625,0.0821126
2025-02-25 00:00:00+00:00,-0.0152345,1.41925,0.77474,0.101484,-0.00817254,1.20972,0.000387023,0.000109578,5.13523e-05,1.20637e-05,-0.0147569,25.4375,0.0769707
2025-02-26 00:00:00+00:00,-0.0356174,1.3687,0.706002,0.110856,-0.00711919,0.695034,0.000222299,5.31586e-05,2.36085e-05,3.10547e-05,-0.0359353,23.7917,0.0681055
2025-02-27 00:00:00+00:00,0.0135841,1.3873,0.65428,0.125777,-0.00288794,0.698405,0.000223531,4.36756e-05,2.0534e-05,1.4002e-05,0.0138063,20.1146,0.0594211
2025-02-28 00:00:00+00:00,-0.0222186,1.35647,0.736668,0.115315,0.00351486,1.09644,0.000351,0.000103126,3.54378e-05,1.74832e-05,-0.0218702,22.6979,0.0565792
2025-03-01 00:00:00+00:00,0.0133637,1.3746,0.793036,0.154325,0.00430763,0.974143,0.000311758,0.00016788,3.03825e-05,0.000112322,0.0137353,19.0833,0.0517962
2025-03-02 00:00:00+00:00,0.0116046,1.39055,0.872176,0.160404,0.00135989,1.25188,0.000400984,0.00013677,5.23402e-05,6.02016e-05,0.012179,21.1979,0.0564852
2025-03-03 00:00:00+00:00,0.0110032,1.40585,0.800363,0.153603,-0.000415954,0.559409,0.000178852,3.21581e-05,7.66232e-05,0.000125343,0.0111901,25.2396,0.0594695
2025-03-04 00:00:00+00:00,0.00103602,1.40731,0.721467,0.112922,-0.000623295,1.49769,0.000479235,0.00016034,6.59064e-05,8.82735e-06,0.00178452,26.6875,0.0620686
2025-03-05 00:00:00+00:00,-0.00298601,1.40311,0.87572,0.145513,0.00333568,1.82671,0.000584575,0.000238606,7.86212e-05,5.31242e-05,-0.00208854,27.1562,0.064428
2025-03-06 00:00:00+00:00,0.0117159,1.41954,0.917139,0.177686,0.00866435,0.563724,0.000180384,8.26275e-05,3.21246e-05,4.17239e-05,0.0119864,28,0.0647062
2025-03-07 00:00:00+00:00,0.00368593,1.42478,0.826426,0.132941,0.00398078,1.73812,0.000556098,0.00022293,7.14601e-05,-2.3463e-05,0.00463225,28.0312,0.0673891
2025-03-08 00:00:00+00:00,0.00193281,1.42753,0.819182,0.144268,0.00732776,0.630618,0.00020182,5.73111e-05,3.09863e-05,0.000109632,0.002156,28.2917,0.0698333
2025-03-09 00:00:00+00:00,-0.0115655,1.41102,0.919709,0.145115,0.0038143,1.46463,0.000468593,0.000162136,5.36293e-05,0.000125923,-0.0110177,30,0.0704397
2025-03-10 00:00:00+00:00,-0.0114101,1.39492,0.728297,0.0832368,-0.00404925,2.13868,0.000684143,0.000333868,0.000137598,0.000135156,-0.0103674,26.4375,0.067727
2025-03-11 00:00:00+00:00,0.0045019,1.4012,0.817639,0.0845082,0.00317765,2.17849,0.000697113,0.000242408,0.000106161,0.000130232,0.00549498,26.9792,0.0658131
2025-03-12 00:00:00+00:00,-0.00207373,1.39829,0.835562,0.0988618,-0.0010395,1.51027,0.000483221,0.000102548,6.25185e-05,8.61928e-05,-0.00146858,28.4167,0.0670971
2025-03-13 00:00:00+00:00,0.0170529,1.42214,0.755385,0.0847997,0.00111284,1.78687,0.000571943,0.000136776,6.67065e-05,0.00010738,0.0176376,26.0417,0.0667487
2025-03-14 00:00:00+00:00,-0.00460559,1.41559,0.699235,0.0748676,-0.00170492,0.89933,0.000287758,7.27348e-05,2.37737e-05,8.35262e-05,-0.00426861,22.5312,0.0690819
2025-03-15 00:00:00+00:00,-0.00440692,1.40935,0.745221,0.0939061,-0.00727402,0.882771,0.00028248,6.91146e-05,2.2013e-05,0.00014779,-0.00414984,20.875,0.0665158
2025-03-16 00:00:00+00:00,-0.00971785,1.39566,0.750571,0.100688,-0.0138285,1.11173,0.000355714,0.000114004,2.94673e-05,0.000322395,-0.00954371,21.5208,0.0623506
2025-03-17 00:00:00+00:00,-0.0240566,1.36208,0.737928,0.108469,-0.00998912,1.4032,0.000448993,0.000177864,7.26295e-05,0.00140178,-0.0250152,20.3021,0.0572078
2025-03-18 00:00:00+00:00,0.0052703,1.36926,0.904229,0.138017,-0.0217978,0.917934,0.00029378,7.79575e-05,2.16558e-05,6.84306e-05,0.00561357,20.4375,0.0519998
2025-03-19 00:00:00+00:00,0.0129881,1.38704,1.04954,0.152195,-0.0349195,0.409114,0.000130879,2.12527e-05,8.566e-06,0.000208109,0.0129276,25.2188,0.0528785
2025-03-20 00:00:00+00:00,0.00330861,1.39163,0.942018,0.152931,-0.0176035,1.50461,0.000481447,0.000116747,3.67586e-05,6.78865e-05,0.00390065,25.7604,0.0578163
2025-03-21 00:00:00+00:00,-0.00113767,1.39005,0.763627,0.118625,-0.0129643,1.12822,0.000361039,0.000131506,2.5417e-05,0.000122141,-0.00072309,21.625,0.0578387
2025-03-22 00:00:00+00:00,-0.00881514,1.3778,0.762805,0.142765,-0.013677,0.156388,5.00251e-05,1.19211e-05,4.49734e-06,0.000129496,-0.00888594,20,0.0297932
2025-03-23 00:00:00+00:00,-0.00587459,1.3697,0.766174,0.146841,-0.0144982,0.045364,1.45149e-05,5.90921e-06,3.19669e-06,7.62898e-05,-0.00592606,20.2917,0.02357
2025-03-24 00:00:00+00:00,-0.00477433,1.36316,0.551658,0.11439,-0.0165209,0.654573,0.00020948,4.73982e-05,2.3439e-05,-8.42735e-06,-0.00448368,23.7604,0.0198582
2025-03-25 00:00:00+00:00,0.000720212,1.36414,0.259385,0.0556693,-0.00792649,0.194773,6.23286e-05,1.35992e-05,2.11113e-06,1.96568e-05,0.000780625,25,0.0166565
2025-03-26 00:00:00+00:00,0.00161305,1.36634,0.206718,0.0442377,-0.00260893,0.0767384,2.45565e-05,4.89657e-06,7.37047e-07,3.80665e-06,0.00163919,25,0.0160573
2025-03-27 00:00:00+00:00,0.000266825,1.36671,0.21527,0.0390627,-0.00565797,0.069341,2.21869e-05,4.90176e-06,2.39611e-06,-5.30314e-06,0.00030322,25.0729,0.0156423
2025-03-28 00:00:00+00:00,0.00180586,1.36918,0.280313,0.034909,-0.00413187,0.0996575,3.18826e-05,5.12378e-06,5.00631e-06,-2.35252e-05,0.00187237,26.2708,0.0170809
2025-03-29 00:00:00+00:00,0.00187673,1.37175,0.342427,0.0220152,-0.00711663,0.0877168,2.80707e-05,6.31578e-06,4.59418e-06,-4.7101e-05,0.001965,27,0.0184978
2025-03-30 00:00:00+00:00,0.000546275,1.3725,0.420338,0.0300083,-0.0042958,0.0831677,2.66134e-05,3.51371e-06,4.97952e-06,2.7981e-06,0.000583875,27,0.0212259
2025-03-31 00:00:00+00:00,0.00723993,1.38243,0.493592,0.0544757,-0.00734621,0.239983,7.67938e-05,9.99585e-06,1.71957e-05,-0.000166586,0.00749686,29,0.0226079
2025-04-01 00:00:00+00:00,0.00257315,1.38599,0.699486,0.12866,-0.00440136,0.502097,0.000160683,2.9849e-05,1.2489e-05,-0.000150961,0.00294211,29,0.0277388
2025-04-02 00:00:00+00:00,0.00158578,1.38819,0.724425,0.155077,-0.0043388,0.78889,0.000252414,4.48224e-05,2.4043e-05,-0.000103536,0.00203504,29,0.0308193
2025-04-03 00:00:00+00:00,-0.00208477,1.38529,0.621759,0.111335,0.00220145,0.602581,0.000192826,6.87796e-05,2.41556e-05,-0.00139765,-0.000377863,29,0.0319048
2025-04-04 00:00:00+00:00,0.00516434,1.39245,0.692642,0.119937,0.00536334,0.135154,4.32457e-05,1.2866e-05,5.1987e-06,-0.0021465,0.00738686,29,0.0315457
2025-04-05 00:00:00+00:00,0.0020654,1.39532,0.685931,0.135311,0.00556302,0.602235,0.000192747,8.36132e-05,1.55341e-05,-0.000621867,0.00299073,29.5938,0.0329721
2025-04-06 00:00:00+00:00,-0.000356371,1.39483,0.697996,0.144467,0.004603,0.356376,0.00011402,5.22451e-05,1.41675e-05,-0.000765641,0.000625821,30,0.0336171
2025-04-07 00:00:00+00:00,-0.00593116,1.38655,0.527939,0.098203,-0.00356399,1.56652,0.000500934,0.000269998,0.000131576,-3.82239e-05,-0.0049731,23.8542,0.0323648
2025-04-08 00:00:00+00:00,0.0117673,1.40287,0.558808,0.115649,0.00239851,0.108081,3.45836e-05,2.25943e-05,7.73018e-06,-9.79339e-05,0.0118875,22.3125,0.0315899
2025-04-09 00:00:00+00:00,-0.0195388,1.37546,0.615699,0.111121,-0.000803037,0.163285,5.22075e-05,5.32639e-05,1.02428e-05,-4.07539e-05,-0.0195247,23.75,0.0321719
2025-04-10 00:00:00+00:00,0.00291385,1.37947,0.619033,0.111915,0.0034487,0.0524004,1.67648e-05,7.80094e-06,3.34977e-06,-4.91039e-05,0.0030032,24,0.029184
2025-04-11 00:00:00+00:00,-0.0278641,1.34103,0.330519,0.073468,0.00553233,1.23256,0.000394249,0.000238227,8.44016e-05,-0.0011994,-0.0263113,21.4479,0.0266093
2025-04-12 00:00:00+00:00,-0.000937789,1.33977,0.163625,0.0444051,0.00305195,0.825655,0.000264208,0.00012356,6.03862e-05,-0.000907542,0.000423813,11.625,0.0208481
2025-04-13 00:00:00+00:00,0.00357152,1.34456,0.154586,0.0358877,0.00280507,0.910189,0.000291274,9.75732e-05,6.04175e-05,-0.000288367,0.00430601,11.0104,0.0199011
2025-04-14 00:00:00+00:00,-0.00306238,1.34044,0.266942,0.0484674,0.00106742,1.52221,0.000487093,0.000149441,7.1317e-05,-0.000508056,-0.00184559,16.2604,0.0232942
2025-04-15 00:00:00+00:00,0.000407349,1.34099,0.310884,0.0473984,-0.00531156,0.965802,0.000309059,6.01435e-05,4.64807e-05,-0.000255253,0.00108496,14.6562,0.0246106
2025-04-16 00:00:00+00:00,0.0031831,1.34525,0.282662,0.0348847,-0.00545346,0.949576,0.000303868,8.43892e-05,4.76935e-05,-0.000132542,0.00375175,13.1458,0.0248824
2025-04-17 00:00:00+00:00,-0.000658462,1.34437,0.322204,0.0718181,-0.00353981,0.827968,0.000264943,6.9464e-05,3.33804e-05,-0.000215812,-6.62246e-05,14.1354,0.0284012
2025-04-18 00:00:00+00:00,0.000478527,1.34501,0.351344,0.0634553,-0.00763789,0.837085,0.000267867,7.49445e-05,2.51517e-05,-0.000174446,0.0010259,14.7083,0.02978
2025-04-19 00:00:00+00:00,-0.00155824,1.34292,0.378042,0.0859343,-0.00267676,0.882101,0.000282265,0.000115104,3.08465e-05,-2.06461e-05,-0.0011075,14.2188,0.0284754
2025-04-20 00:00:00+00:00,-0.002366,1.33974,0.223067,0.0440132,-0.00588806,0.718925,0.000230044,5.90209e-05,2.50228e-05,-1.08851e-05,-0.00204016,12.125,0.0231188
2025-04-21 00:00:00+00:00,0.00399581,1.34509,0.184113,0.0539388,0.00566868,1.07047,0.000342576,9.27377e-05,5.9595e-05,0.000109695,0.00437637,11.4583,0.0225604
2025-04-22 00:00:00+00:00,-0.00399041,1.33972,0.37302,0.119874,0.00984124,1.53576,0.000491427,0.00015289,6.34747e-05,9.50207e-05,-0.00337324,17.7396,0.0277533
2025-04-23 00:00:00+00:00,-0.0145884,1.32018,0.378118,0.10209,0.00504901,1.23551,0.000395269,0.00010449,5.26783e-05,3.81985e-05,-0.0141628,17.9271,0.0273194
2025-04-24 00:00:00+00:00,-0.00367061,1.31533,0.238578,0.0636659,-0.00178294,0.683593,0.00021874,9.36092e-05,2.4153e-05,-0.000216452,-0.00311682,14.3125,0.0232104
2025-04-25 00:00:00+00:00,0.000374336,1.31583,0.181725,0.0513712,-0.00575556,0.556708,0.000178141,5.53115e-05,2.34386e-05,-0.000245938,0.000884058,12,0.0196276
2025-04-26 00:00:00+00:00,-0.00163373,1.31368,0.165592,0.0490582,-0.000118035,0.58298,0.00018655,5.15928e-05,2.568e-05,-2.77455e-07,-0.0013688,11.4062,0.0187629
2025-04-27 00:00:00+00:00,0.000193662,1.31393,0.15428,0.0344701,-0.00128798,0.592034,0.000189452,3.47069e-05,2.87076e-05,8.44974e-06,0.000440069,11.2188,0.0183396
2025-04-28 00:00:00+00:00,-0.00127795,1.31225,0.161137,0.0255866,-0.00766959,0.741556,0.000237303,0.000108249,4.73434e-05,-0.000343433,-0.000538985,10.9271,0.0191808
2025-04-29 00:00:00+00:00,-0.00013049,1.31208,0.136813,0.0342648,-0.00105644,0.494006,0.000158084,6.00104e-05,1.57269e-05,-3.09695e-05,0.000135745,9.72917,0.0165874
2025-04-30 00:00:00+00:00,-0.00813964,1.3014,0.09484,0.0372215,0.00325425,0.53942,0.000172586,5.14129e-05,1.77272e-05,0.000157367,-0.00808194,9.3125,0.0152854
2025-05-01 00:00:00+00:00,0.000740758,1.30237,0.0125798,0.00195825,-0.00224088,0.276768,8.85665e-05,4.12674e-05,1.2047e-05,5.33481e-07,0.000881999,4.0625,0.0102732
2025-05-02 00:00:00+00:00,9.72494e-05,1.30249,0.0212511,0.00959377,-0.000102655,0.432552,0.000138417,3.26949e-05,1.57516e-05,-2.63261e-06,0.000286919,6.02083,0.0139686
2025-05-03 00:00:00+00:00,-6.29215e-05,1.30241,0.0315162,0.00768067,-0.00209937,0.503504,0.000161122,3.40835e-05,2.10687e-05,-3.41494e-05,0.000187654,7.45833,0.0142696
2025-05-04 00:00:00+00:00,0.000928432,1.30362,0.0895384,0.02211,-0.00195923,0.557283,0.000178333,6.38109e-05,1.97311e-05,-1.42961e-05,0.00120464,8.83333,0.0174192
2025-05-05 00:00:00+00:00,-0.000594083,1.30284,0.0926023,0.0268978,-0.00173557,0.485103,0.000155232,7.6023e-05,1.49055e-05,5.99651e-05,-0.000407335,9.09375,0.0178504
2025-05-06 00:00:00+00:00,-1.19145e-05,1.30283,0.099485,0.0250789,0.00108527,0.550895,0.000176286,5.98234e-05,1.89706e-05,0.000111917,0.00013243,8.69792,0.0168289
2025-05-07 00:00:00+00:00,-0.000327818,1.3024,0.2382,0.0702063,0.0105303,0.779832,0.000249544,4.35841e-05,2.34708e-05,-6.02782e-06,-1.94598e-06,12.3854,0.0206748
2025-05-08 00:00:00+00:00,0.011535,1.31743,0.312837,0.0780856,0.0062967,0.813004,0.000260201,4.10349e-05,2.15477e-05,1.92673e-05,0.0117839,14.5833,0.0237616
2025-05-09 00:00:00+00:00,-0.000590184,1.31665,0.386268,0.111326,-0.000207704,0.760778,0.000243449,6.08368e-05,2.16546e-05,1.44835e-05,-0.000265333,16.6146,0.0274652
2025-05-10 00:00:00+00:00,0.00383726,1.3217,0.421201,0.131389,0.000908348,0.80059,0.0002562,6.2477e-05,2.61597e-05,-4.43806e-05,0.00424,15.8125,0.0305328
2025-05-11 00:00:00+00:00,-0.0011314,1.3202,0.42759,0.126167,0.00489072,0.706084,0.000225951,7.442e-05,2.2952e-05,1.74931e-06,-0.000791784,15.4271,0.0330453
2025-05-12 00:00:00+00:00,-0.0023282,1.31713,0.417773,0.122707,0.0022283,0.958087,0.000306568,0.000138173,6.89333e-05,4.98027e-06,-0.00180109,15.6771,0.031269
2025-05-13 00:00:00+00:00,0.00396072,1.32235,0.411264,0.123853,0.00424942,0.941265,0.000301217,0.000188758,3.66646e-05,-4.81461e-05,0.00454143,17.5625,0.0317312
2025-05-14 00:00:00+00:00,0.00681236,1.33136,0.47797,0.129275,0.00345063,1.06117,0.000339626,0.000229293,4.19694e-05,-4.3945e-05,0.00747079,18.7292,0.034735
2025-05-15 00:00:00+00:00,0.00472026,1.33764,0.601316,0.131015,0.00114165,1.14264,0.000365673,0.000185378,3.18635e-05,-5.19725e-05,0.00536398,19.4167,0.0414913
2025-05-16 00:00:00+00:00,0.00289668,1.34152,0.573198,0.114542,-0.0025474,0.901239,0.000288406,0.000151757,2.5176e-05,-0.000113647,0.00350011,18.9062,0.0442986
2025-05-17 00:00:00+00:00,0.00663642,1.35042,0.714279,0.120796,0.00136112,1.66563,0.000533047,0.000250962,5.95964e-05,-0.000101256,0.00757137,19.9479,0.0448124
2025-05-18 00:00:00+00:00,-0.00516892,1.34344,0.649888,0.153562,0.00337083,1.50102,0.000480266,0.000202952,5.39608e-05,-1.68518e-05,-0.00440675,20.0208,0.0461188
2025-05-19 00:00:00+00:00,0.000410274,1.34399,0.67983,0.154917,-0.0115285,1.615,0.000516791,0.000154357,9.10377e-05,-3.14372e-05,0.00124052,19.3854,0.0443889
2025-05-20 00:00:00+00:00,-0.00334182,1.3395,0.764666,0.144328,-0.00164619,1.2784,0.000409072,0.00013005,3.89194e-05,5.20244e-06,-0.00275148,19.8854,0.0449715
2025-05-21 00:00:00+00:00,0.00534559,1.34666,0.773692,0.117277,0.00444833,1.49727,0.000479108,0.00020635,5.97402e-05,-4.19654e-05,0.00616007,20.3125,0.0439189
2025-05-22 00:00:00+00:00,0.000683652,1.34758,0.843178,0.124959,0.00328611,1.10497,0.000353598,0.000118249,3.34884e-05,9.24755e-06,0.0012112,19.3125,0.0452862
2025-05-23 00:00:00+00:00,0.00884676,1.3595,0.904514,0.172771,0.00442981,1.53747,0.000492065,0.000106635,6.23973e-05,-9.17751e-05,0.00959479,19.6458,0.044896
2025-05-24 00:00:00+00:00,-0.011923,1.34329,0.88555,0.156961,0.00557974,1.57293,0.000503249,0.000104473,6.43131e-05,-0.000210539,-0.011074,20.4375,0.0449405
2025-05-25 00:00:00+00:00,0.0118552,1.35922,0.726233,0.114347,0.00526156,1.53127,0.000490087,0.000100352,5.14208e-05,-0.000253957,0.0127145,20.6562,0.0428793
2025-05-26 00:00:00+00:00,0.00216442,1.36216,0.893191,0.161661,-0.0127186,1.9777,0.000632812,0.000187057,0.000197674,-0.00012089,0.00331568,22.0417,0.0464055
2025-05-27 00:00:00+00:00,-0.00974547,1.34888,0.833822,0.157011,-0.00507943,1.23224,0.000394268,7.0403e-05,2.62258e-05,-6.06062e-05,-0.00921175,20.4583,0.0470103
2025-05-28 00:00:00+00:00,0.0106196,1.36321,0.77746,0.147673,-0.000457371,1.44861,0.000463637,8.96664e-05,3.777e-05,-0.000166971,0.0113387,20.4062,0.0444059
2025-05-29 00:00:00+00:00,0.00183356,1.36571,0.893762,0.18833,-0.000264247,1.18282,0.000378512,6.16579e-05,2.76665e-05,-8.59883e-05,0.00240585,23.0417,0.0471773
2025-05-30 00:00:00+00:00,0.0183692,1.39079,1.02325,0.150737,-0.00204931,1.47374,0.000471769,0.000123567,4.15922e-05,-0.000122072,0.0190486,25.6979,0.051963
2025-05-31 00:00:00+00:00,-0.000359002,1.39029,0.952073,0.0760262,0.0071911,1.72955,0.000553453,0.000193576,4.93636e-05,-0.00015326,0.000639432,23.4896,0.0555371
2025-06-01 00:00:00+00:00,-0.00147928,1.38824,1.09275,0.119094,-0.00101299,1.33742,0.000427996,0.000125901,3.92467e-05,-0.000104195,-0.000751401,20.7812,0.0553198
2025-06-02 00:00:00+00:00,0.00367574,1.39334,1.14182,0.0576143,-0.0254446,0.982116,0.000314376,6.59914e-05,0.000139086,-0.000168487,0.00437881,24.3229,0.0543779
2025-06-03 00:00:00+00:00,-0.006213,1.38468,1.34961,0.0865135,-0.0199645,0.470235,0.000150275,3.68508e-05,2.08782e-05,-4.71564e-05,-0.00590733,26.9271,0.0538555
2025-06-04 00:00:00+00:00,-0.00773477,1.37397,1.37479,0.140711,-0.0182834,0.257147,8.22715e-05,2.73295e-05,7.28474e-06,-0.000462532,-0.00713436,27,0.052616
2025-06-05 00:00:00+00:00,0.0134455,1.39245,1.20673,0.0779221,-0.0231412,0.995468,0.000318636,9.61564e-05,3.67171e-05,-0.000753634,0.0146138,27,0.0551913
2025-06-06 00:00:00+00:00,0.0137155,1.41155,0.910083,0.125203,-0.0169901,1.63729,0.000523997,0.000165435,4.60613e-05,-0.000831525,0.0152302,24.2917,0.0562129
2025-06-07 00:00:00+00:00,-0.000556497,1.41076,1.00048,0.184363,-0.0123606,1.20097,0.000384307,0.000173327,3.26754e-05,-0.000326297,0.000381459,19.9375,0.0587365
2025-06-08 00:00:00+00:00,-0.00427456,1.40473,1.10864,0.217555,-0.0116682,1.06351,0.00034032,0.000129168,2.77846e-05,-0.000545956,-0.00320183,18.8125,0.0566313
2025-06-09 00:00:00+00:00,0.000541754,1.40549,0.991331,0.196714,-0.0328736,0.756726,0.000242169,7.52395e-05,7.9732e-05,-0.000750194,0.00171315,18.4479,0.0570507
2025-06-10 00:00:00+00:00,-0.00805176,1.39417,1.00379,0.203883,-0.0211162,1.50142,0.000480388,0.000189835,4.33745e-05,-0.000726825,-0.00658949,20.6875,0.0566109
2025-06-11 00:00:00+00:00,0.00596228,1.40249,1.01338,0.224484,-0.0220141,1.19211,0.000381477,0.000112609,3.27035e-05,-0.000643338,0.00717094,20.8125,0.0549072
2025-06-12 00:00:00+00:00,0.014723,1.42314,1.11743,0.20586,-0.0284002,0.957616,0.000306525,9.96277e-05,3.89889e-05,-0.000464722,0.0155768,23.4271,0.0574125
2025-06-13 00:00:00+00:00,-0.00792986,1.41185,0.973119,0.145514,-0.00632071,1.27146,0.000406809,7.9013e-05,4.24486e-05,-0.00022096,-0.00714055,23.2812,0.0617191
2025-06-14 00:00:00+00:00,0.00791587,1.42303,0.965545,0.158847,-0.00334575,0.929776,0.000297563,5.98157e-05,1.99802e-05,-0.000484824,0.00876659,17.0312,0.0603346
2025-06-15 00:00:00+00:00,0.0012835,1.42485,0.877935,0.140189,-0.00965587,1.25,0.000400029,6.84237e-05,3.39628e-05,-0.00032169,0.00213762,20.0521,0.0615729
2025-06-16 00:00:00+00:00,0.00605426,1.43348,0.804085,0.102716,-0.0256486,1.14016,0.000364926,0.000115886,4.28686e-05,-0.000210936,0.00680342,17.6354,0.0635699
2025-06-17 00:00:00+00:00,0.00896144,1.44633,1.06577,0.0873714,-0.0302722,1.67843,0.000537209,0.000146303,5.95598e-05,-0.000436094,0.0101494,21.0104,0.0655227
2025-06-18 00:00:00+00:00,0.0114404,1.46287,1.26972,0.0319893,-0.0293199,2.03258,0.00065046,0.000180149,6.41132e-05,-0.000164473,0.0124721,25.625,0.0689102
2025-06-19 00:00:00+00:00,0.0046065,1.46961,1.0295,0.105894,-0.0159609,1.46471,0.000468735,0.000193446,4.63041e-05,-0.000115057,0.0054517,21,0.0699318
2025-06-20 00:00:00+00:00,0.00682245,1.47964,0.789396,0.0936228,-0.0233148,1.04829,0.000335481,0.000142293,3.09537e-05,-0.000123609,0.00745034,17.3021,0.0706576
2025-06-21 00:00:00+00:00,0.00053545,1.48043,0.772732,0.0577612,-0.0245799,0.999846,0.00031998,7.59392e-05,2.52651e-05,-0.000240735,0.00123675,17.6667,0.0719711
2025-06-22 00:00:00+00:00,0.00810942,1.49243,0.7765,0.0527861,-0.0142069,1.45074,0.000464264,0.000135287,4.91758e-05,-0.000223948,0.00898159,21.7917,0.0738551
2025-06-23 00:00:00+00:00,-0.00854095,1.47969,0.830184,0.106003,-0.00221438,1.37976,0.000441466,0.000153653,7.33507e-05,-0.00214967,-0.0057239,21.9688,0.0726567
2025-06-24 00:00:00+00:00,0.00841299,1.49214,0.750476,0.111809,-0.00388731,0.777435,0.00024881,7.92895e-05,2.21158e-05,-0.000480052,0.00922455,17.7708,0.0703259
2025-06-25 00:00:00+00:00,0.0135177,1.51231,0.847236,0.119576,-0.00548392,0.995281,0.000318547,0.000109265,2.86278e-05,-0.000551333,0.0144598,20.7292,0.0744006
2025-06-26 00:00:00+00:00,0.00200058,1.51533,0.843079,0.0576932,-0.0119104,0.999692,0.00031991,6.15643e-05,2.44326e-05,-0.000173755,0.00259463,21.7292,0.0820326
2025-06-27 00:00:00+00:00,-0.00836566,1.50266,0.75732,0.0273512,-0.0142772,0.729078,0.00023328,3.7801e-05,2.05886e-05,-0.000734955,-0.00734801,19.3229,0.0840437
2025-06-28 00:00:00+00:00,0.00525524,1.51055,0.668597,0.0550016,-0.0137519,0.741835,0.000237422,4.35314e-05,1.84056e-05,-0.000714834,0.00627148,17.8438,0.0799007
2025-06-29 00:00:00+00:00,-0.0139102,1.48954,0.845946,0.0971077,-0.0188527,1.02907,0.000329112,5.17109e-05,3.38809e-05,-0.00206422,-0.0114731,17.3438,0.0753139
2025-06-30 00:00:00+00:00,0.0147923,1.51157,0.72716,0.068352,-0.0246955,0.932019,0.000298306,5.016e-05,3.15316e-05,-0.00050894,0.0156028,17.3229,0.070095
2025-07-01 00:00:00+00:00,0.00404966,1.5177,0.727076,0.00452485,-0.0229267,0.836686,0.000267773,4.66683e-05,1.97234e-05,-0.000443084,0.0048399,18.1979,0.0749204
2025-07-02 00:00:00+00:00,-0.00312801,1.51295,0.676663,0.00147704,-0.0190549,0.834896,0.000267152,5.80215e-05,2.27847e-05,-0.000369701,-0.00239476,17.5208,0.0788415
2025-07-03 00:00:00+00:00,-0.00756032,1.50151,0.767001,0.048675,-0.0210923,0.85726,0.000273779,0.000114758,7.60722e-05,-0.000447485,-0.00651662,19.8125,0.0779033
2025-07-04 00:00:00+00:00,-0.00128086,1.49959,0.799292,0.0405361,-0.0206561,0.698354,0.000223481,7.26369e-05,1.52289e-05,-0.00172247,0.000772986,18.8854,0.0766426
2025-07-05 00:00:00+00:00,-0.0040951,1.49345,0.773798,0.0504496,-0.0217017,0.749452,0.000239805,8.08125e-05,1.77845e-05,-0.00227943,-0.00146421,17.3438,0.0748678
2025-07-06 00:00:00+00:00,0.00253876,1.49724,0.761722,0.0417098,-0.0241307,0.819601,0.00026228,7.60721e-05,1.91628e-05,-0.000728844,0.00363001,14.9167,0.0733833
2025-07-07 00:00:00+00:00,0.00536815,1.50527,1.15012,-0.0342191,-0.0607851,1.4846,0.000475162,0.000139992,0.000235926,-0.000168889,0.00640518,17.9792,0.0739198
2025-07-08 00:00:00+00:00,-0.0215356,1.47286,1.38824,-0.00749379,-0.0650329,0.72476,0.000231632,5.43072e-05,4.12966e-05,-2.67846e-05,-0.0212989,20.2917,0.0746657
2025-07-09 00:00:00+00:00,-0.00584606,1.46425,1.44395,0.0670638,-0.063266,0.505278,0.000161688,3.66589e-05,2.23322e-05,0.000130018,-0.00569501,21.0833,0.0711303
2025-07-10 00:00:00+00:00,-0.0284223,1.42263,1.18785,0.044118,-0.0464756,1.44091,0.000460935,0.000152611,5.75816e-05,-8.39919e-05,-0.0279916,24.4062,0.0689498
2025-07-11 00:00:00+00:00,-0.0246512,1.38756,1.01334,0.0963735,-0.0162396,1.35026,0.000431162,0.000146125,0.000122061,-4.08563e-05,-0.0239142,28.6458,0.0658468
2025-07-12 00:00:00+00:00,0.0018324,1.3901,1.00674,0.185759,-0.0146156,0.558556,0.000178737,8.2213e-05,3.16486e-05,-0.000252482,0.00243871,30,0.0646395
2025-07-13 00:00:00+00:00,-0.00804914,1.37891,1.10296,0.270172,-0.0111145,1.01831,0.00032584,0.000172445,4.29408e-05,6.70161e-06,-0.00747741,30,0.0656784
2025-07-14 00:00:00+00:00,-0.000911685,1.37766,1.05455,0.295223,-0.0191713,1.13126,0.000362141,0.000276226,0.000259006,-9.82254e-05,0.000150161,29.6354,0.0646385
2025-07-15 00:00:00+00:00,-0.00340641,1.37296,1.02596,0.281536,-0.0118619,1.94482,0.000622335,0.000339743,6.26873e-05,-1.57427e-05,-0.00231195,28.3438,0.062272
2025-07-16 00:00:00+00:00,0.00570806,1.3808,1.15399,0.333699,-0.00238447,1.94396,0.00062215,0.000290438,5.48065e-05,-6.709e-05,0.00679482,25.7812,0.0609983
2025-07-17 00:00:00+00:00,0.0188888,1.40688,0.932798,0.239464,-0.00427912,1.31956,0.000422335,0.000222111,3.3411e-05,-1.62964e-05,0.0194768,24.1146,0.0651679
2025-07-18 00:00:00+00:00,0.00407909,1.41262,0.910584,0.175014,-0.00556913,1.37794,0.000440977,0.000181266,3.99719e-05,-1.87662e-05,0.00479178,23.3542,0.0692197
2025-07-19 00:00:00+00:00,-0.00101043,1.41119,1.11406,0.214729,-0.00511694,0.679059,0.000217283,6.39152e-05,2.78054e-05,-8.60874e-05,-0.000561663,24.7812,0.0708758
2025-07-20 00:00:00+00:00,0.00971572,1.4249,1.03977,0.171009,-0.00795706,1.69425,0.000542252,0.000127911,5.24039e-05,-2.86387e-05,0.0104755,28.7708,0.0908445
2025-07-21 00:00:00+00:00,-0.000885496,1.42364,0.786065,0.14268,-0.0122296,1.31598,0.000421025,0.000149333,5.36093e-05,5.96936e-05,-0.000278896,24.1979,0.0899121
2025-07-22 00:00:00+00:00,0.00163984,1.42598,0.606932,0.120574,-0.00694914,0.535978,0.000171471,4.30187e-05,8.27505e-06,-2.41845e-05,0.00190872,22.5312,0.0891604
2025-07-23 00:00:00+00:00,-0.00382077,1.42053,0.756723,0.152432,-0.00985444,0.924741,0.00029507,0.000110066,3.42545e-05,-0.000151323,-0.00313419,22.2708,0.0882281
2025-07-24 00:00:00+00:00,0.0112035,1.43644,0.896757,0.145186,-0.0146032,0.531947,0.000170273,7.9698e-05,1.97026e-05,-0.000462232,0.011941,24.0417,0.0873318
2025-07-25 00:00:00+00:00,-0.0236065,1.40253,0.955451,0.131683,-0.0168998,0.577287,0.000184657,7.33712e-05,2.32795e-05,-0.000892185,-0.022642,27.4062,0.0888506
2025-07-26 00:00:00+00:00,-0.00673107,1.39309,1.04724,0.142621,-0.0141434,0.591563,0.000189257,7.30452e-05,2.17317e-05,-0.0001764,-0.00624674,28.8542,0.0855423
2025-07-27 00:00:00+00:00,0.0161468,1.41559,1.14536,0.153876,-0.0135874,0.710441,0.000227405,7.31747e-05,1.7113e-05,-4.51478e-05,0.0164398,29,0.0832403
2025-07-28 00:00:00+00:00,-0.0145321,1.39502,1.13244,0.145485,-0.017502,1.21983,0.000390012,0.000209434,7.19816e-05,4.90187e-05,-0.0138794,28.9896,0.0843738
2025-07-29 00:00:00+00:00,0.00503764,1.40204,0.850166,0.13029,-0.019769,0.52368,0.000167591,0.000123184,2.32132e-05,-0.000343053,0.00577143,29,0.0833837
2025-07-30 00:00:00+00:00,-0.0016902,1.39967,0.969797,0.108237,-0.0251347,0.689625,0.000220698,0.00012071,2.3754e-05,4.94765e-05,-0.00134348,29,0.0894303
2025-07-31 00:00:00+00:00,0.0113555,1.41557,1.05296,0.131721,-0.0230823,1.38793,0.000444244,0.000113251,3.30252e-05,1.43478e-05,0.0119088,28.6875,0.0894872
2025-08-01 00:00:00+00:00,-0.00629009,1.40666,1.07137,0.118699,-0.0258251,1.49399,0.000478051,0.000169054,4.35249e-05,-4.38853e-05,-0.00550583,26.0208,0.0885089
2025-08-02 00:00:00+00:00,-0.00473133,1.40001,1.0437,0.124684,-0.013724,1.13553,0.000363356,7.4932e-05,3.21323e-05,-6.67346e-05,-0.00417282,26.6875,0.0845283
2025-08-03 00:00:00+00:00,0.000898877,1.40127,0.744765,0.113264,-0.00604086,0.799068,0.000255702,6.19286e-05,1.47112e-05,-4.13622e-05,0.00128576,21.4792,0.0815659
2025-08-04 00:00:00+00:00,-0.00202282,1.39843,0.713925,0.111493,-0.0099741,0.900261,0.000288071,8.07514e-05,2.71298e-05,-4.05038e-07,-0.00161072,22.6667,0.0780352
2025-08-05 00:00:00+00:00,-0.0016124,1.39618,0.711631,0.0922375,-0.00868751,0.714069,0.000228494,5.78881e-05,1.11324e-05,-1.41519e-05,-0.00128731,23.4896,0.0777537
2025-08-06 00:00:00+00:00,0.00543717,1.40377,0.710268,0.094199,-0.00906047,0.655853,0.000209888,4.81115e-05,8.78113e-06,-4.77771e-06,0.00570413,22.7604,0.0792122
2025-08-07 00:00:00+00:00,0.00845644,1.41564,0.674817,0.0990784,-0.0128291,0.487811,0.000156114,5.19231e-05,6.0692e-06,-1.8561e-05,0.00867035,19.9688,0.0829978
2025-08-08 00:00:00+00:00,0.00620123,1.42442,0.781729,0.124873,-0.0152517,0.623624,0.000199572,5.16385e-05,8.80304e-06,-3.44326e-05,0.00649421,21.1146,0.0847133
2025-08-09 00:00:00+00:00,-0.000955356,1.42306,0.737235,0.125742,-0.0127662,0.80082,0.000256247,9.26347e-05,1.2809e-05,2.80974e-05,-0.000606971,22.0833,0.0861971
2025-08-10 00:00:00+00:00,0.000302983,1.42349,0.609867,0.0939595,-0.0146035,0.663555,0.000212327,5.83234e-05,9.98107e-06,-4.53608e-05,0.000641303,23,0.0857223
2025-08-11 00:00:00+00:00,0.00078364,1.4246,0.69684,0.0854748,-0.0216147,0.920183,0.000294452,7.81105e-05,2.52134e-05,4.73283e-05,0.00116124,21.7604,0.0846755
2025-08-12 00:00:00+00:00,0.00484543,1.43151,0.900418,0.0946155,-0.0250857,1.06852,0.00034193,9.1334e-05,2.16143e-05,1.29574e-05,0.00531706,22.8958,0.0854059
2025-08-13 00:00:00+00:00,0.00736261,1.44205,0.891241,0.0943944,-0.0154011,0.940396,0.000300952,0.000108231,1.84446e-05,-7.58214e-06,0.00780622,23.4583,0.0879712
2025-08-14 00:00:00+00:00,0.0185257,1.46876,0.971727,0.0986452,-0.0204758,1.51418,0.000484715,0.00036054,4.59257e-05,6.07087e-05,0.019228,23,0.0906132
2025-08-15 00:00:00+00:00,-0.00192598,1.46593,1.20139,0.15177,-0.0223758,1.13192,0.00036218,0.000302897,4.90149e-05,5.24619e-05,-0.0012107,25.875,0.0928915
2025-08-16 00:00:00+00:00,0.00520921,1.47357,0.726783,0.0894965,-0.0139765,1.06789,0.00034172,0.000322914,2.07309e-05,1.02453e-05,0.00588117,22.5104,0.0923386
2025-08-17 00:00:00+00:00,-0.00486298,1.4664,0.555495,0.0713751,-0.010515,0.610739,0.000195422,0.000156371,6.92182e-06,4.50059e-05,-0.00455412,19.0208,0.0917398
2025-08-18 00:00:00+00:00,-0.000640884,1.46546,0.628246,0.0588116,-0.0226946,1.04974,0.000335932,0.000261005,4.01508e-05,1.38409e-05,1.26915e-05,19.3542,0.0892046
2025-08-19 00:00:00+00:00,-0.00119774,1.46371,0.548528,0.0530869,-0.0195861,0.634187,0.000202943,0.000181375,1.22794e-05,-2.33383e-06,-0.000775867,16.3542,0.0889145
2025-08-20 00:00:00+00:00,0.000881086,1.465,0.648368,0.0894374,-0.0209847,0.787593,0.000252039,0.000190653,1.72892e-05,-1.29586e-05,0.00139552,19.1042,0.0859314
2025-08-21 00:00:00+00:00,0.0043334,1.47135,0.77832,0.115452,-0.0189495,1.27246,0.000407229,0.000141135,2.60892e-05,-2.17315e-05,0.0049436,22.0625,0.0845696
2025-08-22 00:00:00+00:00,-0.000161991,1.47111,0.679041,0.0837366,-0.0104543,0.943218,0.000301881,0.000123655,2.35763e-05,4.62228e-05,0.000267438,19.7083,0.0864792
2025-08-23 00:00:00+00:00,0.000332223,1.4716,1.04318,0.136359,-0.00769089,1.11462,0.000356708,0.000202895,2.76189e-05,0.000164255,0.000795156,22.6771,0.0853536
2025-08-24 00:00:00+00:00,0.00674042,1.48152,0.980097,0.108744,-0.00934661,1.02059,0.000326614,0.000215038,1.81674e-05,0.000133485,0.00716812,22.1458,0.0847411
2025-08-25 00:00:00+00:00,0.00139472,1.48358,0.649911,0.0353706,-0.0116393,0.905253,0.000289702,0.000182424,3.11236e-05,-0.000690806,0.0026145,20.3021,0.0849632
2025-08-26 00:00:00+00:00,-0.00976127,1.4691,0.586315,0.0232418,-0.0140469,0.5658,0.000181034,0.000135284,1.05499e-05,-0.000496965,-0.00896198,16.9688,0.0838816
2025-08-27 00:00:00+00:00,0.00822415,1.48118,0.572433,0.0335933,-0.0151454,0.58456,0.000187079,0.000134311,1.03514e-05,-0.000291773,0.00883617,17.2917,0.0820194
2025-08-28 00:00:00+00:00,-0.00456164,1.47443,0.608267,0.0462755,-0.0185581,0.689414,0.000220603,0.000179929,1.20651e-05,-0.000293348,-0.00383863,18.1875,0.0835204
2025-08-29 00:00:00+00:00,-0.00461918,1.46762,0.658151,0.0748107,-0.0142771,0.863304,0.000276248,0.000174029,1.87612e-05,-0.000231062,-0.00389701,19.5312,0.0791393
2025-08-30 00:00:00+00:00,-0.00116481,1.46591,0.675339,0.0960104,-0.011307,0.539573,0.000172656,7.69268e-05,9.28294e-06,-8.84944e-05,-0.000796389,18.0104,0.0734333
2025-08-31 00:00:00+00:00,0.0044283,1.4724,0.551425,0.0562438,-0.0106632,0.379016,0.000121288,5.33007e-05,4.5942e-06,4.40994e-05,0.004561,17.4792,0.0732519
2025-09-01 00:00:00+00:00,0.00878503,1.48533,0.598593,0.0375661,-0.0092434,0.818136,0.000261825,9.8138e-05,2.21136e-05,4.21648e-05,0.00910853,18.8021,0.0773588
2025-09-02 00:00:00+00:00,-0.0121552,1.46728,0.749463,0.0267011,-0.00858436,0.748458,0.000239454,8.74725e-05,1.3275e-05,0.000149564,-0.0120199,19.7188,0.0802769
2025-09-03 00:00:00+00:00,-0.00190283,1.46449,0.917224,0.0723884,-0.00897457,0.917025,0.00029345,8.84716e-05,1.44806e-05,0.000174946,-0.00166516,20.9375,0.0749237
2025-09-04 00:00:00+00:00,-0.00253081,1.46078,0.836934,0.0795433,-0.0179222,1.08295,0.000346547,0.000124191,2.20742e-05,8.60964e-05,-0.00209338,20.5,0.0735488
2025-09-05 00:00:00+00:00,-0.00994796,1.44625,0.695551,0.0609591,-0.0204401,0.728311,0.000233052,8.08776e-05,1.31252e-05,-0.000116739,-0.00951965,17.1146,0.0730114
2025-09-06 00:00:00+00:00,-0.0126424,1.42796,0.751522,0.0749488,-0.0205373,0.722707,0.000231238,5.47736e-05,1.22903e-05,-0.00058348,-0.0117953,18.7292,0.0674985
2025-09-07 00:00:00+00:00,-0.0383686,1.37317,0.708873,0.0502768,-0.033478,0.875701,0.000280051,6.35416e-05,2.1519e-05,-0.000487636,-0.0381968,17.2917,0.06139
2025-09-08 00:00:00+00:00,-0.0280335,1.33468,0.733492,0.110958,-0.0464,1.28206,0.00041012,9.2466e-05,4.33454e-05,-0.000548389,-0.0272755,18.375,0.0535338
2025-09-09 00:00:00+00:00,-0.00665122,1.3258,0.629224,0.121908,-0.0402905,0.777085,0.000248632,5.65882e-05,1.938e-05,-0.00143713,-0.00487885,17.1458,0.0455011
2025-09-10 00:00:00+00:00,-0.00483312,1.31939,0.52524,0.115248,-0.028964,0.796177,0.000254753,5.26551e-05,2.13425e-05,-0.000640434,-0.00385449,16.625,0.039217
2025-09-11 00:00:00+00:00,0.00333446,1.32379,0.590152,0.117848,-0.0243347,0.740877,0.000237073,6.33681e-05,1.45441e-05,-0.000518302,0.00418131,17.0208,0.0389617
2025-09-12 00:00:00+00:00,0.0118884,1.33953,0.664774,0.130529,-0.0256486,1.10326,0.0003531,0.000117694,3.40152e-05,-0.000233554,0.0125781,19.6667,0.0420736
2025-09-13 00:00:00+00:00,-0.0151775,1.3192,0.662544,0.131387,-0.0193525,0.905519,0.000289679,0.000107399,1.87127e-05,-0.00020886,-0.0146385,18.7917,0.0448699
2025-09-14 00:00:00+00:00,-0.00110196,1.31775,0.553676,0.133922,-0.0170158,0.65495,0.000209571,7.26342e-05,1.2608e-05,-0.000164736,-0.000621203,15.4792,0.0425553
2025-09-15 00:00:00+00:00,0.000374542,1.31824,0.548401,0.128099,-0.0197095,0.761363,0.000243628,6.91316e-05,1.46537e-05,-0.000249911,0.000972641,15.75,0.0428504
2025-09-16 00:00:00+00:00,0.00488741,1.32468,0.515691,0.116005,-0.0184856,0.514848,0.000164756,8.4796e-05,7.75225e-06,-0.00016439,0.00530729,13.5938,0.0439377
2025-09-17 00:00:00+00:00,-0.00457358,1.31863,0.498521,0.123978,-0.0116499,0.708693,0.000226762,0.000125425,1.2384e-05,-0.00143771,-0.00276677,14.1979,0.0424219
2025-09-18 00:00:00+00:00,-7.81617e-05,1.31852,0.0718202,0.0164273,0.000269644,0.759771,0.000243117,0.00013562,1.89369e-05,-9.97296e-05,0.00042009,8.83333,0.0168085
2025-09-19 00:00:00+00:00,0.000425574,1.31908,0.0562263,0.00848054,-0.0034025,0.39689,0.000127006,5.22518e-05,8.45123e-06,-1.68695e-05,0.000630394,8.26042,0.0171274
2025-09-20 00:00:00+00:00,-0.000854336,1.31796,0.0860515,0.0210799,-0.00310611,0.388928,0.000124457,7.98975e-05,9.75735e-06,-7.74589e-05,-0.000561589,7.65625,0.0208252
2025-09-21 00:00:00+00:00,0.00167598,1.32017,0.127074,0.0440254,-0.00252103,0.374925,0.000119981,9.28988e-05,7.79561e-06,-3.24212e-05,0.00192906,7.86458,0.0236375
2025-09-22 00:00:00+00:00,0.0043682,1.32593,0.297951,0.0905085,-0.00407285,0.911696,0.00029177,0.000156971,3.05023e-05,-1.91648e-05,0.00487624,13.5833,0.0289942
2025-09-23 00:00:00+00:00,0.00566534,1.33344,0.343326,0.100578,-0.00866673,0.533601,0.00017077,6.35941e-05,1.3848e-05,-0.000249425,0.0061621,13.625,0.0307965
2025-09-24 00:00:00+00:00,0.000951217,1.33471,0.390266,0.123429,-0.00468204,0.813571,0.000260351,0.000143152,2.21233e-05,-0.000114273,0.00149782,14.3542,0.0322009
2025-09-25 00:00:00+00:00,-0.00486332,1.32822,0.403097,0.118463,-0.00237818,0.828817,0.000265201,9.85368e-05,2.1351e-05,-6.00759e-05,-0.0044132,15.2917,0.0328842
2025-09-26 00:00:00+00:00,0.000991794,1.32954,0.299733,0.0725289,-0.00253497,0.487927,0.000156139,5.00311e-05,1.1534e-05,-3.79813e-05,0.00125417,14.0104,0.0278087
2025-09-27 00:00:00+00:00,-0.00143235,1.32763,0.264195,0.0651945,-0.00133171,0.376159,0.000120368,0.000119191,1.72283e-05,-2.25425e-05,-0.00114922,12.0104,0.0245493
2025-09-28 00:00:00+00:00,-0.0088186,1.31593,0.170281,0.058323,-0.00015085,0.768193,0.000245829,0.000123113,3.76562e-05,1.89355e-05,-0.00844908,12.0104,0.0213438
2025-09-29 00:00:00+00:00,0.00511415,1.32266,0.145846,0.0589321,-0.000329218,0.770973,0.000246729,7.53606e-05,4.76893e-05,-8.39516e-06,0.00548287,10.75,0.018938
2025-09-30 00:00:00+00:00,-0.00262072,1.31919,0.294911,0.125936,0.00178834,0.626734,0.000200546,0.000138784,4.35553e-05,-0.000235258,-0.00199785,12,0.0263058
2025-10-01 00:00:00+00:00,0.00332743,1.32358,0.300291,0.113764,-0.000752566,0.589343,0.000188609,0.000121705,3.39947e-05,-0.000349853,0.00402343,12.5625,0.0259579
2025-10-02 00:00:00+00:00,0.0121812,1.3397,0.411441,0.134698,0.00154449,0.741231,0.000237235,0.000143386,3.77111e-05,-0.000319149,0.0128574,13.7083,0.0283909
2025-10-03 00:00:00+00:00,0.00347942,1.34436,0.622138,0.18899,0.00204561,1.26684,0.000405399,0.000199833,5.10003e-05,-0.000221961,0.00437613,16.3333,0.0366121
2025-10-04 00:00:00+00:00,0.00532304,1.35152,0.646939,0.185588,-0.00114216,1.91167,0.000611795,0.000226285,6.8817e-05,-0.000161586,0.00639867,16.875,0.0423688
2025-10-05 00:00:00+00:00,-0.00444213,1.34552,0.594849,0.199049,-0.00434897,0.961837,0.000307787,0.000138827,4.86652e-05,-2.79793e-05,-0.00388533,14.6667,0.0450056
2025-10-06 00:00:00+00:00,-0.0062223,1.33714,0.65137,0.187987,-0.00422442,1.31806,0.000421834,0.000107654,0.00012583,-5.13559e-05,-0.00550581,16.4167,0.0450618
2025-10-07 00:00:00+00:00,0.00424009,1.34281,0.719536,0.203921,-0.00218891,0.973361,0.000311462,0.00012326,3.05984e-05,9.79607e-06,0.00472704,17.7292,0.045258
2025-10-08 00:00:00+00:00,0.00528589,1.34991,0.757561,0.194749,0.00251586,1.14164,0.000365338,0.000180331,3.76949e-05,2.11426e-05,0.00585068,19.5312,0.0444983
2025-10-09 00:00:00+00:00,0.00379292,1.35503,0.781749,0.197288,0.00829188,1.28633,0.000411633,0.000209,4.4423e-05,3.34378e-05,0.00443423,17.6562,0.0448588
2025-10-10 00:00:00+00:00,0.0328373,1.39953,0.732674,0.16813,-0.000137067,1.88101,0.000604044,0.000298755,0.00016985,2.48461e-05,0.0348214,19.2083,0.0442053
2025-10-11 00:00:00+00:00,-0.00357379,1.39453,0.5446,0.151927,-0.00392205,0.32002,0.000102408,6.28026e-05,4.40597e-05,0.000224059,-0.00356149,21.8958,0.0458738
2025-10-12 00:00:00+00:00,0.019967,1.42237,0.665852,0.172513,0.00844329,0.390572,0.000125043,3.5442e-05,4.24289e-05,4.12318e-05,0.0199685,24.9062,0.048719
2025-10-13 00:00:00+00:00,0.00247292,1.42589,0.825278,0.244287,0.000229474,0.652941,0.000208993,0.000105173,0.000171846,-0.000123336,0.00310618,25.9792,0.0546382
2025-10-14 00:00:00+00:00,0.000732217,1.42693,0.914148,0.265497,0.00539406,0.336865,0.000107804,5.06648e-05,2.55958e-05,-1.10339e-05,0.000974808,27,0.0553936
2025-10-15 00:00:00+00:00,0.00249745,1.4305,0.980774,0.276453,-0.000152845,0.280766,8.9846e-05,1.5242e-05,1.5644e-05,-8.10619e-05,0.00272582,27,0.051886
2025-10-16 00:00:00+00:00,-0.00128685,1.42865,1.02869,0.306445,0.00309717,0.109329,3.4977e-05,8.68238e-06,4.87393e-06,-3.40445e-05,-0.00117036,27,0.0505529
2025-10-17 00:00:00+00:00,-0.00792306,1.41733,0.999851,0.285123,0.000658948,0.438114,0.000140206,3.84255e-05,3.17886e-05,4.24241e-05,-0.00774336,26.4688,0.0472933
2025-10-18 00:00:00+00:00,-0.000307957,1.4169,1.03835,0.266531,-1.53372e-05,0.158848,5.08199e-05,1.36211e-05,3.53802e-06,3.38504e-05,-0.00024246,27,0.0454985
2025-10-19 00:00:00+00:00,0.00847188,1.4289,1.03978,0.271265,-0.000499564,0.054016,1.72886e-05,5.36395e-06,2.05915e-06,7.0649e-05,0.00841694,27,0.0454113
2025-10-20 00:00:00+00:00,0.00971117,1.44278,1.08867,0.241474,-0.00299313,0.253111,8.09263e-05,5.16686e-05,4.35671e-05,-0.000100786,0.00997847,28.1458,0.0487175
2025-10-21 00:00:00+00:00,-0.000445931,1.44214,1.13185,0.241463,0.00128206,0.0913103,2.92173e-05,3.65216e-06,2.13665e-06,-6.37453e-05,-0.00030635,29,0.048726
2025-10-22 00:00:00+00:00,0.0053333,1.44983,1.20383,0.220766,-0.00409953,0.176175,5.63685e-05,8.10354e-06,5.44906e-06,-0.000362273,0.00579451,29,0.0466306
2025-10-23 00:00:00+00:00,-0.00527226,1.44218,1.29212,0.219814,-0.00436803,0.554632,0.000177487,2.64123e-05,1.33043e-05,-0.000198501,-0.00482472,29,0.0484345
2025-10-24 00:00:00+00:00,-0.00184678,1.43952,1.04568,0.1907,0.00814146,2.4519,0.000784626,0.000153389,6.80192e-05,-0.000149113,-0.000672608,29,0.0482593
2025-10-25 00:00:00+00:00,-0.000709804,1.4385,0.819207,0.167065,0.00976113,0.441435,0.000141275,2.84839e-05,9.29967e-06,-0.000112043,-0.000406384,29,0.0462979
2025-10-26 00:00:00+00:00,-0.00548767,1.4306,0.910187,0.193971,0.000406483,0.120597,3.8573e-05,5.82619e-06,1.50437e-06,-0.000131014,-0.00530357,29,0.0455577
2025-10-27 00:00:00+00:00,0.0053497,1.43826,0.955677,0.205195,-0.0156611,0.430022,0.000137645,2.68982e-05,4.0666e-05,-3.14389e-05,0.00561456,29.3125,0.0470704
2025-10-28 00:00:00+00:00,-0.00758674,1.42735,1.03965,0.204007,-0.0336131,0.543343,0.000173864,4.77847e-05,1.26383e-05,2.40884e-05,-0.00736945,30,0.0516855
2025-10-29 00:00:00+00:00,-0.00590369,1.41892,0.862967,0.164832,-0.0196186,1.26578,0.000405031,0.000119617,3.78409e-05,-1.37734e-05,-0.00530713,28.1562,0.0487886
2025-10-30 00:00:00+00:00,0.0150564,1.44028,0.824494,0.167364,-0.00318664,0.827822,0.00026494,0.000168565,2.75462e-05,-3.91136e-05,0.0154813,26.4688,0.0466529
2025-10-31 00:00:00+00:00,-0.00948948,1.42661,0.588213,0.12457,-0.00486418,0.759691,0.000243035,0.000154272,2.71649e-05,-3.83325e-05,-0.00902345,15.5521,0.0508551
2025-11-01 00:00:00+00:00,-0.000676615,1.42565,0.601634,0.158784,0.00397944,0.922589,0.00029524,0.000252118,3.56579e-05,-9.29543e-06,-5.2758e-05,17.6458,0.0476943
2025-11-02 00:00:00+00:00,0.0064991,1.43491,0.435465,0.14172,0.00918925,0.570466,0.000182571,0.000165091,1.39333e-05,-1.7615e-05,0.00686461,15.875,0.0467855
2025-11-03 00:00:00+00:00,-0.0087401,1.42237,0.807229,0.178474,-0.0283554,1.41275,0.000452102,0.000176956,9.24808e-05,-2.27163e-05,-0.0079718,17.0833,0.0496563
2025-11-04 00:00:00+00:00,-0.0116103,1.40586,0.7138,0.156055,-0.0125069,1.02665,0.000328469,9.94586e-05,4.46841e-05,-5.48756e-05,-0.011029,16.6771,0.0478329
2025-11-05 00:00:00+00:00,-0.00180817,1.40332,0.873436,0.188786,-0.00688632,0.221319,7.08076e-05,9.20483e-06,1.13408e-05,-2.55516e-05,-0.00164391,18.5104,0.0426884
2025-11-06 00:00:00+00:00,0.00155045,1.40549,0.920438,0.196617,-0.00277449,0.738296,0.00023625,5.91013e-05,2.776e-05,-0.000118692,0.00205128,19.375,0.0403021
2025-11-07 00:00:00+00:00,-0.0153386,1.38393,0.848076,0.204553,0.00235545,0.529766,0.000169487,5.82457e-05,2.52313e-05,-9.62728e-05,-0.0150157,22.3438,0.0390838
2025-11-08 00:00:00+00:00,0.01145,1.39978,0.933829,0.237565,0.00169813,0.16522,5.28582e-05,7.79862e-06,6.08865e-06,3.94096e-06,0.0115189,23.7396,0.0373551
2025-11-09 00:00:00+00:00,0.00496323,1.40673,1.03449,0.257396,0.00149324,0.128386,4.10795e-05,5.70911e-06,4.59758e-06,-2.37452e-05,0.0050714,24.7083,0.0414363
2025-11-10 00:00:00+00:00,0.010105,1.42094,1.04684,0.250505,-0.00286521,0.333198,0.000106744,3.67144e-05,3.58432e-05,4.70978e-05,0.0102449,28.3438,0.0422974
2025-11-11 00:00:00+00:00,0.00921759,1.43404,0.835115,0.197643,0.00250391,1.08555,0.000347398,0.000216101,3.50956e-05,3.44191e-05,0.00977117,25.8229,0.0461484
2025-11-12 00:00:00+00:00,0.0003159,1.43449,0.644609,0.15601,-0.000763206,0.668012,0.000213751,0.000143763,1.80796e-05,1.62119e-05,0.000693461,19.5625,0.0479932
2025-11-13 00:00:00+00:00,3.64186e-06,1.4345,0.612608,0.120929,-0.00533915,0.678274,0.000217051,0.000115829,1.59652e-05,2.10058e-05,0.000346417,18.8021,0.0493788
2025-11-14 00:00:00+00:00,-0.0068234,1.42471,0.513831,0.0926986,-0.00275056,0.671744,0.000214948,0.000105569,1.70413e-05,2.98077e-05,-0.00651553,20.8229,0.0472068
2025-11-15 00:00:00+00:00,-0.00070697,1.4237,0.477891,0.0919545,-0.000956056,0.52214,0.000167088,5.19297e-05,1.16739e-05,-0.000462512,1.09338e-05,21.125,0.0418786
2025-11-16 00:00:00+00:00,0.00370237,1.42898,0.473978,0.0956908,-0.00365025,0.554771,0.000177543,5.03047e-05,1.17621e-05,-0.00075106,0.00470972,19.1875,0.0415272
2025-11-17 00:00:00+00:00,-0.00466361,1.42231,0.690724,0.0981378,-0.0283226,2.38262,0.000762492,0.000197192,0.00013509,-0.000748887,-0.00277822,22.5,0.0586101
2025-11-18 00:00:00+00:00,0.014042,1.44228,0.844019,0.112263,-0.0175567,1.15779,0.000370504,0.000107595,4.16175e-05,-0.000150533,0.0146803,24,0.0563367
2025-11-19 00:00:00+00:00,-0.000294513,1.44186,0.759724,0.10474,-0.0134654,1.42682,0.000456652,0.000157704,5.06266e-05,-7.13378e-05,0.000480203,22.4479,0.0583133
2025-11-20 00:00:00+00:00,0.00781709,1.45313,0.86579,0.130526,-0.0108154,1.91203,0.000611906,0.000340109,7.43103e-05,-0.000240812,0.00909205,21.7708,0.0566209
2025-11-21 00:00:00+00:00,0.0154883,1.47564,0.774014,0.108672,-0.00341899,1.5829,0.000506671,0.000268312,5.94464e-05,-8.112e-05,0.0163361,23,0.0556704
2025-11-22 00:00:00+00:00,0.00237335,1.47914,0.996871,0.12213,-0.00266691,2.03726,0.000652093,0.000355526,0.0001024,-9.14997e-05,0.00363014,25.5938,0.0614686
2025-11-23 00:00:00+00:00,0.00425559,1.48543,0.780176,0.118339,-0.00610671,2.01511,0.000644863,0.0003187,8.65268e-05,-4.0012e-05,0.00536183,25.8229,0.0641001
2025-11-24 00:00:00+00:00,0.00452108,1.49215,0.80574,0.111981,-0.00644688,2.88397,0.000922956,0.000456425,0.000186964,-0.000403046,0.00650274,24.1875,0.0658234
2025-11-25 00:00:00+00:00,-0.00784878,1.48044,0.798462,0.128078,-0.00651254,1.02541,0.000328096,0.000207117,2.78031e-05,-0.00012472,-0.00716414,24.1042,0.0665666
2025-11-26 00:00:00+00:00,0.00517502,1.4881,0.789166,0.130963,-0.00513947,0.777078,0.000248682,0.000169379,1.75798e-05,-0.000550366,0.00616874,22,0.0621283
2025-11-27 00:00:00+00:00,0.00353965,1.49337,0.780132,0.128778,-0.00318246,0.695899,0.000222709,0.000128403,1.45895e-05,-0.00028952,0.00420862,21.6771,0.064358
2025-11-28 00:00:00+00:00,0.00652475,1.50311,0.981668,0.165549,-0.00485804,1.44117,0.000461174,0.000182473,3.62708e-05,-5.53703e-05,0.0072597,24.5833,0.0676924
2025-11-29 00:00:00+00:00,0.00281504,1.50734,0.754997,0.109843,-0.0131788,1.1542,0.000369356,0.000144205,2.12243e-05,6.76216e-05,0.00328877,24.75,0.0715818
2025-11-30 00:00:00+00:00,0.00483752,1.51463,0.613214,0.0875233,-0.0132159,0.867105,0.000277491,0.000102408,1.22276e-05,1.13246e-05,0.00521304,24.1042,0.0736471
2025-12-01 00:00:00+00:00,-0.00254883,1.51077,0.674589,0.0713641,-0.0173789,1.20175,0.000384565,9.28771e-05,3.72813e-05,-0.00107464,-0.000923905,26.5208,0.0763
2025-12-02 00:00:00+00:00,0.0040037,1.51682,0.557981,0.0729259,-0.00924507,0.703927,0.000225275,5.56477e-05,1.92672e-05,-0.00111148,0.00542634,25.0208,0.0743291
2025-12-03 00:00:00+00:00,0.00495337,1.52433,0.573317,0.0836025,-0.00470301,0.644607,0.000206281,4.1322e-05,1.77182e-05,-0.000624086,0.0058448,25.2812,0.0771323
2025-12-04 00:00:00+00:00,-0.0075738,1.51279,0.623002,0.0955032,-0.00550085,0.57867,0.000185168,5.27054e-05,1.4627e-05,-0.00076485,-0.00656935,24.5833,0.0779313
2025-12-05 00:00:00+00:00,0.00404474,1.51891,0.552512,0.0918722,-0.00599791,0.537094,0.000171873,4.84712e-05,9.66762e-06,-0.000322001,0.00459847,23.1562,0.0748495
2025-12-06 00:00:00+00:00,-0.0024213,1.51523,0.4506,0.0733284,-0.00751501,0.395943,0.000126698,3.04824e-05,6.1579e-06,-0.00105301,-0.00120148,22.3333,0.0747681
2025-12-07 00:00:00+00:00,0.00784558,1.52712,0.546693,0.0831649,-0.00829355,0.600819,0.000192269,5.56291e-05,1.04552e-05,-0.000629883,0.00871642,25.0208,0.0749298
2025-12-08 00:00:00+00:00,-0.00186661,1.52427,0.413367,0.0597868,-0.0121386,0.790101,0.000252759,7.6115e-05,5.18341e-05,-0.000201877,-0.00127886,23.3854,0.0790465
2025-12-09 00:00:00+00:00,-0.000666152,1.52325,0.400334,0.0611626,-0.00653437,0.386289,0.000123619,3.50841e-05,7.10021e-06,-9.52372e-05,-0.000397988,20.9375,0.0783799
2025-12-10 00:00:00+00:00,0.00872108,1.53654,0.384289,0.0512318,-0.00660822,0.427828,0.000136932,3.18576e-05,7.80606e-06,-4.09014e-05,0.00890875,22.8438,0.0776699
2025-12-11 00:00:00+00:00,0.00546934,1.54494,0.498128,0.0629657,-0.00702496,0.683037,0.000218721,4.13052e-05,1.70614e-05,8.83914e-05,0.00566437,25.4792,0.0819376
2025-12-12 00:00:00+00:00,0.00553516,1.55349,0.646566,0.0814175,-0.0118981,0.763102,0.000244204,5.33797e-05,1.72242e-05,1.37287e-05,0.00583027,25.7396,0.0862645
2025-12-13 00:00:00+00:00,-0.00497485,1.54576,0.467923,0.0564616,-0.0123288,0.611942,0.000195803,4.99254e-05,1.37764e-05,-0.000518898,-0.00419467,23.5208,0.0865965
2025-12-14 00:00:00+00:00,0.00322329,1.55075,0.405433,0.0500665,-0.0113251,0.339525,0.000108652,2.87097e-05,4.69649e-06,-0.000386978,0.00375024,22.6562,0.0836496
2025-12-15 00:00:00+00:00,-2.09522e-05,1.55071,0.599478,0.0438309,-0.0185751,1.10121,0.000352406,0.000159161,6.95881e-05,-9.72131e-05,0.000672777,22.1979,0.086047
2025-12-16 00:00:00+00:00,0.00409825,1.55707,0.483509,0.0195472,-0.0140942,0.557653,0.00017846,6.4938e-05,1.21572e-05,-0.00184408,0.00621027,21.6146,0.0858202
2025-12-17 00:00:00+00:00,0.00825766,1.56993,0.476214,0.0266616,-0.0138856,0.647369,0.00020718,9.16064e-05,1.6365e-05,-0.00044642,0.00900267,24.3333,0.0893499
2025-12-18 00:00:00+00:00,0.00728781,1.58137,0.473827,0.013812,-0.00642273,0.662633,0.000212065,8.26364e-05,2.06914e-05,-0.000252852,0.00784535,24.3854,0.093024
2025-12-19 00:00:00+00:00,-0.00450426,1.57424,0.518996,0.00172201,-0.00796213,0.627327,0.000200735,6.70847e-05,2.14925e-05,-0.000153691,-0.00405812,22.4896,0.0980033
2025-12-20 00:00:00+00:00,-0.00298869,1.56954,0.505443,0.0193586,-0.0112655,0.409325,0.000130976,4.7296e-05,1.18604e-05,-0.00011048,-0.00268283,21.9062,0.0937117
2025-12-21 00:00:00+00:00,-0.00255945,1.56552,0.600689,0.0419787,-0.017966,0.534679,0.000171092,4.62605e-05,1.49276e-05,-0.000209896,-0.00209172,20.8438,0.0890861
2025-12-22 00:00:00+00:00,0.0049723,1.57331,0.590054,0.042047,-0.0182118,0.725654,0.000232259,7.50278e-05,3.4132e-05,-0.000263536,0.00559059,22.4583,0.0906449
2025-12-23 00:00:00+00:00,-0.00168969,1.57065,0.519148,0.030031,-0.0177428,0.437761,0.000140083,4.13709e-05,9.86034e-06,-0.000282231,-0.00120876,23.3125,0.0941492
2025-12-24 00:00:00+00:00,-0.00464632,1.56335,0.442924,0.018312,-0.017698,0.38437,0.000122993,4.35603e-05,1.25407e-05,-0.000375291,-0.00408893,20.4688,0.0917098
2025-12-25 00:00:00+00:00,-0.00947615,1.54854,0.486073,0.0303743,-0.021608,0.525972,0.00016823,6.63867e-05,1.80365e-05,-0.0004238,-0.00882737,19.5,0.0844882
2025-12-26 00:00:00+00:00,-0.00290075,1.54404,0.55095,0.0571494,-0.019169,0.454828,0.00014553,4.18575e-05,1.26355e-05,-0.000458755,-0.00222764,21.3958,0.0797678
2025-12-27 00:00:00+00:00,-0.00134099,1.54197,0.653377,0.0767762,-0.0231473,0.530598,0.000169795,3.73256e-05,1.33217e-05,-0.000229975,-0.000877991,22.4271,0.0746068
2025-12-28 00:00:00+00:00,0.0102747,1.55782,0.960666,0.10841,-0.0333824,0.982568,0.000314477,7.70271e-05,2.62924e-05,-0.000399161,0.0110518,22.3854,0.0735176
2025-12-29 00:00:00+00:00,-0.000305762,1.55734,0.573294,0.0716479,-0.0203627,1.75665,0.000562206,0.000147626,0.000154488,1.75782e-05,0.000564094,25.3958,0.0802528
2025-12-30 00:00:00+00:00,-0.0036343,1.55168,0.577588,0.0739753,-0.0202122,0.812647,0.000259963,4.71206e-05,6.9152e-05,-0.000128791,-0.00309871,27.9479,0.0855453
2025-12-31 00:00:00+00:00,-0.00497827,1.54396,0.532741,0.0804297,-0.0181288,0.736133,0.000235518,6.63334e-05,2.76052e-05,-0.000224091,-0.00439657,26.6562,0.0836368
2026-01-01 00:00:00+00:00,0.000321152,1.54445,0.465902,0.0854854,-0.0170376,0.438923,0.000140464,2.84274e-05,1.0033e-05,-8.70592e-05,0.000596427,24.7396,0.077162
2026-01-02 00:00:00+00:00,-0.00429546,1.53782,0.434039,0.0904699,-0.0132168,0.341733,0.000109346,2.35335e-05,8.13125e-06,-2.57764e-05,-0.00412592,21.9583,0.0781314
2026-01-03 00:00:00+00:00,-0.00148605,1.53553,0.356497,0.071953,-0.0126937,0.287206,9.19006e-05,1.97774e-05,1.07416e-05,-7.39735e-05,-0.00128377,22.1771,0.0788516
2026-01-04 00:00:00+00:00,-0.0013098,1.53352,0.344962,0.0610327,-0.0144328,0.268326,8.58622e-05,2.18793e-05,9.37142e-06,-0.000242994,-0.000942306,21.7083,0.0774379
2026-01-05 00:00:00+00:00,0.00774654,1.5454,0.358294,0.043052,-0.0133272,0.44168,0.00014137,3.96672e-05,2.86096e-05,-0.000876676,0.00881381,21.75,0.07803
2026-01-06 00:00:00+00:00,-0.000192301,1.5451,0.365381,0.0369835,-0.0124431,0.297195,9.51037e-05,3.17025e-05,7.47209e-06,-0.000759489,0.000710595,22.625,0.082644
2026-01-07 00:00:00+00:00,-0.00468782,1.53786,0.389397,0.0487183,-0.0143788,0.402765,0.000128908,3.56689e-05,2.41914e-05,-0.000627287,-0.00385754,21.5833,0.0790385
2026-01-08 00:00:00+00:00,0.000414163,1.5385,0.393062,0.0525506,-0.01286,0.385834,0.000123474,5.19659e-05,1.10235e-05,-0.000168585,0.000779566,21.4271,0.0755527
2026-01-09 00:00:00+00:00,-0.00448095,1.5316,0.399698,0.0484939,-0.0131327,0.355561,0.000113777,2.33731e-05,8.88594e-06,-0.00016107,-0.00417236,20.1562,0.0744624
2026-01-10 00:00:00+00:00,0.00324465,1.53657,0.381739,0.0430273,-0.0106837,0.296239,9.48014e-05,2.32802e-05,7.02745e-06,-8.78595e-05,0.0034582,19.7292,0.0718287
2026-01-11 00:00:00+00:00,0.000188158,1.53686,0.409413,0.0478721,-0.0170913,0.380641,0.000121789,2.74847e-05,8.98402e-06,5.40445e-06,0.000347639,19.2396,0.0714669
2026-01-12 00:00:00+00:00,0.00509549,1.54469,0.53463,0.086117,-0.022391,1.07828,0.000345057,6.39806e-05,8.55849e-05,-6.56442e-05,0.005656,21.9062,0.0723623
2026-01-13 00:00:00+00:00,0.0022428,1.54816,0.587406,0.0862734,-0.0205075,0.593735,0.00019005,2.46358e-05,1.84044e-05,-0.00018864,0.00270241,18.6979,0.0729914
2026-01-14 00:00:00+00:00,0.00668421,1.55851,0.662358,0.0978628,-0.019734,0.684422,0.000219044,3.04832e-05,2.03246e-05,-0.00162851,0.00860356,21.1354,0.0746903
2026-01-15 00:00:00+00:00,-0.00067943,1.55745,0.66074,0.0800943,-0.0170614,1.04979,0.000335714,6.44611e-05,5.2261e-05,-0.00115675,0.000991619,23.1667,0.0789996
2026-01-16 00:00:00+00:00,-0.00437397,1.55063,0.666624,0.0799978,-0.0179733,0.780381,0.000249702,3.77439e-05,1.66268e-05,-0.00212057,-0.00193953,24.5104,0.0783182
2026-01-17 00:00:00+00:00,0.00228859,1.55418,0.649487,0.0798995,-0.0178547,0.608691,0.000194786,2.82841e-05,1.00987e-05,-0.000209984,0.00273705,23.875,0.0758243
2026-01-18 00:00:00+00:00,0.00136492,1.5563,0.531163,0.0537592,-0.0164624,0.460143,0.000147251,1.9725e-05,8.76471e-06,-0.000326185,0.00187345,21.875,0.0779071
2026-01-19 00:00:00+00:00,0.0108896,1.57325,0.447325,0.0574667,-0.0153035,0.916118,0.000293963,8.70748e-05,0.000143577,-0.000258037,0.0116597,21.5417,0.0800953
2026-01-20 00:00:00+00:00,0.00621193,1.58303,0.506286,0.0880418,-0.0145662,0.836838,0.000267812,4.66288e-05,2.65592e-05,-3.47694e-05,0.00659294,21.6979,0.083233
2026-01-21 00:00:00+00:00,-0.00602876,1.57348,0.499703,0.0622325,-0.00820319,0.83153,0.000266067,5.77874e-05,2.41571e-05,-0.00016302,-0.00551399,21.6562,0.0794089
2026-01-22 00:00:00+00:00,-0.0013787,1.57131,0.338408,0.0495447,-0.00628258,0.32668,0.000104537,2.70408e-05,6.69076e-06,-0.000669999,-0.000565924,20.3646,0.0739126
2026-01-23 00:00:00+00:00,-0.00284074,1.56685,0.433234,0.0764408,-0.00832406,0.547918,0.000175336,3.23778e-05,1.5413e-05,-0.000994844,-0.00160999,21.5,0.0684668
2026-01-24 00:00:00+00:00,-0.00848042,1.55356,0.796262,0.151188,-0.0137072,0.819672,0.000262287,5.68052e-05,3.1283e-05,-0.000626978,-0.00751488,21.3229,0.0636163
2026-01-25 00:00:00+00:00,0.0121033,1.57236,0.724527,0.168564,-0.00795232,0.897878,0.000287341,7.23295e-05,2.86782e-05,2.05888e-05,0.0124247,18.875,0.0587854
2026-01-26 00:00:00+00:00,-0.00222065,1.56887,0.492518,0.105543,-0.00440391,0.791194,0.000253233,8.46209e-05,7.63785e-05,-0.00124446,-0.00055211,18.75,0.0626568
2026-01-27 00:00:00+00:00,-0.00593011,1.55957,0.427241,0.0869352,-0.00924254,0.494809,0.000158337,5.81414e-05,1.04591e-05,-0.00108271,-0.00462188,18.8333,0.0608225
2026-01-28 00:00:00+00:00,0.00604004,1.56899,0.603031,0.13399,-0.0117273,0.819028,0.000262119,8.85894e-05,1.8788e-05,-0.000260231,0.00668747,21.4375,0.0577869
2026-01-29 00:00:00+00:00,0.00235442,1.57268,0.623723,0.127266,-0.00819918,0.971614,0.000310896,0.000116371,2.68652e-05,-0.000119229,0.00295969,22.5521,0.0618364
2026-01-30 00:00:00+00:00,0.00624627,1.58251,0.524028,0.0986487,0.00212786,0.913946,0.000292482,0.000115521,2.96512e-05,3.31731e-05,0.00665666,22.4375,0.0610413
2026-01-31 00:00:00+00:00,0.00101191,1.58411,0.421527,0.0777775,0.00166406,0.704109,0.000225327,0.000112854,2.34158e-05,8.88e-05,0.00130202,21.1979,0.0635256
2026-02-01 00:00:00+00:00,-0.000807113,1.58283,0.472926,0.0703774,0.00118583,0.71613,0.00022917,7.79533e-05,2.87814e-05,-7.34111e-05,-0.000367142,21.9062,0.0637214
2026-02-02 00:00:00+00:00,0.00450291,1.58996,0.632881,0.0741426,0.000526774,0.870389,0.00027868,0.000102699,0.000173192,-3.57415e-05,0.00511989,23,0.0608835
2026-02-03 00:00:00+00:00,-0.0136741,1.56822,0.666686,0.0764391,-0.00630866,0.279778,8.95241e-05,4.40845e-05,2.29805e-05,-0.000359173,-0.0132035,23,0.0600479
2026-02-04 00:00:00+00:00,-0.0233233,1.53164,0.664447,0.0798539,-0.00101455,0.325445,0.000104098,6.16129e-05,2.15451e-05,-0.000534394,-0.0228174,23.4271,0.0535929
2026-02-05 00:00:00+00:00,-0.00917112,1.51759,0.656946,0.0656937,0.00309452,0.366996,0.000117396,8.76022e-05,1.80224e-05,-0.000635815,-0.0082887,24,0.0445412
2026-02-06 00:00:00+00:00,0.01932,1.54691,0.697774,0.0458506,4.73142e-05,0.378034,0.000120952,4.61418e-05,2.88598e-05,-0.000215749,0.0196237,24,0.0387281
2026-02-07 00:00:00+00:00,-0.00331859,1.54178,0.80091,0.0712568,0.00114124,0.337171,0.000107848,3.68594e-05,2.03289e-05,-0.000265337,-0.00283428,24.8854,0.0433293
2026-02-08 00:00:00+00:00,-0.0319756,1.49248,0.811416,0.0738369,-0.00185407,0.409523,0.000130849,3.77876e-05,3.2864e-05,-0.00155493,-0.0306259,25.3229,0.0428241
2026-02-09 00:00:00+00:00,0.00892545,1.5058,0.729107,0.0601437,-0.00269045,0.15219,4.88283e-05,9.16336e-06,4.22249e-05,-0.00193244,0.0109546,25,0.0371395
2026-02-10 00:00:00+00:00,-0.0222366,1.47232,0.735947,0.0518704,-0.00998418,0.0630402,2.01621e-05,1.1776e-05,4.8313e-06,-0.00262805,-0.0197855,25.7812,0.0343354
2026-02-11 00:00:00+00:00,-0.0319032,1.42535,0.648154,0.0428987,-0.00590771,0.516259,0.000165091,3.93245e-05,2.33228e-05,-0.00252018,-0.0296048,26,0.0243731
2026-02-12 00:00:00+00:00,-0.000109595,1.42519,0.104001,0.012294,0.00215452,0.701327,0.000224427,6.18554e-05,2.75685e-05,-0.000319087,0.000525096,24.1771,0.0155812
2026-02-13 00:00:00+00:00,0.00160674,1.42748,0.12818,0.0147502,0.00261648,0.920432,0.000294545,6.20752e-05,3.74144e-05,-0.000234684,0.00223597,14.4688,0.016452
2026-02-14 00:00:00+00:00,-0.00180201,1.42491,0.202411,0.0345253,0.00719494,0.948856,0.000303629,7.17e-05,3.80465e-05,-0.000375815,-0.00101047,14.8646,0.0197879
2026-02-15 00:00:00+00:00,0.00168668,1.42731,0.243473,0.0457094,0.00729585,1.05332,0.000337072,0.000102257,4.34556e-05,-0.000441709,0.00261284,15.8125,0.0218996
2026-02-16 00:00:00+00:00,-0.00352297,1.42228,0.200567,0.0288678,0.00265306,0.961924,0.000307807,0.000101971,5.35125e-05,-0.000296164,-0.00276376,13.1458,0.021915
2026-02-17 00:00:00+00:00,-0.00181719,1.4197,0.127331,0.0103778,-0.000166293,0.652847,0.000208909,7.059e-05,4.38416e-05,-0.000425059,-0.00106769,11.0729,0.0179405
2026-02-18 00:00:00+00:00,-0.00186239,1.41705,0.188034,0.00771782,-0.000120532,0.838772,0.000268399,9.05365e-05,4.8378e-05,-0.000659225,-0.000790776,12.1562,0.0216422
2026-02-19 00:00:00+00:00,-0.00867469,1.40476,0.254341,8.31845e-05,-0.00874899,0.759126,0.000242893,6.33788e-05,4.76103e-05,-0.00147983,-0.00686103,11.1562,0.0258669
2026-02-20 00:00:00+00:00,-0.00551264,1.39702,0.185479,0.00363946,-0.00506677,0.867195,0.000277478,5.57383e-05,3.92373e-05,-0.0015526,-0.00358738,12.2917,0.0239879
2026-02-21 00:00:00+00:00,-0.000213287,1.39672,0.142266,0.0105717,0.000511294,0.711432,0.000227657,6.47956e-05,4.3105e-05,-0.000865247,0.000991024,11.5729,0.0220693
2026-02-22 00:00:00+00:00,-0.00179828,1.39421,0.180206,0.0153732,-0.00449353,0.586579,0.000187703,7.86691e-05,2.87731e-05,-0.000734735,-0.000766565,10.6354,0.0244155
2026-02-23 00:00:00+00:00,-0.0126325,1.37659,0.111384,0.00913397,-0.00532685,0.63885,0.000204403,6.32783e-05,3.90178e-05,-0.000207262,-0.0121907,8.72917,0.0192578
2026-02-24 00:00:00+00:00,0.00288638,1.38057,0.0274517,0.00169589,-0.00683175,0.431418,0.000138058,5.23441e-05,4.82797e-05,-0.000329836,0.00345325,6.94792,0.0105891
2026-02-25 00:00:00+00:00,0.00147324,1.3826,0.0286459,0.00882108,-0.00285294,0.4016,0.000128515,3.90517e-05,6.11215e-05,-0.000181431,0.00188315,5.26042,0.0103886
2026-02-26 00:00:00+00:00,-0.000371083,1.38209,0.101152,0.0255489,-0.00191329,0.679506,0.000217443,4.55966e-05,6.36312e-05,-0.000605287,0.000565344,11.5729,0.0175596
2026-02-27 00:00:00+00:00,0.000239253,1.38242,0.106768,0.0276891,-0.00141962,0.890616,0.000284997,5.87188e-05,8.75889e-05,-0.000251896,0.000923722,13.4375,0.0173897
2026-02-28 00:00:00+00:00,-0.0028993,1.37841,0.0781281,0.0186356,-0.00211746,0.684917,0.000219163,3.36649e-05,6.43153e-05,1.7211e-05,-0.00260059,10.8333,0.015582
2026-03-01 00:00:00+00:00,-0.00120206,1.37675,0.056477,0.0146294,0.0017971,0.485267,0.000155284,2.28546e-05,3.64161e-05,-1.17251e-05,-0.000974706,8.125,0.0142345
2026-03-02 00:00:00+00:00,-0.00205618,1.37392,0.0506237,0.00601147,0.000858594,0.591334,0.000189224,2.71978e-05,6.10553e-05,-4.72168e-05,-0.00173182,8.72917,0.0131297
2026-03-03 00:00:00+00:00,0.000132778,1.37411,0.0330574,0.0044865,0.00197957,0.527883,0.000168923,2.2198e-05,4.52802e-05,-4.26456e-05,0.000412168,7.51042,0.0105406
2026-03-04 00:00:00+00:00,0.00376202,1.37928,0.146607,0.0269777,0.00682474,0.846699,0.000270958,5.35104e-05,6.0802e-05,-6.83145e-06,0.00415001,12.5938,0.0167152
2026-03-05 00:00:00+00:00,-0.00269032,1.37556,0.295306,0.0467071,0.00559681,0.743554,0.000237933,0.000107719,4.25646e-05,-7.62645e-07,-0.00230117,15.8854,0.0244802
2026-03-06 00:00:00+00:00,-0.000772974,1.3745,0.186903,0.0292055,0.00225412,0.775098,0.000248029,8.73215e-05,4.77487e-05,1.37561e-07,-0.000388448,13.7188,0.0215217
2026-03-07 00:00:00+00:00,0.000915176,1.37576,0.132023,0.0169938,0.00272867,0.492573,0.000157626,5.53915e-05,2.57667e-05,1.48761e-05,0.00113991,10.0104,0.0204342
2026-03-08 00:00:00+00:00,-0.00127881,1.374,0.152363,0.0139514,-0.001723,0.580306,0.000185695,4.61002e-05,2.54999e-05,3.85714e-05,-0.00105909,10.1667,0.0229697
2026-03-09 00:00:00+00:00,0.000412909,1.37457,0.134895,0.0115436,-0.00124123,0.597789,0.000191297,0.000134304,2.90355e-05,7.61179e-06,0.000762128,10.1771,0.02266
2026-03-10 00:00:00+00:00,-0.000751723,1.37353,0.17488,0.00931892,-0.00225256,0.480855,0.000153874,8.33181e-05,1.73951e-05,1.58761e-05,-0.000507284,10.9167,0.0251238
2026-03-11 00:00:00+00:00,-0.00222724,1.37047,0.184705,0.0135196,-0.00150703,0.653367,0.000209074,0.000104017,2.34575e-05,-5.87951e-05,-0.00183079,12.6146,0.0235935
2026-03-12 00:00:00+00:00,-0.00282087,1.36661,0.136919,0.00530042,-0.00470072,0.567153,0.000181483,0.00013895,2.72213e-05,-7.35235e-05,-0.00240173,11.2604,0.0202797
2026-03-13 00:00:00+00:00,-0.00171747,1.36426,0.0627479,-0.00130309,-0.00352356,0.389991,0.000124796,8.11789e-05,1.80799e-05,-7.04136e-05,-0.00142361,8.92708,0.0136949
2026-03-14 00:00:00+00:00,0.000295781,1.36467,0.00718866,-0.00316823,-0.00313071,0.233387,7.46842e-05,3.01921e-05,1.36582e-05,-2.97836e-06,0.00041729,3.71875,0.00729853
2026-03-15 00:00:00+00:00,-8.68757e-06,1.36465,5.65199e-05,-5.65199e-05,-5.17413e-05,0.00379558,1.21458e-06,1.51823e-07,1.30456e-07,1.25259e-07,-7.31596e-06,0.0625,0.00489886
2026-03-16 00:00:00+00:00,0.00236554,1.36788,0.0287074,0.00477474,0.00455824,0.316096,0.000101155,1.91701e-05,1.25343e-05,-0.000160739,0.00265704,4.9375,0.0103876
2026-03-17 00:00:00+00:00,-0.000123643,1.36771,0.00530262,0.00323462,0.00310208,0.127307,4.07377e-05,8.5856e-06,2.8418e-06,-1.6735e-07,-7.12881e-05,2.5,0.00542151
2026-03-18 00:00:00+00:00,-0.000329083,1.36726,0.00922936,0.00588281,0.00562949,0.0883056,2.82578e-05,1.23644e-05,5.48985e-06,2.7836e-06,-0.000285764,2.11458,0.00803896
2026-03-19 00:00:00+00:00,-7.04769e-05,1.36717,0.00329436,-0.00213479,-0.00292322,0.116217,3.71895e-05,4.64869e-06,8.9203e-06,9.20814e-08,-1.97895e-05,1.53125,0.00617022
2026-03-20 00:00:00+00:00,7.27294e-06,1.36718,0.00111407,-0.00111407,-0.00156262,0.050639,1.62045e-05,2.02556e-06,4.77019e-06,2.83789e-07,2.99948e-05,0.770833,0.00445903
2026-03-21 00:00:00+00:00,0,1.36718,0,0,0,0,0,0,0,0,0,0,0.00179915
2026-03-22 00:00:00+00:00,0,1.36718,0,0,0,0,0,0,0,0,0,0,0
2026-03-23 00:00:00+00:00,0,1.36718,0,0,0,0,0,0,0,0,0,0,0
2026-03-24 00:00:00+00:00,0,1.36718,0,0,0,0,0,0,0,0,0,0,0.000149749
2026-03-25 00:00:00+00:00,0,1.36718,0,0,0,0,0,0,0,0,0,0,0.00010128
2026-03-26 00:00:00+00:00,0,1.36718,0,0,0,0,0,0,0,0,0,0,0.00065244
2026-03-27 00:00:00+00:00,-0.000593899,1.36636,0.00415781,-0.00415781,-0.00351961,0.0999665,3.1989e-05,3.99863e-06,7.96816e-06,-2.99136e-05,-0.000520124,1.375,0.00443844
2026-03-28 00:00:00+00:00,0.000461965,1.367,0.0031155,-0.0031155,-0.00271025,0.107993,3.45579e-05,4.31974e-06,9.71023e-06,-2.38559e-06,0.000512951,1.45833,0.00472453
2026-03-29 00:00:00+00:00,0.000124551,1.36717,0.0113338,0.0026558,0.00108535,0.127517,4.08054e-05,5.5335e-06,7.92017e-06,3.79521e-06,0.000175032,2.5625,0.00813076
2026-03-30 00:00:00+00:00,0.000743757,1.36818,0.0415923,0.00547032,0.00421667,0.277818,8.89021e-05,1.39846e-05,1.35923e-05,-1.1393e-05,0.000871534,5.84375,0.0120866
2026-03-31 00:00:00+00:00,0.000922088,1.36944,0.0716391,0.0123502,0.0045095,0.400964,0.000128311,3.18578e-05,2.61088e-05,-2.34552e-05,0.00113202,8.36458,0.0139543
2026-04-01 00:00:00+00:00,0.00177047,1.37187,0.177573,0.0248473,0.00879577,0.554699,0.000177508,3.17862e-05,1.82805e-05,-2.24207e-05,0.00201987,12.2604,0.0177349
2026-04-02 00:00:00+00:00,-0.00140771,1.36994,0.200926,0.0174364,0.00425498,0.673726,0.000215591,5.12438e-05,3.14431e-05,2.98455e-05,-0.00113529,13.0833,0.0201671
2026-04-03 00:00:00+00:00,0.00263875,1.37355,0.16204,0.00906899,-0.00428628,0.361627,0.000115725,2.77063e-05,1.14089e-05,3.9549e-05,0.00275417,9.85417,0.0203846
2026-04-04 00:00:00+00:00,-0.0032771,1.36905,0.217076,0.0410335,0.00673705,0.473782,0.000151604,2.665e-05,1.59977e-05,5.36574e-05,-0.00313775,12.9271,0.0220996
2026-04-05 00:00:00+00:00,0.000456318,1.36968,0.13141,0.0451634,0.010558,0.595446,0.000190544,3.44708e-05,4.24221e-05,-3.20092e-05,0.000757404,12.3125,0.018667
2026-04-06 00:00:00+00:00,-0.00332593,1.36512,0.157538,0.0470571,0.0124162,0.470459,0.000150539,2.62636e-05,2.97124e-05,-9.23519e-05,-0.00302667,12.25,0.019067
2026-04-07 00:00:00+00:00,0.00401515,1.3706,0.14172,0.0459977,0.0110607,0.610067,0.000195233,4.65706e-05,3.82429e-05,-0.000104779,0.00439701,12.1146,0.0196616
2026-04-08 00:00:00+00:00,0.00184935,1.37314,0.203461,0.0427638,0.0137137,0.857819,0.000274507,0.000111479,7.39711e-05,-7.22251e-05,0.00238257,16.125,0.0208055
2026-04-09 00:00:00+00:00,7.14322e-07,1.37314,0.168408,0.0320986,0.00925035,0.831843,0.00026619,0.000124725,5.39534e-05,-0.000118963,0.000566288,15.2396,0.0215503
2026-04-10 00:00:00+00:00,0.000933592,1.37442,0.114998,0.0245176,0.000499451,0.619224,0.000198155,0.000114618,4.12466e-05,-6.31797e-05,0.00135155,12.5104,0.0185017
2026-04-11 00:00:00+00:00,-0.000927192,1.37314,0.211883,0.0499314,0.0107631,0.606123,0.00019396,0.000127971,3.34157e-05,5.50744e-06,-0.000575683,13.9167,0.022069
2026-04-12 00:00:00+00:00,-0.00121269,1.37148,0.134917,0.0384035,0.0108944,0.504379,0.000161398,4.74071e-05,2.44757e-05,1.38286e-05,-0.000992882,11.6979,0.0190029
2026-04-13 00:00:00+00:00,0.00344996,1.37621,0.111758,0.032702,0.0108096,0.577453,0.0001848,5.64144e-05,3.62458e-05,-4.61715e-05,0.00376975,9.66667,0.0173734
2026-04-14 00:00:00+00:00,-0.00145812,1.3742,0.268157,0.0582994,0.0126466,0.604489,0.000193434,9.80698e-05,2.71405e-05,-0.000415645,-0.000718167,15.9583,0.0239469
2026-04-15 00:00:00+00:00,-0.00294682,1.37015,0.335627,0.0646397,0.0111392,0.766659,0.000245322,4.23369e-05,3.44171e-05,-7.94359e-05,-0.00253674,16.4062,0.0282155
2026-04-16 00:00:00+00:00,-0.0135645,1.35157,0.270854,0.0698645,0.0033496,0.646474,0.000206835,4.08312e-05,3.10312e-05,1.13028e-05,-0.013382,15.125,0.0262876
2026-04-17 00:00:00+00:00,0.0062342,1.36,0.210254,0.0788435,0.00590772,0.740551,0.000237001,0.000127969,6.77721e-05,-4.81198e-05,0.00670479,15.8229,0.0223433
2026-04-18 00:00:00+00:00,0.000398151,1.36054,0.265734,0.0928236,0.00656237,0.593278,0.000189848,9.21186e-05,5.70992e-05,-0.000377088,0.00111859,16.875,0.0265508
2026-04-19 00:00:00+00:00,0.000315539,1.36097,0.319763,0.101125,0.00634987,0.51611,0.00016516,3.60194e-05,3.07896e-05,-0.0002128,0.000765635,16.6771,0.0288163
2026-04-20 00:00:00+00:00,0.00228225,1.36407,0.36826,0.083736,-0.0012723,0.565996,0.000181126,2.53392e-05,3.52368e-05,-0.000211423,0.00274015,17.7812,0.032341
2026-04-21 00:00:00+00:00,0.00113754,1.36562,0.331395,0.0857968,0.00475983,0.45286,0.000144914,3.4964e-05,2.72981e-05,-2.09546e-06,0.00135297,15.5625,0.03326
2026-04-22 00:00:00+00:00,0.007622,1.37603,0.377055,0.0875475,0.00784539,0.520509,0.000166579,8.82159e-05,1.92424e-05,-6.0553e-05,0.00793545,15.9688,0.0353935
2026-04-23 00:00:00+00:00,-0.00648632,1.36711,0.486106,0.103202,0.00299894,0.684685,0.000219081,5.58153e-05,2.28233e-05,1.3714e-05,-0.00621259,18.6562,0.0420347
2026-04-24 00:00:00+00:00,-0.00725911,1.35718,0.382757,0.0910456,-0.0014972,0.490186,0.000156826,4.3615e-05,1.97155e-05,-0.000111312,-0.00693455,15.7917,0.0360082
2026-04-25 00:00:00+00:00,0.00122991,1.35885,0.311468,0.0834567,0.00168217,0.434634,0.000139086,7.37983e-05,2.01952e-05,2.5962e-05,0.00143981,15.125,0.032042
2026-04-26 00:00:00+00:00,0.00409211,1.36441,0.307864,0.0977023,0.00593039,0.544188,0.000174148,0.000107431,2.82028e-05,2.60263e-05,0.0043701,16.375,0.0335441
2026-04-27 00:00:00+00:00,-0.000927954,1.36315,0.325639,0.0829443,0.0021532,0.423733,0.000135589,7.03658e-05,1.92534e-05,7.75962e-05,-0.000775529,14.5938,0.0375834
2026-04-28 00:00:00+00:00,-0.00155409,1.36103,0.287409,0.085044,0.00836097,0.546807,0.000174976,0.000257957,3.32489e-05,1.80147e-05,-0.00110542,16.1042,0.0326009
2026-04-29 00:00:00+00:00,-0.00270173,1.35735,0.263382,0.0749431,0.0108292,0.459701,0.000147102,9.46622e-05,2.03391e-05,-0.000108041,-0.00233069,13.6042,0.0290609
2026-04-30 00:00:00+00:00,0.00451433,1.36348,0.234556,0.058547,0.00492525,0.301423,9.64619e-05,0.000101254,1.5194e-05,1.89966e-05,0.00470005,13.0833,0.0281473
2026-05-01 00:00:00+00:00,0.00151192,1.36554,0.294713,0.0715917,0.0047292,0.580038,0.000185617,9.20037e-05,3.00874e-05,3.47335e-05,0.00178636,15.9792,0.0320966
2026-05-02 00:00:00+00:00,-0.00535013,1.35823,0.276945,0.0751633,0.0102818,0.45966,0.000147076,5.79391e-05,2.76553e-05,4.26854e-05,-0.00516584,12.7812,0.0319141
2026-05-03 00:00:00+00:00,0.000380099,1.35875,0.28364,0.0941201,0.00942298,0.360736,0.000115436,2.74005e-05,1.54863e-05,4.87043e-06,0.000537382,11.9688,0.0313942
2026-05-04 00:00:00+00:00,0.00241587,1.36203,0.332977,0.0917739,0.008677,0.736032,0.000235541,0.000145887,5.7025e-05,6.14762e-05,0.00279987,16.3021,0.0355545
2026-05-05 00:00:00+00:00,-0.00072918,1.36104,0.405288,0.116366,0.0140696,0.603676,0.000193179,0.000113235,3.43093e-05,8.79551e-05,-0.000469535,18.1562,0.0384015
2026-05-06 00:00:00+00:00,-0.00725215,1.35117,0.3646,0.107662,0.00563285,0.617541,0.000197592,9.31637e-05,3.55018e-05,0.000133653,-0.00707824,17.9167,0.0384921
2026-05-07 00:00:00+00:00,-0.00365039,1.34624,0.339793,0.102328,0.0036773,0.530958,0.000169904,7.92353e-05,2.47356e-05,2.3939e-05,-0.00340093,17.2083,0.0343424
2026-05-08 00:00:00+00:00,-0.00416221,1.34063,0.230681,0.0705926,0.00453459,0.472936,0.000151331,6.29219e-05,2.4331e-05,-2.2339e-05,-0.00390779,14.4479,0.0261915
2026-05-09 00:00:00+00:00,0.000630185,1.34148,0.130914,0.0506268,0.0081463,0.466629,0.000149322,7.02321e-05,2.9075e-05,1.93548e-05,0.000859979,12.5833,0.0208773
2026-05-10 00:00:00+00:00,0.00147339,1.34346,0.11045,0.0462172,0.00697263,0.494949,0.00015839,3.85435e-05,2.34995e-05,3.56319e-06,0.00168998,11.8542,0.0202783
2026-05-11 00:00:00+00:00,0.000871486,1.34463,0.249881,0.0856878,0.0065889,0.419182,0.00013414,1.87951e-05,1.54233e-05,6.25358e-06,0.00103503,13.0521,0.0252344
2026-05-12 00:00:00+00:00,-0.0044298,1.33867,0.285997,0.0927043,0.00388513,0.418282,0.000133841,2.77033e-05,1.76418e-05,8.31691e-06,-0.00426506,14.9479,0.0287639
2026-05-13 00:00:00+00:00,-0.000680386,1.33776,0.24457,0.0844259,0.0060722,0.360159,0.000115253,7.10977e-05,1.14321e-05,-2.11937e-05,-0.0004585,16,0.027597
2026-05-14 00:00:00+00:00,0.00188329,1.34028,0.327944,0.0953741,0.00795735,0.387724,0.000124076,3.29034e-05,9.7743e-06,-1.17911e-05,0.00206485,17.1667,0.0296678
2026-05-15 00:00:00+00:00,0.00230099,1.34336,0.431183,0.104481,0.00795864,0.587218,0.000187923,8.39136e-05,2.49987e-05,-6.04441e-05,0.00265888,19.3125,0.0354399
2026-05-16 00:00:00+00:00,-0.00168742,1.3411,0.513151,0.127668,-0.00861225,0.963077,0.00030818,0.000124243,3.68343e-05,-0.000809837,-0.000394647,18.5625,0.0497478
2026-05-17 00:00:00+00:00,-0.000347726,1.34063,0.440642,0.0987661,-0.00206965,0.442748,0.000141675,0.000122309,1.75127e-05,-0.000429913,0.000375665,13.8125,0.0473187
2026-05-18 00:00:00+00:00,-0.002527,1.33724,0.480483,0.0809138,-0.00734774,0.822667,0.00026324,0.000137462,4.99459e-05,-7.7118e-05,-0.00199204,17.1458,0.0450964
2026-05-19 00:00:00+00:00,0.000382792,1.33775,0.511427,0.104614,-0.00523019,0.520871,0.000166688,8.67615e-05,1.71249e-05,-4.71326e-05,0.00070875,15.3021,0.0424394
2026-05-20 00:00:00+00:00,-0.00213578,1.3349,0.535227,0.113239,-0.00566939,0.469644,0.00015028,5.78336e-05,1.40061e-05,-1.4191e-05,-0.0018954,13.4583,0.0427776
2026-05-21 00:00:00+00:00,-0.0018279,1.33246,0.450499,0.0930015,-0.00365813,0.527457,0.000168784,6.07217e-05,1.54239e-05,-6.65953e-06,-0.00157243,16.5,0.0399167
2026-05-22 00:00:00+00:00,-0.00196255,1.32984,0.467204,0.0923902,-0.00563331,0.491212,0.000157187,4.736e-05,1.40214e-05,2.76188e-05,-0.00176593,17.5312,0.0402753
2026-05-23 00:00:00+00:00,-0.00279471,1.32612,0.363892,0.0813862,-0.00367008,0.500837,0.000160264,9.70213e-05,1.38051e-05,1.13034e-05,-0.00253241,17.2292,0.037806
2026-05-24 00:00:00+00:00,-0.000884958,1.32495,0.339448,0.0668618,-0.00076327,0.26303,8.41706e-05,2.81745e-05,6.53095e-06,-3.19045e-06,-0.000758785,15.1042,0.0364639
2026-05-25 00:00:00+00:00,0.000626265,1.32578,0.325669,0.0617545,-0.00651007,0.51623,0.000165232,3.9211e-05,3.12716e-05,-2.18173e-05,0.000891892,16.4688,0.0361201
2026-05-26 00:00:00+00:00,0.00161037,1.32792,0.402397,0.094561,-0.0059289,0.442505,0.000141606,3.82345e-05,1.08872e-05,-8.52038e-05,0.0018927,19.5625,0.0392196
2026-05-27 00:00:00+00:00,0.000460556,1.32853,0.47373,0.116989,-0.00755523,0.569996,0.000182418,4.94458e-05,1.4514e-05,-8.19109e-05,0.000799648,19.3125,0.0430135
2026-05-28 00:00:00+00:00,0.00571073,1.33611,0.580486,0.14604,-0.00347384,0.695865,0.000222704,6.64341e-05,2.1824e-05,-2.24109e-05,0.00603988,19.9583,0.0456326
2026-05-29 00:00:00+00:00,-0.000586516,1.33533,0.585634,0.135573,-0.00193466,0.557319,0.000178344,6.53167e-05,1.60473e-05,-4.13724e-05,-0.000274094,16.625,0.0479658
2026-05-30 00:00:00+00:00,0.00622079,1.34364,0.545736,0.114585,-0.00685199,0.736752,0.000235721,6.46181e-05,2.81799e-05,-0.000193945,0.00674766,18.5417,0.0477949
2026-05-31 00:00:00+00:00,-0.00205603,1.34088,0.59629,0.146892,-0.0149254,0.639441,0.000204621,7.01424e-05,1.7691e-05,-0.000361678,-0.00138896,19.1042,0.0508629
2026-06-01 00:00:00+00:00,-0.0158391,1.31964,0.442776,0.144771,-0.0188214,1.02888,0.000329141,0.000157895,9.18782e-05,-0.000618054,-0.014735,20.3542,0.0473112
2026-06-02 00:00:00+00:00,-0.00432803,1.31393,0.302893,0.115175,-0.0097742,0.563121,0.000180216,8.55498e-05,1.45056e-05,-0.000488387,-0.00354743,20.5938,0.0379324
2026-06-03 00:00:00+00:00,-0.00873479,1.30245,0.262369,0.0901983,0.00127675,0.412667,0.000132047,4.97644e-05,1.71681e-05,-1.53476e-05,-0.00854845,21.9688,0.0327046
2026-06-04 00:00:00+00:00,-0.000760432,1.30146,0.17597,0.0562757,0.00161241,0.345708,0.000110628,4.78517e-05,7.43984e-06,2.68777e-05,-0.00061721,20.6771,0.0269757
2026-06-05 00:00:00+00:00,-0.00140833,1.29963,0.1285,0.0380262,0.000539477,0.281292,9.00112e-05,3.62759e-05,7.52226e-06,0.000114929,-0.00138829,17.2292,0.0237343
2026-06-06 00:00:00+00:00,-0.00546918,1.29252,0.0921504,0.0178044,0.00052181,0.240207,7.68617e-05,3.08657e-05,1.11111e-05,-1.4237e-07,-0.00536297,15.75,0.0211927
2026-06-07 00:00:00+00:00,-0.000109152,1.29238,0.0354679,0.00465356,-0.00123971,0.105356,3.37142e-05,1.34595e-05,4.44308e-06,-6.27993e-05,6.34628e-06,10.0417,0.0130499
2026-06-08 00:00:00+00:00,0.000837114,1.29346,0.024168,0.00541838,0.000780704,0.128943,4.1262e-05,2.99802e-05,9.12589e-06,8.35593e-06,0.000909074,6.63542,0.0109865
2026-06-09 00:00:00+00:00,-0.000209616,1.29319,0.0355015,0.00873909,0.000454297,0.0947336,3.03145e-05,5.60737e-06,3.86064e-06,4.21152e-06,-0.000173785,8.22917,0.0125237
2026-06-10 00:00:00+00:00,0.000482376,1.29381,0.0336504,0.00769857,0.000265174,0.139818,4.47422e-05,2.81859e-05,5.80944e-06,9.40594e-06,0.000551854,8.17708,0.0133892
2026-06-11 00:00:00+00:00,-0.000461699,1.29321,0.0578944,0.0102414,-0.00133895,0.151549,4.84953e-05,1.2451e-05,2.70334e-06,2.3516e-05,-0.00042089,10.9688,0.0177583
2026-06-12 00:00:00+00:00,0.0010855,1.29462,0.059012,0.0113487,-0.00179619,0.188706,6.03865e-05,1.71533e-05,4.34204e-06,1.26121e-05,0.00115482,11.7917,0.0175195
2026-06-13 00:00:00+00:00,-0.000284164,1.29425,0.10203,0.026458,-0.00189823,0.209453,6.70243e-05,2.86293e-05,4.25414e-06,1.0586e-05,-0.00019361,13.0104,0.0216888
2026-06-14 00:00:00+00:00,-0.000842601,1.29316,0.106666,0.0343308,0.000379688,0.191381,6.12408e-05,3.6154e-05,3.77129e-06,1.10684e-05,-0.000751764,10.8854,0.0231552
2026-06-15 00:00:00+00:00,0.000164262,1.29337,0.102221,0.0351428,0.00223529,0.309243,9.89608e-05,5.04494e-05,2.23051e-05,-3.48316e-05,0.000373469,13.75,0.0232888
2026-06-16 00:00:00+00:00,-0.0046634,1.28734,0.12339,0.0407246,-0.00133312,0.171203,5.47811e-05,4.02957e-05,3.33576e-06,2.91638e-05,-0.00460304,17.3958,0.0250077
2026-06-17 00:00:00+00:00,-0.00314766,1.28329,0.0695903,0.0248516,-0.00253082,0.21342,6.82903e-05,4.53964e-05,9.36543e-06,2.84747e-05,-0.00305521,15.7604,0.0199539
2026-06-18 00:00:00+00:00,-0.000136724,1.28311,0.0292738,0.012192,-0.00174192,0.17024,5.44762e-05,4.46101e-05,1.1282e-05,-2.99091e-05,4.43556e-06,10.3438,0.0140752
2026-06-19 00:00:00+00:00,0.000604928,1.28389,0.0171788,0.00554309,-0.00106663,0.114656,3.66905e-05,1.84714e-05,9.09015e-06,2.29481e-06,0.0006669,7.11458,0.0115925
2026-06-20 00:00:00+00:00,0.00116599,1.28539,0.090687,0.0342835,-0.00338583,0.221071,7.07443e-05,3.17486e-05,7.94112e-06,-5.94983e-05,0.001336,13.4375,0.0210431
2026-06-21 00:00:00+00:00,-0.000922589,1.2842,0.152794,0.0536586,-0.00353619,0.19949,6.38374e-05,3.62732e-05,6.09828e-06,2.78497e-05,-0.000843502,15.7604,0.0277744
2026-06-22 00:00:00+00:00,0.000191549,1.28445,0.154095,0.0441902,-0.00492559,0.215696,6.90237e-05,3.34383e-05,6.48573e-06,0.000276594,2.59546e-05,13.4167,0.0282786
2026-06-23 00:00:00+00:00,-0.00203444,1.28183,0.122617,0.0319554,-0.00701801,0.196817,6.298e-05,2.08697e-05,3.80706e-06,0.000197052,-0.0021426,11.6667,0.0269863
2026-06-24 00:00:00+00:00,0.000789338,1.28284,0.0701935,0.0211902,-0.00733311,0.194848,6.23522e-05,1.55893e-05,3.25498e-06,3.28686e-05,0.00083868,11.6667,0.0228603
2026-06-25 00:00:00+00:00,-0.00128163,1.2812,0.0689728,0.0183668,-0.00251078,0.179345,5.73888e-05,1.4155e-05,4.00765e-06,1.77096e-05,-0.00122287,12.7917,0.0206992
2026-06-26 00:00:00+00:00,-0.00149247,1.27929,0.0330764,0.0060192,-0.00133949,0.153689,4.91793e-05,1.41877e-05,4.53237e-06,1.2695e-05,-0.00143767,10.9062,0.0166893
2026-06-27 00:00:00+00:00,-0.0021161,1.27658,0.0166532,0.0031599,-0.0016486,0.0661007,2.11516e-05,7.00204e-06,3.07798e-06,1.14855e-05,-0.00209813,5.85417,0.0129876
2026-06-28 00:00:00+00:00,-0.000430062,1.27603,0.0150821,0.00439586,-0.00113701,0.0790054,2.52815e-05,1.22961e-05,4.00499e-06,7.61593e-06,-0.000396053,5.28125,0.011533
2026-06-29 00:00:00+00:00,0.000151857,1.27623,0.00915419,0.00363388,0.000225512,0.0822426,2.63178e-05,4.83186e-05,4.39414e-06,4.91604e-07,0.000230487,4,0.00968034
2026-06-30 00:00:00+00:00,-0.000578706,1.27549,0.00730269,0.00138169,-0.00196094,0.0675394,2.16124e-05,8.33154e-06,3.5627e-06,2.44723e-06,-0.000547727,3.55208,0.00896446
2026-07-01 00:00:00+00:00,0.000121198,1.27564,0.00231607,2.47111e-06,-0.00146809,0.0228836,7.32273e-06,5.47427e-06,1.69051e-06,1.10838e-07,0.000135592,1.5,0.00708163
2026-07-02 00:00:00+00:00,0.000105961,1.27578,0.0180057,0.00577895,0.000565343,0.127293,4.07341e-05,5.03294e-05,5.00926e-06,2.12002e-06,0.000199991,6.4375,0.0127423
2026-07-03 00:00:00+00:00,0.000368092,1.27625,0.0421361,0.0107295,0.00129312,0.14368,4.59776e-05,1.94127e-05,4.85008e-06,7.83016e-06,0.000430734,10.1562,0.0181556
2026-07-04 00:00:00+00:00,-0.00130188,1.27458,0.0678127,0.0194204,-0.00120809,0.0934981,2.99189e-05,1.4201e-05,1.51547e-06,1.69438e-06,-0.0012582,12.5104,0.0210646
2026-07-05 00:00:00+00:00,0.000548462,1.27528,0.0468232,0.0167955,-0.00314361,0.0753565,2.41144e-05,9.00954e-06,1.03036e-06,-9.52934e-06,0.00059227,11.5,0.019642
2026-07-06 00:00:00+00:00,0.00112868,1.27672,0.083871,0.0247823,-0.00221414,0.168916,5.40538e-05,3.64808e-05,3.3986e-06,-9.63053e-05,0.00131876,14.0729,0.0229259
2026-07-07 00:00:00+00:00,0.00240176,1.27979,0.119302,0.0269411,-0.00332641,0.158562,5.07426e-05,2.04965e-05,2.90324e-06,-0.000309052,0.00278344,14.2917,0.027826
2026-07-08 00:00:00+00:00,0.00216534,1.28256,0.203637,0.0458347,-0.00446218,0.246814,7.89851e-05,3.81291e-05,4.13608e-06,1.97846e-05,0.00226719,19.7292,0.0354386
2026-07-09 00:00:00+00:00,-0.00384152,1.27763,0.242302,0.0468695,-0.0044833,0.346776,0.000110963,5.30994e-05,9.94704e-06,5.71378e-05,-0.00372525,21.1562,0.0403067
2026-07-10 00:00:00+00:00,0.001795,1.27993,0.243213,0.0489438,-0.00656238,0.248763,7.96055e-05,3.2387e-05,4.4718e-06,1.23786e-05,0.00190115,19.1146,0.0385736
2026-07-11 00:00:00+00:00,0.00363094,1.28457,0.284256,0.0712705,-0.00863969,0.252933,8.09449e-05,2.79523e-05,3.41517e-06,-3.38357e-05,0.00377372,18.8125,0.040688
2026-07-12 00:00:00+00:00,-0.000467411,1.28397,0.279567,0.078242,-0.00901121,0.271174,8.67753e-05,2.99763e-05,4.38641e-06,2.40756e-05,-0.000366014,18.6979,0.0445793
2026-07-13 00:00:00+00:00,-0.00106538,1.28261,0.247953,0.062825,-0.00675604,0.310273,9.92878e-05,3.00783e-05,8.81846e-06,3.19504e-05,-0.000956921,18.9167,0.0425482
2026-07-14 00:00:00+00:00,0.00512274,1.28918,0.274622,0.0679117,-0.00643164,0.333246,0.000106654,2.42019e-05,1.06047e-05,5.07171e-05,0.00520932,17.5312,0.0436761
2026-07-15 00:00:00+00:00,0.00257726,1.2925,0.232288,0.0605868,-0.00477824,0.328774,0.000105195,3.37171e-05,1.29656e-05,5.12801e-05,0.00267869,17.1562,0.039074
2026-07-16 00:00:00+00:00,-0.00714624,1.28326,0.269791,0.0810396,-0.00621278,0.288226,9.22368e-05,6.95172e-05,1.36002e-05,6.9326e-05,-0.00704988,18.4271,0.0430917
2026-07-17 00:00:00+00:00,-0.000810871,1.28222,0.215498,0.075001,-0.00179868,0.234395,7.50085e-05,7.62556e-05,8.70323e-06,4.87353e-05,-0.000695224,15.6458,0.03753
2026-07-18 00:00:00+00:00,0.00184343,1.28459,0.21341,0.071533,-0.00245109,0.196775,6.29678e-05,7.42884e-05,7.22001e-06,-4.12299e-05,0.00203085,14.7708,0.0385274
2026-07-19 00:00:00+00:00,0.00048019,1.2852,0.211827,0.0650605,-0.00635994,0.210332,6.73099e-05,3.3387e-05,6.30924e-06,-0.000151922,0.00074333,15.7812,0.0417357
2026-07-20 00:00:00+00:00,0.00230106,1.28816,0.280107,0.0877487,-0.00996016,0.47056,0.000150579,6.26327e-05,2.97759e-05,-5.8121e-05,0.00260728,20.7083,0.0454131
2026-07-21 00:00:00+00:00,0.00632503,1.29631,0.3389,0.114718,-0.014058,0.420887,0.000134719,4.33119e-05,7.09753e-06,-9.50551e-05,0.0065947,22.7396,0.0479584
2026-07-22 00:00:00+00:00,-0.00157677,1.29426,0.341858,0.110386,-0.0198906,0.359739,0.000115107,4.52964e-05,7.36298e-06,-0.000182659,-0.00121746,20.2292,0.0509921
2026-07-23 00:00:00+00:00,-0.00336145,1.28991,0.311852,0.0956306,-0.0181347,0.338312,0.00010825,4.45839e-05,9.21074e-06,-0.000298038,-0.00290108,20.0312,0.0480897
2026-07-24 00:00:00+00:00,-0.0042882,1.28438,0.298317,0.108117,-0.0183914,0.419775,0.000134325,5.87036e-05,1.24999e-05,-0.000390026,-0.00368739,21.0521,0.0445385
2026-07-25 00:00:00+00:00,-0.00136135,1.28263,0.217971,0.0936323,-0.0166409,0.23483,7.5143e-05,3.11982e-05,5.44307e-06,-0.00021006,-0.00103734,18.4062,0.0392176
2026-07-26 00:00:00+00:00,0.00392588,1.28767,0.201805,0.0799568,-0.0171602,0.184772,5.91292e-05,2.64585e-05,4.89843e-06,-0.000677281,0.00468771,16.4792,0.0385822
2026-07-27 00:00:00+00:00,-0.000818383,1.28661,0.224598,0.078602,-0.0112928,0.337402,0.000107966,7.50118e-05,9.78261e-06,-0.00069958,7.82928e-05,20.8229,0.0419022
2026-07-28 00:00:00+00:00,-0.000838444,1.28554,0.201338,0.0710186,-0.00632258,0.264116,8.45129e-05,3.54905e-05,7.21148e-06,-0.000323849,-0.000382816,21.3646,0.0388531
2026-07-29 00:00:00+00:00,0.00302723,1.28943,0.249698,0.0798095,-0.000360806,0.288231,9.22394e-05,4.23045e-05,5.16059e-06,-0.000245877,0.00341161,21.0938,0.0404613
2026-07-30 00:00:00+00:00,0.0016636,1.29157,0.320759,0.104432,-0.000939509,0.427479,0.000136794,5.21248e-05,9.39336e-06,-0.000245572,0.00211074,22.2083,0.0465514
2026-07-31 00:00:00+00:00,-0.00368829,1.28681,0.327887,0.120751,-0.00547896,0.365267,0.000116873,6.17291e-05,1.03008e-05,-0.000125887,-0.00337074,20.6354,0.0487583
2026-08-01 00:00:00+00:00,0.000995316,1.28809,0.236983,0.0905085,-0.00748299,0.247381,7.91629e-05,4.35498e-05,4.76894e-06,-0.000110562,0.00123593,17.9688,0.0441251
2026-08-02 00:00:00+00:00,-0.00117097,1.28658,0.247435,0.0884381,-0.00858057,0.208945,6.68604e-05,2.8912e-05,4.9102e-06,7.90451e-05,-0.00114685,18.7292,0.0434132
2026-08-03 00:00:00+00:00,-0.000459118,1.28599,0.224211,0.0816165,-0.0125933,0.239564,7.66593e-05,2.91966e-05,1.07225e-05,-0.000212487,-0.000126594,16.8542,0.0424013
2026-08-04 00:00:00+00:00,-0.000562039,1.28527,0.206483,0.0746932,-0.010711,0.203206,6.50263e-05,1.81869e-05,4.80014e-06,-0.000313164,-0.00015723,16.2188,0.0423269
2026-08-05 00:00:00+00:00,0.0022053,1.2881,0.19703,0.0685583,-0.0134463,0.26304,8.41807e-05,2.72667e-05,8.41117e-06,-6.73655e-05,0.00239852,16.6875,0.0407949
2026-08-06 00:00:00+00:00,-0.000379313,1.28761,0.219855,0.0895085,-0.0166157,0.206486,6.60706e-05,3.19577e-05,7.08662e-06,-1.64876e-05,-0.000252158,15.5104,0.0436409
2026-08-07 00:00:00+00:00,0.00195641,1.29013,0.244381,0.101608,-0.0170518,0.229637,7.34876e-05,3.0084e-05,3.99195e-06,-5.23632e-05,0.00211724,17.4583,0.0440544
2026-08-08 00:00:00+00:00,1.07177e-05,1.29015,0.248005,0.0903054,-0.0193267,0.262747,8.4082e-05,2.71821e-05,4.183e-06,-0.00018242,0.000309679,16.5312,0.0474943
2026-08-09 00:00:00+00:00,0.00209627,1.29285,0.226732,0.0857995,-0.0211646,0.260692,8.34253e-05,3.68589e-05,4.86821e-06,-0.000360587,0.0025832,15.4062,0.0508764
2026-08-10 00:00:00+00:00,0.00390532,1.2979,0.315323,0.0981255,-0.017906,0.367962,0.000117757,3.44488e-05,1.30396e-05,2.4167e-05,0.00404331,22.5729,0.0526565
2026-08-11 00:00:00+00:00,0.00696417,1.30694,0.386194,0.143415,-0.0109775,0.449057,0.000143712,4.72959e-05,8.09206e-06,5.60587e-05,0.00709122,23.2917,0.0536798
2026-08-12 00:00:00+00:00,0.00355967,1.31159,0.496278,0.188363,-0.00767048,0.49675,0.000158968,6.45827e-05,1.04793e-05,0.000182323,0.00361593,22.2708,0.059015
2026-08-13 00:00:00+00:00,-0.0053121,1.30462,0.480148,0.196382,-0.0107135,0.519928,0.000166333,8.88432e-05,1.452e-05,-0.000526881,-0.00451045,22.25,0.0590003
2026-08-14 00:00:00+00:00,-0.00271734,1.30108,0.425635,0.195126,-0.0154767,0.384186,0.000122924,4.71219e-05,1.13958e-05,-0.000170066,-0.00235609,20.5938,0.0562544
2026-08-15 00:00:00+00:00,0.00381187,1.30604,0.433931,0.20788,-0.0196383,0.341466,0.000109273,3.77766e-05,8.37962e-06,6.95234e-05,0.00389695,19.8854,0.0557132
2026-08-16 00:00:00+00:00,0.000980921,1.30732,0.426835,0.179902,-0.0218373,0.384426,0.000123022,4.981e-05,1.01867e-05,-2.01889e-05,0.0011884,19.5104,0.0596051
2026-08-17 00:00:00+00:00,0.0131668,1.32453,0.464153,0.214941,-0.0218412,0.666203,0.000213225,0.000144397,5.25379e-05,-7.22084e-05,0.0135852,20.4271,0.0614291
2026-08-18 00:00:00+00:00,0.00223373,1.32749,0.509069,0.239301,-0.027768,0.543591,0.000173958,9.37293e-05,1.53812e-05,-0.000158404,0.00269638,20.3229,0.067059
2026-08-19 00:00:00+00:00,0.0305465,1.36804,0.565564,0.242931,-0.0152471,0.813095,0.000260421,0.000169349,2.3391e-05,-0.000102612,0.030689,23.2396,0.0693217
2026-08-20 00:00:00+00:00,0.00256361,1.37155,0.543445,0.17605,0.00549116,0.453156,0.000145018,6.03901e-05,1.47344e-05,-0.00025981,0.00306106,25.3438,0.0769932
2026-08-21 00:00:00+00:00,-0.00182149,1.36905,0.536958,0.175884,0.00125026,0.546119,0.000174745,0.000140433,2.21856e-05,-0.000698363,-0.00074686,26.3333,0.0814002
2026-08-22 00:00:00+00:00,-0.0021306,1.36613,0.577618,0.251895,0.00526591,0.946774,0.000303058,0.000406736,5.64496e-05,-0.00140064,7.67464e-05,25.2292,0.0806454
2026-08-23 00:00:00+00:00,-0.00133047,1.36432,0.581128,0.267855,0.00208271,0.601987,0.000192636,0.00017179,2.27422e-05,-0.00101373,8.38585e-05,23.1562,0.0787204
2026-08-24 00:00:00+00:00,0.00477352,1.37083,0.621077,0.275797,-0.00756415,0.862983,0.000276223,0.000232233,7.68563e-05,-3.06393e-05,0.00540228,25.1042,0.0751739
2026-08-25 00:00:00+00:00,-0.00429366,1.36494,0.614905,0.254601,0.000948301,0.753944,0.000241247,0.000201335,1.96507e-05,-4.9442e-05,-0.00376437,25.4167,0.0745789
2026-08-26 00:00:00+00:00,-0.000502495,1.36426,0.562648,0.230061,0.00665079,0.692714,0.000221669,0.000207515,1.86784e-05,-9.28639e-05,6.48701e-05,24.3542,0.0698876
2026-08-27 00:00:00+00:00,-8.91611e-05,1.36414,0.596532,0.233843,0.00374815,0.637223,0.000203904,0.000178198,2.02504e-05,-8.11819e-05,0.000425052,24.0521,0.0679129
2026-08-28 00:00:00+00:00,-0.00924579,1.35152,0.629674,0.251517,-0.00112064,0.803346,0.000257019,0.000146019,2.72063e-05,-3.43942e-05,-0.00878818,24.3125,0.068423
2026-08-29 00:00:00+00:00,-0.000134944,1.35134,0.573016,0.2306,-0.00618275,0.675708,0.000216241,8.12546e-05,2.00428e-05,-8.29748e-05,0.000284611,22.8438,0.0645176
2026-08-30 00:00:00+00:00,0.00659464,1.36025,0.631618,0.252234,-0.0136479,0.5217,0.000166962,5.08557e-05,1.0036e-05,-0.000227416,0.00704281,22.7188,0.0642917
2026-08-31 00:00:00+00:00,0.0153147,1.38108,0.624564,0.23438,-0.0219349,0.714422,0.000228699,4.97069e-05,4.5709e-05,-0.000300298,0.015851,21.2283,0.0694893
