,return,equity,gross,net,beta_exposure,turnover,fees,spread,impact,funding,gross_pnl,pnl_long,pnl_short,n_positions,ic_est
2023-07-31 00:00:00+00:00,0,1,0,0,0,0,0,0,0,0,0,0,0,0,0
2023-08-01 00:00:00+00:00,0,1,0,0,0,0,0,0,0,0,0,0,0,0,0.00505888
2023-08-02 00:00:00+00:00,0,1,0,0,0,0,0,0,0,0,0,0,0,0,0.00699165
2023-08-03 00:00:00+00:00,-3.96806e-05,0.99996,0.00305786,-0.00305786,-0.00379816,0.0148845,4.76294e-06,5.95367e-07,6.13033e-07,-1.42914e-05,-1.94122e-05,0,-1.94122e-05,0.854167,0.00773722
2023-08-04 00:00:00+00:00,-3.09249e-05,0.999929,0.0155855,-0.0155855,-0.0186743,0.00635782,2.03453e-06,2.54316e-07,1.62619e-07,-0.000113741,8.5528e-05,0,8.5528e-05,2,0.0087921
2023-08-05 00:00:00+00:00,0.000390205,1.00032,0.0342674,-0.0205743,-0.0291589,0.019965,6.38905e-06,7.98632e-07,2.62103e-07,-5.4552e-05,0.000452935,2.35319e-06,0.000450582,2.89583,0.0132322
2023-08-06 00:00:00+00:00,0.000361331,1.00068,0.0493845,-0.00932278,-0.0256102,0.00947787,3.03173e-06,3.78966e-07,2.03535e-08,-4.64733e-05,0.000411545,1.05378e-05,0.000401007,3,0.0135579
2023-08-07 00:00:00+00:00,0.00205274,1.00274,0.111021,-0.00290461,-0.030782,0.135928,4.35022e-05,7.35359e-06,2.00602e-06,-1.71416e-05,0.002122,0.000684894,0.00143711,7.14583,0.0166891
2023-08-08 00:00:00+00:00,0.00219003,1.00493,0.264429,0.0506826,-0.03461,0.161259,5.16046e-05,9.91327e-06,3.07999e-06,-2.42358e-05,0.00227838,0.00288911,-0.000610735,9.9375,0.0236874
2023-08-09 00:00:00+00:00,-0.00292786,1.00199,0.40994,0.0565411,-0.0568803,0.110583,3.53843e-05,1.43197e-05,3.2345e-06,-2.72635e-05,-0.00284744,-0.00106882,-0.00177862,14.3542,0.0317713
2023-08-10 00:00:00+00:00,-0.00131647,1.00067,0.474586,0.0665738,-0.0588979,0.0196185,6.27648e-06,2.49006e-06,2.42756e-07,-4.12771e-05,-0.00126229,-0.00120467,-5.76219e-05,17,0.0278252
2023-08-11 00:00:00+00:00,-0.0033028,0.997365,0.475796,0.067487,-0.0638171,0.00581535,1.85979e-06,4.98817e-07,1.67354e-07,-7.54714e-05,-0.00322629,-0.000573881,-0.00265241,17,0.0172004
2023-08-12 00:00:00+00:00,-0.00366859,0.993706,0.456051,0.0903907,-0.0429351,0.0294309,9.40931e-06,2.47421e-06,1.23011e-06,-0.000103469,-0.00355347,0.000508653,-0.00406213,17,0.00795718
2023-08-13 00:00:00+00:00,-0.000547264,0.993162,0.441095,0.105244,-0.0299942,0.0136286,4.36068e-06,5.45085e-07,3.53459e-07,-4.95839e-05,-0.000489831,-0.00205889,0.00156906,17,0.00138526
2023-08-14 00:00:00+00:00,-0.000396069,0.992769,0.425521,0.10728,-0.0244456,0.0152931,4.89373e-06,1.57836e-06,5.42225e-07,-3.09861e-05,-0.000356663,0.00139047,-0.00174714,16,0
2023-08-15 00:00:00+00:00,0.00546015,0.998189,0.410123,0.119885,-0.0141779,0.0221949,7.12449e-06,8.90561e-07,1.60739e-06,-2.54645e-05,0.00549134,-0.00385416,0.0093455,16,0.00022099
2023-08-16 00:00:00+00:00,-4.01812e-05,0.998149,0.37868,0.139633,-0.0135483,0.00820617,2.626e-06,3.2825e-07,3.87999e-07,-3.79044e-05,5.04422e-06,-0.006328,0.00633304,16.6875,0.00432009
2023-08-17 00:00:00+00:00,-0.00841571,0.989749,0.358112,0.126402,-0.00603469,0.0745745,2.38004e-05,4.08236e-06,1.8407e-06,-0.000102381,-0.00830496,-0.0187362,0.0104312,17,0.00202723
2023-08-18 00:00:00+00:00,-0.0030198,0.98676,0.27154,0.0557296,0.00534864,0,0,0,0,-7.30964e-05,-0.0029494,-0.00143739,-0.00151201,17,0
2023-08-19 00:00:00+00:00,-0.00108227,0.985692,0.273407,0.0536508,0.00300176,0,0,0,0,-9.35237e-06,-0.00107224,0.00120332,-0.00227556,17,0
2023-08-20 00:00:00+00:00,0.00163711,0.987306,0.274729,0.0539512,0.0027161,0,0,0,0,-8.68925e-06,0.00164529,0.000679973,0.000965312,17,0
2023-08-21 00:00:00+00:00,0.00083843,0.988134,0.263496,0.0478217,-0.00514534,0.00716458,2.29259e-06,2.86573e-07,7.77966e-07,3.33634e-06,0.000840453,-0.0023991,0.00323955,16,0
2023-08-22 00:00:00+00:00,-0.000570379,0.98757,0.258587,0.0485908,-0.00388176,0,0,0,0,-1.29312e-05,-0.000555245,-0.00135195,0.000796706,16,0
2023-08-23 00:00:00+00:00,0.0032725,0.990802,0.260685,0.0494538,-0.00163883,0,0,0,0,-3.88856e-05,0.00330739,0.00349745,-0.000190054,16,0
2023-08-24 00:00:00+00:00,0.00269239,0.99347,0.259105,0.0520855,0.0018137,0.00352273,1.12912e-06,1.41141e-07,2.73284e-07,-0.000102366,0.00279513,-0.00182717,0.0046223,16,0
2023-08-25 00:00:00+00:00,-0.000159476,0.993311,0.247824,0.0577732,0.00299856,0,0,0,0,-0.000119597,-3.76744e-05,-0.00150591,0.00146824,16,0
2023-08-26 00:00:00+00:00,8.1263e-05,0.993392,0.248437,0.0569573,0.000682991,0,0,0,0,-6.85199e-05,0.00015068,-0.000427889,0.000578569,16,6.52763e-06
2023-08-27 00:00:00+00:00,-0.000730533,0.992666,0.249272,0.0571437,-0.000151601,0,0,0,0,-0.00017532,-0.000555058,0.00108045,-0.00163551,16,0
2023-08-28 00:00:00+00:00,-0.00164723,0.991031,0.242956,0.0630559,0.00497159,0.00718679,2.3007e-06,2.87588e-07,5.12814e-07,-0.000149202,-0.00149431,-0.000248242,-0.00124607,15,0
2023-08-29 00:00:00+00:00,0.00568712,0.996667,0.245637,0.0620713,0.0137836,0.036926,1.18347e-05,4.17794e-06,2.40077e-06,-0.000102104,0.00580063,0.00751755,-0.00171692,16.125,0.00318781
2023-08-30 00:00:00+00:00,-0.000749227,0.99592,0.275529,0.0347778,0.00287393,0.0351348,1.12429e-05,1.40536e-06,1.1883e-06,-0.000182366,-0.000551573,-0.00278927,0.0022377,18,0.011858
2023-08-31 00:00:00+00:00,-0.00212595,0.993803,0.284928,0.027182,-0.0048761,0,0,0,0,-6.24085e-05,-0.00206299,-0.00655099,0.004488,18,0.00961559
2023-09-01 00:00:00+00:00,-0.00288988,0.990931,0.27402,0.0287633,-0.000914293,0.0111936,3.5821e-06,4.47762e-07,3.06197e-07,-6.17706e-05,-0.00282627,-0.00185485,-0.00097142,18,0.00560356
2023-09-02 00:00:00+00:00,5.9139e-06,0.990937,0.262412,0.0389693,0.00547127,0.00607345,1.94316e-06,2.42895e-07,1.69392e-07,-3.97032e-05,4.9258e-05,0.000487476,-0.000438218,18,0.00150692
2023-09-03 00:00:00+00:00,0.000441163,0.991374,0.261253,0.040633,-0.000285853,0,0,0,0,-5.4263e-05,0.000496764,0.000703373,-0.000206609,18,0.00345667
2023-09-04 00:00:00+00:00,-0.000819265,0.990562,0.216492,0.042922,-0.00656485,0.0474869,1.51918e-05,1.89898e-06,3.44614e-06,-0.000205982,-0.000591319,-0.000229445,-0.000361874,15,0.000134943
2023-09-05 00:00:00+00:00,-0.00149719,0.989079,0.215442,0.0434837,-0.00799984,0,0,0,0,-0.000136192,-0.00136157,6.79624e-05,-0.00142953,15,0
2023-09-06 00:00:00+00:00,-0.0019961,0.987105,0.216881,0.0423577,-0.0103598,0,0,0,0,-3.18547e-05,-0.00196535,-0.000146669,-0.00181868,15,0
2023-09-07 00:00:00+00:00,0.0014908,0.988576,0.218469,0.0418044,-0.0089347,0,0,0,0,-2.65861e-05,0.00151711,0.00182847,-0.000311358,15,0
2023-09-08 00:00:00+00:00,-5.3077e-05,0.988524,0.218295,0.0426486,-0.00523042,0,0,0,0,-1.74285e-06,-5.0287e-05,-0.00155343,0.00150315,15,0
2023-09-09 00:00:00+00:00,0.00166798,0.990173,0.216336,0.0432493,-0.00580415,0,0,0,0,-2.39817e-05,0.00169121,-0.000150544,0.00184175,15,0
2023-09-10 00:00:00+00:00,0.00152738,0.991685,0.213039,0.0442576,-0.0240372,0.00418776,1.34007e-06,1.67509e-07,1.70834e-07,-3.95244e-05,0.00156994,-0.00104218,0.00261212,15.4375,0.00322107
2023-09-11 00:00:00+00:00,-0.0011939,0.990501,0.192764,0.0600006,-0.0043942,0.0282498,9.03799e-06,1.22803e-05,3.49022e-06,-0.000208265,-0.000959621,-0.00391,0.00295038,15.9583,0.00473039
2023-09-12 00:00:00+00:00,0.00247966,0.992957,0.195421,0.0598506,0.0151542,0.00435963,1.39555e-06,1.74444e-07,2.01935e-07,-0.000104475,0.00258518,0.00310872,-0.00052354,16.375,0.00218005
2023-09-13 00:00:00+00:00,-0.00173851,0.991231,0.207771,0.0492105,0.00566116,0.0106903,3.42072e-06,4.2759e-07,5.12678e-07,-0.000293901,-0.00144094,0.00164696,-0.0030879,17.7292,0.00704428
2023-09-14 00:00:00+00:00,0.000715593,0.99194,0.215022,0.0456137,0.00557067,0.00213116,6.81977e-07,8.52471e-08,6.10327e-08,-0.000397752,0.00111562,0.00129166,-0.00017604,18,0.00663714
2023-09-15 00:00:00+00:00,-0.00425652,0.987718,0.21871,0.0427704,-4.76353e-05,0,0,0,0,-0.000451075,-0.0038126,0.000804821,-0.00461742,18,0.00660398
2023-09-16 00:00:00+00:00,-0.00129826,0.986436,0.220128,0.0433416,-0.0117071,0.00434008,1.38808e-06,1.7351e-07,3.06989e-07,-0.000272039,-0.00102057,-0.000203186,-0.00081738,18,0.00259026
2023-09-17 00:00:00+00:00,0.0023254,0.988729,0.21701,0.0459015,-0.0169221,0.00233485,7.46903e-07,9.33629e-08,5.51542e-08,-0.000204702,0.00253197,-0.000341108,0.00287307,18,0.00218947
2023-09-18 00:00:00+00:00,-0.00092523,0.987815,0.204208,0.0613388,-0.00729768,0.0205336,6.57131e-06,1.00616e-05,4.63411e-06,-0.000261478,-0.000641671,0.00111152,-0.0017532,17,0.00739782
2023-09-19 00:00:00+00:00,-0.0027557,0.985093,0.207997,0.0595763,-0.00765704,0.00209213,6.69252e-07,8.36565e-08,9.48319e-08,-0.000341107,-0.0024161,0.00174548,-0.00416158,17,0.00630526
2023-09-20 00:00:00+00:00,-7.05976e-05,0.985023,0.205288,0.0625287,0.00478134,0.00209183,6.69345e-07,8.36681e-08,9.5157e-08,-0.000125949,5.72128e-05,-0.000879769,0.000936981,17,0.000273258
2023-09-21 00:00:00+00:00,-0.000685063,0.984348,0.201447,0.0623692,0.00606469,0,0,0,0,-5.30335e-05,-0.000631333,-0.00292907,0.00229774,17,0
2023-09-22 00:00:00+00:00,-0.0011886,0.983178,0.201058,0.0614378,0.00248297,0,0,0,0,-3.13273e-05,-0.00115725,0.000242339,-0.00139959,17,0
2023-09-23 00:00:00+00:00,5.37684e-05,0.983231,0.201178,0.061111,-0.000606609,0,0,0,0,-2.11747e-05,7.53605e-05,-5.13e-05,0.00012666,17,0
2023-09-24 00:00:00+00:00,0.000389491,0.983614,0.200196,0.0616914,-0.0016911,0,0,0,0,-2.57971e-05,0.000415794,-0.00145547,0.00187126,17,0
2023-09-25 00:00:00+00:00,-0.00078031,0.982847,0.193576,0.0660525,0.00884526,0.00576224,1.84299e-06,8.77124e-07,2.16384e-07,-2.50862e-05,-0.000751917,0.000528596,-0.00128051,16,0
2023-09-26 00:00:00+00:00,-0.001402,0.981469,0.19479,0.065868,0.0102712,0,0,0,0,-0.000116075,-0.00128656,-5.31737e-05,-0.00123338,16,0
2023-09-27 00:00:00+00:00,-0.00128224,0.98021,0.196197,0.0655684,0.0110119,0.00341643,1.09257e-06,1.36571e-07,1.85347e-07,-0.000301759,-0.000978265,0.000409792,-0.00138806,16,0
2023-09-28 00:00:00+00:00,0.00199177,0.982162,0.196511,0.0687511,0.0167095,0,0,0,0,-3.1076e-05,0.0020223,0.00339213,-0.00136982,16,0
2023-09-29 00:00:00+00:00,-0.000306234,0.981862,0.199559,0.0690759,0.0188304,0,0,0,0,-5.00858e-06,-0.000300028,5.35733e-05,-0.000353602,16,0
2023-09-30 00:00:00+00:00,-4.86002e-05,0.981814,0.200041,0.0692696,0.0179414,0,0,0,0,-2.71856e-05,-2.11305e-05,0.000432324,-0.000453454,16,0
2023-10-01 00:00:00+00:00,0.00108879,0.982883,0.203236,0.0687212,0.0146449,0,0,0,0,-2.44197e-05,0.0011152,0.00517007,-0.00405487,16,0
2023-10-02 00:00:00+00:00,0.000298238,0.983176,0.179894,0.0708912,0.0294483,0.042914,1.37323e-05,2.36269e-06,1.72303e-06,-1.69847e-05,0.000335139,-0.00278997,0.00312511,14,0
2023-10-03 00:00:00+00:00,0.00156136,0.984711,0.159713,0.0552551,0.0212743,0,0,0,0,-9.87941e-06,0.00157063,-7.99307e-05,0.00165056,14,0
2023-10-04 00:00:00+00:00,0.000858751,0.985557,0.156823,0.0568404,0.0160007,0,0,0,0,-5.0967e-06,0.000864242,0.00029809,0.000566153,14,1.13791e-05
2023-10-05 00:00:00+00:00,-0.00141607,0.984161,0.15712,0.0563095,0.015881,0,0,0,0,4.32018e-06,-0.00142039,-0.00175121,0.000330825,14,0.000368698
2023-10-06 00:00:00+00:00,0.00247409,0.986596,0.156862,0.056898,0.0203489,0,0,0,0,-1.4372e-05,0.00248644,0.0020565,0.000429946,14,0.000367931
2023-10-07 00:00:00+00:00,0.000875734,0.98746,0.156517,0.0583216,0.0223778,0,0,0,0,-8.18186e-06,0.000883791,-0.000264854,0.00114865,14,0.000212197
2023-10-08 00:00:00+00:00,-0.00043897,0.987027,0.156706,0.057267,0.0187233,0.00200454,6.41464e-07,8.01829e-08,7.53103e-08,-7.94944e-06,-0.000430058,-0.000222866,-0.000207192,14.6875,0.00433849
2023-10-09 00:00:00+00:00,-0.000363982,0.986667,0.14656,0.0643996,0.0215928,0.00837472,2.67991e-06,2.49463e-06,1.76693e-06,-1.07727e-05,-0.000345891,-0.0025349,0.00218901,13,0.00233236
2023-10-10 00:00:00+00:00,-0.000295978,0.986375,0.146292,0.0626419,0.0203676,0.00231642,7.41317e-07,9.26646e-08,1.26435e-07,-7.85578e-06,-0.000286799,-0.000440199,0.0001534,13.6875,0.00449304
2023-10-11 00:00:00+00:00,-0.000878649,0.985509,0.145166,0.0612515,0.0228178,0,0,0,0,-7.26625e-06,-0.000871345,-0.00114945,0.000278102,14,0.00445649
2023-10-12 00:00:00+00:00,-0.00110637,0.984418,0.143956,0.0606412,0.0231658,0,0,0,0,-4.39899e-06,-0.00110214,-0.0010092,-9.29462e-05,14,0.000946474
2023-10-13 00:00:00+00:00,0.000161885,0.984578,0.145112,0.0599135,0.0227047,0,0,0,0,-2.31737e-06,0.000164511,0.000649555,-0.000485045,14,0
2023-10-14 00:00:00+00:00,3.46892e-06,0.984581,0.145607,0.0601663,0.0243652,0,0,0,0,5.79684e-08,3.55304e-06,0.000125293,-0.00012174,14,0
2023-10-15 00:00:00+00:00,0.000260431,0.984838,0.146764,0.0597619,0.0162566,0,0,0,0,3.73583e-06,0.000257107,0.000847879,-0.000590772,14,0
2023-10-16 00:00:00+00:00,0.005136,0.989896,0.122947,0.0550308,0.0314107,0.0479517,1.53852e-05,5.02945e-06,2.17606e-06,-4.44222e-06,0.00515721,0.00534293,-0.000185726,13,0.000450955
2023-10-17 00:00:00+00:00,-0.000133295,0.989764,0.105636,0.0337392,0.0253395,0.00612901,1.96129e-06,2.45161e-07,2.12142e-07,-4.61221e-06,-0.00012605,-0.00110955,0.000983499,14.1458,0.00541099
2023-10-18 00:00:00+00:00,-0.000353681,0.989414,0.113344,0.0253842,0.0142303,0.00794894,2.54356e-06,2.37039e-06,6.67677e-07,-1.74895e-06,-0.000346124,-0.000341927,-4.19762e-06,15,0.00858929
2023-10-19 00:00:00+00:00,0.000927416,0.990331,0.119633,0.0184369,0.00206522,0.00381818,1.2214e-06,1.52675e-07,1.81177e-07,7.3288e-06,0.000921982,0.000627787,0.000294194,15,0.00898404
2023-10-20 00:00:00+00:00,-0.00185289,0.988496,0.125121,0.0191987,0.00022173,0.00209274,6.69524e-07,8.36905e-08,9.79681e-08,-1.50716e-05,-0.00183811,0.00156733,-0.00340544,15.5417,0.00973928
2023-10-21 00:00:00+00:00,-0.000379036,0.988122,0.128273,0.0199992,-0.000437788,0.0031175,9.97305e-07,1.24663e-07,4.25708e-07,-1.0135e-05,-0.000365966,0.00153857,-0.00190454,16,0.00820359
2023-10-22 00:00:00+00:00,0.000645673,0.98876,0.127714,0.0223021,0.00062858,0,0,0,0,-3.94123e-06,0.000649724,0.00135139,-0.000701663,16,0.00693352
2023-10-23 00:00:00+00:00,-0.00290831,0.985884,0.133218,0.0227644,0.00419653,0.00865139,2.76613e-06,3.45767e-07,5.86345e-07,-7.62635e-05,-0.00283052,0.00528018,-0.00811071,16.1042,0.00701375
2023-10-24 00:00:00+00:00,0.000707886,0.986582,0.165359,0.0313217,9.12331e-05,0.0594667,1.90287e-05,2.40691e-06,2.22235e-06,-0.000120072,0.000853164,0.000316544,0.000536619,17.3958,0.0106652
2023-10-25 00:00:00+00:00,-0.00693691,0.979738,0.194031,0.0354822,-0.00735204,0.0237648,7.60085e-06,1.74468e-06,1.83892e-06,-0.000776953,-0.0061684,0.00128605,-0.00745445,17.625,0.00889084
2023-10-26 00:00:00+00:00,-0.000895557,0.978861,0.187891,0.0430408,-0.00109641,0.00980526,3.13868e-06,7.13356e-07,9.01178e-07,-0.000323385,-0.000564702,-0.000104687,-0.000460015,18,0.00420312
2023-10-27 00:00:00+00:00,0.000453277,0.979304,0.184789,0.042307,-0.00185106,0,0,0,0,-9.35342e-05,0.000548315,-0.00166816,0.00221648,18,0.00255369
2023-10-28 00:00:00+00:00,-8.34092e-05,0.979223,0.186455,0.0418371,-0.004011,0,0,0,0,-2.37332e-05,-5.9225e-05,0.000741391,-0.000800616,18,0.00410419
2023-10-29 00:00:00+00:00,-0.000764451,0.978474,0.187093,0.0419832,-0.00410366,0,0,0,0,-3.6683e-05,-0.000727535,0.00110474,-0.00183227,18,0.00778719
2023-10-30 00:00:00+00:00,-0.00346411,0.975085,0.178388,0.0366708,-0.00600478,0.015552,4.9758e-06,2.82635e-06,1.20292e-06,-0.000148829,-0.00331116,0.000572823,-0.00388398,16,0.00521348
2023-10-31 00:00:00+00:00,-0.00169112,0.973436,0.178425,0.0366258,-0.00759306,0.00222962,7.13291e-07,8.91614e-08,2.80801e-08,-9.9515e-05,-0.00159075,-0.00026573,-0.00132502,16,7.06083e-05
2023-11-01 00:00:00+00:00,-0.000372714,0.973073,0.174072,0.0415172,-0.00298673,0.00857012,2.74086e-06,3.42608e-07,2.29217e-07,-4.19916e-05,-0.000326132,0.00220696,-0.00253309,16,0
2023-11-02 00:00:00+00:00,0.000703801,0.973758,0.171762,0.0471747,0.00482093,0,0,0,0,-3.95228e-05,0.000743836,-0.00142107,0.00216491,16,0.000209899
2023-11-03 00:00:00+00:00,-0.002745,0.971085,0.170382,0.0461542,0.00263047,0.00249459,7.98033e-07,9.97541e-08,1.32352e-07,-1.33959e-05,-0.00273288,0.000545315,-0.00327819,16,0.00332651
2023-11-04 00:00:00+00:00,-8.96655e-05,0.970998,0.172998,0.0471712,0.000759645,0,0,0,0,-1.56129e-05,-7.33735e-05,0.00169337,-0.00176674,16,0.0013064
2023-11-05 00:00:00+00:00,0.00128828,0.972248,0.174221,0.050075,0.00430824,0.00285923,9.15462e-07,1.14433e-07,1.63619e-07,-1.39431e-05,0.00130352,0.00147041,-0.000166883,16,0
2023-11-06 00:00:00+00:00,-0.00203674,0.970268,0.168723,0.051967,0.00663481,0.00673565,2.15524e-06,1.30407e-06,4.12612e-07,-6.54028e-05,-0.0019686,0.00107785,-0.00304645,13,0
2023-11-07 00:00:00+00:00,0.00034921,0.970607,0.168681,0.0514996,0.00498786,0,0,0,0,-0.000107204,0.000457095,-0.000734278,0.00119137,13,0
2023-11-08 00:00:00+00:00,-0.00489514,0.965856,0.171117,0.0514164,0.00422699,0.00492914,1.57652e-06,1.97065e-07,5.37706e-07,-0.000167685,-0.00473604,0.000874794,-0.00561083,13,0
2023-11-09 00:00:00+00:00,0.00396083,0.969681,0.17201,0.0517079,0.00498914,0.0161148,5.15875e-06,6.44844e-07,4.64183e-07,-0.000166432,0.00413006,0.00638142,-0.00225137,13,0
2023-11-10 00:00:00+00:00,-0.00362927,0.966162,0.16394,0.0489541,-0.000321132,0.00406971,1.302e-06,6.86588e-07,9.35974e-08,-3.91749e-05,-0.00359271,8.89456e-06,-0.00360161,13,0
2023-11-11 00:00:00+00:00,-0.00413572,0.962166,0.159794,0.0524771,0.00100385,0.0107146,3.42712e-06,4.2839e-07,5.1782e-07,-1.07943e-05,-0.00412694,-0.000979911,-0.00314703,13,0
2023-11-12 00:00:00+00:00,-0.00100348,0.961201,0.154115,0.0587874,0.00613667,0.00261029,8.34898e-07,1.04362e-07,1.95071e-07,-2.9805e-05,-0.000971813,0.000622739,-0.00159455,13,0
2023-11-13 00:00:00+00:00,0.000698942,0.961873,0.146112,0.0611311,0.00761624,0.0107527,3.44039e-06,5.20318e-06,1.92389e-06,-2.81076e-05,0.000738154,-0.00135798,0.00209613,11,0
2023-11-14 00:00:00+00:00,-0.00141889,0.960508,0.139368,0.0572869,0.00731837,0.00425518,1.36121e-06,1.70151e-07,1.69723e-07,-2.56284e-05,-0.0013914,-0.0017519,0.000360498,11,0
2023-11-15 00:00:00+00:00,0.000420115,0.960911,0.139938,0.0535346,0.0067834,0,0,0,0,-7.80541e-06,0.000428663,0.00493705,-0.00450839,11,0
2023-11-16 00:00:00+00:00,-0.00162764,0.959347,0.14191,0.0533896,0.00775537,0,0,0,0,-9.73673e-06,-0.00161789,-0.0046625,0.00304461,11,0
2023-11-17 00:00:00+00:00,-0.000204562,0.959151,0.137958,0.053013,0.00832612,0,0,0,0,-1.08413e-05,-0.0001932,0.000672544,-0.000865744,11,0
2023-11-18 00:00:00+00:00,0.000924536,0.960038,0.137209,0.0533789,0.0078182,0,0,0,0,-1.07711e-05,0.000935132,-2.32335e-05,0.000958366,11,0
2023-11-19 00:00:00+00:00,0.00075478,0.960763,0.137453,0.0540757,0.00642869,0,0,0,0,-7.76436e-06,0.000762826,0.00183211,-0.00106929,11,0
2023-11-20 00:00:00+00:00,0.00267571,0.963333,0.126369,0.0596087,0.0152333,0.026874,8.61218e-06,4.2129e-06,2.48478e-06,-2.05152e-05,0.00271101,0.00123663,0.00147438,10,0
2023-11-21 00:00:00+00:00,-0.00147819,0.961909,0.110716,0.0472739,0.0112683,0.00369081,1.18071e-06,1.47589e-07,2.02989e-07,-1.49154e-05,-0.00146193,-0.00396465,0.00250273,10,0
2023-11-22 00:00:00+00:00,0.000793192,0.962672,0.107957,0.0433335,0.00796765,0,0,0,0,-1.20448e-05,0.000805352,0.00398833,-0.00318298,10,0
2023-11-23 00:00:00+00:00,0.00053543,0.963188,0.110134,0.0438839,0.00929035,0,0,0,0,-1.08217e-05,0.000546432,-0.00018538,0.000731812,10,0
2023-11-24 00:00:00+00:00,0.000548294,0.963716,0.110107,0.0451333,0.0117425,0,0,0,0,-1.06577e-05,0.00055939,0.000680306,-0.000120917,10,0
2023-11-25 00:00:00+00:00,-0.000600465,0.963137,0.110372,0.0449432,0.0123667,0,0,0,0,-6.66417e-06,-0.000593851,0.000186012,-0.000779863,10,0
2023-11-26 00:00:00+00:00,5.59695e-05,0.963191,0.11007,0.0446527,0.0108406,0,0,0,0,-1.12701e-05,6.7473e-05,-0.000757257,0.00082473,10,0
2023-11-27 00:00:00+00:00,-0.000407795,0.962798,0.107887,0.0444299,0.0107709,0,0,0,0,-1.34658e-05,-0.000394095,-0.000804586,0.000410492,10,0
2023-11-28 00:00:00+00:00,-0.000303994,0.962506,0.108756,0.0443345,0.0105592,0,0,0,0,-1.23692e-05,-0.000291458,0.00101204,-0.00130349,10,2.67482e-07
2023-11-29 00:00:00+00:00,-0.000495985,0.962028,0.11097,0.0438545,0.0108313,0,0,0,0,-1.31517e-05,-0.000482673,-0.000209888,-0.000272785,10,0
2023-11-30 00:00:00+00:00,-0.000119197,0.961913,0.110857,0.0434525,0.0108065,0,0,0,0,-1.34345e-05,-0.00010555,0.000175214,-0.000280763,10,0
2023-12-01 00:00:00+00:00,0.00119014,0.963058,0.113522,0.0436668,0.0111937,0.00462433,1.4797e-06,1.84963e-07,1.13621e-07,-1.12841e-05,0.0012028,0.00175257,-0.000549762,10.2292,0.0017417
2023-12-02 00:00:00+00:00,-0.00101817,0.962078,0.122486,0.0368568,0.00164289,0.00213141,6.81976e-07,8.5247e-08,4.80577e-08,2.91967e-06,-0.00102005,0.00201591,-0.00303596,11,0.0067082
2023-12-03 00:00:00+00:00,0.001431,0.963454,0.125203,0.03703,-0.00162352,0,0,0,0,2.34386e-06,0.00142833,0.00100836,0.000419976,11,0.00576357
2023-12-04 00:00:00+00:00,0.000818152,0.964243,0.180259,0.0525507,-0.0102645,0.112123,3.58901e-05,4.48626e-06,2.39314e-06,1.33926e-05,0.000852361,0.00356104,-0.00270868,13,0.0126832
2023-12-05 00:00:00+00:00,0.00468412,0.968759,0.256933,0.0919067,-0.00892784,0.0218655,6.99521e-06,8.74401e-07,5.73277e-07,1.97675e-05,0.00467531,0.00668364,-0.00200833,13.25,0.0161668
2023-12-06 00:00:00+00:00,0.00181232,0.970515,0.320591,0.103981,-0.0111137,0.120552,3.85741e-05,7.21882e-06,2.24928e-06,1.12222e-05,0.00186482,-0.00324996,0.00511478,15.1042,0.0184514
2023-12-07 00:00:00+00:00,0.00543829,0.975793,0.437161,0.132326,-0.00770042,0.114039,3.64905e-05,8.77812e-06,4.02161e-06,-1.3503e-06,0.00548804,0.00644484,-0.0009568,17.4375,0.0223822
2023-12-08 00:00:00+00:00,-0.00106258,0.974756,0.517457,0.135306,-0.00931971,0.0958864,3.06883e-05,8.9032e-06,4.43306e-06,7.53842e-05,-0.00108565,0.00680595,-0.0078916,21.9375,0.0229643
2023-12-09 00:00:00+00:00,0.00414223,0.978794,0.578835,0.148561,-0.00518933,0.0630107,2.01676e-05,1.03875e-05,2.03601e-06,7.09458e-06,0.00417305,-0.00297556,0.0071486,25.2708,0.0235092
2023-12-10 00:00:00+00:00,-0.0100929,0.968915,0.616898,0.161563,-0.0134399,0.0444276,1.42138e-05,5.72854e-06,1.24706e-06,-8.14118e-05,-0.0100234,0.00333747,-0.0133609,26,0.0241475
2023-12-11 00:00:00+00:00,-0.0211917,0.948382,0.693277,0.182182,0.00950503,0.150036,4.79685e-05,6.85332e-06,2.2316e-05,-3.39966e-05,-0.0212616,-0.0288061,0.00754453,27,0.0203394
2023-12-12 00:00:00+00:00,-0.0022738,0.946226,0.655399,0.170512,0.00319035,0.098972,3.16736e-05,8.80142e-06,7.58267e-06,6.62493e-05,-0.0022621,0.00949216,-0.0117543,27,0.0160986
2023-12-13 00:00:00+00:00,0.00623455,0.952125,0.599648,0.163691,-0.000798389,0.0274802,8.79404e-06,6.30401e-06,1.10557e-06,9.94259e-06,0.00623471,0.00977834,-0.00354363,27,0.0150149
2023-12-14 00:00:00+00:00,0.00220974,0.954229,0.626198,0.174625,0.00298103,0.00206609,6.60182e-07,9.48637e-07,3.56837e-08,7.82498e-05,0.00214684,0.00430397,-0.00215712,27,0.0173253
2023-12-15 00:00:00+00:00,0.00171463,0.955865,0.620412,0.173031,0.00324655,0.00456602,1.46183e-06,1.82729e-07,2.11681e-07,0.000109902,0.00161412,-0.0142242,0.0158383,27,0.0191015
2023-12-16 00:00:00+00:00,-0.00397416,0.952066,0.612148,0.168283,-0.0047377,0.017036,5.44975e-06,1.56751e-06,1.83567e-06,6.08999e-05,-0.0040258,0.00454417,-0.00856997,27,0.0181945
2023-12-17 00:00:00+00:00,-0.00220823,0.949964,0.600468,0.171917,-0.0042695,0.0160563,5.13509e-06,2.30025e-06,6.1265e-07,1.83684e-05,-0.00220722,-0.00780014,0.00559292,27.5417,0.015059
2023-12-18 00:00:00+00:00,0.00410533,0.953864,0.580151,0.164735,-2.89712e-05,0.0417667,1.33624e-05,3.67339e-06,1.7059e-06,-1.93908e-05,0.00414442,0.00614895,-0.00200452,27.9792,0.0152963
2023-12-19 00:00:00+00:00,-0.00272608,0.951263,0.602545,0.160046,0.00364209,0.0130483,4.17411e-06,6.59494e-07,6.26258e-07,1.58611e-05,-0.00273038,-0.00396686,0.00123648,28,0.0168517
2023-12-20 00:00:00+00:00,-0.00136859,0.949962,0.597018,0.156599,-0.00042196,0.0307222,9.82804e-06,1.25157e-06,2.12608e-06,-2.60363e-05,-0.00130516,0.00879848,-0.0101036,28,0.0142128
2023-12-21 00:00:00+00:00,-0.00194926,0.94811,0.602604,0.165306,0.00410107,0.0431272,1.37928e-05,1.90723e-06,9.73485e-07,-7.08382e-05,-0.00184786,0.00836663,-0.0102145,28,0.0130846
2023-12-22 00:00:00+00:00,-0.00612612,0.942302,0.539371,0.150242,-0.00133656,0.0858744,2.74737e-05,3.95178e-06,2.6336e-06,1.40414e-05,-0.00611169,0.00419662,-0.0103083,28,0.0119802
2023-12-23 00:00:00+00:00,-0.0019087,0.940503,0.513461,0.143264,-0.00344166,0.00665276,2.12733e-06,2.65917e-07,2.887e-07,0.00010848,-0.00200993,-0.0012081,-0.000801826,28,0.0110456
2023-12-24 00:00:00+00:00,-0.00107213,0.939495,0.511589,0.151778,0.00187483,0.00928326,2.96853e-06,3.71067e-07,4.01289e-07,4.04402e-05,-0.00110076,-0.0046628,0.00356204,28,0.00698231
2023-12-25 00:00:00+00:00,-0.000184322,0.939322,0.505513,0.151757,0.00709729,0.00606413,1.94095e-06,1.78933e-06,2.68318e-07,-3.0435e-05,-0.000145664,0.0067052,-0.00685086,27,0.00460722
2023-12-26 00:00:00+00:00,-0.000469363,0.938881,0.494341,0.146631,0.00538053,0.0186585,5.97236e-06,2.44761e-06,6.88244e-07,-9.483e-05,-0.000355563,-0.00267033,0.00231476,27,0.00288172
2023-12-27 00:00:00+00:00,0.00757904,0.945996,0.480353,0.146379,3.44256e-05,0.0212982,6.81209e-06,8.51511e-07,9.78184e-07,-3.57367e-05,0.00760328,0.0109634,-0.0033601,27,0.00530605
2023-12-28 00:00:00+00:00,0.00193116,0.947823,0.478661,0.155789,0.00403412,0.0279965,8.95839e-06,2.08237e-06,9.94105e-07,2.21087e-05,0.00192566,-0.00574008,0.00766573,27.8125,0.0119167
2023-12-29 00:00:00+00:00,-0.0066632,0.941508,0.475993,0.143905,-0.00299472,0.0233949,7.48511e-06,1.73295e-06,1.1762e-06,-0.00021213,-0.00645603,-0.00484547,-0.00161057,27,0.0135915
2023-12-30 00:00:00+00:00,0.00237563,0.943744,0.470463,0.141761,0.00335409,0,0,0,0,-0.000170474,0.00254576,0.000135718,0.00241004,27,0.00919799
2023-12-31 00:00:00+00:00,0.00194722,0.945582,0.473864,0.14098,0.00348946,0.0043279,1.38534e-06,2.0972e-06,2.34921e-07,-0.000208617,0.0021625,-0.000469038,0.00263154,27,0.00817686
2024-01-01 00:00:00+00:00,0.000335418,0.945899,0.466144,0.139424,0.00102347,0.0110202,3.52842e-06,3.67712e-06,7.01394e-07,-0.000110137,0.000458895,0.0108177,-0.0103588,26,0.00770199
2024-01-02 00:00:00+00:00,0.00621173,0.951775,0.46419,0.132972,0.00250882,0.0202955,6.49783e-06,8.12229e-07,1.8953e-07,-9.57997e-05,0.00630761,0.00170415,0.00460346,26,0.00789379
2024-01-03 00:00:00+00:00,-0.00186237,0.950002,0.437622,0.118468,0.0071316,0.0318564,1.01924e-05,1.27405e-06,8.4271e-07,-6.02878e-06,-0.00183653,-0.0163222,0.0144857,26.5,0.00840602
2024-01-04 00:00:00+00:00,0.000197526,0.95019,0.414808,0.102543,0.00424218,0.0117378,3.75632e-06,4.6954e-07,2.3378e-07,-4.98949e-06,0.000213659,0.00654551,-0.00633185,27,0.00506811
2024-01-05 00:00:00+00:00,0.0044547,0.954423,0.402313,0.10448,0.00639849,0.00405255,1.29673e-06,1.62091e-07,1.28752e-07,3.38802e-05,0.00441639,-0.0018343,0.00625069,27,0.00661111
2024-01-06 00:00:00+00:00,0.00353291,0.957795,0.393407,0.112922,0.00462494,0.0266452,8.52562e-06,1.0657e-06,7.26309e-07,3.72058e-05,0.00350616,-0.00305649,0.00656265,27,0.0127395
2024-01-07 00:00:00+00:00,0.00254042,0.960228,0.402791,0.119753,0.00110144,0.00642039,2.05452e-06,2.56815e-07,2.16512e-07,4.40711e-05,0.00249947,-0.00276717,0.00526665,27,0.0160481
2024-01-08 00:00:00+00:00,0.00667125,0.966634,0.474975,0.142302,-0.00772336,0.140054,4.48273e-05,5.8303e-06,5.75081e-06,7.3912e-06,0.0067223,0.018095,-0.0113727,26,0.0192961
2024-01-09 00:00:00+00:00,0.00641372,0.972834,0.550896,0.173488,-0.00180058,0.0920358,2.94511e-05,3.68138e-06,2.0865e-06,-3.82547e-05,0.00648276,-0.00366786,0.0101506,27.1667,0.0237087
2024-01-10 00:00:00+00:00,-0.000303443,0.972538,0.636545,0.183938,0.00221462,0.102906,3.2927e-05,9.04085e-06,4.14057e-06,-4.06824e-05,-0.000187978,0.0219193,-0.0221073,28,0.0275596
2024-01-11 00:00:00+00:00,0.000360644,0.972889,0.711077,0.171223,5.02572e-05,0.0908232,2.90636e-05,2.0425e-05,5.09659e-06,-2.96927e-05,0.000492079,0.0092836,-0.00879153,28,0.0278926
2024-01-12 00:00:00+00:00,-0.0122341,0.960987,0.715275,0.153455,-0.00307395,0.0611007,1.95262e-05,9.21207e-06,2.33984e-06,-2.73713e-05,-0.0122159,-0.0240079,0.0117921,28,0.0271297
2024-01-13 00:00:00+00:00,-0.000263443,0.960734,0.671877,0.137143,0.00208258,0.0159419,5.10114e-06,3.58955e-06,7.56288e-07,-1.92906e-05,-0.000217674,0.00587565,-0.00609333,28,0.0225529
2024-01-14 00:00:00+00:00,0.00187297,0.962533,0.664762,0.139949,0.00251188,0.00213105,6.82903e-07,2.26281e-06,9.23e-08,-2.72509e-05,0.00191137,-0.010197,0.0121084,28,0.0207053
2024-01-15 00:00:00+00:00,6.9561e-05,0.9626,0.667394,0.128106,-0.00284138,0.0674785,2.16068e-05,2.05498e-05,6.83709e-06,-5.1685e-06,0.000137895,0.00811551,-0.00797761,28.5208,0.0223172
2024-01-16 00:00:00+00:00,0.00511828,0.967527,0.671943,0.12595,-0.00633657,0,0,0,0,6.3922e-05,0.00505073,0.00516441,-0.000113683,29,0.0214254
2024-01-17 00:00:00+00:00,-0.00329455,0.964339,0.667761,0.1271,-0.0071358,0.00640175,2.04877e-06,2.56096e-07,9.55302e-08,3.79039e-05,-0.00332683,-0.00624129,0.00291446,29,0.0217929
2024-01-18 00:00:00+00:00,0.00698191,0.971072,0.649289,0.134093,-0.000410292,0.00858015,2.74441e-06,2.82555e-06,3.27058e-07,3.23596e-05,0.00694271,-0.0106562,0.0175989,29,0.0209046
2024-01-19 00:00:00+00:00,0.00476591,0.9757,0.694172,0.157719,0.000558201,0.173602,5.55829e-05,3.87676e-05,5.33853e-06,0.000123273,0.00474441,0.00361087,0.00113354,29,0.0276601
2024-01-20 00:00:00+00:00,0.00201801,0.977669,0.80588,0.194755,-0.0116905,0.091577,2.93078e-05,8.97245e-06,2.01618e-06,0.000132022,0.00194262,0.00143244,0.000510182,29,0.0322051
2024-01-21 00:00:00+00:00,0.00509008,0.982646,0.831182,0.208179,-0.0191335,0.0299177,9.57477e-06,2.545e-06,7.40987e-07,0.000109799,0.00499443,-0.00199589,0.00699033,29,0.0347155
2024-01-22 00:00:00+00:00,-0.00884069,0.973958,0.865461,0.20039,-0.0191038,0.103645,3.31641e-05,4.37938e-05,3.42937e-06,0.000216086,-0.00898787,-0.0270956,0.0181077,28,0.0369864
2024-01-23 00:00:00+00:00,-0.000875034,0.973106,0.906429,0.20258,-0.0112914,0.111249,3.55789e-05,1.68941e-05,6.20066e-06,0.000154784,-0.00093792,-0.0070045,0.00606658,28.0625,0.0326021
2024-01-24 00:00:00+00:00,-0.0115722,0.961845,0.937566,0.210715,-0.00613544,0.0376242,1.20203e-05,5.60388e-06,1.85543e-06,8.5568e-05,-0.0116771,-0.000106282,-0.0115708,29.4792,0.0290237
2024-01-25 00:00:00+00:00,0.00566006,0.967289,0.924468,0.212473,-0.00725715,0.0631876,2.02503e-05,1.08792e-05,2.82407e-06,1.9182e-05,0.005691,-0.00615069,0.0118417,30,0.0249231
2024-01-26 00:00:00+00:00,-0.00602074,0.961465,0.933037,0.205997,-0.0131378,0.0600277,1.92066e-05,9.26967e-06,1.93911e-06,2.3408e-05,-0.00601441,0.0228831,-0.0288975,30,0.0243513
2024-01-27 00:00:00+00:00,0.00429808,0.965598,0.935741,0.206085,-0.00910748,0.00853431,2.7314e-06,4.65066e-07,2.70813e-07,5.79789e-05,0.00424935,0.00482747,-0.000578111,30,0.0225576
2024-01-28 00:00:00+00:00,0.00691975,0.97228,0.929566,0.207507,-0.00801397,0.014905,4.76834e-06,6.19327e-07,3.30783e-07,6.90147e-05,0.0068451,-0.00230614,0.00915125,30,0.0247009
2024-01-29 00:00:00+00:00,-0.00736641,0.965117,0.910553,0.175136,-0.0151323,0.120365,3.84811e-05,2.63744e-05,1.58769e-05,1.65899e-05,-0.00731894,0.0144092,-0.0217281,28,0.0271558
2024-01-30 00:00:00+00:00,-0.00256513,0.962642,0.923688,0.171288,-0.0194612,0.0309193,9.88671e-06,1.23584e-06,5.92384e-07,3.72529e-05,-0.00257748,-0.00474036,0.00216288,28,0.0272514
2024-01-31 00:00:00+00:00,0.00603714,0.968453,0.923316,0.169494,-0.018049,0.0501778,1.60604e-05,3.54532e-06,1.04812e-06,1.66493e-05,0.00604315,-0.0134054,0.0194485,28,0.0283982
2024-02-01 00:00:00+00:00,0.00331801,0.971667,0.942068,0.158635,-0.0132844,0.0742086,2.3749e-05,6.03687e-06,1.78498e-06,5.65434e-05,0.00330466,0.00508945,-0.00178479,28.6667,0.0307324
2024-02-02 00:00:00+00:00,0.00571251,0.977217,0.93307,0.164241,-0.0141721,0.0507351,1.62306e-05,1.34828e-05,2.35762e-06,8.42606e-05,0.00566978,0.00547975,0.000190033,29,0.0321591
2024-02-03 00:00:00+00:00,0.00368844,0.980822,0.916047,0.17038,-0.0145814,0.0734368,2.35088e-05,1.58965e-05,5.08484e-06,7.65524e-05,0.00366234,-0.00224364,0.00590597,29,0.0335426
2024-02-04 00:00:00+00:00,0.00555157,0.986267,0.914054,0.168925,-0.0219904,0.0171877,5.5049e-06,6.88112e-07,4.97581e-07,5.28876e-05,0.0055097,-0.00363662,0.00914632,29,0.0356952
2024-02-05 00:00:00+00:00,-0.00845496,0.977928,0.945951,0.165357,-0.0277085,0.115996,3.71191e-05,1.53824e-05,8.16449e-06,1.93936e-05,-0.00842579,0.000867544,-0.00929334,29.1667,0.0362268
2024-02-06 00:00:00+00:00,0.00769959,0.985458,0.985672,0.173936,-0.0305582,0.0245138,7.84099e-06,1.61787e-06,3.20451e-07,5.63272e-05,0.00763705,0.00619939,0.00143766,30,0.0337919
2024-02-07 00:00:00+00:00,0.00218579,0.987612,0.992631,0.168618,-0.0275182,0.049885,1.59605e-05,5.64784e-06,1.44546e-06,1.77827e-05,0.00221623,0.0151033,-0.0128871,30,0.0355688
2024-02-08 00:00:00+00:00,0.0137395,1.00118,1.0557,0.178146,-0.00965453,0.126942,4.06384e-05,8.38616e-06,4.07585e-06,0.000317957,0.0134024,0.0109704,0.00243204,30,0.0378278
2024-02-09 00:00:00+00:00,-0.00442362,0.996752,1.18555,0.222151,0.000692988,0.295659,9.45986e-05,2.07053e-05,5.9519e-06,0.000277671,-0.00456411,0.0176212,-0.0221853,30,0.0426459
2024-02-10 00:00:00+00:00,0.00298585,0.999728,1.17135,0.231601,-0.000698537,0.186706,5.97451e-05,1.55227e-05,2.28635e-06,0.000293066,0.00278963,0.00269293,9.67082e-05,30,0.0436307
2024-02-11 00:00:00+00:00,-0.0015135,0.998215,1.1837,0.21936,-0.00877048,0.0195517,6.25636e-06,1.75444e-06,3.56495e-07,0.000321682,-0.00181315,-0.000887561,-0.000925589,30,0.0431798
2024-02-12 00:00:00+00:00,-0.0120529,0.986184,1.24012,0.197585,-0.0426921,0.309695,9.89358e-05,4.00033e-05,3.9616e-05,0.00047182,-0.0123329,0.0265162,-0.0388491,28.9792,0.0407262
2024-02-13 00:00:00+00:00,-0.00173299,0.984475,1.25537,0.211994,-0.0326908,0.0590415,1.88845e-05,1.15471e-05,2.55309e-06,0.00039487,-0.00204677,-0.00762246,0.00557569,29,0.0383745
2024-02-14 00:00:00+00:00,0.00711169,0.991476,1.29015,0.200876,-0.0334002,0.065959,2.11216e-05,1.07162e-05,2.69138e-06,0.000387902,0.00677433,0.0304897,-0.0237153,29,0.0377831
2024-02-15 00:00:00+00:00,0.0138146,1.00517,1.37595,0.230807,-0.0187343,0.230531,7.37486e-05,5.44541e-05,1.09173e-05,0.000446471,0.0134868,0.0136163,-0.000129502,29.8125,0.0398979
2024-02-16 00:00:00+00:00,0.00776757,1.01298,1.37941,0.260813,-0.00139399,0.862793,0.000276099,0.000161215,2.85015e-05,0.000288199,0.00797547,0.000322254,0.00765321,30,0.0437531
2024-02-17 00:00:00+00:00,-0.00832961,1.00454,0.994645,0.236041,0.00148271,0.959154,0.000306906,0.000116898,2.51298e-05,0.000188697,-0.00806099,-0.00366456,-0.00439643,29.125,0.0442388
2024-02-18 00:00:00+00:00,-0.000457284,1.00408,1.12587,0.25271,0.00335057,0.183529,5.87328e-05,1.46529e-05,5.50027e-06,0.000289924,-0.00063409,0.0102517,-0.0108858,27.2292,0.0425099
2024-02-19 00:00:00+00:00,-0.00584266,0.998217,1.18127,0.261402,-0.0313018,0.591053,0.000188871,2.93108e-05,6.66739e-05,7.32301e-05,-0.00559379,0.00807477,-0.0136686,29,0.0405853
2024-02-20 00:00:00+00:00,0.0255082,1.02368,1.18083,0.288479,-0.0228422,0.254388,8.15695e-05,1.99057e-05,1.42377e-05,-2.74859e-05,0.0255081,0.00243418,0.023074,29.7083,0.0417598
2024-02-21 00:00:00+00:00,0.00747614,1.03133,1.13714,0.312784,-0.0116408,0.689143,0.000220549,6.84951e-05,2.58045e-05,0.000183529,0.00765306,-0.000278362,0.00793142,30,0.0478964
2024-02-22 00:00:00+00:00,-0.0065762,1.02455,1.18723,0.324555,-0.00687073,0.428139,0.00013693,4.59949e-05,1.54212e-05,0.00041013,-0.00674191,-0.00108033,-0.00566158,30,0.049392
2024-02-23 00:00:00+00:00,0.00444017,1.0291,1.29893,0.348682,-0.00275993,0.362824,0.000116133,1.62627e-05,1.08244e-05,0.000452747,0.00419668,-0.00910473,0.0133014,30,0.0482828
2024-02-24 00:00:00+00:00,-0.00545686,1.02348,1.40148,0.364083,-0.0111796,0.116214,3.71592e-05,5.33453e-06,5.76537e-06,0.000401274,-0.00576297,0.0174724,-0.0232354,30,0.050885
2024-02-25 00:00:00+00:00,-0.0136296,1.00953,1.40109,0.367511,-0.00948837,0.145331,4.64647e-05,1.00518e-05,4.75847e-06,9.82711e-05,-0.0136926,0.0133395,-0.027032,30,0.0489498
2024-02-26 00:00:00+00:00,0.0317248,1.04156,1.16385,0.266055,-0.00269012,0.702214,0.000224731,6.02214e-05,7.48219e-05,0.000249783,0.0314226,0.0311184,0.000304276,28.9375,0.0479164
2024-02-27 00:00:00+00:00,0.0109739,1.05299,1.17944,0.227649,-0.0169428,0.239278,7.65542e-05,2.7027e-05,9.5881e-06,0.000354929,0.0107708,0.0143603,-0.00358947,29,0.0537084
2024-02-28 00:00:00+00:00,-0.00318147,1.04964,0.935555,0.183413,-0.0159243,1.15992,0.000370637,0.00021373,5.58561e-05,0.000298357,-0.00254214,0.0294525,-0.0319947,29.2708,0.0575434
2024-02-29 00:00:00+00:00,0.00227807,1.05203,0.775514,0.184149,0.010541,0.564018,0.000180485,0.000186218,2.81892e-05,-2.89934e-05,0.00276734,-0.00813986,0.0109072,30,0.0595526
2024-03-01 00:00:00+00:00,-0.000365922,1.05165,0.938461,0.205158,0.0154281,0.460462,0.000147384,0.000143769,2.08986e-05,2.32635e-05,-2.96002e-05,0.0206345,-0.0206641,30,0.0584028
2024-03-02 00:00:00+00:00,0.0036505,1.05549,0.932959,0.22048,0.0057119,0.560021,0.000179231,0.00016271,3.23227e-05,0.000154821,0.00396534,0.017355,-0.0133896,30,0.0577665
2024-03-03 00:00:00+00:00,0.00441869,1.06015,0.977404,0.243798,0.000659058,0.451379,0.000144555,0.000117091,2.04521e-05,3.32557e-05,0.00476183,0.00618551,-0.00142368,30,0.0590059
2024-03-04 00:00:00+00:00,0.0140037,1.075,0.95269,0.213881,-0.0237756,0.867338,0.000277805,0.000342071,8.15962e-05,1.35325e-05,0.0146989,0.0237367,-0.0090378,29.9375,0.0604307
2024-03-05 00:00:00+00:00,-0.000273502,1.0747,0.867173,0.203789,-0.0147582,0.661882,0.000211831,0.000223018,3.34051e-05,-8.77086e-05,0.000420693,-0.0246499,0.0250706,30,0.0632138
2024-03-06 00:00:00+00:00,0.0111848,1.08672,0.782336,0.182489,0.000993329,0.653775,0.000209331,0.000197271,4.03078e-05,-7.26152e-05,0.0117014,0.0353241,-0.0236227,30,0.0641212
2024-03-07 00:00:00+00:00,0.0112824,1.09898,0.803856,0.180965,-0.00282895,0.470632,0.000150626,0.000161444,2.58566e-05,-6.96274e-05,0.0116883,0.0191348,-0.00744654,30,0.0659561
2024-03-08 00:00:00+00:00,-0.0243207,1.07226,0.812586,0.177646,-0.00324532,0.437797,0.000139886,0.000175207,2.31962e-05,0.000126262,-0.0242474,0.00151125,-0.0257586,30,0.0654841
2024-03-09 00:00:00+00:00,-0.0189874,1.0519,0.729493,0.176769,-0.00629392,0.390161,0.000124769,0.000147139,1.50924e-05,0.000381718,-0.0192175,0.0039126,-0.0231301,30,0.0592602
2024-03-10 00:00:00+00:00,0.0252349,1.07844,0.78311,0.187946,-0.0108871,0.320968,0.000102805,0.000127185,9.90228e-06,8.79021e-05,0.0251399,0.0118438,0.0132961,30,0.0565876
2024-03-11 00:00:00+00:00,0.00817619,1.08726,0.761691,0.173977,-0.0240781,0.813966,0.000260688,0.000244069,6.02456e-05,-0.000109816,0.0088937,0.0225095,-0.0136158,29.5208,0.0611756
2024-03-12 00:00:00+00:00,-0.00817658,1.07837,0.807095,0.186893,-0.0140712,0.631203,0.000201958,0.000163407,2.07519e-05,-7.32427e-05,-0.00767188,-0.000410268,-0.00726161,30,0.0638212
2024-03-13 00:00:00+00:00,0.025469,1.10583,0.793645,0.163993,-0.0122878,0.548629,0.000175638,0.00010454,1.79786e-05,-4.30195e-05,0.0255493,0.0204916,0.00505773,30,0.0620115
2024-03-14 00:00:00+00:00,-0.0113042,1.09333,0.837133,0.155718,-0.0143195,0.989134,0.000316333,0.000154142,2.93715e-05,0.000196327,-0.0109745,-0.00352207,-0.0074524,30,0.0623387
2024-03-15 00:00:00+00:00,-0.00988916,1.08252,0.813743,0.138808,0.00135041,1.15681,0.000370112,0.000114527,3.81005e-05,8.56839e-05,-0.00942458,-0.014946,0.00552146,30,0.057716
2024-03-16 00:00:00+00:00,0.00703444,1.09014,0.901893,0.149513,0.000584853,0.582968,0.000186585,4.69507e-05,2.1205e-05,9.74151e-05,0.00725086,-0.0365216,0.0437725,30,0.056054
2024-03-17 00:00:00+00:00,0.00467146,1.09523,0.879292,0.15612,-0.00298666,0.375979,0.00012034,2.84914e-05,1.26707e-05,-4.47384e-05,0.00493666,0.0229402,-0.0180036,30,0.0584683
2024-03-18 00:00:00+00:00,0.0210052,1.11823,0.784161,0.168799,-0.0128037,0.992614,0.000317636,0.000155538,4.80929e-05,-9.183e-05,0.0214593,-0.0133468,0.0348061,28.0417,0.0567423
2024-03-19 00:00:00+00:00,-0.0307692,1.08383,0.925321,0.164186,-0.00720649,0.658329,0.000210513,9.20332e-05,2.49163e-05,6.72916e-06,-0.0308372,-0.050346,0.0195088,28.7083,0.0586456
2024-03-20 00:00:00+00:00,0.01621,1.1014,0.935419,0.151672,-0.00108217,0.507564,0.000162408,0.00011658,2.10051e-05,2.25137e-05,0.0164445,0.0598639,-0.0434194,29,0.0537601
2024-03-21 00:00:00+00:00,0.0112592,1.1138,0.952047,0.17446,0.00173873,1.22099,0.000390781,0.000345854,3.75435e-05,-2.42912e-05,0.0120269,-0.00574264,0.0177695,29.875,0.054944
2024-03-22 00:00:00+00:00,-0.00306684,1.11038,1.12586,0.171162,-0.00233727,0.625931,0.000200251,0.000210214,2.11004e-05,6.56899e-05,-0.00266372,-0.013922,0.0112583,30,0.0552437
2024-03-23 00:00:00+00:00,0.0025134,1.11317,1.196,0.163977,-0.00768848,0.341841,0.00010939,0.000154284,9.8107e-06,-1.56923e-05,0.00286027,0.0094834,-0.00662313,30,0.0514625
2024-03-24 00:00:00+00:00,0.000478778,1.1137,1.12983,0.164913,-0.0128933,0.192489,6.16127e-05,9.60806e-05,4.21902e-06,-4.6446e-05,0.000722573,0.031181,-0.0304585,30,0.0516995
2024-03-25 00:00:00+00:00,0.0124814,1.1276,1.1141,0.155234,-0.0209001,0.359951,0.000115215,0.000187942,7.61457e-06,1.32382e-05,0.0127392,0.0227241,-0.00998488,30,0.0511552
2024-03-26 00:00:00+00:00,-0.00228926,1.12502,1.04661,0.152006,-0.0226984,0.35833,0.000114626,0.000175987,6.352e-06,8.84763e-05,-0.00204202,0.00841836,-0.0104604,30,0.0541202
2024-03-27 00:00:00+00:00,-0.000651598,1.12429,0.745247,0.149083,-0.0160067,1.89935,0.000607699,0.000579822,4.74495e-05,-2.24588e-05,0.000633492,-0.00753782,0.00817131,28.0833,0.0670377
2024-03-28 00:00:00+00:00,-0.0173472,1.10479,0.710008,0.157001,-0.00952651,1.02949,0.000329242,0.000323231,2.19487e-05,8.24731e-05,-0.0168541,0.00446521,-0.0213193,20.5625,0.0649458
2024-03-29 00:00:00+00:00,0.00699586,1.11252,0.658864,0.162157,-0.00422756,0.844656,0.00027032,0.000234521,1.62689e-05,-3.02557e-05,0.00754798,0.00342847,0.00411951,20.0833,0.0590202
2024-03-30 00:00:00+00:00,-0.012746,1.09834,0.728738,0.186064,-0.0023841,0.811959,0.000259752,0.000179182,1.36523e-05,0.000179291,-0.0125152,-0.00489819,-0.00761699,20.4583,0.0566927
2024-03-31 00:00:00+00:00,0.00141633,1.09989,0.718158,0.208232,-0.0069783,0.587302,0.000187938,0.000117213,9.10179e-06,-6.34757e-06,0.00177705,0.0133651,-0.011588,17.6458,0.0524719
2024-04-01 00:00:00+00:00,0.0097883,1.11066,0.956637,0.211532,-0.0123296,0.89943,0.000287874,0.000181916,2.98704e-05,0.000130383,0.0101668,-0.0179393,0.0281061,22,0.0540675
2024-04-02 00:00:00+00:00,-0.000124959,1.11052,1.09914,0.192074,-0.0114407,0.488649,0.000156301,4.58006e-05,1.74677e-05,-8.95258e-05,0.000229525,-0.0355016,0.0357311,24.1458,0.0574055
2024-04-03 00:00:00+00:00,0.012982,1.12494,1.25668,0.178339,-0.0109027,0.561388,0.000179703,3.23708e-05,2.40324e-05,-4.27352e-05,0.0132039,-0.000735242,0.0139391,27.1042,0.0562666
2024-04-04 00:00:00+00:00,0.00756944,1.13345,1.29846,0.166149,0.00158908,1.75149,0.000560606,0.000118578,5.47988e-05,9.97812e-05,0.00823804,0.0223036,-0.0140655,29.1458,0.0590217
2024-04-05 00:00:00+00:00,0.00226285,1.13602,1.15286,0.148662,0.00587182,1.34099,0.000429186,8.45075e-05,3.5423e-05,0.000201824,0.00263728,-0.0163313,0.0189686,28.6458,0.0604612
2024-04-06 00:00:00+00:00,-0.0136123,1.12055,0.90812,0.145739,-0.000389906,0.719498,0.000230161,7.59033e-05,1.33041e-05,0.000175476,-0.0135395,0.0110539,-0.0245934,20.2083,0.0584417
2024-04-07 00:00:00+00:00,-0.00762959,1.112,0.992284,0.18426,-0.00965399,0.315958,0.000101082,2.07805e-05,8.27059e-06,0.000254622,-0.00775667,0.00691555,-0.0146722,21,0.054127
2024-04-08 00:00:00+00:00,0.003919,1.11636,1.04108,0.182695,-0.0144062,0.525797,0.000168272,4.71443e-05,1.37158e-05,5.85553e-05,0.00410658,0.0190556,-0.0149491,21.4792,0.0520159
2024-04-09 00:00:00+00:00,0.00651548,1.12363,0.98206,0.186382,-0.00087893,0.97054,0.00031065,0.000111241,2.05625e-05,5.53478e-06,0.0069702,-0.0223867,0.0293569,22.1042,0.0532995
2024-04-10 00:00:00+00:00,0.0107387,1.1357,0.988162,0.183452,-0.000338551,1.2432,0.000397913,0.00018937,3.00262e-05,-5.10333e-05,0.0114054,0.0104601,0.00094536,23.75,0.0558646
2024-04-11 00:00:00+00:00,0.000901652,1.13672,0.938677,0.17596,0.00478327,1.34641,0.000430838,0.000206023,3.92491e-05,-4.46606e-05,0.00165635,-0.0118098,0.0134661,19.8542,0.060409
2024-04-12 00:00:00+00:00,0.0170108,1.15606,0.827245,0.176677,0.00803104,1.33494,0.000427489,0.000149068,5.87727e-05,8.28669e-05,0.0174715,-0.0435019,0.0609734,21.0833,0.062536
2024-04-13 00:00:00+00:00,0.00203514,1.15841,0.774661,0.193965,0.00446532,1.33113,0.000425839,0.000142524,9.09154e-05,0.000207244,0.00258988,-0.0407021,0.043292,23.75,0.0658153
2024-04-14 00:00:00+00:00,-0.00161099,1.15655,0.714478,0.183821,0.00629972,0.973982,0.000311665,0.000121037,5.74517e-05,0.000134979,-0.00121901,0.0290473,-0.0302664,24.25,0.0654299
2024-04-15 00:00:00+00:00,0.00421339,1.16142,0.850859,0.204333,-0.0012989,0.86131,0.000275662,3.99647e-05,6.582e-05,0.000321781,0.00431122,-0.0180551,0.0223664,24,0.066779
2024-04-16 00:00:00+00:00,-0.00962018,1.15025,1.04739,0.228655,-0.000702385,0.769265,0.000246019,6.98424e-05,4.8008e-05,0.000303942,-0.00951415,-0.00598123,-0.00353292,25.6042,0.068664
2024-04-17 00:00:00+00:00,0.000778831,1.15114,1.00369,0.190142,0.00327469,1.41739,0.000453536,0.000112827,5.89001e-05,2.92455e-05,0.00143229,-0.0173216,0.0187539,27.1042,0.0652876
2024-04-18 00:00:00+00:00,0.0131537,1.16628,1.18149,0.166062,0.00289281,1.06058,0.000339508,6.28496e-05,5.63801e-05,-5.16603e-05,0.0136271,0.0265886,-0.0129616,28.2708,0.0630164
2024-04-19 00:00:00+00:00,-0.00818173,1.15674,1.12991,0.180986,0.00665063,1.2531,0.000401051,0.000103637,6.8163e-05,-2.60245e-05,-0.0075603,0.00139142,-0.00895172,27.4167,0.0623007
2024-04-20 00:00:00+00:00,-0.00913827,1.14617,1.22286,0.220724,0.0091764,1.21963,0.000390081,0.000147032,5.55404e-05,4.84701e-05,-0.00859839,0.0394294,-0.0480277,29.1667,0.0584864
2024-04-21 00:00:00+00:00,0.00196568,1.14842,1.07324,0.214575,0.00472779,1.33145,0.000426155,0.000163259,3.43205e-05,0.000127699,0.00248368,-0.00484363,0.00732731,29.375,0.0541655
2024-04-22 00:00:00+00:00,0.00115667,1.14975,0.805888,0.156002,-0.00735164,1.43055,0.00045768,0.000156018,7.46556e-05,-4.36734e-06,0.00187939,0.0173894,-0.01551,22.0208,0.0542167
2024-04-23 00:00:00+00:00,-0.00517976,1.1438,0.71879,0.149263,0.000115804,0.986089,0.000315517,9.29248e-05,2.39177e-05,5.20381e-05,-0.00479245,-0.00268163,-0.00211082,21.0833,0.0549362
2024-04-24 00:00:00+00:00,-0.00470251,1.13842,0.729162,0.18128,0.00501558,0.773491,0.000247485,5.51283e-05,1.42762e-05,0.000108851,-0.00444563,-0.0133262,0.00888055,18.25,0.0522553
2024-04-25 00:00:00+00:00,-0.00627575,1.13127,0.748738,0.186023,0.00347605,0.802277,0.000256675,5.60286e-05,1.50685e-05,0.000147323,-0.00606998,0.000751301,-0.00682128,17.4375,0.0507729
2024-04-26 00:00:00+00:00,0.00735698,1.1396,0.679912,0.178999,-0.000109968,1.10643,0.000354122,0.000118783,2.79371e-05,0.000161578,0.00768933,-0.00470369,0.012393,18.0208,0.0493444
2024-04-27 00:00:00+00:00,0.00888548,1.14972,0.756694,0.151529,-0.00371771,1.02715,0.000328742,8.83885e-05,2.51133e-05,0.000177801,0.00913041,0.00800557,0.00112484,17.75,0.0520676
2024-04-28 00:00:00+00:00,0.00401433,1.15434,0.780296,0.19,0.00195368,0.681576,0.000218124,7.76513e-05,1.44026e-05,0.00027688,0.00405474,-0.00122775,0.0052825,17.7708,0.0548357
2024-04-29 00:00:00+00:00,-0.00416386,1.14953,0.797324,0.163783,-0.0373923,1.36139,0.000435662,9.92397e-05,5.52138e-05,0.000203002,-0.00376849,-0.000648071,-0.00312042,20.3333,0.0559805
2024-04-30 00:00:00+00:00,0.00779876,1.1585,0.788013,0.147995,-0.0279916,1.13584,0.000363566,0.000117815,2.85298e-05,3.48297e-05,0.00827986,-0.0232878,0.0315676,21.7708,0.0562291
2024-05-01 00:00:00+00:00,-0.00498687,1.15272,1.02507,0.166152,-0.0146724,1.65606,0.000529871,0.000121257,5.44433e-05,0.000185316,-0.00444102,0.0063815,-0.0108225,25.6667,0.0548165
2024-05-02 00:00:00+00:00,-0.0130218,1.13771,0.750962,0.154464,-0.00319224,0.768357,0.000245794,3.82424e-05,1.76814e-05,0.000131359,-0.012893,-0.00154852,-0.0113445,22.5417,0.0497492
2024-05-03 00:00:00+00:00,-0.00321568,1.13405,0.715559,0.172168,-0.0066427,0.657511,0.000210409,2.63568e-05,1.33064e-05,0.000137744,-0.00308106,0.0185236,-0.0216046,20.0833,0.0439977
2024-05-04 00:00:00+00:00,-0.00432911,1.12914,0.698109,0.181097,-0.00737066,0.629821,0.000201532,3.10439e-05,1.18085e-05,0.000160099,-0.00422236,0.00240104,-0.0066234,19.4792,0.0404733
2024-05-05 00:00:00+00:00,0.00288702,1.1324,0.743447,0.198348,-0.00406814,0.515477,0.000164985,2.06231e-05,8.43389e-06,0.000122539,0.00297384,0.0026873,0.000286535,16.8333,0.0381321
2024-05-06 00:00:00+00:00,-0.00468763,1.12709,0.943581,0.222578,-0.00938347,0.302184,9.66486e-05,1.23581e-05,2.02869e-05,9.68143e-05,-0.00462644,-0.00549226,0.000865824,20.8958,0.0373937
2024-05-07 00:00:00+00:00,-0.0015302,1.12537,0.959118,0.226849,-0.00397369,0.517061,0.00016545,2.70306e-05,8.97244e-06,3.7983e-05,-0.00134011,-0.0105243,0.00918417,23.9792,0.0376808
2024-05-08 00:00:00+00:00,0.00631383,1.13247,0.888172,0.223613,0.00133955,0.599252,0.000191772,5.29793e-05,1.53478e-05,-1.22341e-05,0.00662727,-0.00314728,0.00977455,24.4375,0.0400688
2024-05-09 00:00:00+00:00,-0.00778121,1.12366,0.876363,0.228328,-0.00211078,0.915058,0.000292825,9.93026e-05,1.90275e-05,6.21825e-05,-0.00742603,0.0124139,-0.01984,25.7708,0.0421181
2024-05-10 00:00:00+00:00,-0.00958706,1.11289,0.794977,0.210927,-0.000875724,0.28948,9.25847e-05,2.00887e-05,5.9702e-06,0.000121365,-0.00961045,-0.0188827,0.00927229,27,0.0388221
2024-05-11 00:00:00+00:00,-0.0007385,1.11207,0.844416,0.219542,-0.00116705,0.124768,3.98981e-05,6.66377e-06,2.03337e-06,2.42309e-05,-0.000686176,0.00220303,-0.00288921,27,0.034125
2024-05-12 00:00:00+00:00,-0.00134397,1.11057,0.90852,0.224138,-0.00239451,0.114428,3.66169e-05,6.07462e-06,2.97793e-06,6.35264e-05,-0.00135325,0.00169453,-0.00304778,27.8542,0.0331443
2024-05-13 00:00:00+00:00,0.00043475,1.11106,1.01887,0.250351,-0.0141098,0.400357,0.000128075,1.60094e-05,2.13667e-05,4.71305e-05,0.000661743,0.00723506,-0.00657331,26.6458,0.0361882
2024-05-14 00:00:00+00:00,-0.00414901,1.10645,1.12849,0.295178,-0.0171324,0.213934,6.84108e-05,1.13018e-05,5.24843e-06,0.000370235,-0.00439618,-0.0220854,0.0176892,27.6042,0.0374962
2024-05-15 00:00:00+00:00,0.0191154,1.1276,1.18756,0.280828,-0.00253802,0.344359,0.00011031,2.67288e-05,9.92006e-06,0.000423906,0.0187191,0.0490532,-0.0303342,29,0.0373006
2024-05-16 00:00:00+00:00,0.00824233,1.13689,1.13902,0.266746,-0.00762423,0.907512,0.000290464,5.68158e-05,2.06404e-05,5.11619e-05,0.00854924,-0.00672669,0.0152759,29,0.0417143
2024-05-17 00:00:00+00:00,0.0148856,1.15381,1.01806,0.254096,-0.0077783,1.01846,0.000326008,0.000106014,2.51262e-05,4.88154e-05,0.0152181,0.0239715,-0.00875344,29,0.0435209
2024-05-18 00:00:00+00:00,0.000566159,1.15447,1.04916,0.250247,-0.0204617,0.708547,0.000226687,8.48922e-05,1.46759e-05,4.59674e-05,0.00090092,0.00185598,-0.000955061,29,0.0459148
2024-05-19 00:00:00+00:00,0.00224713,1.15706,0.852841,0.211966,-0.0317682,0.731479,0.000234086,9.34698e-05,1.55475e-05,-3.02134e-05,0.00263964,-0.00784968,0.0104893,29,0.0466826
2024-05-20 00:00:00+00:00,0.0226051,1.18322,0.737318,0.149199,-0.0329649,1.60613,0.000514181,0.000230433,7.57789e-05,2.06157e-06,0.0232565,0.0463933,-0.0231369,26.5833,0.0460495
2024-05-21 00:00:00+00:00,-0.0156822,1.16466,0.983252,0.179658,-0.0205233,0.940056,0.00030077,0.000146735,3.84051e-05,-1.91973e-05,-0.0152154,0.00180016,-0.0170156,27.1667,0.0487182
2024-05-22 00:00:00+00:00,-0.0244708,1.13616,0.929631,0.197276,-0.00482517,1.00638,0.000321865,0.000158149,2.95331e-05,1.41236e-06,-0.0241627,-0.0105933,-0.0135694,27.2083,0.0466458
2024-05-23 00:00:00+00:00,-0.00998041,1.12482,1.00659,0.213917,0.000522447,0.323836,0.000103529,4.40294e-05,1.19114e-05,-5.46241e-05,-0.00971878,-0.00818287,-0.00153592,28,0.0412108
2024-05-24 00:00:00+00:00,0.00187466,1.12693,1.0895,0.222785,0.00943278,0.136122,4.35421e-05,1.33194e-05,6.29023e-06,-7.09279e-05,0.00206059,-0.00344637,0.00550696,28,0.0379414
2024-05-25 00:00:00+00:00,-0.00920373,1.11656,1.12363,0.242308,0.00874274,0.115706,3.69845e-05,9.97781e-06,3.05349e-06,-1.26078e-06,-0.0091355,0.00407463,-0.0132101,28,0.035221
2024-05-26 00:00:00+00:00,-0.00076431,1.1157,0.959411,0.231397,0.0135652,0.185521,5.92104e-05,7.4013e-06,9.41349e-06,-3.85826e-05,-0.00062387,-0.00501514,0.00439127,28,0.0147359
2024-05-27 00:00:00+00:00,-0.0119845,1.10233,0.901244,0.217124,0.00865057,0.0992034,3.17346e-05,5.01908e-06,3.95437e-06,-1.82621e-06,-0.0119835,0.0088191,-0.0208026,26,0.0133976
2024-05-28 00:00:00+00:00,-0.00731171,1.09427,0.840615,0.204619,0.0149266,0.0544555,1.74128e-05,3.04335e-06,1.85069e-06,6.91673e-05,-0.00736533,-0.00891557,0.00155024,26,0.00966613
2024-05-29 00:00:00+00:00,-0.00194105,1.09215,0.773123,0.185439,0.00796169,0.0941208,3.01057e-05,4.41429e-06,1.80174e-06,-6.39399e-07,-0.0018875,-0.0049843,0.0030968,26,0.00379841
2024-05-30 00:00:00+00:00,0.000316593,1.09249,0.690075,0.17644,0.00492559,0.0568847,1.81949e-05,5.71988e-06,1.72021e-06,-2.77129e-05,0.000384775,-0.00190893,0.0022937,26,0.000622721
2024-05-31 00:00:00+00:00,-0.00295535,1.08927,0.658096,0.171046,0.000918769,0.0093756,2.99861e-06,3.74826e-07,2.62951e-07,-3.00157e-05,-0.0029179,-0.0018862,-0.0010317,26,0.00137934
2024-06-01 00:00:00+00:00,0.00153508,1.09094,0.656283,0.169044,-0.00120986,0,0,0,0,-7.66785e-05,0.00161328,0.00292742,-0.00131414,26,4.59844e-06
2024-06-02 00:00:00+00:00,0.00469489,1.09606,0.649169,0.173764,1.09184e-05,0.00247771,7.91726e-07,9.89657e-08,1.40911e-07,-4.45793e-05,0.00473528,-0.00321804,0.00795332,26,1.34626e-05
2024-06-03 00:00:00+00:00,0.00135685,1.09755,0.504889,0.1154,-0.0111104,0.146402,4.68327e-05,1.65989e-05,1.84215e-05,-3.2602e-05,0.00147635,0.00399278,-0.00251643,24,0.00316529
2024-06-04 00:00:00+00:00,0.00525934,1.10332,0.492105,0.106239,-0.00516922,0.0256189,8.20577e-06,1.86164e-06,8.15006e-07,-1.47602e-05,0.00527525,0.010723,-0.00544776,24,0.00406169
2024-06-05 00:00:00+00:00,0.00142789,1.1049,0.459699,0.0862508,-0.00626287,0.0393959,1.26131e-05,2.45772e-06,1.45253e-06,-5.32165e-06,0.00145424,0.00497605,-0.00352182,24,0.00420649
2024-06-06 00:00:00+00:00,0.00199186,1.1071,0.453537,0.0892769,0.000857169,0,0,0,0,-1.25752e-05,0.00200491,-0.0014482,0.00345311,24,0.00366236
2024-06-07 00:00:00+00:00,0.00730856,1.11519,0.43808,0.0998786,-0.00375683,0.0312943,1.0082e-05,1.26025e-06,2.56488e-06,1.22363e-05,0.00731828,-0.00888455,0.0162028,24.2083,0.00665012
2024-06-08 00:00:00+00:00,-0.000172377,1.11499,0.401275,0.131514,-0.00756174,0.0277126,8.86619e-06,1.10827e-06,1.78371e-06,1.08948e-06,-0.000157519,-0.00191183,0.00175431,25.625,0.011541
2024-06-09 00:00:00+00:00,0.000819953,1.11591,0.400313,0.132554,-0.00693859,0.00218549,6.99437e-07,8.74297e-08,7.25311e-08,-5.37897e-06,0.000827241,0.00163745,-0.000810208,26,0.0119126
2024-06-10 00:00:00+00:00,-0.000238955,1.11564,0.377772,0.120596,0.00260936,0.154777,4.95278e-05,7.98481e-06,1.46639e-05,-2.61454e-05,-0.00013682,-0.00567902,0.0055422,25,0.0149482
2024-06-11 00:00:00+00:00,-0.00140152,1.11408,0.393467,0.117692,0.00620814,0.0144896,4.63398e-06,5.79247e-07,5.30084e-07,-1.97408e-05,-0.00136905,-0.011381,0.0100119,25,0.0137393
2024-06-12 00:00:00+00:00,-0.00126803,1.11267,0.405273,0.112425,0.00680086,0.0110363,3.53161e-06,4.41451e-07,4.87539e-07,-2.03184e-05,-0.00124063,0.00528523,-0.00652586,25.1875,0.0106921
2024-06-13 00:00:00+00:00,0.00218837,1.1151,0.401721,0.109058,0.010147,0.0066553,2.13011e-06,2.66264e-07,4.47901e-07,-1.68183e-05,0.00220887,-0.00816965,0.0103785,26,0.0089588
2024-06-14 00:00:00+00:00,0.00310055,1.11856,0.400242,0.103898,0.00519248,0.0414387,1.32612e-05,1.65766e-06,2.18659e-06,-1.05977e-05,0.00312671,-0.0014199,0.00454661,26,0.0106204
2024-06-15 00:00:00+00:00,0.00166148,1.12042,0.417335,0.105878,0.00692901,0.0262065,8.38678e-06,1.04835e-06,1.14907e-06,-2.60448e-05,0.00169838,0.00383048,-0.0021321,26,0.0124324
2024-06-16 00:00:00+00:00,0.00194218,1.12259,0.422681,0.107943,0.00701194,0.00664341,2.12691e-06,2.65864e-07,2.34118e-07,-2.37461e-05,0.00196858,0.00426625,-0.00229767,26,0.0117897
2024-06-17 00:00:00+00:00,0.00828618,1.1319,0.405952,0.10429,0.00102391,0.0707196,2.26258e-05,2.82822e-06,3.92925e-06,-2.02855e-05,0.00831012,-0.00717636,0.0154865,24.4375,0.0129134
2024-06-18 00:00:00+00:00,0.00581547,1.13848,0.455167,0.0805427,-3.67142e-05,0.350984,0.000112327,1.40409e-05,1.61678e-05,1.60164e-05,0.00593844,-0.00422122,0.0101597,25.7708,0.0186366
2024-06-19 00:00:00+00:00,0.00469722,1.14383,0.647609,0.0366043,0.00212975,0.243014,7.77708e-05,1.12091e-05,1.26927e-05,9.27321e-05,0.00470348,0.00390906,0.000794417,26.2292,0.0243623
2024-06-20 00:00:00+00:00,0.00182125,1.14591,0.803256,0.0315373,-0.00125753,0.328655,0.00010518,1.36058e-05,1.95072e-05,0.000189018,0.00179004,0.00381894,-0.0020289,27,0.0267614
2024-06-21 00:00:00+00:00,-0.00110271,1.14464,0.942021,0.0535931,-0.00145235,0.157015,5.03037e-05,1.39519e-05,1.08995e-05,7.94328e-05,-0.00103347,-0.00307115,0.00203768,27.8542,0.0274821
2024-06-22 00:00:00+00:00,0.00957278,1.1556,0.984626,0.0864036,-0.000989198,0.15172,4.85697e-05,1.05904e-05,4.55447e-06,6.89619e-05,0.00955116,0.00366485,0.00588631,28,0.0274836
2024-06-23 00:00:00+00:00,-0.00441212,1.1505,1.05053,0.106962,-0.00711103,0.110442,3.53352e-05,8.06999e-06,3.07276e-06,1.02414e-05,-0.00437329,-0.0195716,0.0151983,28,0.0296254
2024-06-24 00:00:00+00:00,-0.00766415,1.14169,0.937005,0.131673,-0.0183116,0.424517,0.000135755,5.5335e-05,4.52947e-05,1.20666e-05,-0.00741378,-0.00187157,-0.0055422,27,0.0269924
2024-06-25 00:00:00+00:00,0.00211913,1.14411,0.946754,0.153886,0.0021611,0.124293,3.97789e-05,7.44967e-06,3.60882e-06,3.42265e-05,0.00215912,0.0145739,-0.0124147,27.3125,0.0243633
2024-06-26 00:00:00+00:00,0.00469839,1.14948,0.999408,0.169256,0.00586901,0.0803849,2.57251e-05,3.50344e-06,2.24732e-06,6.98837e-05,0.00466271,-0.00829242,0.0129551,28,0.0266238
2024-06-27 00:00:00+00:00,0.00764722,1.15827,1.08227,0.183948,0.0027082,0.156506,5.01441e-05,6.26801e-06,5.27104e-06,-1.3558e-05,0.00771858,0.0192799,-0.0115613,28,0.0280475
2024-06-28 00:00:00+00:00,9.67561e-05,1.15838,1.11647,0.190657,0.00464944,0.111694,3.57457e-05,5.44801e-06,4.74687e-06,7.97637e-05,8.05946e-05,-0.0236541,0.0237347,28,0.0285665
2024-06-29 00:00:00+00:00,-0.000287795,1.15805,1.10415,0.194552,0.00721616,0.022461,7.18603e-06,8.98254e-07,6.87751e-07,0.000211337,-0.000475805,-0.00142874,0.000952931,28,0.0281672
2024-06-30 00:00:00+00:00,0.00430751,1.16304,1.1306,0.191669,0.000792504,0.0593049,1.89945e-05,2.37431e-06,2.26004e-06,0.000114689,0.00422754,0.0211501,-0.0169225,28,0.0299837
2024-07-01 00:00:00+00:00,-0.00146839,1.16133,1.21334,0.15267,-0.0360809,0.266378,8.52746e-05,2.18268e-05,3.31192e-05,5.3396e-05,-0.0013527,-0.00634589,0.0049932,29.1875,0.0321509
2024-07-02 00:00:00+00:00,0.00896714,1.17174,1.18771,0.172948,-0.0312108,0.161253,5.16264e-05,1.49833e-05,6.89166e-06,8.77396e-05,0.00893796,0.00595929,0.00297867,29.9583,0.0336077
2024-07-03 00:00:00+00:00,0.0110972,1.18475,1.15388,0.184099,-0.00656353,0.339765,0.000108748,1.62572e-05,1.38037e-05,8.47649e-05,0.0111189,-0.0356025,0.0467214,30,0.0342573
2024-07-04 00:00:00+00:00,-0.0073142,1.17608,1.2432,0.118787,0.000332013,0.615245,0.000196787,5.6924e-05,2.63634e-05,2.81298e-05,-0.00697909,-0.0623327,0.0553536,30,0.0346191
2024-07-05 00:00:00+00:00,0.0211144,1.20091,1.15324,0.0303779,-0.0102481,0.93831,0.000300482,8.45862e-05,6.0394e-05,0.000167392,0.0212936,-0.00365961,0.0249532,29.9792,0.0363017
2024-07-06 00:00:00+00:00,-0.001839,1.19871,0.689381,0.0373058,-0.00513348,1.48806,0.000476135,0.000224937,7.75196e-05,0.000281332,-0.00130554,0.0277353,-0.0290409,27.8958,0.0392778
2024-07-07 00:00:00+00:00,0.00909779,1.20961,1.09113,0.18387,0.00254846,1.07789,0.000345002,0.000144638,5.16952e-05,6.42071e-07,0.00963114,-0.0401436,0.0497747,26.0833,0.0417571
2024-07-08 00:00:00+00:00,0.0106274,1.22247,1.08798,0.169117,-0.0126712,1.25861,0.000402701,0.000198416,0.000132332,2.45161e-05,0.0113441,0.0212841,-0.00993999,26.8958,0.0422693
2024-07-09 00:00:00+00:00,0.00306154,1.22621,1.22492,0.206394,-0.00619767,0.621856,0.000199024,5.10487e-05,2.55098e-05,3.02053e-05,0.00333342,0.0135862,-0.0102528,26.9583,0.042142
2024-07-10 00:00:00+00:00,-0.0191772,1.20269,1.18419,0.217322,-0.00840782,0.378992,0.000121221,2.47831e-05,1.50976e-05,1.36741e-05,-0.0191533,0.00742225,-0.0265756,27,0.0413439
2024-07-11 00:00:00+00:00,0.0198903,1.22662,1.1805,0.235992,-0.00684533,0.432051,0.000138267,4.18811e-05,2.1199e-05,-2.59889e-05,0.0200088,-0.00506275,0.0250715,28.1042,0.0382479
2024-07-12 00:00:00+00:00,-0.0127885,1.21093,1.31344,0.220126,-0.0148373,0.431403,0.000138025,3.28708e-05,1.66459e-05,8.90972e-06,-0.0126335,0.0165456,-0.0291791,29.7083,0.0413613
2024-07-13 00:00:00+00:00,0.0149222,1.229,1.32045,0.216486,-0.00526557,0.146949,4.70223e-05,5.87778e-06,6.57118e-06,-2.93721e-05,0.0149393,0.00876734,0.00617198,30,0.0405773
2024-07-14 00:00:00+00:00,0.001071,1.23031,1.26737,0.231767,0.00511761,0.152987,4.89345e-05,6.11681e-06,6.38412e-06,3.59129e-05,0.00114198,0.0211274,-0.0199854,30,0.0422573
2024-07-15 00:00:00+00:00,-0.00756631,1.22101,1.29918,0.24676,-0.0108399,0.297468,9.51441e-05,2.23341e-05,2.8409e-05,8.48001e-05,-0.00741906,0.0551705,-0.0625895,29.9792,0.0451912
2024-07-16 00:00:00+00:00,-0.0115654,1.20688,1.26896,0.257797,-0.014152,0.152018,4.86283e-05,2.43093e-05,7.84043e-06,3.38117e-05,-0.01152,-0.00278843,-0.00873158,30,0.0424403
2024-07-17 00:00:00+00:00,-0.0218208,1.18055,1.25352,0.270621,-0.00882435,0.0617712,1.967e-05,2.05932e-05,1.21187e-05,3.23407e-06,-0.0219083,-0.0162065,-0.00570186,30,0.0374127
2024-07-18 00:00:00+00:00,0.00863517,1.19074,1.21791,0.289001,-0.00068242,0.0684673,2.19052e-05,1.17813e-05,2.89545e-06,3.93256e-05,0.00865389,0.00436684,0.00428705,30,0.0321796
2024-07-19 00:00:00+00:00,0.00437517,1.19595,1.18196,0.275644,0.00340651,0.229133,7.33379e-05,4.09278e-05,9.73251e-06,2.8e-05,0.00450508,0.0289652,-0.0244601,30,0.0335925
2024-07-20 00:00:00+00:00,0.00735739,1.20475,1.20355,0.282854,0.00847802,0.0982271,3.1428e-05,5.8863e-06,3.8299e-06,7.68504e-05,0.00732901,0.00725964,6.93675e-05,29.9792,0.0354528
2024-07-21 00:00:00+00:00,0.0109609,1.21796,1.1753,0.259969,0.00525887,0.203331,6.51221e-05,1.81696e-05,1.03464e-05,4.34394e-05,0.0109926,0.0173967,-0.00640414,30,0.0361964
2024-07-22 00:00:00+00:00,0.0049031,1.22393,1.17468,0.232176,-0.0100862,0.344733,0.000110418,5.83035e-05,4.68807e-05,4.68671e-05,0.00509457,-0.0203189,0.0254135,28.8125,0.0372641
2024-07-23 00:00:00+00:00,0.00149744,1.22576,1.28211,0.242573,-0.0156268,0.312676,0.000100065,2.057e-05,1.66264e-05,3.52815e-05,0.00164395,-0.0145898,0.0162338,29,0.0383163
2024-07-24 00:00:00+00:00,0.00347308,1.23002,1.36272,0.27426,-0.00749673,0.200242,6.40686e-05,1.29471e-05,9.09832e-06,-0.000161234,0.00374984,-0.0135101,0.0172599,29.9375,0.0398558
2024-07-25 00:00:00+00:00,-0.00346618,1.22576,1.33249,0.278456,-4.81143e-05,0.447976,0.000143246,2.7725e-05,1.65553e-05,-1.7528e-05,-0.00318635,-0.0152807,0.0120943,30,0.0422765
2024-07-26 00:00:00+00:00,-0.00945997,1.21416,1.21063,0.267002,0.000943384,0.323764,0.000103494,1.5033e-05,7.25324e-06,-1.3217e-05,-0.00931245,0.0292769,-0.0385894,30,0.0402359
2024-07-27 00:00:00+00:00,0.00464637,1.2198,1.13745,0.259947,0.00641084,0.0948402,3.03568e-05,5.32212e-06,2.48548e-06,-3.45588e-06,0.00474036,0.000365981,0.00437438,30,0.0377214
2024-07-28 00:00:00+00:00,0.00944592,1.23132,1.09278,0.234705,0.00416982,0.112887,3.6126e-05,5.3827e-06,5.7935e-06,-3.93988e-05,0.00954211,0.000866437,0.00867568,30,0.0385497
2024-07-29 00:00:00+00:00,-0.00158545,1.22937,1.0735,0.180578,-0.0319418,0.284746,9.11326e-05,1.91458e-05,2.13711e-05,-0.00011387,-0.0012856,-0.00409396,0.00280837,30,0.0406811
2024-07-30 00:00:00+00:00,-0.00609802,1.22187,1.09075,0.19563,-0.027622,0.0513179,1.64093e-05,2.05116e-06,2.08975e-06,-0.000102189,-0.00595114,-0.00508875,-0.000862393,30,0.0381724
2024-07-31 00:00:00+00:00,0.00324988,1.22585,1.07241,0.211701,-0.0234086,0.053747,1.72034e-05,2.68314e-06,3.40925e-06,-5.42737e-05,0.0033513,-0.0162512,0.0196025,30,0.0379884
2024-08-01 00:00:00+00:00,0.0145756,1.24371,1.09469,0.206367,-0.0215036,0.284518,9.11003e-05,1.44694e-05,1.35638e-05,-0.000142394,0.0148369,-0.000799296,0.0156362,30,0.0399791
2024-08-02 00:00:00+00:00,-0.00812921,1.2336,1.19015,0.211389,-0.0188557,0.178837,5.71796e-05,2.17012e-05,1.15828e-05,-0.000130366,-0.00787726,-0.0498274,0.0419501,30,0.0429015
2024-08-03 00:00:00+00:00,0.0155843,1.25283,1.19577,0.205572,-0.00906179,0.159461,5.09923e-05,2.23974e-05,7.39508e-06,-0.000142835,0.0157428,-0.0250903,0.0408331,30,0.0393659
2024-08-04 00:00:00+00:00,-0.0157694,1.23307,1.1847,0.206335,-0.00607542,0.442189,0.000141461,1.78318e-05,1.99242e-05,-0.00021098,-0.0154157,-0.0399148,0.0244991,30,0.0400423
2024-08-05 00:00:00+00:00,0.00504107,1.23929,0.835313,0.105429,0.000392086,1.02521,0.000327639,9.64809e-05,9.93847e-05,-0.00031742,0.00604541,-0.0483182,0.0543636,30,0.0361377
2024-08-06 00:00:00+00:00,-0.0258047,1.20731,0.860983,0.117407,0.00337088,0.224365,7.1688e-05,8.961e-06,1.76591e-05,-0.000109536,-0.0258803,0.0210506,-0.0469308,30,0.0328749
2024-08-07 00:00:00+00:00,0.0076263,1.21652,0.858494,0.12833,0.00569428,0.0598954,1.91675e-05,2.39593e-06,4.79588e-06,3.18894e-05,0.00762385,-0.0141038,0.0217277,30,0.0287844
2024-08-08 00:00:00+00:00,0.011037,1.22994,0.867149,0.129203,0.00522364,0.0927384,2.96835e-05,3.71043e-06,5.65498e-06,-7.78011e-07,0.0111213,0.0614409,-0.0503196,30,0.029221
2024-08-09 00:00:00+00:00,-0.00179473,1.22773,0.896627,0.125993,0.00573617,0.143878,4.60261e-05,5.75326e-06,8.62076e-06,6.45477e-05,-0.00176609,-0.0113738,0.00960773,30,0.033276
2024-08-10 00:00:00+00:00,-0.00774807,1.21822,0.918834,0.12642,0.00232229,0.0612198,1.95804e-05,2.44755e-06,2.80615e-06,-7.79385e-05,-0.00765396,0.0029497,-0.0106037,30,0.0330094
2024-08-11 00:00:00+00:00,0.0157359,1.23739,0.899621,0.129101,0.00545447,0.0909649,2.91088e-05,3.6386e-06,3.6646e-06,1.32368e-05,0.0156577,-0.0217568,0.0374145,30,0.0320175
2024-08-12 00:00:00+00:00,-0.0162833,1.21724,0.925524,0.117954,-0.0089343,0.20558,6.57547e-05,1.24899e-05,2.28234e-05,-3.64093e-05,-0.016226,0.0214266,-0.0376526,30,0.0352835
2024-08-13 00:00:00+00:00,-0.000870848,1.21618,0.910239,0.120277,-0.0067999,0.0385376,1.23289e-05,3.45497e-06,2.64383e-06,3.33587e-05,-0.000846785,0.00321061,-0.00405739,30,0.0303883
2024-08-14 00:00:00+00:00,0.00279337,1.21958,0.902659,0.120926,-0.00634707,0.0463559,1.48217e-05,2.18809e-06,2.54347e-06,3.51944e-05,0.00280034,-0.00986601,0.0126663,30,0.0295452
2024-08-15 00:00:00+00:00,0.00856918,1.23003,0.894976,0.113364,-0.00918546,0.0696151,2.22673e-05,3.61217e-06,3.72562e-06,-3.35856e-05,0.00863844,-0.0104075,0.0190459,30,0.0311465
2024-08-16 00:00:00+00:00,0.00519299,1.23642,0.922603,0.106373,-0.0184407,0.127274,4.07105e-05,5.51767e-06,6.48917e-06,-1.97471e-05,0.00532034,0.00213544,0.0031849,30,0.0350934
2024-08-17 00:00:00+00:00,-0.00592796,1.22909,0.951526,0.11537,-0.0304128,0.0425742,1.35669e-05,1.69586e-06,6.86056e-06,-4.36377e-05,-0.00581357,0.00873354,-0.0145471,30,0.0389067
2024-08-18 00:00:00+00:00,-0.00380336,1.22441,0.94434,0.131756,-0.0214557,0.0278916,8.91156e-06,1.94526e-06,2.05191e-06,3.11712e-05,-0.0037911,-0.00505555,0.00126446,30,0.0367383
2024-08-19 00:00:00+00:00,0.00655006,1.23243,0.889556,0.112609,-0.0363256,0.312082,0.000100038,1.40282e-05,5.62264e-05,-2.42283e-05,0.0067456,0.00976886,-0.00302327,27.4583,0.0347168
2024-08-20 00:00:00+00:00,-0.00611296,1.2249,0.921655,0.125149,-0.0392649,0.089803,2.87332e-05,4.50801e-06,2.31363e-06,3.6298e-05,-0.00611028,-0.00254438,-0.0035659,28.9792,0.0351638
2024-08-21 00:00:00+00:00,0.000764693,1.22584,0.92382,0.142307,-0.0357732,0.0565825,1.80977e-05,2.2801e-06,1.52363e-06,5.46339e-05,0.000751413,0.0120686,-0.0113172,29,0.0316912
2024-08-22 00:00:00+00:00,-0.000507265,1.22522,0.89662,0.133833,-0.0460782,0.0297189,9.50153e-06,1.18769e-06,1.38449e-06,5.36375e-05,-0.000531121,0.000542392,-0.00107351,29,0.0309471
2024-08-23 00:00:00+00:00,-0.0158243,1.20583,0.901903,0.141712,-0.0485486,0.0806424,2.57517e-05,5.06975e-06,4.5422e-06,0.00010032,-0.0159579,0.0260192,-0.0419771,29,0.0281445
2024-08-24 00:00:00+00:00,-0.00707671,1.19729,0.898316,0.156156,-0.0293124,0.0813795,2.59884e-05,3.24855e-06,1.25163e-05,7.33848e-05,-0.0070942,-0.000765255,-0.00632894,29,0.0228395
2024-08-25 00:00:00+00:00,0.00803965,1.20692,0.806043,0.160199,-0.0288477,0.0430954,1.37792e-05,1.7224e-06,3.77923e-06,1.98989e-05,0.0080413,-0.00354137,0.0115827,29,0.0223478
2024-08-26 00:00:00+00:00,0.00805936,1.21665,0.758651,0.169718,-0.0221786,0.323171,0.000103321,4.90672e-05,6.60046e-05,-1.88804e-05,0.0082791,-0.0122306,0.0205097,26.375,0.0262199
2024-08-27 00:00:00+00:00,-0.0134384,1.2003,0.783853,0.178427,-0.0248289,0.0995725,3.18199e-05,4.19367e-06,3.59056e-06,-2.05474e-05,-0.0134349,-0.0298123,0.0163775,27.6458,0.0305028
2024-08-28 00:00:00+00:00,0.00814308,1.21007,0.809913,0.173067,-0.00773414,0.0109489,3.50132e-06,9.31933e-07,4.23571e-07,-4.13976e-05,0.00819096,0.00219592,0.00599505,28,0.0262795
2024-08-29 00:00:00+00:00,0.00436587,1.21535,0.801997,0.180028,-0.00733869,0.0265626,8.49887e-06,1.47873e-06,1.51121e-06,-6.58802e-05,0.0044434,-0.000656909,0.0051003,28,0.0268705
2024-08-30 00:00:00+00:00,-0.00250295,1.21231,0.801542,0.178453,-0.0114234,0.0871782,2.78954e-05,3.75397e-06,6.6731e-06,-1.35744e-05,-0.00243668,-0.00189004,-0.000546646,28,0.0303214
2024-08-31 00:00:00+00:00,0.000486106,1.2129,0.811761,0.184187,-0.0103198,0.0226742,7.25635e-06,1.72822e-06,9.82063e-07,-8.13412e-06,0.000512064,-0.00352191,0.00403397,28,0.0311663
2024-09-01 00:00:00+00:00,0.00196778,1.21529,0.803789,0.192233,-0.00409699,0.00669586,2.14116e-06,2.67645e-07,5.2048e-08,5.1097e-05,0.00193387,-0.0176633,0.0195972,28,0.0300898
2024-09-02 00:00:00+00:00,-0.00473024,1.20954,0.83102,0.182329,-0.018261,0.103785,3.32075e-05,3.64513e-05,8.86755e-06,-5.26185e-05,-0.00459316,0.0177775,-0.0223707,27.125,0.0303729
2024-09-03 00:00:00+00:00,0.000492794,1.21014,0.867801,0.182633,-0.0174577,0.0673422,2.15485e-05,5.04458e-06,3.47933e-06,-6.81721e-05,0.000600928,-0.0195288,0.0201297,28.0625,0.0297979
2024-09-04 00:00:00+00:00,-0.00316797,1.2063,0.925587,0.162887,-0.0109825,0.161262,5.15639e-05,8.65854e-06,8.9417e-06,0.000167398,-0.00324682,0.00707968,-0.0103265,29,0.0294535
2024-09-05 00:00:00+00:00,-0.00794838,1.19671,0.931399,0.158522,-0.00557758,0.00293508,9.38033e-07,1.17254e-07,9.52256e-09,-3.81292e-05,-0.00793008,-0.0152227,0.00729264,29,0.0273593
2024-09-06 00:00:00+00:00,-0.0120961,1.18224,0.914043,0.147567,-0.000158375,0.0220434,7.04718e-06,9.05577e-07,7.7631e-07,-1.88561e-05,-0.0120979,-0.0221705,0.0100726,29,0.0211279
2024-09-07 00:00:00+00:00,-0.00180332,1.18011,0.888195,0.135154,0.00324573,0.0302165,9.66352e-06,1.20794e-06,1.82094e-06,8.77902e-07,-0.00177911,0.00873565,-0.0105148,29,0.014426
2024-09-08 00:00:00+00:00,0.000678242,1.18091,0.887033,0.136098,0.00756262,0.0104696,3.35095e-06,4.18868e-07,5.99635e-07,5.71173e-06,0.00068591,0.00916525,-0.00847934,29,0.012355
2024-09-09 00:00:00+00:00,-0.000926479,1.17981,0.856519,0.1258,0.0129985,0.0765087,2.44971e-05,3.06213e-06,4.90907e-06,7.66261e-05,-0.000952198,0.0187041,-0.0196563,27.9792,0.0106345
2024-09-10 00:00:00+00:00,-0.00447637,1.17453,0.862459,0.114354,0.00898113,0.0234855,7.51354e-06,9.39193e-07,7.24914e-07,2.79954e-05,-0.00449138,0.00355768,-0.00804906,28,0.00832453
2024-09-11 00:00:00+00:00,0.010299,1.18663,0.799,0.128259,0.014757,0.027271,8.72696e-06,1.09087e-06,5.27804e-07,-4.46605e-05,0.0103161,-0.00450747,0.0148235,27.4792,0.00874014
2024-09-12 00:00:00+00:00,0.000296452,1.18698,0.776607,0.133896,0.00950399,0.00498013,1.59576e-06,1.9947e-07,1.66243e-07,-0.000190786,0.00050014,0.00757958,-0.00707944,27,0.0136291
2024-09-13 00:00:00+00:00,-7.85123e-05,1.18689,0.783446,0.131334,-0.00013182,0.0315859,1.01087e-05,2.71225e-06,1.04678e-06,-0.0001694,0.000116744,0.0121174,-0.0120006,27,0.0141939
2024-09-14 00:00:00+00:00,-0.00365117,1.18255,0.789966,0.133064,-0.00844333,0.00211086,6.75095e-07,8.43868e-08,6.01551e-08,-1.51935e-06,-0.00364763,-0.00450666,0.000859027,27,0.0153958
2024-09-15 00:00:00+00:00,0.00293902,1.18603,0.785959,0.134579,-0.015368,0,0,0,0,2.44176e-05,0.00291932,-0.00854542,0.0114647,27,0.0155524
2024-09-16 00:00:00+00:00,-8.17186e-05,1.18593,0.723461,0.157612,0.0168974,0.0482824,1.54463e-05,2.43443e-05,7.89975e-06,-4.47916e-05,2.30395e-05,-0.00500636,0.0050294,25.4167,0.0128784
2024-09-17 00:00:00+00:00,0.00497907,1.19184,0.72214,0.152032,0.0179154,0.014763,4.72503e-06,6.41589e-06,7.92361e-07,-3.04435e-07,0.00498594,0.0107465,-0.0057606,26,0.0116832
2024-09-18 00:00:00+00:00,-0.00437913,1.18662,0.718045,0.14732,0.00759827,0.00429218,1.37237e-06,8.39926e-07,1.31016e-07,4.59517e-05,-0.00442029,0.0088866,-0.0133069,26,0.0108655
2024-09-19 00:00:00+00:00,-0.00472518,1.18101,0.746382,0.156494,-0.00987934,0.0307193,9.81448e-06,2.37298e-06,1.69518e-06,4.77622e-05,-0.00474742,0.0129499,-0.0176974,26,0.00641163
2024-09-20 00:00:00+00:00,0.00151553,1.1828,0.740773,0.164633,-0.00907564,0.0197344,6.31242e-06,1.08926e-06,6.18228e-07,1.46773e-05,0.00152217,0.00719723,-0.00567505,26,0.00572891
2024-09-21 00:00:00+00:00,0.0039332,1.18745,0.732207,0.16865,-0.00933558,0.00647492,2.07121e-06,5.52903e-07,2.926e-07,1.00671e-05,0.00392546,0.00703394,-0.00310849,26,0.00686332
2024-09-22 00:00:00+00:00,0.00304825,1.19107,0.723279,0.172,-0.00957362,0.00466362,1.49237e-06,1.86546e-07,2.03229e-07,2.0273e-05,0.00303064,-0.00431361,0.00734424,26,0.0100444
2024-09-23 00:00:00+00:00,-0.00363567,1.18674,0.701125,0.144231,-0.00480627,0.0422165,1.35039e-05,5.77308e-06,2.18658e-06,-1.96123e-05,-0.00359364,0.0049956,-0.00858924,25.875,0.00725507
2024-09-24 00:00:00+00:00,-0.00526914,1.18049,0.70254,0.14759,-0.00695869,0.0151412,4.84594e-06,1.68865e-06,6.16028e-07,3.16091e-05,-0.0052979,0.0071248,-0.0124227,26,0.00511087
2024-09-25 00:00:00+00:00,-0.011554,1.16685,0.673416,0.146955,-0.00690941,0.0567448,1.8125e-05,4.27334e-06,3.24194e-06,3.53503e-05,-0.0116133,-0.0102226,-0.00139074,26,0.00106835
2024-09-26 00:00:00+00:00,-0.00319861,1.16312,0.644738,0.148382,-0.0038592,0.061969,1.98083e-05,2.47604e-06,3.02869e-06,-2.76677e-05,-0.00314047,0.0116622,-0.0148026,26,0
2024-09-27 00:00:00+00:00,-0.00778707,1.15406,0.619499,0.139904,-0.00271913,0.034318,1.09728e-05,1.37161e-06,1.81298e-06,-5.93219e-05,-0.00773516,0.00563204,-0.0133672,26,0
2024-09-28 00:00:00+00:00,0.000257022,1.15436,0.59443,0.133641,-0.00679416,0.0130574,4.17789e-06,5.22236e-07,3.76271e-07,-5.40314e-06,0.000276183,-0.00127426,0.00155044,26,0
2024-09-29 00:00:00+00:00,0.00117783,1.15572,0.582333,0.140469,-0.0115455,0.0133112,4.25427e-06,5.31783e-07,7.32765e-07,-1.81061e-05,0.00120847,-0.000761943,0.00197042,26,0
2024-09-30 00:00:00+00:00,-0.00219581,1.15318,0.467586,0.142218,0.0053904,0.102079,3.26671e-05,1.43112e-05,6.25909e-06,-4.15322e-05,-0.00209825,-0.0109559,0.00885768,24,0
2024-10-01 00:00:00+00:00,-0.00173615,1.15118,0.44598,0.129911,0.00424205,0.0299862,9.59061e-06,1.31542e-06,1.2491e-07,-6.15921e-05,-0.00165794,-0.0131542,0.0114962,24,0
2024-10-02 00:00:00+00:00,-0.000474251,1.15063,0.400238,0.106373,-0.000378481,0.00518865,1.65988e-06,2.07485e-07,1.36912e-08,-6.38116e-05,-0.000404098,-0.00520806,0.00480397,24,0
2024-10-03 00:00:00+00:00,0.0010851,1.15188,0.380906,0.0999316,0.00274386,0.00558878,1.78952e-06,2.23691e-07,1.48406e-08,-8.58194e-05,0.00117525,-0.00129969,0.00247494,24,0
2024-10-04 00:00:00+00:00,-0.00276257,1.1487,0.384986,0.0968979,0.000119109,0.0021843,6.98774e-07,8.73468e-08,1.57797e-07,-8.05076e-05,-0.00268208,0.00644829,-0.00913037,24,0
2024-10-05 00:00:00+00:00,0.00220719,1.15123,0.389381,0.0976355,0.00026863,0,0,0,0,-1.89665e-05,0.00222511,0.00019276,0.00203235,24,0
2024-10-06 00:00:00+00:00,-0.00387725,1.14677,0.392481,0.0977115,-0.00315703,0.00212262,6.79014e-07,8.48768e-08,5.49579e-08,-7.55857e-06,-0.00387385,0.00366017,-0.00753402,24,0
2024-10-07 00:00:00+00:00,-0.000805693,1.14584,0.384837,0.103353,0.00315952,0.0183809,5.88192e-06,5.11674e-06,9.45359e-07,4.75792e-06,-0.000796162,-0.00227245,0.00147629,22,0
2024-10-08 00:00:00+00:00,0.00443798,1.15093,0.37616,0.104799,0.0114358,0,0,0,0,4.61787e-06,0.00442568,0.00160404,0.00282164,22,0
2024-10-09 00:00:00+00:00,-0.00062906,1.15021,0.370999,0.106766,0.0108751,0,0,0,0,2.77459e-05,-0.000652807,-0.00593629,0.00528349,22,0
2024-10-10 00:00:00+00:00,-0.0014333,1.14856,0.363155,0.105674,0.0106838,0,0,0,0,4.88619e-06,-0.00143544,-0.000562682,-0.00087276,22,0
2024-10-11 00:00:00+00:00,-0.00175764,1.14654,0.372896,0.104044,0.00713543,0,0,0,0,2.39585e-05,-0.00178113,0.00718276,-0.00896388,22,0
2024-10-12 00:00:00+00:00,-0.00206229,1.14417,0.385857,0.101563,0.00165792,0,0,0,0,2.9816e-05,-0.00209178,0.00253508,-0.00462686,22,0
2024-10-13 00:00:00+00:00,-0.00104593,1.14298,0.386256,0.100881,-5.13082e-05,0,0,0,0,3.9788e-05,-0.00108404,-0.000552754,-0.000531288,22,0
2024-10-14 00:00:00+00:00,0.00320014,1.14663,0.397856,0.105528,0.00386236,0.00442032,1.41431e-06,5.98843e-07,3.22299e-07,-0.000173254,0.00337661,0.0127314,-0.0093548,21,0
2024-10-15 00:00:00+00:00,0.00608316,1.15361,0.386644,0.100913,0.00468523,0.034751,1.11219e-05,1.51766e-06,4.43018e-07,-6.12357e-05,0.00614592,7.17358e-05,0.00607418,21,0
2024-10-16 00:00:00+00:00,0.00341152,1.15755,0.35951,0.0888653,0.00196808,0,0,0,0,-1.16423e-05,0.00342063,0.000861622,0.00255901,21,0
2024-10-17 00:00:00+00:00,0.00192386,1.15977,0.355235,0.0905284,0.00224914,0,0,0,0,-1.13528e-05,0.00193569,-0.00186573,0.00380142,21,0.00118756
2024-10-18 00:00:00+00:00,-0.00320231,1.15606,0.360308,0.0895551,-0.00122375,0,0,0,0,1.15038e-05,-0.00321674,0.00334443,-0.00656116,21,0.00325291
2024-10-19 00:00:00+00:00,0.000670554,1.15683,0.362399,0.0894989,-0.00308993,0.00221611,7.0922e-07,8.86525e-08,8.07689e-08,1.0604e-05,0.000661768,0.000744067,-8.22986e-05,21,0.00263849
2024-10-20 00:00:00+00:00,0.0033842,1.16075,0.36264,0.0920624,-0.00267885,0,0,0,0,4.85737e-06,0.00337534,0.00582702,-0.00245168,21,0.00682296
2024-10-21 00:00:00+00:00,0.00192806,1.16299,0.363302,0.094738,-0.00158252,0.0442541,1.41636e-05,1.77045e-06,4.1627e-06,-1.3448e-05,0.00196158,-0.0049459,0.00690748,22.3333,0.0119749
2024-10-22 00:00:00+00:00,-0.00107645,1.16173,0.372934,0.0891823,-0.00414239,0.0123474,3.95013e-06,4.9878e-07,4.18162e-07,-1.77711e-06,-0.00106744,-0.00136756,0.000300121,23.875,0.0130513
2024-10-23 00:00:00+00:00,8.84147e-05,1.16184,0.369942,0.0858767,-0.00478786,0.00690437,2.20894e-06,2.76117e-07,4.08809e-07,-1.40999e-05,0.00010813,-0.00323414,0.00334227,24,0.0120198
2024-10-24 00:00:00+00:00,0.00168678,1.1638,0.379854,0.0813015,-0.00923323,0.00217656,6.96627e-07,8.70784e-08,1.66884e-07,1.59244e-05,0.00167287,0.00415388,-0.00248101,24,0.0125792
2024-10-25 00:00:00+00:00,0.00529589,1.16996,0.388469,0.0876884,-0.00757681,0.0750494,2.40891e-05,3.50853e-06,3.52437e-06,-5.91187e-06,0.00533581,-0.0100591,0.0153949,24.0208,0.0166627
2024-10-26 00:00:00+00:00,0.000889976,1.171,0.458461,0.127106,-0.0032559,0.0746988,2.38985e-05,5.87283e-06,2.07417e-06,-4.22845e-05,0.000974503,0.00515525,-0.00418075,25,0.0203284
2024-10-27 00:00:00+00:00,-0.000789332,1.17008,0.530231,0.16456,-0.0017649,0.0383748,1.22825e-05,2.74302e-06,8.5584e-07,-4.55751e-05,-0.00072306,0.00533516,-0.00605822,25,0.0247033
2024-10-28 00:00:00+00:00,0.0093131,1.18097,0.552959,0.166404,-0.00527965,0.111305,3.55939e-05,1.97004e-05,6.06407e-06,-3.66524e-05,0.00938483,0.00790718,0.00147765,23,0.027473
2024-10-29 00:00:00+00:00,0.00110275,1.18228,0.672266,0.199399,-0.00325338,0.102183,3.27043e-05,1.27469e-05,2.65015e-06,1.25415e-05,0.00115528,0.0117124,-0.0105571,24.5208,0.0321444
2024-10-30 00:00:00+00:00,0.00381248,1.18678,0.739228,0.215442,0.00113541,0.159772,5.11401e-05,1.66498e-05,6.31064e-06,3.64816e-05,0.00386315,-0.00323568,0.00709883,25.6875,0.0323365
2024-10-31 00:00:00+00:00,-0.0112478,1.17344,0.845582,0.223575,-0.000883101,0.148465,4.75052e-05,7.28375e-06,5.95781e-06,3.8443e-05,-0.0112577,-0.0222083,0.0109506,27.1667,0.0332277
2024-11-01 00:00:00+00:00,0.00508699,1.1794,0.888815,0.217001,0.0107882,0.0398227,1.27361e-05,6.37424e-06,2.04636e-06,-2.90729e-05,0.00515332,-0.00569111,0.0108444,28,0.0288202
2024-11-02 00:00:00+00:00,0.00191947,1.18167,0.883882,0.205556,0.0112796,0.00434053,1.39014e-06,8.19786e-07,3.39745e-07,-3.81882e-05,0.00197566,-0.00518504,0.0071607,28.4792,0.0294704
2024-11-03 00:00:00+00:00,0.00832971,1.19151,0.866559,0.221477,0.00114929,0.105742,3.38591e-05,1.38765e-05,4.01206e-06,-2.74927e-05,0.00842951,-0.0102059,0.0186354,29,0.0318877
2024-11-04 00:00:00+00:00,0.00173552,1.19358,0.92659,0.253883,0.00484424,0.114799,3.67244e-05,5.58835e-06,4.74291e-06,-4.22089e-05,0.00185595,-0.0134218,0.0152777,29,0.0374409
2024-11-05 00:00:00+00:00,-0.00108119,1.19229,0.975088,0.256813,0.00707305,0.0478158,1.52737e-05,2.938e-06,1.88694e-06,-1.96301e-05,-0.00100663,0.0220809,-0.0230876,29,0.036606
2024-11-06 00:00:00+00:00,0.00482135,1.19804,1.06968,0.240354,0.0101581,0.183171,5.86221e-05,8.10125e-06,1.00056e-05,-6.09367e-06,0.00496185,0.0663651,-0.0614033,29.875,0.038007
2024-11-07 00:00:00+00:00,0.0273146,1.23076,1.13264,0.255384,0.0124522,0.166122,5.31849e-05,9.13042e-06,8.07381e-06,-3.09458e-05,0.0271561,0.0223738,0.00478229,30,0.0400792
2024-11-08 00:00:00+00:00,0.020345,1.2558,1.17808,0.274248,0.0111605,0.189009,6.05376e-05,1.37969e-05,1.20551e-05,-6.72825e-06,0.0202873,0.00906126,0.011226,30,0.045449
2024-11-09 00:00:00+00:00,0.00228293,1.25867,1.22604,0.280292,0.000723149,0.33632,0.000107551,1.93155e-05,1.7927e-05,0.000116665,0.00241171,0.0329106,-0.0304988,30,0.051287
2024-11-10 00:00:00+00:00,0.023824,1.28865,1.01018,0.23682,-0.00385803,0.537693,0.000172082,4.51942e-05,2.90317e-05,0.000119964,0.0238785,0.0382006,-0.0143221,30,0.0508156
2024-11-11 00:00:00+00:00,0.0347687,1.33346,0.929283,0.256024,-0.00703473,0.827598,0.000264969,0.000173221,8.68596e-05,0.000114111,0.0346894,0.0492339,-0.0145445,29.9792,0.05362
2024-11-12 00:00:00+00:00,0.00655664,1.3422,0.840599,0.20986,-0.0123631,0.519164,0.000166176,0.000104654,3.42508e-05,-4.85278e-05,0.00703993,-0.012523,0.0195629,30,0.0585046
2024-11-13 00:00:00+00:00,-0.00282817,1.33841,0.751287,0.185662,-0.0150049,0.520888,0.000166953,0.000163273,4.10407e-05,0.000130471,-0.00242166,0.00557786,-0.00799952,29.875,0.0606574
2024-11-14 00:00:00+00:00,0.00212136,1.34125,0.745557,0.19999,-2.65366e-05,0.374902,0.000119961,0.000108679,2.74334e-05,0.000227163,0.00227383,-0.0155212,0.017795,30,0.0577781
2024-11-15 00:00:00+00:00,0.00606517,1.34938,0.882613,0.220399,-0.00173575,0.485049,0.000155253,0.000136071,3.27098e-05,8.96237e-05,0.00632333,0.0219909,-0.0156676,30,0.0566203
2024-11-16 00:00:00+00:00,0.00790637,1.36005,0.977479,0.25219,-1.09403e-05,0.250126,8.0079e-05,5.1501e-05,1.19116e-05,0.00019359,0.00786282,0.0120824,-0.00421954,30,0.0581125
2024-11-17 00:00:00+00:00,0.0115064,1.3757,1.00727,0.262121,0.00174551,0.205018,6.56131e-05,4.7752e-05,7.33918e-06,0.000163827,0.0114443,0.00258732,0.00885693,30,0.059284
2024-11-18 00:00:00+00:00,0.00656349,1.38473,1.00979,0.266192,-0.0118155,0.519443,0.000166395,9.7362e-05,8.11026e-05,0.00014891,0.0067802,0.00837136,-0.00159116,28,0.060432
2024-11-19 00:00:00+00:00,-0.000859689,1.38354,0.96929,0.256525,-0.0112992,0.578631,0.000184485,0.000148471,3.44573e-05,-4.95414e-06,-0.000321383,-0.00369246,0.00337108,28.125,0.0615253
2024-11-20 00:00:00+00:00,0.0244345,1.41734,1.02777,0.252521,-0.0121134,0.294105,9.41506e-05,3.7107e-05,9.96423e-06,-4.71871e-05,0.0243786,-0.00379228,0.0281708,29,0.0642253
2024-11-21 00:00:00+00:00,0.0217452,1.44816,1.0399,0.227744,-0.0198693,0.944976,0.000302595,0.000200961,4.72528e-05,-5.79214e-05,0.0222121,0.0406037,-0.0183916,29,0.0713109
2024-11-22 00:00:00+00:00,0.0242005,1.48321,0.990853,0.178298,-0.0190296,1.40398,0.000449707,0.000481573,7.49757e-05,9.74803e-05,0.0248967,0.0211241,0.00377255,29.75,0.109813
2024-11-23 00:00:00+00:00,-0.019989,1.45356,0.771779,0.136116,-0.00703889,1.23243,0.000394322,0.000528862,4.69264e-05,0.000108662,-0.0192628,0.00512883,-0.0243917,28.7083,0.110599
2024-11-24 00:00:00+00:00,-0.012614,1.43523,0.808759,0.168701,0.000838094,0.88488,0.000283098,0.000401641,3.6092e-05,7.94709e-05,-0.0119796,0.00211479,-0.0140944,25.125,0.103975
2024-11-25 00:00:00+00:00,-0.00873457,1.42269,0.843493,0.154209,0.00266005,1.74215,0.000557041,0.00079559,0.000186638,2.23149e-05,-0.00719815,-0.0198479,0.0126498,28.8333,0.099001
2024-11-26 00:00:00+00:00,0.010178,1.43717,0.856225,0.136769,0.0084448,1.27294,0.000407455,0.000398893,3.88582e-05,-6.3878e-05,0.0110813,-0.00318875,0.01427,27.6458,0.0931537
2024-11-27 00:00:00+00:00,0.0129504,1.45578,0.821121,0.11882,0.0045254,0.920061,0.000294537,0.000352909,2.97538e-05,9.86495e-05,0.0134854,0.0281991,-0.0147137,25.2917,0.0920649
2024-11-28 00:00:00+00:00,-0.00900668,1.44267,0.900482,0.151922,0.00971478,0.969379,0.000310122,0.000351413,3.09629e-05,0.000139571,-0.0084288,-5.62636e-06,-0.00842317,22.6667,0.0938116
2024-11-29 00:00:00+00:00,0.0046477,1.44938,0.711464,0.132475,-4.08472e-05,0.907261,0.000290324,0.000311264,2.45927e-05,0.000206503,0.0051429,0.0154953,-0.0103524,22.4375,0.0913948
2024-11-30 00:00:00+00:00,0.00411804,1.45535,0.714622,0.168416,0.00499006,0.90613,0.000289957,0.00027227,2.08571e-05,0.000215742,0.00451135,0.00359102,0.000920331,23.2917,0.0909236
2024-12-01 00:00:00+00:00,0.00166511,1.45777,0.86375,0.222025,-0.00418924,1.09704,0.000351043,0.000277717,3.30191e-05,0.000112763,0.00232435,0.0122414,-0.00991704,24.625,0.0883126
2024-12-02 00:00:00+00:00,0.00305437,1.46222,0.891538,0.194261,-0.0073118,1.16467,0.000372817,0.0003198,0.000109448,-7.42669e-05,0.00403424,0.00464588,-0.000611636,26.875,0.0869224
2024-12-03 00:00:00+00:00,0.00652529,1.47176,0.881017,0.181244,-0.00268868,0.882278,0.000282374,0.000241089,4.6282e-05,0.00018235,0.00696118,0.00998558,-0.0030244,29.8125,0.0853593
2024-12-04 00:00:00+00:00,0.0127895,1.49059,0.791825,0.148956,0.00422302,0.605135,0.000193813,0.000147449,2.87751e-05,0.000268655,0.0129119,0.012259,0.000652897,30,0.0852385
2024-12-05 00:00:00+00:00,-0.00425211,1.48425,0.830491,0.151984,0.00689547,0.728157,0.000233007,0.000193063,3.81566e-05,0.000199432,-0.00391291,0.00476012,-0.00867304,29.9167,0.0882436
2024-12-06 00:00:00+00:00,0.00767775,1.49564,0.829453,0.142781,0.0121469,0.693663,0.000222035,0.000169877,3.18455e-05,0.000187063,0.00792112,0.0205464,-0.0126253,30,0.0869594
2024-12-07 00:00:00+00:00,-0.0131203,1.47602,0.900571,0.156716,0.00723366,0.707626,0.000226318,0.000100496,2.58471e-05,0.00026849,-0.0130269,0.00731817,-0.0203451,30,0.0859769
2024-12-08 00:00:00+00:00,0.00587186,1.48469,0.854901,0.152915,-0.000595761,0.810659,0.000259463,0.000170017,1.77097e-05,0.000257708,0.00608275,0.0014351,0.00464765,29.9583,0.0808729
2024-12-09 00:00:00+00:00,-0.00356567,1.47939,0.799112,0.163468,0.0120304,1.13553,0.000363309,0.000205089,7.61235e-05,-1.60849e-05,-0.00281755,-0.0510033,0.0481858,22.9167,0.0809083
2024-12-10 00:00:00+00:00,0.0259284,1.51775,0.682081,0.133974,0.00617954,1.1899,0.000380977,0.000105435,4.56729e-05,-6.54412e-05,0.0262382,0.00441075,0.0218275,27.9167,0.0840672
2024-12-11 00:00:00+00:00,0.00233794,1.5213,0.846033,0.144916,0.00677036,1.24614,0.000398811,0.000102633,4.03958e-05,-4.20751e-05,0.00294468,0.0325339,-0.0295892,29.9375,0.0894115
2024-12-12 00:00:00+00:00,0.00624366,1.5308,0.885607,0.155679,0.00783281,1.13865,0.000364443,0.000128803,3.13434e-05,-4.6578e-05,0.00683161,0.00431392,0.00251769,29.3542,0.0904009
2024-12-13 00:00:00+00:00,-0.00176429,1.5281,1.17902,0.171228,0.00587574,0.817317,0.000261502,7.05868e-05,2.81924e-05,-3.7885e-05,-0.00132658,0.011513,-0.0128396,29,0.0914787
2024-12-14 00:00:00+00:00,-0.000834384,1.52682,1.1927,0.166572,0.00458092,0.579348,0.000185345,7.28182e-05,1.79991e-05,-0.000437915,-9.36934e-05,-0.0192155,0.0191219,29,0.0911559
2024-12-15 00:00:00+00:00,0.00918957,1.54085,1.18528,0.167206,0.00378599,0.790827,0.000253057,0.000106694,2.60673e-05,1.8415e-06,0.0095894,0.0240529,-0.0144636,29,0.0928138
2024-12-16 00:00:00+00:00,0.0198938,1.57151,1.11457,0.129887,-0.0280667,1.39764,0.000447426,0.000235633,0.000106829,-0.000118364,0.0206708,-0.00240509,0.0230758,29,0.0956762
2024-12-17 00:00:00+00:00,0.0114512,1.5895,1.09975,0.112794,-0.0305936,0.98752,0.0003161,0.000329312,3.2714e-05,-1.31964e-05,0.0121229,-0.00653425,0.0186571,28.6667,0.100097
2024-12-18 00:00:00+00:00,0.00469311,1.59696,1.14462,0.120507,-0.0158364,1.55295,0.000497041,0.000320959,5.61559e-05,9.37933e-06,0.00560276,-0.0549707,0.0605735,28.5833,0.100605
2024-12-19 00:00:00+00:00,0.000788543,1.59822,1.24854,0.0980456,-0.00897316,1.22856,0.000393122,8.9366e-05,5.64595e-05,-0.000134856,0.00154349,-0.0490581,0.0506016,29.3333,0.100658
2024-12-20 00:00:00+00:00,-0.0161505,1.57241,1.04245,0.0824777,0.00181789,1.28718,0.000411734,7.52389e-05,6.89249e-05,-0.000432616,-0.0152215,0.0127102,-0.0279318,30,0.0978974
2024-12-21 00:00:00+00:00,0.00812183,1.58518,0.991814,0.10332,0.00194791,0.767019,0.000245504,3.0688e-05,3.77707e-05,-0.000106981,0.00855983,-0.0193428,0.0279027,30,0.0941026
2024-12-22 00:00:00+00:00,-0.00816571,1.57224,1.17288,0.134715,0.00322434,0.828191,0.000265004,3.31254e-05,3.65905e-05,-0.000258207,-0.00758452,-0.00340116,-0.00418336,30,0.0923092
2024-12-23 00:00:00+00:00,-0.0113704,1.55436,1.04795,0.103043,-0.0166112,1.49996,0.000480082,6.30922e-05,0.000106201,-6.62623e-05,-0.0106865,0.0282486,-0.0389352,28.6667,0.0885366
2024-12-24 00:00:00+00:00,0.000605364,1.5553,0.982951,0.130047,-0.0161666,1.14245,0.0003656,4.57e-05,3.65899e-05,-4.93471e-06,0.00109306,0.0142702,-0.0131771,26.4375,0.0869416
2024-12-25 00:00:00+00:00,0.0112248,1.57276,0.820136,0.113436,-0.00701413,0.611303,0.000195674,2.45001e-05,1.3696e-05,3.19719e-05,0.011382,-0.00124192,0.012624,23.5208,0.0872098
2024-12-26 00:00:00+00:00,0.00760445,1.58472,0.9157,0.110036,1.68132e-06,0.889901,0.000284814,3.56096e-05,2.18824e-05,7.48028e-05,0.00786167,-0.0246899,0.0325516,23.5417,0.0935497
2024-12-27 00:00:00+00:00,0.00213255,1.5881,0.858317,0.0804718,-0.00796644,1.56932,0.000502224,0.000133912,5.61312e-05,5.31026e-05,0.00278546,-0.00166027,0.00444573,26.2917,0.0969691
2024-12-28 00:00:00+00:00,0.000486239,1.58887,1.05478,0.105163,-0.00558755,1.27961,0.000409503,6.33063e-05,3.35643e-05,4.57958e-05,0.0009755,0.0202039,-0.0192284,27.7708,0.0990253
2024-12-29 00:00:00+00:00,0.00304475,1.59371,0.894542,0.133603,-0.00134689,0.753106,0.000240994,5.41572e-05,1.33323e-05,1.08728e-05,0.00334649,-0.016735,0.0200815,24.7708,0.0993019
2024-12-30 00:00:00+00:00,0.0037983,1.59976,0.940294,0.124267,0.0152977,1.54575,0.000494603,0.000190564,7.40704e-05,-0.000195142,0.00477508,1.38944e-05,0.00476118,23.7708,0.098184
2024-12-31 00:00:00+00:00,0.00136641,1.60195,0.980807,0.121847,0.00405704,0.998022,0.000319461,0.000102688,2.74095e-05,5.30801e-05,0.00179375,-0.00160018,0.00339393,25.4375,0.0989175
2025-01-01 00:00:00+00:00,0.000631487,1.60296,1.12691,0.132631,0.00290412,1.15015,0.000368033,9.522e-05,2.96223e-05,-2.63225e-05,0.00119235,0.0302141,-0.0290218,25.1042,0.0979687
2025-01-02 00:00:00+00:00,-0.00651576,1.59251,1.02343,0.143894,0.00509903,0.986272,0.000315567,0.000105406,2.71226e-05,4.68343e-05,-0.00611384,0.017994,-0.0241079,25.1667,0.0965688
2025-01-03 00:00:00+00:00,0.00689613,1.6035,0.959405,0.155347,0.0102615,1.12133,0.000358918,0.000102244,3.88576e-05,-0.000114456,0.00751862,0.0393537,-0.031835,24.5417,0.0947614
2025-01-04 00:00:00+00:00,0.00761498,1.61571,0.878124,0.161241,-0.00372519,0.873102,0.00027944,7.26292e-05,2.33057e-05,6.3786e-05,0.00791399,0.00108152,0.00683247,24.7083,0.0930029
2025-01-05 00:00:00+00:00,-0.0024959,1.61167,0.874533,0.149555,-0.00744987,0.777543,0.000248803,4.79267e-05,1.60703e-05,3.28762e-05,-0.00221142,-0.0042537,0.00204229,24.2917,0.09438
2025-01-06 00:00:00+00:00,0.0036513,1.61756,1.05257,0.124568,-0.0261794,1.39456,0.0004464,0.000168305,8.18828e-05,8.54532e-05,0.00428244,0.00841966,-0.00413722,26.4375,0.0945712
2025-01-07 00:00:00+00:00,0.0100006,1.63373,1.10868,0.134846,-0.0250854,1.08603,0.000347655,9.76425e-05,2.95701e-05,0.000279528,0.0102004,-0.0463414,0.0565418,24.1458,0.0967521
2025-01-08 00:00:00+00:00,0.0152153,1.65859,1.25584,0.166898,-0.000638257,1.38239,0.000442542,0.000153023,5.5583e-05,4.68267e-05,0.0157438,-0.0148615,0.0306053,25.0625,0.0973775
2025-01-09 00:00:00+00:00,-0.00272015,1.65408,1.18813,0.142996,0.00902284,1.32648,0.000424477,0.000148959,6.10563e-05,4.32411e-05,-0.00211389,-0.0307678,0.0286539,25.375,0.100121
2025-01-10 00:00:00+00:00,0.00827514,1.66777,1.30675,0.14508,0.00260818,1.60905,0.000515026,0.000144409,7.61312e-05,5.36465e-05,0.0089556,0.0238853,-0.0149297,25.6458,0.097749
2025-01-11 00:00:00+00:00,0.00649998,1.67861,1.14948,0.135055,0.00588374,1.08902,0.00034855,8.41252e-05,3.7627e-05,0.000319682,0.00665986,0.0112782,-0.00461831,26.5417,0.0969739
2025-01-12 00:00:00+00:00,0.00377805,1.68495,1.13434,0.150167,-0.00080631,0.872333,0.000279175,8.05607e-05,2.75134e-05,0.00016624,0.00400294,-0.011169,0.0151719,23.5417,0.0961389
2025-01-13 00:00:00+00:00,0.00726729,1.6972,0.797974,0.112798,-0.00456018,1.74902,0.000559584,0.000124167,0.000112964,0.000226229,0.00786477,0.000705896,0.00715887,26.3333,0.0981348
2025-01-14 00:00:00+00:00,-0.0014245,1.69478,0.810884,0.138763,-0.00474412,0.896397,0.000286843,9.13505e-05,3.64366e-05,0.000375725,-0.00136829,0.0137683,-0.0151366,27.4583,0.100461
2025-01-15 00:00:00+00:00,0.00308927,1.70001,0.721093,0.117994,-0.00689504,0.841429,0.00026929,7.84369e-05,3.57352e-05,0.000221416,0.00328556,0.0330917,-0.0298062,25.0417,0.099584
2025-01-16 00:00:00+00:00,-0.000574562,1.69904,0.567398,0.0898418,-0.00316487,0.591071,0.000189158,7.61428e-05,2.18616e-05,0.000202381,-0.000474566,-0.00580502,0.00533045,24.5625,0.0981384
2025-01-17 00:00:00+00:00,0.00853834,1.71354,0.587661,0.0822384,-0.00166064,0.496856,0.000159023,9.38261e-05,1.48035e-05,0.000405845,0.00838837,0.0174973,-0.00910894,23.2708,0.0972599
2025-01-18 00:00:00+00:00,0.0256906,1.75757,0.65488,0.0963197,-0.00186867,0.867802,0.000277898,7.70507e-05,3.08686e-05,0.000727636,0.0250604,-0.0130146,0.0380749,27.8333,0.10042
2025-01-19 00:00:00+00:00,-0.0146836,1.73176,0.787951,0.135287,-0.00271855,0.964681,0.000308567,0.000146843,5.15049e-05,-9.78673e-05,-0.0141173,-0.0404247,0.0263074,27.5208,0.104035
2025-01-20 00:00:00+00:00,0.00589194,1.74196,0.821271,0.117716,-0.00217791,0.901283,0.000288717,0.00031639,0.000176704,-2.07637e-06,0.00675565,0.000436593,0.00631905,29.6042,0.104002
2025-01-21 00:00:00+00:00,-0.000132297,1.74173,0.841954,0.148313,-0.0110363,0.646985,0.000207035,0.00028039,4.93759e-05,-6.89822e-05,0.000515004,0.0150277,-0.0145127,30,0.0980539
2025-01-22 00:00:00+00:00,-0.00493553,1.73314,0.792868,0.164803,-0.00988649,0.336413,0.000107626,0.00014336,2.07884e-05,-5.73052e-06,-0.00459753,-0.00383044,-0.000767095,30,0.0950634
2025-01-23 00:00:00+00:00,-0.0111364,1.71383,0.71668,0.153744,-0.00525751,0.231456,7.37092e-05,0.0001109,3.88656e-05,-6.36238e-06,-0.0107934,-0.0029546,-0.00783879,30,0.0904143
2025-01-24 00:00:00+00:00,0.0106944,1.73216,0.752574,0.165767,9.2281e-05,0.238236,7.62426e-05,9.17197e-05,1.48628e-05,-5.95575e-06,0.0108766,-0.00251982,0.0133965,30,0.0900145
2025-01-25 00:00:00+00:00,0.00193839,1.73552,0.815055,0.177301,-0.00509574,0.316138,0.00010118,0.000146628,1.23847e-05,-1.70172e-05,0.00226717,0.00286818,-0.000601016,29.9167,0.0937048
2025-01-26 00:00:00+00:00,-0.00768459,1.72218,0.767197,0.13616,-0.0159922,0.867506,0.000277524,0.00038363,2.81164e-05,2.07109e-05,-0.00700045,-0.0129172,0.00591679,29.8125,0.0948251
2025-01-27 00:00:00+00:00,-0.0017424,1.71918,0.589466,0.0915593,-0.00366206,0.936538,0.000299699,0.000242688,3.90301e-05,1.96642e-05,-0.00113769,-0.004234,0.00309631,21.0833,0.0924803
2025-01-28 00:00:00+00:00,0.021999,1.757,0.510742,0.0838934,-0.00211837,0.387825,0.000124198,8.5173e-05,1.14854e-05,-2.22084e-06,0.0220231,-0.00773064,0.0297538,17.6042,0.0941929
2025-01-29 00:00:00+00:00,-0.0132645,1.7337,0.554503,0.103925,-0.00250282,0.368856,0.000117979,6.44139e-05,1.12359e-05,2.25562e-05,-0.0131325,0.0059028,-0.0190353,18.0625,0.0991039
2025-01-30 00:00:00+00:00,0.0053712,1.74301,0.541459,0.120051,-0.00239208,0.278331,8.90738e-05,7.63449e-05,8.23969e-06,-5.73846e-07,0.00554708,0.00860424,-0.00305716,15.9792,0.0950842
2025-01-31 00:00:00+00:00,-0.00662181,1.73147,0.566833,0.13454,-0.00254837,0.437154,0.000139873,0.000174364,1.26455e-05,3.27968e-05,-0.00630809,-0.00389578,-0.0024123,18.3542,0.0935955
2025-02-01 00:00:00+00:00,0.0134412,1.75474,0.63566,0.161298,-0.00504063,0.337194,0.000107925,0.000134837,8.30587e-06,1.72712e-05,0.0136129,-0.0208444,0.0344574,15.7917,0.0908189
2025-02-02 00:00:00+00:00,-0.00434461,1.74712,0.69062,0.155833,-0.00507602,0.613269,0.000196258,0.00026048,2.80965e-05,1.29122e-05,-0.00383247,-0.0316829,0.0278504,16.125,0.0964767
2025-02-03 00:00:00+00:00,-0.0148067,1.72125,0.629325,0.103305,0.00637077,1.42948,0.000457031,0.000393981,0.000171713,4.34495e-05,-0.0138382,0.0119204,-0.0257585,25.5208,0.095592
2025-02-04 00:00:00+00:00,-0.00385338,1.71462,0.599619,0.105509,0.0034461,0.595478,0.000190559,6.69771e-05,2.68985e-05,6.01348e-05,-0.00361135,-0.0167836,0.0131723,24.0833,0.0918483
2025-02-05 00:00:00+00:00,0.00697927,1.72658,0.575046,0.105475,0.00448698,0.470563,0.000150609,6.54731e-05,1.77453e-05,2.42895e-05,0.00719114,-0.00430256,0.0114937,22.9792,0.0879905
2025-02-06 00:00:00+00:00,0.00830165,1.74092,0.525276,0.0852856,0.00251969,0.4919,0.000157435,3.11982e-05,1.34412e-05,-0.000112654,0.00859193,-0.00687322,0.0154651,24.2292,0.0922672
2025-02-07 00:00:00+00:00,0.00368112,1.74732,0.509195,0.05407,-2.93021e-05,0.608086,0.000194602,4.2641e-05,1.77707e-05,-8.27896e-05,0.00402064,0.00109678,0.00292386,23.1458,0.0984731
2025-02-08 00:00:00+00:00,-0.00364383,1.74096,0.592213,0.0581925,8.93465e-05,0.546233,0.000174777,2.54538e-05,1.32863e-05,-9.0521e-05,-0.00333523,0.00638871,-0.00972394,25.0208,0.0999568
2025-02-09 00:00:00+00:00,0.00376818,1.74752,0.657005,0.0592356,-0.00488997,0.727832,0.000232917,4.25388e-05,1.90895e-05,4.89737e-05,0.00402535,-0.00304372,0.00706907,23.4167,0.0979867
2025-02-10 00:00:00+00:00,-0.00953356,1.73086,0.976401,0.140347,-0.0283831,1.24915,0.00039958,5.86308e-05,7.51505e-05,3.62786e-05,-0.00902883,0.0103744,-0.0194032,24.5833,0.100152
2025-02-11 00:00:00+00:00,-0.00833305,1.71643,0.857283,0.14641,-0.0302595,1.30829,0.000418557,5.96804e-05,4.80611e-05,7.77858e-05,-0.00782475,4.54749e-05,-0.00787022,25.0625,0.0967099
2025-02-12 00:00:00+00:00,0.00368977,1.72277,0.90678,0.139425,-0.0264045,1.18203,0.000378285,7.58387e-05,4.89682e-05,-4.72117e-05,0.00427703,0.0243379,-0.0200609,22.625,0.0971072
2025-02-13 00:00:00+00:00,0.00297964,1.7279,1.07853,0.162536,-0.0244187,0.887276,0.000283941,7.9922e-05,4.27324e-05,0.000141917,0.00329132,-0.0111327,0.0144241,25.75,0.0961362
2025-02-14 00:00:00+00:00,-0.00753531,1.71488,0.843852,0.144579,-0.019137,1.15678,0.000370087,0.000106247,3.95335e-05,4.98779e-05,-0.00705337,0.0109793,-0.0180327,26.5833,0.0947959
2025-02-15 00:00:00+00:00,0.00905013,1.7304,0.569248,0.120564,-0.0141241,0.502315,0.000160781,8.09057e-05,1.35937e-05,1.13058e-05,0.0092641,-0.00268397,0.0119481,20.8333,0.0931683
2025-02-16 00:00:00+00:00,0.00206448,1.73397,0.574531,0.099848,-0.0122832,0.638078,0.00020419,0.000118667,1.90003e-05,-0.000252029,0.0026658,-0.0051063,0.0077721,21.25,0.0970208
2025-02-17 00:00:00+00:00,0.00261238,1.7385,0.911044,0.116905,-0.0403867,1.26901,0.000406112,0.000454184,7.6721e-05,-0.000395631,0.00398807,-0.00529655,0.00928462,20.3333,0.0963103
2025-02-18 00:00:00+00:00,-0.00768141,1.72515,0.763766,0.0810626,-0.0262934,1.00943,0.000322968,0.000327209,3.58786e-05,-9.9601e-05,-0.00688973,-0.0145115,0.00762176,19.8958,0.0947878
2025-02-19 00:00:00+00:00,0.0124534,1.74663,0.739979,0.0700692,-0.0211642,1.0532,0.00033711,0.000208412,4.63742e-05,-0.000124364,0.0131135,0.00462619,0.00848735,20.9167,0.09432
2025-02-20 00:00:00+00:00,-0.0239866,1.70474,0.889346,0.0900425,-0.0273429,0.985599,0.000315197,0.00014013,3.65782e-05,-7.28042e-05,-0.0236564,0.00943844,-0.0330948,22.3333,0.0977021
2025-02-21 00:00:00+00:00,-0.0143962,1.68019,0.866992,0.143446,-0.0295619,0.94521,0.000302328,0.000104961,3.92825e-05,-2.95352e-05,-0.0139354,-0.0195388,0.00560337,20.6875,0.0933771
2025-02-22 00:00:00+00:00,-0.00727325,1.66797,0.816919,0.146803,-0.0232485,1.02357,0.000327241,7.67912e-05,4.46106e-05,-5.60414e-05,-0.00672973,0.0120079,-0.0187376,23.5,0.0864347
2025-02-23 00:00:00+00:00,0.012893,1.68948,0.755859,0.156551,-0.0259854,0.534753,0.000171194,3.19016e-05,1.69229e-05,-2.8015e-05,0.0130904,-0.00254999,0.0156404,21.3125,0.0832333
2025-02-24 00:00:00+00:00,-0.0115074,1.67004,0.758442,0.187398,-0.0269553,0.950832,0.00030412,0.00013837,8.02071e-05,2.00554e-05,-0.0110263,-0.052634,0.0416078,23.0417,0.0836395
2025-02-25 00:00:00+00:00,-0.0152534,1.64456,0.643914,0.116244,-0.0141618,0.682226,0.000218167,0.000127284,3.42397e-05,5.12232e-05,-0.0149841,0.000702189,-0.0156863,22.9583,0.0772759
2025-02-26 00:00:00+00:00,-0.037619,1.5827,0.596904,0.118832,-0.00851371,0.412169,0.000131737,8.27384e-05,1.71337e-05,7.43337e-05,-0.0381096,-0.0162122,-0.0218974,19.8958,0.0681711
2025-02-27 00:00:00+00:00,0.0150567,1.60653,0.607838,0.134312,-0.00527952,0.594977,0.000190462,0.000104245,2.26821e-05,3.64498e-05,0.0152715,0.00024844,0.0150231,20.0625,0.0593625
2025-02-28 00:00:00+00:00,-0.0145481,1.58316,0.647187,0.119409,-0.00385958,0.679487,0.00021743,0.000108995,2.75037e-05,5.39326e-05,-0.0142644,-0.00352867,-0.0107358,19.125,0.0570322
2025-03-01 00:00:00+00:00,0.0192726,1.61367,0.70326,0.145613,-0.00340961,0.582629,0.000186561,8.84458e-05,2.03233e-05,0.00011235,0.0193392,0.00700555,0.0123336,17.125,0.0535835
2025-03-02 00:00:00+00:00,0.000121882,1.61386,0.836028,0.149987,-0.00482951,1.04952,0.000335903,0.000159853,5.72623e-05,7.68252e-05,0.00069146,0.0626538,-0.0619623,22.6458,0.0587918
2025-03-03 00:00:00+00:00,0.0103211,1.63052,0.816089,0.151366,-0.00922614,0.713239,0.000228159,6.18412e-05,9.06576e-05,0.000133627,0.0106491,-0.0624002,0.0730493,26.7083,0.0607205
2025-03-04 00:00:00+00:00,0.000682347,1.63163,0.857299,0.151496,0.00163401,0.990469,0.000316971,7.89084e-05,6.43631e-05,7.35508e-05,0.00112464,0.00267796,-0.00155333,29.2917,0.0632667
2025-03-05 00:00:00+00:00,-0.0161168,1.60534,0.917007,0.159856,-0.000628984,0.704555,0.000225376,5.69057e-05,4.60114e-05,0.0001218,-0.0159649,0.0152794,-0.0312443,30,0.0648886
2025-03-06 00:00:00+00:00,0.00961154,1.62077,0.900057,0.17137,0.000743873,0.510443,0.000163393,3.69501e-05,3.40184e-05,0.000151489,0.00975696,-0.00509071,0.0148477,30,0.0623306
2025-03-07 00:00:00+00:00,0.00280297,1.62531,0.886613,0.14406,-0.000467247,0.820375,0.00026239,8.2162e-05,5.25274e-05,6.65856e-05,0.00324995,-0.00869174,0.0119417,30,0.0645785
2025-03-08 00:00:00+00:00,0.00345824,1.63093,0.800464,0.148615,0.000876231,0.506131,0.000161998,2.05251e-05,3.03737e-05,0.000158573,0.00355246,-0.0051997,0.00875216,30,0.0670338
2025-03-09 00:00:00+00:00,-0.0162657,1.6044,0.898742,0.146966,-0.00388923,0.716589,0.000229164,6.51189e-05,3.62812e-05,0.000155602,-0.0161675,-0.0399222,0.0237547,30,0.0669473
2025-03-10 00:00:00+00:00,-0.012467,1.5844,0.709784,0.092159,-0.00540043,1.51904,0.000486011,0.000346247,0.000124045,0.000130228,-0.011611,-0.020463,0.00885208,29.875,0.0637154
2025-03-11 00:00:00+00:00,0.00196039,1.58751,0.764453,0.0991141,0.00418033,0.575834,0.000184251,0.000117215,4.3508e-05,0.000113134,0.00231384,0.0222032,-0.0198894,30,0.0626414
2025-03-12 00:00:00+00:00,0.00031218,1.588,0.802107,0.124382,0.00489771,0.419377,0.000134189,3.84226e-05,2.85797e-05,9.59249e-05,0.000474074,0.00910191,-0.00862784,30,0.063317
2025-03-13 00:00:00+00:00,0.0207613,1.62097,0.73987,0.0976284,-0.00622641,0.799131,0.000255865,6.46144e-05,3.20731e-05,0.00010462,0.0208694,-0.00736554,0.0282349,29.9375,0.0625682
2025-03-14 00:00:00+00:00,-0.0109083,1.60329,0.630051,0.0933105,-0.00413189,0.863521,0.000276177,9.02932e-05,3.05838e-05,0.00011198,-0.0106173,0.0134166,-0.0240339,25.3542,0.0648745
2025-03-15 00:00:00+00:00,-0.00461473,1.59589,0.571395,0.112178,-0.00695788,0.434702,0.000139102,6.08069e-05,1.2437e-05,0.000176925,-0.00454762,0.00772415,-0.0122718,18.6667,0.061815
2025-03-16 00:00:00+00:00,-0.00579268,1.58665,0.63089,0.129701,-0.0110972,0.737217,0.000235924,9.12499e-05,2.49559e-05,0.000329291,-0.00574895,-0.0118179,0.00606895,19.4583,0.0569629
2025-03-17 00:00:00+00:00,-0.0218807,1.55193,0.729394,0.128431,-0.00898062,1.49273,0.000477461,0.000163631,0.000135721,0.00129841,-0.0226057,0.00937759,-0.0319833,21.125,0.0521211
2025-03-18 00:00:00+00:00,0.0042758,1.55856,0.670517,0.140568,-0.00745613,1.09298,0.000349788,0.000157902,3.35737e-05,4.36734e-05,0.00478577,-0.00548342,0.0102692,21.3958,0.0484725
2025-03-19 00:00:00+00:00,-0.00383277,1.55259,0.584245,0.155487,-0.00686707,1.01313,0.000324207,0.000220855,3.23484e-05,0.000230801,-0.0034384,0.0176705,-0.0211089,21.625,0.0494144
2025-03-20 00:00:00+00:00,0.00457034,1.55969,0.676837,0.179985,-0.0108975,0.95317,0.000305041,0.000214906,3.04361e-05,7.7552e-05,0.00506677,-0.00807852,0.0131453,20.6042,0.0524451
2025-03-21 00:00:00+00:00,-0.00167128,1.55708,0.616803,0.145344,-0.0100243,1.10175,0.000352548,0.000266814,3.66069e-05,0.000172306,-0.00116351,0.000257646,-0.00142115,20.7917,0.0526702
2025-03-22 00:00:00+00:00,-0.00518054,1.54901,0.224476,0.0828925,-0.00143669,0.596178,0.00019076,0.000108101,2.28784e-05,6.61642e-05,-0.004929,-0.000454571,-0.00447443,16.3333,0.0247419
2025-03-23 00:00:00+00:00,-0.00297858,1.5444,0.0788104,0.0301937,-0.00414582,0.338656,0.000108363,3.15216e-05,1.57143e-05,2.41864e-05,-0.00285051,0.000499671,-0.00335018,6.91667,0.0187871
2025-03-24 00:00:00+00:00,-0.00558262,1.53578,0.0525475,0.013378,-0.0128665,0.334207,0.000106932,3.06037e-05,2.13024e-05,1.86408e-05,-0.00545536,0.000623137,-0.0060785,7.27083,0.0156726
2025-03-25 00:00:00+00:00,-1.10918e-05,1.53576,0.0251388,0.00149556,-0.0145145,0.22795,7.29447e-05,1.7945e-05,1.43453e-05,7.3623e-06,8.77835e-05,-0.000207325,0.000295108,4.89583,0.0119742
2025-03-26 00:00:00+00:00,0.00145454,1.53799,0.0163444,0.00100982,-0.0100859,0.152229,4.87151e-05,9.80024e-06,9.16458e-06,-4.18278e-06,0.00152571,-9.75715e-05,0.00162329,3.58333,0.0106682
2025-03-27 00:00:00+00:00,0.000375466,1.53857,0.0250258,0.0106778,-0.00360436,0.150518,4.81662e-05,8.29917e-06,8.67344e-06,5.81451e-06,0.000435,0.000422265,1.27353e-05,3.27083,0.0107762
2025-03-28 00:00:00+00:00,-0.000716481,1.53747,0.0443218,0.0210303,-0.00160864,0.199382,6.38014e-05,1.14e-05,1.08676e-05,1.69682e-05,-0.000647285,-0.000941262,0.000293977,5.33333,0.0134354
2025-03-29 00:00:00+00:00,-0.000229669,1.53712,0.0720888,0.0308079,0.00144804,0.243195,7.78225e-05,1.02394e-05,1.10666e-05,2.91759e-05,-0.000159295,-0.00149864,0.00133934,6.79167,0.014416
2025-03-30 00:00:00+00:00,-0.000911837,1.53571,0.0961762,0.0452539,0.00157448,0.230243,7.36759e-05,1.48822e-05,8.51737e-06,6.80106e-05,-0.000881943,-0.00020275,-0.000679193,7.72917,0.0175045
2025-03-31 00:00:00+00:00,0.00257794,1.53967,0.0932994,0.0442016,0.00109869,0.24205,7.74632e-05,2.02722e-05,1.45963e-05,8.51462e-06,0.00268108,0.000265929,0.00241515,7.125,0.0177684
2025-04-01 00:00:00+00:00,-0.0008851,1.53831,0.247233,0.111689,0.00693828,0.409841,0.000131151,2.93883e-05,1.88505e-05,0.000102925,-0.000804981,0.00294093,-0.00374591,10.125,0.0235582
2025-04-02 00:00:00+00:00,-0.000744993,1.53716,0.342158,0.135264,0.00738349,0.500642,0.000160194,2.19312e-05,1.95989e-05,2.73696e-05,-0.000563886,-0.00889695,0.00833307,11.8542,0.0261425
2025-04-03 00:00:00+00:00,-0.000155136,1.53693,0.305567,0.0743543,-0.000771531,0.443925,0.000142052,1.98489e-05,1.62112e-05,-0.000740333,0.000775036,0.00145101,-0.000675972,12.75,0.0270196
2025-04-04 00:00:00+00:00,0.0021236,1.54019,0.267678,0.0692826,0.000819685,0.350189,0.000112062,3.93795e-05,1.67719e-05,-0.000760371,0.00305512,0.00323853,-0.000183418,10.7917,0.0271223
2025-04-05 00:00:00+00:00,-0.00300369,1.53556,0.269159,0.104336,0.00116859,0.387241,0.00012391,2.40662e-05,1.57503e-05,-7.08798e-05,-0.00276677,-0.00166061,-0.00110617,11.7083,0.0286043
2025-04-06 00:00:00+00:00,-0.00217895,1.53222,0.278957,0.116807,0.00786512,0.354564,0.000113457,1.99794e-05,1.14797e-05,-0.000119325,-0.00190445,-0.0137454,0.011841,9.6875,0.0281041
2025-04-07 00:00:00+00:00,-0.00599476,1.52303,0.252419,0.0753883,0.0055205,0.733223,0.000234592,7.33819e-05,4.62938e-05,1.38331e-05,-0.00566018,8.78093e-05,-0.00574799,15.3542,0.0264524
2025-04-08 00:00:00+00:00,0.0015349,1.52537,0.183152,0.0527958,0.00209971,0.368187,0.000117817,3.45531e-05,1.53151e-05,2.51764e-05,0.00168342,-0.000711169,0.00239459,13.0208,0.0231433
2025-04-09 00:00:00+00:00,-0.00724568,1.51432,0.133817,0.0264224,0.00164396,0.525413,0.000168096,0.000100858,2.56527e-05,9.81085e-06,-0.00698034,0.00513489,-0.0121152,12.9375,0.0224039
2025-04-10 00:00:00+00:00,0.000152921,1.51455,0.106212,0.0232677,0.00205629,0.218464,6.99087e-05,5.3379e-05,9.18214e-06,1.37261e-05,0.000272763,-0.00195586,0.00222862,10.3333,0.0190286
2025-04-11 00:00:00+00:00,-0.00321256,1.50968,0.0798046,0.0143493,0.00130024,0.253732,8.11859e-05,6.15388e-05,1.52678e-05,-0.0001636,-0.00289422,0.00216971,-0.00506393,10.4792,0.0173402
2025-04-12 00:00:00+00:00,9.94141e-05,1.50983,0.0396054,0.00434357,0.000475288,0.244053,7.80973e-05,2.52329e-05,1.91585e-05,-7.16285e-05,0.000293968,0.00110478,-0.000810812,8.3125,0.0122761
2025-04-13 00:00:00+00:00,0.000467018,1.51054,0.0344994,0.00768908,0.00289183,0.207845,6.65117e-05,1.7812e-05,1.49856e-05,-2.4706e-05,0.000591248,-0.000508023,0.00109927,6.6875,0.0110425
2025-04-14 00:00:00+00:00,-0.000162111,1.51029,0.085431,0.0168986,0.00300904,0.302659,9.68494e-05,2.33912e-05,1.35916e-05,-1.41243e-05,-1.33754e-05,0.000393344,-0.000406719,7.91667,0.0140924
2025-04-15 00:00:00+00:00,-3.1368e-05,1.51025,0.117424,0.0228885,0.00138646,0.223738,7.15969e-05,1.04026e-05,1.01731e-05,-2.5273e-06,6.54288e-05,-0.00102862,0.00109405,8.125,0.0163989
2025-04-16 00:00:00+00:00,0.00156232,1.51261,0.104721,0.0153261,0.00104638,0.262923,8.41367e-05,2.3277e-05,9.41591e-06,-4.11692e-06,0.00168328,1.23757e-05,0.0016709,7.5625,0.0174378
2025-04-17 00:00:00+00:00,-8.5355e-06,1.51259,0.101031,0.02106,-0.000984356,0.304953,9.75821e-05,4.71737e-05,1.10747e-05,9.43775e-06,0.000139369,0.000500279,-0.00036091,7.375,0.0206426
2025-04-18 00:00:00+00:00,0.000235594,1.51295,0.101936,0.0106743,-0.0061008,0.264239,8.45585e-05,4.71281e-05,5.93978e-06,1.71598e-06,0.000372319,-9.4671e-05,0.00046699,7.58333,0.0214194
2025-04-19 00:00:00+00:00,-9.2058e-05,1.51281,0.0881427,0.0111171,-0.00461884,0.251548,8.0495e-05,7.72617e-05,9.1083e-06,1.23856e-05,6.28226e-05,0.00136124,-0.00129842,6.875,0.0211669
2025-04-20 00:00:00+00:00,-0.000738753,1.51169,0.0375635,-0.00422465,-0.00839443,0.157235,5.03146e-05,4.86521e-05,8.24877e-06,1.08303e-05,-0.000642211,-0.000397647,-0.000244563,4.4375,0.0165556
2025-04-21 00:00:00+00:00,0.000946055,1.51312,0.0171708,-0.0016749,-0.00489711,0.203723,6.51929e-05,6.04511e-05,1.49242e-05,-0.000143105,0.00122962,-4.21328e-05,0.00127176,4.04167,0.0157517
2025-04-22 00:00:00+00:00,-0.00138244,1.51103,0.0842282,0.026435,0.00274159,0.332941,0.000106543,8.35869e-05,1.59363e-05,-5.47875e-05,-0.00111919,0.0040127,-0.00513189,6.6875,0.0207851
2025-04-23 00:00:00+00:00,-0.00178816,1.50833,0.0950062,0.0343242,0.0030791,0.282682,9.04563e-05,5.12265e-05,1.49583e-05,1.58728e-05,-0.00164502,0.00011868,-0.0017637,6.95833,0.0199798
2025-04-24 00:00:00+00:00,-0.000810224,1.50711,0.0481244,0.0126924,-0.000115507,0.26969,8.62997e-05,3.66096e-05,1.03748e-05,-1.50502e-05,-0.000661519,-0.000170327,-0.000491192,7.70833,0.0153338
2025-04-25 00:00:00+00:00,0.00130602,1.50908,0.0175293,-0.000140521,-0.00227515,0.165215,5.28697e-05,2.29944e-05,1.45577e-05,-2.53124e-05,0.00142154,-0.000115524,0.00153707,5.4375,0.0113447
2025-04-26 00:00:00+00:00,-0.000100481,1.50892,0.0118203,0.00110573,-0.00125222,0.184089,5.89087e-05,2.44387e-05,8.09657e-06,3.21997e-07,-9.31379e-06,6.38101e-05,-7.31239e-05,6.04167,0.0105618
2025-04-27 00:00:00+00:00,-3.9461e-05,1.50886,0.00909221,0.00246996,0.0004273,0.0887313,2.8394e-05,1.21359e-05,4.40177e-06,3.05754e-06,2.46465e-06,-6.78293e-05,7.0294e-05,2.64583,0.0105083
2025-04-28 00:00:00+00:00,-5.29648e-06,1.50886,0.0341908,0.0112946,0.000746324,0.219685,7.02989e-05,2.72705e-05,6.24471e-06,3.32875e-06,9.53466e-05,-2.52156e-06,9.78681e-05,5.20833,0.0125801
2025-04-29 00:00:00+00:00,-7.46764e-05,1.50874,0.0161515,0.00743491,0.00305032,0.162001,5.18403e-05,2.61389e-05,3.0175e-06,1.19285e-06,5.18599e-06,-0.000202503,0.000207689,5.08333,0.0121395
2025-04-30 00:00:00+00:00,-0.00344192,1.50355,0.0578828,0.0281051,0.00769401,0.242286,7.75229e-05,3.34724e-05,7.55506e-06,1.39455e-05,-0.00334145,-0.000164823,-0.00317663,7.27083,0.0136438
2025-05-01 00:00:00+00:00,0.00104797,1.50513,0.0306706,0.0144342,0.00409525,0.126066,4.03422e-05,1.21384e-05,3.76314e-06,4.62909e-06,0.00109918,0.000744539,0.000354637,5.02083,0.0114586
2025-05-02 00:00:00+00:00,-0.000151105,1.5049,0.0329711,0.00491541,-0.00535256,0.208498,6.67187e-05,1.9569e-05,1.12523e-05,-1.2953e-06,-5.21122e-05,-0.000160392,0.00010828,5.54167,0.0135214
2025-05-03 00:00:00+00:00,0.000219648,1.50523,0.0363335,0.00535693,-0.00456137,0.204966,6.55891e-05,1.71758e-05,1.03795e-05,-2.35553e-05,0.000336471,-3.92629e-05,0.000375734,5.45833,0.0139048
2025-05-04 00:00:00+00:00,0.00122623,1.50708,0.0926252,0.0146536,-0.00438667,0.224485,7.18365e-05,3.79452e-05,8.62492e-06,-5.8923e-06,0.00135015,-0.000867538,0.00221768,6.1875,0.0170707
2025-05-05 00:00:00+00:00,0.000210841,1.50739,0.0764139,0.0212019,-0.00611505,0.316565,0.000101299,5.55908e-05,9.84351e-06,2.84231e-06,0.000375562,0.000335222,4.03399e-05,7.33333,0.017551
2025-05-06 00:00:00+00:00,0.000866604,1.5087,0.0646768,0.016993,-0.00628436,0.233284,7.4649e-05,4.97412e-05,5.70664e-06,6.73941e-05,0.000930389,5.89603e-05,0.000871429,5.75,0.0175943
2025-05-07 00:00:00+00:00,0.00189605,1.51156,0.217193,0.0713719,0.00268377,0.495087,0.000158433,5.12983e-05,1.01338e-05,-2.55659e-06,0.00212062,-0.000752196,0.00287282,11.0625,0.0227559
2025-05-08 00:00:00+00:00,0.0090426,1.52523,0.311348,0.100625,-0.00449045,0.599956,0.000192029,4.63312e-05,1.92743e-05,5.09953e-05,0.00921758,0.0247783,-0.0155607,15.3333,0.0259973
2025-05-09 00:00:00+00:00,-0.000702514,1.52416,0.338747,0.105501,-0.00987505,0.640125,0.000204858,6.77554e-05,2.06313e-05,5.68144e-05,-0.000443441,0.00936887,-0.00981231,15.625,0.0282104
2025-05-10 00:00:00+00:00,0.00564925,1.53277,0.394956,0.139359,0.00180575,0.531219,0.000170019,5.95984e-05,2.09288e-05,-8.37502e-06,0.00590563,0.0104222,-0.00451653,14.3542,0.0296548
2025-05-11 00:00:00+00:00,-0.00267754,1.52866,0.331886,0.124645,0.00746064,0.491798,0.000157368,0.000129188,2.19778e-05,-1.4944e-06,-0.00235491,-0.00363065,0.00127574,14.9167,0.0310459
2025-05-12 00:00:00+00:00,-0.00718739,1.51768,0.30289,0.119754,0.00578947,0.534337,0.00017091,0.000171785,6.40863e-05,1.6015e-06,-0.00679373,-0.00221433,-0.0045794,14.7083,0.0283693
2025-05-13 00:00:00+00:00,0.0021473,1.52093,0.323508,0.124239,0.00453835,0.491739,0.00015736,0.000124763,1.86285e-05,2.58148e-06,0.00245347,0.00830611,-0.00585263,14.9167,0.0284508
2025-05-14 00:00:00+00:00,0.00570587,1.52961,0.359678,0.113845,0.00656565,0.590187,0.000188903,0.000201008,2.07912e-05,-4.60624e-06,0.00611438,-0.00383792,0.00995229,18.0417,0.0300704
2025-05-15 00:00:00+00:00,0.0029113,1.53407,0.467039,0.097547,0.00469435,0.94672,0.000302972,0.00029508,3.07424e-05,-5.75631e-06,0.00355239,-0.0076966,0.011249,20.3958,0.0360387
2025-05-16 00:00:00+00:00,0.00742523,1.54546,0.670508,0.136398,0.00422968,0.984804,0.0003152,0.000224312,3.29468e-05,-4.4336e-05,0.00803043,-9.91059e-05,0.00812954,19.6042,0.0396291
2025-05-17 00:00:00+00:00,0.00266926,1.54958,0.857138,0.190022,0.00843544,0.897434,0.000287197,0.000124781,2.69285e-05,6.18653e-06,0.00310989,-0.00712592,0.0102358,19.4792,0.0419405
2025-05-18 00:00:00+00:00,-0.00499632,1.54184,0.840935,0.206528,0.00813684,0.800928,0.000256227,8.32742e-05,2.56222e-05,-1.79555e-05,-0.00460723,0.0182942,-0.0229015,21.1875,0.0424393
2025-05-19 00:00:00+00:00,0.00399604,1.548,0.848957,0.233816,0.00112449,0.841734,0.000269393,6.18963e-05,3.33162e-05,-5.38372e-05,0.0044318,-0.00455496,0.00898677,18.1667,0.0413552
2025-05-20 00:00:00+00:00,-0.00451672,1.54101,0.774365,0.21786,0.0020229,0.705934,0.000225844,9.25007e-05,1.917e-05,1.78614e-05,-0.00418678,6.58875e-05,-0.00425267,19.2292,0.0426747
2025-05-21 00:00:00+00:00,-0.0057044,1.53222,0.626526,0.144173,0.00114281,0.800638,0.000255937,5.9892e-05,4.03157e-05,-4.88257e-05,-0.00525146,0.0089005,-0.014152,17.7917,0.0403567
2025-05-22 00:00:00+00:00,-0.00306939,1.52752,0.64598,0.11058,-0.00248869,0.614966,0.000196782,4.33661e-05,1.83971e-05,1.93659e-05,-0.0028195,0.0119155,-0.014735,17.6042,0.0392825
2025-05-23 00:00:00+00:00,0.00171382,1.53013,0.588853,0.127988,0.00206153,0.585304,0.000187285,4.26624e-05,2.38925e-05,-0.000111515,0.00209502,-0.0151645,0.0172595,17.9792,0.036991
2025-05-24 00:00:00+00:00,-0.00698815,1.51944,0.520311,0.105431,0.00284565,0.518032,0.000165736,3.48804e-05,1.60839e-05,-0.000211373,-0.00656553,0.00264387,-0.0092094,16.4375,0.035956
2025-05-25 00:00:00+00:00,0.00674569,1.52969,0.445584,0.0868436,0.003418,0.47573,0.00015226,5.00026e-05,1.44341e-05,-0.000221134,0.00717273,0.00266249,0.00451025,16.1667,0.034147
2025-05-26 00:00:00+00:00,0.00602298,1.5389,0.585995,0.134243,-0.00304532,0.83348,0.000266739,5.03401e-05,7.44877e-05,-0.000146114,0.00654772,0.000540687,0.00600704,16.7708,0.0376596
2025-05-27 00:00:00+00:00,0.000554615,1.53976,0.655438,0.153268,0.00218134,0.602887,0.000192929,2.5696e-05,1.33379e-05,-5.52909e-05,0.000853415,0.00685875,-0.00600534,17.4167,0.0400159
2025-05-28 00:00:00+00:00,0.00676515,1.55017,0.643832,0.158998,0.00268731,0.715597,0.000229056,5.459e-05,1.8239e-05,-0.000247269,0.00730161,-0.00224587,0.00954748,17,0.039142
2025-05-29 00:00:00+00:00,0.00393088,1.55627,0.766743,0.193643,0.00608681,0.869415,0.000278242,5.98338e-05,2.31222e-05,-7.31806e-05,0.00436788,-0.0109743,0.0153422,17.5833,0.0427581
2025-05-30 00:00:00+00:00,0.021198,1.58926,0.878043,0.163392,0.00787443,1.28429,0.000411274,0.000117797,5.03529e-05,-8.72615e-05,0.0216947,-0.025559,0.0472536,20.8958,0.0488298
2025-05-31 00:00:00+00:00,-0.00175006,1.58648,0.93184,0.0829694,0.00374679,0.927889,0.000296902,9.27846e-05,3.14739e-05,-0.000309867,-0.000984129,0.00530847,-0.0062926,20.8958,0.0525899
2025-06-01 00:00:00+00:00,-0.004591,1.57919,0.893838,0.122401,-0.00219018,0.773723,0.000247602,7.90116e-05,2.34555e-05,-5.44044e-05,-0.00417834,0.00493141,-0.00910975,18.4375,0.0507819
2025-06-02 00:00:00+00:00,0.00462827,1.5865,0.780932,0.108924,-0.0134162,0.872962,0.000279408,4.68539e-05,5.15657e-05,-8.74407e-05,0.00509718,0.00715206,-0.00205488,17.1667,0.0487285
2025-06-03 00:00:00+00:00,-0.00391834,1.58029,0.930474,0.190233,-0.00834207,0.777401,0.000248744,5.46721e-05,2.24333e-05,2.84212e-05,-0.00359941,-0.00323696,-0.000362459,20.0208,0.0494579
2025-06-04 00:00:00+00:00,0.0012105,1.5822,0.991886,0.196521,-0.0139541,0.819309,0.000262192,5.05168e-05,2.32973e-05,-0.0002338,0.00181033,-0.00306403,0.00487436,21.7083,0.0494667
2025-06-05 00:00:00+00:00,0.000158738,1.58245,0.920487,0.105256,-0.00896749,1.34919,0.000431616,0.000134247,4.36665e-05,-0.000382939,0.00122317,-0.0293168,0.03054,23.1875,0.0528112
2025-06-06 00:00:00+00:00,0.0122152,1.60178,0.810869,0.0918495,-0.00160157,0.870891,0.000278771,7.40454e-05,2.68659e-05,-0.000438223,0.0129823,0.0119956,0.000986698,21.1667,0.052153
2025-06-07 00:00:00+00:00,-0.00134821,1.59962,0.85566,0.146988,-0.00113808,0.741135,0.000237159,9.58301e-05,1.94553e-05,-0.00013436,-0.000842697,0.011059,-0.0119017,18.7917,0.0520843
2025-06-08 00:00:00+00:00,-0.000496964,1.59882,0.996774,0.192824,-0.00495454,0.19494,6.235e-05,1.71906e-05,5.27433e-06,-0.00024264,-0.000140896,0.00128307,-0.00142397,20.75,0.0502603
2025-06-09 00:00:00+00:00,-0.00387639,1.59263,1.0022,0.204479,-0.0156643,0.33089,0.000105824,2.33195e-05,5.4074e-05,-0.000150657,-0.00352725,0.0310889,-0.0346162,22.9167,0.0504829
2025-06-10 00:00:00+00:00,-0.00747987,1.58071,1.01176,0.198553,-0.00862397,0.556501,0.000177957,6.03421e-05,1.29213e-05,-0.000259549,-0.00694699,0.0172441,-0.0241911,23.6875,0.0501024
2025-06-11 00:00:00+00:00,0.00725622,1.59218,1.01273,0.213727,-0.0136601,0.273542,8.75403e-05,2.56649e-05,8.14446e-06,-0.000266456,0.00764863,-0.0106318,0.0182804,25,0.0481193
2025-06-12 00:00:00+00:00,0.0124864,1.61207,1.04341,0.222365,-0.0142029,0.827588,0.000264987,0.00013846,2.49718e-05,-0.00047968,0.0133492,-0.0247573,0.0381066,25.5,0.0512856
2025-06-13 00:00:00+00:00,-0.00440687,1.60496,0.829869,0.162299,-0.00188251,1.14429,0.000366245,0.000136255,4.72212e-05,-0.000167935,-0.00363679,-0.0067802,0.00314341,23.25,0.0564856
2025-06-14 00:00:00+00:00,0.00696562,1.61614,0.743177,0.173423,-0.00352254,0.613783,0.000196445,7.73104e-05,1.95058e-05,-0.000329477,0.00757628,-0.00704279,0.0146191,16.5417,0.0555555
2025-06-15 00:00:00+00:00,-0.00238989,1.61228,0.81979,0.174931,-0.0132919,0.263675,8.43425e-05,2.39662e-05,6.75823e-06,-0.000328909,-0.00190737,0.00213215,-0.00403952,17.7708,0.0563139
2025-06-16 00:00:00+00:00,0.0062544,1.62236,0.98057,0.126159,-0.0406369,0.683079,0.000218772,8.79414e-05,5.66138e-05,-0.000579225,0.00725001,0.0014719,0.00577811,21.2708,0.0568009
2025-06-17 00:00:00+00:00,0.00978115,1.63823,0.915092,0.0865825,-0.0364841,1.11893,0.000358186,0.000126951,4.26711e-05,-0.0004216,0.0107386,-0.0101697,0.0209083,23.2708,0.0592713
2025-06-18 00:00:00+00:00,0.00666637,1.64915,1.13785,0.100128,-0.0330448,1.13429,0.000363122,0.000115237,4.18595e-05,-0.000122773,0.00733554,0.00474941,0.00258613,23.4792,0.0627829
2025-06-19 00:00:00+00:00,0.00866355,1.66344,1.05123,0.136099,-0.0270115,1.13405,0.000362962,0.000100985,4.74765e-05,-5.73257e-05,0.00929811,0.000767809,0.0085303,23.7292,0.0635845
2025-06-20 00:00:00+00:00,0.0093955,1.67907,1.21965,0.137354,-0.0269199,0.615217,0.000196899,6.15615e-05,3.4423e-05,-9.83709e-05,0.00977887,-0.0207708,0.0305497,25.25,0.0650864
2025-06-21 00:00:00+00:00,-0.0043319,1.67179,1.18851,0.0857371,-0.0221351,1.79418,0.000574108,0.000153123,7.21005e-05,-0.000133439,-0.00337373,-0.0241544,0.0207806,27.875,0.0672081
2025-06-22 00:00:00+00:00,0.00722416,1.68387,1.06693,0.0423697,-0.0152465,1.85853,0.000594668,0.000283091,0.000102502,-9.02916e-05,0.00831128,-0.0114796,0.0197909,25.1667,0.0685265
2025-06-23 00:00:00+00:00,-0.00425877,1.6767,0.927976,0.136531,-0.00437819,1.56592,0.000501005,0.00048201,0.000116144,-0.00223215,-0.000882709,0.0410824,-0.0419651,27.7708,0.0672641
2025-06-24 00:00:00+00:00,0.0111469,1.69539,0.851285,0.161419,-0.00572898,0.796415,0.00025492,0.000296021,4.26597e-05,-0.000644817,0.0123483,0.00362961,0.00871867,23.6875,0.066078
2025-06-25 00:00:00+00:00,0.0173094,1.72474,0.865447,0.190889,-0.00327277,0.669516,0.000214337,0.000309335,2.75892e-05,-0.00145105,0.0192043,0.00123197,0.0179723,18.1042,0.070442
2025-06-26 00:00:00+00:00,0.0055007,1.73422,0.817154,0.128524,-0.0110131,0.783637,0.000250791,0.000323343,2.89554e-05,-0.000631413,0.00674677,-0.00385351,0.0106003,16.7083,0.0787371
2025-06-27 00:00:00+00:00,-0.0112989,1.71463,0.840689,0.117406,-0.0129006,0.667539,0.000213541,0.000258451,2.8536e-05,-0.000757096,-0.0100807,0.00507805,-0.0151588,16.6042,0.0808291
2025-06-28 00:00:00+00:00,0.00250307,1.71892,0.687478,0.120912,-0.0140789,0.601965,0.000192672,0.000266382,2.70734e-05,-0.000724622,0.00372965,0.00467761,-0.000947962,15.75,0.0758012
2025-06-29 00:00:00+00:00,-0.0095005,1.70259,0.668569,0.139103,-0.0146416,0.510929,0.000163431,0.000183606,1.89213e-05,-0.00167542,-0.00746579,0.00697619,-0.014442,14.0625,0.0700887
2025-06-30 00:00:00+00:00,0.0115488,1.72225,0.628113,0.12862,-0.0118425,0.70262,0.000224921,0.000154061,3.37813e-05,-0.000376181,0.0122959,-0.00101392,0.0133099,15.8333,0.064551
2025-07-01 00:00:00+00:00,0.00335714,1.72804,0.723153,0.089895,-0.017449,0.7247,0.000231967,0.000118785,2.48354e-05,-0.00041237,0.00416535,-0.0106881,0.0148535,17.625,0.0697766
2025-07-02 00:00:00+00:00,-0.00440615,1.72042,0.908742,0.1231,-0.0154778,0.73803,0.000236165,6.72342e-05,2.71797e-05,-0.000322292,-0.00373375,0.0210085,-0.0247422,19.3542,0.07378
2025-07-03 00:00:00+00:00,-0.0113781,1.70085,1.05848,0.198122,-0.0184488,0.77261,0.000246811,4.30179e-05,6.09265e-05,-0.000149839,-0.0108088,0.00279149,-0.0136003,21.0833,0.0717235
2025-07-04 00:00:00+00:00,0.00213369,1.70447,0.947853,0.163618,-0.0122225,0.733958,0.000234891,4.74158e-05,2.19199e-05,-0.00100668,0.00346169,-0.0150296,0.0184913,21.8125,0.0698025
2025-07-05 00:00:00+00:00,-0.00272298,1.69983,0.898038,0.153913,-0.0172086,0.718988,0.000230052,5.28696e-05,2.85409e-05,-0.00199675,-0.000399196,0.00120925,-0.00160844,19.6042,0.0691374
2025-07-06 00:00:00+00:00,0.00835838,1.71404,0.939151,0.174385,-0.024948,0.977406,0.000312817,9.39754e-05,3.81071e-05,-0.000779572,0.00955947,0.0107058,-0.00114635,16.8958,0.0685663
2025-07-07 00:00:00+00:00,0.00465719,1.72202,0.827652,0.0645875,-0.050211,1.58329,0.000506613,0.00018737,0.000207908,-0.000118354,0.00569068,-0.00596377,0.0116544,18.7083,0.0707544
2025-07-08 00:00:00+00:00,-0.017937,1.69114,1.08166,0.139243,-0.040325,0.989145,0.000315851,0.000122383,5.52644e-05,-9.50893e-05,-0.0173512,0.00874361,-0.0260948,18.1458,0.073694
2025-07-09 00:00:00+00:00,-0.0126239,1.66979,1.23579,0.214433,-0.0524219,0.352666,0.000112727,6.33181e-05,1.5174e-05,5.79421e-05,-0.0125068,0.0258092,-0.038316,19.6667,0.0718622
2025-07-10 00:00:00+00:00,-0.038295,1.60584,1.0031,0.165294,-0.0435687,0.888464,0.000283954,0.000186527,5.00834e-05,9.95242e-05,-0.0385105,0.0302074,-0.0687179,21.7708,0.0695261
2025-07-11 00:00:00+00:00,-0.0234453,1.56819,0.836048,0.111701,-0.0180907,1.61395,0.00051432,0.00022186,0.000207959,6.53757e-05,-0.0223822,0.00138912,-0.0237713,25.4792,0.0654529
2025-07-12 00:00:00+00:00,0.000740269,1.56935,0.906647,0.133463,-0.0139222,1.07934,0.000345442,0.000169561,6.16843e-05,-0.000161312,0.00153134,-0.00448078,0.00601212,24.0833,0.0659261
2025-07-13 00:00:00+00:00,-0.00824596,1.55641,0.938749,0.220783,-0.00532787,0.774162,0.000247724,0.000148404,3.74473e-05,1.00589e-06,-0.00779935,0.00743094,-0.0152303,23.375,0.0675372
2025-07-14 00:00:00+00:00,0.000360814,1.55698,0.894893,0.246635,-0.0184599,1.54063,0.000493264,0.000387986,0.000274527,-6.26304e-05,0.00164128,0.00546241,-0.00382113,21.6458,0.0659538
2025-07-15 00:00:00+00:00,-0.00158219,1.55451,0.831105,0.23113,-0.0146794,0.798252,0.000255443,0.000133635,2.74692e-05,5.15305e-05,-0.00116992,0.00412891,-0.00529882,19.8333,0.0634965
2025-07-16 00:00:00+00:00,-0.00479853,1.54705,0.906971,0.267059,-0.00979766,1.03111,0.00032988,0.000119546,3.35135e-05,-9.28389e-06,-0.00426719,0.0204095,-0.0246767,20.1458,0.0624876
2025-07-17 00:00:00+00:00,0.0172199,1.57369,0.745243,0.223165,-0.00538931,0.858084,0.000274747,9.77472e-05,2.92447e-05,7.07147e-06,0.0175305,0.0107902,0.00674029,20.4375,0.0659406
2025-07-18 00:00:00+00:00,0.010717,1.59056,0.695565,0.162382,-0.00161984,0.906313,0.000290098,0.000113734,2.79895e-05,-5.42767e-06,0.0111148,0.00738183,0.00373297,23.1458,0.0691526
2025-07-19 00:00:00+00:00,-0.00216753,1.58711,0.727782,0.165833,0.000765475,0.71988,0.000230398,8.06254e-05,2.4574e-05,-5.77954e-05,-0.00175913,0.00407514,-0.00583428,22.2708,0.0714414
2025-07-20 00:00:00+00:00,0.0133587,1.60831,0.737926,0.127042,-0.00283578,0.852264,0.000272789,9.98e-05,2.21763e-05,-1.96121e-05,0.0137082,0.0174087,-0.00370049,25,0.0934011
2025-07-21 00:00:00+00:00,-6.30778e-06,1.6083,0.926137,0.143506,-0.0154457,0.684064,0.000218746,0.00017859,6.38096e-05,0.000191319,0.00034037,0.0106146,-0.0102742,26.75,0.092623
2025-07-22 00:00:00+00:00,0.00879113,1.62244,0.947244,0.146487,-0.0104216,0.336798,0.000107819,5.7831e-05,1.6601e-05,0.000117785,0.00886582,0.00961558,-0.000749768,27,0.0918585
2025-07-23 00:00:00+00:00,0.00173001,1.62525,0.904418,0.148068,-0.0116715,0.439701,0.000140672,9.3626e-05,1.94234e-05,1.41816e-05,0.00212211,-0.0327232,0.0348453,27,0.091152
2025-07-24 00:00:00+00:00,0.020067,1.65786,0.82828,0.121335,-0.00436609,0.511992,0.000163896,0.000194506,2.36021e-05,-0.000276101,0.0205989,-0.00534925,0.0259482,27,0.0908263
2025-07-25 00:00:00+00:00,-0.0170742,1.62955,0.834499,0.119474,-0.00365166,0.366086,0.000117078,0.000135776,1.79884e-05,-0.000694784,-0.0161847,0.00604306,-0.0222278,27,0.094394
2025-07-26 00:00:00+00:00,-0.0056143,1.62041,0.878032,0.133408,-0.00795159,0.324124,0.000103688,9.73738e-05,1.49273e-05,-0.000171909,-0.0051961,0.00137483,-0.00657093,27,0.0923496
2025-07-27 00:00:00+00:00,0.0187771,1.65083,0.873915,0.140394,-0.00838156,0.402007,0.00012869,8.14617e-05,1.41639e-05,-6.63044e-05,0.0189382,0.0154199,0.00351836,27,0.0906278
2025-07-28 00:00:00+00:00,-0.0128955,1.62954,0.815059,0.153826,-0.0131436,0.820071,0.000262256,0.000192549,8.42747e-05,7.60941e-05,-0.0123853,-0.014257,0.00187171,27,0.0926569
2025-07-29 00:00:00+00:00,-0.00333542,1.62411,0.623186,0.144408,-0.0154903,0.383521,0.000122683,0.000115094,1.98241e-05,-0.000333928,-0.0026375,-0.00240426,-0.000233237,27,0.0904279
2025-07-30 00:00:00+00:00,-0.00196803,1.62091,0.704174,0.138925,-0.0167737,0.598808,0.000191623,0.000121432,2.45017e-05,3.20556e-05,-0.00161861,-0.00330454,0.00168593,27.4167,0.0946912
2025-07-31 00:00:00+00:00,0.0127463,1.64157,0.767964,0.143788,-0.0224056,0.397271,0.000127136,4.93882e-05,1.52924e-05,4.30482e-05,0.0128691,-0.0109588,0.0238279,28,0.0937757
2025-08-01 00:00:00+00:00,-0.0112174,1.62316,0.738726,0.152912,-0.0180496,0.514244,0.00016448,5.39434e-05,1.95389e-05,-4.89607e-05,-0.0109136,-0.01516,0.0042464,28.0417,0.0933475
2025-08-02 00:00:00+00:00,-0.00786025,1.6104,0.772431,0.180873,-0.00586438,0.558619,0.000178726,4.453e-05,1.96512e-05,-1.5354e-05,-0.00760087,-0.0129634,0.00536255,28.8958,0.0894756
2025-08-03 00:00:00+00:00,0.00331502,1.61574,0.838541,0.188265,-0.000550565,0.475644,0.000152255,8.22803e-05,1.43558e-05,7.72163e-06,0.0035866,0.0170408,-0.0134542,29.6042,0.0861214
2025-08-04 00:00:00+00:00,0.00349238,1.62138,0.935265,0.175146,-0.0221386,1.08064,0.000345881,0.000190017,5.56023e-05,3.33147e-05,0.00410466,0.0210498,-0.0169452,29,0.0845373
2025-08-05 00:00:00+00:00,-0.00623732,1.61127,0.941662,0.1591,-0.0213561,0.878031,0.000280909,0.000130099,2.5176e-05,2.19145e-05,-0.00579349,-0.0160315,0.010238,29.1458,0.0852083
2025-08-06 00:00:00+00:00,0.00588181,1.62075,0.874259,0.160239,-0.0158631,0.484503,0.000155075,6.81841e-05,1.66231e-05,3.97487e-05,0.00609243,0.010373,-0.00428053,30,0.086263
2025-08-07 00:00:00+00:00,0.0113987,1.63922,0.861989,0.174144,-0.0173831,0.743445,0.000237932,0.000167373,2.0413e-05,-7.3768e-06,0.0118104,0.0266717,-0.0148613,30,0.089907
2025-08-08 00:00:00+00:00,0.00986661,1.65539,0.908778,0.180137,-0.0180241,1.27265,0.000407366,0.000187158,4.00709e-05,2.37148e-05,0.0104573,0.00387567,0.00658166,24.5208,0.0917881
2025-08-09 00:00:00+00:00,-0.000503937,1.65456,0.765032,0.17082,-0.0149992,0.840111,0.000268814,0.000145358,1.95513e-05,6.37783e-05,-0.000107806,0.00510339,-0.0052112,21.1458,0.0923265
2025-08-10 00:00:00+00:00,0.00451995,1.66204,0.547926,0.112886,-0.0112339,0.595374,0.000190535,5.36605e-05,1.37148e-05,-4.58148e-05,0.0048217,0.00364496,0.00117674,21.4583,0.0912848
2025-08-11 00:00:00+00:00,0.00695716,1.6736,0.614224,0.112361,-0.0141888,0.782887,0.000250623,7.8564e-05,2.48333e-05,3.76162e-05,0.00728627,-0.00820434,0.0154906,24.3958,0.0914667
2025-08-12 00:00:00+00:00,0.00483927,1.6817,0.771217,0.129109,-0.0172384,0.856164,0.000274018,7.76084e-05,2.27878e-05,1.79126e-05,0.00522501,0.0257004,-0.0204754,24.2083,0.0926403
2025-08-13 00:00:00+00:00,0.00593259,1.69168,0.756435,0.12943,-0.0165783,0.742385,0.000237614,6.9062e-05,1.93392e-05,-4.03863e-06,0.00627333,0.0122249,-0.00595153,24.3333,0.0940818
2025-08-14 00:00:00+00:00,0.0193568,1.72442,0.936513,0.154429,-0.0148036,1.14886,0.000367935,0.000135387,4.83751e-05,7.98919e-06,0.0197632,-0.0278159,0.0475792,27.0625,0.0957283
2025-08-15 00:00:00+00:00,-0.00107647,1.72257,1.10408,0.190364,-0.00976094,1.14679,0.000367035,0.00015026,4.72455e-05,1.00575e-05,-0.000465157,-0.00519676,0.0047316,27.5,0.0978527
2025-08-16 00:00:00+00:00,0.00791758,1.7362,1.09907,0.187281,-0.0107653,0.825873,0.000264331,0.000102655,2.13511e-05,-3.05273e-05,0.00832161,0.00531627,0.00300534,25.9583,0.0972581
2025-08-17 00:00:00+00:00,-0.00896559,1.72064,0.963891,0.17291,-0.00822107,1.01149,0.000323615,0.000111174,2.32709e-05,7.73611e-05,-0.00859843,0.00339727,-0.0119957,22.9375,0.0969938
2025-08-18 00:00:00+00:00,0.00168312,1.72353,0.682917,0.103431,-0.0192547,1.03356,0.000330619,0.000105184,6.01537e-05,1.01555e-05,0.00219176,-0.0111407,0.0133325,21.0625,0.0937485
2025-08-19 00:00:00+00:00,-0.00351106,1.71748,0.603899,0.0864965,-0.0132326,0.488161,0.000156207,6.61295e-05,1.12964e-05,-2.81738e-06,-0.00325727,-0.0147989,0.0115416,16.7292,0.0926938
2025-08-20 00:00:00+00:00,0.00187141,1.7207,0.619632,0.0980849,-0.0138111,0.489495,0.000156626,0.000105159,1.48228e-05,-1.64049e-05,0.00219089,0.0151421,-0.0129512,17.8125,0.0891534
2025-08-21 00:00:00+00:00,0.00568587,1.73048,0.662534,0.109239,-0.0136923,0.722578,0.00023128,0.000171947,2.12564e-05,-4.13566e-05,0.00615902,-0.0101611,0.0163201,20.6042,0.0884009
2025-08-22 00:00:00+00:00,0.00201436,1.73397,0.525582,0.0674648,-0.00926243,0.630622,0.000201835,0.000175664,2.02325e-05,4.73358e-05,0.00238502,0.0274803,-0.0250952,19.8958,0.0914187
2025-08-23 00:00:00+00:00,0.00490098,1.74247,0.58226,0.079607,-0.00284153,0.44093,0.000141128,0.000106069,1.09272e-05,0.000149637,0.00501256,-0.0022821,0.00729465,22.3958,0.0925297
2025-08-24 00:00:00+00:00,0.00353556,1.74863,0.504572,0.0629505,-0.00493292,0.528066,0.000168982,9.57842e-05,1.02889e-05,7.83276e-05,0.00373594,-0.00134889,0.00508483,22.8333,0.0935518
2025-08-25 00:00:00+00:00,-0.0031779,1.74307,0.418228,0.0376794,-0.00896706,0.475988,0.000152297,0.000110523,2.50896e-05,-0.00064951,-0.00222949,-0.0154357,0.0132062,21.8125,0.0935561
2025-08-26 00:00:00+00:00,-0.00338309,1.73717,0.399428,0.0253364,-0.00853044,0.299177,9.57324e-05,5.58166e-05,5.7665e-06,-0.000350306,-0.00287102,0.00800031,-0.0108713,22,0.0921157
2025-08-27 00:00:00+00:00,0.00344015,1.74315,0.440631,0.0323722,-0.010516,0.359856,0.000115175,5.06241e-05,6.50891e-06,-0.000105377,0.00372671,-0.00100324,0.00472996,21.875,0.0907496
2025-08-28 00:00:00+00:00,-0.00455019,1.73522,0.47992,0.0434019,-0.00899779,0.407336,0.000130343,5.28554e-05,6.39896e-06,8.99928e-06,-0.00436295,0.00547608,-0.00983903,22.8958,0.0911761
2025-08-29 00:00:00+00:00,-0.00157809,1.73248,0.4529,0.0418248,-0.00726436,0.353228,0.000113035,4.48276e-05,7.45652e-06,-2.88583e-05,-0.00137398,-0.00936507,0.00799109,21.25,0.0861488
2025-08-30 00:00:00+00:00,-0.000181504,1.73216,0.406419,0.0280358,-0.00638835,0.216893,6.94029e-05,2.58128e-05,3.32536e-06,8.27787e-05,-0.000160091,0.000411716,-0.000571807,19.7917,0.0804455
2025-08-31 00:00:00+00:00,0.00281968,1.73705,0.356707,0.0187015,-0.00586319,0.217743,6.96842e-05,2.19814e-05,2.91903e-06,0.00019446,0.00271985,-0.000613008,0.00333286,18.5208,0.0809911
2025-09-01 00:00:00+00:00,0.00675274,1.74878,0.427275,0.0197339,0.0015084,0.56403,0.000180509,5.62594e-05,1.98364e-05,8.71672e-05,0.00690892,-0.0019036,0.00881252,20.0208,0.0852313
2025-09-02 00:00:00+00:00,-0.0127843,1.72642,0.610381,0.0365846,-0.00698407,0.578553,0.000185025,4.27644e-05,1.3507e-05,0.00017509,-0.0127839,0.00836193,-0.0211459,21.1875,0.0866143
2025-09-03 00:00:00+00:00,0.000877583,1.72794,0.687343,0.0698282,-0.00765537,0.479203,0.000153355,5.64498e-05,1.08524e-05,0.000202685,0.000909599,0.00538003,-0.00447043,17.8542,0.0799076
2025-09-04 00:00:00+00:00,-0.00208411,1.72433,0.786838,0.101603,-0.00851932,0.809005,0.000258866,8.35897e-05,1.97456e-05,0.00015648,-0.00184824,-0.0106768,0.00882858,19.9167,0.0793731
2025-09-05 00:00:00+00:00,-0.00843011,1.7098,0.667357,0.0740375,-0.00578018,0.809926,0.000259126,9.02761e-05,1.8311e-05,-4.89569e-05,-0.00801911,0.00289648,-0.0109156,22.1458,0.0779025
2025-09-06 00:00:00+00:00,-0.0106015,1.69167,0.744632,0.108146,-0.0109535,0.520745,0.000166591,4.42224e-05,1.21921e-05,-0.000501585,-0.00989689,-0.0014482,-0.00844869,19.3125,0.0720452
2025-09-07 00:00:00+00:00,-0.0378402,1.62766,0.69234,0.107017,-0.0272633,0.707057,0.000226065,6.54325e-05,2.80078e-05,-0.000393291,-0.037786,0.00825855,-0.0460445,16.0625,0.066513
2025-09-08 00:00:00+00:00,-0.0326906,1.57445,0.87273,0.200019,-0.0448374,0.940691,0.000300664,0.000119245,4.28822e-05,-0.000721869,-0.0319583,0.00665486,-0.0386132,18.6667,0.0590881
2025-09-09 00:00:00+00:00,-0.00693268,1.56353,0.742597,0.194605,-0.0221297,1.08726,0.000347864,0.000304542,4.42387e-05,-0.00185822,-0.00435565,0.00133049,-0.00568614,20.9583,0.0513314
2025-09-10 00:00:00+00:00,-0.00228929,1.55995,0.641921,0.163297,-0.0196504,0.863937,0.000276438,0.000175166,3.11357e-05,-0.000900171,-0.000884234,0.00727136,-0.00815559,21.2917,0.0461622
2025-09-11 00:00:00+00:00,-0.000135023,1.55974,0.639257,0.151353,-0.025367,0.828171,0.000264988,0.000186883,3.05593e-05,-0.000914949,0.00130406,0.00844779,-0.00714373,20.375,0.0466628
2025-09-12 00:00:00+00:00,0.0145884,1.5825,0.789321,0.144278,-0.030479,0.907092,0.000290381,0.000229473,2.69672e-05,-0.000378401,0.0154473,0.0179697,-0.00252243,19.375,0.0494135
2025-09-13 00:00:00+00:00,-0.0160464,1.5571,0.836849,0.151616,-0.0281947,0.767454,0.00024537,0.000208098,2.43257e-05,-0.000178452,-0.0154612,0.00296348,-0.0184247,21.0833,0.0515612
2025-09-14 00:00:00+00:00,0.000445315,1.5578,0.712307,0.17921,-0.0288049,0.659128,0.000210918,0.000176754,1.78232e-05,-0.000239864,0.00113293,-0.0055878,0.00672074,16.3958,0.0500262
2025-09-15 00:00:00+00:00,0.00158552,1.56027,0.754917,0.192209,-0.0278253,0.861026,0.00027554,0.00015895,2.43889e-05,-0.000329815,0.00240317,-0.00737316,0.00977633,18.7917,0.0522264
2025-09-16 00:00:00+00:00,0.00579721,1.56931,0.797994,0.209257,-0.0236937,0.712739,0.000228123,0.000124223,1.84078e-05,-0.000247952,0.00641891,0.00436407,0.00205484,20.7292,0.0545031
2025-09-17 00:00:00+00:00,-0.000924481,1.56786,0.828085,0.193337,-0.00943322,0.877803,0.000280863,0.000228102,2.4052e-05,-0.000694393,0.00032873,0.0090513,-0.00872257,20.3542,0.0546447
2025-09-18 00:00:00+00:00,-0.000639719,1.56686,0.376696,0.109915,0.00967418,0.928861,0.000297241,0.000249996,1.83187e-05,-0.000129206,5.91396e-05,0.00113384,-0.0010747,19.5208,0.0278197
2025-09-19 00:00:00+00:00,0.00385542,1.5729,0.265085,0.0713576,0.00200798,0.56556,0.000181012,0.000122525,1.05342e-05,-4.21555e-06,0.00417113,-0.0039935,0.00816463,17.0417,0.0272395
2025-09-20 00:00:00+00:00,-0.000686512,1.57182,0.33547,0.116079,0.00214852,0.488088,0.00015618,9.83041e-05,1.24237e-05,-0.0001354,-0.000276279,0.000511379,-0.000787658,12.1042,0.0308742
2025-09-21 00:00:00+00:00,0.00566943,1.58073,0.423565,0.171564,0.0057696,0.572064,0.000183093,0.000160381,1.42103e-05,-6.98256e-05,0.0060878,-0.00228656,0.00837436,14.5208,0.0346085
2025-09-22 00:00:00+00:00,0.00969097,1.59605,0.541472,0.144404,-0.00861512,1.0234,0.000327754,0.00021726,5.34634e-05,-7.27247e-05,0.0103615,-0.0156899,0.0260514,18.5,0.0401851
2025-09-23 00:00:00+00:00,0.00580255,1.60531,0.467122,0.120607,-0.00701722,0.327712,0.00010489,3.50452e-05,8.18301e-06,-0.000148572,0.00609396,-0.00456368,0.0106576,17.2708,0.042872
2025-09-24 00:00:00+00:00,0.0024818,1.6093,0.454443,0.116923,-0.00586754,0.360333,0.000115312,2.51309e-05,6.64546e-06,-2.38973e-05,0.00265546,0.00152645,0.00112901,18.4167,0.0437395
2025-09-25 00:00:00+00:00,-0.00592878,1.59975,0.356665,0.0878231,-0.00419186,0.399709,0.000127893,3.12066e-05,7.44667e-06,4.83475e-05,-0.00581314,-0.015253,0.00943981,17.9375,0.0445759
2025-09-26 00:00:00+00:00,-0.00041122,1.5991,0.282899,0.068477,-0.00213906,0.231761,7.41627e-05,2.31139e-05,4.03394e-06,1.02704e-05,-0.000313404,0.00479799,-0.00511139,15.2917,0.038066
2025-09-27 00:00:00+00:00,-0.00220629,1.59557,0.260664,0.0744101,-0.00258535,0.181545,5.80946e-05,1.93461e-05,2.27776e-06,2.4495e-05,-0.00214867,4.83685e-05,-0.00219704,12.0208,0.034387
2025-09-28 00:00:00+00:00,-0.01623,1.56967,0.304119,0.119621,-0.00274889,0.585964,0.000187589,4.84875e-05,3.17419e-05,6.30828e-05,-0.016077,0.00729014,-0.0233672,11.7083,0.0306869
2025-09-29 00:00:00+00:00,0.012019,1.58854,0.366742,0.163687,-0.00231347,0.411633,0.000131758,4.77135e-05,2.5889e-05,4.02601e-05,0.0121276,0.00493601,0.00719161,14,0.027177
2025-09-30 00:00:00+00:00,-0.00268072,1.58428,0.459575,0.19385,-0.0133479,0.0970086,3.10235e-05,1.84405e-05,3.75742e-06,-6.26507e-05,-0.00253987,-0.00309512,0.000555253,15.5833,0.0339322
2025-10-01 00:00:00+00:00,0.00758594,1.5963,0.526278,0.210548,-0.00518809,0.178064,5.69958e-05,2.17322e-05,6.33813e-06,-0.000451008,0.00811614,0.014398,-0.00628184,16,0.0338579
2025-10-02 00:00:00+00:00,0.0139525,1.61857,0.725585,0.258785,0.00505122,0.283048,9.06128e-05,1.78132e-05,1.08672e-05,-0.000320738,0.0143215,0.0166252,-0.00230373,16.8333,0.0363657
2025-10-03 00:00:00+00:00,0.00813823,1.63174,0.743622,0.223781,-0.00162773,1.30693,0.000418286,8.23008e-05,5.05375e-05,-0.000206993,0.00889964,0.00689514,0.00200449,18.9167,0.0436319
2025-10-04 00:00:00+00:00,0.00279173,1.6363,0.744396,0.21811,-0.00346725,1.2159,0.000389146,8.19739e-05,4.82567e-05,-0.000106223,0.00343531,-0.00705008,0.0104854,19.6875,0.049227
2025-10-05 00:00:00+00:00,-0.00429875,1.62926,0.646734,0.206609,-0.00699298,0.499477,0.000159808,7.67477e-05,2.15307e-05,-3.80723e-05,-0.00397157,0.0023651,-0.00633667,17.25,0.0514393
2025-10-06 00:00:00+00:00,-0.0158432,1.60345,0.99103,0.282527,-0.00805916,1.10478,0.000353722,0.000101014,0.000162087,-8.65522e-05,-0.0151846,0.012482,-0.0276665,20.1875,0.0508442
2025-10-07 00:00:00+00:00,0.00955937,1.61878,1.04556,0.296301,-0.000431932,0.569368,0.00018228,5.38582e-05,1.40189e-05,-1.90534e-06,0.0098206,-0.0239906,0.0338112,22,0.0502323
2025-10-08 00:00:00+00:00,0.0049326,1.62676,0.867462,0.232639,0.0059835,1.31751,0.000421668,0.000181602,3.31891e-05,-1.19094e-06,0.00557711,0.012051,-0.00647392,22,0.0494947
2025-10-09 00:00:00+00:00,0.00454098,1.63415,0.754091,0.164301,0.00203963,0.640804,0.000205064,9.61399e-05,1.32907e-05,3.07743e-05,0.00483033,-0.0131224,0.0179528,19.8333,0.0498181
2025-10-10 00:00:00+00:00,0.017002,1.66194,0.585013,0.120573,0.00104578,1.26525,0.000405768,0.000288752,0.000336788,1.98039e-05,0.0199549,-0.0384133,0.0583681,18.8125,0.049837
2025-10-11 00:00:00+00:00,-0.00743035,1.64959,0.484899,0.167728,-0.000719883,0.164248,5.25651e-05,8.16201e-05,2.99645e-05,0.000264803,-0.00752226,-0.00642758,-0.00109468,22,0.0520354
2025-10-12 00:00:00+00:00,0.0215807,1.68519,0.578342,0.184374,-0.000468469,0.33592,0.000107565,6.62948e-05,5.5109e-05,6.64419e-05,0.0215454,0.0306564,-0.00911102,24.75,0.0536905
2025-10-13 00:00:00+00:00,0.00170664,1.68806,0.765155,0.218144,0.00113583,0.527834,0.000169011,0.000192364,0.000142087,-3.7039e-06,0.00223486,0.012992,-0.0107571,27.2083,0.0598363
2025-10-14 00:00:00+00:00,0.00207877,1.69157,0.867873,0.221167,0.00443532,0.386568,0.000123689,0.000110369,3.66033e-05,-8.72749e-06,0.00239387,-0.0172385,0.0196324,28,0.0600624
2025-10-15 00:00:00+00:00,0.00167706,1.69441,0.946169,0.232008,0.00384168,0.60422,0.000193386,0.000144633,3.52773e-05,-0.000141128,0.0022251,-0.020015,0.0222401,28,0.0558943
2025-10-16 00:00:00+00:00,-0.000267374,1.69396,0.746098,0.191549,0.00698514,1.11997,0.000358401,0.000209442,3.92877e-05,-0.0001319,0.000489808,-0.011626,0.0121158,25.2708,0.0538169
2025-10-17 00:00:00+00:00,-0.0112358,1.67492,0.71166,0.166893,0.00680666,1.36265,0.000435979,0.00032366,7.81818e-05,-2.01036e-05,-0.0104242,-0.0130155,0.00259126,21.4792,0.0504161
2025-10-18 00:00:00+00:00,-0.00689864,1.66337,0.931897,0.226274,0.0042284,0.374721,0.000119899,3.19111e-05,1.04762e-05,-6.69662e-05,-0.00665977,0.0086524,-0.0153122,23.5,0.046982
2025-10-19 00:00:00+00:00,0.00956539,1.67928,1.01172,0.255484,0.00316337,0.292629,9.36547e-05,1.64823e-05,7.65977e-06,3.58968e-05,0.00963666,0.0128731,-0.00323645,24.5833,0.0458057
2025-10-20 00:00:00+00:00,0.0116028,1.69876,1.08941,0.230933,0.00100304,0.299923,9.59115e-05,2.4451e-05,3.83715e-05,-0.000232503,0.0119577,0.0134013,-0.00144356,25,0.0493054
2025-10-21 00:00:00+00:00,-0.00698945,1.68689,1.06732,0.236512,0.00613387,0.20585,6.58475e-05,9.41201e-06,4.95478e-06,-0.000154019,-0.00674726,-0.0170896,0.0103423,25,0.0501874
2025-10-22 00:00:00+00:00,0.00672594,1.69824,0.968399,0.204543,0.00514412,0.41418,0.000132581,1.86253e-05,1.48479e-05,-0.000458456,0.00736014,-0.00939575,0.0167559,25.1458,0.0476451
2025-10-23 00:00:00+00:00,-0.00426809,1.69099,0.821713,0.15623,0.0102788,1.41974,0.000454332,6.21107e-05,4.94871e-05,-0.000173621,-0.0035174,0.0105122,-0.0140296,25.1875,0.0493196
2025-10-24 00:00:00+00:00,-0.000603865,1.68997,0.771212,0.155799,0.01463,1.02322,0.000327408,0.000111151,3.03431e-05,-0.000138381,2.15965e-05,0.0118108,-0.0117892,21.4583,0.0486829
2025-10-25 00:00:00+00:00,-0.00145265,1.68751,0.578399,0.128377,0.00856067,0.543945,0.000174069,5.87945e-05,1.12854e-05,-0.000133943,-0.00106423,0.00285802,-0.00392225,16.2708,0.0468821
2025-10-26 00:00:00+00:00,-0.00671258,1.67618,0.669911,0.154841,0.00713555,0.0631135,2.01751e-05,8.22766e-06,7.28576e-07,-0.000162985,-0.00652063,0.0148775,-0.0213981,16,0.046489
2025-10-27 00:00:00+00:00,0.00649501,1.68707,0.639553,0.165337,-0.00435698,0.634689,0.000203152,5.46546e-05,5.36344e-05,-1.59624e-05,0.00683246,-0.00322929,0.0100617,19.9375,0.0479983
2025-10-28 00:00:00+00:00,-0.00886425,1.67212,0.514474,0.122725,-0.0185465,0.774787,0.00024787,0.00015122,1.955e-05,3.52252e-05,-0.00850088,-0.00644862,-0.00205226,17.9583,0.0526085
2025-10-29 00:00:00+00:00,0.00240347,1.67613,0.431103,0.0986915,-0.00894789,0.649759,0.000207958,0.000116713,2.08599e-05,8.18586e-06,0.00275499,-0.00451678,0.00727177,14.7708,0.0504455
2025-10-30 00:00:00+00:00,0.0122213,1.69662,0.441484,0.115767,0.00507167,0.580884,0.000185916,0.000115751,1.95741e-05,2.55841e-05,0.0124604,-0.0076535,0.0201139,15.5625,0.0503648
2025-10-31 00:00:00+00:00,-0.00300496,1.69152,0.352251,0.0668688,-0.00144763,0.532248,0.000170292,0.000100321,2.39005e-05,-4.27452e-07,-0.00268608,0.00263582,-0.0053219,16.5,0.054757
2025-11-01 00:00:00+00:00,0.00158114,1.6942,0.41851,0.0966587,-0.000456826,0.448345,0.000143427,4.21788e-05,2.05895e-05,2.80268e-06,0.0017958,0.00297277,-0.00117697,18.875,0.0528417
2025-11-02 00:00:00+00:00,0.00902144,1.70948,0.324855,0.0945163,-0.00148481,0.299324,9.58074e-05,3.56108e-05,7.55643e-06,-9.1736e-06,0.0091353,0.000788774,0.00834653,15.0625,0.0521218
2025-11-03 00:00:00+00:00,-0.00107384,1.70764,0.429294,0.0930514,-0.0153151,0.515853,0.000165113,3.55975e-05,3.16327e-05,1.45038e-05,-0.000837677,-0.0191061,0.0182684,15.4375,0.0557996
2025-11-04 00:00:00+00:00,-0.00353698,1.7016,0.45561,0.0941947,-0.0081491,0.460274,0.000147274,3.9201e-05,1.70257e-05,-5.90054e-06,-0.00329726,-0.0160535,0.0127563,17.7708,0.0547015
2025-11-05 00:00:00+00:00,-0.00111646,1.6997,0.503171,0.10979,-0.000865911,0.341292,0.000109211,3.00512e-05,1.30489e-05,2.85726e-05,-0.00097262,0.0108622,-0.0118348,15.8542,0.0505941
2025-11-06 00:00:00+00:00,0.000311308,1.70023,0.519419,0.104387,-0.00251038,0.517386,0.000165545,3.17069e-05,2.06056e-05,-1.35166e-05,0.000577883,-0.00787294,0.00845082,17.4583,0.0478571
2025-11-07 00:00:00+00:00,-0.0178935,1.66981,0.584239,0.122511,-0.000917161,0.613812,0.000196299,4.6498e-05,2.75793e-05,-7.11077e-05,-0.017657,0.0144923,-0.0321494,18.5208,0.046366
2025-11-08 00:00:00+00:00,0.00426206,1.67693,0.543304,0.14926,0.00472718,0.473404,0.000151517,6.83124e-05,1.62532e-05,1.64827e-07,0.00452412,-0.00271049,0.00723461,17.7708,0.0445035
2025-11-09 00:00:00+00:00,0.00377598,1.68326,0.448165,0.121034,0.00245813,0.339393,0.00010861,4.35881e-05,9.99828e-06,2.9115e-07,0.00395145,0.00908134,-0.00512989,15.5208,0.0472017
2025-11-10 00:00:00+00:00,0.0051965,1.69201,0.401686,0.0966122,-0.00110759,0.404138,0.000129377,3.3446e-05,2.36443e-05,2.9868e-05,0.00536176,0.00316263,0.00219914,17.5833,0.0485539
2025-11-11 00:00:00+00:00,0.00490749,1.70031,0.356397,0.0789995,0.000153245,0.307489,9.84086e-05,6.74835e-05,8.90315e-06,1.1636e-05,0.00507008,-0.00896397,0.014034,17.4375,0.0526955
2025-11-12 00:00:00+00:00,-0.00148609,1.69778,0.297385,0.0613322,0.000325092,0.319256,0.00010215,8.44411e-05,7.86028e-06,2.13124e-05,-0.00130831,-0.000899985,-0.000408322,19.5833,0.0541824
2025-11-13 00:00:00+00:00,0.00283866,1.7026,0.3192,0.0502298,0.000636182,0.34698,0.000111091,5.7262e-05,1.02709e-05,2.48133e-05,0.00299893,-0.00615509,0.00915402,19.6042,0.0546891
2025-11-14 00:00:00+00:00,-0.00386574,1.69602,0.35085,0.0520945,0.000633897,0.418801,0.000134,6.89401e-05,1.85426e-05,7.5197e-05,-0.00371188,-0.00619281,0.00248093,20.1458,0.0542056
2025-11-15 00:00:00+00:00,0.00212626,1.69963,0.390535,0.0658975,-0.00118601,0.311378,9.96386e-05,4.005e-05,9.67386e-06,-0.000193772,0.00247854,0.00245677,2.17729e-05,21.7708,0.0502221
2025-11-16 00:00:00+00:00,0.00174496,1.70259,0.413332,0.0721923,-0.00245085,0.363006,0.000116168,3.99564e-05,9.37064e-06,-0.000379157,0.00229999,-0.00428515,0.00658514,21.9375,0.0502398
2025-11-17 00:00:00+00:00,0.00363212,1.70878,0.775635,0.0763766,-0.013797,1.59683,0.000511401,0.000138585,0.000149286,-0.00038114,0.00485211,-0.00833314,0.0131853,26.5833,0.0693024
2025-11-18 00:00:00+00:00,0.0056718,1.71847,0.575665,0.0531275,-0.00513965,0.565332,0.000180934,6.29748e-05,1.59224e-05,4.67484e-06,0.00592718,0.0123124,-0.00638517,24.3958,0.0672491
2025-11-19 00:00:00+00:00,0.00493626,1.72695,0.516503,0.0577005,-0.00745915,0.733103,0.00023466,0.00011925,2.34966e-05,-7.81791e-06,0.00533415,-0.00534811,0.0106823,25.5833,0.0686481
2025-11-20 00:00:00+00:00,-0.0020096,1.72348,0.57745,0.0750473,-0.00629648,0.571483,0.000182866,0.000107969,1.52795e-05,-7.23197e-05,-0.0016207,-0.0161288,0.0145081,24.4583,0.0685228
2025-11-21 00:00:00+00:00,0.00495956,1.73203,0.420075,0.0452431,-0.00164228,0.560792,0.000179493,7.74989e-05,2.13084e-05,-1.59352e-07,0.00524365,-0.0110333,0.016277,23.8125,0.0658674
2025-11-22 00:00:00+00:00,-0.0157837,1.70469,0.514775,0.0627762,0.000728144,0.774879,0.000247617,5.68083e-05,6.62632e-05,-6.36199e-05,-0.0153595,-0.000452995,-0.0149065,24.1042,0.0685456
2025-11-23 00:00:00+00:00,-0.000236269,1.70429,0.730798,0.115678,-0.00206836,1.30591,0.000417867,0.000133162,6.68621e-05,6.13937e-05,0.000340667,0.00533362,-0.00499295,26.1458,0.0664377
2025-11-24 00:00:00+00:00,-0.00193985,1.70098,0.872816,0.130794,0.000291533,1.75336,0.000561109,0.000165411,0.000108588,-0.000241072,-0.000843975,0.0134007,-0.0142447,28.2083,0.0659472
2025-11-25 00:00:00+00:00,-0.0110896,1.68212,0.909569,0.147331,-0.00175694,0.828661,0.000265108,6.54849e-05,2.79092e-05,0.000149086,-0.0109004,-0.00159172,-0.00930867,25.1667,0.0641568
2025-11-26 00:00:00+00:00,0.00691317,1.69375,0.863624,0.141788,-0.00113279,0.838473,0.000268363,6.64411e-05,2.60868e-05,-0.000115594,0.00740027,0.0112736,-0.00387328,24.9792,0.0586762
2025-11-27 00:00:00+00:00,-0.0014243,1.69133,0.794693,0.113462,0.00260287,0.6827,0.000218473,7.21318e-05,1.86226e-05,-3.09632e-05,-0.00107207,-0.00510413,0.00403206,24.125,0.0614024
2025-11-28 00:00:00+00:00,0.00659939,1.7025,0.673262,0.0902461,0.00138447,1.02366,0.00032761,0.000184011,3.31665e-05,0.000118842,0.00701325,-0.0062094,0.0132227,23.6458,0.0630877
2025-11-29 00:00:00+00:00,-0.000424567,1.70177,0.425009,0.0503263,-0.00191949,0.506296,0.00016201,9.1649e-05,1.1681e-05,5.21775e-05,-0.000207933,-0.00120337,0.000995432,21.9583,0.0662917
2025-11-30 00:00:00+00:00,0.00280686,1.70655,0.408006,0.0523123,-0.00399662,0.44654,0.000142906,7.62523e-05,8.39487e-06,6.58847e-05,0.00296703,-0.00459392,0.00756095,19.8125,0.067505
2025-12-01 00:00:00+00:00,-0.00614993,1.69605,0.428013,0.0522739,-0.00339715,0.698607,0.000223518,9.83357e-05,4.40694e-05,-0.000417509,-0.00534643,-0.0167491,0.0114027,23.25,0.0699626
2025-12-02 00:00:00+00:00,0.00357492,1.70212,0.429751,0.0566999,-0.00265901,0.452837,0.00014492,3.67056e-05,1.79452e-05,-0.000434233,0.004218,0.0134208,-0.00920284,23.75,0.0665133
2025-12-03 00:00:00+00:00,0.00442873,1.70966,0.507064,0.0846474,-0.00453226,0.529043,0.000169288,3.46221e-05,1.73049e-05,-0.000176661,0.00482815,0.0114045,-0.0065764,23.7708,0.0685816
2025-12-04 00:00:00+00:00,-0.00817612,1.69568,0.539762,0.108804,-0.0070693,0.517971,0.000165727,4.01857e-05,1.95693e-05,-0.000283845,-0.00767142,-0.00837702,0.000705602,23.7292,0.0689481
2025-12-05 00:00:00+00:00,0.00258494,1.70006,0.47778,0.0978477,-0.00671472,0.402284,0.000128741,3.78591e-05,9.88338e-06,-0.000280781,0.00304682,-0.00983644,0.0128833,21.3542,0.0652813
2025-12-06 00:00:00+00:00,-0.000411043,1.69936,0.38597,0.0745982,-0.00815465,0.338801,0.000108416,3.17518e-05,7.0348e-06,-0.000841909,0.000582362,0.000952278,-0.000369915,21.625,0.0645019
2025-12-07 00:00:00+00:00,0.0075764,1.71224,0.404539,0.0766045,-0.00796243,0.403099,0.00012902,4.05041e-05,9.72087e-06,-0.00047045,0.00820749,0.00190265,0.00630483,18.3958,0.0657833
2025-12-08 00:00:00+00:00,0.000420835,1.71296,0.341948,0.0540838,-0.0074378,0.511445,0.00016363,5.68343e-05,3.12218e-05,-0.000123225,0.000800915,0.00113039,-0.000329479,20.4167,0.0713141
2025-12-09 00:00:00+00:00,-0.00126869,1.71078,0.392812,0.0603372,-0.00406246,0.242175,7.75023e-05,2.97568e-05,5.78696e-06,-8.63187e-05,-0.00106457,0.00569141,-0.00675599,19.375,0.0717101
2025-12-10 00:00:00+00:00,0.00856974,1.72545,0.355853,0.0476108,-0.00442943,0.270852,8.66919e-05,2.5817e-05,5.95822e-06,1.44666e-05,0.00864239,-0.00217874,0.0108211,19.8333,0.0721074
2025-12-11 00:00:00+00:00,0.0080025,1.73925,0.406614,0.0515244,-0.00628537,0.469232,0.000150399,4.72014e-05,1.73339e-05,5.02673e-05,0.00816329,0.000232,0.00793129,22.6042,0.0773134
2025-12-12 00:00:00+00:00,0.00372672,1.74574,0.441419,0.0430643,-0.00930827,0.391807,0.000125388,3.26832e-05,9.05615e-06,-4.73269e-05,0.00394007,-0.00322427,0.00716434,24.375,0.0832742
2025-12-13 00:00:00+00:00,-0.00554006,1.73606,0.360891,0.0339477,-0.011138,0.279008,8.92428e-05,1.65853e-05,8.25641e-06,-0.000425212,-0.00500424,0.00152236,-0.0065266,19.7083,0.0838503
2025-12-14 00:00:00+00:00,0.00385249,1.74275,0.39589,0.0405992,-0.0125881,0.20306,6.49862e-05,1.09839e-05,3.6891e-06,-0.000362912,0.00429116,-0.00557813,0.00986929,18.5417,0.0807015
2025-12-15 00:00:00+00:00,0.00270121,1.74746,0.593833,0.031432,-0.0188014,0.801935,0.000256698,9.70413e-05,6.78658e-05,-0.000126062,0.00325976,-0.0100345,0.0132943,20.8333,0.0834304
2025-12-16 00:00:00+00:00,0.00532809,1.75677,0.514006,0.0107722,-0.0152411,0.444387,0.000142223,3.94832e-05,1.26419e-05,-0.000612162,0.00613396,0.00367451,0.00245945,22.2708,0.0835807
2025-12-17 00:00:00+00:00,0.0090034,1.77259,0.507705,0.0112299,-0.0121683,0.4652,0.000148894,3.59119e-05,1.39835e-05,-9.397e-06,0.00918515,-0.00804587,0.017231,24.0208,0.0871361
2025-12-18 00:00:00+00:00,0.00736205,1.78564,0.423243,-0.00873972,-0.00649525,0.612429,0.000196014,5.45101e-05,2.55337e-05,-8.19569e-05,0.00770471,-0.00424779,0.0119525,24.2917,0.0907165
2025-12-19 00:00:00+00:00,-0.00256148,1.78106,0.475457,-0.000872494,-0.0033101,0.624649,0.000199877,6.47479e-05,2.75862e-05,-7.08054e-05,-0.00219381,0.0131883,-0.0153821,25.5417,0.0959939
2025-12-20 00:00:00+00:00,-0.00427792,1.77344,0.492592,0.0159871,-0.008125,0.414792,0.000132718,4.28899e-05,1.54712e-05,-5.34357e-05,-0.00403253,0.000675527,-0.00470806,23.0833,0.0921928
2025-12-21 00:00:00+00:00,-0.00102055,1.77163,0.45213,0.0216811,-0.0130293,0.40333,0.00012906,5.66121e-05,1.53124e-05,-9.28836e-05,-0.00070783,0.000375006,-0.00108284,22.3542,0.0867349
2025-12-22 00:00:00+00:00,0.00363829,1.77808,0.378172,0.0294115,-0.0131221,0.4036,0.000129189,5.68531e-05,1.61004e-05,-8.62e-05,0.00393141,0.00089375,0.00303766,21.75,0.0888091
2025-12-23 00:00:00+00:00,-0.00122604,1.7759,0.344469,0.0253424,-0.0131312,0.242322,7.75422e-05,4.52744e-05,7.56541e-06,-0.000112811,-0.00097903,-0.00308733,0.0021083,18.8958,0.0923855
2025-12-24 00:00:00+00:00,-0.00148742,1.77326,0.324569,0.0168999,-0.0143606,0.217019,6.94438e-05,4.1127e-05,6.76105e-06,-0.000118454,-0.0012471,-0.000607162,-0.000639938,18.9792,0.0906167
2025-12-25 00:00:00+00:00,-0.00688979,1.76104,0.376435,0.0302957,-0.015778,0.388509,0.000124253,6.89038e-05,1.47011e-05,-0.000238425,-0.00645384,-0.00331294,-0.0031409,20.9583,0.0843485
2025-12-26 00:00:00+00:00,-0.00578694,1.75085,0.514063,0.0519723,-0.0157333,0.412226,0.000131892,4.9593e-05,1.50607e-05,-0.000266135,-0.0053186,0.00149405,-0.00681265,21.2083,0.0793358
2025-12-27 00:00:00+00:00,-0.00197103,1.7474,0.626055,0.082417,-0.0234797,0.453493,0.000145119,6.58335e-05,1.48283e-05,-0.000131582,-0.00159737,0.0058863,-0.00748367,21.0208,0.0729322
2025-12-28 00:00:00+00:00,0.00976604,1.76446,0.940344,0.13361,-0.0286357,0.944229,0.000302232,0.000130359,3.48345e-05,-0.000161254,0.0103622,0.00180704,0.00855515,21.3125,0.0711233
2025-12-29 00:00:00+00:00,-0.00107427,1.76257,0.668432,0.104044,-0.0272059,1.22304,0.000391236,0.000199964,9.1415e-05,0.000200426,-0.000566817,-0.00114001,0.00057319,22.5625,0.077349
2025-12-30 00:00:00+00:00,-0.00940577,1.74599,0.701039,0.124025,-0.0275135,0.683771,0.000218574,9.98196e-05,0.000120322,1.38312e-07,-0.00892478,0.00402876,-0.0129535,23.6667,0.0821897
2025-12-31 00:00:00+00:00,-0.00453105,1.73808,0.856388,0.160218,-0.0282254,0.921963,0.000294938,0.000106897,5.33185e-05,-0.000149393,-0.00383388,-0.00397332,0.000139439,25.5208,0.0800103
2026-01-01 00:00:00+00:00,-0.00235565,1.73398,0.853037,0.144483,-0.0214129,0.64571,0.000206649,4.79488e-05,1.97833e-05,-0.000106965,-0.00195685,0.00927982,-0.0112367,24.6458,0.0743138
2026-01-02 00:00:00+00:00,-0.0149272,1.7081,0.847952,0.156812,-0.020567,0.69115,0.000221094,6.44139e-05,2.20538e-05,-0.000249678,-0.0144521,0.0112195,-0.0256715,25.75,0.0741867
2026-01-03 00:00:00+00:00,0.00172084,1.71104,0.661328,0.113296,-0.0226945,0.551076,0.000176366,0.000109878,2.21625e-05,-0.000157741,0.00219925,0.00531322,-0.00311396,26.5625,0.073042
2026-01-04 00:00:00+00:00,-0.0039651,1.70426,0.492759,0.0835071,-0.0170677,0.355528,0.000113762,4.12497e-05,1.09336e-05,-0.000397306,-0.00340135,0.00358006,-0.00698141,25.5,0.0719066
2026-01-05 00:00:00+00:00,0.00967014,1.72074,0.446,0.0786911,-0.0159113,0.485451,0.000155455,5.93608e-05,4.85975e-05,-0.000388012,0.0102905,0.00878371,0.00150682,22.9792,0.0717304
2026-01-06 00:00:00+00:00,0.00143101,1.7232,0.394212,0.0543801,-0.012985,0.25262,8.0848e-05,4.27483e-05,7.86693e-06,-0.000309052,0.00188027,0.001366,0.000514265,20.9583,0.0761243
2026-01-07 00:00:00+00:00,-0.00576669,1.71326,0.370006,0.0567324,-0.0130947,0.369082,0.000118068,6.54976e-05,3.44189e-05,-0.000411049,-0.00512813,-0.00689377,0.00176564,23.3125,0.0731589
2026-01-08 00:00:00+00:00,0.00068094,1.71443,0.3424,0.0574357,-0.0107848,0.252398,8.07707e-05,4.9326e-05,8.2647e-06,-0.000134098,0.000964745,-0.00235513,0.00331988,19.2292,0.0697148
2026-01-09 00:00:00+00:00,-0.00470929,1.70635,0.321918,0.0475007,-0.0114033,0.21866,6.99673e-05,5.26574e-05,7.84276e-06,-0.000126065,-0.00445447,-0.000813334,-0.00364114,15.8958,0.0691727
2026-01-10 00:00:00+00:00,0.00327565,1.71194,0.276648,0.0359577,-0.010906,0.16451,5.26465e-05,5.33838e-05,6.05776e-06,-9.93408e-05,0.0034856,0.000348091,0.00313751,12.5417,0.0667233
2026-01-11 00:00:00+00:00,0.000703678,1.71315,0.278785,0.0318659,-0.0153528,0.150914,4.82907e-05,4.50479e-05,4.10329e-06,-8.84126e-05,0.000893837,0.00176756,-0.000873721,13.4583,0.0675306
2026-01-12 00:00:00+00:00,0.00550392,1.72258,0.295413,0.0332764,-0.0176542,0.430213,0.000137686,8.69424e-05,6.18039e-05,-0.000176813,0.00596254,-0.000604907,0.00656745,15.875,0.0686454
2026-01-13 00:00:00+00:00,0.00138195,1.72496,0.360637,0.0406616,-0.0162964,0.441439,0.000141303,9.38546e-05,1.3628e-05,-0.000125206,0.00178328,0.0112468,-0.00946357,17.5625,0.0694647
2026-01-14 00:00:00+00:00,0.000932492,1.72657,0.473883,0.073974,-0.00832904,0.485217,0.000155305,9.64336e-05,1.91687e-05,-0.00119196,0.0024571,0.00151822,0.00093888,18.0625,0.0717699
2026-01-15 00:00:00+00:00,0.000976107,1.72825,0.489781,0.0735509,-0.00869748,0.460312,0.000147247,7.88965e-05,2.54125e-05,-0.00071478,0.00198027,-0.00421285,0.00619312,19.4375,0.0751632
2026-01-16 00:00:00+00:00,-0.00407726,1.72121,0.514459,0.0763829,-0.010808,0.596003,0.000190682,6.9724e-05,1.40829e-05,-0.000883656,-0.00291534,0.00052358,-0.00343893,19.8958,0.0738585
2026-01-17 00:00:00+00:00,-0.000128213,1.72098,0.530167,0.0592893,-0.0100566,0.491387,0.000157246,3.02933e-05,9.80859e-06,-5.26773e-05,0.000126928,-0.000794243,0.000921172,19.8958,0.0712002
2026-01-18 00:00:00+00:00,0.000428354,1.72172,0.476533,0.0353263,-0.0140975,0.289259,9.25669e-05,2.08601e-05,5.57753e-06,-0.000224115,0.0007809,-0.00559887,0.00637977,17.125,0.0731221
2026-01-19 00:00:00+00:00,0.0171695,1.75128,0.446459,0.0629031,-0.017676,0.822877,0.000264066,4.67718e-05,0.000131711,-0.000305021,0.0178381,-0.00268196,0.02052,21.4375,0.0758719
2026-01-20 00:00:00+00:00,0.00394776,1.7582,0.416966,0.0601737,-0.0164098,0.613288,0.000196274,3.68059e-05,2.19523e-05,-2.03894e-05,0.00423032,-0.0131869,0.0174172,22.0625,0.0789578
2026-01-21 00:00:00+00:00,-0.00612528,1.74743,0.400863,0.0441347,-0.00977737,0.462753,0.000148059,3.85258e-05,1.72493e-05,0.00012414,-0.00604162,0.00620337,-0.012245,22.1875,0.0747196
2026-01-22 00:00:00+00:00,5.62189e-05,1.74753,0.275263,0.0289482,-0.00493662,0.220029,7.04075e-05,1.41077e-05,6.62032e-06,-5.77081e-05,0.000208283,-0.000658289,0.000866571,18.3333,0.069351
2026-01-23 00:00:00+00:00,-0.00277916,1.74267,0.273336,0.0335842,-0.00520342,0.284637,9.10806e-05,2.11428e-05,1.04191e-05,-0.000367481,-0.00228338,8.57942e-06,-0.00229196,19.2917,0.0645733
2026-01-24 00:00:00+00:00,-0.0026789,1.738,0.361002,0.0549593,-0.00690569,0.292844,9.3701e-05,2.19524e-05,1.0425e-05,-0.000331225,-0.00221791,0.0012933,-0.00351121,18.1875,0.0601528
2026-01-25 00:00:00+00:00,0.00779902,1.75156,0.342858,0.0681921,-0.00719696,0.268236,8.5853e-05,3.0087e-05,6.47974e-06,2.58113e-05,0.00787141,-0.00798497,0.0158564,17.0625,0.0560504
2026-01-26 00:00:00+00:00,-0.00122973,1.7494,0.312818,0.0580816,-0.00455826,0.352704,0.000112895,6.06737e-05,3.00354e-05,0.000297248,-0.00131366,0.00806078,-0.00937444,17.9792,0.0609077
2026-01-27 00:00:00+00:00,-0.00602723,1.73886,0.356273,0.0803028,-0.00461923,0.387089,0.000123853,8.11763e-05,1.16168e-05,0.000124192,-0.00594256,0.00566065,-0.0116032,17.6458,0.0590294
2026-01-28 00:00:00+00:00,0.00581529,1.74897,0.512233,0.121109,-0.00396053,0.671437,0.000214889,0.000173613,2.0851e-05,0.000223214,0.0060115,-0.00155082,0.00756232,19.7083,0.0559995
2026-01-29 00:00:00+00:00,0.000304147,1.7495,0.491286,0.0934026,-0.00142438,0.775977,0.000248336,0.000116438,2.62819e-05,9.70133e-05,0.000632537,-0.0163738,0.0170063,20.3958,0.0593879
2026-01-30 00:00:00+00:00,0.00401613,1.75653,0.422199,0.0800376,-0.00306975,0.876285,0.000280498,0.000127622,3.58651e-05,2.32624e-05,0.00447046,-0.00436948,0.00883993,22.8542,0.0575824
2026-01-31 00:00:00+00:00,0.00400098,1.76356,0.304106,0.0460561,-0.00025829,0.558346,0.000178707,8.62723e-05,2.0382e-05,1.11576e-05,0.00428572,-0.0127706,0.0170563,17.75,0.0584914
2026-02-01 00:00:00+00:00,-0.00473192,1.75521,0.403421,0.0507498,0.000654664,0.606343,0.000194024,0.000129152,2.69636e-05,-5.35568e-05,-0.00430836,-0.0112731,0.00696476,21.1458,0.0584314
2026-02-02 00:00:00+00:00,0.00810428,1.76943,0.552784,0.0453817,0.00517477,0.734033,0.00023504,0.000130794,0.000146857,6.62488e-05,0.00855726,0.00950193,-0.000944672,23.8333,0.055068
2026-02-03 00:00:00+00:00,-0.0117681,1.74861,0.654433,0.0551809,0.00137357,0.461682,0.000147705,9.5764e-05,3.07478e-05,-0.000300856,-0.0112218,-0.0146622,0.00344044,25,0.0546851
2026-02-04 00:00:00+00:00,-0.0194755,1.71456,0.663205,0.0398865,0.00093471,0.384966,0.000123139,5.9128e-05,2.08758e-05,-0.000681883,-0.018732,-0.016216,-0.00251597,25.25,0.049547
2026-02-05 00:00:00+00:00,-0.00736691,1.70193,0.635669,0.01356,0.00348594,0.151985,4.86397e-05,3.53404e-05,8.9104e-06,-0.000925068,-0.00631247,-0.0510339,0.0447215,26,0.0417954
2026-02-06 00:00:00+00:00,0.0069808,1.71381,0.65523,-0.00211106,0.00149543,0.219367,7.01626e-05,2.79985e-05,1.67349e-05,-0.000302386,0.00743687,0.0409643,-0.0335274,26.0208,0.0365144
2026-02-07 00:00:00+00:00,-0.00224052,1.70997,0.718499,0.0307304,0.00580364,0.193851,6.20122e-05,3.47724e-05,1.26952e-05,-0.000418251,-0.00166548,-0.00188614,0.000220662,27,0.0397536
2026-02-08 00:00:00+00:00,-0.0291129,1.66018,0.767553,0.0332779,-0.00256304,0.135593,4.32886e-05,6.26518e-06,1.60195e-05,-0.00152046,-0.0278774,0.00101202,-0.0288895,27,0.0395159
2026-02-09 00:00:00+00:00,0.0098995,1.67662,0.741279,0.024725,-0.00802581,0.101782,3.26802e-05,2.04155e-05,3.2865e-05,-0.00182664,0.0118138,-2.40246e-05,0.0118378,27,0.0339249
2026-02-10 00:00:00+00:00,-0.0228843,1.63825,0.731814,0.0325204,-0.00699617,0.0323656,1.03326e-05,5.9719e-06,3.39087e-06,-0.00175582,-0.0213242,-0.0113973,-0.0099269,27,0.0307329
2026-02-11 00:00:00+00:00,-0.0292684,1.5903,0.604193,0.0294964,-0.00502891,0.520863,0.000166504,5.80357e-05,2.98278e-05,-0.00165657,-0.0277194,-0.0112289,-0.0164905,27,0.0204268
2026-02-12 00:00:00+00:00,-0.000570531,1.5894,0.0776819,0.0114105,0.00341689,0.340517,0.000108967,3.54284e-05,8.71748e-06,-0.000115878,-0.000300825,0.000810425,-0.00111125,25.4167,0.0119643
2026-02-13 00:00:00+00:00,0.000526552,1.59023,0.0543067,0.0102528,0.00195735,0.21743,6.95786e-05,2.73967e-05,1.12528e-05,-9.77034e-05,0.000732788,0.0011276,-0.000394808,12.2917,0.0122949
2026-02-14 00:00:00+00:00,-0.000607797,1.58927,0.108548,0.0186522,0.00431895,0.363219,0.000116227,4.15246e-05,1.95455e-05,-9.11605e-05,-0.000338506,0.000770794,-0.0011093,10.375,0.0158698
2026-02-15 00:00:00+00:00,0.00108184,1.59098,0.177776,0.0292502,0.00664403,0.530653,0.000169815,6.46963e-05,2.52406e-05,-0.000365508,0.00170829,-0.00200452,0.00371281,12.125,0.0193714
2026-02-16 00:00:00+00:00,-0.0030804,1.58608,0.163664,0.0180127,0.00194328,0.438612,0.000140341,3.32789e-05,2.63986e-05,-0.000309623,-0.00256891,1.82082e-05,-0.00258712,11.4375,0.0192935
2026-02-17 00:00:00+00:00,-0.00110829,1.58433,0.0764657,0.0042363,-0.000782037,0.219518,7.02441e-05,3.50391e-05,1.56354e-05,-0.000275457,-0.000711166,-0.000815031,0.000103865,8.375,0.0143098
2026-02-18 00:00:00+00:00,-0.00198656,1.58118,0.117215,0.00493257,-0.000127894,0.272021,8.70433e-05,8.18399e-05,2.27844e-05,-0.000385866,-0.00140877,-0.00112107,-0.000287704,7.72917,0.0177771
2026-02-19 00:00:00+00:00,-0.00315806,1.57619,0.169888,-0.000497084,-0.00698825,0.390644,0.000124996,0.000105603,2.97662e-05,-0.000829376,-0.00206706,0.000784894,-0.00285195,9.85417,0.0216768
2026-02-20 00:00:00+00:00,-0.00432732,1.56936,0.141921,-0.00453118,-0.00917672,0.565534,0.00018095,0.000105096,3.56228e-05,-0.00105464,-0.00295429,0.00132168,-0.00427597,13.4167,0.0210797
2026-02-21 00:00:00+00:00,-0.000242228,1.56898,0.104473,-0.00524882,-0.00915169,0.464415,0.000148613,9.70274e-05,3.51025e-05,-0.000561727,0.000603368,0.000271613,0.000331755,11.3542,0.0197563
2026-02-22 00:00:00+00:00,-0.00105471,1.56733,0.118286,-0.00375581,-0.0162427,0.502561,0.000160818,8.65485e-05,3.15949e-05,-0.000553671,-0.00022101,-0.000594291,0.000373282,11.2083,0.0223974
2026-02-23 00:00:00+00:00,-0.00998653,1.55168,0.087457,-0.00678413,-0.00770891,0.369725,0.000118289,8.06734e-05,4.48689e-05,-0.000107872,-0.00968017,-0.00151095,-0.00816922,9.3125,0.0176796
2026-02-24 00:00:00+00:00,0.0012925,1.55368,0.0184635,-0.00391764,-0.00705745,0.170118,5.44387e-05,1.81332e-05,2.13685e-05,-0.000145276,0.00153258,-0.000406024,0.00193861,5.52083,0.00878342
2026-02-25 00:00:00+00:00,-1.90175e-05,1.55365,0.0184493,0.00358011,-0.00276849,0.167743,5.3678e-05,1.18895e-05,2.21987e-05,1.70935e-05,5.22619e-05,0.000102625,-5.03636e-05,4.0625,0.00843675
2026-02-26 00:00:00+00:00,-0.00175596,1.55093,0.0703264,0.0240806,0.000464566,0.309499,9.90371e-05,2.42801e-05,3.9521e-05,-8.84639e-05,-0.00150074,-0.000442899,-0.00105785,8.8125,0.0150117
2026-02-27 00:00:00+00:00,-0.000787273,1.5497,0.0408826,0.0128071,-0.00387047,0.244657,7.82896e-05,1.55113e-05,2.72877e-05,1.76588e-05,-0.000683295,-0.000708984,2.56891e-05,8.4375,0.0126833
2026-02-28 00:00:00+00:00,-0.0024342,1.54593,0.0200382,0.000622617,-0.00504676,0.201239,6.43931e-05,8.38142e-06,1.9073e-05,2.01486e-05,-0.00236479,-0.000318673,-0.00204612,6.91667,0.00969719
2026-03-01 00:00:00+00:00,-0.000448489,1.54524,0.00339412,-0.0033533,-0.00438133,0.0673522,2.15525e-05,2.69407e-06,9.2116e-06,7.94717e-06,-0.000422992,3.6433e-06,-0.000426636,2.25,0.00642384
2026-03-02 00:00:00+00:00,-0.000486699,1.54449,0.00126947,-0.00126947,-0.000955935,0.0253178,8.1016e-06,1.0127e-06,4.09808e-06,1.03533e-06,-0.000474584,0,-0.000474584,1.47917,0.00393224
2026-03-03 00:00:00+00:00,0,1.54449,0,0,0,0,0,0,0,0,0,0,0,0,0.00133658
2026-03-04 00:00:00+00:00,0.00125298,1.54642,0.0447329,0.012513,0.00658689,0.224872,7.19617e-05,8.99521e-06,9.87138e-06,-4.14465e-07,0.00134402,0.000987942,0.000356079,5.10417,0.00893068
2026-03-05 00:00:00+00:00,-0.000639302,1.54543,0.180354,0.0342413,0.007697,0.33971,0.000108706,1.68971e-05,1.82919e-05,-9.88985e-06,-0.000483372,-0.00305494,0.00257156,11.9167,0.0170552
2026-03-06 00:00:00+00:00,-0.00021668,1.5451,0.114315,0.0213971,0.00480537,0.378397,0.000121086,2.50086e-05,2.10319e-05,9.21362e-07,-4.96568e-05,-0.00259831,0.00254865,12.4167,0.0155206
2026-03-07 00:00:00+00:00,0.0005696,1.54598,0.080988,0.00841843,0.00386672,0.237164,7.5894e-05,1.57513e-05,1.27829e-05,1.06505e-05,0.000663652,-0.000433073,0.00109672,9.20833,0.0148714
2026-03-08 00:00:00+00:00,-0.00026807,1.54556,0.114326,0.00860296,0.00312345,0.265821,8.50604e-05,1.07137e-05,1.22918e-05,1.36496e-05,-0.000172737,-0.00107835,0.00090561,9.6875,0.0176766
2026-03-09 00:00:00+00:00,-0.000294841,1.54511,0.127395,0.00644788,5.01797e-05,0.400239,0.000128078,2.49317e-05,1.89488e-05,0.000125838,-0.000247286,0.00208434,-0.00233162,11.7917,0.0185738
2026-03-10 00:00:00+00:00,-0.000898265,1.54372,0.136471,-0.00380455,-0.000586417,0.345861,0.000110676,4.08136e-05,1.31335e-05,-3.95168e-06,-0.000726415,0.00166385,-0.00239026,10.6042,0.0209009
2026-03-11 00:00:00+00:00,-0.000446003,1.54303,0.108541,-0.00508157,0.000751538,0.274199,8.77429e-05,7.94009e-05,1.01464e-05,-7.81935e-05,-0.000188855,0.000288863,-0.000477718,9.85417,0.0194827
2026-03-12 00:00:00+00:00,-0.00227322,1.53952,0.0821591,-0.0037478,-0.000994,0.290091,9.28248e-05,7.20181e-05,1.06651e-05,-9.86207e-05,-0.00200016,4.24936e-05,-0.00204265,9.29167,0.0169185
2026-03-13 00:00:00+00:00,-0.000685111,1.53847,0.018715,-0.00416525,-0.00183019,0.182652,5.84474e-05,8.66709e-06,8.62632e-06,-6.15817e-05,-0.000547567,0.000203086,-0.000750653,6.10417,0.0099133
2026-03-14 00:00:00+00:00,2.37609e-05,1.53851,0.000399092,-0.00039779,-0.000262908,0.00776873,2.486e-06,3.51607e-07,6.09048e-07,-2.22355e-06,2.94342e-05,-9.89968e-08,2.95332e-05,0.583333,0.00433379
2026-03-15 00:00:00+00:00,0,1.53851,0,0,0,0,0,0,0,0,0,0,0,0,0.00402304
2026-03-16 00:00:00+00:00,0.00164426,1.54104,0.0194068,0.00329921,0.00244126,0.15532,4.97061e-05,2.7715e-05,5.5101e-06,-9.16294e-05,0.00181778,0.000648933,0.00116884,3.75,0.00971942
2026-03-17 00:00:00+00:00,0.0002457,1.54141,0.00426241,0.00101734,0.000623804,0.0734924,2.35189e-05,6.89316e-06,1.17468e-06,-5.39089e-07,0.000277811,8.67774e-05,0.000191033,3.0625,0.00143139
2026-03-18 00:00:00+00:00,0,1.54141,0,0,0,0,0,0,0,0,0,0,0,0,0.00356788
2026-03-19 00:00:00+00:00,0,1.54141,0,0,0,0,0,0,0,0,0,0,0,0,0.00181407
2026-03-20 00:00:00+00:00,0,1.54141,0,0,0,0,0,0,0,0,0,0,0,0,0.000830204
2026-03-21 00:00:00+00:00,0,1.54141,0,0,0,0,0,0,0,0,0,0,0,0,0
2026-03-22 00:00:00+00:00,0,1.54141,0,0,0,0,0,0,0,0,0,0,0,0,0
2026-03-23 00:00:00+00:00,0,1.54141,0,0,0,0,0,0,0,0,0,0,0,0,0
2026-03-24 00:00:00+00:00,0,1.54141,0,0,0,0,0,0,0,0,0,0,0,0,0
2026-03-25 00:00:00+00:00,0,1.54141,0,0,0,0,0,0,0,0,0,0,0,0,0
2026-03-26 00:00:00+00:00,0,1.54141,0,0,0,0,0,0,0,0,0,0,0,0,8.70533e-05
2026-03-27 00:00:00+00:00,-0.000188759,1.54112,0.00108256,-0.00108256,-0.00094131,0.023092,7.38934e-06,1.16229e-06,1.93557e-06,-3.78167e-07,-0.000177897,0,-0.000177897,0.5625,0.00384385
2026-03-28 00:00:00+00:00,0.000147419,1.54135,0.000622274,-0.000622274,-0.000539215,0.0123555,3.95381e-06,8.44273e-07,1.07774e-06,5.81078e-08,0.000153237,0,0.000153237,0.75,0.00355227
2026-03-29 00:00:00+00:00,-8.75707e-05,1.54122,0.00515262,-0.00515262,-0.00453692,0.0978968,3.13269e-05,6.54438e-06,1.04683e-05,4.12739e-06,-4.33211e-05,0,-4.33211e-05,2.3125,0.00611504
2026-03-30 00:00:00+00:00,-0.000246043,1.54084,0.0112785,-0.00706457,-0.00760384,0.148971,4.76704e-05,1.72428e-05,1.10088e-05,1.18882e-05,-0.000181972,-8.03463e-05,-0.000101626,3.5,0.00849202
2026-03-31 00:00:00+00:00,0.000669154,1.54187,0.0102195,-0.00784837,-0.00904284,0.173654,5.55705e-05,2.34016e-05,1.32459e-05,3.86344e-06,0.000757371,3.93878e-05,0.000717983,4.625,0.00878587
2026-04-01 00:00:00+00:00,-0.00011184,1.5417,0.0578567,-0.00212739,-0.00887489,0.185274,5.92885e-05,1.84911e-05,9.00294e-06,1.92446e-05,-4.36717e-05,-3.85577e-05,-5.11405e-06,5.9375,0.0129865
2026-04-02 00:00:00+00:00,-0.00299474,1.53708,0.0696729,-0.0123299,-0.0155943,0.209654,6.70858e-05,1.79308e-05,9.1447e-06,5.07004e-05,-0.0029519,-0.00135371,-0.00159819,7.83333,0.0140546
2026-04-03 00:00:00+00:00,0.00148069,1.53935,0.0451496,-0.020925,-0.0177673,0.169196,5.41453e-05,3.22136e-05,8.99321e-06,2.88472e-05,0.00154703,0.000154977,0.00139205,7.08333,0.0122665
2026-04-04 00:00:00+00:00,-0.00290595,1.53488,0.0592738,-0.00527947,-0.00876123,0.143095,4.57863e-05,2.46858e-05,7.75858e-06,3.41924e-05,-0.00286404,0.000158838,-0.00302288,6.60417,0.0139997
2026-04-05 00:00:00+00:00,-4.41573e-05,1.53481,0.0200155,-0.00460038,-0.00597405,0.115125,3.68399e-05,6.96839e-06,1.65661e-05,2.12776e-05,-4.77601e-06,-0.000142628,0.000137852,4.20833,0.00968147
2026-04-06 00:00:00+00:00,-0.00321914,1.52987,0.0309079,0.00205037,-0.00490374,0.168059,5.3774e-05,1.47136e-05,2.96548e-05,1.25997e-05,-0.00313722,-0.000383945,-0.00275327,4.29167,0.0103511
2026-04-07 00:00:00+00:00,0.00235008,1.53347,0.0369758,0.00296903,-0.00249412,0.196305,6.28209e-05,2.43685e-05,2.11065e-05,-1.97134e-05,0.00247631,0.00103501,0.0014413,5.91667,0.0110242
2026-04-08 00:00:00+00:00,0.00124361,1.53537,0.0730638,0.012885,0.00837583,0.167736,5.36767e-05,1.26908e-05,1.04704e-05,-4.91123e-05,0.00136991,-0.000841424,0.00221134,7.35417,0.0133686
2026-04-09 00:00:00+00:00,-0.000612191,1.53443,0.0648545,0.00476803,0.00244037,0.256146,8.19661e-05,2.93069e-05,2.0532e-05,-3.15277e-05,-0.000448226,0.00011891,-0.000567136,9.14583,0.014496
2026-04-10 00:00:00+00:00,0.000852067,1.53574,0.0335594,0.00105763,0.00143096,0.184223,5.89526e-05,4.64834e-05,1.6544e-05,1.4685e-05,0.00095926,0.000304262,0.000654998,6.91667,0.0123324
2026-04-11 00:00:00+00:00,-0.000509645,1.53496,0.0823276,0.0242881,0.0102515,0.270818,8.6663e-05,8.62786e-05,2.12696e-05,4.97801e-05,-0.000364726,0.000407222,-0.000771948,8.79167,0.0168919
2026-04-12 00:00:00+00:00,-0.000809155,1.53372,0.0415303,0.0106876,0.00495252,0.220128,7.04394e-05,3.99938e-05,1.44734e-05,2.6245e-05,-0.000710366,-0.00148621,0.000775842,7.52083,0.0138278
2026-04-13 00:00:00+00:00,0.00219276,1.53708,0.0482364,0.00906009,0.00437932,0.307076,9.82746e-05,5.1861e-05,1.92862e-05,-8.87844e-05,0.00244972,0.00251202,-6.23043e-05,7.83333,0.0135583
2026-04-14 00:00:00+00:00,-0.00315548,1.53223,0.163503,0.0358037,0.0152606,0.310956,9.95074e-05,2.1966e-05,1.48744e-05,-0.000256429,-0.00276318,-0.0012341,-0.00152908,10.8542,0.0204109
2026-04-15 00:00:00+00:00,-0.000761262,1.53106,0.207781,0.049504,0.0125953,0.347224,0.000111111,2.65851e-05,1.86623e-05,-0.000148603,-0.000448242,0.00150689,-0.00195514,13.9583,0.0235651
2026-04-16 00:00:00+00:00,-0.01045,1.51506,0.131969,0.0414963,0.00336508,0.327606,0.000104797,2.71519e-05,1.99468e-05,4.22877e-05,-0.0103852,-0.000173099,-0.0102121,11.0417,0.0204893
2026-04-17 00:00:00+00:00,0.00520422,1.52295,0.0840594,0.0293526,0.00114205,0.239552,7.66685e-05,5.04013e-05,3.06331e-05,-1.09277e-05,0.00536317,0.000934715,0.00442846,9.5625,0.0157123
2026-04-18 00:00:00+00:00,0.00185112,1.52577,0.1705,0.0436475,-0.000830167,0.175406,5.6133e-05,3.27976e-05,1.1579e-05,-0.000302899,0.00225743,-0.0026619,0.00491932,11.9583,0.0207078
2026-04-19 00:00:00+00:00,0.000433471,1.52643,0.244748,0.07719,0.00496725,0.338469,0.000108315,2.4767e-05,2.48216e-05,-0.000179646,0.000775254,-0.00575139,0.00652664,12.7917,0.0238529
2026-04-20 00:00:00+00:00,0.0033577,1.53155,0.362417,0.0855881,0.00306269,0.439286,0.000140581,2.95048e-05,2.32842e-05,-9.4862e-05,0.00364897,0.00555727,-0.0019083,17.9167,0.0278429
2026-04-21 00:00:00+00:00,0.00118879,1.53338,0.295763,0.0839294,0.00331387,0.40894,0.00013086,6.97062e-05,1.59274e-05,4.38305e-05,0.00136611,0.000963537,0.000402573,15.6875,0.0278008
2026-04-22 00:00:00+00:00,0.00438153,1.54009,0.270523,0.0741084,0.00163239,0.379452,0.000121444,0.000113576,1.41087e-05,3.81163e-05,0.00458848,0.00250722,0.00208126,12.9583,0.0291991
2026-04-23 00:00:00+00:00,-0.00298392,1.5355,0.297483,0.0806599,-0.00716351,0.455187,0.000145645,6.25102e-05,1.2022e-05,8.90545e-05,-0.00284749,-0.00106547,-0.00178202,12.5417,0.0353216
2026-04-24 00:00:00+00:00,-0.00726638,1.52434,0.195578,0.0500865,-0.0102131,0.445315,0.000142448,6.72438e-05,2.06932e-05,-5.25575e-05,-0.00698841,-0.000956548,-0.00603187,13.9792,0.0297357
2026-04-25 00:00:00+00:00,6.97482e-05,1.52445,0.130166,0.0361356,-0.0128748,0.181721,5.81509e-05,3.59664e-05,6.85854e-06,6.53903e-05,0.000107645,0.00012812,-2.04751e-05,9.70833,0.0253442
2026-04-26 00:00:00+00:00,0.0020842,1.52762,0.126937,0.0468894,-0.00746862,0.284605,9.10814e-05,6.64398e-05,9.82473e-06,6.66933e-05,0.00218432,0.00147809,0.000706231,8.4375,0.0257069
2026-04-27 00:00:00+00:00,-0.000684744,1.52658,0.156328,0.0575967,0.00863073,0.355301,0.000113694,0.000104393,1.18561e-05,6.08112e-05,-0.000513163,-0.00306562,0.00255246,10.8333,0.0291245
2026-04-28 00:00:00+00:00,-0.000678985,1.52554,0.0767237,0.027503,0.00474825,0.239435,7.66182e-05,8.45077e-05,1.08846e-05,1.37135e-05,-0.00052069,-0.000773797,0.000253107,8.91667,0.0235338
2026-04-29 00:00:00+00:00,-0.00212073,1.52231,0.0672048,0.015523,-0.000529935,0.244273,7.81628e-05,5.04626e-05,1.20717e-05,-7.3498e-05,-0.00190744,-0.000414247,-0.00149319,7,0.02081
2026-04-30 00:00:00+00:00,0.00203567,1.52541,0.0550722,0.0076272,-0.00312465,0.154686,4.95025e-05,3.39471e-05,8.54007e-06,2.07235e-05,0.00210655,0.000111816,0.00199473,7.10417,0.0205877
2026-05-01 00:00:00+00:00,-1.08191e-05,1.52539,0.0752141,0.00860883,-0.00518917,0.335944,0.000107503,7.23342e-05,1.56404e-05,3.55349e-05,0.000149587,0.000608809,-0.000459222,8.89583,0.0244692
2026-05-02 00:00:00+00:00,-0.00149883,1.5231,0.084592,0.0100294,-0.00410091,0.183016,5.85617e-05,3.99083e-05,9.54234e-06,4.17788e-05,-0.00143159,0.000358216,-0.0017898,7.875,0.0241009
2026-05-03 00:00:00+00:00,0.000564473,1.52396,0.106389,0.0214057,-0.00483263,0.196019,6.27257e-05,2.94046e-05,5.38768e-06,3.44749e-05,0.000628103,-3.92853e-05,0.000667388,9.0625,0.0249257
2026-05-04 00:00:00+00:00,0.00119239,1.52578,0.252766,0.0762819,0.0178594,0.479884,0.000153574,8.0974e-05,4.3349e-05,0.000114586,0.00136444,0.00121455,0.000149883,13.1458,0.0302182
2026-05-05 00:00:00+00:00,-0.000606081,1.52485,0.295525,0.0987605,0.0203221,0.262931,8.41355e-05,4.05568e-05,1.84164e-05,0.000142714,-0.000601225,0.00112229,-0.00172352,13.8333,0.0322307
2026-05-06 00:00:00+00:00,-0.00595121,1.51578,0.317884,0.0970872,0.0184913,0.250118,8.00222e-05,3.63014e-05,1.5054e-05,0.000149,-0.00598171,-0.000423851,-0.00555786,14.75,0.0328668
2026-05-07 00:00:00+00:00,-0.00131013,1.51379,0.23814,0.0704858,0.00869331,0.357436,0.000114377,4.46029e-05,1.75311e-05,0.000110555,-0.00124161,-0.00287708,0.00163547,14.9167,0.0295819
2026-05-08 00:00:00+00:00,-0.00257427,1.5099,0.10741,0.0330886,0.00140972,0.330122,0.000105633,3.84712e-05,2.27402e-05,3.57792e-05,-0.00244571,0.000104811,-0.00255052,12.0833,0.0217458
2026-05-09 00:00:00+00:00,0.000132479,1.5101,0.0608709,0.020223,0.000420232,0.192067,6.14612e-05,1.11541e-05,1.33176e-05,2.07187e-05,0.000198109,0.000314618,-0.000116509,8.47917,0.0174858
2026-05-10 00:00:00+00:00,0.00147048,1.51232,0.0464538,0.0150748,0.00127307,0.177091,5.66728e-05,1.43167e-05,8.1958e-06,2.67638e-05,0.00152206,0.000886369,0.000635689,7.60417,0.0175057
2026-05-11 00:00:00+00:00,0.00105386,1.51391,0.182129,0.0648662,0.00891334,0.377935,0.000120939,2.3631e-05,1.78853e-05,1.92057e-05,0.00119824,-1.41849e-05,0.00121243,11.3125,0.0233104
2026-05-12 00:00:00+00:00,-0.00493896,1.50643,0.223495,0.0751003,0.00971249,0.350184,0.000112047,0.000108771,2.04284e-05,3.09309e-06,-0.00470879,-0.00365383,-0.00105497,13.5625,0.0266973
2026-05-13 00:00:00+00:00,4.1084e-05,1.5065,0.133484,0.0457487,0.00827983,0.218942,7.00623e-05,4.90337e-05,1.13908e-05,-2.36033e-06,0.00017616,-0.00121534,0.0013915,9.70833,0.0245594
2026-05-14 00:00:00+00:00,0.00110848,1.50817,0.136165,0.0441793,0.00944052,0.233547,7.47406e-05,4.34679e-05,8.65112e-06,1.09259e-05,0.00122589,0.00136764,-0.000141747,9.45833,0.0255816
2026-05-15 00:00:00+00:00,0.000954086,1.50961,0.212423,0.0621084,0.0115814,0.260451,8.33499e-05,2.4046e-05,1.20065e-05,-5.35897e-05,0.00112804,-0.00386819,0.00499623,11.4167,0.0304729
2026-05-16 00:00:00+00:00,-0.000739726,1.50849,0.302664,0.0784401,-0.00258333,0.45633,0.00014603,0.000101499,2.85271e-05,-0.000498859,4.35654e-05,-0.00271449,0.00275805,13.625,0.0408187
2026-05-17 00:00:00+00:00,0.000740945,1.50961,0.333232,0.084316,-0.00269194,0.285187,9.12571e-05,0.000125872,1.61679e-05,-0.000280839,0.00126416,-0.00200559,0.00326975,11.4167,0.0389793
2026-05-18 00:00:00+00:00,-0.00158096,1.50722,0.278018,0.0837723,-0.00171467,0.353578,0.000113122,9.16912e-05,3.36443e-05,-6.28002e-05,-0.00127633,-0.000945112,-0.000331219,11.0208,0.0378125
2026-05-19 00:00:00+00:00,0.000510628,1.50799,0.305938,0.0847972,-0.00148888,0.427511,0.000136805,8.4411e-05,1.5322e-05,-4.0186e-05,0.000794409,-0.00110094,0.00189535,12.9167,0.0360858
2026-05-20 00:00:00+00:00,-0.000424351,1.50735,0.352026,0.077664,-0.00834135,0.490894,0.000157081,7.2163e-05,1.50381e-05,-1.92423e-05,-0.000156888,0.00407323,-0.00423012,13.4792,0.0367093
2026-05-21 00:00:00+00:00,9.0753e-05,1.50749,0.297893,0.0660186,-0.00527907,0.514843,0.000164744,5.86863e-05,1.25792e-05,-5.14069e-06,0.000335053,0.000717394,-0.000382342,15.3333,0.0348227
2026-05-22 00:00:00+00:00,-0.00128751,1.50555,0.330277,0.0688374,-0.00555676,0.490392,0.000156924,7.80694e-05,1.37632e-05,1.67484e-05,-0.00105343,-0.0068507,0.00579727,16.2083,0.0354562
2026-05-23 00:00:00+00:00,-0.0029528,1.5011,0.24941,0.0544504,-0.00626072,0.514957,0.000164796,6.79887e-05,1.42675e-05,2.98669e-05,-0.00273537,0.00244995,-0.00518531,16.3542,0.0331068
2026-05-24 00:00:00+00:00,-0.00195465,1.49817,0.19736,0.0321415,-0.00232293,0.292561,9.36253e-05,4.52327e-05,8.26825e-06,-1.83955e-06,-0.00180462,-0.000122053,-0.00168257,12.8958,0.0312417
2026-05-25 00:00:00+00:00,-0.000488226,1.49743,0.214742,0.0497838,-0.00386815,0.59522,0.00019053,9.0744e-05,2.53716e-05,-1.71421e-05,-0.000158443,-0.000242598,8.41548e-05,14.75,0.0299895
2026-05-26 00:00:00+00:00,-0.00143511,1.49529,0.311751,0.0914495,-0.00170736,0.402667,0.000128849,8.97213e-05,1.36464e-05,-6.11375e-05,-0.00113662,-0.00354662,0.00241,15.6458,0.0322662
2026-05-27 00:00:00+00:00,-0.000685564,1.49426,0.345952,0.0853915,-0.00408426,0.670976,0.000214716,9.87497e-05,1.72223e-05,-4.43438e-05,-0.000304755,-0.00465628,0.00435153,17.4583,0.0343204
2026-05-28 00:00:00+00:00,0.00679552,1.50441,0.360134,0.0718949,0.00121719,0.739066,0.000236543,0.000140607,2.69422e-05,2.2858e-05,0.0071604,0.00045609,0.00670431,19.3333,0.0363368
2026-05-29 00:00:00+00:00,-0.0040612,1.4983,0.342863,0.0648134,-0.000583581,0.625189,0.000200051,0.000116776,2.58691e-05,7.33624e-06,-0.00372539,0.000427198,-0.00415259,19.8958,0.0384327
2026-05-30 00:00:00+00:00,0.0162235,1.52261,0.411189,0.0820989,0.00178106,0.817202,0.0002616,0.000141008,2.87248e-05,-0.000139422,0.0166791,0.0139427,0.00273638,18.4167,0.037682
2026-05-31 00:00:00+00:00,-0.00188844,1.51974,0.630667,0.172394,-0.0038079,0.595661,0.000190625,6.96718e-05,2.27424e-05,-0.000352878,-0.00123604,-0.00176142,0.000525377,19.7083,0.0434589
2026-06-01 00:00:00+00:00,-0.0162328,1.49507,0.515409,0.164697,-0.00495233,1.2592,0.000402766,0.000199417,0.00013039,-0.000492942,-0.015106,-0.00338863,-0.0117173,19.9375,0.0405076
2026-06-02 00:00:00+00:00,-0.00400969,1.48907,0.278875,0.0947962,-0.0078128,0.531788,0.000170184,6.54958e-05,1.60216e-05,-0.000359375,-0.00338063,-0.0118818,0.00850117,18.625,0.0316138
2026-06-03 00:00:00+00:00,-0.00755066,1.47783,0.220216,0.0744512,0.00232767,0.332715,0.000106454,8.18157e-05,2.05581e-05,-2.25185e-05,-0.00734093,-0.00356434,-0.00377659,20.7917,0.0274027
2026-06-04 00:00:00+00:00,-0.000878922,1.47653,0.130214,0.0385421,0.000684691,0.254403,8.14129e-05,6.27832e-05,1.21623e-05,2.56072e-05,-0.000745263,-0.00293984,0.00219458,17.7083,0.0215652
2026-06-05 00:00:00+00:00,-0.00100719,1.47504,0.0869768,0.0192128,-0.000204781,0.194307,6.21781e-05,1.66315e-05,3.54398e-06,6.33892e-05,-0.000987375,-0.00369146,0.00270409,14.5208,0.0172311
2026-06-06 00:00:00+00:00,-0.00406816,1.46904,0.0493239,0.00576048,0.000292369,0.125687,4.0216e-05,9.5361e-06,3.57327e-06,-1.4339e-05,-0.0040077,-0.000437019,-0.00357068,11.4583,0.0139263
2026-06-07 00:00:00+00:00,0.000225573,1.46937,0.00669564,6.45272e-05,-0.000969896,0.0597226,1.91113e-05,2.79433e-06,5.50232e-06,-3.96153e-05,0.000292904,0.000345713,-5.28096e-05,3.22917,0.00571858
2026-06-08 00:00:00+00:00,-3.39692e-05,1.46932,0.000321476,-0.000321476,-0.000449917,0.0126467,4.04695e-06,5.05869e-07,1.93289e-06,1.04253e-06,-2.85235e-05,0,-2.85235e-05,0.375,0.00313862
2026-06-09 00:00:00+00:00,-6.39693e-05,1.46923,0.00100945,-0.00100945,-0.00147991,0.0358173,1.14615e-05,1.43269e-06,5.58436e-06,1.45074e-06,-4.69154e-05,0,-4.69154e-05,1,0.00471721
2026-06-10 00:00:00+00:00,-0.000205209,1.46893,0.00254785,-0.00106768,-0.00160381,0.0400201,1.28063e-05,8.97778e-06,4.95184e-06,1.09559e-06,-0.000179571,-0.000115323,-6.42482e-05,2.02083,0.00516997
2026-06-11 00:00:00+00:00,1.17325e-05,1.46895,0.00555116,-0.0016533,-0.00276914,0.0474483,1.51835e-05,2.58979e-05,4.32144e-06,1.87568e-06,5.53066e-05,0.000218465,-0.000163159,3.41667,0.00827582
2026-06-12 00:00:00+00:00,7.71164e-05,1.46906,0.000411468,-0.000411468,-0.000516649,0.00885236,2.83277e-06,1.61612e-06,1.10698e-06,3.98171e-07,8.22787e-05,0,8.22787e-05,0.458333,0.0060714
2026-06-13 00:00:00+00:00,-7.73894e-05,1.46895,0.00404804,0.000699736,-0.00035608,0.0319454,1.02226e-05,2.39313e-06,5.29792e-07,2.56009e-07,-6.44626e-05,2.47599e-05,-8.92225e-05,1.6875,0.00938639
2026-06-14 00:00:00+00:00,-0.000217965,1.46863,0.0108646,0.00225083,-0.0016924,0.0787625,2.52038e-05,2.55834e-05,2.97503e-06,5.25487e-06,-0.0001694,0.000192386,-0.000361786,4.41667,0.0109051
2026-06-15 00:00:00+00:00,3.97804e-05,1.46868,0.0177098,0.0068424,0.00101389,0.105159,3.36512e-05,3.91511e-05,4.42807e-06,3.07253e-06,0.000114024,1.09342e-05,0.00010309,5.35417,0.0106779
2026-06-16 00:00:00+00:00,-0.00176157,1.4661,0.0273218,0.011298,0.00175845,0.129047,4.1293e-05,2.80761e-05,8.21864e-06,7.76669e-06,-0.00169304,-0.000169728,-0.00152331,6.8125,0.0114588
2026-06-17 00:00:00+00:00,0.00017345,1.46635,0.00157892,0.000838147,0.000189436,0.0326452,1.04466e-05,1.46232e-05,1.4733e-06,6.90524e-07,0.000199304,1.70014e-06,0.000197604,1.5625,0.00747856
2026-06-18 00:00:00+00:00,1.08494e-06,1.46635,3.08515e-05,3.08515e-05,1.56365e-05,0.00177359,5.6755e-07,7.09438e-08,2.43634e-09,0,1.72588e-06,1.72588e-06,0,0.125,0.00248414
2026-06-19 00:00:00+00:00,0,1.46635,0,0,0,0,0,0,0,0,0,0,0,0,0.000720701
2026-06-20 00:00:00+00:00,2.43645e-05,1.46639,0.0145477,0.00751496,0.0017782,0.0977647,3.12848e-05,1.14537e-05,4.22368e-06,-7.30964e-05,0.000144455,0.000216003,-7.1548e-05,3.0625,0.00902793
2026-06-21 00:00:00+00:00,-0.000544613,1.46559,0.0626704,0.0242676,0.00404231,0.185707,5.9426e-05,5.123e-05,9.42692e-06,-9.70941e-05,-0.000327365,-0.000745473,0.000418109,8.91667,0.0159149
2026-06-22 00:00:00+00:00,0.000226781,1.46592,0.0727828,0.0221568,0.00313373,0.212773,6.80895e-05,7.15604e-05,1.04353e-05,4.51124e-05,0.000332167,0.000304513,2.76549e-05,9.33333,0.0160758
2026-06-23 00:00:00+00:00,-0.000231497,1.46558,0.0565229,0.0132737,-0.00115063,0.131671,4.21347e-05,2.3377e-05,4.06028e-06,9.96761e-05,-0.000260674,-0.00104662,0.000785943,7.08333,0.0154785
2026-06-24 00:00:00+00:00,0.000840956,1.46681,0.0172316,0.00199557,-0.00576224,0.0944199,3.02148e-05,2.78567e-05,2.19186e-06,1.16228e-05,0.000889563,-0.000204608,0.00109417,5.9375,0.011667
2026-06-25 00:00:00+00:00,-0.000872295,1.46554,0.0124834,0.000632009,-0.00242318,0.110798,3.54544e-05,6.58463e-05,6.96182e-06,3.99235e-06,-0.000768086,-0.000271487,-0.000496598,5.72917,0.0107895
2026-06-26 00:00:00+00:00,-0.000546961,1.46473,0.00120201,-0.000742031,-0.00102994,0.0388266,1.24244e-05,1.14406e-05,3.20929e-06,1.16163e-06,-0.000521172,-1.52927e-05,-0.000505879,1.41667,0.00561938
2026-06-27 00:00:00+00:00,0,1.46473,0,0,0,0,0,0,0,0,0,0,0,0,0.000663575
2026-06-28 00:00:00+00:00,0,1.46473,0,0,0,0,0,0,0,0,0,0,0,0,0
2026-06-29 00:00:00+00:00,0,1.46473,0,0,0,0,0,0,0,0,0,0,0,0,0
2026-06-30 00:00:00+00:00,0,1.46473,0,0,0,0,0,0,0,0,0,0,0,0,0
2026-07-01 00:00:00+00:00,0,1.46473,0,0,0,0,0,0,0,0,0,0,0,0,0
2026-07-02 00:00:00+00:00,0,1.46473,0,0,0,0,0,0,0,0,0,0,0,0,7.34544e-05
2026-07-03 00:00:00+00:00,-3.64439e-05,1.46468,0.000599395,-0.000599395,-0.000944343,0.016532,5.29025e-06,2.70844e-06,2.03303e-06,6.3411e-07,-2.70455e-05,0,-2.70455e-05,0.6875,0.00399756
2026-07-04 00:00:00+00:00,-0.00025779,1.4643,0.00408711,-0.00057896,-0.00188732,0.0295535,9.45709e-06,8.8352e-06,1.54425e-06,7.21438e-07,-0.000238634,3.88477e-05,-0.000277482,2.20833,0.00777223
2026-07-05 00:00:00+00:00,8.05892e-05,1.46442,0.00126501,-0.00126501,-0.00143799,0.0273628,8.7561e-06,2.09803e-05,3.99518e-06,5.59198e-07,0.000113766,-6.38077e-08,0.00011383,1,0.00630425
2026-07-06 00:00:00+00:00,8.26481e-06,1.46443,0.00712706,-0.000165395,-0.00119559,0.0373452,1.19504e-05,3.78786e-06,7.8532e-07,6.76455e-08,2.47551e-05,5.31634e-05,-2.84083e-05,2.41667,0.00989009
2026-07-07 00:00:00+00:00,3.3823e-05,1.46448,0.0291876,0.00985067,0.00367234,0.0653732,2.09196e-05,9.81881e-06,1.16986e-06,8.1699e-06,5.7702e-05,-0.000353192,0.000410894,5.35417,0.0140624
2026-07-08 00:00:00+00:00,6.22118e-05,1.46457,0.0835535,0.0257684,0.005107,0.104533,3.34508e-05,1.33721e-05,2.84986e-06,2.01895e-05,9.21873e-05,-0.000591303,0.00068349,10.25,0.0198106
2026-07-09 00:00:00+00:00,-0.00211163,1.46148,0.118096,0.0296237,0.00331429,0.14662,4.69156e-05,2.70691e-05,4.82023e-06,2.8497e-05,-0.00206156,0.000462995,-0.00252456,12.0208,0.0226514
2026-07-10 00:00:00+00:00,0.00220201,1.4647,0.106452,0.0309917,0.000371155,0.18769,6.00635e-05,4.67479e-05,6.47842e-06,4.76747e-06,0.00230898,0.00122741,0.00108157,13.4792,0.021697
2026-07-11 00:00:00+00:00,0.00152909,1.46694,0.163579,0.0598471,0.00226001,0.259255,8.2966e-05,5.51906e-05,7.26928e-06,-2.76079e-05,0.00170194,8.81781e-06,0.00169312,14.9167,0.0245664
2026-07-12 00:00:00+00:00,-0.000623703,1.46602,0.171537,0.0616205,0.00113303,0.154624,4.94789e-05,2.99342e-05,3.95647e-06,1.38698e-05,-0.000552697,0.000502137,-0.00105483,13.0417,0.0282541
2026-07-13 00:00:00+00:00,-0.000459298,1.46535,0.147068,0.0525671,0.00117343,0.181236,5.79967e-05,3.20491e-05,6.77698e-06,1.60553e-05,-0.000377002,-0.00209404,0.00171704,10.4792,0.0268583
2026-07-14 00:00:00+00:00,0.003947,1.47113,0.170234,0.0525978,0.000262176,0.174925,5.59857e-05,1.51749e-05,6.21812e-06,2.72858e-05,0.00399498,0.00556442,-0.00156943,11.5,0.0289619
2026-07-15 00:00:00+00:00,0.00347759,1.47625,0.172287,0.0574379,0.00242588,0.250589,8.01854e-05,3.10618e-05,1.25218e-05,2.61345e-05,0.00357215,0.000242163,0.00332999,12.5833,0.0285554
2026-07-16 00:00:00+00:00,-0.00740466,1.46532,0.241415,0.084862,-0.00524163,0.259469,8.30227e-05,4.059e-05,1.64278e-05,7.2993e-05,-0.00735056,-0.00305965,-0.00429091,14.375,0.0333006
2026-07-17 00:00:00+00:00,-0.000252213,1.46495,0.162071,0.0733265,-0.00469107,0.141497,4.52767e-05,2.84611e-05,5.95234e-06,4.77814e-05,-0.00021706,0.00024513,-0.000462189,11.5208,0.0278461
2026-07-18 00:00:00+00:00,0.0013599,1.46694,0.184734,0.0797244,-0.00316747,0.154409,4.94114e-05,1.7859e-05,6.84665e-06,-3.23328e-05,0.00146889,0.00186257,-0.000393675,12.3958,0.0288028
2026-07-19 00:00:00+00:00,0.00127269,1.46881,0.213667,0.0861418,-0.00280065,0.136666,4.37347e-05,9.25116e-06,5.89022e-06,-0.000135356,0.00146995,0.00024288,0.00122707,13.0208,0.0320451
2026-07-20 00:00:00+00:00,0.00229221,1.47218,0.266664,0.100109,-0.00979282,0.34141,0.000109258,4.04944e-05,3.34664e-05,-3.01351e-05,0.00251112,0.00129834,0.00121279,17.2292,0.0364798
2026-07-21 00:00:00+00:00,0.00461321,1.47897,0.300563,0.122403,-0.0100701,0.264235,8.45718e-05,4.42145e-05,1.19613e-05,7.68949e-06,0.00474293,0.00394201,0.000800912,18.1667,0.0397057
2026-07-22 00:00:00+00:00,-0.000936785,1.47758,0.302033,0.129303,-0.0173794,0.29729,9.5133e-05,4.46938e-05,1.1951e-05,-7.51805e-05,-0.000697103,0.00130711,-0.00200421,16.8125,0.0425057
2026-07-23 00:00:00+00:00,-0.00225502,1.47425,0.257258,0.121474,-0.0147375,0.238736,7.63918e-05,3.81673e-05,7.19181e-06,-0.000166275,-0.00196669,-0.00195678,-9.90628e-06,17.0625,0.040006
2026-07-24 00:00:00+00:00,-0.00533897,1.46638,0.21672,0.112639,-0.00913619,0.231944,7.42076e-05,4.26545e-05,1.06397e-05,-0.000227279,-0.00499065,-0.00237441,-0.00261624,13.875,0.0366224
2026-07-25 00:00:00+00:00,-0.000129382,1.46619,0.153657,0.0772344,-0.00620752,0.116811,3.73795e-05,4.42418e-05,3.0761e-06,-7.60954e-05,3.28234e-05,0.000215627,-0.000182804,10.3125,0.0310952
2026-07-26 00:00:00+00:00,0.00422659,1.47239,0.169166,0.0801269,-0.00107593,0.141026,4.5134e-05,2.55547e-05,3.11006e-06,-0.000292128,0.00458479,0.00323968,0.00134511,10.6458,0.0307041
2026-07-27 00:00:00+00:00,-0.00151993,1.47015,0.204389,0.0923479,0.00724572,0.191056,6.11302e-05,4.39308e-05,1.23799e-05,-0.000409025,-0.000990192,-0.00448064,0.00349044,13.5625,0.0341775
2026-07-28 00:00:00+00:00,-9.92958e-05,1.47,0.174869,0.0711715,0.0107635,0.184329,5.8983e-05,7.85634e-05,9.09221e-06,-0.000200349,0.000251637,0.000880534,-0.000628897,14.2917,0.0319557
2026-07-29 00:00:00+00:00,0.00135739,1.472,0.212947,0.0778157,0.0151747,0.251658,8.05342e-05,8.15824e-05,9.12849e-06,-9.6799e-05,0.00162875,8.94718e-06,0.0016198,17.75,0.0335531
2026-07-30 00:00:00+00:00,0.00284327,1.47618,0.260461,0.102542,0.0125868,0.320501,0.000102571,7.60826e-05,1.25824e-05,-0.0003256,0.0033599,0.00130156,0.00205834,18.8958,0.0390164
2026-07-31 00:00:00+00:00,-0.00537247,1.46825,0.307578,0.127627,0.00946194,0.262977,8.41347e-05,3.4089e-05,1.03173e-05,-0.000183802,-0.00506431,-0.00312095,-0.00194337,16.6042,0.041499
2026-08-01 00:00:00+00:00,0.00311703,1.47283,0.245973,0.112717,0.00689801,0.222453,7.1189e-05,3.34955e-05,1.05966e-05,-0.000134808,0.00336705,-0.00116097,0.00452803,15.9583,0.0377621
2026-08-02 00:00:00+00:00,-0.00107847,1.47124,0.236697,0.103523,0.00228186,0.204894,6.55633e-05,4.71632e-05,7.93606e-06,-4.60623e-05,-0.000910258,0.000645115,-0.00155537,16.6667,0.0387244
2026-08-03 00:00:00+00:00,-0.00194608,1.46838,0.212118,0.0771512,-0.00108142,0.229448,7.34147e-05,9.95212e-05,1.38166e-05,-0.000622629,-0.00113544,-0.00104377,-9.16667e-05,14.5208,0.037848
2026-08-04 00:00:00+00:00,-0.000241467,1.46802,0.206955,0.0737306,8.68166e-05,0.163068,5.21819e-05,5.5063e-05,5.3583e-06,-0.000309275,0.000183755,0.000901133,-0.000717378,13.5833,0.0367917
2026-08-05 00:00:00+00:00,0.00408301,1.47402,0.19461,0.0800659,0.00409004,0.157972,5.05653e-05,5.10767e-05,6.12374e-06,-6.03105e-05,0.00424982,0.00187313,0.00237668,10.9792,0.0342432
2026-08-06 00:00:00+00:00,-0.000571954,1.47317,0.213781,0.0902258,-0.00343194,0.181275,5.80076e-05,8.27317e-05,8.25153e-06,-8.33106e-05,-0.000334059,-0.000603771,0.000269712,10.25,0.0382733
2026-08-07 00:00:00+00:00,0.00120678,1.47495,0.229444,0.0856078,-0.000571861,0.22072,7.06344e-05,4.99861e-05,6.10638e-06,-8.75474e-05,0.00142373,0.00112948,0.000294245,9.04167,0.039427
2026-08-08 00:00:00+00:00,-0.00210155,1.47185,0.230186,0.0757621,-0.00124961,0.173624,5.55616e-05,2.18401e-05,4.50013e-06,-4.77064e-05,-0.00197163,-3.37406e-06,-0.00196826,9.14583,0.0422839
2026-08-09 00:00:00+00:00,0.00296012,1.47621,0.232308,0.0754259,-0.0131879,0.127538,4.08141e-05,3.51871e-05,3.62381e-06,-0.000448452,0.00348717,-0.000232839,0.00372001,9.66667,0.0440854
2026-08-10 00:00:00+00:00,0.00151022,1.47844,0.273368,0.0852761,-0.0163241,0.255915,8.18885e-05,7.42483e-05,1.42164e-05,-6.72626e-05,0.00175268,-0.00197332,0.003726,16.0208,0.0462216
2026-08-11 00:00:00+00:00,0.0054638,1.48652,0.29793,0.109313,-0.0180328,0.338568,0.000108357,9.93943e-05,1.00173e-05,-0.000145103,0.0058192,-8.20262e-05,0.00590123,17.2708,0.0469889
2026-08-12 00:00:00+00:00,-0.000186454,1.48624,0.427619,0.171077,-0.00994765,0.383712,0.000122784,6.25539e-05,1.12035e-05,-0.000179802,0.000198884,0.00117071,-0.000971826,20.8542,0.0523277
2026-08-13 00:00:00+00:00,-0.000488991,1.48551,0.453899,0.205551,-0.00888908,0.455872,0.000145871,9.06069e-05,1.66577e-05,-0.000375617,0.000156297,-0.000703949,0.000860246,19.9792,0.0517983
2026-08-14 00:00:00+00:00,-0.000528305,1.48473,0.464006,0.224443,-0.0236537,0.503139,0.000160994,5.8212e-05,1.76257e-05,-0.00023055,-4.83935e-05,-0.000345896,0.000297502,18.7917,0.0503095
2026-08-15 00:00:00+00:00,0.00376211,1.49031,0.465396,0.223396,-0.0280433,0.407994,0.000130567,4.50694e-05,8.93248e-06,4.60948e-05,0.00389829,-0.000490895,0.00438919,18.3125,0.0506357
2026-08-16 00:00:00+00:00,0.00259831,1.49418,0.458092,0.181701,-0.0270918,0.386275,0.00012362,7.12702e-05,1.79975e-05,-0.000155712,0.00296648,-0.000975142,0.00394163,18.2917,0.0533015
2026-08-17 00:00:00+00:00,0.00760295,1.50554,0.472497,0.199447,-0.0245518,0.608378,0.000194722,0.000163516,5.22214e-05,-5.13764e-05,0.00805183,0.0080377,1.41313e-05,19.625,0.0556116
2026-08-18 00:00:00+00:00,0.0013894,1.50764,0.379131,0.154557,-0.0243549,0.348357,0.000111488,6.7549e-05,1.01679e-05,-8.51426e-05,0.00167869,0.00037199,0.0013067,18.875,0.0605516
2026-08-19 00:00:00+00:00,0.0233844,1.54289,0.437526,0.15676,-0.0103555,0.591722,0.000189582,6.06695e-05,1.66357e-05,-6.12338e-05,0.0234884,0.0227633,0.000725129,21.75,0.062718
2026-08-20 00:00:00+00:00,0.00265386,1.54699,0.474416,0.135212,0.0181672,0.3354,0.000107339,3.48162e-05,1.08215e-05,-0.000156502,0.00297439,0.00823353,-0.00525914,22.75,0.0693436
2026-08-21 00:00:00+00:00,-0.00153501,1.54461,0.450465,0.131779,0.0141173,0.328461,0.000105099,3.7632e-05,1.31946e-05,-0.000424424,-0.000923978,0.0130978,-0.0140218,24.9375,0.073251
2026-08-22 00:00:00+00:00,-0.000150575,1.54438,0.5851,0.251359,0.00807419,0.641562,0.000205418,0.000157821,4.11379e-05,-0.00121671,0.00150352,-0.00273655,0.00424007,24.7708,0.0726045
2026-08-23 00:00:00+00:00,-0.00117419,1.54257,0.619592,0.285249,0.00469019,0.470853,0.00015066,8.92404e-05,2.49542e-05,-0.00102971,0.000136319,0.00260798,-0.00247166,24.6042,0.0720592
2026-08-24 00:00:00+00:00,0.0019257,1.54554,0.59851,0.263123,0.00268143,0.717848,0.000229656,0.000230137,8.16022e-05,-7.88976e-05,0.00258133,-0.00206748,0.00464881,24.625,0.0692765
2026-08-25 00:00:00+00:00,-0.00562393,1.53684,0.564477,0.215584,0.00834166,0.414251,0.00013254,0.000144438,1.37504e-05,-6.3273e-05,-0.00525435,-0.00952991,0.00427556,21.9583,0.0689351
2026-08-26 00:00:00+00:00,-0.00153641,1.53448,0.558494,0.198919,0.00592892,0.446465,0.000142865,0.000116803,1.50207e-05,-6.28534e-05,-0.00117905,0.00681563,-0.00799468,20.9792,0.064158
2026-08-27 00:00:00+00:00,0.000831069,1.53576,0.555947,0.183858,0.0108518,0.409181,0.000130943,0.000142727,1.39135e-05,-1.16179e-05,0.00115923,0.00814451,-0.00698528,19.9375,0.0620419
2026-08-28 00:00:00+00:00,-0.0115293,1.51805,0.614933,0.217953,0.0104384,0.462979,0.0001481,0.000170763,2.56429e-05,-3.53817e-05,-0.0111845,-0.00883033,-0.00235417,19.6458,0.0625119
2026-08-29 00:00:00+00:00,2.52394e-05,1.51809,0.478307,0.159497,0.00427665,0.524449,0.000167782,0.000158228,2.08877e-05,-0.00010317,0.000495532,0.00118467,-0.000689137,19.5208,0.0572988
2026-08-30 00:00:00+00:00,0.00602667,1.52724,0.501785,0.166423,-0.00613111,0.466297,0.000149238,0.000135063,1.46012e-05,-0.00029959,0.00662172,-0.00215584,0.00877756,19.7708,0.0564912
2026-08-31 00:00:00+00:00,0.0121947,1.54586,0.531113,0.171688,-0.0114801,0.801385,0.000256503,0.000188199,6.00374e-05,-0.000283437,0.0129362,0.00618116,0.00675499,21.6304,0.0621995
