,return,equity,gross,net,beta_exposure,turnover,fees,spread,impact,funding,gross_pnl,n_positions,ic_est
2023-07-31 00:00:00+00:00,-0.0193381,0.980662,0.785985,-0.0149276,-0.0132342,6.13773,0.00196413,0.000557319,0.000851754,0.000608989,-0.0166957,25.6979,0.0499561
2023-08-01 00:00:00+00:00,-0.00407838,0.976662,0.905187,-0.0623025,-0.0438192,3.78658,0.00121201,0.000267498,0.000452607,8.94739e-05,-0.00221575,27.6458,0.0490231
2023-08-02 00:00:00+00:00,-0.00317129,0.973565,0.839729,-0.0356024,-0.0262535,3.86698,0.00123769,0.000296419,0.000458491,-0.000503992,-0.000654089,28,0.0447851
2023-08-03 00:00:00+00:00,-0.007887,0.965887,1.04254,-0.0412898,-0.0254861,10.0111,0.00320435,0.000887689,0.00123356,-0.000538136,-0.00202053,28,0.0487168
2023-08-04 00:00:00+00:00,-0.0129201,0.953407,1.03216,-0.0356954,-0.0261633,8.08908,0.00258878,0.000588411,0.000888074,-0.00231625,-0.00659187,27.9792,0.0477421
2023-08-05 00:00:00+00:00,0.0105765,0.963491,1.02038,-0.00456532,-0.0392149,14.1047,0.00451541,0.00100042,0.00145056,7.83968e-05,0.0174408,29.4583,0.0553914
2023-08-06 00:00:00+00:00,-0.00690125,0.956842,1.33139,0.0376399,-0.0207856,14.9018,0.00476987,0.00118955,0.00182282,-0.000319842,0.00123252,30,0.0594379
2023-08-07 00:00:00+00:00,-0.00614146,0.950965,1.31811,0.0249648,-0.0334473,31.9511,0.0102283,0.00204878,0.00435147,-6.50893e-05,0.0106112,29.6562,0.0648888
2023-08-08 00:00:00+00:00,-0.0110403,0.940466,1.32999,0.0292074,-0.0101396,28.5172,0.0091281,0.00237238,0.00422167,0.000185572,0.00450388,29,0.0655547
2023-08-09 00:00:00+00:00,-0.00774291,0.933184,1.39599,0.0441659,-0.0390007,28.0803,0.00898726,0.00203303,0.00359463,4.65475e-05,0.00684615,29.7917,0.0656508
2023-08-10 00:00:00+00:00,0.00656113,0.939307,1.44075,0.0333857,-0.0335343,19.2707,0.00616968,0.00136007,0.00240566,9.02478e-05,0.016427,30,0.0614118
2023-08-11 00:00:00+00:00,-0.00969282,0.930203,1.75743,0.110337,-0.0249801,12.2482,0.00391989,0.00123132,0.00139834,-0.000411606,-0.00274409,30,0.0578622
2023-08-12 00:00:00+00:00,-0.0120351,0.919008,1.45042,0.0789397,-0.0214274,8.53313,0.00273098,0.000979156,0.000982827,0.000114465,-0.00747456,29.9583,0.0546028
2023-08-13 00:00:00+00:00,0.00110908,0.920027,1.3337,0.101952,-0.0289152,8.74769,0.00279973,0.000931014,0.00104384,2.55979e-05,0.00589806,30,0.0552751
2023-08-14 00:00:00+00:00,-0.00591122,0.914588,1.24071,0.0931354,-0.00530666,11.6188,0.00371878,0.00124081,0.001627,-0.00168551,0.00239113,30,0.0564245
2023-08-15 00:00:00+00:00,0.00377667,0.918042,1.37682,0.0581114,-0.011787,18.759,0.00600506,0.00159769,0.00250715,-0.000345853,0.0142668,30,0.0594371
2023-08-16 00:00:00+00:00,-0.00893105,0.909843,1.38375,0.0741703,-0.0158268,16.3183,0.00522349,0.00174089,0.00313208,-0.000260747,0.00144939,30,0.0581213
2023-08-17 00:00:00+00:00,-0.0183841,0.893117,1.28039,0.134299,-0.00809181,11.2337,0.00359456,0.00170072,0.00196143,-0.000430067,-0.0107356,29.9896,0.0554866
2023-08-18 00:00:00+00:00,-0.00623293,0.88755,0.28027,0.0250391,-0.000440128,4.68027,0.00149789,0.00216756,0.000791758,-0.000103439,-0.00168,29.2292,0.0535315
2023-08-19 00:00:00+00:00,-0.00508177,0.88304,0.0995903,-0.0128373,-0.00837881,2.49018,0.000796841,0.000748631,0.00028973,-9.69148e-05,-0.00313531,7.98958,0.0506176
2023-08-20 00:00:00+00:00,0.00264668,0.885377,0.0819466,-0.0184433,-0.00990722,2.94731,0.000943232,0.00115232,0.000411364,-7.94507e-05,0.00523229,8.02083,0.0527824
2023-08-21 00:00:00+00:00,-0.010899,0.875727,0.176235,-0.0242571,-0.0226528,5.67372,0.00181558,0.00200327,0.00066166,-0.00128559,-0.00516405,8.79167,0.0531408
2023-08-22 00:00:00+00:00,-0.00384954,0.872356,0.114791,-0.0156259,-0.012054,4.18389,0.00133888,0.00146061,0.000393866,-0.000205155,-0.00045091,8.65625,0.0499389
2023-08-23 00:00:00+00:00,-0.0110261,0.862737,0.0948043,-0.0182456,-0.0179337,4.15683,0.00133007,0.0013375,0.000343064,-0.000615723,-0.00744919,8.27083,0.0489269
2023-08-24 00:00:00+00:00,-0.00883164,0.855118,0.115068,-0.0192544,-0.0151267,6.25119,0.00200035,0.00119282,0.000623326,-0.000251922,-0.00479317,7.82292,0.049386
2023-08-25 00:00:00+00:00,-0.00574131,0.850208,0.308301,-0.00653122,-0.00739867,19.0614,0.00610038,0.00105574,0.00197794,-0.000894284,0.00429669,22.5938,0.0480906
2023-08-26 00:00:00+00:00,0.000318726,0.850479,0.317499,-0.00369502,-0.0141435,20.119,0.00643893,0.00109669,0.00193095,-0.000480428,0.0102736,22.5,0.0505562
2023-08-27 00:00:00+00:00,-0.00416608,0.846936,0.295372,-0.0295363,-0.0289948,18.468,0.00591019,0.000948559,0.00148129,-0.000347162,0.00451904,21.9062,0.0522813
2023-08-28 00:00:00+00:00,-0.0074917,0.840591,0.280453,-0.00361622,-0.0108517,18.2402,0.00583725,0.000980929,0.00158179,-4.7787e-05,0.000936661,19.9792,0.0519506
2023-08-29 00:00:00+00:00,-0.00776964,0.83406,0.287187,-0.0131663,-0.0168645,20.6062,0.00659445,0.0011261,0.00201671,-0.000212138,0.00217808,22.4479,0.0516328
2023-08-30 00:00:00+00:00,-0.00556549,0.829418,0.253223,-0.0101508,-0.0178749,18.1709,0.00581509,0.000898,0.00186725,-0.000245355,0.00325086,21.0104,0.0513549
2023-08-31 00:00:00+00:00,-0.00654297,0.823991,0.17753,-0.0209184,-0.0135623,13.6673,0.0043737,0.000596687,0.00117831,-1.6148e-05,-0.000389704,18.5729,0.0502973
2023-09-01 00:00:00+00:00,-0.00251034,0.821923,0.165238,-0.0183172,-0.012645,14.0475,0.00449545,0.000818961,0.001251,-2.91264e-05,0.00408445,18.0521,0.0499987
2023-09-02 00:00:00+00:00,0.00361307,0.824892,0.178771,-0.013046,-0.0105333,15.8626,0.00507683,0.00134419,0.00158748,5.46819e-05,0.0115644,19.3646,0.0509748
2023-09-03 00:00:00+00:00,-0.00486289,0.820881,0.163865,-0.00920282,-0.0083377,14.0342,0.00449121,0.00116843,0.00144461,-2.30941e-05,0.00225951,17.9062,0.0512612
2023-09-04 00:00:00+00:00,-0.00165667,0.819521,0.18074,-0.0133608,-0.0189196,16.6278,0.00532151,0.00161979,0.00182913,2.36421e-05,0.0071101,22.6562,0.0509077
2023-09-05 00:00:00+00:00,-0.00632408,0.814338,0.157323,-0.0117662,-0.018455,14.586,0.00466779,0.00151998,0.0016261,-0.00035135,0.00182861,20.7292,0.0512479
2023-09-06 00:00:00+00:00,-0.00441902,0.81074,0.143369,-0.0136985,-0.0121544,13.5484,0.00433584,0.00143343,0.00132577,3.85164e-05,0.00263506,20.75,0.0507548
2023-09-07 00:00:00+00:00,0.00145771,0.811922,0.145821,-0.0065049,-0.00838292,14.4224,0.0046157,0.001333,0.00151714,-4.75423e-05,0.00897277,18.6562,0.0517773
2023-09-08 00:00:00+00:00,-0.00818,0.80528,0.119747,-0.00725013,-0.00887505,11.7412,0.00375725,0.00114227,0.00114276,0.000674867,-0.00284115,19.25,0.0535978
2023-09-09 00:00:00+00:00,-0.00422989,0.801874,0.126743,0.000736916,-0.00689071,12.6807,0.00405799,0.000985112,0.00136325,4.89099e-05,0.00212612,19.6042,0.0558478
2023-09-10 00:00:00+00:00,-0.00483355,0.797998,0.127632,-0.00753038,-0.00896585,13.1219,0.0041992,0.000977301,0.00143368,-3.63379e-05,0.00180473,17.9375,0.0570945
2023-09-11 00:00:00+00:00,0.00264779,0.800111,0.153617,0.00151247,-0.012188,15.9445,0.00510292,0.00117775,0.00158512,-7.0337e-05,0.0105834,21.9062,0.0576197
2023-09-12 00:00:00+00:00,-0.00747932,0.794127,0.169731,-0.000138444,-0.00535956,17.9769,0.00575283,0.00108964,0.00182648,-0.000404644,0.00157093,21.5833,0.0584404
2023-09-13 00:00:00+00:00,-0.00542022,0.789822,0.13914,-0.00410146,-0.00796749,14.5254,0.00464837,0.000776239,0.0013486,0.000113371,0.0012299,19.8646,0.0577618
2023-09-14 00:00:00+00:00,-0.00323429,0.787268,0.118414,-0.00320604,-0.00738689,12.9853,0.00415556,0.000807545,0.00112413,-0.000585148,0.00343559,19.375,0.0560536
2023-09-15 00:00:00+00:00,-0.00393897,0.784167,0.0989393,-0.00811146,-0.00895848,11.2285,0.00359329,0.000732354,0.000879567,-0.00066641,0.00193033,18.9062,0.0541018
2023-09-16 00:00:00+00:00,-0.000947106,0.783424,0.0888066,-0.00244594,-0.00645746,10.5308,0.00337004,0.000742523,0.00083905,-7.03316e-05,0.00407557,19.1146,0.0525974
2023-09-17 00:00:00+00:00,-0.0033201,0.780823,0.0775465,-0.00510862,-0.00430456,8.49889,0.00271974,0.000675669,0.000675661,0.000180924,0.00056674,16.6354,0.0519703
2023-09-18 00:00:00+00:00,-0.000929062,0.780098,0.0723158,0.000137756,-0.00498958,8.6268,0.00276074,0.000665914,0.000622633,-0.00038635,0.00350816,16.1979,0.0506627
2023-09-19 00:00:00+00:00,-0.00145469,0.778963,0.0497656,-0.000603333,-0.0073778,6.10098,0.00195237,0.000609843,0.000377569,-7.02641e-05,0.00155524,14.8229,0.0490861
2023-09-20 00:00:00+00:00,-0.00202432,0.777386,0.041991,0.000608814,-0.00392758,5.09823,0.00163145,0.000486119,0.000303314,-3.53745e-05,0.000430379,12.9688,0.0490191
2023-09-21 00:00:00+00:00,-0.00230555,0.775594,0.0347462,-0.00169355,-0.00393278,4.36404,0.0013965,0.000455011,0.000279497,-4.75627e-05,-0.000129177,12.0625,0.0477658
2023-09-22 00:00:00+00:00,-0.00418359,0.772349,0.035141,0.000200722,-0.00593193,4.09521,0.00131044,0.000314318,0.000258721,-1.55652e-05,-0.00229215,11.6042,0.0467296
2023-09-23 00:00:00+00:00,-0.00254963,0.77038,0.0255875,-0.00143825,-0.00282499,3.2967,0.00105495,0.000249632,0.00018739,-4.84711e-06,-0.00105543,10.8125,0.0454363
2023-09-24 00:00:00+00:00,-0.000914179,0.769675,0.0231475,0.00109011,-0.00487039,2.8411,0.00090916,0.000198286,0.000151063,-2.5395e-05,0.000369482,10.1667,0.0465272
2023-09-25 00:00:00+00:00,-0.00134483,0.76864,0.0261443,-0.00274154,-0.00495966,3.15911,0.00101093,0.000229982,0.000168951,8.24961e-07,6.42326e-05,13.2188,0.0459052
2023-09-26 00:00:00+00:00,-0.000744166,0.768068,0.0206537,-0.00165341,-0.00446287,2.57446,0.000823835,0.000173127,0.000116415,-3.71669e-05,0.000406307,11.9375,0.0443503
2023-09-27 00:00:00+00:00,-0.000737722,0.767502,0.0223666,-0.00189928,-0.00345028,2.82427,0.00090378,0.000211704,0.0001284,-0.000134216,0.000640769,13.1458,0.0427972
2023-09-28 00:00:00+00:00,-0.00123246,0.766556,0.0200092,-0.00249652,-0.00149956,2.5151,0.000804836,0.000210849,0.000117387,2.09277e-05,-0.000120874,10.6771,0.0419463
2023-09-29 00:00:00+00:00,-0.00128264,0.765573,0.0196374,-0.00289938,-0.00282537,2.48135,0.000794038,0.000179701,0.000110767,-4.11822e-07,-0.000198217,10.8646,0.0403087
2023-09-30 00:00:00+00:00,-0.000489106,0.765198,0.0180807,-0.00169999,-0.00143841,2.39693,0.000767027,0.000169303,0.000101519,-1.4998e-05,0.000563713,10.4688,0.0409315
2023-10-01 00:00:00+00:00,-0.00210932,0.763584,0.0171137,-0.00287484,-0.00241224,2.05051,0.000656168,0.000131304,0.000115879,-9.45983e-06,-0.00119805,10.625,0.0401804
2023-10-02 00:00:00+00:00,-0.000507046,0.763197,0.0168158,-0.000972536,-0.00127655,2.19125,0.000701206,0.000185929,0.000102137,-8.0659e-06,0.000490259,11.8333,0.0385836
2023-10-03 00:00:00+00:00,-0.000838675,0.762557,0.0161003,-0.000618852,-0.000500968,2.15026,0.000688089,0.000112941,0.000104476,-2.32039e-06,6.92202e-05,10.8646,0.0379195
2023-10-04 00:00:00+00:00,-0.000951848,0.761831,0.0152726,-0.00059013,-0.000205735,2.01375,0.000644402,0.000126894,8.79056e-05,2.31411e-06,-9.53357e-05,10.9688,0.0379622
2023-10-05 00:00:00+00:00,0.000170102,0.761961,0.0108209,-0.00104073,-0.00185459,1.45876,0.000466809,9.50857e-05,5.33268e-05,1.5977e-06,0.000783777,9.67708,0.0380445
2023-10-06 00:00:00+00:00,-0.000883178,0.761288,0.00887287,-0.000908807,-0.00173704,1.23472,0.000395111,0.000104258,4.50065e-05,-2.89284e-06,-0.000336238,8.75,0.0373785
2023-10-07 00:00:00+00:00,0.000100487,0.761364,0.00810353,-0.000627704,-0.00108504,1.10788,0.000354525,7.79405e-05,4.20615e-05,-1.61002e-06,0.000576662,7.8125,0.0375071
2023-10-08 00:00:00+00:00,-0.000187435,0.761221,0.00859202,-0.00140815,-0.00174475,1.22956,0.000393464,7.78783e-05,7.31399e-05,1.52695e-07,0.000357027,7.75,0.039413
2023-10-09 00:00:00+00:00,-0.000660558,0.760719,0.00754425,-0.00143154,-0.00186293,0.992275,0.000317528,5.37434e-05,3.2832e-05,-1.59147e-06,-0.000254982,7.76042,0.0387093
2023-10-10 00:00:00+00:00,-0.000363583,0.760442,0.00761192,-0.000509862,-0.000543955,0.958705,0.000306786,6.05847e-05,3.3137e-05,9.86485e-06,2.7049e-05,7.04167,0.0388976
2023-10-11 00:00:00+00:00,-0.000506683,0.760057,0.00532914,-0.000991515,-0.00131665,0.705829,0.000225865,4.47464e-05,2.08147e-05,-1.99653e-06,-0.000213372,6.26042,0.0385592
2023-10-12 00:00:00+00:00,-0.000544184,0.759643,0.00593333,-0.000770783,-0.00108904,0.769953,0.000246385,6.18824e-05,2.55661e-05,-3.73017e-07,-0.000210089,6.21875,0.0372109
2023-10-13 00:00:00+00:00,-0.00019211,0.759497,0.00370112,-0.000469332,-0.000545691,0.538267,0.000172246,5.4073e-05,1.47495e-05,-1.23344e-06,5.01818e-05,5.11458,0.0371053
2023-10-14 00:00:00+00:00,-0.000439199,0.759164,0.00460903,-0.00128188,-0.00161945,0.563732,0.000180394,4.66775e-05,1.67812e-05,-2.3882e-07,-0.000195167,6.38542,0.0388208
2023-10-15 00:00:00+00:00,0.000445176,0.759502,0.00389784,-0.000864211,-0.00173851,0.580794,0.000185856,5.55311e-05,1.94324e-05,7.66662e-07,0.000705157,6.07292,0.0401974
2023-10-16 00:00:00+00:00,-6.17501e-05,0.759455,0.00773763,-0.00106321,-0.00125488,1.04008,0.000332827,7.97505e-05,3.84683e-05,1.66871e-06,0.000387674,7.89583,0.0419875
2023-10-17 00:00:00+00:00,-0.00070072,0.758923,0.00959069,-0.000760281,-0.00118015,1.19671,0.000382948,9.1996e-05,4.59515e-05,3.02375e-07,-0.000180302,8.73958,0.0410645
2023-10-18 00:00:00+00:00,-0.000723742,0.758373,0.00869651,-0.000637898,-0.00120278,1.08189,0.000346204,9.18029e-05,3.8516e-05,8.64741e-07,-0.00024825,8.59375,0.0399379
2023-10-19 00:00:00+00:00,-0.000234203,0.758196,0.00764807,-0.000832267,-0.00113373,1.00595,0.000321905,8.89146e-05,3.29986e-05,-7.1093e-07,0.000210349,8.78125,0.0398961
2023-10-20 00:00:00+00:00,-0.000714898,0.757654,0.00754619,-0.000768252,-0.00121623,0.972233,0.000311115,0.000102862,3.17976e-05,-7.45308e-07,-0.000268582,8.60417,0.0408058
2023-10-21 00:00:00+00:00,-0.000189861,0.75751,0.00623616,-0.000781492,-0.00106701,0.842274,0.000269529,8.39266e-05,2.62799e-05,1.35034e-06,0.000188539,7.38542,0.0401639
2023-10-22 00:00:00+00:00,-0.000294293,0.757287,0.0068651,-0.00097612,-0.00124425,0.956449,0.000306065,7.76014e-05,3.18189e-05,5.11618e-07,0.000120687,8.38542,0.0392656
2023-10-23 00:00:00+00:00,-0.000925065,0.756586,0.00798485,-0.000945751,-0.000759219,1.03158,0.000330106,7.64345e-05,3.09742e-05,-4.99478e-06,-0.000482854,9.33333,0.03832
2023-10-24 00:00:00+00:00,7.78698e-06,0.756592,0.00936091,-0.00027887,-0.000453104,1.1636,0.000372354,9.39544e-05,4.44986e-05,3.01109e-06,0.000515621,11.5208,0.038668
2023-10-25 00:00:00+00:00,-0.00062566,0.756119,0.00988859,0.000437172,-0.000575613,1.13668,0.000363739,7.0375e-05,4.57246e-05,-7.17376e-06,-0.000138759,12.0833,0.0378237
2023-10-26 00:00:00+00:00,-0.000529765,0.755718,0.00850129,-0.000139182,-0.000453127,0.981103,0.000313954,6.56571e-05,3.45e-05,6.62232e-06,-0.00012234,12.3958,0.0361314
2023-10-27 00:00:00+00:00,5.14975e-05,0.755757,0.00648018,-0.000205139,-0.000335172,0.846294,0.000270816,5.143e-05,2.61377e-05,-7.92162e-07,0.000400691,10.625,0.0363536
2023-10-28 00:00:00+00:00,-0.000244838,0.755572,0.00562566,-0.000353489,-0.000315198,0.690406,0.000220931,4.35133e-05,2.03548e-05,1.20886e-06,3.87315e-05,9.0625,0.0368443
2023-10-29 00:00:00+00:00,-0.000522191,0.755178,0.00578666,-0.000128079,-0.000333344,0.701132,0.000224362,4.95475e-05,1.95882e-05,1.31839e-06,-0.000230116,9.29167,0.0380021
2023-10-30 00:00:00+00:00,-0.000284275,0.754963,0.00485299,-0.000709051,-0.000624021,0.585888,0.000187484,2.59292e-05,1.38474e-05,-1.09497e-06,-5.59484e-05,9.02083,0.0361697
2023-10-31 00:00:00+00:00,-0.000267321,0.754761,0.00425495,-0.000676281,-0.000544579,0.534657,0.000171091,3.52063e-05,1.24296e-05,1.15707e-05,-6.019e-05,8.27083,0.0347141
2023-11-01 00:00:00+00:00,1.95828e-05,0.754776,0.00322615,-0.000299723,-0.000267402,0.441111,0.000141156,3.53761e-05,9.21439e-06,1.17817e-07,0.000205225,6.1875,0.0347725
2023-11-02 00:00:00+00:00,-0.000136089,0.754673,0.00290193,-9.86154e-05,1.8676e-05,0.357388,0.000114364,3.37057e-05,7.60389e-06,2.38725e-07,1.93423e-05,6.30208,0.0345698
2023-11-03 00:00:00+00:00,-0.00016988,0.754545,0.00323067,-0.000647882,-0.000597099,0.402875,0.00012892,3.071e-05,8.86425e-06,7.71731e-08,-1.46774e-06,6.72917,0.0338892
2023-11-04 00:00:00+00:00,-1.9197e-05,0.75453,0.00212288,-0.000415957,-0.000509964,0.286006,9.15223e-05,2.27088e-05,5.45408e-06,-4.55721e-07,0.000100948,5.67708,0.0342021
2023-11-05 00:00:00+00:00,-7.60819e-05,0.754473,0.00230335,-0.000439573,-0.000429503,0.294409,9.42111e-05,2.07957e-05,5.21813e-06,9.58365e-07,4.31866e-05,5.48958,0.0341032
2023-11-06 00:00:00+00:00,-0.000311109,0.754238,0.00359887,-0.000552869,-0.000403422,0.463322,0.000148263,2.99552e-05,9.03615e-06,3.12463e-06,-0.000127014,8.14583,0.0338554
2023-11-07 00:00:00+00:00,2.3857e-06,0.75424,0.00389792,-0.000336545,-0.000304354,0.495618,0.000158599,3.70572e-05,1.10027e-05,-3.84046e-08,0.00020909,8.41667,0.0340966
2023-11-08 00:00:00+00:00,-0.00033767,0.753985,0.00345102,-0.000610243,-0.000638026,0.43209,0.000138269,2.8611e-05,1.11824e-05,7.4671e-07,-0.000160396,8.625,0.0318903
2023-11-09 00:00:00+00:00,-0.00055122,0.75357,0.00356203,-0.000507368,-0.000416606,0.409764,0.000131124,2.53262e-05,1.04836e-05,1.49714e-05,-0.00039938,10.2188,0.0307153
2023-11-10 00:00:00+00:00,9.022e-06,0.753577,0.00304057,-0.000329458,-0.000213527,0.396258,0.000126803,3.22504e-05,1.09481e-05,7.2422e-07,0.000178314,10.4271,0.0284644
2023-11-11 00:00:00+00:00,-4.12122e-05,0.753546,0.00237512,-0.000266292,-0.000232428,0.309334,9.89869e-05,2.75885e-05,7.24059e-06,1.12423e-06,9.1484e-05,9.36458,0.0267831
2023-11-12 00:00:00+00:00,-0.000222915,0.753378,0.0021802,-0.000314446,-0.000236426,0.275169,8.80542e-05,2.68981e-05,5.78511e-06,8.68708e-07,-0.000103063,9.15625,0.0258337
2023-11-13 00:00:00+00:00,-0.000167481,0.753251,0.00188387,-0.000160506,-0.000149288,0.235901,7.54884e-05,1.40522e-05,4.2276e-06,4.86816e-07,-7.42059e-05,8.32292,0.0247957
2023-11-14 00:00:00+00:00,-4.51888e-05,0.753217,0.00168355,-8.41527e-05,-0.000110986,0.20012,6.40384e-05,1.37203e-05,3.60905e-06,1.9146e-07,3.59883e-05,8.10417,0.0242682
2023-11-15 00:00:00+00:00,-2.47861e-05,0.753199,0.00115579,-0.000154882,-0.000204094,0.161562,5.16999e-05,1.01162e-05,2.48986e-06,2.50019e-07,3.92707e-05,6.75,0.023252
2023-11-16 00:00:00+00:00,-1.11758e-05,0.75319,0.00154234,-0.000188238,-0.000212326,0.200718,6.42299e-05,1.0645e-05,3.16462e-06,2.27103e-07,6.66399e-05,7.5625,0.0241346
2023-11-17 00:00:00+00:00,-2.96397e-05,0.753168,0.00144968,-0.000156259,-0.000167861,0.185363,5.93163e-05,1.18025e-05,2.95008e-06,8.27272e-08,4.43481e-05,7.44792,0.0235676
2023-11-18 00:00:00+00:00,-7.14302e-06,0.753163,0.00132851,-0.000133978,-0.000139185,0.169026,5.40884e-05,8.91458e-06,2.86397e-06,1.35064e-07,5.85904e-05,6.51042,0.0230287
2023-11-19 00:00:00+00:00,-6.32828e-05,0.753115,0.000680151,-0.000183928,-0.00024496,0.0889664,2.84692e-05,4.3786e-06,1.36403e-06,6.72954e-08,-2.91387e-05,4.28125,0.0221885
2023-11-20 00:00:00+00:00,0.000187607,0.753256,0.000914939,-0.000286617,-0.000233033,0.119604,3.82733e-05,7.29372e-06,1.89426e-06,8.26009e-08,0.000234973,5.14583,0.022568
2023-11-21 00:00:00+00:00,-4.14765e-05,0.753225,0.00138607,-0.000229809,-0.000249505,0.172552,5.52167e-05,8.15024e-06,2.78222e-06,1.03702e-07,2.45705e-05,6.89583,0.0239526
2023-11-22 00:00:00+00:00,-4.13836e-05,0.753194,0.00139966,-0.000178735,-0.000267663,0.181384,5.8043e-05,8.45221e-06,3.17538e-06,2.17327e-07,2.80702e-05,7.20833,0.0242644
2023-11-23 00:00:00+00:00,-5.19159e-05,0.753155,0.00106551,-0.000126119,-0.000164312,0.137467,4.39895e-05,7.90331e-06,2.45729e-06,-9.07367e-10,2.43553e-06,5.78125,0.0239122
2023-11-24 00:00:00+00:00,1.58238e-05,0.753167,0.000671484,-0.000104021,-0.000170569,0.085809,2.74589e-05,7.65314e-06,1.43397e-06,1.37799e-08,5.23567e-05,3.71875,0.0244935
2023-11-25 00:00:00+00:00,-3.61493e-05,0.753139,0.000700899,-6.80003e-05,-0.000115715,0.078905,2.52496e-05,6.53018e-06,1.32984e-06,2.27e-06,-5.3091e-06,3.69792,0.0245264
2023-11-26 00:00:00+00:00,-8.55033e-05,0.753075,0.000635627,2.55468e-05,2.02836e-05,0.0617267,1.97526e-05,5.04258e-06,8.25289e-07,2.87348e-05,-8.86178e-05,3,0.0252377
2023-11-27 00:00:00+00:00,-2.67488e-05,0.753055,0.000934748,-0.000255623,-0.000281513,0.115066,3.68213e-05,9.23768e-06,1.58862e-06,8.52333e-07,2.00466e-05,4.80208,0.0254667
2023-11-28 00:00:00+00:00,-5.55704e-06,0.753051,0.000770285,-0.000204676,-0.000265853,0.111724,3.57518e-05,7.39154e-06,1.71367e-06,7.13162e-08,3.92292e-05,4.51042,0.0254585
2023-11-29 00:00:00+00:00,-5.74309e-05,0.753007,0.000775951,-0.000109669,-0.000107717,0.104382,3.34023e-05,5.89709e-06,1.28502e-06,4.8405e-08,-1.68963e-05,4.17708,0.0263384
2023-11-30 00:00:00+00:00,-1.08652e-05,0.752999,0.000742505,-0.000243096,-0.00029631,0.103524,3.31278e-05,6.5133e-06,1.11878e-06,9.17243e-08,2.98033e-05,4.5,0.0266577
2023-12-01 00:00:00+00:00,2.0299e-05,0.753015,0.000797331,-0.000107354,-0.00012948,0.116611,3.73155e-05,5.54321e-06,1.36228e-06,9.74008e-08,6.44232e-05,4.05208,0.0275604
2023-12-02 00:00:00+00:00,-3.00482e-05,0.752992,0.00070775,-0.000377368,-0.000478236,0.0856631,2.74122e-05,4.64244e-06,9.60554e-07,1.5459e-07,2.8127e-06,3.45833,0.0277476
2023-12-03 00:00:00+00:00,-7.1755e-06,0.752987,0.000873253,-0.000227331,-0.000283305,0.125801,4.02563e-05,8.06957e-06,1.64693e-06,2.19308e-08,4.27764e-05,4.35417,0.0289389
2023-12-04 00:00:00+00:00,-0.000140307,0.752881,0.00177952,-0.000202706,-0.000328635,0.233261,7.46435e-05,1.07892e-05,4.23687e-06,8.29951e-09,-5.06475e-05,7.72917,0.0297864
2023-12-05 00:00:00+00:00,-0.000105061,0.752802,0.00226301,-0.000149562,-0.000299512,0.276359,8.84351e-05,1.52845e-05,5.36281e-06,6.63938e-07,3.36246e-06,9.0625,0.0297373
2023-12-06 00:00:00+00:00,-0.000187377,0.752661,0.00243756,-0.000286606,-0.000165778,0.293665,9.39728e-05,1.63364e-05,4.94417e-06,2.15202e-07,-7.23492e-05,9.80208,0.0299864
2023-12-07 00:00:00+00:00,-0.000215639,0.752498,0.00225603,-0.000230374,-0.000175833,0.271964,8.70285e-05,1.62574e-05,4.44186e-06,7.69961e-07,-0.000108698,9.40625,0.0301719
2023-12-08 00:00:00+00:00,-8.20208e-05,0.752437,0.00200162,-0.000320596,-0.000217319,0.262985,8.41552e-05,1.57688e-05,3.88405e-06,3.5025e-07,2.14369e-05,9.66667,0.0294759
2023-12-09 00:00:00+00:00,3.15831e-05,0.75246,0.00178036,-0.000182568,-0.000176461,0.250958,8.03066e-05,1.971e-05,4.06675e-06,1.00241e-07,0.00013557,9.0625,0.0293264
2023-12-10 00:00:00+00:00,-0.000125679,0.752366,0.00153662,-0.000160908,-0.000203604,0.181915,5.82129e-05,1.20774e-05,2.70076e-06,2.76933e-07,-5.29704e-05,7.57292,0.0296864
2023-12-11 00:00:00+00:00,-1.37223e-05,0.752356,0.00160524,-0.000141558,-0.000140564,0.196591,6.29092e-05,1.66787e-05,3.63761e-06,1.92095e-07,6.93153e-05,8.04167,0.0291423
2023-12-12 00:00:00+00:00,-9.92763e-05,0.752281,0.00113237,-3.6647e-05,-0.000130196,0.142132,4.54824e-05,1.58911e-05,2.00639e-06,9.00263e-07,-3.67992e-05,6.95833,0.0286198
2023-12-13 00:00:00+00:00,-4.34637e-05,0.752248,0.00102416,-1.90304e-05,-3.79475e-05,0.120253,3.8481e-05,1.40563e-05,1.62226e-06,8.19976e-07,9.87619e-06,5.89583,0.0279928
2023-12-14 00:00:00+00:00,1.92643e-05,0.752263,0.000771758,-7.4824e-05,-0.00010002,0.108282,3.46503e-05,9.56604e-06,1.45027e-06,4.35062e-07,6.44962e-05,5.4375,0.0290456
2023-12-15 00:00:00+00:00,2.66467e-05,0.752283,0.0011851,-0.000118152,-0.000164724,0.1501,4.80321e-05,1.41282e-05,1.8606e-06,2.98264e-07,9.03698e-05,6.11458,0.0311719
2023-12-16 00:00:00+00:00,-0.000311538,0.752048,0.00104402,-0.00015694,-0.000180389,0.129099,4.13118e-05,1.40812e-05,1.67203e-06,2.32676e-07,-0.000254744,6.375,0.0311506
2023-12-17 00:00:00+00:00,-7.05846e-06,0.752043,0.000975758,-8.98144e-05,-0.00013768,0.114743,3.67178e-05,1.01191e-05,1.3521e-06,2.14719e-07,4.09166e-05,6.45833,0.030542
2023-12-18 00:00:00+00:00,-0.000136086,0.751941,0.00123456,-0.000189853,-0.000182722,0.149347,4.77911e-05,9.81182e-06,2.03188e-06,2.89491e-07,-7.6748e-05,7.40625,0.0295445
2023-12-19 00:00:00+00:00,-7.52514e-05,0.751884,0.00108915,-0.000127191,-0.000188353,0.134725,4.3112e-05,7.1941e-06,1.88061e-06,3.10837e-07,-2.33755e-05,7.41667,0.0279809
2023-12-20 00:00:00+00:00,-7.80005e-06,0.751878,0.000983784,-0.000132458,-0.000182412,0.12234,3.9149e-05,8.41292e-06,1.50834e-06,2.78874e-07,4.09959e-05,7.36458,0.0279294
2023-12-21 00:00:00+00:00,-9.03106e-05,0.75181,0.000759737,-7.66083e-05,-0.00012621,0.102696,3.28627e-05,1.00931e-05,1.14212e-06,2.04143e-07,-4.64198e-05,6.48958,0.0280905
2023-12-22 00:00:00+00:00,-8.83351e-05,0.751744,0.000951213,-0.000103937,-0.000153976,0.120228,3.84729e-05,1.2379e-05,1.35288e-06,8.16469e-07,-3.69471e-05,7.71875,0.0274733
2023-12-23 00:00:00+00:00,-4.38653e-05,0.751711,0.000739006,-0.000146276,-0.000186953,0.0972057,3.11059e-05,1.28739e-05,1.05317e-06,4.88674e-07,6.78606e-07,6.63542,0.0275584
2023-12-24 00:00:00+00:00,-2.54162e-05,0.751692,0.00071453,-0.000164784,-0.00016659,0.0920066,2.94421e-05,6.95701e-06,1.05429e-06,9.23321e-08,1.19454e-05,6.23958,0.026364
2023-12-25 00:00:00+00:00,4.67024e-05,0.751727,0.000745019,-0.000167053,-0.000177465,0.0929781,2.9753e-05,7.9832e-06,1.04582e-06,3.98828e-07,8.50856e-05,6.89583,0.026585
2023-12-26 00:00:00+00:00,-5.97239e-05,0.751682,0.000881244,-0.000220278,-0.000192103,0.10356,3.31392e-05,8.02072e-06,1.18278e-06,7.06372e-07,-1.80875e-05,7.36458,0.0263398
2023-12-27 00:00:00+00:00,-5.11952e-05,0.751644,0.000850906,-7.26776e-05,-2.85439e-05,0.0939029,3.00489e-05,5.32988e-06,1.07141e-06,3.41247e-06,-1.81576e-05,7.25,0.0250467
2023-12-28 00:00:00+00:00,-6.19746e-05,0.751597,0.000758697,-5.08892e-05,-5.06229e-05,0.0902963,2.88948e-05,6.97692e-06,8.31476e-07,2.8583e-06,-2.81305e-05,7.42708,0.0250711
2023-12-29 00:00:00+00:00,3.24024e-06,0.751599,0.000727602,-8.52476e-05,-0.000154743,0.0879485,2.81436e-05,8.96739e-06,8.06886e-07,3.38299e-07,4.08206e-05,7.21875,0.0262346
2023-12-30 00:00:00+00:00,-3.43494e-05,0.751574,0.000690302,-0.000108019,-0.000142043,0.0868556,2.77938e-05,6.64757e-06,7.73795e-07,1.52221e-07,7.13211e-07,6.80208,0.0269908
2023-12-31 00:00:00+00:00,-0.000112684,0.751489,0.000595528,-0.000171624,-0.000181155,0.0793933,2.54059e-05,6.25213e-06,6.79218e-07,-1.48351e-06,-7.88661e-05,6.39583,0.0268531
2024-01-01 00:00:00+00:00,-6.399e-05,0.751441,0.000722971,-0.000112511,-0.000162939,0.0900643,2.88206e-05,6.43422e-06,7.52197e-07,-1.11745e-06,-2.68668e-05,8.33333,0.0260367
2024-01-02 00:00:00+00:00,-3.93811e-06,0.751438,0.000688732,-7.79717e-05,-0.000145746,0.0911846,2.91791e-05,6.89567e-06,8.05411e-07,9.49849e-07,3.19927e-05,7.58333,0.0263139
2024-01-03 00:00:00+00:00,8.56356e-06,0.751444,0.000663003,-9.55663e-05,-0.000108491,0.0754607,2.41475e-05,7.08996e-06,1.3377e-06,2.12471e-07,4.09273e-05,6.89583,0.0266037
2024-01-04 00:00:00+00:00,-3.87215e-05,0.751415,0.000922374,-8.15041e-05,-5.6389e-05,0.10345,3.31041e-05,8.40895e-06,2.15738e-06,1.42098e-07,4.8072e-06,8.5625,0.0277192
2024-01-05 00:00:00+00:00,-1.71153e-05,0.751402,0.000787677,1.03717e-05,-6.37264e-05,0.101308,3.24186e-05,7.65285e-06,1.66735e-06,7.71505e-08,2.4547e-05,8.3125,0.028673
2024-01-06 00:00:00+00:00,-2.9207e-05,0.75138,0.000799617,-1.41428e-05,-7.01349e-05,0.0922607,2.95234e-05,5.87067e-06,1.32609e-06,1.0288e-07,7.41058e-06,7.66667,0.0295768
2024-01-07 00:00:00+00:00,-1.60932e-05,0.751368,0.000669385,-4.07217e-05,-7.88919e-05,0.0797961,2.55348e-05,5.92077e-06,9.60633e-07,-5.37205e-08,1.6377e-05,6.80208,0.0304465
2024-01-08 00:00:00+00:00,-9.66516e-06,0.751361,0.000719474,-8.37987e-05,-6.97257e-05,0.0914405,2.9261e-05,1.01313e-05,1.01662e-06,2.96566e-08,3.07148e-05,6.8125,0.0305086
2024-01-09 00:00:00+00:00,-2.1297e-05,0.751345,0.000610308,-4.91529e-05,-5.98883e-05,0.0775845,2.4827e-05,1.0492e-05,7.80955e-07,4.3045e-08,1.47606e-05,6.75,0.0306459
2024-01-10 00:00:00+00:00,-1.03864e-05,0.751337,0.00044985,-4.35502e-05,-5.05169e-05,0.0595269,1.90486e-05,1.30123e-05,5.69262e-07,2.84275e-08,2.22156e-05,5.69792,0.0310597
2024-01-11 00:00:00+00:00,-3.69578e-05,0.751309,0.000417622,-9.70199e-05,-9.4963e-05,0.0570917,1.82694e-05,1.68148e-05,5.94638e-07,2.1428e-08,-1.30078e-06,5.25,0.0313679
2024-01-12 00:00:00+00:00,-1.57251e-05,0.751298,0.000364032,-8.54159e-05,-9.83673e-05,0.0471821,1.50983e-05,1.36986e-05,4.93879e-07,6.08764e-08,1.3505e-05,4.64583,0.0315391
2024-01-13 00:00:00+00:00,-9.33332e-06,0.751291,0.000334834,-6.45989e-05,-7.72984e-05,0.0427176,1.36696e-05,1.25107e-05,4.75294e-07,-8.61232e-09,1.73312e-05,4.14583,0.0312542
2024-01-14 00:00:00+00:00,6.62287e-06,0.751296,0.000151115,-4.00804e-05,-4.40216e-05,0.0222171,7.10948e-06,7.01427e-06,1.85216e-07,2.17737e-08,2.09101e-05,2.59375,0.0311345
2024-01-15 00:00:00+00:00,-7.60353e-06,0.75129,0.000226432,-5.67485e-05,-6.32385e-05,0.0321577,1.02905e-05,7.73596e-06,2.19134e-07,4.04661e-08,1.06016e-05,2.97917,0.0308761
2024-01-16 00:00:00+00:00,8.36423e-06,0.751296,0.000148898,-6.37352e-05,-7.95753e-05,0.0208539,6.67324e-06,5.15091e-06,1.32268e-07,1.86635e-08,2.0302e-05,1.95833,0.0318018
2024-01-17 00:00:00+00:00,-2.46324e-05,0.751278,0.000304404,-9.4545e-05,-0.000107688,0.0412297,1.31935e-05,7.18034e-06,2.46791e-07,4.66218e-09,-4.01658e-06,3.61458,0.0322021
2024-01-18 00:00:00+00:00,1.61405e-05,0.75129,0.000217198,-4.99625e-05,-4.74537e-05,0.0327633,1.04843e-05,6.96558e-06,1.95139e-07,-1.04795e-07,3.38903e-05,3.07292,0.0333633
2024-01-19 00:00:00+00:00,-8.87795e-06,0.751283,0.000225341,-6.89969e-05,-7.21795e-05,0.0297625,9.52399e-06,7.19579e-06,1.73908e-07,3.00184e-08,7.98577e-06,2.71875,0.0345742
2024-01-20 00:00:00+00:00,-3.14264e-05,0.75126,0.000268028,-0.000131501,-0.000111635,0.0345631,1.10602e-05,6.83736e-06,2.52195e-07,5.83382e-08,-1.33351e-05,2.54167,0.0344377
2024-01-21 00:00:00+00:00,7.36514e-06,0.751265,0.00023716,-8.39716e-05,-7.05003e-05,0.0359526,1.15049e-05,6.22698e-06,2.4906e-07,4.43152e-08,2.53018e-05,2.47917,0.0355815
2024-01-22 00:00:00+00:00,-3.15046e-05,0.751241,0.000239686,-5.72006e-05,-6.80389e-05,0.0327865,1.04917e-05,7.80927e-06,2.0701e-07,2.93033e-08,-1.30263e-05,2.5,0.0371706
2024-01-23 00:00:00+00:00,-1.71325e-05,0.751229,0.000531964,-6.40762e-06,-6.99676e-05,0.0779619,2.49478e-05,1.39609e-05,6.98196e-07,-2.54901e-07,2.27295e-05,4.75,0.0383473
2024-01-24 00:00:00+00:00,-3.37928e-05,0.751203,0.000711395,8.77714e-06,-9.20882e-05,0.099738,3.19162e-05,1.60461e-05,1.05115e-06,3.4569e-07,1.48747e-05,5.41667,0.0378312
2024-01-25 00:00:00+00:00,-1.24334e-05,0.751194,0.000492028,-4.09696e-05,-7.42565e-05,0.0743103,2.37793e-05,1.34162e-05,7.55706e-07,1.22656e-07,2.53953e-05,4.55208,0.0380213
2024-01-26 00:00:00+00:00,-4.62605e-05,0.751159,0.000660824,-5.79741e-05,-0.000125262,0.0848216,2.71429e-05,9.40684e-06,8.04527e-07,1.00075e-08,-8.91688e-06,5.97917,0.0379339
2024-01-27 00:00:00+00:00,2.87603e-05,0.751181,0.000688255,-6.68674e-05,-8.08153e-05,0.0992849,3.17712e-05,7.05317e-06,9.62276e-07,-3.60272e-08,6.85829e-05,6.70833,0.0388242
2024-01-28 00:00:00+00:00,-3.37199e-05,0.751155,0.000952396,-4.936e-05,-7.03505e-05,0.128695,4.11824e-05,6.81414e-06,1.30107e-06,4.05037e-08,1.5537e-05,7.60417,0.0402093
2024-01-29 00:00:00+00:00,-1.21315e-05,0.751146,0.000907925,-0.000166107,-0.000172452,0.115572,3.69832e-05,7.95119e-06,9.66332e-07,3.16222e-08,3.37379e-05,7.03125,0.0407013
2024-01-30 00:00:00+00:00,-1.21184e-05,0.751137,0.000965743,-0.000185964,-0.000198335,0.112979,3.61533e-05,1.06541e-05,9.06796e-07,9.28928e-08,3.55036e-05,6.82292,0.0403209
2024-01-31 00:00:00+00:00,2.37933e-06,0.751139,0.00100975,-2.6902e-05,-6.13229e-05,0.144595,4.62704e-05,1.29372e-05,1.19385e-06,1.60121e-07,6.2621e-05,7.73958,0.039871
2024-02-01 00:00:00+00:00,-5.26722e-05,0.751099,0.000869793,-7.80568e-05,-8.09908e-05,0.109964,3.51885e-05,1.21784e-05,9.20018e-07,6.54745e-08,-4.45174e-06,6.5,0.0398915
2024-02-02 00:00:00+00:00,-1.86988e-05,0.751085,0.000671117,-0.000120512,-0.000109737,0.087276,2.79284e-05,9.50125e-06,7.16569e-07,4.7086e-08,1.94007e-05,5.5625,0.0396012
2024-02-03 00:00:00+00:00,-3.93184e-05,0.751056,0.000652163,-0.000121087,-9.67429e-05,0.0816148,2.61167e-05,7.82292e-06,5.83029e-07,1.75672e-07,-4.97199e-06,5.5625,0.039128
2024-02-04 00:00:00+00:00,-3.50264e-05,0.751029,0.000439575,-8.26463e-05,-0.000111261,0.0537612,1.72036e-05,5.74468e-06,3.35456e-07,7.10613e-08,-1.18141e-05,3.8125,0.038757
2024-02-05 00:00:00+00:00,-1.93117e-05,0.751015,0.000468661,-6.87659e-05,-0.000114028,0.0683489,2.18717e-05,7.80911e-06,4.60214e-07,2.66838e-09,1.08267e-05,4.54167,0.0395866
2024-02-06 00:00:00+00:00,-2.04063e-05,0.751,0.000459242,-0.000104053,-0.000120116,0.0673868,2.15638e-05,8.66442e-06,5.55472e-07,5.09807e-08,1.03265e-05,4.53125,0.0398564
2024-02-07 00:00:00+00:00,-1.59851e-05,0.750988,0.000493027,-8.74408e-05,-0.000109394,0.066689,2.13405e-05,8.45309e-06,4.69065e-07,-3.46489e-07,1.46241e-05,4.6875,0.0404007
2024-02-08 00:00:00+00:00,-2.46049e-05,0.750969,0.000743437,-9.01479e-05,-0.000126739,0.0973447,3.11503e-05,6.77969e-06,6.4853e-07,5.10494e-08,1.39225e-05,6.15625,0.0414729
2024-02-09 00:00:00+00:00,-3.35167e-05,0.750944,0.000958498,-7.15168e-05,-0.000137777,0.122053,3.90571e-05,7.96224e-06,8.3052e-07,4.33595e-07,1.38993e-05,7.02083,0.0426249
2024-02-10 00:00:00+00:00,-3.33364e-05,0.750919,0.000831449,-0.000131331,-0.000150183,0.103625,3.31602e-05,7.51838e-06,7.60807e-07,6.9509e-08,8.03319e-06,6.66667,0.0420655
2024-02-11 00:00:00+00:00,-1.1104e-06,0.750918,0.000844233,-0.000132717,-0.000142067,0.10984,3.51489e-05,9.15132e-06,7.86504e-07,1.2826e-07,4.38482e-05,6.84375,0.0423671
2024-02-12 00:00:00+00:00,-0.000111789,0.750834,0.000887501,-8.0705e-05,-0.0001376,0.10909,3.49087e-05,8.51487e-06,8.61641e-07,7.75802e-07,-6.8284e-05,8.08333,0.0418572
2024-02-13 00:00:00+00:00,-2.7019e-05,0.750814,0.00100944,-2.99316e-05,-0.000114455,0.12187,3.89984e-05,9.31454e-06,1.02583e-06,1.18204e-07,2.22016e-05,9.13542,0.0417875
2024-02-14 00:00:00+00:00,-4.133e-05,0.750783,0.00100133,-7.36265e-05,-0.000109652,0.127885,4.09233e-05,8.99436e-06,1.05752e-06,7.11056e-08,9.57356e-06,9.23958,0.0413177
2024-02-15 00:00:00+00:00,1.43483e-05,0.750794,0.00107773,-2.7844e-05,-7.63104e-05,0.140913,4.50924e-05,8.63433e-06,1.22862e-06,1.47086e-07,6.9157e-05,10.3438,0.0406427
2024-02-16 00:00:00+00:00,-5.68163e-05,0.750751,0.00105795,4.86685e-05,-3.59352e-05,0.134885,4.31633e-05,8.26746e-06,1.14941e-06,-1.05549e-07,-4.13131e-06,10.4688,0.0405231
2024-02-17 00:00:00+00:00,-3.47263e-05,0.750725,0.000969576,6.6126e-05,-5.93956e-05,0.11635,3.7232e-05,6.33391e-06,9.4499e-07,1.95686e-07,9.58875e-06,9.8125,0.0408186
2024-02-18 00:00:00+00:00,-1.98386e-05,0.75071,0.000832421,1.40111e-05,-7.08386e-05,0.0995937,3.187e-05,5.26842e-06,6.98266e-07,4.39453e-08,1.79541e-05,8.61458,0.0399694
2024-02-19 00:00:00+00:00,-3.34577e-05,0.750685,0.000790883,-7.69437e-05,-7.89382e-05,0.100795,3.22544e-05,4.84573e-06,6.74485e-07,2.09369e-07,4.1073e-06,10.0521,0.0399355
2024-02-20 00:00:00+00:00,3.55525e-06,0.750688,0.000825717,-2.61391e-05,-3.46892e-05,0.0986349,3.15632e-05,5.974e-06,7.45916e-07,1.76262e-07,4.16626e-05,11.0417,0.0393575
2024-02-21 00:00:00+00:00,-3.61084e-05,0.75066,0.000908607,2.08227e-05,-1.17301e-05,0.104642,3.34855e-05,5.33794e-06,7.85444e-07,2.5893e-07,3.24106e-06,10.6458,0.0399689
2024-02-22 00:00:00+00:00,-2.94421e-05,0.750638,0.000739422,2.16353e-05,-5.19402e-05,0.0841691,2.69341e-05,5.29624e-06,5.5618e-07,7.83983e-07,2.56054e-06,9.38542,0.0402248
2024-02-23 00:00:00+00:00,4.71646e-06,0.750642,0.000594058,5.47449e-05,-1.57173e-05,0.0693498,2.21919e-05,4.72108e-06,4.21164e-07,4.1616e-07,3.16346e-05,8.15625,0.0410155
2024-02-24 00:00:00+00:00,-3.09714e-05,0.750619,0.000510549,-1.2171e-05,-2.39257e-05,0.0620489,1.98556e-05,4.97919e-06,3.90322e-07,1.60961e-07,-5.90739e-06,7.01042,0.0418257
2024-02-25 00:00:00+00:00,-4.06156e-05,0.750588,0.000437017,-5.25996e-05,-7.31122e-05,0.0532898,1.70527e-05,4.04338e-06,2.99519e-07,2.0594e-07,-1.94264e-05,6.70833,0.0421719
2024-02-26 00:00:00+00:00,-2.73139e-06,0.750586,0.000550771,-2.65676e-05,-5.25243e-05,0.0688705,2.20386e-05,7.01889e-06,4.00154e-07,4.6242e-08,2.66801e-05,8.89583,0.0429622
2024-02-27 00:00:00+00:00,-3.41813e-05,0.75056,0.000692712,-3.40776e-06,-4.70141e-05,0.0836161,2.67572e-05,9.3249e-06,4.38517e-07,4.04414e-07,1.93461e-06,10.2188,0.0426787
2024-02-28 00:00:00+00:00,-8.67057e-05,0.750495,0.000740562,-6.83929e-06,-4.09542e-05,0.0816402,2.61249e-05,6.54403e-06,4.42939e-07,5.98281e-07,-5.41951e-05,12.8958,0.0433516
2024-02-29 00:00:00+00:00,-1.20099e-05,0.750486,0.000881164,8.77906e-06,-1.27426e-05,0.0975211,3.12068e-05,5.07994e-06,5.70957e-07,-7.06191e-08,2.49185e-05,17.0833,0.043966
2024-03-01 00:00:00+00:00,2.72581e-06,0.750488,0.000880258,4.42469e-05,-1.28459e-05,0.103324,3.30636e-05,5.97603e-06,6.45943e-07,-1.53654e-08,4.2427e-05,16.2708,0.0455713
2024-03-02 00:00:00+00:00,-3.86306e-05,0.750459,0.000806988,3.84897e-05,-2.32932e-05,0.0834411,2.67011e-05,4.50916e-06,4.23706e-07,-2.01543e-08,-6.9769e-06,15.4271,0.0448644
2024-03-03 00:00:00+00:00,-1.73473e-05,0.750446,0.000680256,5.00254e-06,-1.58796e-05,0.0762056,2.43858e-05,4.94987e-06,4.03701e-07,-8.22753e-08,1.24744e-05,14.5625,0.044575
2024-03-04 00:00:00+00:00,-1.91266e-05,0.750432,0.000609671,1.66211e-05,-1.18262e-05,0.0693575,2.21944e-05,4.00599e-06,3.08938e-07,2.63475e-08,7.35649e-06,15.4479,0.0442046
2024-03-05 00:00:00+00:00,-1.74944e-05,0.750419,0.00058154,1.91298e-05,-8.46634e-06,0.0656293,2.10014e-05,3.77003e-06,3.04201e-07,2.17298e-07,7.36416e-06,16.8958,0.0443215
2024-03-06 00:00:00+00:00,-1.0692e-05,0.750411,0.000553731,-2.02947e-06,-3.03233e-06,0.0618339,1.97868e-05,4.672e-06,3.73826e-07,1.41954e-08,1.41266e-05,15.8646,0.0452562
2024-03-07 00:00:00+00:00,1.81816e-05,0.750425,0.000462494,3.52845e-06,-3.5629e-06,0.0542769,1.73686e-05,9.09103e-06,2.79654e-07,-7.79947e-08,4.49989e-05,14.0729,0.0455982
2024-03-08 00:00:00+00:00,-2.61016e-05,0.750405,0.000460754,4.83478e-05,-1.63895e-05,0.0461312,1.4762e-05,7.22582e-06,2.05496e-07,-3.65332e-08,-3.87191e-06,12.8542,0.0465516
2024-03-09 00:00:00+00:00,-2.68833e-05,0.750385,0.000298572,2.3975e-05,-1.28075e-05,0.0275013,8.80042e-06,4.60041e-06,1.021e-07,2.28476e-07,-1.36091e-05,10.4896,0.0445406
2024-03-10 00:00:00+00:00,-1.37804e-05,0.750374,0.000228344,-1.04785e-05,-1.35818e-05,0.0257263,8.23243e-06,5.03437e-06,9.05172e-08,5.2002e-08,-4.75192e-07,9.17708,0.0442676
2024-03-11 00:00:00+00:00,-1.49219e-05,0.750363,0.000226909,5.03479e-07,-1.13427e-05,0.0238321,7.62628e-06,3.65471e-06,6.34093e-08,-5.35833e-08,-3.52402e-06,9.76042,0.0424066
2024-03-12 00:00:00+00:00,-1.02685e-05,0.750356,0.000247858,1.33357e-05,-9.7302e-06,0.0296928,9.50169e-06,4.06212e-06,8.23225e-08,-8.58204e-09,3.38623e-06,11.2604,0.0424493
2024-03-13 00:00:00+00:00,-1.19067e-05,0.750347,0.000240124,8.10077e-06,-1.1746e-05,0.025582,8.18624e-06,2.72627e-06,6.50494e-08,4.25243e-08,-9.71679e-07,10.8021,0.0426542
2024-03-14 00:00:00+00:00,-3.24354e-06,0.750344,0.000223249,8.82576e-06,-1.48229e-05,0.0259705,8.31057e-06,2.1304e-06,6.77793e-08,8.01896e-08,7.18506e-06,11.9479,0.0414787
2024-03-15 00:00:00+00:00,-9.41406e-06,0.750337,0.000253562,5.26492e-06,-2.65087e-06,0.030888,9.88415e-06,1.69393e-06,9.50653e-08,4.19607e-08,2.21711e-06,12.7604,0.0416351
2024-03-16 00:00:00+00:00,-7.25058e-06,0.750332,0.000217011,-3.53889e-06,-1.37756e-06,0.0254007,8.12824e-06,1.13626e-06,7.51175e-08,1.51472e-08,2.07389e-06,12.0521,0.0411854
2024-03-17 00:00:00+00:00,-8.27408e-06,0.750325,0.000200448,1.25584e-05,-2.90333e-06,0.0222557,7.12181e-06,9.22452e-07,6.11676e-08,5.54908e-09,-1.74215e-07,12.0938,0.0415805
2024-03-18 00:00:00+00:00,-1.10344e-05,0.750317,0.000194486,-2.09332e-06,-2.11321e-06,0.0225588,7.21883e-06,9.70402e-07,5.80008e-08,-7.21737e-09,-2.77997e-06,11.7917,0.0418649
2024-03-19 00:00:00+00:00,6.47733e-07,0.750318,0.000199426,2.80596e-06,-6.07072e-07,0.0253844,8.12301e-06,1.14123e-06,6.73463e-08,2.11347e-08,9.95819e-06,12.0833,0.0426651
2024-03-20 00:00:00+00:00,-8.79676e-07,0.750317,0.000191186,5.81536e-06,-1.83515e-06,0.0233512,7.4724e-06,1.28817e-06,6.88967e-08,1.60029e-08,7.9338e-06,12.1667,0.0429192
2024-03-21 00:00:00+00:00,5.40645e-07,0.750317,0.000188974,9.29504e-07,-7.88797e-07,0.0234841,7.51492e-06,1.43309e-06,6.3942e-08,3.6137e-09,9.54899e-06,11.3646,0.0432829
2024-03-22 00:00:00+00:00,-1.0252e-06,0.750317,0.000145249,4.84708e-06,-3.29861e-06,0.0186286,5.96114e-06,2.33089e-06,4.45485e-08,2.27968e-08,7.28859e-06,9.17708,0.0433387
2024-03-23 00:00:00+00:00,-4.05443e-06,0.750314,0.000123402,3.20861e-06,-4.33049e-06,0.0149279,4.77693e-06,1.76852e-06,3.15538e-08,1.50736e-08,2.50751e-06,8.03125,0.0430078
2024-03-24 00:00:00+00:00,-5.60197e-06,0.750309,7.81539e-05,-3.28659e-06,-4.08513e-06,0.00974219,3.1175e-06,1.2918e-06,1.94801e-08,1.11195e-08,-1.18432e-06,5.72917,0.0426943
2024-03-25 00:00:00+00:00,-1.00017e-06,0.750309,7.35715e-05,-6.18476e-06,-6.77595e-06,0.00910054,2.91217e-06,1.3308e-06,1.6218e-08,1.29116e-08,3.24612e-06,6.35417,0.0416826
2024-03-26 00:00:00+00:00,-4.11616e-06,0.750306,9.11742e-05,-2.8793e-07,-6.55626e-06,0.0113968,3.64699e-06,1.38042e-06,1.93955e-08,5.04617e-09,9.256e-07,7.30208,0.041696
2024-03-27 00:00:00+00:00,-2.2706e-06,0.750304,0.000104741,6.29142e-07,-3.87778e-06,0.0143095,4.57905e-06,1.14732e-06,2.63452e-08,7.92681e-09,3.4742e-06,8.61458,0.0418526
2024-03-28 00:00:00+00:00,-7.12711e-06,0.750298,9.02585e-05,4.48192e-06,-6.17404e-06,0.0105094,3.36301e-06,9.19805e-07,1.83685e-08,3.36167e-08,-2.85956e-06,8.07292,0.041522
2024-03-29 00:00:00+00:00,-6.29314e-06,0.750294,8.84929e-05,-7.56606e-07,-3.87283e-06,0.0104616,3.3477e-06,7.71115e-07,1.66272e-08,5.86846e-09,-2.16358e-06,7.88542,0.0403446
2024-03-30 00:00:00+00:00,-1.43313e-06,0.750293,7.94713e-05,9.36875e-06,-3.82689e-06,0.00782227,2.50313e-06,6.13925e-07,1.10232e-08,6.10575e-08,1.63389e-06,7.14583,0.0397401
2024-03-31 00:00:00+00:00,-4.10707e-06,0.75029,6.96629e-05,3.7266e-06,-6.24019e-06,0.00772953,2.47345e-06,5.98874e-07,1.05305e-08,1.61747e-08,-1.0404e-06,6.55208,0.0396314
2024-04-01 00:00:00+00:00,-2.12452e-06,0.750288,6.56881e-05,1.11719e-06,-1.26761e-06,0.00786737,2.51756e-06,6.37068e-07,1.21444e-08,-3.72391e-09,1.04597e-06,7.77083,0.0396931
2024-04-02 00:00:00+00:00,5.54509e-07,0.750288,8.00726e-05,5.73446e-07,1.12375e-06,0.00995995,3.18719e-06,5.19362e-07,1.87197e-08,-5.32035e-09,4.2851e-06,8.57292,0.040333
2024-04-03 00:00:00+00:00,-1.35155e-06,0.750287,7.12861e-05,2.56555e-06,1.09154e-06,0.00902998,2.88959e-06,5.02615e-07,1.55943e-08,5.2838e-09,2.05097e-06,8,0.0408174
2024-04-04 00:00:00+00:00,-1.74338e-06,0.750286,8.31077e-05,1.97725e-06,-1.65288e-06,0.00982881,3.14522e-06,4.78996e-07,1.68055e-08,3.23868e-08,1.86526e-06,8.26042,0.0406033
2024-04-05 00:00:00+00:00,-2.05986e-06,0.750285,8.1875e-05,8.41791e-06,1.31776e-06,0.0089537,2.86519e-06,3.65491e-07,1.51263e-08,1.2749e-08,1.1732e-06,8.20833,0.0404143
2024-04-06 00:00:00+00:00,-5.54539e-08,0.750285,7.14331e-05,5.2312e-06,-3.7375e-06,0.00817371,2.61559e-06,3.27123e-07,1.20615e-08,7.54276e-09,2.89178e-06,7.60417,0.040255
2024-04-07 00:00:00+00:00,-3.0388e-06,0.750282,5.57187e-05,1.39709e-06,-5.0699e-06,0.00660996,2.11519e-06,3.06015e-07,8.79592e-09,1.47257e-08,-6.23527e-07,7.22917,0.0399633
2024-04-08 00:00:00+00:00,-7.81291e-07,0.750282,5.54431e-05,-5.4281e-07,-4.26254e-06,0.00736828,2.35785e-06,3.78359e-07,9.47504e-09,9.17183e-09,1.95522e-06,7.30208,0.0394262
2024-04-09 00:00:00+00:00,-1.3403e-06,0.750281,5.25538e-05,1.24327e-06,-1.47251e-06,0.00675724,2.16232e-06,5.20087e-07,1.00539e-08,-6.1544e-09,1.35831e-06,6.21875,0.0392512
2024-04-10 00:00:00+00:00,-2.30776e-06,0.750279,3.73453e-05,3.54722e-06,5.54481e-08,0.00414577,1.32665e-06,3.27987e-07,5.41155e-09,1.9325e-08,-6.67042e-07,4.875,0.0379209
2024-04-11 00:00:00+00:00,-4.23383e-07,0.750279,3.7283e-05,7.39372e-07,-1.50988e-06,0.00481313,1.5402e-06,3.46476e-07,6.88009e-09,-7.25579e-10,1.4709e-06,5.375,0.038448
2024-04-12 00:00:00+00:00,1.15031e-06,0.750279,4.28578e-05,-1.10157e-06,-1.31889e-06,0.00560129,1.79241e-06,4.28683e-07,1.39011e-08,1.21224e-08,3.37319e-06,5.90625,0.0391607
2024-04-13 00:00:00+00:00,3.8864e-06,0.750282,8.49497e-05,3.69175e-06,8.80903e-08,0.00983855,3.14833e-06,4.78155e-07,3.18915e-08,-2.44319e-09,7.54722e-06,10.1562,0.0401706
2024-04-14 00:00:00+00:00,1.13192e-06,0.750283,9.49783e-05,6.86189e-06,-2.72296e-07,0.012261,3.92352e-06,8.41765e-07,5.44042e-08,-8.91539e-09,5.96053e-06,11.0938,0.0409377
2024-04-15 00:00:00+00:00,-1.37871e-06,0.750282,9.03044e-05,3.98708e-06,-1.24564e-06,0.0110167,3.52534e-06,7.57809e-07,4.01171e-08,-4.54001e-09,2.94909e-06,10.2708,0.0413132
2024-04-16 00:00:00+00:00,-4.31269e-07,0.750282,8.4051e-05,6.4615e-06,-3.44327e-07,0.0105565,3.37807e-06,6.70876e-07,3.50492e-08,2.52096e-08,3.62752e-06,9.69792,0.041089
2024-04-17 00:00:00+00:00,-3.1566e-06,0.750279,7.74351e-05,2.44354e-06,-1.29629e-06,0.00981945,3.14222e-06,5.37956e-07,2.51999e-08,-4.16925e-09,5.52948e-07,8.8125,0.0413606
2024-04-18 00:00:00+00:00,-1.59651e-06,0.750278,7.19914e-05,2.09233e-06,-9.07609e-07,0.00859636,2.75084e-06,4.04425e-07,2.10608e-08,1.91023e-09,1.5779e-06,8.54167,0.040951
2024-04-19 00:00:00+00:00,4.93322e-07,0.750279,6.49565e-05,4.59916e-06,-8.49229e-07,0.00851372,2.72439e-06,4.56125e-07,2.07931e-08,2.97247e-10,3.69433e-06,8.13542,0.0406405
2024-04-20 00:00:00+00:00,-2.45245e-06,0.750277,5.68303e-05,4.57703e-06,-9.97316e-07,0.00750185,2.40059e-06,5.23473e-07,1.46842e-08,1.00428e-09,4.85289e-07,7.36458,0.0404613
2024-04-21 00:00:00+00:00,6.36352e-07,0.750277,6.3981e-05,1.76464e-06,-1.9957e-06,0.00873616,2.79557e-06,3.92401e-07,1.78963e-08,1.23261e-08,3.82989e-06,8.97917,0.0397369
2024-04-22 00:00:00+00:00,-1.40802e-06,0.750276,6.23981e-05,2.33042e-07,-8.71844e-07,0.00856214,2.73989e-06,3.84081e-07,1.39567e-08,2.79039e-11,1.72987e-06,7.95833,0.0401785
2024-04-23 00:00:00+00:00,-3.99634e-06,0.750273,5.24057e-05,2.00016e-06,-1.7854e-06,0.00670308,2.14499e-06,3.00345e-07,9.62463e-09,1.24115e-09,-1.54263e-06,7.95833,0.0394068
2024-04-24 00:00:00+00:00,-1.20628e-06,0.750272,4.03574e-05,5.06253e-07,-2.53208e-06,0.00515423,1.64935e-06,2.06632e-07,6.45311e-09,2.2909e-09,6.53866e-07,7.16667,0.0380411
2024-04-25 00:00:00+00:00,4.87189e-07,0.750273,4.89759e-05,2.51483e-06,-1.57603e-06,0.00625073,2.00023e-06,2.62755e-07,9.07182e-09,-9.03448e-11,2.75934e-06,7.89583,0.0383881
2024-04-26 00:00:00+00:00,-9.79191e-07,0.750272,3.77445e-05,-1.92931e-06,-2.51995e-06,0.00480541,1.53773e-06,2.47404e-07,6.64048e-09,-7.73397e-09,8.20318e-07,6.0625,0.0385653
2024-04-27 00:00:00+00:00,-1.83044e-06,0.750271,3.82675e-05,1.00723e-06,-1.28075e-06,0.00519259,1.66163e-06,2.95798e-07,8.76665e-09,-6.35214e-09,1.421e-07,6.47917,0.0385781
2024-04-28 00:00:00+00:00,-3.69402e-07,0.75027,2.79154e-05,-1.04962e-06,-2.96914e-06,0.00395214,1.26468e-06,1.71034e-07,5.57462e-09,1.76689e-08,1.05422e-06,5.63542,0.0381777
2024-04-29 00:00:00+00:00,-9.35311e-07,0.75027,2.96685e-05,-4.93925e-07,-2.65847e-06,0.00425483,1.36155e-06,2.02906e-07,5.66201e-09,5.72966e-09,6.29074e-07,5.82292,0.0382507
2024-04-30 00:00:00+00:00,-1.991e-06,0.750268,3.49678e-05,-2.40982e-07,-1.39894e-06,0.0046217,1.47895e-06,2.24619e-07,6.38688e-09,9.79116e-09,-2.90838e-07,6.60417,0.0373927
2024-05-01 00:00:00+00:00,-2.8218e-06,0.750266,3.64261e-05,1.06043e-06,-1.49164e-06,0.00467842,1.49709e-06,2.3173e-07,7.06854e-09,1.38543e-08,-1.09976e-06,7.26042,0.0357643
2024-05-02 00:00:00+00:00,-1.364e-06,0.750265,3.131e-05,2.1409e-06,-1.63562e-06,0.0039581,1.26659e-06,1.68831e-07,5.60088e-09,-1.07831e-09,7.81015e-08,7.29167,0.0347345
2024-05-03 00:00:00+00:00,-1.07994e-06,0.750264,2.4953e-05,9.10002e-07,-1.87854e-06,0.0030199,9.66368e-07,1.40674e-07,4.21333e-09,3.99947e-09,2.73195e-08,6.39583,0.0337625
2024-05-04 00:00:00+00:00,-4.24952e-07,0.750264,1.66753e-05,3.94131e-07,-2.07477e-06,0.00222314,7.11404e-07,1.18076e-07,2.70794e-09,1.26488e-09,4.05972e-07,5.20833,0.0328489
2024-05-05 00:00:00+00:00,-7.74656e-07,0.750263,1.49644e-05,-9.47024e-07,-1.51639e-06,0.00199452,6.38245e-07,1.44644e-07,2.27265e-09,1.21767e-08,-1.6704e-09,4.8125,0.0332023
2024-05-06 00:00:00+00:00,3.71375e-07,0.750264,1.73339e-05,-2.12873e-07,-1.39656e-06,0.00238367,7.62773e-07,1.54645e-07,2.79945e-09,1.96136e-09,1.28963e-06,5.95833,0.0323324
2024-05-07 00:00:00+00:00,-1.05651e-07,0.750263,1.76915e-05,-3.14726e-07,-9.18286e-07,0.00238073,7.61833e-07,1.3903e-07,2.94184e-09,-2.81518e-09,8.00969e-07,5.375,0.0325108
2024-05-08 00:00:00+00:00,-1.55253e-06,0.750262,1.45062e-05,-1.17844e-06,-1.31178e-06,0.00190388,6.0924e-07,9.60457e-08,2.26719e-09,5.66378e-10,-8.45542e-07,4.5625,0.0329899
2024-05-09 00:00:00+00:00,-6.19644e-07,0.750262,1.13107e-05,-6.89299e-07,-1.75999e-06,0.00144424,4.62156e-07,7.51168e-08,1.51359e-09,2.95159e-09,-8.38086e-08,4.13542,0.0321207
2024-05-10 00:00:00+00:00,-2.88513e-07,0.750262,1.07208e-05,-4.61818e-07,-1.57961e-06,0.0014652,4.68863e-07,6.76859e-08,1.71124e-09,1.79883e-09,2.47948e-07,4.04167,0.031968
2024-05-11 00:00:00+00:00,-2.79375e-07,0.750261,1.16168e-05,-4.07967e-07,-1.16874e-06,0.00160102,5.12327e-07,6.74044e-08,1.76642e-09,5.36786e-10,3.01586e-07,4.33333,0.0325993
2024-05-12 00:00:00+00:00,8.21387e-10,0.750261,9.66758e-06,-1.16562e-06,-1.66413e-06,0.00136377,4.36405e-07,5.66711e-08,1.5056e-09,5.12193e-10,4.94891e-07,3.625,0.0333155
2024-05-13 00:00:00+00:00,-5.18442e-07,0.750261,9.76259e-06,-3.99451e-07,-8.54683e-07,0.00137422,4.39751e-07,8.57389e-08,1.42322e-09,1.19265e-08,-3.45491e-09,4.33333,0.0330612
2024-05-14 00:00:00+00:00,-1.03495e-07,0.750261,1.31743e-05,3.10913e-07,-7.87924e-07,0.00185706,5.94259e-07,1.05105e-07,1.93781e-09,1.2121e-08,5.85685e-07,5.10417,0.0328296
2024-05-15 00:00:00+00:00,-9.80044e-07,0.75026,1.48082e-05,-6.5731e-07,-1.29105e-06,0.00199459,6.38268e-07,9.98976e-08,2.23083e-09,2.2808e-09,-2.41929e-07,5.52083,0.0330301
2024-05-16 00:00:00+00:00,-8.48798e-07,0.75026,1.3609e-05,-1.27981e-06,-1.16009e-06,0.00181014,5.79245e-07,1.0127e-07,2.16974e-09,-2.00356e-08,-1.46078e-07,5.82292,0.0325478
2024-05-17 00:00:00+00:00,-8.70104e-07,0.750259,1.43135e-05,-1.20015e-06,-1.37586e-06,0.00180132,5.76421e-07,9.39175e-08,2.17242e-09,9.29986e-10,-1.98523e-07,6.14583,0.0316744
2024-05-18 00:00:00+00:00,-1.25726e-06,0.750258,1.43933e-05,-2.17921e-06,-1.92905e-06,0.001665,5.328e-07,9.56238e-08,1.91914e-09,3.62348e-10,-6.27281e-07,5.625,0.0322494
2024-05-19 00:00:00+00:00,1.57208e-08,0.750258,8.01903e-06,-1.48565e-06,-1.56352e-06,0.00109076,3.49042e-07,8.14216e-08,1.07955e-09,4.18822e-10,4.46845e-07,4.29167,0.0316438
2024-05-20 00:00:00+00:00,-1.05151e-06,0.750257,1.16232e-05,-1.23786e-06,-1.8608e-06,0.00150239,4.80764e-07,1.10634e-07,1.61094e-09,2.57149e-09,-4.6107e-07,5.46875,0.0315369
2024-05-21 00:00:00+00:00,-9.97612e-07,0.750256,1.44112e-05,-1.14657e-07,-1.13124e-06,0.00161262,5.16039e-07,1.26465e-07,1.8747e-09,4.30067e-09,-3.57534e-07,6.72917,0.031328
2024-05-22 00:00:00+00:00,-7.2471e-07,0.750256,1.25267e-05,-3.79772e-07,-8.03428e-07,0.00138594,4.43502e-07,1.08323e-07,1.35846e-09,5.87651e-11,-1.71586e-07,6.59375,0.0302683
2024-05-23 00:00:00+00:00,6.58456e-08,0.750256,1.42613e-05,-2.91799e-08,-7.80288e-07,0.00181361,5.80354e-07,1.27994e-07,1.85129e-09,-2.32379e-09,7.78368e-07,7.70833,0.0322404
2024-05-24 00:00:00+00:00,9.53544e-08,0.750256,1.68818e-05,-9.74912e-07,-6.10402e-07,0.00193348,6.18714e-07,1.13757e-07,2.06754e-09,-5.24304e-10,8.30418e-07,7.95833,0.0329667
2024-05-25 00:00:00+00:00,-1.03082e-06,0.750255,1.44429e-05,1.73708e-07,-9.14888e-07,0.00160291,5.1293e-07,8.40647e-08,1.3266e-09,1.36019e-09,-4.33863e-07,7.88542,0.0337193
2024-05-26 00:00:00+00:00,-1.55546e-07,0.750255,1.13264e-05,-2.77788e-07,-1.22176e-06,0.00145619,4.65982e-07,6.92241e-08,1.05151e-09,6.46034e-10,3.80065e-07,6.5,0.0337299
2024-05-27 00:00:00+00:00,-4.63027e-07,0.750255,1.04361e-05,-1.26168e-06,-1.4141e-06,0.00125983,4.03146e-07,8.79293e-08,9.54684e-10,1.1033e-09,2.78996e-08,6.375,0.0326811
2024-05-28 00:00:00+00:00,5.77116e-08,0.750255,1.05317e-05,-6.5265e-07,-1.5382e-06,0.00130003,4.16011e-07,7.28033e-08,1.13906e-09,3.98309e-09,5.43682e-07,6.4375,0.0314006
2024-05-29 00:00:00+00:00,-3.23667e-07,0.750255,9.56118e-06,-1.51449e-06,-9.25437e-07,0.00127535,4.08112e-07,6.67539e-08,1.17663e-09,1.68931e-09,1.50686e-07,6.55208,0.0311325
2024-05-30 00:00:00+00:00,-2.13627e-07,0.750254,8.68348e-06,-1.06324e-06,-6.86892e-07,0.00114558,3.66584e-07,6.76751e-08,1.05731e-09,3.46305e-10,2.21343e-07,5.79167,0.0315808
2024-05-31 00:00:00+00:00,-1.95138e-07,0.750254,7.64442e-06,-1.0527e-06,-1.19836e-06,0.0010401,3.32833e-07,6.11053e-08,9.47516e-10,-2.64555e-10,2.00012e-07,5.16667,0.0332025
2024-06-01 00:00:00+00:00,-4.73769e-07,0.750254,7.39491e-06,-1.20389e-06,-1.36667e-06,0.000951563,3.045e-07,5.24016e-08,1.0135e-09,-8.00024e-11,-1.15773e-07,4.6875,0.033658
2024-06-02 00:00:00+00:00,5.64438e-07,0.750254,6.32647e-06,-3.91898e-07,-9.95525e-07,0.000871006,2.78722e-07,6.63344e-08,8.56599e-10,3.62751e-10,9.09988e-07,4.29167,0.0347602
2024-06-03 00:00:00+00:00,-3.58121e-07,0.750254,8.10303e-06,-1.58802e-06,-1.50998e-06,0.00106985,3.42351e-07,1.01402e-07,1.09916e-09,1.54713e-08,7.12602e-08,5.25,0.0357117
2024-06-04 00:00:00+00:00,-1.30958e-07,0.750254,8.85956e-06,-1.8194e-06,-1.07937e-06,0.00111707,3.57463e-07,9.38423e-08,1.09972e-09,2.59916e-09,3.18848e-07,5.66667,0.0359063
2024-06-05 00:00:00+00:00,8.6074e-09,0.750254,9.90372e-06,-7.25569e-07,-1.39059e-06,0.00138992,4.44773e-07,1.0832e-07,1.34171e-09,9.67145e-10,5.62075e-07,6.23958,0.0370264
2024-06-06 00:00:00+00:00,1.61555e-07,0.750254,1.16625e-05,-3.89441e-07,-1.40525e-06,0.00166884,5.34028e-07,1.11541e-07,1.69378e-09,3.70363e-10,8.08448e-07,6.3125,0.0384059
2024-06-07 00:00:00+00:00,-9.9963e-07,0.750253,1.10781e-05,-1.67092e-07,-5.98272e-07,0.00140241,4.4877e-07,1.31587e-07,1.87299e-09,-1.49135e-08,-4.02487e-07,5.77083,0.0389886
2024-06-08 00:00:00+00:00,-6.71056e-07,0.750253,8.69776e-06,5.6032e-07,-2.40121e-07,0.00100106,3.2034e-07,1.56638e-07,1.90624e-09,2.29397e-09,-1.94466e-07,4.42708,0.0390572
2024-06-09 00:00:00+00:00,-7.49884e-08,0.750253,6.76473e-06,7.85033e-07,-2.81641e-07,0.000840536,2.68971e-07,1.30184e-07,1.17674e-09,9.03142e-10,3.24441e-07,3.94792,0.0401019
2024-06-10 00:00:00+00:00,-5.91392e-07,0.750252,6.66548e-06,7.15533e-07,-5.4262e-08,0.000841927,2.69417e-07,1.46353e-07,8.86184e-10,-2.94218e-10,-1.74443e-07,4.14583,0.0404745
2024-06-11 00:00:00+00:00,-1.68383e-07,0.750252,5.18382e-06,-2.85676e-07,-4.65747e-07,0.000721261,2.30804e-07,9.29914e-08,8.28493e-10,5.55392e-10,1.55685e-07,4.03125,0.040133
2024-06-12 00:00:00+00:00,-2.72705e-08,0.750252,7.21124e-06,1.21381e-07,-3.60584e-07,0.000986554,3.15697e-07,9.67763e-08,1.20455e-09,6.27076e-10,3.85781e-07,4.75,0.0402041
2024-06-13 00:00:00+00:00,-2.51809e-07,0.750252,8.24523e-06,1.70132e-07,-4.42301e-07,0.00102107,3.26742e-07,8.41102e-08,1.09545e-09,2.89696e-10,1.5985e-07,5.40625,0.0408691
2024-06-14 00:00:00+00:00,-2.80316e-08,0.750252,9.48489e-06,4.85856e-08,-6.30623e-07,0.00122719,3.927e-07,8.19717e-08,1.44173e-09,-1.70093e-09,4.49783e-07,6.19792,0.0413258
2024-06-15 00:00:00+00:00,-1.4014e-07,0.750252,1.41675e-05,2.03118e-07,-5.18367e-07,0.00196724,6.29516e-07,8.88986e-08,2.26068e-09,2.72963e-09,5.77806e-07,8.6875,0.0414163
2024-06-16 00:00:00+00:00,-4.50502e-07,0.750252,1.03405e-05,-2.91327e-07,-7.09737e-07,0.00150355,4.81136e-07,7.13866e-08,1.44442e-09,-1.12645e-09,1.04592e-07,6.80208,0.0411216
2024-06-17 00:00:00+00:00,-2.32349e-07,0.750251,1.0056e-05,-2.85276e-07,-2.27492e-07,0.00143442,4.59013e-07,7.44428e-08,1.36596e-09,4.63075e-10,3.0201e-07,6.44792,0.0410365
2024-06-18 00:00:00+00:00,-7.8324e-08,0.750251,1.06313e-05,5.87219e-07,-8.99332e-08,0.00151132,4.83621e-07,1.5145e-07,2.14151e-09,3.72476e-09,5.55164e-07,6.42708,0.0415731
2024-06-19 00:00:00+00:00,-1.8376e-08,0.750251,9.98447e-06,1.12145e-06,-2.06524e-07,0.00134234,4.2955e-07,1.49539e-07,1.55908e-09,-1.53072e-09,5.63803e-07,6.1875,0.0418996
2024-06-20 00:00:00+00:00,-3.07832e-07,0.750251,8.18014e-06,7.36507e-07,-2.74645e-07,0.00112964,3.61484e-07,1.30829e-07,1.17523e-09,-3.21751e-10,1.85978e-07,5.15625,0.0422156
2024-06-21 00:00:00+00:00,-4.27642e-07,0.750251,6.42726e-06,1.80514e-07,-1.74224e-07,0.000879056,2.81298e-07,1.09159e-07,8.58659e-10,8.98308e-10,-3.72243e-08,4.71875,0.0411489
2024-06-22 00:00:00+00:00,-3.83501e-07,0.75025,5.85178e-06,2.26727e-07,-3.3918e-07,0.000777051,2.48656e-07,6.77744e-08,7.0693e-10,5.33148e-10,-6.68962e-08,4.59375,0.0402821
2024-06-23 00:00:00+00:00,-5.40556e-08,0.75025,4.88025e-06,-2.35659e-07,-4.89277e-07,0.000672794,2.15294e-07,7.19137e-08,5.35094e-10,4.01046e-10,2.33286e-07,4.16667,0.0404008
2024-06-24 00:00:00+00:00,-2.68466e-07,0.75025,6.58173e-06,3.54105e-07,-4.0677e-07,0.000870074,2.78424e-07,9.9784e-08,6.96057e-10,3.53993e-10,1.10084e-07,5.45833,0.0400328
2024-06-25 00:00:00+00:00,2.63275e-09,0.75025,9.96756e-06,2.81182e-07,-3.51365e-07,0.00145606,4.65939e-07,8.84063e-08,1.20864e-09,5.69284e-10,5.57617e-07,8.05208,0.0398344
2024-06-26 00:00:00+00:00,-1.98836e-07,0.75025,8.46883e-06,7.31109e-08,-3.02982e-07,0.00114983,3.67944e-07,5.49511e-08,9.30609e-10,3.84632e-10,2.24605e-07,7.21875,0.0393399
2024-06-27 00:00:00+00:00,-5.90618e-07,0.75025,8.10759e-06,-1.00518e-07,-2.56318e-07,0.00106161,3.39716e-07,4.90236e-08,8.85187e-10,5.11663e-10,-2.01505e-07,6.90625,0.039191
2024-06-28 00:00:00+00:00,5.82955e-08,0.75025,7.00548e-06,-1.32563e-07,-4.73735e-08,0.000999135,3.19723e-07,5.61356e-08,7.64375e-10,1.91172e-09,4.33007e-07,6.51042,0.0396965
2024-06-29 00:00:00+00:00,-2.42022e-07,0.75025,6.25582e-06,1.66013e-07,-1.20462e-07,0.000907561,2.9042e-07,4.53715e-08,6.62574e-10,2.13544e-09,9.22966e-08,5.95833,0.039242
2024-06-30 00:00:00+00:00,-2.10683e-07,0.750249,4.7868e-06,-2.29705e-07,-2.17985e-07,0.000666214,2.13189e-07,3.30443e-08,4.15058e-10,4.38361e-10,3.55265e-08,4.96875,0.0377734
2024-07-01 00:00:00+00:00,-7.16164e-08,0.750249,5.37679e-06,-4.28856e-07,-5.87372e-07,0.000663486,2.12316e-07,4.81587e-08,4.99527e-10,-9.23298e-12,1.89367e-07,5.77083,0.0376389
2024-07-02 00:00:00+00:00,-1.20413e-07,0.750249,3.79238e-06,-2.72244e-07,-3.40063e-07,0.000528509,1.69123e-07,5.25879e-08,3.85913e-10,-4.03556e-10,1.02087e-07,4.41667,0.0374017
2024-07-03 00:00:00+00:00,-4.53498e-07,0.750249,4.10666e-06,5.79502e-08,-1.17783e-07,0.000486668,1.55734e-07,3.5954e-08,3.50071e-10,4.94922e-11,-2.6151e-07,4.75,0.0374825
2024-07-04 00:00:00+00:00,-2.12769e-07,0.750249,5.38018e-06,-1.35096e-07,-4.41534e-07,0.00077903,2.4929e-07,5.78617e-08,5.93578e-10,2.22999e-10,9.4753e-08,6.27083,0.0371882
2024-07-05 00:00:00+00:00,-5.02759e-07,0.750248,7.23509e-06,2.66481e-07,-8.2507e-08,0.000937004,2.99841e-07,6.24703e-08,1.10481e-09,1.4277e-09,-1.40771e-07,8.92708,0.0366453
2024-07-06 00:00:00+00:00,-3.31366e-07,0.750248,6.88713e-06,3.59448e-07,-1.6271e-07,0.0008594,2.75008e-07,5.36775e-08,9.41952e-10,9.5405e-10,-2.69266e-09,9.35417,0.0368895
2024-07-07 00:00:00+00:00,-1.44884e-07,0.750248,5.53374e-06,3.79559e-07,-1.25548e-07,0.000736566,2.35701e-07,4.43027e-08,7.02347e-10,8.47879e-10,1.34974e-07,7.90625,0.0367458
2024-07-08 00:00:00+00:00,-2.65201e-07,0.750248,5.05386e-06,1.40465e-07,-1.13397e-07,0.000716655,2.2933e-07,4.11911e-08,6.60458e-10,-6.91949e-10,6.67175e-09,7.90625,0.0361562
2024-07-09 00:00:00+00:00,1.15233e-07,0.750248,4.27556e-06,5.22218e-08,-1.42044e-07,0.000610483,1.95354e-07,3.8398e-08,5.8804e-10,2.63112e-10,3.49311e-07,7.21875,0.0357982
2024-07-10 00:00:00+00:00,-1.77591e-07,0.750248,3.95499e-06,1.68346e-07,-3.08863e-07,0.000477915,1.52933e-07,2.54601e-08,3.39939e-10,1.50728e-10,9.90624e-10,7,0.0353631
2024-07-11 00:00:00+00:00,-2.23179e-07,0.750248,3.29321e-06,-1.24171e-07,-1.59711e-07,0.000428413,1.37092e-07,2.17427e-08,2.88202e-10,6.45843e-10,-6.47017e-08,6.03125,0.0344403
2024-07-12 00:00:00+00:00,-1.66763e-07,0.750247,2.82236e-06,-1.37759e-07,-2.79271e-07,0.000363642,1.16365e-07,1.86347e-08,2.29279e-10,-2.90159e-10,-3.1243e-08,5.61458,0.0327385
2024-07-13 00:00:00+00:00,-9.91951e-08,0.750247,2.14214e-06,-3.05986e-07,-8.30873e-08,0.000314021,1.00487e-07,1.36995e-08,1.59855e-10,1.80212e-10,1.49708e-08,4.91667,0.0321045
2024-07-14 00:00:00+00:00,-1.53434e-07,0.750247,1.90182e-06,-4.94186e-08,-2.50796e-07,0.00025371,8.11871e-08,1.15729e-08,1.24822e-10,3.73502e-10,-6.09224e-08,4.89583,0.0320323
2024-07-15 00:00:00+00:00,-2.38893e-07,0.750247,2.40518e-06,1.00351e-08,-3.19308e-07,0.000331106,1.05954e-07,1.48954e-08,1.53233e-10,2.91233e-10,-1.18182e-07,5.72917,0.0323922
2024-07-16 00:00:00+00:00,-1.36704e-07,0.750247,2.47879e-06,4.62486e-08,-2.44305e-07,0.000334299,1.06976e-07,1.52515e-08,1.59527e-10,-6.95677e-10,-1.36219e-08,6.82292,0.0314093
2024-07-17 00:00:00+00:00,-8.28368e-08,0.750247,2.65911e-06,-1.82005e-07,-2.51509e-07,0.000333239,1.06637e-07,1.5403e-08,1.71892e-10,2.54644e-10,3.912e-08,7.27083,0.031959
2024-07-18 00:00:00+00:00,-1.1098e-07,0.750247,2.20833e-06,3.13877e-08,-1.76179e-07,0.000283013,9.05642e-08,1.43966e-08,1.43766e-10,5.528e-10,-6.42807e-09,6.08333,0.0316342
2024-07-19 00:00:00+00:00,-6.72785e-08,0.750247,2.11682e-06,-1.75036e-08,-1.70346e-07,0.000261914,8.38123e-08,1.19508e-08,1.32883e-10,-1.30328e-11,2.86305e-08,6.19792,0.0326225
2024-07-20 00:00:00+00:00,-5.20666e-08,0.750247,1.8841e-06,-1.0392e-07,-1.69182e-07,0.0002477,7.9264e-08,1.3058e-08,1.09437e-10,4.91756e-10,3.98731e-08,6.02083,0.0325304
2024-07-21 00:00:00+00:00,-8.73641e-08,0.750247,1.84624e-06,-1.67486e-07,-2.10204e-07,0.000225975,7.2312e-08,1.26362e-08,8.96169e-11,6.26472e-10,-2.95267e-09,5.34375,0.0332681
2024-07-22 00:00:00+00:00,-8.3811e-08,0.750247,2.19695e-06,-3.2947e-07,-2.26492e-07,0.000298575,9.55441e-08,2.30699e-08,1.37432e-10,5.2705e-10,3.44134e-08,6.1875,0.0335619
2024-07-23 00:00:00+00:00,-1.61922e-07,0.750246,2.27053e-06,5.83782e-08,-6.24559e-08,0.000272658,8.72505e-08,2.20297e-08,1.34865e-10,8.61766e-10,-5.33689e-08,6.33333,0.0339911
2024-07-24 00:00:00+00:00,-1.3053e-07,0.750246,1.81826e-06,-1.25039e-09,-7.86668e-08,0.00022514,7.20448e-08,1.53206e-08,1.02434e-10,4.85094e-10,-4.35475e-08,5.4375,0.0330372
2024-07-25 00:00:00+00:00,-1.24803e-07,0.750246,1.85563e-06,1.48503e-07,-5.96418e-08,0.000236941,7.58212e-08,1.12021e-08,1.07527e-10,-1.1822e-11,-3.76607e-08,6.16667,0.0323986
2024-07-26 00:00:00+00:00,-5.66098e-08,0.750246,1.56976e-06,-2.21489e-08,-1.65596e-07,0.000212125,6.78801e-08,1.0234e-08,9.87027e-11,-2.61013e-10,2.1864e-08,5.77083,0.0320937
2024-07-27 00:00:00+00:00,-1.94441e-08,0.750246,1.47998e-06,-7.42628e-09,-1.18861e-07,0.000187075,5.98641e-08,7.66483e-09,7.44834e-11,7.41512e-10,4.74177e-08,5.42708,0.0319829
2024-07-28 00:00:00+00:00,-5.64012e-08,0.750246,1.23306e-06,-6.9194e-08,-1.42194e-07,0.000161614,5.17165e-08,7.23999e-09,6.36396e-11,7.10225e-11,2.5479e-09,4.86458,0.0317741
2024-07-29 00:00:00+00:00,-1.12783e-07,0.750246,1.27248e-06,-7.92488e-08,-1.40063e-07,0.000164396,5.26066e-08,7.19926e-09,6.7189e-11,1.63552e-10,-5.3073e-08,5.19792,0.0315714
2024-07-30 00:00:00+00:00,-5.85017e-08,0.750246,1.08425e-06,-8.71524e-08,-1.50029e-07,0.000153076,4.89843e-08,7.48006e-09,6.15171e-11,-5.83414e-10,-1.39243e-09,4.55208,0.031407
2024-07-31 00:00:00+00:00,-2.4749e-08,0.750246,9.45148e-07,-1.17388e-07,-1.3963e-07,0.000125985,4.03151e-08,6.72258e-09,5.9473e-11,-2.8039e-11,2.23762e-08,4,0.0303499
2024-08-01 00:00:00+00:00,-1.30614e-08,0.750246,7.26917e-07,-6.28203e-08,-5.23797e-08,0.000110352,3.53128e-08,6.31167e-09,4.64094e-11,-7.24804e-11,2.86819e-08,3.73958,0.0300673
2024-08-02 00:00:00+00:00,-1.61671e-08,0.750246,7.80662e-07,-3.70445e-08,-9.29623e-08,0.000111773,3.57674e-08,8.84288e-09,5.26955e-11,-4.493e-10,2.89453e-08,3.73958,0.0298992
2024-08-03 00:00:00+00:00,-1.76899e-08,0.750246,9.36526e-07,-3.4057e-09,-3.07254e-08,0.000141179,4.51772e-08,9.72415e-09,7.42567e-11,2.29196e-12,3.72835e-08,4.17708,0.0307946
2024-08-04 00:00:00+00:00,-5.75289e-08,0.750246,7.58779e-07,-1.65557e-08,-7.31222e-08,0.000109099,3.49116e-08,8.29614e-09,5.0073e-11,2.65674e-10,-1.45367e-08,3.57292,0.0308066
2024-08-05 00:00:00+00:00,-1.1812e-07,0.750246,1.05312e-06,3.4669e-08,-4.6784e-09,0.000132922,4.25351e-08,1.08853e-08,8.35871e-11,1.7554e-09,-6.6371e-08,4.8125,0.0299173
2024-08-06 00:00:00+00:00,-6.78625e-08,0.750246,1.05475e-06,3.96737e-08,-3.39978e-08,0.000121399,3.88477e-08,7.95918e-09,8.09603e-11,6.35957e-10,-2.16106e-08,5.38542,0.0290445
2024-08-07 00:00:00+00:00,-1.57823e-07,0.750246,7.75046e-07,1.63929e-08,-2.8058e-08,9.81985e-05,3.14235e-08,8.64029e-09,5.01361e-11,4.1821e-10,-1.18127e-07,4.88542,0.0293346
2024-08-08 00:00:00+00:00,-2.45445e-08,0.750246,1.02621e-06,-1.39772e-08,-3.56695e-08,0.000135689,4.34205e-08,9.89485e-09,7.38504e-11,3.36778e-10,2.85079e-08,6.05208,0.0303855
2024-08-09 00:00:00+00:00,-5.22799e-08,0.750246,1.11894e-06,-3.18088e-08,-3.96261e-08,0.000148817,4.76215e-08,8.48851e-09,7.53848e-11,1.28634e-10,3.77685e-09,6.28125,0.0309701
2024-08-10 00:00:00+00:00,-4.07269e-09,0.750246,1.00612e-06,-1.6621e-08,-7.05604e-08,0.000130915,4.18929e-08,8.06243e-09,6.14752e-11,2.57609e-10,4.56865e-08,5.5,0.0315569
2024-08-11 00:00:00+00:00,-2.82747e-08,0.750246,5.22195e-07,-1.59804e-08,-3.65105e-08,7.26543e-05,2.32494e-08,3.83128e-09,2.58694e-11,1.37255e-11,-1.18191e-09,3.52083,0.0312353
2024-08-12 00:00:00+00:00,-2.66361e-08,0.750246,7.40951e-07,-3.62447e-08,-6.06726e-08,0.000101009,3.23229e-08,4.99536e-09,3.53293e-11,-2.12464e-10,1.093e-08,4.75,0.0314976
2024-08-13 00:00:00+00:00,-3.49728e-08,0.750246,8.881e-07,-3.78868e-08,-6.58634e-08,0.000119889,3.83645e-08,5.99255e-09,4.93817e-11,-3.32435e-12,9.43696e-09,5.01042,0.0317477
2024-08-14 00:00:00+00:00,-3.34298e-08,0.750246,8.66375e-07,-8.03979e-09,-6.70456e-08,0.000114437,3.662e-08,5.09462e-09,4.32306e-11,2.32241e-10,8.09578e-09,5.33333,0.0324847
2024-08-15 00:00:00+00:00,-1.24648e-08,0.750246,6.35257e-07,-1.11841e-08,-4.11107e-08,8.79808e-05,2.81538e-08,5.80507e-09,3.16944e-11,2.51126e-10,2.12747e-08,3.875,0.0327291
2024-08-16 00:00:00+00:00,8.59853e-09,0.750246,6.57922e-07,-6.15977e-08,-7.59936e-08,9.17191e-05,2.93501e-08,5.74596e-09,3.48202e-11,5.12868e-11,4.36781e-08,3.875,0.0335535
2024-08-17 00:00:00+00:00,-4.0799e-09,0.750246,5.81818e-07,-5.19179e-08,-8.76734e-08,8.05612e-05,2.57796e-08,4.60434e-09,2.90352e-11,1.64227e-10,2.61688e-08,3.69792,0.0346807
2024-08-18 00:00:00+00:00,-2.12031e-08,0.750246,5.20951e-07,-4.83959e-08,-9.90786e-08,7.12472e-05,2.27991e-08,4.03896e-09,2.32724e-11,4.7239e-10,5.18581e-09,3.375,0.0353689
2024-08-19 00:00:00+00:00,6.92748e-09,0.750246,6.41973e-07,-1.04213e-07,-1.15473e-07,9.12333e-05,2.91947e-08,5.7457e-09,2.66958e-11,9.74601e-11,4.17971e-08,3.5625,0.03494
2024-08-20 00:00:00+00:00,-1.97709e-08,0.750246,5.63622e-07,2.94369e-08,-6.68296e-08,8.10428e-05,2.59337e-08,4.90574e-09,2.26693e-11,1.04022e-10,1.09872e-08,3.34375,0.0347095
2024-08-21 00:00:00+00:00,-2.48748e-08,0.750245,5.34402e-07,-1.81297e-08,-3.44601e-08,7.63904e-05,2.44449e-08,5.3728e-09,2.10097e-11,3.46737e-11,4.92921e-09,3.20833,0.0343814
2024-08-22 00:00:00+00:00,-6.99556e-09,0.750245,4.88286e-07,-4.5924e-08,-7.73237e-08,7.52341e-05,2.40749e-08,4.07752e-09,2.15557e-11,1.01697e-11,2.11683e-08,3.36458,0.0342986
2024-08-23 00:00:00+00:00,-1.12241e-07,0.750245,5.82013e-07,-1.36615e-07,-1.69146e-07,7.26994e-05,2.32638e-08,5.02936e-09,2.26507e-11,6.41441e-11,-8.39891e-08,3.88542,0.0333941
2024-08-24 00:00:00+00:00,-1.01926e-07,0.750245,6.14599e-07,-3.92934e-08,-1.25981e-07,8.31641e-05,2.66125e-08,4.91682e-09,2.646e-11,6.32896e-11,-7.04337e-08,4.44792,0.0324263
2024-08-25 00:00:00+00:00,-1.02889e-09,0.750245,7.54056e-07,-4.29901e-08,-9.58528e-08,0.00010646,3.40672e-08,6.86261e-09,3.96107e-11,3.05772e-11,3.99099e-08,5.36458,0.0337337
2024-08-26 00:00:00+00:00,-6.36235e-09,0.750245,7.41289e-07,4.94221e-08,-5.51623e-08,0.000101006,3.23218e-08,8.81965e-09,3.03267e-11,3.07582e-11,3.47787e-08,4.88542,0.0354184
2024-08-27 00:00:00+00:00,-3.04208e-08,0.750245,8.46302e-07,-2.97214e-08,-1.1187e-07,0.000114174,3.65357e-08,7.31415e-09,3.37474e-11,9.20696e-11,1.33707e-08,4.95833,0.0364093
2024-08-28 00:00:00+00:00,1.00008e-08,0.750245,5.90718e-07,-2.96942e-08,-3.44354e-08,8.08221e-05,2.58631e-08,8.67593e-09,2.69038e-11,-5.21693e-11,4.46189e-08,4.33333,0.0368396
2024-08-29 00:00:00+00:00,-2.25339e-08,0.750245,4.96934e-07,-4.93681e-08,-3.96172e-08,7.68044e-05,2.45774e-08,8.60232e-09,2.58798e-11,5.19531e-11,1.06197e-08,3.54167,0.0380224
2024-08-30 00:00:00+00:00,-1.19331e-08,0.750245,3.70398e-07,-3.7047e-08,-5.05343e-08,5.51011e-05,1.76323e-08,6.48567e-09,1.73834e-11,7.0423e-12,1.21953e-08,2.61458,0.039002
2024-08-31 00:00:00+00:00,-1.99446e-08,0.750245,2.9987e-07,1.37566e-09,-4.01239e-08,4.25576e-05,1.36184e-08,6.93404e-09,1.06659e-11,-1.73395e-12,6.20248e-10,2.10417,0.0403667
2024-09-01 00:00:00+00:00,3.97647e-09,0.750245,1.8344e-07,-1.6975e-08,-4.01193e-08,2.9992e-05,9.59745e-09,3.71273e-09,7.55401e-12,6.14165e-12,1.72881e-08,1.59375,0.041467
2024-09-02 00:00:00+00:00,-5.53106e-08,0.750245,6.92722e-07,-3.18448e-08,-6.257e-08,9.19589e-05,2.94269e-08,7.28667e-09,3.28456e-11,1.26344e-10,-1.86906e-08,4.05208,0.0426843
2024-09-03 00:00:00+00:00,-3.32871e-08,0.750245,6.11744e-07,-5.00453e-08,-5.68843e-08,7.93317e-05,2.53862e-08,6.7057e-09,2.65644e-11,2.48619e-10,-1.41727e-09,4.05208,0.0424065
2024-09-04 00:00:00+00:00,-5.84987e-08,0.750245,1.07531e-06,1.12912e-08,-6.36616e-08,0.000142058,4.54585e-08,7.96605e-09,5.4234e-11,-2.29345e-10,-4.79052e-09,6.625,0.0423113
2024-09-05 00:00:00+00:00,-3.05545e-09,0.750245,8.36261e-07,-1.89915e-08,-4.24396e-08,0.000121166,3.8773e-08,7.61446e-09,3.4744e-11,-2.59337e-11,4.33927e-08,5.375,0.0423075
2024-09-06 00:00:00+00:00,-2.89663e-08,0.750245,8.74439e-07,1.95209e-08,-4.0359e-08,0.000125794,4.02541e-08,6.56333e-09,3.75512e-11,1.13562e-10,1.77752e-08,5.3125,0.0422971
2024-09-07 00:00:00+00:00,-2.3347e-08,0.750245,9.67766e-07,1.86491e-09,-5.3528e-08,0.000133417,4.26935e-08,7.5257e-09,4.25028e-11,6.29249e-11,2.68518e-08,6.27083,0.0423943
2024-09-08 00:00:00+00:00,-2.11512e-08,0.750245,6.62569e-07,-6.15708e-08,-5.4955e-08,9.35576e-05,2.99384e-08,4.83758e-09,2.52823e-11,8.24365e-11,1.35677e-08,5.03125,0.0428518
2024-09-09 00:00:00+00:00,-4.74248e-08,0.750245,8.057e-07,-6.41557e-08,-8.78858e-08,0.000106512,3.40839e-08,7.03759e-09,3.14824e-11,1.11418e-10,-6.38329e-09,5.64583,0.0415865
2024-09-10 00:00:00+00:00,8.49657e-09,0.750245,6.18356e-07,-2.68263e-08,-7.06383e-08,8.91772e-05,2.85367e-08,8.16369e-09,2.36134e-11,-4.13253e-11,4.52619e-08,5.10417,0.0413094
2024-09-11 00:00:00+00:00,-6.17657e-09,0.750245,3.33152e-07,-6.65008e-09,6.63655e-10,4.45151e-05,1.42448e-08,7.55407e-09,1.23687e-11,4.49315e-10,1.51854e-08,3.125,0.0419859
2024-09-12 00:00:00+00:00,-2.70119e-08,0.750245,4.01618e-07,-4.72417e-08,-6.78114e-08,5.38926e-05,1.72456e-08,8.81985e-09,1.24301e-11,3.72909e-10,-1.30688e-09,3.75,0.0412829
2024-09-13 00:00:00+00:00,5.00889e-09,0.750245,2.91901e-07,-3.53419e-08,-6.039e-08,4.51514e-05,1.44484e-08,7.49224e-09,1.00931e-11,-4.15319e-09,3.11128e-08,3.26042,0.0409394
2024-09-14 00:00:00+00:00,-4.46193e-09,0.750245,2.79591e-07,-4.94482e-08,-7.8939e-08,3.97136e-05,1.27083e-08,7.94926e-09,8.82427e-12,5.16023e-10,1.56885e-08,3.04167,0.0395251
2024-09-15 00:00:00+00:00,-2.76728e-08,0.750245,1.69565e-07,-7.00687e-08,-8.64883e-08,2.13053e-05,6.81771e-09,5.14835e-09,4.48722e-12,-8.64387e-11,-1.56158e-08,1.97917,0.0383625
2024-09-16 00:00:00+00:00,-4.42136e-09,0.750245,1.12319e-07,-2.57686e-08,-3.64986e-08,1.65202e-05,5.28645e-09,4.07686e-09,3.65895e-12,-1.95302e-10,5.14091e-09,1.5,0.0379171
2024-09-17 00:00:00+00:00,-3.818e-09,0.750245,1.34445e-07,-5.87823e-08,-7.71209e-08,1.94304e-05,6.21771e-09,5.32282e-09,4.7324e-12,4.19833e-11,7.68528e-09,1.97917,0.0385315
2024-09-18 00:00:00+00:00,-8.77911e-09,0.750245,1.63598e-07,-6.24856e-08,-8.4124e-08,2.41387e-05,7.72439e-09,5.28346e-09,5.78319e-12,7.39328e-11,4.16059e-09,2.28125,0.0386395
2024-09-19 00:00:00+00:00,3.86922e-09,0.750245,3.22938e-07,-5.69759e-08,-8.46546e-08,4.67564e-05,1.49621e-08,8.90389e-09,1.1487e-11,-1.08874e-10,2.78555e-08,3.80208,0.0385628
2024-09-20 00:00:00+00:00,-9.68018e-09,0.750245,5.24766e-07,-4.56171e-10,-6.18949e-08,7.0259e-05,2.24829e-08,9.97612e-09,1.72123e-11,9.01796e-11,2.27059e-08,5.15625,0.0396256
2024-09-21 00:00:00+00:00,-8.18098e-09,0.750245,4.37011e-07,-5.33065e-08,-6.06797e-08,5.92973e-05,1.89752e-08,9.04228e-09,1.45963e-11,-8.77702e-11,1.99388e-08,4.32292,0.0400208
2024-09-22 00:00:00+00:00,-6.77551e-10,0.750245,4.00684e-07,-4.50545e-08,-6.97335e-08,5.61846e-05,1.79791e-08,7.39709e-09,1.34447e-11,1.25842e-10,2.45862e-08,4.27083,0.0397754
2024-09-23 00:00:00+00:00,-2.56989e-08,0.750245,8.72874e-07,-4.76483e-08,-7.93722e-08,0.000107587,3.44278e-08,1.01085e-08,3.1478e-11,-6.07637e-11,1.89296e-08,7.8125,0.040951
2024-09-24 00:00:00+00:00,-9.16564e-09,0.750245,6.57362e-07,-3.74056e-08,-7.61207e-08,8.68105e-05,2.77793e-08,8.39625e-09,2.19095e-11,-2.91922e-11,2.70611e-08,7.03125,0.039828
2024-09-25 00:00:00+00:00,-3.76061e-08,0.750245,7.12702e-07,-8.19053e-09,-6.65775e-08,9.31338e-05,2.98028e-08,7.16727e-09,2.24732e-11,8.00003e-11,-6.93499e-10,7.70833,0.0393603
2024-09-26 00:00:00+00:00,-3.92846e-08,0.750245,7.58413e-07,-3.01279e-08,-5.48908e-08,9.12061e-05,2.91859e-08,6.3485e-09,2.25236e-11,6.52608e-11,-3.79291e-09,7.96875,0.0391964
2024-09-27 00:00:00+00:00,-2.445e-08,0.750245,6.83416e-07,-3.92073e-08,-5.3043e-08,8.62904e-05,2.76129e-08,6.71797e-09,2.02227e-11,1.18467e-10,9.78265e-09,8.44792,0.0383656
2024-09-28 00:00:00+00:00,-3.13196e-08,0.750245,6.89865e-07,-3.91073e-08,-5.14146e-08,8.62158e-05,2.75891e-08,6.16893e-09,1.73866e-11,1.57487e-10,2.29828e-09,8.82292,0.0383016
2024-09-29 00:00:00+00:00,-4.0716e-08,0.750245,6.19116e-07,-6.57761e-08,-7.47866e-08,7.13776e-05,2.28408e-08,4.55858e-09,1.40365e-11,6.21248e-11,-1.33646e-08,8.3125,0.0383499
2024-09-30 00:00:00+00:00,9.75527e-09,0.750245,5.7855e-07,-3.89809e-09,-3.66406e-08,7.44478e-05,2.38233e-08,5.58897e-09,1.45207e-11,7.27895e-11,3.91093e-08,8.375,0.0375323
2024-10-01 00:00:00+00:00,3.69745e-09,0.750245,6.06195e-07,-1.59539e-08,-3.22036e-08,8.3317e-05,2.66615e-08,4.49469e-09,1.7544e-11,8.91181e-11,3.4782e-08,8.84375,0.0376387
2024-10-02 00:00:00+00:00,-3.71705e-08,0.750245,8.09126e-07,4.0349e-08,-1.60058e-08,0.000101179,3.23772e-08,4.04714e-09,2.51187e-11,1.83827e-11,-7.3948e-10,10.5208,0.0382527
2024-10-03 00:00:00+00:00,-1.52039e-08,0.750245,7.16639e-07,5.79303e-09,-2.09945e-09,9.42104e-05,3.01473e-08,3.76842e-09,2.24975e-11,-2.16822e-10,1.89512e-08,10.4375,0.0388391
2024-10-04 00:00:00+00:00,-7.96573e-09,0.750245,6.43618e-07,2.05768e-08,-1.84569e-08,8.39081e-05,2.68506e-08,3.80286e-09,1.98614e-11,-4.42712e-10,2.31503e-08,9.63542,0.0395274
2024-10-05 00:00:00+00:00,-2.22429e-08,0.750245,5.28822e-07,2.02707e-08,-1.85903e-08,7.03762e-05,2.25204e-08,3.66737e-09,1.46466e-11,2.47809e-11,3.93473e-09,7.95833,0.0392844
2024-10-06 00:00:00+00:00,-1.86215e-08,0.750245,4.27281e-07,1.88905e-09,-2.52145e-08,5.76992e-05,1.84638e-08,2.96513e-09,9.88659e-12,7.47139e-11,2.74257e-09,7.19792,0.0393611
2024-10-07 00:00:00+00:00,-2.768e-09,0.750245,4.89986e-07,1.26383e-08,-2.63065e-08,6.40383e-05,2.04923e-08,3.83028e-09,1.13985e-11,8.84868e-11,2.14774e-08,8.4375,0.0390515
2024-10-08 00:00:00+00:00,3.64091e-09,0.750245,5.03554e-07,-1.13427e-08,-2.44673e-08,6.74211e-05,2.15748e-08,3.45712e-09,1.32027e-11,5.3284e-11,2.86327e-08,8.0625,0.0397648
2024-10-09 00:00:00+00:00,-8.63403e-09,0.750245,3.6741e-07,5.99329e-09,-5.22387e-09,4.76993e-05,1.52638e-08,4.52308e-09,7.71256e-12,1.42532e-12,1.11591e-08,6.25,0.0402746
2024-10-10 00:00:00+00:00,-4.76004e-09,0.750245,3.70309e-07,9.6312e-09,-8.28026e-09,5.12684e-05,1.64059e-08,5.2941e-09,8.83953e-12,1.22144e-10,1.68266e-08,6.11458,0.040626
2024-10-11 00:00:00+00:00,-2.43819e-08,0.750245,4.08054e-07,2.13164e-08,-2.98133e-08,5.10231e-05,1.63274e-08,4.98953e-09,9.11417e-12,2.51921e-11,-3.0811e-09,7.0625,0.0404348
2024-10-12 00:00:00+00:00,-1.60103e-08,0.750245,3.63479e-07,-3.2019e-08,-3.83705e-08,4.39558e-05,1.40659e-08,3.40693e-09,6.75309e-12,1.2963e-10,1.33964e-09,7.1875,0.0395437
2024-10-13 00:00:00+00:00,-5.81032e-09,0.750245,3.36663e-07,-7.23057e-09,-3.36849e-08,4.75097e-05,1.52031e-08,3.54884e-09,8.03307e-12,1.01757e-10,1.28479e-08,7,0.0390305
2024-10-14 00:00:00+00:00,2.32286e-09,0.750245,3.78437e-07,-2.48655e-09,-2.42429e-08,4.28543e-05,1.37134e-08,3.6521e-09,7.95153e-12,5.72669e-10,1.91236e-08,8.02083,0.038834
2024-10-15 00:00:00+00:00,-3.46533e-08,0.750245,3.53674e-07,-2.14414e-08,-1.43901e-08,4.2946e-05,1.37427e-08,3.80425e-09,7.96906e-12,8.16036e-10,-1.79145e-08,8.10417,0.0377231
2024-10-16 00:00:00+00:00,-2.03197e-08,0.750245,3.0964e-07,5.64835e-09,-7.90924e-09,3.93594e-05,1.2595e-08,3.51969e-09,6.26321e-12,1.53825e-10,-4.35261e-09,8.32292,0.0369232
2024-10-17 00:00:00+00:00,-1.45425e-08,0.750245,3.034e-07,1.6713e-08,-1.14739e-08,3.6365e-05,1.16368e-08,3.64127e-09,5.0784e-12,9.75496e-11,6.43077e-10,7.51042,0.0373159
2024-10-18 00:00:00+00:00,-1.04864e-08,0.750245,2.3362e-07,8.18859e-09,-1.58038e-08,2.95566e-05,9.45812e-09,3.15042e-09,3.64054e-12,1.29936e-10,1.99588e-09,7.29167,0.0367663
2024-10-19 00:00:00+00:00,-4.33765e-09,0.750245,2.06655e-07,-3.84824e-09,-1.80279e-08,2.64493e-05,8.46379e-09,2.88272e-09,2.98499e-12,9.46614e-11,6.91718e-09,5.97917,0.0380125
2024-10-20 00:00:00+00:00,-7.98792e-09,0.750245,1.57959e-07,-6.67229e-09,-1.25301e-08,2.02985e-05,6.49552e-09,2.15241e-09,1.94448e-12,8.09943e-12,6.53862e-10,4.875,0.0384843
2024-10-21 00:00:00+00:00,7.9986e-10,0.750245,1.90448e-07,-2.37332e-08,-1.83594e-08,2.43043e-05,7.77737e-09,2.29918e-09,2.68779e-12,1.71421e-11,1.0862e-08,6.26042,0.0377743
2024-10-22 00:00:00+00:00,-1.34539e-08,0.750245,1.63294e-07,-4.89395e-09,-2.26059e-08,1.98767e-05,6.36055e-09,1.86151e-09,2.03083e-12,2.8289e-11,-5.25806e-09,4.97917,0.037412
2024-10-23 00:00:00+00:00,-1.03126e-08,0.750245,1.0023e-07,-4.1485e-09,-1.18538e-08,1.29201e-05,4.13443e-09,1.96843e-09,1.22395e-12,5.12751e-12,-4.2136e-09,3.8125,0.0363313
2024-10-24 00:00:00+00:00,-7.62075e-09,0.750245,1.52028e-07,-6.78641e-09,-1.80167e-08,1.82793e-05,5.84937e-09,2.2715e-09,1.915e-12,1.83897e-11,4.83644e-10,5.91667,0.0358855
2024-10-25 00:00:00+00:00,-1.43649e-08,0.750245,1.74059e-07,1.74042e-09,-8.60345e-09,1.94139e-05,6.21245e-09,1.49684e-09,1.99844e-12,3.7392e-11,-6.69105e-09,6.30208,0.0367385
2024-10-26 00:00:00+00:00,-8.37396e-09,0.750245,2.26756e-07,8.04008e-09,-6.27281e-09,2.96247e-05,9.47991e-09,1.18665e-09,4.01908e-12,1.79315e-11,2.27869e-09,8.42708,0.0370885
2024-10-27 00:00:00+00:00,-4.60145e-09,0.750245,2.01167e-07,-2.52495e-09,-1.71671e-08,2.67334e-05,8.5547e-09,1.06934e-09,2.90489e-12,5.42462e-11,4.97124e-09,7.67708,0.0378232
2024-10-28 00:00:00+00:00,-1.01284e-09,0.750245,2.27432e-07,-4.24142e-09,-5.32165e-09,2.87507e-05,9.20021e-09,1.24091e-09,3.34687e-12,3.91216e-11,9.39251e-09,8.70833,0.0375205
2024-10-29 00:00:00+00:00,-1.43671e-09,0.750245,2.74579e-07,-5.43147e-10,-1.24457e-08,3.27322e-05,1.04743e-08,1.46966e-09,4.06264e-12,1.08617e-10,1.04027e-08,10.0521,0.0378077
2024-10-30 00:00:00+00:00,-7.32693e-09,0.750245,2.53004e-07,2.62582e-11,-3.69394e-09,3.03783e-05,9.72107e-09,1.65799e-09,3.56738e-12,4.18266e-11,4.01387e-09,9.32292,0.038343
2024-10-31 00:00:00+00:00,-8.12578e-09,0.750245,2.26051e-07,1.0079e-08,-9.19716e-09,2.63627e-05,8.43606e-09,1.63996e-09,2.8282e-12,-3.62096e-11,1.98927e-09,8.15625,0.0391207
2024-11-01 00:00:00+00:00,-4.85044e-09,0.750245,1.88576e-07,-8.36089e-09,-8.69489e-09,2.33399e-05,7.46877e-09,1.49295e-09,2.41261e-12,2.37928e-11,4.0899e-09,7.77083,0.0384636
2024-11-02 00:00:00+00:00,-9.69126e-10,0.750245,1.56377e-07,-9.74123e-09,-1.14062e-08,1.97079e-05,6.30653e-09,1.94259e-09,2.41039e-12,7.38208e-11,7.20859e-09,6.65625,0.0391553
2024-11-03 00:00:00+00:00,-2.35043e-09,0.750245,1.69984e-07,-1.79363e-09,-6.05555e-09,2.16991e-05,6.94371e-09,1.73037e-09,2.5378e-12,-1.49387e-11,6.34112e-09,6.6875,0.0402458
2024-11-04 00:00:00+00:00,1.1531e-09,0.750245,1.69894e-07,6.80666e-09,-5.43835e-09,2.29831e-05,7.35458e-09,1.62179e-09,2.56152e-12,-7.16973e-12,1.01392e-08,6.44792,0.0408144
2024-11-05 00:00:00+00:00,-7.10722e-09,0.750245,1.81905e-07,7.10646e-09,-8.79179e-09,2.36399e-05,7.56478e-09,1.81693e-09,2.85458e-12,8.63029e-14,2.27726e-09,6.98958,0.0413672
2024-11-06 00:00:00+00:00,-1.04633e-08,0.750245,2.32781e-07,-9.79616e-09,-5.11704e-09,2.70459e-05,8.6547e-09,1.84634e-09,3.93126e-12,4.12099e-14,4.16055e-11,9.5625,0.0410534
2024-11-07 00:00:00+00:00,4.95467e-10,0.750245,2.75555e-07,1.1366e-09,-4.80672e-09,3.37985e-05,1.08155e-08,2.07109e-09,4.47381e-12,-5.11293e-11,1.34377e-08,11.125,0.0402244
2024-11-08 00:00:00+00:00,-4.965e-09,0.750245,2.73359e-07,1.82629e-08,-2.12349e-09,2.99014e-05,9.56845e-09,1.62354e-09,3.46302e-12,1.28178e-11,6.21763e-09,11.2708,0.04092
2024-11-09 00:00:00+00:00,-1.43537e-08,0.750245,2.34186e-07,2.01661e-08,-5.09018e-09,2.25335e-05,7.21072e-09,1.08492e-09,2.59895e-12,2.16847e-11,-6.07719e-09,10.8646,0.0393748
2024-11-10 00:00:00+00:00,9.5934e-10,0.750245,2.30442e-07,1.08e-08,-4.9124e-09,2.75312e-05,8.80998e-09,2.03326e-09,3.26073e-12,1.91608e-11,1.17867e-08,12.5312,0.038669
2024-11-11 00:00:00+00:00,-9.00899e-09,0.750245,2.21291e-07,7.08545e-09,-3.0045e-09,2.44264e-05,7.81644e-09,2.61028e-09,2.70197e-12,6.82935e-11,1.35214e-09,13.125,0.0390113
2024-11-12 00:00:00+00:00,-7.27082e-09,0.750245,2.07078e-07,7.12736e-09,-2.41003e-09,2.26507e-05,7.24823e-09,2.07859e-09,2.76852e-12,1.40963e-11,2.04468e-09,14.6458,0.0391155
2024-11-13 00:00:00+00:00,-2.39167e-09,0.750245,1.70897e-07,1.57994e-08,-1.32193e-09,2.02432e-05,6.47783e-09,2.18246e-09,2.6233e-12,4.93536e-11,6.22189e-09,13.7917,0.0389706
2024-11-14 00:00:00+00:00,-1.56567e-10,0.750245,1.7803e-07,1.28236e-08,-1.32176e-09,1.87747e-05,6.00791e-09,1.58224e-09,2.53338e-12,5.5557e-12,7.43056e-09,14.1875,0.0378635
2024-11-15 00:00:00+00:00,-2.80686e-09,0.750245,1.55417e-07,-2.90563e-09,-2.04816e-09,1.67098e-05,5.34714e-09,1.28364e-09,2.17842e-12,1.53038e-11,3.81079e-09,13.6354,0.0377447
2024-11-16 00:00:00+00:00,2.26325e-09,0.750245,1.42478e-07,-2.93253e-09,-1.20465e-09,1.67935e-05,5.37391e-09,1.40561e-09,1.82318e-12,5.5261e-11,8.98933e-09,12.1667,0.038309
2024-11-17 00:00:00+00:00,-2.12347e-10,0.750245,1.36658e-07,1.37699e-08,-1.45202e-09,1.61698e-05,5.17433e-09,2.01451e-09,1.53671e-12,8.53693e-11,6.89266e-09,11.2604,0.0382236
2024-11-18 00:00:00+00:00,4.57362e-09,0.750245,1.37513e-07,3.59803e-10,-2.50225e-09,1.66673e-05,5.33355e-09,2.33458e-09,1.35696e-12,3.83669e-11,1.22047e-08,10.8646,0.0394715
2024-11-19 00:00:00+00:00,-5.03851e-09,0.750245,1.28702e-07,9.52322e-09,-2.91795e-09,1.50387e-05,4.8124e-09,2.65905e-09,1.14651e-12,1.73459e-11,2.41674e-09,9.65625,0.041051
2024-11-20 00:00:00+00:00,-6.03357e-09,0.750245,9.35765e-08,4.82037e-09,-2.04025e-09,1.02296e-05,3.27346e-09,2.66895e-09,6.24386e-13,3.62654e-13,-9.09061e-11,7.30208,0.0410581
2024-11-21 00:00:00+00:00,-1.53212e-09,0.750245,1.04325e-07,9.64992e-09,-2.36739e-09,1.17768e-05,3.76858e-09,2.61022e-09,6.68452e-13,2.75457e-12,4.84459e-09,7.21875,0.0414954
2024-11-22 00:00:00+00:00,-4.09343e-09,0.750245,8.96864e-08,1.2909e-08,-1.50498e-09,9.44415e-06,3.02213e-09,2.41906e-09,4.7473e-13,6.67799e-12,1.34156e-09,6.5,0.0417193
2024-11-23 00:00:00+00:00,-5.52362e-09,0.750245,8.47233e-08,1.42579e-08,-1.21551e-09,8.34926e-06,2.67176e-09,1.91899e-09,4.38214e-13,2.23735e-11,-9.54806e-10,7.44792,0.040271
2024-11-24 00:00:00+00:00,-2.53189e-09,0.750245,6.54759e-08,1.28401e-09,-2.86042e-09,7.70027e-06,2.46409e-09,2.10059e-09,5.60474e-13,4.38001e-12,2.02897e-09,7.40625,0.0396023
2024-11-25 00:00:00+00:00,-1.55796e-09,0.750245,7.10317e-08,3.68616e-09,-1.64994e-09,8.60083e-06,2.75227e-09,2.03491e-09,5.03436e-13,-5.51685e-12,3.23524e-09,8.22917,0.0391786
2024-11-26 00:00:00+00:00,-3.9336e-09,0.750245,6.7126e-08,2.86341e-09,-1.24522e-10,7.99063e-06,2.557e-09,1.83534e-09,5.07644e-13,9.48314e-12,4.49771e-10,7.33333,0.0400129
2024-11-27 00:00:00+00:00,-3.09162e-09,0.750245,5.76979e-08,-5.40733e-10,-2.03512e-09,7.39681e-06,2.36698e-09,1.67814e-09,4.16236e-13,-6.8248e-13,9.54598e-10,7.16667,0.0404537
2024-11-28 00:00:00+00:00,-7.63592e-10,0.750245,4.73585e-08,3.66578e-09,-1.89164e-09,5.52419e-06,1.76774e-09,1.33332e-09,2.38504e-13,-6.76221e-13,2.33838e-09,5.72917,0.0404994
2024-11-29 00:00:00+00:00,5.0834e-10,0.750245,5.29961e-08,1.59576e-09,-4.74072e-09,6.42965e-06,2.05749e-09,1.16886e-09,2.37709e-13,9.00756e-12,3.72592e-09,6.59375,0.0398417
2024-11-30 00:00:00+00:00,-2.29534e-09,0.750245,6.06048e-08,3.75337e-09,-2.07267e-09,7.08502e-06,2.26721e-09,1.32153e-09,2.82522e-13,1.82963e-11,1.27539e-09,6.94792,0.0402279
2024-12-01 00:00:00+00:00,-7.0814e-09,0.750245,5.91531e-08,-1.93793e-09,-3.57047e-09,6.47481e-06,2.07194e-09,1.07001e-09,3.24338e-13,1.22734e-11,-3.9514e-09,7.95833,0.0390775
2024-12-02 00:00:00+00:00,-6.53813e-09,0.750245,7.51056e-08,-1.81606e-09,-5.07083e-09,8.26073e-06,2.64343e-09,7.79654e-10,4.41836e-13,8.13356e-12,-3.12273e-09,11.5312,0.0374249
2024-12-03 00:00:00+00:00,-8.44572e-09,0.750245,5.90237e-08,-9.31343e-10,-1.6082e-09,6.50494e-06,2.08158e-09,3.12676e-10,3.10909e-13,1.82189e-12,-6.05298e-09,12.9479,0.0342807
2024-12-04 00:00:00+00:00,-3.0788e-09,0.750245,5.48532e-08,4.97874e-10,-1.09135e-09,6.17133e-06,1.97482e-09,2.59341e-10,2.57729e-13,1.08436e-11,-8.55218e-10,12.6562,0.0330739
2024-12-05 00:00:00+00:00,-2.8522e-09,0.750245,5.72557e-08,6.40663e-09,-6.23341e-10,5.72944e-06,1.83342e-09,2.69597e-10,2.15526e-13,3.83148e-13,-7.49352e-10,13.1771,0.0334188
2024-12-06 00:00:00+00:00,3.33165e-10,0.750245,5.73174e-08,3.11727e-09,-7.41013e-10,6.53166e-06,2.09013e-09,2.97742e-10,2.82301e-13,2.06188e-12,2.71926e-09,13.6562,0.0347162
2024-12-07 00:00:00+00:00,-8.45691e-10,0.750245,5.01867e-08,5.82951e-09,-5.13605e-10,5.37995e-06,1.72158e-09,2.40871e-10,1.88311e-13,9.45321e-12,1.1075e-09,12.3646,0.0346868
2024-12-08 00:00:00+00:00,-4.3256e-10,0.750245,4.49769e-08,1.49497e-09,-1.25105e-09,5.24935e-06,1.67979e-09,2.22026e-10,1.6454e-13,5.4636e-12,1.46396e-09,11.5417,0.0345617
2024-12-09 00:00:00+00:00,-3.16799e-09,0.750245,4.02785e-08,1.47047e-09,-1.08238e-10,4.72128e-06,1.51081e-09,2.41152e-10,1.46802e-13,4.69029e-13,-1.41635e-09,9.27083,0.0353619
2024-12-10 00:00:00+00:00,-7.94882e-10,0.750245,3.91126e-08,-6.91054e-10,-6.11676e-10,4.61816e-06,1.47781e-09,1.94024e-10,2.03977e-13,-8.15674e-13,8.77974e-10,10.5625,0.0353124
2024-12-11 00:00:00+00:00,-1.39197e-09,0.750245,3.71222e-08,1.99998e-09,-2.69052e-10,4.22547e-06,1.35215e-09,1.90428e-10,1.62675e-13,-3.58682e-12,1.54361e-10,9.96875,0.035736
2024-12-12 00:00:00+00:00,-1.81853e-09,0.750245,3.31363e-08,2.73128e-09,-6.01284e-10,3.35188e-06,1.0726e-09,1.54835e-10,1.03433e-13,-1.52086e-14,-5.90979e-10,9.41667,0.0351877
2024-12-13 00:00:00+00:00,-1.16245e-09,0.750245,2.75356e-08,1.22419e-09,-5.47521e-10,2.93036e-06,9.37714e-10,1.66625e-10,9.49263e-14,-1.04394e-12,-5.69691e-11,8.30208,0.0357132
2024-12-14 00:00:00+00:00,1.22061e-10,0.750245,2.65656e-08,5.57898e-10,-6.18698e-10,3.04157e-06,9.73303e-10,1.91887e-10,8.6534e-14,2.34233e-11,1.26392e-09,8.02083,0.037574
2024-12-15 00:00:00+00:00,-1.86822e-09,0.750245,2.54015e-08,-5.86239e-10,-1.00786e-09,2.78175e-06,8.90159e-10,1.58849e-10,8.2235e-14,1.25387e-12,-8.2038e-10,7.02083,0.0394075
2024-12-16 00:00:00+00:00,2.67941e-10,0.750245,2.38002e-08,-3.3738e-10,-1.0545e-09,2.91452e-06,9.32647e-10,2.02874e-10,7.94123e-14,2.34751e-12,1.40119e-09,7.73958,0.0405717
2024-12-17 00:00:00+00:00,-1.0457e-09,0.750245,1.6204e-08,4.99735e-10,-1.46297e-09,1.87916e-06,6.0133e-10,3.86497e-10,4.65716e-14,2.613e-13,-5.8086e-11,5.04167,0.0409431
2024-12-18 00:00:00+00:00,-3.34427e-10,0.750245,2.88924e-08,2.47251e-09,-4.1554e-11,3.29164e-06,1.05333e-09,3.50625e-10,9.63176e-14,3.36063e-12,1.06626e-09,8.14583,0.0415559
2024-12-19 00:00:00+00:00,-8.14416e-10,0.750245,3.43417e-08,-4.65153e-11,-4.91794e-10,4.12031e-06,1.3185e-09,3.95864e-10,1.51729e-13,-1.05624e-12,9.01157e-10,9.51042,0.0424074
2024-12-20 00:00:00+00:00,-1.14498e-09,0.750245,3.82673e-08,1.73089e-09,-1.03442e-10,4.12943e-06,1.32142e-09,3.99325e-10,1.75802e-13,5.12469e-13,5.75421e-10,10.8958,0.0426627
2024-12-21 00:00:00+00:00,-1.65194e-09,0.750245,3.39137e-08,3.1773e-09,-2.28622e-10,3.54204e-06,1.13345e-09,3.95865e-10,1.37997e-13,5.55848e-12,-1.28043e-10,10.6146,0.0421368
2024-12-22 00:00:00+00:00,-3.8812e-10,0.750245,2.39958e-08,2.56472e-09,-1.58692e-10,2.9235e-06,9.35519e-10,4.01603e-10,1.044e-13,-5.94469e-13,9.49699e-10,8.13542,0.0431206
2024-12-23 00:00:00+00:00,-1.54246e-09,0.750245,2.58816e-08,7.84345e-10,-9.92104e-10,2.68107e-06,8.57941e-10,2.8126e-10,8.24556e-14,2.35027e-12,-4.05526e-10,8.23958,0.0435441
2024-12-24 00:00:00+00:00,-3.4374e-10,0.750245,2.16702e-08,1.59117e-09,-4.38864e-10,2.58686e-06,8.27794e-10,2.26503e-10,8.55414e-14,4.9267e-13,7.10152e-10,7.75,0.0427136
2024-12-25 00:00:00+00:00,-1.99476e-10,0.750245,1.9228e-08,1.0309e-09,-1.96953e-10,2.44395e-06,7.82063e-10,2.17742e-10,6.35399e-14,1.04832e-12,7.99343e-10,7.41667,0.0430141
2024-12-26 00:00:00+00:00,-3.10717e-10,0.750245,1.9146e-08,1.67014e-09,2.53344e-10,2.39019e-06,7.64862e-10,1.73243e-10,5.96193e-14,1.89798e-12,6.25553e-10,6.25,0.0454279
2024-12-27 00:00:00+00:00,-5.40886e-10,0.750245,1.8788e-08,1.38579e-10,-3.14852e-10,2.31309e-06,7.4019e-10,1.69837e-10,6.61302e-14,9.15969e-13,3.68291e-10,6.40625,0.0460386
2024-12-28 00:00:00+00:00,-9.28501e-10,0.750245,1.90792e-08,1.13761e-09,-8.88169e-10,2.3078e-06,7.38497e-10,1.48e-10,5.99713e-14,3.98186e-15,-4.1949e-11,6.70833,0.0465416
2024-12-29 00:00:00+00:00,-2.36895e-10,0.750245,1.63613e-08,3.34205e-11,-7.35717e-10,2.04783e-06,6.55306e-10,1.11387e-10,4.8264e-14,5.5278e-13,5.29294e-10,6.44792,0.0466492
2024-12-30 00:00:00+00:00,-6.37919e-10,0.750245,1.74109e-08,1.04316e-09,-5.04298e-10,1.94461e-06,6.22275e-10,1.02922e-10,4.70512e-14,8.85021e-12,7.84747e-11,7.41667,0.0461688
2024-12-31 00:00:00+00:00,-1.02981e-10,0.750245,2.19743e-08,6.4128e-10,-2.04828e-10,2.46867e-06,7.89973e-10,1.18161e-10,6.7711e-14,2.28833e-12,8.02934e-10,8.19792,0.0469947
2025-01-01 00:00:00+00:00,-7.1857e-10,0.750245,1.905e-08,8.6428e-10,-6.05227e-10,2.14145e-06,6.85264e-10,9.81169e-11,5.73737e-14,1.33149e-12,6.35371e-11,8.20833,0.0471009
2025-01-02 00:00:00+00:00,-4.38078e-10,0.750245,2.18297e-08,-8.46408e-12,-3.73982e-10,2.47064e-06,7.90603e-10,1.63388e-10,6.20106e-14,1.66502e-12,5.14312e-10,9.26042,0.0466472
2025-01-03 00:00:00+00:00,-1.09096e-09,0.750245,2.12388e-08,1.15148e-09,-5.56554e-10,2.011e-06,6.4352e-10,9.6215e-11,4.79544e-14,2.98573e-12,-3.54163e-10,9.85417,0.0455684
2025-01-04 00:00:00+00:00,-1.45771e-10,0.750245,2.12584e-08,7.857e-10,-3.45536e-10,2.20526e-06,7.05683e-10,9.19117e-11,5.25805e-14,1.0469e-11,6.41409e-10,10.4792,0.0454007
2025-01-05 00:00:00+00:00,-4.08834e-10,0.750245,1.83137e-08,1.446e-09,-3.66744e-10,1.83626e-06,5.87602e-10,7.73611e-11,4.00341e-14,4.76734e-12,2.51403e-10,9.0625,0.0457182
2025-01-06 00:00:00+00:00,3.65262e-10,0.750245,1.96435e-08,4.33377e-10,-2.64649e-10,2.0585e-06,6.5872e-10,1.1348e-10,5.36053e-14,1.01698e-12,1.1365e-09,9.82292,0.0458099
2025-01-07 00:00:00+00:00,-2.71705e-10,0.750245,1.95522e-08,6.14665e-10,-7.85082e-10,2.04966e-06,6.55891e-10,9.94013e-11,5.23481e-14,-6.59033e-12,4.9023e-10,9.08333,0.0456071
2025-01-08 00:00:00+00:00,-5.67176e-10,0.750245,2.01135e-08,1.72826e-10,1.01691e-10,2.35924e-06,7.54956e-10,1.31332e-10,7.53606e-14,2.71239e-13,3.18917e-10,9.84375,0.045771
2025-01-09 00:00:00+00:00,1.29788e-10,0.750245,1.80765e-08,9.89347e-10,-2.1001e-10,2.22229e-06,7.11133e-10,1.46005e-10,8.11061e-14,-1.33126e-13,9.8714e-10,9.48958,0.0456326
2025-01-10 00:00:00+00:00,1.91814e-10,0.750245,2.09739e-08,6.62225e-10,-5.56225e-10,2.39847e-06,7.6751e-10,1.43682e-10,9.79577e-14,2.21709e-12,1.10089e-09,9.94792,0.0465205
2025-01-11 00:00:00+00:00,-1.0066e-09,0.750245,1.71494e-08,7.96854e-10,-2.3538e-10,1.63526e-06,5.23284e-10,8.43529e-11,4.86123e-14,-9.90371e-12,-3.89017e-10,8.86458,0.0458266
2025-01-12 00:00:00+00:00,-2.38529e-11,0.750245,1.32265e-08,5.52483e-10,-3.48087e-10,1.55242e-06,4.96775e-10,7.69082e-11,4.53214e-14,8.16559e-13,5.49059e-10,8.30208,0.0459279
2025-01-13 00:00:00+00:00,-3.98783e-10,0.750245,1.72099e-08,3.01984e-10,-2.16333e-10,1.96455e-06,6.28656e-10,1.01495e-10,6.57623e-14,1.15605e-11,3.19875e-10,9.13542,0.0480212
2025-01-14 00:00:00+00:00,-1.12765e-09,0.750245,1.64765e-08,7.33175e-10,-5.38405e-10,1.5441e-06,4.94112e-10,8.87031e-11,5.46193e-14,2.16537e-11,-5.66436e-10,10.0521,0.0472792
2025-01-15 00:00:00+00:00,-6.30797e-10,0.750245,1.43991e-08,9.35262e-10,-1.83606e-10,1.2685e-06,4.05919e-10,5.09936e-11,3.51058e-14,2.95016e-12,-1.768e-10,10.9896,0.0460491
2025-01-16 00:00:00+00:00,1.58906e-11,0.750245,1.53962e-08,7.455e-10,-1.15482e-10,1.27276e-06,4.07284e-10,5.41486e-11,3.29546e-14,5.12547e-12,4.72232e-10,11.8958,0.0455976
2025-01-17 00:00:00+00:00,-8.01657e-10,0.750245,1.449e-08,8.19182e-10,-1.48907e-10,1.09519e-06,3.50462e-10,4.70809e-11,2.8115e-14,-7.44532e-13,-4.03341e-10,13.125,0.0456121
2025-01-18 00:00:00+00:00,-1.3515e-09,0.750245,1.04179e-08,4.64186e-11,4.41337e-11,5.63989e-07,1.80476e-10,2.31216e-11,1.36868e-14,1.56436e-11,-1.16353e-09,12.6667,0.0446597
2025-01-19 00:00:00+00:00,-5.97581e-10,0.750245,9.06985e-09,5.45841e-10,-1.19758e-10,3.9239e-07,1.25565e-10,1.59168e-11,9.03605e-15,-3.09401e-12,-4.52995e-10,14.6458,0.0434755
2025-01-20 00:00:00+00:00,-1.5004e-11,0.750245,7.85221e-09,2.27033e-10,3.79156e-11,3.03848e-07,9.72315e-11,1.36251e-11,9.15599e-15,3.05927e-12,9.28024e-11,13.9896,0.0430286
2025-01-21 00:00:00+00:00,4.5199e-11,0.750245,7.48194e-09,3.63698e-10,-1.32896e-10,2.42795e-07,7.76945e-11,1.87264e-11,7.28416e-15,1.20119e-12,1.40429e-10,13.8646,0.0440977
2025-01-22 00:00:00+00:00,7.50271e-11,0.750245,6.10307e-09,6.57116e-10,-1.69643e-10,1.27468e-07,4.07898e-11,1.5107e-11,2.86473e-15,1.65419e-12,1.29273e-10,11.625,0.0447275
2025-01-23 00:00:00+00:00,-4.50923e-10,0.750245,5.21738e-09,3.41569e-10,-1.12384e-10,1.42928e-07,4.57368e-11,1.44137e-11,3.28278e-15,4.44963e-13,-3.91214e-10,10.7708,0.0451941
2025-01-24 00:00:00+00:00,4.99578e-12,0.750245,5.46228e-09,3.87086e-10,-2.89815e-11,1.50398e-07,4.81273e-11,1.15631e-11,3.28171e-15,-3.05452e-13,6.49959e-11,11.4062,0.0452222
2025-01-25 00:00:00+00:00,3.97311e-11,0.750245,4.95907e-09,2.71234e-10,-1.0731e-10,1.56231e-07,4.99939e-11,1.49964e-11,2.91277e-15,3.26288e-13,1.04397e-10,9.78125,0.045334
2025-01-26 00:00:00+00:00,7.22111e-11,0.750245,3.81833e-09,3.16143e-11,-1.8371e-10,1.26144e-07,4.0366e-11,1.66442e-11,2.0672e-15,4.79775e-13,1.28746e-10,8.0625,0.0455701
2025-01-27 00:00:00+00:00,-7.31566e-11,0.750245,3.89495e-09,4.05318e-11,-1.69038e-10,1.31534e-07,4.2091e-11,1.64451e-11,2.49109e-15,4.44295e-13,-1.50618e-11,8.25,0.0450761
2025-01-28 00:00:00+00:00,-5.79821e-11,0.750245,4.96104e-09,1.57282e-10,-1.02234e-10,2.05068e-07,6.56217e-11,1.58592e-11,3.85633e-15,-4.10358e-13,2.39152e-11,10.0312,0.045033
2025-01-29 00:00:00+00:00,-6.72002e-11,0.750245,4.58217e-09,4.83423e-10,-8.87207e-11,1.15722e-07,3.70309e-11,7.52026e-12,1.60504e-15,7.94278e-14,-2.27286e-11,10.125,0.0429461
2025-01-30 00:00:00+00:00,-5.54671e-11,0.750245,4.52327e-09,3.67638e-10,-7.57074e-11,1.16041e-07,3.7133e-11,9.44149e-12,2.17285e-15,-1.04061e-13,-8.78609e-12,9.55208,0.0421593
2025-01-31 00:00:00+00:00,-6.73517e-12,0.750245,3.52969e-09,3.94151e-10,-1.01744e-10,9.50967e-08,3.0431e-11,8.08886e-12,1.47297e-15,1.36594e-14,3.1775e-11,8.89583,0.0420267
2025-02-01 00:00:00+00:00,-4.24619e-11,0.750245,4.08557e-09,1.95936e-10,-3.80975e-11,1.32156e-07,4.22899e-11,1.33387e-11,2.64192e-15,6.34582e-14,1.31053e-11,8.51042,0.0434277
2025-02-02 00:00:00+00:00,-1.08856e-10,0.750245,3.64394e-09,2.40672e-10,-7.51356e-11,1.09167e-07,3.49334e-11,9.88037e-12,1.77691e-15,5.17276e-14,-6.40937e-11,8.67708,0.0436622
2025-02-03 00:00:00+00:00,1.49627e-10,0.750245,6.75893e-09,2.95515e-10,-1.15626e-11,1.66408e-07,5.32505e-11,7.25347e-12,5.34818e-15,1.20951e-12,2.08928e-10,15.8646,0.0433689
2025-02-04 00:00:00+00:00,1.68599e-10,0.750245,7.79826e-09,9.31026e-10,1.46222e-11,2.27824e-07,7.29036e-11,9.29003e-12,6.70558e-15,7.14827e-13,2.50086e-10,15.1354,0.0449944
2025-02-05 00:00:00+00:00,-3.19972e-11,0.750245,7.26193e-09,7.17831e-10,5.85022e-12,2.46602e-07,7.89127e-11,1.06548e-11,6.38163e-15,-1.53221e-12,5.91106e-11,14.5104,0.0454384
2025-02-06 00:00:00+00:00,2.69347e-11,0.750245,6.96411e-09,-8.21598e-12,-3.63223e-11,3.0459e-07,9.74689e-11,1.40013e-11,6.99048e-15,-5.34727e-12,1.43762e-10,12.0417,0.0462948
2025-02-07 00:00:00+00:00,-6.35121e-11,0.750245,6.39516e-09,3.7723e-10,5.26999e-12,2.64079e-07,8.45052e-11,1.05631e-11,5.11251e-15,-4.73664e-13,3.20375e-11,11.0625,0.0458063
2025-02-08 00:00:00+00:00,1.12577e-11,0.750245,4.95393e-09,3.79236e-10,-3.45675e-11,1.88045e-07,6.01743e-11,7.88307e-12,2.92993e-15,-8.74055e-13,8.01943e-11,10,0.0437804
2025-02-09 00:00:00+00:00,1.72714e-10,0.750245,4.72502e-09,8.83267e-11,-5.83809e-11,2.17814e-07,6.97005e-11,9.0207e-12,3.71316e-15,7.72633e-13,2.50669e-10,9.0625,0.0439468
2025-02-10 00:00:00+00:00,1.06472e-10,0.750245,5.90122e-09,1.41712e-10,-2.22916e-10,2.55425e-07,8.17359e-11,1.05022e-11,4.93686e-15,1.25596e-12,1.97461e-10,10.5,0.0448218
2025-02-11 00:00:00+00:00,3.15434e-11,0.750245,6.03385e-09,4.0177e-10,-2.39853e-10,2.55484e-07,8.17549e-11,1.03862e-11,4.97086e-15,4.50542e-13,1.23238e-10,10.8021,0.0440247
2025-02-12 00:00:00+00:00,2.85613e-10,0.750245,6.82098e-09,3.81896e-10,-1.19481e-10,3.6104e-07,1.15533e-10,1.46209e-11,8.31636e-15,1.24611e-12,4.14529e-10,10.3542,0.0448465
2025-02-13 00:00:00+00:00,-9.61372e-11,0.750245,7.20035e-09,1.18574e-09,-5.02067e-11,3.19876e-07,1.0236e-10,1.37896e-11,6.26317e-15,9.21546e-13,1.9096e-11,10.0729,0.0446016
2025-02-14 00:00:00+00:00,-1.72526e-10,0.750245,5.69768e-09,8.04885e-10,-1.23855e-10,2.22662e-07,7.1252e-11,1.11616e-11,4.80493e-15,5.41289e-13,-9.0648e-11,9.6875,0.0435504
2025-02-15 00:00:00+00:00,5.36216e-11,0.750245,4.99638e-09,-2.61126e-10,-1.15068e-10,2.62586e-07,8.40274e-11,1.72088e-11,4.72333e-15,2.87877e-13,1.54577e-10,8.46875,0.0427854
2025-02-16 00:00:00+00:00,-1.79319e-10,0.750245,3.06907e-09,-2.54762e-10,-1.56506e-10,1.18475e-07,3.79121e-11,8.93251e-12,1.87034e-15,-2.72254e-12,-1.29751e-10,6.39583,0.0428375
2025-02-17 00:00:00+00:00,-4.39782e-12,0.750245,2.46766e-09,2.00172e-10,-8.89641e-11,6.51592e-08,2.08509e-11,6.81911e-12,1.15236e-15,4.83756e-13,2.27928e-11,4.94792,0.0400559
2025-02-18 00:00:00+00:00,-2.83708e-11,0.750245,2.42863e-09,-6.00835e-11,-1.32556e-10,4.61381e-08,1.47642e-11,6.98775e-12,1.00557e-15,2.48248e-13,-6.86678e-12,6.09375,0.0388182
2025-02-19 00:00:00+00:00,6.02227e-11,0.750245,2.52472e-09,-7.65091e-11,-2.67001e-11,8.00429e-08,2.56137e-11,4.50257e-12,1.57303e-15,1.1756e-12,8.91673e-11,5.72917,0.0383089
2025-02-20 00:00:00+00:00,-1.76639e-10,0.750245,2.50473e-09,-1.33656e-10,-3.42974e-10,7.23275e-08,2.31448e-11,5.07869e-12,1.56193e-15,4.55818e-13,-1.48867e-10,5.86458,0.0384486
2025-02-21 00:00:00+00:00,5.82754e-11,0.750245,2.3526e-09,2.7247e-13,-2.19525e-10,3.80032e-08,1.2161e-11,1.67421e-12,7.45421e-16,3.03378e-13,7.18107e-11,6.79167,0.035531
2025-02-22 00:00:00+00:00,-2.2096e-10,0.750245,2.68139e-09,-2.30675e-10,-2.53239e-10,3.4886e-08,1.11635e-11,1.90258e-12,1.02669e-15,8.85998e-13,-2.08778e-10,7.30208,0.0338453
2025-02-23 00:00:00+00:00,1.18501e-10,0.750245,2.32319e-09,7.59816e-13,-9.81307e-11,2.29434e-08,7.3419e-12,1.62264e-12,6.51225e-16,5.04533e-14,1.27416e-10,7.01042,0.0337554
2025-02-24 00:00:00+00:00,-1.20395e-11,0.750245,3.07909e-09,1.06241e-10,-2.04955e-10,6.60593e-08,2.1139e-11,2.64237e-12,1.92888e-15,4.83345e-13,1.12602e-11,8.3125,0.0338308
2025-02-25 00:00:00+00:00,-4.22375e-11,0.750245,3.36633e-09,2.98878e-10,-6.52912e-11,6.25256e-08,2.00082e-11,2.72468e-12,1.73093e-15,-6.51798e-13,-1.8851e-11,9.1875,0.0338258
2025-02-26 00:00:00+00:00,-1.65506e-10,0.750245,3.31107e-09,2.12683e-10,-1.17888e-10,4.15339e-08,1.32908e-11,1.90681e-12,8.51124e-16,1.70827e-13,-1.50478e-10,8.96875,0.0326852
2025-02-27 00:00:00+00:00,6.8558e-11,0.750245,2.88377e-09,7.39668e-11,-4.7603e-11,2.42276e-08,7.75282e-12,9.69102e-13,4.72735e-16,3.39944e-13,7.69431e-11,9.34375,0.0305441
2025-02-28 00:00:00+00:00,-4.32362e-11,0.750245,2.12326e-09,-8.5026e-11,-8.81994e-11,1.51719e-08,4.85499e-12,6.51808e-13,2.77207e-16,4.56715e-13,-3.8186e-11,7.69792,0.0291104
2025-03-01 00:00:00+00:00,-5.03849e-11,0.750245,1.37944e-09,-8.30911e-11,-1.11613e-10,5.65751e-09,1.8104e-12,2.26301e-13,1.42054e-16,1.15891e-13,-4.84643e-11,5.60417,0.0277078
2025-03-02 00:00:00+00:00,1.88787e-10,0.750245,1.50953e-09,7.0143e-11,7.53084e-11,3.09741e-09,9.91173e-13,1.23897e-13,4.27097e-17,2.32952e-14,1.89881e-10,7.16667,0.0272738
2025-03-03 00:00:00+00:00,-3.32709e-11,0.750245,2.43825e-09,2.09856e-10,-9.09484e-11,5.20628e-09,1.66601e-12,2.08251e-13,3.79268e-17,5.03138e-13,-3.18994e-11,9.61458,0.026527
2025-03-04 00:00:00+00:00,-1.22349e-10,0.750245,1.46871e-09,-1.76307e-10,-7.52763e-11,4.35875e-09,1.3948e-12,1.7435e-13,8.72874e-17,-1.58188e-13,-1.20622e-10,7.42708,0.0261238
2025-03-05 00:00:00+00:00,1.40021e-11,0.750245,2.01038e-09,2.97377e-10,-7.25996e-11,0,0,0,0,1.48802e-13,1.38566e-11,8,0.0253385
2025-03-06 00:00:00+00:00,-4.89897e-12,0.750245,2.08508e-09,2.59773e-10,-1.77913e-10,0,0,0,0,2.24749e-13,-5.1238e-12,8,0.0245752
2025-03-07 00:00:00+00:00,-2.73395e-11,0.750245,2.00151e-09,2.59338e-10,-1.35395e-10,0,0,0,0,-1.51911e-13,-2.71861e-11,8,0.02446
2025-03-08 00:00:00+00:00,-3.09882e-11,0.750245,1.95502e-09,2.26572e-10,-1.60006e-10,0,0,0,0,8.5944e-14,-3.10749e-11,8,0.0238877
2025-03-09 00:00:00+00:00,-5.08489e-11,0.750245,1.874e-09,2.04176e-10,-1.64385e-10,0,0,0,0,1.81087e-13,-5.10299e-11,8,0.0229218
2025-03-10 00:00:00+00:00,-8.38607e-12,0.750245,1.79817e-09,1.79169e-10,-1.07945e-10,0,0,0,0,-1.07663e-13,-8.27579e-12,8,0.0226834
2025-03-11 00:00:00+00:00,-2.41651e-12,0.750245,1.35895e-09,2.28223e-11,4.66998e-11,1.0314e-09,3.30048e-13,4.1256e-14,3.64966e-17,3.66313e-13,-2.40913e-12,6.33333,0.0228273
2025-03-12 00:00:00+00:00,-5.84632e-12,0.750245,1.28955e-09,-2.91472e-11,4.67429e-11,0,0,0,0,3.83806e-14,-5.88328e-12,6,0.0229111
2025-03-13 00:00:00+00:00,-5.41267e-12,0.750245,1.28509e-09,-1.74669e-11,5.83695e-11,0,0,0,0,8.80733e-14,-5.49891e-12,6,0.0228198
2025-03-14 00:00:00+00:00,1.2337e-11,0.750245,1.32273e-09,-1.95681e-11,5.93964e-11,0,0,0,0,2.79331e-13,1.20608e-11,6,0.0236856
2025-03-15 00:00:00+00:00,-2.01893e-11,0.750245,1.36498e-09,-2.9418e-11,4.76904e-11,0,0,0,0,4.71483e-13,-2.06605e-11,6,0.0241544
2025-03-16 00:00:00+00:00,-3.8939e-11,0.750245,1.3538e-09,-6.41652e-11,9.3593e-12,0,0,0,0,1.38924e-12,-4.03272e-11,6,0.0239025
2025-03-17 00:00:00+00:00,-3.57315e-11,0.750245,1.414e-09,-1.18413e-10,-5.30237e-11,0,0,0,0,7.02162e-12,-4.27533e-11,6,0.0225351
2025-03-18 00:00:00+00:00,1.18128e-13,0.750245,1.39467e-09,-1.25364e-10,-4.31247e-11,0,0,0,0,1.39128e-13,-2.03821e-14,6,0.0224944
2025-03-19 00:00:00+00:00,6.08913e-12,0.750245,1.43962e-09,-1.22061e-10,-1.18335e-11,0,0,0,0,8.12594e-14,6.00954e-12,6,0.0230659
2025-03-20 00:00:00+00:00,1.13252e-11,0.750245,1.45019e-09,-1.2776e-10,1.7688e-11,0,0,0,0,9.92678e-14,1.12267e-11,6,0.023204
2025-03-21 00:00:00+00:00,1.72491e-11,0.750245,1.43034e-09,-9.64463e-11,7.24755e-11,0,0,0,0,4.95911e-14,1.72015e-11,6,0.0222531
2025-03-22 00:00:00+00:00,1.10785e-11,0.750245,1.44218e-09,-7.69621e-11,1.07613e-10,0,0,0,0,1.17713e-13,1.09643e-11,6,0.0199669
2025-03-23 00:00:00+00:00,2.50171e-11,0.750245,1.45186e-09,-6.0514e-11,1.32894e-10,0,0,0,0,2.63795e-13,2.47557e-11,6,0.0213411
2025-03-24 00:00:00+00:00,-1.94259e-11,0.750245,1.52088e-09,-5.89739e-11,1.55909e-10,0,0,0,0,6.90421e-14,-1.94937e-11,6,0.020851
2025-03-25 00:00:00+00:00,-3.12244e-11,0.750245,1.54161e-09,-9.6699e-11,7.28324e-11,0,0,0,0,1.98692e-13,-3.14225e-11,6,0.0206683
2025-03-26 00:00:00+00:00,-2.77244e-11,0.750245,1.54743e-09,-1.18011e-10,5.42195e-11,0,0,0,0,2.43223e-13,-2.7967e-11,6,0.0198784
2025-03-27 00:00:00+00:00,-3.30402e-12,0.750245,1.54e-09,-1.33038e-10,3.06199e-11,0,0,0,0,2.08812e-13,-3.51052e-12,6,0.0198448
2025-03-28 00:00:00+00:00,1.57689e-11,0.750245,1.44442e-09,-1.2933e-10,3.50218e-11,0,0,0,0,2.81248e-13,1.549e-11,6,0.0207809
2025-03-29 00:00:00+00:00,7.37987e-12,0.750245,1.36707e-09,-1.09155e-10,4.84611e-11,0,0,0,0,1.25859e-13,7.25701e-12,6,0.0206026
2025-03-30 00:00:00+00:00,-3.73157e-12,0.750245,1.34249e-09,-1.16811e-10,4.13658e-11,0,0,0,0,2.47562e-13,-3.98041e-12,6,0.0193929
2025-03-31 00:00:00+00:00,-8.78031e-12,0.750245,1.31376e-09,-1.24604e-10,5.19386e-11,0,0,0,0,1.30616e-13,-8.91011e-12,6,0.0186774
2025-04-01 00:00:00+00:00,-1.49152e-11,0.750245,1.34461e-09,-1.29456e-10,5.58512e-11,0,0,0,0,4.47639e-14,-1.4958e-11,6,0.0190827
2025-04-02 00:00:00+00:00,-9.14535e-12,0.750245,1.3021e-09,-1.44962e-10,2.70064e-11,0,0,0,0,9.33694e-14,-9.2382e-12,6,0.0191376
2025-04-03 00:00:00+00:00,-1.10724e-11,0.750245,1.24136e-09,-1.54999e-10,1.06543e-11,0,0,0,0,2.91885e-15,-1.1075e-11,6,0.0185735
2025-04-04 00:00:00+00:00,-2.93765e-13,0.750245,1.25284e-09,-1.64477e-10,9.55935e-12,0,0,0,0,2.68752e-14,-3.21338e-13,6,0.017784
2025-04-05 00:00:00+00:00,8.57048e-12,0.750245,1.25257e-09,-1.54081e-10,3.19244e-11,0,0,0,0,5.11944e-14,8.52131e-12,6,0.0180246
2025-04-06 00:00:00+00:00,-4.36928e-12,0.750245,1.19007e-09,-1.54154e-10,2.68683e-11,0,0,0,0,-2.21483e-14,-4.34522e-12,6,0.0185872
2025-04-07 00:00:00+00:00,8.83071e-13,0.750245,1.09865e-09,-1.59288e-10,1.047e-12,0,0,0,0,7.46565e-14,8.08624e-13,6,0.0175671
2025-04-08 00:00:00+00:00,-6.10134e-12,0.750245,1.10847e-09,-1.56901e-10,-6.41591e-12,0,0,0,0,1.6276e-13,-6.26356e-12,6,0.017586
2025-04-09 00:00:00+00:00,3.33822e-12,0.750245,1.11857e-09,-1.58475e-10,2.3687e-14,0,0,0,0,4.11624e-14,3.29974e-12,6,0.0176007
2025-04-10 00:00:00+00:00,-1.68986e-11,0.750245,1.17287e-09,-1.69784e-10,-8.47815e-12,0,0,0,0,7.68796e-14,-1.69753e-11,6,0.0191882
2025-04-11 00:00:00+00:00,-2.94287e-12,0.750245,1.19574e-09,-1.73781e-10,-6.52225e-12,0,0,0,0,1.37802e-13,-3.07965e-12,6,0.0178486
2025-04-12 00:00:00+00:00,3.3219e-11,0.750245,1.26009e-09,-1.6359e-10,2.05393e-11,0,0,0,0,2.35856e-13,3.29852e-11,6,0.0185352
2025-04-13 00:00:00+00:00,-8.96028e-12,0.750245,1.2791e-09,-1.52871e-10,4.27788e-11,0,0,0,0,1.45392e-13,-9.10475e-12,6,0.0200181
2025-04-14 00:00:00+00:00,-9.3191e-12,0.750245,1.25687e-09,-1.55381e-10,4.92198e-11,0,0,0,0,8.28702e-14,-9.39993e-12,6,0.0196541
2025-04-15 00:00:00+00:00,-7.27862e-12,0.750245,1.21854e-09,-1.68013e-10,3.19131e-11,0,0,0,0,1.38464e-13,-7.4155e-12,6,0.0212205
2025-04-16 00:00:00+00:00,5.81157e-12,0.750245,1.1733e-09,-1.72733e-10,2.11632e-11,0,0,0,0,1.46611e-13,5.66587e-12,6,0.0219463
2025-04-17 00:00:00+00:00,4.86367e-12,0.750245,1.18237e-09,-1.61883e-10,3.67039e-11,0,0,0,0,8.24646e-14,4.78448e-12,6,0.0218902
2025-04-18 00:00:00+00:00,5.34506e-12,0.750245,1.19804e-09,-1.57021e-10,4.94747e-11,0,0,0,0,1.72398e-13,5.17538e-12,6,0.0221073
2025-04-19 00:00:00+00:00,-2.00309e-11,0.750245,1.2189e-09,-1.6201e-10,4.46238e-11,0,0,0,0,1.80877e-13,-2.02111e-11,6,0.0224707
2025-04-20 00:00:00+00:00,-8.30447e-13,0.750245,1.25222e-09,-1.70244e-10,4.82237e-11,0,0,0,0,7.67871e-14,-9.04495e-13,6,0.0220126
2025-04-21 00:00:00+00:00,7.75158e-12,0.750245,1.27833e-09,-1.71147e-10,8.87999e-11,0,0,0,0,9.53798e-14,7.65946e-12,6,0.0215976
2025-04-22 00:00:00+00:00,2.53206e-11,0.750245,1.29934e-09,-1.57753e-10,1.2349e-10,0,0,0,0,3.51176e-14,2.5287e-11,6,0.0212171
2025-04-23 00:00:00+00:00,2.8785e-11,0.750245,1.43389e-09,-1.22035e-10,2.0128e-10,0,0,0,0,3.93779e-14,2.87491e-11,6,0.0214985
2025-04-24 00:00:00+00:00,-3.21896e-11,0.750245,1.43631e-09,-1.3525e-10,1.44482e-10,0,0,0,0,8.27975e-14,-3.22728e-11,6,0.0213516
2025-04-25 00:00:00+00:00,-3.56668e-11,0.750245,1.53574e-09,-1.50364e-10,1.25283e-10,0,0,0,0,2.13491e-14,-3.56871e-11,6,0.022414
2025-04-26 00:00:00+00:00,-7.83662e-11,0.750245,1.68226e-09,-2.23648e-10,9.16005e-11,0,0,0,0,-7.93179e-15,-7.83581e-11,6,0.0226633
2025-04-27 00:00:00+00:00,2.1769e-11,0.750245,1.67397e-09,-2.50158e-10,3.27338e-11,0,0,0,0,1.65402e-13,2.16065e-11,6,0.0222337
2025-04-28 00:00:00+00:00,8.42659e-13,0.750245,1.65069e-09,-2.32542e-10,1.68798e-11,0,0,0,0,3.6082e-13,4.83589e-13,6,0.0229247
2025-04-29 00:00:00+00:00,1.45031e-11,0.750245,1.63109e-09,-2.38018e-10,1.44507e-11,0,0,0,0,7.28809e-14,1.4432e-11,6,0.0235287
2025-04-30 00:00:00+00:00,-1.11685e-11,0.750245,1.6033e-09,-2.29081e-10,7.22626e-12,0,0,0,0,5.6408e-14,-1.12238e-11,6,0.0213169
2025-05-01 00:00:00+00:00,5.55009e-11,0.750245,1.62419e-09,-1.84276e-10,6.53813e-11,0,0,0,0,-2.67015e-13,5.57706e-11,6,0.0212424
2025-05-02 00:00:00+00:00,3.20133e-11,0.750245,1.60191e-09,-1.65352e-10,9.00396e-11,0,0,0,0,-1.829e-13,3.21989e-11,6,0.0217838
2025-05-03 00:00:00+00:00,1.18272e-11,0.750245,1.56284e-09,-1.51028e-10,1.07363e-10,0,0,0,0,3.45883e-13,1.1482e-11,6,0.0222984
2025-05-04 00:00:00+00:00,-5.40457e-12,0.750245,1.50931e-09,-1.41693e-10,1.07208e-10,0,0,0,0,1.2587e-13,-5.53051e-12,6,0.0235149
2025-05-05 00:00:00+00:00,4.47173e-11,0.750245,1.48914e-09,-1.23295e-10,1.08187e-10,0,0,0,0,-1.50947e-13,4.48704e-11,6,0.0234644
2025-05-06 00:00:00+00:00,-2.87802e-11,0.750245,1.45567e-09,-1.21709e-10,1.12245e-10,0,0,0,0,-3.91913e-14,-2.87405e-11,6,0.0228355
2025-05-07 00:00:00+00:00,-5.69889e-12,0.750245,1.49997e-09,-1.397e-10,1.23353e-10,0,0,0,0,-6.39053e-14,-5.63445e-12,6,0.023266
2025-05-08 00:00:00+00:00,5.75133e-11,0.750245,1.62304e-09,-1.06813e-10,1.60099e-10,0,0,0,0,-9.92277e-14,5.76142e-11,6,0.023271
2025-05-09 00:00:00+00:00,4.48996e-11,0.750245,1.81773e-09,-7.00304e-11,2.56282e-10,0,0,0,0,2.95962e-14,4.4871e-11,6,0.0226494
2025-05-10 00:00:00+00:00,5.93869e-11,0.750245,1.31141e-09,-1.33767e-10,2.47318e-11,1.0102e-09,3.23265e-13,4.04081e-14,2.60004e-17,2.52506e-14,5.9729e-11,4.70833,0.0225029
2025-05-11 00:00:00+00:00,3.51963e-12,0.750245,9.66938e-10,-1.98719e-10,-1.81101e-10,0,0,0,0,4.06278e-14,3.48059e-12,4,0.0238178
2025-05-12 00:00:00+00:00,-1.32513e-11,0.750245,9.84098e-10,-1.94187e-10,-1.66717e-10,0,0,0,0,3.98767e-14,-1.32895e-11,4,0.0236934
2025-05-13 00:00:00+00:00,-2.72811e-11,0.750245,9.72379e-10,-2.10774e-10,-1.71703e-10,0,0,0,0,1.24735e-13,-2.74033e-11,4,0.0244327
2025-05-14 00:00:00+00:00,-1.2185e-11,0.750245,9.84331e-10,-1.89872e-10,-1.92639e-10,2.11192e-09,6.75814e-13,8.44768e-14,4.52045e-18,5.22743e-14,-1.1475e-11,4.01042,0.0267806
2025-05-15 00:00:00+00:00,3.14648e-11,0.750245,8.06435e-10,1.70788e-10,-8.83108e-11,2.64738e-09,8.4716e-13,1.05895e-13,4.80988e-17,-1.33423e-13,3.25524e-11,4,0.0294013
2025-05-16 00:00:00+00:00,1.7945e-11,0.750245,1.01117e-09,1.76254e-10,5.50856e-11,0,0,0,0,-2.26813e-15,1.79489e-11,4,0.029604
2025-05-17 00:00:00+00:00,2.22651e-11,0.750245,9.27728e-10,1.30413e-10,-8.50657e-11,8.61363e-09,2.75636e-12,3.44545e-13,9.55998e-17,5.18847e-13,2.48495e-11,3.98958,0.0297516
2025-05-18 00:00:00+00:00,-2.07281e-11,0.750245,7.73516e-10,1.7128e-10,-1.3581e-10,0,0,0,0,-4.23879e-15,-2.07235e-11,3,0.0288109
2025-05-19 00:00:00+00:00,5.68967e-12,0.750245,1.34623e-09,2.69974e-10,-1.82172e-10,2.33063e-09,7.45801e-13,9.32252e-14,3.7016e-17,7.70003e-15,6.52344e-12,5.40625,0.0289859
2025-05-20 00:00:00+00:00,1.93408e-11,0.750245,7.69782e-10,2.43608e-11,1.38246e-11,4.17282e-09,1.3353e-12,1.66913e-13,8.6378e-17,-4.21655e-14,2.08895e-11,4.52083,0.0284187
2025-05-21 00:00:00+00:00,-1.16558e-11,0.750245,7.74848e-10,-3.55675e-11,2.4204e-11,7.58988e-09,2.42876e-12,3.03595e-13,4.76962e-17,1.5676e-13,-9.07928e-12,4.84375,0.0296705
2025-05-22 00:00:00+00:00,-7.59219e-11,0.750245,1.87813e-09,1.40485e-10,-1.64793e-10,2.26009e-08,7.2323e-12,9.04037e-13,1.97227e-16,7.04134e-13,-6.84864e-11,6.10417,0.031018
2025-05-23 00:00:00+00:00,-1.23015e-11,0.750245,1.96048e-09,3.30291e-10,-9.38386e-11,1.25525e-08,4.01681e-12,5.02102e-13,1.46221e-16,-9.01965e-14,-7.69269e-12,7.88542,0.0299347
2025-05-24 00:00:00+00:00,-9.20327e-11,0.750245,1.55409e-09,-1.75793e-10,-8.05749e-11,6.45718e-09,2.0663e-12,2.58287e-13,8.25634e-17,-3.05137e-14,-8.96759e-11,6.09375,0.0298276
2025-05-25 00:00:00+00:00,3.76301e-11,0.750245,1.45005e-09,-1.09583e-10,-1.33418e-10,0,0,0,0,-1.60143e-12,3.92325e-11,5,0.029936
2025-05-26 00:00:00+00:00,-1.1425e-11,0.750245,1.722e-09,-1.3716e-11,-7.6674e-11,2.2717e-09,7.26943e-13,9.08679e-14,2.40623e-17,3.52827e-13,-1.09606e-11,6.59375,0.0305422
2025-05-27 00:00:00+00:00,-9.60176e-12,0.750245,1.41397e-09,-8.26534e-11,-7.89633e-11,1.03434e-09,3.30988e-13,4.13735e-14,8.27785e-18,-3.12737e-14,-9.19623e-12,4.59375,0.0307409
2025-05-28 00:00:00+00:00,6.28519e-12,0.750245,1.40595e-09,-1.36658e-10,-3.46942e-11,1.24556e-09,3.98578e-13,4.98222e-14,1.07328e-17,-2.15418e-14,6.75566e-12,4.38542,0.031554
2025-05-29 00:00:00+00:00,1.82216e-11,0.750245,1.53107e-09,1.13714e-11,-4.32139e-12,1.51253e-08,4.84009e-12,6.05011e-13,2.33467e-16,3.6024e-13,2.33076e-11,5.34375,0.0324048
2025-05-30 00:00:00+00:00,6.86649e-11,0.750245,1.6358e-09,-4.31413e-11,-4.58356e-11,1.10308e-08,3.52985e-12,7.44425e-13,3.08754e-16,5.27049e-13,7.24149e-11,6.76042,0.0328346
2025-05-31 00:00:00+00:00,4.90519e-12,0.750245,1.48557e-09,4.95209e-11,-1.0881e-10,4.03245e-09,1.29038e-12,5.91199e-13,3.47218e-17,-5.61043e-13,7.34938e-12,4.70833,0.0328023
2025-06-01 00:00:00+00:00,3.05798e-11,0.750245,1.26702e-09,-1.69065e-11,-2.81617e-11,5.76398e-09,1.84447e-12,5.8601e-13,5.25536e-17,-3.16872e-14,3.30437e-11,3.48958,0.0327677
2025-06-02 00:00:00+00:00,1.85567e-11,0.750245,6.1741e-10,5.51108e-11,3.15978e-12,1.16564e-09,3.73003e-13,4.66254e-14,1.04142e-17,-5.7488e-14,1.90365e-11,2.03125,0.0327704
2025-06-03 00:00:00+00:00,1.18539e-11,0.750245,9.65121e-10,-1.35063e-10,-2.13411e-10,5.55742e-09,1.77838e-12,2.22297e-13,1.13464e-16,1.37512e-14,1.38441e-11,3.17708,0.0323016
2025-06-04 00:00:00+00:00,-4.00681e-11,0.750245,9.54113e-10,1.49602e-10,8.62975e-11,3.62344e-09,1.1595e-12,1.44938e-13,6.70324e-17,-1.25908e-12,-3.75035e-11,6.10417,0.0318955
2025-06-05 00:00:00+00:00,-6.61721e-11,0.750245,1.33309e-09,-8.0162e-12,-1.21394e-10,1.50029e-08,4.80092e-12,8.57858e-13,1.93046e-16,-6.30441e-13,-5.98796e-11,5.63542,0.0319256
2025-06-06 00:00:00+00:00,2.39377e-11,0.750245,2.00246e-09,-5.11426e-11,-1.96991e-10,6.22016e-09,1.99045e-12,4.99319e-13,1.56401e-16,3.73049e-13,2.6056e-11,6.39583,0.0319219
2025-06-07 00:00:00+00:00,4.37845e-11,0.750245,1.24302e-09,-1.44449e-10,-1.28864e-10,1.00151e-09,3.20485e-13,4.00606e-14,2.72021e-17,2.41998e-13,4.39049e-11,3.40625,0.0308642
2025-06-08 00:00:00+00:00,8.75322e-12,0.750245,1.3516e-09,-1.72015e-10,-9.35058e-11,0,0,0,0,1.2522e-13,8.62958e-12,5,0.0302333
2025-06-09 00:00:00+00:00,8.03491e-12,0.750245,1.45972e-09,-1.79867e-10,-9.63243e-11,1.02334e-09,3.27469e-13,4.09336e-14,2.4539e-17,8.25853e-13,7.57962e-12,5.0625,0.0310412
2025-06-10 00:00:00+00:00,1.06552e-10,0.750245,1.34013e-09,-2.21571e-10,-2.11611e-10,1.40925e-08,4.50961e-12,5.63701e-13,2.40528e-16,1.3941e-12,1.10233e-10,5.19792,0.0307252
2025-06-11 00:00:00+00:00,9.64195e-11,0.750245,1.85821e-09,-1.71478e-10,-1.30733e-10,4.48933e-08,1.43659e-11,2.00121e-12,6.81256e-16,-4.74873e-12,1.17539e-10,5.25,0.0319412
2025-06-12 00:00:00+00:00,-2.59576e-11,0.750245,1.84384e-09,-8.07179e-11,-6.02761e-11,1.32448e-08,4.23833e-12,7.26463e-13,2.59137e-16,-7.6557e-13,-2.02244e-11,5.66667,0.0318462
2025-06-13 00:00:00+00:00,-2.00816e-11,0.750245,2.13546e-09,-3.50456e-11,-8.06006e-11,3.02148e-08,9.66872e-12,1.20859e-12,5.74714e-16,-2.74919e-13,-8.92769e-12,5.57292,0.0319319
2025-06-14 00:00:00+00:00,-1.34487e-11,0.750245,1.23708e-09,-1.08625e-10,-1.37513e-10,1.10429e-08,3.53372e-12,8.55327e-13,2.08993e-16,-2.40694e-13,-8.81866e-12,5.0625,0.0320694
2025-06-15 00:00:00+00:00,3.31974e-11,0.750245,1.30902e-09,-1.77268e-10,-1.52955e-10,2.04263e-08,6.53643e-12,1.06344e-12,2.76409e-16,1.32379e-14,4.07868e-11,4.40625,0.0327173
2025-06-16 00:00:00+00:00,5.08911e-11,0.750245,1.66706e-09,-5.04713e-11,-1.31716e-10,2.25979e-08,7.23132e-12,1.62749e-12,3.69995e-16,4.671e-12,5.50814e-11,5.34375,0.0334549
2025-06-17 00:00:00+00:00,9.26206e-11,0.750245,2.246e-09,-9.50712e-11,-9.50945e-11,5.12355e-08,1.63954e-11,2.68317e-12,1.08351e-15,4.59854e-13,1.11243e-10,5.84375,0.0343559
2025-06-18 00:00:00+00:00,-3.12075e-11,0.750245,1.95475e-09,-1.95468e-12,-1.19987e-10,5.01652e-08,1.60529e-11,2.76717e-12,8.72012e-16,-4.32717e-14,-1.23419e-11,4.54167,0.0353269
2025-06-19 00:00:00+00:00,8.79512e-11,0.750245,1.45499e-09,-2.64069e-11,-8.26866e-11,2.58952e-08,8.28646e-12,2.833e-12,6.08329e-16,2.72885e-13,9.88016e-11,4.1875,0.0347557
2025-06-20 00:00:00+00:00,1.50629e-10,0.750245,1.42167e-09,-8.06336e-11,-1.25791e-10,5.11558e-08,1.63698e-11,5.28015e-12,8.43309e-16,-1.35322e-13,1.72416e-10,3.32292,0.0356215
2025-06-21 00:00:00+00:00,-4.53435e-11,0.750245,2.34968e-09,-1.51753e-10,-1.7972e-10,5.8251e-08,1.86403e-11,3.59623e-12,1.2333e-15,-5.95502e-14,-2.30452e-11,5.69792,0.0363569
2025-06-22 00:00:00+00:00,5.85201e-11,0.750245,2.5896e-09,1.40549e-10,-2.94703e-11,8.28372e-08,2.65079e-11,3.94009e-12,1.74864e-15,-6.31302e-13,8.96027e-11,5.66667,0.0358905
2025-06-23 00:00:00+00:00,1.73942e-10,0.750245,3.0482e-09,1.60629e-10,-1.17396e-10,1.064e-07,3.4048e-11,7.38401e-12,2.47295e-15,6.24835e-12,2.09129e-10,6.65625,0.0369084
2025-06-24 00:00:00+00:00,-2.37076e-11,0.750245,2.85225e-09,1.67814e-10,-9.18004e-11,1.10204e-07,3.52651e-11,7.602e-12,2.6277e-15,6.01604e-13,1.85632e-11,6.25,0.0365653
2025-06-25 00:00:00+00:00,-6.0939e-12,0.750245,3.1446e-09,-1.74804e-10,-1.30191e-10,1.22348e-07,3.91514e-11,1.13875e-11,2.66356e-15,3.6736e-12,4.07753e-11,6.44792,0.037681
2025-06-26 00:00:00+00:00,-7.00092e-11,0.750245,3.02955e-09,-1.36433e-10,-1.30134e-10,1.1725e-07,3.75199e-11,5.68614e-12,2.55189e-15,2.49972e-13,-2.70478e-11,6.19792,0.0379389
2025-06-27 00:00:00+00:00,-1.40495e-10,0.750245,2.98737e-09,-3.23623e-10,-2.3836e-10,1.21085e-07,3.87472e-11,5.43715e-12,2.32825e-15,-3.60283e-12,-9.27044e-11,5.69792,0.037538
2025-06-28 00:00:00+00:00,1.8529e-11,0.750245,2.01258e-09,-1.47969e-10,-2.78163e-10,4.05675e-08,1.29816e-11,2.0453e-12,9.00338e-16,6.92621e-13,3.28675e-11,5.42708,0.0363824
2025-06-29 00:00:00+00:00,9.56879e-12,0.750245,1.95452e-09,-3.34791e-10,-3.47173e-10,4.21069e-08,1.34742e-11,2.45696e-12,8.87869e-16,-2.34965e-12,2.78523e-11,5.09375,0.0357247
2025-06-30 00:00:00+00:00,6.17255e-11,0.750245,2.63059e-09,-2.94169e-11,-1.54915e-10,6.38245e-08,2.04239e-11,3.71588e-12,1.49807e-15,2.9701e-12,8.28978e-11,6.08333,0.035162
2025-07-01 00:00:00+00:00,-6.39351e-11,0.750245,2.46882e-09,-3.38435e-10,-1.99053e-10,7.7574e-08,2.48237e-11,4.20538e-12,1.81476e-15,-2.22037e-12,-3.2683e-11,5.29167,0.0349575
2025-07-02 00:00:00+00:00,-8.78986e-11,0.750245,1.86611e-09,2.15613e-11,-2.60884e-10,5.05264e-08,1.61685e-11,3.40511e-12,1.1496e-15,4.11823e-13,-6.8733e-11,4.19792,0.0343357
2025-07-03 00:00:00+00:00,-4.8137e-12,0.750245,1.71465e-09,-9.58208e-11,-3.02115e-10,2.76403e-08,8.84489e-12,1.5158e-12,3.00197e-16,-1.20119e-11,1.75602e-11,5.76042,0.0336105
2025-07-04 00:00:00+00:00,4.35962e-12,0.750245,1.43825e-09,8.41995e-12,-5.18871e-11,2.93384e-08,9.38827e-12,2.24468e-12,4.12099e-16,-1.65204e-11,3.25158e-11,4.21875,0.034689
2025-07-05 00:00:00+00:00,-4.8244e-11,0.750245,9.67397e-10,5.94517e-12,-8.18025e-11,8.91637e-09,2.85324e-12,1.02975e-12,2.21174e-16,-1.16633e-11,-3.26955e-11,3.3125,0.0355151
2025-07-06 00:00:00+00:00,-2.57234e-11,0.750245,9.23695e-10,-2.26307e-10,-2.86488e-10,2.3519e-08,7.52608e-12,1.74308e-12,3.2182e-16,-4.4324e-13,-1.60103e-11,3.15625,0.0363001
2025-07-07 00:00:00+00:00,-4.83134e-11,0.750245,2.05914e-09,-4.68469e-10,-3.33321e-10,2.77861e-08,8.89154e-12,2.36398e-12,4.11176e-16,8.24505e-13,-3.78806e-11,4.71875,0.0372941
2025-07-08 00:00:00+00:00,-1.5872e-10,0.750245,1.67979e-09,-6.16766e-10,-3.51106e-10,3.29107e-08,1.05314e-11,2.36086e-12,6.4701e-16,1.85283e-13,-1.46011e-10,4.23958,0.0380925
2025-07-09 00:00:00+00:00,6.53155e-11,0.750245,1.79606e-09,-1.96006e-10,-2.46527e-10,3.36606e-08,1.07714e-11,2.99099e-12,7.12564e-16,5.07516e-13,7.85731e-11,4.15625,0.0380491
2025-07-10 00:00:00+00:00,-2.53125e-10,0.750245,1.94206e-09,-4.49309e-10,-4.32157e-10,3.70958e-08,1.18707e-11,3.42257e-12,7.65661e-16,-2.31922e-12,-2.35513e-10,6.40625,0.0374348
2025-07-11 00:00:00+00:00,-2.16258e-10,0.750245,2.71405e-09,-2.27264e-10,-4.49288e-10,3.73338e-08,1.19468e-11,2.75288e-12,7.78804e-16,-5.01367e-13,-2.01055e-10,7.97917,0.0362835
2025-07-12 00:00:00+00:00,-8.37156e-11,0.750245,1.82181e-09,1.52099e-10,-7.45172e-11,1.87694e-08,6.00622e-12,7.50778e-13,2.26565e-16,-2.24601e-12,-7.47132e-11,6.70833,0.0360429
2025-07-13 00:00:00+00:00,-8.34561e-11,0.750245,9.85216e-10,-1.3763e-10,8.24689e-12,1.09665e-08,3.50927e-12,4.51909e-13,4.68394e-16,7.10072e-13,-8.02046e-11,3.86458,0.0357696
2025-07-14 00:00:00+00:00,5.15599e-11,0.750245,2.03257e-09,1.14499e-11,-1.28859e-10,1.95314e-08,6.25004e-12,1.06239e-12,2.17283e-16,5.18135e-13,5.83568e-11,7.58333,0.0359439
2025-07-15 00:00:00+00:00,5.72555e-11,0.750245,1.76871e-09,-1.07959e-10,-1.90685e-10,1.0304e-08,3.29729e-12,6.50524e-13,2.63283e-16,4.92374e-13,6.07135e-11,6.58333,0.0349183
2025-07-16 00:00:00+00:00,-2.23066e-12,0.750245,1.63964e-09,1.08069e-10,-9.80512e-11,1.99527e-08,6.38487e-12,1.87934e-12,3.2925e-16,6.16819e-14,5.97422e-12,6.94792,0.0348187
2025-07-17 00:00:00+00:00,-2.4278e-11,0.750245,1.92102e-09,7.67218e-11,-1.21228e-10,2.6188e-08,8.38017e-12,1.10446e-12,2.49019e-16,2.43022e-13,-1.50345e-11,6.97917,0.0336701
2025-07-18 00:00:00+00:00,3.10039e-11,0.750245,2.79714e-09,-1.92313e-10,-1.38741e-10,3.61113e-08,1.15556e-11,2.11432e-12,6.68723e-16,5.69644e-13,4.41069e-11,8.23958,0.0333052
2025-07-19 00:00:00+00:00,-1.73279e-11,0.750245,2.31635e-09,2.82562e-10,-1.24853e-10,1.69718e-08,5.43096e-12,1.16782e-12,3.18892e-16,-4.34268e-13,-1.02929e-11,8.66667,0.0336403
2025-07-20 00:00:00+00:00,1.36041e-10,0.750245,2.25462e-09,-5.86669e-11,-1.58088e-10,2.94025e-08,9.40881e-12,1.1761e-12,4.1699e-16,-6.38406e-14,1.46691e-10,8.16667,0.0337379
2025-07-21 00:00:00+00:00,-5.74046e-11,0.750245,2.50179e-09,2.32603e-10,-1.04478e-10,2.21588e-08,7.0908e-12,8.8635e-13,2.72754e-16,3.86671e-13,-4.98131e-11,8.60417,0.0338637
2025-07-22 00:00:00+00:00,3.21101e-11,0.750245,3.00319e-09,1.27192e-10,-1.03692e-10,4.83091e-08,1.54589e-11,2.00999e-12,7.51774e-16,-2.9491e-14,4.96116e-11,9.76042,0.0341292
2025-07-23 00:00:00+00:00,-1.01026e-10,0.750245,2.50568e-09,-5.17267e-11,-1.58039e-10,1.91938e-08,6.14201e-12,7.67751e-13,2.60571e-16,-3.44808e-12,-9.06689e-11,8.91667,0.0342277
2025-07-24 00:00:00+00:00,1.58447e-11,0.750245,2.29999e-09,2.54668e-10,-1.19851e-10,2.20072e-08,7.04232e-12,8.8029e-13,1.2713e-16,-1.22255e-12,2.49921e-11,8.0625,0.0342348
2025-07-25 00:00:00+00:00,-1.38816e-10,0.750245,2.51598e-09,2.70418e-10,-1.3142e-10,7.73368e-09,2.47478e-12,3.09347e-13,1.33586e-16,-1.40484e-12,-1.34628e-10,8.64583,0.0323743
2025-07-26 00:00:00+00:00,-1.3197e-11,0.750245,2.71807e-09,4.77476e-10,-1.60165e-10,0,0,0,0,-1.02356e-13,-1.30925e-11,10,0.0315876
2025-07-27 00:00:00+00:00,-3.8237e-11,0.750245,1.59229e-09,-2.10859e-10,-1.73194e-10,7.57605e-09,2.42434e-12,3.03042e-13,6.91724e-17,2.14403e-13,-3.57224e-11,6.66667,0.0322731
2025-07-28 00:00:00+00:00,5.26184e-11,0.750245,1.21441e-09,2.51072e-11,-1.45255e-10,4.0117e-09,1.28374e-12,1.60468e-13,4.7728e-17,4.224e-13,5.36419e-11,4.16667,0.0329426
2025-07-29 00:00:00+00:00,-3.44342e-11,0.750245,1.04414e-09,-8.57535e-11,-2.05832e-10,2.16493e-09,6.92779e-13,8.65973e-14,5.24992e-17,5.89588e-13,-3.42431e-11,3.54167,0.0330521
2025-07-30 00:00:00+00:00,-6.20626e-12,0.750245,1.14898e-09,-2.31429e-10,-2.71197e-10,2.19861e-09,7.03555e-13,8.79444e-14,3.60755e-17,4.60642e-13,-5.87438e-12,4.04167,0.0342366
2025-07-31 00:00:00+00:00,2.06917e-11,0.750245,1.38246e-09,2.51337e-11,-2.13471e-10,0,0,0,0,2.68143e-13,2.04244e-11,5,0.033739
2025-08-01 00:00:00+00:00,-1.54956e-11,0.750245,1.23747e-09,-7.9525e-11,-1.34549e-10,1.05172e-08,3.3655e-12,4.49637e-13,6.10041e-17,5.3668e-13,-1.22168e-11,5.60417,0.0343913
2025-08-02 00:00:00+00:00,2.67364e-11,0.750245,1.6141e-09,-2.20631e-11,2.52666e-11,1.53347e-08,4.90711e-12,6.34118e-13,1.24507e-16,-2.58306e-14,3.23056e-11,4.5,0.0345796
2025-08-03 00:00:00+00:00,-2.71287e-11,0.750245,1.70319e-09,1.81035e-10,1.43151e-10,0,0,0,0,-5.91356e-13,-2.65368e-11,5,0.0346331
2025-08-04 00:00:00+00:00,-1.30886e-11,0.750245,1.68088e-09,-5.22218e-11,-1.44958e-12,6.94301e-09,2.22176e-12,2.7772e-13,1.02494e-16,9.21805e-14,-1.06811e-11,5.57292,0.0352062
2025-08-05 00:00:00+00:00,2.62295e-11,0.750245,1.92629e-09,1.86204e-11,-9.94659e-11,1.36792e-08,4.37734e-12,5.47167e-13,1.79126e-16,3.95647e-13,3.07604e-11,6.83333,0.03575
2025-08-06 00:00:00+00:00,9.63878e-11,0.750245,1.99577e-09,1.94623e-10,-6.85988e-11,1.18248e-08,3.78393e-12,4.72991e-13,1.24672e-16,-1.29567e-13,1.00776e-10,6.33333,0.037373
2025-08-07 00:00:00+00:00,-1.94119e-11,0.750245,2.08042e-09,-2.89047e-11,-1.69818e-10,2.63271e-08,8.42466e-12,1.05308e-12,2.35701e-16,-9.88386e-16,-9.93111e-12,6.59375,0.0380256
2025-08-08 00:00:00+00:00,6.67231e-11,0.750245,2.34634e-09,4.23088e-11,-1.03849e-10,4.80511e-08,1.53763e-11,3.30718e-12,5.56375e-16,4.58895e-13,8.49505e-11,7.125,0.0378693
2025-08-09 00:00:00+00:00,-7.9592e-11,0.750245,2.45877e-09,1.59418e-10,-1.32448e-10,3.04651e-08,9.74882e-12,1.82787e-12,2.52384e-16,4.07083e-13,-6.84218e-11,7.65625,0.0371465
2025-08-10 00:00:00+00:00,5.2949e-11,0.750245,2.75512e-09,1.43451e-10,-1.56075e-10,4.54021e-08,1.45287e-11,2.21169e-12,5.23548e-16,-4.58058e-14,6.97388e-11,8.14583,0.0376617
2025-08-11 00:00:00+00:00,-9.45625e-11,0.750245,2.94129e-09,-1.28506e-10,-1.25739e-10,5.63743e-08,1.80398e-11,2.54294e-12,6.38876e-16,1.56708e-12,-7.55453e-11,7.97917,0.0380008
2025-08-12 00:00:00+00:00,2.48275e-11,0.750245,2.68357e-09,-2.19586e-10,-1.11009e-10,4.7432e-08,1.51782e-11,2.49848e-12,5.70786e-16,5.04597e-13,4.20008e-11,8.29167,0.0376235
2025-08-13 00:00:00+00:00,1.21009e-10,0.750245,3.12271e-09,1.42129e-10,-1.59429e-10,5.71974e-08,1.83032e-11,4.51099e-12,9.16772e-16,1.1616e-13,1.4371e-10,7.57292,0.0376241
2025-08-14 00:00:00+00:00,1.18043e-10,0.750245,3.07064e-09,5.46833e-11,-1.0753e-10,7.0309e-08,2.24989e-11,9.33791e-12,7.96484e-16,1.25826e-13,1.49757e-10,7.9375,0.0386261
2025-08-15 00:00:00+00:00,1.02363e-12,0.750245,2.14464e-09,-1.84201e-12,-1.19364e-10,3.96934e-08,1.27019e-11,5.12807e-12,5.40034e-16,1.66607e-13,1.86896e-11,6.08333,0.040141
2025-08-16 00:00:00+00:00,2.42253e-11,0.750245,1.94822e-09,1.10512e-10,-6.22883e-11,3.22931e-08,1.03338e-11,3.31003e-12,3.64532e-16,3.77796e-14,3.78336e-11,4.1875,0.040853
2025-08-17 00:00:00+00:00,-4.0227e-11,0.750245,1.63537e-09,-7.78338e-11,-2.11928e-10,1.97488e-08,6.31961e-12,2.79069e-12,2.24003e-16,6.1074e-13,-3.17266e-11,3.16667,0.0410153
2025-08-18 00:00:00+00:00,6.58842e-11,0.750245,2.01135e-09,-3.62166e-10,-2.75987e-10,3.59931e-08,1.15178e-11,3.68267e-12,6.36725e-16,2.5176e-12,7.85703e-11,5.375,0.0410527
2025-08-19 00:00:00+00:00,1.06211e-10,0.750245,1.74067e-09,-3.05487e-10,-2.59595e-10,4.2231e-08,1.35139e-11,5.63511e-12,1.24528e-15,1.05844e-13,1.25257e-10,4.96875,0.0415595
2025-08-20 00:00:00+00:00,1.35223e-10,0.750245,2.02364e-09,-1.76901e-10,-2.77268e-10,4.49482e-08,1.43834e-11,4.70934e-12,8.2265e-16,1.14008e-13,1.54205e-10,4.85417,0.0416752
2025-08-21 00:00:00+00:00,-1.33863e-11,0.750245,2.76096e-09,-2.77719e-11,-1.44439e-10,9.18619e-08,2.93958e-11,6.14414e-12,1.1534e-15,1.05457e-12,2.11015e-11,6.20833,0.0419181
2025-08-22 00:00:00+00:00,-1.00919e-11,0.750245,3.38973e-09,1.41513e-11,-1.65696e-10,1.0318e-07,3.30176e-11,8.32398e-12,1.62357e-15,2.18566e-13,3.10343e-11,7.52083,0.0423544
2025-08-23 00:00:00+00:00,-1.23338e-11,0.750245,3.40374e-09,2.30731e-10,-1.1299e-10,1.08392e-07,3.46855e-11,1.04998e-11,1.44348e-15,6.59963e-14,3.27882e-11,6.67708,0.0413223
2025-08-24 00:00:00+00:00,-3.26816e-12,0.750245,2.24139e-09,-1.30089e-10,-1.31574e-10,5.58844e-08,1.7883e-11,6.15098e-12,6.69325e-16,3.54976e-13,2.04131e-11,5.23958,0.0410137
2025-08-25 00:00:00+00:00,-1.79949e-10,0.750245,2.42858e-09,-2.98408e-10,-1.7968e-10,4.66682e-08,1.49338e-11,4.17482e-12,1.1748e-15,4.58466e-12,-1.65423e-10,6.13542,0.0402322
2025-08-26 00:00:00+00:00,1.29137e-10,0.750245,2.34516e-09,-4.44539e-10,-3.06508e-10,5.18653e-08,1.65969e-11,6.35384e-12,1.5769e-15,-2.44508e-12,1.54537e-10,5.82292,0.0399246
2025-08-27 00:00:00+00:00,1.89255e-11,0.750245,1.96185e-09,-3.45852e-10,-2.99318e-10,1.75159e-08,5.60508e-12,2.23428e-12,4.16706e-16,3.84521e-12,2.29207e-11,6.23958,0.0396162
2025-08-28 00:00:00+00:00,3.92786e-11,0.750245,1.14107e-09,-4.28113e-10,-3.55231e-10,1.62392e-08,5.19653e-12,4.84089e-12,3.60166e-16,2.36133e-12,4.69571e-11,4.69792,0.0394515
2025-08-29 00:00:00+00:00,-1.08804e-11,0.750245,1.67158e-09,-3.84565e-10,-3.30041e-10,3.30636e-08,1.05804e-11,3.31544e-12,7.20102e-16,-6.01369e-14,3.07767e-12,4.875,0.0381412
2025-08-30 00:00:00+00:00,7.20801e-12,0.750245,1.69699e-09,-1.67346e-11,-9.78095e-11,2.13124e-08,6.81996e-12,1.85797e-12,2.51974e-16,1.66042e-12,1.42283e-11,7.19792,0.037555
2025-08-31 00:00:00+00:00,9.6062e-11,0.750245,2.45704e-09,-2.39263e-10,-2.71875e-10,5.8001e-08,1.85603e-11,4.50775e-12,1.0039e-15,1.70634e-12,1.17426e-10,5.82292,0.0387454
2025-09-01 00:00:00+00:00,-5.28249e-11,0.750245,2.32673e-09,-2.60577e-11,-8.85233e-11,4.96265e-08,1.58805e-11,5.69814e-12,9.55213e-16,-3.62245e-13,-3.08832e-11,5.72917,0.0391787
2025-09-02 00:00:00+00:00,-1.26501e-10,0.750245,2.68731e-09,-3.18624e-11,-1.81809e-10,5.59091e-08,1.78909e-11,4.75805e-12,8.55168e-16,1.92831e-12,-1.05779e-10,6.83333,0.0395434
2025-09-03 00:00:00+00:00,9.20177e-11,0.750245,2.61124e-09,7.28657e-12,-2.11815e-10,7.31354e-08,2.34033e-11,4.90549e-12,8.58139e-16,3.71183e-13,1.19958e-10,6.1875,0.0395533
2025-09-04 00:00:00+00:00,2.24765e-11,0.750245,2.73813e-09,-9.67947e-11,-2.19861e-10,8.03113e-08,2.56996e-11,5.00589e-12,1.22922e-15,3.0462e-13,5.28813e-11,5.88542,0.0398233
2025-09-05 00:00:00+00:00,5.40457e-13,0.750245,2.42477e-09,-2.20506e-10,-2.97328e-10,4.45927e-08,1.42697e-11,2.5475e-12,6.8595e-16,-4.44758e-12,2.18067e-11,5.625,0.0389804
2025-09-06 00:00:00+00:00,-8.23662e-11,0.750245,2.0376e-09,-2.37722e-10,-3.55043e-10,2.6893e-08,8.60576e-12,1.57653e-12,5.17319e-16,-3.02007e-12,-6.91647e-11,5.78125,0.0372237
2025-09-07 00:00:00+00:00,-3.18816e-10,0.750245,1.29292e-09,-3.37513e-10,-2.32292e-10,1.47335e-08,4.71471e-12,1.29442e-12,2.10753e-16,3.90132e-12,-3.16707e-10,4.82292,0.0356887
2025-09-08 00:00:00+00:00,9.98615e-11,0.750245,1.5016e-09,-1.02852e-10,-2.38397e-10,7.71617e-09,2.46918e-12,3.08647e-13,1.05372e-16,4.66067e-12,9.79788e-11,6.57292,0.0324253
2025-09-09 00:00:00+00:00,1.15461e-10,0.750245,1.95327e-09,-3.85076e-10,-3.65163e-10,2.8066e-08,8.98112e-12,1.34052e-12,5.01121e-16,9.53264e-13,1.24832e-10,6.54167,0.0317394
2025-09-10 00:00:00+00:00,2.07319e-11,0.750245,2.40294e-09,-2.72849e-10,-2.11685e-10,3.79424e-08,1.21416e-11,1.83316e-12,4.9659e-16,1.34609e-11,2.12472e-11,7.95833,0.0323599
2025-09-11 00:00:00+00:00,8.61133e-12,0.750245,2.6806e-09,-3.84992e-10,-2.23069e-10,4.03585e-08,1.29147e-11,2.92236e-12,5.6306e-16,1.31012e-11,1.13479e-11,8.26042,0.0342061
2025-09-12 00:00:00+00:00,-9.32422e-11,0.750245,2.6366e-09,1.48036e-10,-2.68245e-10,1.28337e-08,4.10679e-12,8.88827e-13,2.06428e-16,-7.98809e-12,-8.02578e-11,8.98958,0.034832
2025-09-13 00:00:00+00:00,-9.42524e-12,0.750245,2.39535e-09,-1.59085e-10,-2.91177e-10,2.61283e-08,8.36107e-12,1.90727e-12,3.00944e-16,-3.13571e-13,1.15705e-12,8.09375,0.0342759
2025-09-14 00:00:00+00:00,4.16702e-11,0.750245,2.30811e-09,-1.31229e-10,-2.95377e-10,2.03101e-08,6.49924e-12,1.55992e-12,2.75105e-16,8.99248e-14,4.96418e-11,7.04167,0.0336595
2025-09-15 00:00:00+00:00,2.53528e-11,0.750245,2.28341e-09,-2.52019e-10,-3.19332e-10,3.16622e-08,1.01319e-11,2.16464e-12,3.22969e-16,4.46817e-13,3.7205e-11,6.73958,0.0346717
2025-09-16 00:00:00+00:00,6.63478e-11,0.750245,1.27652e-09,-1.30779e-10,-2.28761e-10,1.02797e-08,3.28949e-12,5.1444e-13,1.03739e-16,6.46546e-13,6.95086e-11,5.22917,0.0339335
2025-09-17 00:00:00+00:00,-6.20382e-12,0.750245,1.31775e-09,-2.39921e-10,-2.555e-10,3.34138e-09,1.06924e-12,3.03333e-13,3.00248e-17,6.29801e-12,-1.1127e-11,5.02083,0.0319715
2025-09-18 00:00:00+00:00,-1.22825e-11,0.750245,6.90075e-10,-2.05852e-10,-2.12225e-10,6.84046e-09,2.18895e-12,6.23568e-13,9.38773e-17,-1.25733e-12,-8.2119e-12,3.86458,0.0305936
2025-09-19 00:00:00+00:00,3.79443e-11,0.750245,8.68483e-10,-1.80229e-10,-2.56155e-10,5.82603e-09,1.86433e-12,2.94191e-13,7.6307e-17,-4.5712e-14,4.0152e-11,3.82292,0.0309295
2025-09-20 00:00:00+00:00,-4.57612e-11,0.750245,1.3711e-09,-2.40048e-10,-3.36412e-10,1.30454e-08,4.17454e-12,7.84894e-13,1.68001e-16,-8.81252e-13,-3.99193e-11,5.19792,0.0319025
2025-09-21 00:00:00+00:00,3.14127e-12,0.750245,1.1157e-09,-2.91244e-10,-3.763e-10,3.96176e-09,1.26776e-12,4.01463e-13,3.32735e-17,2.72838e-13,4.53908e-12,4.3125,0.0326574
2025-09-22 00:00:00+00:00,-1.09597e-11,0.750245,2.43119e-09,-2.3974e-10,-2.6058e-10,4.14925e-08,1.32776e-11,2.26292e-12,4.61353e-16,1.22578e-12,3.35648e-12,8.1875,0.0344462
2025-09-23 00:00:00+00:00,1.20924e-10,0.750245,3.0301e-09,-3.10501e-12,-2.748e-10,4.38095e-08,1.40191e-11,1.75238e-12,7.68835e-16,-5.20967e-12,1.41908e-10,8.78125,0.0345993
2025-09-24 00:00:00+00:00,1.5336e-11,0.750245,3.18913e-09,1.86718e-10,-1.77377e-10,7.34509e-08,2.35043e-11,3.24849e-12,7.74437e-16,4.8615e-13,4.16069e-11,8.15625,0.0349209
2025-09-25 00:00:00+00:00,8.85183e-11,0.750245,3.28882e-09,3.38521e-10,-1.22346e-10,7.85552e-08,2.51377e-11,3.14221e-12,6.97295e-16,1.27034e-13,1.16674e-10,8.20833,0.0351474
2025-09-26 00:00:00+00:00,8.86689e-11,0.750245,3.15276e-09,1.57591e-10,-2.36883e-10,6.47193e-08,2.07102e-11,2.58877e-12,8.6246e-16,-2.23056e-12,1.14201e-10,8.375,0.0348563
2025-09-27 00:00:00+00:00,-5.33349e-11,0.750245,2.62972e-09,1.3481e-11,-2.80534e-10,4.75766e-08,1.52245e-11,1.90307e-12,6.88552e-16,2.27045e-13,-3.64323e-11,7.41667,0.0340663
2025-09-28 00:00:00+00:00,4.09588e-11,0.750245,1.87945e-09,-2.2312e-10,-3.50627e-10,1.92924e-08,6.17357e-12,7.71697e-13,1.57284e-16,5.87731e-13,4.73186e-11,6.15625,0.0315433
2025-09-29 00:00:00+00:00,1.32891e-10,0.750245,1.84808e-09,-8.04258e-11,-3.28186e-10,3.36453e-08,1.07665e-11,1.80839e-12,4.63324e-16,1.14628e-12,1.44323e-10,6.64583,0.0308733
2025-09-30 00:00:00+00:00,2.672e-11,0.750245,1.80845e-09,1.55109e-10,-4.45713e-10,2.13554e-08,6.83371e-12,1.73155e-12,2.41664e-16,-4.04113e-13,3.56915e-11,6.05208,0.0310986
2025-10-01 00:00:00+00:00,4.41536e-12,0.750245,2.24466e-09,2.34447e-10,-3.33775e-10,3.29159e-08,1.05331e-11,1.31663e-12,6.054e-16,8.54161e-12,7.72605e-12,7.22917,0.0315091
2025-10-02 00:00:00+00:00,7.38527e-11,0.750245,2.17688e-09,-1.34889e-10,-2.5714e-10,5.13615e-08,1.64357e-11,3.37302e-12,7.64396e-16,1.99334e-12,9.16697e-11,6.44792,0.0315204
2025-10-03 00:00:00+00:00,7.13023e-11,0.750245,2.63154e-09,-2.09249e-10,-1.85917e-10,6.18673e-08,1.97975e-11,4.60735e-12,7.71897e-16,4.21967e-12,9.14887e-11,6.94792,0.0326409
2025-10-04 00:00:00+00:00,-2.88825e-12,0.750245,2.44052e-09,1.1427e-10,-2.14034e-10,5.97268e-08,1.91126e-11,3.47836e-12,7.84622e-16,-1.41333e-12,2.1117e-11,6.84375,0.0336767
2025-10-05 00:00:00+00:00,-2.71209e-11,0.750245,2.748e-09,1.53166e-10,-2.76457e-10,8.44315e-08,2.70181e-11,5.30356e-12,1.16593e-15,1.09999e-12,4.10259e-12,7.10417,0.0333957
2025-10-06 00:00:00+00:00,-2.59985e-11,0.750245,2.53313e-09,-3.29854e-11,-2.9477e-10,6.35215e-08,2.03269e-11,3.92524e-12,9.77426e-16,3.47767e-13,-2.09227e-12,6.83333,0.0332734
2025-10-07 00:00:00+00:00,6.18083e-11,0.750245,2.69467e-09,7.25056e-11,-3.85696e-10,7.82033e-08,2.50251e-11,3.69658e-12,1.003e-15,2.98435e-13,9.02369e-11,7.22917,0.0330222
2025-10-08 00:00:00+00:00,6.78901e-11,0.750245,2.66435e-09,6.16721e-11,-2.43227e-10,9.04875e-08,2.8956e-11,3.91196e-12,1.32212e-15,5.2831e-13,1.00235e-10,6.71875,0.0336718
2025-10-09 00:00:00+00:00,-4.46266e-11,0.750245,2.89407e-09,7.10366e-12,-1.97302e-10,1.20997e-07,3.87191e-11,7.07601e-12,1.51528e-15,1.63261e-13,1.00763e-12,5.90625,0.034253
2025-10-10 00:00:00+00:00,2.05947e-10,0.750245,2.83957e-09,-3.69165e-11,-2.6334e-10,9.63875e-08,3.0844e-11,5.16838e-12,2.09044e-15,3.03306e-12,2.3893e-10,6.34375,0.0332792
2025-10-11 00:00:00+00:00,8.77365e-12,0.750245,5.32541e-09,8.84445e-10,2.60139e-11,3.8938e-08,1.24601e-11,1.55752e-12,3.67563e-15,1.61251e-12,2.11853e-11,16.6042,0.0329158
2025-10-12 00:00:00+00:00,3.25533e-11,0.750245,5.13963e-09,1.73744e-10,5.36406e-12,8.85905e-08,2.8349e-11,3.54362e-12,5.22473e-15,1.37861e-12,6.30744e-11,13.9167,0.0318608
2025-10-13 00:00:00+00:00,-3.19211e-12,0.750245,5.14013e-09,2.49817e-10,4.83223e-12,1.17446e-07,3.75827e-11,4.69784e-12,4.7975e-15,9.87076e-14,3.89955e-11,13.0833,0.0323604
2025-10-14 00:00:00+00:00,1.90292e-10,0.750245,4.47126e-09,8.81219e-10,-7.0981e-12,8.83263e-08,2.82644e-11,3.53305e-12,1.78675e-15,-4.46601e-13,2.22542e-10,11.0208,0.0311841
2025-10-15 00:00:00+00:00,8.60232e-11,0.750245,4.06228e-09,5.40467e-10,-6.28398e-13,9.98596e-08,3.19551e-11,3.99439e-12,2.27774e-15,8.67693e-13,1.21108e-10,9.4375,0.0325921
2025-10-16 00:00:00+00:00,8.9835e-11,0.750245,3.82735e-09,4.37302e-10,-3.41406e-11,1.14392e-07,3.66056e-11,4.5757e-12,2.06454e-15,-1.89484e-13,1.31208e-10,8.05208,0.0328992
2025-10-17 00:00:00+00:00,-5.96431e-11,0.750245,2.68503e-09,2.36297e-10,-2.39546e-11,8.22669e-08,2.63254e-11,3.42108e-12,1.73868e-15,1.99277e-13,-3.00945e-11,6.60417,0.0317111
2025-10-18 00:00:00+00:00,-3.24085e-11,0.750245,2.3436e-09,2.19043e-10,1.15468e-13,5.8268e-08,1.86458e-11,2.33072e-12,6.48038e-16,-7.98679e-14,-1.13521e-11,6.26042,0.0319154
2025-10-19 00:00:00+00:00,3.28093e-11,0.750245,2.10712e-09,4.18144e-11,-6.96479e-11,2.77601e-08,8.88322e-12,1.1104e-12,4.06561e-16,3.99975e-13,4.24051e-11,5.22917,0.031834
2025-10-20 00:00:00+00:00,-5.46674e-12,0.750245,2.33235e-09,9.69302e-11,-5.56505e-11,5.71172e-08,1.82775e-11,3.36962e-12,8.09739e-16,4.70467e-13,1.57115e-11,5.45833,0.0328827
2025-10-21 00:00:00+00:00,-9.3238e-11,0.750245,1.67112e-09,1.34996e-10,-4.35874e-11,3.78456e-08,1.21106e-11,1.7326e-12,4.78138e-16,8.04365e-14,-7.94749e-11,5.20833,0.0318188
2025-10-22 00:00:00+00:00,4.94593e-11,0.750245,2.86574e-09,-1.2551e-10,-1.61404e-10,6.86262e-08,2.19604e-11,2.74505e-12,8.57787e-16,-7.54033e-13,7.49196e-11,6.58333,0.0310872
2025-10-23 00:00:00+00:00,-2.92089e-12,0.750245,2.25652e-09,-1.67769e-10,-1.82856e-10,2.83411e-08,9.06916e-12,1.13364e-12,3.99193e-16,-1.6215e-13,7.445e-12,5.46875,0.0303732
2025-10-24 00:00:00+00:00,3.53471e-11,0.750245,1.46342e-09,2.281e-10,2.90732e-11,1.61176e-08,5.15763e-12,6.44704e-13,2.35356e-16,4.38698e-13,4.07139e-11,4.83333,0.0294296
2025-10-25 00:00:00+00:00,-3.71909e-11,0.750245,1.24294e-09,-1.09325e-10,-1.36599e-10,1.3009e-08,4.16287e-12,5.95679e-13,1.31683e-16,4.98858e-13,-3.293e-11,2.05208,0.0297925
2025-10-26 00:00:00+00:00,-4.2643e-11,0.750245,1.48074e-09,-1.00964e-10,-2.66671e-10,1.71534e-08,5.48909e-12,1.14939e-12,1.65431e-16,2.92318e-13,-3.62965e-11,3.40625,0.0284483
2025-10-27 00:00:00+00:00,8.0286e-11,0.750245,1.48265e-09,-2.57171e-10,-3.59359e-10,3.24723e-08,1.03911e-11,2.61797e-12,7.28174e-16,1.1877e-13,9.31801e-11,4.60417,0.0294312
2025-10-28 00:00:00+00:00,7.87836e-12,0.750245,2.27463e-09,-2.02594e-10,-4.75395e-10,3.63799e-08,1.16416e-11,2.06096e-12,6.0183e-16,7.61852e-13,2.0823e-11,5.5,0.0301996
2025-10-29 00:00:00+00:00,1.85409e-11,0.750245,1.76687e-09,-1.2892e-10,-2.62923e-10,3.3257e-08,1.06422e-11,1.70798e-12,8.27096e-16,2.89148e-13,3.06033e-11,5.07292,0.029574
2025-10-30 00:00:00+00:00,7.68727e-11,0.750245,1.84531e-09,-8.62931e-11,-1.6767e-10,1.71431e-08,5.4858e-12,1.62334e-12,3.50787e-16,7.73425e-14,8.39084e-11,5.28125,0.0301489
2025-10-31 00:00:00+00:00,-1.7862e-11,0.750245,2.02861e-09,-2.29635e-10,-4.1711e-10,2.60133e-08,8.32427e-12,3.1924e-12,6.0524e-16,8.06677e-14,-6.4259e-12,4.90625,0.0313682
2025-11-01 00:00:00+00:00,2.93163e-11,0.750245,8.32588e-10,-1.40639e-10,-1.93068e-10,1.65222e-08,5.28711e-12,1.09417e-12,4.1923e-16,-7.25366e-15,3.57083e-11,3.42708,0.0303646
2025-11-02 00:00:00+00:00,1.16174e-12,0.750245,1.33357e-09,-3.54159e-11,-8.19616e-11,2.26302e-08,7.24165e-12,2.10419e-12,5.00777e-16,7.45396e-13,9.76575e-12,3.96875,0.0311636
2025-11-03 00:00:00+00:00,-1.29186e-12,0.750245,2.42691e-09,-2.20266e-10,-3.56388e-10,4.83922e-08,1.54855e-11,3.05144e-12,1.18276e-15,-1.92404e-13,1.74384e-11,6.13542,0.0312013
2025-11-04 00:00:00+00:00,5.51206e-11,0.750245,3.70495e-09,1.86266e-10,-1.0029e-10,1.18451e-07,3.79043e-11,5.97717e-12,2.75843e-15,-1.13908e-13,9.91222e-11,7.8125,0.0308406
2025-11-05 00:00:00+00:00,-1.08771e-10,0.750245,4.09162e-09,1.9753e-10,-1.68077e-10,6.33524e-08,2.02728e-11,2.72074e-12,1.83501e-15,-1.06588e-12,-8.47089e-11,9.47917,0.0297787
2025-11-06 00:00:00+00:00,-8.27659e-11,0.750245,3.04593e-09,-1.26279e-11,-1.68361e-10,6.12869e-08,1.96118e-11,2.931e-12,1.42213e-15,1.43143e-12,-6.16523e-11,7.61458,0.0292771
2025-11-07 00:00:00+00:00,8.29914e-11,0.750245,2.57877e-09,1.90345e-11,-1.32578e-10,4.31938e-08,1.3822e-11,2.03281e-12,1.28271e-15,-5.49319e-13,9.9399e-11,7.14583,0.0277747
2025-11-08 00:00:00+00:00,-1.21703e-10,0.750245,2.82184e-09,9.64845e-11,-3.66153e-11,4.44623e-08,1.42279e-11,1.77849e-12,8.3093e-16,2.67112e-13,-1.05963e-10,8.23958,0.0280989
2025-11-09 00:00:00+00:00,7.72553e-11,0.750245,3.27356e-09,1.88781e-10,-1.78374e-10,7.83073e-08,2.50583e-11,3.13229e-12,1.53194e-15,-7.15061e-13,1.06164e-10,7.83333,0.0291175
2025-11-10 00:00:00+00:00,4.81466e-11,0.750245,3.24681e-09,-3.16869e-11,-9.04235e-11,6.59595e-08,2.1107e-11,4.22648e-12,1.1703e-15,2.08432e-13,7.32764e-11,9.19792,0.0300973
2025-11-11 00:00:00+00:00,1.84691e-10,0.750245,3.5572e-09,1.49611e-10,-1.10701e-10,7.58136e-08,2.42603e-11,3.22889e-12,1.15308e-15,2.87378e-13,2.11899e-10,9.34375,0.0310063
2025-11-12 00:00:00+00:00,7.82359e-11,0.750245,2.71918e-09,6.86736e-11,-1.19255e-10,6.65203e-08,2.12865e-11,4.37908e-12,7.87559e-16,3.64546e-13,1.03538e-10,7.80208,0.0317492
2025-11-13 00:00:00+00:00,2.19111e-10,0.750245,3.38859e-09,-1.62134e-11,-1.13895e-10,9.01429e-08,2.88457e-11,6.7159e-12,1.25045e-15,7.35321e-13,2.53941e-10,8.02083,0.032065
2025-11-14 00:00:00+00:00,2.92388e-12,0.750245,2.9754e-09,-2.3275e-11,-2.2864e-10,8.06646e-08,2.58127e-11,6.92979e-12,1.85345e-15,1.14921e-13,3.55561e-11,7.20833,0.031014
2025-11-15 00:00:00+00:00,-5.66487e-11,0.750245,3.33405e-09,-9.22208e-11,-1.78527e-10,6.58071e-08,2.10583e-11,4.41954e-12,1.25354e-15,-1.22935e-11,-1.88739e-11,8.3125,0.029946
2025-11-16 00:00:00+00:00,2.61849e-10,0.750245,3.22891e-09,2.36485e-11,-1.57258e-10,1.03191e-07,3.3021e-11,6.16537e-12,1.80017e-15,-9.77818e-12,3.10817e-10,7.84375,0.0311909
2025-11-17 00:00:00+00:00,-2.82193e-10,0.750245,4.01356e-09,-8.21357e-11,-2.04691e-10,9.5156e-08,3.04499e-11,4.7203e-12,2.12594e-15,2.6264e-12,-2.49646e-10,8.78125,0.0310228
2025-11-18 00:00:00+00:00,-2.86442e-11,0.750245,3.23545e-09,3.67399e-11,-1.18936e-10,6.87059e-08,2.19859e-11,4.02225e-12,1.35532e-15,2.85884e-13,-2.92132e-12,8.33333,0.0294161
2025-11-19 00:00:00+00:00,-5.03564e-12,0.750245,3.07565e-09,-7.04201e-12,-2.14396e-10,4.96113e-08,1.58756e-11,3.6573e-12,1.19015e-15,-8.18287e-13,1.53155e-11,8.08333,0.029952
2025-11-20 00:00:00+00:00,9.11027e-11,0.750245,2.58124e-09,-1.78658e-10,-2.70113e-10,3.75081e-08,1.20026e-11,3.07833e-12,6.99195e-16,1.27587e-12,1.04911e-10,7.02083,0.030833
2025-11-21 00:00:00+00:00,6.51126e-11,0.750245,3.42354e-09,-6.30578e-11,-8.53784e-11,8.70636e-08,2.78603e-11,8.85063e-12,2.36688e-15,2.93467e-13,1.01535e-10,8.79167,0.0322103
2025-11-22 00:00:00+00:00,-2.64173e-10,0.750245,2.89284e-09,1.04142e-10,-8.88424e-11,8.90657e-08,2.8501e-11,1.34706e-11,2.61734e-15,-2.00743e-12,-2.20189e-10,7.65625,0.0328638
2025-11-23 00:00:00+00:00,6.89613e-11,0.750245,2.71457e-09,9.37128e-11,-1.55916e-10,5.91257e-08,1.89202e-11,7.0304e-12,1.29898e-15,4.22094e-13,9.44925e-11,7.0625,0.0330288
2025-11-24 00:00:00+00:00,-8.23239e-11,0.750245,2.85624e-09,-1.64232e-11,-1.46629e-10,8.54839e-08,2.73548e-11,1.1426e-11,1.8457e-15,7.02158e-12,-5.05606e-11,7.8125,0.0334954
2025-11-25 00:00:00+00:00,1.75967e-10,0.750245,2.06717e-09,-8.34852e-11,-3.35682e-10,3.44642e-08,1.10286e-11,4.55299e-12,8.48358e-16,2.17567e-12,1.89378e-10,5.76042,0.0324068
2025-11-26 00:00:00+00:00,1.13686e-10,0.750245,2.15844e-09,-3.01036e-11,-1.63544e-10,3.40675e-08,1.09016e-11,3.82018e-12,7.95196e-16,3.26682e-12,1.25145e-10,5.95833,0.032725
2025-11-27 00:00:00+00:00,1.38634e-10,0.750245,2.44865e-09,-3.62803e-11,-2.79694e-10,4.8501e-08,1.55203e-11,4.33118e-12,9.39626e-16,2.94651e-12,1.55541e-10,5.70833,0.0334009
2025-11-28 00:00:00+00:00,8.52296e-11,0.750245,3.24096e-09,9.14297e-11,-2.93789e-10,1.27837e-07,4.09078e-11,1.27735e-11,1.78313e-15,8.44905e-13,1.38068e-10,6.125,0.0351083
2025-11-29 00:00:00+00:00,1.1632e-11,0.750245,3.30076e-09,4.85127e-11,-2.37426e-10,1.18853e-07,3.8033e-11,1.19198e-11,1.60733e-15,2.86385e-12,5.87238e-11,6.11458,0.0369425
2025-11-30 00:00:00+00:00,-2.45171e-10,0.750245,3.22061e-09,5.78267e-11,-2.61523e-10,1.27908e-07,4.09307e-11,1.21851e-11,2.27796e-15,-8.68503e-12,-1.83368e-10,5.76042,0.0380554
2025-12-01 00:00:00+00:00,-1.40563e-10,0.750245,4.8205e-09,-1.55805e-10,-3.78263e-10,2.13661e-07,6.83715e-11,1.4304e-11,4.31915e-15,3.73171e-12,-6.16132e-11,8.64583,0.0382615
2025-12-02 00:00:00+00:00,4.72133e-11,0.750245,6.21368e-09,2.78415e-10,-2.76253e-10,3.188e-07,1.02016e-10,2.64683e-11,6.08041e-15,1.70408e-11,1.58663e-10,10.8958,0.0386845
2025-12-03 00:00:00+00:00,4.18141e-11,0.750245,6.96679e-09,3.71271e-10,-2.61046e-10,3.42884e-07,1.09723e-10,1.65818e-11,7.20199e-15,2.1539e-11,1.46588e-10,11.3438,0.0382029
2025-12-04 00:00:00+00:00,-9.69157e-11,0.750245,5.91644e-09,5.35743e-10,-2.80956e-10,2.37186e-07,7.58995e-11,2.04017e-11,4.7436e-15,2.25846e-11,-2.31937e-11,11,0.0385011
2025-12-05 00:00:00+00:00,-5.68944e-11,0.750245,5.45887e-09,3.03827e-10,-3.24657e-10,2.35818e-07,7.54618e-11,1.42685e-11,5.34413e-15,-1.06381e-13,3.29502e-11,10.1354,0.0387215
2025-12-06 00:00:00+00:00,1.22943e-10,0.750245,5.22976e-09,1.33899e-10,-3.02702e-10,2.90608e-07,9.29947e-11,1.9638e-11,5.80474e-15,9.99146e-13,2.34584e-10,9.21875,0.0391336
2025-12-07 00:00:00+00:00,4.48919e-11,0.750245,4.93315e-09,3.02732e-10,-2.37661e-10,2.64873e-07,8.47595e-11,1.72074e-11,5.50393e-15,1.03542e-11,1.36511e-10,8.35417,0.0392706
2025-12-08 00:00:00+00:00,-1.99407e-10,0.750245,5.20416e-09,3.58336e-10,-3.88231e-10,2.09619e-07,6.70781e-11,1.60357e-11,4.07953e-15,4.14094e-12,-1.2043e-10,8.98958,0.0395243
2025-12-09 00:00:00+00:00,-1.45879e-10,0.750245,5.12332e-09,2.01689e-10,-2.54194e-10,2.30042e-07,7.36136e-11,1.42521e-11,5.50856e-15,4.14358e-12,-6.21484e-11,8.875,0.0388165
2025-12-10 00:00:00+00:00,1.01658e-10,0.750245,5.28114e-09,3.38979e-11,-2.11413e-10,2.41207e-07,7.71862e-11,1.12836e-11,5.72511e-15,6.11038e-12,1.84023e-10,9.35417,0.0381379
2025-12-11 00:00:00+00:00,-5.76917e-11,0.750245,6.35884e-09,2.87236e-10,-2.36005e-10,3.19235e-07,1.02155e-10,1.60158e-11,8.60785e-15,2.96063e-12,5.75276e-11,10.1875,0.0385358
2025-12-12 00:00:00+00:00,9.75464e-11,0.750245,5.99097e-09,1.58389e-10,-2.59144e-10,3.46516e-07,1.10885e-10,1.7152e-11,7.70159e-15,1.03746e-12,2.24555e-10,10,0.0390557
2025-12-13 00:00:00+00:00,-1.30836e-10,0.750245,5.0648e-09,-1.73336e-10,-3.99682e-10,2.20181e-07,7.04579e-11,1.04993e-11,4.33688e-15,-2.33856e-12,-4.75348e-11,8.61458,0.0391299
2025-12-14 00:00:00+00:00,1.44606e-10,0.750245,5.1391e-09,-5.35179e-11,-3.56056e-10,3.02736e-07,9.68756e-11,1.93239e-11,6.62301e-15,2.54129e-13,2.60559e-10,8.55208,0.0404416
2025-12-15 00:00:00+00:00,8.63847e-11,0.750245,5.49712e-09,-1.16257e-12,-2.6249e-10,3.07792e-07,9.84934e-11,2.70878e-11,7.72249e-15,4.88452e-12,2.07091e-10,8.35417,0.0421397
2025-12-16 00:00:00+00:00,-2.23584e-10,0.750245,6.68313e-09,-1.11371e-10,-2.3524e-10,3.7598e-07,1.20314e-10,2.88904e-11,9.09132e-15,5.84153e-11,-1.32784e-10,9.29167,0.0435571
2025-12-17 00:00:00+00:00,1.65583e-10,0.750245,8.46295e-09,-3.38113e-10,-3.08412e-10,5.8772e-07,1.8807e-10,6.49525e-11,1.92337e-14,-1.15519e-11,4.30179e-10,11.0417,0.044835
2025-12-18 00:00:00+00:00,1.27683e-10,0.750245,9.53984e-09,-2.73986e-10,4.85005e-13,6.51193e-07,2.08382e-10,6.89683e-11,2.1783e-14,3.39772e-12,4.01661e-10,11.125,0.0465157
2025-12-19 00:00:00+00:00,-3.32333e-11,0.750245,1.06795e-08,3.01326e-10,-2.09154e-10,7.94941e-07,2.54381e-10,5.9056e-11,2.63709e-14,7.26531e-12,2.72964e-10,11.4062,0.0473027
2025-12-20 00:00:00+00:00,-2.71293e-10,0.750245,9.99592e-09,3.23285e-10,-3.41025e-10,5.17978e-07,1.65753e-10,3.35098e-11,1.41658e-14,8.53272e-13,-7.28689e-11,11.2604,0.047348
2025-12-21 00:00:00+00:00,-1.64919e-10,0.750245,8.19321e-09,-3.8736e-10,-5.15441e-10,4.37789e-07,1.40093e-10,3.17322e-11,1.34384e-14,7.76518e-12,-8.44742e-13,10.1458,0.0471898
2025-12-22 00:00:00+00:00,2.38219e-10,0.750245,8.19902e-09,4.42752e-11,-2.22126e-10,5.12915e-07,1.64133e-10,4.96684e-11,1.45537e-14,4.24264e-12,4.47792e-10,11.4583,0.0484319
2025-12-23 00:00:00+00:00,-2.59907e-10,0.750245,7.92802e-09,-4.31924e-10,-4.42626e-10,4.47533e-07,1.4321e-10,3.15528e-11,1.15489e-14,3.22584e-12,-8.83559e-11,10.8333,0.0487854
2025-12-24 00:00:00+00:00,2.5878e-11,0.750245,7.66879e-09,-2.87444e-10,-5.21273e-10,4.56387e-07,1.46044e-10,4.05765e-11,1.17421e-14,1.40172e-12,2.11113e-10,10.9375,0.0484128
2025-12-25 00:00:00+00:00,-3.91107e-10,0.750245,6.5107e-09,-3.47402e-10,-4.86889e-10,3.91573e-07,1.25303e-10,3.9926e-11,1.12369e-14,-1.81313e-12,-2.24052e-10,9.36458,0.0481584
2025-12-26 00:00:00+00:00,7.02474e-11,0.750245,7.5244e-09,2.41341e-10,-4.49432e-10,3.93809e-07,1.26019e-10,2.82062e-11,9.88055e-15,1.00542e-11,2.1443e-10,11.5208,0.0479458
2025-12-27 00:00:00+00:00,1.14538e-10,0.750245,7.81716e-09,5.02406e-10,-4.24315e-10,4.53961e-07,1.45268e-10,2.73031e-11,1.13708e-14,6.20471e-12,2.80918e-10,10.8958,0.0474537
2025-12-28 00:00:00+00:00,-1.56932e-10,0.750245,6.42598e-09,5.46144e-11,-2.91974e-10,3.55343e-07,1.1371e-10,2.26149e-11,6.81486e-15,9.25516e-12,-2.98563e-11,9.85417,0.0463315
2025-12-29 00:00:00+00:00,-1.27978e-10,0.750245,6.52947e-09,-1.60318e-10,-4.62003e-10,3.28284e-07,1.05051e-10,2.0583e-11,6.94786e-15,6.38629e-12,-8.72152e-12,10.75,0.045779
2025-12-30 00:00:00+00:00,6.45657e-11,0.750245,6.28863e-09,-2.66992e-10,-7.16372e-10,2.95438e-07,9.45402e-11,1.74904e-11,6.85837e-15,2.78146e-12,1.73823e-10,10.4896,0.0461062
2025-12-31 00:00:00+00:00,-3.08188e-11,0.750245,6.73709e-09,-2.18563e-10,-6.19001e-10,3.19628e-07,1.02281e-10,1.90584e-11,8.28335e-15,-7.04031e-13,9.12363e-11,11.6354,0.0454173
2026-01-01 00:00:00+00:00,-3.39349e-10,0.750245,8.54809e-09,2.99919e-11,-4.3886e-10,3.25379e-07,1.04121e-10,1.66645e-11,5.1531e-15,1.21733e-11,-2.3073e-10,13.7604,0.0445777
2026-01-02 00:00:00+00:00,-1.13247e-10,0.750245,6.55706e-09,2.56007e-10,-2.8531e-10,2.03122e-07,6.49991e-11,1.00157e-11,4.09258e-15,7.30072e-12,-4.55275e-11,13.4479,0.0421101
2026-01-03 00:00:00+00:00,1.50666e-10,0.750245,5.11596e-09,-1.57395e-10,-4.74284e-10,1.72083e-07,5.50666e-11,1.22948e-11,4.29695e-15,-9.24838e-13,2.18958e-10,12.2083,0.0406319
2026-01-04 00:00:00+00:00,8.23774e-11,0.750245,5.68827e-09,-7.27387e-11,-5.14888e-10,2.15693e-07,6.90217e-11,1.27105e-11,4.99837e-15,5.05529e-12,1.59062e-10,11.8438,0.0410193
2026-01-05 00:00:00+00:00,-2.18393e-10,0.750245,5.6861e-09,-4.14998e-11,-2.79916e-10,1.85226e-07,5.92724e-11,1.08015e-11,4.13797e-15,5.60167e-11,-2.04332e-10,11.9167,0.0407375
2026-01-06 00:00:00+00:00,6.67173e-11,0.750245,5.53687e-09,-3.88586e-10,-2.3274e-10,2.30137e-07,7.36437e-11,1.212e-11,5.05662e-15,9.2454e-12,1.43243e-10,11.8021,0.0407399
2026-01-07 00:00:00+00:00,-9.80664e-11,0.750245,5.22256e-09,-1.29268e-10,-4.26427e-10,1.43848e-07,4.60313e-11,6.16796e-12,4.47827e-15,4.34387e-12,-5.02053e-11,11.1667,0.0408858
2026-01-08 00:00:00+00:00,-5.40116e-11,0.750245,4.60336e-09,-1.85536e-10,-3.16636e-10,1.4476e-07,4.63233e-11,7.47415e-12,3.1705e-15,-1.57873e-12,1.36933e-12,10.6771,0.0411039
2026-01-09 00:00:00+00:00,1.54886e-10,0.750245,4.53804e-09,-8.56245e-11,-3.56308e-10,1.09362e-07,3.49959e-11,5.11437e-12,3.14727e-15,9.12065e-13,1.9409e-10,10.5208,0.0406697
2026-01-10 00:00:00+00:00,-2.45126e-11,0.750245,4.01127e-09,-2.33252e-10,-2.56005e-10,8.86997e-08,2.83839e-11,3.70296e-12,1.94431e-15,3.30076e-12,4.27535e-12,9,0.0406464
2026-01-11 00:00:00+00:00,6.69096e-11,0.750245,3.86267e-09,-1.0535e-10,-4.02829e-10,1.12736e-07,3.60756e-11,5.53315e-12,2.68535e-15,5.5962e-12,1.02927e-10,8.60417,0.0416982
2026-01-12 00:00:00+00:00,5.93683e-11,0.750245,5.67887e-09,-6.74247e-11,-3.79389e-10,2.73948e-07,8.76634e-11,1.16112e-11,7.16759e-15,2.65611e-12,1.55994e-10,10.5625,0.042279
2026-01-13 00:00:00+00:00,-1.17954e-10,0.750245,5.70439e-09,1.49424e-10,-3.48588e-10,2.35447e-07,7.53432e-11,9.66506e-12,6.41283e-15,5.3815e-12,-3.83211e-11,10.6042,0.0427191
2026-01-14 00:00:00+00:00,5.15339e-11,0.750245,5.98886e-09,9.58193e-11,-2.83799e-10,2.35038e-07,7.52122e-11,1.12664e-11,5.08218e-15,3.56317e-11,1.02386e-10,12.0833,0.0423587
2026-01-15 00:00:00+00:00,-9.68456e-11,0.750245,5.48056e-09,-8.79952e-11,-2.42059e-10,1.96279e-07,6.28094e-11,1.0828e-11,3.69795e-15,-3.23525e-12,-1.99686e-11,12.1042,0.0426149
2026-01-16 00:00:00+00:00,-5.82087e-11,0.750245,5.13356e-09,-2.35075e-10,-4.00952e-10,1.26878e-07,4.06011e-11,5.19937e-12,2.27486e-15,1.68236e-11,-2.92259e-11,11.6458,0.0425597
2026-01-17 00:00:00+00:00,1.73239e-11,0.750245,4.61106e-09,-1.08823e-10,-3.26439e-10,1.19976e-07,3.83922e-11,4.94259e-12,1.77874e-15,1.93832e-12,5.87243e-11,10.0208,0.0431192
2026-01-18 00:00:00+00:00,-1.49751e-10,0.750245,3.88732e-09,-2.2055e-10,-4.52997e-10,1.05973e-07,3.39115e-11,4.26032e-12,2.13655e-15,-1.29724e-12,-1.10279e-10,9.09375,0.0428717
2026-01-19 00:00:00+00:00,7.80027e-11,0.750245,5.30665e-09,-1.64858e-10,-3.20091e-10,1.74346e-07,5.57906e-11,6.97382e-12,3.96021e-15,-1.69008e-12,1.42463e-10,11.5833,0.0439931
2026-01-20 00:00:00+00:00,1.45259e-10,0.750245,6.01565e-09,4.77964e-10,-2.49486e-10,1.9589e-07,6.26848e-11,9.69364e-12,4.33119e-15,6.84488e-12,2.10801e-10,11.7292,0.0449862
2026-01-21 00:00:00+00:00,-6.68013e-11,0.750245,6.14121e-09,1.75537e-10,-2.58587e-10,2.25533e-07,7.21707e-11,9.90077e-12,4.14153e-15,1.36636e-11,1.60874e-12,12.0104,0.04496
2026-01-22 00:00:00+00:00,6.60749e-11,0.750245,6.0368e-09,4.35091e-11,-2.63101e-10,2.02023e-07,6.46474e-11,9.19582e-12,4.97798e-15,2.54155e-11,1.14509e-10,12.1042,0.0449564
2026-01-23 00:00:00+00:00,-1.02451e-10,0.750245,5.91775e-09,1.55779e-10,-2.80964e-10,1.86856e-07,5.97938e-11,8.23441e-12,4.80683e-15,6.69991e-12,-4.11193e-11,11.9896,0.0444291
2026-01-24 00:00:00+00:00,-1.05459e-10,0.750245,5.38558e-09,1.61619e-10,-5.37581e-10,8.37622e-08,2.68039e-11,3.59291e-12,1.43991e-15,3.03478e-13,-7.53645e-11,12.1146,0.0430554
2026-01-25 00:00:00+00:00,2.30285e-10,0.750245,4.79336e-09,8.98911e-11,-2.3474e-10,1.65004e-07,5.28013e-11,6.67397e-12,2.10376e-15,1.01307e-11,2.79635e-10,10.875,0.0423937
2026-01-26 00:00:00+00:00,-5.96434e-11,0.750245,5.33084e-09,6.19578e-11,-2.95739e-10,2.07828e-07,6.65049e-11,1.4353e-11,3.66156e-15,2.80076e-11,-6.78863e-12,10.8333,0.0436223
2026-01-27 00:00:00+00:00,-9.61734e-11,0.750245,4.99188e-09,-2.01501e-11,-3.46565e-10,1.63791e-07,5.24131e-11,9.97303e-12,3.02272e-15,1.20489e-11,-4.58323e-11,11.1667,0.0419395
2026-01-28 00:00:00+00:00,3.40663e-11,0.750245,4.38134e-09,1.37862e-10,-1.15384e-10,1.2999e-07,4.15968e-11,9.88342e-12,2.78204e-15,1.00362e-11,7.55137e-11,10.9375,0.041111
2026-01-29 00:00:00+00:00,-2.38298e-12,0.750245,4.095e-09,1.29347e-10,-2.29887e-10,1.03159e-07,3.30108e-11,9.98807e-12,1.78334e-15,-3.29794e-12,4.39178e-11,10.6562,0.0415189
2026-01-30 00:00:00+00:00,1.81605e-10,0.750245,4.94125e-09,4.92978e-10,-1.80018e-11,1.47044e-07,4.70542e-11,1.12764e-11,3.0878e-15,8.31775e-12,2.3162e-10,10.9792,0.0424178
2026-01-31 00:00:00+00:00,2.43866e-10,0.750245,6.01899e-09,3.90062e-10,-2.76194e-11,2.66644e-07,8.53261e-11,1.69842e-11,6.65039e-15,3.54095e-13,3.45829e-10,11.4688,0.0428385
2026-02-01 00:00:00+00:00,-1.798e-10,0.750245,5.73922e-09,4.29087e-10,-2.25977e-12,2.06547e-07,6.60951e-11,1.23601e-11,4.22884e-15,3.555e-13,-1.01695e-10,11.2708,0.0421344
2026-02-02 00:00:00+00:00,-2.54219e-12,0.750245,5.36518e-09,2.75037e-10,-7.17891e-11,1.45787e-07,4.6652e-11,1.67319e-11,4.02862e-15,1.91303e-12,5.89327e-11,12.2604,0.0428065
2026-02-03 00:00:00+00:00,-2.85629e-10,0.750245,4.42633e-09,2.02534e-10,-5.10519e-11,7.35012e-08,2.35204e-11,9.76604e-12,1.91342e-15,-1.71342e-12,-2.50628e-10,11.1667,0.0425224
2026-02-04 00:00:00+00:00,-1.06976e-10,0.750245,4.0709e-09,2.1566e-10,-7.58997e-11,9.53438e-08,3.051e-11,1.16201e-11,1.84478e-15,6.0477e-13,-6.54463e-11,10.8958,0.0416415
2026-02-05 00:00:00+00:00,-1.61506e-11,0.750245,3.43353e-09,9.11674e-11,-4.6087e-11,5.42138e-08,1.73484e-11,1.44217e-11,1.00495e-15,-3.23558e-12,1.88565e-11,9.625,0.0397767
2026-02-06 00:00:00+00:00,1.68804e-10,0.750245,5.29092e-09,6.38034e-11,-1.41002e-11,1.04005e-07,3.32816e-11,1.07914e-11,3.86909e-15,6.25338e-13,2.12257e-10,13.2188,0.040513
2026-02-07 00:00:00+00:00,9.28466e-11,0.750245,5.86598e-09,2.47733e-10,-3.22671e-11,1.18201e-07,3.78244e-11,8.283e-12,4.31445e-15,-2.53406e-13,1.39213e-10,13.6875,0.0418319
2026-02-08 00:00:00+00:00,-9.96015e-11,0.750245,5.15391e-09,2.52433e-11,-6.80189e-11,1.26157e-07,4.03704e-11,7.29345e-12,3.71648e-15,-6.08043e-12,-4.58536e-11,11.8646,0.0405709
2026-02-09 00:00:00+00:00,6.98774e-13,0.750245,4.5304e-09,1.64903e-10,-6.6514e-11,1.11663e-07,3.57321e-11,5.73455e-12,1.79539e-15,2.23643e-13,4.19437e-11,12.6146,0.039459
2026-02-10 00:00:00+00:00,-6.11032e-11,0.750245,3.45051e-09,-1.00826e-10,-1.90301e-10,4.82542e-08,1.54413e-11,4.10834e-12,8.04091e-16,-1.17559e-11,-2.97969e-11,10.8333,0.0379136
2026-02-11 00:00:00+00:00,-3.50426e-10,0.750245,3.10293e-09,-6.37986e-11,-1.73961e-10,4.63662e-08,1.48372e-11,2.90588e-12,7.36612e-16,3.97776e-12,-3.3666e-10,9.75,0.035932
2026-02-12 00:00:00+00:00,-8.31403e-11,0.750245,3.37094e-09,1.80759e-10,1.44084e-12,2.40835e-08,7.70671e-12,9.63338e-13,4.79785e-16,4.45648e-12,-7.8926e-11,13.0625,0.0345512
2026-02-13 00:00:00+00:00,2.1892e-11,0.750245,3.31013e-09,1.26938e-11,-2.74837e-11,3.92704e-08,1.25665e-11,2.17753e-12,8.16722e-16,4.2541e-12,3.23851e-11,11.0625,0.0344094
2026-02-14 00:00:00+00:00,-9.71534e-11,0.750245,3.11525e-09,7.4187e-11,-8.88989e-11,3.98671e-08,1.27575e-11,1.59468e-12,6.6602e-16,2.2526e-12,-8.50521e-11,10.3854,0.0344512
2026-02-15 00:00:00+00:00,3.6962e-11,0.750245,2.41892e-09,1.28598e-10,2.04018e-11,2.11554e-08,6.76972e-12,8.46215e-13,2.12397e-16,4.74699e-12,3.98323e-11,9.9375,0.0321313
2026-02-16 00:00:00+00:00,-8.94729e-13,0.750245,2.18449e-09,-2.47483e-10,-1.28027e-10,1.15052e-08,3.68167e-12,4.60208e-13,1.31468e-16,-3.41252e-12,6.66159e-12,8.32292,0.0315184
2026-02-17 00:00:00+00:00,6.45961e-11,0.750245,1.64747e-09,-2.1085e-10,-1.43629e-10,1.43108e-08,4.57944e-12,6.11171e-13,4.02967e-16,1.08284e-12,6.87063e-11,7.6875,0.03187
2026-02-18 00:00:00+00:00,1.06853e-10,0.750245,2.49779e-09,-2.33181e-10,-6.426e-11,1.77003e-08,5.66409e-12,8.97915e-13,3.88335e-16,-8.95645e-13,1.14313e-10,9.30208,0.0339227
2026-02-19 00:00:00+00:00,9.96914e-12,0.750245,2.69412e-09,-2.54923e-10,-1.64011e-10,2.99978e-08,9.59929e-12,1.48017e-12,6.45795e-16,-5.3657e-13,2.15884e-11,8.61458,0.0342696
2026-02-20 00:00:00+00:00,-2.59772e-11,0.750245,2.217e-09,-3.54815e-10,-2.61353e-10,2.02683e-08,6.48585e-12,8.10731e-13,4.74409e-16,-1.48431e-12,-1.71965e-11,8.64583,0.0334971
2026-02-21 00:00:00+00:00,1.03746e-10,0.750245,2.10563e-09,-1.42143e-10,-9.89783e-11,1.61406e-08,5.16498e-12,8.9673e-13,3.01967e-16,2.05103e-12,1.0776e-10,7.64583,0.0334004
2026-02-22 00:00:00+00:00,-3.52838e-11,0.750245,1.38369e-09,-4.51864e-10,-4.82338e-10,7.80011e-09,2.49604e-12,4.87177e-13,1.39398e-16,-1.19888e-12,-3.11022e-11,5.57292,0.0329414
2026-02-23 00:00:00+00:00,-1.93941e-10,0.750245,1.49953e-09,-2.98495e-10,-3.60321e-10,1.12043e-08,3.58537e-12,4.48171e-13,3.31162e-16,-2.1876e-12,-1.87719e-10,6.0625,0.0308431
2026-02-24 00:00:00+00:00,-3.09011e-11,0.750245,1.4098e-09,-1.22219e-10,-1.53331e-10,2.13721e-09,6.83908e-13,8.54885e-14,4.76458e-17,-1.22847e-12,-2.89032e-11,8.20833,0.0297113
2026-02-25 00:00:00+00:00,-1.60915e-10,0.750245,1.82067e-09,-3.29849e-11,-1.6465e-10,1.3353e-08,4.27295e-12,6.43655e-13,2.82337e-16,8.52426e-12,-1.64522e-10,9.16667,0.0295927
2026-02-26 00:00:00+00:00,-2.08401e-11,0.750245,1.37537e-09,-1.63308e-10,-1.20455e-10,0,0,0,0,1.27369e-11,-3.35774e-11,10,0.0281217
2026-02-27 00:00:00+00:00,-7.93321e-12,0.750245,1.32811e-09,-1.85885e-10,-2.19902e-10,0,0,0,0,6.87577e-12,-1.48091e-11,10,0.0279848
2026-02-28 00:00:00+00:00,-4.99516e-11,0.750245,1.29005e-09,-2.11502e-10,-2.44168e-10,0,0,0,0,1.94701e-12,-5.18995e-11,10,0.0278616
2026-03-01 00:00:00+00:00,-8.68949e-12,0.750245,1.30997e-09,-2.41267e-10,-2.49732e-10,0,0,0,0,2.69371e-12,-1.13835e-11,10,0.0285944
2026-03-02 00:00:00+00:00,-2.61345e-11,0.750245,1.3148e-09,-2.61654e-10,-2.62944e-10,0,0,0,0,2.01466e-12,-2.81491e-11,10,0.02833
2026-03-03 00:00:00+00:00,2.88549e-11,0.750245,1.49388e-09,-1.62281e-10,-1.84854e-10,1.02579e-09,3.28254e-13,4.10317e-14,1.79713e-17,-1.80549e-13,2.9408e-11,7.90625,0.0273544
2026-03-04 00:00:00+00:00,2.55973e-12,0.750245,1.88316e-09,-6.05718e-11,-1.63004e-10,2.15324e-09,6.89037e-13,8.61297e-14,3.50146e-17,1.15217e-13,3.22054e-12,7.10417,0.0264786
2026-03-05 00:00:00+00:00,9.83569e-12,0.750245,1.05551e-09,-3.73846e-11,-6.59741e-11,0,0,0,0,7.1096e-13,9.12574e-12,9,0.0275866
2026-03-06 00:00:00+00:00,-9.53315e-12,0.750245,1.06949e-09,-6.13878e-11,-8.36528e-11,0,0,0,0,4.02608e-13,-9.93667e-12,9,0.0270457
2026-03-07 00:00:00+00:00,3.65401e-11,0.750245,1.0161e-09,-1.74607e-11,-5.97155e-11,0,0,0,0,-1.90202e-13,3.67319e-11,9,0.0272693
2026-03-08 00:00:00+00:00,9.56124e-13,0.750245,9.84105e-10,-6.40419e-13,-5.82504e-11,0,0,0,0,-3.97167e-12,4.92967e-12,9,0.0279647
2026-03-09 00:00:00+00:00,7.22e-12,0.750245,9.61909e-10,1.25967e-11,-5.02521e-11,0,0,0,0,-5.38341e-13,7.76032e-12,9,0.0280282
2026-03-10 00:00:00+00:00,-3.9058e-11,0.750245,1.04226e-09,-2.68818e-11,-1.10347e-10,0,0,0,0,4.86916e-13,-3.95443e-11,9,0.0273012
2026-03-11 00:00:00+00:00,7.94587e-12,0.750245,1.05611e-09,-4.1996e-11,-1.02987e-10,0,0,0,0,2.29118e-12,5.65477e-12,9,0.0270244
2026-03-12 00:00:00+00:00,-4.71819e-11,0.750245,1.10266e-09,-7.61761e-11,-1.24087e-10,0,0,0,0,3.64507e-12,-5.08268e-11,9,0.0260676
2026-03-13 00:00:00+00:00,1.71156e-11,0.750245,1.15877e-09,-8.77324e-11,-1.51456e-10,0,0,0,0,3.39781e-12,1.37198e-11,9,0.0260372
2026-03-14 00:00:00+00:00,-5.92113e-11,0.750245,1.19025e-09,-1.13983e-10,-1.92767e-10,0,0,0,0,1.78991e-12,-6.10014e-11,9,0.0260425
2026-03-15 00:00:00+00:00,9.69225e-12,0.750245,1.20785e-09,-1.29834e-10,-2.5289e-10,0,0,0,0,3.68755e-12,6.00576e-12,9,0.0265248
2026-03-16 00:00:00+00:00,-1.82718e-11,0.750245,1.19215e-09,-1.27568e-10,-2.13356e-10,0,0,0,0,7.06074e-12,-2.5332e-11,9,0.0259004
2026-03-17 00:00:00+00:00,-3.3142e-11,0.750245,1.12029e-09,-1.86481e-10,-2.79294e-10,0,0,0,0,4.77105e-12,-3.79116e-11,9,0.0239606
2026-03-18 00:00:00+00:00,-1.09401e-10,0.750245,1.10458e-09,-2.41765e-10,-2.66403e-10,0,0,0,0,1.32856e-12,-1.1073e-10,9,0.0247603
2026-03-19 00:00:00+00:00,3.25384e-12,0.750245,1.10954e-09,-3.03195e-10,-1.90362e-10,0,0,0,0,-4.49637e-13,3.70434e-12,9,0.0244644
2026-03-20 00:00:00+00:00,-1.24385e-11,0.750245,1.10761e-09,-3.06742e-10,-1.51014e-10,0,0,0,0,-8.50078e-13,-1.15884e-11,9,0.0226979
2026-03-21 00:00:00+00:00,-5.04062e-11,0.750245,1.14839e-09,-3.40071e-10,-2.85997e-10,0,0,0,0,1.73589e-13,-5.05804e-11,9,0.0231501
2026-03-22 00:00:00+00:00,-2.09989e-10,0.750245,1.25097e-09,-4.75153e-10,-5.96998e-10,0,0,0,0,-1.05835e-11,-1.99406e-10,9,0.021501
2026-03-23 00:00:00+00:00,4.48548e-11,0.750245,1.3126e-09,-5.44415e-10,-1.10254e-09,0,0,0,0,-6.0815e-12,5.09382e-11,9,0.0223028
2026-03-24 00:00:00+00:00,1.6853e-10,0.750245,1.11265e-09,-3.46379e-10,-6.01179e-10,0,0,0,0,-2.94015e-12,1.71473e-10,9,0.0227189
2026-03-25 00:00:00+00:00,-1.13134e-10,0.750245,1.20408e-09,-4.38037e-10,-1.10117e-09,0,0,0,0,-1.73636e-11,-9.57705e-11,9,0.0228986
2026-03-26 00:00:00+00:00,8.05171e-11,0.750245,1.12177e-09,-3.93172e-10,-1.00722e-09,0,0,0,0,-1.33135e-11,9.38328e-11,9,0.0228107
2026-03-27 00:00:00+00:00,9.10467e-11,0.750245,9.45614e-10,-2.43553e-10,-5.49745e-10,0,0,0,0,-7.11042e-13,9.17604e-11,9,0.0235521
2026-03-28 00:00:00+00:00,-1.39087e-10,0.750245,1.0577e-09,-3.52442e-10,-8.68809e-10,0,0,0,0,-5.36901e-12,-1.33718e-10,9,0.0223995
2026-03-29 00:00:00+00:00,-1.22777e-11,0.750245,1.07581e-09,-3.78429e-10,-9.34385e-10,0,0,0,0,-3.43386e-12,-8.84364e-12,9,0.0243304
2026-03-30 00:00:00+00:00,-2.08646e-11,0.750245,1.08584e-09,-3.80969e-10,-9.88531e-10,0,0,0,0,-1.53425e-12,-1.93287e-11,9,0.0249403
2026-03-31 00:00:00+00:00,1.07927e-10,0.750245,1.06652e-09,-3.72382e-10,-8.01037e-10,0,0,0,0,1.61371e-13,1.07767e-10,9,0.0249259
2026-04-01 00:00:00+00:00,4.33833e-11,0.750245,9.61688e-10,-2.57304e-10,-2.77775e-10,0,0,0,0,5.53542e-13,4.28322e-11,9,0.0254229
2026-04-02 00:00:00+00:00,4.43148e-11,0.750245,9.24767e-10,-2.46636e-10,-1.98706e-10,0,0,0,0,3.18219e-13,4.39967e-11,9,0.0259585
2026-04-03 00:00:00+00:00,-1.24154e-11,0.750245,8.82536e-10,-2.13796e-10,-1.81584e-10,0,0,0,0,1.1806e-12,-1.3595e-11,9,0.0255908
2026-04-04 00:00:00+00:00,-4.85e-11,0.750245,9.16177e-10,-2.4943e-10,-2.61896e-10,0,0,0,0,-5.70944e-13,-4.79283e-11,9,0.0244054
2026-04-05 00:00:00+00:00,1.48495e-11,0.750245,9.24998e-10,-2.65359e-10,-3.28631e-10,0,0,0,0,-5.07149e-13,1.53577e-11,9,0.0230746
2026-04-06 00:00:00+00:00,-5.93658e-11,0.750245,9.41171e-10,-2.81271e-10,-3.7615e-10,0,0,0,0,-7.56055e-13,-5.86109e-11,9,0.0220776
2026-04-07 00:00:00+00:00,-1.76947e-12,0.750245,9.61552e-10,-3.05747e-10,-3.97893e-10,0,0,0,0,2.5808e-13,-2.02451e-12,9,0.0216423
2026-04-08 00:00:00+00:00,-7.43194e-12,0.750245,1.00553e-09,-3.30797e-10,-4.61954e-10,0,0,0,0,-2.62911e-13,-7.16915e-12,9,0.0219065
2026-04-09 00:00:00+00:00,-8.20494e-11,0.750245,1.03308e-09,-3.66398e-10,-4.93999e-10,0,0,0,0,-6.49871e-13,-8.13994e-11,9,0.0207496
2026-04-10 00:00:00+00:00,7.42628e-12,0.750245,1.07641e-09,-4.10623e-10,-4.65866e-10,0,0,0,0,-4.97831e-12,1.24054e-11,9,0.0202082
2026-04-11 00:00:00+00:00,-4.42647e-11,0.750245,1.09091e-09,-4.24249e-10,-4.45929e-10,0,0,0,0,-2.84175e-12,-4.1423e-11,9,0.0214621
2026-04-12 00:00:00+00:00,-4.2063e-12,0.750245,1.09912e-09,-4.49855e-10,-4.05364e-10,0,0,0,0,3.61717e-13,-4.56744e-12,9,0.0215198
2026-04-13 00:00:00+00:00,3.1191e-11,0.750245,1.0672e-09,-4.18904e-10,-3.54698e-10,0,0,0,0,-6.44076e-13,3.18373e-11,9,0.0237363
2026-04-14 00:00:00+00:00,4.97091e-12,0.750245,1.06755e-09,-4.0879e-10,-2.92495e-10,0,0,0,0,-1.77729e-13,5.15033e-12,9,0.0249417
2026-04-15 00:00:00+00:00,1.71858e-11,0.750245,1.05783e-09,-4.03691e-10,-2.43742e-10,0,0,0,0,-1.49808e-12,1.86853e-11,9,0.0251889
2026-04-16 00:00:00+00:00,-1.41289e-10,0.750245,1.09568e-09,-4.14231e-10,-2.8047e-10,0,0,0,0,2.32309e-13,-1.41522e-10,9,0.0238966
2026-04-17 00:00:00+00:00,1.75863e-10,0.750245,1.11709e-09,-4.11315e-10,-4.4612e-10,0,0,0,0,-2.52452e-12,1.7839e-10,9,0.0238284
2026-04-18 00:00:00+00:00,-4.93161e-12,0.750245,1.0377e-09,-3.57825e-10,-4.55177e-10,0,0,0,0,8.28904e-15,-4.93931e-12,9,0.0229228
2026-04-19 00:00:00+00:00,3.17135e-11,0.750245,9.84229e-10,-3.29597e-10,-4.23816e-10,0,0,0,0,3.98046e-13,3.13191e-11,9,0.0239802
2026-04-20 00:00:00+00:00,-3.18667e-12,0.750245,9.88786e-10,-3.37583e-10,-4.35805e-10,0,0,0,0,6.19514e-13,-3.80615e-12,9,0.026198
2026-04-21 00:00:00+00:00,-4.99745e-12,0.750245,9.77606e-10,-3.23608e-10,-4.03976e-10,0,0,0,0,8.27896e-13,-5.82487e-12,9,0.0268361
2026-04-22 00:00:00+00:00,4.34408e-12,0.750245,1.19443e-09,-1.74207e-10,-1.35461e-10,2.11945e-09,6.78222e-13,8.47778e-14,2.91984e-18,8.27913e-13,4.28015e-12,8.41667,0.0294605
2026-04-23 00:00:00+00:00,3.67415e-11,0.750245,1.14925e-09,-1.0866e-10,-1.0014e-11,0,0,0,0,4.12446e-13,3.63324e-11,8,0.0301717
2026-04-24 00:00:00+00:00,-2.03484e-11,0.750245,1.23508e-09,-1.35126e-10,-4.99912e-11,0,0,0,0,1.84718e-12,-2.2194e-11,8,0.0298341
2026-04-25 00:00:00+00:00,2.00535e-11,0.750245,1.19944e-09,-1.19759e-10,-2.53033e-11,0,0,0,0,1.28982e-12,1.87664e-11,8,0.0311515
2026-04-26 00:00:00+00:00,-1.07041e-11,0.750245,1.20824e-09,-1.27971e-10,-5.24671e-11,0,0,0,0,1.20602e-12,-1.19098e-11,8,0.031654
2026-04-27 00:00:00+00:00,-9.94649e-12,0.750245,1.17929e-09,-1.31726e-10,-5.18928e-11,0,0,0,0,1.12733e-12,-1.10727e-11,8,0.0333697
2026-04-28 00:00:00+00:00,1.15579e-11,0.750245,1.16299e-09,-1.27973e-10,-3.8521e-11,0,0,0,0,3.76406e-13,1.11829e-11,8,0.0335836
2026-04-29 00:00:00+00:00,-4.98795e-11,0.750245,1.17548e-09,-1.47995e-10,-8.2436e-11,0,0,0,0,-8.19736e-13,-4.9059e-11,8,0.0339277
2026-04-30 00:00:00+00:00,-5.72309e-12,0.750245,1.37575e-09,1.84269e-10,9.72587e-11,6.25712e-09,2.00228e-12,2.50285e-13,7.21232e-17,5.57855e-13,-4.02661e-12,6.69792,0.0342425
2026-05-01 00:00:00+00:00,5.8249e-12,0.750245,1.03373e-09,-5.77496e-11,-4.1104e-11,2.10498e-09,6.73595e-13,8.41993e-14,3.5429e-17,3.73174e-13,6.21198e-12,7.3125,0.0346034
2026-05-02 00:00:00+00:00,5.12967e-12,0.750245,9.08843e-10,-1.52862e-10,-1.36771e-10,0,0,0,0,5.94075e-13,4.53703e-12,8,0.0339934
2026-05-03 00:00:00+00:00,2.37228e-11,0.750245,9.68356e-10,-1.95942e-10,-1.48509e-10,4.57378e-09,1.46361e-12,1.82951e-13,7.13621e-17,2.73169e-13,2.5098e-11,7.65625,0.0362171
2026-05-04 00:00:00+00:00,4.08196e-11,0.750245,2.12384e-09,-2.5922e-12,-2.27596e-10,3.12608e-08,1.00034e-11,1.32219e-12,4.1298e-16,1.84987e-12,5.02972e-11,9.22917,0.0373502
2026-05-05 00:00:00+00:00,-1.57998e-11,0.750245,2.71674e-09,7.98262e-11,-2.16514e-10,2.51781e-08,8.05699e-12,1.15246e-12,4.32844e-16,1.39322e-12,-7.98098e-12,10.6042,0.0371635
2026-05-06 00:00:00+00:00,-8.52296e-12,0.750245,2.55037e-09,1.11352e-10,-1.55436e-10,2.88905e-08,9.24497e-12,1.20481e-12,3.55281e-16,4.8699e-13,1.44326e-12,10.1354,0.0365536
2026-05-07 00:00:00+00:00,4.4027e-12,0.750245,2.24106e-09,-3.81351e-11,-1.33689e-10,1.44089e-08,4.61084e-12,6.3998e-13,1.73982e-16,-4.0985e-13,1.00656e-11,10.6146,0.0361508
2026-05-08 00:00:00+00:00,-4.36251e-12,0.750245,2.02123e-09,-2.75238e-10,-8.27706e-11,1.60524e-08,5.13676e-12,6.50594e-13,1.76708e-16,1.40134e-12,2.40786e-14,10.4688,0.0358124
2026-05-09 00:00:00+00:00,-3.03696e-11,0.750245,2.11848e-09,-3.14697e-10,-4.01611e-10,4.74958e-09,1.51987e-12,1.89983e-13,8.80827e-17,4.12728e-13,-2.90698e-11,9.08333,0.0365348
2026-05-10 00:00:00+00:00,1.3771e-11,0.750245,2.41585e-09,-1.92709e-10,-2.75734e-10,3.17547e-08,1.01615e-11,1.27019e-12,4.12958e-16,7.17083e-13,2.4489e-11,9.39583,0.0370892
2026-05-11 00:00:00+00:00,6.50107e-11,0.750245,2.57026e-09,7.6566e-11,-8.22442e-11,2.21866e-08,7.09972e-12,8.87465e-13,2.51328e-16,1.66155e-13,7.28341e-11,11.0625,0.0381109
2026-05-12 00:00:00+00:00,-1.09705e-10,0.750245,2.55911e-09,-1.58278e-10,-1.998e-10,2.27448e-08,7.27833e-12,1.14308e-12,4.66352e-16,6.90681e-13,-1.01973e-10,11.1458,0.0379275
2026-05-13 00:00:00+00:00,1.67015e-11,0.750245,2.27107e-09,1.39135e-11,-7.52123e-11,2.91228e-08,9.31931e-12,1.27848e-12,2.72562e-16,1.21915e-12,2.60833e-11,9.45833,0.036781
2026-05-14 00:00:00+00:00,6.63258e-11,0.750245,2.16135e-09,1.24051e-10,-1.91928e-10,2.42856e-08,7.77139e-12,1.36093e-12,3.25393e-16,2.70932e-13,7.51908e-11,8.95833,0.0371344
2026-05-15 00:00:00+00:00,-2.53749e-11,0.750245,2.06309e-09,-1.49353e-10,-9.58487e-11,8.96087e-09,2.86748e-12,3.58435e-13,1.15139e-16,-2.59465e-13,-2.18899e-11,10.4167,0.0369231
2026-05-16 00:00:00+00:00,1.20857e-11,0.750245,1.34049e-09,1.01312e-10,-1.71257e-10,8.85756e-09,2.83442e-12,3.54302e-13,4.0726e-17,-8.15426e-14,1.53576e-11,8.16667,0.0362894
2026-05-17 00:00:00+00:00,2.24687e-12,0.750245,1.73636e-09,-1.94731e-10,-1.33953e-10,1.09557e-08,3.50581e-12,4.93579e-13,1.17937e-16,-8.3008e-13,7.07887e-12,6.375,0.0364281
2026-05-18 00:00:00+00:00,-7.55868e-11,0.750245,2.0202e-09,-2.42636e-10,-1.9471e-10,6.48199e-09,2.07424e-12,2.5928e-13,1.05811e-16,-1.39919e-13,-7.31132e-11,7.44792,0.0362342
2026-05-19 00:00:00+00:00,-2.83115e-11,0.750245,2.45378e-09,-3.12007e-10,-3.65029e-10,5.32196e-09,1.70303e-12,3.58708e-13,1.78929e-16,2.43958e-13,-2.64918e-11,8.30208,0.0373511
2026-05-20 00:00:00+00:00,-2.70385e-11,0.750245,2.53682e-09,9.38261e-11,-2.74798e-12,1.26856e-09,4.05938e-13,5.07423e-14,1.82094e-17,3.53591e-13,-2.69333e-11,8.65625,0.0382354
2026-05-21 00:00:00+00:00,5.80003e-12,0.750245,1.83686e-09,-1.58102e-10,-1.5913e-10,1.68964e-08,5.40683e-12,7.1632e-13,2.16038e-16,3.429e-13,1.15837e-11,9.25,0.0390099
2026-05-22 00:00:00+00:00,-5.15616e-11,0.750245,1.97643e-09,-1.37109e-10,-2.24165e-10,4.32731e-09,1.38474e-12,3.21984e-13,1.38198e-16,3.19008e-13,-5.0173e-11,9.58333,0.0387892
2026-05-23 00:00:00+00:00,1.55234e-11,0.750245,1.88145e-09,-8.95176e-11,-1.49985e-10,3.0666e-09,9.81313e-13,1.22664e-13,6.51548e-17,3.08082e-13,1.63212e-11,9.09375,0.037619
2026-05-24 00:00:00+00:00,-4.57259e-11,0.750245,2.5101e-09,-1.01587e-10,-9.89028e-11,0,0,0,0,2.60199e-13,-4.59869e-11,13,0.0388071
2026-05-25 00:00:00+00:00,6.06892e-12,0.750245,2.36928e-09,-1.41364e-10,-2.22721e-10,1.0718e-08,3.42976e-12,4.79179e-13,2.632e-16,-4.36631e-13,1.04157e-11,10.4896,0.0393746
2026-05-26 00:00:00+00:00,-1.05002e-11,0.750245,2.25063e-09,-1.02676e-10,-1.35849e-10,8.40489e-09,2.68956e-12,6.0493e-13,1.92095e-16,2.19712e-13,-7.42664e-12,11.2604,0.0400074
2026-05-27 00:00:00+00:00,8.76355e-11,0.750245,2.75339e-09,3.57916e-11,-8.83603e-11,2.22738e-08,7.12762e-12,1.14663e-12,5.96239e-16,7.89135e-13,9.51228e-11,11.1979,0.0419545
2026-05-28 00:00:00+00:00,3.52971e-11,0.750245,2.9745e-09,4.47409e-12,-9.00321e-11,4.00887e-08,1.28284e-11,1.60355e-12,8.69098e-16,3.90464e-13,4.93421e-11,11.6354,0.0434931
2026-05-29 00:00:00+00:00,4.22054e-11,0.750245,2.94266e-09,-1.36708e-10,-1.83125e-10,3.14527e-08,1.00649e-11,1.25811e-12,1.10899e-15,-8.73562e-13,5.4406e-11,12.7083,0.0444385
2026-05-30 00:00:00+00:00,7.00373e-12,0.750245,2.86974e-09,-2.17826e-10,-1.77394e-10,5.06686e-08,1.6214e-11,2.30484e-12,1.29419e-15,-2.00443e-14,2.55472e-11,10.8333,0.0435932
2026-05-31 00:00:00+00:00,9.39537e-11,0.750245,3.00494e-09,5.37983e-11,-1.61931e-10,3.15091e-08,1.00829e-11,1.63534e-12,5.43898e-16,5.44059e-12,1.00233e-10,10.9479,0.0428889
2026-06-01 00:00:00+00:00,-3.54625e-11,0.750245,2.72426e-09,1.67508e-10,-2.19936e-10,4.46699e-08,1.42944e-11,1.87272e-12,5.00932e-16,4.24084e-12,-2.35348e-11,11.4271,0.0417197
2026-06-02 00:00:00+00:00,-5.14113e-11,0.750245,2.64104e-09,2.54392e-10,-3.08964e-10,2.57796e-08,8.24946e-12,1.04665e-12,3.24164e-16,9.15038e-12,-5.12622e-11,11.1875,0.0392582
2026-06-03 00:00:00+00:00,-3.21404e-11,0.750245,2.47615e-09,6.82925e-10,-1.24506e-10,4.03365e-09,1.29077e-12,2.21578e-13,8.60547e-18,-2.94383e-14,-3.05977e-11,11.0625,0.0367951
2026-06-04 00:00:00+00:00,-4.53729e-11,0.750245,2.05583e-09,-9.66341e-11,-4.7821e-11,9.69702e-09,3.10305e-12,8.19543e-13,6.76044e-17,1.78953e-12,-4.32376e-11,11.6146,0.0350328
2026-06-05 00:00:00+00:00,-2.5862e-11,0.750245,1.45009e-09,7.30812e-11,-4.51062e-11,4.10306e-09,1.31298e-12,1.96825e-13,7.74378e-17,2.322e-13,-2.45823e-11,11.5833,0.0348315
2026-06-06 00:00:00+00:00,7.13296e-12,0.750245,2.72331e-09,7.49081e-10,-1.88029e-11,3.13637e-09,1.00364e-12,1.94125e-13,1.56333e-17,4.83545e-13,7.84816e-12,10.4479,0.0341511
2026-06-07 00:00:00+00:00,9.56399e-11,0.750245,2.56654e-09,8.84715e-10,-3.90483e-11,6.48316e-09,2.07461e-12,2.59327e-13,5.1934e-17,2.61193e-12,9.53629e-11,9.78125,0.0313547
2026-06-08 00:00:00+00:00,8.76226e-11,0.750245,2.11972e-09,1.64666e-10,-8.30244e-11,1.01206e-08,3.2386e-12,4.04825e-13,6.84391e-17,4.58642e-13,9.08113e-11,10.9583,0.0316179
2026-06-09 00:00:00+00:00,1.80538e-11,0.750245,1.458e-09,8.41894e-11,-8.32191e-11,5.34661e-09,1.71092e-12,2.13864e-13,2.87432e-17,4.98962e-13,1.94809e-11,9.125,0.0322775
2026-06-10 00:00:00+00:00,1.26108e-11,0.750245,2.39486e-09,-3.26547e-10,9.95263e-12,1.84334e-08,5.89867e-12,7.37334e-13,2.66136e-16,2.14044e-13,1.90356e-11,9.90625,0.034604
2026-06-11 00:00:00+00:00,1.0669e-10,0.750245,2.8228e-09,1.92204e-10,-1.43053e-10,1.32389e-08,4.23645e-12,8.56724e-13,1.89778e-16,2.86855e-13,1.11499e-10,10.6875,0.0367274
2026-06-12 00:00:00+00:00,-1.56364e-11,0.750245,2.93621e-09,7.04297e-10,-1.24382e-10,2.3582e-08,7.54625e-12,9.43282e-13,3.36779e-16,-1.7101e-13,-6.97505e-12,12.0208,0.0385117
2026-06-13 00:00:00+00:00,-5.14008e-11,0.750245,2.80482e-09,4.331e-10,-1.22974e-10,2.38198e-08,7.62233e-12,1.0079e-12,4.13589e-16,3.17637e-13,-4.30862e-11,11.0833,0.0384284
2026-06-14 00:00:00+00:00,-1.28287e-10,0.750245,1.85735e-09,-1.26754e-10,-1.61789e-10,9.81036e-09,3.13931e-12,3.92414e-13,1.57202e-16,5.28811e-13,-1.25284e-10,7.92708,0.0383637
2026-06-15 00:00:00+00:00,4.04297e-11,0.750245,1.69635e-09,7.87975e-11,-1.8969e-10,1.12443e-08,3.59817e-12,4.49771e-13,8.03658e-17,-7.32587e-12,5.18042e-11,11.6354,0.037703
2026-06-16 00:00:00+00:00,-1.06588e-10,0.750245,1.90587e-09,2.27799e-10,-2.03818e-10,1.01871e-09,3.25987e-13,6.41046e-14,2.45715e-17,6.28735e-13,-1.06827e-10,11,0.0357624
2026-06-17 00:00:00+00:00,-1.02604e-10,0.750245,1.74781e-09,1.59304e-10,-2.10812e-10,4.46821e-09,1.42983e-12,1.78728e-13,2.47616e-17,2.04755e-12,-1.03042e-10,11.1979,0.035447
2026-06-18 00:00:00+00:00,2.01835e-10,0.750245,1.81326e-09,-2.35614e-10,-6.88539e-10,2.08535e-09,6.67311e-13,8.34139e-14,2.7315e-17,-4.25162e-12,2.0684e-10,10.5729,0.0343392
2026-06-19 00:00:00+00:00,3.6247e-11,0.750245,1.64804e-09,4.90313e-10,-1.47999e-10,2.21135e-09,7.07632e-13,8.84541e-14,3.01459e-17,2.7844e-12,3.42611e-11,9.98958,0.0351275
2026-06-20 00:00:00+00:00,4.36422e-11,0.750245,1.91979e-09,-9.91378e-11,-1.87571e-10,1.86251e-08,5.96004e-12,1.27307e-12,1.4764e-16,5.3933e-12,4.54843e-11,10.2083,0.0375168
2026-06-21 00:00:00+00:00,9.29194e-11,0.750245,2.1212e-09,-1.68537e-10,-2.13169e-10,1.04634e-08,3.34828e-12,4.80207e-13,1.3284e-16,-3.22068e-12,9.99699e-11,10.8021,0.0384777
2026-06-22 00:00:00+00:00,-3.5117e-11,0.750245,1.92691e-09,1.16212e-10,-2.18813e-10,5.21234e-09,1.66795e-12,2.08494e-13,1.48407e-16,8.95892e-12,-4.21991e-11,8.65625,0.0391819
2026-06-23 00:00:00+00:00,-3.42297e-11,0.750245,1.76037e-09,-8.52955e-11,-3.9625e-10,7.67347e-09,2.45551e-12,7.99521e-13,6.75799e-17,3.93528e-12,-3.49099e-11,11.2396,0.038464
2026-06-24 00:00:00+00:00,9.86897e-11,0.750245,1.95713e-09,1.29175e-10,-3.20323e-10,1.31875e-08,4.21999e-12,6.15101e-13,1.37091e-16,2.52994e-12,1.00996e-10,10.1354,0.0372118
2026-06-25 00:00:00+00:00,7.48741e-11,0.750245,2.50924e-09,4.63707e-10,-1.5795e-10,2.6037e-08,8.33183e-12,1.17347e-12,5.56907e-16,1.32539e-12,8.30567e-11,11.7812,0.0370197
2026-06-26 00:00:00+00:00,-1.64158e-10,0.750245,2.52332e-09,3.51343e-10,-9.49593e-11,1.55328e-08,4.97049e-12,8.69522e-13,2.53049e-16,4.02381e-12,-1.62342e-10,10.9167,0.0363322
2026-06-27 00:00:00+00:00,-1.69752e-10,0.750245,1.69896e-09,-1.85783e-10,-1.63841e-10,3.08751e-09,9.88002e-13,1.235e-13,6.97832e-18,4.86891e-12,-1.73509e-10,9.09375,0.0355623
2026-06-28 00:00:00+00:00,2.88596e-11,0.750245,1.57513e-09,5.60434e-11,-1.65255e-10,8.46058e-09,2.70738e-12,3.38423e-13,1.66626e-16,2.39672e-12,2.95106e-11,8.85417,0.0352208
2026-06-29 00:00:00+00:00,-2.26197e-12,0.750245,1.53248e-09,5.41322e-11,-2.22294e-10,2.35238e-09,7.52762e-13,9.40953e-14,4.30352e-18,-5.26866e-12,3.85662e-12,10.9062,0.0366665
2026-06-30 00:00:00+00:00,-3.91108e-11,0.750245,1.56148e-09,-1.16422e-10,-2.80346e-10,7.5235e-09,2.40752e-12,3.0094e-13,1.39728e-16,1.57524e-12,-3.79771e-11,8.44792,0.0364848
2026-07-01 00:00:00+00:00,2.20852e-11,0.750245,1.65222e-09,-7.9696e-11,-1.12749e-10,1.02345e-08,3.27506e-12,5.05884e-13,1.95581e-16,1.70511e-12,2.41626e-11,7.48958,0.0354255
2026-07-02 00:00:00+00:00,-6.72011e-11,0.750245,1.87539e-09,8.75222e-11,-1.57299e-10,5.68296e-09,1.81855e-12,5.67522e-13,1.00599e-16,5.84918e-14,-6.48711e-11,10.1458,0.0350172
2026-07-03 00:00:00+00:00,9.8479e-12,0.750245,2.08311e-09,1.12339e-10,-7.7301e-11,1.25466e-08,4.01491e-12,6.35345e-13,2.2059e-16,1.56453e-12,1.29383e-11,8.25,0.0349528
2026-07-04 00:00:00+00:00,-1.87147e-11,0.750245,1.30735e-09,2.77907e-10,1.13686e-10,0,0,0,0,1.25454e-13,-1.88387e-11,10,0.0341338
2026-07-05 00:00:00+00:00,4.09723e-11,0.750245,1.04202e-09,5.74775e-11,5.13146e-11,4.13215e-09,1.32229e-12,1.65286e-13,2.91614e-17,5.122e-13,4.19502e-11,8.22917,0.03318
2026-07-06 00:00:00+00:00,3.53748e-11,0.750245,9.2496e-10,-4.38866e-11,-3.65684e-11,3.40998e-09,1.09119e-12,1.77128e-13,9.57426e-17,5.75977e-12,3.08847e-11,6.39583,0.0344613
2026-07-07 00:00:00+00:00,5.0292e-11,0.750245,1.26389e-09,-2.05822e-11,-1.23524e-10,7.80003e-09,2.49601e-12,4.29974e-13,1.11554e-16,-6.69673e-13,5.38889e-11,7.54167,0.0354998
2026-07-08 00:00:00+00:00,4.62894e-11,0.750245,1.58248e-09,3.38421e-10,-2.19383e-10,1.00601e-08,3.21924e-12,4.43171e-13,1.92569e-16,-1.02711e-12,5.09812e-11,8.48958,0.0355978
2026-07-09 00:00:00+00:00,-2.45447e-11,0.750245,1.93728e-09,2.10983e-10,-2.45868e-10,1.18527e-08,3.79286e-12,9.31576e-13,2.79293e-16,1.44626e-12,-2.12658e-11,8.72917,0.0359964
2026-07-10 00:00:00+00:00,4.73992e-11,0.750245,2.04756e-09,1.23638e-10,-3.09938e-10,2.57114e-08,8.22766e-12,1.14502e-12,5.33137e-16,1.41043e-13,5.66343e-11,8.8125,0.0354775
2026-07-11 00:00:00+00:00,-9.76996e-12,0.750245,2.32194e-09,9.31383e-11,-2.24406e-10,1.39495e-08,4.46383e-12,5.57979e-13,1.43807e-16,1.34274e-12,-6.0883e-12,8.70833,0.0362192
2026-07-12 00:00:00+00:00,3.82609e-11,0.750245,2.0408e-09,1.76331e-10,-2.74758e-10,1.9133e-08,6.12256e-12,7.6532e-13,2.91053e-16,8.99944e-13,4.42515e-11,8.48958,0.0359313
2026-07-13 00:00:00+00:00,-2.53995e-11,0.750245,1.9903e-09,1.55199e-10,-2.44662e-10,2.88358e-08,9.22747e-12,1.19219e-12,5.13194e-16,1.65303e-13,-1.51441e-11,8.76042,0.0360898
2026-07-14 00:00:00+00:00,6.62104e-11,0.750245,2.51456e-09,2.69968e-10,-2.67866e-10,1.8176e-08,5.81632e-12,8.07654e-13,2.49881e-16,5.41024e-13,7.22949e-11,12.6875,0.0362218
2026-07-15 00:00:00+00:00,3.14866e-11,0.750245,2.75557e-09,-2.45207e-11,-9.50684e-11,2.00412e-08,6.41319e-12,9.01644e-13,3.49291e-16,1.22447e-12,3.75778e-11,9.875,0.0371864
2026-07-16 00:00:00+00:00,-7.06097e-11,0.750245,2.06171e-09,1.65478e-10,-1.52663e-10,2.47364e-08,7.91565e-12,2.4033e-12,5.10305e-16,8.9027e-13,-6.11776e-11,9.5,0.0371021
2026-07-17 00:00:00+00:00,-8.57403e-12,0.750245,2.02608e-09,2.05567e-11,-1.71134e-10,1.8191e-08,5.82114e-12,1.81803e-12,3.80647e-16,5.77499e-13,-1.51076e-12,9.85417,0.0369783
2026-07-18 00:00:00+00:00,-2.93863e-11,0.750245,1.498e-09,3.86276e-10,-2.29226e-10,5.38876e-09,1.7244e-12,3.84715e-13,1.11802e-16,-6.71336e-13,-2.66049e-11,7.98958,0.0383568
2026-07-19 00:00:00+00:00,-1.32718e-10,0.750245,1.78919e-09,-1.92618e-10,-2.24896e-10,1.65323e-08,5.29034e-12,1.3973e-12,2.02601e-16,2.78356e-12,-1.28813e-10,7.71875,0.0401261
2026-07-20 00:00:00+00:00,4.48432e-11,0.750245,2.53566e-09,1.97752e-10,-2.04195e-10,3.78364e-08,1.21076e-11,3.84908e-12,5.57047e-16,4.15971e-14,6.07602e-11,9.69792,0.040078
2026-07-21 00:00:00+00:00,8.05203e-11,0.750245,2.73199e-09,1.12331e-10,-1.78289e-10,3.99038e-08,1.27692e-11,3.55987e-12,5.59895e-16,-3.94691e-13,9.7246e-11,11.2604,0.0401405
2026-07-22 00:00:00+00:00,5.7585e-12,0.750245,2.41949e-09,-1.92064e-11,-2.41224e-10,3.27606e-08,1.04834e-11,2.15617e-12,4.52497e-16,-2.09894e-12,2.05004e-11,11.1875,0.0400953
2026-07-23 00:00:00+00:00,2.39615e-11,0.750245,2.5736e-09,-1.65495e-10,-3.13294e-10,2.66574e-08,8.53037e-12,1.19541e-12,3.53915e-16,-1.85231e-12,3.55429e-11,11.1354,0.0394351
2026-07-24 00:00:00+00:00,-8.6704e-12,0.750245,2.15445e-09,2.85928e-10,-2.96987e-10,1.80106e-08,5.7634e-12,1.1471e-12,1.93622e-16,-2.32794e-12,5.68567e-13,10.1042,0.0382497
2026-07-25 00:00:00+00:00,1.62541e-11,0.750245,2.21131e-09,-1.27151e-10,-3.35346e-10,3.28491e-08,1.05117e-11,1.94643e-12,3.64796e-16,-2.79393e-12,3.15081e-11,8.95833,0.0371848
2026-07-26 00:00:00+00:00,-8.44302e-12,0.750245,1.77578e-09,1.54669e-10,-9.84157e-11,2.12283e-08,6.79307e-12,2.14293e-12,2.64258e-16,7.32765e-12,-6.83424e-12,7.54167,0.0364501
2026-07-27 00:00:00+00:00,1.47784e-11,0.750245,1.74538e-09,-8.2426e-11,-2.1738e-10,2.03957e-08,6.52662e-12,9.13152e-13,2.10191e-16,1.03049e-12,2.11887e-11,9.67708,0.0366277
2026-07-28 00:00:00+00:00,-1.33646e-10,0.750245,1.70836e-09,-2.57546e-10,-2.82605e-10,1.22611e-08,3.92356e-12,6.85912e-13,1.70561e-16,-5.426e-12,-1.23608e-10,11.5938,0.0353714
2026-07-29 00:00:00+00:00,1.77705e-11,0.750245,1.971e-09,-1.46597e-10,-2.4813e-10,1.1015e-08,3.52479e-12,4.40599e-13,1.53654e-16,-2.35505e-13,2.19713e-11,10.0625,0.0352452
2026-07-30 00:00:00+00:00,-8.82673e-11,0.750245,1.77404e-09,-5.14847e-11,1.04451e-10,5.54055e-09,1.77298e-12,2.79511e-13,1.11084e-16,1.16899e-11,-9.79045e-11,9.70833,0.0351735
2026-07-31 00:00:00+00:00,-2.53868e-11,0.750245,2.19862e-09,2.83785e-11,-1.16228e-10,2.25229e-09,7.20732e-13,1.50492e-13,2.67065e-17,1.47835e-12,-2.59917e-11,10.7083,0.0348767
2026-08-01 00:00:00+00:00,5.13918e-11,0.750245,1.40566e-09,-2.68218e-10,-1.67131e-10,3.26546e-09,1.04495e-12,1.30618e-13,1.37016e-17,-2.29833e-12,5.4868e-11,8.26042,0.0347962
2026-08-02 00:00:00+00:00,6.02429e-12,0.750245,1.39743e-09,-3.34842e-10,-1.88605e-10,2.23766e-09,7.16052e-13,8.95065e-14,1.50119e-17,-1.55652e-12,8.39025e-12,7.53125,0.0333046
2026-08-03 00:00:00+00:00,1.83176e-11,0.750245,2.07324e-09,4.6875e-11,-2.05864e-10,1.63738e-08,5.23963e-12,6.54954e-13,2.79332e-16,1.39513e-12,2.2822e-11,9.1875,0.0352138
2026-08-04 00:00:00+00:00,-7.29311e-11,0.750245,2.01759e-09,-3.04594e-10,-2.49486e-10,9.84834e-09,3.15147e-12,3.93934e-13,1.79376e-16,-1.40485e-11,-5.53357e-11,8.35417,0.0350115
2026-08-05 00:00:00+00:00,5.55873e-11,0.750245,1.53784e-09,5.47774e-12,-2.96241e-10,6.46944e-09,2.07022e-12,3.99349e-13,1.77544e-16,-1.68526e-13,5.82291e-11,8.55208,0.0352429
2026-08-06 00:00:00+00:00,-3.56337e-11,0.750245,1.51018e-09,9.79511e-11,-3.45443e-10,9.98852e-09,3.19633e-12,4.17592e-13,1.45491e-16,-2.46601e-13,-3.17727e-11,7.35417,0.0352399
2026-08-07 00:00:00+00:00,2.58669e-11,0.750245,1.53745e-09,2.97228e-11,-2.52734e-10,9.57796e-09,3.06495e-12,8.36537e-13,1.5761e-16,5.09003e-13,2.92615e-11,8.39583,0.0353996
2026-08-08 00:00:00+00:00,8.30003e-13,0.750245,1.11836e-09,-3.70404e-10,-2.41599e-10,8.48739e-09,2.71596e-12,3.39496e-13,1.48307e-16,-4.49801e-15,3.89064e-12,6.28125,0.0360153
2026-08-09 00:00:00+00:00,4.56053e-11,0.750245,1.11438e-09,-7.24665e-11,-2.38871e-10,7.81158e-09,2.49971e-12,3.50702e-13,1.09673e-16,-1.0208e-12,4.94785e-11,5.5625,0.0373956
2026-08-10 00:00:00+00:00,4.30451e-11,0.750245,1.927e-09,-2.29985e-10,-2.31635e-10,1.58316e-08,5.06613e-12,7.90275e-13,1.72987e-16,2.31565e-12,4.65872e-11,11.3229,0.0372618
2026-08-11 00:00:00+00:00,4.95461e-11,0.750245,1.99893e-09,-1.19543e-10,-2.45671e-10,2.17521e-08,6.96066e-12,1.54447e-12,2.78453e-16,4.40828e-12,5.36464e-11,9.1875,0.0379175
2026-08-12 00:00:00+00:00,-3.53904e-11,0.750245,1.9948e-09,-2.23199e-10,-2.35992e-10,1.42072e-08,4.5463e-12,1.15259e-12,2.03964e-16,-1.9515e-12,-2.77382e-11,9.13542,0.0373493
2026-08-13 00:00:00+00:00,3.17464e-11,0.750245,1.48362e-09,1.12263e-10,-9.96093e-11,8.08587e-09,2.58748e-12,5.96992e-13,7.38721e-17,1.87507e-12,3.30573e-11,8.16667,0.0361987
2026-08-14 00:00:00+00:00,9.3956e-12,0.750245,1.57994e-09,1.76627e-10,-3.58584e-10,3.08908e-09,9.88505e-13,1.23563e-13,2.18637e-17,-1.00964e-12,1.15201e-11,8.21875,0.0357708
2026-08-15 00:00:00+00:00,3.7252e-11,0.750245,1.35895e-09,-1.07372e-11,-4.13158e-10,6.85023e-09,2.19207e-12,6.22089e-13,1.07593e-16,1.82817e-12,3.82398e-11,9.4375,0.036978
2026-08-16 00:00:00+00:00,1.32387e-11,0.750245,1.47126e-09,-1.61525e-10,-3.60364e-10,1.11841e-08,3.57891e-12,1.06414e-12,1.8e-16,-9.46797e-13,1.88314e-11,8.60417,0.0385291
2026-08-17 00:00:00+00:00,1.31733e-10,0.750245,1.94879e-09,-1.90462e-10,-3.93094e-10,2.39448e-08,7.66235e-12,1.39322e-12,3.27872e-16,-7.85089e-13,1.41575e-10,9.45833,0.0384932
2026-08-18 00:00:00+00:00,2.71083e-11,0.750245,2.39819e-09,2.7103e-10,-3.03106e-10,3.37345e-08,1.0795e-11,2.1151e-12,5.40297e-16,6.00264e-13,3.94214e-11,11.0417,0.0394612
2026-08-19 00:00:00+00:00,-3.23689e-10,0.750245,2.73998e-09,-5.99108e-10,-2.59794e-10,3.67733e-08,1.17674e-11,2.15724e-12,5.41006e-16,9.44136e-13,-3.10707e-10,12.5417,0.0405658
2026-08-20 00:00:00+00:00,5.86016e-11,0.750245,3.57538e-09,1.84824e-10,-1.2385e-10,2.90522e-08,9.2967e-12,1.30512e-12,3.74712e-16,1.09341e-13,6.90952e-11,14.0938,0.040743
2026-08-21 00:00:00+00:00,-9.00987e-11,0.750245,3.80698e-09,1.96175e-10,-2.18354e-10,3.09514e-08,9.90445e-12,1.27718e-12,6.5743e-16,-1.80094e-12,-7.71141e-11,15.2188,0.0412982
2026-08-22 00:00:00+00:00,-1.35688e-10,0.750245,2.42184e-09,3.63932e-10,-1.28156e-10,5.30467e-09,1.6975e-12,2.51854e-13,6.7704e-17,-1.14783e-11,-1.22259e-10,14.0521,0.0399034
2026-08-23 00:00:00+00:00,7.0151e-11,0.750245,2.07745e-09,5.86434e-10,-5.47198e-11,9.44656e-09,3.0229e-12,3.77862e-13,7.10565e-17,-1.05826e-12,7.46117e-11,11.8958,0.0405652
2026-08-24 00:00:00+00:00,-3.6271e-11,0.750245,2.4955e-09,5.27239e-10,-7.37735e-11,1.45167e-08,4.64534e-12,8.13897e-13,1.19468e-16,6.37953e-13,-3.14486e-11,12.4271,0.0423706
2026-08-25 00:00:00+00:00,-3.36031e-11,0.750245,2.22953e-09,4.47826e-10,1.85404e-11,1.28665e-08,4.11727e-12,5.78141e-13,1.1605e-16,3.89262e-13,-2.9297e-11,11.8854,0.0428175
2026-08-26 00:00:00+00:00,-1.00934e-11,0.750245,1.89105e-09,-5.41311e-11,-7.99925e-11,1.11996e-08,3.58389e-12,5.26316e-13,1.01234e-16,6.17552e-13,-6.59938e-12,11.3021,0.0430809
2026-08-27 00:00:00+00:00,4.01317e-11,0.750245,2.35459e-09,4.65793e-10,-2.17115e-10,7.13273e-09,2.28247e-12,3.70824e-13,4.16391e-17,1.71771e-13,4.26167e-11,9.98958,0.0428565
2026-08-28 00:00:00+00:00,-1.53758e-10,0.750245,2.38723e-09,5.33018e-10,-1.86036e-10,2.01703e-09,6.45451e-13,8.06813e-14,1.10831e-17,4.86156e-13,-1.53517e-10,10.375,0.0431163
2026-08-29 00:00:00+00:00,6.63258e-11,0.750245,2.1401e-09,5.20081e-10,-2.24093e-10,0,0,0,0,6.34666e-13,6.56933e-11,10,0.0409556
2026-08-30 00:00:00+00:00,3.84477e-11,0.750245,2.13893e-09,8.78423e-11,-1.81438e-10,8.61561e-09,2.75699e-12,3.44624e-13,3.00287e-17,4.34e-12,3.72112e-11,11.2708,0.0415072
2026-08-31 00:00:00+00:00,7.73048e-11,0.750245,2.7242e-09,-3.69808e-10,-1.37263e-10,2.21385e-08,7.08431e-12,1.01832e-12,1.6138e-16,3.57378e-12,8.18357e-11,11.4062,0.041797
