,return,equity,gross,net,beta_exposure,turnover,fees,spread,impact,funding,gross_pnl,pnl_long,pnl_short,n_positions,stops,ic_est
2023-07-31 00:00:00+00:00,0,1,0,0,0,0,0,0,0,0,0,0,0,0,0,0
2023-08-01 00:00:00+00:00,0,1,0,0,0,0,0,0,0,0,0,0,0,0,0,0.000535897
2023-08-02 00:00:00+00:00,0,1,0,0,0,0,0,0,0,0,0,0,0,0,0,0.00105441
2023-08-03 00:00:00+00:00,-1.39752e-06,0.999999,7.28586e-05,7.28586e-05,5.76596e-05,0.00349721,1.11911e-06,1.39888e-07,1.38527e-07,0,0,0,0,0.0208333,0,0.00273883
2023-08-04 00:00:00+00:00,0.00114485,1.00114,0.0137825,0.00381552,0.00214894,0.0218273,6.985e-06,8.73125e-07,6.42443e-07,0.000371975,0.00078115,0.00094926,-0.00016811,1.85417,0,0.00831698
2023-08-05 00:00:00+00:00,-0.00119362,0.999948,0.0387295,-0.00490468,-0.00928726,0.0158619,5.07596e-06,6.34495e-07,3.63155e-07,0.000167208,-0.00135496,-0.00133808,-1.68872e-05,4.64583,0,0.0119515
2023-08-06 00:00:00+00:00,0.000101603,1.00005,0.0409133,-0.00517593,-0.00790065,0,0,0,0,0.000133009,-3.10497e-05,-0.000249731,0.000218681,5,0,0.00761163
2023-08-07 00:00:00+00:00,0.00114968,1.0012,0.0402855,-0.00465463,-0.00797276,0,0,0,0,6.39378e-05,0.00108589,0.000438182,0.00064771,5,0,0.00880393
2023-08-08 00:00:00+00:00,-0.00106672,1.00013,0.0400156,-0.00480267,-0.00958727,0,0,0,0,4.3436e-05,-0.00111051,-0.000478145,-0.000632364,5,0,0.00824335
2023-08-09 00:00:00+00:00,-0.000561729,0.99957,0.0401795,-0.00559922,-0.0125629,0,0,0,0,4.90979e-05,-0.000610754,-0.000508361,-0.000102393,5,0,0.00165532
2023-08-10 00:00:00+00:00,-9.3766e-05,0.999476,0.0396801,-0.00612826,-0.013138,0,0,0,0,2.31011e-05,-0.000116724,-0.000296417,0.000179694,5,0,0
2023-08-11 00:00:00+00:00,0.00176478,1.00124,0.0407616,-0.00478595,-0.0114424,0,0,0,0,0.000117007,0.0016468,0.00174925,-0.000102451,5,0,0
2023-08-12 00:00:00+00:00,-0.000814991,1.00042,0.0332526,-0.00817827,-0.0130362,0.0106922,3.9643e-06,3.17472e-06,3.90992e-07,2.52783e-05,-0.000832951,-0.000676547,-0.000156404,4.25,1,0
2023-08-13 00:00:00+00:00,0.000403924,1.00083,0.0300434,-0.00953173,-0.0125243,0,0,0,0,1.12509e-05,0.000392641,9.26682e-06,0.000383374,4,0,0
2023-08-14 00:00:00+00:00,-0.000414499,1.00041,0.0299881,-0.00960249,-0.0127484,0,0,0,0,5.55088e-06,-0.000420082,-5.08445e-05,-0.000369238,4,0,0
2023-08-15 00:00:00+00:00,0.00114316,1.00156,0.029671,-0.0094185,-0.0121102,0,0,0,0,5.29461e-06,0.00113744,-0.000263032,0.00140047,4,0,0
2023-08-16 00:00:00+00:00,0.000183602,1.00174,0.0268563,-0.00914059,-0.0116631,0.00183766,9.19239e-07,1.83848e-07,3.98614e-08,1.7392e-06,0.000183295,-0.00114921,0.0013325,3.83333,1,0
2023-08-17 00:00:00+00:00,0.0015694,1.00331,0.0217198,-0.00974441,-0.0121736,0.0170121,6.52331e-06,3.88609e-06,2.6968e-06,6.63641e-07,0.00158255,-0.0010184,0.00260095,2.89583,1,0
2023-08-18 00:00:00+00:00,-8.62296e-05,1.00323,0.00356124,-0.00356124,-0.00510378,0,0,0,0,-6.57296e-07,-8.55659e-05,0,-8.55659e-05,2,0,0
2023-08-19 00:00:00+00:00,-3.34956e-05,1.00319,0.00356592,-0.00356592,-0.00498056,0,0,0,0,-1.08437e-06,-3.24059e-05,0,-3.24059e-05,2,0,0
2023-08-20 00:00:00+00:00,-1.05649e-05,1.00318,0.00358758,-0.00358758,-0.00493542,0,0,0,0,-1.72358e-06,-8.83891e-06,0,-8.83891e-06,2,0,0
2023-08-21 00:00:00+00:00,-9.01628e-06,1.00317,0.00359115,-0.00359115,-0.00480925,0,0,0,0,-5.70766e-07,-8.43569e-06,0,-8.43569e-06,2,0,0
2023-08-22 00:00:00+00:00,1.97793e-05,1.00319,0.00362013,-0.00362013,-0.00466515,0,0,0,0,-1.59401e-06,2.13873e-05,0,2.13873e-05,2,0,0
2023-08-23 00:00:00+00:00,-5.79779e-05,1.00313,0.00361024,-0.00361024,-0.00450842,0,0,0,0,-1.49621e-07,-5.78245e-05,0,-5.78245e-05,2,0,0
2023-08-24 00:00:00+00:00,2.66017e-06,1.00314,0.00365143,-0.00365143,-0.00445449,0,0,0,0,-1.31644e-07,2.79603e-06,0,2.79603e-06,2,0,0
2023-08-25 00:00:00+00:00,2.7509e-05,1.00317,0.00358837,-0.00358837,-0.00392671,0,0,0,0,5.47675e-07,2.69659e-05,0,2.69659e-05,2,0,6.01393e-05
2023-08-26 00:00:00+00:00,3.2596e-05,1.0032,0.00360517,-0.00360517,-0.0036831,0,0,0,0,9.48712e-07,3.1648e-05,0,3.1648e-05,2,0,0.00132274
2023-08-27 00:00:00+00:00,-1.41604e-05,1.00318,0.00358981,-0.00358981,-0.00361385,0,0,0,0,4.01504e-07,-1.45605e-05,0,-1.45605e-05,2,0,0.00304643
2023-08-28 00:00:00+00:00,7.06687e-06,1.00319,0.00356456,-0.00356456,-0.0035336,0,0,0,0,8.75352e-07,6.19425e-06,0,6.19425e-06,2,0,0.00247391
2023-08-29 00:00:00+00:00,-0.000166828,1.00302,0.00363564,-0.00363564,-0.00363228,0,0,0,0,3.35225e-07,-0.000167156,0,-0.000167156,2,0,0.00137988
2023-08-30 00:00:00+00:00,7.60209e-05,1.0031,0.00369304,-0.00369304,-0.00381926,0,0,0,0,9.7279e-07,7.50484e-05,0,7.50484e-05,2,0,0.00182954
2023-08-31 00:00:00+00:00,0.000319122,1.00342,0.00525028,-0.00437346,-0.00411613,0.00623432,1.99501e-06,2.49376e-07,1.9315e-07,1.61201e-06,0.000319908,2.24145e-05,0.000297493,2.625,0,0.00538902
2023-09-01 00:00:00+00:00,-0.000149803,1.00327,0.0125675,-0.00621827,-0.0043585,0.00406594,1.30109e-06,1.62636e-07,1.09944e-07,6.34461e-06,-0.000154542,8.64951e-05,-0.000241037,4.52083,0,0.00708994
2023-09-02 00:00:00+00:00,-0.000882555,1.00238,0.01997,-0.00669664,-0.00454946,0.0104752,3.35205e-06,4.19006e-07,4.34813e-07,6.0032e-06,-0.000884638,-0.000321878,-0.00056276,6.41667,0,0.00967305
2023-09-03 00:00:00+00:00,0.00014929,1.00253,0.0249237,-0.00455165,-0.00211849,0,0,0,0,1.93941e-05,0.000129955,0.000327318,-0.000197363,8,0,0.00752614
2023-09-04 00:00:00+00:00,0.000539623,1.00307,0.0232946,-0.00205813,0.00129153,0.0018945,6.06311e-07,7.57888e-08,5.917e-08,0.000118503,0.00042213,0.000128935,0.000293195,7,0,0.00281745
2023-09-05 00:00:00+00:00,0.000601861,1.00368,0.0220985,-0.00333614,0.000185671,0.00275321,8.81407e-07,1.10176e-07,1.83255e-07,9.74744e-05,0.000505616,0.00050627,-6.5314e-07,7,0,0.00399483
2023-09-06 00:00:00+00:00,-0.000818157,1.00286,0.021274,-0.00472495,-0.00178132,0,0,0,0,1.83853e-05,-0.000836804,-1.03144e-05,-0.00082649,7,0,0.00330378
2023-09-07 00:00:00+00:00,-9.83283e-05,1.00276,0.0288714,0.00167214,0.00531165,0.00854688,2.73493e-06,1.32099e-06,3.94716e-07,0.000113891,-0.000207666,2.42175e-05,-0.000231883,8.72917,0,0.00789875
2023-09-08 00:00:00+00:00,0.000162964,1.00292,0.0291644,0.00705737,0.0132454,0.0049818,2.06263e-06,2.72632e-06,3.40089e-07,0.000132278,3.60389e-05,-8.34475e-05,0.000119486,8.04167,1,0.00745805
2023-09-09 00:00:00+00:00,-0.000414131,1.00251,0.0295266,0.007739,0.0152086,0.00647689,2.07243e-06,2.59054e-07,4.24378e-07,3.31599e-05,-0.000444321,-0.000923443,0.000479121,8,0,0.00926007
2023-09-10 00:00:00+00:00,0.000813502,1.00332,0.0419398,0.00556536,0.00707087,0.0562081,1.7987e-05,2.24837e-06,1.83557e-06,3.01188e-05,0.000805442,0.00064354,0.000161902,9.1875,0,0.00903294
2023-09-11 00:00:00+00:00,0.000970023,1.0043,0.196028,0.0191533,0.011072,0.148118,4.74044e-05,1.55648e-05,1.28578e-05,0.00107211,-1.96525e-05,-0.00380005,0.00378039,15,0,0.0150407
2023-09-12 00:00:00+00:00,0.00569751,1.01002,0.211974,0.0258231,0.0115243,0.0156526,5.01096e-06,1.79605e-06,6.15344e-07,0.0014437,0.00424837,0.0052296,-0.000981227,15,0,0.0129417
2023-09-13 00:00:00+00:00,0.00348198,1.01353,0.23541,0.0270883,0.00799531,0.0646385,2.06849e-05,3.63386e-06,2.27193e-06,0.00159333,0.00191709,0.00523561,-0.00331852,15.875,0,0.0160461
2023-09-14 00:00:00+00:00,0.0108878,1.02457,0.317997,0.0232463,-0.00183441,0.0989126,3.16624e-05,9.5947e-06,4.59257e-06,0.00187468,0.00901131,0.00715,0.00186131,18.6042,0,0.0217624
2023-09-15 00:00:00+00:00,0.0116552,1.03651,0.425883,0.0203975,-0.00647523,0.183795,6.19472e-05,3.55504e-05,8.95841e-06,0.00176911,0.00994215,0.0155538,-0.00561167,19.2292,1,0.0281177
2023-09-16 00:00:00+00:00,0.00343566,1.04007,0.546531,0.0170185,-0.0139429,0.166264,5.32062e-05,1.85342e-05,7.49127e-06,0.00117295,0.00234827,-0.00153072,0.00387899,21.125,0,0.0327858
2023-09-17 00:00:00+00:00,-0.00669874,1.03311,0.623867,0.0184958,-0.0175452,0.116483,3.84719e-05,1.83614e-05,6.13331e-06,0.00102761,-0.0076522,-0.0115194,0.00386718,21.7292,1,0.0345032
2023-09-18 00:00:00+00:00,0.00150208,1.03466,0.659431,0.0335957,-0.00492435,0.155502,4.97595e-05,3.29589e-05,8.34621e-06,0.000915442,0.000703274,0.00712901,-0.00642574,23.2917,0,0.0346444
2023-09-19 00:00:00+00:00,0.00422308,1.03903,0.724424,0.051748,0.000608555,0.111185,3.5585e-05,2.12807e-05,4.61396e-06,0.000713219,0.00358009,0.0142229,-0.0106428,24,0,0.0349196
2023-09-20 00:00:00+00:00,-0.0050752,1.03375,0.871488,0.0854504,0.0151737,0.25368,8.11507e-05,5.66826e-05,1.07684e-05,0.000112,-0.00502515,-0.00878962,0.00376446,25.0625,0,0.0355221
2023-09-21 00:00:00+00:00,0.00139943,1.0352,1.02846,0.114575,0.0279733,0.356811,0.000114191,2.72373e-05,1.56923e-05,0.000105298,0.00146917,-0.0115188,0.012988,26.9583,0,0.0326929
2023-09-22 00:00:00+00:00,-0.00800272,1.02692,1.0319,0.105328,0.0318861,0.313286,0.000100043,1.99e-05,2.15875e-05,0.000153385,-0.00799421,0.0147292,-0.0227234,27,0,0.0305646
2023-09-23 00:00:00+00:00,-0.00770901,1.019,0.961238,0.0678197,0.0341066,0.0753019,2.4088e-05,3.011e-06,5.85196e-06,0.000274498,-0.00795647,-0.0114492,0.00349271,27,0,0.0257601
2023-09-24 00:00:00+00:00,-0.00406389,1.01486,0.893118,0.0735933,0.00842242,0.0956913,3.06176e-05,3.8272e-06,3.86098e-06,0.000157252,-0.00418354,-0.0118528,0.00766929,27,0,0.0227385
2023-09-25 00:00:00+00:00,0.00981936,1.02482,0.854334,0.106604,0.023829,0.241466,7.73599e-05,1.7051e-05,2.27932e-05,0.000106197,0.0097931,0.0143167,-0.00452356,27,0,0.0195651
2023-09-26 00:00:00+00:00,0.00322828,1.02813,0.866019,0.100776,0.027721,0.0766681,2.54405e-05,6.91732e-06,3.65911e-06,0.000154712,0.00311842,0.00317924,-6.08258e-05,27.0208,1,0.0199192
2023-09-27 00:00:00+00:00,0.00476096,1.03303,0.802032,0.0678002,0.0166861,0.0784911,2.51206e-05,8.14055e-06,4.3131e-06,8.27644e-05,0.00471946,0.00525915,-0.000539693,27,0,0.0173967
2023-09-28 00:00:00+00:00,-0.0110862,1.02157,0.737485,0.0666552,0.0362667,0.145292,5.12351e-05,1.17636e-05,6.76034e-06,3.27759e-05,-0.0110977,0.00457282,-0.0156706,27.1875,1,0.0153903
2023-09-29 00:00:00+00:00,-0.00997147,1.01139,0.561865,0.0531731,0.0327877,0.192337,6.14992e-05,1.06862e-05,8.18256e-06,7.40752e-06,-0.00993603,-0.00118295,-0.00875308,27,0,0.0083967
2023-09-30 00:00:00+00:00,0.000836422,1.01223,0.472493,0.0453949,0.0273718,0.0811435,3.15501e-05,5.10735e-06,2.39061e-06,1.94593e-05,0.000860881,0.00171508,-0.0008542,26.3125,2,0.00121116
2023-10-01 00:00:00+00:00,-0.00307334,1.00912,0.421614,0.0374926,0.020208,0.0793483,2.53809e-05,5.04908e-06,1.02442e-05,-1.26757e-05,-0.00301732,0.0105855,-0.0136028,25,0,0.00225779
2023-10-02 00:00:00+00:00,-0.000116626,1.009,0.340634,0.027153,0.0163664,0.0563959,1.8049e-05,5.54074e-06,7.56677e-06,3.41396e-05,-0.00011669,-0.00813596,0.00801927,22.7708,0,0.00368195
2023-10-03 00:00:00+00:00,0.000957648,1.00997,0.328953,0.0257167,0.0101053,0.0127234,4.07207e-06,5.09009e-07,2.38168e-07,-1.18815e-06,0.000965633,-0.00573595,0.00670158,23.7292,0,0.00536323
2023-10-04 00:00:00+00:00,0.00153708,1.01152,0.317966,0.0253585,0.00496107,0,0,0,0,-1.61324e-05,0.00155362,0.000884539,0.000669085,24,0,0.00445568
2023-10-05 00:00:00+00:00,0.00208693,1.01363,0.318592,0.0261662,0.00637802,0,0,0,0,-6.58489e-06,0.00209283,-0.00159204,0.00368486,24,0,0.000735084
2023-10-06 00:00:00+00:00,0.000941836,1.01459,0.321863,0.0306608,0.0107675,0.00473382,1.51446e-06,1.89307e-07,6.62855e-08,-1.19667e-05,0.000957256,0.00365312,-0.00269586,24,0,0.000199069
2023-10-07 00:00:00+00:00,-0.00127307,1.0133,0.320355,0.0289261,0.00815452,0.00426218,1.36356e-06,6.67298e-07,1.93919e-07,-1.26783e-05,-0.00125733,-0.00251466,0.00125733,24,0,0.000749391
2023-10-08 00:00:00+00:00,0.00335355,1.0167,0.316746,0.0284645,0.00999958,0.0224066,7.1809e-06,2.41589e-06,4.22707e-06,-1.21515e-05,0.00337731,0.00233433,0.00104297,24,0,0
2023-10-09 00:00:00+00:00,0.00095926,1.01767,0.23782,-0.00477979,-0.0188552,0.0935692,3.0666e-05,1.37241e-05,2.12846e-05,-2.37798e-05,0.00104959,-0.00548809,0.00653768,21.3958,1,0.000645812
2023-10-10 00:00:00+00:00,-0.00169031,1.01595,0.226912,-0.00300294,-0.014633,0.00211465,6.76572e-07,8.45714e-08,1.21505e-07,-1.75265e-06,-0.00168864,-0.00224305,0.000554408,21,0,0.0025458
2023-10-11 00:00:00+00:00,0.00099155,1.01696,0.224176,-0.00191551,-0.0118083,0,0,0,0,-4.12065e-06,0.000995715,0.000777661,0.000218054,21,0,8.71823e-05
2023-10-12 00:00:00+00:00,-7.90221e-05,1.01688,0.221519,-0.00237117,-0.0108069,0.000552273,2.76289e-07,5.52579e-08,4.27878e-09,-2.31565e-06,-7.56772e-05,-0.00203174,0.00195606,20.3958,1,0
2023-10-13 00:00:00+00:00,0.00131828,1.01822,0.223301,-0.00287476,-0.00917985,0.00247892,7.93352e-07,9.9169e-08,3.79464e-09,-1.32149e-05,0.00133244,0.00235958,-0.00102714,20,0,0
2023-10-14 00:00:00+00:00,-0.000575426,1.01763,0.22681,-0.00403358,-0.00712419,0,0,0,0,-5.7227e-06,-0.000569504,-7.42191e-05,-0.000495285,20,0,0
2023-10-15 00:00:00+00:00,-0.000708027,1.01691,0.226486,-0.00308905,-0.00795086,0.00173581,8.67515e-07,1.73503e-07,1.07362e-07,1.0237e-06,-0.0007076,0.000624808,-0.00133241,19.0625,1,0
2023-10-16 00:00:00+00:00,0.000550579,1.01747,0.21698,0.0104883,0.00701282,0.0278422,1.08952e-05,4.36892e-06,2.44193e-06,-7.37849e-07,0.000569772,0.00249278,-0.001923,18,1,0
2023-10-17 00:00:00+00:00,0.00112789,1.01862,0.212959,0.0137228,0.0105464,0,0,0,0,-3.67342e-05,0.00116538,-0.00166406,0.00282944,18,0,0
2023-10-18 00:00:00+00:00,-0.00195351,1.01663,0.210699,0.0129631,0.00737866,0.00331426,1.0597e-06,3.08275e-07,5.59479e-08,-1.96169e-05,-0.0019328,-0.00228439,0.000351596,18,0,0
2023-10-19 00:00:00+00:00,0.00126908,1.01792,0.20923,0.0103743,0.00388403,0,0,0,0,-1.75393e-05,0.00128645,-0.00089026,0.00217671,18,0,0
2023-10-20 00:00:00+00:00,-0.00138175,1.01651,0.21432,0.0103407,0.00199388,0,0,0,0,4.30494e-06,-0.00138607,0.00302363,-0.0044097,18,0,0
2023-10-21 00:00:00+00:00,0.0023253,1.01888,0.22033,0.0110413,0.0023017,0.00217084,6.94512e-07,8.6814e-08,2.51125e-07,5.21147e-06,0.00232017,0.00573296,-0.00341279,18,0,0
2023-10-22 00:00:00+00:00,0.000763365,1.01965,0.219232,0.0123105,0.00655254,0.0183749,5.88164e-06,1.20097e-06,9.1389e-07,2.3048e-05,0.000750589,0.0041077,-0.00335711,17.375,0,0
2023-10-23 00:00:00+00:00,0.000539495,1.0202,0.158574,-0.010489,-0.0136364,0.0997417,3.59776e-05,2.54602e-05,8.87172e-06,4.55513e-06,0.000607389,0.00493414,-0.00432675,15.875,3,0
2023-10-24 00:00:00+00:00,-0.0027061,1.01744,0.137309,0.00642476,-0.00334329,0.00515953,1.65065e-06,2.71218e-07,3.14723e-07,3.39086e-06,-0.00270947,-0.000880831,-0.00182864,14,0,0
2023-10-25 00:00:00+00:00,-0.000458147,1.01698,0.134655,0.00888345,-0.000775018,0.0127639,5.73699e-06,1.06138e-06,1.31612e-06,6.38382e-07,-0.000450141,0.00100235,-0.00145249,13.9375,1,0
2023-10-26 00:00:00+00:00,-0.00109523,1.01586,0.133178,0.0112776,-0.000557013,0.00438182,1.40199e-06,1.75249e-07,1.82233e-07,-1.06004e-05,-0.00108181,-0.00021483,-0.000866976,14,0,0
2023-10-27 00:00:00+00:00,-0.000609362,1.01524,0.129775,0.00838317,-0.00207645,0.00207227,6.62787e-07,8.28483e-08,4.31374e-08,-1.7324e-06,-0.000606304,-0.00161222,0.00100592,15,0,0
2023-10-28 00:00:00+00:00,1.22013e-05,1.01526,0.131602,0.0078303,-0.00285588,0,0,0,0,5.68623e-06,7.18485e-06,0.00142282,-0.00141564,15,0,0
2023-10-29 00:00:00+00:00,0.000527836,1.01579,0.132177,0.00853687,-0.00172477,0,0,0,0,-1.02665e-05,0.000538406,0.000713231,-0.000174825,15,0,0
2023-10-30 00:00:00+00:00,-0.00055302,1.01523,0.100269,-0.00366168,-0.00882054,0.0329344,1.05361e-05,1.31701e-06,3.05084e-06,3.26458e-06,-0.00054109,0.000265371,-0.000806461,13,0,0
2023-10-31 00:00:00+00:00,-0.000216772,1.01501,0.100099,-0.00383161,-0.00813132,0,0,0,0,3.43911e-07,-0.000216875,-0.000566227,0.000349352,13,0,0
2023-11-01 00:00:00+00:00,-0.000263618,1.01474,0.0995698,-0.00395202,-0.00776575,0.00439283,1.4054e-06,2.2773e-07,5.36659e-08,3.39997e-06,-0.000264981,0.000685224,-0.000950205,13.1458,0,0
2023-11-02 00:00:00+00:00,0.000217464,1.01496,0.104576,-0.00359923,-0.00882906,0,0,0,0,6.51033e-06,0.000211231,-0.00134804,0.00155927,14,0,0
2023-11-03 00:00:00+00:00,-0.000670542,1.01428,0.102725,-0.00348127,-0.00877486,0,0,0,0,9.06015e-07,-0.000671386,0.000435194,-0.00110658,14,0,0
2023-11-04 00:00:00+00:00,-0.00179965,1.01246,0.107171,-0.00292331,-0.00727777,0.0141724,4.53356e-06,5.66696e-07,8.11899e-07,1.07173e-05,-0.00180552,0.000770692,-0.00257621,14.625,0,0
2023-11-05 00:00:00+00:00,-0.000327895,1.01213,0.0995547,0.00836644,0.00663005,0.0444268,1.99123e-05,6.56398e-06,4.1128e-06,9.18862e-07,-0.000297895,0.000585233,-0.000883127,13.2083,3,0
2023-11-06 00:00:00+00:00,0.00205394,1.01421,0.0705379,0.0159412,0.017289,0.023639,7.98318e-06,1.73053e-06,1.34179e-06,1.72841e-05,0.00204606,0.00238788,-0.000341824,12.5417,1,0
2023-11-07 00:00:00+00:00,-0.000817123,1.01338,0.0685582,0.016467,0.0183289,0,0,0,0,3.59871e-05,-0.000852999,-0.000670596,-0.000182403,12,0,0
2023-11-08 00:00:00+00:00,0.00131732,1.01471,0.0674119,0.0193676,0.020996,0.00451305,2.25616e-06,1.5909e-06,5.791e-07,5.99402e-05,0.00126123,0.00180366,-0.000542434,10.7917,2,0
2023-11-09 00:00:00+00:00,-0.000568896,1.01413,0.0694835,0.0189706,0.0192935,0.00731355,2.33894e-06,2.92368e-07,3.84765e-07,4.70512e-05,-0.000611398,-0.000591433,-1.99649e-05,10.9583,0,0
2023-11-10 00:00:00+00:00,-0.000278097,1.01385,0.0691,0.0174502,0.017559,0.0109666,3.99389e-06,1.77759e-06,5.53122e-07,2.57394e-06,-0.000273844,0.00115993,-0.00143377,11,1,0
2023-11-11 00:00:00+00:00,0.000900137,1.01476,0.0607446,0.00843904,0.0081193,0.0118963,3.80829e-06,4.76036e-07,3.30174e-07,-1.26585e-05,0.000918036,0.00090567,1.23665e-05,11,0,0
2023-11-12 00:00:00+00:00,7.90311e-05,1.01484,0.055553,0.00599432,0.00518489,0,0,0,0,1.01805e-07,7.90766e-05,0.000303074,-0.000223997,11,0,0
2023-11-13 00:00:00+00:00,-0.00159105,1.01323,0.0524381,0.0088293,0.00847688,0.010642,4.92205e-06,9.31475e-07,1.31335e-06,-1.12741e-05,-0.00157328,-0.00122117,-0.000352108,10.8125,1,0
2023-11-14 00:00:00+00:00,0.000228569,1.01346,0.0470717,0.00922606,0.0091842,0.00211661,6.77381e-07,8.46727e-08,8.55806e-08,-5.56919e-06,0.000235171,-0.000398901,0.000634072,11,0,0
2023-11-15 00:00:00+00:00,0.000154195,1.01362,0.0473674,0.00846572,0.00841834,0.00206754,6.61617e-07,8.27021e-08,1.28861e-07,-6.69823e-06,0.000161854,0.00133937,-0.00117752,11,0,0
2023-11-16 00:00:00+00:00,0.00145266,1.01509,0.0544835,0.00860165,0.00608801,0.0233775,7.48384e-06,5.30512e-06,5.36801e-07,-9.05667e-06,0.00147511,6.70946e-05,0.00140801,11.625,0,0
2023-11-17 00:00:00+00:00,0.00100409,1.01611,0.0512817,0.00568749,0.00222511,0.00404937,1.29627e-06,1.88086e-06,1.66478e-07,-2.09279e-07,0.00100743,0.0010447,-3.72719e-05,12,0,0
2023-11-18 00:00:00+00:00,-0.000540187,1.01556,0.0494288,0.00430898,0.00149611,0,0,0,0,3.15679e-07,-0.000540524,-0.00061226,7.17356e-05,12,0,0
2023-11-19 00:00:00+00:00,-0.000228461,1.01533,0.0496341,0.00384064,0.00113066,0,0,0,0,9.94959e-07,-0.000229441,0.000410663,-0.000640104,12,0,0
2023-11-20 00:00:00+00:00,6.0731e-05,1.01539,0.0442669,0.00773029,0.00596529,0.0101,3.23289e-06,2.18485e-06,5.59098e-07,-5.46193e-06,7.24878e-05,-5.58363e-05,0.000128324,11,0,0
2023-11-21 00:00:00+00:00,-0.000508228,1.01487,0.0398578,0.00402437,0.00447893,0,0,0,0,-1.83961e-06,-0.000506323,-0.00171831,0.00121198,11,0,0
2023-11-22 00:00:00+00:00,5.6966e-05,1.01493,0.0390438,0.00380554,0.00496985,0,0,0,0,7.04056e-07,5.62883e-05,0.00117403,-0.00111774,11,0,0
2023-11-23 00:00:00+00:00,-0.000288752,1.01464,0.0400367,0.00348761,0.00421147,0,0,0,0,-9.29105e-07,-0.000287817,2.86319e-05,-0.000316449,11,0,0
2023-11-24 00:00:00+00:00,-0.00037072,1.01426,0.041583,0.00240245,0.00264875,0.00211063,6.754e-07,8.4425e-08,4.64193e-08,-6.41905e-08,-0.000369807,0.000202214,-0.00057202,11.375,0,0
2023-11-25 00:00:00+00:00,-0.000361455,1.0139,0.0384818,0.00575968,0.00623189,0.00538212,2.69084e-06,5.38168e-07,8.82258e-07,-2.5288e-06,-0.00035484,0.000209969,-0.000564809,11.0417,1,0
2023-11-26 00:00:00+00:00,7.00193e-05,1.01397,0.0380737,0.00596207,0.00635689,0,0,0,0,-4.39198e-07,7.04797e-05,-0.000180083,0.000250563,11,0,0
2023-11-27 00:00:00+00:00,-0.000144812,1.01382,0.0340763,0.00674718,0.00751862,0.00588128,2.56449e-06,1.25984e-06,1.69238e-07,-1.81494e-06,-0.000138917,-0.000368975,0.000230058,9.64583,1,0
2023-11-28 00:00:00+00:00,2.1627e-05,1.01384,0.0316318,0.00413069,0.00550146,0,0,0,0,-1.08479e-06,2.27405e-05,0.000317457,-0.000294716,9,0,0
2023-11-29 00:00:00+00:00,-0.000102662,1.01374,0.0322305,0.00417957,0.0052335,0,0,0,0,-1.20191e-06,-0.000101417,-6.50799e-05,-3.63367e-05,9,0,0
2023-11-30 00:00:00+00:00,0.000387862,1.01413,0.0322955,0.00433875,0.00499365,0,0,0,0,-1.2359e-06,0.000389059,0.000353975,3.50842e-05,9,0,0
2023-12-01 00:00:00+00:00,-2.58048e-05,1.01411,0.0307436,0.00662319,0.00604764,0.012101,5.57954e-06,1.05313e-06,4.174e-08,-1.75132e-06,-1.73515e-05,0.000323221,-0.000340573,9,1,0.000304583
2023-12-02 00:00:00+00:00,0.000323927,1.01443,0.0265806,0.0114656,0.00899193,0,0,0,0,-1.75108e-06,0.000325661,0.000614775,-0.000289115,9,0,0.00202394
2023-12-03 00:00:00+00:00,-4.33388e-05,1.01439,0.0269736,0.0115522,0.00890144,0,0,0,0,-2.34304e-06,-4.09605e-05,-8.24485e-06,-3.27157e-05,9,0,0.000996609
2023-12-04 00:00:00+00:00,0.000647982,1.01505,0.0263004,0.0111977,0.00845293,0.00623957,2.49987e-06,4.41996e-07,2.43922e-08,-3.5758e-06,0.000654461,0.000750315,-9.58542e-05,8,1,0.00215321
2023-12-05 00:00:00+00:00,0.000238353,1.01529,0.02634,0.0114692,0.00857654,0,0,0,0,-2.17943e-06,0.000240652,0.000365612,-0.00012496,8,0,0.00362708
2023-12-06 00:00:00+00:00,6.15155e-05,1.01535,0.0264996,0.0111652,0.00931872,0.00426433,1.3647e-06,3.82778e-07,1.17292e-07,-2.99353e-06,6.67359e-05,5.10971e-05,1.56388e-05,8,0,0.00511767
2023-12-07 00:00:00+00:00,0.000133021,1.01549,0.0221109,0.00886526,0.00760469,0.00471643,1.93415e-06,3.30283e-07,2.27815e-07,-5.57059e-06,0.000141181,0.000480113,-0.000338932,7.5,1,0.00483091
2023-12-08 00:00:00+00:00,0.000252463,1.01574,0.0234042,0.00775169,0.00606476,0.00641223,2.52527e-06,1.28061e-06,2.48564e-08,-2.65658e-06,0.000258971,0.0007034,-0.000444429,7.875,1,0.00381472
2023-12-09 00:00:00+00:00,-4.04461e-06,1.01574,0.019248,0.00626679,0.00420746,0.00826626,2.64512e-06,3.3064e-07,3.43993e-07,-8.93621e-06,8.26378e-06,-0.000284461,0.000292725,6.79167,0,0.0063556
2023-12-10 00:00:00+00:00,0.000214887,1.01596,0.0344822,0.0048986,0.00112104,0.0175686,5.6219e-06,7.02738e-07,6.88172e-07,-1.17842e-05,0.000233752,0.000639797,-0.000406045,11.0208,0,0.0085529
2023-12-11 00:00:00+00:00,0.000414311,1.01638,0.0446296,0.00444619,-0.00176424,0.00907575,2.90469e-06,3.63086e-07,6.17792e-07,-7.60889e-06,0.000426308,-0.000930188,0.0013565,13.9167,0,0.00716616
2023-12-12 00:00:00+00:00,-0.000533727,1.01584,0.0472718,0.00647139,-0.000875151,0,0,0,0,-8.59111e-06,-0.000524933,0.000425984,-0.000950917,14,0,0.00670968
2023-12-13 00:00:00+00:00,0.00177016,1.01763,0.0466141,0.00677429,-0.000530457,0,0,0,0,-1.01261e-05,0.0017791,0.00136037,0.000418729,14,0,0.00495527
2023-12-14 00:00:00+00:00,-1.00667e-05,1.01762,0.0499421,0.00886858,0.0007712,0.00211482,6.76689e-07,8.45861e-08,1.15182e-07,-1.04661e-05,1.68798e-06,0.000561775,-0.000560087,14,0,0.007693
2023-12-15 00:00:00+00:00,0.000367526,1.018,0.0503143,0.009944,0.00210448,0,0,0,0,-9.35621e-06,0.000377333,-0.00143751,0.00181484,14,0,0.00694625
2023-12-16 00:00:00+00:00,-0.00106677,1.01691,0.04804,0.00822821,0.00122014,0.00411877,1.31802e-06,1.64752e-07,1.98063e-07,5.81884e-06,-0.00107078,-0.000282169,-0.000788612,14,0,0.00532239
2023-12-17 00:00:00+00:00,-0.000265538,1.01664,0.0444702,0.0046081,-0.00223223,0,0,0,0,1.81765e-06,-0.000267211,-0.000573089,0.000305879,14,0,0.00272173
2023-12-18 00:00:00+00:00,0.00179666,1.01847,0.0420358,0.00474948,-0.00152391,0.00218393,6.98948e-07,8.73685e-08,1.18393e-07,-4.47491e-07,0.00179669,0.00100804,0.000788658,14,0,0.00206617
2023-12-19 00:00:00+00:00,0.000565205,1.01904,0.0426472,0.0041492,0.00145849,0.00518213,1.65874e-06,2.07343e-07,3.94257e-07,-1.44191e-06,0.000569307,0.00111459,-0.000545278,14.9792,0,0.00453485
2023-12-20 00:00:00+00:00,-0.000580949,1.01845,0.0457352,0.00428324,0.00220811,0.0108892,3.48422e-06,4.35528e-07,6.18105e-07,-7.295e-06,-0.000568566,0.000456605,-0.00102517,15,0,0.00650436
2023-12-21 00:00:00+00:00,0.000326522,1.01878,0.057636,0.0143257,0.00894049,0.0455571,1.51802e-05,7.96204e-06,1.44839e-06,1.55333e-05,0.000335949,0.000706261,-0.000370311,15.3958,1,0.0088166
2023-12-22 00:00:00+00:00,-0.00302516,1.0157,0.0874944,0.0176638,0.00638817,0.0611711,2.20289e-05,3.55155e-06,4.41613e-06,6.11617e-05,-0.0030591,0.000182371,-0.00324147,17.3958,1,0.00796552
2023-12-23 00:00:00+00:00,0.00220096,1.01794,0.100752,0.0126446,0.00147996,0.00219773,7.03174e-07,8.78968e-08,2.09952e-08,9.92302e-05,0.00210103,0.00091497,0.00118606,18,0,0.00479398
2023-12-24 00:00:00+00:00,2.3873e-05,1.01796,0.102844,0.011494,0.00146496,0.00402089,1.28695e-06,1.60868e-07,3.17012e-08,6.62354e-05,-3.99393e-05,-0.00144482,0.00140488,18,0,0.00639939
2023-12-25 00:00:00+00:00,-0.000422438,1.01753,0.10965,0.0125432,0.00393877,0.0110123,3.52328e-06,8.05189e-07,1.33949e-06,6.83762e-05,-0.00048349,0.00218777,-0.00267126,18,0,0.00708971
2023-12-26 00:00:00+00:00,0.00796226,1.02563,0.114445,0.0149806,0.00235212,0.0496473,1.65452e-05,4.79044e-06,2.00642e-06,8.17157e-05,0.00787734,0.00655816,0.00131918,19.1875,1,0.00807505
2023-12-27 00:00:00+00:00,0.00145161,1.02712,0.139091,0.0209353,0.00352279,0.0352793,1.12889e-05,1.41111e-06,1.74501e-06,0.000689691,0.00077929,0.00204235,-0.00126306,20.3333,0,0.0127976
2023-12-28 00:00:00+00:00,0.000305308,1.02744,0.172471,0.027573,0.00519608,0.0397464,1.27206e-05,3.37525e-06,1.45173e-06,0.000741183,-0.000413315,-0.00390287,0.00348956,22.9167,0,0.0151173
2023-12-29 00:00:00+00:00,-0.000679075,1.02674,0.21122,0.0294632,0.000269455,0.0511129,1.63567e-05,1.25794e-05,2.08893e-06,0.000760454,-0.00140498,-0.00148384,7.88627e-05,24.8542,0,0.0156591
2023-12-30 00:00:00+00:00,0.0041302,1.03098,0.207222,0.0276009,-0.00305053,0.0108691,3.47835e-06,5.06246e-06,4.89258e-07,0.00114096,0.00299246,0.0017033,0.00128916,25,0,0.0152009
2023-12-31 00:00:00+00:00,0.0100415,1.04133,0.217079,0.0271434,-0.000957965,0.1089,3.48647e-05,2.48377e-05,6.24085e-06,0.00270812,0.0074346,0.00531516,0.00211944,25.125,0,0.0199453
2024-01-01 00:00:00+00:00,-0.00317851,1.03802,0.285701,0.0167429,-0.00145933,0.157956,5.20958e-05,1.96724e-05,1.69298e-05,0.000297685,-0.00338101,0.0054772,-0.00885821,26,1,0.0201867
2024-01-02 00:00:00+00:00,0.00290534,1.04104,0.291962,0.0387006,0.0017338,0.0524038,1.84655e-05,4.48761e-06,1.41594e-06,0.000177034,0.00275617,-0.000373849,0.00313002,26,1,0.016526
2024-01-03 00:00:00+00:00,0.00988755,1.05133,0.260512,0.0419002,0.000977552,0.167444,5.81472e-05,2.04799e-05,1.03937e-05,0.000101229,0.00984558,-0.0044054,0.014251,25.6667,4,0.0170432
2024-01-04 00:00:00+00:00,0.00451689,1.05608,0.311558,0.0429051,0.00182864,0.156486,5.00823e-05,1.27334e-05,1.09655e-05,0.000117761,0.00447005,0.0090238,-0.00455375,26.9167,0,0.0222135
2024-01-05 00:00:00+00:00,0.00035826,1.05646,0.417287,0.0500599,0.00296396,0.149997,4.79958e-05,1.8433e-05,7.45587e-06,0.000390457,4.89904e-05,-0.00688866,0.00693765,28,0,0.0248806
2024-01-06 00:00:00+00:00,-0.00287806,1.05342,0.484743,0.0662434,0.00662117,0.126069,4.02961e-05,1.51681e-05,8.15487e-06,0.000398373,-0.00320296,-0.0111591,0.00795609,28,0,0.0255002
2024-01-07 00:00:00+00:00,0.00541643,1.05912,0.493438,0.0644026,0.00535019,0.128745,4.11913e-05,5.14891e-06,5.60391e-06,0.00036998,0.0050939,-0.00432711,0.00942102,28.8333,0,0.0248558
2024-01-08 00:00:00+00:00,-0.00426809,1.0546,0.680024,0.0876146,-0.00431599,0.401032,0.000128228,4.73556e-05,4.00103e-05,0.000141465,-0.00415093,0.0166018,-0.0207528,30,0,0.0287205
2024-01-09 00:00:00+00:00,0.00348793,1.05828,0.717039,0.0900327,-0.000725383,0.173597,5.55062e-05,1.50901e-05,7.72186e-06,1.15494e-05,0.00357758,-0.0121201,0.0156977,30,0,0.0289903
2024-01-10 00:00:00+00:00,-0.00758841,1.05025,0.760482,0.0926024,0.00774546,0.223834,7.15929e-05,4.63885e-05,8.42334e-06,-4.80405e-06,-0.00744869,0.0210345,-0.0284831,30,0,0.0296541
2024-01-11 00:00:00+00:00,0.0101357,1.0609,0.80636,0.0736645,0.0102152,0.427148,0.000136751,8.09906e-05,2.00392e-05,4.91729e-06,0.0103747,0.0157951,-0.00542042,30,0,0.0298047
2024-01-12 00:00:00+00:00,0.00704535,1.06837,0.81948,0.0391278,0.00116676,0.111815,3.57811e-05,2.77638e-05,5.07801e-06,1.0158e-05,0.00710389,-0.0149236,0.0220274,30,0,0.03127
2024-01-13 00:00:00+00:00,-0.00128602,1.067,0.798786,0.0351446,-0.00427648,0.141579,4.53126e-05,6.42673e-05,7.51965e-06,3.93757e-06,-0.00115123,0.0112758,-0.012427,30,0,0.0322536
2024-01-14 00:00:00+00:00,-0.00016896,1.06682,0.869284,0.0355275,-0.00194427,0.113882,3.64453e-05,5.2938e-05,4.87602e-06,-1.21135e-05,-4.2299e-05,-0.0147827,0.0147404,29.9583,0,0.0300983
2024-01-15 00:00:00+00:00,-0.00883217,1.05739,0.91546,0.0424615,0.00803974,0.285408,9.13047e-05,7.32228e-05,1.83229e-05,-3.31414e-06,-0.00866853,0.00406591,-0.0127344,29.9583,0,0.0269608
2024-01-16 00:00:00+00:00,0.00365357,1.06126,0.95136,0.0527244,0.0157212,0.220599,7.06163e-05,3.9126e-05,5.1506e-06,6.31199e-05,0.00371964,0.00568132,-0.00196167,30,0,0.0240176
2024-01-17 00:00:00+00:00,-0.00949093,1.05118,1.03109,0.0705538,0.0161116,0.132588,4.2422e-05,2.80113e-05,3.23666e-06,0.000125428,-0.00957281,-0.0124512,0.0028784,30,0,0.0243191
2024-01-18 00:00:00+00:00,0.00212426,1.05342,0.969799,0.0615049,0.0130264,0.0831544,2.66169e-05,3.48411e-05,2.42663e-06,0.00012629,0.0020719,-0.0194916,0.0215635,30,0,0.022775
2024-01-19 00:00:00+00:00,0.00491426,1.05859,0.875576,0.074084,0.00346987,0.276721,8.85878e-05,5.00906e-05,9.45581e-06,0.000195377,0.00486537,-0.000804099,0.00566947,30,0,0.0244058
2024-01-20 00:00:00+00:00,-0.00476896,1.05355,0.830412,0.0803943,-0.00236807,0.216513,6.92221e-05,2.49317e-05,1.041e-05,0.000169043,-0.00483641,-0.00033358,-0.00450283,30,0,0.0271511
2024-01-21 00:00:00+00:00,0.00163378,1.05527,0.758085,0.0980907,-0.00423262,0.0564585,1.80683e-05,4.6423e-06,1.72219e-06,0.000149582,0.00151271,-0.00266932,0.00418203,30,0,0.027567
2024-01-22 00:00:00+00:00,-0.00534603,1.04963,0.718553,0.102698,0.00129671,0.187858,6.01119e-05,2.41254e-05,1.06758e-05,0.000250143,-0.0055065,-0.023605,0.0180985,28,0,0.0291784
2024-01-23 00:00:00+00:00,-0.00636874,1.04294,0.776984,0.0828524,-0.000684004,0.160484,5.12844e-05,3.5296e-05,9.61354e-06,0.000228581,-0.00649385,-0.00814435,0.0016505,28.6875,0,0.0281325
2024-01-24 00:00:00+00:00,-0.00508123,1.03764,0.824393,0.0922359,0.00539953,0.142358,4.55568e-05,2.49781e-05,6.07212e-06,0.000226804,-0.00522846,0.00271374,-0.00794221,29,0,0.0244311
2024-01-25 00:00:00+00:00,0.00130259,1.03899,0.766911,0.0888687,-0.000283698,0.264414,8.47047e-05,6.25792e-05,1.18082e-05,8.97523e-05,0.00138974,-0.00947789,0.0108676,29,0,0.0204751
2024-01-26 00:00:00+00:00,-0.00227271,1.03663,0.684073,0.0554208,-0.000978759,0.137986,4.4156e-05,1.70552e-05,3.79927e-06,7.07193e-05,-0.00226792,0.0186777,-0.0209456,29,0,0.0180618
2024-01-27 00:00:00+00:00,0.0025377,1.03926,0.639165,0.0430869,0.000385599,0.0668273,2.13855e-05,5.57773e-06,2.79789e-06,0.00010336,0.00246679,0.00462381,-0.00215702,29.9167,0,0.0178011
2024-01-28 00:00:00+00:00,-0.000676478,1.03856,0.621225,0.0403126,0.00562191,0.0936071,2.99171e-05,6.27568e-06,4.85807e-06,8.83903e-05,-0.000716001,-0.00399387,0.00327786,30,0,0.0187504
2024-01-29 00:00:00+00:00,-0.00247023,1.03599,0.618553,0.0333078,-0.00429277,0.153059,4.90019e-05,3.05302e-05,1.01225e-05,4.64071e-05,-0.00242092,0.0127922,-0.0152131,29,0,0.0193429
2024-01-30 00:00:00+00:00,-0.000415448,1.03556,0.626115,0.041177,-0.00101894,0.0258873,8.28475e-06,1.56353e-06,4.4484e-07,3.09534e-05,-0.000430921,-0.00423855,0.00380763,29,0,0.0185869
2024-01-31 00:00:00+00:00,0.0013051,1.03692,0.608936,0.0478877,0.00630436,0.0199156,6.37552e-06,9.86961e-07,3.53092e-07,4.67359e-05,0.00127581,-0.0103723,0.0116481,29,0,0.0173104
2024-02-01 00:00:00+00:00,0.00567769,1.0428,0.614735,0.0287792,0.0113645,0.0673749,2.15568e-05,3.38797e-06,1.56586e-06,7.62698e-05,0.00562119,0.0059939,-0.000372706,29,0,0.0181256
2024-02-02 00:00:00+00:00,0.00345972,1.04641,0.634724,0.0178994,0.00551994,0.0332058,1.06255e-05,7.46078e-06,1.56692e-06,8.58972e-05,0.00339425,0.00594511,-0.00255086,29,0,0.0215616
2024-02-03 00:00:00+00:00,-0.000395969,1.046,0.65675,0.0274615,0.0137762,0.0725212,2.31798e-05,9.93777e-06,3.89566e-06,7.66619e-05,-0.000427454,-0.00330484,0.00287738,29,0,0.0215415
2024-02-04 00:00:00+00:00,0.00565384,1.05191,0.664831,0.0353442,0.00820194,0.0930991,2.98017e-05,3.72522e-06,1.87812e-06,5.70522e-05,0.00562265,-0.0044908,0.0101134,29,0,0.0216829
2024-02-05 00:00:00+00:00,-0.00464234,1.04703,0.700948,0.106979,0.0236459,0.274772,8.7941e-05,2.66916e-05,2.53615e-05,5.84716e-07,-0.00450261,0.00205841,-0.00656101,30,0,0.022958
2024-02-06 00:00:00+00:00,-0.00138015,1.04558,0.718474,0.126262,0.0299358,0.036166,1.15737e-05,7.76329e-06,1.53716e-06,3.70476e-05,-0.00139057,-0.00110231,-0.000288259,30,0,0.0213599
2024-02-07 00:00:00+00:00,0.00147726,1.04713,0.733451,0.119775,0.0340183,0.104497,3.34414e-05,1.23787e-05,4.86943e-06,7.81787e-05,0.00146251,0.0127744,-0.0113118,30,0,0.0219584
2024-02-08 00:00:00+00:00,0.00230512,1.04954,0.725421,0.110432,0.0254732,0.109088,3.49169e-05,8.60961e-06,3.40808e-06,0.000142468,0.00221791,0.00347031,-0.0012524,30,0,0.0217388
2024-02-09 00:00:00+00:00,-0.0079385,1.04121,0.674056,0.11214,0.0306229,0.127042,4.30634e-05,1.27122e-05,4.90286e-06,8.93741e-05,-0.00798868,0.00854453,-0.0165332,29.7708,1,0.0204707
2024-02-10 00:00:00+00:00,0.00287518,1.0442,0.623283,0.0940031,0.0228333,0.0302774,9.69166e-06,2.71102e-06,8.2344e-07,8.35385e-05,0.00280605,0.00125949,0.00154655,29,0,0.0175471
2024-02-11 00:00:00+00:00,-0.000506107,1.04367,0.636839,0.0851743,0.00373682,0.0711053,2.2755e-05,8.4145e-06,1.60674e-06,0.000160142,-0.000628925,-0.000744422,0.000115497,29.2917,0,0.017423
2024-02-12 00:00:00+00:00,0.000351675,1.04404,0.565465,0.0813022,0.00627523,0.17479,5.58532e-05,1.85981e-05,2.46457e-05,0.000256752,0.000213502,0.0151919,-0.0149784,27.2917,0,0.0155073
2024-02-13 00:00:00+00:00,0.00122443,1.04532,0.565062,0.0852557,0.0139508,0.0516498,1.96574e-05,3.53133e-05,4.45453e-06,0.000127868,0.00115911,-0.00416444,0.00532355,27.875,1,0.0141344
2024-02-14 00:00:00+00:00,0.008785,1.0545,0.536837,0.0820014,0.0233063,0.0333623,1.1034e-05,3.33598e-06,1.89515e-06,7.18944e-05,0.00869845,0.0157006,-0.0070022,26.375,1,0.01277
2024-02-15 00:00:00+00:00,0.000152687,1.05466,0.504918,0.0836856,0.019018,0.158259,6.57911e-05,2.15684e-05,9.66541e-06,4.92268e-05,0.00021009,0.00103308,-0.000822988,25.5,3,0.0157486
2024-02-16 00:00:00+00:00,-0.00251801,1.05201,0.464357,0.0915927,0.0158485,0.0561939,1.79722e-05,3.02465e-06,3.0315e-06,-6.53343e-06,-0.00248359,-0.00359736,0.00111378,25.5208,0,0.018811
2024-02-17 00:00:00+00:00,-0.0048753,1.04688,0.456174,0.0814984,0.00827303,0.0319804,1.02313e-05,2.90334e-06,2.10821e-06,3.62094e-05,-0.00489812,-0.00323153,-0.00166659,26,0,0.0168632
2024-02-18 00:00:00+00:00,0.00255772,1.04956,0.466757,0.0834229,0.0146859,0.0119911,3.83922e-06,1.01934e-06,4.17743e-07,5.79105e-05,0.00250727,0.00629503,-0.00378776,26,0,0.0150358
2024-02-19 00:00:00+00:00,0.0020246,1.05168,0.440329,0.0731849,0.00708477,0.111103,3.55304e-05,5.09183e-06,9.5238e-06,-7.64623e-05,0.00215418,0.000985645,0.00116854,25.8333,0,0.0156006
2024-02-20 00:00:00+00:00,-0.00128329,1.05033,0.433268,0.0864526,0.0160862,0.155227,5.1683e-05,9.16033e-06,8.51861e-06,-4.65827e-05,-0.00116154,-0.0044697,0.00330816,27.4792,1,0.0198285
2024-02-21 00:00:00+00:00,0.00831265,1.05906,0.465592,0.0909401,0.0134196,0.12382,3.96382e-05,1.71381e-05,5.22137e-06,8.71573e-05,0.00826615,0.00251212,0.00575403,27.9583,0,0.0229857
2024-02-22 00:00:00+00:00,0.0050739,1.06444,0.543277,0.088622,0.0127606,0.0983254,3.14758e-05,3.93448e-06,3.5722e-06,0.000227759,0.00488253,0.000554998,0.00432753,28.6458,0,0.0253351
2024-02-23 00:00:00+00:00,0.00311602,1.06775,0.608097,0.0991582,0.0161978,0.160941,5.15132e-05,6.43915e-06,5.66815e-06,0.000312509,0.00287034,-0.00624135,0.0091117,29,0,0.0282199
2024-02-24 00:00:00+00:00,-0.00113095,1.06655,0.668168,0.104506,0.0166174,0.1218,3.89065e-05,6.59468e-06,4.8927e-06,0.000418937,-0.00148255,0.00986599,-0.0113485,29,0,0.0300651
2024-02-25 00:00:00+00:00,0.00314006,1.06989,0.691634,0.0849446,0.011218,0.0543576,1.73982e-05,2.33935e-06,2.07345e-06,0.000262544,0.00290828,0.0105311,-0.0076228,29,0,0.0293969
2024-02-26 00:00:00+00:00,0.00899108,1.07951,0.707518,0.130763,0.0262192,0.405013,0.000129702,4.21286e-05,3.52223e-05,0.000196215,0.00898618,0.0144867,-0.00550057,27.2083,0,0.0306899
2024-02-27 00:00:00+00:00,0.000930579,1.08052,0.785557,0.141142,0.0224026,0.246369,8.29562e-05,2.14378e-05,8.78267e-06,0.000329126,0.000741939,0.00129314,-0.000551196,28,1,0.033293
2024-02-28 00:00:00+00:00,0.00328685,1.08407,0.854614,0.164391,0.0291594,0.412828,0.000140532,3.87546e-05,3.19811e-05,0.000236728,0.00338117,0.0205595,-0.0171783,28,1,0.0346837
2024-02-29 00:00:00+00:00,-0.0137638,1.06915,0.859178,0.155147,0.0142466,0.317356,0.000109855,0.000145875,1.74756e-05,-2.79708e-05,-0.0134523,-0.00849843,-0.00495384,28.5833,1,0.0341704
2024-03-01 00:00:00+00:00,0.00646885,1.07606,0.816612,0.130024,0.0153371,0.0848394,2.71637e-05,1.96081e-05,4.58307e-06,7.54331e-06,0.00651917,0.0177013,-0.0111822,29,0,0.0316424
2024-03-02 00:00:00+00:00,0.011439,1.08837,0.815979,0.131239,0.0134271,0.215554,7.03613e-05,5.6879e-05,1.78783e-05,7.69778e-05,0.0115026,0.0203444,-0.00884186,28.0625,1,0.0347591
2024-03-03 00:00:00+00:00,0.0123079,1.10177,0.818753,0.13373,0.0122809,0.218209,7.23042e-05,3.80898e-05,1.07174e-05,-6.27364e-05,0.0124615,0.00694433,0.00551721,28.7917,1,0.0366671
2024-03-04 00:00:00+00:00,0.0369103,1.14244,0.841308,0.118794,0.0285195,0.529721,0.000169949,0.000140227,7.53671e-05,-2.82529e-05,0.0367847,0.0315105,0.00527415,30,0,0.0402216
2024-03-05 00:00:00+00:00,-0.0102278,1.13075,0.795105,0.0484249,0.014521,0.372534,0.000125916,7.11171e-05,2.86197e-05,8.70583e-05,-0.0100176,-0.0347604,0.0247428,30,1,0.0450342
2024-03-06 00:00:00+00:00,-0.000167191,1.13056,0.728624,0.0338393,0.00645885,0.636797,0.000206819,0.000143242,4.62214e-05,5.37256e-05,0.000249069,0.0251379,-0.0248888,30,1,0.0443893
2024-03-07 00:00:00+00:00,-0.000454619,1.13005,0.702135,0.0428129,0.00431792,0.245602,7.85103e-05,5.1344e-05,1.33011e-05,0.000135052,-0.000376298,0.0135839,-0.0139602,30,0,0.0430517
2024-03-08 00:00:00+00:00,0.00207555,1.13239,0.740727,0.0592182,0.00653656,0.289922,9.38167e-05,0.000108084,1.391e-05,0.000290833,0.002068,0.0042687,-0.0022007,29.7917,1,0.0422526
2024-03-09 00:00:00+00:00,-0.0193073,1.11053,0.740402,0.0713594,0.00574614,0.254095,8.1223e-05,6.48799e-05,1.34125e-05,0.000476912,-0.0197577,0.00303206,-0.0227897,30,0,0.0417257
2024-03-10 00:00:00+00:00,0.0213634,1.13426,0.772862,0.0797036,0.00680167,0.146923,4.7092e-05,5.6241e-05,8.84714e-06,0.000190942,0.0210985,0.00717799,0.0139205,30,0,0.0396863
2024-03-11 00:00:00+00:00,0.00189884,1.13641,0.821131,0.0930952,0.0147794,0.584241,0.000196512,0.000207821,5.24405e-05,0.00012883,0.0022733,0.0167193,-0.014446,29.875,3,0.0417739
2024-03-12 00:00:00+00:00,0.00223549,1.13895,0.768317,0.0959698,0.0104184,0.378195,0.000126012,6.6027e-05,2.23521e-05,1.8121e-05,0.00252893,0.00732771,-0.00479878,30,1,0.0410458
2024-03-13 00:00:00+00:00,0.0200107,1.16174,0.778616,0.0913462,0.00961998,0.229617,7.34984e-05,3.13675e-05,8.14233e-06,-3.83482e-05,0.020003,0.0200895,-8.65378e-05,30,0,0.0403253
2024-03-14 00:00:00+00:00,0.015438,1.17968,0.814136,0.093288,0.00626553,0.365375,0.000116966,5.73247e-05,1.60856e-05,9.48581e-05,0.0155026,0.0169085,-0.00140591,30,0,0.0423469
2024-03-15 00:00:00+00:00,-0.00320727,1.17589,0.900127,0.0594819,0.00114128,0.641345,0.000205246,6.88677e-05,3.1348e-05,7.3771e-05,-0.00292128,-0.0147191,0.0117978,30,0,0.0455114
2024-03-16 00:00:00+00:00,-0.00428233,1.17086,0.890911,0.0516903,0.00640395,0.593024,0.000197802,4.17207e-05,5.25519e-05,3.73999e-05,-0.00398322,-0.0386614,0.0346782,30,1,0.0461038
2024-03-17 00:00:00+00:00,0.0127932,1.18584,0.841629,0.0623699,0.00444456,0.65293,0.000209142,4.34722e-05,3.3376e-05,1.5134e-05,0.0130538,0.0264557,-0.0134018,30,0,0.0476344
2024-03-18 00:00:00+00:00,0.021689,1.21156,0.893852,0.0749122,0.0133027,1.13414,0.000362945,0.000146002,0.000113006,-5.36624e-06,0.0221394,-0.00853189,0.0306712,30,0,0.0480808
2024-03-19 00:00:00+00:00,-0.0172533,1.19065,0.823709,0.0386762,0.0130535,0.8357,0.000267341,9.5345e-05,3.85182e-05,5.6162e-05,-0.0169956,-0.0390715,0.0220759,30,0,0.050121
2024-03-20 00:00:00+00:00,0.0133914,1.2066,0.879749,0.00988879,0.00715836,0.640013,0.00020475,0.000152789,3.70815e-05,7.91309e-05,0.0136884,0.0554454,-0.041757,30,0,0.0485878
2024-03-21 00:00:00+00:00,-0.00542576,1.20005,0.987337,0.0339991,0.0176949,0.480418,0.000153703,9.5459e-05,2.49477e-05,0.000112087,-0.00524912,-0.0137229,0.00847379,30,0,0.048644
2024-03-22 00:00:00+00:00,0.014214,1.21711,1.02396,0.0126959,0.0182885,0.260689,8.34586e-05,5.50828e-05,1.10721e-05,0.000101187,0.0141838,-0.00157988,0.0157637,30,0,0.0469751
2024-03-23 00:00:00+00:00,0.00999464,1.22927,1.10888,0.0457974,0.0181305,0.321332,0.000102891,0.000153922,1.33438e-05,4.90116e-05,0.0101968,0.010185,1.17688e-05,30,0,0.0473383
2024-03-24 00:00:00+00:00,0.00172442,1.23139,1.20407,0.0820685,0.0155178,0.414209,0.000132646,0.000173832,2.44506e-05,-1.5937e-05,0.00210811,0.0289283,-0.0268202,30,0,0.0481743
2024-03-25 00:00:00+00:00,0.00411228,1.23646,1.15528,0.107187,0.00442601,0.67067,0.000214609,0.000384538,2.26948e-05,1.0376e-05,0.00475973,0.0208668,-0.0161071,29.9583,0,0.0487227
2024-03-26 00:00:00+00:00,0.0015841,1.23841,0.905528,0.109761,0.00615379,0.814509,0.000260642,0.000437535,2.01681e-05,-4.45684e-05,0.00238828,0.0126142,-0.010226,30,0,0.0504566
2024-03-27 00:00:00+00:00,0.0165718,1.25894,0.790978,0.100398,0.00745676,2.05416,0.00065754,0.000606316,5.90997e-05,-0.000146274,0.0179478,0.00386497,0.0140828,29.0625,0,0.0704252
2024-03-28 00:00:00+00:00,-0.00711689,1.24998,0.659045,0.124236,0.00739085,0.981946,0.000314128,0.0003079,2.4956e-05,3.26059e-05,-0.00648179,0.00681314,-0.0132949,21.5417,0,0.0723795
2024-03-29 00:00:00+00:00,0.0149394,1.26865,0.812443,0.116198,0.011707,1.12738,0.000360953,0.00032006,2.95249e-05,-6.16989e-05,0.0156421,0.0135368,0.00210529,21.2292,0,0.0703119
2024-03-30 00:00:00+00:00,-0.0170782,1.24698,1.01434,0.139169,0.016325,0.852695,0.000273894,0.000192895,2.29429e-05,0.000177091,-0.016838,-0.00858754,-0.0082505,24.5833,1,0.0690041
2024-03-31 00:00:00+00:00,0.000817936,1.248,1.12701,0.174498,0.00868979,0.784473,0.000251028,0.000140324,1.95747e-05,0.000190605,0.00110294,0.0197341,-0.0186312,26.4583,0,0.0653763
2024-04-01 00:00:00+00:00,0.0074994,1.25736,1.05736,0.171743,0.0309089,2.19352,0.000702294,0.000485123,0.000116064,-1.58622e-05,0.00884516,-0.0201267,0.0289719,29.4375,0,0.0679921
2024-04-02 00:00:00+00:00,0.00312991,1.2613,1.2631,0.105608,0.0229166,1.79124,0.000580683,0.000203302,7.71939e-05,-0.000112043,0.00411689,-0.0370441,0.041161,29.8125,2,0.0704409
2024-04-03 00:00:00+00:00,0.00172675,1.26348,1.15775,0.0728705,0.0271087,1.66653,0.00053337,0.000140437,5.87395e-05,1.97718e-05,0.00247362,-0.00984367,0.0123173,30,0,0.069917
2024-04-04 00:00:00+00:00,-0.00108558,1.26211,0.946199,0.0651407,0.0255876,1.32025,0.000422444,0.000112847,3.94796e-05,9.07023e-05,-0.00055248,0.0116875,-0.01224,26.75,0,0.0707482
2024-04-05 00:00:00+00:00,-0.00386567,1.25723,0.978163,0.0553088,0.0242085,1.22318,0.000393141,9.69632e-05,3.35709e-05,0.000184594,-0.00351153,-0.0195847,0.0160731,27.3333,1,0.0684534
2024-04-06 00:00:00+00:00,-0.00755279,1.24773,0.888724,0.0733574,0.0183847,0.972007,0.000310996,0.000115681,2.20946e-05,0.00017471,-0.00728606,0.0135328,-0.0208189,23.0417,0,0.0638061
2024-04-07 00:00:00+00:00,-0.0142222,1.22999,0.957435,0.0874652,0.00639073,1.07344,0.000343296,9.56563e-05,2.51929e-05,0.000241108,-0.0140712,0.00505464,-0.0191259,21.7292,0,0.0588786
2024-04-08 00:00:00+00:00,-0.00438043,1.2246,0.863785,0.0895204,0.00915437,1.36452,0.000439074,0.00015767,5.90932e-05,0.000143566,-0.00385563,0.0121028,-0.0159584,25.6875,1,0.0551753
2024-04-09 00:00:00+00:00,0.00809381,1.23451,0.954248,0.0831172,0.0163855,0.846112,0.000270813,9.89954e-05,2.1391e-05,4.62159e-05,0.00845082,-0.0235337,0.0319845,26.8125,0,0.052907
2024-04-10 00:00:00+00:00,0.0104583,1.24742,1.23221,0.0907997,0.011045,0.789418,0.000252759,9.3512e-05,2.56115e-05,0.000193879,0.0106135,0.00806055,0.00255291,28.125,0,0.0544572
2024-04-11 00:00:00+00:00,-0.00662859,1.23915,1.02285,0.0889681,0.0195122,1.34303,0.000429667,0.000181655,3.94494e-05,5.28617e-05,-0.00603332,-0.0136918,0.00765852,27.3958,0,0.0569989
2024-04-12 00:00:00+00:00,0.0193568,1.26314,1.00584,0.101094,0.0153059,1.56252,0.000553204,0.000106864,0.000252972,0.000192525,0.0199686,-0.0519025,0.0718711,26.1667,7,0.0553028
2024-04-13 00:00:00+00:00,0.00789364,1.27311,0.936729,0.0947344,-0.00202887,1.7386,0.000587283,0.000157041,0.000240185,0.000377861,0.0085847,-0.0504953,0.05908,27.25,3,0.0571774
2024-04-14 00:00:00+00:00,0.00387285,1.27804,0.900271,0.0708779,0.00427249,0.962173,0.000307913,0.000132187,9.51504e-05,0.000290515,0.00414607,0.0466159,-0.0424699,29.4583,0,0.058322
2024-04-15 00:00:00+00:00,0.0105803,1.29156,0.933563,0.0866465,0.0039819,1.32461,0.000423997,0.000136001,0.000123631,0.000362092,0.0109089,-0.0147205,0.0256294,30,0,0.0607189
2024-04-16 00:00:00+00:00,-0.0128787,1.27493,0.75633,0.0742559,0.0080397,1.0664,0.000341155,0.000144264,5.76235e-05,0.000266466,-0.0126483,-0.00720569,-0.00544257,29.9375,0,0.0609303
2024-04-17 00:00:00+00:00,-0.00119079,1.27341,0.90534,0.0504723,0.0131966,1.17504,0.000376017,0.000110589,6.47948e-05,5.8596e-05,-0.000673715,-0.0145627,0.0138889,25.0833,0,0.0564255
2024-04-18 00:00:00+00:00,0.00271449,1.27687,0.889891,0.0319887,0.0110483,1.65975,0.000531175,0.000168463,8.15727e-05,5.14799e-06,0.00351909,0.0174122,-0.0138931,27.5417,0,0.0545344
2024-04-19 00:00:00+00:00,-0.0144268,1.25844,0.906696,0.069721,0.0102819,1.92258,0.000614999,0.000220087,0.000111506,3.08057e-05,-0.0135608,0.0103447,-0.0239055,26.875,0,0.0526462
2024-04-20 00:00:00+00:00,-0.00161076,1.25642,0.663099,0.0362219,0.00378879,1.70697,0.000546232,0.000261205,9.11872e-05,6.03885e-05,-0.00074709,0.0277177,-0.0284648,21.3125,0,0.0478609
2024-04-21 00:00:00+00:00,0.000544138,1.2571,0.658431,0.0412006,-0.00112449,0.958098,0.000306599,0.000116261,3.04785e-05,0.000136144,0.000873942,-0.00261915,0.00349309,18.625,0,0.0455116
2024-04-22 00:00:00+00:00,-0.0108233,1.2435,0.597585,0.102696,0.0264731,1.45138,0.00046439,0.000186441,8.5405e-05,4.68174e-05,-0.0101659,0.00535946,-0.0155253,20.7083,0,0.0456909
2024-04-23 00:00:00+00:00,-0.0185464,1.22043,0.712232,0.133195,0.0385522,0.74348,0.000237797,8.80488e-05,1.87302e-05,0.000127657,-0.0184722,-0.0108223,-0.00764989,21.75,0,0.0429388
2024-04-24 00:00:00+00:00,-0.006517,1.21248,0.817943,0.13334,0.0370122,0.35568,0.000113764,3.52347e-05,1.22377e-05,0.000139769,-0.00647624,-0.0199373,0.013461,22.9583,0,0.0380679
2024-04-25 00:00:00+00:00,-0.00317934,1.20862,0.931537,0.125694,0.0170732,0.233381,7.46664e-05,1.79157e-05,1.0719e-05,0.00027817,-0.00333324,0.000329431,-0.00366268,23.8125,0,0.0379583
2024-04-26 00:00:00+00:00,-0.00428683,1.20344,1.00362,0.112581,0.0202313,0.22605,7.23445e-05,2.89044e-05,8.93792e-06,0.000232475,-0.00439976,-0.014703,0.0103032,27.1042,0,0.0387504
2024-04-27 00:00:00+00:00,0.00215728,1.20604,1.04118,0.0933834,0.0208278,0.384382,0.000128423,6.04245e-05,2.81158e-05,0.000272497,0.00211733,0.00367534,-0.00155801,28,1,0.0385941
2024-04-28 00:00:00+00:00,0.00392922,1.21078,1.17756,0.134385,0.0294102,0.29386,9.4039e-05,3.20138e-05,8.8583e-06,0.000451014,0.00361714,-0.00476958,0.00838671,29.5,0,0.0394871
2024-04-29 00:00:00+00:00,-0.00339541,1.20667,1.00646,0.149767,0.0215656,1.28195,0.00041044,0.000106354,0.000114381,0.000332957,-0.00308773,-0.00127621,-0.00181152,30,0,0.0415692
2024-04-30 00:00:00+00:00,0.00706398,1.21519,0.803115,0.128876,0.0164148,1.61116,0.000515662,0.000150462,4.82715e-05,0.000136367,0.00764619,-0.0206046,0.0282508,28.0417,1,0.0418176
2024-05-01 00:00:00+00:00,-0.00408226,1.21023,0.871814,0.16218,0.0196091,1.83286,0.000597579,0.000133781,6.44321e-05,0.000290943,-0.00356107,0.00186422,-0.00542529,22.8333,1,0.0435873
2024-05-02 00:00:00+00:00,-0.0159843,1.19089,0.674798,0.139293,0.0230405,1.19968,0.000383693,6.60281e-05,3.97873e-05,0.000134594,-0.0157254,-0.00431392,-0.0114115,22.8333,0,0.041069
2024-05-03 00:00:00+00:00,-0.00547659,1.18436,0.732787,0.123893,0.0165235,0.828854,0.000265198,4.1726e-05,2.62547e-05,0.000109698,-0.00524285,0.0157111,-0.0209539,24.7083,0,0.0346997
2024-05-04 00:00:00+00:00,-0.00400826,1.17962,0.822104,0.104518,0.00599158,0.31031,0.000106011,1.49656e-05,1.83674e-05,0.000225414,-0.00406292,0.00323898,-0.0073019,27.5,1,0.029549
2024-05-05 00:00:00+00:00,0.00682053,1.18766,0.778402,0.101169,0.00482678,0.229024,7.39309e-05,9.37317e-06,1.34084e-05,0.000679692,0.00623345,0.00661053,-0.000377081,28.9375,1,0.0267315
2024-05-06 00:00:00+00:00,0.00380359,1.19218,0.780673,0.123907,0.0373252,0.397975,0.000127341,1.59176e-05,5.01085e-05,0.000313936,0.00368602,-0.0051675,0.00885352,28.8958,0,0.0270011
2024-05-07 00:00:00+00:00,0.00131674,1.19375,0.89516,0.138521,0.0330777,0.253985,8.23659e-05,1.53785e-05,1.0171e-05,0.000102699,0.00133327,-0.0124926,0.0138258,29.0208,1,0.0294963
2024-05-08 00:00:00+00:00,0.014063,1.21054,1.10752,0.138838,0.0356829,0.444479,0.000142311,3.37018e-05,2.29039e-05,3.99499e-05,0.0141609,0.000530372,0.0136305,30,0,0.033926
2024-05-09 00:00:00+00:00,-0.00677431,1.20234,1.2588,0.168729,0.0376716,0.285182,9.12625e-05,2.31846e-05,1.16497e-05,2.66912e-05,-0.00666459,0.0189565,-0.0256211,30,0,0.0375586
2024-05-10 00:00:00+00:00,-0.00428442,1.19718,1.3208,0.143503,0.0291348,0.374241,0.000119664,2.51783e-05,1.9493e-05,4.57559e-05,-0.00415177,-0.0299779,0.0258262,30,0,0.0350959
2024-05-11 00:00:00+00:00,-0.00230439,1.19443,1.25656,0.141452,0.0267852,0.169547,5.42423e-05,1.05937e-05,7.26707e-06,1.92084e-05,-0.00224038,-0.000361443,-0.00187894,30,0,0.0316616
2024-05-12 00:00:00+00:00,-0.00148315,1.19265,1.24257,0.153071,0.0310121,0.189558,6.06594e-05,1.28562e-05,3.20308e-06,3.57472e-05,-0.001433,-0.00128882,-0.000144181,30,0,0.0303656
2024-05-13 00:00:00+00:00,-0.00677072,1.18458,1.13871,0.230166,0.0243695,0.487324,0.000160817,6.12509e-05,7.198e-05,0.000254464,-0.00669547,-0.00132646,-0.00536901,29,1,0.030409
2024-05-14 00:00:00+00:00,-0.0133674,1.16874,1.14529,0.21923,0.0170019,0.150052,4.79665e-05,1.17706e-05,4.63311e-06,0.000391465,-0.0137431,-0.0324328,0.0186897,29,0,0.0275221
2024-05-15 00:00:00+00:00,0.0116536,1.18236,1.08769,0.161741,0.014237,0.185077,5.9646e-05,1.92353e-05,8.10984e-06,0.000394421,0.0113183,0.042699,-0.0313807,28.3542,1,0.0246258
2024-05-16 00:00:00+00:00,0.0156083,1.20082,1.08926,0.13514,0.0051491,0.161201,5.1618e-05,1.4042e-05,7.34789e-06,0.000192521,0.0153943,0.00207744,0.0133168,28.2917,0,0.0268758
2024-05-17 00:00:00+00:00,0.0032352,1.2047,1.1401,0.138372,0.00195781,0.151004,4.83217e-05,7.47948e-06,6.87107e-06,7.20547e-05,0.00325658,0.0185604,-0.0153039,29.5833,0,0.0280737
2024-05-18 00:00:00+00:00,0.000286325,1.20505,1.13585,0.119959,-0.0102907,0.108692,3.4787e-05,6.14527e-06,4.03845e-06,2.58415e-05,0.000333092,-0.00142635,0.00175944,30,0,0.0277026
2024-05-19 00:00:00+00:00,0.00437913,1.21033,1.12989,0.116338,-0.0147579,0.0663466,2.12334e-05,5.18554e-06,2.39035e-06,-3.03114e-05,0.00443879,-0.0128485,0.0172872,30,0,0.0291503
2024-05-20 00:00:00+00:00,-0.00221955,1.20764,0.970661,0.124214,0.00140064,1.0851,0.000355531,0.000149873,0.000139147,1.46989e-05,-0.00153008,0.0424998,-0.0440299,28.0833,1,0.0299311
2024-05-21 00:00:00+00:00,-0.00979038,1.19582,0.948685,0.115761,0.00474522,0.298584,9.77329e-05,3.53529e-05,1.32038e-05,-4.18641e-05,-0.00961324,-0.00505368,-0.00455956,29,1,0.0297379
2024-05-22 00:00:00+00:00,-0.0177089,1.17464,0.894919,0.0944318,0.00549188,0.300956,9.94245e-05,3.09185e-05,1.73198e-05,3.59259e-06,-0.0176649,-0.0113667,-0.00629819,29,1,0.0264909
2024-05-23 00:00:00+00:00,0.00571994,1.18136,0.813167,0.060756,0.0119638,0.120891,4.04478e-05,1.02525e-05,6.55127e-06,-3.8576e-06,0.00578939,-0.00411588,0.00990526,28.5,1,0.0232884
2024-05-24 00:00:00+00:00,-0.00676452,1.17337,0.800749,0.0346694,0.0115171,0.0738653,2.36074e-05,3.5083e-06,4.76271e-06,5.13527e-06,-0.00674602,-0.0067677,2.1686e-05,28,0,0.0256615
2024-05-25 00:00:00+00:00,-0.00811564,1.16384,0.820962,0.031638,0.0153982,0.0579488,1.85394e-05,1.0722e-05,2.05379e-06,2.00393e-05,-0.00812451,0.0032539,-0.0113784,28.625,0,0.0230744
2024-05-26 00:00:00+00:00,0.00390168,1.16839,0.584581,0.0150199,0.0154276,0.254541,8.14553e-05,2.32869e-05,1.46255e-05,1.05983e-05,0.00400594,-0.00214068,0.00614662,29,0,0.000275234
2024-05-27 00:00:00+00:00,0.00133505,1.16995,0.457193,0.00211386,0.00525174,0.145952,4.67176e-05,2.31676e-05,7.75443e-06,2.15858e-05,0.00139769,0.00971413,-0.00831644,27,0,0.00215761
2024-05-28 00:00:00+00:00,-0.00211847,1.16747,0.429624,0.000963043,0.00395579,0.018057,7.08668e-06,1.1586e-06,1.48446e-06,4.64304e-05,-0.00215416,-0.00248957,0.000335407,26.5833,1,0.000568523
2024-05-29 00:00:00+00:00,-0.00259207,1.16444,0.362965,0.0130096,0.0163117,0.0840291,3.39643e-05,4.83274e-05,6.13546e-06,1.62847e-05,-0.00252162,-0.00283089,0.00030927,25.0208,1,0
2024-05-30 00:00:00+00:00,-0.00188657,1.16224,0.29282,0.00870543,0.00823998,0.120182,3.84567e-05,2.54679e-05,7.1888e-07,4.89416e-07,-0.0018228,-0.00186408,4.1278e-05,25,0,0
2024-05-31 00:00:00+00:00,0.000757785,1.16312,0.166498,0.0047804,0.00415369,0.0972925,3.1134e-05,1.54188e-05,4.57442e-07,4.02831e-06,0.000800737,0.000367016,0.000433721,25,0,0
2024-06-01 00:00:00+00:00,-0.000120522,1.16298,0.101814,0.00312446,0.00274135,0.0492186,1.57499e-05,5.76677e-06,1.38469e-07,2.64964e-06,-0.000101467,0.000401984,-0.000503451,25,0,0
2024-06-02 00:00:00+00:00,-0.000148638,1.16281,0.0604846,0.00255688,0.00267663,0.032766,1.06676e-05,3.67045e-06,1.03302e-07,-1.66527e-07,-0.00013401,-0.000574037,0.000440027,24.0417,1,0
2024-06-03 00:00:00+00:00,-0.000143701,1.16264,0.0299095,-0.00123005,-0.000558101,0.0236168,7.55727e-06,2.28128e-06,2.97672e-07,2.46398e-06,-0.000136031,0.000195981,-0.000332012,21,0,0
2024-06-04 00:00:00+00:00,-5.32203e-05,1.16258,0.0171709,-0.000739574,-0.000324228,0.00992255,3.18359e-06,6.17115e-07,1.23845e-08,7.70328e-07,-5.01747e-05,0.000205369,-0.000255544,19.75,1,0
2024-06-05 00:00:00+00:00,1.4979e-05,1.1626,0.00988748,-0.000411458,-0.000179838,0.00575539,1.84173e-06,2.59038e-07,5.33579e-09,6.66183e-07,1.64205e-05,8.68325e-05,-7.0412e-05,18,0,0
2024-06-06 00:00:00+00:00,-5.20883e-06,1.16259,0.0055347,-0.000192228,-7.33364e-05,0.00323565,1.03541e-06,1.3446e-07,2.41309e-09,2.65769e-07,-4.30197e-06,-4.03745e-05,3.60725e-05,17.2083,0,0
2024-06-07 00:00:00+00:00,-9.87475e-07,1.16259,0.00304699,-0.000100221,-0.000105958,0.0018129,5.80128e-07,7.35743e-08,1.32439e-09,1.83831e-07,-5.15838e-07,-7.19406e-05,7.14247e-05,16.75,0,0.000696005
2024-06-08 00:00:00+00:00,-4.23347e-05,1.16254,0.00369582,0.00220011,0.00126908,0.00894366,2.86197e-06,3.57746e-07,2.66722e-07,-2.7456e-07,-3.85724e-05,-4.94968e-05,1.09244e-05,12.2292,0,0.00515161
2024-06-09 00:00:00+00:00,-4.2629e-05,1.16249,0.00463844,0.00391395,0.00243899,0.00285619,9.13979e-07,1.14247e-07,8.05451e-09,-2.79219e-07,-4.13107e-05,-3.53176e-05,-5.99307e-06,9.45833,0,0.00453477
2024-06-10 00:00:00+00:00,-0.000121582,1.16235,0.00166785,0.00143155,0.000744142,0.00212487,6.79952e-07,8.4994e-08,4.13817e-08,-1.12697e-09,-0.00012078,-0.000121695,9.1448e-07,4.875,0,0.000921092
2024-06-11 00:00:00+00:00,-2.85938e-05,1.16232,0.000405689,0.000388673,0.000213476,0.00106403,4.69868e-07,8.5688e-08,6.64409e-09,0,-2.80318e-05,-2.8935e-05,9.03156e-07,0.8125,1,0
2024-06-12 00:00:00+00:00,0,1.16232,0,0,0,0,0,0,0,0,0,0,0,0,0,0
2024-06-13 00:00:00+00:00,0,1.16232,0,0,0,0,0,0,0,0,0,0,0,0,0,0
2024-06-14 00:00:00+00:00,0,1.16232,0,0,0,0,0,0,0,0,0,0,0,0,0,0
2024-06-15 00:00:00+00:00,0,1.16232,0,0,0,0,0,0,0,0,0,0,0,0,0,0.000180256
2024-06-16 00:00:00+00:00,0,1.16232,0,0,0,0,0,0,0,0,0,0,0,0,0,0.00189929
2024-06-17 00:00:00+00:00,-1.15034e-05,1.16231,0.000482215,0.000239072,0.000151419,0.00621978,1.99033e-06,2.48792e-07,2.1334e-07,1.15137e-08,-9.06211e-06,-5.36271e-05,4.4565e-05,0.229167,0,0.00381641
2024-06-18 00:00:00+00:00,-0.000814695,1.16136,0.0458885,0.0102757,0.00186228,0.150706,4.82242e-05,6.07278e-06,5.93656e-06,-5.87693e-06,-0.000748508,2.32015e-05,-0.000771709,5.70833,0,0.00947595
2024-06-19 00:00:00+00:00,-0.000148937,1.16119,0.134749,0.0223572,0.000912565,0.18061,5.7798e-05,1.04076e-05,5.29803e-06,-6.05299e-06,-6.72767e-05,-0.000836967,0.00076969,11.7292,0,0.0134121
2024-06-20 00:00:00+00:00,-0.00113717,1.15987,0.0983038,0.0146731,0.000106011,0.167934,5.3737e-05,1.1238e-05,4.33178e-06,-1.58139e-06,-0.00106614,-0.000181349,-0.000884795,13.75,0,0.0123821
2024-06-21 00:00:00+00:00,-5.85027e-05,1.1598,0.0464934,0.00675045,-0.00155775,0.0902259,2.88721e-05,4.84481e-06,1.47995e-06,1.82322e-08,-2.30849e-05,0.000104386,-0.000127471,14,0,0.0100778
2024-06-22 00:00:00+00:00,0.000125784,1.15994,0.0304899,0.00209717,-0.00461957,0.0622571,1.99219e-05,2.85709e-06,1.35309e-06,3.56602e-07,0.000149797,8.74741e-05,6.23233e-05,14.1458,0,0.00986939
2024-06-23 00:00:00+00:00,0.000476669,1.1605,0.0187962,-0.000298421,-0.00275185,0.0320016,1.02406e-05,3.14818e-06,6.54061e-07,-2.19856e-07,0.000490884,-5.34825e-05,0.000544367,14,0,0.0107865
2024-06-24 00:00:00+00:00,0.000516055,1.1611,0.0257248,-0.00115476,-0.0013337,0.0803692,2.57179e-05,4.27862e-06,2.53544e-06,-6.86573e-07,0.000549284,0.00085267,-0.000303386,13.1042,0,0.0117242
2024-06-25 00:00:00+00:00,-0.000885934,1.16007,0.0689925,0.00385285,-0.00414073,0.162351,5.19519e-05,1.09892e-05,4.92234e-06,-5.23706e-06,-0.00081279,0.00123859,-0.00205138,14.2292,0,0.012585
2024-06-26 00:00:00+00:00,-0.00055205,1.15943,0.0584169,-0.000126713,-0.00999289,0.113005,3.61614e-05,4.56486e-06,2.20514e-06,-1.80884e-06,-0.000506745,-0.000391961,-0.000114785,13.3958,0,0.0111078
2024-06-27 00:00:00+00:00,0.000293758,1.15977,0.0441338,-0.00284342,-0.00611585,0.112077,3.58666e-05,4.72457e-06,2.7206e-06,1.81669e-06,0.000335761,0.00169989,-0.00136413,13.3958,0,0.0100954
2024-06-28 00:00:00+00:00,-0.000185255,1.15955,0.0443322,-0.00504198,-0.00586996,0.0968367,3.09878e-05,4.28995e-06,2.03302e-06,8.93562e-06,-0.00015665,-0.0015042,0.00134755,14.8958,0,0.0110469
2024-06-29 00:00:00+00:00,-0.000329687,1.15917,0.0193703,-0.00277223,-0.00280713,0.0290313,9.28995e-06,1.35438e-06,2.60705e-07,9.18437e-06,-0.000327996,4.69316e-05,-0.000374928,14.1667,0,0.00833966
2024-06-30 00:00:00+00:00,0.000103163,1.15929,0.00466,-0.000850419,-0.000888968,0.00691104,2.21154e-06,3.67269e-07,2.27806e-08,1.19602e-06,0.000104565,8.0115e-05,2.44505e-05,10.4167,0,0.0059853
2024-07-01 00:00:00+00:00,-0.000126287,1.15914,0.0103448,-0.00597545,-0.00535698,0.0409287,1.30972e-05,1.75584e-06,1.38876e-06,2.34247e-06,-0.000112356,-0.000208966,9.66101e-05,9.16667,0,0.00777171
2024-07-02 00:00:00+00:00,0.000404314,1.15961,0.0150345,-0.00395927,-0.00378988,0.0468911,1.50055e-05,2.70832e-06,1.12229e-06,9.73327e-07,0.000422137,0.000190308,0.00023183,8.02083,0,0.00985537
2024-07-03 00:00:00+00:00,-0.0010566,1.15839,0.041513,0.00376001,0.000134126,0.140417,4.49316e-05,5.98822e-06,3.82688e-06,-8.20946e-09,-0.00100194,-0.00169312,0.000691181,10.625,0,0.0113883
2024-07-04 00:00:00+00:00,0.0005465,1.15902,0.0374771,0.000678249,0.00167288,0.137184,4.45243e-05,6.65493e-06,5.15559e-06,6.8627e-07,0.000602376,-0.00157167,0.00217405,9.79167,3,0.0101091
2024-07-05 00:00:00+00:00,-0.00156623,1.1572,0.144929,-0.00398649,0.000203697,0.488171,0.000161067,3.78363e-05,3.01497e-05,-1.64403e-05,-0.00132005,3.64918e-05,-0.00135654,17,2,0.0141461
2024-07-06 00:00:00+00:00,-0.00228374,1.15456,0.156137,-0.00655326,0.000819469,0.453675,0.000146351,4.43588e-05,1.83356e-05,2.75737e-06,-0.00207741,0.00557273,-0.00765015,19.7083,1,0.0153397
2024-07-07 00:00:00+00:00,0.000277019,1.15488,0.0890796,-0.00115034,0.000299992,0.334077,0.000106906,1.95948e-05,1.09679e-05,1.69878e-06,0.000413273,-0.00353068,0.00394396,18.625,0,0.0130249
2024-07-08 00:00:00+00:00,0.00171051,1.15686,0.0757282,0.000835568,-0.000112256,0.320944,0.000102706,1.67561e-05,1.5427e-05,2.59264e-06,0.00184185,0.000853062,0.000988789,16.1667,0,0.0122851
2024-07-09 00:00:00+00:00,0.00105199,1.15807,0.0778506,0.00712513,0.000471916,0.248387,7.94853e-05,1.10531e-05,7.60595e-06,-6.14463e-06,0.00115642,0.00179207,-0.000635644,17.4792,0,0.011971
2024-07-10 00:00:00+00:00,0.000349834,1.15848,0.10172,0.00520123,0.000203203,0.286193,9.15795e-05,2.50547e-05,8.48079e-06,-2.01309e-06,0.000478118,0.0014701,-0.000991987,16.7917,0,0.015288
2024-07-11 00:00:00+00:00,-0.000259602,1.15818,0.100147,0.00479764,-0.000644935,0.300078,9.60255e-05,3.77219e-05,7.48406e-06,-1.61919e-05,-0.000100705,-0.00365527,0.00355456,17.2917,0,0.0154669
2024-07-12 00:00:00+00:00,-0.00124075,1.15674,0.117122,0.0048695,0.00031169,0.356878,0.0001142,2.92098e-05,1.0826e-05,1.43712e-06,-0.00108721,0.000763195,-0.0018504,18.6458,0,0.0155025
2024-07-13 00:00:00+00:00,-0.00266248,1.15366,0.0853406,0.0034593,0.00353083,0.273531,8.75243e-05,1.51246e-05,6.40264e-06,6.41474e-06,-0.00256251,-0.00234435,-0.000218165,16.7292,0,0.0145354
2024-07-14 00:00:00+00:00,-0.000106866,1.15354,0.0420665,0.00308589,-0.00034722,0.176681,5.65384e-05,8.92283e-06,4.23685e-06,-1.5269e-06,-3.48039e-05,0.00104047,-0.00107527,15.0625,0,0.0126792
2024-07-15 00:00:00+00:00,-0.000600751,1.15285,0.0293495,0.00823455,0.000680089,0.135747,4.35615e-05,1.08864e-05,3.34202e-06,8.02546e-06,-0.000550921,0.00132411,-0.00187503,12.2292,1,0.0116974
2024-07-16 00:00:00+00:00,-0.000283293,1.15252,0.00462577,0.000551426,-0.000808295,0.0188167,6.26562e-06,2.42611e-06,2.06188e-07,1.10085e-06,-0.000275517,-9.48414e-05,-0.000180676,7.02083,2,0.00754689
2024-07-17 00:00:00+00:00,1.77391e-06,1.15252,8.90422e-05,4.59447e-05,2.47009e-05,0.000417762,1.33684e-07,9.21331e-08,1.21135e-09,2.2255e-08,1.97869e-06,2.41526e-06,-4.36571e-07,1.04167,0,0.00513413
2024-07-18 00:00:00+00:00,0,1.15252,0,0,0,0,0,0,0,0,0,0,0,0,0,0.00374863
2024-07-19 00:00:00+00:00,0,1.15252,0,0,0,0,0,0,0,0,0,0,0,0,0,0.00185225
2024-07-20 00:00:00+00:00,0,1.15252,0,0,0,0,0,0,0,0,0,0,0,0,0,0.00336524
2024-07-21 00:00:00+00:00,0,1.15252,0,0,0,0,0,0,0,0,0,0,0,0,0,0.00112564
2024-07-22 00:00:00+00:00,0,1.15252,0,0,0,0,0,0,0,0,0,0,0,0,0,4.21157e-05
2024-07-23 00:00:00+00:00,0,1.15252,0,0,0,0,0,0,0,0,0,0,0,0,0,0
2024-07-24 00:00:00+00:00,0,1.15252,0,0,0,0,0,0,0,0,0,0,0,0,0,0
2024-07-25 00:00:00+00:00,0,1.15252,0,0,0,0,0,0,0,0,0,0,0,0,0,0
2024-07-26 00:00:00+00:00,0,1.15252,0,0,0,0,0,0,0,0,0,0,0,0,0,0
2024-07-27 00:00:00+00:00,0,1.15252,0,0,0,0,0,0,0,0,0,0,0,0,0,0
2024-07-28 00:00:00+00:00,0,1.15252,0,0,0,0,0,0,0,0,0,0,0,0,0,0
2024-07-29 00:00:00+00:00,0,1.15252,0,0,0,0,0,0,0,0,0,0,0,0,0,0
2024-07-30 00:00:00+00:00,0,1.15252,0,0,0,0,0,0,0,0,0,0,0,0,0,0
2024-07-31 00:00:00+00:00,0,1.15252,0,0,0,0,0,0,0,0,0,0,0,0,0,0
2024-08-01 00:00:00+00:00,0,1.15252,0,0,0,0,0,0,0,0,0,0,0,0,0,0
2024-08-02 00:00:00+00:00,0,1.15252,0,0,0,0,0,0,0,0,0,0,0,0,0,0
2024-08-03 00:00:00+00:00,0,1.15252,0,0,0,0,0,0,0,0,0,0,0,0,0,0
2024-08-04 00:00:00+00:00,0,1.15252,0,0,0,0,0,0,0,0,0,0,0,0,0,0
2024-08-05 00:00:00+00:00,0,1.15252,0,0,0,0,0,0,0,0,0,0,0,0,0,0
2024-08-06 00:00:00+00:00,0,1.15252,0,0,0,0,0,0,0,0,0,0,0,0,0,0
2024-08-07 00:00:00+00:00,0,1.15252,0,0,0,0,0,0,0,0,0,0,0,0,0,0
2024-08-08 00:00:00+00:00,0,1.15252,0,0,0,0,0,0,0,0,0,0,0,0,0,0
2024-08-09 00:00:00+00:00,0,1.15252,0,0,0,0,0,0,0,0,0,0,0,0,0,0
2024-08-10 00:00:00+00:00,0,1.15252,0,0,0,0,0,0,0,0,0,0,0,0,0,1.92274e-05
2024-08-11 00:00:00+00:00,0,1.15252,0,0,0,0,0,0,0,0,0,0,0,0,0,8.65128e-05
2024-08-12 00:00:00+00:00,0,1.15252,0,0,0,0,0,0,0,0,0,0,0,0,0,0
2024-08-13 00:00:00+00:00,0,1.15252,0,0,0,0,0,0,0,0,0,0,0,0,0,0
2024-08-14 00:00:00+00:00,0,1.15252,0,0,0,0,0,0,0,0,0,0,0,0,0,0.000181172
2024-08-15 00:00:00+00:00,0,1.15252,0,0,0,0,0,0,0,0,0,0,0,0,0,0.00034282
2024-08-16 00:00:00+00:00,0,1.15252,0,0,0,0,0,0,0,0,0,0,0,0,0,0.00281864
2024-08-17 00:00:00+00:00,8.49885e-05,1.15262,0.00081524,-0.000344105,-0.000339678,0.0115039,3.68134e-06,4.60167e-07,5.00211e-07,-1.47186e-06,9.11009e-05,0.000118568,-2.74673e-05,0.291667,0,0.00689249
2024-08-18 00:00:00+00:00,-0.000460405,1.15209,0.0316632,0.00118119,0.00116666,0.190088,6.08271e-05,1.24345e-05,6.28311e-06,-1.01153e-05,-0.000370744,-0.000160999,-0.000209745,6.52083,0,0.0124282
2024-08-19 00:00:00+00:00,0.000892432,1.15312,0.0436546,-0.000272572,0.00288819,0.234373,7.50025e-05,2.0539e-05,1.09033e-05,1.34803e-06,0.000997486,0.000964195,3.32908e-05,9.66667,0,0.012858
2024-08-20 00:00:00+00:00,-0.000164444,1.15293,0.0218624,0.000641656,0.00104401,0.0929247,2.97355e-05,4.37314e-06,2.78808e-06,-1.77525e-06,-0.000125743,-5.38566e-05,-7.18867e-05,8.77083,0,0.0107823
2024-08-21 00:00:00+00:00,-6.37223e-05,1.15285,0.00412218,0.000526538,0.000618661,0.0180967,5.79093e-06,7.44569e-07,4.76511e-07,-4.10642e-07,-5.63001e-05,-7.92973e-05,2.29972e-05,5.3125,0,0.00927107
2024-08-22 00:00:00+00:00,-1.08307e-05,1.15284,0.000187084,6.22216e-05,8.02434e-05,0.000720682,2.30618e-07,2.88273e-08,3.23263e-09,-2.59721e-08,-1.05421e-05,-7.97727e-06,-2.56486e-06,1.47917,0,0.00710738
2024-08-23 00:00:00+00:00,0,1.15284,0,0,0,0,0,0,0,0,0,0,0,0,0,0.00479751
2024-08-24 00:00:00+00:00,0,1.15284,0,0,0,0,0,0,0,0,0,0,0,0,0,0.00451164
2024-08-25 00:00:00+00:00,7.34257e-06,1.15285,0.000589615,8.31976e-05,0.00018921,0.00728734,2.33194e-06,2.91492e-07,4.04465e-07,-1.68016e-07,1.05398e-05,-1.20795e-05,2.26193e-05,0.333333,0,0.00521606
2024-08-26 00:00:00+00:00,0.000193467,1.15307,0.0196203,0.00192822,0.000958082,0.110744,3.54382e-05,5.06707e-06,5.27544e-06,9.89255e-07,0.00023833,-0.000849337,0.00108767,5.77083,0,0.00799423
2024-08-27 00:00:00+00:00,-0.000618218,1.15236,0.00889449,-7.92822e-05,0.000262857,0.0430617,1.37796e-05,3.31599e-06,1.41873e-06,-3.98493e-09,-0.000599817,-0.000329447,-0.00027037,4.64583,0,0.00669623
2024-08-28 00:00:00+00:00,-1.33042e-05,1.15234,0.00108844,-0.000276039,-0.00021646,0.00364249,1.1656e-06,5.56369e-07,3.1352e-08,9.66864e-08,-1.16459e-05,-4.37975e-05,3.21516e-05,2,0,0.00298404
2024-08-29 00:00:00+00:00,-9.35919e-07,1.15234,2.02553e-05,-1.45643e-05,-1.52057e-05,0.000151117,4.83574e-08,1.01364e-08,8.40723e-10,3.11305e-09,-8.79696e-07,2.80074e-08,-9.07703e-07,0.333333,0,5.23772e-05
2024-08-30 00:00:00+00:00,0,1.15234,0,0,0,0,0,0,0,0,0,0,0,0,0,0
2024-08-31 00:00:00+00:00,0,1.15234,0,0,0,0,0,0,0,0,0,0,0,0,0,0
2024-09-01 00:00:00+00:00,0,1.15234,0,0,0,0,0,0,0,0,0,0,0,0,0,0
2024-09-02 00:00:00+00:00,0,1.15234,0,0,0,0,0,0,0,0,0,0,0,0,0,0
2024-09-03 00:00:00+00:00,0,1.15234,0,0,0,0,0,0,0,0,0,0,0,0,0,0
2024-09-04 00:00:00+00:00,0,1.15234,0,0,0,0,0,0,0,0,0,0,0,0,0,0
2024-09-05 00:00:00+00:00,0,1.15234,0,0,0,0,0,0,0,0,0,0,0,0,0,0
2024-09-06 00:00:00+00:00,0,1.15234,0,0,0,0,0,0,0,0,0,0,0,0,0,0
2024-09-07 00:00:00+00:00,0,1.15234,0,0,0,0,0,0,0,0,0,0,0,0,0,0
2024-09-08 00:00:00+00:00,0,1.15234,0,0,0,0,0,0,0,0,0,0,0,0,0,0
2024-09-09 00:00:00+00:00,0,1.15234,0,0,0,0,0,0,0,0,0,0,0,0,0,0
2024-09-10 00:00:00+00:00,0,1.15234,0,0,0,0,0,0,0,0,0,0,0,0,0,0
2024-09-11 00:00:00+00:00,0,1.15234,0,0,0,0,0,0,0,0,0,0,0,0,0,0
2024-09-12 00:00:00+00:00,0,1.15234,0,0,0,0,0,0,0,0,0,0,0,0,0,0
2024-09-13 00:00:00+00:00,0,1.15234,0,0,0,0,0,0,0,0,0,0,0,0,0,0
2024-09-14 00:00:00+00:00,0,1.15234,0,0,0,0,0,0,0,0,0,0,0,0,0,0
2024-09-15 00:00:00+00:00,0,1.15234,0,0,0,0,0,0,0,0,0,0,0,0,0,3.48847e-06
2024-09-16 00:00:00+00:00,0,1.15234,0,0,0,0,0,0,0,0,0,0,0,0,0,0.00192776
2024-09-17 00:00:00+00:00,3.51987e-05,1.15238,0.000393672,0.000393672,0.00054407,0.00306165,9.79729e-07,1.22466e-07,1.15246e-07,3.57353e-07,3.60598e-05,3.60598e-05,0,0.3125,0,0.0052789
2024-09-18 00:00:00+00:00,0.000273716,1.1527,0.0013833,0.0013833,0.00188165,0.00782903,2.50531e-06,2.44264e-06,2.65586e-07,1.60898e-06,0.000277304,0.000277304,0,1,0,0.008585
2024-09-19 00:00:00+00:00,0.00107687,1.15394,0.0276752,0.00463131,-0.000296126,0.159041,5.08912e-05,1.23967e-05,4.91969e-06,4.81744e-05,0.00109692,0.0017223,-0.000625385,7.02083,0,0.010898
2024-09-20 00:00:00+00:00,-0.000212553,1.1537,0.0229352,0.00133342,-0.0025564,0.0980464,3.13746e-05,5.4106e-06,2.29364e-06,1.18712e-05,-0.000185064,7.37903e-05,-0.000258854,8.5,0,0.0105114
2024-09-21 00:00:00+00:00,-5.93838e-05,1.15363,0.00909593,-0.000718563,-0.00164377,0.0406143,1.29964e-05,1.91197e-06,1.00962e-06,-5.10012e-07,-4.28692e-05,-9.91074e-05,5.62383e-05,6.39583,0,0.0114058
2024-09-22 00:00:00+00:00,7.50006e-05,1.15371,0.0028392,0.000479788,0.000222127,0.0127352,4.07526e-06,6.34316e-07,2.9223e-07,-4.3857e-07,8.04456e-05,2.03189e-07,8.02424e-05,3.83333,0,0.0105148
2024-09-23 00:00:00+00:00,-0.00281082,1.15047,0.0593144,0.0115287,0.00404964,0.357656,0.00011706,3.28507e-05,1.80628e-05,-4.7375e-05,-0.00259856,0.0003398,-0.00293836,9.0625,1,0.0129718
2024-09-24 00:00:00+00:00,-0.00142439,1.14883,0.0464384,0.00984917,0.000410218,0.259023,8.43659e-05,3.10933e-05,7.90942e-06,-5.85603e-06,-0.00129568,-0.000637587,-0.000658095,12,1,0.0125796
2024-09-25 00:00:00+00:00,-7.25076e-05,1.14875,0.023311,0.00163789,-0.00340852,0.144698,4.63028e-05,9.73736e-06,4.33305e-06,-6.50484e-07,-1.12955e-05,-0.00033487,0.000323575,10.4583,0,0.00984085
2024-09-26 00:00:00+00:00,-0.00010286,1.14863,0.00752546,-0.000614568,-9.04843e-05,0.0576011,1.84315e-05,3.8107e-06,2.59757e-06,6.05454e-07,-7.85297e-05,-2.61775e-05,-5.23522e-05,6.02083,0,0.00643057
2024-09-27 00:00:00+00:00,-0.00014177,1.14847,0.00301371,-0.000997923,-0.000993847,0.0139563,4.46599e-06,5.58248e-07,3.06665e-07,2.34173e-07,-0.000136666,9.92627e-06,-0.000146592,2.20833,0,0.0028829
2024-09-28 00:00:00+00:00,-5.46129e-06,1.14846,1.41632e-05,-3.92563e-06,-4.59182e-06,0.000200756,8.16794e-08,1.38427e-08,1.75407e-09,0,-5.36403e-06,5.89143e-07,-5.95317e-06,0.1875,1,4.47402e-05
2024-09-29 00:00:00+00:00,0,1.14846,0,0,0,0,0,0,0,0,0,0,0,0,0,0
2024-09-30 00:00:00+00:00,0,1.14846,0,0,0,0,0,0,0,0,0,0,0,0,0,0
2024-10-01 00:00:00+00:00,0,1.14846,0,0,0,0,0,0,0,0,0,0,0,0,0,0
2024-10-02 00:00:00+00:00,0,1.14846,0,0,0,0,0,0,0,0,0,0,0,0,0,0
2024-10-03 00:00:00+00:00,0,1.14846,0,0,0,0,0,0,0,0,0,0,0,0,0,0
2024-10-04 00:00:00+00:00,0,1.14846,0,0,0,0,0,0,0,0,0,0,0,0,0,0.000225703
2024-10-05 00:00:00+00:00,0,1.14846,0,0,0,0,0,0,0,0,0,0,0,0,0,0.0023684
2024-10-06 00:00:00+00:00,0,1.14846,0,0,0,0,0,0,0,0,0,0,0,0,0,0.00200993
2024-10-07 00:00:00+00:00,0,1.14846,0,0,0,0,0,0,0,0,0,0,0,0,0,0.000193555
2024-10-08 00:00:00+00:00,0,1.14846,0,0,0,0,0,0,0,0,0,0,0,0,0,0
2024-10-09 00:00:00+00:00,0,1.14846,0,0,0,0,0,0,0,0,0,0,0,0,0,0
2024-10-10 00:00:00+00:00,0,1.14846,0,0,0,0,0,0,0,0,0,0,0,0,0,0.000409751
2024-10-11 00:00:00+00:00,0,1.14846,0,0,0,0,0,0,0,0,0,0,0,0,0,0
2024-10-12 00:00:00+00:00,0,1.14846,0,0,0,0,0,0,0,0,0,0,0,0,0,0
2024-10-13 00:00:00+00:00,0,1.14846,0,0,0,0,0,0,0,0,0,0,0,0,0,0
2024-10-14 00:00:00+00:00,0,1.14846,0,0,0,0,0,0,0,0,0,0,0,0,0,0
2024-10-15 00:00:00+00:00,0,1.14846,0,0,0,0,0,0,0,0,0,0,0,0,0,0
2024-10-16 00:00:00+00:00,0,1.14846,0,0,0,0,0,0,0,0,0,0,0,0,0,0
2024-10-17 00:00:00+00:00,0,1.14846,0,0,0,0,0,0,0,0,0,0,0,0,0,0
2024-10-18 00:00:00+00:00,0,1.14846,0,0,0,0,0,0,0,0,0,0,0,0,0,0
2024-10-19 00:00:00+00:00,0,1.14846,0,0,0,0,0,0,0,0,0,0,0,0,0,0
2024-10-20 00:00:00+00:00,0,1.14846,0,0,0,0,0,0,0,0,0,0,0,0,0,0
2024-10-21 00:00:00+00:00,0,1.14846,0,0,0,0,0,0,0,0,0,0,0,0,0,1.99039e-05
2024-10-22 00:00:00+00:00,0,1.14846,0,0,0,0,0,0,0,0,0,0,0,0,0,0.000720007
2024-10-23 00:00:00+00:00,0,1.14846,0,0,0,0,0,0,0,0,0,0,0,0,0,2.19048e-08
2024-10-24 00:00:00+00:00,0,1.14846,0,0,0,0,0,0,0,0,0,0,0,0,0,0
2024-10-25 00:00:00+00:00,0,1.14846,0,0,0,0,0,0,0,0,0,0,0,0,0,0.000663614
2024-10-26 00:00:00+00:00,0,1.14846,0,0,0,0,0,0,0,0,0,0,0,0,0,0.00312294
2024-10-27 00:00:00+00:00,0,1.14846,0,0,0,0,0,0,0,0,0,0,0,0,0,0.00490704
2024-10-28 00:00:00+00:00,-0.00013674,1.1483,0.0018218,0.0018218,0.00150101,0.0156567,5.01014e-06,6.26267e-07,6.12122e-07,-1.14746e-07,-0.000130374,-0.000130374,0,1,0,0.00527791
2024-10-29 00:00:00+00:00,1.72467e-05,1.14832,0.000789164,0.000789164,0.000674743,0.00525306,1.68099e-06,2.10124e-07,1.42276e-07,-2.36165e-07,1.95186e-05,1.95186e-05,0,1,0,0.00511194
2024-10-30 00:00:00+00:00,-7.53257e-07,1.14832,5.28023e-06,5.28023e-06,4.52095e-06,6.5899e-05,2.10877e-08,2.63596e-09,3.42274e-10,0,-7.29191e-07,-7.29191e-07,0,0.104167,0,0.00171129
2024-10-31 00:00:00+00:00,0,1.14832,0,0,0,0,0,0,0,0,0,0,0,0,0,0.000857688
2024-11-01 00:00:00+00:00,0,1.14832,0,0,0,0,0,0,0,0,0,0,0,0,0,0.000733904
2024-11-02 00:00:00+00:00,0,1.14832,0,0,0,0,0,0,0,0,0,0,0,0,0,0.00275454
2024-11-03 00:00:00+00:00,0,1.14832,0,0,0,0,0,0,0,0,0,0,0,0,0,0.00035759
2024-11-04 00:00:00+00:00,0,1.14832,0,0,0,0,0,0,0,0,0,0,0,0,0,0.00010841
2024-11-05 00:00:00+00:00,0,1.14832,0,0,0,0,0,0,0,0,0,0,0,0,0,2.79931e-05
2024-11-06 00:00:00+00:00,0,1.14832,0,0,0,0,0,0,0,0,0,0,0,0,0,0.000335686
2024-11-07 00:00:00+00:00,0,1.14832,0,0,0,0,0,0,0,0,0,0,0,0,0,0
2024-11-08 00:00:00+00:00,0,1.14832,0,0,0,0,0,0,0,0,0,0,0,0,0,9.48448e-05
2024-11-09 00:00:00+00:00,0,1.14832,0,0,0,0,0,0,0,0,0,0,0,0,0,0.00198073
2024-11-10 00:00:00+00:00,0,1.14832,0,0,0,0,0,0,0,0,0,0,0,0,0,3.72008e-05
2024-11-11 00:00:00+00:00,0,1.14832,0,0,0,0,0,0,0,0,0,0,0,0,0,0
2024-11-12 00:00:00+00:00,0,1.14832,0,0,0,0,0,0,0,0,0,0,0,0,0,5.77195e-05
2024-11-13 00:00:00+00:00,0,1.14832,0,0,0,0,0,0,0,0,0,0,0,0,0,0
2024-11-14 00:00:00+00:00,0,1.14832,0,0,0,0,0,0,0,0,0,0,0,0,0,0
2024-11-15 00:00:00+00:00,0,1.14832,0,0,0,0,0,0,0,0,0,0,0,0,0,0
2024-11-16 00:00:00+00:00,0,1.14832,0,0,0,0,0,0,0,0,0,0,0,0,0,0.000619435
2024-11-17 00:00:00+00:00,0,1.14832,0,0,0,0,0,0,0,0,0,0,0,0,0,0.00295398
2024-11-18 00:00:00+00:00,0,1.14832,0,0,0,0,0,0,0,0,0,0,0,0,0,0.00395054
2024-11-19 00:00:00+00:00,0,1.14832,0,0,0,0,0,0,0,0,0,0,0,0,0,0.00417633
2024-11-20 00:00:00+00:00,-7.61005e-07,1.14832,3.95796e-05,-3.95796e-05,-3.7107e-05,0.00189982,6.07943e-07,7.59929e-08,7.70688e-08,0,0,0,0,0.0208333,0,0.00454316
2024-11-21 00:00:00+00:00,-0.000230163,1.14806,0.00872496,0.000528276,0.000561474,0.0732965,2.34547e-05,6.9306e-06,2.94404e-06,-3.87347e-06,-0.000192938,0.000113285,-0.000306223,3.91667,0,0.00811868
2024-11-22 00:00:00+00:00,8.58193e-05,1.14816,0.00506914,-6.70347e-05,-0.000536096,0.0313789,1.00413e-05,5.54892e-06,8.19436e-07,-3.13682e-06,0.000105378,-0.000122521,0.000227899,5.25,0,0.0101499
2024-11-23 00:00:00+00:00,-5.03246e-05,1.1481,0.00443371,-0.00055621,-0.000108984,0.0362242,1.16636e-05,5.91579e-06,9.9352e-07,-2.20934e-06,-2.95173e-05,7.68464e-05,-0.000106364,3.75,1,0.00989819
2024-11-24 00:00:00+00:00,-3.14519e-05,1.14806,0.000481222,-0.000352959,-0.000400922,0.00400415,1.28133e-06,1.26151e-06,2.16827e-07,5.57615e-07,-2.92423e-05,1.54732e-06,-3.07896e-05,1.39583,0,0.00703211
2024-11-25 00:00:00+00:00,-0.000147749,1.14789,0.00742003,-0.000831164,-0.00200736,0.0612105,1.95873e-05,6.97653e-06,1.81311e-06,3.26696e-06,-0.000122582,-0.00010166,-2.09219e-05,3.10417,0,0.00688736
2024-11-26 00:00:00+00:00,0.000183024,1.1481,0.0016295,-0.00107609,-0.00137406,0.00901954,2.88627e-06,7.69641e-07,1.15331e-07,2.83889e-07,0.000186505,1.09759e-05,0.000175529,2.4375,0,0.0050774
2024-11-27 00:00:00+00:00,-2.10212e-05,1.14808,0.00034432,-0.00034432,-0.000398252,0.00496874,1.58999e-06,1.98749e-07,1.15238e-07,4.46231e-07,-1.95628e-05,0,-1.95628e-05,0.458333,0,0.0061315
2024-11-28 00:00:00+00:00,-2.79958e-05,1.14805,0.00060199,-0.00060199,-0.000698457,0.00278965,8.92684e-07,5.7288e-07,1.90772e-08,3.41941e-07,-2.68513e-05,0,-2.68513e-05,0.979167,0,0.00856854
2024-11-29 00:00:00+00:00,0,1.14805,0,0,0,0,0,0,0,0,0,0,0,0,0,0.00709238
2024-11-30 00:00:00+00:00,-8.35971e-06,1.14804,0.000444064,-0.000154248,-0.000230599,0.00551541,1.76493e-06,1.09394e-06,1.93657e-07,8.68386e-07,-6.17508e-06,8.39009e-06,-1.45652e-05,0.333333,0,0.00800138
2024-12-01 00:00:00+00:00,0.000155919,1.14822,0.00682041,0.00226534,0.00149984,0.0564425,1.80615e-05,7.1412e-06,1.01454e-06,-8.42711e-07,0.000183084,0.000306071,-0.000122987,3.79167,0,0.00920343
2024-12-02 00:00:00+00:00,0.00294391,1.1516,0.0345877,0.00691311,0.00235251,0.243609,7.79586e-05,2.76746e-05,7.42852e-06,-7.61288e-07,0.0030543,0.00259584,0.000458467,7.89583,0,0.0109489
2024-12-03 00:00:00+00:00,0.00183948,1.15371,0.0630297,0.0130261,0.00486316,0.301662,9.65339e-05,4.12819e-05,9.46126e-06,1.11403e-05,0.00197556,0.0012821,0.000693456,15.125,0,0.0149885
2024-12-04 00:00:00+00:00,0.00227984,1.15634,0.0839312,0.0132342,0.00417706,0.325897,0.000104293,3.82841e-05,8.22923e-06,3.49394e-06,0.00242811,0.00337321,-0.000945092,17.8542,0,0.017
2024-12-05 00:00:00+00:00,-0.00200808,1.15402,0.152392,0.0235368,0.00442806,0.516312,0.000165199,7.23459e-05,1.25727e-05,3.81621e-05,-0.00178999,0.000666122,-0.00245612,19.125,0,0.0201127
2024-12-06 00:00:00+00:00,0.000810542,1.15496,0.121003,0.0164786,0.00440322,0.429403,0.000137413,7.03412e-05,1.1319e-05,8.23781e-06,0.00102343,0.00296197,-0.00193853,18.3958,0,0.0194064
2024-12-07 00:00:00+00:00,-0.00104564,1.15375,0.129107,0.00950283,0.000164695,0.495178,0.00015845,6.95078e-05,1.21611e-05,1.23457e-05,-0.000811726,0.00203231,-0.00284403,20.0417,1,0.0199735
2024-12-08 00:00:00+00:00,0.000454906,1.15428,0.0874133,0.00303428,-0.00371664,0.354792,0.000113533,4.68767e-05,6.94786e-06,1.82207e-05,0.000605341,-0.000577198,0.00118254,17.4167,0,0.0162477
2024-12-09 00:00:00+00:00,-0.00885437,1.14405,0.0808792,0.0243897,0.0104319,0.381885,0.000127989,3.85351e-05,2.0127e-05,-3.19895e-06,-0.00869209,-0.0121707,0.00347863,14.3333,1,0.0148829
2024-12-10 00:00:00+00:00,0.00364745,1.14823,0.0787213,0.0156257,0.0081785,0.33825,0.000108247,2.13639e-05,9.80411e-06,-1.08637e-05,0.00379382,0.00182886,0.00196496,14.1875,0,0.014699
2024-12-11 00:00:00+00:00,0.000104683,1.14835,0.113754,0.0184051,0.00852695,0.396046,0.000126736,1.78394e-05,9.38354e-06,-4.64612e-06,0.000265486,0.00400915,-0.00374367,13.6458,0,0.0175183
2024-12-12 00:00:00+00:00,0.00357839,1.15246,0.117159,0.0129476,0.00248054,0.517154,0.000165504,2.36306e-05,1.13835e-05,-2.85056e-06,0.00377767,0.00223037,0.00154729,16.9375,0,0.0196502
2024-12-13 00:00:00+00:00,0.00226916,1.15507,0.172124,0.0164567,0.00310821,0.620531,0.000198579,2.52807e-05,1.24983e-05,-2.29173e-06,0.00250783,0.00372091,-0.00121308,18.1458,0,0.0225087
2024-12-14 00:00:00+00:00,-0.00101827,1.1539,0.242485,0.0303348,0.00269023,0.597529,0.000191211,3.16019e-05,9.78126e-06,3.42989e-06,-0.000786869,-0.00568793,0.00490106,17.8542,0,0.0259524
2024-12-15 00:00:00+00:00,0.00511031,1.15979,0.244188,0.0309356,0.00608967,0.524009,0.000167704,5.90142e-05,8.72822e-06,9.05398e-06,0.00532661,0.00666945,-0.00134284,19.6875,0,0.0266992
2024-12-16 00:00:00+00:00,0.00707618,1.168,0.44512,0.058842,0.0141647,0.726944,0.000232698,6.23578e-05,2.40988e-05,5.41678e-05,0.00732804,0.00058615,0.00674189,22.8958,0,0.0309312
2024-12-17 00:00:00+00:00,-0.00245264,1.16514,0.594049,0.0644027,0.0103745,0.363577,0.000116304,8.35873e-05,1.13545e-05,1.38189e-05,-0.0022372,-0.0105245,0.00828733,24.1042,0,0.0346691
2024-12-18 00:00:00+00:00,0.00634647,1.17253,0.615528,0.0670406,0.0126911,0.460369,0.000147534,6.19976e-05,3.10327e-05,0.000166949,0.0064435,-0.0267618,0.0332053,25.1667,0,0.0347734
2024-12-19 00:00:00+00:00,0.0109737,1.1854,0.819434,0.0681314,0.0118654,0.572541,0.000196192,2.89159e-05,4.72078e-05,0.000341855,0.0109095,-0.0327984,0.0437079,28.125,2,0.0376532
2024-12-20 00:00:00+00:00,0.00861114,1.1956,0.967724,0.0552265,0.0124592,0.868808,0.000285898,4.54701e-05,5.56794e-05,0.000486197,0.00855778,0.0346982,-0.0261404,29.875,2,0.0392169
2024-12-21 00:00:00+00:00,-0.000269071,1.19528,1.11899,0.0644624,0.011596,0.69823,0.000223457,2.79321e-05,3.19378e-05,0.000227739,-0.000180613,-0.0287421,0.0285615,30,0,0.0407973
2024-12-22 00:00:00+00:00,0.00353461,1.19951,1.27329,0.0842612,0.0130438,0.257207,8.23532e-05,1.02941e-05,1.04448e-05,0.000330407,0.00335168,0.000657933,0.00269375,29.9167,0,0.040008
2024-12-23 00:00:00+00:00,-0.0100502,1.18745,1.28567,0.055369,-0.00508317,1.15516,0.00036962,5.18006e-05,0.000107272,0.000194914,-0.00972096,0.046245,-0.055966,29.6667,0,0.0405851
2024-12-24 00:00:00+00:00,-0.00857962,1.17726,1.28849,0.0591553,0.0027336,0.633545,0.000202699,2.53374e-05,2.48528e-05,0.000106553,-0.00843407,0.010872,-0.0193061,30,0,0.0409948
2024-12-25 00:00:00+00:00,0.00845052,1.18721,1.24193,0.074756,0.00591574,0.450001,0.000144073,1.80091e-05,1.51294e-05,0.000120305,0.00848992,-0.00813095,0.0166209,29.9167,0,0.0381244
2024-12-26 00:00:00+00:00,0.00580432,1.1941,1.37214,0.105855,0.0104938,0.40588,0.000129883,1.62354e-05,1.48508e-05,0.000155745,0.00581907,-0.0349267,0.0407457,29.4375,0,0.0394385
2024-12-27 00:00:00+00:00,0.00686071,1.2023,1.10711,0.103862,0.00345858,1.77733,0.000569037,8.26183e-05,6.20816e-05,9.28976e-05,0.00749979,0.00733628,0.00016351,30,0,0.0416536
2024-12-28 00:00:00+00:00,0.00271666,1.20556,0.466303,0.079549,0.00569092,0.9626,0.00030805,4.55514e-05,2.23379e-05,4.32524e-05,0.00305605,0.0109878,-0.00793178,21.3542,0,0.0426851
2024-12-29 00:00:00+00:00,0.000445211,1.2061,0.437179,0.0997822,0.00726516,0.564881,0.000180752,4.18619e-05,1.01098e-05,8.77236e-06,0.000677092,-0.00741497,0.00809206,13.9375,0,0.041776
2024-12-30 00:00:00+00:00,-0.00456522,1.20059,0.575032,0.174061,0.0219058,1.45115,0.000464257,0.000189688,6.58212e-05,0.000573431,-0.00437081,-0.00158214,-0.00278867,21.7917,0,0.040574
2024-12-31 00:00:00+00:00,-0.0106806,1.18777,0.8509,0.181521,0.0223563,0.472528,0.000154977,3.18414e-05,1.82933e-05,6.56896e-05,-0.0105204,-0.00798904,-0.00253141,26.8542,1,0.0390819
2025-01-01 00:00:00+00:00,-0.000199516,1.18753,1.09875,0.183415,0.0178639,0.345936,0.000113568,1.93668e-05,1.39275e-05,6.71109e-05,-8.03792e-05,0.0166428,-0.0167232,30,1,0.03728
2025-01-02 00:00:00+00:00,0.0105667,1.20008,1.25956,0.225251,0.0208291,0.438739,0.000140319,7.07275e-05,1.47348e-05,2.94745e-06,0.0108123,0.031259,-0.0204467,30,0,0.0358329
2025-01-03 00:00:00+00:00,-0.00578111,1.19314,1.2507,0.163738,0.0134517,0.585351,0.000205728,5.38373e-05,3.54914e-05,0.000469895,-0.00592634,0.036701,-0.0426273,29.5417,3,0.0349425
2025-01-04 00:00:00+00:00,-0.00145431,1.19141,1.22488,0.172376,0.0139902,0.17587,5.62724e-05,2.18399e-05,5.74131e-06,0.000381246,-0.00172811,-0.00485358,0.00312547,29.3333,0,0.0337985
2025-01-05 00:00:00+00:00,-0.00883266,1.18088,1.2792,0.177009,0.0233958,0.185402,6.66563e-05,1.03628e-05,7.42352e-06,0.000207738,-0.00897862,-0.0100376,0.00105893,29.9583,2,0.0318538
2025-01-06 00:00:00+00:00,-0.00880231,1.17049,1.34779,0.19613,0.0202052,0.750143,0.000270502,9.03555e-05,7.65479e-05,0.000248601,-0.00861883,0.00263382,-0.0112526,29.0417,2,0.0294993
2025-01-07 00:00:00+00:00,0.00484147,1.17616,1.27663,0.165181,0.00945671,0.234732,7.51125e-05,1.10067e-05,9.57301e-06,0.000263567,0.00469236,-0.0561601,0.0608525,30,0,0.0273309
2025-01-08 00:00:00+00:00,0.00819333,1.18579,1.106,0.118417,0.0151614,0.213026,7.44779e-05,1.54103e-05,1.75057e-05,0.000170168,0.00812974,-0.01859,0.0267197,30,1,0.0269954
2025-01-09 00:00:00+00:00,-0.00994319,1.174,1.02652,0.101069,0.0170886,0.203092,6.54525e-05,2.51594e-05,9.02648e-06,0.000136909,-0.00999476,-0.0316322,0.0216375,30,1,0.0270617
2025-01-10 00:00:00+00:00,0.00389675,1.17858,1.04821,0.0937001,0.0108552,0.142276,4.55395e-05,1.08734e-05,7.55251e-06,0.000151266,0.00382297,0.0139142,-0.0100912,30,0,0.0275442
2025-01-11 00:00:00+00:00,0.00739259,1.18729,1.01825,0.0978376,0.00726326,0.166267,5.32636e-05,1.92498e-05,7.68693e-06,0.000346356,0.00712849,0.0130764,-0.00594791,30,0,0.0276229
2025-01-12 00:00:00+00:00,-0.0028608,1.18389,1.03573,0.105756,0.0115961,0.098414,3.14872e-05,7.65525e-06,3.56775e-06,0.000159261,-0.00296923,-0.011917,0.00894773,30,0,0.0269097
2025-01-13 00:00:00+00:00,0.00262326,1.187,1.05531,0.0929617,0.00164731,0.634731,0.000217839,3.91734e-05,5.93254e-05,0.000342411,0.00265252,-0.0126463,0.0152988,29.8958,2,0.0260989
2025-01-14 00:00:00+00:00,0.00231895,1.18975,1.17694,0.124927,0.00792952,0.195349,6.25201e-05,1.3536e-05,1.39482e-05,0.00076714,0.00167003,0.0214087,-0.0197387,30,0,0.028019
2025-01-15 00:00:00+00:00,-0.00236143,1.18694,1.16618,0.128197,0.00310403,0.374863,0.000120019,2.92549e-05,2.34406e-05,0.000519096,-0.00267462,0.0409473,-0.0436219,30,0,0.0279542
2025-01-16 00:00:00+00:00,0.00721557,1.19551,1.02649,0.121673,0.0047686,0.223234,7.33493e-05,1.50389e-05,1.55607e-05,0.000636423,0.00669697,-0.00387386,0.0105708,30,1,0.0264783
2025-01-17 00:00:00+00:00,-0.00591722,1.18843,1.00762,0.120129,0.00411923,0.239029,8.97815e-05,2.3546e-05,1.98451e-05,0.000732858,-0.00649401,0.026751,-0.033245,30,1,0.0262929
2025-01-18 00:00:00+00:00,0.0209167,1.21329,0.845476,0.113543,0.00179895,0.27626,8.85228e-05,1.94428e-05,1.40477e-05,0.00127197,0.0195891,-0.0155466,0.0351357,30,0,0.0259789
2025-01-19 00:00:00+00:00,-0.00402898,1.2084,0.771121,0.102923,-0.00236894,0.371081,0.000130954,2.96921e-05,3.20879e-05,0.000160344,-0.00393589,-0.0330454,0.0291095,29.6458,3,0.02681
2025-01-20 00:00:00+00:00,0.000627121,1.20916,0.682808,0.0733679,0.00873176,0.175766,5.62571e-05,4.18167e-05,1.85589e-05,-4.13567e-06,0.000775976,0.000227069,0.000548908,29,0,0.0278756
2025-01-21 00:00:00+00:00,-0.00234284,1.20633,0.631233,0.0649588,0.00430124,0.203101,6.48032e-05,4.16767e-05,2.25058e-05,-4.67052e-05,-0.00211922,0.00913114,-0.0112504,29,0,0.0294491
2025-01-22 00:00:00+00:00,0.00356602,1.21063,0.634727,0.065251,0.00507841,0.0483438,1.54737e-05,7.09376e-06,2.76147e-06,-7.84985e-05,0.00368073,-0.00476186,0.00844259,29,0,0.0285805
2025-01-23 00:00:00+00:00,-0.00513031,1.20442,0.630383,0.0627406,0.00464691,0.0777904,2.48474e-05,1.84938e-05,5.56232e-06,-9.02123e-05,-0.00496941,-0.00208628,-0.00288313,29,0,0.0291328
2025-01-24 00:00:00+00:00,0.00348602,1.20862,0.631494,0.056899,0.00152059,0.0440127,1.41033e-05,1.8433e-05,2.62916e-06,-1.00911e-05,0.00354628,-0.00321105,0.00675734,29,0,0.0280858
2025-01-25 00:00:00+00:00,0.00154077,1.21048,0.596004,0.0540691,-0.000149241,0.0313949,1.00505e-05,1.14499e-05,1.48643e-06,-2.13597e-05,0.00159293,0.00265918,-0.00106625,29,0,0.0292397
2025-01-26 00:00:00+00:00,0.000854969,1.21151,0.597516,0.0520188,0.0015659,0.0973798,3.38576e-05,4.87991e-05,5.66106e-06,-5.51627e-05,0.00100338,-0.0123075,0.0133109,28.9375,1,0.0303001
2025-01-27 00:00:00+00:00,0.00640451,1.21927,0.601521,0.0251981,0.00503195,0.301949,0.000103601,5.40529e-05,2.84263e-05,-1.12817e-05,0.00659438,-0.00030567,0.00690005,29,1,0.032081
2025-01-28 00:00:00+00:00,0.0171305,1.24016,0.638889,0.0191106,0.00780803,0.252835,8.09573e-05,5.51778e-05,1.23085e-05,3.14277e-05,0.0171284,-0.0137429,0.0308713,29,0,0.0351547
2025-01-29 00:00:00+00:00,-0.0115267,1.22587,0.647772,0.0033596,-0.00289424,0.126586,4.04869e-05,2.49241e-05,6.51499e-06,2.56467e-05,-0.0115163,0.00522408,-0.0167404,29,0,0.037142
2025-01-30 00:00:00+00:00,0.00189512,1.22819,0.657824,0.0169522,0.00256361,0.183111,5.8619e-05,4.93805e-05,8.71996e-06,6.84295e-06,0.00201767,0.013973,-0.0119553,29,0,0.0337181
2025-01-31 00:00:00+00:00,-0.00756759,1.21889,0.618828,0.0190462,-0.00215056,0.125013,4.25059e-05,4.57111e-05,6.68152e-06,1.15538e-05,-0.00749038,-0.00395634,-0.00353404,29,1,0.0322972
2025-02-01 00:00:00+00:00,0.00467825,1.2246,0.557918,0.0152738,-0.00521184,0.0415297,1.60678e-05,2.21119e-05,9.99221e-07,-1.63268e-05,0.00473013,-0.024626,0.0293561,28.9583,1,0.0290315
2025-02-02 00:00:00+00:00,0.00845291,1.23495,0.500043,0.0122434,-0.00705162,0.174314,5.98375e-05,6.52231e-05,2.38241e-05,-1.13641e-05,0.00858942,-0.0206075,0.0291969,28.5208,3,0.0311489
2025-02-03 00:00:00+00:00,-0.00233374,1.23207,0.5259,0.0156186,0.0078452,0.89463,0.000310719,0.000271154,0.000117514,2.54052e-05,-0.00156597,0.00761052,-0.00917649,26.9792,10,0.0332022
2025-02-04 00:00:00+00:00,-0.00171031,1.22996,0.535645,0.0239932,0.00542643,0.189247,6.06632e-05,1.25068e-05,2.08285e-05,4.93381e-05,-0.0015999,-0.01562,0.0140201,28,0,0.0323954
2025-02-05 00:00:00+00:00,-0.00282589,1.22648,0.56424,0.0368962,0.00226831,0.0857467,2.74633e-05,6.22089e-06,6.25914e-06,0.00048673,-0.00324611,-0.00988022,0.00663411,28,0,0.0302527
2025-02-06 00:00:00+00:00,0.0066535,1.23464,0.537627,0.0408939,0.00645631,0.55226,0.000176765,3.12209e-05,1.81003e-05,0.000341694,0.00652401,-0.0115569,0.0180809,28.8958,0,0.0300052
2025-02-07 00:00:00+00:00,0.00535031,1.24125,0.387024,0.0233107,0.0069443,0.915346,0.000292944,7.18625e-05,2.47759e-05,0.00011876,0.00561505,0.000336192,0.00527885,24.7917,0,0.0356895
2025-02-08 00:00:00+00:00,-0.00574133,1.23412,0.427941,0.0334483,0.00747495,0.729756,0.000233486,3.74738e-05,1.76346e-05,7.13009e-05,-0.00552876,0.00535389,-0.0108826,20.5417,0,0.0389066
2025-02-09 00:00:00+00:00,0.0012429,1.23566,0.467191,0.0735463,0.00614856,0.886491,0.000283681,4.90495e-05,1.96398e-05,8.1067e-05,0.00152434,-0.0026815,0.00420585,20.4167,0,0.0372161
2025-02-10 00:00:00+00:00,-0.013181,1.21937,0.877596,0.0870399,-0.0127943,0.46378,0.000148307,1.85384e-05,1.97317e-05,8.78289e-05,-0.0131448,0.00417823,-0.0173231,25.8958,0,0.0377268
2025-02-11 00:00:00+00:00,-0.006895,1.21096,1.03772,0.100675,-0.0197175,0.556517,0.000178066,2.82087e-05,2.06519e-05,5.46435e-05,-0.00669904,-0.00666685,-3.21876e-05,28.9167,0,0.0345754
2025-02-12 00:00:00+00:00,0.00158462,1.21288,0.997085,0.135459,-0.00971979,0.729474,0.000233504,4.43648e-05,2.60333e-05,-2.84802e-05,0.00195764,0.0194083,-0.0174506,29.3333,0,0.0340853
2025-02-13 00:00:00+00:00,-4.50962e-05,1.21283,0.906421,0.15104,0.00393692,0.854921,0.000283826,7.26574e-05,4.9415e-05,0.000219659,0.000180787,-0.013894,0.0140747,30,1,0.034101
2025-02-14 00:00:00+00:00,-0.0182351,1.19071,0.696173,0.151987,0.00408741,0.708788,0.000226631,6.16537e-05,2.13916e-05,9.53568e-05,-0.0181532,0.00387378,-0.022027,30,0,0.0327435
2025-02-15 00:00:00+00:00,0.0091456,1.2016,0.750542,0.148415,0.00339485,0.103548,3.31455e-05,1.2789e-05,3.72963e-06,6.40162e-05,0.00909837,-0.00428556,0.0133839,30,0,0.0278057
2025-02-16 00:00:00+00:00,0.00882919,1.21221,0.7546,0.130108,0.00318318,0.302125,9.67409e-05,3.38454e-05,1.0727e-05,0.000224324,0.0087187,-0.000870806,0.00958951,30,0,0.029251
2025-02-17 00:00:00+00:00,-0.00641321,1.20443,0.794939,0.0885751,-0.016437,0.197394,6.31981e-05,6.31541e-05,1.68536e-05,0.000152981,-0.00642929,-0.0121036,0.00567427,30,0,0.0292581
2025-02-18 00:00:00+00:00,0.00197963,1.20682,0.773612,0.0884127,-0.00985783,0.2587,9.62158e-05,0.000112741,1.27338e-05,9.24615e-05,0.00212412,-0.0154713,0.0175955,30,1,0.0242991
2025-02-19 00:00:00+00:00,0.00254052,1.20989,0.748346,0.0840287,-0.0066545,0.132255,4.23216e-05,2.36914e-05,7.33979e-06,0.000162726,0.00245788,0.00352553,-0.00106765,29.9792,0,0.026137
2025-02-20 00:00:00+00:00,0.00162982,1.21186,0.83719,0.119748,-0.00399245,0.204524,6.54439e-05,3.50111e-05,1.11137e-05,6.66163e-05,0.00170883,0.021939,-0.0202302,29.9792,0,0.0293286
2025-02-21 00:00:00+00:00,0.000292039,1.21221,0.845547,0.096569,-0.0185396,0.248742,7.9542e-05,1.82017e-05,1.24872e-05,0.000248411,0.000212619,-0.0074703,0.00768292,30,0,0.0263735
2025-02-22 00:00:00+00:00,-0.00911376,1.20116,0.78606,0.0805109,-0.0184101,0.155908,5.12e-05,1.02799e-05,1.23032e-05,0.000158316,-0.0092117,0.00838901,-0.0176007,30,1,0.0237298
2025-02-23 00:00:00+00:00,0.00521578,1.20743,0.781349,0.0849723,-0.0152031,0.0686119,2.19698e-05,3.02018e-06,3.7082e-06,0.000157476,0.00508545,-0.00501842,0.0101039,30,0,0.0218937
2025-02-24 00:00:00+00:00,-0.00931401,1.19618,0.781793,0.147106,-0.0170403,0.62937,0.000212271,6.51523e-05,8.17511e-05,0.000318811,-0.00928568,-0.0511852,0.0418995,28.6875,2,0.0218036
2025-02-25 00:00:00+00:00,0.00304944,1.19983,0.653807,0.102629,-0.00183742,0.149801,5.52873e-05,3.55247e-05,7.12703e-06,0.000121644,0.00306058,0.00842214,-0.00536155,28.2292,2,0.0202245
2025-02-26 00:00:00+00:00,-0.00936333,1.1886,0.62873,0.0933245,-0.00182248,0.0954269,3.05499e-05,4.61326e-06,8.0372e-06,0.000150099,-0.00946911,-0.00100763,-0.00846148,29,0,0.0203995
2025-02-27 00:00:00+00:00,0.000949852,1.18972,0.606066,0.0899155,-0.00333411,0.0501926,1.60592e-05,2.00739e-06,3.68992e-06,5.71066e-05,0.000935158,-0.00355752,0.00449268,29,0,0.0178002
2025-02-28 00:00:00+00:00,-0.00029363,1.18938,0.517889,0.0771775,-0.00116643,0.149005,5.71583e-05,9.11992e-06,1.17073e-05,9.11071e-05,-0.000287697,0.000656909,-0.000944606,28.125,5,0.0151764
2025-03-01 00:00:00+00:00,0.000759528,1.19028,0.507451,0.0717375,-0.00220529,0.0755501,2.41798e-05,6.80841e-06,4.64255e-06,7.125e-05,0.000747904,-0.00350084,0.00424874,28.4792,0,0.0157157
2025-03-02 00:00:00+00:00,-0.0213047,1.16492,0.504873,0.0716527,-0.00210389,0.238264,7.65535e-05,2.00441e-05,1.61992e-05,6.46149e-05,-0.0214361,0.0167827,-0.0382189,29.1875,1,0.0179034
2025-03-03 00:00:00+00:00,-0.00346214,1.16089,0.278184,0.0407863,-0.00181965,0.440789,0.000141035,5.23334e-05,2.44294e-05,3.60899e-05,-0.00327438,-0.0216952,0.0184208,28,0,0.0133622
2025-03-04 00:00:00+00:00,0.00251493,1.16381,0.135833,0.0217688,0.000269934,0.164208,5.29143e-05,1.48386e-05,9.05559e-06,-1.30026e-06,0.00259448,0.00242224,0.000172237,27.6667,1,0.0135656
2025-03-05 00:00:00+00:00,-0.00408561,1.15905,0.149321,0.0232117,-0.00123174,0.150795,4.82492e-05,9.05371e-06,4.40636e-06,2.45276e-05,-0.00405237,0.00179962,-0.00585199,27,0,0.0148015
2025-03-06 00:00:00+00:00,-0.00227961,1.15641,0.0531711,0.00860616,0.000685622,0.13219,4.22977e-05,1.0531e-05,3.01699e-06,2.58112e-05,-0.00225063,-0.0012616,-0.000989026,25.9583,0,0.00886705
2025-03-07 00:00:00+00:00,6.44928e-05,1.15648,0.018651,0.00618345,0.00433892,0.079259,2.53632e-05,3.88667e-06,2.6501e-06,8.94295e-06,8.76001e-05,-0.000776857,0.000864457,17.0625,0,0.00645572
2025-03-08 00:00:00+00:00,0.000729201,1.15733,0.0322642,0.00988983,0.00310168,0.131427,4.20583e-05,5.29267e-06,6.75301e-06,3.79095e-06,0.000779627,0.000175213,0.000604414,9.22917,0,0.0095011
2025-03-09 00:00:00+00:00,-0.000485686,1.15677,0.0530109,0.0129657,9.52966e-05,0.21372,7.03106e-05,1.07473e-05,1.22835e-05,5.47821e-06,-0.000396741,-0.00138256,0.00098582,8.02083,1,0.0123133
2025-03-10 00:00:00+00:00,-0.000824413,1.15581,0.069972,0.0153092,0.000292331,0.257734,8.24741e-05,4.60218e-05,1.28491e-05,-2.49123e-05,-0.000656767,-0.00175925,0.00110248,9.89583,0,0.0141553
2025-03-11 00:00:00+00:00,0.00185181,1.15795,0.109679,0.0297318,0.0026235,0.397008,0.000127046,5.98304e-05,2.00747e-05,-6.85053e-05,0.00213847,0.00653648,-0.00439801,14.8333,0,0.0162416
2025-03-12 00:00:00+00:00,-0.00314604,1.15431,0.11295,0.0282791,0.00284419,0.367483,0.000117589,3.64212e-05,1.70751e-05,1.44988e-05,-0.002992,-0.00132899,-0.00166301,17.6875,0,0.0159527
2025-03-13 00:00:00+00:00,-0.00277271,1.15111,0.0694764,0.0193671,0.000622608,0.308636,9.87587e-05,2.18462e-05,1.43255e-05,1.43189e-05,-0.00265442,-0.00413052,0.0014761,14.6667,0,0.0131192
2025-03-14 00:00:00+00:00,-0.000151234,1.15093,0.0382317,0.0126109,0.00120408,0.191946,6.14223e-05,1.06645e-05,6.92069e-06,-1.55803e-06,-7.03979e-05,0.00107567,-0.00114607,11.7917,0,0.0101857
2025-03-15 00:00:00+00:00,0.000347822,1.15133,0.0259547,0.0109287,0.000224113,0.141197,4.51836e-05,7.11417e-06,5.88849e-06,1.65007e-06,0.000404483,0.000984111,-0.000579628,7.89583,0,0.010088
2025-03-16 00:00:00+00:00,0.000749083,1.1522,0.0291276,0.00753,-0.00478036,0.173796,5.56157e-05,1.27144e-05,7.16124e-06,9.21767e-07,0.000824284,0.000645936,0.000178349,8.16667,0,0.0130037
2025-03-17 00:00:00+00:00,-0.00243963,1.14939,0.132687,0.0527799,0.0194974,0.636932,0.000203807,3.46676e-05,3.14424e-05,8.6663e-05,-0.00225642,0.000747404,-0.00300382,14.4375,0,0.0165324
2025-03-18 00:00:00+00:00,0.000493694,1.14995,0.148884,0.0606196,0.0156151,0.595897,0.000190692,3.33051e-05,1.81683e-05,2.9821e-05,0.000708955,-0.00161728,0.00232623,16.9167,0,0.0184712
2025-03-19 00:00:00+00:00,-0.00316571,1.14631,0.0905518,0.0452371,0.0034489,0.388027,0.000124161,3.73532e-05,1.16488e-05,5.95399e-05,-0.00305528,0.00105046,-0.00410574,13.8333,0,0.0184152
2025-03-20 00:00:00+00:00,0.000339387,1.1467,0.0535472,0.0319036,0.00258504,0.2801,8.96328e-05,2.31708e-05,8.75813e-06,1.53538e-05,0.000446122,-0.000704855,0.00115098,8.60417,0,0.016644
2025-03-21 00:00:00+00:00,-0.0011322,1.1454,0.0599626,0.0386853,0.00816334,0.24826,7.94417e-05,4.50743e-05,6.14583e-06,1.91226e-05,-0.00102089,-0.000773573,-0.000247321,10.0208,0,0.0175007
2025-03-22 00:00:00+00:00,-0.000816613,1.14447,0.0672188,0.0272566,0.0145192,0.345472,0.000110549,5.16636e-05,7.72519e-06,1.62754e-05,-0.000662979,-0.000477443,-0.000185537,10.25,0,0.0158366
2025-03-23 00:00:00+00:00,0.000219415,1.14472,0.020697,0.00800396,0.00842167,0.138065,4.42576e-05,2.265e-05,2.98692e-06,-4.3621e-07,0.000289783,0.00064363,-0.000353847,8.27083,2,0.0133981
2025-03-24 00:00:00+00:00,-0.000557683,1.14408,0.0249406,0.00483556,0.00205503,0.213548,6.87464e-05,1.39938e-05,9.04263e-06,-6.45983e-05,-0.000401193,0.00062434,-0.00102553,8.5,1,0.0134992
2025-03-25 00:00:00+00:00,0.000303098,1.14443,0.0362442,-0.000392663,-0.00129207,0.249874,8.11688e-05,1.16022e-05,8.14344e-06,-4.17448e-05,0.000445912,-0.000163219,0.000609131,8.60417,1,0.0133235
2025-03-26 00:00:00+00:00,0.000623718,1.14514,0.0152109,0.00293033,0.000179439,0.118745,3.7999e-05,5.74754e-06,2.73065e-06,-3.13422e-06,0.000673193,-8.27093e-05,0.000755902,7.60417,0,0.0126552
2025-03-27 00:00:00+00:00,-0.000519046,1.14455,0.031793,0.0123063,0.00779947,0.184083,5.89059e-05,8.53013e-06,3.69208e-06,5.13432e-06,-0.000453129,-0.000288751,-0.000164378,6.47917,0,0.0130649
2025-03-28 00:00:00+00:00,-0.000815215,1.14361,0.0227329,0.0082073,0.00773338,0.115133,3.68411e-05,4.7318e-06,2.94854e-06,3.0743e-06,-0.000773886,-0.00184621,0.00107232,5.85417,0,0.0120834
2025-03-29 00:00:00+00:00,-9.90337e-05,1.1435,0.00419187,-0.000466863,-0.000416218,0.0412255,1.31921e-05,1.71599e-06,1.02784e-06,3.75004e-07,-8.34652e-05,-0.000229187,0.000145722,4.52083,0,0.00879221
2025-03-30 00:00:00+00:00,9.28476e-05,1.14361,0.001511,0.000295085,0.000236091,0.0181983,5.82346e-06,1.43677e-06,4.75842e-07,6.29324e-07,9.99536e-05,7.09197e-05,2.90339e-05,2.70833,0,0.00875377
2025-03-31 00:00:00+00:00,-0.000239929,1.14333,0.0520222,0.00270871,0.00100293,0.220916,7.06933e-05,9.75582e-06,7.40348e-06,-4.37061e-07,-0.000151443,5.27494e-05,-0.000204193,5.25,0,0.012407
2025-04-01 00:00:00+00:00,0.000135113,1.14349,0.137665,0.0114744,0.00833526,0.345968,0.000110708,1.3954e-05,1.24028e-05,1.3615e-05,0.000259557,-6.36837e-05,0.00032324,8.66667,0,0.0151786
2025-04-02 00:00:00+00:00,-0.00123203,1.14208,0.0684367,0.00377275,0.0059662,0.362193,0.000115898,1.51714e-05,1.41747e-05,-3.22468e-05,-0.00105417,-0.00346636,0.00241219,11.1667,0,0.0116973
2025-04-03 00:00:00+00:00,0.000170079,1.14227,0.0516521,-0.00351389,-0.00269239,0.264258,8.4563e-05,1.22555e-05,9.14093e-06,1.54535e-05,0.000260789,0.000676833,-0.000416044,9.39583,0,0.0105718
2025-04-04 00:00:00+00:00,-0.000881876,1.14127,0.0437979,0.00153039,-0.00186625,0.300429,9.61359e-05,1.38509e-05,1.18644e-05,0.000142758,-0.000902994,-0.000124164,-0.00077883,9.33333,0,0.0115895
2025-04-05 00:00:00+00:00,9.88386e-05,1.14138,0.0334653,0.0103745,-0.00167234,0.246406,7.88506e-05,1.21647e-05,1.4475e-05,0.000250311,-4.55007e-05,-0.000447719,0.000402218,8.45833,0,0.0119241
2025-04-06 00:00:00+00:00,0.00524575,1.14737,0.081947,0.0222957,0.00360426,0.445637,0.000151718,2.18427e-05,1.69063e-05,0.000631708,0.00479427,-0.00128605,0.00608032,9.625,1,0.0164184
2025-04-07 00:00:00+00:00,-0.0018114,1.14529,0.238125,0.0340767,0.00445203,0.983357,0.000314696,7.02105e-05,5.86249e-05,0.00013173,-0.00149638,0.00269537,-0.00419175,20.0208,0,0.0213265
2025-04-08 00:00:00+00:00,-0.00200118,1.143,0.175557,0.0254978,0.00411259,0.426947,0.000136618,3.82999e-05,1.5294e-05,0.000224904,-0.00203498,-0.00489833,0.00286335,16.1042,0,0.0192095
2025-04-09 00:00:00+00:00,0.000723265,1.14382,0.160902,0.0141809,0.000879535,0.535412,0.00017134,6.84668e-05,2.46637e-05,4.5033e-05,0.00094601,0.0094731,-0.00852709,14.5208,0,0.0182419
2025-04-10 00:00:00+00:00,4.28169e-06,1.14383,0.117171,0.0115766,-0.000585735,0.419763,0.000134324,5.1484e-05,1.66229e-05,4.75364e-05,0.000160041,-0.00234833,0.00250837,10.6875,0,0.0162358
2025-04-11 00:00:00+00:00,0.00179087,1.14588,0.0962422,0.00690066,-0.000643406,0.407588,0.000130435,3.98162e-05,1.7067e-05,0.000635149,0.00134222,0.00277914,-0.00143692,10.9375,0,0.0165964
2025-04-12 00:00:00+00:00,-0.000109359,1.14575,0.0935035,0.00827208,-0.000234685,0.405463,0.000129745,3.08208e-05,1.83722e-05,0.00107226,-0.000998667,0.00186835,-0.00286702,12.0833,0,0.0162552
2025-04-13 00:00:00+00:00,0.0018704,1.14789,0.0598886,0.0117584,0.00190612,0.317172,0.000101499,3.37787e-05,1.8228e-05,0.0001317,0.00189187,-0.000294321,0.00218619,10,0,0.0144131
2025-04-14 00:00:00+00:00,0.00314781,1.15151,0.155135,0.0477983,0.00694576,0.571284,0.000182818,5.55704e-05,3.30416e-05,0.000261337,0.00315667,0.00222509,0.000931577,14.6458,0,0.0174898
2025-04-15 00:00:00+00:00,0.00434598,1.15651,0.230766,0.0383727,0.000376447,0.551396,0.000176465,4.42284e-05,2.06241e-05,0.000531862,0.00405226,-0.000609517,0.00466178,17.4375,0,0.0205176
2025-04-16 00:00:00+00:00,0.00249906,1.1594,0.344227,0.0568927,0.000921039,0.531289,0.000170013,3.53816e-05,2.00781e-05,0.000499969,0.00223173,0.000258906,0.00197283,15.5625,0,0.0245009
2025-04-17 00:00:00+00:00,-0.000335663,1.15901,0.298789,0.0594152,0.00509292,0.615511,0.000196957,9.02788e-05,2.87916e-05,0.000351237,-0.000362039,0.00181162,-0.00217365,15.875,0,0.0256334
2025-04-18 00:00:00+00:00,-0.00261335,1.15598,0.245479,0.0556887,0.00707684,0.544928,0.000174369,9.54333e-05,2.46588e-05,0.000163794,-0.00247566,-0.00287076,0.000395097,14.5417,0,0.0248919
2025-04-19 00:00:00+00:00,0.000659351,1.15675,0.258752,0.0656629,0.0118566,0.440011,0.000140807,9.06552e-05,1.53874e-05,0.00016277,0.000749051,0.00275556,-0.00200651,14.6667,0,0.0263988
2025-04-20 00:00:00+00:00,0.00219323,1.15928,0.216804,0.0526466,0.00808844,0.37639,0.000120458,9.54276e-05,1.01403e-05,0.000216898,0.00221136,0.00242381,-0.00021245,15.4583,0,0.0264625
2025-04-21 00:00:00+00:00,0.00050928,1.15987,0.249552,0.0745686,0.0125885,0.443931,0.000142065,0.000105997,3.05772e-05,0.00187973,-0.00108054,-0.00269729,0.00161675,19,0,0.0260922
2025-04-22 00:00:00+00:00,-0.00888201,1.14957,0.189488,0.0653148,0.00948931,0.477402,0.000152849,0.000118392,1.50949e-05,0.000606882,-0.00923297,-0.00315938,-0.00607359,18.7083,2,0.0239357
2025-04-23 00:00:00+00:00,-0.00262425,1.14655,0.0942577,0.0392092,0.00362284,0.348533,0.000111673,0.000125079,1.51732e-05,0.000142235,-0.00251271,-0.000835546,-0.00167716,13.6875,3,0.0180586
2025-04-24 00:00:00+00:00,0.00321966,1.15025,0.0531832,0.0277376,0.00792556,0.302744,9.72502e-05,7.67533e-05,1.66698e-05,0.000422092,0.00298646,0.00279971,0.000186743,11.0208,1,0.0146941
2025-04-25 00:00:00+00:00,0.00246261,1.15308,0.0783345,0.0272828,0.00873394,0.400877,0.000128288,9.35322e-05,1.35355e-05,9.3247e-05,0.00260266,0.00138615,0.00121652,14.0625,0,0.0151868
2025-04-26 00:00:00+00:00,-0.000484714,1.15252,0.148048,0.0305,0.00438734,0.55586,0.000177852,0.000112786,2.18729e-05,7.77641e-05,-0.000240031,0.00113936,-0.00137939,16,0,0.0189685
2025-04-27 00:00:00+00:00,-0.00311159,1.14893,0.124449,0.0278163,0.00881501,0.450463,0.000144141,5.76937e-05,1.56867e-05,7.43288e-05,-0.00297107,-0.00372581,0.000754743,15.8542,0,0.019165
2025-04-28 00:00:00+00:00,0.0048317,1.15448,0.123915,0.0315961,0.00566725,0.518787,0.000166042,7.34655e-05,2.39486e-05,0.00129417,0.00379345,0.00367428,0.000119168,12.125,0,0.0185625
2025-04-29 00:00:00+00:00,-0.00143554,1.15283,0.133153,0.0318089,0.0123333,0.495091,0.00015888,9.62147e-05,1.89095e-05,0.000906835,-0.00206259,-0.00218211,0.000119524,14.9583,1,0.0192933
2025-04-30 00:00:00+00:00,-0.00336017,1.14895,0.113367,0.0312909,0.0058083,0.432152,0.000138893,0.000104826,1.41793e-05,-0.000111913,-0.00299055,0.00193114,-0.00492168,13.4375,1,0.0169361
2025-05-01 00:00:00+00:00,-0.00028355,1.14863,0.0533325,0.016538,0.00339854,0.260499,8.33583e-05,6.40647e-05,8.67683e-06,8.14818e-06,-0.000134581,-7.53917e-06,-0.000127042,11.4583,0,0.0128342
2025-05-02 00:00:00+00:00,-0.000330701,1.14825,0.0341433,0.0106949,0.00674345,0.210523,6.73669e-05,2.36805e-05,7.11236e-06,1.80443e-06,-0.000234024,-0.000678394,0.000444371,9.41667,0,0.0108341
2025-05-03 00:00:00+00:00,0.00179056,1.1503,0.0424749,0.0139555,0.0105483,0.254098,8.13147e-05,3.11947e-05,8.41661e-06,1.69922e-05,0.00189393,0.00143247,0.000461459,8.29167,0,0.0125565
2025-05-04 00:00:00+00:00,0.00114013,1.15162,0.0709874,0.017919,0.0103364,0.291619,9.33209e-05,4.01991e-05,9.31628e-06,0.000163221,0.00112,0.000204861,0.000915139,8.875,0,0.0151761
2025-05-05 00:00:00+00:00,-0.00220434,1.14908,0.0514838,0.0173414,0.00831966,0.257717,8.24651e-05,4.84837e-05,7.74898e-06,0.00014832,-0.00221475,-0.00153155,-0.000683196,10.5208,0,0.0141485
2025-05-06 00:00:00+00:00,-0.00342907,1.14514,0.0203354,0.00557023,0.00564676,0.145284,4.69594e-05,2.70224e-05,5.93539e-06,0.000765444,-0.00411801,-0.00451126,0.000393249,9.5625,1,0.0119229
2025-05-07 00:00:00+00:00,0.000181371,1.14534,0.01301,0.0049204,0.00405966,0.119577,3.82648e-05,1.278e-05,4.323e-06,2.35601e-05,0.00021322,0.000328163,-0.000114943,7.4375,0,0.0114134
2025-05-08 00:00:00+00:00,-0.0015963,1.14352,0.0464497,0.00737477,-0.000607138,0.31663,0.000103417,2.0296e-05,9.38754e-06,-5.05824e-06,-0.00145896,0.00166247,-0.00312143,9.58333,1,0.0116354
2025-05-09 00:00:00+00:00,-0.000801414,1.1426,0.00951936,-0.00289538,-0.0034876,0.0748831,2.40083e-05,3.03109e-06,1.89554e-06,1.38369e-07,-0.000772737,0.000186517,-0.000959254,7.04167,1,0.00689078
2025-05-10 00:00:00+00:00,-0.000845887,1.14163,0.0077721,-0.00210127,-0.00192733,0.102202,3.44757e-05,4.69271e-06,6.12105e-06,2.28116e-06,-0.000802831,0.000288063,-0.00109089,2.89583,2,0.00669271
2025-05-11 00:00:00+00:00,-3.40873e-05,1.14159,0.0117841,0.000966053,-0.00165721,0.11665,3.73281e-05,5.65427e-06,5.52134e-06,7.75323e-06,6.77041e-06,-0.000223855,0.000230625,6.20833,0,0.00685793
2025-05-12 00:00:00+00:00,-9.53162e-05,1.14148,0.0107458,-0.000661298,-0.00332108,0.114858,3.67534e-05,4.66148e-06,6.08715e-06,1.8979e-05,-6.65991e-05,0.000238411,-0.00030501,3.70833,0,0.00652313
2025-05-13 00:00:00+00:00,-0.00072605,1.14066,0.0347699,-0.0025256,-0.00595339,0.28716,9.18879e-05,2.20674e-05,1.05986e-05,4.60306e-05,-0.000647041,0.000857969,-0.00150501,7.79167,0,0.00960447
2025-05-14 00:00:00+00:00,3.23499e-05,1.14069,0.0541025,-0.00372959,-0.00509354,0.360982,0.000115514,6.8608e-05,1.20984e-05,3.54988e-05,0.000194483,-0.0016581,0.00185258,11,0,0.0122406
2025-05-15 00:00:00+00:00,-0.000791621,1.13979,0.037914,-0.000665327,-0.00488262,0.299861,9.59534e-05,5.07913e-05,8.57489e-06,2.02679e-05,-0.000656551,-0.00113389,0.00047734,8.6875,0,0.0123061
2025-05-16 00:00:00+00:00,0.00225652,1.14236,0.0458611,0.00334167,-0.00128443,0.331584,0.000106113,4.35727e-05,1.31806e-05,2.30651e-05,0.00239424,0.000747907,0.00164634,9.66667,0,0.0122976
2025-05-17 00:00:00+00:00,-0.00188981,1.1402,0.0576134,0.0030163,-0.00388454,0.287532,9.20061e-05,1.26196e-05,9.4976e-06,5.86337e-05,-0.00183527,-0.00270918,0.000873908,10.7083,0,0.0117593
2025-05-18 00:00:00+00:00,-0.000650547,1.13946,0.0220861,-0.0020388,-0.00336683,0.1601,5.12315e-05,1.66534e-05,4.35249e-06,2.15431e-05,-0.000599766,0.000902082,-0.00150185,5.39583,0,0.00855471
2025-05-19 00:00:00+00:00,0.000959508,1.14055,0.0456582,-0.00175682,-0.00255256,0.321691,0.000102943,2.15507e-05,1.20165e-05,1.14537e-05,0.0010848,0.000149447,0.000935353,9.375,0,0.0111899
2025-05-20 00:00:00+00:00,-0.00115099,1.13924,0.0580578,0.00261072,-0.00338743,0.256754,8.21581e-05,1.11502e-05,8.54849e-06,2.83068e-05,-0.00107727,-0.00101356,-6.3707e-05,11.1667,0,0.0115202
2025-05-21 00:00:00+00:00,0.000884325,1.14025,0.0268737,-0.00168406,-0.00293386,0.222832,7.13081e-05,1.18243e-05,8.15634e-06,-1.04237e-06,0.000976774,0.00150336,-0.000526588,9.20833,0,0.00856821
2025-05-22 00:00:00+00:00,-0.000583375,1.13958,0.0062054,0.00084726,-0.000337714,0.0549303,1.75774e-05,2.20003e-06,1.37136e-06,3.17107e-06,-0.000565511,9.9557e-08,-0.00056561,3.95833,0,0.00630773
2025-05-23 00:00:00+00:00,-8.06012e-05,1.13949,0.00246704,6.14491e-05,0.000143504,0.0285586,9.13869e-06,1.15148e-06,9.40166e-07,-4.68119e-06,-6.46756e-05,-0.000123716,5.904e-05,1.77083,0,0.00447835
2025-05-24 00:00:00+00:00,-4.57643e-06,1.13949,4.60861e-05,-2.70253e-05,-1.85955e-05,0.000417362,1.33556e-07,1.66945e-08,2.84225e-09,-2.20564e-07,-4.20276e-06,2.56865e-06,-6.77141e-06,0.4375,0,0.00330779
2025-05-25 00:00:00+00:00,0,1.13949,0,0,0,0,0,0,0,0,0,0,0,0,0,0.00411705
2025-05-26 00:00:00+00:00,-5.49745e-06,1.13948,0.00283393,-0.000220547,0.000527753,0.0352254,1.12721e-05,1.40902e-06,1.26307e-06,-1.644e-06,1.0093e-05,-3.85476e-05,4.86406e-05,1.27083,0,0.00643972
2025-05-27 00:00:00+00:00,-7.92214e-05,1.13939,0.0226712,-0.00191394,0.00206533,0.199537,6.38518e-05,7.98147e-06,5.89865e-06,-2.8179e-06,1.39699e-06,0.000383383,-0.000381986,5.64583,0,0.0105079
2025-05-28 00:00:00+00:00,0.000274172,1.1397,0.0404186,-0.00908562,-0.00045021,0.275527,8.81722e-05,1.33278e-05,7.82843e-06,-6.36923e-05,0.000447379,-0.000143126,0.000590506,7.0625,0,0.0123479
2025-05-29 00:00:00+00:00,0.000692558,1.14049,0.0873272,-0.00480673,-0.00196357,0.364482,0.000116635,3.19415e-05,8.29157e-06,-4.5028e-06,0.000854772,-0.000946772,0.00180154,10,0,0.0159285
2025-05-30 00:00:00+00:00,-0.000546027,1.13987,0.131462,-0.0147391,0.00160271,0.459829,0.000147148,4.38646e-05,1.64101e-05,-1.67299e-06,-0.000335137,-0.00841481,0.00807967,10.8333,0,0.0180699
2025-05-31 00:00:00+00:00,-0.000137701,1.13971,0.137323,-0.0294406,0.00187523,0.423789,0.000144072,5.0462e-05,2.27869e-05,-8.41586e-05,0.000170118,0.0016505,-0.00148038,10.5208,3,0.0179635
2025-06-01 00:00:00+00:00,-0.000128404,1.13957,0.115626,-0.0243641,-0.00240926,0.314083,0.000100505,5.22306e-05,9.44692e-06,-9.88911e-06,4.4484e-05,0.0020114,-0.00196691,10.0417,0,0.0180522
2025-06-02 00:00:00+00:00,0.000799577,1.14048,0.170224,0.0137353,0.00660475,0.633074,0.000202593,4.2784e-05,2.32066e-05,9.17266e-05,0.000977519,0.000748612,0.000228907,15,0,0.0191037
2025-06-03 00:00:00+00:00,-0.00228084,1.13788,0.177529,0.0195486,0.00952474,0.524412,0.000167804,4.31782e-05,1.25265e-05,3.77268e-05,-0.00209476,-0.00171524,-0.000379525,14.6042,0,0.0206428
2025-06-04 00:00:00+00:00,0.00925406,1.14841,0.176723,0.000693367,0.00138522,0.544776,0.000174374,7.17366e-05,1.73557e-05,0.000452783,0.00903447,0.00559553,0.00343895,14.7292,0,0.0213103
2025-06-05 00:00:00+00:00,-0.00467115,1.14304,0.248082,-0.0198841,2.88077e-05,0.742141,0.000237456,9.31368e-05,2.63451e-05,0.000270008,-0.00458383,-0.0110776,0.0064938,18.7708,0,0.0244325
2025-06-06 00:00:00+00:00,-0.00176976,1.14102,0.298086,-0.0123046,0.00481782,0.602784,0.000192888,5.0405e-05,1.92321e-05,0.000132669,-0.00163166,-4.87172e-05,-0.00158294,16.9375,0,0.026358
2025-06-07 00:00:00+00:00,0.00312964,1.14459,0.221323,-0.00528247,0.00549875,0.476124,0.000152371,5.91724e-05,1.4322e-05,5.93163e-05,0.00329721,0.0071205,-0.00382329,13.6875,0,0.0244088
2025-06-08 00:00:00+00:00,-0.000556819,1.14395,0.203295,-0.0108267,0.00972937,0.477251,0.000152718,5.39396e-05,1.22859e-05,1.98846e-05,-0.000354322,0.000267821,-0.000622143,14.4375,0,0.0249641
2025-06-09 00:00:00+00:00,-0.00413036,1.13923,0.227383,-0.00214426,-0.0097958,0.617464,0.000197558,6.17028e-05,3.19688e-05,0.000306439,-0.0041497,0.00833532,-0.012485,13.25,0,0.0247676
2025-06-10 00:00:00+00:00,-0.00153548,1.13748,0.216577,0.000642478,-0.00557955,0.724337,0.000235977,7.08991e-05,3.14225e-05,0.000355143,-0.00154607,0.00549065,-0.00703672,12.8542,1,0.0258252
2025-06-11 00:00:00+00:00,0.00140644,1.13908,0.221443,0.0142106,0.00121155,0.590971,0.000189118,4.81494e-05,1.68193e-05,0.000203681,0.00145864,-0.0042623,0.00572094,16.1667,0,0.0231764
2025-06-12 00:00:00+00:00,-0.00143164,1.13745,0.176948,0.00889002,0.00456373,0.585459,0.000187345,6.0323e-05,1.64373e-05,-4.97384e-05,-0.00111787,-0.00941596,0.0082981,14.9375,0,0.0218779
2025-06-13 00:00:00+00:00,0.00118967,1.1388,0.154402,0.00871735,0.00281568,0.722043,0.000231966,7.29898e-05,2.74802e-05,7.84001e-06,0.00151451,-0.000424118,0.00193863,15.9792,1,0.0213684
2025-06-14 00:00:00+00:00,0.00022473,1.13906,0.110133,0.00273477,0.000157417,0.550643,0.000176207,5.46401e-05,1.5553e-05,-1.43868e-05,0.000485821,-0.00151369,0.00199951,15.5,0,0.0207991
2025-06-15 00:00:00+00:00,-0.000956888,1.13797,0.118034,-0.00397126,-0.00100282,0.430376,0.000137718,2.03292e-05,8.81501e-06,-4.25576e-05,-0.000746865,8.83788e-05,-0.000835244,11.9792,0,0.0207502
2025-06-16 00:00:00+00:00,0.00153882,1.13972,0.117871,-0.015935,-0.00709922,0.496732,0.000158961,5.51349e-05,1.72491e-05,1.92705e-05,0.00175141,-0.000301023,0.00205243,15.1042,0,0.0199248
2025-06-17 00:00:00+00:00,0.000356771,1.14012,0.264789,-0.0359316,-0.0119094,0.709775,0.000227133,4.03707e-05,2.33405e-05,-6.57251e-05,0.000716601,-0.00546296,0.00617956,15.125,0,0.0238812
2025-06-18 00:00:00+00:00,0.000862496,1.14111,0.322598,-0.00455318,-0.00414772,0.499459,0.000159832,3.13949e-05,1.46204e-05,5.73965e-06,0.00106609,0.000875574,0.000190521,14.4792,0,0.0244068
2025-06-19 00:00:00+00:00,-0.000459347,1.14058,0.26662,0.0209539,0.00101634,0.642978,0.000205753,5.99076e-05,1.85209e-05,4.34002e-05,-0.000216624,-0.000582245,0.000365621,13.9167,0,0.0245637
2025-06-20 00:00:00+00:00,0.00174896,1.14258,0.27412,0.0369513,0.00363404,0.999005,0.000319716,9.44563e-05,2.59456e-05,1.55424e-05,0.00217471,-0.00363781,0.00581252,15.6458,0,0.0261384
2025-06-21 00:00:00+00:00,-0.00151546,1.14085,0.490266,0.0214951,0.000669133,0.917621,0.000297533,8.12149e-05,2.67642e-05,5.46429e-05,-0.00115622,-0.0119313,0.0107751,19.5,1,0.03001
2025-06-22 00:00:00+00:00,0.00120479,1.14222,0.46664,0.00571525,-0.00407533,1.26324,0.000413665,0.000138742,7.30456e-05,3.32056e-05,0.00180966,-0.00532003,0.00712969,20.25,1,0.0296944
2025-06-23 00:00:00+00:00,0.00608052,1.14917,0.406244,0.0610837,0.00355958,1.27332,0.00040752,0.000371204,8.37235e-05,0.00209443,0.00485548,0.0211103,-0.0162548,20.5208,0,0.0323348
2025-06-24 00:00:00+00:00,0.00072806,1.15,0.258916,0.0585815,0.00746737,0.583736,0.000186797,0.000212001,2.5717e-05,0.000970789,0.000196284,-0.00109618,0.00129246,17.5417,0,0.0336034
2025-06-25 00:00:00+00:00,0.00653258,1.15752,0.249353,0.0709481,0.0090623,0.534515,0.000171069,0.000246645,2.01584e-05,0.00162875,0.00533379,0.000510508,0.00482329,14.9583,0,0.0352186
2025-06-26 00:00:00+00:00,0.00280486,1.16076,0.328761,0.0679136,0.00731524,0.576593,0.000184519,0.000262849,2.64949e-05,0.000545083,0.00273469,-0.000809636,0.00354433,16.1667,0,0.0396917
2025-06-27 00:00:00+00:00,-0.00366308,1.15651,0.37665,0.0297371,-0.00292708,0.700466,0.000224127,0.000273667,2.42596e-05,-6.65689e-05,-0.00307426,0.00291233,-0.00598659,18.75,0,0.0415584
2025-06-28 00:00:00+00:00,0.000455558,1.15704,0.287193,0.0198626,-0.00209014,0.55831,0.000178666,0.000192555,1.78686e-05,0.00015121,0.000701359,0.000161137,0.000540222,21,0,0.0399004
2025-06-29 00:00:00+00:00,0.00135406,1.1586,0.236044,0.0376113,0.00211816,0.485648,0.000155434,0.000156882,1.63463e-05,-0.000103165,0.00179338,0.0050282,-0.00323483,20.5208,0,0.0380491
2025-06-30 00:00:00+00:00,0.00152455,1.16037,0.395568,0.0491136,0.00808033,0.991097,0.000317175,0.000165615,5.41666e-05,0.000188045,0.00188191,-0.00480563,0.00668754,19.125,0,0.0365407
2025-07-01 00:00:00+00:00,0.00456091,1.16566,0.697033,0.0447461,0.0151727,0.57678,0.000184649,0.000105194,2.8003e-05,0.000136429,0.004755,-0.0106548,0.0154098,20.9375,0,0.0398346
2025-07-02 00:00:00+00:00,-0.00301405,1.16215,0.910853,0.0569144,0.013904,1.22797,0.000392935,0.000114313,4.02692e-05,0.00013833,-0.002588,0.0287782,-0.0313662,23.8125,0,0.042085
2025-07-03 00:00:00+00:00,-0.00177529,1.16009,0.911887,0.0722194,0.00403998,0.571229,0.000182801,3.20523e-05,3.11475e-05,0.00087961,-0.00238243,0.00520306,-0.00758549,25.5833,0,0.0410115
2025-07-04 00:00:00+00:00,0.00652929,1.16766,0.835485,0.0550092,0.00257927,0.382592,0.000122451,2.41068e-05,1.43899e-05,0.000870419,0.00580913,-0.0130991,0.0189083,27,0,0.0396242
2025-07-05 00:00:00+00:00,0.00174321,1.1697,0.873715,0.074603,0.0113879,0.073196,2.34304e-05,7.44198e-06,3.03406e-06,0.000650337,0.00113864,0.00223735,-0.0010987,27,0,0.0388465
2025-07-06 00:00:00+00:00,0.00117997,1.17108,0.933799,0.0987731,0.0184934,0.102271,3.27308e-05,7.06478e-06,2.92234e-06,-5.44295e-05,0.00128307,0.00492732,-0.00364426,27,0,0.0386653
2025-07-07 00:00:00+00:00,0.00298597,1.17457,1.13199,0.0981022,0.0141171,0.803529,0.000257196,0.000117616,0.000165002,0.000113396,0.00342719,-0.00907518,0.0125024,27,0,0.0382631
2025-07-08 00:00:00+00:00,-0.00249042,1.17165,1.20031,0.121258,0.0206099,0.269862,8.63661e-05,3.01884e-05,1.36306e-05,3.21037e-05,-0.00236507,0.00847292,-0.010838,26.9375,0,0.0381856
2025-07-09 00:00:00+00:00,0.00026938,1.17196,1.20518,0.115789,0.0219719,0.317823,0.00011388,6.33541e-05,1.84532e-05,0.000237058,0.000256266,0.0295517,-0.0292955,27.25,2,0.0359491
2025-07-10 00:00:00+00:00,-0.00032946,1.17158,1.02939,0.115702,0.0144902,0.619351,0.000222469,0.00025911,6.24823e-05,0.000362499,-0.00010022,0.0398992,-0.0399995,27.625,5,0.0347639
2025-07-11 00:00:00+00:00,0.00491365,1.17733,0.894342,0.0184175,0.00687845,0.660667,0.00023278,0.000100735,7.97912e-05,8.89786e-05,0.00537358,0.00692184,-0.00154825,26.3542,4,0.0327161
2025-07-12 00:00:00+00:00,-0.00537313,1.17101,0.84365,0.0107664,0.00927156,0.179243,5.73579e-05,2.91988e-05,1.35318e-05,7.88233e-05,-0.00534544,-0.00972407,0.00437862,26,0,0.0322172
2025-07-13 00:00:00+00:00,-0.0100848,1.1592,0.635227,0.00700133,0.00616647,0.711675,0.0002297,0.000139771,4.04503e-05,8.00288e-05,-0.00978285,-0.002541,-0.00724185,26.7917,1,0.0301473
2025-07-14 00:00:00+00:00,0.000570106,1.15986,0.358063,0.0851545,0.0137195,1.12903,0.000368157,0.00025075,0.000107025,0.000114211,0.00119192,0.0047651,-0.00357318,27.7917,2,0.0265101
2025-07-15 00:00:00+00:00,-0.000339335,1.15947,0.261514,0.0652956,0.010095,0.508986,0.000162873,5.89702e-05,1.67624e-05,7.59811e-05,-0.000165901,0.000452995,-0.000618896,26.2292,0,0.0240025
2025-07-16 00:00:00+00:00,-0.0108256,1.14691,0.23755,0.0585605,0.0044843,0.542212,0.000174568,5.60155e-05,1.81012e-05,8.3531e-05,-0.01071,-0.00108428,-0.0096257,22.6875,2,0.0219612
2025-07-17 00:00:00+00:00,-0.0021984,1.14439,0.136171,0.0391703,0.00138686,0.438027,0.00014016,5.26801e-05,1.12398e-05,8.19552e-05,-0.00207068,-0.00210388,3.3199e-05,15.8333,0,0.0188431
2025-07-18 00:00:00+00:00,0.000773706,1.14528,0.136705,0.0285517,-0.00284149,0.555911,0.00017789,6.82924e-05,1.64362e-05,1.55803e-05,0.00102467,0.000414493,0.000610178,12.7708,0,0.01808
2025-07-19 00:00:00+00:00,-0.00192171,1.14308,0.144146,0.021105,0.00130503,0.55762,0.000178431,4.93497e-05,1.51339e-05,-3.12161e-06,-0.00167515,0.000449507,-0.00212466,16.1667,0,0.0189479
2025-07-20 00:00:00+00:00,0.00145089,1.14474,0.1077,0.0118616,0.00168657,0.443218,0.000141835,3.42815e-05,1.16594e-05,-6.58109e-07,0.00164001,0.00258579,-0.000945782,13.3542,0,0.0169535
2025-07-21 00:00:00+00:00,-0.000962115,1.14363,0.099244,0.00931346,0.00309117,0.482925,0.00015453,0.000110247,2.22655e-05,3.434e-05,-0.000707409,0.000197879,-0.000905288,12.0833,0,0.0149576
2025-07-22 00:00:00+00:00,0.00183534,1.14573,0.0867008,0.00469525,0.00136782,0.451923,0.000146958,7.09672e-05,1.57482e-05,4.57219e-05,0.00202396,0.000809044,0.00121492,10.1042,1,0.0141603
2025-07-23 00:00:00+00:00,0.00532436,1.15183,0.0862694,-0.00373208,-0.00812972,0.42678,0.000136603,8.38032e-05,1.32253e-05,8.13059e-05,0.00547726,-0.000308492,0.00578576,11.4167,0,0.0153121
2025-07-24 00:00:00+00:00,0.00489348,1.15747,0.0802755,0.00555337,-0.00674491,0.327741,0.000104887,0.000106668,1.27727e-05,0.000162964,0.00494778,0.000565088,0.00438269,12.5625,0,0.0175084
2025-07-25 00:00:00+00:00,0.00190707,1.15968,0.136931,0.0160354,-0.00334796,0.267186,8.55048e-05,8.74353e-05,9.87625e-06,0.000545579,0.00155118,0.00318258,-0.00163139,15.1667,0,0.0229648
2025-07-26 00:00:00+00:00,-0.000196198,1.15945,0.154477,0.0207087,-0.00402483,0.319384,0.000102199,0.000132478,1.07889e-05,0.000183997,-0.00012415,0.0012443,-0.00136845,16.8125,0,0.0237236
2025-07-27 00:00:00+00:00,0.000880207,1.16047,0.144137,0.0230095,-0.00419757,0.378504,0.000121129,0.000135298,1.33164e-05,8.14434e-05,0.00106997,-0.000769791,0.00183976,16.9167,0,0.0246069
2025-07-28 00:00:00+00:00,-0.00418532,1.15561,0.236755,0.0361731,0.000184129,0.711625,0.000234744,0.000154103,7.19124e-05,6.15902e-05,-0.00376408,-0.000389139,-0.00337494,16.1667,1,0.0262572
2025-07-29 00:00:00+00:00,-0.00910485,1.14509,0.20553,0.0370316,-0.00371841,0.662284,0.000211882,0.000264676,2.51292e-05,-8.49866e-05,-0.00853777,-0.00357304,-0.00496472,16.9792,0,0.0252582
2025-07-30 00:00:00+00:00,0.000343629,1.14549,0.179779,0.028589,0.000776077,0.628589,0.000201157,0.000229762,2.05449e-05,5.26963e-05,0.000751571,8.67289e-05,0.000664842,14.8542,0,0.0233928
2025-07-31 00:00:00+00:00,0.00294329,1.14886,0.181953,0.0330078,-0.00696591,0.503853,0.000161242,0.000133391,1.22545e-05,5.45992e-05,0.0032013,-0.00217699,0.0053783,14.6042,0,0.0237091
2025-08-01 00:00:00+00:00,-0.00124052,1.14743,0.188528,0.0310785,-0.00518348,0.600622,0.00019219,9.37479e-05,1.65743e-05,4.04588e-05,-0.000966705,-0.00128674,0.00032003,15.8333,0,0.0245224
2025-08-02 00:00:00+00:00,-0.00353154,1.14338,0.189408,0.0340811,0.00232134,0.598958,0.00019165,5.37614e-05,1.63886e-05,6.33502e-05,-0.00333428,-0.00224001,-0.00109427,16.2083,0,0.0227158
2025-08-03 00:00:00+00:00,0.00183682,1.14548,0.122489,0.0159107,0.000663537,0.459801,0.00014714,8.14084e-05,1.28153e-05,6.61879e-05,0.00201256,0.0045396,-0.00252704,14.0833,0,0.0219971
2025-08-04 00:00:00+00:00,-0.000929274,1.14442,0.181509,0.0333797,0.00219178,0.591996,0.000189444,0.000109205,1.95339e-05,4.27346e-05,-0.00064111,0.00547663,-0.00611774,14.25,0,0.0251404
2025-08-05 00:00:00+00:00,-0.00376947,1.1401,0.194417,0.036653,0.00114718,0.498092,0.000159448,7.43985e-05,1.31846e-05,5.23187e-05,-0.00357297,-0.00519861,0.00162564,14.3125,1,0.0248616
2025-08-06 00:00:00+00:00,0.0050543,1.14586,0.184657,0.0266324,0.000631021,0.362657,0.000116069,4.07793e-05,9.21494e-06,3.64778e-05,0.00517524,0.00594534,-0.000770098,13.5833,0,0.0245467
2025-08-07 00:00:00+00:00,-0.00165059,1.14397,0.170185,0.0272179,-0.000784834,0.510851,0.000163464,0.000107481,1.3712e-05,1.12903e-05,-0.00137321,0.00282844,-0.00420165,11.9167,0,0.0272388
2025-08-08 00:00:00+00:00,-0.000501367,1.1434,0.178392,0.029849,2.28514e-05,0.626678,0.000200534,0.000150555,1.45228e-05,3.16487e-05,-0.000165015,0.000177716,-0.000342731,13.2917,0,0.0274746
2025-08-09 00:00:00+00:00,-0.0023272,1.14074,0.185223,0.0300787,-0.00149583,0.764496,0.000244623,0.000138928,1.67879e-05,6.77514e-06,-0.00193361,-0.000140295,-0.00179332,16.125,0,0.0243366
2025-08-10 00:00:00+00:00,0.002897,1.14404,0.188266,0.0380721,0.00169317,0.681273,0.000218023,5.7195e-05,1.586e-05,-6.29572e-06,0.00319268,0.00207848,0.00111419,17.1042,0,0.0219993
2025-08-11 00:00:00+00:00,0.00710811,1.15217,0.255817,0.0310954,-0.000213479,1.018,0.000325853,0.000130907,2.77423e-05,3.15434e-05,0.00754525,-0.00336214,0.0109074,20.2708,0,0.0227911
2025-08-12 00:00:00+00:00,-0.00353566,1.1481,0.293346,0.00836713,-0.000178288,0.818434,0.000261885,9.37571e-05,1.98781e-05,4.48015e-05,-0.00319793,0.0096288,-0.0128267,21.2083,0,0.0247602
2025-08-13 00:00:00+00:00,-0.00379614,1.14374,0.249039,0.0338858,0.00711289,0.788152,0.00025219,5.78703e-05,1.84749e-05,6.07821e-06,-0.00347204,-0.000339166,-0.00313288,20.625,0,0.0220984
2025-08-14 00:00:00+00:00,0.00209704,1.14614,0.142244,0.0249197,0.00399447,0.544766,0.000174372,3.14955e-05,1.35833e-05,-3.55633e-08,0.00231699,-0.00421443,0.00653143,16.7083,1,0.0179528
2025-08-15 00:00:00+00:00,0.00139827,1.14774,0.114706,0.0142313,0.00115808,0.504931,0.000161586,4.70273e-05,1.43861e-05,1.19246e-05,0.00161101,-6.4141e-05,0.00167515,14.8958,0,0.0185521
2025-08-16 00:00:00+00:00,0.000292417,1.14808,0.0897436,0.00789964,6.98458e-05,0.45325,0.000145042,5.63505e-05,1.24414e-05,-8.1665e-07,0.000507273,0.000221703,0.000285571,15.6875,0,0.0187933
2025-08-17 00:00:00+00:00,-0.000739187,1.14723,0.0689981,0.00942238,6.17777e-05,0.307586,9.84269e-05,2.08169e-05,9.73268e-06,-1.66272e-06,-0.000608102,-0.00043552,-0.000172582,12.6667,0,0.0198834
2025-08-18 00:00:00+00:00,-0.0019376,1.14501,0.134316,0.00837356,-0.00920191,0.628625,0.000201164,4.83374e-05,2.31806e-05,0.000493955,-0.00215492,-0.00459602,0.0024411,12.7292,0,0.0197786
2025-08-19 00:00:00+00:00,-0.0059229,1.13823,0.12487,0.0134581,-0.00735424,0.448356,0.000143456,5.88109e-05,1.06943e-05,-1.17389e-05,-0.0057099,-0.00616624,0.000456335,11.25,0,0.0184669
2025-08-20 00:00:00+00:00,-0.000155719,1.13805,0.0603133,0.00664801,-0.00429919,0.364192,0.000116544,6.79202e-05,1.17487e-05,-3.48769e-05,7.6709e-05,0.000762963,-0.000686254,9.16667,0,0.0156083
2025-08-21 00:00:00+00:00,0.000540163,1.13866,0.0562019,0.0145289,0.00107813,0.322406,0.00010317,3.95841e-05,1.01682e-05,-3.94485e-05,0.000733126,-0.000496363,0.00122949,9.45833,0,0.0155228
2025-08-22 00:00:00+00:00,0.000466199,1.13919,0.069347,0.022225,0.00174503,0.352932,0.000112936,7.21954e-05,9.51378e-06,-6.65477e-06,0.000668066,0.00516653,-0.00449847,7.9375,0,0.0172196
2025-08-23 00:00:00+00:00,0.000323234,1.13956,0.085582,0.0154693,-0.00459434,0.409911,0.000131173,2.97999e-05,9.36435e-06,-2.59805e-06,0.000496531,-0.000659024,0.00115555,11.375,0,0.0195442
2025-08-24 00:00:00+00:00,3.74581e-05,1.13961,0.0725597,0.0127077,-0.00580803,0.277918,8.89342e-05,1.92785e-05,5.4033e-06,1.69021e-06,0.000149813,-0.000454051,0.000603864,7.83333,0,0.0200874
2025-08-25 00:00:00+00:00,-0.00317073,1.13599,0.133399,0.0157024,0.000980318,0.581333,0.000186018,9.46893e-05,1.90549e-05,-0.000284593,-0.00258477,-0.00703594,0.00445117,12.7292,0,0.0208741
2025-08-26 00:00:00+00:00,-0.000773394,1.13511,0.170377,-0.0308404,-0.00465139,0.76852,0.000245933,9.10206e-05,2.20542e-05,-8.63793e-05,-0.000324595,0.000935211,-0.00125981,16.3333,0,0.0217849
2025-08-27 00:00:00+00:00,0.00146685,1.13678,0.144337,-0.021095,-0.00561913,0.509386,0.000163012,4.74085e-05,1.43611e-05,0.000593795,0.00110258,-0.000839593,0.00194218,14.0417,0,0.020478
2025-08-28 00:00:00+00:00,-0.00187254,1.13465,0.131989,-0.00308037,-0.00376832,0.578169,0.000185005,7.77039e-05,1.70647e-05,0.000483469,-0.00207592,0.000622838,-0.00269875,13.3958,0,0.0192206
2025-08-29 00:00:00+00:00,-0.000265631,1.13435,0.0740929,-0.00580923,-0.00333378,0.341864,0.000109396,5.30085e-05,9.15505e-06,0.000155578,-0.000248398,-0.00209102,0.00184262,11.2708,0,0.0152041
2025-08-30 00:00:00+00:00,0.000102777,1.13447,0.0461692,-0.00242689,0.000256419,0.267202,8.55045e-05,1.91528e-05,7.41452e-06,0.000111315,0.000103997,0.000350285,-0.000246288,8.39583,0,0.0119023
2025-08-31 00:00:00+00:00,1.51811e-05,1.13448,0.0409087,-0.0054688,0.000249141,0.193868,6.20374e-05,1.80514e-05,4.73756e-06,0.000176051,-7.57975e-05,-0.000729206,0.000653409,7.02083,0,0.0127315
2025-09-01 00:00:00+00:00,-0.0011803,1.13314,0.0954149,0.00894317,0.0122398,0.487627,0.00015604,4.21455e-05,1.68514e-05,8.22253e-06,-0.000971469,-0.00212296,0.00115149,12,0,0.0153761
2025-09-02 00:00:00+00:00,-0.00112444,1.13187,0.0781873,0.0245703,0.00869159,0.215294,6.88931e-05,9.30881e-06,4.3445e-06,1.54288e-05,-0.00105662,0.000337415,-0.00139403,7.20833,0,0.0139503
2025-09-03 00:00:00+00:00,-0.000284044,1.13155,0.0328899,0.00976111,-0.000688877,0.216707,6.93978e-05,1.51107e-05,6.07887e-06,-1.55114e-05,-0.000177629,-0.000113288,-6.43409e-05,6.52083,1,0.0107078
2025-09-04 00:00:00+00:00,0.000178253,1.13175,0.0149336,0.00582114,-0.00129861,0.161497,5.1679e-05,1.40421e-05,5.05923e-06,-4.31662e-05,0.000292349,-8.96014e-05,0.00038195,6.77083,0,0.0107091
2025-09-05 00:00:00+00:00,-0.000118243,1.13162,0.012128,0.00461515,-0.000917905,0.155316,4.9701e-05,2.53578e-05,5.96391e-06,-1.71132e-05,-1.99804e-05,0.000177275,-0.000197256,5.75,0,0.0119928
2025-09-06 00:00:00+00:00,0.000930012,1.13267,0.0168512,0.000529821,-0.00650376,0.158718,5.07907e-05,2.58875e-05,5.24744e-06,-4.00616e-05,0.00105178,0.00106974,-1.79534e-05,4.77083,0,0.0131437
2025-09-07 00:00:00+00:00,0.00187248,1.13479,0.054143,0.00750836,-0.00319569,0.371603,0.000118917,1.86577e-05,7.63065e-06,7.53031e-05,0.00194125,0.00261409,-0.000672843,7.375,0,0.0183756
2025-09-08 00:00:00+00:00,-0.00130907,1.1333,0.19942,0.0680312,0.0127575,0.640171,0.000204853,0.000169188,1.95034e-05,0.000188781,-0.00110004,0.00100903,-0.00210906,12.9792,0,0.0231813
2025-09-09 00:00:00+00:00,0.000322555,1.13367,0.19028,0.0513086,0.0173333,0.508724,0.000166099,0.000152803,1.72541e-05,0.000998088,-0.000335916,-0.00114657,0.000810655,11.9167,1,0.0218634
2025-09-10 00:00:00+00:00,0.000580572,1.13433,0.177026,0.0402983,0.0206002,0.500283,0.00016009,0.000171356,1.644e-05,0.00110822,-0.000174945,0.00174548,-0.00192042,11.0625,0,0.0216698
2025-09-11 00:00:00+00:00,0.000820335,1.13526,0.118179,0.0237371,0.0298081,0.523632,0.000167578,0.000150175,1.72203e-05,0.00142967,-0.000265802,0.000167969,-0.000433771,12.8125,0,0.0225839
2025-09-12 00:00:00+00:00,0.00259262,1.1382,0.114876,0.00899355,0.0293175,0.48767,0.000156066,0.000152075,2.16711e-05,0.00178023,0.00114749,0.00198961,-0.000842123,13.25,0,0.0229078
2025-09-13 00:00:00+00:00,-0.00458777,1.13298,0.126206,0.0077492,0.0153858,0.504865,0.00016528,0.000149015,2.26686e-05,8.54044e-05,-0.00433689,-0.000779068,-0.00355782,12.8333,2,0.0220509
2025-09-14 00:00:00+00:00,-0.00131281,1.13149,0.113445,0.0203311,0.00988013,0.424044,0.000135689,7.50876e-05,1.28601e-05,3.05644e-06,-0.00108971,-0.00190631,0.000816605,12.2292,0,0.0200918
2025-09-15 00:00:00+00:00,0.00504599,1.1372,0.140776,0.0262833,0.0103545,0.575699,0.000184246,7.72505e-05,1.2982e-05,5.03816e-05,0.00526319,0.000628249,0.00463494,13,0,0.0220921
2025-09-16 00:00:00+00:00,-0.000316174,1.13684,0.172919,0.050987,0.0159614,0.413706,0.000132386,0.000140704,1.02546e-05,7.09319e-05,-0.000101864,0.00127508,-0.00137694,12.0208,0,0.0263577
2025-09-17 00:00:00+00:00,0.00474395,1.14223,0.230792,0.0570459,0.0237037,0.669598,0.000214313,0.000224355,1.54036e-05,0.000587507,0.00460478,0.00700144,-0.00239666,12.7708,0,0.0298017
2025-09-18 00:00:00+00:00,-0.00118302,1.14088,0.255105,0.0703633,0.0244558,0.691333,0.000221226,0.000259742,1.64781e-05,0.000249154,-0.000930336,0.000119026,-0.00104936,16.5208,0,0.0312313
2025-09-19 00:00:00+00:00,0.00187489,1.14302,0.285352,0.0782121,0.0216836,0.677196,0.000216715,0.000188992,1.56231e-05,-1.2915e-05,0.00231357,-0.00608706,0.00840063,16.4375,0,0.0310184
2025-09-20 00:00:00+00:00,0.00701792,1.15104,0.287046,0.0641881,0.0139013,0.554118,0.000177361,0.000195596,1.37893e-05,-0.000112757,0.00750902,0.00772975,-0.000220727,15.4583,0,0.0330933
2025-09-21 00:00:00+00:00,0.00557011,1.15746,0.307226,0.0700293,0.0194745,0.502524,0.000160847,0.000240388,1.52505e-05,-8.97125e-05,0.0060812,-0.00123847,0.00731967,12.3333,0,0.0371347
2025-09-22 00:00:00+00:00,0.02201,1.18293,0.605123,0.0395165,0.00219121,0.995452,0.000319216,0.000211474,6.82258e-05,8.88185e-05,0.0223582,-0.00146964,0.0238278,19.5833,1,0.040473
2025-09-23 00:00:00+00:00,0.0267819,1.21461,1.10122,0.048352,0.00910656,0.644043,0.0002064,8.9094e-05,4.03756e-05,0.00122189,0.0256018,0.0069117,0.0186901,24.7292,0,0.043285
2025-09-24 00:00:00+00:00,-0.00611034,1.20719,1.24584,0.0873354,0.00767851,0.442196,0.000141471,2.93122e-05,1.32911e-05,0.000644798,-0.00653513,-0.00224711,-0.00428802,25.6042,0,0.0473879
2025-09-25 00:00:00+00:00,-0.00498955,1.20117,0.994429,0.0858179,-0.00392013,1.09188,0.000351808,0.000128813,3.50989e-05,0.000382038,-0.00482102,-0.0411255,0.0363045,26.375,1,0.0474292
2025-09-26 00:00:00+00:00,-0.00441824,1.19586,0.65016,0.0540976,-0.00817451,0.962687,0.000308044,0.000135293,3.10348e-05,0.000109268,-0.00401468,0.011058,-0.0150727,23.25,0,0.0440031
2025-09-27 00:00:00+00:00,0.00127239,1.19738,0.379299,0.0246122,-0.00828213,0.417176,0.000133504,5.14657e-05,7.2943e-06,0.000103002,0.00136631,-0.000316333,0.00168264,14.4375,0,0.0436062
2025-09-28 00:00:00+00:00,-0.0252662,1.16713,0.591213,0.0481007,-0.0257951,0.95588,0.000313483,9.33771e-05,9.1876e-05,0.000166113,-0.025096,0.0145053,-0.0396013,16.1875,1,0.0436346
2025-09-29 00:00:00+00:00,0.000343165,1.16753,1.00904,0.136961,-0.0137707,0.41713,0.000139772,0.000104413,6.00988e-05,0.00027851,0.00042648,-0.00897819,0.00940467,22.7917,1,0.0412153
2025-09-30 00:00:00+00:00,0.0100506,1.17926,1.08648,0.159597,0.00937962,0.10993,3.67061e-05,4.12158e-05,9.70482e-06,0.00174466,0.008408,0.00358054,0.00482746,22.9792,1,0.0414201
2025-10-01 00:00:00+00:00,-0.0034176,1.17523,1.17184,0.165673,-4.13105e-05,0.13184,4.21801e-05,9.16598e-06,6.75841e-06,0.00265914,-0.00597171,0.0205632,-0.0265349,25.1042,0,0.0405416
2025-10-02 00:00:00+00:00,-0.00760095,1.1663,1.2275,0.179113,0.00304332,0.438462,0.00014735,3.10986e-05,1.62252e-05,0.0016272,-0.0090034,0.00682372,-0.0158271,25.6875,2,0.0382479
2025-10-03 00:00:00+00:00,0.0196973,1.18927,1.10869,0.18216,0.00409541,0.386362,0.000129431,3.38004e-05,1.85114e-05,0.00108273,0.018646,0.0141919,0.00445415,25,1,0.0378478
2025-10-04 00:00:00+00:00,-0.00594901,1.1822,1.10753,0.158292,-0.00543269,0.397932,0.000144893,2.73842e-05,6.24708e-05,0.00072302,-0.0063914,-0.0170472,0.0106558,26.6042,2,0.0411939
2025-10-05 00:00:00+00:00,-0.0127667,1.16711,1.04028,0.168957,-0.0130308,0.517858,0.000165514,5.5202e-05,2.1146e-05,0.000332073,-0.0128652,-0.000118366,-0.0127469,27.4583,0,0.0403868
2025-10-06 00:00:00+00:00,0.00529696,1.17329,1.22886,0.212425,0.0235994,0.944041,0.000302286,5.64672e-05,0.000141486,0.000125443,0.00569993,0.0208606,-0.0151607,27.4167,0,0.0393057
2025-10-07 00:00:00+00:00,0.0292411,1.2076,1.33901,0.184049,0.0111316,0.215603,6.90227e-05,2.4095e-05,5.98361e-06,-3.70182e-05,0.0289965,-0.0128617,0.0418582,28.8542,0,0.0413848
2025-10-08 00:00:00+00:00,-0.00443438,1.20224,1.48359,0.190228,0.00964628,0.28436,9.09786e-05,3.46636e-05,9.10551e-06,-2.5051e-05,-0.00424636,0.0133079,-0.0175543,29,0,0.0461139
2025-10-09 00:00:00+00:00,0.0193062,1.22545,1.65192,0.169768,0.0187921,0.400829,0.000128426,2.47024e-05,2.4796e-05,4.66488e-05,0.0193157,-0.0132175,0.0325332,29,0,0.0464322
2025-10-10 00:00:00+00:00,0.0953827,1.34234,1.60129,0.0996131,0.0168244,2.98377,0.00116228,0.000518397,0.00209397,0.000439557,0.0968122,-0.106931,0.203743,29.2708,15,0.0496503
2025-10-11 00:00:00+00:00,0.0103182,1.35619,0.690712,0.0187202,0.000671552,0.738042,0.000236187,0.000204374,0.000194069,0.000297108,0.0106471,0.00787913,0.00276802,30,0,0.0522091
2025-10-12 00:00:00+00:00,0.00962655,1.36924,0.47845,-0.0125991,-0.00122815,0.980027,0.000313704,0.000239078,0.000107666,3.02929e-05,0.0102335,0.0215119,-0.0112785,26.9583,0,0.0545604
2025-10-13 00:00:00+00:00,-0.00235568,1.36602,0.412265,-0.0387913,0.000290313,0.884893,0.000283172,0.000263708,9.97034e-05,-8.89474e-06,-0.00169166,0.00776069,-0.00945235,23.4375,0,0.0569937
2025-10-14 00:00:00+00:00,0.00414753,1.37168,0.428265,-0.0379861,0.00194292,0.620248,0.000198489,0.000204284,3.75783e-05,8.32762e-06,0.00458314,-0.0074067,0.0119898,19.4167,0,0.0562836
2025-10-15 00:00:00+00:00,0.00397688,1.37714,0.461717,-0.0518855,0.00303171,0.721131,0.000230779,9.98612e-05,2.87395e-05,2.64463e-05,0.00431075,-0.00734898,0.0116597,19.375,0,0.056761
2025-10-16 00:00:00+00:00,0.00357305,1.38206,0.649838,-0.063164,0.00478996,0.446064,0.000142786,5.69761e-05,2.54e-05,-9.11731e-05,0.00390533,-0.0110226,0.0149279,19.8958,0,0.0568527
2025-10-17 00:00:00+00:00,-0.00381685,1.37678,0.978511,-0.0389212,0.0101677,1.04619,0.000334793,0.000143358,9.3568e-05,2.70001e-05,-0.00323687,-0.00979583,0.00655896,23.8125,0,0.0583016
2025-10-18 00:00:00+00:00,-0.0161061,1.35461,1.05508,-0.0243882,0.0116229,0.842192,0.00026939,6.09098e-05,3.84854e-05,-3.34503e-05,-0.0157889,0.00879294,-0.0245819,27,0,0.0547972
2025-10-19 00:00:00+00:00,0.00583658,1.36252,1.08136,-0.00989299,0.0157099,0.511224,0.00016349,2.6863e-05,2.55746e-05,0.000125994,0.00594592,0.0154475,-0.00950161,27,0,0.0472336
2025-10-20 00:00:00+00:00,-0.000945675,1.36123,1.3341,-0.00701324,0.00835277,0.564186,0.000180539,4.6672e-05,4.00657e-05,-0.00020219,-0.000452546,0.00481063,-0.00526317,28.625,0,0.0432509
2025-10-21 00:00:00+00:00,-0.00163578,1.359,1.45194,0.0197453,0.0129955,0.360275,0.000115264,2.76232e-05,1.67196e-05,-9.99918e-05,-0.0013439,-0.0250703,0.0237264,29,0,0.044546
2025-10-22 00:00:00+00:00,-0.00203958,1.35623,1.52442,0.0111522,0.0236822,0.482588,0.00015443,2.32634e-05,2.88702e-05,-0.000456947,-0.00134035,-0.020162,0.0188216,29,0,0.0446781
2025-10-23 00:00:00+00:00,0.00152124,1.35829,1.63587,-0.0224534,0.0199743,0.710867,0.00022802,3.03638e-05,2.78759e-05,-4.63569e-05,0.00191769,0.0305445,-0.0286269,29.375,0,0.0424003
2025-10-24 00:00:00+00:00,0.00137643,1.36016,1.57185,0.00753688,0.0303993,0.360831,0.000115487,2.57487e-05,1.33662e-05,-0.000142799,0.00170278,0.0225356,-0.0208328,30,0,0.0414259
2025-10-25 00:00:00+00:00,0.00142704,1.3621,1.51853,0.0116638,0.0240336,0.164624,5.26755e-05,2.05103e-05,4.21965e-06,-0.000160688,0.00168896,0.00756324,-0.00587428,30,0,0.0422704
2025-10-26 00:00:00+00:00,-0.0129705,1.34444,1.52164,0.00871997,0.020358,0.313253,0.000100228,3.28231e-05,1.14158e-05,-0.00021187,-0.0126457,0.0332429,-0.0458885,30,0,0.0425369
2025-10-27 00:00:00+00:00,0.0114278,1.3598,0.708961,0.0229831,-0.000972863,1.87216,0.000599271,0.000542742,0.000195991,-6.19639e-05,0.0127873,-0.00106998,0.0138572,29.5208,0,0.0417899
2025-10-28 00:00:00+00:00,-0.00979932,1.34648,0.349585,-0.00612781,-0.0188631,0.622398,0.000199106,0.000231918,2.20988e-05,3.34701e-05,-0.00938995,-0.0059522,-0.00343775,23.9792,0,0.0437678
2025-10-29 00:00:00+00:00,0.0117258,1.36226,0.330832,0.0154685,-0.0226173,0.590121,0.000188919,0.00028319,3.02414e-05,2.0568e-05,0.0121714,0.00174474,0.0104266,15.6458,0,0.0428345
2025-10-30 00:00:00+00:00,0.00783509,1.37294,0.43022,0.0492181,-0.00362084,0.414269,0.000135914,0.000162503,2.57744e-05,0.000163055,0.00799659,-0.0129388,0.0209354,20.0833,1,0.0464704
2025-10-31 00:00:00+00:00,-0.00337502,1.3683,0.395091,-0.0075678,-0.00388217,0.759468,0.000242995,0.000190845,3.84031e-05,0.000147138,-0.00302124,0.00369247,-0.00671371,18.5417,0,0.0476349
2025-11-01 00:00:00+00:00,5.80803e-05,1.36838,0.440174,-0.0261961,-0.00512363,0.678603,0.000217154,0.000117224,3.30148e-05,0.000172683,0.000262791,-0.00173515,0.00199794,18.6042,0,0.0458566
2025-11-02 00:00:00+00:00,0.0140649,1.38763,0.465614,-0.0177305,-0.00902711,0.890076,0.000284955,0.000169515,3.3821e-05,0.000114185,0.0143592,0.00154454,0.0128146,18.5,0,0.045426
2025-11-03 00:00:00+00:00,0.00391127,1.39306,0.427406,-0.000947057,-0.0020132,1.07874,0.000348245,7.43038e-05,7.58706e-05,0.000102069,0.0043296,-0.0162799,0.0206095,19.4792,1,0.0463604
2025-11-04 00:00:00+00:00,0.0121663,1.41,0.647994,-0.00733341,-0.00160319,1.2001,0.00038419,7.75332e-05,4.99474e-05,0.000187532,0.0124619,-0.0114588,0.0239207,23.2708,0,0.0457193
2025-11-05 00:00:00+00:00,-0.00382603,1.40461,0.776533,-0.0122712,0.00291933,1.27519,0.000408074,6.92667e-05,5.52029e-05,0.000266058,-0.00351337,0.0197439,-0.0232573,26.5625,0,0.046992
2025-11-06 00:00:00+00:00,0.00466047,1.41116,0.596479,-0.0201232,-0.00105289,0.96526,0.000308911,7.06406e-05,3.75631e-05,0.00027717,0.00482298,-0.0056409,0.0104639,24.3333,0,0.0477892
2025-11-07 00:00:00+00:00,-0.0114901,1.39494,0.781436,0.00253271,0.00516272,1.23367,0.000402738,9.33831e-05,8.29269e-05,0.000102944,-0.0110097,0.0281447,-0.0391544,24.6875,1,0.0505319
2025-11-08 00:00:00+00:00,-0.00519818,1.38769,0.73511,0.0145114,0.0100463,1.04453,0.000339313,0.000112863,5.42285e-05,6.84694e-05,-0.00473501,-0.0148498,0.0101147,25.1875,1,0.0499739
2025-11-09 00:00:00+00:00,0.0050752,1.39473,0.588538,0.0130244,0.00743432,0.59435,0.000190233,8.17629e-05,1.75359e-05,4.88072e-05,0.00531938,0.0100537,-0.00473437,18.4167,0,0.0486609
2025-11-10 00:00:00+00:00,0.0032049,1.3992,0.591825,0.0441722,0.021985,1.42559,0.000456358,0.000202399,9.59781e-05,4.60397e-05,0.00392922,0.00365499,0.000274231,23.7708,0,0.0502801
2025-11-11 00:00:00+00:00,0.00443323,1.40541,0.468845,0.0314346,0.0214746,0.860042,0.00027526,0.000141368,2.32597e-05,-6.41665e-05,0.00494247,-0.0148467,0.0197892,23.0833,0,0.0526568
2025-11-12 00:00:00+00:00,-0.00262394,1.40172,0.370995,0.013632,0.0161795,0.601264,0.000192394,0.000120676,1.35997e-05,-5.88771e-07,-0.0022921,-0.00199643,-0.000295672,20.9167,0,0.053609
2025-11-13 00:00:00+00:00,0.00812871,1.41311,0.370377,-0.00117818,0.0141195,0.678786,0.000217354,8.34528e-05,2.14821e-05,4.5967e-05,0.00838787,-0.00353651,0.0119244,22.2917,0,0.0516826
2025-11-14 00:00:00+00:00,0.00199661,1.41593,0.458489,-0.0133405,0.0132565,0.821,0.000262742,0.000135713,2.92493e-05,0.000113231,0.0023296,-0.00283346,0.00516306,23.25,0,0.0549009
2025-11-15 00:00:00+00:00,0.00254658,1.41954,0.558902,-0.000977833,0.0135409,0.714796,0.000228749,9.53168e-05,2.02439e-05,0.000260068,0.00263881,0.00259921,3.95912e-05,23.9167,0,0.0558894
2025-11-16 00:00:00+00:00,-0.000763992,1.41846,0.637912,0.0290495,0.0116014,0.916112,0.000293185,6.94161e-05,2.27996e-05,7.41163e-05,-0.000428556,-0.00980121,0.00937265,23.25,0,0.0544472
2025-11-17 00:00:00+00:00,-0.00321285,1.4139,1.01786,0.0906135,0.024411,1.64061,0.000525136,0.000125179,0.00018451,8.28687e-05,-0.00235975,-0.00602035,0.0036606,25.3542,0,0.0692708
2025-11-18 00:00:00+00:00,-0.0037105,1.40865,0.944881,0.0528999,0.0194433,1.14558,0.000366597,0.000117209,5.2171e-05,4.23432e-05,-0.00316734,0.0182756,-0.0214429,28.2708,0,0.0677735
2025-11-19 00:00:00+00:00,0.0105349,1.42349,1.12606,0.0695723,0.0139521,1.70044,0.000544337,0.000235179,7.64383e-05,0.000152575,0.0112428,-0.0103302,0.0215729,30,0,0.066776
2025-11-20 00:00:00+00:00,0.00416087,1.42942,1.29414,0.0727663,0.00897951,1.47037,0.000470673,0.000217609,6.58262e-05,8.51846e-05,0.00486662,-0.0372798,0.0421464,30,0,0.0682942
2025-11-21 00:00:00+00:00,-0.0044706,1.42302,0.850122,0.0382595,0.00520708,1.78653,0.00059652,0.000204428,8.94141e-05,5.00107e-05,-0.00361756,-0.0313012,0.0276836,27.75,4,0.0688815
2025-11-22 00:00:00+00:00,-0.021643,1.39223,0.793036,0.0548761,0.0061949,1.20456,0.000391393,0.000104157,0.00013812,3.4199e-07,-0.021081,-0.00458469,-0.0164963,26.3958,1,0.0658842
2025-11-23 00:00:00+00:00,-0.00664712,1.38297,1.0282,0.0901915,0.00257974,0.948617,0.000303555,8.50295e-05,4.74381e-05,0.000273607,-0.00647048,0.00382197,-0.0102924,28.9167,0,0.0603107
2025-11-24 00:00:00+00:00,-0.0120044,1.36637,1.03595,0.0972433,0.00770989,1.39448,0.00044625,9.74875e-05,0.000101371,0.0010087,-0.0123904,0.0156137,-0.0280041,30,0,0.0545662
2025-11-25 00:00:00+00:00,-0.00609027,1.35805,0.815538,0.0768396,0.00102393,0.700723,0.000224199,3.54776e-05,3.41393e-05,0.001242,-0.0069932,0.00223838,-0.00923158,30,0,0.0475457
2025-11-26 00:00:00+00:00,0.00642691,1.36678,1.00069,0.096454,0.00708634,0.517863,0.000165778,2.5722e-05,2.15064e-05,0.00150534,0.00516096,0.0129693,-0.00780832,30,0,0.0430299
2025-11-27 00:00:00+00:00,-0.0107937,1.35202,1.05145,0.0944316,0.0112663,0.649994,0.000208027,5.6237e-05,2.84729e-05,0.00199954,-0.012519,-0.015311,0.00279194,30,0,0.0431762
2025-11-28 00:00:00+00:00,0.000746706,1.35303,1.08747,0.072453,0.00949448,0.22384,7.1628e-05,1.86347e-05,7.71853e-06,0.00107058,-0.000202839,-0.0133696,0.0131668,30,0,0.0399848
2025-11-29 00:00:00+00:00,-0.00359047,1.34818,0.673954,0.0490765,0.00126501,1.2518,0.000400542,0.00019933,3.50372e-05,0.00027378,-0.00321526,-0.00603806,0.0028228,29.5417,0,0.0386971
2025-11-30 00:00:00+00:00,0.00423841,1.35389,0.315738,0.0363173,-0.00282793,0.702433,0.000224791,0.00015319,2.07142e-05,0.00068003,0.00396841,-0.00216813,0.00613654,16.0833,0,0.0367047
2025-12-01 00:00:00+00:00,-0.00982226,1.34059,0.477923,0.0190681,-0.0103062,1.26228,0.000403859,0.000155655,6.71506e-05,0.000268436,-0.00943463,-0.0145802,0.00514559,22.2917,1,0.0367269
2025-12-02 00:00:00+00:00,0.00294282,1.34454,0.698635,0.0244392,-0.00183784,0.446999,0.000143024,5.4432e-05,3.26319e-05,0.00136902,0.0018442,0.0239557,-0.0221115,25.5833,0,0.0359557
2025-12-03 00:00:00+00:00,0.00768959,1.35488,0.831052,0.0531473,0.00511671,0.428964,0.000140139,3.20985e-05,3.06065e-05,0.00375649,0.00416323,0.0158186,-0.0116554,27.125,1,0.0359966
2025-12-04 00:00:00+00:00,-0.00688738,1.34554,0.794272,0.0517169,-0.00422777,0.180461,5.77132e-05,1.28688e-05,1.42469e-05,0.00350625,-0.0102917,-0.0144744,0.00418264,29.4375,0,0.0348518
2025-12-05 00:00:00+00:00,0.00684488,1.35475,0.707009,0.0594928,-0.0120116,0.273106,8.7426e-05,2.51736e-05,1.36049e-05,0.00174719,0.00522087,-0.0137496,0.0189705,30,0,0.0316125
2025-12-06 00:00:00+00:00,0.0103643,1.3688,0.718319,0.0457254,-0.0142602,0.179001,5.73099e-05,1.66786e-05,1.2539e-05,0.00137449,0.00904604,0.00838639,0.00065965,30,0,0.033724
2025-12-07 00:00:00+00:00,0.00154091,1.3709,0.725121,0.0450163,-0.00250948,0.23076,7.38525e-05,2.36229e-05,1.41093e-05,0.000398279,0.00126643,-0.00283249,0.00409893,30,0,0.0375824
2025-12-08 00:00:00+00:00,-0.00554142,1.36331,0.832582,0.0601741,0.0231943,0.67743,0.000216703,4.67574e-05,0.000105642,0.000342105,-0.00551297,0.00201772,-0.00753069,29.2917,0,0.0392095
2025-12-09 00:00:00+00:00,-0.0099278,1.34977,0.951503,0.0845616,0.0315829,0.460284,0.000152677,4.57455e-05,1.87472e-05,0.000245719,-0.00997428,0.011154,-0.0211283,29.6667,1,0.0365369
2025-12-10 00:00:00+00:00,0.00349605,1.35449,0.487408,0.035552,0.00874652,1.15467,0.000369435,6.88918e-05,6.28042e-05,0.000222859,0.00378547,-0.00907403,0.0128595,20.4792,0,0.0339073
2025-12-11 00:00:00+00:00,0.00539706,1.3618,0.607596,0.0157613,0.0064417,0.393847,0.000126114,3.50771e-05,2.71357e-05,8.79884e-05,0.00551431,0.001915,0.00359932,19.375,0,0.0349312
2025-12-12 00:00:00+00:00,0.0108467,1.37657,0.5564,0.0152177,0.00635044,0.54892,0.000175689,7.57126e-05,3.22375e-05,2.19693e-05,0.0110896,0.00121031,0.00987931,22.3125,0,0.0363664
2025-12-13 00:00:00+00:00,-0.00451915,1.37035,0.4353,0.00397652,7.78985e-05,0.708513,0.000226677,8.59793e-05,2.70208e-05,-4.9784e-05,-0.00412819,0.000894103,-0.0050223,23.5417,0,0.038821
2025-12-14 00:00:00+00:00,0.00302953,1.3745,0.284944,-0.0101934,-0.00144875,0.398558,0.000127546,3.93472e-05,1.11403e-05,5.12374e-06,0.00320218,-0.00352716,0.00672935,16.0625,0,0.039289
2025-12-15 00:00:00+00:00,0.00396918,1.37996,0.628634,-0.017455,0.00188473,1.65032,0.000528116,0.000282319,0.000161405,0.000544512,0.00442147,-0.0117757,0.0161971,22.0417,0,0.0405912
2025-12-16 00:00:00+00:00,0.012642,1.3974,0.623707,-0.0310638,-0.00147908,1.1298,0.000368991,0.000104425,4.78596e-05,0.00191162,0.0111945,0.00324724,0.00794722,21.1667,1,0.0415999
2025-12-17 00:00:00+00:00,0.0090281,1.41002,1.03309,0.00464521,0.00245494,1.12608,0.000369712,9.05795e-05,8.42035e-05,0.000932059,0.0086977,-0.022792,0.0314897,22.2708,1,0.0435368
2025-12-18 00:00:00+00:00,-0.00150244,1.4079,1.06,0.00746247,0.0139917,1.25565,0.000439793,0.000153988,0.00012722,0.000469909,-0.00117327,-0.0289583,0.0277851,24.75,3,0.0435947
2025-12-19 00:00:00+00:00,-0.0029924,1.40369,0.924406,0.0398275,0.0163263,0.502843,0.000160879,6.78982e-05,3.44174e-05,0.000978388,-0.00366613,0.0312007,-0.0348668,26.1667,0,0.0440428
2025-12-20 00:00:00+00:00,-0.00360269,1.39863,0.983065,0.0373141,0.00340605,0.231941,8.19677e-05,3.26282e-05,3.90841e-05,0.000456683,-0.00388463,-0.000808423,-0.00307621,27.7083,1,0.0407143
2025-12-21 00:00:00+00:00,0.0051735,1.40587,0.926175,0.0147625,-0.00789016,0.313578,0.000100391,3.02149e-05,2.57513e-05,0.00151075,0.00384877,0.00378765,6.11196e-05,28,0,0.0389454
2025-12-22 00:00:00+00:00,0.00247186,1.40934,0.437339,0.0509734,0.00258351,1.6051,0.000513909,0.000197727,0.000126764,0.000492267,0.00283458,0.000414811,0.00241977,24.1667,0,0.0403265
2025-12-23 00:00:00+00:00,0.00212258,1.41233,0.456051,0.045577,-0.00193098,0.803741,0.000257202,0.000146895,3.72605e-05,5.66177e-06,0.00256686,-0.00254945,0.00511631,18.5417,0,0.0422039
2025-12-24 00:00:00+00:00,0.00350252,1.41728,0.367586,0.0160384,-0.00549791,0.591224,0.000189205,9.90874e-05,2.11786e-05,0.000140995,0.00367072,0.00255509,0.00111563,17.7292,0,0.045167
2025-12-25 00:00:00+00:00,-0.00478706,1.4105,0.30439,0.0265971,-0.00748594,0.70832,0.000230277,0.000133431,4.94969e-05,-7.4528e-05,-0.00427807,-0.00405798,-0.000220091,15.9583,1,0.0439078
2025-12-26 00:00:00+00:00,-0.00649692,1.40133,0.461946,0.068702,-0.00200239,0.75136,0.000240404,7.03327e-05,4.00085e-05,0.000374929,-0.00652731,0.000289822,-0.00681713,17.6458,0,0.0407265
2025-12-27 00:00:00+00:00,-0.0080789,1.39001,0.465264,0.0500957,-0.0184698,0.317104,0.000102378,3.49806e-05,1.68271e-05,0.000470016,-0.00840083,-0.00285544,-0.00554539,18.7917,1,0.0356125
2025-12-28 00:00:00+00:00,0.00118922,1.39166,0.523343,0.0669473,-0.00403078,0.157962,5.0565e-05,7.41729e-06,1.31447e-05,0.00091553,0.000360542,-0.00232608,0.00268663,19.9583,0,0.0321017
2025-12-29 00:00:00+00:00,-0.00157328,1.38948,0.462823,0.0335112,-0.0194416,0.990554,0.000318181,9.6002e-05,7.68681e-05,0.000472447,-0.00154004,-0.00349497,0.00195493,19.7917,1,0.0323243
2025-12-30 00:00:00+00:00,0.00172014,1.39187,0.45973,0.00835617,-0.0296371,0.581962,0.000186866,8.88821e-05,4.16319e-05,9.97589e-05,0.00194651,-0.000202325,0.00214883,18.2917,1,0.0322768
2025-12-31 00:00:00+00:00,-0.00257299,1.38828,0.658152,0.00497607,-0.0392364,0.334339,0.000107087,2.26665e-05,2.00945e-05,0.000228738,-0.00263911,-0.00669689,0.00405778,20.5208,1,0.0316579
2026-01-01 00:00:00+00:00,0.00103738,1.38972,0.770988,-0.0075851,-0.0223907,0.353239,0.000126774,5.31183e-05,6.36161e-05,3.3182e-05,0.00126934,0.011057,-0.00978762,22.8542,1,0.0309751
2026-01-02 00:00:00+00:00,-0.0198667,1.36211,0.857735,0.0195526,-0.00881972,0.44457,0.00016518,3.602e-05,5.61478e-05,1.14897e-05,-0.0197731,0.00732126,-0.0270943,27.0208,4,0.0302936
2026-01-03 00:00:00+00:00,0.00678034,1.37135,0.860195,0.0309582,-0.001954,0.183697,6.3102e-05,2.83148e-05,1.49999e-05,2.59635e-05,0.00687069,0.00824089,-0.00137019,30,1,0.0262805
2026-01-04 00:00:00+00:00,-0.00996383,1.35769,0.844823,0.00558846,-0.0131031,0.179196,6.02044e-05,1.53803e-05,1.58639e-05,-0.000708557,-0.00919132,0.0026185,-0.0118098,29.7083,1,0.0257512
2026-01-05 00:00:00+00:00,0.00631005,1.36625,0.791388,0.0402761,-0.0223329,0.55424,0.000195241,6.3027e-05,7.35057e-05,0.00156609,0.00510378,0.00812982,-0.00302604,27.8125,5,0.023025
2026-01-06 00:00:00+00:00,-0.00157617,1.3641,0.732392,0.0126794,-0.0191559,0.202,6.6754e-05,2.97565e-05,8.64592e-06,0.00106285,-0.002513,0.000444739,-0.00295774,27.125,1,0.0240713
2026-01-07 00:00:00+00:00,-0.00052485,1.36338,0.523241,-0.0209167,-0.0283655,0.63186,0.000202197,7.25328e-05,2.80664e-05,0.000114595,-0.000320431,-0.00891128,0.00859085,27,0,0.0245189
2026-01-08 00:00:00+00:00,0.00303623,1.36752,0.253175,-0.0448189,-0.032172,0.385269,0.000123551,5.39775e-05,2.02031e-05,-2.80335e-05,0.00327085,-0.00183731,0.00510816,26.9375,1,0.0261792
2026-01-09 00:00:00+00:00,-0.00551511,1.35998,0.258576,-0.0497212,-0.0295472,0.0614456,1.96547e-05,7.35156e-06,3.67128e-06,-0.000195765,-0.00529238,-0.00135009,-0.00394228,27,0,0.0282075
2026-01-10 00:00:00+00:00,0.00293022,1.36397,0.253309,-0.0572776,-0.0323859,0.0664662,2.12699e-05,1.8355e-05,4.54082e-06,-0.000114609,0.00308827,0.000174213,0.00291405,27.8125,0,0.0274141
2026-01-11 00:00:00+00:00,-0.00112111,1.36244,0.245199,-0.0583222,-0.0357374,0.00851987,2.72656e-06,1.0307e-06,7.33192e-07,-4.92306e-05,-0.0010624,0.000303646,-0.00136605,28,0,0.0302617
2026-01-12 00:00:00+00:00,0.0075274,1.37269,0.205768,-0.0614814,-0.031374,0.59215,0.000189551,0.000134247,4.76348e-05,0.000177681,0.00770332,0.00131936,0.00638397,14.1875,0,0.030387
2026-01-13 00:00:00+00:00,-0.00246713,1.36931,0.252361,-0.0565938,-0.0281748,0.396628,0.000126914,7.43716e-05,1.99859e-05,0.000163132,-0.0023757,0.00719159,-0.00956729,11.7917,0,0.0305334
2026-01-14 00:00:00+00:00,-0.00298421,1.36522,0.296151,-0.0438671,-0.0154323,0.305669,0.00010546,5.98218e-05,1.63207e-05,0.0014138,-0.00413213,-0.00076386,-0.00336827,15.4792,1,0.030526
2026-01-15 00:00:00+00:00,0.00446116,1.37131,0.324047,-0.0502179,-0.00845887,0.0765493,2.44995e-05,5.85165e-06,3.6382e-06,0.00048564,0.00401578,-0.00321475,0.00723054,18.3125,0,0.0293731
2026-01-16 00:00:00+00:00,0.000840363,1.37246,0.298109,-0.0498265,-0.00778473,0.0410464,1.31366e-05,1.64207e-06,4.13753e-06,0.000458752,0.000402384,0.0013903,-0.00098792,19.0417,0,0.015812
2026-01-17 00:00:00+00:00,-0.00192859,1.36982,0.296371,-0.0599536,-0.0172823,0.0111292,3.56003e-06,4.45004e-07,1.94044e-07,8.88357e-05,-0.00201351,-0.00211942,0.000105913,20,0,0.015623
2026-01-18 00:00:00+00:00,0.00111926,1.37135,0.295838,-0.0537128,-0.010786,0.0319133,1.02138e-05,1.27672e-06,1.21506e-06,6.45294e-05,0.00106892,-0.00437972,0.00544864,20.0417,0,0.0161854
2026-01-19 00:00:00+00:00,0.0107524,1.38609,0.271026,-0.0508913,-0.0174264,0.262353,8.96532e-05,3.54878e-05,4.95425e-05,-1.24274e-05,0.010897,-0.00182721,0.0127242,20,3,0.0191187
2026-01-20 00:00:00+00:00,0.00929371,1.39898,0.391435,-0.0446104,-0.0117029,0.344554,0.000119788,1.69571e-05,2.08076e-05,0.000312503,0.00910716,-0.00802368,0.0171308,23.5833,2,0.0236479
2026-01-21 00:00:00+00:00,0.000276324,1.39936,0.495594,-0.0225549,-0.00541397,0.163946,5.24374e-05,6.55467e-06,5.78325e-06,0.00252703,-0.00215585,0.0115581,-0.0137139,25,0,0.025603
2026-01-22 00:00:00+00:00,0.0063735,1.40828,0.25514,-0.0194169,-0.00386903,0.679189,0.000219003,5.64699e-05,3.17896e-05,0.00296621,0.00371532,0.00383914,-0.000123813,20.625,1,0.0235137
2026-01-23 00:00:00+00:00,-0.00565055,1.40032,0.192578,-0.023628,-0.00165536,0.450851,0.000144261,5.0773e-05,2.3824e-05,0.000939882,-0.00637465,-0.00524329,-0.00113136,13.9167,0,0.0239282
2026-01-24 00:00:00+00:00,0.00963252,1.41381,0.274475,-0.0328861,-0.00678678,0.0930501,2.97902e-05,5.42158e-06,6.60811e-06,-1.01049e-05,0.00964939,0.0128494,-0.00319997,14.3958,0,0.0211472
2026-01-25 00:00:00+00:00,0.00468533,1.42044,0.248062,-0.0288528,-0.0145274,0.194306,6.21758e-05,2.47375e-05,7.28426e-06,8.19585e-05,0.00469348,-0.00627867,0.0109722,17.8958,0,0.0221193
2026-01-26 00:00:00+00:00,0.00376337,1.42578,0.288693,0.0250619,0.00441571,0.67971,0.000217546,0.000113307,3.78454e-05,0.00273509,0.0014056,0.0116365,-0.0102309,20.1667,0,0.0245644
2026-01-27 00:00:00+00:00,-0.00516435,1.41842,0.260315,0.0164487,0.00510433,0.125838,4.53581e-05,1.53871e-05,1.20892e-05,0.00319809,-0.00828345,0.00322655,-0.01151,21.2708,1,0.0223264
2026-01-28 00:00:00+00:00,-0.00434061,1.41226,0.233473,0.0201417,0.0108047,0.0821872,2.97983e-05,6.72991e-06,8.51645e-06,0.0014186,-0.0057101,-0.00785775,0.00214765,21.4792,1,0.0210784
2026-01-29 00:00:00+00:00,-0.00200565,1.40943,0.255104,0.0154455,0.00888667,0.107752,3.44907e-05,2.25409e-05,8.68565e-06,0.000459259,-0.00238777,-0.00864814,0.00626037,22,0,0.0213382
2026-01-30 00:00:00+00:00,-0.00263377,1.40572,0.252631,0.0150381,-0.002092,0.145341,5.59114e-05,1.35652e-05,1.6903e-05,0.00015416,-0.00269394,-0.00521045,0.0025165,23.1042,1,0.0198165
2026-01-31 00:00:00+00:00,-0.00325569,1.40114,0.259034,0.0179723,-0.000169579,0.1794,7.02084e-05,1.14319e-05,1.68042e-05,2.3307e-05,-0.00317276,-0.0166608,0.0134881,24.3125,4,0.0193546
2026-02-01 00:00:00+00:00,-0.00342875,1.39634,0.308529,0.0102752,0.000437614,0.245395,7.85098e-05,2.76852e-05,1.18173e-05,4.06223e-05,-0.00333172,-0.00943306,0.00610134,24.2083,0,0.018619
2026-02-02 00:00:00+00:00,0.00565,1.40423,0.398326,0.00730917,0.00699081,0.162409,5.20209e-05,4.2732e-05,4.6001e-05,0.000183294,0.00560166,0.00629727,-0.000695612,24.25,0,0.0178313
2026-02-03 00:00:00+00:00,-0.00013453,1.40404,0.442063,-0.00657671,0.00268687,0.0844615,2.83255e-05,2.11098e-05,1.61784e-05,1.42232e-05,-7.47215e-05,-0.00581132,0.0057366,26,1,0.0193773
2026-02-04 00:00:00+00:00,-0.00438514,1.39788,0.455581,-0.0250247,-0.00697524,0.0774503,2.79159e-05,6.34562e-06,5.67358e-06,-5.1887e-05,-0.0042935,-0.00726559,0.00297209,25.8958,1,0.0214448
2026-02-05 00:00:00+00:00,0.00937892,1.41099,0.419405,-0.0321554,-0.00918077,0.254631,9.92242e-05,7.33916e-05,2.82643e-05,-0.000100523,0.0096456,-0.0274465,0.0370921,24.8333,3,0.0229906
2026-02-06 00:00:00+00:00,-0.00246379,1.40752,0.442326,-0.029864,-0.00418218,0.194078,6.85571e-05,4.45688e-05,3.25132e-05,-4.56651e-05,-0.00226029,0.0265487,-0.028809,24.75,2,0.0226508
2026-02-07 00:00:00+00:00,0.0035083,1.41245,0.441106,-0.0179201,-0.00297808,0.142209,4.55067e-05,2.11956e-05,9.46657e-06,-0.000129037,0.00371406,-0.000183307,0.00389737,27,0,0.0208048
2026-02-08 00:00:00+00:00,-0.00409451,1.40667,0.397917,-0.0150139,-0.00853996,0.0580199,1.96093e-05,1.09004e-05,9.81028e-06,-0.000128783,-0.00392747,-0.0018072,-0.00212027,27,1,0.0217553
2026-02-09 00:00:00+00:00,0.00355926,1.41168,0.426416,-0.00653618,-0.00497129,0.0882669,2.82669e-05,1.82539e-05,1.15555e-05,0.00103644,0.00258122,-0.000157624,0.00273884,28.1875,0,0.0205434
2026-02-10 00:00:00+00:00,-0.00265357,1.40793,0.430971,-0.0080451,-0.00755018,0.0537802,1.72061e-05,7.63989e-06,2.95001e-06,0.00110932,-0.00372973,-0.00462494,0.000895219,29,0,0.0205633
2026-02-11 00:00:00+00:00,-0.00159787,1.40568,0.439739,-0.0104664,-0.009506,0.0790722,2.82375e-05,6.18413e-06,9.13993e-06,0.000470413,-0.00201536,-0.00408419,0.00206883,28.25,3,0.0192526
2026-02-12 00:00:00+00:00,-0.00378816,1.40036,0.455499,-0.00226409,-0.00745523,0.123265,4.4988e-05,1.38657e-05,1.60092e-05,0.000794678,-0.00450702,0.00149872,-0.00600574,28.0208,1,0.0198854
2026-02-13 00:00:00+00:00,0.00487311,1.40718,0.453331,-0.000819731,-0.00334036,0.0589047,1.88533e-05,1.65642e-05,4.72601e-06,0.00052722,0.00438616,0.0113864,-0.00700027,29.5833,0,0.0198739
2026-02-14 00:00:00+00:00,-0.00425166,1.4012,0.452654,-0.0124083,-0.0069365,0.116305,3.72112e-05,1.97346e-05,7.55638e-06,0.0004779,-0.00466706,0.00862952,-0.0132966,30,0,0.0219604
2026-02-15 00:00:00+00:00,0.0036383,1.4063,0.430699,-0.0228651,-0.012536,0.0862388,2.7601e-05,1.36782e-05,5.98991e-06,-1.88312e-05,0.00370255,-0.00662573,0.0103283,30,0,0.0229055
2026-02-16 00:00:00+00:00,-0.00383751,1.4009,0.454873,-0.0208179,-0.00914343,0.188757,6.03808e-05,1.58517e-05,2.00293e-05,-0.000222885,-0.00351471,0.00132721,-0.00484192,29.9583,0,0.0226099
2026-02-17 00:00:00+00:00,-0.00464799,1.39439,0.451166,-0.0145456,-0.0032003,0.0829581,2.89639e-05,2.13069e-05,1.3594e-05,-0.00033558,-0.00425086,-0.00609173,0.00184087,30,1,0.0174703
2026-02-18 00:00:00+00:00,-0.00270937,1.39061,0.424045,-0.0102714,0.00671089,0.0647621,2.07215e-05,1.23019e-05,5.74861e-06,-0.000500457,-0.00216857,-0.00635051,0.00418194,30,0,0.0128623
2026-02-19 00:00:00+00:00,0.00149155,1.39268,0.400497,-0.0154105,0.00754971,0.0311938,9.98254e-06,2.93634e-06,1.70846e-06,-0.000506642,0.0020167,-0.000499014,0.00251571,30,0,0.0110021
2026-02-20 00:00:00+00:00,-0.00195799,1.38996,0.415819,-0.019124,0.0121493,0.0223337,7.83256e-06,1.22305e-05,2.15251e-06,-0.000335952,-0.00159588,0.00578817,-0.00738406,29.125,1,0.0103534
2026-02-21 00:00:00+00:00,0.00149267,1.39203,0.421447,-0.0204798,0.0141226,0.0173466,5.54379e-06,3.28394e-06,2.55645e-06,-0.000561442,0.00207273,-0.000265843,0.00233857,29.0208,0,0.00990158
2026-02-22 00:00:00+00:00,-5.86954e-05,1.39195,0.408356,-0.0275977,0.00283238,0.0174041,5.56983e-06,2.5075e-06,8.53616e-07,-0.000224253,0.000177146,-0.00380891,0.00398606,30,0,0.0121309
2026-02-23 00:00:00+00:00,-0.00806052,1.38073,0.339778,-0.0224162,-0.00114625,0.102249,3.32748e-05,1.28739e-05,1.35883e-05,-0.000125806,-0.00790037,-0.00859768,0.000697306,27.2708,1,0.0115201
2026-02-24 00:00:00+00:00,0.00471747,1.38724,0.320124,-0.0281572,-0.00814422,0.0294132,1.0035e-05,2.5233e-06,1.91208e-06,-0.000160705,0.00488679,0.000383685,0.00450311,27.1667,1,0.00906289
2026-02-25 00:00:00+00:00,0.00412788,1.39297,0.327179,-0.0234143,-0.00509101,0.0430862,1.37902e-05,2.8235e-06,2.85168e-06,4.31055e-05,0.00410143,0.0159535,-0.0118521,27.4792,0,0.00851901
2026-02-26 00:00:00+00:00,-0.00614497,1.38441,0.325963,-0.0105237,-0.00164575,0.0416422,1.60683e-05,4.58853e-06,7.5153e-06,0.000142674,-0.00627373,-0.00442647,-0.00184726,28,2,0.00864639
2026-02-27 00:00:00+00:00,0.000986683,1.38578,0.313561,-0.00433995,-0.000464236,0.00633713,2.02745e-06,1.02692e-06,7.01989e-07,4.51054e-05,0.000946575,-0.00479671,0.00574329,28,0,0.00444528
2026-02-28 00:00:00+00:00,0.00057041,1.38657,0.291909,0.000310745,0.00661845,0.0101577,3.24968e-06,4.0621e-07,1.20418e-06,-1.34657e-05,0.000590931,0.00219181,-0.00160088,28,0,0.00189172
2026-03-01 00:00:00+00:00,-0.00183816,1.38402,0.296487,0.00209915,0.0106643,0.0047348,1.51509e-06,1.89386e-07,2.91242e-07,-5.85926e-05,-0.00177807,-0.00378941,0.00201134,28,0,0
2026-03-02 00:00:00+00:00,-0.00209257,1.38112,0.239523,0.00604297,0.00781841,0.0659343,2.21585e-05,7.24914e-06,1.29415e-05,3.7477e-05,-0.00208887,0.0026206,-0.00470947,24.6667,1,0
2026-03-03 00:00:00+00:00,-0.000248195,1.38078,0.23238,0.00821088,0.0074431,0.00320726,1.60337e-06,3.20674e-07,3.84031e-07,2.60314e-05,-0.000271367,-0.00145844,0.00118707,23.4792,1,0
2026-03-04 00:00:00+00:00,0.000340231,1.38125,0.237575,0.00996344,0.00826155,0,0,0,0,1.64545e-05,0.000325083,0.00526347,-0.00493839,23,0,0
2026-03-05 00:00:00+00:00,-0.00130175,1.37945,0.239703,0.00921827,0.00764605,0,0,0,0,-4.88945e-06,-0.00129691,-0.00276372,0.0014668,23,0,0
2026-03-06 00:00:00+00:00,-0.000568596,1.37867,0.233531,0.00847911,0.00742706,0,0,0,0,5.24255e-06,-0.000573509,-0.0045941,0.00402059,23,0,0.000161819
2026-03-07 00:00:00+00:00,0.000312897,1.3791,0.226935,0.00803154,0.00759436,0.00290527,1.45245e-06,2.90491e-07,1.02522e-07,-3.71264e-06,0.000318771,-0.00165917,0.00197794,22.8125,1,0.00125091
2026-03-08 00:00:00+00:00,-3.99699e-05,1.37904,0.220901,0.00611207,0.00670249,0.0026468,8.46585e-07,1.05823e-07,3.14973e-08,-1.33958e-05,-2.51011e-05,-0.00160692,0.00158182,22,0,0.000748107
2026-03-09 00:00:00+00:00,-0.00147148,1.37701,0.178418,-0.000915688,0.00032609,0.046587,1.49074e-05,1.86343e-06,3.35235e-06,-1.35852e-05,-0.00143856,0.0025163,-0.00395487,18,0,0.00185796
2026-03-10 00:00:00+00:00,-0.000387782,1.37648,0.180256,0.00078896,0.00258666,0,0,0,0,1.64743e-05,-0.000403659,0.000868995,-0.00127265,18,0,0.00255614
2026-03-11 00:00:00+00:00,-0.000930267,1.3752,0.180023,0.000247313,0.00332804,0,0,0,0,1.13155e-05,-0.000941761,0.000377692,-0.00131945,18,0,0.0023119
2026-03-12 00:00:00+00:00,-0.000223636,1.37489,0.180808,-0.000523424,0.0014499,0,0,0,0,8.76196e-06,-0.000232212,0.000567119,-0.000799331,18,0,0.00366775
2026-03-13 00:00:00+00:00,0.00030246,1.37531,0.18667,-0.000411905,0.00267674,0,0,0,0,-3.37773e-06,0.000306465,0.000954303,-0.000647837,18,0,0.00129501
2026-03-14 00:00:00+00:00,-0.000142949,1.37511,0.183045,-0.000618148,0.00416043,0,0,0,0,-3.79456e-06,-0.000139033,0.000179867,-0.0003189,18,0,0.000157665
2026-03-15 00:00:00+00:00,-0.000598253,1.37429,0.184537,-0.000311169,0.0049117,0.00075567,3.77828e-07,7.55656e-08,7.30699e-08,-9.14636e-06,-0.000588599,0.00181223,-0.00240083,17.3125,1,0.0027899
2026-03-16 00:00:00+00:00,0.00037755,1.37481,0.19076,0.00305941,0.00445456,0.00924633,3.64666e-06,5.99064e-07,9.38128e-07,-6.68397e-07,0.000384256,0.00482556,-0.0044413,16.5417,1,0.00519142
2026-03-17 00:00:00+00:00,0.000990223,1.37617,0.187969,0.00331487,0.00494408,0,0,0,0,2.21994e-05,0.000967869,-0.00211809,0.00308596,17,0,0.00338053
2026-03-18 00:00:00+00:00,-0.000788826,1.37508,0.182856,0.00300999,0.00310092,0,0,0,0,3.76235e-05,-0.000826391,-0.00416085,0.00333446,17,0,0.00219018
2026-03-19 00:00:00+00:00,9.53686e-05,1.37521,0.176273,0.00289072,0.00459139,0,0,0,0,1.67686e-05,7.88192e-05,-0.00202329,0.00210211,17,0,0.00240028
2026-03-20 00:00:00+00:00,0.000519395,1.37593,0.176097,0.00295352,0.0072077,0,0,0,0,-5.07026e-06,0.000524604,0.00103048,-0.00050588,17,0,0.00167353
2026-03-21 00:00:00+00:00,0.000138827,1.37612,0.176395,0.00350319,0.00907248,0.00419334,1.34177e-06,1.67721e-07,7.48993e-08,2.28369e-06,0.000138246,-0.00215812,0.00229637,17,0,0.000209225
2026-03-22 00:00:00+00:00,0.000123756,1.37629,0.167587,0.00780686,0.0099081,0,0,0,0,2.04961e-05,0.000103375,-0.00104104,0.00114441,17,0,0
2026-03-23 00:00:00+00:00,0.000701947,1.37726,0.151784,-0.0011448,-0.00141733,0.0254055,8.12956e-06,1.01619e-06,2.03212e-06,1.35679e-06,0.000711762,0.00375381,-0.00304205,16,0,0.00103805
2026-03-24 00:00:00+00:00,-0.000212867,1.37696,0.148585,0.00123876,-0.00185157,0,0,0,0,1.35912e-06,-0.000214023,0.000210993,-0.000425016,16,0,0.000572384
2026-03-25 00:00:00+00:00,-0.000574419,1.37617,0.151273,0.000841055,-0.00236309,0,0,0,0,-5.41496e-06,-0.000568993,0.00035245,-0.000921443,16,0,0
2026-03-26 00:00:00+00:00,-0.000875984,1.37497,0.146692,0.00016448,-0.00245028,0,0,0,0,3.24012e-06,-0.000879471,-0.00374467,0.0028652,16,0,0.000685335
2026-03-27 00:00:00+00:00,0.000944621,1.37626,0.140654,0.000219505,-0.00225632,0.00791413,2.53215e-06,3.16518e-07,6.4444e-07,1.61523e-05,0.000931788,-0.00142024,0.00235203,16.2708,0,0.00398681
2026-03-28 00:00:00+00:00,0.000973922,1.3776,0.139678,-0.00123636,-0.00328638,0,0,0,0,1.58046e-05,0.000957812,-0.000139935,0.00109775,17,0,0.00425968
2026-03-29 00:00:00+00:00,-0.00106347,1.37614,0.137778,-0.00141509,-0.00332269,0.00202698,6.48629e-07,8.10787e-08,3.33088e-07,-5.02732e-07,-0.00106227,-0.00167588,0.000613608,17.1042,0,0.00528937
2026-03-30 00:00:00+00:00,0.000177425,1.37638,0.140103,-0.00485585,-0.00592754,0.00109431,3.50124e-07,4.37655e-08,4.41796e-08,-9.8926e-07,0.000178949,0.00113386,-0.000954911,17,0,0.0042713
2026-03-31 00:00:00+00:00,-0.000560421,1.37561,0.13993,-0.00483602,-0.00573819,0,0,0,0,2.37775e-06,-0.000562797,0.000552789,-0.00111559,17,0,0.0028013
2026-04-01 00:00:00+00:00,0.000299515,1.37602,0.143494,-0.00677033,-0.00610748,0.00200665,6.42104e-07,1.29834e-07,7.45704e-09,-5.66759e-06,0.000306127,0.000232293,7.38338e-05,17,0,2.17577e-05
2026-04-02 00:00:00+00:00,0.000193406,1.37629,0.138351,-0.00677767,-0.00660784,0,0,0,0,1.80235e-06,0.000191841,-0.00212129,0.00231313,17,0,0
2026-04-03 00:00:00+00:00,0.000412591,1.37686,0.139803,-0.00648275,-0.00663412,0,0,0,0,-3.93663e-08,0.000412693,0.00102495,-0.000612258,17,0,0
2026-04-04 00:00:00+00:00,-0.000191461,1.37659,0.139954,-0.00632464,-0.00537934,0,0,0,0,-3.69386e-06,-0.000187696,0.000276542,-0.000464237,17,0,0
2026-04-05 00:00:00+00:00,-0.000959755,1.37527,0.139152,-0.00682613,-0.00485728,0,0,0,0,-2.30197e-05,-0.000937004,0.000289525,-0.00122653,17,0,0
2026-04-06 00:00:00+00:00,-0.000216647,1.37498,0.140192,-0.00302193,-0.00530148,0.00420487,1.34549e-06,2.32222e-06,7.69867e-07,-1.90011e-05,-0.000192801,-0.00060196,0.00040916,15,0,0
2026-04-07 00:00:00+00:00,-0.00103502,1.37355,0.137307,-0.00400106,-0.00669323,0,0,0,0,-4.1673e-06,-0.00103109,0.00374553,-0.00477662,15,0,0
2026-04-08 00:00:00+00:00,0.000799231,1.37465,0.143469,-0.00408183,-0.00656821,0,0,0,0,-3.91838e-06,0.000803014,-0.00228159,0.0030846,15,0,0
2026-04-09 00:00:00+00:00,0.000510171,1.37535,0.140856,-0.00345914,-0.0062036,0,0,0,0,-1.29952e-05,0.000523198,0.00109904,-0.000575839,15,0,0
2026-04-10 00:00:00+00:00,-0.000591056,1.37454,0.14262,-0.00357195,-0.00633158,0,0,0,0,-5.51916e-06,-0.000585583,0.000422699,-0.00100828,15,0,0
2026-04-11 00:00:00+00:00,-0.000677103,1.37361,0.142893,-0.00412822,-0.00662338,0,0,0,0,6.55426e-06,-0.000683765,-0.00060845,-7.53158e-05,15,0,0
2026-04-12 00:00:00+00:00,-0.000108653,1.37346,0.138662,-0.00445185,-0.00726477,0,0,0,0,3.85066e-06,-0.000112417,-0.00292059,0.00280817,15,0,0
2026-04-13 00:00:00+00:00,-0.000406135,1.3729,0.136972,-0.0020448,-0.00342405,0.00253283,8.10493e-07,1.33846e-06,5.25692e-07,5.31051e-06,-0.000408698,0.00381269,-0.00422139,13,0,0
2026-04-14 00:00:00+00:00,-0.000118199,1.37274,0.140895,-0.00264611,-0.00317284,0,0,0,0,4.76126e-06,-0.000122815,-0.00192955,0.00180673,13,0,0
2026-04-15 00:00:00+00:00,-0.000577711,1.37195,0.140685,-0.00295864,-0.00268726,0,0,0,0,5.13804e-06,-0.000582878,0.00126214,-0.00184502,13,0,0
2026-04-16 00:00:00+00:00,0.000137918,1.37214,0.144718,-0.00323438,-0.00359235,0,0,0,0,-5.04895e-06,0.000143479,0.00290014,-0.00275666,13,0,0
2026-04-17 00:00:00+00:00,-0.000296147,1.37173,0.146299,-0.00146238,-0.00137852,0.00271744,8.69438e-07,1.0868e-07,1.23142e-07,-3.16111e-06,-0.000291708,-5.68474e-05,-0.000234861,13,0,0
2026-04-18 00:00:00+00:00,0.000167167,1.37196,0.143007,-0.000569547,-0.00105776,0,0,0,0,5.37255e-07,0.000166722,-0.0023096,0.00247632,13,0,0
2026-04-19 00:00:00+00:00,2.1839e-05,1.37199,0.139257,-0.000372309,-0.00120412,0,0,0,0,9.0062e-06,1.29513e-05,-0.0020042,0.00201715,13,0,0
2026-04-20 00:00:00+00:00,-4.55374e-05,1.37193,0.139336,-0.000488909,-0.00131179,0,0,0,0,-4.21837e-06,-4.12483e-05,0.00160378,-0.00164502,13,0,0
2026-04-21 00:00:00+00:00,7.33429e-05,1.37203,0.140376,-0.000479884,-0.00114295,0,0,0,0,-5.12161e-06,7.85936e-05,0.000637197,-0.000558603,13,0,0
2026-04-22 00:00:00+00:00,0.000453525,1.37265,0.14356,-3.91948e-05,-0.00109133,0,0,0,0,-5.05881e-06,0.000458648,0.000438963,1.9685e-05,13,0,0
2026-04-23 00:00:00+00:00,-0.0001024,1.37251,0.140807,-4.02714e-05,-0.00127204,0,0,0,0,1.67994e-06,-0.000103969,0.000113867,-0.000217836,13,0,0
2026-04-24 00:00:00+00:00,-0.000159253,1.37229,0.141819,-9.18405e-05,-0.00161122,0,0,0,0,-1.55575e-06,-0.000157597,-7.20643e-05,-8.55329e-05,13,0,0
2026-04-25 00:00:00+00:00,0.000325194,1.37274,0.141626,5.4383e-06,-0.00196202,0,0,0,0,-4.29786e-06,0.000329487,-0.000163422,0.00049291,13,0,0
2026-04-26 00:00:00+00:00,-0.000248985,1.37239,0.141945,-6.97504e-06,-0.00218696,0,0,0,0,-7.89423e-08,-0.000248875,0.000562459,-0.000811335,13,0,0
2026-04-27 00:00:00+00:00,-0.000243102,1.37206,0.120408,-0.0185635,-0.0128772,0.0219213,7.01498e-06,1.57585e-06,9.35359e-07,8.35459e-06,-0.000241689,-0.00103888,0.000797194,11,0,0
2026-04-28 00:00:00+00:00,2.24906e-05,1.37209,0.117874,-0.0171608,-0.0135031,0,0,0,0,5.84784e-06,1.67811e-05,-0.000435243,0.000452024,11,0,0
2026-04-29 00:00:00+00:00,0.000329071,1.37254,0.11793,-0.0171264,-0.0147022,0,0,0,0,-2.16667e-06,0.000331492,-0.000424527,0.000756019,11,0,0
2026-04-30 00:00:00+00:00,4.78469e-05,1.37261,0.117009,-0.0168744,-0.0159996,0,0,0,0,1.82873e-07,4.77695e-05,0.000125625,-7.78559e-05,11,0,0
2026-05-01 00:00:00+00:00,-0.000117467,1.37245,0.118112,-0.0170831,-0.0160078,0,0,0,0,3.63716e-06,-0.000121055,0.000379719,-0.000500773,11,0,0
2026-05-02 00:00:00+00:00,-0.000136708,1.37226,0.118154,-0.0169725,-0.0158641,0,0,0,0,3.83641e-06,-0.000140499,0.000421269,-0.000561768,11,0,0
2026-05-03 00:00:00+00:00,0.000116819,1.37242,0.118215,-0.0170636,-0.0156129,0,0,0,0,9.23021e-07,0.000115938,-0.000274658,0.000390596,11,0,0
2026-05-04 00:00:00+00:00,-0.000521466,1.3717,0.119883,-0.0177203,-0.014137,0,0,0,0,5.88533e-06,-0.000527192,0.000302267,-0.000829459,11,0,0
2026-05-05 00:00:00+00:00,-0.000339893,1.37124,0.121874,-0.017898,-0.0129772,0,0,0,0,1.87292e-06,-0.000341582,0.00161851,-0.00196009,11,0,0
2026-05-06 00:00:00+00:00,-0.000296237,1.37083,0.125391,-0.0183905,-0.0141759,0,0,0,0,-1.06664e-06,-0.000294944,0.00111957,-0.00141451,11,0,0
2026-05-07 00:00:00+00:00,0.000452197,1.37145,0.124553,-0.0180871,-0.0138084,0,0,0,0,1.40185e-06,0.000450926,-0.000718222,0.00116915,11,0,0
2026-05-08 00:00:00+00:00,-0.000622217,1.3706,0.125184,-0.0180185,-0.0140541,0,0,0,0,-2.79931e-06,-0.000619426,0.0019184,-0.00253783,11,0,0
2026-05-09 00:00:00+00:00,-0.000575294,1.36981,0.124911,-0.0145567,-0.0121578,0.00455309,1.4561e-06,1.82012e-07,3.49389e-07,3.15814e-06,-0.000576252,8.51996e-05,-0.000661452,11,0,0
2026-05-10 00:00:00+00:00,-0.00251952,1.36636,0.124265,-0.0126762,-0.0113219,0.00835089,2.67069e-06,3.33837e-07,7.14495e-07,1.58104e-06,-0.00251974,0.00183558,-0.00435533,11,0,0
2026-05-11 00:00:00+00:00,0.000169908,1.36659,0.119017,-0.00613011,-0.00503845,0.00206791,6.61685e-07,8.27106e-08,1.24159e-07,-2.55455e-06,0.000173489,-0.000222308,0.000395797,11,0,0
2026-05-12 00:00:00+00:00,-2.72969e-05,1.36655,0.117312,-0.00615401,-0.00492123,0,0,0,0,8.31192e-06,-3.54841e-05,-0.00165924,0.00162376,11,0,0
2026-05-13 00:00:00+00:00,-0.000830639,1.36542,0.116793,-0.00697226,-0.00616276,0,0,0,0,6.82553e-06,-0.000837664,-0.0011006,0.000262932,11,0,0
2026-05-14 00:00:00+00:00,0.000265778,1.36578,0.116309,-0.00716165,-0.00682889,0,0,0,0,5.13989e-06,0.0002608,0.000960387,-0.000699587,11,0,0
2026-05-15 00:00:00+00:00,6.6521e-05,1.36587,0.114832,-0.00701601,-0.00587329,0,0,0,0,1.15833e-06,6.54765e-05,-0.00181641,0.00188188,11,0,0
2026-05-16 00:00:00+00:00,0.000518654,1.36658,0.11075,-0.00643939,-0.00512994,0,0,0,0,3.84843e-06,0.000514746,-0.00130482,0.00181957,11,0,0
2026-05-17 00:00:00+00:00,0.000276445,1.36696,0.109952,-0.00631709,-0.00504453,0,0,0,0,5.79331e-06,0.000270672,-0.00059579,0.000866462,11,0,0
2026-05-18 00:00:00+00:00,0.000135286,1.36714,0.107579,-0.00587874,-0.0049528,0,0,0,0,1.03061e-06,0.000134327,3.10503e-05,0.000103276,11,0,0
2026-05-19 00:00:00+00:00,-4.11588e-05,1.36709,0.107855,-0.00608075,-0.00551752,0,0,0,0,-3.69544e-06,-3.742e-05,-0.000650455,0.000613035,11,0,0
2026-05-20 00:00:00+00:00,-0.000280264,1.3667,0.108211,-0.0061288,-0.00553389,0,0,0,0,1.1332e-06,-0.000281395,0.000693128,-0.000974522,11,0,0
2026-05-21 00:00:00+00:00,-0.000471172,1.36606,0.109812,-0.00660593,-0.00598895,0,0,0,0,3.44773e-06,-0.000474628,0.000527217,-0.00100184,11,0,0
2026-05-22 00:00:00+00:00,0.000242676,1.36639,0.109801,-0.00670151,-0.00613353,0,0,0,0,2.39218e-06,0.000240366,-0.00165989,0.00190026,11,0,0
2026-05-23 00:00:00+00:00,0.000234699,1.36671,0.106465,-0.00626221,-0.00627712,0,0,0,0,3.02679e-06,0.000231811,0.000935894,-0.000704083,11,0,0
2026-05-24 00:00:00+00:00,-2.44438e-05,1.36668,0.107906,-0.00629863,-0.00729377,0,0,0,0,-4.45264e-07,-2.39525e-05,-0.000598952,0.000574999,11,0,0
2026-05-25 00:00:00+00:00,-0.000182188,1.36643,0.108269,-0.00636495,-0.00643224,0,0,0,0,2.4547e-06,-0.000184568,0.000253139,-0.000437707,11,0,0
2026-05-26 00:00:00+00:00,9.5771e-05,1.36656,0.107228,-0.00643237,-0.00537509,0,0,0,0,4.57783e-07,9.53377e-05,-0.000834447,0.000929785,11,0,0
2026-05-27 00:00:00+00:00,0.000309855,1.36698,0.106086,-0.00631762,-0.00476444,0,0,0,0,5.00944e-06,0.000304868,-0.000667291,0.000972159,11,0,0
2026-05-28 00:00:00+00:00,0.000567864,1.36776,0.10266,-0.00566909,-0.00434089,0,0,0,0,4.8057e-06,0.000562987,-0.000456464,0.00101945,11,0,0
2026-05-29 00:00:00+00:00,-0.000445691,1.36715,0.102902,-0.00567413,-0.00415338,0,0,0,0,-5.02218e-07,-0.00044524,-0.000323972,-0.000121268,11,0,0
2026-05-30 00:00:00+00:00,-0.00258252,1.36362,0.0985181,-0.00353085,-0.00288215,0.0330214,1.51719e-05,3.07052e-06,1.62384e-06,4.27659e-06,-0.00256994,0.00055074,-0.00312068,10.7917,1,0
2026-05-31 00:00:00+00:00,8.69652e-05,1.36374,0.0737518,0.00966057,0.00354427,0,0,0,0,-2.87612e-06,8.98563e-05,3.79464e-06,8.60617e-05,10,0,0
2026-06-01 00:00:00+00:00,-0.000438917,1.36314,0.0727587,0.00944398,0.00399754,0,0,0,0,1.96126e-06,-0.000440914,-0.000611099,0.000170184,10,0,0
2026-06-02 00:00:00+00:00,-0.000104351,1.363,0.062478,0.00111592,-0.00129586,0.015718,7.85833e-06,1.57167e-06,9.65962e-07,8.73913e-07,-9.47041e-05,-0.00269961,0.00260491,9.5,1,0
2026-06-03 00:00:00+00:00,-0.000496566,1.36232,0.0522899,-0.00686099,-0.0054432,0,0,0,0,2.13938e-06,-0.000498688,-0.00054997,5.1282e-05,9,0,0
2026-06-04 00:00:00+00:00,0.000535253,1.36305,0.0488518,-0.0058063,-0.00598651,0.00200963,6.43083e-07,8.03854e-08,1.10419e-07,3.89889e-06,0.000532199,-0.000802936,0.00133513,9,0,0
2026-06-05 00:00:00+00:00,0.000125538,1.36322,0.0439145,-0.00378428,-0.00497666,0.00225483,7.21291e-07,9.01614e-08,1.52597e-07,-3.10484e-07,0.000127086,-0.00215744,0.00228452,9,0,0
2026-06-06 00:00:00+00:00,-0.000224496,1.36291,0.0385968,-0.000642794,-0.00227633,0.0020133,6.44228e-07,8.05285e-08,1.31155e-07,1.81113e-06,-0.000225421,-0.000231117,5.6958e-06,9,0,0
2026-06-07 00:00:00+00:00,-0.000368397,1.36241,0.039255,-0.0005798,-0.00225236,0,0,0,0,5.49366e-06,-0.000373927,0.000734202,-0.00110813,9,0,0
2026-06-08 00:00:00+00:00,-6.26684e-05,1.36233,0.0400023,-0.000789758,-0.00217503,0,0,0,0,1.78011e-06,-6.44311e-05,-6.29604e-05,-1.4707e-06,9,0,0
2026-06-09 00:00:00+00:00,-0.000102408,1.36219,0.0395345,-0.000819409,-0.00203468,0,0,0,0,2.54518e-06,-0.000104936,-0.000432338,0.000327402,9,0,0
2026-06-10 00:00:00+00:00,-2.01781e-05,1.36216,0.0387445,-0.000876041,-0.00209049,0,0,0,0,1.90759e-06,-2.20643e-05,-0.000583228,0.000561164,9,0,0
2026-06-11 00:00:00+00:00,0.000127423,1.36233,0.0393287,-0.000880251,-0.00211652,0,0,0,0,4.02438e-06,0.000123411,0.000851149,-0.000727738,9,0,0
2026-06-12 00:00:00+00:00,-0.000166211,1.36211,0.0397716,-0.000925248,-0.00227431,0,0,0,0,1.97111e-06,-0.000168178,-0.000138671,-2.95069e-05,9,0,0
2026-06-13 00:00:00+00:00,0.000110333,1.36226,0.0401314,-0.000932659,-0.0022939,0,0,0,0,3.34863e-06,0.000106992,0.00045477,-0.000347778,9,0,0
2026-06-14 00:00:00+00:00,-0.000151209,1.36205,0.04006,-0.000862884,-0.00203214,0,0,0,0,2.04922e-06,-0.000153254,0.000381829,-0.000535083,9,0,0
2026-06-15 00:00:00+00:00,7.21153e-05,1.36215,0.0282877,-0.00948278,-0.00986778,0.0134362,4.29964e-06,5.37455e-07,1.0039e-06,1.31759e-06,7.67767e-05,0.000230406,-0.000153629,7,0,0
2026-06-16 00:00:00+00:00,-4.27949e-05,1.36209,0.027403,-0.00843883,-0.00862596,0.00210522,6.73754e-07,8.42192e-08,6.64547e-08,7.06208e-07,-4.26074e-05,-7.19066e-05,2.92992e-05,7,0,0
2026-06-17 00:00:00+00:00,4.27588e-05,1.36215,0.0260034,-0.00729778,-0.00714734,0,0,0,0,9.65978e-07,4.1862e-05,-0.000185746,0.000227608,7,0,0
2026-06-18 00:00:00+00:00,0.00028173,1.36253,0.0251272,-0.0069523,-0.00607687,0,0,0,0,-2.76643e-06,0.000284512,-0.000273273,0.000557786,7,0,0
2026-06-19 00:00:00+00:00,0.00014838,1.36274,0.0240478,-0.00625341,-0.00519039,0.00214196,6.85446e-07,8.56808e-08,7.0301e-08,-4.66497e-06,0.0001539,2.35573e-05,0.000130343,7,0,0
2026-06-20 00:00:00+00:00,0.000267121,1.3631,0.0227713,-0.0044838,-0.00359461,0,0,0,0,7.4279e-07,0.000266351,0.00032726,-6.09082e-05,7,0,0
2026-06-21 00:00:00+00:00,0.000158926,1.36332,0.0229321,-0.00427234,-0.00339268,0,0,0,0,-1.32148e-06,0.000160241,-0.000115912,0.000276153,7,0,0
2026-06-22 00:00:00+00:00,-0.000203183,1.36304,0.0230172,-0.00434779,-0.00360049,0,0,0,0,3.50121e-07,-0.000203534,-8.56397e-06,-0.00019497,7,0,0
2026-06-23 00:00:00+00:00,0.000239106,1.36337,0.0221663,-0.00426329,-0.00411416,0,0,0,0,6.62719e-07,0.000238451,-0.000251135,0.000489587,7,0,0
2026-06-24 00:00:00+00:00,0.000338613,1.36383,0.0215614,-0.00397943,-0.00420957,0,0,0,0,-3.32459e-06,0.000341919,-0.000216323,0.000558242,7,0,0
2026-06-25 00:00:00+00:00,0.000335233,1.36428,0.0199921,-0.00459731,-0.00501658,0.00212025,6.78696e-07,8.4837e-08,1.21599e-08,-3.04694e-06,0.000339084,-0.00015432,0.000493404,7,0,0
2026-06-26 00:00:00+00:00,0.000185303,1.36454,0.0186679,-0.0053992,-0.00564425,0,0,0,0,-1.64477e-06,0.000186961,0.0003483,-0.000161338,7,0,0
2026-06-27 00:00:00+00:00,4.75062e-06,1.36454,0.0190555,-0.00547381,-0.00548143,0,0,0,0,-1.86676e-06,6.63219e-06,-0.000116288,0.00012292,7,0,0
2026-06-28 00:00:00+00:00,0.000151724,1.36475,0.018777,-0.00533216,-0.0051301,0,0,0,0,-4.43753e-06,0.00015616,6.85766e-05,8.7583e-05,7,0,0
2026-06-29 00:00:00+00:00,0.000159311,1.36497,0.0189944,-0.00515778,-0.00482718,0,0,0,0,-1.1297e-06,0.000160451,0.000320288,-0.000159837,7,0,0
2026-06-30 00:00:00+00:00,5.14791e-05,1.36504,0.018887,-0.00504963,-0.00453586,0,0,0,0,-2.82076e-06,5.43119e-05,-0.000144027,0.000198339,7,0,0
2026-07-01 00:00:00+00:00,0.000148054,1.36524,0.0186007,-0.00543413,-0.00472948,0.000534908,2.67469e-07,3.0222e-07,6.93059e-10,-4.09774e-06,0.000152746,0.000309722,-0.000156976,6.04167,1,0
2026-07-02 00:00:00+00:00,-0.000245827,1.3649,0.0193565,-0.0055765,-0.00498126,0,0,0,0,2.34134e-06,-0.000248158,0.00027864,-0.000526797,6,0,0
2026-07-03 00:00:00+00:00,-0.000860876,1.36373,0.0200574,-0.00598195,-0.00531045,0,0,0,0,3.27302e-06,-0.000864431,0.000147467,-0.0010119,6,0,0
2026-07-04 00:00:00+00:00,3.85951e-05,1.36378,0.0207073,-0.0064857,-0.00634667,0,0,0,0,2.79918e-06,3.58483e-05,-3.92203e-05,7.50686e-05,6,0,0
2026-07-05 00:00:00+00:00,-5.0037e-05,1.36371,0.0204086,-0.00640305,-0.00624689,0,0,0,0,2.40581e-06,-5.24181e-05,-1.57525e-05,-3.66656e-05,6,0,0
2026-07-06 00:00:00+00:00,0.000106225,1.36386,0.0204543,-0.00640809,-0.0065537,0,0,0,0,2.0977e-06,0.000104171,2.59542e-05,7.82164e-05,6,0,0
2026-07-07 00:00:00+00:00,0.000223025,1.36416,0.0203706,-0.00629157,-0.00644458,0,0,0,0,1.34807e-06,0.000221676,-0.000122808,0.000344484,6,0,0
2026-07-08 00:00:00+00:00,5.20507e-05,1.36423,0.0196169,-0.00615569,-0.00511192,0,0,0,0,7.02718e-07,5.13754e-05,-0.00023275,0.000284125,6,0,0
2026-07-09 00:00:00+00:00,-2.07691e-05,1.36421,0.0197003,-0.00621952,-0.00482759,0,0,0,0,1.13316e-06,-2.1888e-05,1.8064e-05,-3.9952e-05,6,0,0
2026-07-10 00:00:00+00:00,-0.000604357,1.36338,0.0201439,-0.00654479,-0.00499307,0,0,0,0,1.90248e-06,-0.000606389,9.93967e-06,-0.000616328,6,0,0
2026-07-11 00:00:00+00:00,0.000160906,1.3636,0.0203304,-0.00681917,-0.00505261,0,0,0,0,1.80503e-06,0.000159113,-0.00011272,0.000271833,6,0,0
2026-07-12 00:00:00+00:00,-0.000170048,1.36337,0.020117,-0.00678316,-0.00532553,0,0,0,0,1.96338e-07,-0.00017024,6.57064e-06,-0.000176811,6,0,0
2026-07-13 00:00:00+00:00,4.27796e-05,1.36343,0.0198596,-0.00672399,-0.00523706,0,0,0,0,-1.52378e-06,4.43296e-05,-0.000162112,0.000206442,6,0,0
2026-07-14 00:00:00+00:00,-0.000339803,1.36296,0.0201838,-0.00697662,-0.0054991,0,0,0,0,2.36753e-06,-0.000342182,0.000248988,-0.000591169,6,0,0
2026-07-15 00:00:00+00:00,1.21868e-05,1.36298,0.0205286,-0.00706536,-0.00614883,0,0,0,0,-8.48846e-07,1.31018e-05,-4.81746e-05,6.12764e-05,6,0,0
2026-07-16 00:00:00+00:00,0.000155822,1.36319,0.0202606,-0.00701646,-0.00635866,0,0,0,0,1.12685e-06,0.000154702,-0.000169399,0.000324101,6,0,0
2026-07-17 00:00:00+00:00,-3.61768e-05,1.36314,0.019933,-0.00694639,-0.00610625,0,0,0,0,2.19704e-06,-3.83492e-05,-2.1644e-05,-1.67051e-05,6,0,0
2026-07-18 00:00:00+00:00,-3.71579e-05,1.36309,0.0199982,-0.00696756,-0.00569182,0,0,0,0,1.1886e-06,-3.8339e-05,3.90405e-05,-7.73796e-05,6,0,0
2026-07-19 00:00:00+00:00,-0.000130972,1.36291,0.0203007,-0.00711741,-0.00511305,0,0,0,0,1.62239e-06,-0.000132581,7.40023e-05,-0.000206584,6,0,0
2026-07-20 00:00:00+00:00,-0.000165103,1.36269,0.0205726,-0.00723736,-0.00556138,0,0,0,0,2.39398e-06,-0.000167459,0.000124698,-0.000292158,6,0,0
2026-07-21 00:00:00+00:00,3.09284e-05,1.36273,0.0209082,-0.00734517,-0.00521362,0,0,0,0,6.37384e-07,3.03101e-05,3.424e-05,-3.92988e-06,6,0,0
2026-07-22 00:00:00+00:00,-1.6627e-06,1.36273,0.0207574,-0.00724844,-0.00434967,0,0,0,0,2.71159e-06,-4.35591e-06,-1.45349e-05,1.0179e-05,6,0,0
2026-07-23 00:00:00+00:00,0.000303119,1.36314,0.0204881,-0.00713727,-0.00444419,0,0,0,0,1.33126e-06,0.000301763,-0.000183376,0.000485139,6,0,0
2026-07-24 00:00:00+00:00,0.000137169,1.36333,0.0199275,-0.00692945,-0.0041111,0,0,0,0,8.76002e-07,0.000136299,-0.000161349,0.000297647,6,0,0
2026-07-25 00:00:00+00:00,-7.13852e-05,1.36323,0.0197386,-0.00686348,-0.0040667,0,0,0,0,1.2919e-06,-7.26606e-05,4.78816e-05,-0.000120542,6,0,0
2026-07-26 00:00:00+00:00,-0.000532554,1.36251,0.0204167,-0.00735567,-0.00465333,0,0,0,0,1.77125e-06,-0.000534374,0.000190043,-0.000724417,6,0,0
2026-07-27 00:00:00+00:00,0.000452294,1.36312,0.0205711,-0.00737371,-0.00428853,0,0,0,0,3.82792e-07,0.000451872,-0.000226936,0.000678808,6,0,0
2026-07-28 00:00:00+00:00,-0.00010319,1.36298,0.0198033,-0.0070505,-0.00460857,0,0,0,0,-1.26033e-06,-0.00010192,-3.11009e-05,-7.08189e-05,6,0,0.000177731
2026-07-29 00:00:00+00:00,0.000227167,1.36329,0.0197009,-0.00693142,-0.00481072,0,0,0,0,-4.48836e-07,0.000227622,-8.48268e-06,0.000236105,6,0,0.00141294
2026-07-30 00:00:00+00:00,-5.85177e-05,1.36321,0.019824,-0.00695319,-0.00476137,0,0,0,0,-3.07489e-06,-5.54341e-05,6.94706e-05,-0.000124905,6,0,0.00264435
2026-07-31 00:00:00+00:00,2.60827e-05,1.36325,0.019663,-0.00690022,-0.00444162,0,0,0,0,-6.39607e-07,2.6745e-05,-0.000140656,0.000167401,6,0,0.00406839
2026-08-01 00:00:00+00:00,-5.64176e-05,1.36317,0.0195716,-0.00697645,-0.00445331,0,0,0,0,8.2982e-07,-5.72358e-05,-7.61787e-05,1.89429e-05,6,0,0.00322014
2026-08-02 00:00:00+00:00,-0.00029339,1.36277,0.0199652,-0.00724284,-0.00438102,0,0,0,0,2.25486e-06,-0.000295666,0.00014808,-0.000443746,6,0,0.00296349
2026-08-03 00:00:00+00:00,3.8308e-05,1.36282,0.0199067,-0.00720577,-0.00454913,0,0,0,0,1.61499e-06,3.67111e-05,-9.13232e-06,4.58434e-05,6,0,0.00202426
2026-08-04 00:00:00+00:00,3.84958e-05,1.36287,0.0200564,-0.00725575,-0.00476691,0,0,0,0,1.78996e-06,3.67184e-05,1.41884e-05,2.25301e-05,6,0,0.000383588
2026-08-05 00:00:00+00:00,1.58721e-06,1.36288,0.0199921,-0.00714879,-0.00533471,0,0,0,0,2.77735e-07,1.33319e-06,1.95365e-05,-1.82033e-05,6,0,0
2026-08-06 00:00:00+00:00,0.000123433,1.36305,0.0197943,-0.00707544,-0.00510589,0,0,0,0,4.54515e-07,0.000122982,-0.000119402,0.000242384,6,0,0.00252487
2026-08-07 00:00:00+00:00,5.0424e-05,1.36311,0.0197579,-0.00705269,-0.00520076,0,0,0,0,1.20262e-06,4.92342e-05,7.55947e-05,-2.63605e-05,6,0,0.00505458
2026-08-08 00:00:00+00:00,-2.86147e-05,1.36307,0.021979,-0.0089426,-0.00727175,0.0020535,6.57128e-07,8.21409e-08,8.4679e-08,-3.26077e-06,-2.45134e-05,0.000201701,-0.000226215,6.89583,0,0.00462706
2026-08-09 00:00:00+00:00,7.00932e-05,1.36317,0.0222861,-0.00904329,-0.00770871,0,0,0,0,-3.00137e-05,0.000100127,1.59323e-05,8.41944e-05,7,0,0.00189084
2026-08-10 00:00:00+00:00,7.68464e-05,1.36328,0.0221886,-0.0089701,-0.00740878,0,0,0,0,-9.09245e-06,8.59597e-05,-2.84023e-05,0.000114362,7,0,0.00124654
2026-08-11 00:00:00+00:00,0.000155408,1.36349,0.0219123,-0.00881935,-0.00620116,0,0,0,0,-8.97581e-06,0.000164405,2.96127e-05,0.000134792,7,0,1.99553e-05
2026-08-12 00:00:00+00:00,0.00031331,1.36391,0.0218196,-0.00866933,-0.00602758,0,0,0,0,-9.42498e-06,0.000322715,-6.12436e-05,0.000383959,7,0,0.00150548
2026-08-13 00:00:00+00:00,2.11518e-06,1.36392,0.021579,-0.00845073,-0.00539307,0,0,0,0,-5.2702e-06,7.40201e-06,5.38407e-05,-4.64387e-05,7,0,0.00162322
2026-08-14 00:00:00+00:00,3.45179e-05,1.36396,0.0213535,-0.00831647,-0.00443366,0,0,0,0,-4.42013e-06,3.89542e-05,-7.38591e-05,0.000112813,7,0,0.00283435
2026-08-15 00:00:00+00:00,0.000144875,1.36416,0.0213388,-0.00831813,-0.00395467,0,0,0,0,-9.72301e-07,0.000145844,-4.72959e-06,0.000150573,7,0,0.00409382
2026-08-16 00:00:00+00:00,0.000202278,1.36444,0.0211286,-0.00813779,-0.00371878,0,0,0,0,-5.46335e-06,0.000207729,-6.28901e-05,0.000270619,7,0,0.00493108
2026-08-17 00:00:00+00:00,-0.000192164,1.36418,0.0203819,-0.00614744,-0.00373204,0.00720011,2.30398e-06,2.87998e-07,9.67155e-07,-5.69601e-07,-0.000188022,0.00013866,-0.000326682,6.29167,0,0.0055338
2026-08-18 00:00:00+00:00,0.000636619,1.36504,0.0249453,-0.00744088,-0.00361554,0.00224021,7.16898e-07,8.96123e-08,3.39314e-07,-2.03961e-06,0.000639674,0.000258499,0.000381175,7,0,0.00520494
2026-08-19 00:00:00+00:00,-0.000705905,1.36408,0.0255482,-0.0073412,-0.00491968,0,0,0,0,-2.44421e-06,-0.000703478,0.000695225,-0.0013987,7,0,0.0037456
2026-08-20 00:00:00+00:00,-0.000956087,1.36278,0.028781,-0.00967696,-0.0123687,0.00205778,6.58479e-07,8.23098e-08,3.75238e-07,3.07107e-06,-0.0009582,6.30039e-05,-0.0010212,7.5625,0,0.00539129
2026-08-21 00:00:00+00:00,-0.00234236,1.35958,0.0316882,-0.00910134,-0.0126315,0.0136462,4.92227e-06,7.31225e-07,2.02846e-06,-3.19795e-05,-0.00230483,0.000961756,-0.00326658,8.35417,1,0.00641323
2026-08-22 00:00:00+00:00,0.000890124,1.36079,0.0315257,-0.00129017,-0.00436088,0.00234851,7.52105e-07,9.40131e-08,2.63471e-07,-0.000136781,0.00102807,0.000382991,0.000645079,10,0,0.00635878
2026-08-23 00:00:00+00:00,-0.000265249,1.36043,0.0342452,-0.00336907,-0.00628284,0.0102257,3.27246e-06,4.09058e-07,8.57047e-07,-8.17944e-05,-0.000178588,0.000270644,-0.000449232,11.8958,0,0.00757506
2026-08-24 00:00:00+00:00,-0.000311458,1.36001,0.0411525,-0.00420424,-0.000710131,0.011837,3.78774e-06,2.12204e-06,1.39986e-06,-5.7059e-06,-0.000297587,-0.000391595,9.40079e-05,12,0,0.00600675
2026-08-25 00:00:00+00:00,-0.000534465,1.35928,0.0419976,-0.00512701,0.00189325,0.00208905,6.68479e-07,8.35599e-08,6.45017e-09,5.36338e-06,-0.000538816,-0.000652841,0.000114025,12,0,0.00164116
2026-08-26 00:00:00+00:00,-0.000962656,1.35797,0.0412574,-0.00528322,0.00143358,0.00863927,3.52281e-06,4.40053e-06,1.2855e-06,4.7788e-06,-0.00095816,0.000870281,-0.00182844,11.7917,1,0
2026-08-27 00:00:00+00:00,0.00109451,1.35946,0.0359846,-6.86851e-05,0.00604371,0.0026965,8.63246e-07,3.41403e-07,1.89661e-07,2.55214e-06,0.00109322,0.00115373,-6.05153e-05,11,0,0
2026-08-28 00:00:00+00:00,-0.00196397,1.35679,0.0347921,-0.00155512,0.00555696,0,0,0,0,-2.46372e-05,-0.00194062,-0.000792145,-0.00114847,11,0,1.61266e-06
2026-08-29 00:00:00+00:00,0.000684165,1.35772,0.0314341,0.0013452,0.00655519,0.00446107,1.42732e-06,1.43126e-06,1.51874e-06,-3.52778e-05,0.000723911,0.000365315,0.000358596,11,0,0.000330524
2026-08-30 00:00:00+00:00,-0.000555973,1.35696,0.0308794,0.00226298,0.00621845,0,0,0,0,-5.99053e-05,-0.00049616,-0.00091699,0.00042083,11,0,8.82468e-06
2026-08-31 00:00:00+00:00,0.000202656,1.35724,0.0288906,0.00299082,0.00626472,0.00924346,2.95799e-06,3.69748e-07,1.53316e-06,-1.60188e-05,0.000223584,0.000285079,-6.14957e-05,10.587,0,0.00317933
