,return,equity,gross,net,beta_exposure,turnover,fees,spread,impact,funding,gross_pnl,n_positions,ic_est
2023-07-31 00:00:00+00:00,-0.0058702,0.99413,0.721337,-0.0348714,-0.0200705,2.23497,0.000715374,0.000189579,0.000284975,0.000854709,-0.00548104,25.0833,0.047557
2023-08-01 00:00:00+00:00,-0.00207175,0.99207,0.784712,-0.11026,-0.0782397,1.15419,0.000369278,8.05331e-05,9.48398e-05,0.000632054,-0.00212011,27.6979,0.0502804
2023-08-02 00:00:00+00:00,0.00210477,0.994158,0.7765,-0.0632049,-0.0558277,0.722295,0.00023118,5.9798e-05,6.13967e-05,5.04124e-05,0.00243011,28,0.0408271
2023-08-03 00:00:00+00:00,-0.00946685,0.984747,1.21984,-0.0585719,-0.0391018,4.02492,0.00128827,0.000270769,0.00035173,-0.000421725,-0.00714237,28,0.0441333
2023-08-04 00:00:00+00:00,0.000580764,0.985319,1.34649,-0.0447041,-0.0483366,3.01027,0.000963411,0.000146756,0.000182381,-0.000343004,0.00225061,28.7917,0.0425696
2023-08-05 00:00:00+00:00,0.0137709,0.998887,1.47492,0.0290688,-0.0605505,4.82277,0.0015437,0.000263399,0.000301352,6.39684e-05,0.0157574,30,0.0508904
2023-08-06 00:00:00+00:00,-0.000995607,0.997893,1.46905,0.108489,-0.0403897,3.74475,0.0011986,0.000287888,0.000283949,6.5639e-05,0.000775472,30,0.0505297
2023-08-07 00:00:00+00:00,0.00502708,1.00291,1.45965,0.0668315,-0.0537453,11.6036,0.00371353,0.00077582,0.000810792,-0.000115004,0.0104876,30,0.0562074
2023-08-08 00:00:00+00:00,0.0066813,1.00961,1.47602,0.107019,-0.0133331,9.12368,0.00292049,0.00074624,0.000717003,0.000162703,0.0109601,30,0.0569647
2023-08-09 00:00:00+00:00,-0.000738532,1.00886,1.62388,0.150606,-0.0569187,8.15676,0.00261063,0.000590584,0.000554658,0.000217826,0.00285509,30,0.0589747
2023-08-10 00:00:00+00:00,-0.000901342,1.00796,1.78818,0.142628,-0.0535018,3.39895,0.00108771,0.000332113,0.000232892,0.000125552,0.00067528,30,0.0535041
2023-08-11 00:00:00+00:00,-0.0059077,1.002,1.89449,0.184968,-0.0282996,1.4026,0.000448927,0.000193904,0.000100876,-0.00012725,-0.00502268,30,0.0469223
2023-08-12 00:00:00+00:00,-0.018707,0.983256,1.81083,0.234413,-0.0245052,1.41602,0.000453135,0.000233273,0.000101002,0.000107164,-0.01814,30,0.0431379
2023-08-13 00:00:00+00:00,-0.00454184,0.97879,1.64522,0.252522,-0.0187516,0.869501,0.000278299,9.21016e-05,6.96111e-05,7.16221e-05,-0.00414048,30,0.03929
2023-08-14 00:00:00+00:00,-0.00198333,0.976849,1.53633,0.309988,0.0214615,1.55315,0.000497009,0.000148402,0.000143038,-0.00161074,0.000450626,30,0.0389423
2023-08-15 00:00:00+00:00,0.0197907,0.996181,1.472,0.196981,-0.0229507,2.49605,0.000799235,0.000205492,0.00020959,-0.000525258,0.0213912,30,0.0416579
2023-08-16 00:00:00+00:00,0.00853417,1.00468,1.44427,0.235935,-0.00871821,2.47384,0.000791846,0.000270526,0.000275452,-0.000385977,0.0102812,30,0.0422932
2023-08-17 00:00:00+00:00,-0.0273231,0.977232,1.43804,0.245762,-0.00459732,1.42846,0.000457069,0.000226856,0.000150846,-0.000515538,-0.0260723,30,0.0406953
2023-08-18 00:00:00+00:00,-0.00616582,0.971207,1.29043,0.157848,0.00302387,0.590846,0.000189132,0.000229095,6.79305e-05,-0.000273394,-0.00538412,30,0.0386444
2023-08-19 00:00:00+00:00,-0.00607133,0.96531,1.3467,0.140386,-0.00184122,0.217249,6.9519e-05,7.3597e-05,1.98123e-05,3.95938e-05,-0.00592772,30,0.0347792
2023-08-20 00:00:00+00:00,0.00599963,0.971102,1.32448,0.161621,-0.000652943,0.22228,7.11556e-05,7.97577e-05,2.06151e-05,0.000259724,0.00590993,30,0.0339165
2023-08-21 00:00:00+00:00,-0.0174103,0.954194,1.31958,0.165353,-0.0241915,0.758717,0.000242741,0.000325575,0.000139385,-0.000912946,-0.0158954,29.9271,0.0322211
2023-08-22 00:00:00+00:00,-0.000869232,0.953365,1.28486,0.184274,-0.00587273,0.232401,7.43774e-05,0.000102785,1.61101e-05,-0.000111396,-0.00053424,30,0.0284911
2023-08-23 00:00:00+00:00,0.00491718,0.958053,1.27735,0.15019,-0.0266766,0.301182,9.6374e-05,6.16633e-05,1.90007e-05,-0.00072472,0.00582518,30,0.0268
2023-08-24 00:00:00+00:00,0.00346051,0.961368,1.23132,0.155613,-0.0123502,0.664077,0.000212632,0.000149992,5.37904e-05,-0.000532562,0.00445515,30,0.0256127
2023-08-25 00:00:00+00:00,0.00451924,0.965713,1.07689,0.124537,-0.00123352,0.813045,0.000260267,3.40505e-05,5.42486e-05,-0.000586859,0.0054666,29.9792,0.0241905
2023-08-26 00:00:00+00:00,0.00476736,0.970317,0.946572,0.104268,-0.0111491,0.788457,0.00025235,3.56599e-05,4.96596e-05,-0.000575337,0.00567832,29.9167,0.0253751
2023-08-27 00:00:00+00:00,-0.000876136,0.969467,0.915725,0.0670673,-0.0334589,0.483653,0.000154788,1.93485e-05,2.31453e-05,-0.000936026,0.000266037,30,0.025417
2023-08-28 00:00:00+00:00,0.00436444,0.973698,0.798893,0.109163,0.00168072,0.800359,0.000256143,3.95829e-05,5.37272e-05,-7.75205e-05,0.00479452,29.3646,0.0237628
2023-08-29 00:00:00+00:00,0.00154624,0.975203,0.810445,0.0644284,-0.0131358,0.583493,0.000186771,2.60125e-05,3.60305e-05,-0.000354128,0.00218137,30,0.0238918
2023-08-30 00:00:00+00:00,-0.00293194,0.972344,0.78342,0.0458429,-0.0187483,0.416697,0.000133358,1.66697e-05,2.71206e-05,-0.000392888,-0.00235223,30,0.0242045
2023-08-31 00:00:00+00:00,-0.00706215,0.965477,0.776514,0.0534341,-0.000943294,0.205294,6.571e-05,8.21374e-06,1.36902e-05,-3.84569e-05,-0.00694343,30,0.0232838
2023-09-01 00:00:00+00:00,-0.00561694,0.960054,0.729317,0.0461581,-0.00704435,0.143926,4.6055e-05,7.34672e-06,8.53049e-06,-0.000153047,-0.00541063,30,0.0204358
2023-09-02 00:00:00+00:00,0.000257404,0.960301,0.702358,0.0690153,0.00347321,0.269027,8.60919e-05,2.31803e-05,1.6523e-05,7.64453e-05,0.000314173,30,0.021318
2023-09-03 00:00:00+00:00,-0.00136655,0.958989,0.677467,0.0641462,-0.0147273,0.132396,4.2375e-05,7.59748e-06,7.46458e-06,-7.99223e-05,-0.00122226,30,0.0202745
2023-09-04 00:00:00+00:00,0.000319904,0.959296,0.602572,0.0477785,-0.0396454,0.465524,0.000148977,5.1961e-05,4.29379e-05,-0.000545432,0.00112116,28.2188,0.0191443
2023-09-05 00:00:00+00:00,-0.0033723,0.956061,0.572283,0.0343299,-0.0526286,0.214658,6.86922e-05,2.97849e-05,1.58974e-05,-0.000228599,-0.00303011,29,0.0193635
2023-09-06 00:00:00+00:00,-0.0026034,0.953572,0.554861,0.0431366,-0.0404784,0.180611,5.78021e-05,2.00661e-05,1.39783e-05,0.000257712,-0.00276399,29,0.0189384
2023-09-07 00:00:00+00:00,0.00445102,0.957816,0.578382,0.0357545,-0.033161,0.234157,7.49439e-05,3.36164e-05,1.83616e-05,0.000350293,0.00422495,29.0729,0.0203793
2023-09-08 00:00:00+00:00,-0.00101969,0.95684,0.596987,0.0391138,-0.0339376,0.241993,7.74401e-05,3.01911e-05,2.30244e-05,0.000593505,-0.00147362,30,0.0223642
2023-09-09 00:00:00+00:00,0.00500633,0.96163,0.602425,0.0645955,-0.0241138,0.505576,0.000161808,4.16371e-05,4.72099e-05,-0.000108351,0.00535956,30,0.0246655
2023-09-10 00:00:00+00:00,0.00262958,0.964159,0.66436,0.0686093,-0.055314,0.40681,0.000130205,4.01462e-05,3.63007e-05,-0.000190289,0.00304398,30,0.0258016
2023-09-11 00:00:00+00:00,0.00565564,0.969611,0.686989,0.0784459,-0.0422764,0.754687,0.000241517,8.68639e-05,8.02395e-05,0.000792959,0.00527892,29.9896,0.0257285
2023-09-12 00:00:00+00:00,0.00637513,0.975793,0.680419,0.0641,-0.0138493,1.07452,0.000343896,7.96047e-05,0.000110456,-0.000398249,0.00729962,30,0.026925
2023-09-13 00:00:00+00:00,0.0024271,0.978161,0.695678,0.0174945,-0.0265179,0.864026,0.000276561,3.78458e-05,7.98676e-05,0.000465806,0.00236615,30,0.0264391
2023-09-14 00:00:00+00:00,0.00315894,0.981251,0.662909,0.0183251,-0.0300506,0.683941,0.000218892,3.71772e-05,5.89591e-05,-0.000138387,0.00361765,30,0.0250834
2023-09-15 00:00:00+00:00,-0.0075037,0.973888,0.662378,0.0273878,-0.0298606,0.384149,0.00012293,3.03886e-05,2.6486e-05,-0.000695616,-0.0066411,30,0.0233757
2023-09-16 00:00:00+00:00,0.00142039,0.975271,0.591975,0.028915,-0.021452,0.326677,0.000104566,1.752e-05,2.75988e-05,-0.000105892,0.00168161,29.9896,0.0213677
2023-09-17 00:00:00+00:00,-0.000392639,0.974888,0.592663,0.0194179,-0.031056,0.376117,0.000120369,1.73835e-05,2.29842e-05,1.68728e-05,-0.000238998,30,0.0208947
2023-09-18 00:00:00+00:00,0.00052252,0.975398,0.614064,0.0216811,-0.0362684,0.523546,0.000167566,3.67885e-05,4.87771e-05,-0.000581566,0.00136747,29,0.0214528
2023-09-19 00:00:00+00:00,-0.00747025,0.968111,0.588672,0.0548926,-0.0293124,0.205661,6.5815e-05,1.41196e-05,1.53256e-05,-0.00043541,-0.00695802,29,0.0209001
2023-09-20 00:00:00+00:00,0.00049036,0.968586,0.588041,0.0765273,-0.0209479,0.101829,3.25889e-05,1.05403e-05,6.02594e-06,-0.000458641,0.0010043,28.125,0.0216719
2023-09-21 00:00:00+00:00,-0.00104502,0.967574,0.565639,0.0594927,-0.013868,0.188694,6.03872e-05,2.01201e-05,1.44166e-05,-8.73482e-05,-0.000859648,28.9896,0.0209248
2023-09-22 00:00:00+00:00,-0.00973273,0.958157,0.580911,0.0301868,-0.049797,0.132743,4.24773e-05,5.30966e-06,9.9615e-06,-8.68201e-05,-0.00962485,29,0.0196045
2023-09-23 00:00:00+00:00,0.000282545,0.958428,0.555848,0.0663728,-0.00552075,0.189147,6.0526e-05,7.78626e-06,2.30244e-05,-8.54232e-05,0.000463135,29,0.0180769
2023-09-24 00:00:00+00:00,0.00259227,0.960912,0.571784,0.0433373,-0.0489349,0.138601,4.43554e-05,5.88591e-06,7.44606e-06,-2.42541e-05,0.00267303,29,0.0196049
2023-09-25 00:00:00+00:00,-0.000929538,0.960019,0.543791,0.0429107,-0.0319181,0.262466,8.39904e-05,1.79108e-05,1.78733e-05,4.01536e-05,-0.000844822,27.9896,0.0184265
2023-09-26 00:00:00+00:00,-0.00300792,0.957131,0.556255,0.0242264,-0.0489695,0.0713815,2.28462e-05,3.19063e-06,3.22972e-06,-0.000392572,-0.0025849,28,0.0163465
2023-09-27 00:00:00+00:00,0.00125763,0.958335,0.549346,0.0356233,-0.0223743,0.15328,4.90552e-05,1.15555e-05,6.55983e-06,-0.000515745,0.00184605,27.9792,0.0150173
2023-09-28 00:00:00+00:00,0.00284235,0.961059,0.558122,0.0256336,-0.0188281,0.0945835,3.02676e-05,3.78345e-06,5.91717e-06,1.76593e-05,0.00286545,28,0.0145196
2023-09-29 00:00:00+00:00,0.00060325,0.961639,0.573604,0.0293756,-0.00880978,0.0882025,2.82283e-05,6.41917e-06,4.85289e-06,6.393e-05,0.0005855,28,0.0132073
2023-09-30 00:00:00+00:00,-0.000153597,0.961491,0.567987,0.0302317,-0.00688906,0.0740323,2.36899e-05,5.02639e-06,3.36235e-06,8.65404e-05,-0.000205338,28,0.013933
2023-10-01 00:00:00+00:00,0.00479004,0.966096,0.582606,0.0168404,-0.0215579,0.0532084,1.70284e-05,2.2077e-06,7.3826e-06,9.49602e-05,0.00471723,28,0.0130449
2023-10-02 00:00:00+00:00,0.000765491,0.966836,0.535969,0.0446043,0.0232281,0.0800025,2.55912e-05,7.7942e-06,8.85388e-06,-1.08297e-05,0.000823341,25.9479,0.0116146
2023-10-03 00:00:00+00:00,0.00250736,0.96926,0.517751,0.0356617,0.00862137,0.112951,3.61473e-05,5.28742e-06,8.60725e-06,-2.73272e-05,0.00258477,26.9167,0.0117099
2023-10-04 00:00:00+00:00,3.39861e-05,0.969293,0.485156,0.0375532,0.00393081,0.130176,4.16596e-05,5.20745e-06,8.55469e-06,-4.14838e-06,9.63553e-05,27,0.0131278
2023-10-05 00:00:00+00:00,-0.000805205,0.968513,0.466727,0.0278415,-0.0181486,0.0566746,1.81353e-05,2.26692e-06,2.8693e-06,9.36078e-08,-0.000779512,27,0.0138239
2023-10-06 00:00:00+00:00,0.000781255,0.969269,0.47222,0.0211572,-0.0227239,0.0402749,1.28877e-05,3.08214e-06,2.4159e-06,-4.38225e-05,0.000846629,27,0.0126418
2023-10-07 00:00:00+00:00,0.00120492,0.970437,0.465219,0.0311346,-0.0108356,0.0492088,1.57477e-05,1.96846e-06,2.50309e-06,8.28577e-06,0.00121764,27,0.0123891
2023-10-08 00:00:00+00:00,0.000722463,0.971138,0.468981,0.0253338,-0.0231337,0.0542706,1.73679e-05,2.17099e-06,2.96017e-06,-1.47819e-05,0.000761389,27,0.0135827
2023-10-09 00:00:00+00:00,0.00200009,0.973081,0.441324,0.0245454,-0.0293796,0.0371949,1.19031e-05,1.48788e-06,4.30183e-06,-5.5184e-05,0.0020743,25,0.0128287
2023-10-10 00:00:00+00:00,-0.000675733,0.972423,0.457762,0.0431655,-0.00802558,0.0263772,8.44064e-06,1.05508e-06,1.83334e-06,0.000140693,-0.000802658,25,0.0137646
2023-10-11 00:00:00+00:00,-0.00282371,0.969677,0.450234,0.047473,-0.000988341,0.0298756,9.56072e-06,1.36609e-06,1.72435e-06,4.57374e-05,-0.00285884,25,0.0138731
2023-10-12 00:00:00+00:00,-0.00365364,0.966134,0.443092,0.0383452,-0.00905474,0.036535,1.16915e-05,1.46144e-06,1.87148e-06,4.22317e-06,-0.00364796,25,0.0124663
2023-10-13 00:00:00+00:00,0.000613375,0.966727,0.443987,0.0347621,-0.0107726,0,0,0,0,1.80687e-05,0.000596149,25,0.0122511
2023-10-14 00:00:00+00:00,-0.00170355,0.96508,0.454548,0.0265746,-0.0193701,0.0187492,5.9989e-06,7.49862e-07,2.0508e-06,1.00998e-05,-0.00170486,25,0.0143411
2023-10-15 00:00:00+00:00,-0.00262285,0.962549,0.459449,0.0245532,-0.0422254,0.0182073,5.81707e-06,1.54311e-06,2.09459e-06,1.46996e-05,-0.0026193,25,0.0151134
2023-10-16 00:00:00+00:00,0.00484862,0.967216,0.452199,0.0141845,-0.00997942,0.124913,3.99954e-05,7.50958e-06,7.73823e-06,1.774e-05,0.00488401,24.7292,0.0170547
2023-10-17 00:00:00+00:00,-0.00195982,0.96532,0.445774,-0.0134052,-0.0143528,0.0800515,2.56217e-05,4.17771e-06,5.36521e-06,2.07876e-05,-0.00194175,25,0.0155508
2023-10-18 00:00:00+00:00,0.000221103,0.965534,0.415962,0.00181187,-0.0114934,0.114235,3.65632e-05,4.91689e-06,8.87696e-06,-6.51941e-07,0.000280336,25,0.0148912
2023-10-19 00:00:00+00:00,0.000986488,0.966486,0.426255,-0.00568936,-0.0263505,0.085293,2.72961e-05,4.62106e-06,4.84375e-06,3.05731e-05,0.000995695,25,0.0150429
2023-10-20 00:00:00+00:00,0.00117497,0.967622,0.436344,-0.00434179,-0.0190849,0.157871,5.05281e-05,2.03326e-05,1.13829e-05,-1.85722e-05,0.00127825,25,0.016377
2023-10-21 00:00:00+00:00,-0.000411232,0.967224,0.450868,0.0177714,-0.011078,0.128306,4.10573e-05,1.47953e-05,9.62316e-06,-6.6938e-07,-0.000338962,25,0.0165137
2023-10-22 00:00:00+00:00,-0.000320975,0.966914,0.439179,0.0209817,-0.0148155,0.114621,3.6683e-05,9.71453e-06,9.37611e-06,1.40791e-06,-0.000263097,25,0.0162513
2023-10-23 00:00:00+00:00,-0.00226672,0.964722,0.466829,0.0280282,-0.00649672,0.221558,7.09528e-05,1.56412e-05,1.10296e-05,9.36399e-05,-0.00224627,26,0.0149868
2023-10-24 00:00:00+00:00,0.0075666,0.972021,0.433055,0.00586475,-0.00614134,0.347801,0.000111316,2.12974e-05,2.23534e-05,0.000200074,0.00750092,26,0.0164495
2023-10-25 00:00:00+00:00,-0.00460676,0.967544,0.45352,0.0226536,-0.00923459,0.188316,6.02649e-05,1.60524e-05,1.53146e-05,0.000565564,-0.00508038,26,0.0158116
2023-10-26 00:00:00+00:00,-0.000917793,0.966656,0.461001,0.022001,-0.0042567,0.145876,4.668e-05,8.98457e-06,1.23005e-05,0.000451935,-0.00129321,26.7604,0.0146073
2023-10-27 00:00:00+00:00,0.0027878,0.96935,0.421417,0.0241064,-0.00459178,0.180961,5.79116e-05,9.96189e-06,1.21697e-05,0.000156885,0.00271074,27,0.0153877
2023-10-28 00:00:00+00:00,-0.0015738,0.967825,0.400853,0.0246407,-0.00204169,0.121813,3.89794e-05,4.87243e-06,7.0713e-06,9.60914e-06,-0.00153213,27,0.0156277
2023-10-29 00:00:00+00:00,-0.000243786,0.967589,0.391653,0.0254391,-0.00355608,0.145131,4.64364e-05,6.3659e-06,8.63228e-06,3.04815e-05,-0.000210088,27,0.0170397
2023-10-30 00:00:00+00:00,0.00180023,0.969331,0.408038,0.0176933,-0.0143793,0.245076,7.84294e-05,2.17999e-05,1.66289e-05,1.77771e-06,0.00191754,25.8646,0.0159045
2023-10-31 00:00:00+00:00,0.00102563,0.970325,0.386057,-0.00226165,-0.0227049,0.0977524,3.12811e-05,3.91014e-06,5.3556e-06,0.00022415,0.000845055,26,0.014849
2023-11-01 00:00:00+00:00,3.00655e-05,0.970354,0.392113,0.00489133,-0.0150519,0.0575768,1.84231e-05,4.96912e-06,2.29904e-06,2.59121e-05,3.34948e-05,26.2083,0.015105
2023-11-02 00:00:00+00:00,-0.00313773,0.967309,0.379194,0.0248412,0.00231833,0.0351867,1.12621e-05,3.65249e-06,1.77573e-06,6.63553e-05,-0.00318889,27.2083,0.0146724
2023-11-03 00:00:00+00:00,0.00348376,0.970679,0.357158,0.0111472,-0.0141649,0.0656542,2.10105e-05,2.62631e-06,4.11986e-06,9.87014e-06,0.00349774,28,0.0136764
2023-11-04 00:00:00+00:00,-0.00195,0.968787,0.362993,0.0114363,-0.0141102,0.0284045,9.08914e-06,1.13614e-06,1.37774e-06,9.35571e-06,-0.00194716,27.9792,0.0134577
2023-11-05 00:00:00+00:00,0.000284951,0.969063,0.381398,0.0168673,-0.00752963,0.0361657,1.15735e-05,1.44669e-06,1.27452e-06,1.5297e-05,0.000287741,28,0.0140843
2023-11-06 00:00:00+00:00,-0.00437827,0.96482,0.381735,0.0167617,0.000818505,0.174053,5.5704e-05,1.62195e-05,1.61109e-05,2.9653e-05,-0.00432593,26.5104,0.0145498
2023-11-07 00:00:00+00:00,0.00354205,0.968237,0.389133,0.0212474,-0.0039762,0.140211,4.48754e-05,6.47813e-06,7.81976e-06,0.000161127,0.00343734,27.5104,0.0154813
2023-11-08 00:00:00+00:00,-0.00294939,0.965381,0.385864,0.00538636,-0.0220654,0.0839252,2.68581e-05,5.62637e-06,9.42326e-06,0.000567147,-0.00347418,28,0.0138477
2023-11-09 00:00:00+00:00,-0.00104626,0.964371,0.347471,-0.00197856,-0.0128713,0.215475,6.90106e-05,8.62633e-06,1.0396e-05,0.000575084,-0.00151347,28,0.0119929
2023-11-10 00:00:00+00:00,-0.00108322,0.963327,0.234645,-0.040147,-0.00651862,0.0503503,1.61119e-05,3.74972e-06,3.0661e-06,8.17834e-05,-0.0011397,28,0.00965262
2023-11-11 00:00:00+00:00,-0.00250481,0.960914,0.228308,-0.0358863,-0.00313318,0.00800483,2.56134e-06,3.20167e-07,3.52796e-07,5.22622e-05,-0.00255563,28,0.00795708
2023-11-12 00:00:00+00:00,0.000636876,0.961526,0.222125,-0.0386023,-0.00489947,0.0130981,4.19157e-06,5.23946e-07,8.25942e-07,8.81567e-06,0.000635535,28,0.00699291
2023-11-13 00:00:00+00:00,0.00108075,0.962565,0.201658,-0.0442047,-0.0124471,0.0239871,7.67794e-06,1.50478e-06,4.28485e-06,2.04326e-05,0.00107523,25.8021,0.00544227
2023-11-14 00:00:00+00:00,-0.00196542,0.960673,0.192215,-0.0389471,-0.0112125,0.00902586,2.88812e-06,3.61015e-07,2.31149e-07,2.71404e-05,-0.00198945,26,0.00484864
2023-11-15 00:00:00+00:00,-0.00353567,0.957277,0.19314,-0.0373996,-0.0126657,0,0,0,0,2.60055e-05,-0.00356648,26,0.00398899
2023-11-16 00:00:00+00:00,0.00184716,0.959045,0.195447,-0.0373611,-0.0134894,0.00759532,2.43114e-06,3.03892e-07,5.20926e-07,2.28486e-05,0.00182746,26,0.00515967
2023-11-17 00:00:00+00:00,-0.00240614,0.956737,0.181204,-0.0291534,-0.00737087,0.00229778,7.35107e-07,9.18883e-08,1.4902e-07,-2.12776e-06,-0.00240515,26,0.00466084
2023-11-18 00:00:00+00:00,0.000215623,0.956944,0.179442,-0.0298356,-0.00788148,0,0,0,0,2.51022e-07,0.00021587,26,0.00465342
2023-11-19 00:00:00+00:00,0.000543394,0.957464,0.18076,-0.0291201,-0.00640317,0,0,0,0,-2.42534e-06,0.000545969,26,0.00396059
2023-11-20 00:00:00+00:00,-0.000825754,0.956673,0.178686,-0.0319941,-0.0128219,0.0126341,4.03923e-06,5.04903e-07,5.04993e-07,3.04371e-05,-0.000844909,24,0.00492795
2023-11-21 00:00:00+00:00,0.0012461,0.957865,0.160338,-0.0167341,-0.00880031,0.0244321,7.82151e-06,9.77688e-07,1.4128e-06,1.45528e-05,0.00124611,24,0.00588867
2023-11-22 00:00:00+00:00,0.00120779,0.959022,0.144052,-0.00225778,0.000391982,0.0021767,6.9655e-07,8.70688e-08,1.45961e-07,8.33038e-06,0.00120012,24.875,0.00602422
2023-11-23 00:00:00+00:00,0.00229413,0.961222,0.140555,-0.00623176,-0.00380162,0.013204,4.22527e-06,5.28159e-07,7.74113e-07,5.8133e-06,0.00229174,25,0.00648369
2023-11-24 00:00:00+00:00,0.00151441,0.962678,0.141371,-0.0055662,-0.00261658,0.00874457,2.79837e-06,3.49796e-07,5.73343e-07,1.30393e-06,0.00151623,25,0.00732906
2023-11-25 00:00:00+00:00,0.000286606,0.962954,0.135583,-0.0121552,-0.00822531,0.00955735,3.059e-06,6.4035e-07,9.94014e-07,4.07302e-05,0.000251015,25,0.00729233
2023-11-26 00:00:00+00:00,-0.000643693,0.962334,0.141955,-0.00761271,-0.00143076,0.0120383,3.8515e-06,4.81437e-07,7.19084e-07,0.000268788,-0.000906968,25,0.00863073
2023-11-27 00:00:00+00:00,-0.000406255,0.961943,0.128168,-0.0316759,-0.0263087,0.056758,1.81604e-05,3.08093e-06,3.57883e-06,4.61538e-05,-0.00042693,22.9896,0.0100136
2023-11-28 00:00:00+00:00,-0.000252457,0.9617,0.124976,-0.0225582,-0.0176033,0.0615913,1.97089e-05,2.46361e-06,3.31138e-06,1.02121e-05,-0.000236568,22.9792,0.0118062
2023-11-29 00:00:00+00:00,-0.000717396,0.96101,0.136771,-0.0180572,-0.00949905,0.0401899,1.28602e-05,1.60753e-06,1.63822e-06,6.20149e-06,-0.000707577,23.7604,0.0129688
2023-11-30 00:00:00+00:00,-5.93514e-05,0.960953,0.13615,-0.0197737,-0.0127154,0.0127721,4.08729e-06,5.10911e-07,3.38944e-07,1.16432e-05,-6.58246e-05,24,0.0135738
2023-12-01 00:00:00+00:00,0.000472223,0.961407,0.163492,-0.0226957,-0.0149539,0.0782149,2.50288e-05,3.1286e-06,3.80816e-06,8.70789e-06,0.000495718,24.6562,0.0150763
2023-12-02 00:00:00+00:00,-0.000273934,0.961143,0.181835,-0.0431428,-0.0372823,0.0820657,2.62619e-05,3.87502e-06,4.10964e-06,2.31629e-05,-0.000261737,25,0.0150592
2023-12-03 00:00:00+00:00,0.00163193,0.962712,0.178239,-0.0303036,-0.0195966,0.117352,3.75555e-05,8.17637e-06,6.18183e-06,2.98067e-05,0.00165386,25,0.0165496
2023-12-04 00:00:00+00:00,0.00325084,0.965842,0.24849,-0.0195075,-0.0240536,0.505904,0.000161908,2.3542e-05,4.05137e-05,4.67596e-05,0.00344049,25.625,0.0190128
2023-12-05 00:00:00+00:00,0.00199701,0.96777,0.376172,-0.00998874,-0.0128963,0.516279,0.000165231,2.47563e-05,4.42495e-05,7.43847e-05,0.00216892,27.6042,0.0188458
2023-12-06 00:00:00+00:00,-0.00104945,0.966755,0.370478,-0.0215258,-0.00689142,0.640899,0.000205106,3.93888e-05,4.29652e-05,8.68165e-05,-0.000834118,28.9062,0.0188354
2023-12-07 00:00:00+00:00,0.000792136,0.967521,0.411584,-0.0320939,-0.0100856,0.687576,0.000220013,4.03826e-05,4.72478e-05,0.00010345,0.0010047,29.8333,0.019679
2023-12-08 00:00:00+00:00,-0.00746221,0.960301,0.412986,-0.0262848,-0.012189,0.581543,0.000186103,4.42436e-05,3.91744e-05,8.06077e-05,-0.0072883,30,0.0190988
2023-12-09 00:00:00+00:00,-0.0035996,0.956844,0.358636,-0.00343182,-0.00975333,0.440959,0.000141126,3.1155e-05,3.05239e-05,4.41691e-05,-0.00343071,29.7812,0.0181962
2023-12-10 00:00:00+00:00,-0.00215669,0.95478,0.355212,0.00248228,-0.0120067,0.617581,0.000197659,3.17898e-05,4.22082e-05,-6.49941e-06,-0.00187158,30,0.0193022
2023-12-11 00:00:00+00:00,-0.00416693,0.950802,0.343106,-0.00254718,-0.00656983,0.514732,0.000164715,4.43161e-05,3.93076e-05,3.41084e-05,-0.00394844,27.9896,0.0186555
2023-12-12 00:00:00+00:00,-0.00326943,0.947693,0.298108,0.0103452,-0.0054936,0.364126,0.000116533,4.19755e-05,2.46244e-05,5.96729e-05,-0.00314169,28.25,0.0178822
2023-12-13 00:00:00+00:00,-7.68975e-05,0.94762,0.278737,0.0237207,-0.00170782,0.281506,9.00844e-05,2.4178e-05,1.87387e-05,0.000105993,-4.53061e-05,28,0.017832
2023-12-14 00:00:00+00:00,0.00487939,0.952244,0.249709,0.0287954,-0.00461552,0.321141,0.000102778,2.19323e-05,2.14305e-05,9.67985e-05,0.00491926,28,0.0185217
2023-12-15 00:00:00+00:00,0.00147046,0.953644,0.32476,0.0306583,-0.00987424,0.353023,0.000112979,2.51009e-05,1.71453e-05,0.000122494,0.00150857,28,0.0203782
2023-12-16 00:00:00+00:00,-0.0181592,0.936327,0.353342,0.0489443,-0.00601385,0.280134,8.96168e-05,3.43472e-05,2.1396e-05,0.000114313,-0.0182529,28.1979,0.0204008
2023-12-17 00:00:00+00:00,0.00264344,0.938802,0.353404,0.0373034,-0.00911127,0.300813,9.62673e-05,3.12218e-05,2.0182e-05,7.12626e-05,0.00272342,29.3229,0.0197388
2023-12-18 00:00:00+00:00,-0.00451144,0.934567,0.426495,0.02992,-0.0108546,0.457509,0.000146409,2.7306e-05,3.27733e-05,1.65061e-05,-0.00431689,29.9896,0.0191276
2023-12-19 00:00:00+00:00,-0.00583533,0.929113,0.406259,0.0339122,-0.0047233,0.178278,5.70486e-05,9.10721e-06,1.24596e-05,9.03071e-05,-0.00585141,30,0.016721
2023-12-20 00:00:00+00:00,-0.00276234,0.926547,0.379419,0.0354251,-0.00854534,0.306882,9.82194e-05,1.8858e-05,2.18091e-05,0.00010422,-0.00271744,30,0.0157953
2023-12-21 00:00:00+00:00,-0.00391576,0.922919,0.330341,0.0473315,-0.001934,0.210493,6.73759e-05,1.39801e-05,1.47257e-05,8.38776e-05,-0.0039023,30,0.0158087
2023-12-22 00:00:00+00:00,-0.00952902,0.914124,0.316624,0.039135,-0.00376128,0.223934,7.16648e-05,1.75835e-05,1.43301e-05,0.000114107,-0.0095672,30,0.0154602
2023-12-23 00:00:00+00:00,0.0019745,0.915929,0.298825,0.0393462,-0.00840064,0.154739,4.95205e-05,2.04207e-05,8.82529e-06,0.000149182,0.00190792,30,0.0152521
2023-12-24 00:00:00+00:00,-0.000850199,0.91515,0.287447,0.0377918,-0.00908726,0.263918,8.44593e-05,1.49501e-05,1.61941e-05,7.15899e-05,-0.000801332,30,0.0141679
2023-12-25 00:00:00+00:00,0.00162836,0.91664,0.264904,0.0280641,-0.0138641,0.273511,8.7528e-05,1.8271e-05,1.7162e-05,5.63435e-05,0.0016975,29.9062,0.0144708
2023-12-26 00:00:00+00:00,0.000538386,0.917134,0.232065,0.00678714,-0.0151743,0.278496,8.91337e-05,1.58902e-05,1.60458e-05,7.02943e-05,0.000595082,30,0.014168
2023-12-27 00:00:00+00:00,-0.000672073,0.916518,0.205574,0.00835162,-0.0045089,0.164018,5.24893e-05,6.91579e-06,9.56613e-06,0.000529379,-0.00112727,30,0.0126095
2023-12-28 00:00:00+00:00,-0.00250676,0.91422,0.198411,0.00732801,-0.00355776,0.217649,6.96443e-05,1.5193e-05,1.21212e-05,0.000276522,-0.00268506,30,0.0127163
2023-12-29 00:00:00+00:00,0.00112309,0.915247,0.205996,0.0157305,-0.00952995,0.0964062,3.08523e-05,7.44703e-06,4.93457e-06,0.000501949,0.000667369,30,0.013271
2023-12-30 00:00:00+00:00,0.00327695,0.918246,0.19763,0.014732,-0.0128801,0.192099,6.14815e-05,1.09186e-05,9.04712e-06,0.000609867,0.00274505,30,0.0146935
2023-12-31 00:00:00+00:00,-0.00560264,0.913101,0.206057,0.00766867,-0.0179113,0.148991,4.76821e-05,2.07594e-05,9.61718e-06,0.000475201,-0.00600055,30,0.0150762
2024-01-01 00:00:00+00:00,-0.00300878,0.910354,0.148455,0.00164219,-0.0165403,0.332424,0.000106381,2.24654e-05,1.16583e-05,0.00010224,-0.00297041,28.9688,0.0138524
2024-01-02 00:00:00+00:00,0.00219326,0.912351,0.100503,-0.00309957,-0.0166365,0.412376,0.000131964,3.3381e-05,1.65373e-05,8.05579e-05,0.00229413,30,0.0144131
2024-01-03 00:00:00+00:00,0.000246514,0.912576,0.0834474,-0.00604184,-0.0131687,0.281684,9.01419e-05,2.54885e-05,1.71433e-05,1.6822e-05,0.000365839,28.0104,0.0143821
2024-01-04 00:00:00+00:00,0.00317472,0.915473,0.122394,-0.00798653,-0.00656811,0.368059,0.000117797,2.16558e-05,3.86294e-05,1.58862e-05,0.00333829,27.8854,0.0152841
2024-01-05 00:00:00+00:00,-0.00120864,0.914366,0.137808,0.0142304,-0.00580602,0.205952,6.59032e-05,1.10578e-05,1.9099e-05,1.754e-06,-0.00111065,28,0.0162597
2024-01-06 00:00:00+00:00,0.00236491,0.916529,0.163079,0.0216584,-0.00652407,0.265564,8.49907e-05,1.79919e-05,2.28105e-05,1.27278e-05,0.00247848,28,0.0179582
2024-01-07 00:00:00+00:00,0.00161758,0.918011,0.172591,0.0188193,-0.00826935,0.235567,7.53882e-05,9.80823e-06,1.62633e-05,4.44902e-06,0.00171766,28,0.0193913
2024-01-08 00:00:00+00:00,0.000588539,0.918552,0.208907,0.00910294,-0.00895852,0.613401,0.000196328,6.05337e-05,4.6157e-05,5.69216e-06,0.00090044,27,0.0198689
2024-01-09 00:00:00+00:00,0.00770003,0.925625,0.206178,0.00892038,-0.00858998,0.546988,0.000175096,6.06477e-05,3.5554e-05,-6.11049e-06,0.00795665,26.9792,0.0200462
2024-01-10 00:00:00+00:00,0.00200867,0.927484,0.217497,-0.000517737,-0.00250766,0.291277,9.32243e-05,7.99506e-05,1.88733e-05,3.0317e-06,0.00220299,27,0.0209787
2024-01-11 00:00:00+00:00,-0.00623204,0.921704,0.234832,-0.0286404,-0.0113682,0.239806,7.67334e-05,5.85612e-05,1.78807e-05,1.43971e-05,-0.00610307,27.8646,0.021796
2024-01-12 00:00:00+00:00,0.000216607,0.921903,0.240318,-0.019841,-0.00991812,0.249829,7.99682e-05,5.34804e-05,1.56681e-05,9.68642e-06,0.000368381,28,0.0209919
2024-01-13 00:00:00+00:00,0.0013487,0.923147,0.250688,0.00138284,-0.00848094,0.246157,7.87792e-05,6.57557e-05,1.82536e-05,9.0176e-07,0.00151631,28.5417,0.020656
2024-01-14 00:00:00+00:00,0.0030685,0.925979,0.239033,0.000473681,-0.0109027,0.0488913,1.56462e-05,6.18261e-06,2.71252e-06,3.94989e-06,0.00308659,29,0.0200675
2024-01-15 00:00:00+00:00,0.000831884,0.92675,0.304712,0.00878637,-0.00125907,0.242745,7.7686e-05,2.31864e-05,1.5643e-05,1.04847e-05,0.000940141,30,0.0192923
2024-01-16 00:00:00+00:00,0.000636657,0.92734,0.31363,0.0124225,-0.00346517,0.0953951,3.0524e-05,1.65732e-05,3.63344e-06,3.26259e-05,0.000657044,29.6979,0.0198467
2024-01-17 00:00:00+00:00,-0.00275296,0.924787,0.333281,0.0112817,-0.00850173,0.063842,2.04281e-05,8.81539e-06,2.47129e-06,3.71454e-05,-0.00275848,30,0.0192017
2024-01-18 00:00:00+00:00,0.00507162,0.929477,0.325162,0.0213591,0.00308625,0.152857,4.89181e-05,3.2551e-05,5.97709e-06,2.95989e-05,0.00511919,30,0.0205838
2024-01-19 00:00:00+00:00,-0.00108039,0.928473,0.29001,0.0150641,-0.00663735,0.146254,4.67996e-05,2.40086e-05,5.59762e-06,4.82094e-05,-0.00105071,30,0.0225191
2024-01-20 00:00:00+00:00,-0.00147042,0.927107,0.319107,-0.000998551,-0.0157978,0.0975808,3.12218e-05,1.58994e-05,4.22537e-06,5.32333e-05,-0.00146918,30,0.0212518
2024-01-21 00:00:00+00:00,0.00243868,0.929368,0.321834,0.00963326,-0.00217514,0.126585,4.05097e-05,1.59609e-05,5.40302e-06,4.97484e-05,0.00245093,30,0.0217301
2024-01-22 00:00:00+00:00,-0.00181063,0.927686,0.310221,0.00803388,-0.00921315,0.150325,4.81058e-05,3.57525e-05,7.12888e-06,6.79389e-05,-0.00178672,28.9792,0.0231087
2024-01-23 00:00:00+00:00,0.00708474,0.934258,0.349397,0.0142916,-0.0115758,0.2657,8.50388e-05,4.09187e-05,1.55283e-05,6.21041e-05,0.00714415,29,0.0240312
2024-01-24 00:00:00+00:00,-0.00532712,0.929281,0.437585,0.0312239,-0.018451,0.156992,5.02263e-05,3.38207e-05,1.06344e-05,5.52108e-05,-0.0052952,30,0.0231231
2024-01-25 00:00:00+00:00,-0.000442002,0.92887,0.418239,0.03654,-0.0115942,0.137681,4.40637e-05,2.27214e-05,7.72447e-06,1.63594e-05,-0.000378748,30,0.0227406
2024-01-26 00:00:00+00:00,-0.00236696,0.926672,0.424456,0.0228727,-0.0241314,0.158797,5.08228e-05,1.61999e-05,9.64348e-06,1.61214e-05,-0.00230356,30,0.0221492
2024-01-27 00:00:00+00:00,0.00294669,0.929402,0.413892,0.0343506,-0.0104276,0.244461,7.82228e-05,1.28799e-05,1.57273e-05,-1.96991e-06,0.00305473,30,0.0230699
2024-01-28 00:00:00+00:00,0.00420285,0.933309,0.420648,0.0340093,-0.00751376,0.604276,0.000193386,2.64837e-05,3.57727e-05,1.54188e-05,0.00443814,30,0.0243793
2024-01-29 00:00:00+00:00,0.00412455,0.937158,0.394366,0.0115418,-0.0221545,0.645102,0.000206447,4.45818e-05,4.49508e-05,-6.52273e-06,0.00442361,27.7708,0.0244153
2024-01-30 00:00:00+00:00,0.000430473,0.937561,0.466443,-0.00535428,-0.0365745,0.363691,0.000116384,2.23026e-05,1.85087e-05,1.70932e-05,0.000580312,28.1562,0.0236015
2024-01-31 00:00:00+00:00,0.00449722,0.941778,0.425543,0.0291079,-0.00439609,0.568221,0.00018185,4.36284e-05,2.79186e-05,1.17328e-05,0.00473495,29,0.022918
2024-02-01 00:00:00+00:00,0.00229091,0.943935,0.414931,0.0258593,-0.00635588,0.443847,0.00014204,4.19482e-05,2.73901e-05,2.0361e-05,0.00248843,29,0.0235623
2024-02-02 00:00:00+00:00,-0.00411596,0.94005,0.410313,0.0259311,-0.00596357,0.341486,0.000109278,3.26701e-05,1.71566e-05,2.26414e-05,-0.00397971,28.4792,0.0237681
2024-02-03 00:00:00+00:00,0.0029162,0.942792,0.475563,0.0125302,-0.0166805,0.42261,0.000135229,3.60214e-05,1.99585e-05,4.02716e-05,0.00306804,28.9479,0.0232019
2024-02-04 00:00:00+00:00,0.00104517,0.943777,0.512253,0.0353748,-0.00205122,0.190998,6.11164e-05,1.43345e-05,7.15801e-06,2.61433e-05,0.00110584,29,0.0226748
2024-02-05 00:00:00+00:00,-0.00186058,0.942021,0.464972,0.0381807,-0.00909339,0.29116,9.31772e-05,4.46671e-05,1.95241e-05,-9.88451e-06,-0.00169066,28.8958,0.0232832
2024-02-06 00:00:00+00:00,0.00307309,0.944916,0.4753,0.043378,-0.00882488,0.226338,7.24355e-05,3.42351e-05,1.06045e-05,-8.74372e-06,0.00319931,29,0.022992
2024-02-07 00:00:00+00:00,0.00179569,0.946613,0.499075,0.0368425,-0.0189871,0.331352,0.000106045,4.73468e-05,1.52316e-05,-1.72203e-05,0.00198689,29,0.0239248
2024-02-08 00:00:00+00:00,-0.000378071,0.946255,0.558718,0.0542458,-0.0123135,0.371742,0.00011898,2.30573e-05,1.62677e-05,6.83171e-05,-0.000283529,29,0.0244433
2024-02-09 00:00:00+00:00,-0.00283214,0.943575,0.669354,0.0519073,-0.0219521,0.358882,0.000114832,1.73996e-05,1.60278e-05,0.00012129,-0.00279783,29,0.0254464
2024-02-10 00:00:00+00:00,-0.000136994,0.943446,0.653023,0.0584883,-0.0185011,0.488802,0.000156429,3.4733e-05,2.40714e-05,9.98584e-05,-1.33369e-05,28.9896,0.0249178
2024-02-11 00:00:00+00:00,-0.00279126,0.940812,0.708014,0.0526328,-0.0172029,0.228879,7.32443e-05,1.40483e-05,1.24328e-05,0.000138765,-0.00282771,29,0.0248523
2024-02-12 00:00:00+00:00,-0.00385811,0.937182,0.663396,0.0695468,-0.0211107,0.668518,0.000213902,5.31046e-05,4.4283e-05,0.000168934,-0.00370207,27.2188,0.0236693
2024-02-13 00:00:00+00:00,0.00225368,0.939295,0.702757,0.101014,-0.020081,0.50271,0.000160883,3.00246e-05,3.11045e-05,0.00013979,0.00234469,28,0.023177
2024-02-14 00:00:00+00:00,-0.00313202,0.936353,0.661128,0.0873896,-0.0225254,0.587893,0.000188125,4.12391e-05,4.37836e-05,0.000155679,-0.00300282,28.6979,0.0227335
2024-02-15 00:00:00+00:00,0.00626049,0.942215,0.646396,0.0635787,-0.0117929,0.689196,0.00022058,3.964e-05,5.47735e-05,0.000169449,0.00640586,29.625,0.0223973
2024-02-16 00:00:00+00:00,-0.00313338,0.939262,0.731124,0.0857572,-0.00150939,0.553665,0.000177181,3.08446e-05,4.20407e-05,8.52342e-05,-0.00295514,30,0.0228801
2024-02-17 00:00:00+00:00,-0.00174403,0.937624,0.657517,0.0963025,-0.00437511,0.518705,0.000166017,2.41729e-05,3.51876e-05,0.000128712,-0.00163667,30,0.0229543
2024-02-18 00:00:00+00:00,0.0025253,0.939992,0.646116,0.0896579,-0.0135019,0.384804,0.000123144,1.62191e-05,2.5733e-05,0.000140534,0.00255575,30,0.0220171
2024-02-19 00:00:00+00:00,-0.00557327,0.934753,0.691659,0.0912856,-0.00677358,0.760357,0.000243345,3.58619e-05,5.36654e-05,5.37433e-05,-0.00529235,28.9167,0.0217331
2024-02-20 00:00:00+00:00,0.0121752,0.946134,0.616629,0.0762851,-0.00252687,0.909567,0.000291121,4.56424e-05,6.43157e-05,9.21926e-05,0.0124227,29,0.0214653
2024-02-21 00:00:00+00:00,0.0046093,0.950495,0.515792,0.0413491,-0.000109275,1.18931,0.000380639,5.01492e-05,7.39117e-05,6.50624e-05,0.00504633,28.8229,0.022013
2024-02-22 00:00:00+00:00,-0.00248925,0.948129,0.503131,0.0693457,-0.0125135,0.852467,0.000272833,4.06429e-05,5.32212e-05,0.000227303,-0.00233522,29,0.0222929
2024-02-23 00:00:00+00:00,0.00389133,0.951819,0.510573,0.0879905,0.00198805,0.531581,0.000170125,2.39561e-05,2.87291e-05,0.000187761,0.00392593,28.9896,0.0227232
2024-02-24 00:00:00+00:00,-0.00154207,0.950351,0.552545,0.0723432,-0.00415543,0.570722,0.000182645,2.33979e-05,3.36615e-05,0.000267211,-0.00155669,29,0.0234366
2024-02-25 00:00:00+00:00,-0.00749375,0.943229,0.606943,0.0709923,-0.0194845,0.626701,0.000200534,2.50667e-05,3.40001e-05,0.000200975,-0.0074473,28.875,0.0240201
2024-02-26 00:00:00+00:00,0.0111178,0.953716,0.606232,0.0464935,-0.0229582,1.1015,0.000352602,9.90969e-05,8.88624e-05,0.000170607,0.0114404,28.9583,0.024413
2024-02-27 00:00:00+00:00,-0.00128228,0.952493,0.588161,0.0641659,-0.00842098,0.906656,0.000290158,6.99338e-05,5.41361e-05,0.00023346,-0.00108067,29.3854,0.0245393
2024-02-28 00:00:00+00:00,0.0106946,0.962679,0.652805,0.0695327,-0.0128591,2.12695,0.000681015,0.000126552,0.000142395,0.000304373,0.0113644,29.9688,0.0258557
2024-02-29 00:00:00+00:00,0.00693883,0.969359,0.681233,0.0447543,0.00207497,2.87016,0.000918758,0.000133733,0.00019648,8.30096e-05,0.00813908,30,0.0270501
2024-03-01 00:00:00+00:00,0.00419199,0.973423,0.756067,0.065808,-0.00164755,2.51951,0.000806439,0.000145517,0.000215239,-0.000130179,0.00553231,30,0.0286365
2024-03-02 00:00:00+00:00,-0.00799929,0.965636,0.757102,0.0779887,-0.00491643,1.68279,0.000538581,8.81607e-05,0.000110293,0.000123592,-0.00736993,30,0.0274109
2024-03-03 00:00:00+00:00,0.0109672,0.976226,0.7115,0.0499113,-0.0102103,2.37964,0.000761865,0.000169744,0.000150105,9.35599e-05,0.0119501,30,0.0275311
2024-03-04 00:00:00+00:00,0.000291519,0.976511,0.670703,0.0272361,-0.00338916,3.06402,0.000980596,0.000176628,0.000218613,3.90325e-05,0.00168946,29.5312,0.0274952
2024-03-05 00:00:00+00:00,0.0296642,1.00548,0.62419,0.0422917,-0.00119638,4.17204,0.00133589,0.000220695,0.000295265,0.000152188,0.0310366,30,0.0282562
2024-03-06 00:00:00+00:00,-0.00172012,1.00375,0.725084,-0.00411386,-0.00185729,3.51448,0.00112479,0.000226954,0.000319306,1.97836e-05,-3.2212e-05,30,0.0293452
2024-03-07 00:00:00+00:00,0.00252087,1.00628,0.726379,0.0251437,8.29352e-05,1.88038,0.000601765,0.000263672,0.000156479,-2.9381e-05,0.00361334,29.9896,0.0290498
2024-03-08 00:00:00+00:00,-0.00948749,0.996732,0.671902,0.099974,-0.00891592,1.73437,0.000555184,0.000242144,0.000119299,1.9192e-05,-0.00855948,30,0.0300797
2024-03-09 00:00:00+00:00,-0.00943373,0.987329,0.629952,0.0856826,0.0032529,0.804916,0.000257601,0.00010349,5.46298e-05,0.000282355,-0.00930603,29.9792,0.0271809
2024-03-10 00:00:00+00:00,0.00128746,0.9886,0.652372,0.0488594,-0.000752822,0.978219,0.000313086,0.00018711,5.37119e-05,0.000159372,0.00171523,29.5833,0.0271262
2024-03-11 00:00:00+00:00,-0.00385489,0.98479,0.476799,0.0173476,-0.006165,1.155,0.000369714,0.000144503,6.89952e-05,9.39236e-05,-0.00333401,26.0521,0.0253228
2024-03-12 00:00:00+00:00,-0.00255222,0.982276,0.556538,0.065909,-0.00596443,1.13639,0.000363706,0.000125253,6.69192e-05,8.27043e-05,-0.00204904,27.2917,0.0250961
2024-03-13 00:00:00+00:00,-0.00130239,0.980997,0.583656,0.0651808,-0.00738708,1.34589,0.000430762,0.000145424,6.85425e-05,8.71909e-05,-0.00072186,29,0.0252596
2024-03-14 00:00:00+00:00,-0.0020391,0.978996,0.505874,0.0586225,-0.0195346,1.39435,0.000446245,0.0001117,7.41168e-05,0.000137479,-0.00150876,28.9896,0.0239009
2024-03-15 00:00:00+00:00,-0.0055533,0.97356,0.48716,0.0290068,-0.00269802,1.64916,0.000527831,7.97695e-05,8.82184e-05,9.87161e-05,-0.00493997,29,0.0231105
2024-03-16 00:00:00+00:00,-0.00281236,0.970822,0.467524,-0.0131924,-0.00106072,1.65366,0.000529262,7.01796e-05,9.24152e-05,5.83911e-05,-0.00215681,29,0.0224958
2024-03-17 00:00:00+00:00,-0.00239967,0.968492,0.484882,0.0501182,-0.000755414,1.1466,0.000366927,4.6473e-05,6.39461e-05,4.45353e-05,-0.00195589,29,0.0226184
2024-03-18 00:00:00+00:00,0.00759648,0.975849,0.507702,0.0117338,-0.00435979,2.27563,0.000728311,9.53995e-05,0.000136049,2.03446e-05,0.00853064,29.0729,0.0237272
2024-03-19 00:00:00+00:00,0.00355061,0.979314,0.579887,-0.00589886,-0.000681262,1.57548,0.00050423,7.37387e-05,8.96572e-05,1.8625e-05,0.00421222,30,0.0244306
2024-03-20 00:00:00+00:00,0.00291667,0.98217,0.634051,0.014834,-0.0040396,1.77105,0.000566873,9.83567e-05,0.000108439,3.49706e-05,0.0036873,30,0.0244404
2024-03-21 00:00:00+00:00,-0.00468395,0.97757,0.606396,0.0209254,0.000276861,1.50995,0.000483213,7.74997e-05,9.0986e-05,2.73974e-05,-0.0040559,29.9896,0.024538
2024-03-22 00:00:00+00:00,0.00392741,0.981409,0.586603,0.0274514,-0.0049373,0.973031,0.000311418,0.000124577,4.84536e-05,3.18201e-05,0.00438346,30,0.0236258
2024-03-23 00:00:00+00:00,-0.0022651,0.979186,0.544926,0.0475538,-0.00478173,0.660846,0.000211452,6.07776e-05,3.56765e-05,2.24305e-05,-0.00196958,30,0.0239816
2024-03-24 00:00:00+00:00,0.000393151,0.979571,0.507098,0.0422014,-0.00191387,0.755602,0.000241811,9.8716e-05,4.12796e-05,5.72545e-07,0.000788609,30,0.0246625
2024-03-25 00:00:00+00:00,0.00841431,0.987814,0.474234,0.0356463,-0.00946953,0.683552,0.000218756,9.32528e-05,3.43608e-05,7.90042e-05,0.00865646,29.5729,0.0243173
2024-03-26 00:00:00+00:00,-0.00108792,0.986739,0.486925,0.0176125,-0.0168375,0.711392,0.000227673,7.93892e-05,3.5559e-05,9.47376e-05,-0.000828823,29.9896,0.0246581
2024-03-27 00:00:00+00:00,-0.00220789,0.98456,0.539727,0.0400642,-0.000729543,1.13149,0.00036216,7.51625e-05,5.78311e-05,8.42975e-05,-0.00177418,30,0.0244445
2024-03-28 00:00:00+00:00,-0.00516321,0.979477,0.524199,0.044623,-0.0095342,0.824413,0.000263821,6.35805e-05,4.16643e-05,4.39504e-05,-0.0048364,30,0.0240048
2024-03-29 00:00:00+00:00,-0.00643298,0.973176,0.522219,0.0515715,-0.00400951,0.960425,0.000307331,5.8728e-05,3.77376e-05,8.73517e-05,-0.00612681,30,0.0231227
2024-03-30 00:00:00+00:00,-0.00288576,0.970368,0.546098,0.0726066,-0.00367947,0.413492,0.000132329,2.34193e-05,1.58174e-05,0.000222757,-0.00292586,29.9792,0.0229544
2024-03-31 00:00:00+00:00,0.00277736,0.973063,0.588737,0.0722412,-0.0190066,0.569008,0.000182106,3.8376e-05,2.32964e-05,0.000158907,0.00286878,29.9896,0.0231173
2024-04-01 00:00:00+00:00,0.00368441,0.976648,0.587038,0.0513141,-0.0174191,0.79486,0.000254369,6.80767e-05,4.06106e-05,9.75775e-05,0.00395792,29.9688,0.0234156
2024-04-02 00:00:00+00:00,0.00547496,0.981995,0.612083,0.0377005,-0.000751173,1.1081,0.00035464,4.66428e-05,5.84883e-05,-2.06765e-05,0.00595234,29.9583,0.0240977
2024-04-03 00:00:00+00:00,0.00187588,0.983837,0.521824,0.0265345,0.00502753,0.753088,0.000241011,3.55634e-05,3.94469e-05,2.33253e-06,0.00219633,30,0.0242103
2024-04-04 00:00:00+00:00,-9.79251e-05,0.983741,0.529455,0.0355451,0.000834915,0.785762,0.00025146,3.41359e-05,3.77409e-05,6.23096e-05,0.000174943,29.9792,0.0233705
2024-04-05 00:00:00+00:00,-0.00429807,0.979513,0.600768,0.0713286,0.00813108,0.509051,0.00016291,2.04752e-05,2.29335e-05,0.0001256,-0.00421452,30,0.0232039
2024-04-06 00:00:00+00:00,-0.000881446,0.978649,0.566833,0.0677567,-0.00461315,0.368279,0.000117852,1.47315e-05,1.68133e-05,0.000109362,-0.000833833,30,0.0225518
2024-04-07 00:00:00+00:00,-0.000930494,0.977739,0.571673,0.0758668,-0.0167186,0.353825,0.000113224,1.90143e-05,1.57506e-05,0.000138166,-0.000914491,30,0.022337
2024-04-08 00:00:00+00:00,-0.000914515,0.976844,0.590245,0.0942151,-0.00725947,0.360699,0.000115427,1.75244e-05,1.48769e-05,3.4216e-05,-0.000795177,30,0.0219017
2024-04-09 00:00:00+00:00,0.00347524,0.980239,0.650872,0.0915598,-0.000239098,0.638962,0.0002045,4.21264e-05,2.33068e-05,1.08597e-05,0.00373704,30,0.0213402
2024-04-10 00:00:00+00:00,0.00114247,0.981359,0.547671,0.0754118,0.00285442,0.14266,4.56494e-05,1.10662e-05,4.52988e-06,0.000102459,0.00110525,30,0.0201196
2024-04-11 00:00:00+00:00,0.00155373,0.982884,0.477985,0.0520648,0.000940836,0.398434,0.000127505,3.30562e-05,1.63406e-05,1.91234e-05,0.00171435,30,0.020921
2024-04-12 00:00:00+00:00,0.0176337,1.00022,0.46115,0.0392983,-0.00192476,0.749597,0.000240284,4.95526e-05,5.64071e-05,4.21983e-05,0.0178163,30,0.0220569
2024-04-13 00:00:00+00:00,0.00798788,1.00821,0.467741,-0.0086295,0.00061873,0.826251,0.000264425,3.79145e-05,6.65398e-05,0.000176001,0.00816406,30,0.0235032
2024-04-14 00:00:00+00:00,-0.00272161,1.00546,0.501162,0.0471971,0.000225554,0.710521,0.000227381,4.25852e-05,6.65157e-05,6.13643e-05,-0.00243989,30,0.0237995
2024-04-15 00:00:00+00:00,0.00021553,1.00568,0.456352,0.04584,-0.00378562,0.650331,0.000208109,5.62091e-05,7.7434e-05,5.5961e-05,0.000519397,30,0.0236108
2024-04-16 00:00:00+00:00,0.00235531,1.00805,0.578908,0.0902133,0.00240626,0.635763,0.00020346,3.25553e-05,6.15696e-05,0.000128423,0.00253147,30,0.0234868
2024-04-17 00:00:00+00:00,0.00209456,1.01016,0.571504,0.0658975,-0.0022719,0.55404,0.000177301,2.22038e-05,4.08618e-05,9.10107e-06,0.00234019,30,0.0237429
2024-04-18 00:00:00+00:00,0.0129798,1.02327,0.584657,0.0511721,0.000157298,0.855304,0.000273758,3.79763e-05,6.03585e-05,7.04514e-05,0.013208,30,0.0237033
2024-04-19 00:00:00+00:00,0.00153824,1.02484,0.507257,0.079344,0.000308648,0.477911,0.000152949,1.93036e-05,3.8067e-05,1.26931e-05,0.00174586,30,0.0233123
2024-04-20 00:00:00+00:00,-0.00328066,1.02148,0.457438,0.0657446,-0.000909495,0.206,6.59251e-05,2.45301e-05,1.15494e-05,9.76131e-06,-0.00318616,30,0.0232395
2024-04-21 00:00:00+00:00,0.00259436,1.02413,0.467433,0.0705113,-0.00553013,0.438295,0.000140267,1.92604e-05,2.74041e-05,3.54994e-05,0.00274923,30,0.022363
2024-04-22 00:00:00+00:00,-0.00106639,1.02304,0.488245,0.0500197,-0.00413535,0.758398,0.000242691,3.03364e-05,4.64113e-05,1.1256e-05,-0.000750735,29.875,0.0224049
2024-04-23 00:00:00+00:00,-0.00104379,1.02197,0.483489,0.0505807,-0.00577905,0.624693,0.000199924,2.84462e-05,3.20442e-05,1.76915e-05,-0.000793587,30,0.0225076
2024-04-24 00:00:00+00:00,-0.00867007,1.01311,0.475309,0.0788842,0.0116143,0.509784,0.00016314,2.03925e-05,2.56272e-05,1.82094e-05,-0.00850156,30,0.0213509
2024-04-25 00:00:00+00:00,9.70674e-05,1.01321,0.567843,0.0268094,-0.0103257,0.501589,0.000160516,2.50294e-05,2.5203e-05,0.000111463,0.000206962,30,0.0215692
2024-04-26 00:00:00+00:00,-0.00177846,1.01141,0.579951,0.0630666,-0.00477294,0.308713,9.87975e-05,1.74353e-05,1.54871e-05,0.000111045,-0.0017511,30,0.0220169
2024-04-27 00:00:00+00:00,0.00823882,1.01974,0.569507,0.0558669,-0.0053662,0.545244,0.000174489,4.05153e-05,3.09691e-05,7.59762e-05,0.00838132,30,0.0226976
2024-04-28 00:00:00+00:00,0.00579743,1.02565,0.605782,0.0740368,-0.0120462,0.279693,8.95107e-05,1.25765e-05,1.50776e-05,0.000163274,0.00573955,30,0.0229648
2024-04-29 00:00:00+00:00,-0.000132484,1.02552,0.543393,0.0629871,-0.0224599,0.389419,0.000124622,1.6435e-05,3.33484e-05,0.000142784,-9.30722e-05,29.6979,0.0231356
2024-04-30 00:00:00+00:00,0.0044079,1.03004,0.525042,0.0416414,-0.0138687,0.84862,0.000271586,3.39483e-05,4.99838e-05,4.35649e-05,0.00471848,30,0.0231716
2024-05-01 00:00:00+00:00,-0.00429088,1.02562,0.541243,0.0488878,-0.013293,0.550233,0.000176087,4.05798e-05,3.61771e-05,0.000140735,-0.00417569,29.9896,0.0224114
2024-05-02 00:00:00+00:00,-0.0100953,1.01526,0.647963,0.0741508,-0.00443306,0.188302,6.02518e-05,7.5966e-06,1.09133e-05,0.000102509,-0.0101562,30,0.0211551
2024-05-03 00:00:00+00:00,-0.00155571,1.01368,0.664952,0.0872641,-0.00465651,0.209631,6.70779e-05,8.93668e-06,1.1295e-05,9.92248e-05,-0.00155573,30,0.0196995
2024-05-04 00:00:00+00:00,-0.000396419,1.01328,0.632604,0.0795514,-0.00679335,0.193533,6.19547e-05,7.9704e-06,1.25491e-05,7.02223e-05,-0.000374731,30,0.0180263
2024-05-05 00:00:00+00:00,-0.00233521,1.01092,0.588088,0.0798943,0.00608915,0.139347,4.45951e-05,1.13887e-05,7.55263e-06,0.00011442,-0.00238373,30,0.0178674
2024-05-06 00:00:00+00:00,-0.00589194,1.00496,0.520793,0.0612427,-0.00293016,0.15195,4.86038e-05,1.00729e-05,8.56315e-06,8.37466e-05,-0.00591725,27,0.017358
2024-05-07 00:00:00+00:00,0.00159974,1.00657,0.494324,0.0719613,0.00378095,0.241666,7.73445e-05,1.54669e-05,1.30601e-05,2.08448e-05,0.00168811,28.1979,0.0178471
2024-05-08 00:00:00+00:00,0.00152363,1.0081,0.499075,0.0504135,-0.00653708,0.329756,0.000105531,1.50482e-05,1.93488e-05,-1.02104e-05,0.00168213,29,0.0191051
2024-05-09 00:00:00+00:00,0.00212729,1.01025,0.452373,0.0380707,-0.0104756,0.15701,5.0238e-05,7.1817e-06,7.87883e-06,2.0296e-06,0.00219695,29.5521,0.0196535
2024-05-10 00:00:00+00:00,0.000710249,1.01096,0.436509,0.0460224,-0.0110398,0.184351,5.89942e-05,7.37427e-06,8.65017e-06,3.3448e-05,0.000754602,30,0.0191498
2024-05-11 00:00:00+00:00,0.00165331,1.01263,0.437893,0.0516932,-0.00708606,0.179274,5.73671e-05,7.17089e-06,8.83824e-06,4.25287e-06,0.00172477,30,0.020175
2024-05-12 00:00:00+00:00,-0.000380854,1.01225,0.420831,0.0430708,-0.00961293,0.231253,7.39995e-05,9.24994e-06,1.25207e-05,1.20129e-05,-0.000294331,30,0.0214589
2024-05-13 00:00:00+00:00,0.00319339,1.01548,0.411572,0.0379099,-0.008242,0.649363,0.000207823,7.25191e-05,4.11788e-05,4.86868e-05,0.00347149,29,0.0220857
2024-05-14 00:00:00+00:00,0.000292818,1.01578,0.440652,0.0325465,-0.00534212,0.432645,0.000138454,2.3362e-05,2.25185e-05,0.000123449,0.000358075,29.125,0.0217721
2024-05-15 00:00:00+00:00,0.00565264,1.02152,0.477323,0.0469158,-0.0151058,0.567442,0.000181605,2.52875e-05,3.52802e-05,0.000196981,0.00568925,30,0.0225481
2024-05-16 00:00:00+00:00,-0.00394387,1.01749,0.546234,0.0655142,-0.00831205,0.397013,0.000127059,2.32545e-05,2.27754e-05,0.000106083,-0.00387418,30,0.0227292
2024-05-17 00:00:00+00:00,0.00329644,1.02085,0.598188,0.0832992,-0.00618727,0.532732,0.000170506,2.57647e-05,3.29324e-05,9.28129e-05,0.00343753,30,0.0218575
2024-05-18 00:00:00+00:00,-0.000664226,1.02017,0.611817,0.0561566,-0.0140151,0.618884,0.000198079,5.01424e-05,4.01242e-05,6.38243e-05,-0.000416279,30,0.0228398
2024-05-19 00:00:00+00:00,0.00321358,1.02345,0.55979,0.0802809,-0.0218832,0.323884,0.000103652,2.35443e-05,1.34317e-05,-1.17816e-05,0.00336885,30,0.0231333
2024-05-20 00:00:00+00:00,0.00789441,1.03153,0.5473,0.0740651,-0.0155015,1.30097,0.000416379,7.90263e-05,9.05558e-05,1.36188e-05,0.00845394,27.1146,0.0236613
2024-05-21 00:00:00+00:00,-0.00472861,1.02665,0.639702,0.0634002,-0.00510667,0.965433,0.000309012,6.94783e-05,5.56743e-05,7.23968e-05,-0.00434724,28.5833,0.0239915
2024-05-22 00:00:00+00:00,-0.00666121,1.01981,0.693156,0.0568081,-0.00208844,0.705994,0.00022594,5.0405e-05,4.29234e-05,4.40849e-05,-0.00637083,29.9688,0.0227148
2024-05-23 00:00:00+00:00,0.00528171,1.0252,0.644094,0.0464419,-0.00230793,1.45704,0.000466304,9.68906e-05,0.000108167,-2.8373e-05,0.00599643,30,0.0242029
2024-05-24 00:00:00+00:00,0.00318552,1.02846,0.693818,0.00789142,-0.00420797,1.05289,0.000336984,5.94253e-05,6.25159e-05,-3.64266e-06,0.00365393,30,0.0243538
2024-05-25 00:00:00+00:00,-0.00286073,1.02552,0.690363,0.0325458,-0.00249432,0.903111,0.000289019,4.15342e-05,5.65781e-05,1.97227e-05,-0.00248257,30,0.0253468
2024-05-26 00:00:00+00:00,0.00455044,1.03019,0.649306,0.028371,-0.0119984,1.01304,0.000324221,4.60772e-05,4.66835e-05,3.7357e-05,0.00493241,30,0.0254782
2024-05-27 00:00:00+00:00,-0.00740366,1.02256,0.646598,0.0413375,-0.0133661,0.833176,0.000266668,4.658e-05,4.14269e-05,0.000111343,-0.00715966,29.9167,0.0244479
2024-05-28 00:00:00+00:00,-0.00721353,1.01518,0.663912,0.0469788,-0.0132855,0.529986,0.000169619,2.29053e-05,2.92298e-05,0.00014143,-0.00713911,29.7188,0.0220107
2024-05-29 00:00:00+00:00,-0.0048591,1.01025,0.684129,0.0319453,-0.00313258,0.557361,0.000178405,3.23022e-05,3.36108e-05,4.27344e-05,-0.00465053,30,0.0214514
2024-05-30 00:00:00+00:00,-0.00902262,1.00113,0.619128,0.027326,-0.00332886,0.406081,0.000129943,2.77338e-05,2.16083e-05,-3.68703e-06,-0.0088639,30,0.0215663
2024-05-31 00:00:00+00:00,-0.00593083,0.995197,0.544133,0.0330127,-0.00620845,0.319925,0.00010238,2.18518e-05,1.58837e-05,2.66239e-05,-0.00582506,30,0.0220264
2024-06-01 00:00:00+00:00,-0.00809216,0.987143,0.55998,0.0129381,-0.0119492,0.302868,9.69205e-05,1.24634e-05,1.56096e-05,1.62878e-05,-0.00800467,30,0.0220071
2024-06-02 00:00:00+00:00,0.00270488,0.989813,0.569822,0.0224924,-0.0143067,0.486048,0.000155569,3.37854e-05,3.05182e-05,5.77022e-06,0.00293643,30,0.0228494
2024-06-03 00:00:00+00:00,0.00604555,0.995797,0.591753,-0.00934536,-0.0299729,1.00904,0.000322907,0.000107961,7.37285e-05,3.17931e-05,0.00651943,28.9062,0.0240485
2024-06-04 00:00:00+00:00,-0.00804802,0.987783,0.614727,0.0153566,-0.0072294,0.661829,0.00021179,4.04667e-05,4.46793e-05,7.8311e-05,-0.00784084,29,0.0241044
2024-06-05 00:00:00+00:00,0.00187606,0.989636,0.574057,0.0439266,-0.00793209,0.903374,0.000289137,5.68513e-05,5.19498e-05,3.27681e-05,0.00225966,29,0.0247899
2024-06-06 00:00:00+00:00,0.0111116,1.00063,0.580565,0.0744686,-0.0142662,1.27563,0.000408275,7.89264e-05,8.36558e-05,2.14247e-05,0.0116098,29,0.0271587
2024-06-07 00:00:00+00:00,0.0119908,1.01263,0.707223,0.0811418,0.00847283,1.44171,0.000461564,0.000120647,0.000150718,0.000629199,0.0121485,29.6562,0.0285628
2024-06-08 00:00:00+00:00,-0.00696293,1.00558,0.737072,0.0424785,-0.00438314,0.494552,0.000158248,4.6756e-05,3.72242e-05,0.00011523,-0.00683756,30,0.02929
2024-06-09 00:00:00+00:00,-0.00336354,1.0022,0.790776,0.0526056,-0.000884981,0.0871711,2.79004e-05,1.89228e-05,6.32316e-06,5.64216e-05,-0.00335759,30,0.0292457
2024-06-10 00:00:00+00:00,-0.00455439,0.997634,0.714068,0.059361,0.00410573,0.925046,0.000296016,0.000186924,0.000102596,8.7353e-06,-0.00396636,27.8542,0.030539
2024-06-11 00:00:00+00:00,-0.00379629,0.993846,0.579605,0.0548309,0.00349368,0.637025,0.000203823,0.000105859,4.76286e-05,5.24916e-06,-0.00344133,28,0.0308043
2024-06-12 00:00:00+00:00,0.00186882,0.995704,0.621155,0.0768101,0.000337682,0.734182,0.000234917,7.85696e-05,6.03048e-05,2.78328e-05,0.00223766,28,0.0314313
2024-06-13 00:00:00+00:00,0.00167204,0.997368,0.745746,0.0854791,0.00103444,0.70199,0.000224657,5.83266e-05,6.19028e-05,1.90248e-05,0.00201594,28,0.0318463
2024-06-14 00:00:00+00:00,0.0033234,1.00068,0.720146,0.0901253,-0.00347719,0.792539,0.000253689,4.40519e-05,7.71319e-05,-6.75382e-07,0.00372117,27.8646,0.0321205
2024-06-15 00:00:00+00:00,0.00325959,1.00394,0.86719,0.114903,-0.00762849,1.5746,0.000503892,7.40813e-05,0.000125483,-4.02567e-05,0.00401178,28.9062,0.0324328
2024-06-16 00:00:00+00:00,-0.00604845,0.997873,1.01524,0.123511,-0.00993932,1.10551,0.000353781,5.69656e-05,7.15797e-05,-6.63178e-05,-0.00549929,29.4583,0.0324129
2024-06-17 00:00:00+00:00,0.00760889,1.00547,0.96375,0.112027,-0.00267025,1.84097,0.000589263,0.000101685,0.000167605,3.22893e-05,0.0084378,29.4896,0.0318196
2024-06-18 00:00:00+00:00,-0.00216746,1.00329,0.912067,0.12879,0.00651825,1.15636,0.000370015,9.63165e-05,0.000104948,0.000268346,-0.00183138,30,0.0320526
2024-06-19 00:00:00+00:00,0.0052187,1.00852,0.924865,0.204419,0.00430184,0.975914,0.000312337,0.00011108,9.99587e-05,1.4306e-06,0.00574769,30,0.0323741
2024-06-20 00:00:00+00:00,-0.00573526,1.00274,0.969316,0.236659,0.00514175,0.557297,0.000178377,7.19333e-05,4.27993e-05,6.80637e-05,-0.00550067,30,0.0326713
2024-06-21 00:00:00+00:00,-0.00863792,0.994076,0.988697,0.240957,0.0107389,0.789875,0.000252832,7.95346e-05,6.17166e-05,3.23088e-06,-0.0082461,30,0.0319241
2024-06-22 00:00:00+00:00,0.00322821,0.997285,0.975174,0.221145,0.00627823,0.901857,0.000288633,6.99146e-05,7.45421e-05,-1.14701e-05,0.00368856,30,0.0310765
2024-06-23 00:00:00+00:00,0.000783984,0.998067,0.903926,0.199606,-0.00908072,0.653903,0.000209271,7.13329e-05,4.64603e-05,1.77488e-05,0.00111029,30,0.0314404
2024-06-24 00:00:00+00:00,-0.0133494,0.984744,0.851967,0.17806,-0.00677897,1.11361,0.000356399,0.000153748,8.92797e-05,-1.55332e-05,-0.0127796,28.625,0.0315859
2024-06-25 00:00:00+00:00,-0.00290952,0.981878,0.793673,0.155128,0.000811531,1.39572,0.00044666,9.3877e-05,8.25793e-05,4.98049e-05,-0.00231994,28.5938,0.0309077
2024-06-26 00:00:00+00:00,0.00520382,0.986988,0.798546,0.117222,9.90896e-05,1.27615,0.000408461,6.92933e-05,9.24248e-05,7.89558e-05,0.00570202,30,0.030906
2024-06-27 00:00:00+00:00,0.00361028,0.990551,0.986128,0.148119,0.00831697,2.16566,0.000693124,9.27609e-05,0.000174372,2.13734e-06,0.00458446,30,0.0317809
2024-06-28 00:00:00+00:00,0.0104816,1.00093,0.997071,0.0692584,0.00832158,2.32219,0.00074327,0.000105603,0.000166042,0.000109532,0.0113536,30,0.0326927
2024-06-29 00:00:00+00:00,-0.00471177,0.996218,0.883997,0.0637039,-0.00381016,1.22483,0.000391966,5.94928e-05,8.08269e-05,0.000315217,-0.00449472,30,0.0321921
2024-06-30 00:00:00+00:00,0.00170261,0.997914,0.83499,0.00165685,-0.0104941,1.08605,0.000347556,6.165e-05,6.52286e-05,8.33481e-05,0.00210241,30,0.0300938
2024-07-01 00:00:00+00:00,-0.00617313,0.991754,0.940407,0.0115216,-0.019402,1.08828,0.000348185,9.50386e-05,0.000110916,7.87874e-05,-0.00568511,29.9167,0.0290725
2024-07-02 00:00:00+00:00,0.00415996,0.995879,0.859478,0.0553929,-0.00629439,0.933417,0.000298778,9.72213e-05,7.25291e-05,9.12654e-05,0.00454429,30,0.0288224
2024-07-03 00:00:00+00:00,-0.0033452,0.992548,0.823134,0.044908,-0.00431204,1.03742,0.000332017,8.65323e-05,7.57802e-05,3.14256e-05,-0.00286542,30,0.0297023
2024-07-04 00:00:00+00:00,-0.0068075,0.985791,0.814213,0.0665697,-0.0260558,1.30916,0.000419003,7.02335e-05,0.000100603,2.19274e-05,-0.00622148,30,0.0298983
2024-07-05 00:00:00+00:00,0.00335896,0.989102,0.708395,0.0691103,-0.00319841,2.42093,0.000774833,0.000130366,0.000290675,8.48272e-05,0.00449862,29.9896,0.0295018
2024-07-06 00:00:00+00:00,-0.00119128,0.987924,0.808214,0.115565,-0.00359381,1.08401,0.000346924,7.21344e-05,0.00012709,0.000175821,-0.000798491,30,0.0290817
2024-07-07 00:00:00+00:00,0.00383499,0.991713,0.83697,0.132732,-0.00080017,0.796751,0.000255002,5.22722e-05,8.30424e-05,6.30269e-06,0.00423146,30,0.0284701
2024-07-08 00:00:00+00:00,0.005839,0.997503,0.756633,0.0814569,-0.00628376,1.54898,0.000495814,7.51897e-05,0.000172605,2.02319e-05,0.00656967,29.3229,0.0273097
2024-07-09 00:00:00+00:00,0.00814236,1.00563,0.76654,0.0681039,-0.00631854,1.0133,0.000324401,6.38452e-05,9.74526e-05,3.35865e-05,0.00858312,29.9896,0.027343
2024-07-10 00:00:00+00:00,-0.00626384,0.999326,0.748912,0.0835679,-0.0133498,0.623725,0.000199627,3.66772e-05,5.1053e-05,-4.69516e-07,-0.00596875,30,0.0268735
2024-07-11 00:00:00+00:00,-0.00254018,0.996788,0.786616,0.0817622,-0.00607985,0.820366,0.000262562,4.14423e-05,6.47067e-05,5.26707e-05,-0.0022039,30,0.0263261
2024-07-12 00:00:00+00:00,-0.00831762,0.988497,0.83672,0.0683461,-0.0118741,0.556656,0.000178171,2.3367e-05,4.30542e-05,7.47595e-05,-0.008158,30,0.0241023
2024-07-13 00:00:00+00:00,0.00370181,0.992156,0.836092,0.0555837,0.00405668,0.572692,0.000183301,2.29126e-05,3.41337e-05,1.61174e-05,0.00393661,30,0.0232601
2024-07-14 00:00:00+00:00,0.00136942,0.993515,0.710312,0.0827136,-0.00338481,0.532873,0.000170569,2.44137e-05,3.3892e-05,8.53072e-06,0.00160098,30,0.0227519
2024-07-15 00:00:00+00:00,-0.00636129,0.987195,0.841983,0.122106,-0.00976067,0.634518,0.000203021,3.07848e-05,4.22354e-05,7.55658e-05,-0.00615512,29.6667,0.0234649
2024-07-16 00:00:00+00:00,-0.00336627,0.983872,0.796918,0.130546,0.00118393,0.467067,0.000149494,2.0829e-05,2.89166e-05,7.31722e-06,-0.00315324,30,0.021843
2024-07-17 00:00:00+00:00,0.00198749,0.985827,0.723219,0.0898256,-0.00231853,0.616927,0.000197442,2.64304e-05,4.0953e-05,5.95975e-05,0.00220386,30,0.0223179
2024-07-18 00:00:00+00:00,0.00546425,0.991214,0.710886,0.117592,0.00264549,0.699499,0.00022389,2.97074e-05,5.08284e-05,1.42856e-05,0.00575612,30,0.021702
2024-07-19 00:00:00+00:00,0.00168022,0.992879,0.656083,0.0907434,-0.00377924,0.63222,0.000202344,2.53517e-05,3.87221e-05,2.46332e-05,0.00193156,30,0.022447
2024-07-20 00:00:00+00:00,0.00765708,1.00048,0.648243,0.0778388,-0.00550678,0.458107,0.000146615,2.27886e-05,2.52248e-05,7.54605e-05,0.00776008,30,0.0223936
2024-07-21 00:00:00+00:00,-9.09084e-05,1.00039,0.676874,0.0593218,-0.0150317,0.570233,0.000182482,2.75051e-05,2.79005e-05,5.09986e-05,0.000103584,30,0.0228141
2024-07-22 00:00:00+00:00,-0.00148816,0.998902,0.736027,0.0116416,-0.0202397,0.620152,0.000198478,5.23955e-05,5.19385e-05,4.19243e-05,-0.00121434,28.6875,0.022931
2024-07-23 00:00:00+00:00,-0.000385447,0.998517,0.694325,0.0844322,0.00115467,0.589801,0.000188741,5.08849e-05,4.10726e-05,9.64405e-05,-0.000180156,30,0.0231034
2024-07-24 00:00:00+00:00,-0.00224031,0.99628,0.739693,0.103116,0.0158747,0.512552,0.000164039,4.07921e-05,3.92108e-05,0.000139696,-0.00212989,30,0.0216255
2024-07-25 00:00:00+00:00,0.000116534,0.996396,0.623808,0.0921114,0.00926155,0.60102,0.000192355,2.42122e-05,3.67914e-05,-1.17425e-05,0.000396236,30,0.0208956
2024-07-26 00:00:00+00:00,-0.00252653,0.993879,0.56819,0.0604606,0.00507571,0.267969,8.57563e-05,1.14455e-05,1.82063e-05,4.25949e-05,-0.00244742,30,0.0207799
2024-07-27 00:00:00+00:00,0.00207242,0.995938,0.625511,0.0517151,0.00665411,0.351541,0.000112498,1.40623e-05,2.10664e-05,0.000116054,0.00211237,30,0.0204366
2024-07-28 00:00:00+00:00,0.00148113,0.997414,0.646412,0.0193358,-0.0114555,0.347806,0.000111311,1.65139e-05,2.82646e-05,2.05492e-05,0.00162182,30,0.0211679
2024-07-29 00:00:00+00:00,-0.00386315,0.99356,0.6609,0.0286781,-0.00891382,0.526898,0.000168624,2.20707e-05,3.62893e-05,8.65143e-05,-0.00371611,29.9688,0.021735
2024-07-30 00:00:00+00:00,-0.00822465,0.985389,0.65953,0.0175914,-0.0153032,0.211645,6.77252e-05,1.57759e-05,1.15379e-05,4.44163e-05,-0.00819712,30,0.022094
2024-07-31 00:00:00+00:00,0.00140111,0.986769,0.648589,0.0257875,-0.000585782,0.370216,0.000118486,1.9697e-05,2.9007e-05,7.60506e-05,0.0015011,30,0.0215174
2024-08-01 00:00:00+00:00,0.00237847,0.989116,0.571132,0.0206676,-0.000700191,0.436905,0.000139858,2.03621e-05,2.62172e-05,4.33267e-05,0.00253223,30,0.0219256
2024-08-02 00:00:00+00:00,0.00132017,0.990422,0.58066,-0.00081847,-0.0141554,0.52042,0.000166544,4.33821e-05,4.03464e-05,-1.87192e-05,0.00159682,30,0.0224431
2024-08-03 00:00:00+00:00,0.00751738,0.997868,0.609518,0.0332164,-0.00243929,0.726194,0.0002324,5.634e-05,6.57785e-05,4.08058e-05,0.0078138,30,0.0238013
2024-08-04 00:00:00+00:00,0.00247691,1.00034,0.656139,0.0355174,-0.00521585,0.59067,0.000189028,6.15961e-05,4.92242e-05,3.79055e-05,0.00274515,30,0.0244282
2024-08-05 00:00:00+00:00,0.00414399,1.00448,0.502441,0.0333758,0.000961263,0.931831,0.000298244,6.81527e-05,0.000112817,0.000244578,0.00439076,30,0.0236717
2024-08-06 00:00:00+00:00,-0.00811693,0.996331,0.559828,0.0461612,-0.000829478,0.268024,8.57731e-05,1.37911e-05,3.81821e-05,0.000274471,-0.00826855,30,0.0228936
2024-08-07 00:00:00+00:00,-0.00149161,0.994845,0.578202,0.0557204,0.000342556,0.380766,0.000121868,5.90501e-05,3.35167e-05,0.000200009,-0.00144867,30,0.0226568
2024-08-08 00:00:00+00:00,0.00689351,1.0017,0.523685,0.0421589,-0.00106342,0.826076,0.000264415,8.04656e-05,9.04615e-05,0.000118021,0.00721128,30,0.023638
2024-08-09 00:00:00+00:00,0.000156656,1.00186,0.52333,0.0251537,-0.00150781,0.616437,0.000197248,2.83099e-05,5.57183e-05,8.12864e-05,0.000370763,30,0.0245683
2024-08-10 00:00:00+00:00,0.000843863,1.00271,0.577587,0.0366987,-0.0045256,0.572406,0.000183177,3.00632e-05,5.77693e-05,8.02645e-06,0.00111868,29.4688,0.0251408
2024-08-11 00:00:00+00:00,0.00633616,1.00906,0.581005,0.0364819,2.1326e-05,0.539637,0.000172708,3.71806e-05,4.00974e-05,-8.53275e-06,0.00658178,29.7812,0.0255756
2024-08-12 00:00:00+00:00,-0.00317807,1.00585,0.584555,0.0315091,-0.00524072,0.636117,0.000203551,4.18907e-05,6.03963e-05,2.23822e-05,-0.00288528,29.9062,0.026162
2024-08-13 00:00:00+00:00,0.00923067,1.01514,0.652287,0.0221575,-0.0111902,1.22294,0.000391477,5.45868e-05,0.000126176,2.4499e-05,0.00975785,30,0.0268477
2024-08-14 00:00:00+00:00,0.00405303,1.01925,0.772724,0.0579411,-0.0077089,0.970854,0.000310717,4.13198e-05,8.29403e-05,0.000105768,0.00439559,30,0.0282243
2024-08-15 00:00:00+00:00,0.00929739,1.02873,0.765034,0.0591864,-0.00704397,1.06755,0.000341696,0.000106925,9.1187e-05,0.000102518,0.00970926,30,0.0290101
2024-08-16 00:00:00+00:00,0.0101595,1.03918,0.801822,0.0150211,-0.0170592,1.96784,0.000629959,0.000121749,0.000215987,0.000117719,0.0109761,29.9896,0.0312663
2024-08-17 00:00:00+00:00,0.00261618,1.0419,0.859073,0.0144529,-0.0191401,1.34169,0.000429427,7.03023e-05,0.000109911,0.000192793,0.00305215,30,0.0323325
2024-08-18 00:00:00+00:00,0.0056026,1.04773,0.913632,0.0741342,-0.0231049,0.798607,0.000255629,4.50018e-05,5.21915e-05,0.000211282,0.0057522,30,0.0327255
2024-08-19 00:00:00+00:00,0.00425402,1.05219,0.936775,0.0580496,-0.0265417,2.03484,0.000651461,0.000167374,0.000183854,0.000144041,0.00513344,28.9583,0.032713
2024-08-20 00:00:00+00:00,-0.0100219,1.04165,1.01005,0.119586,-0.00315801,0.848952,0.000271698,8.91918e-05,5.35729e-05,0.000112682,-0.00974174,29.1771,0.0323293
2024-08-21 00:00:00+00:00,0.00626183,1.04817,0.930136,0.0618884,0.00625405,0.981582,0.000314168,6.117e-05,6.98702e-05,4.41077e-05,0.00666503,29.9375,0.031291
2024-08-22 00:00:00+00:00,0.000464896,1.04866,0.833132,0.0618541,-0.0120649,0.83527,0.000267309,4.25428e-05,6.7826e-05,1.8629e-05,0.000838035,29.9167,0.0311715
2024-08-23 00:00:00+00:00,-0.00733981,1.04096,0.915959,0.0620751,-0.0420974,0.985085,0.000315308,8.26838e-05,7.81787e-05,0.000122211,-0.00697612,30,0.0302841
2024-08-24 00:00:00+00:00,-0.0082081,1.03242,0.82451,0.127686,-0.032867,0.633327,0.000202665,3.69837e-05,5.48176e-05,0.000109556,-0.00801709,30,0.0289591
2024-08-25 00:00:00+00:00,0.00796688,1.04064,0.739497,0.139733,-0.027946,1.18036,0.000377823,7.34071e-05,0.000120882,7.91636e-05,0.00846571,30,0.0301399
2024-08-26 00:00:00+00:00,0.0134644,1.05465,0.83063,0.213195,-0.0079677,1.78807,0.000572281,0.000176493,0.000159964,8.26401e-05,0.0142179,29.7396,0.0312779
2024-08-27 00:00:00+00:00,-0.00481105,1.04958,0.917903,0.20905,-0.0130915,1.36135,0.00043579,7.41171e-05,0.000119067,5.29114e-05,-0.00419091,30,0.0322067
2024-08-28 00:00:00+00:00,-6.46645e-05,1.04951,0.809647,0.0806927,0.000942812,1.27218,0.000407294,0.000164392,0.000112311,4.95479e-05,0.000619978,29.9479,0.0319696
2024-08-29 00:00:00+00:00,0.00640103,1.05623,0.786206,0.0207013,-0.00894884,1.33878,0.000428461,0.000193358,0.000110139,8.06486e-05,0.00704177,30,0.0331319
2024-08-30 00:00:00+00:00,-0.00358864,1.05244,0.81106,0.0874108,-0.0155125,0.773518,0.000247563,8.7111e-05,5.86487e-05,2.72509e-05,-0.00321671,30,0.0335086
2024-08-31 00:00:00+00:00,-0.00371579,1.04853,0.98748,0.151008,-0.01346,0.417404,0.000133574,7.52367e-05,2.67804e-05,8.72154e-05,-0.00356716,30,0.0344181
2024-09-01 00:00:00+00:00,0.00651248,1.05536,0.910796,0.134375,-0.0125606,0.6567,0.000210177,8.46635e-05,3.81411e-05,0.000161425,0.00667701,30,0.0350697
2024-09-02 00:00:00+00:00,-0.00589461,1.04913,0.947163,0.131082,-0.00888112,1.5307,0.000489833,0.000160125,0.00020444,0.000124244,-0.00515449,29.9792,0.0366074
2024-09-03 00:00:00+00:00,0.00202541,1.05126,1.00357,0.107718,-0.0103312,1.06266,0.000340122,0.000101992,9.98881e-05,0.00031808,0.00226659,29.9896,0.0356609
2024-09-04 00:00:00+00:00,0.00736938,1.05901,1.09813,0.122883,-0.0126815,1.94488,0.000622414,9.80932e-05,0.000187171,0.000363809,0.00792746,30,0.0359157
2024-09-05 00:00:00+00:00,-0.00670093,1.05191,1.20075,0.112034,-0.0114952,1.32614,0.000424364,7.17206e-05,0.000109458,0.000107633,-0.00620162,30,0.0354116
2024-09-06 00:00:00+00:00,-0.00735512,1.04417,1.08743,0.102928,-0.00911314,1.31947,0.000422215,7.6951e-05,0.000101003,9.64e-05,-0.00684093,30,0.0346928
2024-09-07 00:00:00+00:00,0.00518691,1.04959,1.11462,0.0147711,-0.0170232,1.62102,0.000518791,8.8018e-05,0.000160093,0.000115068,0.00584607,30,0.0341976
2024-09-08 00:00:00+00:00,0.00169194,1.05137,1.16045,0.00957776,-0.0313302,1.17024,0.000374481,5.32391e-05,9.12744e-05,0.000153649,0.00207141,30,0.034417
2024-09-09 00:00:00+00:00,-0.022349,1.02787,1.18246,0.0228477,-0.0389079,0.95372,0.000305221,5.5128e-05,8.2442e-05,0.0001161,-0.0222417,29.875,0.0331567
2024-09-10 00:00:00+00:00,0.00102752,1.02892,1.08813,0.101241,-0.0287489,0.826526,0.000264559,6.97912e-05,7.31806e-05,0.000144058,0.00131729,30,0.0314253
2024-09-11 00:00:00+00:00,-0.00515103,1.02362,1.06663,0.0923745,0.00155117,0.561961,0.000179858,0.000108971,4.73973e-05,0.000163123,-0.00496134,29.4375,0.0315205
2024-09-12 00:00:00+00:00,-0.00328904,1.02026,1.08453,0.0601618,-0.0155263,0.396221,0.000126839,6.85244e-05,3.3457e-05,0.000507618,-0.00353507,29,0.0299857
2024-09-13 00:00:00+00:00,0.0097602,1.03022,1.04848,0.0667406,-0.00743401,0.477438,0.000152795,7.4987e-05,3.25158e-05,-0.000256095,0.0102458,29,0.0295984
2024-09-14 00:00:00+00:00,-3.81498e-05,1.03018,1.02251,0.12085,-0.0215732,0.233835,7.48339e-05,3.79478e-05,1.60757e-05,0.000248269,-0.000143791,29,0.028436
2024-09-15 00:00:00+00:00,-0.000427849,1.02974,1.00218,0.107032,-0.0414085,0.272913,8.73314e-05,6.46673e-05,1.91788e-05,-4.605e-06,-0.000235246,29,0.0269847
2024-09-16 00:00:00+00:00,0.00489457,1.03478,0.883735,0.139763,-0.00393568,0.286171,9.15911e-05,6.40905e-05,2.45173e-05,-0.000111829,0.0051877,26,0.02568
2024-09-17 00:00:00+00:00,-0.00589626,1.02867,0.81043,0.142528,-0.00809983,0.269953,8.64307e-05,5.41464e-05,1.44127e-05,-7.23657e-05,-0.00567062,26.3438,0.0262541
2024-09-18 00:00:00+00:00,-0.00789255,1.02056,0.737919,0.113067,-0.0239723,0.119832,3.83374e-05,3.52724e-05,8.82577e-06,3.59533e-05,-0.00786533,27,0.0257468
2024-09-19 00:00:00+00:00,0.00380827,1.02444,0.816831,0.117228,-0.0262895,0.360492,0.000115386,8.65458e-05,2.54947e-05,-3.00691e-06,0.00405673,26.7708,0.0256795
2024-09-20 00:00:00+00:00,-0.00205847,1.02233,0.83647,0.166296,-0.0205423,0.686183,0.000219605,6.81541e-05,3.91791e-05,2.11235e-05,-0.00173772,27,0.0266224
2024-09-21 00:00:00+00:00,0.000258648,1.0226,0.849074,0.16974,-0.0165207,0.442145,0.00014151,5.55468e-05,2.74902e-05,1.86376e-05,0.000480254,27,0.0269679
2024-09-22 00:00:00+00:00,0.00792667,1.0307,0.854329,0.135528,-0.0289139,0.536543,0.000171696,6.20509e-05,3.44002e-05,7.48773e-05,0.00810732,27,0.0270975
2024-09-23 00:00:00+00:00,-0.00788424,1.02258,0.924222,0.0973496,-0.0277668,1.18632,0.000379586,0.000153774,0.000133563,-1.49059e-05,-0.00720193,29.9375,0.0277998
2024-09-24 00:00:00+00:00,-0.00290161,1.01961,0.886649,0.0844216,-0.0277748,0.6678,0.000213708,6.94693e-05,3.89334e-05,2.89953e-05,-0.00258831,30,0.0261194
2024-09-25 00:00:00+00:00,0.000440221,1.02006,0.687315,0.108143,-0.0199993,0.725797,0.00023231,6.46119e-05,5.40393e-05,4.23008e-05,0.000766413,30,0.0255245
2024-09-26 00:00:00+00:00,0.00136622,1.02145,0.778201,0.128707,-0.0179686,1.13966,0.000364776,5.68869e-05,9.45955e-05,9.25259e-06,0.00190074,29.4896,0.0257449
2024-09-27 00:00:00+00:00,-0.0223395,0.998634,0.764707,0.152144,0.00231924,0.657708,0.000210488,4.76183e-05,5.13725e-05,-4.03177e-06,-0.0222392,29,0.0244496
2024-09-28 00:00:00+00:00,0.00864475,1.00727,0.76437,0.0967088,-0.01952,0.943416,0.00030204,7.37282e-05,6.89249e-05,3.29978e-05,0.00904461,29.6875,0.0236122
2024-09-29 00:00:00+00:00,-0.00193389,1.00532,0.774733,0.105805,-0.023899,0.796055,0.000254768,3.8054e-05,4.6375e-05,5.92863e-05,-0.00163489,30,0.0240926
2024-09-30 00:00:00+00:00,-0.00649182,0.998793,0.723762,0.162482,-0.00471101,0.630946,0.000201909,5.11239e-05,4.23877e-05,1.61046e-06,-0.00620078,29.3646,0.0239308
2024-10-01 00:00:00+00:00,0.000169541,0.998962,0.704687,0.13934,0.00111804,0.829771,0.000265588,3.90846e-05,6.01502e-05,6.76983e-05,0.000490519,30,0.0238973
2024-10-02 00:00:00+00:00,0.00135801,1.00032,0.775458,0.125369,-0.000950537,1.83483,0.000587369,7.34212e-05,0.000170164,0.000131789,0.00209583,30,0.0249377
2024-10-03 00:00:00+00:00,0.00908307,1.0094,0.758515,0.112409,-0.00141783,1.92936,0.000617515,7.71894e-05,0.000170563,7.86507e-05,0.0098565,30,0.0265476
2024-10-04 00:00:00+00:00,0.00380834,1.01325,0.861445,0.121482,-0.00625449,1.04938,0.000335846,5.12827e-05,9.17701e-05,0.000161056,0.00413558,29.7604,0.0274041
2024-10-05 00:00:00+00:00,-0.000759271,1.01248,0.851063,0.166079,-0.00138587,0.636816,0.000203824,2.97645e-05,4.64985e-05,0.000128584,-0.000590068,30,0.0269821
2024-10-06 00:00:00+00:00,-0.00536356,1.00705,0.733478,0.161866,-0.00111377,0.760966,0.000243503,3.57236e-05,5.33394e-05,5.65841e-05,-0.00508515,30,0.0270229
2024-10-07 00:00:00+00:00,0.00161983,1.00868,0.743636,0.148738,-0.0087196,0.947095,0.000303133,5.17738e-05,6.92521e-05,0.000114693,0.00194705,29.5,0.0266315
2024-10-08 00:00:00+00:00,0.00698705,1.01573,0.755617,0.10514,-0.0147984,1.14132,0.000365286,6.05367e-05,9.36325e-05,5.61301e-05,0.00744105,30,0.0270603
2024-10-09 00:00:00+00:00,-0.00082351,1.01489,0.71851,0.102807,-0.00142677,0.806936,0.000258253,5.97266e-05,4.93156e-05,3.70964e-05,-0.000482294,30,0.0275596
2024-10-10 00:00:00+00:00,-0.00311043,1.01173,0.63678,0.0730879,0.00381419,0.548601,0.000175563,6.01337e-05,3.73417e-05,0.000111276,-0.00294297,30,0.0276301
2024-10-11 00:00:00+00:00,-0.00648511,1.00517,0.645411,0.102352,-0.00627034,0.588445,0.000188336,6.382e-05,4.30767e-05,0.000119548,-0.00630905,30,0.0271237
2024-10-12 00:00:00+00:00,-0.00525109,0.999895,0.683734,0.0964127,-0.015325,0.515534,0.00016494,3.58061e-05,3.60979e-05,0.000177014,-0.00518204,30,0.0261578
2024-10-13 00:00:00+00:00,-0.000528762,0.999367,0.645965,0.0916745,-0.0212525,0.520883,0.000166704,5.17899e-05,3.4261e-05,-2.68338e-06,-0.000259259,30,0.0253927
2024-10-14 00:00:00+00:00,-0.00224428,0.997124,0.722364,0.156595,-0.000675995,0.885635,0.000283463,6.27794e-05,6.67898e-05,0.000872784,-0.00267216,29.8438,0.0246825
2024-10-15 00:00:00+00:00,-0.0145896,0.982576,0.654364,0.109065,0.000162961,0.808927,0.000258919,5.06918e-05,6.72411e-05,0.000498426,-0.0147815,30,0.0231341
2024-10-16 00:00:00+00:00,-0.00805294,0.974663,0.656858,0.0336303,-0.00201933,0.424713,0.0001359,3.33388e-05,3.47429e-05,8.21856e-05,-0.00793809,30,0.0218191
2024-10-17 00:00:00+00:00,0.00549163,0.980016,0.552297,0.033217,-0.0105501,0.5463,0.000174845,5.81056e-05,3.49371e-05,-1.01531e-05,0.00576267,30,0.0225753
2024-10-18 00:00:00+00:00,0.00399749,0.983934,0.614954,0.0457865,-0.012438,0.397507,0.000127231,5.53344e-05,2.47415e-05,0.000158096,0.0040588,30,0.0229541
2024-10-19 00:00:00+00:00,0.00167151,0.985578,0.631748,0.0458611,-0.018708,0.415242,0.000132895,2.85084e-05,2.0526e-05,0.000142346,0.00171685,30,0.0244927
2024-10-20 00:00:00+00:00,0.00412962,0.989648,0.550674,0.0290583,-0.00955589,0.393725,0.000126011,4.4217e-05,1.58323e-05,9.9429e-05,0.00421133,30,0.0252619
2024-10-21 00:00:00+00:00,0.00438179,0.993985,0.606824,-0.00266452,-0.021369,0.88461,0.000283087,6.03607e-05,6.20309e-05,6.50014e-05,0.0047209,29.875,0.0251264
2024-10-22 00:00:00+00:00,-0.00521299,0.988803,0.580646,0.0463041,-0.0201382,0.363773,0.000116411,3.39483e-05,1.92319e-05,2.50255e-05,-0.00507067,30,0.0252128
2024-10-23 00:00:00+00:00,0.00215852,0.990937,0.473563,0.0734762,-0.0142433,0.410594,0.000131406,6.13141e-05,2.16252e-05,-1.93049e-05,0.00239661,30,0.0237768
2024-10-24 00:00:00+00:00,0.00290406,0.993815,0.518489,0.0759487,-0.0207307,0.516027,0.000165151,4.86092e-05,2.9056e-05,6.25239e-06,0.00314461,30,0.0238176
2024-10-25 00:00:00+00:00,0.00445121,0.998239,0.62181,0.0986687,-0.000522544,0.703913,0.000225285,4.5286e-05,3.98489e-05,3.3154e-05,0.00474367,30,0.0256987
2024-10-26 00:00:00+00:00,-0.000825732,0.997415,0.488407,0.0580237,-0.00196013,0.966366,0.000309253,3.86567e-05,6.73808e-05,4.0023e-05,-0.000437416,29.7917,0.0267092
2024-10-27 00:00:00+00:00,-0.000898368,0.996519,0.643264,0.103185,-0.0138106,1.034,0.000330908,4.13635e-05,6.73603e-05,9.80762e-06,-0.000459143,30,0.0279405
2024-10-28 00:00:00+00:00,0.00529759,1.0018,0.834644,0.130351,0.00210326,1.45807,0.000466675,5.89663e-05,0.000106352,2.96142e-05,0.00591503,28.9062,0.0282433
2024-10-29 00:00:00+00:00,0.0113971,1.01322,0.833274,0.132004,-0.0102293,1.70701,0.000546414,8.52048e-05,0.000149817,4.95928e-05,0.0120999,28.9792,0.0288854
2024-10-30 00:00:00+00:00,0.00531282,1.0186,0.813227,0.0830143,0.00144979,1.77344,0.00056762,8.95347e-05,0.00011934,0.000131591,0.00596201,29.7708,0.0296718
2024-10-31 00:00:00+00:00,-0.00509986,1.0134,0.765567,0.130462,-0.00475419,0.849412,0.00027184,5.07646e-05,5.71557e-05,-3.50257e-05,-0.00467794,30,0.0298608
2024-11-01 00:00:00+00:00,0.00607104,1.01956,0.817547,0.0519754,-0.0170894,1.07795,0.000345067,7.09946e-05,6.82902e-05,-1.98146e-06,0.00657443,30,0.0293006
2024-11-02 00:00:00+00:00,0.00395529,1.02359,0.760756,-0.00360567,-0.0177975,0.663795,0.000212429,5.64975e-05,5.3942e-05,8.47095e-05,0.00420367,30,0.0299787
2024-11-03 00:00:00+00:00,0.0119969,1.03587,0.698904,0.00271116,-0.00985225,1.33733,0.000428048,9.46719e-05,0.000105785,5.18359e-05,0.0125242,30,0.0309094
2024-11-04 00:00:00+00:00,-0.00150582,1.03431,0.919736,0.0526511,-0.00556543,0.878158,0.000281024,5.93573e-05,4.78509e-05,2.02437e-05,-0.00111515,30,0.0312969
2024-11-05 00:00:00+00:00,0.00893609,1.04355,0.948493,0.11094,-0.0074658,1.29966,0.00041601,9.09982e-05,0.000108977,-1.15733e-06,0.0095481,30,0.0322073
2024-11-06 00:00:00+00:00,-0.00524565,1.03808,0.873647,0.0241561,-0.00282537,1.94355,0.000622161,0.000129331,0.000184225,3.11008e-05,-0.00428998,30,0.0313832
2024-11-07 00:00:00+00:00,-0.00164997,1.03636,0.905234,0.0252356,-0.00207119,2.45598,0.000786071,0.000140602,0.000208843,-6.72796e-06,-0.000426077,30,0.0299386
2024-11-08 00:00:00+00:00,0.00678949,1.0434,1.007,0.0786341,-0.00340021,2.03329,0.000650814,9.38777e-05,0.000169144,7.65573e-05,0.00763273,29.9896,0.0309246
2024-11-09 00:00:00+00:00,-0.0144438,1.02833,0.963265,0.0659634,-0.00740783,1.44787,0.000463454,6.67498e-05,0.000135337,3.41842e-05,-0.0138439,29.9792,0.0298295
2024-11-10 00:00:00+00:00,0.00879345,1.03737,0.778059,0.0922188,-0.00584984,2.9343,0.000939299,0.000206499,0.000216582,4.73446e-05,0.0101854,29.9792,0.0287908
2024-11-11 00:00:00+00:00,0.00155214,1.03898,0.783247,0.113008,-0.00212917,3.29145,0.00105353,0.00025145,0.000276225,0.000173063,0.00303084,28.3333,0.0294143
2024-11-12 00:00:00+00:00,9.2224e-05,1.03908,0.686982,0.0285845,-0.00265554,2.953,0.000945268,0.000247628,0.000261074,5.44115e-05,0.00160605,28.8438,0.0295257
2024-11-13 00:00:00+00:00,-0.00491541,1.03397,0.592656,0.0631666,-0.000727378,2.51847,0.000806242,0.000234686,0.000237881,0.000153039,-0.00369746,29,0.0292586
2024-11-14 00:00:00+00:00,0.00393512,1.03804,0.592245,0.0819688,0.0001517,2.14329,0.000686085,0.000188,0.000191791,4.78217e-05,0.00506599,28.9688,0.0278272
2024-11-15 00:00:00+00:00,0.00011988,1.03816,0.571785,-0.00572871,-0.00480337,1.54281,0.000493802,0.000116113,0.000123796,8.94555e-05,0.000798826,28.5833,0.0274677
2024-11-16 00:00:00+00:00,-0.000884219,1.03725,0.626219,0.0520565,0.0022359,1.55935,0.000499112,0.000119627,0.000131717,0.000103192,-0.00017876,29.1042,0.0274255
2024-11-17 00:00:00+00:00,0.00509708,1.04253,0.665608,0.0914404,0.000872186,1.36269,0.000436174,0.000170948,8.09018e-05,0.000163298,0.00565004,30,0.0267916
2024-11-18 00:00:00+00:00,0.0115483,1.05457,0.584118,0.0736233,-0.00135836,1.87213,0.000599293,0.000263567,0.000122807,0.000172883,0.0123299,28.9271,0.02766
2024-11-19 00:00:00+00:00,0.0120064,1.06723,0.681104,0.114569,-0.00368934,1.66081,0.000531585,0.000257107,9.46941e-05,5.12683e-05,0.0128003,28.9896,0.0290988
2024-11-20 00:00:00+00:00,-0.00140009,1.06574,0.650648,0.049938,-0.00542287,0.961722,0.000307861,0.000288396,5.68675e-05,-1.94771e-05,-0.000697629,29.2812,0.0299161
2024-11-21 00:00:00+00:00,0.0111214,1.07759,0.658986,0.0538426,-0.00820567,1.86981,0.000598556,0.000443824,7.86417e-05,3.78889e-05,0.0121849,30,0.0309275
2024-11-22 00:00:00+00:00,-0.0220836,1.0538,0.64468,0.108174,0.00403572,0.696771,0.000222963,0.000181734,2.7725e-05,5.05458e-05,-0.0219089,29.8958,0.0314547
2024-11-23 00:00:00+00:00,-0.0111711,1.04202,0.650656,0.117204,0.00067741,0.759805,0.000243163,0.000146276,2.97702e-05,5.74967e-05,-0.0108387,30,0.0296268
2024-11-24 00:00:00+00:00,-0.00235026,1.03957,0.573884,0.0984177,-0.00931901,0.854459,0.000273479,0.000187762,4.32312e-05,5.88854e-08,-0.00181437,30,0.0289138
2024-11-25 00:00:00+00:00,0.0019051,1.04156,0.555501,0.113014,-0.0014357,1.23959,0.00039665,0.000333031,0.000101574,-1.70866e-05,0.00279413,28.6146,0.0291954
2024-11-26 00:00:00+00:00,0.00737045,1.04923,0.615327,0.0636616,0.0012813,1.64688,0.000527087,0.000264723,8.15064e-05,2.17543e-05,0.00821715,29,0.030016
2024-11-27 00:00:00+00:00,0.00820488,1.05784,0.630711,0.0822894,-0.00338938,1.4719,0.000471088,0.000240478,7.77312e-05,3.44824e-05,0.00895131,28.9688,0.0313812
2024-11-28 00:00:00+00:00,-0.00508512,1.05246,0.730479,0.121839,0.00406758,0.847991,0.000271386,0.000167208,3.17919e-05,4.98248e-05,-0.00465526,29,0.0316047
2024-11-29 00:00:00+00:00,-0.00328859,1.049,0.734686,0.136996,-0.00844966,0.644082,0.000206148,0.000119734,2.58171e-05,8.49142e-05,-0.00299952,29,0.0306233
2024-11-30 00:00:00+00:00,0.00467056,1.0539,0.707107,0.128039,-0.00544044,1.16233,0.000372014,0.000208767,4.84392e-05,0.000102988,0.00520865,29,0.0310316
2024-12-01 00:00:00+00:00,-0.00778679,1.04569,0.787234,0.153148,-0.00659274,1.31987,0.000422403,0.000196769,6.15779e-05,8.25333e-05,-0.00717326,29.375,0.0311134
2024-12-02 00:00:00+00:00,-0.0151433,1.02986,0.814061,0.120527,-0.0113834,2.71162,0.000867932,0.000235769,0.000186506,1.19459e-06,-0.0138511,29.6667,0.0298629
2024-12-03 00:00:00+00:00,-0.0185508,1.01075,0.660387,0.0899156,-0.00557034,1.75396,0.00056142,8.33307e-05,0.000112959,6.54408e-05,-0.0179374,29.9583,0.0272648
2024-12-04 00:00:00+00:00,-0.0103556,1.00029,0.691439,0.0688483,-0.00259455,2.16577,0.000693173,8.87038e-05,0.00010673,9.74259e-05,-0.00955777,30,0.0255725
2024-12-05 00:00:00+00:00,-0.00269085,0.997595,0.614433,0.0776994,-0.000501694,1.87502,0.000600193,8.29039e-05,8.69337e-05,-9.06277e-06,-0.00185134,30,0.0258117
2024-12-06 00:00:00+00:00,0.0125344,1.0101,0.649303,0.0805456,0.00168856,2.57554,0.000824456,0.000119219,0.00013213,0.000105185,0.0134516,29.9896,0.0269031
2024-12-07 00:00:00+00:00,0.00420011,1.01434,0.713518,0.119429,0.00576215,1.48944,0.000476767,6.35755e-05,6.7942e-05,0.000168311,0.00467998,29.9792,0.0274549
2024-12-08 00:00:00+00:00,0.00798608,1.02244,0.783585,0.128064,0.00367604,1.67022,0.000534601,6.8196e-05,7.31142e-05,0.000102216,0.00855284,30,0.0276484
2024-12-09 00:00:00+00:00,-0.00382998,1.01853,0.752963,0.0786687,0.002532,2.67371,0.000855606,0.000117113,0.000117899,-1.16423e-05,-0.00268544,29.9688,0.0285943
2024-12-10 00:00:00+00:00,0.00297159,1.02155,0.696367,-0.0157497,-0.00630909,2.21601,0.000709271,8.86589e-05,0.000134489,-6.73342e-06,0.00393313,29.9479,0.0288424
2024-12-11 00:00:00+00:00,0.00544942,1.02712,0.806311,0.0880582,-1.4684e-05,1.69736,0.000543225,7.50344e-05,9.90878e-05,-2.31151e-05,0.00619175,30,0.0297899
2024-12-12 00:00:00+00:00,-0.0106509,1.01618,0.877217,0.108532,0.000451442,1.29237,0.000413578,5.16973e-05,7.11372e-05,-3.54509e-05,-0.0100988,30,0.0298181
2024-12-13 00:00:00+00:00,-0.000450485,1.01572,0.903435,0.152166,0.00971029,0.999502,0.000319871,4.53962e-05,4.92641e-05,-4.99559e-05,3.96118e-05,29.6667,0.0300475
2024-12-14 00:00:00+00:00,0.00989701,1.02577,0.952199,0.156984,0.00880748,1.33206,0.000426316,5.91142e-05,5.83802e-05,9.13027e-06,0.0104018,29,0.0320349
2024-12-15 00:00:00+00:00,0.00013723,1.02592,0.986012,0.148359,0.00523828,1.44888,0.000463671,8.90004e-05,7.71209e-05,-1.62381e-05,0.000805176,29.4167,0.0336787
2024-12-16 00:00:00+00:00,0.0134665,1.03973,0.91963,0.126618,-0.00360903,2.02841,0.000649299,0.000128187,0.000133155,-1.42782e-05,0.0143469,30,0.0354495
2024-12-17 00:00:00+00:00,0.00447849,1.04439,0.924197,0.0942141,-0.0222176,1.09523,0.00035055,0.000244936,5.40582e-05,-1.41084e-05,0.00517035,30,0.0359567
2024-12-18 00:00:00+00:00,0.00639167,1.05106,0.998287,0.105116,-0.00169279,2.37137,0.000758973,0.000251251,0.000134601,1.61653e-06,0.00754076,30,0.0365481
2024-12-19 00:00:00+00:00,-0.00228422,1.04866,0.944932,0.00711577,-0.00946289,3.76144,0.00120373,0.000333287,0.000217306,6.79729e-05,-0.000542941,29.9896,0.0369543
2024-12-20 00:00:00+00:00,-0.00152428,1.04706,0.99523,0.0258698,-0.00133881,4.12395,0.00131976,0.000345941,0.000245444,-0.000135714,0.000625254,30,0.0374365
2024-12-21 00:00:00+00:00,0.00876925,1.05625,1.10142,0.150231,0.00186751,2.09467,0.000670432,0.000242691,0.000150368,9.95954e-05,0.00973705,30,0.0369382
2024-12-22 00:00:00+00:00,0.00555057,1.06211,1.02309,0.0818238,0.00168615,1.94217,0.000621605,0.000338534,0.000122465,4.93003e-06,0.00664541,29.9271,0.0376029
2024-12-23 00:00:00+00:00,-0.0248379,1.03573,1.09505,0.067449,-0.0196803,1.9866,0.000635724,0.000213189,0.000126685,5.94883e-06,-0.0241328,29.5104,0.0372683
2024-12-24 00:00:00+00:00,0.00423983,1.04012,0.761186,0.11822,0.00198016,2.06008,0.000659261,0.000206693,8.93898e-05,4.84286e-05,0.00516609,29.9896,0.0361741
2024-12-25 00:00:00+00:00,0.0198329,1.06075,0.934074,0.121787,0.00677168,2.24219,0.000717742,0.000206477,0.000109023,3.8492e-05,0.0206553,30,0.0372702
2024-12-26 00:00:00+00:00,0.00248099,1.06338,1.04735,0.154681,0.02204,2.55608,0.00081804,0.000215676,0.000136722,5.67697e-05,0.00360986,30,0.039342
2024-12-27 00:00:00+00:00,-0.0071728,1.05575,0.890234,0.096205,0.000780541,2.58008,0.000825686,0.000171568,0.0001159,2.90787e-05,-0.00608669,30,0.0388748
2024-12-28 00:00:00+00:00,-0.00627903,1.04912,0.980043,0.132174,-0.0107824,1.5916,0.000509331,0.00011033,7.57481e-05,3.92445e-05,-0.00561943,30,0.0384452
2024-12-29 00:00:00+00:00,0.00594013,1.05535,0.892758,0.102551,-0.0078725,1.64189,0.000525483,0.000101492,7.33539e-05,3.49243e-05,0.00659993,30,0.0384633
2024-12-30 00:00:00+00:00,-0.00122337,1.05406,0.796731,0.0961278,-0.00109834,2.88207,0.000922188,0.000156589,0.000171914,0.000111047,-5.90993e-05,29.9792,0.0375997
2024-12-31 00:00:00+00:00,0.00577684,1.06015,1.14217,0.0702306,-7.04187e-05,2.97322,0.000951698,0.000138917,0.000154465,8.45119e-05,0.00694768,30,0.0382624
2025-01-01 00:00:00+00:00,-0.011778,1.04767,0.945684,0.0792192,-0.00529933,2.15574,0.000689805,0.000100436,9.55725e-05,1.52346e-05,-0.0109254,30,0.0377226
2025-01-02 00:00:00+00:00,-0.00494567,1.04249,1.14211,0.0870088,-0.010374,1.81537,0.000580987,0.000115853,9.07746e-05,8.46538e-05,-0.00421382,30,0.0366912
2025-01-03 00:00:00+00:00,-0.00305585,1.0393,1.15376,0.133294,0.00888775,1.95192,0.000624746,0.000110656,0.000107739,0.000216096,-0.00237971,29.9896,0.0348868
2025-01-04 00:00:00+00:00,0.00837008,1.048,0.985339,0.0778312,0.00165695,2.18112,0.000698233,9.00435e-05,0.000130654,0.000212732,0.00907131,30,0.0343968
2025-01-05 00:00:00+00:00,0.00069499,1.04873,1.17544,0.154727,0.0137553,1.38684,0.000443834,5.68892e-05,6.61491e-05,0.000173768,0.00110127,30,0.0346393
2025-01-06 00:00:00+00:00,-0.00197436,1.04666,1.3003,0.145832,0.0197212,1.68569,0.00053973,8.5759e-05,0.000128369,0.00023567,-0.00140241,29.8125,0.0337067
2025-01-07 00:00:00+00:00,0.00917125,1.05626,1.12529,0.0753064,-0.0122143,2.09509,0.000670616,9.35448e-05,0.000102441,0.000245275,0.00979296,30,0.0331105
2025-01-08 00:00:00+00:00,0.00626947,1.06288,1.02059,0.0450258,0.0112912,1.7741,0.000567811,9.95092e-05,0.000128493,0.000445409,0.00662024,30,0.0322591
2025-01-09 00:00:00+00:00,-0.00265837,1.06005,0.870002,0.0713953,0.00313899,1.81155,0.000579798,0.000138456,0.000142945,7.96429e-05,-0.0018599,30,0.0317286
2025-01-10 00:00:00+00:00,0.00548607,1.06587,1.01215,0.112168,-0.0117344,1.4478,0.000463376,7.90964e-05,0.000131097,0.000235516,0.00594316,30,0.0324519
2025-01-11 00:00:00+00:00,-0.00500633,1.06053,1.04741,0.102776,-0.00506517,1.40666,0.00045009,6.45187e-05,7.91389e-05,3.25168e-06,-0.00440261,30,0.0319097
2025-01-12 00:00:00+00:00,0.0103044,1.07146,0.8331,0.124228,-0.00275844,0.9062,0.000290055,3.96006e-05,5.01413e-05,0.000123701,0.0105215,30,0.0319103
2025-01-13 00:00:00+00:00,-0.00220793,1.06909,0.496208,0.0330297,0.00182052,4.82508,0.00154402,0.000265435,0.000341778,0.000229017,-0.000248105,29.9062,0.0336485
2025-01-14 00:00:00+00:00,-0.0138458,1.05429,0.666261,0.0577375,-0.0189311,1.79631,0.000574822,8.87711e-05,0.000174417,0.000406363,-0.0134787,29.75,0.0329053
2025-01-15 00:00:00+00:00,-0.00225269,1.05192,0.778325,0.106615,-0.00410255,1.82544,0.000584264,7.36327e-05,0.000125,0.000376254,-0.00179842,29.1875,0.0321464
2025-01-16 00:00:00+00:00,-0.00967787,1.04174,0.659345,0.078399,0.000586034,2.25915,0.000722948,9.31148e-05,0.000121579,0.000129573,-0.00887145,28.4375,0.0314756
2025-01-17 00:00:00+00:00,0.00712503,1.04916,0.825037,0.0956061,0.000740238,3.36142,0.00107589,0.000152276,0.000217119,0.000614737,0.00797432,28.875,0.0319037
2025-01-18 00:00:00+00:00,-0.014522,1.03392,0.693862,0.046423,0.00803071,3.26012,0.00104321,0.00013518,0.000231442,0.000982335,-0.0141411,28.9896,0.0318566
2025-01-19 00:00:00+00:00,0.00187137,1.03586,0.805739,0.0734909,-0.00335388,2.65496,0.000849875,0.000110756,0.000194396,-9.91843e-05,0.00320652,29.6979,0.0304415
2025-01-20 00:00:00+00:00,0.0018449,1.03777,0.885479,0.0234078,0.00834244,2.79423,0.00089444,0.000156508,0.000242271,0.000100714,0.00309466,29.9896,0.030233
2025-01-21 00:00:00+00:00,0.0226081,1.06123,0.882196,0.0216546,-0.0101548,1.88052,0.000601965,0.00015115,0.000165963,7.49284e-05,0.0232515,30,0.0314898
2025-01-22 00:00:00+00:00,-0.00675261,1.05406,0.903181,0.0562247,-0.0101522,0.717606,0.000229635,7.32794e-05,5.2647e-05,0.000109645,-0.00647797,30,0.0317635
2025-01-23 00:00:00+00:00,-0.00716646,1.04651,0.838943,0.0523416,-0.00667498,1.30454,0.000417499,0.000139006,0.000100204,9.81735e-05,-0.00649194,30,0.0318459
2025-01-24 00:00:00+00:00,0.0108437,1.05786,0.913883,0.0475781,-0.00203206,1.8921,0.000605663,0.000171046,0.000151126,-2.06774e-05,0.0117565,30,0.0325872
2025-01-25 00:00:00+00:00,-0.00482748,1.05275,0.947151,0.0414763,-0.00778177,0.918782,0.000294003,8.82814e-05,6.03803e-05,5.9851e-05,-0.00443445,29.9792,0.0331552
2025-01-26 00:00:00+00:00,-0.00587459,1.04657,0.925507,0.0422946,-0.00955258,0.326235,0.000104394,3.31799e-05,1.73712e-05,3.59433e-05,-0.00575575,30,0.0328808
2025-01-27 00:00:00+00:00,-0.00210428,1.04436,0.938272,0.0432632,-0.00483389,1.09138,0.000349385,0.000134803,0.00010564,7.56088e-07,-0.00147671,29.9792,0.0315795
2025-01-28 00:00:00+00:00,-0.00043539,1.04391,0.971164,0.0627125,-0.00125827,1.09587,0.000350735,9.32252e-05,8.34462e-05,5.65957e-05,5.41483e-05,30,0.0310782
2025-01-29 00:00:00+00:00,-0.0114534,1.03195,0.887724,0.0752008,0.00353118,0.782743,0.000250464,7.57686e-05,5.87197e-05,1.7915e-05,-0.0110905,30,0.0296172
2025-01-30 00:00:00+00:00,0.00750359,1.0397,0.928088,0.0582654,-0.000783979,0.856619,0.000274157,6.33185e-05,7.07913e-05,-1.6714e-05,0.00791401,29.9896,0.0291496
2025-01-31 00:00:00+00:00,-0.000134478,1.03956,0.884326,0.0729929,-0.00115954,0.606716,0.000194187,6.67071e-05,4.26261e-05,-2.08116e-05,0.0002052,30,0.0294348
2025-02-01 00:00:00+00:00,0.0070133,1.04685,0.939704,0.069053,-0.000177907,1.11638,0.000357299,0.000141678,8.87615e-05,2.57805e-05,0.00755919,30,0.0308406
2025-02-02 00:00:00+00:00,-0.0101277,1.03625,0.875791,0.0488872,-0.0075958,0.932757,0.000298558,7.50929e-05,6.42441e-05,1.43231e-05,-0.00970839,29.9896,0.0315386
2025-02-03 00:00:00+00:00,0.00123674,1.03753,0.68471,0.0371476,-0.000992546,2.74556,0.000878801,0.000198559,0.000274916,7.4972e-05,0.00260127,29.6354,0.0306996
2025-02-04 00:00:00+00:00,0.00841691,1.04626,0.845562,0.150442,0.00554537,2.14778,0.00068737,0.000163699,0.000226832,5.0382e-05,0.00946782,29.9896,0.032396
2025-02-05 00:00:00+00:00,0.0100653,1.05679,0.870534,0.154503,0.00638277,1.91706,0.000613618,0.00010508,0.000184898,-7.88679e-05,0.0110217,30,0.0327833
2025-02-06 00:00:00+00:00,-0.00128114,1.05544,0.802974,0.0386522,-0.00285481,3.67512,0.00117608,0.000203241,0.000272113,-7.19998e-05,0.000454242,29.75,0.0332001
2025-02-07 00:00:00+00:00,0.00411933,1.05979,0.770242,0.0824932,0.0043556,2.17719,0.00069679,0.000109448,0.000159433,-5.2031e-06,0.00510297,29,0.0323739
2025-02-08 00:00:00+00:00,0.000571284,1.06039,0.674063,0.0962619,0.00346032,1.20241,0.000384814,5.76281e-05,7.34905e-05,2.42721e-05,0.00107278,29,0.0303192
2025-02-09 00:00:00+00:00,0.00556533,1.06629,0.698021,0.103922,0.00109494,1.11736,0.000357597,5.63145e-05,7.19328e-05,0.000117926,0.00592977,29,0.0297
2025-02-10 00:00:00+00:00,-0.00923925,1.05644,0.939409,0.102377,-0.0138781,0.967288,0.000309567,4.14383e-05,5.91689e-05,9.09494e-05,-0.00893888,29.9896,0.0298054
2025-02-11 00:00:00+00:00,-0.00921005,1.04671,0.827865,0.118432,-0.011776,0.820355,0.000262514,3.35185e-05,5.48861e-05,8.6746e-05,-0.00896483,30,0.0286599
2025-02-12 00:00:00+00:00,0.00447246,1.05139,0.823313,0.134014,-0.00242585,1.55616,0.000497979,6.48198e-05,0.000114425,-2.91334e-06,0.00516016,30,0.029477
2025-02-13 00:00:00+00:00,0.000314939,1.05172,0.874845,0.185952,0.000940634,0.98276,0.000314523,4.67939e-05,6.10547e-05,0.00010558,0.000654307,30,0.0287273
2025-02-14 00:00:00+00:00,-0.0169917,1.03385,0.917925,0.190717,0.0046896,0.841031,0.00026917,5.37197e-05,5.02822e-05,9.69827e-05,-0.0168266,30,0.0278246
2025-02-15 00:00:00+00:00,0.00585688,1.03991,0.906615,0.0888342,-0.00318306,0.775929,0.000248336,5.88933e-05,4.84798e-05,0.000146961,0.00605713,29.9062,0.0276015
2025-02-16 00:00:00+00:00,-0.000351055,1.03954,0.876772,0.0392252,-0.0128101,0.362556,0.000116018,4.30097e-05,3.20603e-05,0.000237466,-0.000387121,30,0.0275373
2025-02-17 00:00:00+00:00,-0.00128147,1.03821,0.762976,0.106431,0.00242102,0.38752,0.000123998,4.87341e-05,3.04881e-05,0.000107084,-0.00117575,28.4896,0.0254441
2025-02-18 00:00:00+00:00,-0.00172888,1.03642,0.716224,0.0997686,0.00109906,0.433803,0.000138824,5.21914e-05,3.05074e-05,-4.69364e-05,-0.00144624,29.3438,0.0251655
2025-02-19 00:00:00+00:00,0.00455995,1.04114,0.675429,0.0838776,0.00880976,0.638363,0.000204301,4.22279e-05,3.49676e-05,4.22832e-05,0.00479682,30,0.0252414
2025-02-20 00:00:00+00:00,-0.0101815,1.03054,0.702566,0.0925711,-0.00789514,0.274601,8.78642e-05,2.81308e-05,1.5552e-05,8.46869e-05,-0.0101731,30,0.0249581
2025-02-21 00:00:00+00:00,0.00537312,1.03608,0.71954,0.087615,-0.0156788,0.260114,8.32484e-05,1.65657e-05,1.366e-05,0.000134652,0.00534903,30,0.022171
2025-02-22 00:00:00+00:00,-0.00833982,1.02744,0.669905,0.0944839,-0.0126425,0.20903,6.68954e-05,1.60124e-05,1.45289e-05,4.29664e-05,-0.0082926,30,0.0202816
2025-02-23 00:00:00+00:00,0.00718197,1.03482,0.604662,0.0852023,-0.00832435,0.261872,8.38145e-05,1.37576e-05,2.2067e-05,4.12521e-05,0.00723964,30,0.0207354
2025-02-24 00:00:00+00:00,-0.00108966,1.03369,0.60367,0.110487,-0.0200559,0.525254,0.000168078,2.95904e-05,4.92258e-05,9.2699e-05,-0.00091531,27.8438,0.0207064
2025-02-25 00:00:00+00:00,-0.0046744,1.02886,0.55921,0.0793891,-0.00353181,0.348283,0.000111474,3.3323e-05,3.08678e-05,1.07381e-05,-0.00449276,29.5104,0.0198008
2025-02-26 00:00:00+00:00,-0.0202298,1.00804,0.582044,0.0733518,-0.00730098,0.208274,6.6654e-05,9.89656e-06,1.88199e-05,2.49643e-05,-0.020349,29.8229,0.0186429
2025-02-27 00:00:00+00:00,0.0036526,1.01173,0.569328,0.0814909,0.00577049,0.210171,6.72616e-05,1.24818e-05,1.74174e-05,2.28587e-05,0.00373026,30,0.016821
2025-02-28 00:00:00+00:00,-0.00890394,1.00272,0.529771,0.0502311,0.000155909,0.294846,9.43618e-05,2.06769e-05,2.43658e-05,2.98257e-05,-0.0088045,30,0.0157043
2025-03-01 00:00:00+00:00,-0.000718087,1.002,0.498234,0.0501524,0.00533692,0.162696,5.20745e-05,1.28503e-05,1.09306e-05,8.25796e-05,-0.000715682,30,0.0142608
2025-03-02 00:00:00+00:00,0.00287623,1.00488,0.467633,0.0498362,-0.00164711,0.250332,8.01476e-05,2.55043e-05,1.84406e-05,1.39055e-05,0.00300234,30,0.014624
2025-03-03 00:00:00+00:00,0.00510571,1.01001,0.391028,0.0486593,-0.000989055,0.2764,8.84662e-05,2.08706e-05,2.31153e-05,2.22338e-05,0.0052131,27.5417,0.0148782
2025-03-04 00:00:00+00:00,-0.00216525,1.00782,0.282946,0.0286384,0.00153001,0.253303,8.10632e-05,1.48009e-05,1.85631e-05,-9.00519e-06,-0.0020383,27.875,0.0147759
2025-03-05 00:00:00+00:00,-0.00249437,1.00531,0.284429,0.0290413,-0.00283285,0.0626961,2.00627e-05,2.92293e-06,4.2235e-06,-1.91378e-06,-0.00246342,28,0.0139161
2025-03-06 00:00:00+00:00,0.00169117,1.00701,0.296699,0.0330825,0.00168493,0.113869,3.64425e-05,9.44002e-06,6.7078e-06,-8.43184e-06,0.00175719,28,0.0134165
2025-03-07 00:00:00+00:00,-0.00278419,1.00421,0.24597,0.0296471,0.00445237,0.121092,3.87514e-05,1.39583e-05,9.18614e-06,5.39889e-06,-0.00272467,27.4896,0.0139066
2025-03-08 00:00:00+00:00,0.00208177,1.0063,0.222705,0.0296144,0.00134311,0.129678,4.15018e-05,5.68482e-06,9.69469e-06,9.47639e-06,0.00212915,27,0.0135744
2025-03-09 00:00:00+00:00,-0.0015206,1.00477,0.211819,0.024463,-0.00209217,0.023187,7.42081e-06,1.05871e-06,1.66121e-06,1.33969e-05,-0.001523,27,0.0130481
2025-03-10 00:00:00+00:00,0.000100965,1.00487,0.217093,0.0186714,-0.00664207,0.105895,3.3885e-05,7.27199e-06,8.2568e-06,1.05646e-05,0.000144015,26.2188,0.0127094
2025-03-11 00:00:00+00:00,0.00415582,1.00904,0.22345,0.01849,-0.00171242,0.114303,3.65826e-05,6.81128e-06,1.10898e-05,2.13138e-05,0.0041843,27.6458,0.0126996
2025-03-12 00:00:00+00:00,0.000930888,1.00998,0.227391,0.0244856,-0.00222103,0.0873264,2.79464e-05,3.87686e-06,8.04535e-06,1.72469e-05,0.000955458,28.3021,0.0135183
2025-03-13 00:00:00+00:00,0.00341849,1.01343,0.226968,0.0229526,-0.0035182,0.134907,4.31737e-05,5.72167e-06,1.42934e-05,1.54036e-05,0.00346249,29,0.0127753
2025-03-14 00:00:00+00:00,0.000802302,1.01425,0.231903,0.0111959,-0.00930051,0.0974137,3.11746e-05,4.08384e-06,8.2505e-06,2.0457e-05,0.000830405,29,0.0137498
2025-03-15 00:00:00+00:00,-0.0018312,1.01239,0.230389,0.0147797,-0.0124335,0.0220264,7.04866e-06,8.81082e-07,1.46693e-06,3.75838e-05,-0.00185839,29,0.0139846
2025-03-16 00:00:00+00:00,-0.00423815,1.0081,0.233366,0.0137664,-0.0138509,0.0303768,9.72135e-06,1.21517e-06,2.12828e-06,0.000130271,-0.0043597,29,0.0133791
2025-03-17 00:00:00+00:00,-0.00878956,0.999239,0.212778,0.0319407,0.0019903,0.112051,3.58643e-05,6.51041e-06,1.04518e-05,0.000473394,-0.00924456,27.9896,0.0116924
2025-03-18 00:00:00+00:00,-0.000204927,0.999035,0.201397,0.0259806,-0.00480247,0.0532893,1.70532e-05,2.13164e-06,4.03877e-06,1.37445e-05,-0.000193721,28,0.011893
2025-03-19 00:00:00+00:00,-0.00209018,0.996946,0.217721,0.0368472,-0.0109964,0.0414029,1.32494e-05,1.65618e-06,2.70046e-06,4.37243e-05,-0.00211555,28,0.0131681
2025-03-20 00:00:00+00:00,0.00107805,0.998021,0.222045,0.0449736,-0.00380834,0.02569,8.22149e-06,1.02769e-06,2.46681e-06,1.27593e-05,0.00107792,28,0.0138983
2025-03-21 00:00:00+00:00,0.00108469,0.999104,0.224815,0.0370157,-0.00609028,0.0307489,9.84021e-06,1.23003e-06,2.11125e-06,7.77254e-06,0.00109122,28,0.0137995
2025-03-22 00:00:00+00:00,-0.00304924,0.996057,0.232948,0.0269504,-0.0229947,0.00749533,2.3992e-06,2.999e-07,5.52355e-07,1.1004e-05,-0.00305725,28,0.0118511
2025-03-23 00:00:00+00:00,-0.00302494,0.993044,0.229827,0.0320237,-0.0184043,0.00618365,1.97925e-06,2.47406e-07,4.43519e-07,1.3662e-05,-0.00303805,28,0.0126767
2025-03-24 00:00:00+00:00,-0.00475675,0.988321,0.236249,0.0330879,-0.0174426,0.075284,2.40935e-05,7.18397e-06,6.22463e-06,0.000117149,-0.00484109,27.6771,0.0118905
2025-03-25 00:00:00+00:00,0.000147895,0.988467,0.229661,0.0375576,-0.00767541,0.037634,1.2044e-05,2.3344e-06,3.1127e-06,7.08355e-05,9.78527e-05,27.9688,0.0110516
2025-03-26 00:00:00+00:00,8.91136e-05,0.988555,0.223516,0.0444884,0.00167592,0.00849406,2.71831e-06,3.39789e-07,1.14128e-06,3.71512e-05,5.71059e-05,28,0.009852
2025-03-27 00:00:00+00:00,-0.000341002,0.988218,0.218985,0.0441813,-0.000528633,0.00828014,2.64964e-06,3.31205e-07,7.96169e-07,1.53123e-05,-0.000351329,28,0.00941343
2025-03-28 00:00:00+00:00,0.00267673,0.990863,0.212813,0.0292994,-0.0136127,0.039641,1.26855e-05,1.58568e-06,1.95669e-06,-3.82059e-05,0.00272902,28,0.0103952
2025-03-29 00:00:00+00:00,0.00163576,0.992484,0.210671,0.023798,-0.0154813,0.0245973,7.87212e-06,2.63092e-06,2.14787e-06,-9.30823e-06,0.00165891,28,0.010237
2025-03-30 00:00:00+00:00,-0.000666775,0.991822,0.205235,0.0279076,-0.01548,0.0155454,4.97536e-06,6.2192e-07,1.39726e-06,3.06611e-05,-0.000688887,28,0.0084813
2025-03-31 00:00:00+00:00,0.00303483,0.994832,0.190923,0.0384508,-0.00367176,0.0152477,4.87987e-06,6.09983e-07,1.61444e-06,8.6604e-07,0.00303827,27,0.00810173
2025-04-01 00:00:00+00:00,-0.000171612,0.994661,0.190965,0.0445291,0.00154579,0.00874116,2.79696e-06,3.49621e-07,8.57855e-07,2.07336e-05,-0.000187149,27,0.00871179
2025-04-02 00:00:00+00:00,-0.000853637,0.993812,0.191263,0.044871,0.00125338,0.00226085,7.23446e-07,9.04307e-08,2.38641e-07,7.01839e-06,-0.000858005,26.5729,0.00895089
2025-04-03 00:00:00+00:00,-0.000523278,0.993292,0.184048,0.0433211,0.00762095,0.00709758,2.27097e-06,2.83871e-07,1.61063e-06,-0.000445304,-7.24406e-05,25,0.00817703
2025-04-04 00:00:00+00:00,0.000217858,0.993508,0.181126,0.0441985,0.0068361,0.0215108,6.8839e-06,8.60487e-07,2.19083e-06,-0.000260744,0.000490037,25.5312,0.007623
2025-04-05 00:00:00+00:00,3.44195e-05,0.993543,0.177241,0.040368,-3.58255e-06,0.0022182,7.09872e-07,8.8734e-08,2.28241e-07,1.55931e-05,2.07498e-05,26,0.00729839
2025-04-06 00:00:00+00:00,-0.000421576,0.993124,0.17203,0.0394793,0.000122543,0,0,0,0,1.59435e-05,-0.000436228,26,0.00788332
2025-04-07 00:00:00+00:00,-0.001194,0.991938,0.152357,0.0428556,0.0118152,0.0138848,4.44218e-06,1.4977e-06,9.98208e-07,7.34387e-06,-0.00119261,23.2292,0.00646777
2025-04-08 00:00:00+00:00,-0.000167724,0.991772,0.160114,0.0384663,0.00877229,0,0,0,0,1.04504e-05,-0.000177223,24,0.00616066
2025-04-09 00:00:00+00:00,-0.00185247,0.989934,0.16258,0.0353599,0.00672736,0.00212273,6.79293e-07,8.49116e-08,2.02031e-07,4.63251e-06,-0.001856,24,0.00636304
2025-04-10 00:00:00+00:00,-0.00106104,0.988884,0.169649,0.0348537,0.00451336,0,0,0,0,-5.06951e-06,-0.00105548,24,0.00765863
2025-04-11 00:00:00+00:00,-0.0023455,0.986565,0.176133,0.0324109,0.00306254,0.00783927,2.50875e-06,3.13594e-07,8.88708e-07,-0.000352607,-0.00199008,24.8229,0.00600264
2025-04-12 00:00:00+00:00,0.00101723,0.987568,0.180265,0.0359979,0.00548108,0.00686788,2.19791e-06,2.74738e-07,6.83082e-07,-0.000234216,0.00125592,25,0.00706596
2025-04-13 00:00:00+00:00,0.000858972,0.988417,0.18009,0.038205,0.0096793,0.00502576,1.60841e-06,2.01051e-07,6.73971e-07,-4.92468e-05,0.000912764,25,0.00844732
2025-04-14 00:00:00+00:00,-0.00166931,0.986767,0.179255,0.0373243,0.00753343,0.0186228,5.96013e-06,1.55949e-06,1.48665e-06,-0.000176179,-0.00148383,22,0.0089227
2025-04-15 00:00:00+00:00,0.00225253,0.988989,0.173344,0.0328351,0.00214631,0.0445867,1.42683e-05,1.78354e-06,3.5026e-06,-2.56625e-05,0.00229699,23.3854,0.0101963
2025-04-16 00:00:00+00:00,0.00121964,0.990195,0.180812,0.023246,-0.00613007,0.0478339,1.53065e-05,1.91331e-06,3.7394e-06,-3.38879e-05,0.00127523,25,0.0103861
2025-04-17 00:00:00+00:00,0.00135184,0.991534,0.185629,0.0313698,0.00146442,0.007617,2.43739e-06,3.04674e-07,7.51052e-07,6.46378e-05,0.00129091,25,0.0100995
2025-04-18 00:00:00+00:00,0.0004067,0.991937,0.178274,0.0338091,0.00480163,0.00856896,2.74233e-06,3.42792e-07,1.03692e-06,-1.69198e-06,0.000413739,25,0.0105266
2025-04-19 00:00:00+00:00,-0.00127275,0.990675,0.190382,0.0237367,-0.00696751,0.0123018,3.93631e-06,4.92039e-07,5.08105e-07,6.09302e-06,-0.00127404,25.8542,0.0109495
2025-04-20 00:00:00+00:00,-0.00123917,0.989447,0.190436,0.0167629,-0.0156202,0.00388393,1.24293e-06,1.55366e-07,2.96033e-07,7.98781e-06,-0.00124532,26,0.00976482
2025-04-21 00:00:00+00:00,0.00166498,0.991095,0.190873,0.0432873,0.00861772,0.0444279,1.42173e-05,2.56581e-06,4.78847e-06,0.000423758,0.00126274,25.5729,0.00936484
2025-04-22 00:00:00+00:00,-0.000345898,0.990752,0.189481,0.037916,0.00300451,0.00863731,2.76439e-06,3.45549e-07,6.31387e-07,6.52675e-05,-0.000406105,25,0.00857542
2025-04-23 00:00:00+00:00,-0.0077181,0.983105,0.198404,0.037894,-0.00239092,0.0196545,6.27972e-06,7.84965e-07,3.13027e-06,2.92841e-05,-0.00775719,25.3646,0.00789542
2025-04-24 00:00:00+00:00,-0.000954447,0.982167,0.191236,0.0436236,0.00293636,0.00908862,2.90842e-06,3.63552e-07,7.62115e-07,3.36903e-05,-0.000982748,26,0.00774095
2025-04-25 00:00:00+00:00,0.000874576,0.983026,0.189023,0.0497086,0.00792036,0.0183716,5.87972e-06,7.34965e-07,2.33243e-06,-4.8713e-05,0.000933704,26,0.00838778
2025-04-26 00:00:00+00:00,0.000685126,0.983699,0.19082,0.0476943,0.00294161,0.010239,3.27663e-06,4.09579e-07,1.12735e-06,2.38582e-05,0.000667474,26,0.00791468
2025-04-27 00:00:00+00:00,-0.00045497,0.983252,0.190359,0.0462138,-0.0010195,0.00699002,2.23671e-06,2.79589e-07,6.9194e-07,1.38652e-05,-0.000464878,26,0.00825899
2025-04-28 00:00:00+00:00,0.000314794,0.983561,0.186782,0.0365832,-0.00741806,0.0268315,8.58638e-06,1.73624e-06,3.23347e-06,0.000179878,0.000149225,23.5208,0.00890057
2025-04-29 00:00:00+00:00,-0.00193144,0.981661,0.197932,0.034931,-0.00749671,0.0252053,8.06793e-06,1.00849e-06,3.36098e-06,0.000170555,-0.00208871,24,0.0096169
2025-04-30 00:00:00+00:00,-0.00802218,0.973786,0.198926,0.0301733,-0.0169265,0.0233634,7.47286e-06,9.34107e-07,2.81062e-06,0.000498132,-0.00853367,24,0.00730888
2025-05-01 00:00:00+00:00,0.00240383,0.976127,0.191823,0.0404021,-0.00266008,0.00688314,2.20282e-06,2.75353e-07,8.01757e-07,2.5612e-05,0.00237933,24,0.00677851
2025-05-02 00:00:00+00:00,0.0014319,0.977525,0.191707,0.0422969,0.00387509,0.00768566,2.45934e-06,3.07417e-07,5.61266e-07,1.8159e-05,0.00141659,24,0.00763274
2025-05-03 00:00:00+00:00,-0.000277535,0.977254,0.193011,0.03955,0.00135085,0.0048791,1.56124e-06,1.95155e-07,2.67556e-07,-8.1071e-05,-0.000193623,24,0.00842093
2025-05-04 00:00:00+00:00,4.41396e-05,0.977297,0.191444,0.0419002,0.001555,0.00251912,8.06062e-07,1.00758e-07,1.35296e-07,-3.77137e-05,8.37162e-05,24,0.00971517
2025-05-05 00:00:00+00:00,0.00289325,0.980124,0.190961,0.0437262,0.00131563,0.0107933,3.45397e-06,4.31746e-07,7.28518e-07,1.47911e-05,0.00287956,25,0.00909503
2025-05-06 00:00:00+00:00,0.000110025,0.980232,0.194018,0.0541105,0.00960474,0.0316003,1.01129e-05,1.26412e-06,2.65836e-06,0.000898519,-0.000772722,25.4896,0.00848973
2025-05-07 00:00:00+00:00,0.000170531,0.980399,0.195121,0.0542807,0.00440679,0.0323109,1.03402e-05,1.29253e-06,3.3862e-06,0.000361025,-0.00017408,26,0.00987713
2025-05-08 00:00:00+00:00,0.000328627,0.980722,0.218984,0.0421067,-0.00710089,0.0247452,7.91892e-06,9.89864e-07,1.83371e-06,0.000154632,0.000186835,26,0.0100523
2025-05-09 00:00:00+00:00,0.000510438,0.981222,0.222048,0.044659,-0.0100632,0.0246657,7.89451e-06,2.14655e-06,1.882e-06,5.30944e-05,0.000472982,26,0.0101466
2025-05-10 00:00:00+00:00,-0.00212455,0.979137,0.218122,0.0464947,-0.00807432,0.0229477,7.34429e-06,9.18036e-07,2.83193e-06,6.04921e-06,-0.0021185,26,0.0103748
2025-05-11 00:00:00+00:00,0.000333187,0.979464,0.219117,0.0494769,-0.00753934,0.041067,1.31427e-05,1.64283e-06,4.23412e-06,8.45091e-06,0.000346506,26,0.0116064
2025-05-12 00:00:00+00:00,-0.00152682,0.977968,0.216366,0.0628253,-0.00279415,0.0935128,2.99245e-05,6.25586e-06,1.25315e-05,2.28144e-05,-0.00149844,25,0.0113664
2025-05-13 00:00:00+00:00,0.000937182,0.978885,0.220047,0.0545086,-0.00700731,0.0875525,2.80165e-05,6.10219e-06,7.02099e-06,-3.19696e-05,0.00101431,25.5729,0.0123147
2025-05-14 00:00:00+00:00,0.00454823,0.983337,0.230119,0.0597903,-0.00140394,0.122498,3.92034e-05,6.82794e-06,7.8331e-06,2.65444e-05,0.00456809,26.4479,0.0140459
2025-05-15 00:00:00+00:00,0.00337066,0.986651,0.23157,0.0623854,-0.00511212,0.106421,3.40583e-05,1.08117e-05,6.07709e-06,-1.25576e-05,0.00343068,27,0.0163592
2025-05-16 00:00:00+00:00,0.00558536,0.992162,0.238174,0.0499948,-0.00483116,0.153455,4.9109e-05,1.51443e-05,1.26457e-05,-3.83429e-05,0.00568819,27.5,0.016745
2025-05-17 00:00:00+00:00,0.000695322,0.992852,0.288179,0.0626157,-0.000212517,0.180383,5.77236e-05,1.39681e-05,8.66413e-06,5.40528e-05,0.000723319,28,0.0183208
2025-05-18 00:00:00+00:00,0.000187915,0.993039,0.312277,0.0602216,-0.00903823,0.0662324,2.11976e-05,9.40818e-06,3.25748e-06,3.11291e-05,0.000194321,28,0.0168779
2025-05-19 00:00:00+00:00,-0.000936426,0.992109,0.332244,0.0499716,-0.00836197,0.19913,6.3722e-05,1.29919e-05,1.38864e-05,-4.83882e-06,-0.000837001,27,0.0172635
2025-05-20 00:00:00+00:00,-0.00243094,0.989697,0.361841,0.0448529,-0.00342646,0.125433,4.01365e-05,5.01706e-06,6.28354e-06,2.00616e-05,-0.00239829,26.0833,0.016078
2025-05-21 00:00:00+00:00,0.00017682,0.989872,0.362926,0.0508154,-0.00325308,0.214977,6.88013e-05,1.17301e-05,1.2172e-05,-3.00505e-06,0.000279685,26.6562,0.0170502
2025-05-22 00:00:00+00:00,-0.00183427,0.988056,0.41388,0.07574,-0.00633047,0.341616,0.000109329,1.83453e-05,1.78425e-05,2.4938e-05,-0.00170562,28,0.0184368
2025-05-23 00:00:00+00:00,0.00201344,0.990046,0.39226,0.0712643,-0.00660274,0.160341,5.13096e-05,7.13038e-06,9.84294e-06,-2.86131e-05,0.00211627,27.9479,0.0178239
2025-05-24 00:00:00+00:00,-0.00116692,0.98889,0.410127,0.0544236,-0.00100737,0.16295,5.21467e-05,7.67611e-06,9.09671e-06,-6.28288e-05,-0.00103131,28.5729,0.0177686
2025-05-25 00:00:00+00:00,0.00265999,0.991521,0.390769,0.0485731,-0.00964568,0.0907726,2.90514e-05,3.63143e-06,5.82109e-06,-0.000127281,0.00282854,29,0.0174297
2025-05-26 00:00:00+00:00,0.00249368,0.993993,0.346657,0.0694603,-0.00207761,0.135374,4.33238e-05,7.90032e-06,1.60122e-05,-5.24601e-05,0.00261245,25,0.0183277
2025-05-27 00:00:00+00:00,-0.00588022,0.988149,0.342697,0.0578223,-0.0126444,0.0516345,1.65275e-05,3.239e-06,2.37159e-06,-2.11731e-05,-0.00584808,25,0.0178546
2025-05-28 00:00:00+00:00,0.00426293,0.992361,0.336442,0.0597232,-0.00781332,0.117823,3.77077e-05,4.81461e-06,5.58459e-06,-5.0218e-05,0.00435476,25.4896,0.0184647
2025-05-29 00:00:00+00:00,0.00192668,0.994273,0.356138,0.0636035,-0.0081287,0.156372,5.00393e-05,6.90044e-06,7.48466e-06,-3.73756e-05,0.00203025,26,0.0201838
2025-05-30 00:00:00+00:00,0.00534791,0.99959,0.399006,0.0639497,-0.00105214,0.363358,0.000116294,1.85357e-05,2.46527e-05,-3.18733e-08,0.00549948,26.4271,0.0207762
2025-05-31 00:00:00+00:00,0.0037364,1.00333,0.442604,0.056764,-0.00788911,0.268604,8.59593e-05,1.8695e-05,1.68944e-05,-4.95108e-05,0.00390769,27,0.0208832
2025-06-01 00:00:00+00:00,-0.00100649,1.00232,0.427878,0.0762367,-0.010539,0.063769,2.04089e-05,1.05553e-05,3.24204e-06,-2.87403e-05,-0.000941191,27,0.0210222
2025-06-02 00:00:00+00:00,0.00506661,1.00739,0.397989,0.0695319,-0.0043161,0.21466,6.87033e-05,1.84833e-05,1.64379e-05,-1.17989e-05,0.00517226,26.9375,0.0212384
2025-06-03 00:00:00+00:00,0.00132764,1.00873,0.400595,0.0588424,-0.00947429,0.152042,4.86551e-05,1.47308e-05,1.05526e-05,1.88375e-05,0.00138608,27,0.0205115
2025-06-04 00:00:00+00:00,-0.00841032,1.00025,0.422621,0.0481709,-0.0120315,0.209039,6.68884e-05,1.01584e-05,1.31873e-05,-0.000551151,-0.00779382,26.9479,0.0199341
2025-06-05 00:00:00+00:00,-0.000282889,0.999964,0.417315,0.0598327,-0.0101865,0.296552,9.49094e-05,1.61722e-05,2.04002e-05,-0.000151544,2.13955e-05,27,0.0204896
2025-06-06 00:00:00+00:00,0.003104,1.00307,0.417834,0.0687564,-0.00154897,0.286639,9.17334e-05,1.87931e-05,1.84767e-05,-7.45688e-05,0.00331015,27.6042,0.0209334
2025-06-07 00:00:00+00:00,0.00405687,1.00714,0.436707,0.0481726,-0.00705277,0.19787,6.33185e-05,1.80462e-05,1.15089e-05,-5.22076e-05,0.00419718,28,0.0202036
2025-06-08 00:00:00+00:00,0.00232586,1.00948,0.447884,0.0314822,-0.0209423,0.100182,3.20616e-05,7.01963e-06,4.91958e-06,-0.000196938,0.00256772,28.8229,0.0202327
2025-06-09 00:00:00+00:00,0.00158214,1.01108,0.454624,0.0582255,-0.00815513,0.304955,9.75907e-05,1.49822e-05,2.471e-05,0.000141491,0.00158117,29,0.0213006
2025-06-10 00:00:00+00:00,-0.000169627,1.01091,0.45337,0.0425431,-0.012665,0.269459,8.62254e-05,1.6886e-05,1.22349e-05,0.000187948,-0.000233715,29.4271,0.0204472
2025-06-11 00:00:00+00:00,0.00456335,1.01552,0.433125,0.0338457,-0.00934003,0.284947,9.11992e-05,1.8807e-05,1.39679e-05,-5.51122e-05,0.00473703,30,0.0210252
2025-06-12 00:00:00+00:00,0.00611494,1.02173,0.445522,0.0324136,-0.0116309,0.330112,0.000105659,2.17526e-05,2.06891e-05,-9.76076e-05,0.00635023,30,0.0211664
2025-06-13 00:00:00+00:00,0.00120006,1.02295,0.436095,0.0346494,-0.00982415,0.305671,9.78198e-05,1.36848e-05,2.23229e-05,-8.89082e-05,0.00142899,30,0.0214619
2025-06-14 00:00:00+00:00,0.00450979,1.02757,0.43948,0.0486947,-0.00043433,0.112932,3.61405e-05,4.92211e-06,7.08969e-06,-0.00010621,0.00465626,30,0.021644
2025-06-15 00:00:00+00:00,0.00141699,1.02902,0.443926,0.041172,-0.0142884,0.312712,0.000100079,1.38978e-05,1.54787e-05,-7.28916e-05,0.00162167,30,0.0225319
2025-06-16 00:00:00+00:00,0.00646352,1.03568,0.486597,0.0382027,-0.013064,0.616821,0.000197437,7.23778e-05,5.71873e-05,0.000256021,0.00652608,29.5625,0.0234194
2025-06-17 00:00:00+00:00,0.00882669,1.04482,0.542789,0.0391027,-0.0104882,0.659283,0.000210999,5.21018e-05,4.49772e-05,-4.61053e-05,0.00915192,30,0.0244372
2025-06-18 00:00:00+00:00,0.00322874,1.04819,0.610942,0.0673407,-0.0101582,0.404775,0.000129543,2.65879e-05,2.56488e-05,-2.69788e-05,0.00344154,30,0.0267692
2025-06-19 00:00:00+00:00,0.0046777,1.05309,0.632311,0.102269,0.000413928,0.384946,0.000123187,2.8732e-05,2.57105e-05,-4.74017e-06,0.00485965,30,0.0263756
2025-06-20 00:00:00+00:00,0.00377477,1.05707,0.65031,0.105583,-0.00380525,0.52067,0.000166635,5.03573e-05,3.04333e-05,-2.41941e-05,0.00405163,30,0.027723
2025-06-21 00:00:00+00:00,0.00742953,1.06492,0.706586,0.0690153,-0.00956684,1.01859,0.000326035,7.29468e-05,7.38716e-05,-0.000136281,0.00802752,30,0.029159
2025-06-22 00:00:00+00:00,0.0102848,1.07587,0.813987,0.103121,0.00448162,0.824022,0.000263784,3.84373e-05,7.87575e-05,-4.77918e-05,0.01068,30,0.0294581
2025-06-23 00:00:00+00:00,-0.00093432,1.07487,0.829369,0.134941,0.00378782,0.905209,0.000289697,6.15223e-05,0.000101046,-0.000708376,0.000250104,30,0.0303793
2025-06-24 00:00:00+00:00,0.00885918,1.08439,0.880617,0.139346,0.000145631,0.698438,0.000223587,3.78152e-05,7.23004e-05,6.71913e-05,0.00910301,30,0.0292745
2025-06-25 00:00:00+00:00,0.018726,1.1047,0.883562,0.0782501,-0.00806048,1.13954,0.000364855,0.000113736,0.000116677,2.62125e-05,0.0191389,30,0.0312323
2025-06-26 00:00:00+00:00,0.00376354,1.10886,0.889536,0.0558936,-0.0103049,1.13587,0.000363555,5.99016e-05,9.84499e-05,5.16278e-06,0.00428605,30,0.0322188
2025-06-27 00:00:00+00:00,9.04732e-05,1.10896,0.970266,0.121233,-0.012361,0.869043,0.000278157,3.65307e-05,5.96326e-05,-0.000424369,0.00090978,30,0.0321604
2025-06-28 00:00:00+00:00,0.0053747,1.11492,0.91038,0.0663287,-0.0215891,0.547567,0.000175289,2.98969e-05,2.84143e-05,-3.82595e-05,0.00564203,30,0.0309298
2025-06-29 00:00:00+00:00,0.00151368,1.1166,0.898531,0.114588,-0.0172637,0.777993,0.00024908,3.37999e-05,4.88146e-05,-0.000502205,0.00236357,30,0.0302514
2025-06-30 00:00:00+00:00,0.0105774,1.12841,0.894896,0.145602,-0.00763436,1.33071,0.000425908,8.02274e-05,0.00010442,0.000226924,0.0109294,29.9792,0.030426
2025-07-01 00:00:00+00:00,0.00979261,1.13946,0.915084,0.0893703,-0.000448638,1.49481,0.000478461,8.18834e-05,0.00013878,0.000290029,0.0101667,30,0.0311054
2025-07-02 00:00:00+00:00,0.00403647,1.14406,0.981517,0.167142,-0.00776234,1.5144,0.000484858,8.80209e-05,0.000138301,-4.14595e-06,0.00477433,30,0.0315478
2025-07-03 00:00:00+00:00,-0.00608486,1.1371,0.861411,0.178987,0.00633017,0.796041,0.00025447,0.000124308,0.000103336,-0.00129061,-0.00411364,30,0.0303482
2025-07-04 00:00:00+00:00,-0.00436259,1.13214,0.852777,0.179557,-0.00229145,0.752901,0.000240931,0.000118242,5.43034e-05,-0.00196327,-0.00198134,30,0.0305246
2025-07-05 00:00:00+00:00,-0.00227242,1.12957,0.824516,0.155148,-0.0124042,0.45963,0.000147059,4.61672e-05,4.00869e-05,-0.00229615,0.000271635,30,0.0307588
2025-07-06 00:00:00+00:00,0.00651081,1.13692,0.918249,0.132184,-0.0287261,0.588069,0.000188206,4.76545e-05,3.05489e-05,-0.000204028,0.00697115,30,0.0317015
2025-07-07 00:00:00+00:00,0.00344506,1.14084,1.05225,0.114921,-0.0208334,1.52685,0.000488781,0.000131359,0.000144531,0.00012008,0.00411048,29.9896,0.0332528
2025-07-08 00:00:00+00:00,-0.00814339,1.13155,1.02854,0.129544,-0.0368599,0.913212,0.000292217,6.85473e-05,7.7468e-05,-6.6353e-05,-0.00761759,30,0.0343469
2025-07-09 00:00:00+00:00,0.00149106,1.13324,1.07134,0.171287,-0.0232748,0.831091,0.000266009,5.10432e-05,7.70513e-05,-1.77115e-05,0.00194415,30,0.0348643
2025-07-10 00:00:00+00:00,-0.0207037,1.10978,1.01942,0.146211,-0.0367338,1.34583,0.00043073,0.000103533,9.41412e-05,1.38539e-05,-0.0202311,30,0.0338859
2025-07-11 00:00:00+00:00,-0.0287632,1.07785,1.03131,0.135523,-0.0143753,1.48611,0.000475146,0.000119186,0.000176475,-1.25654e-06,-0.0280126,30,0.0321086
2025-07-12 00:00:00+00:00,-0.000865122,1.07692,0.944092,0.159552,-0.00515642,0.597973,0.000191381,6.52125e-05,4.94839e-05,-0.000196838,-0.000323934,30,0.0321625
2025-07-13 00:00:00+00:00,-0.00782993,1.06849,0.98117,0.195065,-0.00684715,0.441429,0.000141268,4.59209e-05,4.73255e-05,0.000111588,-0.00769866,30,0.0316964
2025-07-14 00:00:00+00:00,-0.00181379,1.06655,1.00365,0.203561,-0.00675266,1.36304,0.00043625,0.000266825,0.000163042,9.30342e-05,-0.00100975,28.5938,0.0320823
2025-07-15 00:00:00+00:00,-0.00705818,1.05902,1.04819,0.204626,-0.0150341,1.0022,0.000320807,0.000153415,7.88508e-05,0.000124238,-0.00659868,29.2812,0.0306607
2025-07-16 00:00:00+00:00,-0.00342105,1.0554,1.00492,0.180826,-0.00488376,1.26134,0.000403675,0.00019387,7.81774e-05,4.29297e-05,-0.00275383,30,0.0307418
2025-07-17 00:00:00+00:00,-0.00106774,1.05427,1.08281,0.137826,-0.00358698,1.39754,0.000447217,0.000140382,8.89939e-05,0.000105594,-0.000446105,30,0.0296872
2025-07-18 00:00:00+00:00,-0.00418218,1.04986,1.08402,0.0629329,-0.0095444,1.63125,0.00052234,0.000163183,0.000141381,1.18514e-05,-0.00328861,29.9896,0.0291575
2025-07-19 00:00:00+00:00,0.00366441,1.05371,0.854101,0.1321,-0.00332839,1.13626,0.000363751,0.000106886,8.30473e-05,-6.60789e-05,0.00432096,30,0.0293956
2025-07-20 00:00:00+00:00,-0.00493197,1.04852,0.848209,0.137662,-0.00575261,0.811452,0.000259732,5.34281e-05,4.19865e-05,-4.19394e-05,-0.00451218,30,0.0291232
2025-07-21 00:00:00+00:00,0.00410313,1.05282,0.91091,0.162114,-0.00573488,1.57668,0.000504679,8.31484e-05,9.29725e-05,1.69267e-06,0.00481432,29.2188,0.0294551
2025-07-22 00:00:00+00:00,0.00499627,1.05808,0.760235,0.12038,-0.00752803,1.83542,0.000587548,0.000123661,0.000111379,-2.48611e-05,0.00585983,29.9896,0.0297865
2025-07-23 00:00:00+00:00,-0.00425039,1.05358,0.686228,0.0780962,-0.0143545,1.98205,0.000634242,0.00024578,0.000115073,-0.00011614,-0.00304039,29.9896,0.0305847
2025-07-24 00:00:00+00:00,0.00514043,1.059,0.723204,0.0746694,-0.0116177,1.14665,0.000367086,0.000171202,6.88595e-05,-0.00015509,0.005916,29.9062,0.0308816
2025-07-25 00:00:00+00:00,-0.0243884,1.03317,0.716927,0.0512363,-0.00989952,1.87496,0.000599911,0.00013335,6.73277e-05,-0.000135316,-0.0237232,30,0.0293727
2025-07-26 00:00:00+00:00,0.0062345,1.03961,0.425313,0.0366533,-0.0128255,1.57545,0.000504196,0.000117347,6.43784e-05,2.87745e-05,0.00688423,30,0.0291885
2025-07-27 00:00:00+00:00,-0.00107221,1.0385,0.677681,0.014584,-0.0110179,0.861142,0.00027558,6.69313e-05,4.1134e-05,3.79705e-05,-0.000698198,30,0.0301596
2025-07-28 00:00:00+00:00,-0.0114243,1.02663,0.483212,0.00362783,-0.0111379,1.58804,0.000508133,0.000288898,6.66592e-05,1.30278e-05,-0.0105941,28.3229,0.0296236
2025-07-29 00:00:00+00:00,-0.00112707,1.02547,0.132012,-0.00372242,-0.0208996,1.4274,0.000456782,0.000263282,8.6144e-05,4.58159e-05,-0.000349787,20.7188,0.0297346
2025-07-30 00:00:00+00:00,-0.000426156,1.02504,0.141545,-0.0030694,-0.021423,1.63292,0.000522526,0.000201321,8.74534e-05,4.1169e-05,0.000349961,13.1146,0.0311599
2025-07-31 00:00:00+00:00,0.00275192,1.02786,0.193397,0.0119686,-0.0154543,2.31595,0.000741161,0.000158849,0.000101482,4.22343e-05,0.00371955,17.8854,0.0316176
2025-08-01 00:00:00+00:00,0.00152998,1.02943,0.266665,0.0420285,-0.00974967,2.68819,0.000860289,0.000200123,9.82134e-05,4.01204e-05,0.00265778,20.6875,0.0330425
2025-08-02 00:00:00+00:00,-0.000615259,1.0288,0.341317,0.074141,-0.00542541,2.79725,0.000895121,0.000188698,7.7634e-05,-3.60819e-05,0.000591417,17.0208,0.0330136
2025-08-03 00:00:00+00:00,0.00120579,1.03004,0.246261,0.0345379,-0.0132136,1.79391,0.000574059,0.000143027,4.82641e-05,-2.34517e-05,0.00200157,16.9062,0.0327516
2025-08-04 00:00:00+00:00,0.00461436,1.03479,0.269785,-0.000784957,-0.0183579,3.14486,0.0010064,0.000181505,0.000137846,3.06426e-05,0.00590881,19.5208,0.0332017
2025-08-05 00:00:00+00:00,0.00618582,1.04119,0.439072,0.00940878,-0.0253612,2.35591,0.000754016,0.000206138,0.00010937,3.89089e-05,0.00721325,22.7292,0.034242
2025-08-06 00:00:00+00:00,0.00950617,1.05109,0.705069,0.0424529,-0.0234825,2.06746,0.000661807,0.000146492,0.000116246,1.96876e-05,0.0103894,26.6042,0.0366684
2025-08-07 00:00:00+00:00,0.0167278,1.06867,0.911267,0.0857993,-0.0214383,2.44918,0.00078409,0.00017915,0.000131911,1.73954e-05,0.0177029,27.8438,0.0373357
2025-08-08 00:00:00+00:00,-0.000785173,1.06783,1.18181,0.16971,0.00212244,1.66894,0.000534209,0.000106825,9.9651e-05,4.50485e-05,-5.63074e-05,28.2083,0.0369554
2025-08-09 00:00:00+00:00,-0.0129491,1.05401,1.25695,0.228471,-0.00131101,0.958892,0.000306839,9.74425e-05,5.14041e-05,1.96464e-06,-0.0125419,29,0.0361936
2025-08-10 00:00:00+00:00,0.00979936,1.06433,0.620506,0.0778224,-0.0234953,3.15253,0.00100904,0.000241619,0.000123845,-5.2441e-05,0.0112119,29.625,0.0362528
2025-08-11 00:00:00+00:00,0.00133881,1.06576,0.783294,0.0273777,-0.0110069,2.25639,0.000722161,0.000151677,0.000121121,0.000207516,0.0021872,28.2188,0.0362508
2025-08-12 00:00:00+00:00,-0.00454045,1.06092,0.906728,0.0241375,-0.0151626,1.62966,0.000521496,0.000129824,9.37487e-05,0.00011371,-0.00387573,29.7188,0.0359534
2025-08-13 00:00:00+00:00,0.00509746,1.06633,1.02808,0.099645,-0.0166644,1.74243,0.000557702,0.000231873,0.00012994,2.05253e-05,0.00602327,30,0.0356323
2025-08-14 00:00:00+00:00,-0.000702185,1.06558,1.12989,0.100989,-0.0188471,1.47459,0.000471953,0.000264002,0.000114911,6.2476e-05,0.000139631,30,0.0362044
2025-08-15 00:00:00+00:00,-0.00842983,1.0566,1.13808,0.116257,-0.0103916,0.641979,0.000205423,0.00017977,4.42122e-05,-4.52348e-05,-0.00795565,30,0.0373048
2025-08-16 00:00:00+00:00,0.00662271,1.06359,1.12089,0.0969566,-0.0198549,0.784614,0.000251114,0.000223312,4.66038e-05,-4.37515e-06,0.00713973,30,0.0372642
2025-08-17 00:00:00+00:00,-0.0139523,1.04875,1.17703,0.0892734,-0.019674,0.365685,0.000117004,7.84164e-05,1.72349e-05,7.62699e-05,-0.0138897,30,0.0371487
2025-08-18 00:00:00+00:00,0.00179706,1.05064,0.691176,0.0113921,-0.0322499,2.21187,0.000707802,0.000452896,0.00011155,0.000149433,0.00294993,29.25,0.036954
2025-08-19 00:00:00+00:00,0.00567137,1.0566,0.38049,-0.0216352,-0.0259944,2.02425,0.000647851,0.000452174,0.000106438,3.24684e-05,0.00684626,26.0729,0.0376368
2025-08-20 00:00:00+00:00,0.0066217,1.06359,0.403482,0.0212853,-0.0237468,1.25786,0.000402513,0.000230315,7.79129e-05,7.36396e-05,0.00726163,19.7396,0.0375329
2025-08-21 00:00:00+00:00,-0.00145872,1.06204,0.479578,0.051845,-0.00840889,2.4342,0.000778886,0.000274413,0.000133508,0.000203007,-0.000460151,21.5417,0.0375416
2025-08-22 00:00:00+00:00,0.00353318,1.0658,0.51861,0.0301925,-0.011209,2.53007,0.000809943,0.000195775,0.000179778,6.2372e-05,0.00470523,18.625,0.0379444
2025-08-23 00:00:00+00:00,0.00355119,1.06958,1.04776,0.0836946,-0.0114249,1.03185,0.000330215,0.000103738,7.61994e-05,0.000122639,0.00397571,24.2083,0.0376426
2025-08-24 00:00:00+00:00,0.00299987,1.07279,0.923209,0.0386447,-0.00879492,2.05421,0.000657316,0.000333569,9.05592e-05,0.00010566,0.00399006,25.6979,0.038218
2025-08-25 00:00:00+00:00,-0.0127831,1.05908,0.305343,-0.0229073,-0.0164693,3.26618,0.00104513,0.000583423,0.000233001,0.000273526,-0.0112197,22.5208,0.0371493
2025-08-26 00:00:00+00:00,-0.00986572,1.04863,0.440561,-0.00498397,-0.0242827,1.71741,0.000549507,0.000368996,9.30837e-05,-0.000137928,-0.00874065,18.5,0.0366198
2025-08-27 00:00:00+00:00,0.00625259,1.05518,0.455275,0.0181132,-0.0150899,0.726387,0.00023248,0.000115101,5.72275e-05,0.000585828,0.00607164,19.5,0.0356647
2025-08-28 00:00:00+00:00,-0.00674796,1.04806,0.455905,0.0203174,-0.0255856,0.428102,0.000136998,9.77837e-05,2.41837e-05,0.000356991,-0.00685167,20.4062,0.0347345
2025-08-29 00:00:00+00:00,-0.00012469,1.04793,0.526044,0.0318923,-0.0170471,0.502073,0.000160652,5.87435e-05,4.43136e-05,-0.000129889,0.000304694,21.4479,0.0331634
2025-08-30 00:00:00+00:00,0.00173662,1.04975,0.641972,0.0612089,-0.00538724,0.582553,0.000186397,7.03452e-05,2.34716e-05,0.00010331,0.00192877,23.9792,0.0329021
2025-08-31 00:00:00+00:00,0.0138044,1.06424,0.485532,-0.00436944,-0.0228237,2.19595,0.000702915,0.000167848,0.000122344,0.000185129,0.0145308,24.5833,0.0347456
2025-09-01 00:00:00+00:00,0.00928288,1.07412,0.504437,0.00405551,-0.00707572,2.36508,0.000756893,0.00017932,0.000172677,6.23837e-05,0.0103243,25.2604,0.0361072
2025-09-02 00:00:00+00:00,-0.0148704,1.05815,0.590635,0.0519461,-0.0117422,2.45478,0.000785312,0.000197488,0.000112567,0.000170636,-0.0140325,21.0208,0.0360541
2025-09-03 00:00:00+00:00,0.00863206,1.06728,0.653445,0.0800494,-0.0134501,1.39587,0.000446763,0.000131653,7.75749e-05,0.000190101,0.00907432,18.9896,0.0356324
2025-09-04 00:00:00+00:00,-0.00587022,1.06102,0.485259,0.0220108,-0.0214307,1.55143,0.000496281,0.00021841,7.94312e-05,0.000186342,-0.00525874,22.3646,0.0358568
2025-09-05 00:00:00+00:00,-0.00543967,1.05525,0.453594,-0.00784595,-0.029101,1.45289,0.000464859,0.000146086,7.277e-05,-0.000288094,-0.00445508,23.3542,0.0343084
2025-09-06 00:00:00+00:00,-0.0145287,1.03992,0.566299,0.0345874,-0.0243196,0.878933,0.00028122,6.87787e-05,4.94537e-05,-0.000419859,-0.0137693,23,0.0317064
2025-09-07 00:00:00+00:00,-0.0347995,1.00373,0.114716,-0.0210613,-0.0228494,0.842316,0.000269429,8.32841e-05,4.79247e-05,2.23719e-05,-0.0350042,11.8438,0.0292977
2025-09-08 00:00:00+00:00,-0.00684315,0.996858,0.0536258,-0.0107902,-0.0219709,1.31396,0.000420445,8.93828e-05,7.80503e-05,-6.10345e-05,-0.00621007,10.1354,0.024277
2025-09-09 00:00:00+00:00,0.00245831,0.999309,0.0458842,-0.0161282,-0.0114008,1.1355,0.000363383,5.84573e-05,7.44476e-05,0.000721043,0.00223519,9.625,0.0221702
2025-09-10 00:00:00+00:00,-0.000383246,0.998926,0.0607756,-0.0218994,-0.0116469,1.37753,0.000440817,0.000133049,7.10691e-05,0.000788032,-0.000522478,10.1875,0.0217956
2025-09-11 00:00:00+00:00,0.000739034,0.999664,0.0690877,-0.0200164,-0.00588349,1.58349,0.000506723,0.000140418,8.27904e-05,0.000663961,0.000810272,11.6354,0.0226673
2025-09-12 00:00:00+00:00,-0.0031353,0.99653,0.0746583,-0.0106763,-0.0130779,1.28549,0.000411357,6.71396e-05,6.92003e-05,0.000555456,-0.00314296,9.53125,0.0230123
2025-09-13 00:00:00+00:00,-0.00439518,0.99215,0.055225,-0.0140046,-0.0195699,1.11032,0.000355287,6.9131e-05,4.09955e-05,-1.81717e-05,-0.0039173,8.94792,0.0221536
2025-09-14 00:00:00+00:00,-0.000109447,0.992041,0.0415415,-0.0215275,-0.026434,0.813008,0.000260163,4.42757e-05,3.3558e-05,-1.0638e-05,0.000241587,6.89583,0.0210338
2025-09-15 00:00:00+00:00,0.000964083,0.992998,0.0541589,-0.011812,-0.0214259,1.18959,0.000380677,6.81702e-05,4.25923e-05,2.85588e-05,0.00143035,8.32292,0.0223429
2025-09-16 00:00:00+00:00,0.00120841,0.994198,0.0157443,-0.0091881,-0.0158819,0.419148,0.00013413,3.16702e-05,1.27932e-05,2.72358e-05,0.00135943,4.8125,0.0223903
2025-09-17 00:00:00+00:00,-0.00691949,0.987319,0.017189,-0.0129509,-0.0201151,0.32075,0.000102634,4.00707e-05,9.831e-06,0.000234981,-0.00702159,3.23958,0.0201972
2025-09-18 00:00:00+00:00,0.000946823,0.988253,0.00995088,-0.00656171,-0.00775355,0.351723,0.000112553,1.72222e-05,1.14243e-05,-9.22516e-06,0.00109744,3.41667,0.018098
2025-09-19 00:00:00+00:00,0.00180332,0.990035,0.0112,-0.00548211,-0.00695757,0.382872,0.000122523,3.6113e-05,1.56562e-05,-7.87179e-06,0.00198429,3.41667,0.0184304
2025-09-20 00:00:00+00:00,-0.00170593,0.988347,0.0198057,-0.0102698,-0.0134423,0.378593,0.000121148,6.3255e-05,1.46708e-05,-1.57774e-05,-0.00149108,3.8125,0.0194504
2025-09-21 00:00:00+00:00,0.00243636,0.990754,0.0237229,-0.0155272,-0.022364,0.403772,0.000129214,6.51826e-05,1.96215e-05,8.90481e-06,0.00264293,3.57292,0.0208024
2025-09-22 00:00:00+00:00,0.000684497,0.991433,0.0599292,-0.0160354,-0.0167803,1.49331,0.000477876,0.000151946,6.7948e-05,6.68097e-05,0.00131706,9.28125,0.0233041
2025-09-23 00:00:00+00:00,0.00275422,0.994163,0.0752341,-0.00525557,-0.0147111,1.8452,0.000590491,0.000133052,9.62155e-05,-3.27961e-05,0.0036056,11.5,0.0238331
2025-09-24 00:00:00+00:00,0.00018562,0.994348,0.0722263,0.0102776,-0.00731574,1.5229,0.000487334,0.000105792,5.91223e-05,1.66746e-05,0.000822132,9.95833,0.0244569
2025-09-25 00:00:00+00:00,0.000320801,0.994667,0.092368,0.00934048,-0.00971314,2.0836,0.000666769,0.000154503,7.94193e-05,2.79474e-05,0.00119845,11.6979,0.0248753
2025-09-26 00:00:00+00:00,0.000658406,0.995322,0.0853221,0.00313572,-0.012088,1.61881,0.000518038,0.000121382,7.5246e-05,1.16876e-06,0.00137555,10.0312,0.0248408
2025-09-27 00:00:00+00:00,-0.002217,0.993115,0.0586353,-0.00748375,-0.0177116,1.45004,0.000464026,0.000142294,7.12254e-05,1.18093e-05,-0.00154953,10.5521,0.0243742
2025-09-28 00:00:00+00:00,-0.0114887,0.981705,0.0407482,-0.00842082,-0.0208451,1.00847,0.000322676,0.00012351,5.54179e-05,3.76846e-05,-0.0110623,8.76042,0.0217811
2025-09-29 00:00:00+00:00,-0.000657486,0.98106,0.034049,-0.00449826,-0.0118866,1.0073,0.000322345,0.000111535,7.45137e-05,6.83587e-05,-0.000207189,9.07292,0.0215311
2025-09-30 00:00:00+00:00,0.0018953,0.982919,0.0420055,0.00153051,-0.0145353,1.14775,0.000367295,0.000115338,7.5273e-05,-2.76217e-05,0.0024816,8.65625,0.0227888
2025-10-01 00:00:00+00:00,-0.000255153,0.982669,0.0504045,0.00297953,-0.013798,1.23485,0.000395161,6.74058e-05,5.43173e-05,0.000407882,-0.000143195,8.08333,0.0237552
2025-10-02 00:00:00+00:00,-0.000257045,0.982416,0.0497934,-0.00442774,-0.00941416,1.32594,0.000424306,0.000107664,5.8641e-05,0.000107531,0.000228652,8.91667,0.0238829
2025-10-03 00:00:00+00:00,0.00348353,0.985838,0.0545185,-0.00624567,-0.00842878,1.60859,0.00051477,0.000191995,9.29876e-05,4.44601e-05,0.00423438,10.4167,0.0257929
2025-10-04 00:00:00+00:00,0.00109889,0.986922,0.0701033,0.00408279,-0.0115276,1.87566,0.000600221,0.000183285,0.000112634,-1.08742e-05,0.00200743,9.70833,0.0267072
2025-10-05 00:00:00+00:00,0.000268996,0.987187,0.0857327,0.0055004,-0.0172229,2.15597,0.000689932,0.000126628,0.000124502,3.62795e-05,0.00118172,10.4583,0.0269907
2025-10-06 00:00:00+00:00,-0.00377038,0.983465,0.0658765,-0.000798184,-0.011755,1.43137,0.00045803,9.28556e-05,8.26573e-05,1.5494e-05,-0.00314737,8.34375,0.026621
2025-10-07 00:00:00+00:00,0.00105445,0.984502,0.0703032,0.00200519,-0.0175262,1.77506,0.000568038,0.000131464,6.41793e-05,1.60339e-05,0.00180382,10.6146,0.0261555
2025-10-08 00:00:00+00:00,0.00101474,0.985501,0.0637446,-0.0018694,-0.0130147,1.62315,0.000519421,0.000158887,5.80686e-05,1.56197e-05,0.00173579,9.64583,0.026254
2025-10-09 00:00:00+00:00,0.000519083,0.986013,0.069696,-0.00125672,-0.0121111,1.85209,0.000592671,0.000121894,6.95495e-05,1.57964e-05,0.00128945,9.38542,0.0268714
2025-10-10 00:00:00+00:00,0.0126241,0.99846,0.079138,-0.00393552,-0.011231,1.89803,0.000607581,0.000106249,0.000141264,0.000207336,0.0132214,8.63542,0.0259349
2025-10-11 00:00:00+00:00,-0.000527554,0.997933,0.101447,0.0303045,0.00219393,1.86166,0.00059575,0.000246084,0.000210004,0.000118372,0.000409426,17.4583,0.0255518
2025-10-12 00:00:00+00:00,-0.00186247,0.996075,0.130024,0.0158668,0.000871921,2.63974,0.000844716,0.000179995,0.000267073,5.43802e-05,-0.000623482,18.1667,0.0247051
2025-10-13 00:00:00+00:00,-4.53617e-05,0.99603,0.142151,0.0170684,-3.59376e-05,2.73706,0.000875872,0.000120174,0.000211214,7.97038e-06,0.00115689,17.7917,0.0255174
2025-10-14 00:00:00+00:00,0.00126134,0.997286,0.115049,0.0406148,0.00151152,2.60705,0.000834286,0.000182363,0.000154015,3.9634e-06,0.00242976,15.8438,0.0244522
2025-10-15 00:00:00+00:00,0.00125615,0.998539,0.114163,0.022271,0.000281669,2.38863,0.000764381,0.000130563,0.000120818,1.67994e-05,0.00225698,14.8021,0.0254656
2025-10-16 00:00:00+00:00,0.000984339,0.999522,0.0999215,0.0213637,-0.00149883,2.34225,0.000749542,9.39004e-05,9.31231e-05,1.05514e-06,0.00192077,14,0.0259635
2025-10-17 00:00:00+00:00,-0.000245762,0.999276,0.0646049,0.00561075,-0.00186957,1.47551,0.000472179,8.37665e-05,7.27376e-05,6.51988e-06,0.000379522,10.5729,0.0249836
2025-10-18 00:00:00+00:00,-0.00185511,0.997422,0.0866735,0.0159633,-0.000322417,1.7566,0.000562114,0.000147051,4.734e-05,-9.44123e-06,-0.00108877,11.7917,0.0259443
2025-10-19 00:00:00+00:00,0.00078597,0.998206,0.0748457,0.00642422,-0.000999391,1.62251,0.000519209,0.000139554,5.76252e-05,1.7071e-05,0.00148724,10.4375,0.0263626
2025-10-20 00:00:00+00:00,-0.00119961,0.997009,0.0955142,0.0102742,-0.00190327,1.91523,0.000612864,0.00012578,5.90933e-05,4.00734e-05,-0.000439102,10.8854,0.0277417
2025-10-21 00:00:00+00:00,-0.000492261,0.996518,0.0682639,0.0105932,-0.00157724,1.7308,0.00055386,9.97078e-05,5.51587e-05,1.10156e-05,0.000207028,11.0521,0.0268908
2025-10-22 00:00:00+00:00,0.00216438,0.998675,0.109836,0.0029647,-0.00446263,2.39583,0.000766694,0.000119514,7.67052e-05,1.75609e-05,0.00311096,13.2188,0.0265616
2025-10-23 00:00:00+00:00,-0.00158847,0.997088,0.0754424,-0.00809012,-0.00828006,1.63284,0.0005225,9.71084e-05,4.39532e-05,1.03105e-05,-0.000933427,12.2604,0.0258387
2025-10-24 00:00:00+00:00,-0.000623702,0.996467,0.0522333,0.00966107,-0.000578979,1.02109,0.000326747,8.81699e-05,3.64973e-05,1.64399e-05,-0.000188443,8.32292,0.0245043
2025-10-25 00:00:00+00:00,-0.000486643,0.995982,0.0256346,-0.000995156,-0.00444498,0.621918,0.000199012,7.63493e-05,1.67223e-05,8.51083e-06,-0.000202956,5.9375,0.0249646
2025-10-26 00:00:00+00:00,-0.000547108,0.995437,0.0441558,-0.00277046,-0.0101524,1.07723,0.000344716,0.000105705,3.29105e-05,6.92075e-06,-6.99536e-05,7.54167,0.0236993
2025-10-27 00:00:00+00:00,0.00335649,0.998778,0.0619489,-0.0103333,-0.0122173,1.73478,0.000555162,0.000204878,8.51072e-05,-5.97717e-07,0.00419844,11.1875,0.0250268
2025-10-28 00:00:00+00:00,-0.000157663,0.99862,0.0974267,-0.0107994,-0.0248355,2.01479,0.000644746,0.000154183,9.31204e-05,5.05971e-05,0.000687072,10.3854,0.0258982
2025-10-29 00:00:00+00:00,-0.000232888,0.998388,0.0622929,-0.00932053,-0.0182802,1.47157,0.000470897,0.000113331,6.8182e-05,1.03791e-05,0.000412482,10.6042,0.0259163
2025-10-30 00:00:00+00:00,0.00208585,1.00047,0.082311,0.00303634,-0.00428436,1.74854,0.000559553,0.000296856,9.05381e-05,5.63941e-05,0.00297586,10.4583,0.0268606
2025-10-31 00:00:00+00:00,-0.00352761,0.996941,0.0931308,-0.00903435,-0.0170009,1.78671,0.000571733,0.000372207,0.00010463,3.09605e-05,-0.00250972,9.39583,0.0281586
2025-11-01 00:00:00+00:00,-0.000761184,0.996182,0.0421742,-0.00692044,-0.0130823,0.952945,0.000304951,0.000246863,5.8884e-05,2.11075e-05,-0.000168395,7.69792,0.0270475
2025-11-02 00:00:00+00:00,0.00292814,0.999099,0.0591266,0.000120372,-0.00313881,1.39777,0.000447331,0.000322252,0.000104751,5.87507e-05,0.00374198,9.08333,0.0283227
2025-11-03 00:00:00+00:00,-0.000310141,0.998789,0.118739,-0.00810678,-0.0162929,2.73164,0.000874164,0.000251337,0.000172213,4.04202e-05,0.000956929,12.2604,0.0289102
2025-11-04 00:00:00+00:00,-0.00632782,0.992469,0.147554,0.0150432,-0.00373476,3.26218,0.00104392,0.000244858,0.000176645,-1.85311e-06,-0.00486156,15.8646,0.0281655
2025-11-05 00:00:00+00:00,-0.00390632,0.988592,0.164426,0.013293,-0.00643705,3.04318,0.0009738,0.000153737,0.000155885,2.23691e-05,-0.00264418,14.7292,0.0267951
2025-11-06 00:00:00+00:00,-0.00237611,0.986243,0.116521,4.15728e-05,-0.00813436,2.37458,0.00075987,0.000193118,0.000146232,5.0145e-05,-0.00132023,13.5938,0.0263861
2025-11-07 00:00:00+00:00,0.000697723,0.986931,0.0871261,0.0089392,-0.00434962,2.37595,0.000760329,0.00017916,0.000131476,-4.82342e-06,0.00177945,13.4062,0.0244354
2025-11-08 00:00:00+00:00,-0.00255772,0.984407,0.095471,0.0122561,-0.000239272,2.34669,0.000750941,0.00013791,0.000113673,5.49302e-06,-0.00155844,14.0312,0.0243661
2025-11-09 00:00:00+00:00,0.00372903,0.988078,0.1274,0.0216151,-0.00633315,2.87443,0.000919873,0.000118752,0.000134187,-1.14864e-05,0.0049122,13.6667,0.0256194
2025-11-10 00:00:00+00:00,0.00249548,0.990544,0.115082,0.00742841,-0.0028591,3.04177,0.000973445,0.000255228,0.000152457,1.72586e-05,0.00385985,17.0312,0.0260846
2025-11-11 00:00:00+00:00,0.00178261,0.992309,0.132457,0.0131163,-0.00412064,3.06496,0.000980834,0.000256276,0.000163193,1.23553e-05,0.00317432,15.9792,0.0272347
2025-11-12 00:00:00+00:00,0.000300777,0.992608,0.0994385,0.00845816,-0.00576274,2.27495,0.000728009,0.000320541,9.43768e-05,2.93434e-05,0.00141848,15.0208,0.0281744
2025-11-13 00:00:00+00:00,0.00162861,0.994224,0.133283,0.00706368,-0.00227911,3.17733,0.00101679,0.000338552,0.000135056,2.24984e-05,0.00310682,16.5625,0.0292952
2025-11-14 00:00:00+00:00,-0.000587689,0.99364,0.0963707,0.0041051,-0.00803726,2.40887,0.000770854,0.000307837,0.000133797,1.04191e-05,0.000619032,15.9583,0.0281544
2025-11-15 00:00:00+00:00,-0.00205797,0.991595,0.11105,0.00268104,-0.00551174,2.63172,0.000842165,0.000247525,0.000147996,-0.000287126,-0.000527099,15.4271,0.026517
2025-11-16 00:00:00+00:00,0.00494806,0.996502,0.104674,0.0105401,-0.00569086,2.91091,0.00093157,0.000266104,0.00015125,-0.000132249,0.00642342,16.5521,0.0279713
2025-11-17 00:00:00+00:00,-0.00665948,0.989866,0.15121,0.00126303,-0.00777768,3.23834,0.00103628,0.000198694,0.000176654,0.000246641,-0.00549944,15.8854,0.0282041
2025-11-18 00:00:00+00:00,0.0010059,0.990861,0.105769,0.00854771,-0.00239002,2.79033,0.000892937,0.00019449,0.00012969,-8.32938e-06,0.00223454,15.6875,0.0268747
2025-11-19 00:00:00+00:00,0.00288327,0.993718,0.0975265,0.0031744,-0.00738308,2.54783,0.000815351,0.000215981,0.00014232,-4.68568e-06,0.00406366,15.8333,0.0270814
2025-11-20 00:00:00+00:00,0.00669248,1.00037,0.0902916,-0.000246983,-0.00806624,2.15761,0.000690525,0.000250443,0.000119973,3.85068e-05,0.00769751,13.8854,0.0280383
2025-11-21 00:00:00+00:00,0.000170125,1.00054,0.124409,0.00344077,-0.00221573,2.99694,0.000959054,0.000339681,0.00022337,3.12243e-05,0.00167543,16.5312,0.0294442
2025-11-22 00:00:00+00:00,-0.0174959,0.983034,0.0916927,0.00575373,-0.00143985,2.4186,0.000773912,0.000341797,0.000150435,-7.1464e-05,-0.016261,15.4583,0.0295791
2025-11-23 00:00:00+00:00,0.00155685,0.984564,0.0954407,0.0114466,-0.00587731,2.418,0.000773798,0.000312745,0.000126525,3.36481e-05,0.00273943,12.3333,0.0296771
2025-11-24 00:00:00+00:00,-0.00136052,0.983224,0.107554,0.00863987,-0.00287299,2.73561,0.000875409,0.000334283,0.000143106,0.000195504,-0.000201118,13.9271,0.0301993
2025-11-25 00:00:00+00:00,0.00163915,0.984836,0.0728285,0.00436944,-0.00916185,1.62603,0.000520352,0.000242313,7.91193e-05,0.000135862,0.00234769,10.0208,0.0287408
2025-11-26 00:00:00+00:00,0.00208778,0.986892,0.057212,0.00382496,-0.00347641,1.64449,0.000526254,0.000295632,7.76251e-05,0.00027497,0.00271252,10.5938,0.0285617
2025-11-27 00:00:00+00:00,0.00235195,0.989213,0.076185,0.00695616,-0.0060376,1.8097,0.000579126,0.000250399,9.10156e-05,0.000335698,0.00293617,10.75,0.02903
2025-11-28 00:00:00+00:00,0.00289584,0.992078,0.106712,0.0107614,-0.00813028,2.37981,0.000761583,0.000241974,8.08606e-05,8.91587e-05,0.00388894,11.2917,0.0310464
2025-11-29 00:00:00+00:00,0.000706301,0.992779,0.114904,0.0114861,-0.00721499,2.08607,0.000667564,0.000223555,7.80471e-05,0.000115625,0.00156189,11.0417,0.0331275
2025-11-30 00:00:00+00:00,-0.00310835,0.989693,0.105118,0.00889185,-0.0105251,2.27278,0.00072728,0.000246872,0.000105113,-0.000304998,-0.00172239,9.69792,0.0339649
2025-12-01 00:00:00+00:00,0.00237944,0.992048,0.16244,-0.00610655,-0.0187485,4.06529,0.00130104,0.000339043,0.000257092,-4.6277e-05,0.00434784,17.125,0.0343156
2025-12-02 00:00:00+00:00,-0.00140073,0.990658,0.223038,0.0244863,-0.0101868,5.10292,0.001633,0.00042605,0.000300219,0.000618751,0.000356141,19.1042,0.034895
2025-12-03 00:00:00+00:00,0.0035369,0.994162,0.228622,0.0308485,-0.00504688,4.25223,0.0013608,0.000207707,0.000240804,0.00106592,0.00428705,17.0729,0.0335513
2025-12-04 00:00:00+00:00,-0.00039452,0.99377,0.184934,0.0300374,-0.00815499,3.68787,0.00118018,0.000285581,0.000206533,0.000945218,0.000349298,16.4375,0.0337646
2025-12-05 00:00:00+00:00,0.000794171,0.994559,0.174475,0.0201476,-0.011022,3.49954,0.0011199,0.000199634,0.000225592,5.88134e-05,0.00228744,16.3125,0.0339765
2025-12-06 00:00:00+00:00,0.00416992,0.998706,0.164285,0.0134622,-0.00981442,3.85446,0.00123351,0.000233357,0.000235296,9.7052e-05,0.00576943,16.8333,0.0344362
2025-12-07 00:00:00+00:00,0.000737919,0.999443,0.177726,0.0209058,-0.00704258,4.37911,0.0014014,0.000290581,0.000239382,0.000330839,0.00234643,17.6979,0.0347487
2025-12-08 00:00:00+00:00,-0.00504764,0.994398,0.191872,0.0308443,-0.014036,3.49409,0.00111806,0.000259897,0.000167162,0.000186947,-0.00369401,15.3229,0.0351106
2025-12-09 00:00:00+00:00,-0.00628504,0.988148,0.165587,0.0155128,-0.0105166,3.76451,0.00120467,0.000222529,0.000227038,0.000145288,-0.00477946,16.1875,0.0351315
2025-12-10 00:00:00+00:00,0.00383118,0.991934,0.166116,0.00494552,-0.010793,4.05051,0.00129624,0.000191228,0.000230302,0.000278998,0.00526854,16.8646,0.0352095
2025-12-11 00:00:00+00:00,0.00177237,0.993692,0.222673,0.018731,-0.0056447,4.67745,0.00149689,0.000230025,0.000312499,0.000118537,0.00369964,16.5521,0.0358003
2025-12-12 00:00:00+00:00,0.000572828,0.994262,0.224563,0.0266994,-0.00857066,4.08469,0.00130713,0.000239412,0.00021348,4.81772e-05,0.00229442,15.7292,0.0359896
2025-12-13 00:00:00+00:00,-0.00648331,0.987815,0.157933,0.00592725,-0.00862055,3.39773,0.00108727,0.000179498,0.00016228,-0.000137723,-0.00491724,12.7083,0.036216
2025-12-14 00:00:00+00:00,0.00589756,0.993641,0.193505,0.00134577,-0.0191898,4.5969,0.00147112,0.000267905,0.000256204,-2.76316e-05,0.00790757,15.8542,0.0374679
2025-12-15 00:00:00+00:00,0.00260977,0.996234,0.207626,0.00917032,-0.010381,5.29555,0.00169467,0.000508281,0.000369899,0.000239989,0.00494773,15.7292,0.0391707
2025-12-16 00:00:00+00:00,0.00102783,0.997258,0.235141,0.000989734,-0.00764257,5.14989,0.00164812,0.000472249,0.000349808,0.00331916,0.000225192,16.1979,0.0403734
2025-12-17 00:00:00+00:00,0.00542193,1.00267,0.290461,-0.0131353,-0.0177125,6.82077,0.00218286,0.000772268,0.000558556,-0.000419904,0.00936577,19.4271,0.041517
2025-12-18 00:00:00+00:00,0.00403443,1.00671,0.354571,-0.00412858,0.000816785,6.64643,0.00212703,0.000784958,0.000657338,0.000206475,0.00742473,18.375,0.0433428
2025-12-19 00:00:00+00:00,0.00625289,1.01301,0.476883,0.0387945,-0.00507579,6.99057,0.00223725,0.00055861,0.000609857,0.00039082,0.00926483,23.2292,0.0440715
2025-12-20 00:00:00+00:00,-0.008406,1.00449,0.413576,0.037679,-0.0106534,5.08304,0.00162653,0.000362762,0.000338204,3.79892e-06,-0.00609532,19.7292,0.0435539
2025-12-21 00:00:00+00:00,0.00146611,1.00596,0.34017,-0.0133453,-0.0279747,5.66676,0.00181356,0.000548446,0.000512409,0.000357562,0.00403345,20.4062,0.0437318
2025-12-22 00:00:00+00:00,0.0059549,1.01195,0.377751,0.032519,-0.00363349,6.89829,0.00220795,0.000649042,0.000556928,0.000381045,0.00900396,22.1042,0.0448744
2025-12-23 00:00:00+00:00,-0.00559725,1.00629,0.308396,-0.0147774,-0.0208912,6.04349,0.00193396,0.000490301,0.000449868,9.01233e-05,-0.00281389,21.4688,0.0451889
2025-12-24 00:00:00+00:00,0.00143462,1.00773,0.328799,-0.0111052,-0.0280216,6.23239,0.00199447,0.000607831,0.000470961,0.0001328,0.00439372,21.3646,0.0446642
2025-12-25 00:00:00+00:00,-0.00549667,1.00219,0.250026,-0.00298666,-0.0184249,4.8482,0.00155154,0.000572034,0.000409072,8.15204e-06,-0.00295115,18.2188,0.043591
2025-12-26 00:00:00+00:00,-0.00257774,0.99961,0.334567,0.032309,-0.017993,6.48579,0.0020756,0.000501599,0.000509455,0.00051732,9.13465e-06,20.0729,0.0434271
2025-12-27 00:00:00+00:00,-0.000432494,0.999178,0.291691,0.0505592,-0.0106453,4.47661,0.00143258,0.00030285,0.000361601,0.000287261,0.00139284,17.5938,0.0416529
2025-12-28 00:00:00+00:00,-0.00101027,0.998168,0.244247,0.0085551,-0.0149385,4.59916,0.00147179,0.000297303,0.000353535,0.000714672,0.000406007,15.3229,0.04
2025-12-29 00:00:00+00:00,-0.0013194,0.996851,0.228109,0.00182398,-0.02329,5.67895,0.00181738,0.000476199,0.000457957,0.000355506,0.0010922,18.0625,0.0399614
2025-12-30 00:00:00+00:00,-0.00370773,0.993155,0.190687,-0.00893491,-0.0387741,4.56343,0.00146033,0.000278798,0.000317917,7.65282e-05,-0.00170721,17.4896,0.0404656
2025-12-31 00:00:00+00:00,-0.00711773,0.986086,0.24217,-0.0023689,-0.0320737,5.13227,0.00164242,0.000369127,0.000435676,4.67563e-05,-0.00470048,17.2917,0.0390172
2026-01-01 00:00:00+00:00,-0.0126569,0.973605,0.277395,0.00457598,-0.0165972,4.94641,0.00158275,0.000266811,0.000262587,0.000381898,-0.0109933,17.4479,0.037516
2026-01-02 00:00:00+00:00,-0.00744423,0.966358,0.207592,0.028607,-0.00705732,4.22681,0.0013525,0.00022702,0.000235461,0.000347603,-0.00599448,15.9583,0.0344684
2026-01-03 00:00:00+00:00,0.00112506,0.967445,0.139144,0.00408636,-0.0149369,3.21425,0.0010286,0.000202607,0.000176374,1.08272e-05,0.00252612,14.8646,0.0328652
2026-01-04 00:00:00+00:00,-0.00225338,0.965265,0.136346,0.000947647,-0.0180131,3.41464,0.00109269,0.000237428,0.000255716,0.000189775,-0.000853365,14.125,0.0330103
2026-01-05 00:00:00+00:00,-0.00747038,0.958054,0.136987,0.0124646,-0.00548779,3.42488,0.00109594,0.000316001,0.000268202,0.00275167,-0.00854861,15.0104,0.0328489
2026-01-06 00:00:00+00:00,0.00309935,0.961023,0.126269,0.00210638,-0.00411252,3.62634,0.0011605,0.000353187,0.000258326,0.000382306,0.0044876,15.7917,0.0327532
2026-01-07 00:00:00+00:00,-0.00383421,0.957339,0.136924,-0.00892575,-0.0191218,3.03881,0.000972454,0.000170279,0.000240687,0.000272008,-0.00270727,14.3333,0.0332967
2026-01-08 00:00:00+00:00,-0.00572657,0.951856,0.114663,-0.00336241,-0.0134058,2.51134,0.000803641,0.000164099,0.000161404,-4.84489e-05,-0.0045527,12.5,0.0340836
2026-01-09 00:00:00+00:00,0.00302043,0.954731,0.114336,-0.00165278,-0.0114968,2.45536,0.000785771,0.000132493,0.000161974,-1.38911e-05,0.00411417,12.6771,0.033433
2026-01-10 00:00:00+00:00,-0.000630268,0.95413,0.0962718,-0.00506128,-0.0103522,2.03915,0.000652545,0.000130217,0.000134673,0.000100287,0.000188895,10.9479,0.0334959
2026-01-11 00:00:00+00:00,-0.000430121,0.953719,0.0797859,-0.00337082,-0.0150401,2.20754,0.000706419,0.000177355,0.00014651,0.000127938,0.000475259,11.9062,0.0343085
2026-01-12 00:00:00+00:00,0.00358732,0.957141,0.141313,-0.000389017,-0.0171658,4.0016,0.00128061,0.000167873,0.00024585,0.000142427,0.00513607,14.25,0.0348361
2026-01-13 00:00:00+00:00,-0.00302171,0.954248,0.139297,0.00919077,-0.0102585,3.70591,0.00118594,0.000152242,0.000222205,0.000153338,-0.00160509,12.6562,0.0356611
2026-01-14 00:00:00+00:00,0.000488408,0.954714,0.161542,0.0108892,-0.00849264,4.17102,0.00133481,0.000182691,0.000232473,0.00143203,0.000825402,14.7188,0.0358848
2026-01-15 00:00:00+00:00,0.00147612,0.956124,0.158904,-0.00217646,-0.0104634,4.3661,0.00139722,0.000247004,0.000280251,-0.000101008,0.0035216,15.8125,0.0372329
2026-01-16 00:00:00+00:00,-0.00116284,0.955012,0.143482,5.62952e-05,-0.0153437,3.77867,0.00120919,0.000161469,0.000191857,0.000430674,-2.78911e-05,15.3125,0.0368832
2026-01-17 00:00:00+00:00,0.000332579,0.955329,0.138774,0.0115436,-0.0128288,2.85046,0.000912182,0.000119155,0.00011092,4.61595e-05,0.00143197,12.7188,0.0374845
2026-01-18 00:00:00+00:00,-0.00401492,0.951494,0.102442,-0.0131011,-0.021714,2.6718,0.000854976,0.000112262,0.000133037,-9.32073e-05,-0.00282427,12.5938,0.03694
2026-01-19 00:00:00+00:00,0.000492222,0.951962,0.150828,0.0018377,-0.0147189,3.95076,0.00126446,0.000222979,0.000256797,-6.29876e-05,0.00231584,14.9896,0.0378037
2026-01-20 00:00:00+00:00,0.0036623,0.955449,0.16395,0.0228433,-0.011953,3.97725,0.00127281,0.000233509,0.000224052,0.000254723,0.00513974,13.875,0.0384968
2026-01-21 00:00:00+00:00,-0.00131329,0.954194,0.154236,0.00852165,-0.0097264,3.54569,0.00113468,0.00027738,0.000197429,0.000777365,-0.000470154,14.4792,0.0385938
2026-01-22 00:00:00+00:00,0.00127564,0.955411,0.160682,0.00352493,-0.0106526,3.50466,0.00112159,0.000267848,0.000203765,0.000819511,0.00206166,14.2604,0.0384411
2026-01-23 00:00:00+00:00,-0.00116446,0.954298,0.154264,0.0044585,-0.0123472,3.73551,0.00119543,0.000233022,0.000239074,0.000209608,0.00030543,15.3125,0.0375916
2026-01-24 00:00:00+00:00,-0.00563847,0.948918,0.127146,-0.00139314,-0.0216608,2.49247,0.000797573,0.000119733,0.000105058,4.67354e-05,-0.00467309,13.9792,0.0353035
2026-01-25 00:00:00+00:00,0.00516924,0.953823,0.0986999,-0.00183237,-0.0121641,2.92566,0.000936293,0.000186037,0.000151232,0.000264596,0.00616841,13.2812,0.0344029
2026-01-26 00:00:00+00:00,-0.00385987,0.950141,0.131003,0.00616255,-0.0114887,3.1651,0.00101286,0.000209664,0.000140326,0.000924251,-0.00341929,12.4792,0.035538
2026-01-27 00:00:00+00:00,-0.00693602,0.943551,0.0989705,-0.00289102,-0.0138881,2.64732,0.000847128,0.000217195,0.000130519,0.000416146,-0.00617584,12.9479,0.0327587
2026-01-28 00:00:00+00:00,-0.00140793,0.942223,0.0663937,0.00358809,-0.00223789,2.26611,0.000725174,0.00024552,0.000138836,0.000186816,-0.000483693,13.0312,0.0310302
2026-01-29 00:00:00+00:00,0.00170354,0.943828,0.0629378,-0.0024042,-0.0106348,1.81541,0.000580957,0.000223124,0.000101593,1.38597e-05,0.00259633,11.7812,0.0315064
2026-01-30 00:00:00+00:00,0.00361497,0.94724,0.0973164,0.0139999,-0.00051891,2.28943,0.000732672,0.000206456,0.00013603,0.000227197,0.00446071,11.3958,0.0325906
2026-01-31 00:00:00+00:00,0.000369244,0.947589,0.114937,0.00751129,-0.00225954,2.75222,0.000880751,0.000264988,0.000171445,3.42986e-05,0.00165724,12.5521,0.033101
2026-02-01 00:00:00+00:00,-0.00427969,0.943534,0.0990195,0.0103576,0.00168459,2.49395,0.000798088,0.000223795,0.000146796,1.3859e-05,-0.00312103,12.4792,0.032062
2026-02-02 00:00:00+00:00,0.00447323,0.947755,0.109274,0.0119877,-0.00076424,2.24435,0.000718258,0.000280558,0.000129789,3.69671e-05,0.00555994,12.4896,0.0327996
2026-02-03 00:00:00+00:00,-0.00507225,0.942947,0.0991569,0.00602092,-0.00158941,1.86344,0.000596289,0.000239191,9.69864e-05,-2.67347e-05,-0.00411977,11.0729,0.0327144
2026-02-04 00:00:00+00:00,-0.00253047,0.940561,0.0717586,0.00498633,-0.00143246,1.34348,0.00042992,0.000196067,6.6427e-05,6.65186e-07,-0.00183842,10.3125,0.0317275
2026-02-05 00:00:00+00:00,0.00126267,0.941749,0.0601729,-0.000511227,-0.00158591,1.54712,0.000495094,0.000316673,7.4402e-05,-7.30091e-05,0.00222432,9.5625,0.0298397
2026-02-06 00:00:00+00:00,0.00687897,0.948227,0.118381,0.00500698,0.000622831,2.86711,0.000917579,0.000351226,0.000203982,4.07985e-05,0.0082956,14.0938,0.0310834
2026-02-07 00:00:00+00:00,0.000625293,0.94882,0.118192,0.013065,-0.000584156,2.20627,0.000706038,0.000244388,0.000138965,2.05983e-05,0.00169821,13.6042,0.0328024
2026-02-08 00:00:00+00:00,-0.0095915,0.939719,0.102877,0.000895487,-0.00328422,2.08086,0.000665837,0.000126155,0.000116657,-0.000172187,-0.00854656,12.2396,0.0307661
2026-02-09 00:00:00+00:00,4.32363e-05,0.93976,0.0712831,0.00611154,-0.00143799,1.64048,0.000524972,0.000191276,8.69255e-05,-1.01034e-05,0.000857977,12.0938,0.0291008
2026-02-10 00:00:00+00:00,-0.00386051,0.936132,0.0524175,-0.00153861,-0.00464167,1.13573,0.000363427,0.000116438,5.17698e-05,-0.000326406,-0.00300776,10.2708,0.0277307
2026-02-11 00:00:00+00:00,-0.00803293,0.928612,0.0379423,-0.00153468,-0.00378128,0.952156,0.000304681,0.000100444,3.79386e-05,-9.39394e-07,-0.00761308,9.41667,0.0252785
2026-02-12 00:00:00+00:00,-0.000522213,0.928127,0.0371776,0.00255428,-0.000472296,1.12766,0.000360854,5.07192e-05,3.9609e-05,7.2132e-05,-0.000142793,11.0521,0.0238731
2026-02-13 00:00:00+00:00,0.000960236,0.929019,0.0375819,-0.000969933,-0.00169406,1.04149,0.000333283,7.79438e-05,4.34337e-05,0.000109992,0.00130497,9.96875,0.0237142
2026-02-14 00:00:00+00:00,-0.00296633,0.926263,0.0339983,-0.00186097,-0.0036019,1.00492,0.000321572,7.09027e-05,3.41513e-05,7.85233e-05,-0.00262144,9.46875,0.0232936
2026-02-15 00:00:00+00:00,0.000101021,0.926356,0.0243939,-0.000961392,-0.00115496,0.760309,0.000243304,4.98279e-05,2.96804e-05,2.81722e-05,0.00039626,7.9375,0.0209855
2026-02-16 00:00:00+00:00,-0.000658453,0.925746,0.0204982,-0.00681779,-0.00568172,0.48012,0.000153639,3.8947e-05,1.87615e-05,-3.72997e-05,-0.00040947,6.29167,0.0206793
2026-02-17 00:00:00+00:00,0.000989491,0.926662,0.0238909,-0.00791336,-0.00549676,0.573818,0.000183625,4.61372e-05,2.42315e-05,0.000118776,0.00112476,7.04167,0.0212153
2026-02-18 00:00:00+00:00,-0.000970425,0.925763,0.0308941,-0.00977147,-0.00661318,0.692289,0.000221535,4.85381e-05,3.27849e-05,-6.86525e-05,-0.000597788,7.39583,0.0226741
2026-02-19 00:00:00+00:00,-0.000960907,0.924874,0.0248607,-0.00670724,-0.00629164,0.798,0.000255362,6.92134e-05,4.40376e-05,-7.17128e-05,-0.000520278,7.98958,0.0224268
2026-02-20 00:00:00+00:00,-0.00172655,0.923277,0.017444,-0.0087893,-0.0075246,0.481858,0.000154191,3.42799e-05,2.89807e-05,-7.97701e-05,-0.00143005,5.875,0.0216557
2026-02-21 00:00:00+00:00,0.000678665,0.923903,0.0174657,-0.00316085,-0.00451606,0.415998,0.000133122,4.40563e-05,2.42556e-05,0.00012142,0.000758704,5.34375,0.0225361
2026-02-22 00:00:00+00:00,-0.000368389,0.923563,0.0150452,-0.00934112,-0.00973178,0.374248,0.000119759,3.18672e-05,1.93569e-05,-1.84271e-05,-0.000178683,5.44792,0.0220297
2026-02-23 00:00:00+00:00,-0.00330037,0.920515,0.0150386,-0.00634661,-0.00650851,0.322283,0.000103129,3.86807e-05,2.3725e-05,-1.52441e-05,-0.00312393,5.33333,0.0191976
2026-02-24 00:00:00+00:00,0.000539488,0.921011,0.00989472,-0.00512217,-0.00646073,0.26245,8.39851e-05,3.44829e-05,2.27457e-05,0.000134169,0.000546908,5.13542,0.0173959
2026-02-25 00:00:00+00:00,-0.00143624,0.919689,0.00993442,-0.00152852,-0.00326217,0.268918,8.60522e-05,2.08671e-05,1.29068e-05,0.00015674,-0.00147359,5.02083,0.0173237
2026-02-26 00:00:00+00:00,-0.000353911,0.919363,0.0116031,-0.00390876,-0.00401003,0.261059,8.35403e-05,2.1703e-05,1.57304e-05,0.00014868,-0.000380602,5.73958,0.0164941
2026-02-27 00:00:00+00:00,0.000679305,0.919988,0.0119869,-0.00173614,-0.00400102,0.36881,0.000118021,2.1325e-05,1.60643e-05,7.42474e-05,0.000760387,6.375,0.016464
2026-02-28 00:00:00+00:00,-0.00126214,0.918827,0.0103093,-0.0038951,-0.00594621,0.227343,7.27497e-05,9.83321e-06,1.00839e-05,2.72794e-05,-0.001197,4.78125,0.0165795
2026-03-01 00:00:00+00:00,0.000626784,0.919402,0.0124443,-0.000482919,-0.00287971,0.324165,0.000103734,1.65888e-05,1.467e-05,6.62191e-05,0.000695579,6.10417,0.0169626
2026-03-02 00:00:00+00:00,-0.00219294,0.917386,0.0109004,-0.0030303,-0.00438069,0.32009,0.000102429,2.0432e-05,2.00383e-05,2.28547e-05,-0.00207417,6.09375,0.0170787
2026-03-03 00:00:00+00:00,-0.00411023,0.913616,0.00780674,-0.000847764,-0.00119117,0.25892,8.28517e-05,2.42788e-05,1.43689e-05,2.89281e-05,-0.00402498,5.53125,0.0165421
2026-03-04 00:00:00+00:00,0.000825105,0.914369,0.00748712,-0.000368767,-0.00252394,0.246122,7.87604e-05,1.73477e-05,9.93389e-06,2.14788e-05,0.000909526,4.94792,0.0148205
2026-03-05 00:00:00+00:00,-0.00027718,0.914116,0.0114203,-0.00233207,-0.00372997,0.315267,0.000100885,2.6125e-05,1.05288e-05,6.70227e-06,-0.000146043,6.53125,0.016919
2026-03-06 00:00:00+00:00,0.000129289,0.914234,0.00639641,-0.00444948,-0.00467172,0.186759,5.97634e-05,1.05615e-05,6.7258e-06,5.16988e-06,0.000201326,5.03125,0.0167207
2026-03-07 00:00:00+00:00,8.31423e-05,0.91431,0.00658219,-0.00244118,-0.0024925,0.181027,5.7929e-05,1.3095e-05,7.90872e-06,9.10909e-06,0.000153085,3.85417,0.0171718
2026-03-08 00:00:00+00:00,0.000206135,0.914499,0.00650143,-0.0029783,-0.00468297,0.130018,4.16059e-05,1.12061e-05,5.15151e-06,6.39802e-05,0.000200242,3.65625,0.018248
2026-03-09 00:00:00+00:00,-0.000838032,0.913732,0.0139499,-0.000749632,-0.00441635,0.225074,7.20236e-05,1.71515e-05,9.64461e-06,0.000259826,-0.00099894,4.875,0.0184295
2026-03-10 00:00:00+00:00,-0.000185371,0.913563,0.00765684,-0.00592572,-0.00616116,0.185693,5.94224e-05,3.17851e-05,9.57278e-06,3.1297e-05,-0.000115701,3.76042,0.0182252
2026-03-11 00:00:00+00:00,-0.000409082,0.913189,0.0120802,-0.00496261,-0.00662502,0.231068,7.39418e-05,1.39254e-05,9.05549e-06,4.34549e-05,-0.000355284,4.77083,0.0179053
2026-03-12 00:00:00+00:00,-0.00118345,0.912108,0.00765736,-0.00299873,-0.00395315,0.162643,5.20455e-05,2.20218e-05,7.30449e-06,5.82355e-05,-0.00116086,3.4375,0.0166013
2026-03-13 00:00:00+00:00,-8.70202e-05,0.912029,0.00661744,-0.00182458,-0.00217433,0.185398,5.93274e-05,2.89654e-05,8.49767e-06,2.73556e-05,-1.74698e-05,3.375,0.016584
2026-03-14 00:00:00+00:00,0.000173022,0.912187,0.00473379,-0.00473379,-0.00525594,0.132595,4.24307e-05,2.67086e-05,6.36925e-06,-3.60109e-06,0.000252164,3.26042,0.0166348
2026-03-15 00:00:00+00:00,0.00026402,0.912428,0.00668067,-0.00356447,-0.00449887,0.231204,7.39855e-05,1.92059e-05,9.42946e-06,8.50894e-06,0.00035817,4.54167,0.0169123
2026-03-16 00:00:00+00:00,-0.00240588,0.910233,0.00990835,-0.00027512,-0.00181243,0.301767,9.65645e-05,2.29749e-05,1.16416e-05,0.000177557,-0.00245445,5.125,0.0161292
2026-03-17 00:00:00+00:00,-0.000571375,0.909712,0.00460055,-0.00207175,-0.00335321,0.158012,5.05642e-05,1.08715e-05,6.51377e-06,-4.05696e-06,-0.000499415,4.15625,0.0136114
2026-03-18 00:00:00+00:00,0.00015209,0.909851,0.00746296,-0.00467679,-0.00413665,0.205806,6.58581e-05,1.0779e-05,1.03025e-05,-9.77721e-05,0.000336967,4.21875,0.0142232
2026-03-19 00:00:00+00:00,-0.000527235,0.909371,0.00762518,-0.00695626,-0.00760821,0.129598,4.14711e-05,1.34388e-05,6.32282e-06,-4.616e-05,-0.000419704,3.83333,0.0140543
2026-03-20 00:00:00+00:00,-0.000409272,0.908999,0.00581585,-0.00478862,-0.00494757,0.108384,3.46828e-05,1.10141e-05,4.50626e-06,3.56613e-06,-0.000362561,3.72917,0.0123826
2026-03-21 00:00:00+00:00,-0.000142424,0.908869,0.00345354,-0.00339895,-0.00375158,0.0898597,2.87553e-05,9.9232e-06,4.38728e-06,-1.10596e-06,-9.81678e-05,2.5,0.0124696
2026-03-22 00:00:00+00:00,-0.00018624,0.9087,0.0011314,-0.00108471,-0.00121209,0.0349813,1.1194e-05,2.98101e-06,1.47134e-06,-2.59101e-06,-0.000167991,1.39583,0.0098603
2026-03-23 00:00:00+00:00,0.00030482,0.908977,0.00184589,-0.000495356,-0.000184266,0.0813642,2.60367e-05,3.25459e-06,4.4781e-06,1.25769e-05,0.000326009,2.45833,0.00965553
2026-03-24 00:00:00+00:00,3.30552e-05,0.909007,0.00193065,-0.000887307,-0.000946164,0.0595927,1.90698e-05,2.38372e-06,1.88851e-06,-2.52785e-06,5.89467e-05,1.79167,0.00992915
2026-03-25 00:00:00+00:00,0.000378681,0.909351,0.00118842,-0.000462089,-0.000555858,0.0839453,2.68627e-05,6.05894e-06,3.94724e-06,7.35743e-06,0.000408137,2.14583,0.0101143
2026-03-26 00:00:00+00:00,0.000150417,0.909488,0.00171558,-0.000529386,-0.000575255,0.0634449,2.03025e-05,8.73128e-06,3.22504e-06,3.04566e-05,0.000152219,1.57292,0.00997705
2026-03-27 00:00:00+00:00,9.98637e-05,0.909579,0.003641,-0.00338144,-0.00358553,0.0882131,2.82283e-05,4.27916e-06,4.3846e-06,2.46009e-06,0.000134352,2.71875,0.0104803
2026-03-28 00:00:00+00:00,0.000176105,0.909739,0.00190844,-0.00132644,-0.00177636,0.0798143,2.55407e-05,4.02772e-06,3.95023e-06,5.92541e-07,0.000209086,2.38542,0.0092435
2026-03-29 00:00:00+00:00,0.000301579,0.910014,0.00276964,-0.00267895,-0.00312312,0.0744761,2.38325e-05,3.7923e-06,3.53981e-06,2.94166e-06,0.000329773,2.5,0.011189
2026-03-30 00:00:00+00:00,-0.000138303,0.909888,0.00199962,-0.00158875,-0.00113865,0.058282,1.86503e-05,7.98756e-06,3.30059e-06,2.12222e-06,-0.000110472,1.46875,0.0116883
2026-03-31 00:00:00+00:00,-0.000317829,0.909599,0.00324024,-0.00156606,-0.000427336,0.120854,3.86733e-05,7.37219e-06,5.71985e-06,-9.36048e-06,-0.000256675,2.67708,0.0118134
2026-04-01 00:00:00+00:00,0.000143704,0.909729,0.00132854,-0.000842155,-0.000782598,0.0622926,1.99337e-05,3.55482e-06,3.58819e-06,-1.72775e-07,0.000170959,1.35417,0.0130108
2026-04-02 00:00:00+00:00,-0.000116057,0.909624,0.00561391,-0.00498315,-0.00409355,0.127436,4.078e-05,1.36335e-05,7.31827e-06,8.36229e-06,-6.2628e-05,3.04167,0.0133952
2026-04-03 00:00:00+00:00,-0.000117682,0.909517,0.00420438,-0.00298449,-0.00247129,0.106842,3.41894e-05,1.05129e-05,5.89027e-06,1.98925e-05,-8.68509e-05,2.77083,0.0130781
2026-04-04 00:00:00+00:00,-0.00128634,0.908347,0.0035144,-0.00329714,-0.00682129,0.0739897,2.36767e-05,3.32405e-06,5.15102e-06,1.09399e-06,-0.00125581,3.01042,0.0127477
2026-04-05 00:00:00+00:00,-9.99406e-05,0.908256,0.00412925,-0.00409091,-0.00422607,0.0793145,2.53807e-05,5.86657e-06,8.13425e-06,-1.42891e-05,-4.61975e-05,2.78125,0.011568
2026-04-06 00:00:00+00:00,-0.000484456,0.907816,0.0033102,-0.00174526,-0.0018524,0.0955168,3.05652e-05,4.98658e-06,8.86712e-06,4.14622e-06,-0.000444219,3,0.0119562
2026-04-07 00:00:00+00:00,-0.000243741,0.907595,0.00322805,-0.00240498,-0.00252558,0.103301,3.30566e-05,9.34664e-06,8.67693e-06,-2.63166e-05,-0.00016608,3,0.0119756
2026-04-08 00:00:00+00:00,0.000460838,0.908013,0.00324773,-0.00239477,-0.00265869,0.0746012,2.38725e-05,9.15045e-06,3.90838e-06,-1.72288e-05,0.000514979,2.67708,0.0131781
2026-04-09 00:00:00+00:00,-0.000308269,0.907733,0.00337685,-0.00317371,-0.00400315,0.07729,2.47327e-05,1.17897e-05,5.07717e-06,-1.43157e-05,-0.000252277,2.69792,0.0127161
2026-04-10 00:00:00+00:00,0.000198565,0.907913,0.00278205,-0.000814993,-0.000815443,0.141266,4.52054e-05,1.17527e-05,7.25826e-06,3.2723e-06,0.000259537,2.82292,0.0130234
2026-04-11 00:00:00+00:00,0.000417381,0.908292,0.00416621,-0.00352948,-0.00379095,0.106141,3.39654e-05,1.0039e-05,4.78024e-06,1.35857e-05,0.000452544,2.77083,0.0144946
2026-04-12 00:00:00+00:00,0.000112059,0.908394,0.00259781,-0.00207971,-0.00167501,0.0977727,3.12874e-05,1.3594e-05,4.94963e-06,1.61959e-05,0.000145702,2.69792,0.0144405
2026-04-13 00:00:00+00:00,0.000420691,0.908776,0.00685598,-0.00144989,-0.000472185,0.203849,6.52322e-05,2.45409e-05,9.74354e-06,0.000182236,0.000338282,4.79167,0.0169821
2026-04-14 00:00:00+00:00,-0.00101585,0.907853,0.0131743,-0.00715342,-0.00415245,0.366536,0.000117292,3.63402e-05,1.99782e-05,0.000266495,-0.00110841,7.28125,0.018935
2026-04-15 00:00:00+00:00,-0.000458087,0.907437,0.0128929,-0.00224186,-0.00418589,0.303224,9.70333e-05,4.36425e-05,1.77442e-05,0.00016177,-0.00046079,6.88542,0.0194616
2026-04-16 00:00:00+00:00,-0.00150476,0.906072,0.0135165,-0.00306489,-0.00463728,0.267422,8.55748e-05,2.38342e-05,1.09873e-05,2.14784e-05,-0.00140665,6.13542,0.0181632
2026-04-17 00:00:00+00:00,-0.000314907,0.905786,0.0101735,-0.000523057,-0.00132053,0.353404,0.000113091,3.89056e-05,1.44425e-05,3.72543e-05,-0.000184747,6.64583,0.0183626
2026-04-18 00:00:00+00:00,-0.00287848,0.903179,0.00911402,-0.00264644,-0.00296992,0.212361,6.79546e-05,1.88036e-05,1.08652e-05,4.01752e-06,-0.00278783,5.66667,0.017834
2026-04-19 00:00:00+00:00,0.00126078,0.904318,0.0131489,0.00361684,-0.00355346,0.36386,0.000116437,2.26018e-05,1.18443e-05,8.02368e-06,0.00140316,6.36458,0.0197878
2026-04-20 00:00:00+00:00,0.000646483,0.904902,0.0225509,0.00413476,-0.0049779,0.647825,0.000207308,2.97728e-05,2.04359e-05,-2.76524e-07,0.00090459,9.85417,0.0225593
2026-04-21 00:00:00+00:00,-0.000648067,0.904316,0.0162625,-0.00157329,-0.00752249,0.443094,0.000141792,2.42423e-05,1.45197e-05,2.21725e-05,-0.00048888,9.6875,0.0228535
2026-04-22 00:00:00+00:00,0.0001849,0.904483,0.0269721,4.09391e-05,0.000332535,0.678148,0.00021701,3.60993e-05,1.91057e-05,1.57097e-05,0.000441755,8.6875,0.0248721
2026-04-23 00:00:00+00:00,0.000521519,0.904955,0.0218625,-0.00693717,-0.00741933,0.602238,0.000192718,3.73173e-05,1.82192e-05,-2.77076e-06,0.000772696,8.375,0.0254929
2026-04-24 00:00:00+00:00,-0.00112414,0.903937,0.0201285,-0.00571282,-0.00535372,0.371953,0.000119026,3.46356e-05,1.42094e-05,-1.63304e-05,-0.00093935,7.11458,0.0246189
2026-04-25 00:00:00+00:00,-6.07321e-05,0.903883,0.0104612,-0.00596972,-0.00774756,0.235852,7.54728e-05,1.67848e-05,8.84511e-06,1.03016e-05,3.04312e-05,4.34375,0.0250475
2026-04-26 00:00:00+00:00,0.000249635,0.904108,0.0113834,-0.0033097,-0.00543347,0.337192,0.000107902,2.26363e-05,1.25682e-05,1.37666e-05,0.000379012,5.53125,0.0252435
2026-04-27 00:00:00+00:00,0.00109188,0.905095,0.0129802,-0.00359293,-0.00341727,0.483994,0.000154881,3.62341e-05,2.27676e-05,6.21006e-06,0.00129939,5.75,0.0260228
2026-04-28 00:00:00+00:00,0.000368351,0.905429,0.0098348,-0.00274465,-0.00489,0.306973,9.82322e-05,3.99305e-05,1.07665e-05,4.22853e-06,0.000513006,4.80208,0.0256231
2026-04-29 00:00:00+00:00,-0.00171709,0.903874,0.0169014,-0.00800372,-0.00691692,0.438879,0.000140439,2.69884e-05,1.99605e-05,-3.27826e-05,-0.00149776,5.32292,0.0250907
2026-04-30 00:00:00+00:00,0.000454253,0.904285,0.0132222,-0.00333873,-0.00477215,0.437453,0.000139987,5.22412e-05,1.81062e-05,1.44381e-06,0.000663247,4.58333,0.0260262
2026-05-01 00:00:00+00:00,3.3971e-05,0.904315,0.012073,-0.00521448,-0.00639142,0.396729,0.000126954,4.36043e-05,1.72965e-05,3.21166e-06,0.000218676,5.20833,0.026652
2026-05-02 00:00:00+00:00,-0.00240162,0.902144,0.013353,-0.00959296,-0.0107109,0.336627,0.000107718,2.75093e-05,1.25668e-05,3.46964e-06,-0.00225911,4.71875,0.0254782
2026-05-03 00:00:00+00:00,0.000890149,0.902947,0.0107584,-0.00504451,-0.00961652,0.320305,0.0001025,3.24855e-05,1.38912e-05,3.27315e-06,0.00103563,4.40625,0.0274631
2026-05-04 00:00:00+00:00,-0.00136535,0.901714,0.027858,-0.00163074,-0.00684066,0.832194,0.000266305,5.17236e-05,3.56255e-05,4.20886e-05,-0.00105335,9.22917,0.0288747
2026-05-05 00:00:00+00:00,-0.000619592,0.901155,0.0454838,0.0110747,-0.00240167,0.841213,0.000269191,7.2368e-05,2.9118e-05,4.60039e-05,-0.000294291,9.73958,0.0292517
2026-05-06 00:00:00+00:00,-0.000533431,0.900674,0.0397841,0.00666888,-0.00147245,0.958239,0.000306637,7.7086e-05,3.08335e-05,1.55673e-05,-0.000133991,9.59375,0.0289414
2026-05-07 00:00:00+00:00,0.000213241,0.900866,0.0199637,-0.00220047,-0.00178687,0.611276,0.000195611,7.76253e-05,2.31253e-05,-5.3224e-05,0.00056325,9.125,0.0279612
2026-05-08 00:00:00+00:00,6.33515e-05,0.900923,0.018713,-0.00730986,-0.00330835,0.550377,0.000176121,6.36593e-05,2.27555e-05,9.84938e-06,0.000316275,7.72917,0.0272248
2026-05-09 00:00:00+00:00,0.000242593,0.901142,0.0247962,-0.00618363,-0.00692789,0.680105,0.000217638,8.95565e-05,2.85137e-05,5.09152e-07,0.000578714,8.97917,0.0280294
2026-05-10 00:00:00+00:00,-7.37268e-05,0.901076,0.0330447,-0.00611119,-0.00685967,0.935211,0.000299267,5.94596e-05,3.21192e-05,1.63916e-05,0.000301321,8.9375,0.0286298
2026-05-11 00:00:00+00:00,0.000952263,0.901934,0.0419216,0.00101229,-0.00188981,1.15757,0.000370431,9.43335e-05,4.97383e-05,6.28622e-06,0.0014612,10.5833,0.0300813
2026-05-12 00:00:00+00:00,6.70547e-06,0.90194,0.032933,-0.00248922,-0.0078606,1.07124,0.000342805,7.76229e-05,5.55577e-05,4.84836e-06,0.000478762,11.5417,0.0295916
2026-05-13 00:00:00+00:00,0.000220234,0.902138,0.0335981,-0.000156261,-0.00341517,0.968104,0.000309797,8.2493e-05,3.77302e-05,1.95778e-05,0.00063168,9.5625,0.0281427
2026-05-14 00:00:00+00:00,0.000184415,0.902305,0.0315897,-0.00329527,-0.00343888,1.02103,0.000326737,0.000129787,3.76158e-05,1.17383e-05,0.000667597,9.9375,0.0281353
2026-05-15 00:00:00+00:00,-0.000869382,0.90152,0.0308626,-0.000108303,-0.00254821,0.775107,0.000248035,9.74412e-05,3.15562e-05,-2.83022e-06,-0.000489462,8.65625,0.028608
2026-05-16 00:00:00+00:00,-0.000897383,0.900711,0.0175989,-0.00162726,-0.00521306,0.60868,0.000194778,9.76422e-05,2.31012e-05,-3.59387e-05,-0.000545858,8.08333,0.0273308
2026-05-17 00:00:00+00:00,-0.000414045,0.900338,0.0163437,-0.00789395,-0.00684264,0.560536,0.000179373,6.08441e-05,2.05239e-05,-1.03103e-05,-0.000142804,5.85417,0.0270361
2026-05-18 00:00:00+00:00,0.000333097,0.900638,0.0240642,-0.00541165,-0.00573219,0.714373,0.000228602,5.4693e-05,2.3578e-05,-2.68383e-06,0.000642842,6.98958,0.0268812
2026-05-19 00:00:00+00:00,0.00107135,0.901603,0.0180054,-0.0039774,-0.00614893,0.689997,0.000220804,6.01162e-05,3.19949e-05,2.33276e-06,0.00138154,7.1875,0.0269494
2026-05-20 00:00:00+00:00,9.12308e-05,0.901685,0.0205124,-0.0064033,-0.00640721,0.646683,0.000206942,5.74134e-05,2.29549e-05,2.86148e-06,0.000375954,6.66667,0.0272041
2026-05-21 00:00:00+00:00,0.000967188,0.902557,0.0192169,-0.00533209,-0.00523495,0.645988,0.000206718,7.10092e-05,2.51362e-05,7.93876e-06,0.001262,6.71875,0.0271613
2026-05-22 00:00:00+00:00,-0.00102504,0.901632,0.0224385,-0.00548114,-0.0057519,0.512427,0.000163976,4.20766e-05,2.50208e-05,5.74423e-06,-0.000799539,7.23958,0.0266638
2026-05-23 00:00:00+00:00,-0.000137792,0.901508,0.0144872,-0.00571347,-0.00658046,0.403585,0.000129148,4.09655e-05,1.75972e-05,4.8189e-06,4.52771e-05,6.79167,0.025717
2026-05-24 00:00:00+00:00,-9.99917e-05,0.901418,0.0205958,-0.00736668,-0.00792096,0.66885,0.000214033,5.4407e-05,2.77516e-05,5.54654e-06,0.00019093,8.17708,0.0265461
2026-05-25 00:00:00+00:00,7.20765e-05,0.901483,0.0239996,-0.00322235,-0.00536085,0.742228,0.000237518,5.46072e-05,3.26644e-05,1.95339e-06,0.000395823,9.27083,0.0268415
2026-05-26 00:00:00+00:00,0.00150091,0.902836,0.0238072,-0.00340838,-0.00330631,0.887057,0.000283865,8.38637e-05,3.86575e-05,-6.14301e-06,0.00191259,9.66667,0.0274803
2026-05-27 00:00:00+00:00,0.00242149,0.905022,0.0328784,-0.0034009,-0.00486519,1.13627,0.000363622,9.99312e-05,5.84727e-05,8.17961e-06,0.00293303,10.7292,0.02921
2026-05-28 00:00:00+00:00,0.000194599,0.905198,0.0461163,-0.000767355,-0.00401867,1.40895,0.000450877,9.54266e-05,7.1843e-05,2.576e-05,0.000788432,11.2396,0.031509
2026-05-29 00:00:00+00:00,0.00117401,0.906261,0.0463156,-0.00598348,-0.00543365,1.42584,0.000456282,0.000126066,7.93068e-05,-1.30104e-06,0.0018374,11.4375,0.0322054
2026-05-30 00:00:00+00:00,0.000264219,0.9065,0.0396321,-0.00851184,-0.00571074,1.32167,0.000422944,0.000126318,6.2118e-05,1.049e-05,0.000866658,11.0625,0.0310137
2026-05-31 00:00:00+00:00,0.000849007,0.90727,0.0406925,-0.0025826,-0.0060804,1.14379,0.000366024,0.000107621,4.1485e-05,2.75251e-05,0.00133703,9.46875,0.0301994
2026-06-01 00:00:00+00:00,0.000251633,0.907498,0.0386593,-0.000161389,-0.00835559,1.07508,0.000344029,0.000144557,3.71906e-05,5.50122e-05,0.000723259,10.1875,0.0288586
2026-06-02 00:00:00+00:00,-0.000531713,0.907016,0.0296836,-0.00126995,-0.0077698,0.770671,0.000246618,9.48433e-05,2.28133e-05,0.000175702,-0.000340795,9.27083,0.0258596
2026-06-03 00:00:00+00:00,-0.00188312,0.905308,0.0381705,0.00541305,-0.0041542,0.842522,0.000269606,6.26593e-05,2.34901e-05,6.65379e-05,-0.00159418,11.3333,0.0238177
2026-06-04 00:00:00+00:00,-0.000103448,0.905214,0.0255376,-0.00261462,-0.00302466,0.683766,0.000218809,7.45952e-05,2.40152e-05,9.69429e-05,0.000117482,10.7188,0.0224797
2026-06-05 00:00:00+00:00,0.00112083,0.906229,0.0241915,0.00578577,-0.000801087,0.690095,0.000220837,9.90537e-05,2.69955e-05,9.77107e-06,0.00145788,9.92708,0.0224944
2026-06-06 00:00:00+00:00,-0.00181141,0.904587,0.0213929,0.00102255,-0.00129709,0.540268,0.000172886,4.13102e-05,2.38133e-05,2.32499e-05,-0.00159776,9.64583,0.02263
2026-06-07 00:00:00+00:00,-0.000716521,0.903939,0.0162029,0.000390457,-0.00239945,0.411741,0.00013176,3.67151e-05,1.74205e-05,1.46617e-05,-0.000544714,8.07292,0.0197697
2026-06-08 00:00:00+00:00,0.00090085,0.904753,0.0190561,0.00317562,-0.00127654,0.585729,0.000187438,5.2332e-05,2.21332e-05,9.55621e-06,0.0011532,8.30208,0.0204591
2026-06-09 00:00:00+00:00,0.000340241,0.905061,0.0177878,0.00239827,-0.000831764,0.485903,0.00015549,3.79156e-05,1.52163e-05,3.8824e-06,0.000545115,7.91667,0.0211131
2026-06-10 00:00:00+00:00,0.000692958,0.905688,0.02123,-0.00373778,-0.000879925,0.759732,0.00024312,5.81477e-05,2.42977e-05,1.49694e-05,0.00100413,9.13542,0.0230051
2026-06-11 00:00:00+00:00,0.000845046,0.906454,0.0297775,0.00783204,-0.00323567,0.856936,0.000274225,7.27107e-05,2.50831e-05,2.72241e-05,0.00118998,9.90625,0.0251163
2026-06-12 00:00:00+00:00,0.000841752,0.907217,0.0296983,0.00103858,-0.00398989,0.900597,0.000288197,7.45209e-05,3.30471e-05,2.03364e-05,0.00121759,10.1458,0.0263621
2026-06-13 00:00:00+00:00,-0.00108069,0.906236,0.0323779,0.00550181,-0.00450369,0.954797,0.000305537,7.92437e-05,2.38773e-05,5.15384e-06,-0.000677211,9.5625,0.0258947
2026-06-14 00:00:00+00:00,-0.000510549,0.905774,0.018765,-0.00394868,-0.00620604,0.609651,0.00019509,7.65448e-05,2.33096e-05,9.17387e-06,-0.000224456,7.54167,0.02539
2026-06-15 00:00:00+00:00,-0.00122493,0.904664,0.0224469,0.00175267,-0.00366195,0.617447,0.000197582,9.09233e-05,2.10634e-05,0.000110619,-0.0010258,9.51042,0.024832
2026-06-16 00:00:00+00:00,-0.00155854,0.903254,0.0153952,0.000157731,-0.00569693,0.376654,0.000120529,5.28521e-05,8.53346e-06,8.42489e-06,-0.00138585,8.34375,0.0224455
2026-06-17 00:00:00+00:00,-0.000772274,0.902557,0.0111309,-0.000195755,-0.00382412,0.361156,0.000115571,6.72885e-05,1.18419e-05,1.81951e-05,-0.000594883,7.20833,0.0215288
2026-06-18 00:00:00+00:00,-0.000734152,0.901894,0.00722936,-0.00284566,-0.00515923,0.202385,6.47635e-05,4.55819e-05,9.53933e-06,2.10781e-05,-0.000635055,6.29167,0.0196204
2026-06-19 00:00:00+00:00,0.00147542,0.903225,0.0120893,-0.00018891,-0.00558088,0.325301,0.0001041,6.89919e-05,1.38594e-05,1.34564e-05,0.00164847,7.375,0.0208599
2026-06-20 00:00:00+00:00,0.00103232,0.904157,0.0163477,-0.00173065,-0.00413046,0.519035,0.000166094,8.58174e-05,1.61929e-05,0.000127699,0.00117241,8.09375,0.0240123
2026-06-21 00:00:00+00:00,0.000275514,0.904406,0.0177423,-0.00516804,-0.00580607,0.448434,0.0001435,6.04675e-05,1.29663e-05,2.06381e-05,0.000471924,7.75,0.0247339
2026-06-22 00:00:00+00:00,-0.00012751,0.904291,0.0245832,-0.00196413,-0.00544621,0.596525,0.000190891,7.16851e-05,1.84456e-05,0.000103878,5.01428e-05,8.22917,0.0253501
2026-06-23 00:00:00+00:00,-0.000386864,0.903941,0.0160609,-0.00420058,-0.00936918,0.332308,0.000106343,3.2637e-05,1.05095e-05,6.33781e-05,-0.000300152,7.375,0.024356
2026-06-24 00:00:00+00:00,0.00107089,0.904909,0.0131442,-0.000676234,-0.0066585,0.43818,0.00014022,4.92869e-05,1.2766e-05,2.61637e-05,0.0012466,7.35417,0.023368
2026-06-25 00:00:00+00:00,0.00107679,0.905883,0.0172013,0.00121284,-0.00592559,0.583242,0.000186641,4.04409e-05,1.84688e-05,5.06437e-06,0.0013172,8.75,0.0233888
2026-06-26 00:00:00+00:00,-0.00117327,0.904821,0.0162862,-0.000119864,-0.00349605,0.433874,0.000138839,4.81619e-05,1.13377e-05,4.76862e-05,-0.00102268,7.55208,0.0223656
2026-06-27 00:00:00+00:00,-0.00250227,0.902557,0.0126882,-0.00232558,-0.00377437,0.366111,0.000117154,6.18525e-05,1.28393e-05,9.7458e-05,-0.00241021,7.34375,0.021759
2026-06-28 00:00:00+00:00,1.94716e-05,0.902574,0.00854837,-0.00178468,-0.00394103,0.257655,8.24502e-05,4.28084e-05,7.67812e-06,-7.73342e-06,0.000160235,5.95833,0.0209426
2026-06-29 00:00:00+00:00,0.00023723,0.902788,0.00696018,-0.00268965,-0.00313994,0.213461,6.83082e-05,4.46943e-05,8.61474e-06,-6.31517e-05,0.000422322,4.89583,0.0212707
2026-06-30 00:00:00+00:00,-0.00071688,0.902141,0.0113161,-0.00352954,-0.00633867,0.266562,8.53006e-05,2.79492e-05,7.99343e-06,6.89474e-05,-0.000664467,5.80208,0.0205783
2026-07-01 00:00:00+00:00,-0.000735713,0.901477,0.0099952,-0.00285964,-0.00276961,0.330559,0.000105779,4.38966e-05,1.23262e-05,3.49233e-05,-0.000608701,5.47917,0.0198645
2026-07-02 00:00:00+00:00,-0.00174875,0.899901,0.00711951,-0.00397838,-0.00305434,0.203317,6.5061e-05,3.46141e-05,7.80056e-06,-3.43086e-06,-0.00163891,4.44792,0.019505
2026-07-03 00:00:00+00:00,-0.000275044,0.899653,0.00925462,-0.00191786,-0.00162536,0.253532,8.11307e-05,3.70984e-05,8.07511e-06,4.83587e-05,-0.000196987,4.96875,0.0192436
2026-07-04 00:00:00+00:00,-0.00218805,0.897685,0.00483593,-0.00287607,-0.00569298,0.119654,3.82888e-05,1.23695e-05,3.66498e-06,-5.45165e-06,-0.00213036,3.29167,0.0181249
2026-07-05 00:00:00+00:00,0.000475165,0.898111,0.00244228,-0.00183323,-0.0034237,0.0824624,2.63883e-05,2.0958e-05,3.57129e-06,1.73471e-06,0.000524284,2.72917,0.0176284
2026-07-06 00:00:00+00:00,5.92869e-06,0.898117,0.00722515,-0.0026311,-0.00237038,0.235796,7.5455e-05,3.64461e-05,7.84564e-06,0.000152514,-2.66598e-05,4.63542,0.0195149
2026-07-07 00:00:00+00:00,-0.000785788,0.897411,0.00578122,-0.00194098,0.000638094,0.189319,6.05817e-05,3.98096e-05,6.40607e-06,0.000395408,-0.00107415,4.27083,0.0208389
2026-07-08 00:00:00+00:00,0.0007039,0.898043,0.00939695,0.00126031,-0.00466053,0.275563,8.81813e-05,4.16463e-05,9.16846e-06,9.26795e-06,0.000833598,6.02083,0.0211444
2026-07-09 00:00:00+00:00,-0.000662466,0.897448,0.0101522,0.00114674,-0.0051432,0.300741,9.62366e-05,2.96634e-05,9.25878e-06,2.00782e-05,-0.000547026,5.83333,0.0225288
2026-07-10 00:00:00+00:00,0.000146766,0.897579,0.00753062,-0.00201521,-0.00549925,0.262629,8.4042e-05,3.31641e-05,8.95276e-06,3.3887e-06,0.000269758,5.15625,0.0215395
2026-07-11 00:00:00+00:00,-0.000153119,0.897442,0.00910813,-0.00353265,-0.00442747,0.254864,8.15567e-05,2.97214e-05,5.75464e-06,7.71726e-06,-4.37611e-05,4.1875,0.0218332
2026-07-12 00:00:00+00:00,0.000170182,0.897595,0.00532829,-0.00351734,-0.00438674,0.179806,5.75382e-05,3.73331e-05,7.87199e-06,4.48047e-06,0.000268592,4.0625,0.0216332
2026-07-13 00:00:00+00:00,0.000294524,0.897859,0.00867299,-0.00254887,-0.00588358,0.307648,9.8448e-05,3.52928e-05,1.24976e-05,2.62482e-06,0.000438181,6.0625,0.0218857
2026-07-14 00:00:00+00:00,-0.000396517,0.897503,0.0176731,0.00500375,-0.00529709,0.446295,0.000142815,2.64457e-05,1.31217e-05,2.89184e-05,-0.000242593,7.14583,0.0222305
2026-07-15 00:00:00+00:00,0.000824044,0.898243,0.0177973,-0.00200078,-0.0033241,0.521117,0.00016676,5.17823e-05,1.80621e-05,1.79711e-05,0.00104246,7.3125,0.0237427
2026-07-16 00:00:00+00:00,-0.000776878,0.897545,0.0114463,-0.000264231,-0.0039459,0.290384,9.29225e-05,5.33079e-05,1.39237e-05,1.54645e-05,-0.000631623,5.54167,0.0237324
2026-07-17 00:00:00+00:00,0.000800256,0.898263,0.0108591,-0.00420523,-0.00493512,0.321504,0.000102883,4.89827e-05,1.46572e-05,1.05485e-05,0.00095605,6.125,0.0235415
2026-07-18 00:00:00+00:00,0.000385591,0.898609,0.00996862,-0.0025067,-0.00578582,0.296509,9.48836e-05,5.51561e-05,1.51544e-05,5.81873e-07,0.000550567,5.84375,0.025659
2026-07-19 00:00:00+00:00,-0.000322918,0.898319,0.014268,-0.00357366,-0.0047407,0.477163,0.000152692,5.0187e-05,1.97596e-05,3.79487e-05,-0.000137943,6.6875,0.0277353
2026-07-20 00:00:00+00:00,0.000604792,0.898863,0.0271986,0.00209406,-0.00442956,0.879358,0.0002814,9.55749e-05,3.08323e-05,5.67558e-06,0.00100732,8.89583,0.0281963
2026-07-21 00:00:00+00:00,0.000715909,0.899506,0.0262791,0.000219125,-0.00531469,0.831756,0.000266167,7.08988e-05,2.3124e-05,-3.5313e-06,0.00107967,10.1875,0.0280499
2026-07-22 00:00:00+00:00,-0.000130575,0.899389,0.0235925,0.000685944,-0.00806706,0.728917,0.000233255,7.69893e-05,2.43621e-05,-2.88496e-05,0.000233413,9.08333,0.027755
2026-07-23 00:00:00+00:00,0.000137668,0.899512,0.020142,-0.00162524,-0.00703718,0.658834,0.000210828,7.61103e-05,2.11841e-05,-1.58786e-05,0.000462006,9.22917,0.0273319
2026-07-24 00:00:00+00:00,0.000468022,0.899933,0.02108,-0.00410683,-0.00900075,0.492151,0.000157494,8.00385e-05,2.42493e-05,-1.37086e-05,0.000744503,8.3125,0.025939
2026-07-25 00:00:00+00:00,-0.000649818,0.899349,0.0194785,-0.00889336,-0.00880964,0.443623,0.000141959,6.10544e-05,2.19933e-05,-2.42706e-05,-0.000400223,6.22917,0.0247888
2026-07-26 00:00:00+00:00,-0.000162268,0.899203,0.0170073,-0.0048194,-0.00525921,0.463306,0.000148258,5.57819e-05,2.04502e-05,0.000151746,-8.9332e-05,6.16667,0.0245631
2026-07-27 00:00:00+00:00,0.000633822,0.899773,0.0169924,0.000842127,-0.00599158,0.532496,0.000170402,8.52134e-05,2.08849e-05,-6.41733e-06,0.000917008,8.38542,0.0257199
2026-07-28 00:00:00+00:00,-0.000595083,0.899237,0.017543,-0.00871285,-0.0070034,0.493853,0.000158034,5.23367e-05,2.02519e-05,-7.63223e-05,-0.000287899,8.29167,0.0239632
2026-07-29 00:00:00+00:00,0.000428324,0.899622,0.0196748,-0.00403123,-0.00392274,0.534767,0.000171128,4.81622e-05,1.92409e-05,6.8862e-06,0.000660143,7.67708,0.0243399
2026-07-30 00:00:00+00:00,-0.00174137,0.898056,0.0156141,-0.0017328,-0.000313235,0.435204,0.000139264,6.83325e-05,1.77146e-05,0.000199779,-0.00171667,8.32292,0.0244712
2026-07-31 00:00:00+00:00,-0.000894827,0.897252,0.0152029,-0.0035681,-0.00642465,0.322431,0.000103177,4.79573e-05,1.1868e-05,-7.05562e-06,-0.000724815,7.08333,0.0235349
2026-08-01 00:00:00+00:00,0.00143541,0.89854,0.00984396,-0.00210863,-0.00337867,0.294721,9.43123e-05,5.99228e-05,1.86494e-05,-3.77758e-07,0.00160809,6.55208,0.0231471
2026-08-02 00:00:00+00:00,-0.00075116,0.897865,0.0115372,-0.00226206,-0.00328656,0.316373,0.000101239,3.8509e-05,1.00612e-05,9.73633e-05,-0.000698673,5.61458,0.0221578
2026-08-03 00:00:00+00:00,0.000580622,0.898386,0.0206266,-0.00132686,-0.00362186,0.690209,0.00022087,4.83646e-05,2.70273e-05,7.85866e-06,0.000869092,7.79167,0.0238732
2026-08-04 00:00:00+00:00,-0.000363613,0.89806,0.0109616,-0.00540064,-0.00871253,0.324889,0.000103966,2.10611e-05,1.22088e-05,-5.00286e-05,-0.000175796,6.69792,0.0233565
2026-08-05 00:00:00+00:00,-2.64406e-05,0.898036,0.0106044,-0.00548953,-0.00953426,0.300216,9.60694e-05,3.05358e-05,1.31724e-05,1.25964e-05,0.000101442,5.94792,0.0236342
2026-08-06 00:00:00+00:00,-0.000663784,0.89744,0.0100316,-0.00362153,-0.00881945,0.321008,0.000102722,4.77751e-05,1.23946e-05,9.78706e-07,-0.000501492,6.98958,0.0236353
2026-08-07 00:00:00+00:00,9.76705e-05,0.897528,0.0118043,-0.00059685,-0.0049677,0.388729,0.000124394,5.04611e-05,1.30029e-05,2.15178e-05,0.000264086,6.625,0.0234379
2026-08-08 00:00:00+00:00,5.65771e-05,0.897578,0.00861969,-0.00318547,-0.0029093,0.28107,8.99426e-05,2.37371e-05,9.34102e-06,8.66505e-06,0.000170979,4.98958,0.0239883
2026-08-09 00:00:00+00:00,0.000830089,0.898323,0.0104772,-0.00309335,-0.00622989,0.298848,9.56323e-05,2.5933e-05,1.02611e-05,2.87598e-06,0.000958854,4.88542,0.0255911
2026-08-10 00:00:00+00:00,0.000256296,0.898554,0.0158686,-0.00599994,-0.00693011,0.46967,0.000150297,4.20224e-05,1.88065e-05,5.23876e-06,0.000462432,8.375,0.0262644
2026-08-11 00:00:00+00:00,0.000422969,0.898934,0.0223525,-0.000611575,-0.00623952,0.534611,0.000171077,5.10545e-05,1.93788e-05,6.40789e-05,0.0006007,8.07292,0.0270441
2026-08-12 00:00:00+00:00,-0.00135091,0.897719,0.0186853,-0.00535409,-0.00764457,0.475136,0.000152043,4.4908e-05,1.54856e-05,-2.99833e-05,-0.00110858,7.69792,0.0262614
2026-08-13 00:00:00+00:00,-0.000284299,0.897464,0.0169728,-0.00229255,-0.00482766,0.306957,9.82274e-05,4.01172e-05,1.48555e-05,-1.45336e-05,-0.000116134,6.625,0.0253313
2026-08-14 00:00:00+00:00,-0.000147586,0.897332,0.0130217,-0.00331549,-0.00834381,0.395252,0.000126482,3.8948e-05,2.0182e-05,-2.57817e-05,6.44669e-05,8.33333,0.0253898
2026-08-15 00:00:00+00:00,0.0015811,0.898751,0.0134735,-0.00453776,-0.00822993,0.409299,0.000130979,4.4122e-05,1.97311e-05,3.96537e-06,0.00177094,7.76042,0.0269867
2026-08-16 00:00:00+00:00,0.000622466,0.89931,0.0136689,-0.00772063,-0.00994863,0.386138,0.000123566,4.90959e-05,2.23968e-05,-1.22546e-05,0.000829784,7.5,0.0291008
2026-08-17 00:00:00+00:00,0.000194624,0.899485,0.0275962,-0.00489578,-0.00985291,0.674328,0.000215788,0.000101803,3.50778e-05,-1.29592e-05,0.000561159,9.46875,0.0299483
2026-08-18 00:00:00+00:00,0.000423399,0.899866,0.0257654,-0.0025772,-0.00941322,0.771841,0.000246993,0.000135218,3.1741e-05,-1.38367e-05,0.000851715,10.2083,0.0313901
2026-08-19 00:00:00+00:00,-0.00101543,0.898952,0.0414927,-0.0082587,-0.00519141,1.12651,0.000360478,0.000116436,4.20013e-05,1.11601e-05,-0.000506994,11.1979,0.0325819
2026-08-20 00:00:00+00:00,0.00133653,0.900154,0.0692784,0.0118814,0.00125173,1.40157,0.000448513,0.000129281,5.13541e-05,-1.77437e-05,0.00198391,14.7708,0.0331889
2026-08-21 00:00:00+00:00,-0.00187649,0.898464,0.072265,0.0122755,-0.00262982,1.38483,0.000443149,0.000109309,4.95061e-05,-9.3772e-05,-0.00117927,15.2188,0.0339326
2026-08-22 00:00:00+00:00,-0.00200291,0.896665,0.0570237,0.0204125,-0.000846927,0.93322,0.000298634,0.000120448,3.17871e-05,-3.1498e-05,-0.00151956,13.2812,0.0327261
2026-08-23 00:00:00+00:00,0.00154639,0.898051,0.0335257,0.011718,-0.000971774,0.825922,0.000264301,0.000167618,2.43696e-05,-1.88053e-05,0.00202054,11.2292,0.0325776
2026-08-24 00:00:00+00:00,-0.000482306,0.897618,0.037027,0.0113972,7.14607e-05,1.0454,0.000334528,0.000187689,2.94713e-05,1.65328e-05,5.35626e-05,11.8958,0.0332212
2026-08-25 00:00:00+00:00,0.000533948,0.898098,0.0369228,0.00478186,0.000742442,0.883867,0.000282843,0.000119343,2.0418e-05,-3.50407e-06,0.000960436,10.6146,0.0330608
2026-08-26 00:00:00+00:00,0.000315586,0.898381,0.0312917,0.00122175,-0.00178917,0.850645,0.00027221,0.000134169,2.05424e-05,1.25874e-05,0.00073022,10.9688,0.032577
2026-08-27 00:00:00+00:00,-0.00031847,0.898095,0.0375712,0.00667764,-0.00549338,0.898294,0.000287459,0.000127196,2.39819e-05,1.08916e-05,0.000110558,9.51042,0.032719
2026-08-28 00:00:00+00:00,-0.00174,0.896532,0.0339844,0.00139869,-0.0059147,0.620072,0.000198421,9.77384e-05,2.11792e-05,-4.4845e-06,-0.00141843,9.83333,0.0323987
2026-08-29 00:00:00+00:00,0.000390403,0.896882,0.0266451,-0.0051004,-0.00607225,0.630623,0.000201803,7.89462e-05,2.47341e-05,2.3557e-05,0.000672914,11.7396,0.029844
2026-08-30 00:00:00+00:00,0.000446234,0.897282,0.0237408,-0.00386968,-0.00487637,0.660052,0.000211219,7.31025e-05,2.14238e-05,5.53436e-05,0.000696869,10.1771,0.0301339
2026-08-31 00:00:00+00:00,0.00108697,0.898258,0.0374264,0.00391761,-0.00456546,1.0936,0.000349964,6.89905e-05,3.34083e-05,5.10033e-05,0.00148876,12.5,0.030754
