,return,equity,gross,net,beta_exposure,turnover,fees,spread,impact,funding,gross_pnl,pnl_long,pnl_short,n_positions,ic_est
2023-07-31 00:00:00+00:00,0,1,0,0,0,0,0,0,0,0,0,0,0,0,0
2023-08-01 00:00:00+00:00,0,1,0,0,0,0,0,0,0,0,0,0,0,0,0.00505888
2023-08-02 00:00:00+00:00,0,1,0,0,0,0,0,0,0,0,0,0,0,0,0.00699165
2023-08-03 00:00:00+00:00,-2.75049e-05,0.999972,0.00167003,-0.00167003,-0.002081,0.00929738,2.97513e-06,3.71891e-07,3.8882e-07,-8.03291e-06,-1.57347e-05,0,-1.57347e-05,0.729167,0.00773722
2023-08-04 00:00:00+00:00,0.000216742,1.00019,0.00965589,-0.00965589,-0.0120035,0.00437864,1.40119e-06,1.75149e-07,1.13704e-07,-1.97714e-05,0.000238292,0,0.000238292,1,0.0087921
2023-08-05 00:00:00+00:00,2.06119e-05,1.00021,0.017172,-0.017172,-0.0212733,0.00425746,1.36259e-06,1.70324e-07,1.08495e-07,-6.14495e-06,2.8755e-05,0,2.8755e-05,1,0.0132322
2023-08-06 00:00:00+00:00,0.000239063,1.00045,0.0177008,-0.0177008,-0.0221888,0,0,0,0,-3.83267e-06,0.000243035,0,0.000243035,1,0.0135579
2023-08-07 00:00:00+00:00,0.00105298,1.0015,0.0276961,-0.0254134,-0.0261975,0.0184967,5.91943e-06,1.41199e-06,5.1683e-07,1.23553e-05,0.00104858,3.32675e-05,0.00101531,3.64583,0.0166891
2023-08-08 00:00:00+00:00,-0.000478664,1.00102,0.0600644,-0.0331164,-0.0387085,0.0526359,1.68424e-05,2.97405e-06,1.32342e-06,3.54397e-05,-0.000492515,0.00010764,-0.000600154,5.58333,0.0236874
2023-08-09 00:00:00+00:00,-0.00085221,1.00017,0.11468,-0.0415944,-0.0555174,0.0474486,1.51832e-05,3.98763e-06,1.51653e-06,3.49506e-05,-0.000865805,-0.000173525,-0.00069228,7.47917,0.0317713
2023-08-10 00:00:00+00:00,-0.000157623,1.00001,0.136218,-0.0406978,-0.0573254,0,0,0,0,6.66116e-06,-0.000163058,-0.000478166,0.000315108,8,0.0278252
2023-08-11 00:00:00+00:00,-0.000654084,0.999358,0.132486,-0.037979,-0.0550964,0.00647852,2.07288e-06,6.39784e-07,1.59106e-07,-2.34202e-07,-0.000650465,-0.000351318,-0.000299147,8,0.0172004
2023-08-12 00:00:00+00:00,-0.000889118,0.99847,0.121907,-0.0271986,-0.041418,0.01213,3.88013e-06,1.1983e-06,4.42031e-07,-1.4823e-05,-0.00086831,0.000216034,-0.00108434,8,0.00795718
2023-08-13 00:00:00+00:00,0.00026686,0.998736,0.115252,-0.0206072,-0.0301034,0.00438584,1.40343e-06,1.75429e-07,1.2372e-07,-4.45038e-06,0.000273408,-0.000591115,0.000864523,8,0.00138526
2023-08-14 00:00:00+00:00,-0.000162121,0.998574,0.113771,-0.0190129,-0.0291017,0.0029182,9.34207e-07,1.16776e-07,5.8788e-08,1.38664e-05,-0.000174468,0.000943779,-0.00111825,8,0
2023-08-15 00:00:00+00:00,0.00219688,1.00077,0.102765,-0.0110987,-0.0218892,0.0306222,1.1184e-05,1.68442e-06,2.78685e-06,2.8725e-05,0.00218275,-0.00185977,0.00404252,8,0.00022099
2023-08-16 00:00:00+00:00,-0.00082249,0.999945,0.0813148,-0.00709721,-0.0158363,0.00431621,1.38109e-06,1.72637e-07,1.04508e-07,8.84547e-06,-0.000829481,-0.00271102,0.00188154,8.5,0.00432009
2023-08-17 00:00:00+00:00,0.00194054,1.00189,0.0750119,-0.00835691,-0.0112158,0.0654898,2.69307e-05,4.97348e-06,5.85919e-06,-2.34698e-05,0.00200218,-0.00226104,0.00426322,10.0625,0.00202723
2023-08-18 00:00:00+00:00,-9.87706e-05,1.00179,0.0370485,-0.00932581,-0.00405324,4.95464e-05,1.5857e-08,4.23665e-08,3.10826e-10,4.93597e-07,-9.90949e-05,7.3139e-05,-0.000172234,10.5833,0
2023-08-19 00:00:00+00:00,-1.97179e-05,1.00177,0.0372645,-0.0093616,-0.00477962,0,0,0,0,2.28683e-06,-2.18533e-05,0.000218639,-0.000240493,10,0
2023-08-20 00:00:00+00:00,0.000418198,1.00219,0.0376271,-0.00905244,-0.00476231,0,0,0,0,3.92281e-06,0.000414245,0.00029634,0.000117905,10,0
2023-08-21 00:00:00+00:00,0.000591425,1.00278,0.0370146,-0.00864075,-0.00480941,0,0,0,0,1.38023e-08,0.000591394,-0.000161487,0.000752881,10,0
2023-08-22 00:00:00+00:00,-0.000146122,1.00263,0.0361659,-0.00807424,-0.00514935,0,0,0,0,-5.28347e-06,-0.000140636,-0.000161398,2.07621e-05,10,0
2023-08-23 00:00:00+00:00,0.000170109,1.0028,0.0366816,-0.00837794,-0.00704441,0,0,0,0,5.30942e-07,0.000169684,0.000237372,-6.76882e-05,10,0
2023-08-24 00:00:00+00:00,0.000420374,1.00322,0.0363831,-0.00810907,-0.00753665,0,0,0,0,-6.72397e-06,0.00042712,-0.000224269,0.000651388,10,0
2023-08-25 00:00:00+00:00,0.000189465,1.00341,0.0356536,-0.00766674,-0.00814871,0,0,0,0,-3.15721e-06,0.0001927,9.91924e-05,9.3508e-05,10,0
2023-08-26 00:00:00+00:00,5.35854e-05,1.00347,0.0359558,-0.00771427,-0.00856117,0,0,0,0,-9.73207e-07,5.45997e-05,-5.95618e-05,0.000114161,10,6.52763e-06
2023-08-27 00:00:00+00:00,-7.19054e-05,1.0034,0.0359544,-0.00764345,-0.00852645,0,0,0,0,-4.44677e-06,-6.7424e-05,4.62626e-05,-0.000113687,10,0
2023-08-28 00:00:00+00:00,-0.000594631,1.0028,0.0322686,-0.00417696,-0.00513483,0.00391453,1.25276e-06,1.56595e-07,2.07161e-07,-2.45629e-05,-0.00056851,1.3299e-05,-0.000581809,9,0
2023-08-29 00:00:00+00:00,0.000240629,1.00304,0.0298201,-0.00259318,-0.00448852,0.00967034,3.094e-06,1.88094e-06,6.46608e-07,-2.68541e-06,0.000249231,0.000557293,-0.000308062,9.04167,0.00318781
2023-08-30 00:00:00+00:00,-3.76709e-05,1.003,0.0423728,-0.00506915,-0.00443004,0.0257127,8.22808e-06,1.02851e-06,7.47319e-07,-4.03076e-05,1.28038e-05,-0.000377652,0.000390456,12.5625,0.011858
2023-08-31 00:00:00+00:00,9.5485e-05,1.0031,0.0472215,-0.00749543,-0.00575692,0,0,0,0,-5.13007e-06,0.000100748,-0.000792739,0.000893487,13,0.00961559
2023-09-01 00:00:00+00:00,-0.00110956,1.00199,0.0455103,-0.00726852,-0.00499555,0.00207906,6.65255e-07,8.31569e-08,4.92351e-08,-3.79994e-06,-0.0011054,-0.000520293,-0.000585106,13,0.00560356
2023-09-02 00:00:00+00:00,-0.000359242,1.00163,0.0422796,-0.00460631,-0.00370618,0.00209865,6.71576e-07,8.3947e-08,5.7747e-08,1.87347e-06,-0.000360289,-8.02326e-05,-0.000280056,13,0.00150692
2023-09-03 00:00:00+00:00,-0.000304321,1.00132,0.0423691,-0.004767,-0.00431844,0,0,0,0,-5.34804e-06,-0.000298953,7.12569e-05,-0.00037021,13,0.00345667
2023-09-04 00:00:00+00:00,0.000142911,1.00146,0.0422312,-0.00511082,-0.00686283,0.000225804,7.2248e-08,9.03099e-09,2.43239e-09,-5.71138e-05,0.000200298,-4.69441e-05,0.000247242,12,0.000134943
2023-09-05 00:00:00+00:00,-0.000663512,1.0008,0.0412211,-0.00433836,-0.0054028,0.00279698,1.39845e-06,2.7969e-07,1.85478e-07,1.27896e-06,-0.000663069,-0.000126995,-0.000536074,11.625,0
2023-09-06 00:00:00+00:00,-0.000721611,1.00008,0.0399994,-0.00313653,-0.00360722,0,0,0,0,2.84486e-06,-0.000724661,-5.55626e-06,-0.000719105,11,0
2023-09-07 00:00:00+00:00,-6.57537e-05,1.00001,0.040427,-0.00363204,-0.00424831,0,0,0,0,3.84596e-06,-6.95504e-05,8.95105e-05,-0.000159061,11,0
2023-09-08 00:00:00+00:00,0.000211355,1.00022,0.0403466,-0.00340026,-0.00366516,0,0,0,0,6.77213e-06,0.000204629,-8.24965e-05,0.000287126,11,0
2023-09-09 00:00:00+00:00,0.000431765,1.00065,0.0402096,-0.00333269,-0.00364414,0,0,0,0,3.71906e-06,0.000428018,1.03871e-06,0.00042698,11,0
2023-09-10 00:00:00+00:00,0.000186301,1.00084,0.0399908,-0.0036512,-0.0050884,0.00208469,6.6713e-07,8.33913e-08,8.81183e-08,3.66215e-06,0.000183538,-0.000339136,0.000522674,11.375,0.00322107
2023-09-11 00:00:00+00:00,-0.000143071,1.0007,0.0367624,-0.00133832,-0.00316981,0.00764925,2.44764e-06,2.92232e-06,4.5897e-07,-1.48581e-05,-0.000122273,-0.000660827,0.000538554,11,0.00473039
2023-09-12 00:00:00+00:00,0.000508922,1.00121,0.037255,-0.00115956,-0.00261403,0,0,0,0,1.12063e-06,0.00050783,0.000689269,-0.000181439,11,0.00218005
2023-09-13 00:00:00+00:00,-0.000685984,1.00052,0.0416795,-0.00510028,-0.00718494,0.00453557,1.45135e-06,1.81419e-07,1.90689e-07,-1.1414e-06,-0.000683161,0.000199626,-0.000882787,12,0.00704428
2023-09-14 00:00:00+00:00,0.000878948,1.0014,0.042831,-0.00562218,-0.00780236,0,0,0,0,-3.80421e-06,0.000882494,0.000452809,0.000429685,12,0.00663714
2023-09-15 00:00:00+00:00,-0.000435963,1.00096,0.0455243,-0.00712161,-0.008193,0.00233788,7.48319e-07,9.35398e-08,1.25567e-07,-0.000175936,-0.000258987,0.000672206,-0.000931193,12.9167,0.00660398
2023-09-16 00:00:00+00:00,4.30749e-05,1.00101,0.0461634,-0.00735685,-0.012229,0,0,0,0,-0.000235423,0.000279031,-0.000133819,0.000412849,13,0.00259026
2023-09-17 00:00:00+00:00,0.00112232,1.00213,0.0450864,-0.00694446,-0.0130845,0,0,0,0,-0.000174543,0.0012965,-0.000385433,0.00168194,13,0.00218947
2023-09-18 00:00:00+00:00,-0.000221688,1.00191,0.0464483,-0.00649307,-0.0141081,0.00417397,1.33576e-06,1.6697e-07,2.20533e-07,-8.7145e-05,-0.000132699,0.00049469,-0.000627389,13.2708,0.00739782
2023-09-19 00:00:00+00:00,-0.00169359,1.00021,0.0484852,-0.0048077,-0.0144876,0.00439203,1.81942e-06,3.13703e-07,1.80027e-07,-0.000130756,-0.00156171,0.000327986,-0.0018897,13.1875,0.00630526
2023-09-20 00:00:00+00:00,-0.000332116,0.999878,0.045225,-0.00181981,-0.00532491,0.00213487,6.83056e-07,8.5382e-08,9.84519e-08,-1.77923e-05,-0.000313404,-0.000321826,8.42156e-06,13,0.000273258
2023-09-21 00:00:00+00:00,3.79831e-05,0.999916,0.0440046,-0.00153544,-0.00389359,0,0,0,0,-4.82719e-06,4.28705e-05,-0.00048082,0.000523691,13,0
2023-09-22 00:00:00+00:00,-0.000525154,0.999391,0.0441534,-0.0018027,-0.00403045,0,0,0,0,-1.99913e-06,-0.000523222,-1.01769e-05,-0.000513046,13,0
2023-09-23 00:00:00+00:00,-0.000130291,0.999261,0.0442845,-0.00197277,-0.00470286,0,0,0,0,-7.0072e-07,-0.000129535,-2.95173e-05,-0.000100018,13,0
2023-09-24 00:00:00+00:00,0.000437901,0.999698,0.0439744,-0.00188907,-0.00461719,0,0,0,0,1.53479e-06,0.000436338,-0.000352037,0.000788375,13,0
2023-09-25 00:00:00+00:00,0.000122125,0.99982,0.0416752,0.000180797,-0.0028488,0.00200524,6.41626e-07,3.05365e-07,4.48111e-08,-1.68085e-06,0.000124847,0.000351298,-0.00022645,12,0
2023-09-26 00:00:00+00:00,-0.0001829,0.999638,0.0419813,0.000316917,-0.00250216,0,0,0,0,-1.77597e-05,-0.00016512,0.000120372,-0.000285492,12,0
2023-09-27 00:00:00+00:00,0.00046707,1.0001,0.0418497,0.00124864,-0.000430958,0.00118271,5.91351e-07,1.1827e-07,2.31655e-08,-2.1348e-05,0.000489189,0.000500291,-1.11021e-05,11.3125,0
2023-09-28 00:00:00+00:00,0.0007852,1.00089,0.0419496,0.00242624,0.00117291,0,0,0,0,1.65124e-06,0.000783351,0.000818776,-3.54246e-05,11,0
2023-09-29 00:00:00+00:00,0.000196074,1.00109,0.0425017,0.00258564,0.000936776,0,0,0,0,2.69189e-06,0.000193551,0.000111064,8.24868e-05,11,0
2023-09-30 00:00:00+00:00,-0.000331751,1.00075,0.042472,0.00262131,0.00134268,0,0,0,0,-2.25582e-07,-0.000331538,-0.000181749,-0.000149789,11,0
2023-10-01 00:00:00+00:00,-0.000211871,1.00054,0.0431038,0.00235277,0.000219503,0.00204496,6.54402e-07,8.18003e-08,5.63785e-09,2.02954e-06,-0.00021314,0.000839124,-0.00105226,11,0
2023-10-02 00:00:00+00:00,0.000340962,1.00088,0.0382617,0.00828878,0.00598939,0.0078129,2.49998e-06,8.46738e-07,6.79242e-07,9.98425e-06,0.000335049,-0.000287886,0.000622936,10,0
2023-10-03 00:00:00+00:00,-1.33269e-05,1.00087,0.0372185,0.00816757,0.00618715,0,0,0,0,5.82107e-07,-1.38257e-05,-0.000345864,0.000332038,10,0
2023-10-04 00:00:00+00:00,0.000288361,1.00116,0.0364084,0.00848417,0.00496606,0,0,0,0,2.96501e-06,0.000285416,2.2734e-05,0.000262682,10,1.13791e-05
2023-10-05 00:00:00+00:00,-0.000272634,1.00089,0.0365238,0.00838174,0.00529984,0,0,0,0,2.9222e-06,-0.000275535,-0.000225624,-4.99114e-05,10,0.000368698
2023-10-06 00:00:00+00:00,-0.000577324,1.00031,0.0366203,0.00804325,0.0045988,0,0,0,0,3.49516e-06,-0.000580938,-0.000209332,-0.000371606,10,0.000367931
2023-10-07 00:00:00+00:00,0.000280522,1.00059,0.0365167,0.00795693,0.0044286,0,0,0,0,1.85161e-06,0.000278681,-9.62656e-05,0.000374946,10,0.000212197
2023-10-08 00:00:00+00:00,-0.000161091,1.00043,0.0360965,0.0080485,0.00423956,0,0,0,0,1.30113e-06,-0.000162392,-0.000170047,7.65482e-06,10,0.00433849
2023-10-09 00:00:00+00:00,-0.000531084,0.999896,0.0318135,0.0109959,0.00826864,0.00350384,1.12116e-06,7.35256e-07,3.56685e-07,3.14344e-06,-0.000532089,-0.00084285,0.000310762,9,0.00233236
2023-10-10 00:00:00+00:00,-8.26992e-05,0.999813,0.0312844,0.010835,0.00831039,0,0,0,0,2.03858e-06,-8.47177e-05,-0.000201868,0.00011715,9,0.00449304
2023-10-11 00:00:00+00:00,-8.68894e-05,0.999726,0.0307741,0.0107244,0.00825709,0,0,0,0,9.9329e-07,-8.7854e-05,-0.000209804,0.00012195,9,0.00445649
2023-10-12 00:00:00+00:00,-0.000208813,0.999517,0.0289107,0.00876394,0.00658593,0.00175342,8.76603e-07,7.13846e-07,5.35804e-08,5.48342e-07,-0.000207689,-0.00017857,-2.91186e-05,8.04167,0.000946474
2023-10-13 00:00:00+00:00,0.00012336,0.999641,0.0289556,0.00871977,0.00668756,0,0,0,0,4.11713e-06,0.00011926,0.000183295,-6.4035e-05,8,0
2023-10-14 00:00:00+00:00,-6.30477e-05,0.999578,0.0291016,0.00886804,0.00683895,0,0,0,0,3.33282e-06,-6.63743e-05,-5.50975e-05,-1.12768e-05,8,0
2023-10-15 00:00:00+00:00,-4.39187e-05,0.999534,0.0291231,0.00876284,0.00587814,0,0,0,0,6.21081e-07,-4.45322e-05,2.40515e-05,-6.85837e-05,8,0
2023-10-16 00:00:00+00:00,0.000349001,0.999883,0.0241981,0.0149626,0.0148168,0.00809792,3.30899e-06,4.66315e-06,3.80728e-07,2.98391e-06,0.000354894,0.000829539,-0.000474645,6.5625,0.000450955
2023-10-17 00:00:00+00:00,-0.000258452,0.999624,0.0221027,0.0170204,0.0187354,0,0,0,0,-1.37052e-06,-0.000257068,-0.000334291,7.72228e-05,6,0.00541099
2023-10-18 00:00:00+00:00,-8.45138e-05,0.99954,0.026864,0.0121438,0.0122472,0.00965771,3.09056e-06,2.0358e-06,6.15824e-07,2.74071e-06,-8.14767e-05,-0.000135529,5.40527e-05,7.45833,0.00858929
2023-10-19 00:00:00+00:00,0.000191569,0.999731,0.0375382,0.00845463,0.00647328,0.00716723,2.29355e-06,2.86694e-07,3.42695e-07,4.29469e-06,0.000190414,0.000513658,-0.000323244,9,0.00898404
2023-10-20 00:00:00+00:00,-0.00112118,0.99861,0.0430585,0.00740538,0.00540867,0.00207532,6.64042e-07,8.30053e-08,9.03673e-08,-3.31e-06,-0.0011172,0.000175984,-0.00129319,9,0.00973928
2023-10-21 00:00:00+00:00,-0.000173142,0.998437,0.0407752,0.00959873,0.00839302,0.00628077,3.13954e-06,6.27908e-07,6.81417e-07,2.20312e-08,-0.000168518,0.000365289,-0.000533807,8.5625,0.00820359
2023-10-22 00:00:00+00:00,0.000140393,0.998578,0.0374409,0.0131434,0.012277,0,0,0,0,3.44038e-06,0.000137065,8.08252e-05,5.62402e-05,8,0.00693352
2023-10-23 00:00:00+00:00,0.000770784,0.999347,0.0405648,0.0114565,0.00906512,0.00419041,1.34108e-06,1.67635e-07,1.56954e-07,-6.44127e-05,0.000836812,0.00210989,-0.00127308,9,0.00701375
2023-10-24 00:00:00+00:00,0.000122005,0.999469,0.0652241,0.00317793,-0.000642339,0.0659308,2.10988e-05,2.83998e-06,2.49483e-06,-5.96805e-05,0.000208426,-0.000324332,0.000532758,13.8333,0.0106652
2023-10-25 00:00:00+00:00,-0.00217375,0.997297,0.0986033,0.0017908,-0.00357517,0.0473773,1.83923e-05,2.97365e-06,4.83472e-06,-0.000436885,-0.00170947,0.00253937,-0.00424884,16,0.00889084
2023-10-26 00:00:00+00:00,-0.000683867,0.996615,0.0934348,0.00148912,-0.00523439,0.00558492,1.78769e-06,2.23461e-07,4.14753e-07,-0.000146191,-0.000534374,-0.000609165,7.47909e-05,16,0.00420312
2023-10-27 00:00:00+00:00,-0.000863749,0.995754,0.0890773,0.00229111,-0.00411665,0.00420157,1.34432e-06,1.6804e-07,2.13901e-07,-3.07463e-05,-0.000831036,-0.00174891,0.000917878,16,0.00255369
2023-10-28 00:00:00+00:00,0.000528802,0.99628,0.0876506,0.00427321,-0.00247878,0,0,0,0,-9.48434e-07,0.000529802,0.000703271,-0.00017347,16,0.00410419
2023-10-29 00:00:00+00:00,-0.000481097,0.995801,0.0878089,0.00446063,-0.00204403,0,0,0,0,-3.93898e-06,-0.000477131,0.000115808,-0.00059294,16,0.00778719
2023-10-30 00:00:00+00:00,-0.00114661,0.994659,0.0788005,-0.00687629,-0.011126,0.0104194,3.33432e-06,4.1679e-07,7.60284e-07,-1.68073e-05,-0.00112565,0.000246043,-0.00137169,15,0.00521348
2023-10-31 00:00:00+00:00,-0.00158638,0.993081,0.0760721,-0.00452535,-0.0087917,0.00512722,2.18226e-06,3.85646e-07,8.57248e-08,-2.13712e-05,-0.0015633,-0.000384775,-0.00117853,14.4583,7.06083e-05
2023-11-01 00:00:00+00:00,-0.000725749,0.992361,0.0674602,0.000365479,-0.00223156,0.0205592,8.28478e-06,1.44794e-06,3.81535e-07,-2.10925e-06,-0.000713565,0.000378522,-0.00109209,13.75,0
2023-11-02 00:00:00+00:00,-0.000559706,0.991805,0.0575027,0.003839,0.00225837,0.00434501,1.81013e-06,9.18784e-07,1.34506e-08,3.94021e-06,-0.000560964,-0.0008875,0.000326536,13.125,0.000209899
2023-11-03 00:00:00+00:00,0.000517193,0.992318,0.0552927,0.0032857,0.00199956,0,0,0,0,-1.84204e-07,0.000517371,0.000596871,-7.94993e-05,13,0.00332651
2023-11-04 00:00:00+00:00,-0.000617576,0.991705,0.0567439,0.00309982,0.00171578,0,0,0,0,-2.69425e-06,-0.000614951,0.000455235,-0.00107019,13,0.0013064
2023-11-05 00:00:00+00:00,-0.000328772,0.991379,0.0565646,0.00253302,0.00193121,0.00410293,1.31288e-06,1.6411e-07,5.48018e-08,1.95952e-07,-0.000327401,0.000254278,-0.000581679,13,0
2023-11-06 00:00:00+00:00,-0.00120871,0.990181,0.0512812,0.0041216,0.00413116,0.00629188,2.0136e-06,1.89719e-06,5.08771e-07,1.92078e-05,-0.00122393,-8.95635e-05,-0.00113437,12,0
2023-11-07 00:00:00+00:00,0.000378049,0.990555,0.0503898,0.00269033,0.00257495,0,0,0,0,2.30395e-05,0.000355019,-0.000161723,0.000516742,12,0
2023-11-08 00:00:00+00:00,0.000449536,0.991,0.0486845,0.00517227,0.00448337,0.00552422,2.76257e-06,5.52515e-07,1.60639e-07,3.21466e-05,0.00042087,0.000826106,-0.000405236,11.5833,0
2023-11-09 00:00:00+00:00,-0.000456075,0.990549,0.046676,0.00849162,0.00727934,0,0,0,0,3.1639e-05,-0.000487509,0.000163895,-0.000651404,11,0
2023-11-10 00:00:00+00:00,8.85503e-05,0.990636,0.0472623,0.00821306,0.0070805,0.00546511,2.32445e-06,3.17525e-06,2.12017e-07,5.58074e-06,8.88515e-05,0.000655359,-0.000566508,10.9375,0
2023-11-11 00:00:00+00:00,0.000979028,0.991606,0.0455887,0.00941513,0.00711856,0,0,0,0,-1.18885e-05,0.000990698,0.000861709,0.000128989,10,0
2023-11-12 00:00:00+00:00,0.00187928,0.99347,0.0438447,0.00948355,0.00764514,0.00703232,2.25059e-06,2.67783e-06,7.18365e-07,-1.89761e-05,0.00190255,0.00156995,0.000332603,10,0
2023-11-13 00:00:00+00:00,0.000325014,0.993792,0.0316535,0.00061979,-0.00026628,0.00884622,2.83169e-06,3.4212e-06,1.1691e-06,6.83636e-07,0.000331787,-0.000163606,0.000495393,8,0
2023-11-14 00:00:00+00:00,-0.000288657,0.993506,0.0311369,0.000478019,-0.000394528,0,0,0,0,2.64551e-06,-0.000291299,-0.00021305,-7.82488e-05,8,0
2023-11-15 00:00:00+00:00,-0.000196768,0.99331,0.0315849,0.000112722,-0.000579138,0,0,0,0,4.62625e-06,-0.000201366,0.000663362,-0.000864727,8,0
2023-11-16 00:00:00+00:00,0.00041352,0.993721,0.0319093,0.000346346,-0.000403825,0,0,0,0,3.28356e-06,0.000410189,-0.000378172,0.000788361,8,0
2023-11-17 00:00:00+00:00,-0.00012525,0.993596,0.0312236,0.00040977,-0.000215996,0,0,0,0,-1.37931e-06,-0.000123847,2.09463e-06,-0.000125942,8,0
2023-11-18 00:00:00+00:00,-0.000281508,0.993317,0.0310204,0.000267057,-0.000133613,0,0,0,0,-8.90722e-07,-0.000280647,-0.000239659,-4.09888e-05,8,0
2023-11-19 00:00:00+00:00,6.72764e-05,0.993384,0.0310834,0.000184889,-9.35502e-05,0,0,0,0,-7.33628e-07,6.80132e-05,0.00019823,-0.000130217,8,0
2023-11-20 00:00:00+00:00,-0.000793324,0.992595,0.0278821,0.00160927,0.00058716,0.0202045,8.83005e-06,1.90261e-06,1.31588e-06,3.35766e-06,-0.000784489,-0.000166749,-0.00061774,8,0
2023-11-21 00:00:00+00:00,-0.000255308,0.992342,0.017913,0.00562205,0.00291851,0,0,0,0,-4.76053e-07,-0.000254803,-0.000591484,0.000336681,8,0
2023-11-22 00:00:00+00:00,5.44735e-05,0.992396,0.0176435,0.00533699,0.00338509,0,0,0,0,5.69813e-06,4.87913e-05,0.000476998,-0.000428206,8,0
2023-11-23 00:00:00+00:00,0.000157306,0.992552,0.0179649,0.00543259,0.00335714,0,0,0,0,1.05173e-06,0.000156255,3.98572e-05,0.000116398,8,0
2023-11-24 00:00:00+00:00,9.16266e-05,0.992643,0.01805,0.0055542,0.00338357,0,0,0,0,-7.32978e-07,9.23629e-05,0.000124196,-3.18327e-05,8,0
2023-11-25 00:00:00+00:00,-9.19647e-05,0.992552,0.0181559,0.00558933,0.00329311,0,0,0,0,2.57676e-07,-9.22197e-05,5.70681e-05,-0.000149288,8,0
2023-11-26 00:00:00+00:00,0.000116497,0.992668,0.0181124,0.00557208,0.00303318,0,0,0,0,-1.19829e-06,0.000117693,-6.46953e-05,0.000182388,8,0
2023-11-27 00:00:00+00:00,7.46445e-05,0.992742,0.0170967,0.00509414,0.00251703,0.000632703,2.02469e-07,1.83357e-07,9.68889e-09,-1.3258e-06,7.63788e-05,-0.000117956,0.000194335,7,0
2023-11-28 00:00:00+00:00,4.17013e-05,0.992783,0.0170564,0.00508586,0.00250839,0,0,0,0,-9.1912e-07,4.2624e-05,9.00668e-05,-4.74428e-05,7,2.67482e-07
2023-11-29 00:00:00+00:00,6.85175e-05,0.992851,0.017181,0.00518418,0.00244998,0,0,0,0,-1.43168e-06,6.99531e-05,-1.17611e-05,8.17142e-05,7,0
2023-11-30 00:00:00+00:00,-8.14284e-05,0.99277,0.0171342,0.00518021,0.00229092,0,0,0,0,-1.31236e-06,-8.01156e-05,-1.07995e-06,-7.90356e-05,7,0
2023-12-01 00:00:00+00:00,8.76283e-05,0.992857,0.0173993,0.00517294,0.00198557,0,0,0,0,-1.05685e-06,8.86866e-05,0.000190695,-0.000102009,7,0.0017417
2023-12-02 00:00:00+00:00,-0.000244327,0.992615,0.0195775,0.00324814,-0.000863691,0.00202761,6.48831e-07,8.11039e-08,4.55814e-08,1.39861e-06,-0.000244963,0.000199678,-0.00044464,7.91667,0.0067082
2023-12-03 00:00:00+00:00,6.72648e-05,0.992681,0.0201507,0.00291098,-0.00197342,0,0,0,0,2.25127e-06,6.50425e-05,8.49242e-05,-1.98817e-05,8,0.00576357
2023-12-04 00:00:00+00:00,-0.00061313,0.992073,0.0210712,-0.00692026,-0.0119497,0.0457099,1.55167e-05,2.29511e-06,2.319e-06,7.11265e-06,-0.000599478,0.000377523,-0.000977002,8.27083,0.0126832
2023-12-05 00:00:00+00:00,0.000348496,0.992418,0.0518598,-0.00658761,-0.0157204,0.0186316,5.96492e-06,7.45615e-07,7.42853e-07,1.52352e-05,0.000342287,0.000325872,1.64155e-05,11.6458,0.0161668
2023-12-06 00:00:00+00:00,0.000896382,0.993308,0.102522,-0.00189675,-0.0170959,0.101181,3.23737e-05,4.92593e-06,4.74884e-06,2.78134e-05,0.000913973,-0.000759501,0.00167347,17.2292,0.0184514
2023-12-07 00:00:00+00:00,-6.03976e-06,0.993302,0.222044,0.0123406,-0.0110272,0.155501,4.9748e-05,1.41488e-05,9.64392e-06,2.99512e-05,4.15982e-05,0.00333378,-0.00329218,20.6875,0.0223822
2023-12-08 00:00:00+00:00,0.00320203,0.996483,0.288803,0.00727103,-0.0119448,0.0911068,3.2132e-05,1.76259e-05,5.42783e-06,7.32153e-05,0.00318359,0.0077038,-0.00452021,22.6667,0.0229643
2023-12-09 00:00:00+00:00,0.00626327,1.00272,0.310305,0.00291429,-0.0144509,0.0417375,1.33614e-05,7.10823e-06,1.94299e-06,6.12585e-05,0.0062094,0.000627039,0.00558236,23.125,0.0235092
2023-12-10 00:00:00+00:00,-0.00175083,1.00097,0.322087,0.00248169,-0.0154191,0.0634737,2.2864e-05,9.5967e-06,3.3434e-06,1.80561e-06,-0.00170984,0.00498775,-0.00669759,25.1042,0.0241475
2023-12-11 00:00:00+00:00,-0.0149444,0.986009,0.358539,-0.0048465,-0.0120436,0.333292,0.000108919,4.88854e-05,2.7195e-05,9.43978e-06,-0.0148661,-0.0193957,0.00452965,25,0.0203394
2023-12-12 00:00:00+00:00,-0.00463159,0.981443,0.351516,0.00308922,-0.00365865,0.0737994,2.46016e-05,1.40358e-05,4.45649e-06,4.0629e-05,-0.00463181,0.00447847,-0.00911028,24.6042,0.0160986
2023-12-13 00:00:00+00:00,0.0034248,0.984804,0.331798,0.00245204,-0.00200832,0.0277443,9.75616e-06,6.03242e-06,1.36347e-06,2.08083e-05,0.00341905,0.00493248,-0.00151344,24,0.0150149
2023-12-14 00:00:00+00:00,0.00107917,0.985867,0.351285,0.00735969,-0.00236596,0.0250539,8.01909e-06,6.50787e-06,6.50336e-07,3.44645e-05,0.00106211,0.0026059,-0.00154378,24,0.0173253
2023-12-15 00:00:00+00:00,-0.000853613,0.985025,0.361042,0.00865148,-0.00554116,0,0,0,0,5.12568e-05,-0.000902929,-0.010732,0.0098291,24,0.0191015
2023-12-16 00:00:00+00:00,0.00329361,0.988269,0.356457,0.00187741,-0.00955803,0.025503,8.16368e-06,5.05632e-06,2.65272e-06,5.58389e-05,0.00325067,0.00723257,-0.0039819,24.3542,0.0181945
2023-12-17 00:00:00+00:00,-0.00332332,0.984985,0.360757,-0.0012386,-0.0136508,0.018026,6.84786e-06,1.57986e-06,2.22246e-06,3.42673e-05,-0.00334912,-0.00656339,0.00321428,26,0.015059
2023-12-18 00:00:00+00:00,0.00552452,0.990427,0.344921,-1.75088e-05,-0.00787535,0.035406,1.13334e-05,1.41668e-06,1.30666e-06,2.20481e-05,0.00550506,0.00526228,0.000242787,26.6875,0.0152963
2023-12-19 00:00:00+00:00,0.00576116,0.996133,0.361705,-0.00774802,-0.00724836,0.0307618,9.84595e-06,1.28652e-06,2.35802e-06,4.27447e-05,0.00571763,0.00197713,0.00374051,28,0.0168517
2023-12-20 00:00:00+00:00,0.00395911,1.00008,0.354998,-0.0143295,-0.0159559,0.0463225,1.60107e-05,2.56126e-06,3.44245e-06,5.64547e-05,0.00392022,0.0097866,-0.00586638,28.4583,0.0142128
2023-12-21 00:00:00+00:00,0.00668385,1.00676,0.345477,0.00500639,-0.00850275,0.0704638,2.25501e-05,1.04097e-05,1.82068e-06,0.00011209,0.00658824,0.0124059,-0.00581771,29,0.0130846
2023-12-22 00:00:00+00:00,-0.00305153,1.00369,0.298096,0.0168441,-0.00136585,0.0815277,3.05716e-05,3.58056e-05,3.85879e-06,0.000101758,-0.00308309,0.000910647,-0.00399374,28.375,0.0119802
2023-12-23 00:00:00+00:00,0.0013766,1.00507,0.288548,0.0112764,-0.00132723,0.0117505,3.76118e-06,4.70148e-07,3.12526e-07,0.000122622,0.00125954,0.0020627,-0.000803156,28.0833,0.0110456
2023-12-24 00:00:00+00:00,0.00307922,1.00817,0.295004,0.00449299,-0.00498032,0.00898933,2.87754e-06,1.94076e-06,2.84695e-07,0.000108297,0.00297437,0.000303336,0.00267103,29,0.00698231
2023-12-25 00:00:00+00:00,-0.0010599,1.0071,0.246937,-0.00921293,-0.0074081,0.0608988,1.94849e-05,5.61179e-06,3.4786e-06,8.2803e-05,-0.0011123,0.00390276,-0.00501506,27,0.00460722
2023-12-26 00:00:00+00:00,0.00395997,1.01108,0.217372,0.00152995,3.17645e-05,0.0537136,1.71996e-05,5.8632e-06,1.8018e-06,3.69406e-05,0.00394316,0.0017036,0.00223956,27,0.00288172
2023-12-27 00:00:00+00:00,6.64992e-06,1.01109,0.195396,0.00710823,0.00370731,0.044155,1.72958e-05,3.28408e-05,3.91929e-06,0.000126648,-6.34286e-05,0.00318325,-0.00324667,26.7083,0.00530605
2023-12-28 00:00:00+00:00,-0.000106733,1.01098,0.187287,0.00453901,0.00359758,0.0338929,1.08455e-05,1.71486e-06,1.28794e-06,0.000292016,-0.000383784,-0.0035703,0.00318652,27,0.0119167
2023-12-29 00:00:00+00:00,-0.00150186,1.00947,0.179476,-0.000120823,-0.00508906,0.0252336,8.07516e-06,6.07607e-06,1.06651e-06,0.000199975,-0.00168645,-0.00112214,-0.000564308,28,0.0135915
2023-12-30 00:00:00+00:00,0.00191733,1.0114,0.171141,0.00278564,-0.00281011,0.00201271,6.44097e-07,8.05121e-08,9.0543e-08,0.000299639,0.00161736,0.000439704,0.00117766,28,0.00919799
2023-12-31 00:00:00+00:00,0.00352715,1.01497,0.17336,0.000519546,-0.00493355,0.00762124,2.43947e-06,3.04933e-07,5.47877e-07,0.000506465,0.00302002,0.00159478,0.00142524,28,0.00817686
2024-01-01 00:00:00+00:00,-0.0017316,1.01321,0.159107,-0.00741566,-0.0107372,0.0150704,5.92535e-06,3.50406e-06,9.78867e-07,7.30726e-05,-0.00179525,0.0027342,-0.00452945,24.8333,0.00770199
2024-01-02 00:00:00+00:00,0.00146359,1.01469,0.157147,-0.000645408,-0.00472609,0.00410316,1.3128e-06,1.641e-07,1.95602e-07,3.56946e-05,0.00142915,-0.000696159,0.00212531,24,0.00789379
2024-01-03 00:00:00+00:00,0.00329911,1.01804,0.14926,0.000911815,-0.00531105,0.017461,6.30221e-06,9.3577e-07,1.30369e-06,3.30914e-05,0.00327079,-0.0035069,0.00677769,24.4583,0.00840602
2024-01-04 00:00:00+00:00,-0.000169124,1.01787,0.144003,0.00314103,-0.00444871,0.011632,3.72171e-06,4.65213e-07,4.28252e-07,2.95485e-05,-0.000193519,0.00238923,-0.00258275,25,0.00506811
2024-01-05 00:00:00+00:00,0.000217445,1.01809,0.138111,0.00500203,-0.00268138,0.00420333,1.34506e-06,1.68132e-07,2.03877e-07,6.91593e-05,0.000150368,-0.00179897,0.00194934,25.125,0.00661111
2024-01-06 00:00:00+00:00,0.000124319,1.01822,0.1393,0.00613883,-0.00352339,0.0176549,5.64947e-06,7.06184e-07,7.68314e-07,6.66573e-05,6.52294e-05,-0.00231339,0.00237862,26.7292,0.0127395
2024-01-07 00:00:00+00:00,0.000203578,1.01842,0.150362,0.00919826,-0.00341764,0.0156198,4.99783e-06,6.24729e-07,5.47636e-07,7.39425e-05,0.000136203,-0.00164351,0.00177971,28,0.0160481
2024-01-08 00:00:00+00:00,0.0001186,1.01854,0.230605,0.00708479,-0.0124882,0.173913,5.56387e-05,1.64654e-05,8.17478e-06,3.20644e-05,0.000171616,0.00895398,-0.00878236,28,0.0192961
2024-01-09 00:00:00+00:00,0.00160565,1.02018,0.299912,0.0128676,-0.00963468,0.102341,3.27326e-05,5.20372e-06,3.92936e-06,5.3685e-06,0.00164567,-0.00429972,0.00594539,28.125,0.0237087
2024-01-10 00:00:00+00:00,-0.00496227,1.01512,0.374619,0.0179678,-0.004857,0.247223,8.36789e-05,4.0432e-05,1.05544e-05,-7.25332e-06,-0.00482253,0.0114471,-0.0162696,29,0.0275596
2024-01-11 00:00:00+00:00,0.0054114,1.02061,0.453485,0.00164748,-0.00550086,0.10516,3.36615e-05,2.31643e-05,6.31531e-06,2.92655e-06,0.0054789,0.0112472,-0.00576835,29,0.0278926
2024-01-12 00:00:00+00:00,-0.000300715,1.0203,0.434667,-0.0192053,-0.012577,0.114791,4.03671e-05,1.25505e-05,6.71188e-06,4.57658e-06,-0.000231511,-0.0112884,0.0110569,29.9792,0.0271297
2024-01-13 00:00:00+00:00,-0.00088006,1.01941,0.393717,-0.0137061,-0.012014,0.04064,1.30058e-05,1.38726e-05,1.953e-06,4.63069e-06,-0.000845555,0.00442903,-0.00527458,30,0.0225529
2024-01-14 00:00:00+00:00,0.00228498,1.02174,0.382219,-0.00936995,-0.00802166,0.00819963,2.62546e-06,7.1142e-06,3.41444e-07,1.48155e-05,0.00228446,-0.0047932,0.00707766,30,0.0207053
2024-01-15 00:00:00+00:00,-0.00313694,1.01853,0.370738,-0.0155642,-0.0115405,0.0589072,1.88452e-05,1.09557e-05,2.2195e-06,4.7856e-06,-0.00311076,0.00325582,-0.00636657,28.7917,0.0223172
2024-01-16 00:00:00+00:00,0.000667078,1.01921,0.369724,-0.011557,-0.00509428,0.0537071,1.71855e-05,8.60138e-06,8.48285e-07,-1.15683e-05,0.000709227,0.00123543,-0.000526205,29,0.0214254
2024-01-17 00:00:00+00:00,-0.00318373,1.01596,0.38199,-0.00514631,-0.00605349,0.0722859,2.31346e-05,7.32207e-06,1.7348e-06,3.09257e-05,-0.003185,-0.00403255,0.000847546,29,0.0217929
2024-01-18 00:00:00+00:00,0.000987568,1.01697,0.399433,-0.000477507,-0.00282331,0.00918895,2.94099e-06,2.98687e-06,2.12804e-07,4.80097e-05,0.00094761,-0.00965053,0.0105981,29,0.0209046
2024-01-19 00:00:00+00:00,0.00100598,1.01799,0.440455,0.0157322,-0.00424746,0.171683,5.49488e-05,3.50266e-05,5.35934e-06,0.00012226,0.000982857,0.000526437,0.00045642,28.9792,0.0276601
2024-01-20 00:00:00+00:00,-0.00159583,1.01637,0.538267,0.0283103,-0.0148204,0.186156,5.95124e-05,2.43222e-05,1.05749e-05,0.000159533,-0.00165425,0.00223551,-0.00388976,29,0.0322051
2024-01-21 00:00:00+00:00,0.00313845,1.01956,0.555547,0.0335523,-0.0235181,0.0447568,1.43258e-05,3.80201e-06,1.05705e-06,0.000151042,0.00300656,-0.00249308,0.00549963,29,0.0347155
2024-01-22 00:00:00+00:00,-0.00333269,1.01616,0.551638,0.0338685,-0.0190901,0.0685385,2.19323e-05,1.3075e-05,1.89884e-06,0.00022771,-0.00352471,-0.0162861,0.0127614,27.875,0.0369864
2024-01-23 00:00:00+00:00,0.00240259,1.0186,0.582008,0.0264472,-0.0131036,0.0936653,2.99521e-05,2.12757e-05,6.20211e-06,0.000262046,0.00220522,-0.000662858,0.00286808,27.375,0.0326021
2024-01-24 00:00:00+00:00,-0.00551572,1.01298,0.602151,0.0385718,-0.0100002,0.0399364,1.27674e-05,5.57182e-06,1.26823e-06,0.000202202,-0.00569937,0.000836461,-0.00653583,27,0.0290237
2024-01-25 00:00:00+00:00,0.00192433,1.01493,0.58332,0.0567184,-0.00850405,0.154831,4.958e-05,2.29672e-05,5.38536e-06,8.24525e-05,0.00193098,-0.00595298,0.00788396,27,0.0249231
2024-01-26 00:00:00+00:00,-0.00343882,1.01144,0.561052,0.0388611,-0.0101991,0.0631913,2.02134e-05,1.43156e-05,1.62221e-06,7.49641e-05,-0.00347662,0.0163633,-0.0198399,27,0.0243513
2024-01-27 00:00:00+00:00,0.00289774,1.01437,0.560937,0.0271144,-0.0130396,0.0286101,9.15742e-06,1.40516e-06,7.27707e-07,0.000128252,0.00278255,0.00391838,-0.00113583,27,0.0225576
2024-01-28 00:00:00+00:00,0.0040753,1.01851,0.556797,0.03148,-0.00591303,0.0401359,1.28472e-05,1.8822e-06,1.49362e-06,0.000116267,0.0039729,-0.000975439,0.00494834,27.0208,0.0247009
2024-01-29 00:00:00+00:00,-0.00624572,1.01214,0.607668,0.00860606,-0.0109042,0.151762,4.85623e-05,3.26901e-05,5.80839e-06,9.22045e-05,-0.00626456,0.0099717,-0.0162363,28,0.0271558
2024-01-30 00:00:00+00:00,9.89276e-05,1.01224,0.623582,-0.00914909,-0.0183075,0.0502279,1.60634e-05,4.62883e-06,9.75142e-07,8.55908e-05,4.37567e-05,-0.00388669,0.00393045,28,0.0272514
2024-01-31 00:00:00+00:00,0.000819432,1.01307,0.564565,-0.0213092,-0.0226708,0.0701846,2.24502e-05,1.16151e-05,2.24177e-06,6.84215e-05,0.00079371,-0.0101118,0.0109055,28,0.0283982
2024-02-01 00:00:00+00:00,0.00417302,1.0173,0.534546,-0.0263438,-0.0181543,0.0348013,1.11367e-05,2.78716e-06,9.02467e-07,0.000128476,0.00405726,0.00416737,-0.000110116,28,0.0307324
2024-02-02 00:00:00+00:00,0.00723674,1.02466,0.560402,-0.0277301,-0.0155095,0.0116416,3.72735e-06,2.97976e-06,7.44674e-07,0.000142311,0.0070839,0.00664244,0.00044146,28,0.0321591
2024-02-03 00:00:00+00:00,-0.000717426,1.02393,0.510951,-0.0160258,-0.0134945,0.241559,7.72616e-05,3.78469e-05,2.02442e-05,0.000112934,-0.000689978,-0.00252334,0.00183336,28,0.0335426
2024-02-04 00:00:00+00:00,0.00250203,1.02649,0.553151,-0.00336116,-0.0200242,0.126238,4.03974e-05,1.64009e-05,6.57064e-06,0.000110782,0.00245609,-0.00503603,0.00749211,28,0.0356952
2024-02-05 00:00:00+00:00,-0.00315943,1.02325,0.634689,0.00408751,-0.0283044,0.0347567,1.11286e-05,4.72009e-06,1.29315e-06,5.48041e-05,-0.0031948,0.00118545,-0.00438025,26.9583,0.0362268
2024-02-06 00:00:00+00:00,0.000627646,1.02389,0.631917,0.0022192,-0.0361303,0.0466727,1.49355e-05,4.96328e-06,1.07543e-06,0.000136886,0.000515272,0.00107452,-0.000559252,27,0.0337919
2024-02-07 00:00:00+00:00,0.00175812,1.02569,0.628186,-0.000311678,-0.0320553,0.065586,2.18927e-05,1.51726e-05,2.84903e-06,0.000118576,0.00168442,0.010471,-0.00878654,27.0833,0.0355688
2024-02-08 00:00:00+00:00,0.00966232,1.0356,0.683956,0.0048888,-0.0182683,0.103455,3.31107e-05,4.78037e-06,3.55893e-06,0.000238237,0.0094268,0.00863351,0.000793293,28.3958,0.0378278
2024-02-09 00:00:00+00:00,-0.00493858,1.03049,0.784939,-0.00164845,-0.0265397,0.194678,6.22839e-05,1.67126e-05,6.10698e-06,0.000234695,-0.00509218,0.00793604,-0.0130282,29.3333,0.0426459
2024-02-10 00:00:00+00:00,-0.000130522,1.03035,0.862293,0.00262433,-0.0230667,0.0349026,1.13725e-05,2.72991e-06,8.38101e-07,0.000241317,-0.000347719,-0.000382842,3.51229e-05,29.8542,0.0436307
2024-02-11 00:00:00+00:00,-0.00291851,1.02734,0.940398,0.013401,-0.0238087,0.113307,3.62547e-05,8.43627e-06,5.94885e-06,0.000273433,-0.00314147,-0.00377363,0.000632161,29,0.0431798
2024-02-12 00:00:00+00:00,-0.0108098,1.01624,0.921633,-0.0242933,-0.0378232,0.296234,9.45921e-05,2.8631e-05,2.98351e-05,0.000361372,-0.0110422,0.014688,-0.0257302,27,0.0407262
2024-02-13 00:00:00+00:00,0.00129975,1.01756,0.96932,-0.00630131,-0.0333868,0.0667085,2.13438e-05,9.94362e-06,2.30996e-06,0.00024801,0.00109217,-0.00554065,0.00663282,27.5208,0.0383745
2024-02-14 00:00:00+00:00,0.00470217,1.02234,0.960365,0.0102168,-0.0322182,0.399206,0.000127372,3.15308e-05,4.09119e-05,0.000197587,0.00471815,0.0249645,-0.0202464,28.0208,0.0377831
2024-02-15 00:00:00+00:00,0.0028034,1.02521,0.951165,0.06384,-0.0278615,0.641313,0.000230243,0.000117564,4.83392e-05,0.000208916,0.00301982,0.00623529,-0.00321547,28.25,0.0398979
2024-02-16 00:00:00+00:00,-0.00023849,1.02497,1.12142,0.0923873,-0.0153218,0.37666,0.000120497,7.84346e-05,1.85063e-05,0.000160483,-0.000153503,-0.000976358,0.000822855,29.9375,0.0437531
2024-02-17 00:00:00+00:00,-0.00087483,1.02407,1.30807,0.103776,-0.0147344,0.483867,0.00017048,5.11178e-05,5.9567e-05,8.33868e-05,-0.000632186,-0.00139608,0.000763895,30,0.0442388
2024-02-18 00:00:00+00:00,-0.00264147,1.02136,1.31229,0.0975771,-0.00866315,0.127959,4.09595e-05,1.28706e-05,4.96438e-06,0.000183844,-0.00275066,0.0116281,-0.0143787,30,0.0425099
2024-02-19 00:00:00+00:00,-0.00722908,1.01398,0.972653,0.0414749,-0.0465356,0.945703,0.000302519,6.32526e-05,8.17862e-05,4.35371e-06,-0.00678595,0.00346135,-0.0102473,29.8958,0.0405853
2024-02-20 00:00:00+00:00,0.0155174,1.02971,1.02704,0.0323623,-0.0357573,0.410397,0.000131456,2.75401e-05,2.15306e-05,-1.6191e-05,0.0156597,0.00351195,0.0121478,30,0.0417598
2024-02-21 00:00:00+00:00,0.0038097,1.03364,1.18096,0.0649204,-0.0223619,0.379767,0.000121619,3.3856e-05,1.65138e-05,0.000239717,0.00377534,-0.00522031,0.00899565,30,0.0478964
2024-02-22 00:00:00+00:00,0.00208115,1.03579,1.37701,0.0689347,-0.0249987,0.266298,9.35219e-05,2.20066e-05,2.75809e-05,0.000505486,0.00176814,0.00103362,0.000734516,30,0.049392
2024-02-23 00:00:00+00:00,-0.00267705,1.03302,1.39785,0.0615278,-0.0185802,0.169539,5.42521e-05,6.78151e-06,6.44165e-06,0.000477634,-0.00306067,-0.0170988,0.0140381,30,0.0482828
2024-02-24 00:00:00+00:00,-0.00222796,1.03071,1.47661,0.0576963,-0.0198791,0.181008,5.78581e-05,7.41276e-06,9.19214e-06,0.000533412,-0.00266217,0.0205752,-0.0232374,30,0.050885
2024-02-25 00:00:00+00:00,-0.00929003,1.02114,1.46157,0.0258295,-0.0299452,0.131733,4.21557e-05,9.66711e-06,5.11479e-06,0.000312015,-0.00955653,0.00988895,-0.0194455,30,0.0489498
2024-02-26 00:00:00+00:00,0.0229107,1.04453,1.33697,0.0407879,-0.00791168,0.672705,0.0002152,7.44029e-05,7.05422e-05,0.000269289,0.0228153,0.0334127,-0.0105974,29.0417,0.0479164
2024-02-27 00:00:00+00:00,-0.00917074,1.03496,1.24148,0.047362,-0.0182115,0.791903,0.000272676,5.54741e-05,4.36256e-05,0.000438626,-0.0092264,-0.000130072,-0.00909633,30,0.0537084
2024-02-28 00:00:00+00:00,-2.74536e-05,1.03493,1.19553,0.0563942,-0.0269451,1.22109,0.000392665,0.000171559,6.70458e-05,0.000401979,0.000455184,0.0293193,-0.0288641,29.4583,0.0575434
2024-02-29 00:00:00+00:00,-0.00857012,1.02606,0.801557,0.0648879,-0.0181768,1.28618,0.000427923,0.000366924,8.10561e-05,2.78767e-05,-0.00771436,-0.00819153,0.000477173,28.9792,0.0595526
2024-03-01 00:00:00+00:00,-0.00361057,1.02235,0.852191,0.0916887,-0.00957122,0.671846,0.000215051,0.000142271,4.21959e-05,9.01035e-05,-0.00326817,0.0150691,-0.0183373,29.9375,0.0584028
2024-03-02 00:00:00+00:00,0.00332541,1.02575,0.784049,0.104406,-0.00849294,0.798447,0.000258638,0.000206665,5.09371e-05,0.000188357,0.00375548,0.0214191,-0.0176636,30,0.0577665
2024-03-03 00:00:00+00:00,-0.00198587,1.02372,0.800729,0.0957037,-0.0109582,0.471725,0.000155099,9.16467e-05,3.03807e-05,0.00012894,-0.0017581,-0.000985059,-0.000773037,30,0.0590059
2024-03-04 00:00:00+00:00,0.0158842,1.03998,0.864319,0.0116836,-0.0329198,0.959333,0.00031946,0.000291674,0.000144428,0.000113919,0.0165022,0.0201828,-0.00368062,29.6458,0.0604307
2024-03-05 00:00:00+00:00,-0.00586542,1.03388,0.863415,0.0124869,-0.0242154,0.663319,0.000238976,0.00017854,9.70233e-05,8.21614e-05,-0.0052289,-0.0381344,0.0329055,29.6042,0.0632138
2024-03-06 00:00:00+00:00,-0.00901625,1.02455,0.795071,0.0557498,-0.0100896,1.03012,0.000329063,0.000270347,0.000111017,4.68639e-05,-0.00832583,0.0252161,-0.0335419,29.7292,0.0641212
2024-03-07 00:00:00+00:00,0.00898722,1.03376,0.754713,0.0788161,-0.00626682,0.782357,0.000250365,0.000228047,3.86024e-05,4.48264e-05,0.00947346,0.0177847,-0.00831127,30,0.0659561
2024-03-08 00:00:00+00:00,-0.0118741,1.02149,0.72695,0.0823312,-0.0127512,0.533961,0.000176797,0.000248735,3.11236e-05,0.00025272,-0.011667,0.00347092,-0.0151379,30,0.0654841
2024-03-09 00:00:00+00:00,-0.0168066,1.00432,0.745005,0.0853906,-0.0212166,0.263813,8.43287e-05,6.76515e-05,1.1574e-05,0.000350145,-0.017088,0.00471899,-0.021807,30,0.0592602
2024-03-10 00:00:00+00:00,0.0221155,1.02653,0.774071,0.0886667,-0.0191409,0.238017,7.62656e-05,9.5665e-05,1.14048e-05,0.000125669,0.0219654,0.0104888,0.0114766,30,0.0565876
2024-03-11 00:00:00+00:00,-0.00312081,1.02333,0.894596,0.0946307,-0.0284564,1.10519,0.000352852,0.000310902,8.32295e-05,7.1953e-05,-0.00234199,0.0239052,-0.0262472,29.9792,0.0611756
2024-03-12 00:00:00+00:00,-0.0071118,1.01605,0.892438,0.100855,-0.0157819,0.63113,0.000209913,0.00011583,3.77855e-05,-3.05116e-05,-0.00667143,-0.00206738,-0.00460405,30,0.0638212
2024-03-13 00:00:00+00:00,0.0245416,1.04099,0.893045,0.0742014,-0.0220951,0.526465,0.000168582,8.50762e-05,1.68316e-05,-3.73022e-05,0.0245886,0.0257825,-0.00119395,30,0.0620115
2024-03-14 00:00:00+00:00,0.00759293,1.04889,0.833741,0.0539895,-0.0314701,1.02589,0.000328288,0.000130082,3.24612e-05,0.000220928,0.00793661,0.00979936,-0.00186275,30,0.0623387
2024-03-15 00:00:00+00:00,-0.00422135,1.04446,1.00731,0.0416763,-0.0110383,0.848702,0.000280932,7.64092e-05,6.4158e-05,0.000119517,-0.00387618,-0.0140495,0.0101733,30,0.057716
2024-03-16 00:00:00+00:00,0.0083704,1.0532,1.07887,0.0404101,-0.00404976,0.419829,0.000134291,2.55442e-05,2.09047e-05,0.000151704,0.00840927,-0.0433633,0.0517726,30,0.056054
2024-03-17 00:00:00+00:00,0.00996206,1.0637,1.06748,0.0408379,-0.00335296,0.348301,0.000111468,1.97872e-05,1.58728e-05,2.96435e-05,0.0100826,0.0298071,-0.0197245,30,0.0584683
2024-03-18 00:00:00+00:00,0.0174499,1.08226,0.967061,0.0468693,-0.00752778,0.624573,0.000199887,6.72313e-05,5.02866e-05,4.25664e-05,0.0176152,-0.0139793,0.0315945,28.8958,0.0567423
2024-03-19 00:00:00+00:00,-0.00889296,1.07263,0.921033,0.0566039,0.00146892,0.566342,0.000189245,7.39634e-05,2.88818e-05,7.36981e-05,-0.00867529,-0.0430599,0.0343846,28.8958,0.0586456
2024-03-20 00:00:00+00:00,0.012928,1.0865,1.01149,0.0479568,0.0044656,0.382725,0.000122524,0.000104785,2.14002e-05,5.78961e-05,0.0130793,0.0639837,-0.0509044,28.9583,0.0537601
2024-03-21 00:00:00+00:00,0.00477578,1.09169,1.0637,0.0880728,0.00157738,0.270857,8.66781e-05,5.65219e-05,1.17081e-05,-3.98164e-06,0.00496696,-0.00782682,0.0127938,29,0.054944
2024-03-22 00:00:00+00:00,0.00625748,1.09852,1.13923,0.0917954,0.00327502,0.315926,0.000101106,8.07842e-05,1.33825e-05,0.000100273,0.00636544,-0.00823909,0.0146045,28.9375,0.0552437
2024-03-23 00:00:00+00:00,0.00866895,1.10804,1.18255,0.0751741,-0.00478601,0.289688,9.28811e-05,0.000146545,1.75529e-05,1.11766e-05,0.00893481,0.0148769,-0.00594211,29,0.0514625
2024-03-24 00:00:00+00:00,-0.00019707,1.10782,1.14727,0.074033,-0.0116464,0.155296,4.97606e-05,7.04678e-05,8.26033e-06,3.32995e-05,-6.24985e-05,0.0299079,-0.0299704,29,0.0516995
2024-03-25 00:00:00+00:00,0.00940161,1.11824,1.07287,0.0671335,-0.0147011,0.262114,8.38873e-05,0.000136676,9.90734e-06,2.25184e-05,0.00958831,0.0205355,-0.0109472,28.7708,0.0511552
2024-03-26 00:00:00+00:00,0.00719796,1.12629,1.10327,0.0777708,-0.020459,0.25368,8.12473e-05,0.000130488,1.28335e-05,4.61094e-05,0.00739681,0.0167074,-0.00931061,30,0.0541202
2024-03-27 00:00:00+00:00,0.00896125,1.13638,1.16147,0.109217,-0.0195176,0.534572,0.000171108,0.000131845,1.79854e-05,-6.71532e-05,0.0093616,-0.00966823,0.0190298,29.9583,0.0670377
2024-03-28 00:00:00+00:00,-0.0132865,1.12128,1.13987,0.109188,-0.0280691,0.886308,0.000283453,0.000254701,2.63488e-05,0.000126783,-0.0128758,0.0109593,-0.0238351,30,0.0649458
2024-03-29 00:00:00+00:00,0.0143364,1.13736,0.647603,0.115323,-0.013995,1.28062,0.000409951,0.000354739,3.17708e-05,-0.000132574,0.0152077,0.0133664,0.00184132,29.8958,0.0590202
2024-03-30 00:00:00+00:00,-0.0219723,1.11237,0.802983,0.138548,-0.00510989,0.481788,0.000162112,0.000219693,2.41636e-05,0.000150453,-0.0219052,-0.013003,-0.0089021,30,0.0566927
2024-03-31 00:00:00+00:00,0.00251386,1.11516,0.938088,0.153067,-0.0145075,0.245276,7.84277e-05,2.94458e-05,7.43358e-06,0.000148254,0.0025364,0.0175755,-0.0150391,30,0.0524719
2024-04-01 00:00:00+00:00,0.00938878,1.12563,1.00572,0.122647,-0.0131474,0.713404,0.000228391,0.000106047,3.66399e-05,0.000153248,0.00967604,-0.020418,0.030094,29.8125,0.0540675
2024-04-02 00:00:00+00:00,0.00312018,1.12915,1.03176,0.0693719,-0.00901866,0.748847,0.000255071,6.00645e-05,2.53412e-05,-6.24033e-05,0.00355509,-0.0312589,0.034814,30,0.0574055
2024-04-03 00:00:00+00:00,-0.00046699,1.12862,1.01748,0.0265131,-0.00313021,0.593821,0.000190036,3.16826e-05,2.35524e-05,3.20771e-06,-0.000208606,-0.00923527,0.00902666,30,0.0562666
2024-04-04 00:00:00+00:00,0.00549431,1.13482,1.13663,0.0471097,0.00667592,1.40769,0.000450526,9.89755e-05,4.99927e-05,0.000104902,0.00601481,0.0206646,-0.0146498,30,0.0590217
2024-04-05 00:00:00+00:00,-0.00252712,1.13195,1.00924,0.0394935,0.0114758,1.75201,0.000574579,0.000123483,6.71595e-05,0.000251237,-0.00199712,-0.0187055,0.0167084,29.6667,0.0604612
2024-04-06 00:00:00+00:00,-0.00988359,1.12076,0.773816,0.032538,0.00471039,0.719861,0.00023028,9.34175e-05,1.60751e-05,0.000229516,-0.00980683,0.0123031,-0.0221099,23.7083,0.0584417
2024-04-07 00:00:00+00:00,-0.0117242,1.10762,0.844433,0.0352668,0.00291206,0.23244,7.43532e-05,1.33736e-05,8.4166e-06,0.000282619,-0.0119518,0.00347186,-0.0154237,24.7708,0.054127
2024-04-08 00:00:00+00:00,-0.00231901,1.10506,0.967966,0.0575881,-0.00514223,0.48757,0.000156006,4.25549e-05,4.05406e-05,0.000146764,-0.0022162,0.0137546,-0.0159708,26.2083,0.0520159
2024-04-09 00:00:00+00:00,0.0107177,1.1169,1.0479,0.0608168,-0.00224144,0.444487,0.000147946,9.56409e-05,2.38564e-05,7.21342e-05,0.010885,-0.0237298,0.0346147,27,0.0532995
2024-04-10 00:00:00+00:00,0.0114633,1.1297,1.13663,0.0775307,0.00105636,0.57849,0.00018516,6.26118e-05,1.80545e-05,4.13469e-05,0.0116526,0.0115316,0.000121004,27.8125,0.0558646
2024-04-11 00:00:00+00:00,-0.00513498,1.1239,1.04978,0.0772398,0.00495849,0.827741,0.000264842,0.000109894,2.886e-05,-6.5761e-06,-0.00470855,-0.0149105,0.0102019,28.7292,0.060409
2024-04-12 00:00:00+00:00,0.0145683,1.14028,0.91429,0.0875383,0.0109782,3.39568,0.0011474,0.000347811,0.000383529,0.000167911,0.0161974,-0.0544068,0.0706043,28.7083,0.062536
2024-04-13 00:00:00+00:00,0.00937938,1.15097,0.69168,0.0930746,0.00309077,1.85533,0.000617537,0.000134336,0.00020668,0.000290516,0.010068,-0.0251164,0.0351844,23.4375,0.0658153
2024-04-14 00:00:00+00:00,0.00408287,1.15567,0.753385,0.0806605,0.00209466,1.39375,0.000446011,0.00015453,8.31771e-05,0.000282326,0.00450827,0.0309951,-0.0264869,24.1667,0.0654299
2024-04-15 00:00:00+00:00,0.00308121,1.15923,0.965947,0.062533,-0.00474627,0.832435,0.000266382,7.88749e-05,7.5204e-05,0.000478084,0.00305764,-0.0152687,0.0183264,26.5417,0.066779
2024-04-16 00:00:00+00:00,-0.0108286,1.14668,1.25356,0.0439957,-0.004859,0.818429,0.000261812,5.42169e-05,4.69207e-05,0.00038525,-0.01086,-0.00560603,-0.00525401,29,0.068664
2024-04-17 00:00:00+00:00,0.00295689,1.15007,1.33706,0.0308867,-0.00433238,0.927496,0.000296736,4.68221e-05,3.79013e-05,0.000101361,0.00326314,-0.0202381,0.0235012,29,0.0652876
2024-04-18 00:00:00+00:00,0.00995221,1.16151,1.44261,-0.00255962,-0.00595848,1.04514,0.000334504,7.04104e-05,6.33754e-05,2.67775e-05,0.0103742,0.033101,-0.0227268,29.75,0.0630164
2024-04-19 00:00:00+00:00,-0.00723873,1.15311,1.54654,0.011324,-0.00304608,0.775006,0.000247936,3.92808e-05,4.82808e-05,5.10821e-05,-0.00694416,0.00499357,-0.0119377,30,0.0623007
2024-04-20 00:00:00+00:00,-0.00641476,1.14571,1.52799,0.00749868,-0.00460311,0.593972,0.000189942,6.28064e-05,3.95795e-05,9.83241e-05,-0.00620658,0.0563402,-0.0625468,30,0.0584864
2024-04-21 00:00:00+00:00,-0.00273834,1.14257,1.47682,0.0155512,-0.00672668,0.304457,9.74354e-05,3.19821e-05,1.49874e-05,0.000190658,-0.0027706,-0.0132601,0.0104895,30,0.0541655
2024-04-22 00:00:00+00:00,-0.00466099,1.13725,1.25912,0.0429569,-0.0142001,1.01631,0.000325161,0.00010343,8.35763e-05,8.84729e-05,-0.00421983,0.0191852,-0.023405,29.9167,0.0542167
2024-04-23 00:00:00+00:00,-0.0200924,1.1144,1.10076,0.0635183,-0.0059793,0.522605,0.000184418,4.08977e-05,4.16721e-05,0.00019059,-0.0201713,-0.0118998,-0.00827149,30,0.0549362
2024-04-24 00:00:00+00:00,-0.0024327,1.11169,1.13546,0.0893583,-0.000947677,0.457514,0.000153493,3.20705e-05,2.29922e-05,0.000162227,-0.00234682,-0.0231299,0.0207831,30,0.0522553
2024-04-25 00:00:00+00:00,-0.00598646,1.10503,1.14184,0.0966957,-0.00904399,0.353107,0.000112985,1.83325e-05,1.32188e-05,0.00023911,-0.0060709,-0.00156968,-0.00450122,30,0.0507729
2024-04-26 00:00:00+00:00,0.00407715,1.10954,1.14757,0.0926613,-0.00890706,0.22692,7.26205e-05,3.31902e-05,8.40636e-06,0.000282828,0.00391876,-0.00981775,0.0137365,30,0.0493444
2024-04-27 00:00:00+00:00,0.00477181,1.11483,1.06636,0.0836809,0.00221812,1.63268,0.000522414,0.000160556,7.55723e-05,0.000321344,0.00521365,0.00478262,0.00043103,30,0.0520676
2024-04-28 00:00:00+00:00,-0.00146026,1.1132,0.955126,0.0756592,0.00684187,1.07619,0.000344392,0.000106168,2.40742e-05,0.000319055,-0.00129479,-0.00308463,0.00178983,30,0.0548357
2024-04-29 00:00:00+00:00,-0.00567404,1.10689,1.0779,0.0616899,-0.0313221,1.1599,0.000371225,9.21166e-05,6.6164e-05,0.000336444,-0.00548243,-0.00272046,-0.00276198,30,0.0559805
2024-04-30 00:00:00+00:00,0.00631407,1.11388,1.02289,0.0678513,-0.0254594,1.8065,0.00059247,0.000143814,6.00313e-05,0.000158925,0.00696255,-0.0320585,0.039021,29.9583,0.0562291
2024-05-01 00:00:00+00:00,-0.00279013,1.11077,1.06933,0.100584,-0.0143891,1.57895,0.000507561,9.53948e-05,6.47711e-05,0.000380698,-0.00247562,0.0111848,-0.0136605,26.2708,0.0548165
2024-05-02 00:00:00+00:00,-0.0208535,1.0876,1.08118,0.120601,0.00285928,1.3578,0.00043409,7.13063e-05,5.55826e-05,0.000245682,-0.0207235,-0.0088475,-0.011876,28.5208,0.0497492
2024-05-03 00:00:00+00:00,0.0023624,1.09017,1.21015,0.100176,-0.00136332,0.332732,0.000106526,1.5645e-05,1.19153e-05,0.000280637,0.00224312,0.0280804,-0.0258373,29.3125,0.0439977
2024-05-04 00:00:00+00:00,-0.00544424,1.08424,1.1883,0.0917448,-0.00945888,0.206355,6.60286e-05,8.39901e-06,9.64198e-06,0.000402611,-0.00574565,0.00291529,-0.00866094,30,0.0404733
2024-05-05 00:00:00+00:00,0.00711225,1.09195,1.08657,0.0729785,-0.00975744,0.37991,0.000124435,2.19275e-05,2.66474e-05,0.000586443,0.00668924,0.00996125,-0.003272,30,0.0381321
2024-05-06 00:00:00+00:00,-0.00626498,1.08511,0.888195,0.0622682,-0.000763403,0.867759,0.000277603,4.31531e-05,7.16987e-05,0.000239218,-0.00611735,-0.0084091,0.00229176,29.0625,0.0373937
2024-05-07 00:00:00+00:00,-0.00550762,1.07913,0.900501,0.088224,-0.00217728,0.157307,5.03273e-05,7.51839e-06,6.17721e-06,6.77161e-05,-0.00551472,-0.012174,0.00665933,30,0.0376808
2024-05-08 00:00:00+00:00,-0.00507218,1.07366,0.953555,0.0958574,0.00310742,0.510111,0.000176633,3.05889e-05,6.05045e-05,1.95213e-05,-0.00481232,-0.0110362,0.00622387,30,0.0400688
2024-05-09 00:00:00+00:00,-0.00573708,1.0675,1.00994,0.125977,0.00191584,0.930741,0.000297784,9.85934e-05,2.31362e-05,8.3059e-05,-0.0054015,0.0135555,-0.018957,30,0.0421181
2024-05-10 00:00:00+00:00,-0.00481183,1.06236,0.76738,0.0856061,-0.00987545,0.39996,0.000127939,3.70492e-05,8.43017e-06,0.000116222,-0.00475826,-0.0163191,0.0115609,30,0.0388221
2024-05-11 00:00:00+00:00,-0.000727367,1.06159,0.759026,0.0702285,-0.00544934,0.11379,3.64005e-05,9.4003e-06,3.64458e-06,5.25863e-05,-0.000724262,0.00105007,-0.00177433,30,0.034125
2024-05-12 00:00:00+00:00,-0.00110959,1.06041,0.770029,0.0754621,-0.00257736,0.0474773,1.51903e-05,1.92972e-06,1.19988e-06,6.04413e-05,-0.0011493,-0.000343152,-0.000806147,30,0.0331443
2024-05-13 00:00:00+00:00,-0.000243804,1.06015,0.832268,0.0768591,-0.00786381,0.49832,0.0001638,2.91534e-05,5.34666e-05,0.000133807,-8.84255e-05,0.00418412,-0.00427255,29.75,0.0361882
2024-05-14 00:00:00+00:00,-0.000624363,1.05949,0.829757,0.0696294,-0.0103812,0.180986,5.79029e-05,7.44737e-06,6.03202e-06,0.000440331,-0.000980811,-0.0178064,0.0168256,29.9792,0.0374962
2024-05-15 00:00:00+00:00,0.0153203,1.07572,0.933625,0.0762985,-8.78919e-05,0.22047,7.19469e-05,1.17825e-05,9.60971e-06,0.000478581,0.0148477,0.0397053,-0.0248576,29.9583,0.0373006
2024-05-16 00:00:00+00:00,0.0135381,1.09029,0.95799,0.060891,-0.00973057,0.279184,8.9372e-05,1.44005e-05,1.1876e-05,0.000197119,0.0133917,0.000829268,0.0125624,30,0.0417143
2024-05-17 00:00:00+00:00,0.00394856,1.09459,0.986884,0.041016,-0.0140618,0.368234,0.000117802,2.4306e-05,1.70215e-05,0.000108318,0.00401286,0.0177883,-0.0137754,30,0.0435209
2024-05-18 00:00:00+00:00,0.00310073,1.09799,1.09429,0.0326384,-0.0259648,0.222579,7.12549e-05,1.73451e-05,7.4672e-06,6.69877e-05,0.00316091,0.00426131,-0.00110041,30,0.0459148
2024-05-19 00:00:00+00:00,0.00894032,1.1078,1.09664,0.0135713,-0.0498737,0.253887,8.12753e-05,3.53832e-05,1.04565e-05,6.33413e-06,0.00903827,-0.0070912,0.0161295,30,0.0466826
2024-05-20 00:00:00+00:00,0.00692482,1.11547,1.07272,0.0202163,-0.0290237,1.20633,0.000385247,0.000216503,0.000103173,5.38173e-05,0.00763184,0.0529184,-0.0452866,27.875,0.0460495
2024-05-21 00:00:00+00:00,-0.0164178,1.09716,1.20911,0.0850708,-0.0131912,0.984622,0.000332956,0.000141523,5.51742e-05,1.90241e-05,-0.0159746,-0.00171802,-0.0142566,28.7083,0.0487182
2024-05-22 00:00:00+00:00,-0.0200338,1.07518,1.23892,0.0990705,-0.0104101,0.455993,0.000160043,9.67285e-05,3.65067e-05,3.8079e-05,-0.0199169,-0.01517,-0.00474696,28.9583,0.0466458
2024-05-23 00:00:00+00:00,-0.000648052,1.07448,1.15336,0.0725362,-0.00116477,0.275304,9.31358e-05,3.54743e-05,1.50371e-05,1.15837e-05,-0.000455499,-0.00901933,0.00856383,27.5,0.0412108
2024-05-24 00:00:00+00:00,-0.00675108,1.06723,1.1322,0.0241153,-0.00366996,0.15212,4.85193e-05,2.26869e-05,8.4562e-06,-2.19223e-06,-0.00665124,-0.00576528,-0.000885955,27.9792,0.0379414
2024-05-25 00:00:00+00:00,-0.00705275,1.0597,1.11991,0.0138869,-0.00401463,0.0550882,1.76187e-05,2.20234e-06,2.04503e-06,2.55272e-05,-0.00706255,0.00372095,-0.0107835,28,0.035221
2024-05-26 00:00:00+00:00,0.00444702,1.06441,1.00741,0.0130453,0.00698807,0.110565,3.53592e-05,4.6791e-06,4.8054e-06,1.65496e-05,0.00447156,-0.00635824,0.0108298,28,0.0147359
2024-05-27 00:00:00+00:00,-0.00285871,1.06137,0.775457,0.00367896,-0.00178689,0.301166,9.63477e-05,4.41851e-05,1.80096e-05,3.40632e-05,-0.00272535,0.0120297,-0.014755,26,0.0133976
2024-05-28 00:00:00+00:00,-0.00252699,1.05869,0.704093,-3.89681e-05,-0.00276016,0.0455186,1.49862e-05,6.70321e-06,1.83774e-06,0.000111005,-0.00261158,-0.00618293,0.00357135,25.5833,0.00966613
2024-05-29 00:00:00+00:00,-0.00208421,1.05648,0.641738,0.0168553,0.00755682,0.0645131,2.5475e-05,2.58019e-05,3.77811e-06,2.47106e-05,-0.00205218,-0.00303394,0.000981756,24.0417,0.00379841
2024-05-30 00:00:00+00:00,-0.000732651,1.05571,0.5976,0.0155519,0.00414867,0.051844,1.65805e-05,3.83779e-06,1.53273e-06,-5.57396e-06,-0.000699168,-0.00356517,0.00286601,24,0.000622721
2024-05-31 00:00:00+00:00,0.000229109,1.05595,0.566645,0.00656619,0.000823895,0.00225292,7.20629e-07,3.06342e-07,1.58929e-08,2.07785e-05,0.000210534,-0.000461735,0.000672268,24,0.00137934
2024-06-01 00:00:00+00:00,0.000561272,1.05654,0.558886,0.0155337,0.00466713,0.007138,2.28364e-06,9.97543e-07,6.65346e-08,2.6871e-05,0.000538697,0.00211018,-0.00157148,24,4.59844e-06
2024-06-02 00:00:00+00:00,-0.000227929,1.0563,0.547995,0.0184144,0.00732748,0.0264629,9.464e-06,1.39024e-06,1.14658e-06,2.41363e-05,-0.000237844,-0.00462915,0.00439131,23.0417,1.34626e-05
2024-06-03 00:00:00+00:00,-0.00231191,1.05386,0.439579,-0.00778344,-0.011388,0.134683,4.30748e-05,1.61853e-05,1.64977e-05,3.92884e-05,-0.00227657,0.000936284,-0.00321285,21,0.00316529
2024-06-04 00:00:00+00:00,-0.0010767,1.05273,0.433619,-0.00404467,-0.0106519,0.00807122,2.69953e-06,3.61384e-07,4.99723e-07,1.7604e-05,-0.00108966,0.00527784,-0.0063675,20.5833,0.00406169
2024-06-05 00:00:00+00:00,0.00154947,1.05436,0.420974,0.0175457,0.00297532,0.0223564,1.11756e-05,2.23512e-06,1.16289e-06,2.46452e-05,0.0015396,0.00418462,-0.00264502,19.0208,0.00420649
2024-06-06 00:00:00+00:00,-0.00043659,1.0539,0.420476,0.0191202,0.00621167,0,0,0,0,4.62782e-07,-0.000435527,-0.00300706,0.00257153,19,0.00366236
2024-06-07 00:00:00+00:00,0.00219283,1.05621,0.384529,0.0190434,-0.000921425,0.0918964,3.14031e-05,4.33641e-06,3.9459e-06,1.42131e-06,0.00223207,-0.00999896,0.012231,19.9583,0.00665012
2024-06-08 00:00:00+00:00,-0.00192066,1.05418,0.33483,0.0243254,-0.00348271,0.0307281,9.83267e-06,1.22908e-06,1.03363e-06,2.90969e-05,-0.00193798,-0.0036456,0.00170762,21.4583,0.011541
2024-06-09 00:00:00+00:00,0.0011923,1.05544,0.341964,0.0183033,-0.00614804,0,0,0,0,2.54695e-05,0.00116692,0.00249773,-0.0013308,22,0.0119126
2024-06-10 00:00:00+00:00,-0.00293496,1.05234,0.308351,0.00757987,0.00430127,0.201286,6.4392e-05,8.049e-06,1.76674e-05,7.24862e-06,-0.00285366,-0.00583555,0.00298189,20.3542,0.0149482
2024-06-11 00:00:00+00:00,-4.25472e-05,1.05229,0.341209,0.00859036,0.000706341,0.0515653,1.93095e-05,2.99944e-06,3.70999e-06,1.64476e-05,-2.90748e-05,-0.00883872,0.00880964,22.4167,0.0137393
2024-06-12 00:00:00+00:00,-0.00134977,1.05087,0.339059,0.00936205,0.000827307,0.0363097,1.16182e-05,1.45227e-06,1.34757e-06,1.3391e-05,-0.00134739,0.0045198,-0.00586718,22.5208,0.0106921
2024-06-13 00:00:00+00:00,0.00047569,1.05137,0.335057,0.00542121,0.00181967,0.0109179,3.49296e-06,4.3662e-07,3.41257e-07,1.69141e-05,0.000464432,-0.00775969,0.00822412,22.5625,0.0089588
2024-06-14 00:00:00+00:00,0.00126525,1.0527,0.32874,0.00627527,0.00308292,0.0486209,1.55587e-05,1.94483e-06,1.79565e-06,1.82567e-05,0.00126668,-0.00214642,0.00341309,22.8125,0.0106204
2024-06-15 00:00:00+00:00,0.00118404,1.05395,0.350602,0.00504981,0.00342009,0.023671,7.57472e-06,9.86146e-07,9.7779e-07,1.19196e-05,0.00118183,0.00245157,-0.00126974,25,0.0124324
2024-06-16 00:00:00+00:00,0.00338697,1.05752,0.359842,0.000982005,0.00234735,0.0215666,6.90083e-06,8.62604e-07,6.01898e-07,1.86041e-05,0.00337222,0.0047712,-0.00139897,26,0.0117897
2024-06-17 00:00:00+00:00,0.00219534,1.05984,0.347206,-0.00120854,-0.00589892,0.115525,3.69604e-05,4.88968e-06,7.79139e-06,1.76986e-05,0.00222758,-0.00922681,0.0114544,29.3125,0.0129134
2024-06-18 00:00:00+00:00,0.00439602,1.0645,0.385876,-0.0191665,-0.00303625,0.360694,0.000131918,1.99015e-05,2.65559e-05,9.00168e-05,0.00448093,-0.00432046,0.00880139,27.5,0.0186366
2024-06-19 00:00:00+00:00,3.4039e-05,1.06454,0.572192,-0.038728,-0.000833497,0.202009,6.46422e-05,9.77776e-06,1.10844e-05,7.008e-05,5.47712e-05,0.00143279,-0.00137802,28.5833,0.0243623
2024-06-20 00:00:00+00:00,0.00282616,1.06754,0.694655,-0.0650582,-0.0073459,0.222943,7.13888e-05,1.14202e-05,1.40846e-05,0.000123144,0.00282088,0.00510512,-0.00228424,29.1875,0.0267614
2024-06-21 00:00:00+00:00,0.00133661,1.06897,0.745058,-0.0602949,-0.00900762,0.226753,7.2576e-05,1.96023e-05,1.28027e-05,7.33365e-05,0.00140899,-0.00180269,0.00321168,30,0.0274821
2024-06-22 00:00:00+00:00,0.010212,1.07989,0.75714,-0.0525273,-0.012459,0.179878,5.75824e-05,1.52647e-05,1.03104e-05,6.66858e-05,0.0101941,0.0044585,0.00573564,30,0.0274836
2024-06-23 00:00:00+00:00,-0.00311242,1.07653,0.731615,-0.0650497,-0.0230293,0.159993,5.11943e-05,1.59877e-05,5.28191e-06,2.52044e-05,-0.00306237,-0.0126954,0.00963304,30,0.0296254
2024-06-24 00:00:00+00:00,0.00582062,1.08279,0.710943,-0.0934066,-0.0263399,0.385388,0.000123337,4.78814e-05,2.32782e-05,7.09478e-05,0.00595249,0.00750131,-0.00154882,28.5,0.0269924
2024-06-25 00:00:00+00:00,-6.46297e-05,1.08272,0.696274,-0.096014,-0.0201339,0.203735,6.52051e-05,1.08388e-05,5.34358e-06,0.000118203,-9.07486e-05,0.00933167,-0.00942242,29,0.0243633
2024-06-26 00:00:00+00:00,0.00376291,1.0868,0.630199,-0.0773721,-0.012586,0.0493315,1.57883e-05,2.39701e-06,1.3072e-06,0.000186647,0.00359615,-0.00567587,0.00927203,29,0.0266238
2024-06-27 00:00:00+00:00,0.00642976,1.09378,0.689788,-0.0509993,-0.0109485,0.198389,6.35879e-05,7.94848e-06,7.92016e-06,6.55075e-05,0.00643836,0.0122967,-0.00585836,29.7292,0.0280475
2024-06-28 00:00:00+00:00,-0.003301,1.09017,0.755428,-0.0476909,-0.0147518,0.126177,4.03762e-05,5.86011e-06,4.43772e-06,0.000165871,-0.00341438,-0.0193162,0.0159018,30,0.0285665
2024-06-29 00:00:00+00:00,-0.00528385,1.08441,0.784545,-0.0571306,-0.015646,0.0483739,1.54802e-05,2.41324e-06,1.28292e-06,0.000343709,-0.0056166,-0.00542902,-0.000187582,30,0.0281672
2024-06-30 00:00:00+00:00,0.00315919,1.08784,0.800482,-0.0605067,-0.0225954,0.0556638,1.78147e-05,2.22684e-06,1.8439e-06,0.000265227,0.00291651,0.0170415,-0.014125,30,0.0299837
2024-07-01 00:00:00+00:00,-0.00504273,1.08235,0.793835,-0.0958354,-0.0468311,0.346836,0.000115781,2.23686e-05,2.97873e-05,0.000138189,-0.00500977,-0.00883601,0.00382624,29.5625,0.0321509
2024-07-02 00:00:00+00:00,0.0111564,1.09443,0.799677,-0.0868596,-0.043433,0.187652,6.00824e-05,1.90409e-05,8.74089e-06,0.00021908,0.0109794,0.0086605,0.00231886,30,0.0336077
2024-07-03 00:00:00+00:00,0.00509683,1.10001,0.800244,-0.0626221,-0.0269888,0.358737,0.000126517,2.29995e-05,3.76053e-05,0.00012815,0.0051582,-0.0301851,0.0353433,29.9583,0.0342573
2024-07-04 00:00:00+00:00,-0.00171612,1.09812,0.950025,-0.077227,-0.0145501,0.673686,0.00024269,5.79204e-05,6.20972e-05,6.26176e-05,-0.00137481,-0.0488419,0.0474671,28.8542,0.0346191
2024-07-05 00:00:00+00:00,0.00813758,1.10706,1.0447,-0.0632338,-0.0143237,1.28885,0.000451821,0.000168684,0.000189989,0.000170045,0.00879455,-0.00902428,0.0178188,29.3542,0.0363017
2024-07-06 00:00:00+00:00,-0.000852727,1.10611,0.834858,-0.0189415,-0.00960921,1.39619,0.000446716,0.000202564,7.45402e-05,0.000354001,-0.00044125,0.0342288,-0.03467,30,0.0392778
2024-07-07 00:00:00+00:00,0.0135076,1.12105,0.922676,-0.0134604,-0.00982978,0.570385,0.00018261,8.06086e-05,4.10986e-05,6.7587e-05,0.0136796,-0.031974,0.0456536,30,0.0417571
2024-07-08 00:00:00+00:00,0.00335365,1.12481,1.12171,-0.0341748,-0.023674,0.919684,0.000294123,0.000138134,0.000142915,0.000108786,0.00384178,0.0226573,-0.0188156,29,0.0422693
2024-07-09 00:00:00+00:00,0.00244817,1.12757,1.19504,-0.0106274,-0.0195391,0.265395,8.4983e-05,1.94039e-05,1.93073e-05,0.000102926,0.00249758,0.01307,-0.0105724,29,0.042142
2024-07-10 00:00:00+00:00,-0.00686458,1.11983,1.15562,-0.0124122,-0.0238743,0.301115,9.63695e-05,2.74346e-05,1.66678e-05,9.53964e-05,-0.00682656,0.0100148,-0.0168414,29,0.0413439
2024-07-11 00:00:00+00:00,-0.00520122,1.114,1.11807,0.0266867,-0.0195557,0.563318,0.000180209,5.65113e-05,3.23826e-05,7.43586e-05,-0.00496187,-0.0139153,0.00895347,29.5417,0.0382479
2024-07-12 00:00:00+00:00,-0.00642364,1.10685,1.23659,0.0259442,-0.02794,0.273975,8.76581e-05,2.558e-05,1.14382e-05,6.64928e-05,-0.00634896,0.0158979,-0.0222468,30,0.0413613
2024-07-13 00:00:00+00:00,0.000929326,1.10787,1.18895,0.0185497,-0.0184789,0.358909,0.000114789,1.86049e-05,1.85886e-05,9.96283e-05,0.0010042,0.00723286,-0.00622865,30,0.0405773
2024-07-14 00:00:00+00:00,-0.00405103,1.10339,1.10708,0.0232375,-0.0188576,0.282244,9.02737e-05,1.31301e-05,1.00994e-05,8.45741e-05,-0.0040088,0.0145679,-0.0185767,30,0.0422573
2024-07-15 00:00:00+00:00,-0.00646761,1.09625,1.00443,0.0368151,-0.0177457,0.616012,0.000205201,5.18162e-05,5.13279e-05,0.000105142,-0.00625393,0.0392297,-0.0454837,29.7083,0.0451912
2024-07-16 00:00:00+00:00,0.00132424,1.0977,0.913547,0.0293455,-0.016557,0.218105,6.98192e-05,3.80593e-05,1.28561e-05,7.32634e-05,0.00138455,0.00231933,-0.000934779,30,0.0424403
2024-07-17 00:00:00+00:00,-0.00854403,1.08832,0.932278,0.028675,-0.0163664,0.140802,4.85774e-05,2.65545e-05,1.54651e-05,4.71012e-05,-0.00851005,-0.00984846,0.0013384,30,0.0374127
2024-07-18 00:00:00+00:00,0.000344215,1.0887,0.905484,0.0279898,-0.0147892,0.132083,4.60774e-05,5.18802e-05,7.2353e-06,2.02728e-05,0.000449252,-0.0042447,0.00469395,30,0.0321796
2024-07-19 00:00:00+00:00,0.00297405,1.09193,0.878081,0.0235452,-0.00941297,0.177476,5.67971e-05,3.24328e-05,9.8386e-06,4.98708e-05,0.00304392,0.022575,-0.0195311,30,0.0335925
2024-07-20 00:00:00+00:00,-0.00875779,1.08237,0.781965,0.0153274,-0.00835153,0.217582,6.94913e-05,1.74185e-05,1.39278e-05,7.08389e-05,-0.00874689,0.00211227,-0.0108592,30,0.0354528
2024-07-21 00:00:00+00:00,0.000872207,1.08332,0.670777,0.000800529,-0.00979372,0.281435,0.000103306,2.95118e-05,1.89179e-05,4.86916e-05,0.000986274,0.00792956,-0.00694328,29.5417,0.0361964
2024-07-22 00:00:00+00:00,0.00454872,1.08824,0.610167,-0.0302395,-0.026704,0.202692,6.49033e-05,3.82191e-05,2.15977e-05,3.33436e-05,0.00464208,-0.0112372,0.0158793,27.4167,0.0372641
2024-07-23 00:00:00+00:00,-0.00870438,1.07877,0.663852,-0.0305462,-0.0356244,0.35344,0.000113093,2.33862e-05,1.58577e-05,8.0681e-05,-0.00864072,-0.0123794,0.00373868,28,0.0383163
2024-07-24 00:00:00+00:00,0.00491955,1.08408,0.759583,-0.0053451,-0.0220648,0.482697,0.000154477,2.6196e-05,1.23938e-05,3.59112e-05,0.00507963,-0.00760955,0.0126892,28,0.0398558
2024-07-25 00:00:00+00:00,-0.0117086,1.07139,0.909958,0.0141361,-0.0165278,0.400807,0.000131245,2.38505e-05,2.16627e-05,4.72858e-05,-0.0116083,-0.0161645,0.0045561,28.125,0.0422765
2024-07-26 00:00:00+00:00,-0.00316086,1.068,0.925773,0.00654058,-0.0139877,0.186464,5.96582e-05,8.69767e-06,6.6593e-06,0.000136576,-0.00319827,0.0246602,-0.0278585,29,0.0402359
2024-07-27 00:00:00+00:00,0.000927057,1.06899,0.869952,-0.00829085,-0.0109693,0.25305,9.05743e-05,1.57611e-05,4.28142e-05,0.000123777,0.000970543,-0.00144998,0.00242052,29,0.0377214
2024-07-28 00:00:00+00:00,0.00323915,1.07245,0.798571,-0.0260209,-0.0169505,0.0437565,1.40018e-05,1.75022e-06,2.25365e-06,2.87366e-05,0.00324658,-0.00162877,0.00487535,29,0.0385497
2024-07-29 00:00:00+00:00,0.00643393,1.07935,0.765479,-0.0280524,-0.0243602,0.218535,6.9953e-05,1.43206e-05,1.2764e-05,2.10273e-05,0.00650902,0.000517438,0.00599159,28.25,0.0406811
2024-07-30 00:00:00+00:00,-0.0075193,1.07124,0.749346,-0.0222115,-0.0231266,0.0679699,2.17466e-05,2.71832e-06,2.67172e-06,2.56767e-05,-0.00753917,-0.00753456,-4.61625e-06,29.1667,0.0381724
2024-07-31 00:00:00+00:00,0.000917988,1.07222,0.749942,-0.0135624,-0.0203484,0.185755,5.94267e-05,7.69797e-06,9.80685e-06,7.05198e-05,0.000929674,-0.0114493,0.0123789,30,0.0379884
2024-08-01 00:00:00+00:00,0.0044014,1.07694,0.742336,-0.0261788,-0.0152873,0.253953,8.29631e-05,1.32624e-05,1.18812e-05,7.3273e-05,0.00443714,-0.0017235,0.00616064,29.6667,0.0399791
2024-08-02 00:00:00+00:00,-0.00106878,1.07579,0.786589,-0.0321763,-0.0170706,0.282748,9.95603e-05,3.98494e-05,1.77769e-05,-1.3819e-05,-0.000884289,-0.0331718,0.0322875,29.0208,0.0429015
2024-08-03 00:00:00+00:00,-0.0018849,1.07376,0.773725,-0.0234074,-0.0152645,0.512221,0.000199748,6.077e-05,7.85623e-05,3.4295e-05,-0.00156734,-0.0263576,0.0247902,27.8333,0.0393659
2024-08-04 00:00:00+00:00,-0.00780447,1.06538,0.849709,-0.0281214,-0.0136304,0.440529,0.000144504,1.94832e-05,2.43151e-05,-2.68906e-05,-0.00760767,-0.0281282,0.0205205,27.6042,0.0400423
2024-08-05 00:00:00+00:00,0.0160753,1.08251,0.915453,0.014156,-0.00522984,1.30431,0.000464656,9.83442e-05,0.000189093,-4.09893e-05,0.0168687,-0.0435499,0.0604185,28.4792,0.0361377
2024-08-06 00:00:00+00:00,-0.0124432,1.06904,0.926262,0.0157798,-0.00246609,0.323027,0.000103288,1.29109e-05,3.52575e-05,0.000148918,-0.012497,0.0289929,-0.0414899,29.9792,0.0328749
2024-08-07 00:00:00+00:00,-0.000850986,1.06813,0.837384,0.0101925,-0.00244379,0.31094,9.94093e-05,1.24262e-05,3.81894e-05,0.000147957,-0.000827031,-0.0111362,0.0103092,29.875,0.0287844
2024-08-08 00:00:00+00:00,0.00738501,1.07601,0.803607,0.0177107,-0.00166988,0.257345,8.25098e-05,1.03137e-05,2.10213e-05,0.000107997,0.00740168,0.0588774,-0.0514757,30,0.029221
2024-08-09 00:00:00+00:00,0.000851802,1.07693,0.798744,0.0154227,-0.00348882,0.102687,3.28622e-05,4.10778e-06,7.08391e-06,0.00011593,0.000791267,-0.0112731,0.0120644,30,0.033276
2024-08-10 00:00:00+00:00,-0.00572469,1.07077,0.758299,0.00804506,-0.00585168,0.0577404,1.84766e-05,2.30957e-06,2.54798e-06,3.77863e-05,-0.00574716,0.00068005,-0.00642721,30,0.0330094
2024-08-11 00:00:00+00:00,0.00181236,1.07271,0.753709,0.000901628,-0.00296659,0.135873,4.34508e-05,5.43135e-06,5.07758e-06,8.95924e-05,0.00178376,-0.0227395,0.0245233,30,0.0320175
2024-08-12 00:00:00+00:00,0.00102374,1.0738,0.714313,-0.00418947,-0.00626352,0.161884,5.17981e-05,1.20782e-05,1.03664e-05,2.81283e-05,0.00107821,0.0249807,-0.0239025,29,0.0352835
2024-08-13 00:00:00+00:00,-0.00194136,1.07172,0.658607,-0.000608984,-0.00187011,0.189679,6.46395e-05,2.22262e-05,1.47194e-05,2.25991e-05,-0.00185584,-0.00152088,-0.000334958,29.25,0.0303883
2024-08-14 00:00:00+00:00,0.00194024,1.0738,0.590663,-0.000744298,-0.00598386,0.0396522,1.26909e-05,2.07629e-06,1.99431e-06,2.52449e-05,0.00193339,-0.00703235,0.00896574,30,0.0295452
2024-08-15 00:00:00+00:00,0.00345593,1.07751,0.577778,-0.00888918,-0.0139603,0.131697,4.21526e-05,1.0374e-05,6.05238e-06,6.89013e-06,0.0035087,-0.00831769,0.0118264,30,0.0311465
2024-08-16 00:00:00+00:00,-0.00497081,1.07215,0.576033,-0.00625737,-0.0179102,0.255068,8.1574e-05,1.63985e-05,1.47713e-05,7.39484e-05,-0.00493182,-0.00378002,-0.00115179,30,0.0350934
2024-08-17 00:00:00+00:00,-0.00345279,1.06845,0.576727,-0.0143063,-0.0225616,0.0967479,3.09346e-05,5.97275e-06,6.31927e-06,0.000109231,-0.00350862,0.00513415,-0.00864277,30,0.0389067
2024-08-18 00:00:00+00:00,0.00135161,1.0699,0.576029,-0.0157189,-0.014181,0.0394307,1.26091e-05,1.71821e-06,2.25958e-06,0.00010027,0.00127284,-0.00168475,0.00295759,30,0.0367383
2024-08-19 00:00:00+00:00,-0.00268523,1.06702,0.539835,-0.0114481,-0.0169388,0.321258,0.000102687,1.65291e-05,4.09394e-05,9.33128e-05,-0.00261592,0.00267093,-0.00528685,27.6875,0.0347168
2024-08-20 00:00:00+00:00,-4.45727e-05,1.06698,0.563341,-0.00370674,-0.0211846,0.219757,7.02881e-05,8.78602e-06,1.03529e-05,8.39189e-05,-3.23162e-05,0.00329557,-0.00332789,28,0.0351638
2024-08-21 00:00:00+00:00,-0.00201212,1.06483,0.544704,0.0224707,-0.022037,0.192024,7.38668e-05,1.18408e-05,2.09038e-05,2.68118e-05,-0.00192438,0.00843433,-0.0103587,28,0.0316912
2024-08-22 00:00:00+00:00,-0.00112819,1.06363,0.5053,0.0514996,-0.0149471,0.0534794,1.71102e-05,2.35943e-06,2.01439e-06,8.55982e-06,-0.00111157,0.00127826,-0.00238984,28,0.0309471
2024-08-23 00:00:00+00:00,-0.00583438,1.05742,0.449987,0.0588151,-0.0153398,0.269013,0.000100377,1.78455e-05,2.1949e-05,6.51654e-05,-0.00576816,0.01675,-0.0225182,28,0.0281445
2024-08-24 00:00:00+00:00,-0.000118704,1.0573,0.325191,0.0265089,-0.00465429,0.118662,4.48681e-05,1.06872e-05,1.02016e-05,3.54437e-05,-8.46551e-05,0.00226112,-0.00234577,25.9167,0.0228395
2024-08-25 00:00:00+00:00,-3.73329e-05,1.05726,0.269379,0.0129063,-0.00721372,0.0230486,7.37569e-06,9.21962e-07,7.62656e-07,-3.69056e-06,-2.32744e-05,-0.00470987,0.0046866,24,0.0223478
2024-08-26 00:00:00+00:00,0.0008713,1.05818,0.268404,0.00165154,-0.0115416,0.14813,4.74037e-05,1.73615e-05,1.37382e-05,6.21836e-06,0.000944288,-0.00678407,0.00772835,22.9375,0.0262199
2024-08-27 00:00:00+00:00,-0.002023,1.05604,0.311115,-0.0107884,-0.0163281,0.158805,5.08358e-05,1.18452e-05,4.0497e-06,2.38338e-06,-0.00195898,-0.00972466,0.00776568,24,0.0305028
2024-08-28 00:00:00+00:00,-0.00305557,1.05281,0.41266,-0.0120387,-0.0116131,0.0802259,2.70724e-05,1.07882e-05,4.46169e-06,2.54348e-05,-0.00303854,-0.00224543,-0.000793104,24.1042,0.0262795
2024-08-29 00:00:00+00:00,0.00103155,1.0539,0.445717,-0.0130445,-0.00686584,0.0578608,1.90651e-05,7.41288e-06,3.03176e-06,1.04781e-05,0.00105237,-0.000570904,0.00162328,24.0417,0.0268705
2024-08-30 00:00:00+00:00,-0.00136348,1.05246,0.483599,-0.0190146,-0.0115014,0.208036,7.17935e-05,3.94621e-05,1.24151e-05,1.8473e-05,-0.00125522,0.000218816,-0.00147404,25,0.0303214
2024-08-31 00:00:00+00:00,-0.00136568,1.05102,0.519073,-0.0194763,-0.00492991,0.0205892,6.59006e-06,1.18192e-06,5.23474e-07,1.03254e-05,-0.00136691,-0.00399036,0.00262345,25,0.0311663
2024-09-01 00:00:00+00:00,0.00319647,1.05438,0.50202,-0.0225931,-0.00483142,0.0146186,4.6786e-06,8.35022e-07,2.9667e-07,-3.53066e-05,0.00323444,-0.0106057,0.0138402,25,0.0300898
2024-09-02 00:00:00+00:00,0.000184933,1.05458,0.469358,-0.0367845,-0.0183422,0.170041,6.01213e-05,4.31736e-05,1.3522e-05,-1.10048e-05,0.000315215,0.0122698,-0.0119546,24.9792,0.0303729
2024-09-03 00:00:00+00:00,0.000920818,1.05555,0.477326,-0.0370205,-0.0202241,0.0607873,1.94533e-05,3.2306e-06,2.93632e-06,-1.9466e-05,0.00096839,-0.0104931,0.0114614,25.2917,0.0297979
2024-09-04 00:00:00+00:00,0.000977788,1.05658,0.514751,-0.0350292,-0.0117144,0.169824,5.43577e-05,1.10079e-05,9.76794e-06,0.000240979,0.000819772,0.00433576,-0.00351599,27.7292,0.0294535
2024-09-05 00:00:00+00:00,-0.00379062,1.05257,0.51701,-0.0395458,-0.0120068,0.0261289,8.35778e-06,1.04472e-06,7.01017e-07,3.11472e-05,-0.00381617,-0.00743088,0.00361471,28,0.0273593
2024-09-06 00:00:00+00:00,0.000446812,1.05305,0.481907,-0.0382265,-0.00905541,0.0731321,2.34016e-05,3.13606e-06,2.69814e-06,-1.84686e-05,0.000496611,-0.00868632,0.00918293,28,0.0211279
2024-09-07 00:00:00+00:00,-0.00153845,1.05143,0.466906,-0.0332278,-0.00490393,0.00491823,1.57375e-06,1.96719e-07,1.45321e-07,2.9929e-05,-0.00156617,0.00493893,-0.0065051,28,0.014426
2024-09-08 00:00:00+00:00,0.00325924,1.05485,0.461717,-0.0266657,-0.00290408,0.0207037,6.62844e-06,1.16066e-06,4.93919e-07,3.45318e-05,0.00323044,0.00674516,-0.00351472,27.1667,0.012355
2024-09-09 00:00:00+00:00,0.000947973,1.05585,0.41271,-0.0269823,-0.00515487,0.0877776,2.81033e-05,3.51291e-06,5.87233e-06,8.65654e-06,0.000979642,0.0109952,-0.0100156,25.9583,0.0106345
2024-09-10 00:00:00+00:00,0.00117433,1.05709,0.405797,-0.0291355,-0.00463109,0.0191722,6.13913e-06,8.38976e-07,9.35456e-07,1.61626e-05,0.00116857,0.00279968,-0.00163111,26,0.00832453
2024-09-11 00:00:00+00:00,0.00209231,1.0593,0.377567,-0.0216741,-0.0063244,0.0262112,8.3885e-06,2.41325e-06,4.738e-07,-2.38879e-05,0.00212693,-0.00420764,0.00633457,25.4792,0.00874014
2024-09-12 00:00:00+00:00,-0.000443271,1.05883,0.370012,-0.00254127,-0.00247969,0.027233,9.38467e-06,2.15153e-06,1.21631e-06,-0.000146307,-0.000282577,0.00368097,-0.00396355,25.4792,0.0136291
2024-09-13 00:00:00+00:00,-0.0024912,1.0562,0.378142,-0.00764546,-0.00424228,0.0475461,1.68724e-05,4.3303e-06,2.69207e-06,-0.000243772,-0.00222408,0.00566835,-0.00789244,26.25,0.0141939
2024-09-14 00:00:00+00:00,5.76642e-05,1.05626,0.381914,-0.0133387,-0.00441246,0.00403718,1.29183e-06,1.61479e-07,1.04867e-07,0.000101271,-3.91596e-05,-0.00121735,0.00117819,27,0.0153958
2024-09-15 00:00:00+00:00,0.00069535,1.05699,0.374017,-0.0194507,-0.011566,0.020205,6.46743e-06,4.1854e-06,1.23396e-06,0.000176593,0.000532893,-0.00338949,0.00392238,27,0.0155524
2024-09-16 00:00:00+00:00,0.000238581,1.05724,0.316107,-0.0121456,-0.00839553,0.08058,2.57891e-05,2.30645e-05,5.86357e-06,1.81901e-05,0.000276685,-0.00177711,0.00205379,25.875,0.0128784
2024-09-17 00:00:00+00:00,0.00279692,1.0602,0.314662,-0.00666923,-0.00698277,0.0205744,6.58601e-06,3.07632e-06,1.14771e-06,4.10907e-05,0.00276446,0.00567356,-0.0029091,26,0.0116832
2024-09-18 00:00:00+00:00,-0.000708471,1.05945,0.310211,-0.00680374,-0.00690686,0.0207282,8.46899e-06,2.91207e-06,1.0436e-06,4.55476e-05,-0.000740379,0.00496886,-0.00570924,25.7708,0.0108655
2024-09-19 00:00:00+00:00,-0.00161856,1.05774,0.299765,-0.00823995,-0.00783573,0.0395538,1.57565e-05,2.56082e-05,3.93713e-06,2.04633e-05,-0.00159209,0.00590994,-0.00750202,25.8958,0.00641163
2024-09-20 00:00:00+00:00,0.00146894,1.05929,0.282635,0.00176215,-0.00158891,0.0268477,1.09421e-05,2.30368e-06,1.34371e-06,1.20136e-05,0.00147166,0.00343027,-0.00195861,24.625,0.00572891
2024-09-21 00:00:00+00:00,0.00115231,1.06051,0.276849,0.00409454,-0.000769473,0.00913391,2.9233e-06,5.3078e-07,3.94542e-07,1.62291e-05,0.00114014,0.00296799,-0.00182785,24,0.00686332
2024-09-22 00:00:00+00:00,-0.000190961,1.06031,0.273089,-0.00013402,-0.00298189,0.00308393,1.18019e-06,1.87777e-07,1.3487e-07,5.57467e-06,-0.000193035,-0.003199,0.00300597,23.0833,0.0100444
2024-09-23 00:00:00+00:00,0.00107511,1.06145,0.261206,0.00595162,0.00397353,0.0242614,7.76322e-06,4.79234e-06,1.11946e-06,-2.36677e-05,0.00111315,0.00400402,-0.00289087,21.4792,0.00725507
2024-09-24 00:00:00+00:00,0.000316265,1.06178,0.26803,0.0029831,-0.000955998,0.00412418,1.31997e-06,3.48016e-07,2.2223e-07,8.41464e-06,0.000310739,0.0034791,-0.00316836,22,0.00511087
2024-09-25 00:00:00+00:00,-0.00254469,1.05908,0.265837,0.00250635,-0.00313163,0.0089611,3.24568e-06,1.90743e-06,2.62283e-07,1.2745e-05,-0.00255359,-0.00340283,0.000849247,21.6875,0.00106835
2024-09-26 00:00:00+00:00,-0.00256537,1.05636,0.264406,-0.00467795,-0.00565162,0.0349293,1.11677e-05,1.39596e-06,1.17353e-06,1.06498e-05,-0.00256309,0.00530221,-0.0078653,21,0
2024-09-27 00:00:00+00:00,-0.00342895,1.05274,0.230944,-0.0016915,0.00316424,0.115644,4.62339e-05,7.69949e-06,3.15829e-06,-3.85086e-06,-0.00337172,0.00377967,-0.00715139,20.3333,0
2024-09-28 00:00:00+00:00,-0.00286005,1.04973,0.162484,-0.00212163,0.0065752,0.0515966,1.7951e-05,3.17664e-06,2.99916e-06,-6.62926e-06,-0.0028319,-0.00106083,-0.00177107,18.625,0
2024-09-29 00:00:00+00:00,-0.000224145,1.0495,0.128281,0.00242809,0.00868778,0.0243763,1.08174e-05,1.98087e-06,7.5577e-07,-8.60025e-06,-0.000201702,-0.000314685,0.000112984,16.9792,0
2024-09-30 00:00:00+00:00,0.000842547,1.05038,0.109099,-0.00419637,-0.000818294,0.00923855,2.95631e-06,3.69539e-07,9.17698e-07,8.78803e-07,0.000845707,-0.00253456,0.00338026,15,0
2024-10-01 00:00:00+00:00,0.000475624,1.05088,0.104769,-0.00277507,0.000274394,0.00220949,7.07112e-07,8.8389e-08,8.39782e-08,-1.05516e-05,0.000487151,-0.00303229,0.00351945,15,0
2024-10-02 00:00:00+00:00,-0.00106195,1.04976,0.096486,0.000292083,0.0016744,0.00508497,1.62719e-06,2.03398e-07,1.42453e-07,-8.2671e-06,-0.00105206,-0.00176067,0.000708614,15,0
2024-10-03 00:00:00+00:00,-0.000895293,1.04882,0.093989,0.00261657,0.00418232,0,0,0,0,-8.15832e-06,-0.000887328,-0.000692903,-0.000194425,15,0
2024-10-04 00:00:00+00:00,0.000793887,1.04966,0.0957692,0.00305604,0.00556531,0.0011196,5.59829e-07,1.11966e-07,5.25953e-08,1.45845e-05,0.000779939,0.00235122,-0.00157129,14.4792,0
2024-10-05 00:00:00+00:00,0.000180919,1.04985,0.0964173,0.00405967,0.00697082,0,0,0,0,4.15605e-06,0.000176857,-0.000191889,0.000368746,14,0
2024-10-06 00:00:00+00:00,0.000529143,1.0504,0.0972167,0.00446852,0.00738181,0,0,0,0,1.37592e-05,0.000515359,0.00171414,-0.00119878,14,0
2024-10-07 00:00:00+00:00,0.000280848,1.0507,0.091863,0.0097358,0.00885667,0.0125827,4.02672e-06,2.43255e-06,5.11783e-07,7.94755e-06,0.000280026,-0.000425132,0.000705159,12.9792,0
2024-10-08 00:00:00+00:00,0.000193478,1.0509,0.0891531,0.0094828,0.00862922,0,0,0,0,1.63684e-05,0.000177268,-0.000222301,0.000399569,13,0
2024-10-09 00:00:00+00:00,-0.00115507,1.04969,0.0882116,0.0089026,0.00815208,0,0,0,0,1.26867e-05,-0.00116828,-0.00184342,0.000675137,13,0
2024-10-10 00:00:00+00:00,0.000479345,1.05019,0.0859783,0.00863551,0.00797612,0,0,0,0,1.22538e-05,0.000467188,0.000182739,0.000284449,13,0
2024-10-11 00:00:00+00:00,0.000401405,1.05061,0.0883272,0.0091551,0.00918312,0,0,0,0,1.92242e-05,0.000382216,0.0020029,-0.00162069,13,0
2024-10-12 00:00:00+00:00,0.000282268,1.05091,0.090526,0.00940834,0.00928961,0,0,0,0,1.85584e-05,0.00026379,0.000626923,-0.000363133,13,0
2024-10-13 00:00:00+00:00,0.000701413,1.05164,0.0901205,0.00959615,0.00970676,0.00305123,9.7643e-07,1.22054e-07,1.84351e-07,2.255e-05,0.000680163,0.000525762,0.000154401,13,0
2024-10-14 00:00:00+00:00,0.000941172,1.05263,0.0909063,0.00774315,0.00703052,0,0,0,0,1.21303e-05,0.000928727,0.00316171,-0.00223299,13,0
2024-10-15 00:00:00+00:00,-0.000967858,1.05162,0.0930417,0.00617247,0.00532781,0.00464371,1.48617e-06,1.85772e-07,6.65057e-08,3.22707e-06,-0.000969619,-0.000793818,-0.0001758,13.4375,0
2024-10-16 00:00:00+00:00,-0.00150748,1.05003,0.0897846,-0.00209203,-1.28435e-05,0.0051966,1.66239e-06,2.49277e-07,8.35557e-08,7.8269e-06,-0.00151411,-0.000629316,-0.000884794,14,0
2024-10-17 00:00:00+00:00,-0.00112629,1.04885,0.0861363,-0.00411482,-0.000585649,0.00787486,2.51871e-06,3.14838e-07,2.1794e-07,6.98396e-06,-0.00113052,-0.000923188,-0.000207331,14,0.00118756
2024-10-18 00:00:00+00:00,1.71482e-05,1.04887,0.0789183,0.00100599,0.00479195,0.00828015,2.64869e-06,3.8629e-07,4.50849e-07,1.89668e-05,1.97106e-06,0.00134341,-0.00134144,14,0.00325291
2024-10-19 00:00:00+00:00,-3.47509e-05,1.04883,0.0793844,0.00119187,0.00465796,0.00214501,6.8616e-07,8.577e-08,5.72221e-08,1.22739e-05,-4.60264e-05,0.000409787,-0.000455814,14,0.00263849
2024-10-20 00:00:00+00:00,0.00107651,1.04996,0.0807711,0.000995339,0.00373155,0.00411926,1.31817e-06,1.64771e-07,1.99244e-07,1.13423e-05,0.00106646,0.00148866,-0.000422204,14.4375,0.00682296
2024-10-21 00:00:00+00:00,0.0006257,1.05061,0.0877565,-0.0048611,-0.00598588,0.0214319,6.85851e-06,1.3319e-06,1.77704e-06,1.17735e-05,0.000623824,-0.00141119,0.00203501,16,0.0119749
2024-10-22 00:00:00+00:00,-0.00103349,1.04953,0.0938884,-0.00779345,-0.00960489,0.00543612,1.7394e-06,3.21215e-07,1.39065e-07,1.3561e-05,-0.0010448,-3.59903e-06,-0.0010412,16.875,0.0130513
2024-10-23 00:00:00+00:00,0.000858013,1.05043,0.0942341,-0.00764702,-0.00945604,0.00511016,1.63558e-06,2.04448e-07,2.73065e-07,9.15822e-06,0.000850993,-0.000215112,0.0010661,17.25,0.0120198
2024-10-24 00:00:00+00:00,-0.000584272,1.04982,0.101525,-0.00896116,-0.0122427,0.00213566,6.83458e-07,8.54322e-08,1.54098e-07,2.13427e-05,-0.000604136,0.000965321,-0.00156946,18,0.0125792
2024-10-25 00:00:00+00:00,0.00228017,1.05221,0.112785,-0.00651829,-0.0105044,0.0640178,2.04996e-05,3.22288e-06,3.01971e-06,2.29055e-05,0.00228344,-0.00373878,0.00602222,18.8542,0.0166627
2024-10-26 00:00:00+00:00,-0.00174466,1.05037,0.159338,-0.00622568,-0.0109609,0.0275289,8.80655e-06,2.5776e-06,1.29198e-06,1.49787e-05,-0.00174485,0.00191815,-0.00366299,19.375,0.0203284
2024-10-27 00:00:00+00:00,-0.002298,1.04796,0.173722,-0.00630523,-0.0103682,0.0317106,1.28256e-05,3.3171e-06,3.77281e-06,2.05374e-05,-0.00229759,0.00226893,-0.00456652,20,0.0247033
2024-10-28 00:00:00+00:00,0.00193479,1.04999,0.171911,-0.00960568,-0.012926,0.0650459,2.13892e-05,8.21323e-06,3.15533e-06,3.54075e-05,0.00193445,0.000498276,0.00143617,18.6042,0.027473
2024-10-29 00:00:00+00:00,-0.000652162,1.0493,0.181726,-0.0137352,-0.0143879,0.0810402,3.01947e-05,9.72911e-06,1.78646e-06,5.36323e-05,-0.000663104,0.00210815,-0.00277125,18.3333,0.0321444
2024-10-30 00:00:00+00:00,-0.00211797,1.04708,0.225554,-0.0156744,-0.0118804,0.14924,4.77546e-05,1.11715e-05,4.38628e-06,9.30139e-05,-0.00214867,-0.00304673,0.000898067,20.0625,0.0323365
2024-10-31 00:00:00+00:00,-0.00264807,1.04431,0.297851,-0.0203474,-0.0145235,0.272252,8.71168e-05,1.43653e-05,6.23263e-06,7.03579e-05,-0.00261076,-0.0058902,0.00327944,20.2917,0.0332277
2024-11-01 00:00:00+00:00,0.00158557,1.04596,0.230503,-0.0285767,-0.00987356,0.366565,0.000117304,3.1303e-05,7.69427e-06,3.28628e-05,0.00171237,-0.0011793,0.00289167,22.3125,0.0288202
2024-11-02 00:00:00+00:00,-0.000856514,1.04507,0.146048,-0.0184454,-0.00922173,0.154156,4.93289e-05,2.69497e-05,4.00277e-06,4.58051e-05,-0.000821455,-0.00154712,0.000725665,23,0.0294704
2024-11-03 00:00:00+00:00,0.00210907,1.04727,0.197944,-0.00811299,-0.00684117,0.28367,9.19844e-05,3.75726e-05,7.59867e-06,4.65397e-05,0.0021995,-0.00149205,0.00369155,22.0833,0.0318877
2024-11-04 00:00:00+00:00,-0.000311194,1.04695,0.310653,-0.0141314,-0.00471942,0.283879,9.08595e-05,1.74468e-05,6.87578e-06,1.97755e-05,-0.000213231,-0.00493819,0.00472496,21.8333,0.0374409
2024-11-05 00:00:00+00:00,0.0066011,1.05386,0.439808,-0.0112942,-0.00629634,0.135631,4.34002e-05,1.24243e-05,5.70259e-06,3.53629e-05,0.00661587,0.0149675,-0.00835162,23,0.036606
2024-11-06 00:00:00+00:00,-0.000927281,1.05288,0.555527,-0.0172516,-0.0041748,0.393408,0.000133356,2.54928e-05,2.35413e-05,2.62458e-05,-0.000757422,0.031814,-0.0325714,23.7083,0.038007
2024-11-07 00:00:00+00:00,0.00546331,1.05863,0.587153,-0.018522,-0.00634209,0.401943,0.000133527,3.93391e-05,3.02855e-05,7.45752e-05,0.00559652,0.00744741,-0.00185089,23.375,0.0400792
2024-11-08 00:00:00+00:00,0.00661032,1.06563,0.647855,-0.000231011,-0.00467691,0.200099,6.40475e-05,1.60368e-05,1.22698e-05,0.000103605,0.00658973,0.00320864,0.0033811,24.6667,0.045449
2024-11-09 00:00:00+00:00,-0.0111345,1.05376,0.813206,0.0288247,-0.00735981,0.912285,0.000295238,6.03211e-05,8.79384e-05,0.000197337,-0.0109039,0.0200253,-0.0309292,28,0.051287
2024-11-10 00:00:00+00:00,0.0245725,1.07966,0.705757,0.0318997,-0.0077404,0.526538,0.000182927,2.92927e-05,1.86432e-05,0.00019035,0.0243811,0.0316571,-0.007276,29.25,0.0508156
2024-11-11 00:00:00+00:00,0.0157422,1.09665,0.672205,0.0327455,-0.00633282,0.687253,0.000241787,0.000103362,6.33907e-05,0.000213856,0.0158631,0.0377615,-0.0218984,28.6458,0.05362
2024-11-12 00:00:00+00:00,0.0039353,1.10097,0.650711,0.00704617,-0.0128336,0.3213,0.000106427,5.04379e-05,2.00318e-05,0.000132976,0.00403573,-0.0107793,0.014815,29.8333,0.0585046
2024-11-13 00:00:00+00:00,-0.0039383,1.09663,0.64437,-0.0105228,-0.0133319,0.298185,0.000100723,8.88024e-05,2.78916e-05,0.000185387,-0.00382677,0.00116254,-0.0049893,29.8125,0.0606574
2024-11-14 00:00:00+00:00,0.000212427,1.09687,0.612551,0.008097,-0.011395,0.487296,0.00015571,0.000120317,4.88445e-05,0.000222388,0.000395619,-0.00840326,0.00879888,30,0.0577781
2024-11-15 00:00:00+00:00,0.0119217,1.10994,0.670322,0.0512205,-0.00485008,0.302242,9.67577e-05,6.00888e-05,1.51891e-05,0.00014,0.0119121,0.0216269,-0.00971484,30,0.0566203
2024-11-16 00:00:00+00:00,0.0161785,1.1279,0.735956,0.0546379,-0.00853223,0.234688,7.52147e-05,3.62717e-05,1.61707e-05,0.000139935,0.0160755,0.0207931,-0.00471758,30,0.0581125
2024-11-17 00:00:00+00:00,0.00312463,1.13143,0.657909,0.058806,-0.0045141,0.199733,6.39134e-05,4.17272e-05,7.35334e-06,0.000137114,0.00311419,-0.00374508,0.00685927,30,0.059284
2024-11-18 00:00:00+00:00,-0.00408206,1.12681,0.664387,0.0556975,-0.00921726,0.386489,0.000123683,9.51591e-05,4.64083e-05,0.000248982,-0.00405017,0.00220814,-0.00625831,29.9583,0.060432
2024-11-19 00:00:00+00:00,0.000801567,1.12771,0.661248,0.0455249,-0.00848651,0.235331,7.5174e-05,6.86792e-05,1.06088e-05,1.58148e-05,0.00102249,-0.00428349,0.00530598,30,0.0615253
2024-11-20 00:00:00+00:00,0.0132932,1.1427,0.630262,0.027441,-0.0116943,0.285345,9.13313e-05,3.2774e-05,8.92446e-06,-1.64798e-06,0.013355,-0.00651318,0.0198682,30,0.0642253
2024-11-21 00:00:00+00:00,0.0088992,1.15287,0.79725,0.00476003,-0.0161797,0.55079,0.000176346,8.36516e-05,2.53311e-05,4.87476e-05,0.00914757,0.0291733,-0.0200257,30,0.0713109
2024-11-22 00:00:00+00:00,0.0335243,1.19152,1.01853,0.06295,-0.0160307,1.75522,0.000562118,0.000506521,9.12994e-05,0.000120312,0.0340934,0.0341245,-3.11148e-05,30,0.109813
2024-11-23 00:00:00+00:00,-0.0174197,1.17076,0.694024,0.0462817,-0.00721805,1.50224,0.000488384,0.000660705,6.84403e-05,0.000116268,-0.0164184,0.00495107,-0.0213694,28.0833,0.110599
2024-11-24 00:00:00+00:00,-0.0086195,1.16067,0.672091,0.0333129,-0.0027748,1.08753,0.000347875,0.000517256,3.41958e-05,0.000140309,-0.00785035,0.00372071,-0.0115711,23.4792,0.103975
2024-11-25 00:00:00+00:00,-0.0112738,1.14759,0.685115,0.0347749,0.00555499,1.87925,0.000600913,0.000893791,0.000183352,7.05289e-05,-0.00967742,-0.0138836,0.00420615,28.5,0.099001
2024-11-26 00:00:00+00:00,0.0142894,1.16398,0.695184,0.0186222,0.00873184,0.954961,0.000305706,0.000336545,2.3924e-05,2.018e-05,0.0148809,0.00167276,0.0132081,24.9792,0.0931537
2024-11-27 00:00:00+00:00,0.00401403,1.16866,0.676327,0.00312335,0.00438739,1.02104,0.000326789,0.000385621,2.33988e-05,0.000112606,0.00466302,0.0187156,-0.0140526,22.2083,0.0920649
2024-11-28 00:00:00+00:00,-0.00747607,1.15992,0.821707,0.0122979,0.00669025,1.29908,0.00041556,0.000533288,3.9507e-05,0.000145964,-0.00661672,0.00263846,-0.00925517,25.8333,0.0938116
2024-11-29 00:00:00+00:00,0.00620528,1.16712,0.700254,0.00658051,-0.00232555,1.26258,0.000403876,0.000479848,3.18642e-05,0.000188857,0.00699536,0.0184147,-0.0114194,25.0625,0.0913948
2024-11-30 00:00:00+00:00,0.00778475,1.1762,0.660343,0.0266222,-0.00140491,1.02667,0.000328548,0.000324081,2.39012e-05,0.00021798,0.00824177,0.00316025,0.00508152,23.375,0.0909236
2024-12-01 00:00:00+00:00,0.00514456,1.18225,0.805592,0.0270574,-0.0152932,1.18349,0.000378705,0.000280696,3.03978e-05,0.000177198,0.0057473,0.0184162,-0.0126689,23.625,0.0883126
2024-12-02 00:00:00+00:00,0.0169503,1.20229,0.799906,0.022198,-0.00790872,1.73772,0.000567289,0.000425692,0.000122142,1.48053e-05,0.0179873,0.0108184,0.00716883,27.9167,0.0869224
2024-12-03 00:00:00+00:00,0.0166962,1.22237,0.767311,0.036713,-0.00520274,1.1436,0.000366152,0.000285537,5.2801e-05,0.000174881,0.0171646,0.0143997,0.00276491,28.9583,0.0853593
2024-12-04 00:00:00+00:00,0.00767716,1.23175,0.763994,0.0356495,0.00221016,0.912656,0.000292282,0.000197603,3.73416e-05,0.000266288,0.00798376,0.0110193,-0.00303556,29.8958,0.0852385
2024-12-05 00:00:00+00:00,-0.00139239,1.23004,0.781812,0.0417927,0.00588348,1.0152,0.000324718,0.000262319,4.15355e-05,0.000309992,-0.000994871,0.00982251,-0.0108174,30,0.0882436
2024-12-06 00:00:00+00:00,0.00352174,1.23437,0.814144,0.0497256,0.00974716,0.930829,0.0002979,0.000215608,3.95683e-05,0.000199873,0.00390119,0.0182118,-0.0143106,30,0.0869594
2024-12-07 00:00:00+00:00,-0.016295,1.21425,0.856666,0.0540796,0.00153513,0.991009,0.000316859,0.0001918,3.21176e-05,0.000235708,-0.0160326,0.00748964,-0.0235222,30,0.0859769
2024-12-08 00:00:00+00:00,0.00528419,1.22067,0.790243,0.0450286,-0.00678858,0.884333,0.000282997,0.0002043,1.91663e-05,0.000255197,0.00556298,0.00162859,0.00393439,30,0.0808729
2024-12-09 00:00:00+00:00,-0.0257124,1.18928,0.6736,0.0536782,0.00793518,1.75713,0.000580374,0.000260534,0.000127203,2.20219e-05,-0.0249685,-0.0676351,0.0426666,28.125,0.0809083
2024-12-10 00:00:00+00:00,0.0234491,1.21717,0.541068,-0.00531842,-0.00161504,1.18763,0.000380252,7.27069e-05,3.69131e-05,-1.64254e-05,0.0237312,0.00535713,0.0183741,29.7083,0.0840672
2024-12-11 00:00:00+00:00,-0.000284235,1.21683,0.519411,0.0102239,0.00201697,0.937665,0.000300076,6.53693e-05,2.47788e-05,9.62806e-06,0.000117262,0.0225705,-0.0224533,24.2292,0.0894115
2024-12-12 00:00:00+00:00,0.0136438,1.23343,0.614439,0.0317213,-0.00480337,1.27745,0.000408931,6.81899e-05,4.53433e-05,-1.51422e-05,0.0141229,0.00711453,0.00700836,25.8958,0.0904009
2024-12-13 00:00:00+00:00,0.00480725,1.23936,0.815636,0.0297832,-0.011723,1.3258,0.000437266,7.76457e-05,7.79863e-05,1.60132e-06,0.00543645,0.0147564,-0.00931996,28.7917,0.0914787
2024-12-14 00:00:00+00:00,-0.00398609,1.23442,0.989283,0.0477346,-0.00473158,0.869415,0.000278216,6.58508e-05,2.34986e-05,-0.000135875,-0.00346887,-0.0204093,0.0169405,29,0.0911559
2024-12-15 00:00:00+00:00,0.00669305,1.24268,1.10639,0.00666069,-0.0119596,1.25595,0.000401917,0.000121009,4.01718e-05,5.58019e-05,0.00722277,0.0209786,-0.0137558,29,0.0928138
2024-12-16 00:00:00+00:00,0.0136402,1.25963,0.941265,-0.0371912,-0.0331066,2.95625,0.000946288,0.000371147,0.000121187,-3.60823e-05,0.0150605,-0.00236039,0.0174209,29.75,0.0956762
2024-12-17 00:00:00+00:00,0.00927594,1.27131,1.06943,-0.0385427,-0.041768,1.53457,0.000491124,0.00047597,5.39615e-05,3.06854e-05,0.0102761,-0.00851218,0.0187883,29.9167,0.100097
2024-12-18 00:00:00+00:00,0.00738471,1.2807,1.04229,0.0154192,-0.0188619,2.30104,0.000736732,0.000458981,8.25534e-05,0.000131036,0.00855632,-0.0469529,0.0555093,28.4792,0.100605
2024-12-19 00:00:00+00:00,1.58062e-05,1.28072,1.14902,-0.0351194,-0.0122416,2.52807,0.000839655,0.000173032,0.000144692,1.63174e-05,0.00119111,-0.0476134,0.0488045,28.875,0.100658
2024-12-20 00:00:00+00:00,-0.0149794,1.26154,1.11213,-0.0419344,-0.00833674,2.39245,0.000787996,0.000119823,0.000185342,-0.000243021,-0.0136807,0.0229616,-0.0366422,29.6875,0.0978974
2024-12-21 00:00:00+00:00,0.00369995,1.26621,1.08227,-0.0355603,-0.0058983,1.22858,0.000393112,4.9139e-05,6.23051e-05,8.67661e-06,0.00422479,-0.0235459,0.0277707,30,0.0941026
2024-12-22 00:00:00+00:00,0.00738919,1.27556,1.19793,-0.0429386,-0.007119,0.957366,0.000306496,3.8312e-05,4.13563e-05,-9.42442e-05,0.0078707,0.00571291,0.00215779,30,0.0923092
2024-12-23 00:00:00+00:00,-0.00678938,1.2669,1.36919,-0.0273626,-0.0243429,2.99262,0.000957756,0.000129083,0.000172994,4.29936e-05,-0.00555465,0.0404387,-0.0459933,30,0.0885366
2024-12-24 00:00:00+00:00,-0.0068928,1.25817,1.18712,0.0214215,-0.0193063,2.15444,0.000689315,8.61644e-05,5.97519e-05,6.85676e-05,-0.00612991,0.0107502,-0.0168801,28.3333,0.0869416
2024-12-25 00:00:00+00:00,-0.000222102,1.25789,1.07607,0.019739,-0.00909962,1.79287,0.000573756,7.18536e-05,5.27672e-05,0.000148312,0.000345502,-0.00807965,0.00842515,25.5417,0.0872098
2024-12-26 00:00:00+00:00,0.00403359,1.26296,1.06336,0.0126148,0.000650406,1.82848,0.000585109,7.31386e-05,4.37018e-05,0.000147787,0.0046046,-0.02997,0.0345746,24.6667,0.0935497
2024-12-27 00:00:00+00:00,0.00413505,1.26819,1.1506,0.00420385,-0.0126041,2.92076,0.00093491,0.000180026,0.000102927,0.000136469,0.00524093,-0.00227101,0.00751194,24.2708,0.0969691
2024-12-28 00:00:00+00:00,-0.000845155,1.26711,1.10643,0.0534421,-0.00431164,1.74837,0.000559485,8.60967e-05,4.8289e-05,9.62823e-05,-0.000209714,0.022011,-0.0222207,26,0.0990253
2024-12-29 00:00:00+00:00,-0.000451045,1.26654,0.922558,0.0706843,0.00114799,1.02491,0.000327948,6.71018e-05,2.0597e-05,2.43438e-05,-4.62221e-05,-0.0181901,0.0181439,22.1875,0.0993019
2024-12-30 00:00:00+00:00,0.00388833,1.27147,1.00354,0.0522031,0.0216207,1.94961,0.00062382,0.000225312,8.52762e-05,-0.000107355,0.00495187,0.00210797,0.00284391,21.6042,0.098184
2024-12-31 00:00:00+00:00,-0.00339951,1.26715,1.08688,0.0476759,0.0078729,1.20463,0.000385513,0.000109427,3.46761e-05,0.000141178,-0.00298498,-0.0056409,0.00265591,23.2292,0.0989175
2025-01-01 00:00:00+00:00,0.01147,1.28168,1.26826,0.0594314,0.0083045,1.743,0.000571387,0.000144037,0.000105193,7.0187e-05,0.0122003,0.0372664,-0.0250661,24.4375,0.0979687
2025-01-02 00:00:00+00:00,-0.0131203,1.26486,1.10728,0.0254662,0.0042418,1.8364,0.000587457,0.000209022,5.4347e-05,0.000139669,-0.0124716,0.0146834,-0.0271549,27.9792,0.0965688
2025-01-03 00:00:00+00:00,0.0110163,1.2788,1.06077,0.00818087,0.00293939,2.33036,0.000751164,0.000184436,7.38478e-05,5.63585e-05,0.0119328,0.0487691,-0.0368363,25.3333,0.0947614
2025-01-04 00:00:00+00:00,0.00723352,1.28805,0.954618,0.0120878,-0.00826369,1.76175,0.00057708,0.000133311,6.46844e-05,0.000248615,0.00775251,0.00153778,0.00621472,24.3958,0.0930029
2025-01-05 00:00:00+00:00,-0.00526918,1.28126,0.897022,0.00523465,-0.0132664,1.18523,0.000379237,6.6336e-05,2.25783e-05,0.000150085,-0.00495418,-0.00670683,0.00175265,23.8958,0.09438
2025-01-06 00:00:00+00:00,-0.01428,1.26296,1.08768,-0.00725693,-0.0291075,2.8135,0.000931443,0.000256896,0.000145375,0.000216834,-0.0132222,0.00130581,-0.014528,24.6458,0.0945712
2025-01-07 00:00:00+00:00,0.0143044,1.28103,1.21453,0.0248753,-0.0270052,2.06102,0.000660078,0.000133931,7.38136e-05,0.0004274,0.0147073,-0.05992,0.0746274,24.5417,0.0967521
2025-01-08 00:00:00+00:00,0.0165629,1.30225,1.46746,0.0609262,0.0109964,2.43886,0.000805453,0.000204543,0.000179352,8.65358e-05,0.0176122,-0.019657,0.0372692,26.125,0.0973775
2025-01-09 00:00:00+00:00,-0.0057405,1.29477,1.44918,0.00905538,0.0128052,1.94527,0.000639799,0.000170425,0.000196164,6.72477e-05,-0.00477843,-0.0421407,0.0373622,28.0208,0.100121
2025-01-10 00:00:00+00:00,0.00824764,1.30545,1.52334,-0.00558262,-0.00244313,1.83317,0.000586871,0.000142145,9.71776e-05,0.000261539,0.00883746,0.0285434,-0.0197059,28.4792,0.097749
2025-01-11 00:00:00+00:00,0.00599095,1.31327,1.22181,0.0389209,0.005805,1.60314,0.00051306,0.000147118,5.43084e-05,0.000508231,0.00621553,0.0127324,-0.00651692,27.8542,0.0969739
2025-01-12 00:00:00+00:00,-0.000187555,1.31303,1.33529,0.0556462,0.000585246,1.63347,0.000522726,0.00013376,5.28286e-05,0.000263404,0.000272752,-0.0166993,0.016972,25.1667,0.0961389
2025-01-13 00:00:00+00:00,0.000586619,1.3138,0.744607,0.0523123,-0.00303349,2.67777,0.000888298,0.000247654,0.000163904,0.000310433,0.00162057,-0.00124942,0.00286999,25.5208,0.0981348
2025-01-14 00:00:00+00:00,7.0729e-05,1.31389,0.78002,0.0523376,-0.00540968,1.15619,0.000369977,9.84682e-05,3.84147e-05,0.000491951,0.000105997,0.0153163,-0.0152103,24.1875,0.100461
2025-01-15 00:00:00+00:00,0.00298955,1.31782,0.730878,0.0338124,-0.00736715,1.79686,0.000584444,0.000144377,0.000109437,0.000294708,0.00356485,0.0348977,-0.0313328,25.375,0.099584
2025-01-16 00:00:00+00:00,0.00416857,1.32331,0.591254,0.0160807,-0.00606516,1.12992,0.000362743,0.00011971,3.35932e-05,0.000355527,0.00433897,-0.00463588,0.00897485,27.1042,0.0981384
2025-01-17 00:00:00+00:00,0.00407124,1.3287,0.622874,0.00762405,-0.00432723,1.26664,0.000409959,0.000166012,5.21583e-05,0.000636006,0.00407858,0.0186174,-0.0145388,27.0417,0.0972599
2025-01-18 00:00:00+00:00,0.0166881,1.35087,0.630161,0.0333316,-0.00433852,1.19423,0.000383947,0.000106722,4.30373e-05,0.00139616,0.0157165,-0.0172829,0.0329995,28.2917,0.10042
2025-01-19 00:00:00+00:00,-0.0178553,1.32675,0.739368,0.0345221,-0.00848625,1.54738,0.000505073,0.000186415,0.00010448,-3.92762e-05,-0.0171257,-0.0431262,0.0260005,27,0.104035
2025-01-20 00:00:00+00:00,0.00167686,1.32898,0.747106,0.0021877,-0.00480437,1.49994,0.00048056,0.000523823,0.00018272,4.11568e-05,0.00288533,-0.00487928,0.00776461,29,0.104002
2025-01-21 00:00:00+00:00,-0.00429331,1.32327,0.773843,0.0469585,-0.00310293,0.963316,0.000308222,0.000385332,6.07423e-05,-6.03366e-05,-0.00344706,0.0111769,-0.014624,29.8958,0.0980539
2025-01-22 00:00:00+00:00,0.000983879,1.32457,0.777743,0.0353825,-0.0167563,0.488011,0.00015616,0.000234706,2.60699e-05,-1.29096e-05,0.00147582,-0.00223784,0.00371365,30,0.0950634
2025-01-23 00:00:00+00:00,-0.0182438,1.30041,0.667892,0.00805027,-0.02018,0.73999,0.000244845,0.000280611,0.000111299,1.10743e-05,-0.0176166,-0.00535453,-0.0122621,30,0.0904143
2025-01-24 00:00:00+00:00,0.00832544,1.31123,0.679774,-0.00142437,-0.0140046,0.417302,0.000133585,0.000175083,1.59381e-05,2.81639e-05,0.00861583,-0.00206705,0.0106829,30,0.0900145
2025-01-25 00:00:00+00:00,0.000436865,1.31181,0.796716,-0.00716862,-0.0208732,0.198674,6.35683e-05,6.09457e-05,6.6533e-06,7.00289e-05,0.000532739,0.00188626,-0.00135352,30,0.0937048
2025-01-26 00:00:00+00:00,-0.00320207,1.30761,0.906804,-0.0318739,-0.0326762,0.255537,8.17802e-05,6.07776e-05,1.17346e-05,5.34852e-05,-0.00307258,-0.0191874,0.0161148,30,0.0948251
2025-01-27 00:00:00+00:00,-0.000215658,1.30732,0.907786,-0.0924309,-0.0281097,1.70269,0.000545697,0.000424015,7.15293e-05,8.59173e-05,0.000803851,-0.0126359,0.0134398,29.3958,0.0924803
2025-01-28 00:00:00+00:00,0.0168299,1.32933,0.610229,-0.068227,-0.0186079,1.07209,0.00034324,0.000239929,3.05006e-05,5.76849e-05,0.0172724,-0.0104266,0.027699,21.0833,0.0941929
2025-01-29 00:00:00+00:00,-0.00887147,1.31753,0.698603,-0.076394,-0.0252398,1.28448,0.00041098,0.00033888,4.60501e-05,7.32357e-05,-0.00815261,0.0108276,-0.0189802,20.0833,0.0991039
2025-01-30 00:00:00+00:00,0.0054461,1.32471,0.569148,-0.0459124,-0.0233318,1.11732,0.000357689,0.000430648,4.47906e-05,3.64962e-05,0.00624649,0.0132952,-0.00704866,20.4167,0.0950842
2025-01-31 00:00:00+00:00,-0.00513446,1.31791,0.580638,-0.0367331,-0.0266798,1.03848,0.000332235,0.000372522,2.11196e-05,5.61932e-05,-0.00444067,-0.00198541,-0.00245526,18.6042,0.0935955
2025-02-01 00:00:00+00:00,0.0090837,1.32988,0.526182,-0.015948,-0.0337989,1.19309,0.000381872,0.00045544,2.41561e-05,3.78605e-05,0.00989025,-0.0184395,0.0283298,19.6875,0.0908189
2025-02-02 00:00:00+00:00,-0.00324732,1.32556,0.717639,-0.0411798,-0.0254054,2.43561,0.000781343,0.000970731,9.92439e-05,3.66552e-05,-0.00138432,-0.033576,0.0321917,20.3958,0.0964767
2025-02-03 00:00:00+00:00,-0.014711,1.30606,0.630068,-0.0519403,-0.000938925,3.29308,0.00108955,0.00102572,0.000405923,0.000122378,-0.0122745,0.00826544,-0.0205399,25.3333,0.095592
2025-02-04 00:00:00+00:00,0.00251631,1.30935,0.510442,-0.0451069,-0.00299811,1.14069,0.000365106,9.25928e-05,6.14992e-05,8.45546e-05,0.00299286,-0.0104632,0.013456,27.0208,0.0918483
2025-02-05 00:00:00+00:00,0.00558218,1.31665,0.537484,-0.0345035,-0.00442887,1.09136,0.000356634,0.000118636,8.14758e-05,0.000211404,0.00593589,-0.00301356,0.00894945,24.75,0.0879905
2025-02-06 00:00:00+00:00,0.00234035,1.31974,0.538597,-0.0204252,-0.00370556,0.996769,0.000318979,5.59975e-05,3.39314e-05,6.43489e-05,0.00268675,-0.0102751,0.0129618,23.5208,0.0922672
2025-02-07 00:00:00+00:00,0.00342317,1.32425,0.529291,-0.0301226,-0.00341287,1.24044,0.00039696,7.23398e-05,4.43481e-05,5.76022e-05,0.0038827,0.0032176,0.000665099,24.5833,0.0984731
2025-02-08 00:00:00+00:00,-0.00219026,1.32135,0.541981,-0.0367803,-0.00334986,0.902293,0.000288708,3.74237e-05,2.67749e-05,4.57735e-05,-0.00187564,0.00502656,-0.0069022,21.5,0.0999568
2025-02-09 00:00:00+00:00,0.00124561,1.323,0.624146,-0.000830092,-0.00685784,1.23783,0.000396048,5.57046e-05,3.25317e-05,0.000103112,0.00163768,-0.00144178,0.00307946,21.7083,0.0979867
2025-02-10 00:00:00+00:00,-0.0106546,1.3089,1.08611,0.0369046,-0.0407704,1.77337,0.000567261,7.51327e-05,9.7158e-05,0.000148035,-0.0100852,0.00968001,-0.0197652,26.0417,0.100152
2025-02-11 00:00:00+00:00,-0.0055551,1.30163,1.0744,0.0333632,-0.047979,1.58214,0.00050601,8.38488e-05,7.3541e-05,0.000124173,-0.004933,0.00305403,-0.00798703,26.8125,0.0967099
2025-02-12 00:00:00+00:00,-0.00312144,1.29757,1.09954,0.015734,-0.0438028,1.69416,0.000542003,8.59728e-05,9.59705e-05,2.66931e-05,-0.00236208,0.0216027,-0.0239647,27.8125,0.0971072
2025-02-13 00:00:00+00:00,0.00205167,1.30023,1.12895,0.00350477,-0.0434824,1.52728,0.000488869,0.000132378,8.52519e-05,0.000264836,0.00254601,-0.0167147,0.0192607,29,0.0961362
2025-02-14 00:00:00+00:00,-0.00914701,1.28834,0.999784,0.0629794,-0.0340517,1.67402,0.000543249,0.000223312,6.77797e-05,0.000151303,-0.00843965,0.0126573,-0.0210969,28.4375,0.0947959
2025-02-15 00:00:00+00:00,0.00827391,1.299,0.604756,0.0323434,-0.0223514,0.941784,0.000301437,0.000142569,1.96595e-05,7.49884e-05,0.00863794,-0.00402398,0.0126619,19.5833,0.0931683
2025-02-16 00:00:00+00:00,0.00378478,1.30391,0.816006,0.0157467,-0.019416,1.33831,0.000428311,0.00021094,4.07275e-05,-0.000164082,0.004637,-0.0066723,0.0113093,17.9167,0.0970208
2025-02-17 00:00:00+00:00,-0.00782604,1.29371,1.17561,-0.0476567,-0.0563674,1.21592,0.000389037,0.000386234,6.59183e-05,-0.000167883,-0.00680421,-0.0123486,0.00554437,20.4792,0.0963103
2025-02-18 00:00:00+00:00,-0.0158694,1.27318,0.83446,-0.0729825,-0.0377398,1.43326,0.000458429,0.000432859,5.10934e-05,3.37854e-05,-0.015027,-0.0178182,0.00279111,23.9167,0.0947878
2025-02-19 00:00:00+00:00,0.00840037,1.28387,0.733612,-0.081125,-0.0290523,1.52383,0.000487689,0.000294012,5.97386e-05,1.36834e-05,0.00920803,0.00260358,0.00660445,24.5,0.09432
2025-02-20 00:00:00+00:00,-0.024478,1.25245,0.941636,-0.0407606,-0.033993,1.97423,0.000631327,0.00022084,7.59279e-05,4.44273e-05,-0.0238302,0.0108643,-0.0346945,25.25,0.0977021
2025-02-21 00:00:00+00:00,-0.00942832,1.24064,0.947682,-0.0132842,-0.0429027,2.31774,0.000741601,0.000246358,0.000102747,0.000283153,-0.00857317,-0.0149067,0.00633354,25.9375,0.0933771
2025-02-22 00:00:00+00:00,-0.007188,1.23172,0.697059,-0.0358268,-0.0395145,1.60222,0.000517973,0.000125019,7.36353e-05,9.33857e-05,-0.00654199,0.00787242,-0.0144144,25.7917,0.0864347
2025-02-23 00:00:00+00:00,0.0111062,1.2454,0.633126,-0.0322143,-0.0366808,1.03452,0.000331155,6.83459e-05,3.19683e-05,7.37146e-05,0.0114188,-0.00306125,0.01448,21.4167,0.0832333
2025-02-24 00:00:00+00:00,-0.00624661,1.23762,0.662142,0.0596637,-0.0308252,2.20567,0.00072012,0.000215553,0.000132397,0.000234228,-0.00540649,-0.0442542,0.0388477,23.4375,0.0836395
2025-02-25 00:00:00+00:00,-0.00172192,1.23549,0.573922,0.0106698,-0.0187478,1.51787,0.000493984,0.000238846,8.24296e-05,0.000140344,-0.00101283,0.0059086,-0.00692144,21.9583,0.0772759
2025-02-26 00:00:00+00:00,-0.0206167,1.21002,0.518062,0.0202711,-0.0167175,1.04443,0.000334077,0.000134318,4.41703e-05,0.000140463,-0.0204124,-0.00639598,-0.0140165,20.75,0.0681711
2025-02-27 00:00:00+00:00,0.00893282,1.22083,0.440237,0.0490859,-0.0166716,0.789572,0.000252718,0.000127336,2.71338e-05,8.49036e-05,0.00924989,0.000771913,0.00847798,19.0625,0.0593625
2025-02-28 00:00:00+00:00,-0.00259821,1.21766,0.430325,0.037821,-0.0156092,0.981126,0.000318816,0.00011883,4.7201e-05,0.000129729,-0.00221032,0.00507734,-0.00728766,19.1458,0.0570322
2025-03-01 00:00:00+00:00,0.0112103,1.23131,0.445195,0.0482683,-0.0191645,0.875043,0.000280118,0.000122354,3.04063e-05,7.50008e-05,0.0115387,-0.00239048,0.0139292,20.1042,0.0535835
2025-03-02 00:00:00+00:00,-0.0128648,1.21547,0.536676,0.0536797,-0.016777,1.61457,0.000516444,0.000171306,7.74238e-05,8.99128e-05,-0.0121834,0.0351174,-0.0473009,23.8542,0.0587918
2025-03-03 00:00:00+00:00,0.00341651,1.21962,0.645441,0.0533688,-0.0228787,1.45621,0.000465878,9.22081e-05,0.000106082,8.70913e-05,0.00408291,-0.0531731,0.057256,27.0417,0.0607205
2025-03-04 00:00:00+00:00,-0.0016151,1.21765,0.817467,0.0803538,-0.0150836,1.25066,0.00040815,8.30983e-05,9.02569e-05,0.000204561,-0.00116806,-0.000820402,-0.000347654,27.7292,0.0632667
2025-03-05 00:00:00+00:00,-0.0250847,1.1871,0.788384,0.0672267,-0.0151606,1.30308,0.000416723,7.37996e-05,7.33595e-05,0.00014142,-0.0249307,0.0039236,-0.0288543,29,0.0648886
2025-03-06 00:00:00+00:00,-0.000484379,1.18653,0.532478,0.049838,-0.0174139,0.927432,0.000296692,4.74571e-05,4.47989e-05,0.000234788,-0.000262035,-0.00287092,0.00260889,23.4583,0.0623306
2025-03-07 00:00:00+00:00,-0.0014969,1.18475,0.659703,0.0306073,-0.015933,1.56012,0.000503977,0.000140506,0.000111535,0.000162906,-0.000855099,-0.00951476,0.00865966,24.375,0.0645785
2025-03-08 00:00:00+00:00,-0.000846489,1.18375,0.609371,0.00638621,-0.0193072,1.61732,0.000528385,6.83587e-05,9.34808e-05,0.000110893,-0.000233505,-0.00601071,0.0057772,27.125,0.0670338
2025-03-09 00:00:00+00:00,-0.00436877,1.17858,0.586213,-0.00403084,-0.0209934,1.53127,0.000495072,9.98429e-05,5.76546e-05,7.29225e-05,-0.00377942,-0.0252143,0.0214349,22.9167,0.0669473
2025-03-10 00:00:00+00:00,0.00183837,1.18075,0.626523,-0.0410322,-0.0149249,2.56698,0.000821494,0.000523119,0.000124723,8.825e-05,0.00326475,-0.0141419,0.0174067,26.9167,0.0637154
2025-03-11 00:00:00+00:00,-0.00887891,1.17026,0.582792,-0.0151965,-0.0133637,2.01194,0.000643658,0.000335973,0.00011058,5.33059e-05,-0.00784993,0.0136748,-0.0215247,26,0.0626414
2025-03-12 00:00:00+00:00,-0.00470965,1.16475,0.641889,0.00540192,-0.0149941,1.56205,0.000499855,0.000122265,7.21464e-05,9.25702e-05,-0.00409656,0.00889485,-0.0129914,24.1042,0.063317
2025-03-13 00:00:00+00:00,0.0126665,1.1795,0.663534,0.00282363,-0.0140769,1.34693,0.000431265,8.58415e-05,4.99886e-05,0.000120347,0.0130658,-0.0100514,0.0231172,23.9375,0.0625682
2025-03-14 00:00:00+00:00,-0.0133923,1.16371,0.686733,0.00453293,-0.013392,1.37041,0.000438229,0.000155828,5.68275e-05,0.000135461,-0.0129191,0.0101766,-0.0230957,23.1042,0.0648745
2025-03-15 00:00:00+00:00,-0.00177432,1.16164,0.578935,0.011761,-0.0175129,0.791814,0.00025338,7.71279e-05,1.89151e-05,0.000154511,-0.00155664,0.00864479,-0.0102014,18.9167,0.061815
2025-03-16 00:00:00+00:00,-0.00947164,1.15064,0.44225,-0.00337908,-0.0199816,0.780073,0.000253185,6.25774e-05,3.03619e-05,0.000188799,-0.00934149,-0.00945891,0.000117416,16.5417,0.0569629
2025-03-17 00:00:00+00:00,-0.0114181,1.1375,0.363859,0.0318758,-0.00359294,1.25256,0.000400745,9.80453e-05,7.72266e-05,0.000722554,-0.0116183,0.00533223,-0.0169505,17.5625,0.0521211
2025-03-18 00:00:00+00:00,0.00138618,1.13908,0.246961,0.0346027,-0.0065354,0.669712,0.000214319,0.00010055,1.27797e-05,5.56183e-05,0.00166259,-0.00241067,0.00407326,15.75,0.0484725
2025-03-19 00:00:00+00:00,-0.00800255,1.12996,0.224269,0.0514988,-0.00478761,0.660565,0.000211398,0.000117,2.00412e-05,0.000145334,-0.00782189,0.00247186,-0.0102938,12.7708,0.0494144
2025-03-20 00:00:00+00:00,0.00498394,1.13559,0.275985,0.0664914,-0.00862812,0.547138,0.000175107,0.00010461,1.2079e-05,5.18383e-05,0.00522026,-0.000907035,0.00612729,14.6875,0.0524451
2025-03-21 00:00:00+00:00,-0.00118092,1.13425,0.304538,0.0485688,-0.00444407,0.4989,0.000159645,8.86923e-05,1.37448e-05,0.000151837,-0.00106581,0.000483983,-0.0015498,14.8125,0.0526702
2025-03-22 00:00:00+00:00,-0.00154174,1.1325,0.083625,0.0170462,-0.00318581,0.442785,0.000141705,6.38693e-05,1.70804e-05,3.80415e-05,-0.00135712,-8.26078e-05,-0.00127451,10.0833,0.0247419
2025-03-23 00:00:00+00:00,-0.000724237,1.13168,0.00976422,-0.00218916,-0.00459194,0.0588056,1.89705e-05,7.58686e-06,1.34029e-06,4.73507e-06,-0.000701205,-6.55202e-05,-0.000635685,2.95833,0.0187871
2025-03-24 00:00:00+00:00,-0.00298668,1.1283,0.00836215,-0.00785723,-0.0128539,0.0466978,1.65605e-05,2.40728e-06,5.64219e-06,8.79256e-06,-0.00297468,-1.27115e-05,-0.00296197,2.5,0.0156726
2025-03-25 00:00:00+00:00,0.000286646,1.12863,0.00646205,-0.00594723,-0.010956,0.0272082,8.70656e-06,1.13463e-06,1.53588e-06,4.64481e-06,0.000293655,8.34899e-05,0.000210165,2.64583,0.0119742
2025-03-26 00:00:00+00:00,0.0006002,1.12931,0.0031161,-0.0031161,-0.0059586,0.0635696,2.03425e-05,2.54281e-06,4.74142e-06,-1.73279e-06,0.000629449,0,0.000629449,2,0.0106682
2025-03-27 00:00:00+00:00,0.000141214,1.12946,0.00229065,-0.00229065,-0.00351569,0.0709128,2.26921e-05,2.83652e-06,4.76912e-06,-3.525e-07,0.000171891,0,0.000171891,2,0.0107762
2025-03-28 00:00:00+00:00,0.000100186,1.12958,0.00277013,-0.00277013,-0.00428071,0.0806722,2.58151e-05,3.22689e-06,5.55962e-06,8.01295e-07,0.000134009,0,0.000134009,2,0.0134354
2025-03-29 00:00:00+00:00,8.04818e-05,1.12967,0.00293333,-0.00148673,-0.00379006,0.0703038,2.24973e-05,2.81216e-06,3.27396e-06,1.25572e-06,0.000107828,-1.52346e-05,0.000123062,2.125,0.014416
2025-03-30 00:00:00+00:00,-0.000274169,1.12936,0.0176169,-0.00106256,-0.00682328,0.118182,3.78178e-05,9.17067e-06,2.06033e-06,9.5175e-06,-0.00023456,-8.83714e-05,-0.000146188,4.20833,0.0175045
2025-03-31 00:00:00+00:00,0.00074751,1.1302,0.00818105,-0.00601798,-0.00823018,0.0911439,2.91665e-05,1.08755e-05,4.28023e-06,1.77714e-06,0.000790007,6.62757e-05,0.000723731,4.16667,0.0177684
2025-04-01 00:00:00+00:00,-0.00190744,1.12805,0.041885,-0.00673619,-0.00734708,0.180223,5.76681e-05,8.51523e-06,5.79469e-06,2.0481e-05,-0.00185716,-0.000217833,-0.00163932,7.27083,0.0235582
2025-04-02 00:00:00+00:00,-0.000669068,1.12729,0.0779425,-0.00902041,-0.00868682,0.260402,8.33355e-05,1.19877e-05,7.5293e-06,2.05852e-05,-0.000584943,-0.00258666,0.00200172,8.70833,0.0261425
2025-04-03 00:00:00+00:00,0.000137644,1.12745,0.158129,-0.0130895,-0.00650452,0.482584,0.000154433,2.34352e-05,1.26072e-05,-0.000116872,0.000446425,0.000489512,-4.30868e-05,13.6875,0.0270196
2025-04-04 00:00:00+00:00,0.00268441,1.13047,0.150333,-0.0142661,-0.00841802,0.467477,0.000149604,2.95738e-05,9.00298e-06,-0.000214019,0.00308441,0.00269092,0.000393492,13.9375,0.0271223
2025-04-05 00:00:00+00:00,-0.00080856,1.12956,0.0987439,-0.00353175,-0.0082767,0.199375,6.3798e-05,1.30079e-05,5.61863e-06,-1.15614e-06,-0.000724578,-0.00109811,0.000373529,9.91667,0.0286043
2025-04-06 00:00:00+00:00,0.00149905,1.13125,0.0556139,-0.00516895,-0.00656043,0.363519,0.000118364,1.97935e-05,1.33266e-05,-1.96054e-05,0.00166966,-0.00196474,0.0036344,9.83333,0.0281041
2025-04-07 00:00:00+00:00,-0.00131145,1.12977,0.069254,0.000290401,-0.00483461,0.544334,0.000174181,6.17289e-05,2.68357e-05,2.78301e-05,-0.00107627,0.00103291,-0.00210918,13.2292,0.0264524
2025-04-08 00:00:00+00:00,-0.00178812,1.12775,0.0450206,0.00205623,-0.0033888,0.150441,4.81386e-05,1.85965e-05,5.86698e-06,6.50871e-05,-0.00178131,-0.00183041,4.90977e-05,7.9375,0.0231433
2025-04-09 00:00:00+00:00,-0.00193134,1.12557,0.0482081,0.000310546,-0.00131492,0.353341,0.000113087,4.27933e-05,1.2243e-05,2.07388e-05,-0.00178476,0.00228178,-0.00406654,10.4583,0.0224039
2025-04-10 00:00:00+00:00,-0.000581571,1.12492,0.0440417,0.00412578,0.000309616,0.226029,7.23292e-05,2.19496e-05,6.33307e-06,1.82869e-05,-0.000499156,-0.00124395,0.000744793,10.1042,0.0190286
2025-04-11 00:00:00+00:00,-0.000473453,1.12438,0.0308458,0.00258323,-0.0013402,0.0972121,3.15536e-05,1.0406e-05,4.12574e-06,1.26331e-05,-0.000439731,0.00103108,-0.00147081,6.125,0.0173402
2025-04-12 00:00:00+00:00,0.000551549,1.125,0.0121412,0.00121954,-6.58514e-05,0.116937,3.74215e-05,7.68186e-06,7.05117e-06,3.60065e-06,0.000600254,0.000954075,-0.00035382,4.91667,0.0122761
2025-04-13 00:00:00+00:00,0.000156155,1.12518,0.00252035,-0.00090763,-0.00182187,0.0652674,2.08857e-05,3.82211e-06,6.39379e-06,2.83169e-06,0.000184436,-2.98062e-05,0.000214242,1.72917,0.0110425
2025-04-14 00:00:00+00:00,-0.000334545,1.1248,0.0101169,-0.00156884,-0.00295157,0.0787387,2.51963e-05,3.47129e-06,3.41728e-06,5.94366e-06,-0.000308383,-2.37594e-05,-0.000284624,3.72917,0.0140924
2025-04-15 00:00:00+00:00,-3.18051e-05,1.12477,0.0195997,-0.00411929,-0.0061315,0.09492,3.03749e-05,3.79686e-06,1.88885e-06,1.17761e-05,-7.00513e-06,-0.0002017,0.000194695,5.5625,0.0163989
2025-04-16 00:00:00+00:00,0.00120878,1.12613,0.0219274,-0.0069055,-0.00819131,0.148007,4.73634e-05,8.4687e-06,3.98546e-06,1.98623e-05,0.00124829,0.000693275,0.00055501,6.4375,0.0174378
2025-04-17 00:00:00+00:00,0.000280099,1.12644,0.0102202,-0.00210818,-0.0032634,0.111113,3.55565e-05,1.12243e-05,5.94051e-06,3.54084e-05,0.000297494,8.13899e-05,0.000216104,4.3125,0.0206426
2025-04-18 00:00:00+00:00,-0.000116019,1.12631,0.0141163,-0.00592101,-0.00784558,0.0672855,2.15313e-05,6.46283e-06,2.08826e-06,1.16494e-05,-9.74925e-05,-0.000160834,6.33415e-05,3.45833,0.0214194
2025-04-19 00:00:00+00:00,-0.00031301,1.12596,0.00805151,-0.00467538,-0.00566862,0.11887,3.80384e-05,3.07182e-05,6.27198e-06,5.15317e-06,-0.000243167,1.29939e-06,-0.000244467,3.5,0.0211669
2025-04-20 00:00:00+00:00,0.000104756,1.12608,0.00490557,-0.00465948,-0.0055292,0.0893461,2.85908e-05,2.50476e-05,5.1895e-06,1.46246e-06,0.000162154,0.000136924,2.52295e-05,2.8125,0.0165556
2025-04-21 00:00:00+00:00,0.000841606,1.12703,0.00440993,-0.00440993,-0.00461453,0.0469804,1.50339e-05,1.77794e-05,2.79197e-06,-9.85979e-05,0.000975657,0,0.000975657,2.125,0.0157517
2025-04-22 00:00:00+00:00,-0.00185773,1.12493,0.00626566,-0.00621963,-0.00639643,0.0755913,2.56076e-05,2.38465e-05,8.49871e-06,-3.97923e-05,-0.00176109,0,-0.00176109,2.02083,0.0207851
2025-04-23 00:00:00+00:00,-0.000497148,1.12437,0.00813853,-0.00678706,-0.00821146,0.0590318,1.88902e-05,4.75392e-06,3.16985e-06,1.53584e-05,-0.000485201,-0.000114409,-0.000370791,3.08333,0.0199798
2025-04-24 00:00:00+00:00,-0.000624363,1.12367,0.00598158,-0.00451513,-0.00392894,0.0401688,1.28538e-05,5.32112e-06,1.62718e-06,7.60605e-06,-0.000612183,-3.90617e-05,-0.000573121,2.5,0.0153338
2025-04-25 00:00:00+00:00,0.000921647,1.12471,0.00342573,-0.00132121,-0.00197269,0.0697489,2.23199e-05,6.38823e-06,5.25505e-06,1.81172e-06,0.000953545,0.000228493,0.000725052,2.0625,0.0113447
2025-04-26 00:00:00+00:00,6.26265e-05,1.12478,0.000996201,-0.000437724,-0.000634982,0.0377839,1.20909e-05,3.50706e-06,1.98734e-06,6.73684e-07,7.95434e-05,0.000119147,-3.96038e-05,1.79167,0.0105618
2025-04-27 00:00:00+00:00,-1.51507e-05,1.12476,0.00139831,-0.00139831,-0.00175449,0.0164646,5.26867e-06,6.58584e-07,1.39068e-06,1.59259e-06,-9.41438e-06,0,-9.41438e-06,0.6875,0.0105083
2025-04-28 00:00:00+00:00,7.16978e-05,1.12484,0.00459125,-0.00344885,-0.00535935,0.0851991,2.72638e-05,1.08379e-05,2.52981e-06,2.97371e-05,8.26186e-05,-5.26079e-05,0.000135226,2.95833,0.0125801
2025-04-29 00:00:00+00:00,5.43236e-05,1.1249,0.0016868,-0.0016868,-0.00185778,0.0300601,9.61921e-06,2.069e-06,8.92027e-07,3.83602e-07,6.65298e-05,0,6.65298e-05,1.14583,0.0121395
2025-04-30 00:00:00+00:00,-0.00166351,1.12303,0.0054127,-0.00157577,-0.00300811,0.108791,3.54757e-05,1.77654e-05,4.19412e-06,4.13322e-06,-0.00161109,-2.23675e-05,-0.00158873,3.58333,0.0136438
2025-05-01 00:00:00+00:00,0.000517965,1.12361,0.00979204,0.00230627,-0.000133458,0.0580809,1.85861e-05,9.58713e-06,1.49608e-06,1.83604e-06,0.00054572,0.000353397,0.000192323,3.625,0.0114586
2025-05-02 00:00:00+00:00,-0.000127877,1.12347,0.0118357,-0.00092764,-0.00687822,0.089416,2.8613e-05,1.02464e-05,4.52814e-06,2.96321e-07,-8.47349e-05,-0.000206223,0.000121488,4.625,0.0135214
2025-05-03 00:00:00+00:00,0.000155718,1.12364,0.00637518,-0.00303328,-0.00736535,0.109117,3.49175e-05,9.91546e-06,5.49359e-06,-8.69105e-06,0.000214754,0.00010308,0.000111674,3.75,0.0139048
2025-05-04 00:00:00+00:00,0.000459414,1.12416,0.00709157,-0.0059261,-0.00786079,0.108272,3.46473e-05,1.80957e-05,5.27516e-06,2.53368e-06,0.000514826,-5.90165e-08,0.000514885,3.45833,0.0170707
2025-05-05 00:00:00+00:00,0.000243223,1.12443,0.0134909,-0.00403502,-0.00915092,0.122168,3.90937e-05,1.52003e-05,4.53042e-06,3.26213e-05,0.000269582,-0.00012775,0.000397332,4.97917,0.017551
2025-05-06 00:00:00+00:00,-0.000265068,1.12413,0.0135896,-0.00514138,-0.00751529,0.108903,3.52762e-05,1.92436e-05,5.06693e-06,0.00033587,-0.00054077,-0.000911565,0.000370795,4.4375,0.0175943
2025-05-07 00:00:00+00:00,0.00118403,1.12547,0.0234683,-0.00474432,-0.00544609,0.170268,5.44876e-05,1.23138e-05,5.89262e-06,0.000115278,0.00114156,3.09243e-05,0.00111064,6.97917,0.0227559
2025-05-08 00:00:00+00:00,0.000256012,1.12575,0.0685128,-0.00126214,-0.00969172,0.414517,0.000132649,2.76162e-05,1.02189e-05,0.000180722,0.000247052,0.00547881,-0.00523176,14.5208,0.0259973
2025-05-09 00:00:00+00:00,-0.000880947,1.12476,0.164558,-0.00427084,-0.0126884,0.454471,0.00014688,4.67384e-05,1.62866e-05,8.19299e-05,-0.000747107,0.00301191,-0.00375901,16.0208,0.0282104
2025-05-10 00:00:00+00:00,0.00472566,1.13008,0.179833,0.00602981,-0.00811896,0.290902,9.50601e-05,1.7408e-05,9.4668e-06,3.73604e-05,0.00480276,0.00523393,-0.00043117,12.2083,0.0296548
2025-05-11 00:00:00+00:00,-0.00232127,1.12745,0.125706,-0.00527089,-0.008988,0.159791,5.11284e-05,1.29542e-05,3.9833e-06,4.37367e-05,-0.0022958,-0.00204236,-0.00025344,9.20833,0.0310459
2025-05-12 00:00:00+00:00,-0.00173914,1.12549,0.0834321,-0.00162158,-0.00776685,0.324607,0.000103847,7.51698e-05,2.51034e-05,2.0478e-05,-0.00155517,-0.000152933,-0.00140223,10.8958,0.0283693
2025-05-13 00:00:00+00:00,0.000621971,1.12619,0.0856035,-0.0032186,-0.00567688,0.233579,7.47503e-05,7.34967e-05,5.21464e-06,1.75382e-05,0.000758851,0.00265771,-0.00189886,10.2708,0.0284508
2025-05-14 00:00:00+00:00,0.00186593,1.12829,0.10003,-0.00556168,-0.00373126,0.269595,8.62781e-05,9.26476e-05,2.21212e-05,6.86307e-06,0.00205978,-0.0013734,0.00343318,11,0.0300704
2025-05-15 00:00:00+00:00,-0.000827337,1.12736,0.191772,-0.0146644,-0.00337105,0.391773,0.000125365,0.000109192,9.3685e-06,1.60171e-05,-0.000597511,-0.00409914,0.00350163,13.2292,0.0360387
2025-05-16 00:00:00+00:00,0.00436236,1.13228,0.287988,-0.021934,-0.00579336,0.445927,0.000142705,8.53191e-05,1.20677e-05,-1.0522e-05,0.00460728,0.000804545,0.00380273,14.4583,0.0396291
2025-05-17 00:00:00+00:00,-0.000346483,1.13189,0.325368,-0.019733,-0.00575016,0.354952,0.000113583,2.4636e-05,7.27138e-06,4.78881e-05,-0.000247704,-0.00379034,0.00354263,13.8333,0.0419405
2025-05-18 00:00:00+00:00,0.000471247,1.13242,0.287319,-0.0101613,-0.00500617,0.610555,0.000195373,3.70046e-05,1.014e-05,3.47962e-05,0.000680889,0.00868312,-0.00800223,14.4583,0.0424393
2025-05-19 00:00:00+00:00,0.00165821,1.1343,0.271736,-0.00834155,-0.00636507,0.756179,0.000246095,4.18172e-05,1.3538e-05,1.82818e-05,0.00194213,-0.00181039,0.00375252,15.4583,0.0413552
2025-05-20 00:00:00+00:00,-0.00344404,1.13039,0.275297,0.00154425,-0.00414613,0.606298,0.000193995,6.62389e-05,1.13281e-05,4.18069e-05,-0.00321753,-0.00197039,-0.00124714,17.4583,0.0426747
2025-05-21 00:00:00+00:00,-0.000794918,1.12949,0.144913,-0.0142458,-0.00268706,0.597191,0.000195627,3.20169e-05,2.66865e-05,-2.95071e-06,-0.00052171,0.00534396,-0.00586567,17.0417,0.0403567
2025-05-22 00:00:00+00:00,-0.0010631,1.12829,0.182012,-0.0100581,-0.00657232,0.361738,0.000115756,2.40169e-05,9.0217e-06,2.68559e-05,-0.000939682,0.00468474,-0.00562442,17.8542,0.0392825
2025-05-23 00:00:00+00:00,0.000469848,1.12882,0.157488,-0.0105984,-0.00694618,0.431902,0.000142432,2.4923e-05,2.35105e-05,-5.45426e-05,0.000718191,-0.00387324,0.00459143,15.6042,0.036991
2025-05-24 00:00:00+00:00,-0.00275981,1.12571,0.132596,-0.0309121,-0.00360378,0.178849,5.7224e-05,7.153e-06,5.08292e-06,-8.95454e-05,-0.00260161,0.000410832,-0.00301244,12.8542,0.035956
2025-05-25 00:00:00+00:00,0.00319121,1.1293,0.108227,-0.0362961,-0.00295647,0.203518,6.91332e-05,1.45824e-05,2.99861e-05,-0.000101489,0.00340513,0.00163834,0.0017668,11.3125,0.034147
2025-05-26 00:00:00+00:00,0.00132249,1.13079,0.130076,-0.0222192,4.65218e-05,0.424403,0.000135823,2.14131e-05,2.53307e-05,-3.94072e-05,0.00154424,-0.000647772,0.00219201,12.7083,0.0376596
2025-05-27 00:00:00+00:00,0.000694516,1.13158,0.197442,-0.00664919,0.000352491,0.486519,0.000155691,2.05783e-05,6.58219e-06,-1.45834e-05,0.000892726,0.00230633,-0.0014136,13.2083,0.0400159
2025-05-28 00:00:00+00:00,0.00335181,1.13537,0.151178,-0.0103655,-0.00406694,0.361403,0.000115665,1.62021e-05,4.97229e-06,-0.000107376,0.0035917,0.00016263,0.00342907,12.5,0.039142
2025-05-29 00:00:00+00:00,0.000207708,1.13561,0.166998,-0.0226237,-0.00276331,0.573305,0.00018346,2.41153e-05,8.82255e-06,-1.06555e-05,0.000435489,-0.00337043,0.00380592,11.5625,0.0427581
2025-05-30 00:00:00+00:00,-0.00083598,1.13466,0.30885,-0.0521873,0.004925,0.911189,0.000291585,7.20489e-05,2.51343e-05,-1.63877e-05,-0.00042459,-0.0183629,0.0179383,14.5625,0.0488298
2025-05-31 00:00:00+00:00,0.000853962,1.13563,0.478986,-0.0759628,0.00205184,0.849908,0.000271986,7.64667e-05,2.44238e-05,-0.000130593,0.00137692,0.00573186,-0.00435494,16.5625,0.0525899
2025-06-01 00:00:00+00:00,-0.00025152,1.13534,0.375098,-0.0593291,-0.00338537,0.534151,0.000170926,4.25428e-05,1.10131e-05,-1.83326e-05,-4.26759e-06,0.00339164,-0.0033959,14.25,0.0507819
2025-06-02 00:00:00+00:00,0.00505176,1.14108,0.301266,-0.0644379,-0.00897549,0.724574,0.000231909,3.28366e-05,2.08059e-05,-2.96828e-05,0.00535958,0.00527083,8.87525e-05,16.4167,0.0487285
2025-06-03 00:00:00+00:00,0.00100975,1.14223,0.211807,-0.0606789,-0.0120444,0.634851,0.000203171,3.65889e-05,1.36508e-05,2.18157e-05,0.00124752,0.00200938,-0.000761854,16.9375,0.0494579
2025-06-04 00:00:00+00:00,-0.0046681,1.1369,0.233117,-0.0669516,-0.013194,0.53534,0.000171296,4.02719e-05,1.25548e-05,-1.06643e-05,-0.00443854,-0.00540534,0.0009668,15.4375,0.0494667
2025-06-05 00:00:00+00:00,0.00355662,1.14094,0.499249,-0.11402,-0.012148,1.40388,0.000449231,9.23137e-05,4.23095e-05,-0.000179055,0.00433524,-0.0170373,0.0213725,20.5417,0.0528112
2025-06-06 00:00:00+00:00,0.00292626,1.14428,0.662269,-0.0826032,-0.0107332,0.875621,0.000280229,6.76788e-05,2.33116e-05,-0.000195342,0.00350268,0.00683064,-0.00332795,20.4167,0.052153
2025-06-07 00:00:00+00:00,0.00257787,1.14723,0.569853,-0.0526476,-0.010468,0.7486,0.000239553,8.57409e-05,1.49829e-05,-3.53314e-05,0.00296185,0.0114988,-0.00853696,17.8542,0.0520843
2025-06-08 00:00:00+00:00,-0.0012404,1.14581,0.369549,-0.0575996,-0.0139324,0.494713,0.000158303,6.35819e-05,1.00863e-05,-0.000122172,-0.000881949,9.73341e-06,-0.000891683,15.0417,0.0502603
2025-06-09 00:00:00+00:00,-0.00296521,1.14241,0.240051,-0.0367764,-0.0215824,0.816011,0.000261112,7.3202e-05,2.43241e-05,-1.56978e-05,-0.00259188,0.00736886,-0.00996075,11.7708,0.0504829
2025-06-10 00:00:00+00:00,-0.0007294,1.14157,0.167524,-0.0355085,-0.0175865,0.978184,0.000315119,9.39051e-05,2.07597e-05,-1.16844e-05,-0.000284091,0.00527297,-0.00555707,13.75,0.0501024
2025-06-11 00:00:00+00:00,0.000619974,1.14228,0.19906,-0.0279762,-0.0129619,0.608926,0.000194854,3.42523e-05,8.59407e-06,-1.46538e-05,0.000875199,-0.00283458,0.00370978,14.125,0.0481193
2025-06-12 00:00:00+00:00,0.00188594,1.14444,0.281044,-0.0527214,-0.0159785,1.2082,0.000386652,0.00012265,2.41761e-05,-6.50266e-05,0.00248628,-0.00928077,0.011767,17.4167,0.0512856
2025-06-13 00:00:00+00:00,-0.00286917,1.14115,0.490181,-0.0403333,-0.00990581,1.42514,0.000456032,0.000135275,4.90172e-05,2.36444e-05,-0.00224665,0.00124591,-0.00349256,17.8333,0.0564856
2025-06-14 00:00:00+00:00,0.000905383,1.14219,0.424146,-0.0305496,-0.0105908,0.911395,0.00029165,0.000105302,2.17826e-05,-0.000110239,0.00143617,-0.00503281,0.00646898,19,0.0555555
2025-06-15 00:00:00+00:00,-0.00176297,1.14017,0.413847,-0.0389865,-0.0153468,0.945121,0.000302424,8.25568e-05,1.74246e-05,-7.81633e-05,-0.00128061,0.00139654,-0.00267715,16.75,0.0563139
2025-06-16 00:00:00+00:00,0.00393991,1.14466,0.359425,-0.055451,-0.0247562,1.27037,0.000406556,0.000137,3.7849e-05,-8.40737e-05,0.00460332,0.000316715,0.00428661,17.5208,0.0568009
2025-06-17 00:00:00+00:00,0.0037673,1.14898,0.54113,-0.0815454,-0.0225372,1.12903,0.000361354,9.90955e-05,4.29837e-05,-0.0001448,0.00441571,-0.00722449,0.0116402,18.6458,0.0592713
2025-06-18 00:00:00+00:00,0.00700053,1.15702,0.637184,-0.0630064,-0.0200057,1.21482,0.000388787,8.74275e-05,4.5708e-05,-3.72364e-05,0.00754382,0.00434997,0.00319385,20.5,0.0627829
2025-06-19 00:00:00+00:00,0.00238078,1.15978,0.622471,-0.0601677,-0.020681,1.29311,0.000413742,0.000112994,5.16602e-05,3.21389e-05,0.00294944,0.000517334,0.00243211,20.5417,0.0635845
2025-06-20 00:00:00+00:00,0.00591727,1.16664,0.733047,-0.0421272,-0.020159,1.8797,0.00060163,0.000247588,7.54368e-05,6.63355e-06,0.00683117,-0.00987363,0.0167048,21.625,0.0650864
2025-06-21 00:00:00+00:00,-0.00576408,1.15991,0.957628,-0.0644599,-0.0201134,1.97228,0.000655444,0.000158857,0.000143984,-2.94414e-07,-0.00478891,-0.0249739,0.020185,22.6875,0.0672081
2025-06-22 00:00:00+00:00,0.00656923,1.16753,0.968055,-0.0465208,-0.0148147,1.99692,0.000664492,0.000289867,0.000135827,-8.47991e-06,0.00768735,-0.00876278,0.0164501,24.2917,0.0685265
2025-06-23 00:00:00+00:00,0.000384815,1.16798,0.806585,-0.0318058,-0.0114428,2.06747,0.000664437,0.000577308,0.000126762,-0.00156549,0.00334483,0.0394245,-0.0360797,22.8542,0.0672641
2025-06-24 00:00:00+00:00,0.00320218,1.17172,0.401777,-0.0215599,-0.00968397,0.826649,0.000264541,0.000302302,2.94399e-05,-0.000349317,0.00414681,0.000637983,0.00350883,17.2083,0.066078
2025-06-25 00:00:00+00:00,0.00466396,1.17719,0.311789,0.0186453,-0.00714872,0.930971,0.000297968,0.000345989,2.69928e-05,-0.000552648,0.00588584,0.00161738,0.00426846,14.0625,0.070442
2025-06-26 00:00:00+00:00,0.00262381,1.18028,0.477111,-0.0158086,-0.0141593,1.03296,0.000330562,0.000435841,4.3142e-05,-0.000323032,0.00376083,-0.00315928,0.00692011,16.1875,0.0787371
2025-06-27 00:00:00+00:00,-0.00739455,1.17155,0.614251,-0.0469836,-0.0210511,0.94231,0.000301465,0.000379959,3.73761e-05,-0.000503925,-0.0061865,0.0051219,-0.0113084,15.8958,0.0808291
2025-06-28 00:00:00+00:00,0.00196074,1.17385,0.490111,-0.0462598,-0.0238335,0.638481,0.000204336,0.000271924,1.73206e-05,-0.000440098,0.00290608,0.00232174,0.000584345,14.0833,0.0758012
2025-06-29 00:00:00+00:00,-0.00346205,1.16978,0.350233,-0.0245528,-0.0247154,0.719748,0.000230397,0.00022726,2.90212e-05,-0.00124375,-0.00170803,0.00739959,-0.00910762,11.8542,0.0700887
2025-06-30 00:00:00+00:00,0.0050204,1.17565,0.370313,-0.0335351,-0.0175876,1.22616,0.000392457,0.000253129,5.31159e-05,-0.000206464,0.00592417,-0.00116954,0.00709371,15.1042,0.064551
2025-07-01 00:00:00+00:00,0.00348983,1.17976,0.50716,-0.058665,-0.022338,1.25311,0.00040105,0.000182792,4.11403e-05,-0.000212652,0.00433291,-0.00709387,0.0114268,17.75,0.0697766
2025-07-02 00:00:00+00:00,-0.00138914,1.17812,0.673676,-0.0381473,-0.017216,1.39528,0.000454606,0.000110244,4.29937e-05,-0.000232767,-0.000536882,0.0208719,-0.0214087,19.0625,0.07378
2025-07-03 00:00:00+00:00,-0.00974079,1.16664,0.71414,0.000349839,-0.0214093,1.20882,0.000394647,7.25537e-05,9.56542e-05,5.79183e-05,-0.00922579,0.000237829,-0.00946362,21.375,0.0717235
2025-07-04 00:00:00+00:00,-0.00185065,1.16448,0.740973,-0.0235882,-0.0194191,1.28183,0.000410176,7.83497e-05,3.90689e-05,-0.000785702,-0.000530189,-0.0154777,0.0149475,21.375,0.0698025
2025-07-05 00:00:00+00:00,-0.00147939,1.16276,0.530661,-0.0588654,-0.0253851,1.01077,0.000323433,7.71817e-05,3.17847e-05,-0.00145115,0.000411796,0.00142145,-0.00100966,19.9375,0.0691374
2025-07-06 00:00:00+00:00,0.00117399,1.16413,0.279148,-0.0408409,-0.0264114,0.799374,0.0002558,9.37265e-05,2.1622e-05,-0.000377633,0.00192355,0.00135415,0.000569394,15.8333,0.0685663
2025-07-07 00:00:00+00:00,0.00328569,1.16795,0.45097,-0.132053,-0.0394351,1.52851,0.000489199,0.000155185,9.81096e-05,3.58563e-05,0.0039966,-0.00385174,0.00784834,17.3333,0.0707544
2025-07-08 00:00:00+00:00,-0.0149813,1.15045,0.472297,-0.100984,-0.0233397,1.09259,0.000349186,0.000128918,4.14528e-05,3.33952e-05,-0.0145441,0.00184941,-0.0163935,14.7292,0.073694
2025-07-09 00:00:00+00:00,-0.00625346,1.14326,0.308178,-0.0655412,-0.0306286,1.18599,0.000388128,0.000172307,7.18562e-05,0.000102274,-0.00572235,0.00999238,-0.0157147,13.7292,0.0718622
2025-07-10 00:00:00+00:00,-0.02033,1.12002,0.363357,-0.0817059,-0.0313103,1.03033,0.000353102,0.000212526,7.39329e-05,0.00012313,-0.0199852,0.0159434,-0.0359286,12.6667,0.0695261
2025-07-11 00:00:00+00:00,-0.0015675,1.11826,0.39898,-0.0538403,-0.0228782,1.22606,0.000406163,0.000173225,0.000105543,7.94629e-05,-0.000928832,0.00121364,-0.00214248,18.5208,0.0654529
2025-07-12 00:00:00+00:00,-0.000410934,1.1178,0.344719,-0.0527087,-0.0175486,0.532549,0.000170416,6.08874e-05,1.66956e-05,-4.8581e-05,-0.000100814,-0.00203196,0.00193114,16.375,0.0659261
2025-07-13 00:00:00+00:00,-0.0050949,1.11211,0.304382,-0.0315844,-0.0126176,0.362049,0.000117767,9.41258e-05,2.08824e-05,3.1246e-05,-0.00489642,0.00294977,-0.00784619,12.0625,0.0675372
2025-07-14 00:00:00+00:00,0.00217171,1.11452,0.305461,-0.0261231,-0.0218401,0.695305,0.00022255,0.000133462,3.09422e-05,1.72592e-05,0.0025477,0.0040246,-0.0014769,13.4792,0.0659538
2025-07-15 00:00:00+00:00,0.00370593,1.11865,0.282794,-0.0397379,-0.0248434,0.811449,0.000259704,0.000135217,1.617e-05,3.76385e-05,0.00408132,0.00322857,0.000852756,15.7292,0.0634965
2025-07-16 00:00:00+00:00,-0.0104986,1.10691,0.308751,-0.0129365,-0.0187347,1.01247,0.00032753,0.000118105,2.69947e-05,3.48945e-05,-0.0101043,0.00584495,-0.0159493,16.4375,0.0624876
2025-07-17 00:00:00+00:00,0.00546056,1.11295,0.403953,0.00177402,-0.0192798,1.11889,0.000367196,0.000134332,5.17696e-05,5.32791e-05,0.00597081,0.00527979,0.000691026,19.8542,0.0659406
2025-07-18 00:00:00+00:00,0.00536999,1.11893,0.515622,0.00999494,-0.0131561,1.08116,0.000346001,0.000133873,3.17403e-05,9.70221e-06,0.00586605,0.000937079,0.00492897,21.5833,0.0691526
2025-07-19 00:00:00+00:00,-0.00232131,1.11633,0.531413,0.00194392,-0.0097798,0.666326,0.000213204,5.92567e-05,1.53258e-05,-1.8768e-05,-0.00200713,0.00283389,-0.00484102,21.1458,0.0714414
2025-07-20 00:00:00+00:00,0.010028,1.12753,0.516296,-0.0105956,-0.00959575,1.06212,0.000339936,8.06082e-05,2.32488e-05,1.92146e-05,0.0104157,0.0135056,-0.00308989,22.0833,0.0934011
2025-07-21 00:00:00+00:00,-0.00174391,1.12556,0.397873,-0.0193907,-0.012093,1.03641,0.000340712,0.000154891,5.13615e-05,0.00011455,-0.00129433,0.00027853,-0.00157286,20.7708,0.092623
2025-07-22 00:00:00+00:00,0.0030908,1.12904,0.411695,-0.0316836,-0.0115534,0.709822,0.000227154,9.8966e-05,1.41119e-05,0.000118628,0.00332245,0.00289122,0.000431225,20.2083,0.0918585
2025-07-23 00:00:00+00:00,-0.000105637,1.12892,0.419721,-0.0288259,-0.0175458,0.796256,0.000254797,0.000150411,1.65796e-05,7.1993e-05,0.000280223,-0.0171058,0.017386,19.9375,0.091152
2025-07-24 00:00:00+00:00,0.00736977,1.13724,0.454886,-0.0635101,-0.0167066,0.979903,0.000321287,0.000397938,2.73887e-05,-8.08549e-05,0.00818806,-0.0035302,0.0117183,20.8542,0.0908263
2025-07-25 00:00:00+00:00,-0.00423733,1.13242,0.464554,-0.0806062,-0.0175938,1.18978,0.000380689,0.000422533,3.4328e-05,-0.000401449,-0.00299296,0.00345997,-0.00645293,22.125,0.094394
2025-07-26 00:00:00+00:00,-0.00194043,1.13022,0.495539,-0.0840644,-0.0262745,1.13068,0.000361798,0.000329884,2.69311e-05,-2.36805e-05,-0.00118523,-8.99402e-05,-0.00109529,21.3333,0.0923496
2025-07-27 00:00:00+00:00,0.00819022,1.13948,0.475968,-0.078637,-0.030526,1.18845,0.000380384,0.000274394,2.49646e-05,7.71112e-06,0.00883638,0.00709247,0.00174391,20.3542,0.0906278
2025-07-28 00:00:00+00:00,-0.014169,1.12333,0.392872,-0.0175984,-0.0196184,1.13321,0.000362448,0.000216959,3.9844e-05,6.26235e-05,-0.0136674,-0.0041656,-0.00950181,20.1042,0.0926569
2025-07-29 00:00:00+00:00,-0.00579766,1.11682,0.271775,-0.00988307,-0.0170491,0.804316,0.000257362,0.000222719,1.98045e-05,-0.000195938,-0.00508725,-0.00246006,-0.00262719,20.7292,0.0904279
2025-07-30 00:00:00+00:00,-0.00158887,1.11505,0.359622,-0.0109743,-0.0123186,0.914986,0.000292785,0.000209675,1.58609e-05,4.01269e-05,-0.00109916,-0.00164344,0.000544277,23.6458,0.0946912
2025-07-31 00:00:00+00:00,0.00491462,1.12053,0.431289,-0.0070168,-0.014296,0.796794,0.000254996,9.94867e-05,1.38417e-05,5.25588e-05,0.00523566,-0.0058648,0.0111005,23.5417,0.0937757
2025-08-01 00:00:00+00:00,-0.00304741,1.11711,0.425522,0.00164568,-0.0105313,1.04388,0.000334016,9.12503e-05,2.038e-05,2.06261e-05,-0.00261085,-0.0058891,0.00327825,23.7083,0.0933475
2025-08-02 00:00:00+00:00,-0.00440517,1.11219,0.450386,0.0168864,-0.00493301,0.841708,0.000269318,6.65108e-05,1.66018e-05,6.44064e-06,-0.00406095,-0.00624137,0.00218042,25.2917,0.0894756
2025-08-03 00:00:00+00:00,0.00494332,1.11769,0.446503,0.0101815,-0.00624503,0.586691,0.000187766,9.92073e-05,1.1421e-05,5.57649e-05,0.0051829,0.0130365,-0.00785358,19.0833,0.0861214
2025-08-04 00:00:00+00:00,0.00280462,1.12082,0.421683,-0.022911,-0.0198693,0.909519,0.000291104,0.000211227,2.83954e-05,4.54961e-05,0.00330283,0.00954734,-0.00624451,17.5833,0.0845373
2025-08-05 00:00:00+00:00,-0.00510601,1.1151,0.368447,-0.0269573,-0.0183338,0.625635,0.000200174,0.00011633,1.23956e-05,5.29026e-05,-0.00482997,-0.00842189,0.00359192,18.3333,0.0852083
2025-08-06 00:00:00+00:00,0.00240901,1.11779,0.331094,-0.0261209,-0.0143375,0.622037,0.000199079,7.88132e-05,9.43226e-06,5.34522e-05,0.00264648,0.00642344,-0.00377696,17.1667,0.086263
2025-08-07 00:00:00+00:00,0.00429016,1.12258,0.433326,-0.0219271,-0.0230171,1.14569,0.000366659,0.000239254,2.53757e-05,1.29574e-05,0.0049108,0.0137297,-0.00881893,17.25,0.089907
2025-08-08 00:00:00+00:00,0.00384202,1.1269,0.685524,0.0306563,-0.0202592,1.46499,0.000468815,0.000176913,2.88389e-05,4.21192e-05,0.00448408,0.00382311,0.000660966,17.4167,0.0917881
2025-08-09 00:00:00+00:00,-0.00465748,1.12165,0.559828,0.029089,-0.021146,1.27335,0.000407403,0.000201482,2.33402e-05,6.0905e-05,-0.00408224,-0.00143098,-0.00265126,18.3125,0.0923265
2025-08-10 00:00:00+00:00,0.00322767,1.12527,0.612054,0.0407392,-0.0180551,1.26286,0.000404197,7.93143e-05,2.23865e-05,-4.01336e-06,0.00374411,0.00237793,0.00136618,22.6667,0.0912848
2025-08-11 00:00:00+00:00,0.0052,1.13112,0.677916,0.0651989,-0.0198383,1.82576,0.000584369,0.000153108,5.43162e-05,5.71445e-05,0.00595997,-0.00990562,0.0158656,23.0833,0.0914667
2025-08-12 00:00:00+00:00,-0.00107051,1.12991,0.590743,0.00535509,-0.0203273,1.26374,0.000404318,9.09399e-05,2.88854e-05,6.37054e-05,-0.000583824,0.0194323,-0.0200162,22.0208,0.0926403
2025-08-13 00:00:00+00:00,-0.00464189,1.12466,0.635656,0.0128456,-0.0191897,1.48491,0.000475098,8.29407e-05,3.82006e-05,2.27551e-05,-0.00406316,0.00509863,-0.00916179,22.0833,0.0940818
2025-08-14 00:00:00+00:00,0.012431,1.13864,0.744298,0.039855,-0.0171783,1.32232,0.000423299,0.000122091,3.63819e-05,6.36371e-05,0.0128903,-0.0198747,0.032765,25.0417,0.0957283
2025-08-15 00:00:00+00:00,-0.00308367,1.13513,0.800912,0.0315955,-0.00874605,1.53898,0.000492473,0.00018644,5.08305e-05,4.29399e-05,-0.00238296,-0.00555695,0.003174,26.7708,0.0978527
2025-08-16 00:00:00+00:00,0.00166788,1.13703,0.818403,0.0179123,-0.0105585,1.36641,0.000437284,0.00015657,3.0187e-05,1.13086e-05,0.00228544,0.00332667,-0.00104123,27.3542,0.0972581
2025-08-17 00:00:00+00:00,-0.00378004,1.13273,0.748767,0.0140304,-0.016162,1.45668,0.000466088,0.000153596,3.27518e-05,6.68702e-05,-0.00318997,0.00199406,-0.00518403,22.8542,0.0969938
2025-08-18 00:00:00+00:00,-0.00240628,1.13,0.457642,-0.0589856,-0.0241771,1.53923,0.000492524,0.000177636,5.39734e-05,0.000195362,-0.00186664,-0.0109437,0.00907708,21.7083,0.0937485
2025-08-19 00:00:00+00:00,-0.00437191,1.12506,0.369237,-0.0499934,-0.0218548,0.709392,0.000226978,0.000113684,1.61012e-05,2.36835e-05,-0.00402998,-0.00862684,0.00459686,17.0417,0.0926938
2025-08-20 00:00:00+00:00,0.00341745,1.12891,0.424337,-0.0501874,-0.0269717,0.751378,0.000240448,0.000154276,2.22329e-05,-1.97419e-05,0.00386878,0.0105205,-0.00665174,14.7917,0.0891534
2025-08-21 00:00:00+00:00,0.00277512,1.13204,0.509878,-0.0267308,-0.0216157,1.08033,0.000345744,0.000255512,2.88235e-05,1.83199e-05,0.00340024,-0.00745824,0.0108585,16.7083,0.0884009
2025-08-22 00:00:00+00:00,0.00283441,1.13525,0.564994,-0.0251237,-0.015994,1.57522,0.000504059,0.00034132,5.83417e-05,6.07036e-05,0.00369465,0.0315894,-0.0278947,18.8333,0.0914187
2025-08-23 00:00:00+00:00,0.00324231,1.13893,0.657646,-0.0250082,-0.0177607,1.36437,0.000436621,0.000222197,4.34613e-05,0.000185405,0.00376293,-0.00313723,0.00690016,19.5208,0.0925297
2025-08-24 00:00:00+00:00,0.000246904,1.13921,0.514407,-0.0174936,-0.0167914,1.15723,0.000370307,0.000159495,2.71601e-05,0.000128654,0.000683515,-0.00235342,0.00303693,16.8125,0.0935518
2025-08-25 00:00:00+00:00,-0.00352504,1.13519,0.428874,-0.0533633,-0.0188256,0.822406,0.000263164,0.000127429,2.39193e-05,-0.000608378,-0.002498,-0.0180858,0.0155878,19.2083,0.0935561
2025-08-26 00:00:00+00:00,-0.00288705,1.13192,0.389748,-0.0741247,-0.0165409,0.768361,0.000245855,8.50879e-05,1.52096e-05,-0.000315663,-0.00222259,0.00646923,-0.00869182,20.4583,0.0921157
2025-08-27 00:00:00+00:00,0.00115056,1.13322,0.443154,-0.0683776,-0.0176499,0.71041,0.000227343,8.37563e-05,1.28995e-05,0.000123346,0.00135645,-0.00317747,0.00453392,21.5,0.0907496
2025-08-28 00:00:00+00:00,-0.00254509,1.13034,0.443536,-0.0524991,-0.0169574,0.835828,0.000267513,7.771e-05,1.5084e-05,0.000169192,-0.00234172,0.00651539,-0.00885711,22.5625,0.0911761
2025-08-29 00:00:00+00:00,0.00161513,1.13216,0.396925,-0.0525442,-0.0172794,0.906156,0.000289995,7.24396e-05,1.87074e-05,8.33309e-05,0.00191997,-0.00839358,0.0103136,21.4167,0.0861488
2025-08-30 00:00:00+00:00,0.00016663,1.13235,0.38677,-0.066847,-0.0174494,0.552753,0.00017688,3.8815e-05,8.24605e-06,0.000155389,0.000239007,0.00100836,-0.000769355,20,0.0804455
2025-08-31 00:00:00+00:00,0.00166562,1.13424,0.337099,-0.0646608,-0.0162268,0.689942,0.000220814,4.63775e-05,1.22431e-05,0.000287787,0.0016591,-0.00120053,0.00285963,18.25,0.0809911
2025-09-01 00:00:00+00:00,0.00298385,1.13762,0.457613,-0.0497641,0.00107651,1.21929,0.000390171,8.78249e-05,2.85337e-05,0.000126805,0.00336859,-0.00357334,0.00694193,21.3542,0.0852313
2025-09-02 00:00:00+00:00,-0.00671812,1.12998,0.763696,-0.067567,-0.00858038,1.37005,0.000438345,8.32166e-05,2.58082e-05,0.000191496,-0.00637198,0.01299,-0.019362,23.0417,0.0866143
2025-09-03 00:00:00+00:00,0.000323574,1.13034,0.581423,-0.0778837,-0.0267533,0.996022,0.000321921,8.35253e-05,2.17566e-05,0.000161545,0.000599684,0.00507824,-0.00447855,17.7708,0.0799076
2025-09-04 00:00:00+00:00,-0.00789452,1.12142,0.547038,-0.0732039,-0.0283925,1.04428,0.000338297,0.000174372,3.22314e-05,0.00014806,-0.00750886,-0.00991778,0.00240892,16.8958,0.0793731
2025-09-05 00:00:00+00:00,-0.00373786,1.11723,0.532471,-0.0597944,-0.0185314,1.18855,0.000380242,0.000119468,2.73927e-05,4.19011e-05,-0.0032352,0.00419083,-0.00742603,17.6667,0.0779025
2025-09-06 00:00:00+00:00,-0.00582821,1.11072,0.486652,-0.0536465,-0.0233359,0.821875,0.000266862,6.09653e-05,2.17585e-05,-0.000346115,-0.0051405,-0.00286364,-0.00227686,18.3125,0.0720452
2025-09-07 00:00:00+00:00,-0.0178795,1.09086,0.35119,-0.0361452,-0.0247766,0.958816,0.000317555,0.000101989,6.76232e-05,-0.000217334,-0.0173208,0.00431364,-0.0216345,16.6875,0.066513
2025-09-08 00:00:00+00:00,-0.00781215,1.08234,0.169392,-0.015101,-0.0236201,0.53525,0.000173901,6.44206e-05,1.91409e-05,-0.000168636,-0.00741183,0.000213004,-0.00762484,12.9167,0.0590881
2025-09-09 00:00:00+00:00,-0.00269593,1.07942,0.0836146,-0.00579142,-0.0182075,0.234176,7.57073e-05,3.11347e-05,4.62622e-06,-0.000555021,-0.00203114,-9.81509e-05,-0.00193299,9.91667,0.0513314
2025-09-10 00:00:00+00:00,-0.00115891,1.07817,0.0747294,-0.00846163,-0.0168355,0.310937,9.94984e-05,3.55334e-05,3.51888e-06,-0.000224079,-0.00079623,-0.000516031,-0.000280199,12.7083,0.0461622
2025-09-11 00:00:00+00:00,-0.000142773,1.07801,0.0890689,-0.0125779,-0.0163915,0.25925,8.29592e-05,4.48161e-05,3.43743e-06,-0.000188177,0.000178704,0.000875066,-0.000696362,12.6667,0.0466628
2025-09-12 00:00:00+00:00,0.0016515,1.07979,0.121671,-0.0238837,-0.0168556,0.251237,8.04001e-05,5.96205e-05,2.68996e-06,0.000106922,0.00168771,0.00198413,-0.000296419,13.4167,0.0494135
2025-09-13 00:00:00+00:00,-0.00212922,1.07749,0.142022,-0.0200001,-0.0171315,0.233376,7.562e-05,5.23322e-05,4.67817e-06,-4.31926e-05,-0.00195155,0.00164637,-0.00359791,13.1875,0.0515612
2025-09-14 00:00:00+00:00,-0.00106754,1.07634,0.10577,-0.0152253,-0.0164704,0.206828,6.61853e-05,3.50659e-05,2.71129e-06,-5.85588e-05,-0.000903246,-0.00118939,0.000286143,12,0.0500262
2025-09-15 00:00:00+00:00,0.000403645,1.07678,0.109051,-0.0116644,-0.0117736,0.221167,7.07747e-05,3.26111e-05,2.43505e-06,-4.86846e-05,0.000559577,-0.000781581,0.00134116,11.4583,0.0522264
2025-09-16 00:00:00+00:00,0.00149414,1.07839,0.103116,-0.011883,-0.0131972,0.132725,4.24728e-05,2.11981e-05,9.29104e-07,-3.59316e-05,0.00159424,0.0004726,0.00112164,9.54167,0.0545031
2025-09-17 00:00:00+00:00,0.000747544,1.07919,0.085717,-0.00821814,-0.00926432,0.173767,5.56044e-05,3.47732e-05,2.25412e-06,-0.000158056,0.000998701,0.00157316,-0.000574457,9.47917,0.0546447
2025-09-18 00:00:00+00:00,6.75208e-05,1.07927,0.0126302,-0.00256921,-0.00392584,0.0888326,2.84244e-05,1.6681e-05,2.19434e-06,-6.79091e-06,0.000121686,0.000229226,-0.000107541,5.39583,0.0278197
2025-09-19 00:00:00+00:00,9.69392e-05,1.07937,0.00969725,-0.00497669,-0.00643913,0.0405996,1.29918e-05,3.76591e-06,4.21458e-07,-6.243e-06,0.000120441,-7.047e-05,0.000190911,3.91667,0.0272395
2025-09-20 00:00:00+00:00,-0.000385815,1.07895,0.0139008,-0.00616811,-0.00785774,0.0474174,1.5173e-05,6.71896e-06,4.19401e-07,-3.56325e-05,-0.000327623,-3.48939e-06,-0.000324134,4.04167,0.0308742
2025-09-21 00:00:00+00:00,0.000548682,1.07955,0.0136027,-0.00255126,-0.00615048,0.0642891,2.05728e-05,2.4803e-05,1.13576e-06,-1.42573e-05,0.00060937,-7.62146e-05,0.000685585,4.91667,0.0346085
2025-09-22 00:00:00+00:00,0.00271149,1.08247,0.100703,-0.0145502,-0.012774,0.339309,0.00011087,5.57164e-05,8.01716e-06,1.02631e-05,0.00287563,-0.00183846,0.00471409,11.2917,0.0401851
2025-09-23 00:00:00+00:00,0.00306344,1.08579,0.132043,-0.0206142,-0.0138757,0.198725,6.35951e-05,1.476e-05,2.25475e-06,2.48598e-05,0.00311629,-0.000778176,0.00389447,13.8333,0.042872
2025-09-24 00:00:00+00:00,0.000285687,1.0861,0.134036,-0.0197609,-0.0126554,0.184503,5.90387e-05,1.1422e-05,2.11454e-06,4.26984e-05,0.000316587,-0.00019954,0.000516127,11.7292,0.0437395
2025-09-25 00:00:00+00:00,-0.00199568,1.08393,0.160286,-0.0213242,-0.0142671,0.411798,0.000135477,3.00713e-05,6.16051e-06,6.4668e-05,-0.00188757,-0.0057939,0.00390633,13.8958,0.0445759
2025-09-26 00:00:00+00:00,0.000207149,1.08416,0.131819,-0.0155848,-0.01138,0.156702,5.01444e-05,1.80489e-05,2.22739e-06,4.6494e-05,0.000233333,0.00173044,-0.0014971,11.2917,0.038066
2025-09-27 00:00:00+00:00,-0.00113035,1.08293,0.0810106,-0.013707,-0.0112377,0.119987,3.92002e-05,1.05395e-05,2.08153e-06,3.39066e-05,-0.0011121,-7.92848e-05,-0.00103281,9.27083,0.034387
2025-09-28 00:00:00+00:00,-0.00865067,1.07356,0.0439986,-0.0120188,-0.0138038,0.146714,4.87065e-05,8.86408e-06,7.73273e-06,2.62728e-05,-0.00863891,0.000463725,-0.00910263,7.89583,0.0306869
2025-09-29 00:00:00+00:00,0.00114728,1.07479,0.0175694,-0.00817894,-0.0143744,0.0276391,8.84465e-06,1.22378e-06,4.12381e-07,5.85772e-06,0.00115157,5.81363e-05,0.00109344,5.39583,0.027177
2025-09-30 00:00:00+00:00,0.000276015,1.07509,0.0205367,-0.00745592,-0.0141969,0.0257629,8.24416e-06,1.226e-06,6.73308e-07,5.69556e-06,0.000280982,0.000122617,0.000158365,6,0.0339322
2025-10-01 00:00:00+00:00,-8.64249e-05,1.075,0.0238029,-0.0069057,-0.0113026,0.107898,3.45276e-05,1.09968e-05,1.14701e-06,1.8817e-05,-5.83651e-05,0.000160563,-0.000218928,6.14583,0.0338579
2025-10-02 00:00:00+00:00,-0.000120766,1.07487,0.0361073,-0.00496781,-0.0112578,0.131511,4.29454e-05,7.50979e-06,2.13793e-06,1.92805e-06,-6.98761e-05,0.000133179,-0.000203055,8.1875,0.0363657
2025-10-03 00:00:00+00:00,0.00152848,1.07651,0.085331,-0.00384745,-0.0141542,0.309806,9.91395e-05,1.68344e-05,4.59601e-06,1.10324e-05,0.00163782,0.00176212,-0.000124296,14.0208,0.0436319
2025-10-04 00:00:00+00:00,0.00021076,1.07674,0.0796302,-0.00313177,-0.0148418,0.148804,4.76194e-05,6.84957e-06,2.15632e-06,4.55282e-06,0.000263974,-0.00100699,0.00127096,10.9583,0.049227
2025-10-05 00:00:00+00:00,-0.00212142,1.07445,0.0806181,0.00497247,-0.0135606,0.19779,6.32859e-05,1.25837e-05,4.1698e-06,1.78848e-05,-0.00205825,7.34575e-05,-0.0021317,10.2708,0.0514393
2025-10-06 00:00:00+00:00,-0.0027396,1.07151,0.0683081,0.00348041,-0.0133046,0.32217,0.000104329,2.53238e-05,2.19538e-05,5.79795e-06,-0.0025948,0.000809168,-0.00340397,11.9375,0.0508442
2025-10-07 00:00:00+00:00,0.00340566,1.07516,0.0716082,0.0036163,-0.0132712,0.223204,7.1428e-05,2.81888e-05,2.32696e-06,1.6992e-06,0.00350083,0.000816175,0.00268465,11.75,0.0502323
2025-10-08 00:00:00+00:00,0.000187908,1.07536,0.0385433,0.000207159,-0.00994938,0.158145,5.06073e-05,4.06971e-05,2.05316e-06,7.47899e-06,0.000274138,0.00017693,9.72074e-05,10.0625,0.0494947
2025-10-09 00:00:00+00:00,0.00101364,1.07645,0.0771004,0.00368829,-0.00671369,0.33716,0.000107891,3.48971e-05,3.99228e-06,2.72534e-06,0.00115766,-3.09916e-05,0.00118866,12.3958,0.0498181
2025-10-10 00:00:00+00:00,-0.000869727,1.07552,0.084103,-0.00151338,-0.00790117,0.893769,0.000295845,0.000128756,0.000252298,0.00010925,-0.000224617,0.0179296,-0.0181542,12.6875,0.049837
2025-10-11 00:00:00+00:00,0.000805541,1.07638,0.103004,0.00889029,0.000198811,0.226132,7.23645e-05,6.08322e-05,2.31006e-05,6.06512e-05,0.000902227,0.00100928,-0.000107056,18.6458,0.0520354
2025-10-12 00:00:00+00:00,0.00252867,1.0791,0.113497,0.00311962,0.000319758,0.260741,8.81674e-05,4.72561e-05,3.39047e-05,2.36481e-05,0.00267225,0.00539385,-0.00272159,18.125,0.0536905
2025-10-13 00:00:00+00:00,0.000397129,1.07953,0.189992,0.00651122,0.00152725,0.442065,0.000141461,9.90393e-05,3.87339e-05,3.37472e-05,0.000644376,0.00341403,-0.00276966,19.7083,0.0598363
2025-10-14 00:00:00+00:00,0.00186449,1.08155,0.185396,-0.000501977,0.000675194,0.39094,0.000125107,5.19019e-05,1.42728e-05,2.14465e-05,0.00203356,-0.00404221,0.00607577,20,0.0600624
2025-10-15 00:00:00+00:00,0.000857154,1.08247,0.163579,-0.00175054,0.00102834,0.33873,0.000108394,6.3163e-05,9.17544e-06,2.8308e-05,0.00101003,-0.00306836,0.00407839,17.9792,0.0558943
2025-10-16 00:00:00+00:00,-0.000153448,1.08231,0.126958,0.000373447,0.000578186,0.318614,0.000101954,2.38889e-05,7.80687e-06,3.43322e-06,-2.26985e-05,-0.00208099,0.00205829,13.6875,0.0538169
2025-10-17 00:00:00+00:00,-0.00249319,1.07961,0.149733,0.00888733,0.000347864,0.484875,0.00015516,0.00016297,3.14161e-05,1.05101e-05,-0.00215622,-0.00410388,0.00194766,14.0417,0.0504161
2025-10-18 00:00:00+00:00,-0.000860825,1.07868,0.148493,0.00427114,0.000258058,0.302928,9.69337e-05,3.15574e-05,6.75136e-06,2.61013e-06,-0.000727644,0.00211965,-0.00284729,15.625,0.046982
2025-10-19 00:00:00+00:00,0.00119582,1.07997,0.111886,0.00244316,0.000783967,0.359217,0.000114954,1.81464e-05,5.14978e-06,1.99132e-05,0.00131408,0.00120145,0.00011263,15.9792,0.0458057
2025-10-20 00:00:00+00:00,-0.000796294,1.07911,0.134259,0.000150253,1.9548e-05,0.549112,0.000175708,2.82324e-05,1.02221e-05,-3.30801e-05,-0.000549003,0.000528687,-0.00107769,16.6458,0.0493054
2025-10-21 00:00:00+00:00,-0.000996562,1.07803,0.135107,0.00288268,0.000230801,0.519812,0.000166339,3.07803e-05,6.9232e-06,-1.17407e-05,-0.000780857,-0.00266702,0.00188617,16.0208,0.0501874
2025-10-22 00:00:00+00:00,0.000331563,1.07839,0.133818,-1.64215e-05,0.00101461,0.396693,0.000126943,1.86239e-05,6.52583e-06,-6.29537e-05,0.00054699,-0.00145726,0.00200425,14.5417,0.0476451
2025-10-23 00:00:00+00:00,9.77045e-05,1.0785,0.173675,0.00140309,0.00172323,0.415596,0.000133012,1.82469e-05,1.07796e-05,-4.23971e-06,0.000265273,0.00225308,-0.00198781,14.3125,0.0493196
2025-10-24 00:00:00+00:00,-0.000755291,1.07768,0.164792,0.00933084,0.00247966,0.433834,0.000138827,4.15971e-05,6.82328e-06,-4.29703e-06,-0.000563227,0.00133182,-0.00189504,15.8125,0.0486829
2025-10-25 00:00:00+00:00,0.000365567,1.07808,0.0995884,0.0081829,0.00200319,0.187642,6.00471e-05,2.69379e-05,1.95974e-06,-1.1453e-05,0.000466243,0.000652505,-0.000186262,11.4792,0.0468821
2025-10-26 00:00:00+00:00,-0.000739769,1.07728,0.0591335,0.00383143,-0.000945827,0.205242,6.65381e-05,2.8923e-05,2.71426e-06,-6.99257e-06,-0.000634702,0.00112542,-0.00176012,11.6042,0.046489
2025-10-27 00:00:00+00:00,0.000899953,1.07825,0.0499341,-0.00561159,-0.0115681,0.211741,6.83575e-05,2.41419e-05,5.41078e-06,1.17451e-05,0.000986325,-0.00035399,0.00134032,9.91667,0.0479983
2025-10-28 00:00:00+00:00,-0.00144951,1.07668,0.0687919,-0.00869054,-0.0146926,0.249339,7.97822e-05,5.82525e-05,4.21012e-06,2.05822e-05,-0.00132791,-0.000853692,-0.000474217,11.5625,0.0526085
2025-10-29 00:00:00+00:00,0.00304498,1.07996,0.0760509,-0.00766968,-0.0112046,0.290974,9.31206e-05,6.48227e-05,4.25502e-06,1.23889e-05,0.0031911,-2.69277e-05,0.00321803,11.0417,0.0504455
2025-10-30 00:00:00+00:00,0.00181654,1.08192,0.102711,-0.00779415,-0.00527925,0.370422,0.000118539,7.57677e-05,4.51867e-06,2.23371e-05,0.00199243,-0.000964573,0.00295701,12.4167,0.0503648
2025-10-31 00:00:00+00:00,-0.00275998,1.07894,0.147077,-0.0177496,-0.00922216,0.479295,0.000153337,7.12917e-05,1.72341e-05,3.2039e-05,-0.00254774,0.000595928,-0.00314367,15.5417,0.054757
2025-11-01 00:00:00+00:00,0.000198362,1.07915,0.112838,-0.0197239,-0.0101129,0.367567,0.00011762,3.7837e-05,1.21806e-05,3.12956e-05,0.000336673,0.000935036,-0.000598363,16.3333,0.0528417
2025-11-02 00:00:00+00:00,0.00261087,1.08197,0.0982633,-0.0193842,-0.0103931,0.253584,8.1153e-05,2.14808e-05,4.40825e-06,2.38037e-05,0.00269183,-0.000530778,0.00322261,13.5417,0.0521218
2025-11-03 00:00:00+00:00,0.00131813,1.0834,0.141241,-0.0205964,-0.0128911,0.831953,0.000269459,5.35166e-05,3.30426e-05,4.5293e-05,0.00163367,-0.00567565,0.00730932,18.0625,0.0557996
2025-11-04 00:00:00+00:00,0.00383681,1.08755,0.219632,-0.0172374,-0.0114373,1.10181,0.000352634,7.15501e-05,3.97087e-05,3.82621e-05,0.0042652,-0.00373685,0.00800206,21.2292,0.0547015
2025-11-05 00:00:00+00:00,0.000656145,1.08827,0.220424,-0.0150446,-0.00738152,0.387345,0.000123946,1.9246e-05,8.81665e-06,2.44052e-05,0.000786112,0.0051778,-0.00439169,17.9375,0.0505941
2025-11-06 00:00:00+00:00,-0.00151585,1.08662,0.180958,-0.0178702,-0.00836001,0.315412,0.000100926,3.03355e-05,8.82147e-06,2.6593e-05,-0.00139653,-0.00400886,0.00261233,15.75,0.0478571
2025-11-07 00:00:00+00:00,-0.00141755,1.08508,0.182926,-0.00867328,-0.00656882,0.594411,0.000191235,4.56882e-05,1.96689e-05,1.74041e-05,-0.00117382,0.00627139,-0.00744521,17.1667,0.046366
2025-11-08 00:00:00+00:00,0.000392375,1.0855,0.165015,-0.0115019,-0.00684006,0.348059,0.000111386,2.61606e-05,6.09303e-06,1.89692e-05,0.000518114,-0.00133244,0.00185056,16.3542,0.0445035
2025-11-09 00:00:00+00:00,0.000655993,1.08621,0.177888,-0.0184418,-0.00764455,0.267258,8.55262e-05,1.94081e-05,5.32745e-06,2.12449e-05,0.000746938,0.00326703,-0.0025201,16.1875,0.0472017
2025-11-10 00:00:00+00:00,0.00149366,1.08784,0.155696,-0.0229446,-0.0118798,0.327326,0.000104748,3.62374e-05,8.63578e-06,2.47755e-05,0.00161952,0.00169786,-7.83421e-05,15.4792,0.0485539
2025-11-11 00:00:00+00:00,0.00188226,1.08988,0.169346,-0.0215024,-0.00746364,0.315579,0.000100991,2.77635e-05,5.54059e-06,7.94074e-06,0.00200999,-0.00460359,0.00661358,15.625,0.0526955
2025-11-12 00:00:00+00:00,-0.000968388,1.08883,0.174966,-0.0261254,-0.00700764,0.338026,0.000108166,3.80748e-05,5.67756e-06,3.12144e-05,-0.000845717,-0.000745193,-0.000100524,16.0625,0.0541824
2025-11-13 00:00:00+00:00,0.00384546,1.09302,0.213075,-0.0333603,-0.00538102,0.423054,0.000135419,3.89694e-05,9.82727e-06,4.4926e-05,0.00398959,-0.00308863,0.00707822,18,0.0546891
2025-11-14 00:00:00+00:00,0.000366947,1.09342,0.265816,-0.0357485,-0.00877905,0.535066,0.000172552,6.62953e-05,1.6859e-05,8.47603e-05,0.000548764,-0.00286428,0.00341305,16.8333,0.0542056
2025-11-15 00:00:00+00:00,0.000895211,1.0944,0.239183,-0.0237732,-0.00865511,0.409727,0.000131111,4.92255e-05,8.81682e-06,-6.4949e-05,0.00115198,0.00117886,-2.68815e-05,20.9792,0.0502221
2025-11-16 00:00:00+00:00,0.000789949,1.09526,0.242573,-0.0164227,-0.00930662,0.498119,0.000159404,4.84855e-05,9.84236e-06,-0.000247674,0.00126021,-0.00328677,0.00454699,20.6042,0.0502398
2025-11-17 00:00:00+00:00,0.00316523,1.09873,0.439036,-0.0101225,-0.0098232,1.07991,0.00034567,9.07175e-05,6.53267e-05,-0.000175912,0.0038573,-0.0036546,0.0075119,26.0208,0.0693024
2025-11-18 00:00:00+00:00,0.00297192,1.10199,0.44222,-0.0128414,-0.00999357,0.689509,0.000220659,6.77361e-05,1.35947e-05,2.89067e-05,0.00325094,0.0102387,-0.00698779,25.2292,0.0672491
2025-11-19 00:00:00+00:00,0.00865314,1.11153,0.471625,-0.00268452,-0.010396,0.733692,0.000234838,0.00010573,1.85839e-05,2.81062e-05,0.00896687,-0.00205787,0.0110247,23.9792,0.0686481
2025-11-20 00:00:00+00:00,-0.000772405,1.11067,0.462752,-0.0104577,-0.0126382,0.881483,0.000282095,0.000135266,2.27628e-05,-1.94971e-06,-0.000322245,-0.0136832,0.013361,23.75,0.0685228
2025-11-21 00:00:00+00:00,0.000199472,1.11089,0.384386,-0.00844085,-0.00770284,1.04179,0.000342932,0.000113251,3.53385e-05,1.63891e-05,0.000687874,-0.0128041,0.013492,23.8958,0.0658674
2025-11-22 00:00:00+00:00,-0.0158218,1.09331,0.343596,0.00762843,-0.00466403,0.613467,0.000196143,5.75922e-05,2.92829e-05,-4.57732e-05,-0.0155752,-0.00477656,-0.0107986,24.7708,0.0685456
2025-11-23 00:00:00+00:00,-0.00145858,1.09172,0.274732,0.0116331,-0.00560741,0.34444,0.000110217,4.40347e-05,8.00107e-06,7.31205e-05,-0.00136589,0.000335166,-0.00170105,22,0.0664377
2025-11-24 00:00:00+00:00,-0.0024536,1.08904,0.309792,0.00528231,-0.00786413,0.804444,0.000257431,6.09811e-05,2.76792e-05,-5.60517e-05,-0.00205034,0.00396446,-0.0060148,23.5833,0.0659472
2025-11-25 00:00:00+00:00,-0.00363511,1.08508,0.316936,0.00514081,-0.00791259,0.574177,0.000183725,3.91842e-05,1.15655e-05,0.000110893,-0.0035139,-0.000805634,-0.00270826,21.9792,0.0641568
2025-11-26 00:00:00+00:00,0.000239736,1.08534,0.266427,-0.00105582,-0.00751565,0.532433,0.000174203,3.55712e-05,1.38619e-05,2.78238e-05,0.000439175,0.00237441,-0.00193523,21.4792,0.0586762
2025-11-27 00:00:00+00:00,-0.0028849,1.08221,0.306702,-0.0017891,-0.00516764,0.492129,0.000157479,4.33056e-05,8.33619e-06,0.000114042,-0.00279146,-0.00332243,0.000530973,21.3542,0.0614024
2025-11-28 00:00:00+00:00,0.00233695,1.08474,0.275356,-0.0132348,-0.00805959,0.650181,0.000208065,8.42095e-05,1.30992e-05,0.000151061,0.00249088,-0.00326097,0.00575185,17.125,0.0630877
2025-11-29 00:00:00+00:00,-0.00124705,1.08339,0.200827,-0.0169771,-0.0106277,0.42377,0.000135596,7.06793e-05,7.38148e-06,7.80304e-05,-0.00111048,-0.000733511,-0.000376969,16.25,0.0662917
2025-11-30 00:00:00+00:00,-0.000101921,1.08328,0.157156,-0.00632029,-0.0105185,0.380885,0.000131219,6.4055e-05,1.34555e-05,9.64846e-05,1.15317e-05,-0.00315178,0.00316331,14.0625,0.067505
2025-12-01 00:00:00+00:00,-0.00396671,1.07898,0.283733,-0.00876596,-0.00872069,0.993837,0.000320793,0.000122799,3.94519e-05,-0.000295033,-0.00317505,-0.00766133,0.00448628,19.9167,0.0699626
2025-12-02 00:00:00+00:00,-0.00014528,1.07882,0.203024,-0.00969628,-0.00635493,0.441918,0.000141402,3.58794e-05,1.09745e-05,-0.000158996,0.000208301,0.00595509,-0.00574679,21.0417,0.0665133
2025-12-03 00:00:00+00:00,0.0010324,1.07994,0.152506,-0.0143787,-0.0114027,0.523523,0.000169992,2.98746e-05,1.05291e-05,0.000103631,0.00114282,0.00439055,-0.00324773,20.4792,0.0685816
2025-12-04 00:00:00+00:00,-0.00239417,1.07735,0.0967474,-0.0145071,-0.015766,0.321299,0.000102802,2.22929e-05,8.3243e-06,4.32006e-05,-0.00229702,-0.000546104,-0.00175092,15.6042,0.0689481
2025-12-05 00:00:00+00:00,0.000381394,1.07776,0.134498,-0.00925982,-0.0162624,0.390292,0.000124892,3.37383e-05,7.11574e-06,-4.69936e-09,0.000549291,-0.00329708,0.00384637,16.6458,0.0652813
2025-12-06 00:00:00+00:00,0.000463515,1.07826,0.14693,-0.0149444,-0.016633,0.351137,0.000112365,2.75689e-05,6.67124e-06,-0.000397897,0.00100876,0.000918989,8.97742e-05,15.7083,0.0645019
2025-12-07 00:00:00+00:00,0.00208904,1.08052,0.136505,-0.0112572,-0.0141045,0.517358,0.00016557,3.60586e-05,1.00766e-05,-0.000234175,0.00253402,0.00169806,0.000835958,15.2083,0.0657833
2025-12-08 00:00:00+00:00,0.00145996,1.08209,0.219297,0.000249992,-0.00756032,0.620761,0.000198645,4.03748e-05,1.73517e-05,-5.99609e-05,0.00177663,0.000531149,0.00124548,17.8958,0.0713141
2025-12-09 00:00:00+00:00,-0.00191775,1.08002,0.262287,0.00504505,-0.00251515,0.557928,0.000178541,4.63174e-05,1.13079e-05,-3.51169e-05,-0.00164661,0.00324641,-0.00489301,21.3958,0.0717101
2025-12-10 00:00:00+00:00,0.00500114,1.08542,0.270829,-0.00535936,-0.00814611,0.508728,0.000163586,2.76841e-05,1.00013e-05,8.96919e-05,0.00510429,-0.00287441,0.0079787,19.0833,0.0721074
2025-12-11 00:00:00+00:00,0.00911864,1.09532,0.361745,-0.0160572,-0.0142817,0.867623,0.00027777,6.64384e-05,1.98698e-05,0.000108399,0.00936625,0.00185269,0.00751356,21.5208,0.0773134
2025-12-12 00:00:00+00:00,0.00524305,1.10106,0.49534,-0.0239902,-0.0204241,0.776705,0.000248577,6.10197e-05,1.90615e-05,-2.52178e-05,0.00559052,-0.00256072,0.00815124,21.1458,0.0832742
2025-12-13 00:00:00+00:00,-0.00623203,1.0942,0.418047,-0.0282834,-0.0180194,0.473223,0.00015136,3.46196e-05,1.14203e-05,-0.000466588,-0.00557282,0.00146029,-0.00703311,20.4375,0.0838503
2025-12-14 00:00:00+00:00,0.00383327,1.09839,0.427885,-0.0308712,-0.0193513,0.470957,0.000150709,3.12719e-05,8.79702e-06,-0.000397653,0.00441779,-0.00652688,0.0109447,20.4375,0.0807015
2025-12-15 00:00:00+00:00,0.000413907,1.09885,0.538241,-0.061062,-0.0236457,1.32395,0.000423689,0.000147424,6.46608e-05,-2.27299e-05,0.00108499,-0.0106847,0.0117697,21.875,0.0834304
2025-12-16 00:00:00+00:00,0.00225854,1.10133,0.561737,-0.063729,-0.02017,1.05418,0.000349711,7.6947e-05,4.4671e-05,-0.000504046,0.00324429,0.00037374,0.00287055,23.5625,0.0835807
2025-12-17 00:00:00+00:00,0.00221895,1.10377,0.55323,-0.0520119,-0.0189491,1.0082,0.000328938,7.28529e-05,4.12219e-05,4.12759e-05,0.00263624,-0.0113612,0.0139975,23.9375,0.0871361
2025-12-18 00:00:00+00:00,0.00187325,1.10584,0.515155,-0.0571671,-0.0114117,1.03833,0.000332313,9.42412e-05,3.57084e-05,-2.838e-05,0.00238125,-0.0117952,0.0141764,25.1042,0.0907165
2025-12-19 00:00:00+00:00,4.18718e-05,1.10589,0.483911,-0.0479459,-0.00638956,0.746896,0.000238991,6.32377e-05,2.61969e-05,2.6088e-05,0.000356726,0.0163932,-0.0160365,22.0833,0.0959939
2025-12-20 00:00:00+00:00,-0.00408527,1.10137,0.462615,-0.0594782,-0.0204682,0.737008,0.000240666,6.81046e-05,3.31782e-05,1.76501e-05,-0.00376418,-0.000732069,-0.00303211,20.0208,0.0921928
2025-12-21 00:00:00+00:00,-0.00197085,1.0992,0.271228,-0.051245,-0.0229545,0.833224,0.000266641,7.16989e-05,2.26429e-05,6.633e-05,-0.00166858,0.00145198,-0.00312056,18.9583,0.0867349
2025-12-22 00:00:00+00:00,0.00272046,1.10219,0.309518,-0.0242122,-0.0223206,0.857513,0.000274494,8.96105e-05,3.95249e-05,4.62337e-05,0.003083,0.000698997,0.00238401,19.9375,0.0888091
2025-12-23 00:00:00+00:00,-0.00143419,1.10061,0.276867,-0.0352633,-0.0242217,0.541195,0.000173177,8.39479e-05,1.52568e-05,-5.96203e-05,-0.00109754,-0.00252998,0.00143244,19.0417,0.0923855
2025-12-24 00:00:00+00:00,0.000710931,1.10139,0.295383,-0.0388465,-0.0204901,0.586288,0.000187688,8.27457e-05,1.35744e-05,-5.85122e-05,0.00105931,0.00120325,-0.000143938,21.0417,0.0906167
2025-12-25 00:00:00+00:00,-0.00528585,1.09557,0.306768,-0.0282887,-0.022581,0.702974,0.000229973,0.000154705,4.74913e-05,-0.000168791,-0.00468535,-0.000347271,-0.00433808,24.5833,0.0843485
2025-12-26 00:00:00+00:00,-0.00319467,1.09207,0.295568,-0.0176882,-0.0252285,0.525068,0.000168004,5.8703e-05,2.05113e-05,-0.000118812,-0.00282264,0.00157127,-0.00439391,16.9167,0.0793358
2025-12-27 00:00:00+00:00,-0.000942354,1.09104,0.208392,-0.00583307,-0.0236058,0.404764,0.000129512,5.50607e-05,1.27397e-05,4.93341e-05,-0.000789671,0.00207285,-0.00286252,15.6042,0.0729322
2025-12-28 00:00:00+00:00,0.00187229,1.09308,0.153966,-0.00615739,-0.0225858,0.395045,0.000126423,5.82832e-05,1.00096e-05,9.91591e-05,0.00196932,0.000705352,0.00126397,13.3333,0.0711233
2025-12-29 00:00:00+00:00,-0.00311159,1.08968,0.254535,0.00485784,-0.0233525,0.665493,0.00021294,7.69527e-05,2.21684e-05,0.000212368,-0.00300753,-0.00309454,8.7011e-05,20.1875,0.077349
2025-12-30 00:00:00+00:00,-0.00269987,1.08674,0.320036,0.0088325,-0.0202761,0.658429,0.000215046,8.1858e-05,9.08402e-05,3.44596e-05,-0.00234115,-0.00013983,-0.00220132,25.2083,0.0821897
2025-12-31 00:00:00+00:00,0.005993,1.09325,0.334792,-0.00622611,-0.0203525,0.824333,0.000265931,7.4245e-05,2.80135e-05,0.000204039,0.00614912,-0.000647513,0.00679664,25.0208,0.0800103
2026-01-01 00:00:00+00:00,0.00356806,1.09715,0.376275,-0.0293535,-0.0216072,0.631629,0.00020213,5.04477e-05,1.74121e-05,0.000489011,0.00334788,0.00668505,-0.00333717,22.1667,0.0743138
2026-01-02 00:00:00+00:00,-0.0105141,1.08562,0.374247,0.000542329,-0.020162,0.864754,0.000287828,0.000106493,3.44657e-05,1.812e-05,-0.0101505,0.000423838,-0.0105743,23.8542,0.0741867
2026-01-03 00:00:00+00:00,0.0019502,1.08773,0.339914,-0.00352502,-0.0188082,0.494272,0.000159054,5.74796e-05,1.2116e-05,-5.44512e-05,0.00223587,0.00303266,-0.000796797,23.625,0.073042
2026-01-04 00:00:00+00:00,-0.00340276,1.08403,0.297813,-0.0285534,-0.0189159,0.431276,0.000142504,5.40079e-05,1.3738e-05,-0.000293108,-0.00289967,0.000990389,-0.00389006,21.8125,0.0719066
2026-01-05 00:00:00+00:00,0.00685027,1.09146,0.328122,-0.00716538,-0.0167052,0.811859,0.000265797,7.67347e-05,4.58676e-05,-0.000102951,0.00732494,0.00724082,8.41214e-05,23.3333,0.0717304
2026-01-06 00:00:00+00:00,0.00135185,1.09293,0.330888,-0.0209419,-0.0190596,0.367127,0.000117496,5.90189e-05,1.05161e-05,-0.000219792,0.00176603,0.000449206,0.00131683,20.7292,0.0761243
2026-01-07 00:00:00+00:00,-0.00467731,1.08782,0.268497,-0.0321178,-0.0181038,0.379008,0.000124877,5.2943e-05,8.01358e-05,-0.000111013,-0.00430371,-0.00509998,0.000796277,20.0625,0.0731589
2026-01-08 00:00:00+00:00,4.91758e-05,1.08787,0.27343,-0.0317359,-0.0194484,0.417209,0.000136153,8.23681e-05,1.44752e-05,-4.62305e-05,0.000338014,-0.00354205,0.00388006,19.4167,0.0697148
2026-01-09 00:00:00+00:00,-0.00375837,1.08379,0.265076,-0.0373573,-0.0207373,0.365864,0.000117066,9.12683e-05,1.12353e-05,-9.23069e-05,-0.00344683,-0.000177374,-0.00326945,17.9583,0.0691727
2026-01-10 00:00:00+00:00,0.00169729,1.08563,0.220834,-0.0385707,-0.0198025,0.316135,0.00010117,0.000111711,9.3285e-06,-3.40171e-05,0.00195366,-0.000302215,0.00225588,18.1042,0.0667233
2026-01-11 00:00:00+00:00,-0.0018602,1.08361,0.181506,-0.0356992,-0.0224967,0.35134,0.000112428,0.000123126,8.16207e-06,-2.04679e-05,-0.00159542,-0.000628429,-0.00096699,14.9167,0.0675306
2026-01-12 00:00:00+00:00,0.00361276,1.08752,0.236049,-0.0500737,-0.0221896,0.543061,0.0001738,0.000147401,3.51268e-05,2.01386e-05,0.00394974,-0.00138421,0.00533394,16.0208,0.0686454
2026-01-13 00:00:00+00:00,-0.00455033,1.08257,0.230863,-0.0514304,-0.0194654,0.619078,0.000198035,0.000131439,2.50838e-05,1.07468e-05,-0.00419977,0.00621852,-0.0104183,15.5625,0.0694647
2026-01-14 00:00:00+00:00,-0.00314786,1.07916,0.162634,-0.0371349,-0.0164952,0.440598,0.000141355,9.27464e-05,1.42774e-05,-0.000232959,-0.00265426,-0.000893782,-0.00176048,17.5,0.0717699
2026-01-15 00:00:00+00:00,-0.000633328,1.07848,0.180506,-0.047753,-0.0168094,0.435778,0.000139421,7.181e-05,1.26443e-05,-0.000220253,-0.000181433,-0.00186119,0.00167976,17.8542,0.0751632
2026-01-16 00:00:00+00:00,-0.00151486,1.07685,0.229354,-0.04809,-0.0172921,0.566177,0.000181167,5.89148e-05,9.85084e-06,-0.000229591,-0.00103448,0.000946471,-0.00198095,19.1458,0.0738585
2026-01-17 00:00:00+00:00,-0.00108943,1.07567,0.22155,-0.0424031,-0.0151477,0.369571,0.000118257,2.39648e-05,5.36683e-06,2.87949e-05,-0.000969729,-0.000777813,-0.000191916,18.7917,0.0712002
2026-01-18 00:00:00+00:00,-0.00035108,1.0753,0.199874,-0.0502248,-0.0143893,0.250542,8.01799e-05,1.68582e-05,5.1922e-06,-0.000109992,-0.000135824,-0.00305519,0.00291936,16.5417,0.0731221
2026-01-19 00:00:00+00:00,0.0106391,1.08674,0.29687,-0.0556268,-0.0173686,0.89951,0.000297272,5.24472e-05,7.00232e-05,-0.000127459,0.0111429,-0.0013271,0.01247,19.375,0.0758719
2026-01-20 00:00:00+00:00,0.00666692,1.09398,0.376084,-0.0549754,-0.0155675,0.865588,0.00027703,5.10468e-05,1.73165e-05,5.79891e-05,0.00693846,-0.0100633,0.0170018,22.6042,0.0789578
2026-01-21 00:00:00+00:00,-0.00337276,1.09029,0.430864,-0.0491229,-0.0140654,0.920309,0.000294453,7.15481e-05,2.61343e-05,0.00040549,-0.00337799,0.00769886,-0.0110768,25.6667,0.0747196
2026-01-22 00:00:00+00:00,-0.000114198,1.09017,0.319663,-0.0488252,-0.0142473,0.445045,0.000142416,4.06806e-05,9.23501e-06,0.000207488,-0.000125208,-0.00142477,0.00129956,21.125,0.069351
2026-01-23 00:00:00+00:00,-0.00160853,1.08841,0.243902,-0.0537929,-0.0163008,0.423359,0.000135466,4.83643e-05,1.35157e-05,-0.00025481,-0.00114925,0.00059619,-0.00174544,16.7917,0.0645733
2026-01-24 00:00:00+00:00,0.00259867,1.09124,0.219327,-0.0614382,-0.0201103,0.300111,9.60397e-05,4.11647e-05,1.10678e-05,-0.000262768,0.00301377,0.00539843,-0.00238466,14.8125,0.0601528
2026-01-25 00:00:00+00:00,0.00733181,1.09924,0.220156,-0.0478699,-0.0221573,0.395531,0.000126611,4.47111e-05,8.58085e-06,5.34966e-05,0.00743671,-0.00508439,0.0125211,16.3958,0.0560504
2026-01-26 00:00:00+00:00,0.000634013,1.09994,0.281023,-0.0355851,-0.01987,0.533841,0.000170884,7.18838e-05,2.95401e-05,0.000733998,0.000184321,0.0100468,-0.00986251,18.5625,0.0609077
2026-01-27 00:00:00+00:00,-0.00142056,1.09838,0.203905,-0.0354131,-0.022786,0.526236,0.000170504,6.40402e-05,1.55482e-05,0.000754599,-0.00191846,0.0028881,-0.00480656,16.5,0.0590294
2026-01-28 00:00:00+00:00,0.00287483,1.10154,0.165608,-0.0281404,-0.0214002,0.475505,0.000152169,5.74783e-05,1.05476e-05,0.00050639,0.00258974,-0.00226235,0.00485209,18.0208,0.0559995
2026-01-29 00:00:00+00:00,0.00311496,1.10497,0.229476,-0.0319424,-0.0206639,0.616693,0.000197409,8.74734e-05,2.36361e-05,0.000223497,0.00320741,-0.0047352,0.00794261,15.5208,0.0593879
2026-01-30 00:00:00+00:00,0.00177287,1.10693,0.262658,-0.0222471,-0.0207938,0.736714,0.000235753,0.000104672,2.40879e-05,0.000133915,0.00202237,-0.00229507,0.00431744,17.75,0.0575824
2026-01-31 00:00:00+00:00,0.0038578,1.1112,0.284448,-0.0205607,-0.0150455,0.698422,0.000236013,0.000108654,3.10692e-05,-4.88614e-07,0.00424265,-0.0138436,0.0180862,18,0.0584914
2026-02-01 00:00:00+00:00,-0.00351665,1.10729,0.324163,-0.0305969,-0.0129274,0.740828,0.000239935,0.000209226,3.39339e-05,-1.71663e-05,-0.00300424,-0.0102814,0.00727719,19.2917,0.0584314
2026-02-02 00:00:00+00:00,0.00257052,1.11013,0.227438,-0.0244923,-0.00653847,0.528119,0.000169071,8.95496e-05,6.25113e-05,8.49695e-05,0.00280943,0.00497547,-0.00216604,17.4375,0.055068
2026-02-03 00:00:00+00:00,-0.00197462,1.10794,0.247446,-0.0319228,-0.0109523,0.389796,0.000125953,7.12639e-05,2.33512e-05,-0.00010063,-0.00164926,-0.00325511,0.00160586,16.375,0.0546851
2026-02-04 00:00:00+00:00,-0.00344458,1.10413,0.231941,-0.0359825,-0.0111362,0.533527,0.000170718,6.04324e-05,1.54469e-05,-0.000213229,-0.0029858,-0.00451566,0.00152986,16.9792,0.049547
2026-02-05 00:00:00+00:00,0.00290278,1.10733,0.122749,-0.0212002,-0.0083725,0.528853,0.000169291,0.000149995,1.61844e-05,-0.000219298,0.00345733,-0.00493041,0.00838773,13.8542,0.0417954
2026-02-06 00:00:00+00:00,0.000654818,1.10806,0.131418,-0.018489,-0.00363385,0.553294,0.000177033,0.000116424,2.95516e-05,-6.00859e-05,0.001042,0.0104158,-0.00937377,16.1458,0.0365144
2026-02-07 00:00:00+00:00,0.000219504,1.1083,0.0922403,-0.00855686,-0.00542943,0.326011,0.000104325,5.80886e-05,1.13968e-05,-2.77764e-05,0.000422684,-0.000361611,0.000784295,16.6667,0.0397536
2026-02-08 00:00:00+00:00,-0.00413859,1.10371,0.0661936,-0.00786526,-0.00745963,0.311365,0.00010114,4.09292e-05,1.68544e-05,-0.000225577,-0.00376096,-0.000571456,-0.00318951,12.125,0.0395159
2026-02-09 00:00:00+00:00,0.00158185,1.10546,0.062744,-0.0157217,-0.0105056,0.305351,9.77232e-05,4.13396e-05,1.13308e-05,-0.000155233,0.00188721,0.000106823,0.00178039,13.4375,0.0339249
2026-02-10 00:00:00+00:00,-0.00261528,1.10257,0.0448255,-0.0135221,-0.00943884,0.162203,5.35896e-05,1.37047e-05,6.52533e-06,-5.97299e-05,-0.00248395,-0.000567109,-0.00191685,9.875,0.0307329
2026-02-11 00:00:00+00:00,-0.00178552,1.1006,0.0116006,-0.00729541,-0.00680479,0.0930179,3.0809e-05,8.64509e-06,4.98612e-06,-0.000116333,-0.00162583,-5.64344e-05,-0.00156939,5.66667,0.0204268
2026-02-12 00:00:00+00:00,-0.000119614,1.10047,0.00146699,-0.00146699,-0.00181531,0.0592445,1.89582e-05,5.35013e-06,3.01498e-06,-1.36105e-05,-7.86548e-05,0,-7.86548e-05,2.20833,0.0119643
2026-02-13 00:00:00+00:00,8.25823e-05,1.10056,0.00206841,-0.00193966,-0.00209419,0.0728092,2.3299e-05,1.85081e-05,3.65252e-06,-1.63487e-05,0.000144396,-1.14777e-05,0.000155873,2.70833,0.0122949
2026-02-14 00:00:00+00:00,-3.3552e-05,1.10052,0.00390669,-0.00390669,-0.00406424,0.0638496,2.04319e-05,1.73728e-05,2.78288e-06,-5.21301e-06,1.22657e-05,0,1.22657e-05,2.95833,0.0158698
2026-02-15 00:00:00+00:00,-9.93381e-05,1.10041,0.00617874,-0.0048931,-0.00444078,0.057015,1.82448e-05,6.20952e-06,2.00619e-06,-1.15578e-05,-6.12786e-05,-1.25608e-05,-4.87179e-05,3.375,0.0193714
2026-02-16 00:00:00+00:00,-0.000984481,1.09933,0.00901583,-0.00590015,-0.0054216,0.0570658,1.82601e-05,3.58815e-06,1.56868e-06,-1.34339e-06,-0.000959677,-4.57732e-06,-0.0009551,3.60417,0.0192935
2026-02-17 00:00:00+00:00,7.94433e-05,1.09942,0.00610329,-0.00531877,-0.00521705,0.0197751,6.91595e-06,1.75786e-06,1.81333e-06,-3.60052e-05,0.000126039,-1.07189e-05,0.000136758,2.22917,0.0143098
2026-02-18 00:00:00+00:00,2.74196e-05,1.09945,0.010352,-0.00817784,-0.00699856,0.0612145,1.95885e-05,1.38062e-05,3.04805e-06,-7.24248e-05,0.000136341,-5.00139e-05,0.000186355,4.3125,0.0177771
2026-02-19 00:00:00+00:00,-0.00104796,1.09829,0.0318932,-0.0117176,-0.00870232,0.110394,3.53245e-05,1.51413e-05,2.87462e-06,-0.000151951,-0.000842639,0.000177749,-0.00102039,8.35417,0.0216768
2026-02-20 00:00:00+00:00,-0.00124892,1.09692,0.0252376,-0.0122279,-0.0105782,0.16532,5.40666e-05,5.79368e-05,9.32532e-06,-0.000273257,-0.000854434,0.000274854,-0.00112929,9.60417,0.0210797
2026-02-21 00:00:00+00:00,-0.000132115,1.09678,0.0109008,-0.0107574,-0.0099871,0.049587,1.58676e-05,1.44989e-05,3.16931e-06,-0.000109853,1.1462e-05,1.33101e-05,-1.84815e-06,4.66667,0.0197563
2026-02-22 00:00:00+00:00,-8.11591e-05,1.09669,0.0185118,-0.0113634,-0.0125778,0.102174,3.26958e-05,1.3836e-05,2.23891e-06,-0.000105121,7.28411e-05,1.14626e-05,6.13785e-05,7.72917,0.0223974
2026-02-23 00:00:00+00:00,-0.00205744,1.09443,0.0157927,-0.0109458,-0.00893532,0.13075,4.26709e-05,4.077e-05,9.79918e-06,-1.07463e-05,-0.00195518,-2.7335e-05,-0.00192784,6.47917,0.0176796
2026-02-24 00:00:00+00:00,0.000908035,1.09543,0.00340627,-0.00215899,-0.00355046,0.0490339,1.56909e-05,4.06001e-06,5.54059e-06,-8.11162e-05,0.00101434,-5.927e-05,0.00107361,2.79167,0.00878342
2026-02-25 00:00:00+00:00,-3.79261e-07,1.09543,0.00227297,-0.00222524,-0.00437669,0.0431732,1.38154e-05,3.98952e-06,8.81181e-06,6.92933e-06,1.93485e-05,-7.5292e-06,2.68777e-05,2.22917,0.00843675
2026-02-26 00:00:00+00:00,-0.00069716,1.09466,0.0134439,-0.00204348,-0.00723108,0.0852608,2.76994e-05,5.58655e-06,4.02759e-06,1.2421e-05,-0.000671671,-8.542e-05,-0.000586251,6.70833,0.0150117
2026-02-27 00:00:00+00:00,-0.00013091,1.09452,0.00803669,-0.00123688,-0.00453422,0.0571195,1.82782e-05,2.28477e-06,6.62194e-06,8.12707e-06,-0.000111768,-0.000130623,1.88548e-05,4.9375,0.0126833
2026-02-28 00:00:00+00:00,-0.00057389,1.09389,0.00398571,-0.00200313,-0.00290996,0.0639523,2.07674e-05,2.65903e-06,7.8174e-06,4.70549e-06,-0.000547432,-6.63651e-05,-0.000481067,3.125,0.00969719
2026-03-01 00:00:00+00:00,-6.43615e-05,1.09382,0.000875527,-0.000875527,-0.00134898,0.0409316,1.30981e-05,1.63726e-06,4.62129e-06,2.81608e-06,-4.78122e-05,0,-4.78122e-05,1.79167,0.00642384
2026-03-02 00:00:00+00:00,-0.000247276,1.09355,0.000350965,-0.000350965,-0.000246253,0.0153508,4.91221e-06,6.14027e-07,2.04564e-06,3.65351e-07,-0.00024009,0,-0.00024009,0.541667,0.00393224
2026-03-03 00:00:00+00:00,0,1.09355,0,0,0,0,0,0,0,0,0,0,0,0,0.00133658
2026-03-04 00:00:00+00:00,9.97316e-05,1.09366,0.00258269,-0.00129238,-0.000918343,0.0358102,1.14593e-05,2.41739e-06,1.47143e-06,5.34665e-07,0.000114603,-1.46734e-05,0.000129276,1.97917,0.00893068
2026-03-05 00:00:00+00:00,0.000598771,1.09431,0.00958597,-0.00350625,-0.00444591,0.10289,3.29253e-05,4.38539e-06,3.23999e-06,-3.51295e-06,0.000642758,2.2644e-05,0.000620114,5.875,0.0170552
2026-03-06 00:00:00+00:00,0.000158869,1.09449,0.00646838,-0.00244632,-0.00430643,0.0689347,2.20593e-05,5.71686e-06,2.85167e-06,-1.33206e-06,0.000190833,-7.82613e-05,0.000269094,4.66667,0.0155206
2026-03-07 00:00:00+00:00,0.000349822,1.09487,0.00557424,-0.00557424,-0.00418023,0.0373658,1.19571e-05,1.50965e-06,1.79618e-06,1.69173e-06,0.00036336,0,0.00036336,3.22917,0.0148714
2026-03-08 00:00:00+00:00,0.000282903,1.09518,0.00924357,-0.00924357,-0.00695596,0.0517486,1.65597e-05,2.09324e-06,2.1707e-06,2.79081e-06,0.000300937,0,0.000300937,5.08333,0.0176766
2026-03-09 00:00:00+00:00,-3.70426e-05,1.09514,0.0175518,-0.00747593,-0.0079242,0.0681568,2.181e-05,4.83741e-06,2.75133e-06,0.000236604,-0.000244007,0.000200529,-0.000444536,6.77083,0.0185738
2026-03-10 00:00:00+00:00,-0.000333497,1.09477,0.0189667,-0.0108374,-0.00966589,0.0565601,1.80994e-05,6.66253e-06,2.05703e-06,0.000203262,-0.000509643,-0.000160844,-0.0003488,6.83333,0.0209009
2026-03-11 00:00:00+00:00,0.000126511,1.09491,0.0155806,-0.00865627,-0.00737174,0.069561,2.22596e-05,1.52502e-05,2.6837e-06,2.53033e-05,0.000141636,2.57872e-05,0.000115849,6.66667,0.0194827
2026-03-12 00:00:00+00:00,-0.000496688,1.09437,0.00982437,-0.00822052,-0.00736905,0.0361668,1.15733e-05,8.08389e-06,1.37148e-06,-8.8315e-06,-0.000466856,-4.5914e-05,-0.000420942,4.41667,0.0169185
2026-03-13 00:00:00+00:00,-0.000298912,1.09404,0.00329881,-0.00329881,-0.00242013,0.0256665,8.21313e-06,1.08273e-06,1.03898e-06,-2.44935e-05,-0.000264068,0,-0.000264068,2.02083,0.0099133
2026-03-14 00:00:00+00:00,-2.21196e-05,1.09402,0.000152159,-0.000152159,-9.97907e-05,0.00698924,2.23655e-06,2.79569e-07,4.56243e-07,-5.08684e-07,-1.86379e-05,0,-1.86379e-05,0.270833,0.00433379
2026-03-15 00:00:00+00:00,0,1.09402,0,0,0,0,0,0,0,0,0,0,0,0,0.00402304
2026-03-16 00:00:00+00:00,0.000398747,1.09445,0.00287414,-0.001433,-0.00154848,0.0541393,1.73248e-05,1.20092e-05,1.98164e-06,-4.47435e-05,0.000474765,1.65457e-06,0.00047311,2.60417,0.00971942
2026-03-17 00:00:00+00:00,-9.77197e-06,1.09444,0.000142337,-2.15264e-05,-3.23191e-05,0.0104173,3.33356e-06,2.43592e-06,2.83591e-07,-5.48431e-08,-3.66386e-06,4.80197e-06,-8.46583e-06,0.604167,0.00143139
2026-03-18 00:00:00+00:00,0,1.09444,0,0,0,0,0,0,0,0,0,0,0,0,0.00356788
2026-03-19 00:00:00+00:00,0,1.09444,0,0,0,0,0,0,0,0,0,0,0,0,0.00181407
2026-03-20 00:00:00+00:00,0,1.09444,0,0,0,0,0,0,0,0,0,0,0,0,0.000830204
2026-03-21 00:00:00+00:00,0,1.09444,0,0,0,0,0,0,0,0,0,0,0,0,0
2026-03-22 00:00:00+00:00,0,1.09444,0,0,0,0,0,0,0,0,0,0,0,0,0
2026-03-23 00:00:00+00:00,0,1.09444,0,0,0,0,0,0,0,0,0,0,0,0,0
2026-03-24 00:00:00+00:00,0,1.09444,0,0,0,0,0,0,0,0,0,0,0,0,0
2026-03-25 00:00:00+00:00,0,1.09444,0,0,0,0,0,0,0,0,0,0,0,0,0
2026-03-26 00:00:00+00:00,0,1.09444,0,0,0,0,0,0,0,0,0,0,0,0,8.70533e-05
2026-03-27 00:00:00+00:00,-7.78671e-05,1.09436,0.000340436,-0.000340436,-0.000302479,0.0125005,4.00014e-06,7.228e-07,7.20346e-07,-9.70704e-08,-7.2327e-05,0,-7.2327e-05,0.395833,0.00384385
2026-03-28 00:00:00+00:00,4.46145e-05,1.09441,0.000189905,-0.000189905,-0.000167836,0.00880238,2.81677e-06,6.41418e-07,6.11034e-07,2.87764e-08,4.86554e-05,0,4.86554e-05,0.333333,0.00355227
2026-03-29 00:00:00+00:00,-3.71354e-05,1.09437,0.00151941,-0.00151941,-0.00136519,0.0431441,1.38061e-05,3.70603e-06,2.99179e-06,2.24464e-06,-1.88719e-05,0,-1.88719e-05,1.8125,0.00611504
2026-03-30 00:00:00+00:00,-0.000130129,1.09422,0.00278118,-0.00278118,-0.00291294,0.0556805,1.78178e-05,8.41944e-06,3.40741e-06,5.62806e-06,-0.000106111,0,-0.000106111,2.625,0.00849202
2026-03-31 00:00:00+00:00,0.000289642,1.09454,0.00264652,-0.00264652,-0.00321546,0.0265305,8.4899e-06,4.02614e-06,1.55366e-06,2.10644e-06,0.000301578,0,0.000301578,2.14583,0.00878587
2026-04-01 00:00:00+00:00,0.000121148,1.09467,0.0129917,-0.00600508,-0.00680133,0.065774,2.14273e-05,6.82808e-06,3.49338e-06,2.98447e-05,0.000123178,0.000166868,-4.36903e-05,6,0.0129865
2026-04-02 00:00:00+00:00,-0.000939309,1.09364,0.0182049,-0.00986546,-0.00996545,0.0630321,2.01697e-05,6.79198e-06,2.21271e-06,4.49408e-05,-0.000955108,-0.000314813,-0.000640295,6.08333,0.0140546
2026-04-03 00:00:00+00:00,0.000657255,1.09436,0.0100915,-0.00846819,-0.0077268,0.0460014,1.47206e-05,5.09951e-06,2.51242e-06,1.52639e-05,0.000664269,-2.98243e-05,0.000694093,3.5625,0.0122665
2026-04-04 00:00:00+00:00,-0.00114138,1.09311,0.00850016,-0.00850016,-0.00766654,0.0146786,4.69699e-06,5.87123e-07,9.12787e-07,1.66708e-05,-0.00115222,0,-0.00115222,2.04167,0.0139997
2026-04-05 00:00:00+00:00,3.43751e-05,1.09315,0.00416826,-0.00416826,-0.00377333,0.0286263,9.1604e-06,1.14505e-06,4.88862e-06,9.99153e-06,3.96136e-05,0,3.96136e-05,2,0.00968147
2026-04-06 00:00:00+00:00,-0.00097514,1.09209,0.00533276,-0.00533276,-0.00541021,0.0212238,6.79148e-06,2.15582e-06,2.66799e-06,6.61496e-06,-0.000970469,0,-0.000970469,2.25,0.0103511
2026-04-07 00:00:00+00:00,0.000713511,1.09287,0.00564002,-0.00564002,-0.00517583,0.031129,9.96155e-06,7.4582e-06,5.67102e-06,6.91292e-06,0.000729546,0,0.000729546,2.39583,0.0110242
2026-04-08 00:00:00+00:00,0.000604967,1.09353,0.00630324,-0.00630324,-0.00440501,0.0341877,1.09402e-05,1.98338e-06,2.31933e-06,-1.38088e-06,0.000621495,0,0.000621495,2.5,0.0133686
2026-04-09 00:00:00+00:00,-1.69676e-06,1.09352,0.00772524,-0.00772524,-0.00578332,0.0566404,1.81249e-05,7.29671e-06,2.81861e-06,-3.22293e-06,2.98515e-05,0,2.98515e-05,4.39583,0.014496
2026-04-10 00:00:00+00:00,0.000164094,1.0937,0.00443928,-0.00443928,-0.00317088,0.0271244,8.67988e-06,1.5436e-05,2.27496e-06,2.82534e-06,0.000187662,0,0.000187662,3.0625,0.0123324
2026-04-11 00:00:00+00:00,-0.000187865,1.0935,0.00552757,-0.00552757,-0.00425014,0.0651651,2.08528e-05,3.55987e-05,3.48028e-06,1.39761e-05,-0.000141882,0,-0.000141882,3.27083,0.0168919
2026-04-12 00:00:00+00:00,0.000142376,1.09365,0.0037571,-0.0037571,-0.00315983,0.0275023,8.8007e-06,6.14234e-06,1.36632e-06,8.04346e-06,0.000150666,0,0.000150666,2.35417,0.0138278
2026-04-13 00:00:00+00:00,-8.88216e-05,1.09356,0.00593374,-0.00573173,-0.00448461,0.0622748,1.9928e-05,1.42967e-05,4.0364e-06,-2.47559e-05,-2.57526e-05,2.61359e-06,-2.83662e-05,3.85417,0.0135583
2026-04-14 00:00:00+00:00,-0.000416789,1.0931,0.0155515,-0.0138666,-0.00849737,0.0495063,1.58419e-05,6.67169e-06,2.25407e-06,-2.35103e-05,-0.000368254,1.44919e-05,-0.000382746,4.875,0.0204109
2026-04-15 00:00:00+00:00,-0.000906177,1.09211,0.0208725,-0.0176505,-0.0112915,0.0699002,2.38967e-05,1.78318e-05,1.35505e-05,2.10199e-05,-0.000871118,-2.15006e-05,-0.000849618,5.41667,0.0235651
2026-04-16 00:00:00+00:00,-0.00353844,1.08825,0.0149039,-0.0125313,-0.0124758,0.0571262,1.90049e-05,8.59767e-06,4.5663e-06,3.02904e-05,-0.00354101,-2.59042e-05,-0.00351511,5.04167,0.0204893
2026-04-17 00:00:00+00:00,0.0014686,1.08984,0.00779654,-0.00747022,-0.00675218,0.061771,1.99397e-05,2.40275e-05,9.83866e-06,-1.07922e-06,0.00152271,6.01013e-06,0.0015167,4.29167,0.0157123
2026-04-18 00:00:00+00:00,0.00164603,1.09164,0.0196862,-0.0166743,-0.010796,0.0728253,2.33048e-05,1.87419e-05,6.83854e-06,-0.000109244,0.00180326,-8.56599e-05,0.00188892,8.77083,0.0207078
2026-04-19 00:00:00+00:00,0.00140595,1.09317,0.0196731,-0.0152024,-0.00971575,0.0778231,2.49044e-05,9.05986e-06,3.63034e-06,-6.54153e-05,0.00150821,-5.17277e-05,0.00155994,7.27083,0.0238529
2026-04-20 00:00:00+00:00,0.000219256,1.09341,0.042602,-0.0192313,-0.0116017,0.155874,4.98801e-05,2.3262e-05,5.11747e-06,-1.66294e-05,0.0003147,0.000657259,-0.000342559,11.7708,0.0278429
2026-04-21 00:00:00+00:00,0.000215387,1.09365,0.0356027,-0.0167237,-0.0111845,0.10616,3.3971e-05,6.15875e-05,5.06704e-06,1.80391e-05,0.000298382,-3.52021e-05,0.000333585,10.4583,0.0278008
2026-04-22 00:00:00+00:00,-0.000455839,1.09315,0.0320442,-0.0159155,-0.0106844,0.0973995,3.14451e-05,6.51699e-05,4.05666e-06,2.72635e-05,-0.00038223,-0.00049682,0.00011459,9.66667,0.0291991
2026-04-23 00:00:00+00:00,0.000670903,1.09388,0.0455792,-0.0215486,-0.0188588,0.156609,5.0115e-05,4.66518e-05,5.09876e-06,3.35609e-05,0.00073979,0.000715424,2.43659e-05,10.3958,0.0353216
2026-04-24 00:00:00+00:00,-0.00228362,1.09139,0.0272943,-0.0252338,-0.0205655,0.0948321,3.03421e-05,2.64613e-05,5.02405e-06,-2.48191e-05,-0.00219691,4.30304e-05,-0.00223994,8.08333,0.0297357
2026-04-25 00:00:00+00:00,-0.000299362,1.09106,0.0161276,-0.0153561,-0.0153115,0.0561186,1.79578e-05,1.53457e-05,2.14197e-06,2.32027e-05,-0.0002867,1.85401e-05,-0.00030524,6.3125,0.0253442
2026-04-26 00:00:00+00:00,0.000322668,1.09141,0.0106259,-0.0106259,-0.0144162,0.0303764,9.72059e-06,1.8132e-05,1.71384e-06,2.44595e-05,0.000327893,0,0.000327893,3.79167,0.0257069
2026-04-27 00:00:00+00:00,0.000689282,1.09216,0.011807,-0.00711933,-0.0110236,0.0315014,1.00805e-05,9.67916e-06,9.94366e-07,2.29965e-05,0.00068699,-4.46145e-05,0.000731605,4.10417,0.0291245
2026-04-28 00:00:00+00:00,2.49714e-05,1.09219,0.00545824,-0.00506904,-0.00670786,0.0432003,1.38241e-05,1.54056e-05,1.78776e-06,7.35687e-06,4.86436e-05,-4.64911e-06,5.32927e-05,3.72917,0.0235338
2026-04-29 00:00:00+00:00,-0.000457178,1.09169,0.00693035,-0.00693035,-0.00725533,0.0579443,1.91122e-05,1.52729e-05,4.72742e-06,-3.30868e-05,-0.000384896,0,-0.000384896,3.89583,0.02081
2026-04-30 00:00:00+00:00,0.000602401,1.09235,0.00699811,-0.00699811,-0.00772777,0.0312862,1.00117e-05,1.01189e-05,2.09875e-06,5.83885e-06,0.000618933,0,0.000618933,3,0.0205877
2026-05-01 00:00:00+00:00,-0.000167015,1.09217,0.0101351,-0.0101351,-0.0118511,0.0271247,8.67985e-06,1.03456e-05,1.39168e-06,1.48341e-05,-0.000161412,0,-0.000161412,3.39583,0.0244692
2026-05-02 00:00:00+00:00,-0.000309987,1.09183,0.011927,-0.011927,-0.0131133,0.0437692,1.48743e-05,8.98943e-06,3.01793e-06,1.46894e-05,-0.000297616,0,-0.000297616,4.0625,0.0241009
2026-05-03 00:00:00+00:00,0.00038952,1.09225,0.0151526,-0.0119179,-0.0159521,0.0429476,1.37434e-05,9.69239e-06,1.33218e-06,1.62478e-05,0.000398047,0.000149117,0.000248929,6.375,0.0249257
2026-05-04 00:00:00+00:00,-0.000726326,1.09146,0.0302355,-0.00973063,-0.0174826,0.128212,4.10274e-05,1.99414e-05,9.568e-06,6.1548e-05,-0.000716983,-0.000493684,-0.000223299,9.875,0.0302182
2026-05-05 00:00:00+00:00,-0.000507321,1.09091,0.0284226,-0.00686692,-0.016795,0.0751063,2.42789e-05,8.19763e-06,3.84755e-06,6.40404e-05,-0.00053486,-0.000331724,-0.000203136,9.41667,0.0322307
2026-05-06 00:00:00+00:00,-0.00147904,1.08929,0.0283386,-0.00490064,-0.0117949,0.0834629,2.69168e-05,6.2771e-06,3.52259e-06,5.42867e-05,-0.00149718,-0.000699723,-0.00079746,9.52083,0.0328668
2026-05-07 00:00:00+00:00,0.000662801,1.09001,0.0247901,-0.00496352,-0.00746779,0.0886521,2.83697e-05,1.04321e-05,3.69779e-06,5.3036e-05,0.000652419,0.000204546,0.000447873,9.77083,0.0295819
2026-05-08 00:00:00+00:00,-0.000683527,1.08927,0.0107081,-0.00768156,-0.00825557,0.0596342,1.90826e-05,6.44488e-06,3.57662e-06,2.33931e-06,-0.000656932,7.15589e-05,-0.000728491,6.02083,0.0217458
2026-05-09 00:00:00+00:00,-0.000141522,1.08911,0.00704838,-0.00704838,-0.00711289,0.0584898,1.87166e-05,3.02559e-06,5.13981e-06,1.06211e-05,-0.0001252,0,-0.0001252,4.83333,0.0174858
2026-05-10 00:00:00+00:00,0.000307463,1.08945,0.00506361,-0.00506361,-0.00519976,0.0244351,7.81931e-06,9.7812e-07,1.29061e-06,1.16991e-05,0.000305834,0,0.000305834,2.9375,0.0175057
2026-05-11 00:00:00+00:00,0.00035651,1.08984,0.0131566,-0.0117542,-0.0112021,0.0419638,1.34284e-05,1.67856e-06,8.30091e-07,9.50055e-06,0.000363033,-5.54034e-06,0.000368574,4.6875,0.0233104
2026-05-12 00:00:00+00:00,-0.00101481,1.08873,0.0176568,-0.0115885,-0.00962897,0.0763697,2.59498e-05,1.31017e-05,9.18852e-06,1.98408e-05,-0.000986478,-1.78902e-05,-0.000968588,6,0.0266973
2026-05-13 00:00:00+00:00,0.000199893,1.08895,0.0162423,-0.010151,-0.00808452,0.0603235,1.93042e-05,5.51008e-06,1.91098e-06,1.53657e-05,0.00021151,-0.000133618,0.000345128,5.29167,0.0245594
2026-05-14 00:00:00+00:00,-0.000206615,1.08872,0.0223743,-0.0090248,-0.0059452,0.0630593,2.01793e-05,1.08823e-05,2.04449e-06,1.64922e-05,-0.000189742,0.000102666,-0.000292408,6.20833,0.0255816
2026-05-15 00:00:00+00:00,0.00011252,1.08885,0.0400169,-0.00668063,-0.00473574,0.107738,3.4477e-05,7.57731e-06,2.18493e-06,-1.5694e-06,0.000158603,-0.000796057,0.000954659,8.9375,0.0304729
2026-05-16 00:00:00+00:00,0.0005557,1.08945,0.131335,-0.0100596,-0.0113902,0.272294,8.71399e-05,2.38955e-05,8.20984e-06,-0.000208063,0.000885151,-0.00104059,0.00192574,15.5208,0.0408187
2026-05-17 00:00:00+00:00,0.0017232,1.09133,0.132506,-0.015586,-0.0153335,0.303329,9.7073e-05,2.29034e-05,6.7997e-06,-0.000114474,0.00196482,8.237e-05,0.00188245,15.2917,0.0389793
2026-05-18 00:00:00+00:00,0.00011778,1.09146,0.0449257,-0.0158485,-0.0188803,0.192449,6.15839e-05,3.76901e-05,5.71854e-06,-1.99746e-06,0.000225267,0.000567336,-0.000342069,10.25,0.0378125
2026-05-19 00:00:00+00:00,0.000103717,1.09157,0.0443617,-0.00854884,-0.0146482,0.128592,4.11492e-05,3.28349e-05,2.87028e-06,1.17223e-05,0.000170599,6.99808e-05,0.000100618,7.45833,0.0360858
2026-05-20 00:00:00+00:00,0.00162224,1.09334,0.0818195,-0.0109317,-0.0168607,0.21553,6.89719e-05,3.69416e-05,6.01274e-06,1.01279e-05,0.00172365,0.00249717,-0.000773529,11.7083,0.0367093
2026-05-21 00:00:00+00:00,0.000919306,1.09435,0.055988,-0.0131288,-0.0149439,0.158465,5.07086e-05,2.96843e-05,3.5277e-06,1.46933e-05,0.000988773,0.000600372,0.000388401,11.3958,0.0348227
2026-05-22 00:00:00+00:00,-0.000439303,1.09387,0.0503494,-0.0141162,-0.0157387,0.213456,6.98431e-05,3.90447e-05,7.37449e-06,1.14269e-05,-0.000334012,-0.0013711,0.00103709,11.3958,0.0354562
2026-05-23 00:00:00+00:00,-0.00104436,1.09272,0.0412526,-0.0174999,-0.0164164,0.122637,3.92437e-05,2.27994e-05,3.29694e-06,1.30935e-05,-0.000991978,0.000799039,-0.00179102,10.3125,0.0331068
2026-05-24 00:00:00+00:00,-0.00105941,1.09157,0.027592,-0.0161411,-0.0114505,0.0681603,2.3271e-05,2.71419e-05,6.23495e-06,8.65946e-06,-0.00101134,0.000301181,-0.00131252,6.75,0.0312417
2026-05-25 00:00:00+00:00,-0.000535742,1.09098,0.0264777,-0.0163676,-0.0154507,0.073086,2.3389e-05,1.83952e-05,3.65675e-06,3.333e-06,-0.000492317,-4.91682e-05,-0.000443149,7.375,0.0299895
2026-05-26 00:00:00+00:00,-0.000927328,1.08997,0.0319681,-0.0107289,-0.0140873,0.125681,4.02176e-05,1.19817e-05,4.1383e-06,-9.21417e-07,-0.000869986,-0.000964981,9.49952e-05,10.6667,0.0322662
2026-05-27 00:00:00+00:00,-0.000226762,1.08972,0.0772826,-0.0128916,-0.0124331,0.174074,5.57041e-05,2.99738e-05,5.42583e-06,7.60162e-06,-0.000142229,-0.00171743,0.00157521,13.3958,0.0343204
2026-05-28 00:00:00+00:00,0.00280255,1.09278,0.151946,-0.00344792,-0.00538434,0.403927,0.000130258,7.69472e-05,1.47675e-05,3.38039e-05,0.00298889,-0.000193995,0.00318289,17.4792,0.0363368
2026-05-29 00:00:00+00:00,-0.00325471,1.08922,0.195032,-0.0132488,-0.00584553,0.441978,0.000142518,7.87241e-05,1.44561e-05,2.74123e-05,-0.00304808,-0.000397754,-0.00265032,18.7292,0.0384327
2026-05-30 00:00:00+00:00,0.00781301,1.09773,0.176829,-0.0117239,-0.0081526,0.415588,0.000133008,7.54773e-05,1.1482e-05,-3.33514e-05,0.00804059,0.00702395,0.00101664,15.2083,0.037682
2026-05-31 00:00:00+00:00,-5.84416e-05,1.09767,0.153936,-0.00565554,-0.0159408,0.317253,0.000102178,3.7752e-05,9.8734e-06,-0.000129433,0.00022359,0.000432319,-0.00020873,16.8542,0.0434589
2026-06-01 00:00:00+00:00,-0.00729997,1.08965,0.178844,-0.0347785,-0.0191509,0.697834,0.000227996,0.000137163,4.09828e-05,-0.000188516,-0.00672217,-0.00120814,-0.00551403,17.875,0.0405076
2026-06-02 00:00:00+00:00,0.00373269,1.09372,0.0928629,-0.0108898,-0.0168285,0.265723,8.66252e-05,4.37459e-05,1.41902e-05,-0.00017039,0.00404709,-0.000557739,0.00460483,14.4375,0.0316138
2026-06-03 00:00:00+00:00,-0.000637771,1.09302,0.061324,-0.0126446,-0.00868963,0.203365,6.50743e-05,3.01567e-05,5.68055e-06,-2.76467e-06,-0.000533042,-0.000195105,-0.000337938,15.0208,0.0274027
2026-06-04 00:00:00+00:00,-0.00161076,1.09126,0.0369538,-0.0101555,-0.00721174,0.157466,5.19765e-05,2.14709e-05,5.50669e-06,3.07467e-06,-0.00153563,-0.00209318,0.000557544,10.8125,0.0215652
2026-06-05 00:00:00+00:00,-0.000497531,1.09072,0.0332367,-0.00621764,-0.00378995,0.141436,4.55835e-05,1.03578e-05,6.1539e-06,1.8053e-06,-0.000436853,-0.00186266,0.0014258,10.75,0.0172311
2026-06-06 00:00:00+00:00,-0.00216805,1.08835,0.0195615,-0.00403741,-0.00275978,0.105891,3.38834e-05,5.63106e-06,3.64691e-06,-8.01953e-06,-0.00211892,2.93131e-05,-0.00214823,9.33333,0.0139263
2026-06-07 00:00:00+00:00,0.000260786,1.08864,0.0016607,-0.0010862,-0.00106593,0.0345651,1.10609e-05,1.38955e-06,2.34211e-06,-7.41285e-06,0.000283032,4.5271e-05,0.000237761,2.0625,0.00571858
2026-06-08 00:00:00+00:00,3.02275e-05,1.08867,0.000169842,-0.000169842,-0.00023846,0.00807583,2.58427e-06,3.23034e-07,9.37606e-07,1.36422e-07,3.3937e-05,0,3.3937e-05,0.3125,0.00313862
2026-06-09 00:00:00+00:00,5.78046e-05,1.08873,0.000560379,-0.000560379,-0.000816365,0.0260676,8.34163e-06,1.0427e-06,3.06448e-06,3.36605e-07,6.99287e-05,0,6.99287e-05,0.979167,0.00471721
2026-06-10 00:00:00+00:00,-6.66492e-05,1.08866,0.000458552,-0.000458552,-0.000700472,0.00786022,2.51526e-06,3.14408e-07,9.51462e-07,1.56237e-07,-6.30215e-05,0,-6.30215e-05,0.458333,0.00516997
2026-06-11 00:00:00+00:00,3.37732e-05,1.0887,0.00227749,-0.00186004,-0.00243064,0.0250637,8.0204e-06,1.00255e-06,1.41378e-07,9.23672e-07,4.20317e-05,5.14539e-05,-9.42212e-06,1.89583,0.00827582
2026-06-12 00:00:00+00:00,3.4265e-05,1.08874,0.00021554,-0.00021554,-0.000276793,0.0066515,2.12849e-06,5.74003e-07,6.76486e-07,2.50873e-07,3.73953e-05,0,3.73953e-05,0.3125,0.0060714
2026-06-13 00:00:00+00:00,-3.05325e-05,1.0887,0.000810532,-0.000810532,-0.000936639,0.00254938,8.15803e-07,1.01975e-07,6.26709e-08,1.56942e-07,-2.96981e-05,0,-2.96981e-05,0.4375,0.00938639
2026-06-14 00:00:00+00:00,-5.8796e-05,1.08864,0.00188262,-0.00140324,-0.00189648,0.0191131,6.11617e-06,1.09044e-05,1.12367e-06,2.5756e-06,-4.32151e-05,2.3567e-05,-6.67821e-05,1.5625,0.0109051
2026-06-15 00:00:00+00:00,3.68094e-05,1.08868,0.00128329,-0.000997493,-0.00118161,0.0319146,1.02127e-05,2.48633e-05,3.60524e-06,1.60586e-06,7.38963e-05,-2.50765e-06,7.64039e-05,1.52083,0.0106779
2026-06-16 00:00:00+00:00,-0.000984769,1.08761,0.00175411,-0.00175411,-0.00250169,0.0282334,9.51268e-06,2.26178e-05,3.30089e-06,5.88166e-06,-0.000955618,0,-0.000955618,1.85417,0.0114588
2026-06-17 00:00:00+00:00,8.95335e-05,1.0877,0.000152086,-0.000152086,-0.000206785,0.00677339,2.16749e-06,1.00891e-05,7.5503e-07,6.47492e-08,0.000102485,0,0.000102485,0.291667,0.00747856
2026-06-18 00:00:00+00:00,0,1.0877,0,0,0,0,0,0,0,0,0,0,0,0,0.00248414
2026-06-19 00:00:00+00:00,0,1.0877,0,0,0,0,0,0,0,0,0,0,0,0,0.000720701
2026-06-20 00:00:00+00:00,6.82515e-06,1.08771,0.00082334,-0.00082334,-0.000948614,0.0348975,1.11672e-05,3.58847e-06,1.66662e-06,-2.3168e-05,4.64173e-05,0,4.64173e-05,1.41667,0.00902793
2026-06-21 00:00:00+00:00,8.45539e-05,1.0878,0.00464777,-0.00331338,-0.00338538,0.0732755,2.34483e-05,1.78972e-05,2.48841e-06,-2.41817e-06,0.000130833,-6.56232e-05,0.000196456,4.33333,0.0159149
2026-06-22 00:00:00+00:00,0.000167665,1.08799,0.00502654,-0.00458528,-0.0034153,0.0647813,2.07301e-05,3.30572e-06,2.46349e-06,2.73869e-06,0.000191471,3.56778e-05,0.000155793,3.875,0.0160758
2026-06-23 00:00:00+00:00,0.000138298,1.08814,0.00952437,-0.00728071,-0.00746354,0.0851256,2.75451e-05,3.19364e-05,2.6374e-06,3.83032e-05,0.000162294,-5.60877e-05,0.000218381,5.64583,0.0154785
2026-06-24 00:00:00+00:00,0.000734432,1.08894,0.00546184,-0.0023515,-0.00537719,0.0420748,1.34642e-05,2.20222e-05,2.37298e-06,5.60764e-06,0.000766537,2.9784e-06,0.000763558,4.16667,0.011667
2026-06-25 00:00:00+00:00,-0.000322125,1.08858,0.00496704,-0.00112199,-0.0022626,0.0397149,1.27087e-05,3.61449e-05,2.54399e-06,1.75333e-06,-0.000272418,-0.000134873,-0.000137545,3.45833,0.0107895
2026-06-26 00:00:00+00:00,-0.000274496,1.08829,0.00080984,-0.000334125,-0.000525343,0.0297789,9.52921e-06,8.27953e-06,1.82813e-06,8.91771e-07,-0.000255774,-2.39657e-05,-0.000231808,1.27083,0.00561938
2026-06-27 00:00:00+00:00,0,1.08829,0,0,0,0,0,0,0,0,0,0,0,0,0.000663575
2026-06-28 00:00:00+00:00,0,1.08829,0,0,0,0,0,0,0,0,0,0,0,0,0
2026-06-29 00:00:00+00:00,0,1.08829,0,0,0,0,0,0,0,0,0,0,0,0,0
2026-06-30 00:00:00+00:00,0,1.08829,0,0,0,0,0,0,0,0,0,0,0,0,0
2026-07-01 00:00:00+00:00,0,1.08829,0,0,0,0,0,0,0,0,0,0,0,0,0
2026-07-02 00:00:00+00:00,0,1.08829,0,0,0,0,0,0,0,0,0,0,0,0,7.34544e-05
2026-07-03 00:00:00+00:00,-4.59946e-05,1.08824,0.000361384,-0.000361384,-0.000587916,0.00901522,2.88487e-06,1.68575e-06,8.40389e-07,4.48629e-07,-4.10327e-05,0,-4.10327e-05,0.541667,0.00399756
2026-07-04 00:00:00+00:00,-0.000220008,1.088,0.00167116,-0.00167116,-0.00230044,0.00816598,2.61312e-06,6.55589e-06,8.21536e-07,8.07251e-07,-0.000210811,0,-0.000210811,1,0.00777223
2026-07-05 00:00:00+00:00,0.000105578,1.08811,0.000910302,-0.000910302,-0.00103443,0.0227615,7.28369e-06,1.74903e-05,2.6436e-06,2.94629e-07,0.0001327,0,0.0001327,1,0.00630425
2026-07-06 00:00:00+00:00,6.42649e-06,1.08812,0.00245948,-0.00245948,-0.00244895,0.00452678,1.44859e-06,1.83228e-06,2.36007e-07,7.70906e-07,9.1884e-06,0,9.1884e-06,1.0625,0.00989009
2026-07-07 00:00:00+00:00,7.27933e-05,1.0882,0.00495721,-0.00469465,-0.00443319,0.0151586,4.85078e-06,5.53597e-06,7.05115e-07,6.71602e-06,7.72101e-05,-5.30075e-06,8.25109e-05,2.33333,0.0140624
2026-07-08 00:00:00+00:00,-0.000116134,1.08807,0.0128475,-0.00741644,-0.00456618,0.0775686,2.48218e-05,2.58039e-05,4.47602e-06,1.23067e-05,-7.32877e-05,-8.38728e-05,1.05851e-05,5.875,0.0198106
2026-07-09 00:00:00+00:00,-0.00106959,1.08691,0.00887234,-0.00604162,-0.006369,0.0766923,2.45402e-05,2.56812e-05,3.50075e-06,1.86915e-05,-0.00103432,3.35889e-05,-0.00106791,4.97917,0.0226514
2026-07-10 00:00:00+00:00,0.00103043,1.08803,0.007393,-0.00515233,-0.0089312,0.0421645,1.34929e-05,1.05498e-05,1.42044e-06,5.82181e-06,0.00104976,-4.89678e-06,0.00105465,3.91667,0.021697
2026-07-11 00:00:00+00:00,0.000996446,1.08911,0.0157776,-0.00207812,-0.00983105,0.0844441,2.7023e-05,2.29338e-05,2.92945e-06,-1.17431e-05,0.00106076,0.000270936,0.000789828,6.875,0.0245664
2026-07-12 00:00:00+00:00,-7.50261e-05,1.08903,0.0232272,-0.00861377,-0.0129569,0.0841251,2.69202e-05,3.57195e-05,5.08752e-06,1.36611e-05,-2.05445e-05,1.3067e-05,-3.36115e-05,7.1875,0.0282541
2026-07-13 00:00:00+00:00,0.000519611,1.0896,0.0236852,-0.0102664,-0.0154444,0.0804282,2.57369e-05,8.78726e-06,2.83897e-06,1.53538e-05,0.000541762,-1.51314e-05,0.000556894,6.9375,0.0268583
2026-07-14 00:00:00+00:00,0.000445472,1.09008,0.0235622,-0.0109997,-0.0158696,0.122802,3.92975e-05,1.42482e-05,4.45051e-06,2.0423e-05,0.000483587,0.000301743,0.000181843,8.75,0.0289619
2026-07-15 00:00:00+00:00,0.0015421,1.09176,0.025786,-0.0101893,-0.0149045,0.134748,4.31215e-05,1.69591e-05,5.90019e-06,1.60916e-05,0.00159124,-0.000372176,0.00196342,8.20833,0.0285554
2026-07-16 00:00:00+00:00,-0.00598924,1.08522,0.0428357,-0.00772589,-0.0169435,0.207621,6.93069e-05,0.000120476,3.2676e-05,4.83236e-05,-0.00582836,-0.000417724,-0.00541064,9.79167,0.0333006
2026-07-17 00:00:00+00:00,-0.000737737,1.08442,0.021669,-0.00630216,-0.0175826,0.10037,3.21187e-05,1.73589e-05,3.80946e-06,2.28929e-05,-0.000706734,0.000288252,-0.000994985,8.60417,0.0278461
2026-07-18 00:00:00+00:00,-0.000137077,1.08427,0.0151137,-0.00876518,-0.0188619,0.090621,2.95898e-05,3.2451e-05,8.97207e-06,-5.33497e-06,-5.98767e-05,-9.04422e-05,3.05655e-05,7.4375,0.0288028
2026-07-19 00:00:00+00:00,0.00040863,1.08472,0.0112305,-0.0111409,-0.0193195,0.0207239,6.97078e-06,9.71214e-07,3.32352e-06,-5.31018e-05,0.000473446,4.7187e-06,0.000468727,4.1875,0.0320451
2026-07-20 00:00:00+00:00,0.00110238,1.08591,0.0357839,-0.00982232,-0.0196541,0.202654,6.48503e-05,1.9192e-05,1.38468e-05,-1.1749e-05,0.00121277,0.000235762,0.000977009,11.5625,0.0364798
2026-07-21 00:00:00+00:00,0.000788664,1.08677,0.0358333,-0.00506287,-0.0196408,0.103674,3.31775e-05,2.44566e-05,4.82879e-06,1.65048e-05,0.000835011,0.00032885,0.00050616,9.5,0.0397057
2026-07-22 00:00:00+00:00,-0.000262258,1.08648,0.0350443,-0.00313097,-0.0214153,0.145359,4.65148e-05,2.5527e-05,3.45401e-06,-5.40605e-06,-0.000179769,0.000358681,-0.000538449,9.625,0.0425057
2026-07-23 00:00:00+00:00,0.000192499,1.08669,0.0338385,-0.00481072,-0.0223939,0.130135,4.16427e-05,2.75513e-05,3.08336e-06,-2.15559e-05,0.00028667,0.00038188,-9.52103e-05,8.72917,0.040006
2026-07-24 00:00:00+00:00,-0.00135604,1.08522,0.0248911,-0.00869662,-0.0184457,0.124772,3.99253e-05,5.01543e-05,5.87766e-06,-1.89412e-05,-0.00124148,-0.000175685,-0.00106579,7.64583,0.0366224
2026-07-25 00:00:00+00:00,0.000448888,1.08571,0.0166458,-0.0150202,-0.0205058,0.073056,2.33782e-05,2.44672e-05,8.54253e-06,-1.40637e-05,0.000519498,0.000174569,0.000344928,6.22917,0.0310952
2026-07-26 00:00:00+00:00,0.000778626,1.08655,0.0147188,-0.0146829,-0.0214154,0.0418214,1.33831e-05,6.32137e-06,5.13977e-06,-9.82137e-05,0.000901589,0,0.000901589,5.02083,0.0307041
2026-07-27 00:00:00+00:00,0.00160906,1.0883,0.0219593,-0.0188108,-0.0190318,0.104124,3.33214e-05,2.0745e-05,6.92436e-06,-0.000136083,0.00180574,0.000150105,0.00165564,7.91667,0.0341775
2026-07-28 00:00:00+00:00,-1.74674e-05,1.08828,0.0241434,-0.0209217,-0.0186436,0.0808832,2.58821e-05,1.07657e-05,2.67576e-06,-6.3575e-05,8.58183e-05,3.88993e-05,4.69189e-05,8.75,0.0319557
2026-07-29 00:00:00+00:00,0.000106588,1.0884,0.0252824,-0.0203155,-0.016843,0.0726655,2.32534e-05,9.13741e-06,2.59469e-06,-2.29965e-05,0.000165153,2.90913e-06,0.000162243,9.04167,0.0335531
2026-07-30 00:00:00+00:00,0.000843528,1.08932,0.0497973,-0.016386,-0.0182272,0.138475,4.43964e-05,1.49771e-05,5.99264e-06,-8.53444e-05,0.000994469,8.41828e-05,0.000910286,11.7917,0.0390164
2026-07-31 00:00:00+00:00,-0.00113485,1.08808,0.0722968,-0.0144478,-0.0213852,0.201603,6.45114e-05,2.42108e-05,8.24885e-06,-1.50794e-05,-0.00102257,-0.000217212,-0.000805362,13.6042,0.041499
2026-08-01 00:00:00+00:00,0.00224426,1.09052,0.0661946,-0.0173464,-0.0214998,0.183655,5.87709e-05,2.36889e-05,8.35047e-06,-2.67685e-05,0.00236079,-0.000205586,0.00256638,13.25,0.0377621
2026-08-02 00:00:00+00:00,-0.000522212,1.08995,0.049431,-0.013846,-0.020678,0.132711,4.24669e-05,2.35386e-05,3.31246e-06,-9.8647e-06,-0.000442867,0.000135454,-0.00057832,10.1667,0.0387244
2026-08-03 00:00:00+00:00,-0.000701376,1.08919,0.0478001,-0.0119738,-0.0195318,0.176444,5.64598e-05,2.79261e-05,4.50014e-06,-0.000352399,-0.000259901,-2.85878e-05,-0.000231314,9.9375,0.037848
2026-08-04 00:00:00+00:00,-0.000353724,1.0888,0.0328361,-0.0178591,-0.0217018,0.163733,5.24786e-05,6.41405e-05,5.13297e-06,-0.000121949,-0.000109729,8.26143e-05,-0.000192344,10.6458,0.0367917
2026-08-05 00:00:00+00:00,0.000808392,1.08968,0.026148,-0.0180077,-0.0203616,0.10334,3.30704e-05,4.94369e-05,4.94056e-06,-1.71326e-05,0.000913884,-0.000100598,0.00101448,8.04167,0.0342432
2026-08-06 00:00:00+00:00,-6.93515e-05,1.08961,0.0402694,-0.0185862,-0.0234024,0.128399,4.15489e-05,6.43097e-05,6.09773e-06,-4.11341e-05,8.45899e-05,0.000224697,-0.000140107,10.1667,0.0382733
2026-08-07 00:00:00+00:00,-0.000261259,1.08932,0.0582666,-0.0265043,-0.0238387,0.144642,4.62862e-05,5.94046e-05,4.70584e-06,-5.19524e-05,-9.81318e-05,-0.000278244,0.000180112,10.7708,0.039427
2026-08-08 00:00:00+00:00,-0.00127427,1.08793,0.057784,-0.0276088,-0.0238476,0.131758,4.21614e-05,4.51314e-05,3.76035e-06,-2.8409e-05,-0.00115482,1.30918e-05,-0.00116792,9.22917,0.0422839
2026-08-09 00:00:00+00:00,0.00148207,1.08955,0.0578187,-0.0286102,-0.0248044,0.0714449,2.28638e-05,1.3631e-05,1.44788e-06,-0.000241478,0.00176129,-0.000101737,0.00186302,9.625,0.0440854
2026-08-10 00:00:00+00:00,0.000763435,1.09038,0.0645067,-0.0211665,-0.0224042,0.126801,4.05752e-05,4.02541e-05,7.48921e-06,-5.24495e-05,0.000904742,-0.000155807,0.00106055,12.125,0.0462216
2026-08-11 00:00:00+00:00,0.00132814,1.09183,0.0671628,-0.0130118,-0.0216259,0.10601,3.39242e-05,3.14397e-05,3.90658e-06,-9.64431e-05,0.00149424,-0.000730085,0.00222433,12,0.0469889
2026-08-12 00:00:00+00:00,0.00137284,1.09333,0.0920242,-0.00848721,-0.0195907,0.252728,8.08765e-05,3.14494e-05,4.01971e-06,-7.0025e-05,0.00155923,0.00146431,9.49167e-05,14.0208,0.0523277
2026-08-13 00:00:00+00:00,-0.000709309,1.09255,0.123458,-0.00903929,-0.021554,0.281743,9.01586e-05,6.10709e-05,7.75248e-06,-0.000116722,-0.00043133,-0.00150618,0.00107485,17.4375,0.0517983
2026-08-14 00:00:00+00:00,0.0011382,1.09379,0.202037,-0.00477743,-0.0200069,0.400499,0.000128853,9.03522e-05,1.1012e-05,-9.41069e-05,0.00146422,0.000157512,0.00130671,18.5,0.0503095
2026-08-15 00:00:00+00:00,0.00208375,1.09607,0.175761,-0.0161371,-0.0218865,0.25461,8.14796e-05,4.5411e-05,4.30162e-06,2.80129e-05,0.00218595,0.000365197,0.00182075,15.25,0.0506357
2026-08-16 00:00:00+00:00,0.00270889,1.09904,0.0843007,-0.0384934,-0.0232248,0.153091,4.8993e-05,4.60001e-05,7.22604e-06,-8.12416e-05,0.00288954,9.6261e-05,0.00279328,13.5,0.0533015
2026-08-17 00:00:00+00:00,0.000223898,1.09929,0.132794,-0.0227142,-0.0221676,0.460803,0.000147459,9.9488e-05,2.28487e-05,2.0815e-05,0.000476311,0.00172116,-0.00124485,19.1667,0.0556116
2026-08-18 00:00:00+00:00,0.00121788,1.10063,0.176893,-0.0204598,-0.0218467,0.4179,0.000133734,7.44855e-05,1.02409e-05,-1.35124e-05,0.00145367,0.000738668,0.000714997,19.375,0.0605516
2026-08-19 00:00:00+00:00,0.00391976,1.10494,0.166614,-0.030751,-0.0220553,0.705695,0.000231095,7.71321e-05,2.73491e-05,1.67527e-06,0.00424888,0.0052359,-0.000987022,19.1875,0.062718
2026-08-20 00:00:00+00:00,-0.000163494,1.10476,0.204713,-0.0246638,-0.0260244,0.423725,0.000135587,4.91068e-05,1.26542e-05,-5.18762e-05,9.15681e-05,0.00290732,-0.00281575,20.8333,0.0693436
2026-08-21 00:00:00+00:00,-8.01688e-07,1.10476,0.223477,-0.015092,-0.0252339,0.59926,0.000202118,7.57889e-05,3.44094e-05,-0.000181147,0.000507183,0.00934931,-0.00884213,22.8958,0.073251
2026-08-22 00:00:00+00:00,0.000653928,1.10548,0.164704,-0.016818,-0.0241018,0.397582,0.000129871,8.36728e-05,2.71175e-05,-0.000630568,0.00153386,0.00067285,0.000861011,19.7917,0.0726045
2026-08-23 00:00:00+00:00,-0.000598269,1.10482,0.14798,-0.0263406,-0.0237749,0.323305,0.00010345,6.15812e-05,1.05332e-05,-0.000532973,0.000115693,0.00127448,-0.00115879,20.4792,0.0720592
2026-08-24 00:00:00+00:00,-0.00204768,1.10256,0.157277,-0.0178268,-0.0233691,0.440302,0.000140874,7.07131e-05,1.99528e-05,-3.23305e-05,-0.00177517,-0.00347978,0.00170461,18.3333,0.0692765
2026-08-25 00:00:00+00:00,0.000163002,1.10274,0.187534,-0.0210064,-0.0226978,0.465828,0.000149063,8.04174e-05,8.82423e-06,-1.68514e-05,0.00042308,-0.00173943,0.00216251,18.8333,0.0689351
2026-08-26 00:00:00+00:00,-0.00172582,1.10083,0.182731,-0.0322891,-0.0225963,0.448794,0.00014634,0.000136655,1.50603e-05,3.03063e-06,-0.00142848,0.00298167,-0.00441015,19.25,0.064158
2026-08-27 00:00:00+00:00,-0.000380886,1.10042,0.193934,-0.0290357,-0.0190901,0.30308,9.69874e-05,0.000104683,7.79279e-06,3.4613e-05,-0.000201268,0.0028788,-0.00308007,16.0208,0.0620419
2026-08-28 00:00:00+00:00,-0.00283137,1.0973,0.220689,-0.0283659,-0.020988,0.341499,0.000111168,0.00012193,2.09372e-05,8.25793e-06,-0.00258111,-0.00285296,0.000271845,18.9167,0.0625119
2026-08-29 00:00:00+00:00,-0.000690177,1.09654,0.171353,-0.0451957,-0.0233098,0.404525,0.000130449,0.000143568,1.80424e-05,3.89959e-05,-0.000432507,0.00121972,-0.00165222,17.25,0.0572988
2026-08-30 00:00:00+00:00,-0.000446904,1.09605,0.141832,-0.0428921,-0.0251319,0.299369,9.57908e-05,7.28121e-05,6.72303e-06,2.54499e-05,-0.000294911,-0.00306279,0.00276788,15.2083,0.0564912
2026-08-31 00:00:00+00:00,0.00431116,1.10078,0.207065,-0.0341539,-0.0246294,0.608503,0.000194757,0.000100836,1.30728e-05,-4.59901e-05,0.00466372,0.00190166,0.00276206,18.7826,0.0621995
