,return,equity,gross,net,beta_exposure,turnover,fees,spread,impact,funding,gross_pnl,pnl_long,pnl_short,n_positions,ic_est
2023-07-31 00:00:00+00:00,0,1,0,0,0,0,0,0,0,0,0,0,0,0,0
2023-08-01 00:00:00+00:00,0,1,0,0,0,0,0,0,0,0,0,0,0,0,0.00505888
2023-08-02 00:00:00+00:00,0,1,0,0,0,0,0,0,0,0,0,0,0,0,0.00699165
2023-08-03 00:00:00+00:00,-3.96806e-05,0.99996,0.00305786,-0.00305786,-0.00379816,0.0148845,4.76294e-06,5.95367e-07,6.13033e-07,-1.42914e-05,-1.94122e-05,0,-1.94122e-05,0.854167,0.00773722
2023-08-04 00:00:00+00:00,-3.09249e-05,0.999929,0.0155855,-0.0155855,-0.0186743,0.00635782,2.03453e-06,2.54316e-07,1.62619e-07,-0.000113741,8.5528e-05,0,8.5528e-05,2,0.0087921
2023-08-05 00:00:00+00:00,0.000390205,1.00032,0.0342674,-0.0205743,-0.0291589,0.019965,6.38905e-06,7.98632e-07,2.62103e-07,-5.4552e-05,0.000452935,2.35319e-06,0.000450582,2.89583,0.0132322
2023-08-06 00:00:00+00:00,0.000361331,1.00068,0.0493845,-0.00932278,-0.0256102,0.00947787,3.03173e-06,3.78966e-07,2.03535e-08,-4.64733e-05,0.000411545,1.05378e-05,0.000401007,3,0.0135579
2023-08-07 00:00:00+00:00,0.00205274,1.00274,0.111021,-0.00290461,-0.030782,0.135928,4.35022e-05,7.35359e-06,2.00602e-06,-1.71416e-05,0.002122,0.000684894,0.00143711,7.14583,0.0166891
2023-08-08 00:00:00+00:00,0.00219003,1.00493,0.264429,0.0506826,-0.03461,0.161259,5.16046e-05,9.91327e-06,3.07999e-06,-2.42358e-05,0.00227838,0.00288911,-0.000610735,9.9375,0.0236874
2023-08-09 00:00:00+00:00,-0.00292786,1.00199,0.40994,0.0565411,-0.0568803,0.110583,3.53843e-05,1.43197e-05,3.2345e-06,-2.72635e-05,-0.00284744,-0.00106882,-0.00177862,14.3542,0.0317713
2023-08-10 00:00:00+00:00,-0.00131647,1.00067,0.474586,0.0665738,-0.0588979,0.0196185,6.27648e-06,2.49006e-06,2.42756e-07,-4.12771e-05,-0.00126229,-0.00120467,-5.76219e-05,17,0.0278252
2023-08-11 00:00:00+00:00,-0.0033028,0.997365,0.475796,0.067487,-0.0638171,0.00581535,1.85979e-06,4.98817e-07,1.67354e-07,-7.54714e-05,-0.00322629,-0.000573881,-0.00265241,17,0.0172004
2023-08-12 00:00:00+00:00,-0.00366859,0.993706,0.456051,0.0903907,-0.0429351,0.0294309,9.40931e-06,2.47421e-06,1.23011e-06,-0.000103469,-0.00355347,0.000508653,-0.00406213,17,0.00795718
2023-08-13 00:00:00+00:00,-0.000547264,0.993162,0.441095,0.105244,-0.0299942,0.0136286,4.36068e-06,5.45085e-07,3.53459e-07,-4.95839e-05,-0.000489831,-0.00205889,0.00156906,17,0.00138526
2023-08-14 00:00:00+00:00,-0.000926136,0.992242,0.420598,0.112318,-0.0149564,0.0279553,1.18444e-05,3.0511e-06,1.81281e-06,-3.22046e-05,-0.000876115,0.00139012,-0.00226624,15.6667,0
2023-08-15 00:00:00+00:00,0.00412758,0.996338,0.397514,0.1268,0.00328411,0.0377134,1.47599e-05,2.39771e-06,3.73154e-06,-3.03289e-05,0.00417879,-0.00421742,0.00839621,14.5833,0.00022099
2023-08-16 00:00:00+00:00,-0.000237714,0.996101,0.343226,0.131491,-0.0153326,0.0682735,3.01337e-05,7.07167e-06,5.68316e-06,-5.39926e-05,-0.000136678,-0.00541411,0.00527743,13.375,0.00432009
2023-08-17 00:00:00+00:00,-0.00386356,0.992252,0.208839,0.0620116,-0.0192662,0.271659,0.000121921,2.31326e-05,1.01497e-05,-9.01207e-05,-0.00362031,-0.00830938,0.00468907,11.625,0.00202723
2023-08-18 00:00:00+00:00,0.000135238,0.992387,0.0494511,-0.0167882,-0.00856078,0,0,0,0,-1.57251e-05,0.000151191,0.00031143,-0.000160239,11,0
2023-08-19 00:00:00+00:00,-0.00061413,0.991777,0.0474943,-0.0144992,-0.00795176,0.00538184,2.69066e-06,9.63089e-06,4.40587e-07,-8.45379e-06,-0.000592815,0.000231986,-0.000824801,10.4792,0
2023-08-20 00:00:00+00:00,0.000165739,0.991942,0.0453142,-0.0119475,-0.00667307,0,0,0,0,-1.15017e-05,0.000177294,3.7636e-05,0.000139658,10,0
2023-08-21 00:00:00+00:00,0.000419615,0.992358,0.0445417,-0.0116168,-0.00671553,0,0,0,0,-9.74346e-06,0.000429479,-0.000293208,0.000722687,10,0
2023-08-22 00:00:00+00:00,0.000195604,0.992552,0.0434075,-0.0109372,-0.00665059,0,0,0,0,-8.44174e-06,0.000204295,-0.000134485,0.00033878,10,0
2023-08-23 00:00:00+00:00,0.000198975,0.992749,0.0439076,-0.0110145,-0.0079389,0,0,0,0,-1.87495e-05,0.000217855,0.00039041,-0.000172555,10,0
2023-08-24 00:00:00+00:00,-0.00012527,0.992625,0.0437995,-0.0109481,-0.00819157,0,0,0,0,-3.33396e-05,-9.18037e-05,-0.000700446,0.000608642,10,0
2023-08-25 00:00:00+00:00,-2.92679e-05,0.992596,0.0394848,-0.0137248,-0.012778,0.00309587,1.54792e-06,5.75188e-06,2.16891e-07,-3.14397e-05,9.85749e-06,-0.000193611,0.000203469,9.10417,0
2023-08-26 00:00:00+00:00,-0.000237946,0.99236,0.0396687,-0.0143794,-0.0140113,0,0,0,0,-1.53614e-05,-0.000222537,-8.34171e-05,-0.00013912,9,6.52763e-06
2023-08-27 00:00:00+00:00,-0.000687141,0.991678,0.0399435,-0.0147097,-0.0143819,0,0,0,0,-6.61618e-05,-0.000621135,1.06509e-05,-0.000631785,9,0
2023-08-28 00:00:00+00:00,-0.000133671,0.991545,0.0359151,-0.0108547,-0.011277,0.00418906,1.34084e-06,1.67605e-07,2.28044e-07,-5.06543e-05,-8.1022e-05,7.1573e-05,-0.000152595,8,0
2023-08-29 00:00:00+00:00,0.000176284,0.99172,0.0376184,-0.00862382,-0.0105224,0.0352955,1.12948e-05,1.65315e-06,1.07673e-06,-3.96202e-05,0.000230519,0.000455258,-0.000224739,8.66667,0.00318781
2023-08-30 00:00:00+00:00,-0.000545472,0.991179,0.120594,0.00962778,-0.000529816,0.0911283,2.91616e-05,3.90806e-06,1.75721e-06,-0.00017532,-0.000334346,-0.000753345,0.000419,11.75,0.011858
2023-08-31 00:00:00+00:00,-0.00173781,0.989457,0.147121,0.0114933,-0.00152432,0,0,0,0,-6.02925e-05,-0.0016775,-0.00386153,0.00218404,12,0.00961559
2023-09-01 00:00:00+00:00,-0.00269299,0.986792,0.141889,0.0115475,0.00124913,0.0077081,2.46643e-06,3.08303e-07,2.21738e-07,-5.17841e-05,-0.00264043,-0.000559972,-0.00208045,12,0.00560356
2023-09-02 00:00:00+00:00,-8.46399e-05,0.986709,0.132194,0.0209112,0.00847055,0.00645962,2.06719e-06,3.27879e-07,1.85707e-07,-2.4526e-05,-5.68045e-05,0.000234549,-0.000291353,12,0.00150692
2023-09-03 00:00:00+00:00,-0.00119941,0.985525,0.131851,0.0217442,0.00366197,0,0,0,0,-4.88299e-05,-0.00115031,0.000191815,-0.00134212,12,0.00345667
2023-09-04 00:00:00+00:00,-0.00136792,0.984177,0.121416,0.0278376,0.000202421,0.013653,4.37019e-06,5.46273e-07,8.61016e-07,-0.000281941,-0.00107958,-0.00042822,-0.000651363,10,0.000134943
2023-09-05 00:00:00+00:00,-0.00104201,0.983152,0.118651,0.029758,-1.00283e-05,0.00308867,1.54422e-06,3.08844e-07,2.13318e-07,-4.28985e-05,-0.000997142,-7.28269e-05,-0.000924315,9.625,0
2023-09-06 00:00:00+00:00,-0.00166965,0.98151,0.117911,0.0306565,-0.000792326,0,0,0,0,-2.36205e-05,-0.00164692,-9.08087e-05,-0.00155611,9,0
2023-09-07 00:00:00+00:00,0.0013108,0.982797,0.118943,0.0302329,-0.000559091,0,0,0,0,-2.33446e-05,0.00133397,0.00128909,4.48807e-05,9,0
2023-09-08 00:00:00+00:00,-9.16631e-05,0.982706,0.119143,0.0308234,0.00197691,0,0,0,0,-4.13251e-06,-8.64528e-05,-0.000949787,0.000863334,9,0
2023-09-09 00:00:00+00:00,0.00172859,0.984405,0.117564,0.031559,0.0014279,0,0,0,0,-1.24727e-05,0.00174011,-1.64436e-05,0.00175656,9,0
2023-09-10 00:00:00+00:00,0.000473776,0.984872,0.117382,0.0308928,-0.0104624,0.00622527,1.99212e-06,2.49015e-07,2.55214e-07,-1.11615e-05,0.000488075,-0.000395095,0.00088317,9.5625,0.00322107
2023-09-11 00:00:00+00:00,-0.000534906,0.984345,0.116861,0.0292133,-0.0116742,0.0112252,3.59138e-06,3.88554e-06,7.24358e-07,-2.9819e-05,-0.000495843,-0.0020933,0.00159746,9.95833,0.00473039
2023-09-12 00:00:00+00:00,0.00139124,0.985714,0.118624,0.0293091,0.000940369,0.00213719,6.83848e-07,8.5481e-08,9.68759e-08,-1.43352e-05,0.00140632,0.00183732,-0.000430997,10.25,0.00218005
2023-09-13 00:00:00+00:00,-0.00133678,0.984397,0.128539,0.020548,-0.00764068,0.00936558,2.99718e-06,3.74647e-07,4.40242e-07,-0.000131176,-0.00120214,0.00112257,-0.00232471,11.5625,0.00704428
2023-09-14 00:00:00+00:00,0.001065,0.985445,0.133,0.0181973,-0.0079119,0.00204902,6.55688e-07,8.1961e-08,5.50256e-08,-0.000206785,0.00127294,0.000879845,0.000393097,12,0.00663714
2023-09-15 00:00:00+00:00,-0.00313868,0.982352,0.138058,0.0138577,-0.0136022,0.0129126,5.11164e-06,8.43301e-07,8.98164e-07,-0.000385746,-0.00274981,0.000476124,-0.00322594,12,0.00660398
2023-09-16 00:00:00+00:00,-0.00104667,0.981324,0.135821,0.0169273,-0.0172922,0.00660479,2.11437e-06,2.64297e-07,3.71484e-07,-0.000213789,-0.00082749,-0.000163223,-0.000664266,12,0.00259026
2023-09-17 00:00:00+00:00,0.000808156,0.982117,0.119758,0.0326263,-0.00444479,0.0170452,8.51548e-06,1.20435e-05,5.38154e-06,-0.000114313,0.000949623,-0.000309503,0.00125913,11.1458,0.00218947
2023-09-18 00:00:00+00:00,-8.74131e-05,0.982031,0.120298,0.0338634,-0.010275,0.00409028,1.30912e-06,1.6364e-07,2.54973e-07,-0.000136524,5.15171e-05,0.000805052,-0.000753535,11,0.00739782
2023-09-19 00:00:00+00:00,-0.00217764,0.979892,0.124679,0.0310049,-0.012306,0.00200828,6.42636e-07,8.03295e-08,8.95483e-08,-0.000181497,-0.00199667,0.00132978,-0.00332645,11,0.00630526
2023-09-20 00:00:00+00:00,-0.000302981,0.979596,0.122386,0.0337734,-0.000498938,0.00203842,6.52437e-07,8.15546e-08,9.19115e-08,-7.11135e-05,-0.000230466,-0.000306183,7.57165e-05,11,0.000273258
2023-09-21 00:00:00+00:00,6.25955e-06,0.979602,0.120337,0.0338133,-0.000457486,0,0,0,0,-3.61268e-05,4.29262e-05,-0.00155966,0.00160259,11,0
2023-09-22 00:00:00+00:00,-0.000764363,0.978853,0.120117,0.0333379,-0.00353813,0,0,0,0,-2.41528e-05,-0.000740022,7.08108e-05,-0.000810833,11,0
2023-09-23 00:00:00+00:00,-2.12772e-05,0.978832,0.120138,0.0332916,-0.00514049,0,0,0,0,-1.03605e-05,-1.06294e-05,9.18976e-05,-0.000102527,11,0
2023-09-24 00:00:00+00:00,0.000428113,0.979251,0.119622,0.0335374,-0.00529341,0,0,0,0,-1.22242e-05,0.000440612,-0.00103474,0.00147536,11,0
2023-09-25 00:00:00+00:00,-0.000485152,0.978776,0.115456,0.0295604,-0.00265851,0.00316823,1.01348e-06,4.82338e-07,8.80433e-08,-1.47292e-05,-0.000468649,0.000212953,-0.000681602,10,0
2023-09-26 00:00:00+00:00,-0.00176784,0.977046,0.114497,0.0308013,-0.000324422,0.00544932,2.72395e-06,5.4479e-07,2.89425e-07,-9.54629e-05,-0.00167018,-0.000259353,-0.00141082,9.6875,0
2023-09-27 00:00:00+00:00,0.000115293,0.977158,0.110611,0.0352512,0.00454032,0.00412787,2.06437e-06,4.12874e-07,1.56725e-07,-9.18852e-05,0.000210355,0.000351975,-0.00014162,8.625,0
2023-09-28 00:00:00+00:00,0.00173223,0.978851,0.108744,0.0388204,0.011473,0,0,0,0,1.22631e-05,0.00171908,0.00179547,-7.63942e-05,8,0
2023-09-29 00:00:00+00:00,3.6379e-05,0.978887,0.109773,0.0393923,0.013964,0,0,0,0,8.76654e-06,2.802e-05,-0.000208396,0.000236416,8,0
2023-09-30 00:00:00+00:00,-0.000131175,0.978758,0.109693,0.039511,0.0137302,0,0,0,0,3.33247e-06,-0.000134405,0.000131107,-0.000265512,8,0
2023-10-01 00:00:00+00:00,-0.00020466,0.978558,0.112016,0.0385323,0.00932039,0,0,0,0,-8.87855e-06,-0.000194703,0.00277215,-0.00296685,8,0
2023-10-02 00:00:00+00:00,-0.000175018,0.978387,0.0925298,0.0522944,0.0297586,0.0355843,1.13856e-05,2.19786e-06,2.54935e-06,3.09284e-06,-0.000160526,-0.00116133,0.0010008,6,0
2023-10-03 00:00:00+00:00,0.000775914,0.979146,0.0774967,0.0385266,0.0202242,0,0,0,0,-6.23064e-07,0.000776478,2.66966e-05,0.000749781,6,0
2023-10-04 00:00:00+00:00,0.00121379,0.980334,0.076287,0.0397775,0.0150092,0,0,0,0,1.49598e-06,0.00121187,0.000546152,0.000665719,6,1.13791e-05
2023-10-05 00:00:00+00:00,-0.00100517,0.979349,0.076684,0.0397519,0.0162068,0,0,0,0,8.63732e-06,-0.00101388,-0.000713663,-0.000300218,6,0.000368698
2023-10-06 00:00:00+00:00,0.000739144,0.980073,0.0771638,0.0396308,0.0185314,0,0,0,0,4.51445e-06,0.00073484,0.00101755,-0.000282712,6,0.000367931
2023-10-07 00:00:00+00:00,0.00060932,0.98067,0.0773992,0.040158,0.0194693,0,0,0,0,1.91803e-06,0.00060731,2.15365e-05,0.000585773,6,0.000212197
2023-10-08 00:00:00+00:00,-0.000326291,0.98035,0.0782344,0.0391791,0.0159597,0.00200298,6.40901e-07,8.01126e-08,7.42809e-08,-1.65297e-06,-0.000323765,-0.000109456,-0.000214309,6.64583,0.00433849
2023-10-09 00:00:00+00:00,-0.000194917,0.980159,0.0704982,0.045727,0.0186812,0.00780991,2.49907e-06,2.30935e-06,1.55593e-06,-6.86008e-06,-0.000181536,-0.000818767,0.000637231,5,0.00233236
2023-10-10 00:00:00+00:00,-0.000143268,0.980018,0.0711723,0.0443242,0.0157214,0.00216214,6.91904e-07,8.64881e-08,1.13626e-07,-5.02289e-06,-0.000137229,-0.000376447,0.000239218,5.6875,0.00449304
2023-10-11 00:00:00+00:00,-0.00107487,0.978965,0.0705587,0.0429001,0.0172583,0,0,0,0,-1.0001e-05,-0.00106518,-0.00112141,5.62362e-05,6,0.00445649
2023-10-12 00:00:00+00:00,-0.000589092,0.978388,0.0704142,0.042026,0.01728,0,0,0,0,-4.85655e-06,-0.000584202,-0.000283677,-0.000300525,6,0.000946474
2023-10-13 00:00:00+00:00,0.000260774,0.978643,0.0706205,0.0420658,0.0177941,0,0,0,0,6.05466e-07,0.000260305,0.000235067,2.5238e-05,6,0
2023-10-14 00:00:00+00:00,-4.44955e-05,0.9786,0.0706789,0.0422679,0.0195176,0,0,0,0,1.44531e-06,-4.58832e-05,-1.39086e-05,-3.19746e-05,6,0
2023-10-15 00:00:00+00:00,0.00055685,0.979145,0.0709162,0.0422811,0.0162729,0,0,0,0,-8.56682e-07,0.000557697,0.000569982,-1.22854e-05,6,0
2023-10-16 00:00:00+00:00,0.00375981,0.982826,0.0465023,0.0385671,0.0286938,0.0463416,1.48641e-05,5.13934e-06,2.19852e-06,-1.79891e-06,0.00378248,0.00385754,-7.50625e-05,5,0.000450955
2023-10-17 00:00:00+00:00,-1.56103e-05,0.982811,0.0314749,0.0174044,0.0190723,0.00433744,1.38802e-06,1.73503e-07,2.73774e-07,2.87283e-07,-1.40078e-05,-0.000169321,0.000155314,6.41667,0.00541099
2023-10-18 00:00:00+00:00,-4.70635e-05,0.982765,0.0391181,0.00964933,0.00874518,0.0103008,3.29616e-06,2.36457e-06,7.0868e-07,1.91043e-06,-4.24837e-05,-0.000168255,0.000125771,7,0.00858929
2023-10-19 00:00:00+00:00,0.000353099,0.983112,0.0456145,0.00315858,-0.00191179,0.00271435,8.68312e-07,1.08539e-07,1.08234e-07,8.72228e-06,0.000345896,0.000536206,-0.00019031,7,0.00898404
2023-10-20 00:00:00+00:00,-0.00118688,0.981945,0.046401,0.00841437,0.00361512,0.0160084,6.81039e-06,1.20303e-06,1.83825e-06,-6.69217e-06,-0.00117072,0.000513804,-0.00168453,7.91667,0.00973928
2023-10-21 00:00:00+00:00,-0.000136519,0.981811,0.0459183,0.00946675,0.0040729,0,0,0,0,-1.25382e-06,-0.000134957,0.000288215,-0.000423172,8,0.00820359
2023-10-22 00:00:00+00:00,0.000383799,0.982188,0.0459053,0.00967674,0.0026815,0,0,0,0,4.33098e-07,0.000383346,0.000112237,0.000271109,8,0.00693352
2023-10-23 00:00:00+00:00,0.000931776,0.983103,0.0488509,0.00858022,0.00139991,0.0120359,4.82984e-06,8.07466e-07,2.17609e-06,-5.99002e-05,0.000999359,0.00265661,-0.00165725,8.875,0.00701375
2023-10-24 00:00:00+00:00,0.000848685,0.983937,0.087342,0.0135302,4.00145e-07,0.0658841,2.10852e-05,2.67106e-06,3.00803e-06,-0.000119511,0.000995512,0.000499405,0.000496107,13.4167,0.0106652
2023-10-25 00:00:00+00:00,-0.00661993,0.977424,0.119748,0.0215706,-0.00431818,0.0577836,2.26219e-05,3.69106e-06,5.61786e-06,-0.000700871,-0.00590503,0.00124025,-0.00714528,14.0208,0.00889084
2023-10-26 00:00:00+00:00,-0.00087036,0.976573,0.11578,0.0244589,-0.00517989,0.0086475,2.7679e-06,3.45988e-07,6.882e-07,-0.000329236,-0.000535445,-0.000490912,-4.4533e-05,14,0.00420312
2023-10-27 00:00:00+00:00,0.00039974,0.976963,0.11144,0.0257893,-0.00349071,0,0,0,0,-8.93622e-05,0.000490111,-0.00131401,0.00180412,14,0.00255369
2023-10-28 00:00:00+00:00,0.000593498,0.977543,0.111707,0.0262526,-0.00477168,0,0,0,0,-2.56256e-05,0.00061925,0.00066515,-4.58996e-05,14,0.00410419
2023-10-29 00:00:00+00:00,-0.000247982,0.977301,0.111922,0.026661,-0.00443297,0,0,0,0,-3.78826e-05,-0.00020987,0.000525212,-0.000735081,14,0.00778719
2023-10-30 00:00:00+00:00,-0.00228578,0.975067,0.100738,0.016379,-0.0114054,0.0155645,4.98012e-06,1.56167e-06,1.06322e-06,-0.000145268,-0.00213483,0.000194863,-0.00232969,12,0.00521348
2023-10-31 00:00:00+00:00,-0.000946653,0.974144,0.096303,0.020609,-0.00771503,0.00405477,1.29762e-06,1.62203e-07,7.16591e-08,-6.49135e-05,-0.000879996,-4.55919e-05,-0.000834404,12,7.06083e-05
2023-11-01 00:00:00+00:00,-0.00019461,0.973954,0.0899206,0.0272615,0.000133126,0.0144799,6.84255e-06,7.27713e-06,4.38258e-07,-1.93773e-05,-0.000160118,0.00126666,-0.00142678,11.625,0
2023-11-02 00:00:00+00:00,0.000265425,0.974213,0.0835082,0.0353755,0.0100035,0,0,0,0,-1.93103e-05,0.000284923,-0.00103629,0.00132122,11,0.000209899
2023-11-03 00:00:00+00:00,-0.000436065,0.973788,0.083147,0.0340067,0.0088528,0.00206094,6.59547e-07,8.24434e-08,3.4104e-08,-8.87327e-06,-0.000426271,0.000131151,-0.000557422,11.5625,0.00332651
2023-11-04 00:00:00+00:00,-0.000336255,0.97346,0.085743,0.0328331,0.00650034,0,0,0,0,-8.66777e-06,-0.000327438,0.000720139,-0.00104758,12,0.0013064
2023-11-05 00:00:00+00:00,-0.000157691,0.973307,0.0875183,0.0324966,0.00538369,0,0,0,0,-8.4995e-06,-0.000148945,0.000273857,-0.000422802,12,0
2023-11-06 00:00:00+00:00,-0.0018806,0.971476,0.0787349,0.0364844,0.010045,0.00940059,3.03143e-06,2.62395e-06,6.61555e-07,-3.78747e-05,-0.0018378,-0.000394436,-0.00144337,8,0
2023-11-07 00:00:00+00:00,0.000239595,0.971709,0.0788476,0.0356883,0.00890404,0,0,0,0,-6.53632e-05,0.000305196,0.000191735,0.000113461,8,0
2023-11-08 00:00:00+00:00,-0.00173668,0.970022,0.0803147,0.0353493,0.00858614,0,0,0,0,-0.000105626,-0.00163231,0.000263633,-0.00189594,8,0
2023-11-09 00:00:00+00:00,0.00217999,0.972136,0.0744787,0.0385093,0.0123726,0.0222542,9.28667e-06,1.61208e-06,5.87946e-07,-0.000111626,0.00230167,0.00244982,-0.000148159,7.5,0
2023-11-10 00:00:00+00:00,0.00031573,0.972443,0.0597398,0.0393422,0.0115775,0.00524215,2.16233e-06,3.95385e-06,6.68675e-08,-3.04139e-05,0.000352508,0.000338944,1.3564e-05,6.47917,0
2023-11-11 00:00:00+00:00,0.000177944,0.972616,0.056571,0.0389097,0.0116756,0,0,0,0,-2.03175e-05,0.000198372,-0.000223748,0.000422119,6,0
2023-11-12 00:00:00+00:00,0.000290874,0.972899,0.05624,0.0393314,0.012076,0,0,0,0,-3.14171e-05,0.000322375,2.55595e-05,0.000296815,6,0
2023-11-13 00:00:00+00:00,-0.000289843,0.972617,0.0531116,0.0367155,0.00964651,0.00271012,8.67244e-07,1.08406e-07,2.8856e-07,-1.76325e-05,-0.000270813,-0.000702899,0.000432086,5,0
2023-11-14 00:00:00+00:00,-0.0011802,0.971469,0.0520939,0.0361092,0.0108915,0,0,0,0,-1.41883e-05,-0.00116625,-0.00116627,1.28606e-08,5,0
2023-11-15 00:00:00+00:00,0.00180649,0.973224,0.0523964,0.0358346,0.0129674,0,0,0,0,-4.63294e-06,0.00180989,0.00252696,-0.000717073,5,0
2023-11-16 00:00:00+00:00,-0.00142677,0.971836,0.0530626,0.0363936,0.0138851,0,0,0,0,-7.20897e-06,-0.00142005,-0.00207018,0.000650125,5,0
2023-11-17 00:00:00+00:00,0.000266471,0.972095,0.0518797,0.0358278,0.0147149,0,0,0,0,-9.99774e-06,0.000276666,0.000332147,-5.54806e-05,5,0
2023-11-18 00:00:00+00:00,-0.000119278,0.971979,0.0518337,0.0358697,0.0140829,0,0,0,0,-9.00839e-06,-0.000110233,-4.74069e-05,-6.28259e-05,5,0
2023-11-19 00:00:00+00:00,0.000753142,0.972711,0.052113,0.036006,0.0135466,0,0,0,0,-7.70075e-06,0.000760654,0.000943101,-0.000182447,5,0
2023-11-20 00:00:00+00:00,0.000446401,0.973145,0.0531524,0.0366329,0.0146172,0,0,0,0,-7.58796e-06,0.000454214,6.36362e-05,0.000390578,5,0
2023-11-21 00:00:00+00:00,-0.00142959,0.971754,0.052932,0.0362282,0.0151024,0.00203168,6.49948e-07,8.12435e-08,2.29562e-08,-1.00255e-05,-0.00141939,-0.00206052,0.000641127,5.27083,0
2023-11-22 00:00:00+00:00,0.00135327,0.973069,0.0540683,0.0343823,0.0137959,0,0,0,0,-9.56777e-06,0.00136225,0.00217464,-0.000812394,6,0
2023-11-23 00:00:00+00:00,0.000261543,0.973323,0.055064,0.0349949,0.0149693,0,0,0,0,-8.69639e-06,0.000270354,-6.30244e-05,0.000333378,6,0
2023-11-24 00:00:00+00:00,0.000390276,0.973703,0.0553874,0.0354962,0.015991,0,0,0,0,-8.29898e-06,0.000398785,0.000501056,-0.00010227,6,0
2023-11-25 00:00:00+00:00,-0.000352989,0.973359,0.0556869,0.0354488,0.0162333,0,0,0,0,-4.35155e-06,-0.000348643,0.000121464,-0.000470107,6,0
2023-11-26 00:00:00+00:00,-5.5613e-05,0.973305,0.0554739,0.0352436,0.0151379,0,0,0,0,-9.13185e-06,-4.63889e-05,-0.00047683,0.000430441,6,0
2023-11-27 00:00:00+00:00,2.58146e-05,0.97333,0.0542431,0.0351694,0.0149912,0,0,0,0,-1.02193e-05,3.6201e-05,-0.000379051,0.000415252,6,0
2023-11-28 00:00:00+00:00,0.000429574,0.973749,0.0544862,0.0354106,0.0154574,0,0,0,0,-9.30696e-06,0.000438935,0.000615858,-0.000176923,6,2.67482e-07
2023-11-29 00:00:00+00:00,7.85967e-05,0.973825,0.0551047,0.0358087,0.0163745,0,0,0,0,-1.05336e-05,8.92641e-05,-5.99292e-05,0.000149193,6,0
2023-11-30 00:00:00+00:00,-0.000198007,0.973632,0.0548866,0.0356467,0.0165785,0,0,0,0,-1.02175e-05,-0.00018774,-2.09966e-05,-0.000166744,6,0
2023-12-01 00:00:00+00:00,0.000920813,0.974529,0.0572975,0.0348943,0.015769,0.00680151,2.17667e-06,2.72084e-07,1.67994e-07,-8.72098e-06,0.000931913,0.00107776,-0.000145848,6.33333,0.0017417
2023-12-02 00:00:00+00:00,-0.000328597,0.974209,0.0658219,0.0275256,0.00537655,0.00200859,6.42723e-07,8.03404e-08,4.46869e-08,3.73991e-07,-0.000327896,0.00105961,-0.0013875,7,0.0067082
2023-12-03 00:00:00+00:00,0.000718348,0.974908,0.0675591,0.0273873,0.00085429,0,0,0,0,9.10997e-07,0.000717607,0.000595864,0.000121743,7,0.00576357
2023-12-04 00:00:00+00:00,-0.000487083,0.974434,0.133874,0.0486945,-0.00746894,0.130299,4.17042e-05,5.21302e-06,2.89231e-06,9.16913e-06,-0.000441929,0.00255185,-0.00299378,9,0.0126832
2023-12-05 00:00:00+00:00,0.00378614,0.978123,0.217379,0.091249,-0.00442318,0.0646777,2.45316e-05,4.29167e-06,1.13562e-05,1.76793e-05,0.00381427,0.00616839,-0.00235412,9.5625,0.0161668
2023-12-06 00:00:00+00:00,0.000999627,0.979101,0.280059,0.100022,-0.00747148,0.160544,5.52046e-05,1.06146e-05,6.69011e-06,8.92931e-06,0.00107823,-0.0030074,0.00408562,11.5417,0.0184514
2023-12-07 00:00:00+00:00,0.00557342,0.984558,0.40089,0.129883,-0.0045548,0.132937,4.29952e-05,9.94498e-06,4.46129e-06,-4.85371e-06,0.00563359,0.00585495,-0.000221361,14.2708,0.0223822
2023-12-08 00:00:00+00:00,-0.00109068,0.983484,0.501605,0.135023,-0.00845711,0.091119,2.91632e-05,8.46566e-06,4.0859e-06,7.14035e-05,-0.0011117,0.00645566,-0.00756736,20.0208,0.0229643
2023-12-09 00:00:00+00:00,0.00367938,0.987102,0.569576,0.148357,-0.00579566,0.0618276,1.97922e-05,9.71185e-06,1.97855e-06,8.71116e-06,0.00370973,-0.0030244,0.00673413,23.375,0.0235092
2023-12-10 00:00:00+00:00,-0.00984647,0.977383,0.610375,0.164158,-0.0113151,0.0973698,3.66069e-05,1.19052e-05,6.68804e-06,-8.51088e-05,-0.00973724,0.0032141,-0.0129513,24,0.0241475
2023-12-11 00:00:00+00:00,-0.021414,0.956453,0.675138,0.177088,0.00779546,0.147553,4.84096e-05,1.12952e-05,2.16164e-05,-3.21087e-05,-0.0214869,-0.0291987,0.00771182,24.3333,0.0203394
2023-12-12 00:00:00+00:00,-0.00212943,0.954416,0.641927,0.164962,0.00113413,0.0886844,2.83838e-05,8.31294e-06,7.25063e-06,6.54852e-05,-0.00212239,0.00946518,-0.0115876,25,0.0160986
2023-12-13 00:00:00+00:00,0.00573121,0.959886,0.588193,0.160279,-0.00162521,0.0333977,1.06851e-05,8.35793e-06,1.35311e-06,1.03021e-05,0.00573871,0.00974948,-0.00401077,25.6458,0.0150149
2023-12-14 00:00:00+00:00,0.0026094,0.962391,0.612784,0.172705,0.00303361,0.00438753,1.40249e-06,1.21768e-06,1.46186e-07,7.51931e-05,0.00254958,0.00424291,-0.00169333,26,0.0173253
2023-12-15 00:00:00+00:00,0.00169328,0.964021,0.60751,0.169932,0.00210867,0.00247018,7.90557e-07,9.88196e-08,1.12456e-07,0.000107731,0.00159378,-0.0138619,0.0154557,26,0.0191015
2023-12-16 00:00:00+00:00,-0.00400314,0.960162,0.600479,0.167317,-0.003439,0.018217,5.82622e-06,2.87962e-06,1.4938e-06,5.75119e-05,-0.00405076,0.00408178,-0.00813254,26,0.0181945
2023-12-17 00:00:00+00:00,-0.00169848,0.958531,0.58923,0.1702,-0.00386811,0.0146354,4.68391e-06,2.1956e-06,5.69497e-07,1.62068e-05,-0.00169609,-0.00750529,0.0058092,26.5625,0.015059
2023-12-18 00:00:00+00:00,0.00406685,0.962429,0.574469,0.162375,-0.0023125,0.0402802,1.35735e-05,4.5166e-06,1.72062e-06,-1.80233e-05,0.0041058,0.00601602,-0.00191022,27.3333,0.0152963
2023-12-19 00:00:00+00:00,-0.00227823,0.960236,0.594126,0.157501,0.00144728,0.0123569,4.44171e-06,6.57071e-07,1.02085e-06,1.67363e-05,-0.00228208,-0.00384018,0.00155811,27,0.0168517
2023-12-20 00:00:00+00:00,-0.000585544,0.959674,0.584012,0.158033,0.00274707,0.0821079,3.37714e-05,6.17952e-06,1.06421e-05,-3.14008e-05,-0.000486649,0.00871137,-0.00919802,26.7292,0.0142128
2023-12-21 00:00:00+00:00,-0.00238697,0.957383,0.581653,0.16484,0.00819183,0.0861312,3.18358e-05,2.80673e-05,2.77715e-06,-7.44911e-05,-0.00223872,0.008103,-0.0103417,26,0.0130846
2023-12-22 00:00:00+00:00,-0.00404795,0.953508,0.509153,0.152632,0.00547257,0.105813,3.68911e-05,9.2962e-06,4.99694e-06,-7.99937e-07,-0.00399081,0.00345868,-0.0074495,25.75,0.0119802
2023-12-23 00:00:00+00:00,-0.00170152,0.951886,0.483862,0.147062,0.00365724,0,0,0,0,9.43482e-05,-0.00179258,-0.0012266,-0.00056599,25,0.0110456
2023-12-24 00:00:00+00:00,-0.000464047,0.951444,0.487218,0.148987,0.00195042,0.00661828,2.11605e-06,2.64507e-07,2.79738e-07,3.77508e-05,-0.000491925,-0.00452279,0.00403087,25,0.00698231
2023-12-25 00:00:00+00:00,-0.00162081,0.949902,0.481626,0.148628,0.00629537,0.00262241,8.39274e-07,1.04909e-07,1.70487e-07,-1.73314e-05,-0.00159977,0.00585631,-0.00745607,24,0.00460722
2023-12-26 00:00:00+00:00,-0.00127106,0.948694,0.468487,0.146073,0.00739776,0.0275673,9.86543e-06,3.29818e-06,1.51693e-06,-8.8356e-05,-0.00115869,-0.00302016,0.00186147,23.7917,0.00288172
2023-12-27 00:00:00+00:00,0.00740101,0.955716,0.453422,0.148732,0.00549524,0.0317453,1.16226e-05,1.75804e-06,1.58421e-06,-4.53628e-05,0.00744113,0.010386,-0.00294491,23.5833,0.00530605
2023-12-28 00:00:00+00:00,0.00181748,0.957453,0.461141,0.152982,0.00483853,0.0388303,1.24235e-05,2.35064e-06,1.39513e-06,1.17213e-05,0.00182616,-0.00517572,0.00700188,25.6458,0.0119167
2023-12-29 00:00:00+00:00,-0.00665658,0.951079,0.46037,0.139542,-0.00373564,0.0237435,7.59606e-06,2.00692e-06,1.09113e-06,-0.000255727,-0.00640604,-0.00483181,-0.00157423,26,0.0135915
2023-12-30 00:00:00+00:00,0.00253982,0.953495,0.454543,0.138183,0.00225688,0.00362714,1.81414e-06,9.45345e-06,1.60288e-07,-0.000131886,0.0026822,0.000262588,0.00241961,25.5625,0.00919799
2023-12-31 00:00:00+00:00,0.0016654,0.955083,0.45612,0.138816,0.00346986,0.00211922,6.78494e-07,8.48118e-08,8.79587e-08,-2.37998e-05,0.00169228,-0.000785785,0.00247806,25,0.00817686
2024-01-01 00:00:00+00:00,0.000882928,0.955926,0.454338,0.141441,0.00610143,0.0195531,7.38835e-06,2.97436e-06,1.23958e-06,-0.000103518,0.00100298,0.0107032,-0.00970019,25.625,0.00770199
2024-01-02 00:00:00+00:00,0.00604113,0.961701,0.446164,0.131431,0.00478884,0.027009,8.65397e-06,1.08175e-06,4.43337e-07,-9.07249e-05,0.0061346,0.0016856,0.004449,26.375,0.00789379
2024-01-03 00:00:00+00:00,-0.00196812,0.959808,0.40901,0.11507,0.00451944,0.0457202,2.10287e-05,3.96145e-06,4.85515e-06,-1.96974e-06,-0.0019314,-0.016121,0.0141896,26.5,0.00840602
2024-01-04 00:00:00+00:00,0.000751973,0.96053,0.371046,0.0970041,0.00225733,0.0201585,6.45128e-06,8.0641e-07,3.34525e-07,-1.98118e-06,0.00076659,0.00647937,-0.00571278,26,0.00506811
2024-01-05 00:00:00+00:00,0.00425353,0.964616,0.356622,0.0966433,0.00459998,0.00863198,2.76192e-06,3.4524e-07,3.62581e-07,3.668e-05,0.00421432,-0.00119688,0.00541119,26,0.00661111
2024-01-06 00:00:00+00:00,0.0031795,0.967683,0.353405,0.105538,0.00309814,0.0302481,9.68047e-06,1.21006e-06,7.89674e-07,4.57678e-05,0.00314522,-0.00256377,0.00570899,26,0.0127395
2024-01-07 00:00:00+00:00,0.00289663,0.970486,0.366927,0.112029,-0.00067352,0.00616493,1.97328e-06,2.46659e-07,1.95597e-07,5.521e-05,0.0028432,-0.00194191,0.00478512,26,0.0160481
2024-01-08 00:00:00+00:00,0.0065164,0.97681,0.432275,0.129248,-0.00770807,0.142604,4.56359e-05,5.90361e-06,5.78327e-06,1.12748e-05,0.00656043,0.0168449,-0.0102845,25,0.0192961
2024-01-09 00:00:00+00:00,0.00624089,0.982906,0.513787,0.162068,-0.00278141,0.0910762,2.9147e-05,3.64338e-06,2.01351e-06,-3.54705e-05,0.00630573,-0.00302752,0.00933325,25.2708,0.0237087
2024-01-10 00:00:00+00:00,-0.000482036,0.982432,0.595038,0.17248,0.00187859,0.100833,3.22608e-05,7.94391e-06,4.1916e-06,-3.72394e-05,-0.000370778,0.0204268,-0.0207976,26,0.0275596
2024-01-11 00:00:00+00:00,0.00107795,0.983491,0.671658,0.160381,-0.00103189,0.0933215,2.98535e-05,2.22761e-05,5.32044e-06,-2.71927e-05,0.001209,0.00941879,-0.00820979,26,0.0278926
2024-01-12 00:00:00+00:00,-0.0116875,0.971997,0.676921,0.142381,-0.00441182,0.0482685,1.54198e-05,7.20938e-06,1.92418e-06,-2.49582e-05,-0.0116719,-0.0228799,0.011208,26,0.0271297
2024-01-13 00:00:00+00:00,-0.000350634,0.971656,0.641498,0.127346,0.000188174,0.0162133,5.1849e-06,3.09585e-06,7.89521e-07,-1.652e-05,-0.000307925,0.00563726,-0.00594518,26,0.0225529
2024-01-14 00:00:00+00:00,0.00146535,0.97308,0.637696,0.131208,0.00229683,0,0,0,0,-2.48336e-05,0.00149883,-0.0106495,0.0121483,26,0.0207053
2024-01-15 00:00:00+00:00,9.79047e-05,0.973175,0.634951,0.119794,-0.00309142,0.0515107,1.64947e-05,1.64383e-05,4.70764e-06,-2.95934e-06,0.000152549,0.00834911,-0.00819656,25.4792,0.0223172
2024-01-16 00:00:00+00:00,0.00530938,0.978342,0.639581,0.117952,-0.00584253,0,0,0,0,6.61761e-05,0.00523871,0.00527936,-4.06541e-05,26,0.0214254
2024-01-17 00:00:00+00:00,-0.00303914,0.975368,0.636062,0.119169,-0.00579839,0.00572908,1.83269e-06,2.29086e-07,9.44866e-08,4.11979e-05,-0.00307498,-0.00595169,0.00287671,26,0.0217929
2024-01-18 00:00:00+00:00,0.00675987,0.981962,0.621279,0.125615,0.000166617,0.00851649,2.72354e-06,2.84067e-06,3.2957e-07,3.69419e-05,0.00671762,-0.010238,0.0169557,26,0.0209046
2024-01-19 00:00:00+00:00,0.0051931,0.987061,0.671987,0.151622,0.00156623,0.194897,6.23937e-05,3.96869e-05,5.74971e-06,0.000127072,0.00517371,0.004094,0.00107971,26.2708,0.0276601
2024-01-20 00:00:00+00:00,0.00211111,0.989145,0.809545,0.196648,-0.0111328,0.0922843,2.95294e-05,8.20636e-06,2.11993e-06,0.00013117,0.0020364,0.00142239,0.000614015,27.8542,0.0322051
2024-01-21 00:00:00+00:00,0.00505363,0.994144,0.836871,0.210703,-0.0183628,0.0298803,9.56685e-06,2.68226e-06,8.78705e-07,0.00010955,0.00495904,-0.00202466,0.0069837,28.5417,0.0347155
2024-01-22 00:00:00+00:00,-0.00909723,0.9851,0.87138,0.201624,-0.0185697,0.107707,3.44624e-05,4.50013e-05,3.64082e-06,0.000215653,-0.00924248,-0.027322,0.0180795,28,0.0369864
2024-01-23 00:00:00+00:00,-0.00117227,0.983945,0.91421,0.203678,-0.0118621,0.13079,4.33606e-05,1.78903e-05,7.23421e-06,0.000152639,-0.00122165,-0.00707619,0.00585454,28.0625,0.0326021
2024-01-24 00:00:00+00:00,-0.0114288,0.9727,0.943974,0.212102,-0.00646646,0.0358237,1.14414e-05,5.61629e-06,1.74486e-06,8.2835e-05,-0.011529,0.000163803,-0.0116928,29.4792,0.0290237
2024-01-25 00:00:00+00:00,0.00593566,0.978473,0.929198,0.214056,-0.00692815,0.0637452,2.04286e-05,1.14995e-05,2.79753e-06,1.73201e-05,0.00596828,-0.0061672,0.0121355,30,0.0249231
2024-01-26 00:00:00+00:00,-0.0059246,0.972676,0.937327,0.206593,-0.0128093,0.0598793,1.91587e-05,1.02007e-05,1.94529e-06,2.17933e-05,-0.00591483,0.0230255,-0.0289403,30,0.0243513
2024-01-27 00:00:00+00:00,0.00446883,0.977023,0.940874,0.206414,-0.00863312,0.0105819,3.38726e-06,1.17389e-06,4.28989e-07,5.5375e-05,0.00442414,0.00490947,-0.00048533,30,0.0225576
2024-01-28 00:00:00+00:00,0.00702764,0.983889,0.932493,0.208279,-0.00639097,0.0148947,4.76581e-06,5.95726e-07,2.92235e-07,6.6647e-05,0.0069544,-0.00235056,0.00930497,30,0.0247009
2024-01-29 00:00:00+00:00,-0.0078776,0.976139,0.915982,0.176324,-0.0121402,0.18642,6.63491e-05,3.14486e-05,2.30696e-05,1.49785e-05,-0.00779171,0.0145025,-0.0222942,28,0.0271558
2024-01-30 00:00:00+00:00,-0.00268098,0.973522,0.923905,0.172986,-0.0146509,0.0225854,7.22142e-06,9.02677e-07,4.19877e-07,3.29721e-05,-0.00269393,-0.00489821,0.00220428,28,0.0272514
2024-01-31 00:00:00+00:00,0.00635909,0.979712,0.92352,0.168277,-0.0172493,0.0510753,1.6348e-05,3.58628e-06,9.85409e-07,1.49876e-05,0.00636446,-0.0131518,0.0195162,28,0.0283982
2024-02-01 00:00:00+00:00,0.00312294,0.982772,0.939222,0.15833,-0.0134908,0.0737498,2.36001e-05,5.6703e-06,1.68802e-06,4.96647e-05,0.00311619,0.00497639,-0.0018602,28,0.0307324
2024-02-02 00:00:00+00:00,0.00569655,0.98837,0.924673,0.162622,-0.0159515,0.0496089,1.58722e-05,1.35271e-05,2.35739e-06,7.674e-05,0.00566117,0.00555367,0.000107502,28,0.0321591
2024-02-03 00:00:00+00:00,0.00378003,0.992106,0.911581,0.168509,-0.0166225,0.0827268,2.64846e-05,1.83582e-05,5.65403e-06,6.91067e-05,0.00376684,-0.00217232,0.00593915,28,0.0335426
2024-02-04 00:00:00+00:00,0.00541207,0.997476,0.909905,0.170553,-0.0207034,0.0237969,7.6187e-06,9.52338e-07,7.04361e-07,4.60651e-05,0.00538022,-0.0037042,0.00908442,28,0.0356952
2024-02-05 00:00:00+00:00,-0.00856998,0.988927,0.941562,0.165431,-0.0279534,0.126818,4.05873e-05,1.65289e-05,8.65553e-06,1.73501e-05,-0.00853487,0.000801615,-0.00933649,28.1667,0.0362268
2024-02-06 00:00:00+00:00,0.00832632,0.997161,0.968087,0.168849,-0.0353223,0.0626338,2.43545e-05,1.52053e-05,3.75016e-06,5.16256e-05,0.00829722,0.00651537,0.00178185,28.5,0.0337919
2024-02-07 00:00:00+00:00,0.0029368,1.00009,0.95981,0.161742,-0.0328197,0.11924,4.36555e-05,4.47833e-05,1.42176e-05,1.44365e-05,0.00304645,0.0146007,-0.0115543,28,0.0355688
2024-02-08 00:00:00+00:00,0.0133596,1.01345,1.02127,0.172067,-0.0139963,0.123968,3.96855e-05,8.16232e-06,4.1035e-06,0.000316346,0.0130282,0.010531,0.00249722,28,0.0378278
2024-02-09 00:00:00+00:00,-0.00403104,1.00937,1.15668,0.217858,-0.00202023,0.276891,8.8587e-05,1.81572e-05,5.58175e-06,0.000279864,-0.00418045,0.0170272,-0.0212077,28,0.0426459
2024-02-10 00:00:00+00:00,0.0035783,1.01298,1.1583,0.228281,-0.00334406,0.145885,4.66757e-05,1.11682e-05,1.82887e-06,0.000294291,0.00336191,0.00286714,0.000494778,28,0.0436307
2024-02-11 00:00:00+00:00,-0.00162171,1.01133,1.18175,0.216152,-0.0130181,0.0783587,3.04558e-05,1.75752e-05,4.03378e-06,0.000324616,-0.00188039,-0.00103645,-0.00084394,28,0.0431798
2024-02-12 00:00:00+00:00,-0.0120361,0.999162,1.24919,0.198351,-0.0427215,0.272271,8.69832e-05,3.57385e-05,3.59556e-05,0.000471941,-0.0123364,0.0265085,-0.0388448,27.9792,0.0407262
2024-02-13 00:00:00+00:00,-0.00168171,0.997482,1.26312,0.211989,-0.0336494,0.0593913,1.89933e-05,1.15982e-05,2.51052e-06,0.000397332,-0.0019974,-0.00771274,0.00571534,28.3958,0.0383745
2024-02-14 00:00:00+00:00,0.00696476,1.00443,1.30122,0.202199,-0.0338667,0.0677344,2.169e-05,1.0865e-05,2.71852e-06,0.000392653,0.00662526,0.0305195,-0.0238943,29,0.0377831
2024-02-15 00:00:00+00:00,0.0142783,1.01877,1.38738,0.232128,-0.0191648,0.296812,0.000101331,0.000161898,2.69863e-05,0.000452582,0.0140889,0.01375,0.000338868,29.8125,0.0398979
2024-02-16 00:00:00+00:00,0.00961943,1.02857,1.36873,0.260396,-0.00135774,1.06453,0.000348422,0.000188398,6.41563e-05,0.000289691,0.009939,0.000448556,0.00949044,30,0.0437531
2024-02-17 00:00:00+00:00,-0.00820825,1.02013,0.965054,0.232047,0.000742319,0.959423,0.000306994,0.000121173,2.46647e-05,0.000187108,-0.00793401,-0.00340052,-0.00453349,27.9792,0.0442388
2024-02-18 00:00:00+00:00,-0.000187016,1.01994,1.11098,0.248479,0.000864369,0.196662,6.29313e-05,1.58556e-05,5.30668e-06,0.000288446,-0.000358404,0.0101576,-0.010516,25.2083,0.0425099
2024-02-19 00:00:00+00:00,-0.00555375,1.01427,1.17763,0.26071,-0.0313071,0.575761,0.000183984,2.95608e-05,6.34798e-05,7.23437e-05,-0.00531014,0.00796645,-0.0132766,27,0.0405853
2024-02-20 00:00:00+00:00,0.0253196,1.03995,1.18017,0.287882,-0.0229375,0.351002,0.000121145,2.60823e-05,3.41137e-05,-2.81696e-05,0.02539,0.00250846,0.0228815,27.7292,0.0417598
2024-02-21 00:00:00+00:00,0.00725953,1.0475,1.13892,0.312348,-0.0117308,0.676031,0.000216338,6.9471e-05,2.65937e-05,0.000183357,0.00743556,-0.000508776,0.00794434,28,0.0478964
2024-02-22 00:00:00+00:00,-0.00729079,1.03987,1.18508,0.324131,-0.00664428,0.543007,0.000183501,5.40077e-05,4.24135e-05,0.000410501,-0.00737956,-0.00116488,-0.00621468,28,0.049392
2024-02-23 00:00:00+00:00,0.00448925,1.04453,1.29781,0.347117,-0.00339835,0.320612,0.000102641,1.48272e-05,1.03775e-05,0.000454407,0.00422895,-0.0091667,0.0133957,28,0.0482828
2024-02-24 00:00:00+00:00,-0.00534949,1.03895,1.39618,0.362348,-0.0118843,0.114724,3.66883e-05,5.27091e-06,5.61583e-06,0.000403902,-0.00565833,0.0174199,-0.0230782,28,0.050885
2024-02-25 00:00:00+00:00,-0.0139423,1.02446,1.39911,0.366631,-0.00956535,0.143571,4.59128e-05,9.85032e-06,4.73283e-06,9.99729e-05,-0.0140123,0.0132318,-0.0272442,28.5417,0.0489498
2024-02-26 00:00:00+00:00,0.0317151,1.05695,1.16477,0.266565,-0.00212989,0.69555,0.000222591,5.89873e-05,7.47918e-05,0.000249964,0.0314095,0.0311595,0.000250012,27.9375,0.0479164
2024-02-27 00:00:00+00:00,0.0123367,1.06999,1.18173,0.228739,-0.0159195,0.303529,0.000103963,3.30769e-05,2.84058e-05,0.000355651,0.0121657,0.0142751,-0.00210935,28,0.0537084
2024-02-28 00:00:00+00:00,-0.00279165,1.067,0.936767,0.182406,-0.0169246,1.15569,0.000369282,0.00021545,5.60676e-05,0.000299738,-0.00215098,0.0294894,-0.0316404,28.2708,0.0575434
2024-02-29 00:00:00+00:00,0.00203403,1.06917,0.776204,0.182287,0.00834491,0.615928,0.000203086,0.000283195,4.28145e-05,-2.39203e-05,0.00265404,-0.00815452,0.0108086,29.1042,0.0595526
2024-03-01 00:00:00+00:00,0.00014943,1.06933,0.93811,0.20485,0.0150916,0.547774,0.000184269,0.000269818,4.0736e-05,2.28384e-05,0.000669499,0.0207971,-0.0201276,30,0.0584028
2024-03-02 00:00:00+00:00,0.00343948,1.07301,0.933482,0.219921,0.0047466,0.560288,0.000179334,0.000165039,3.27231e-05,0.000154254,0.00375835,0.0172304,-0.0134721,30,0.0577665
2024-03-03 00:00:00+00:00,0.00488951,1.07826,0.975976,0.243546,0.000339268,0.503784,0.0001665,0.000123999,2.73657e-05,3.14332e-05,0.00526659,0.00622591,-0.000959316,30,0.0590059
2024-03-04 00:00:00+00:00,0.0142252,1.0936,0.949575,0.214306,-0.0229107,1.00906,0.00033692,0.000354994,0.000109708,8.37178e-06,0.0150215,0.0239311,-0.00890967,29.9375,0.0604307
2024-03-05 00:00:00+00:00,-0.00685835,1.0861,0.860716,0.200701,-0.013751,0.799815,0.000268765,0.00037412,5.87478e-05,-7.2005e-05,-0.00597545,-0.0272723,0.0212968,28.8958,0.0632138
2024-03-06 00:00:00+00:00,0.0108848,1.09792,0.786419,0.179648,-0.00158539,0.659561,0.000211191,0.000209293,4.00221e-05,-7.15383e-05,0.0114185,0.0352393,-0.0238208,29.5417,0.0641212
2024-03-07 00:00:00+00:00,0.0111278,1.11014,0.805592,0.177972,-0.00566624,0.479476,0.000153487,0.000171948,2.63748e-05,-6.40049e-05,0.0115444,0.0191294,-0.00758508,30,0.0659561
2024-03-08 00:00:00+00:00,-0.0247219,1.08269,0.817536,0.174947,-0.00721989,0.418988,0.000133847,0.000169954,2.20189e-05,0.000131614,-0.024679,0.00122348,-0.0259025,30,0.0654841
2024-03-09 00:00:00+00:00,-0.018507,1.06265,0.73575,0.177451,-0.00645617,0.410266,0.000132605,0.000144795,1.92176e-05,0.000377912,-0.0187143,0.00427555,-0.0229899,30,0.0592602
2024-03-10 00:00:00+00:00,0.0248972,1.08911,0.787984,0.18813,-0.0109622,0.318386,0.000101961,0.000128299,9.90028e-06,9.14809e-05,0.0248069,0.0115265,0.0132804,30,0.0565876
2024-03-11 00:00:00+00:00,0.00816831,1.09801,0.762112,0.171251,-0.0265857,0.820916,0.000264038,0.000245581,6.17621e-05,-0.000101223,0.0088823,0.0220553,-0.013173,29.6875,0.0611756
2024-03-12 00:00:00+00:00,-0.00781967,1.08942,0.806338,0.186473,-0.0143283,0.624104,0.000199686,0.000161664,2.05813e-05,-7.06967e-05,-0.00731843,-0.000161671,-0.00715676,29.875,0.0638212
2024-03-13 00:00:00+00:00,0.0255843,1.11729,0.794247,0.163,-0.0133029,0.556387,0.000178112,0.000104658,1.81827e-05,-3.93474e-05,0.0256604,0.0206117,0.00504867,30,0.0620115
2024-03-14 00:00:00+00:00,-0.0107619,1.10527,0.836564,0.154188,-0.0157937,0.989123,0.000316333,0.000152258,2.9466e-05,0.000201947,-0.0104341,-0.00315197,-0.00728213,30,0.0623387
2024-03-15 00:00:00+00:00,-0.00955282,1.09471,0.81385,0.139383,0.00180669,1.17446,0.000375784,0.000112233,3.88949e-05,8.43843e-05,-0.00907951,-0.0146796,0.00560009,30,0.057716
2024-03-16 00:00:00+00:00,0.00742318,1.10284,0.898641,0.149067,-4.35032e-06,0.569014,0.000182118,4.6557e-05,2.08333e-05,9.75981e-05,0.00763158,-0.036449,0.0440806,29.4167,0.056054
2024-03-17 00:00:00+00:00,0.00424929,1.10752,0.879846,0.156035,-0.00280979,0.374999,0.000121005,3.07297e-05,1.27711e-05,-4.44217e-05,0.0045186,0.022772,-0.0182534,29.0833,0.0584683
2024-03-18 00:00:00+00:00,0.0213508,1.13117,0.78684,0.16962,-0.0126649,1.01318,0.000326359,0.000155558,5.02468e-05,-9.21015e-05,0.021809,-0.0130741,0.0348831,27.125,0.0567423
2024-03-19 00:00:00+00:00,-0.0303063,1.09689,0.926706,0.164468,-0.00685175,0.667206,0.000213785,9.38296e-05,2.52955e-05,5.34152e-06,-0.0303534,-0.0501172,0.0197639,27.3542,0.0586456
2024-03-20 00:00:00+00:00,0.0159453,1.11438,0.927271,0.148449,-0.00382499,0.564845,0.000184431,0.000138432,2.45478e-05,2.15158e-05,0.0162334,0.0594201,-0.0431866,27.1875,0.0537601
2024-03-21 00:00:00+00:00,0.011154,1.12681,0.950848,0.17327,0.00122053,1.18072,0.000377901,0.000332853,3.69044e-05,-2.4256e-05,0.0118964,-0.00587777,0.0177742,28.8125,0.054944
2024-03-22 00:00:00+00:00,-0.00318347,1.12322,1.12814,0.169803,-0.00247258,0.611022,0.000195477,0.000206383,2.08419e-05,6.64109e-05,-0.0027906,-0.0140694,0.0112788,29,0.0552437
2024-03-23 00:00:00+00:00,0.00252308,1.12606,1.19508,0.161637,-0.0081256,0.343419,0.000109895,0.00015505,9.90008e-06,-1.4229e-05,0.00286907,0.00952563,-0.00665656,29,0.0514625
2024-03-24 00:00:00+00:00,0.000442954,1.12655,1.12627,0.162666,-0.0134801,0.205244,6.5694e-05,0.000104089,4.61194e-06,-4.54502e-05,0.000698255,0.0311556,-0.0304574,29,0.0516995
2024-03-25 00:00:00+00:00,0.0130203,1.14122,1.10618,0.153765,-0.021373,0.345103,0.000110479,0.000180363,7.78809e-06,1.54073e-05,0.0132569,0.0229451,-0.00968824,29,0.0511552
2024-03-26 00:00:00+00:00,-0.00276386,1.13807,1.03648,0.150921,-0.022703,0.392394,0.000125541,0.000190058,6.67615e-06,9.34235e-05,-0.0024976,0.00833015,-0.0108277,29,0.0541202
2024-03-27 00:00:00+00:00,-0.00061489,1.13737,0.743149,0.149021,-0.0162607,1.86529,0.000596795,0.000573207,4.69117e-05,-2.16248e-05,0.000650911,-0.00745887,0.00810978,28.1042,0.0670377
2024-03-28 00:00:00+00:00,-0.01736,1.11762,0.707766,0.155792,-0.00989323,1.01742,0.000325361,0.000314339,2.18284e-05,8.48827e-05,-0.0168831,0.00434842,-0.0212315,20.4792,0.0649458
2024-03-29 00:00:00+00:00,0.00675342,1.12517,0.657575,0.161197,-0.00459819,0.844533,0.00027028,0.000234056,1.63214e-05,-2.7857e-05,0.00730409,0.0032129,0.0040912,20.1042,0.0590202
2024-03-30 00:00:00+00:00,-0.0122243,1.11142,0.728334,0.185775,-0.00251226,0.881158,0.000288954,0.000298239,2.7213e-05,0.000180848,-0.0118276,-0.00488864,-0.00693898,20.3958,0.0566927
2024-03-31 00:00:00+00:00,0.00134688,1.11291,0.718156,0.207908,-0.00716702,0.587043,0.000187867,0.000120516,9.36175e-06,-2.18836e-06,0.001707,0.0132896,-0.0115826,17.6875,0.0524719
2024-04-01 00:00:00+00:00,0.00982514,1.12385,0.95624,0.210714,-0.0130349,0.897945,0.000287401,0.000179473,2.9622e-05,0.000131763,0.0101976,-0.0179634,0.028161,22,0.0540675
2024-04-02 00:00:00+00:00,-0.000271979,1.12354,1.09917,0.191856,-0.0116739,0.484484,0.000154962,4.52905e-05,1.73685e-05,-8.98215e-05,8.09187e-05,-0.0356256,0.0357065,24.1458,0.0574055
2024-04-03 00:00:00+00:00,0.0130758,1.13823,1.25166,0.177911,-0.0110362,0.547441,0.000175242,3.18053e-05,2.37514e-05,-4.40554e-05,0.0132926,-0.000670366,0.013963,27.1042,0.0562666
2024-04-04 00:00:00+00:00,0.00762556,1.14691,1.29132,0.165406,0.0015067,1.76779,0.000565821,0.000119871,5.5481e-05,9.95397e-05,0.00830123,0.0222789,-0.0139777,29.1667,0.0590217
2024-04-05 00:00:00+00:00,0.00218867,1.14942,1.15482,0.148288,0.00574765,1.48489,0.000486578,9.38855e-05,5.66106e-05,0.0002021,0.00265103,-0.0163568,0.0190078,28.5833,0.0604612
2024-04-06 00:00:00+00:00,-0.0135707,1.13383,0.909003,0.145658,-0.00049237,0.712153,0.000227812,7.54147e-05,1.32474e-05,0.000175379,-0.0135002,0.0111118,-0.024612,20.2083,0.0584417
2024-04-07 00:00:00+00:00,-0.00759657,1.12521,0.992244,0.183209,-0.010556,0.314252,0.000100538,2.04139e-05,8.19382e-06,0.000254515,-0.00772436,0.00694877,-0.0146731,21,0.054127
2024-04-08 00:00:00+00:00,0.00381029,1.1295,1.04251,0.181292,-0.0153529,0.512478,0.000164005,4.75571e-05,1.32804e-05,5.88107e-05,0.00399382,0.0188924,-0.0148986,21.375,0.0520159
2024-04-09 00:00:00+00:00,0.00560746,1.13583,1.00016,0.185894,-0.00194744,1.0407,0.000342993,0.000204281,4.74839e-05,4.2243e-06,0.00622044,-0.0227529,0.0289734,22.125,0.0532995
2024-04-10 00:00:00+00:00,0.0108212,1.14812,1.00538,0.184481,-0.00088381,1.25887,0.000402928,0.00019154,3.07055e-05,-5.13774e-05,0.0114963,0.0104017,0.00109461,23.875,0.0558646
2024-04-11 00:00:00+00:00,0.000911594,1.14917,0.939094,0.175948,0.00473313,1.34262,0.000429625,0.000206132,3.93514e-05,-4.46779e-05,0.00166532,-0.0118343,0.0134997,20.1042,0.060409
2024-04-12 00:00:00+00:00,0.011341,1.1622,0.827828,0.176757,0.00745603,1.57558,0.000527437,0.000163255,0.000162619,8.27585e-05,0.012086,-0.0486621,0.0607481,20.7708,0.062536
2024-04-13 00:00:00+00:00,0.00515824,1.1682,0.773838,0.191291,0.00347085,1.79116,0.000619126,0.000178494,0.000233084,0.000205028,0.00606802,-0.0379884,0.0440564,23.6667,0.0658153
2024-04-14 00:00:00+00:00,-0.00186016,1.16603,0.708735,0.181611,0.00684212,0.968107,0.000309775,0.000122371,5.76181e-05,0.000132857,-0.00146768,0.0284702,-0.0299379,24.3125,0.0654299
2024-04-15 00:00:00+00:00,0.00461408,1.17141,0.850634,0.203664,-0.000292006,0.906587,0.000290153,3.84642e-05,6.83212e-05,0.000321302,0.00472492,-0.0178383,0.0225632,24,0.066779
2024-04-16 00:00:00+00:00,-0.00994775,1.15975,1.04565,0.228967,0.000613391,0.763325,0.000244128,6.90207e-05,4.76031e-05,0.00030475,-0.00984914,-0.00601219,-0.00383695,25.6042,0.068664
2024-04-17 00:00:00+00:00,0.000666959,1.16053,1.00331,0.189297,0.00354985,1.43831,0.000460228,0.000113024,5.92058e-05,2.85609e-05,0.00132856,-0.0174434,0.0187719,27.5417,0.0652876
2024-04-18 00:00:00+00:00,0.0128701,1.17546,1.18292,0.167671,0.00416042,1.04226,0.000333644,6.21337e-05,5.50699e-05,-5.28315e-05,0.0133403,0.0262549,-0.0129146,27.2708,0.0630164
2024-04-19 00:00:00+00:00,-0.00782946,1.16626,1.12828,0.180028,0.00697878,1.26659,0.000405359,0.000106959,7.24132e-05,-2.67255e-05,-0.00719193,0.00149699,-0.00868892,27.25,0.0623007
2024-04-20 00:00:00+00:00,-0.00882033,1.15597,1.22248,0.221758,0.00946645,1.24162,0.000397123,0.000151595,5.60643e-05,4.79603e-05,-0.00826495,0.0396471,-0.047912,29.1667,0.0584864
2024-04-21 00:00:00+00:00,0.00192789,1.1582,1.06838,0.214708,0.00539954,1.33502,0.000427293,0.000167431,3.39327e-05,0.000127674,0.00245062,-0.00471134,0.00716196,29.1875,0.0541655
2024-04-22 00:00:00+00:00,0.00130189,1.15971,0.799153,0.155088,-0.00702209,1.3824,0.00044228,0.000150744,7.21889e-05,-4.1091e-06,0.0020005,0.0173571,-0.0153566,21.7708,0.0542167
2024-04-23 00:00:00+00:00,-0.00528292,1.15358,0.714535,0.148856,0.000241597,0.958794,0.000306786,8.95774e-05,2.32063e-05,5.11143e-05,-0.00490813,-0.00269326,-0.00221487,21.0208,0.0549362
2024-04-24 00:00:00+00:00,-0.00458462,1.14829,0.726132,0.180988,0.00514945,0.757579,0.000242388,5.45704e-05,1.39807e-05,0.000109643,-0.00433425,-0.0131246,0.00879035,18.1458,0.0522553
2024-04-25 00:00:00+00:00,-0.00593338,1.14148,0.746626,0.185731,0.00371422,0.781943,0.000250171,5.51551e-05,1.47572e-05,0.000147012,-0.00573327,0.00106752,-0.00680079,17.2708,0.0507729
2024-04-26 00:00:00+00:00,0.00741557,1.14994,0.6812,0.179908,-9.88839e-05,1.10839,0.000354747,0.000118277,2.80645e-05,0.000162652,0.00774671,-0.00466964,0.0124163,18.1667,0.0493444
2024-04-27 00:00:00+00:00,0.0082253,1.1594,0.758001,0.152277,-0.00394855,1.13453,0.000373198,9.57715e-05,4.42669e-05,0.000179088,0.00854644,0.00740651,0.00113992,17.75,0.0520676
2024-04-28 00:00:00+00:00,0.00401247,1.16406,0.780167,0.190194,0.00214557,0.684624,0.000219101,7.81987e-05,1.4591e-05,0.000277065,0.00405437,-0.00126303,0.0053174,17.8125,0.0548357
2024-04-29 00:00:00+00:00,-0.00408133,1.1593,0.80029,0.164576,-0.0374143,1.3679,0.000437746,9.89513e-05,5.58936e-05,0.000203359,-0.00368339,-0.000659742,-0.00302364,20.375,0.0559805
2024-04-30 00:00:00+00:00,0.00773289,1.16827,0.788533,0.148272,-0.0278934,1.18259,0.000382707,0.000120684,3.31198e-05,3.50055e-05,0.00824083,-0.0232649,0.0315057,21.8125,0.0562291
2024-05-01 00:00:00+00:00,-0.00505575,1.16236,1.02278,0.166319,-0.0144377,1.64494,0.000526315,0.000120476,5.39608e-05,0.000184205,-0.00451388,0.00632491,-0.0108388,25.6667,0.0548165
2024-05-02 00:00:00+00:00,-0.0130105,1.14724,0.750046,0.154598,-0.00305083,0.761018,0.000243448,3.80323e-05,1.7569e-05,0.000131324,-0.0128842,-0.00150015,-0.011384,22.4375,0.0497492
2024-05-03 00:00:00+00:00,-0.00318288,1.14359,0.715394,0.172143,-0.00667958,0.658418,0.000210699,2.6397e-05,1.34411e-05,0.000138408,-0.00304837,0.0185406,-0.021589,20.0833,0.0439977
2024-05-04 00:00:00+00:00,-0.00424323,1.13874,0.697998,0.181489,-0.00708249,0.643724,0.000205986,3.21337e-05,1.21063e-05,0.000160905,-0.00413098,0.00245046,-0.00658145,19.6042,0.0404733
2024-05-05 00:00:00+00:00,0.00252806,1.14161,0.742999,0.199005,-0.00360351,0.627402,0.000208929,2.78169e-05,2.69635e-05,0.000121045,0.00268719,0.00266373,2.34582e-05,16.7917,0.0381321
2024-05-06 00:00:00+00:00,-0.00554046,1.13529,0.935997,0.224077,-0.0082877,0.36548,0.000121502,1.64984e-05,2.4662e-05,9.93216e-05,-0.00545379,-0.00536095,-9.2831e-05,20.9167,0.0373937
2024-05-07 00:00:00+00:00,-0.00159405,1.13348,0.951869,0.227684,-0.00377727,0.520078,0.000166412,2.64012e-05,8.98702e-06,3.6429e-05,-0.00140264,-0.0105444,0.00914179,23.9583,0.0376808
2024-05-08 00:00:00+00:00,0.00611314,1.14041,0.885276,0.223963,0.00121847,0.641034,0.000212201,5.6433e-05,3.03964e-05,-1.18717e-05,0.00646685,-0.00318068,0.00964753,24.4375,0.0400688
2024-05-09 00:00:00+00:00,-0.00787478,1.13143,0.870061,0.227118,-0.00238901,0.910268,0.000291274,9.77381e-05,1.91323e-05,6.28212e-05,-0.0075238,0.0122836,-0.0198074,25.8125,0.0421181
2024-05-10 00:00:00+00:00,-0.00958568,1.12058,0.791595,0.210782,-0.000601584,0.291586,9.32576e-05,2.02784e-05,6.06137e-06,0.000121368,-0.00960817,-0.0187936,0.00918544,27,0.0388221
2024-05-11 00:00:00+00:00,-0.000734795,1.11976,0.841794,0.219533,-0.00104318,0.126141,4.03375e-05,6.65744e-06,2.10679e-06,2.40801e-05,-0.000681898,0.00220996,-0.00289186,27,0.034125
2024-05-12 00:00:00+00:00,-0.00139925,1.11819,0.90631,0.224337,-0.00207642,0.115404,3.69292e-05,6.1237e-06,3.03273e-06,6.32095e-05,-0.00140789,0.00165064,-0.00305853,27.8542,0.0331443
2024-05-13 00:00:00+00:00,0.000423012,1.11867,1.01693,0.250517,-0.0139271,0.399251,0.000127719,1.59649e-05,2.12233e-05,4.67579e-05,0.000649744,0.00723072,-0.00658098,26.6458,0.0361882
2024-05-14 00:00:00+00:00,-0.00413588,1.11404,1.12755,0.295609,-0.0170212,0.210828,6.74145e-05,1.11698e-05,5.13444e-06,0.000369851,-0.00438377,-0.0220621,0.0176784,27.6042,0.0374962
2024-05-15 00:00:00+00:00,0.0193577,1.1356,1.18319,0.280147,-0.00264933,0.341864,0.000110272,2.82228e-05,9.96907e-06,0.00042485,0.0189576,0.048985,-0.0300274,28.0208,0.0373006
2024-05-16 00:00:00+00:00,0.00834557,1.14508,1.14464,0.266432,-0.00739997,0.886278,0.000283674,5.4798e-05,2.00504e-05,5.30986e-05,0.00864027,-0.00668652,0.0153268,28,0.0417143
2024-05-17 00:00:00+00:00,0.0146651,1.16187,1.02656,0.253893,-0.00823734,1.02178,0.000327079,0.000104935,2.49205e-05,4.66978e-05,0.0150027,0.0240273,-0.00902456,28,0.0435209
2024-05-18 00:00:00+00:00,-0.00125495,1.16042,1.05051,0.24969,-0.0207043,0.766576,0.000252248,0.000166804,3.98068e-05,4.57522e-05,-0.000791446,0.00190586,-0.0026973,28,0.0459148
2024-05-19 00:00:00+00:00,0.00223509,1.16301,0.849308,0.211021,-0.0315112,0.73301,0.000234564,9.24676e-05,1.62166e-05,-2.98425e-05,0.00262698,-0.00781693,0.0104439,28,0.0466826
2024-05-20 00:00:00+00:00,0.0226267,1.18932,0.733887,0.148562,-0.0327062,1.61786,0.000517947,0.000230023,7.55134e-05,2.28373e-06,0.0232805,0.0463143,-0.0230338,26.5625,0.0460495
2024-05-21 00:00:00+00:00,-0.0167137,1.16945,0.983273,0.179195,-0.0210451,1.04847,0.000345757,0.000152979,7.40375e-05,-1.98889e-05,-0.0161732,0.00182135,-0.0179945,27.1667,0.0487182
2024-05-22 00:00:00+00:00,-0.0255263,1.1396,0.930222,0.197369,-0.00467444,1.21384,0.000404456,0.000177507,6.34137e-05,1.36e-06,-0.0251071,-0.0106382,-0.0144689,27,0.0466458
2024-05-23 00:00:00+00:00,-0.0108002,1.12729,1.00423,0.214176,0.00125028,0.384981,0.000129832,5.38369e-05,2.68974e-05,-5.25666e-05,-0.0104968,-0.0082438,-0.002253,27.4167,0.0412108
2024-05-24 00:00:00+00:00,0.00182633,1.12935,1.08747,0.224551,0.0103254,0.151265,4.83816e-05,1.2738e-05,6.33971e-06,-7.22259e-05,0.00201633,-0.00366089,0.00567722,28,0.0379414
2024-05-25 00:00:00+00:00,-0.00925734,1.11889,1.1218,0.242944,0.00952805,0.116823,3.7341e-05,9.71154e-06,3.20828e-06,-2.16597e-06,-0.00918781,0.0040927,-0.0132805,28,0.035221
2024-05-26 00:00:00+00:00,-0.000768139,1.11803,0.955546,0.231839,0.0145367,0.186915,5.96516e-05,7.45645e-06,9.54818e-06,-3.8465e-05,-0.000627408,-0.00497346,0.00434605,28,0.0147359
2024-05-27 00:00:00+00:00,-0.0120375,1.10457,0.896476,0.216455,0.00881001,0.101423,3.24412e-05,5.15085e-06,4.04473e-06,-1.06025e-06,-0.0120372,0.00878706,-0.0208242,26,0.0133976
2024-05-28 00:00:00+00:00,-0.0076988,1.09607,0.821877,0.200384,0.0171184,0.0779686,2.68611e-05,5.47248e-06,4.16319e-06,6.58289e-05,-0.00773879,-0.00880273,0.00106394,25.4167,0.00966613
2024-05-29 00:00:00+00:00,-0.00344237,1.0923,0.727756,0.174683,0.0153864,0.114792,3.94286e-05,7.36886e-06,3.61413e-06,9.54912e-07,-0.00338313,-0.00462873,0.0012456,24.1458,0.00379841
2024-05-30 00:00:00+00:00,-0.000612715,1.09163,0.652299,0.165589,0.00906828,0.0450159,1.44009e-05,4.20615e-06,1.28456e-06,-2.50242e-05,-0.00055553,-0.00173366,0.00117813,24,0.000622721
2024-05-31 00:00:00+00:00,-0.00370048,1.08759,0.60094,0.159703,0.010878,0.0441005,1.71403e-05,3.93122e-06,2.00859e-06,-2.84835e-05,-0.00364995,-0.00155529,-0.00209466,23.25,0.00137934
2024-06-01 00:00:00+00:00,0.00125957,1.08896,0.589487,0.156717,0.00993531,0.0075833,3.41661e-06,6.3314e-07,6.40962e-07,-7.42615e-05,0.00133975,0.00282096,-0.00148121,22.8542,4.59844e-06
2024-06-02 00:00:00+00:00,0.00359508,1.09287,0.574407,0.164937,0.0170202,0.00589494,2.45358e-06,4.2524e-07,2.49919e-07,-4.78881e-05,0.00364317,-0.0029077,0.00655086,21.0417,1.34626e-05
2024-06-03 00:00:00+00:00,0.00187517,1.09492,0.452167,0.100816,-0.00913366,0.123158,3.93992e-05,1.47794e-05,1.53285e-05,-3.06587e-05,0.00197798,0.0035827,-0.00160472,19,0.00316529
2024-06-04 00:00:00+00:00,0.0064125,1.10194,0.438555,0.0926577,-0.00204083,0.0294018,9.41717e-06,2.05036e-06,8.98613e-07,-1.49257e-05,0.00642355,0.00987501,-0.00345146,19,0.00406169
2024-06-05 00:00:00+00:00,0.00146266,1.10355,0.407586,0.0705206,-0.00566856,0.0303241,9.7067e-06,1.96922e-06,1.15349e-06,-1.03902e-06,0.00147936,0.00451237,-0.00303301,19,0.00420649
2024-06-06 00:00:00+00:00,0.00219223,1.10597,0.40323,0.0750111,0.00129576,0,0,0,0,-9.43356e-06,0.00220159,-0.00118121,0.0033828,19,0.00366236
2024-06-07 00:00:00+00:00,0.00660363,1.11328,0.392226,0.0863698,-0.00359919,0.0537119,1.85509e-05,2.57926e-06,4.54728e-06,-2.37047e-06,0.00663958,-0.00810457,0.0147442,19.4583,0.00665012
2024-06-08 00:00:00+00:00,-0.000290609,1.11295,0.369499,0.119976,-0.00770057,0.0279207,8.93457e-06,1.11682e-06,1.61375e-06,1.51502e-06,-0.000277283,-0.00176989,0.00149261,21.9167,0.011541
2024-06-09 00:00:00+00:00,0.000852031,1.1139,0.372249,0.118528,-0.00855728,0.00879161,2.81268e-06,3.51585e-07,3.60655e-07,-3.19834e-06,0.000859675,0.00148695,-0.000627271,23,0.0119126
2024-06-10 00:00:00+00:00,-0.000673204,1.11315,0.358783,0.108375,0.00259883,0.143881,4.60397e-05,7.61246e-06,1.35775e-05,-2.21206e-05,-0.000580096,-0.00582024,0.00524014,23,0.0149482
2024-06-11 00:00:00+00:00,-0.00102136,1.11202,0.373379,0.10591,0.00530612,0.0141782,4.53534e-06,5.66918e-07,4.95374e-07,-1.60102e-05,-0.000993133,-0.0107253,0.00973219,23,0.0137393
2024-06-12 00:00:00+00:00,-0.00138171,1.11048,0.384285,0.101152,0.00454491,0.008581,2.74547e-06,3.43184e-07,3.09379e-07,-1.82829e-05,-0.0013579,0.00518703,-0.00654492,23.7917,0.0106921
2024-06-13 00:00:00+00:00,0.00204957,1.11276,0.378382,0.0997024,0.00838073,0.00655076,2.09601e-06,2.62002e-07,4.35381e-07,-1.34244e-05,0.00206648,-0.00783347,0.00989995,24,0.0089588
2024-06-14 00:00:00+00:00,0.00301193,1.11611,0.376941,0.094969,0.003638,0.0524921,1.67976e-05,2.0997e-06,2.66524e-06,-7.30726e-06,0.00303903,-0.00123411,0.00427314,24.7708,0.0106204
2024-06-15 00:00:00+00:00,0.00162313,1.11792,0.396955,0.0966788,0.00504457,0.0224777,7.19324e-06,8.99155e-07,1.04866e-06,-2.53431e-05,0.00165791,0.00392224,-0.00226433,26,0.0124324
2024-06-16 00:00:00+00:00,0.00190255,1.12005,0.404072,0.0997237,0.00639237,0.00940096,3.00841e-06,3.76051e-07,3.36643e-07,-2.36955e-05,0.00193004,0.00408654,-0.0021565,26,0.0117897
2024-06-17 00:00:00+00:00,0.00823298,1.12927,0.384107,0.094294,-0.000715774,0.0787497,2.51997e-05,3.14996e-06,4.37401e-06,-1.7285e-05,0.0082566,-0.0066563,0.0149129,24.5208,0.0129134
2024-06-18 00:00:00+00:00,0.00532378,1.13528,0.442372,0.0781773,0.000245132,0.38317,0.000126998,1.6775e-05,2.2933e-05,5.4246e-06,0.00548216,-0.0040603,0.00954246,25.6042,0.0186366
2024-06-19 00:00:00+00:00,0.0046555,1.14056,0.643866,0.0391747,0.00221052,0.247947,7.93504e-05,1.11284e-05,1.29548e-05,8.94695e-05,0.00466689,0.00392506,0.000741832,26.1667,0.0243623
2024-06-20 00:00:00+00:00,0.00195702,1.1428,0.795247,0.0340242,-0.00124793,0.329498,0.000105452,1.37554e-05,1.9425e-05,0.000185756,0.00192895,0.00380859,-0.00187964,27,0.0267614
2024-06-21 00:00:00+00:00,-0.00106345,1.14158,0.936875,0.0569117,-0.000919174,0.160542,5.14346e-05,1.33472e-05,1.10292e-05,7.7897e-05,-0.000991628,-0.00308119,0.00208956,27.8542,0.0274821
2024-06-22 00:00:00+00:00,0.00957434,1.15251,0.980521,0.091171,3.88895e-05,0.151992,4.86572e-05,1.12586e-05,4.80123e-06,6.69696e-05,0.00955601,0.00366138,0.00589463,28,0.0274836
2024-06-23 00:00:00+00:00,-0.0043014,1.14755,1.04219,0.110599,-0.00621276,0.113026,3.61623e-05,8.17426e-06,3.07087e-06,1.11977e-05,-0.0042621,-0.0194421,0.01518,28,0.0296254
2024-06-24 00:00:00+00:00,-0.00760053,1.13883,0.924388,0.130867,-0.0180314,0.525625,0.000178131,6.24611e-05,4.60944e-05,1.30206e-05,-0.00730039,-0.0017144,-0.00558599,27,0.0269924
2024-06-25 00:00:00+00:00,0.0022544,1.1414,0.940967,0.154601,0.00205112,0.139125,4.45225e-05,7.85868e-06,3.54394e-06,3.05418e-05,0.00230251,0.0144407,-0.0121382,27.3125,0.0243633
2024-06-26 00:00:00+00:00,0.00470556,1.14677,0.995608,0.170823,0.00682385,0.073208,2.34281e-05,3.15679e-06,2.2333e-06,6.4751e-05,0.00467232,-0.00837988,0.0130522,28,0.0266238
2024-06-27 00:00:00+00:00,0.00790977,1.15584,1.08327,0.184875,0.00370757,0.161395,5.17114e-05,6.46392e-06,5.58447e-06,-1.46196e-05,0.00798237,0.0193695,-0.0113871,28,0.0280475
2024-06-28 00:00:00+00:00,0.000108879,1.15597,1.12022,0.191552,0.00483145,0.109862,3.51616e-05,5.37305e-06,4.63699e-06,7.88802e-05,9.28229e-05,-0.0238532,0.023946,28,0.0285665
2024-06-29 00:00:00+00:00,-0.000263572,1.15566,1.10614,0.195225,0.0071068,0.0245872,7.86551e-06,9.83188e-07,7.43153e-07,0.000208712,-0.000447954,-0.0014304,0.000982448,28,0.0281672
2024-06-30 00:00:00+00:00,0.00413734,1.16044,1.13217,0.19215,0.000431064,0.0562235,1.80043e-05,2.25053e-06,2.0968e-06,0.000112324,0.00405943,0.0211459,-0.0170865,28,0.0299837
2024-07-01 00:00:00+00:00,-0.00145546,1.15875,1.21147,0.155251,-0.0355358,0.285221,9.26e-05,2.31271e-05,3.43258e-05,5.20776e-05,-0.00132826,-0.00624621,0.00491795,29.1875,0.0321509
2024-07-02 00:00:00+00:00,0.00916067,1.16937,1.18501,0.176104,-0.0307884,0.161598,5.17367e-05,1.50528e-05,6.73783e-06,8.48467e-05,0.0091329,0.00607287,0.00306003,30,0.0336077
2024-07-03 00:00:00+00:00,0.011189,1.18245,1.1494,0.186369,-0.00605281,0.342865,0.000109746,1.64016e-05,1.39507e-05,8.38024e-05,0.0112117,-0.0354746,0.0466863,30,0.0342573
2024-07-04 00:00:00+00:00,-0.00621275,1.17511,1.23025,0.117641,0.000427543,0.891431,0.000313268,0.00011098,7.08132e-05,3.06391e-05,-0.00565537,-0.0604233,0.0547679,29.5208,0.0346191
2024-07-05 00:00:00+00:00,0.0215422,1.20042,1.1265,0.0273853,-0.00955225,1.21966,0.000418866,0.000109638,0.000143831,0.000169126,0.0219363,-0.00207243,0.0240087,29,0.0363017
2024-07-06 00:00:00+00:00,-0.0018926,1.19815,0.693131,0.0374045,-0.0046815,1.46679,0.000469323,0.000221456,7.58715e-05,0.000281826,-0.00137188,0.0279179,-0.0292898,27.5625,0.0392778
2024-07-07 00:00:00+00:00,0.00928145,1.20927,1.08921,0.18297,0.00236575,1.06443,0.000340691,0.000141761,5.18729e-05,-1.0558e-08,0.00980667,-0.039984,0.0497906,26.1042,0.0417571
2024-07-08 00:00:00+00:00,0.0104849,1.22195,1.09398,0.168631,-0.0128954,1.2729,0.000407278,0.000201541,0.00013325,2.58622e-05,0.01121,0.0213951,-0.0101851,26.8958,0.0422693
2024-07-09 00:00:00+00:00,0.00317189,1.22582,1.23071,0.20668,-0.00586594,0.57161,0.000182945,4.69073e-05,2.43487e-05,3.01955e-05,0.00342213,0.0137454,-0.0103232,27,0.042142
2024-07-10 00:00:00+00:00,-0.0188911,1.20267,1.18611,0.217773,-0.00853304,0.378822,0.000121172,2.61624e-05,1.49501e-05,1.30382e-05,-0.0188606,0.00736839,-0.026229,27,0.0413439
2024-07-11 00:00:00+00:00,0.0201128,1.22686,1.17934,0.237127,-0.00677738,0.439056,0.000140512,4.08055e-05,2.17991e-05,-2.66663e-05,0.020228,-0.00506309,0.0252911,28.125,0.0382479
2024-07-12 00:00:00+00:00,-0.0127414,1.21122,1.30794,0.220766,-0.0146679,0.44939,0.000143784,3.57059e-05,1.68335e-05,8.59483e-06,-0.0125773,0.0165813,-0.0291586,29.0833,0.0413613
2024-07-13 00:00:00+00:00,0.0147916,1.22914,1.31857,0.218036,-0.00437961,0.140219,4.48747e-05,5.66009e-06,6.22224e-06,-3.0075e-05,0.0148088,0.00870072,0.00610805,29,0.0405773
2024-07-14 00:00:00+00:00,0.00111203,1.23051,1.26714,0.232248,0.0049599,0.148925,4.76291e-05,5.95364e-06,6.18028e-06,3.56514e-05,0.00118176,0.0211393,-0.0199575,29,0.0422573
2024-07-15 00:00:00+00:00,-0.00779162,1.22092,1.29458,0.246596,-0.00926686,0.341408,0.000114786,2.73426e-05,3.80133e-05,8.23766e-05,-0.00761051,0.0546983,-0.0623088,28.8333,0.0451912
2024-07-16 00:00:00+00:00,-0.0105198,1.20808,1.24269,0.252444,-0.0131879,0.294783,0.000112657,9.83528e-05,3.40237e-05,2.70054e-05,-0.0102933,-0.00254259,-0.00775074,28.1667,0.0424403
2024-07-17 00:00:00+00:00,-0.0280411,1.1742,1.21733,0.273647,-0.00524099,0.267733,0.000107948,0.000122802,6.6247e-05,-7.97109e-06,-0.0280061,-0.0157828,-0.0122232,28,0.0374127
2024-07-18 00:00:00+00:00,0.00704537,1.18247,1.16698,0.296409,0.000493413,0.0645838,2.06653e-05,1.18551e-05,1.77962e-06,3.40422e-05,0.00707904,0.00448633,0.00259272,28,0.0321796
2024-07-19 00:00:00+00:00,0.00559353,1.18909,1.12693,0.278048,0.00322527,0.209407,6.70234e-05,3.24169e-05,8.49195e-06,2.37728e-05,0.00570452,0.0280745,-0.02237,28.3958,0.0335925
2024-07-20 00:00:00+00:00,0.00760989,1.19814,1.13278,0.280702,0.00849702,0.188439,6.68381e-05,1.54869e-05,1.259e-05,7.59695e-05,0.00762936,0.00680123,0.000828126,29,0.0354528
2024-07-21 00:00:00+00:00,0.00966212,1.20971,1.12543,0.259176,0.00462741,0.179622,5.7519e-05,1.41774e-05,8.56306e-06,4.83067e-05,0.0096874,0.0164718,-0.00678444,28.9792,0.0361964
2024-07-22 00:00:00+00:00,0.00454229,1.21521,1.14554,0.231607,-0.0104955,0.352641,0.000112972,5.76816e-05,4.65326e-05,4.91436e-05,0.00473458,-0.0197771,0.0245116,27.8125,0.0372641
2024-07-23 00:00:00+00:00,0.00212316,1.21779,1.26639,0.241995,-0.0159603,0.313087,0.000100198,1.76573e-05,1.6476e-05,4.00766e-05,0.00225916,-0.0141985,0.0164577,28,0.0383163
2024-07-24 00:00:00+00:00,0.00326842,1.22177,1.35486,0.274005,-0.00794336,0.208885,6.68113e-05,1.3947e-05,9.44287e-06,-0.000156423,0.00354496,-0.0138686,0.0174136,29.3542,0.0398558
2024-07-25 00:00:00+00:00,-0.00398818,1.21689,1.29307,0.26968,-0.00252745,0.685589,0.000235794,4.47947e-05,5.74017e-05,-1.91055e-05,-0.00356282,-0.0154983,0.0119354,30,0.0422765
2024-07-26 00:00:00+00:00,-0.00972109,1.20506,1.1667,0.258205,-0.00070319,0.441286,0.000154389,2.39758e-05,7.36164e-05,-1.04514e-05,-0.00945426,0.0285805,-0.0380348,30,0.0402359
2024-07-27 00:00:00+00:00,0.00461838,1.21063,1.10393,0.252164,0.00446457,0.0917819,2.93849e-05,4.93374e-06,2.32591e-06,-4.89496e-06,0.00471044,0.000316008,0.00439443,30,0.0377214
2024-07-28 00:00:00+00:00,0.0096218,1.22228,1.06935,0.22804,0.00212619,0.112798,3.61058e-05,5.32198e-06,5.73961e-06,-4.11913e-05,0.00971692,0.00119741,0.00851951,30,0.0385497
2024-07-29 00:00:00+00:00,-0.00180968,1.22007,1.07184,0.180651,-0.0317761,0.260183,8.3258e-05,1.80254e-05,1.75427e-05,-0.000117713,-0.00151951,-0.0043231,0.00280359,30,0.0406811
2024-07-30 00:00:00+00:00,-0.00597101,1.21278,1.09025,0.196189,-0.02728,0.0522887,1.67142e-05,2.08927e-06,2.22181e-06,-0.000104778,-0.00582015,-0.00509488,-0.000725269,30,0.0381724
2024-07-31 00:00:00+00:00,0.00337412,1.21687,1.07332,0.212075,-0.0237772,0.0620897,1.98699e-05,3.12639e-06,3.83995e-06,-5.49113e-05,0.00347909,-0.0162464,0.0197255,30,0.0379884
2024-08-01 00:00:00+00:00,0.0145844,1.23462,1.09664,0.206835,-0.0222536,0.297251,9.62858e-05,1.57839e-05,1.43273e-05,-0.000144216,0.0148552,-0.0011088,0.015964,29.75,0.0399791
2024-08-02 00:00:00+00:00,-0.00834729,1.22432,1.18828,0.213164,-0.0190406,0.186391,6.10051e-05,2.29215e-05,1.24e-05,-0.000128509,-0.0080921,-0.0497342,0.0416421,28.625,0.0429015
2024-08-03 00:00:00+00:00,0.0152199,1.24295,1.18484,0.205467,-0.0087126,0.166065,5.75368e-05,3.07489e-05,1.18114e-05,-0.000132915,0.0153922,-0.0252828,0.040675,27.0417,0.0393659
2024-08-04 00:00:00+00:00,-0.0168382,1.22202,1.17471,0.20439,-0.00729986,0.462006,0.000152927,2.06676e-05,2.37903e-05,-0.000210896,-0.0164823,-0.0403849,0.0239026,27.7917,0.0400423
2024-08-05 00:00:00+00:00,0.00892091,1.23292,0.846282,0.106877,-0.000266826,1.58297,0.000571147,0.000139932,0.000143957,-0.00032314,0.0102556,-0.0429533,0.0532089,25.7292,0.0361377
2024-08-06 00:00:00+00:00,-0.0253937,1.20161,0.868122,0.117817,0.00419393,0.234733,7.49944e-05,9.3743e-06,1.81499e-05,-0.000119474,-0.0254459,0.0217285,-0.0471744,27,0.0328749
2024-08-07 00:00:00+00:00,0.00756556,1.2107,0.86049,0.127717,0.00625671,0.0583466,1.8667e-05,2.33337e-06,4.5845e-06,2.76234e-05,0.00756647,-0.0138839,0.0214504,27,0.0287844
2024-08-08 00:00:00+00:00,0.0110895,1.22413,0.866478,0.130021,0.00595457,0.100791,3.228e-05,4.035e-06,6.44637e-06,-4.34748e-06,0.011181,0.0616335,-0.0504524,27,0.029221
2024-08-09 00:00:00+00:00,-0.00177891,1.22195,0.893092,0.126728,0.00640363,0.142416,4.55579e-05,5.69474e-06,8.23104e-06,6.16592e-05,-0.00174817,-0.0114505,0.00970236,27,0.033276
2024-08-10 00:00:00+00:00,-0.0078047,1.21242,0.919201,0.126653,0.00261348,0.0637719,2.03956e-05,2.54945e-06,3.17825e-06,-8.12938e-05,-0.00770573,0.00284221,-0.0105479,26.8958,0.0330094
2024-08-11 00:00:00+00:00,0.0156338,1.23137,0.903692,0.130658,0.00730949,0.0950304,3.0406e-05,3.80075e-06,3.67132e-06,7.82092e-06,0.0155642,-0.0217439,0.0373081,27,0.0320175
2024-08-12 00:00:00+00:00,-0.0161962,1.21143,0.930393,0.118192,-0.00852317,0.202047,6.46249e-05,1.22443e-05,2.32325e-05,-4.01105e-05,-0.0161352,0.0216249,-0.0377601,27,0.0352835
2024-08-13 00:00:00+00:00,-0.00117897,1.21,0.910402,0.120603,-0.00610509,0.0396185,1.2673e-05,3.30652e-06,2.71642e-06,3.27391e-05,-0.00115486,0.00316471,-0.00431957,27,0.0303883
2024-08-14 00:00:00+00:00,0.00282263,1.21341,0.90388,0.122641,-0.00431055,0.0421047,1.34609e-05,2.02569e-06,2.34507e-06,2.8173e-05,0.00283506,-0.00975578,0.0125908,28,0.0295452
2024-08-15 00:00:00+00:00,0.00866307,1.22393,0.897576,0.114871,-0.00814158,0.0698542,2.2351e-05,3.72603e-06,3.91694e-06,-3.70539e-05,0.00873582,-0.0104604,0.0191962,28,0.0311465
2024-08-16 00:00:00+00:00,0.00514537,1.23022,0.921012,0.108309,-0.0170723,0.121457,3.88464e-05,5.32887e-06,5.99171e-06,-2.5526e-05,0.00527633,0.0021527,0.00312362,28,0.0350934
2024-08-17 00:00:00+00:00,-0.00700761,1.2216,0.949477,0.118611,-0.0278276,0.19007,7.75417e-05,1.49618e-05,9.26019e-05,-5.08689e-05,-0.00672588,0.00874639,-0.0154723,28,0.0389067
2024-08-18 00:00:00+00:00,-0.00388724,1.21685,0.944473,0.133845,-0.0217774,0.0201936,6.44118e-06,8.05147e-07,1.54023e-06,2.3323e-05,-0.00387171,-0.00508859,0.00121688,28,0.0367383
2024-08-19 00:00:00+00:00,0.00647072,1.22473,0.879459,0.116306,-0.0358548,0.305335,9.78758e-05,1.26257e-05,5.47788e-05,-2.78401e-05,0.00666516,0.00951737,-0.00285221,26.5208,0.0347168
2024-08-20 00:00:00+00:00,-0.00647634,1.2168,0.913453,0.127691,-0.0382448,0.0809582,2.58957e-05,4.27892e-06,2.07589e-06,3.26205e-05,-0.00647501,-0.00308775,-0.00338726,27.9792,0.0351638
2024-08-21 00:00:00+00:00,0.000973075,1.21798,0.919644,0.143389,-0.0354648,0.0618638,1.97844e-05,2.47305e-06,1.86026e-06,5.47317e-05,0.000961062,0.0121161,-0.011155,28,0.0316912
2024-08-22 00:00:00+00:00,-0.000814907,1.21699,0.896723,0.136385,-0.0452751,0.0323147,1.03318e-05,1.29148e-06,1.43546e-06,5.37087e-05,-0.000837304,0.00039042,-0.00122772,28,0.0309471
2024-08-23 00:00:00+00:00,-0.0148245,1.19895,0.898745,0.147219,-0.0435682,0.194896,7.94163e-05,1.42263e-05,3.19986e-05,9.98086e-05,-0.0148539,0.0256637,-0.0405176,27.6042,0.0281445
2024-08-24 00:00:00+00:00,-0.00656467,1.19108,0.875225,0.172562,-0.00762515,0.122885,4.83954e-05,7.95021e-06,2.36136e-05,6.74831e-05,-0.00654295,-0.000774066,-0.00576889,26.2708,0.0228395
2024-08-25 00:00:00+00:00,0.00963078,1.20255,0.794629,0.165013,-0.025137,0.0336799,1.07706e-05,1.34633e-06,2.68155e-06,1.90923e-05,0.00961289,-0.00338777,0.0130007,25.8125,0.0223478
2024-08-26 00:00:00+00:00,0.00865527,1.21296,0.759655,0.169251,-0.0236859,0.27589,8.82043e-05,3.73349e-05,5.32041e-05,-2.01418e-05,0.00883214,-0.0121055,0.0209376,25.3958,0.0262199
2024-08-27 00:00:00+00:00,-0.013423,1.19667,0.787945,0.178798,-0.024854,0.101542,3.245e-05,4.93086e-06,4.1271e-06,-2.3393e-05,-0.0134138,-0.0298632,0.0164494,26.6667,0.0305028
2024-08-28 00:00:00+00:00,0.00828996,1.20659,0.806992,0.17125,-0.00926486,0.0194443,7.39178e-06,6.97692e-06,9.31534e-07,-4.61553e-05,0.00835224,0.00212055,0.00623169,26,0.0262795
2024-08-29 00:00:00+00:00,0.00419118,1.21165,0.791331,0.178797,-0.00772548,0.0273849,8.76209e-06,1.49607e-06,1.58384e-06,-6.70571e-05,0.00427107,-0.00063038,0.00490145,25,0.0268705
2024-08-30 00:00:00+00:00,-0.00268802,1.20839,0.791186,0.177275,-0.0121178,0.0830605,2.65849e-05,3.58677e-06,6.34895e-06,-1.28807e-05,-0.00262503,-0.00199769,-0.000627343,25,0.0303214
2024-08-31 00:00:00+00:00,0.000820946,1.20939,0.801629,0.182284,-0.0115772,0.0183836,5.88501e-06,1.30633e-06,7.53029e-07,-7.46472e-06,0.000843989,-0.00334647,0.00419045,25,0.0311663
2024-09-01 00:00:00+00:00,0.00190728,1.21169,0.796385,0.1911,-0.00483058,0.00972633,3.11001e-06,7.40175e-07,6.56761e-08,4.95627e-05,0.00187642,-0.0172913,0.0191677,25,0.0300898
2024-09-02 00:00:00+00:00,-0.00409337,1.20673,0.827042,0.180628,-0.0189309,0.0986605,3.15685e-05,3.91395e-05,9.4411e-06,-5.26079e-05,-0.00395205,0.0176721,-0.0216242,25.125,0.0303729
2024-09-03 00:00:00+00:00,0.00047716,1.20731,0.863085,0.181203,-0.0180037,0.0650982,2.08295e-05,4.84272e-06,3.48936e-06,-6.66583e-05,0.000583174,-0.0192998,0.019883,26.3958,0.0297979
2024-09-04 00:00:00+00:00,-0.00351611,1.20306,0.930334,0.164503,-0.010303,0.167166,5.34525e-05,9.14738e-06,8.67648e-06,0.000165385,-0.003592,0.00702285,-0.0106148,28,0.0294535
2024-09-05 00:00:00+00:00,-0.00790185,1.19356,0.938009,0.159234,-0.00519304,0.00509383,1.62791e-06,1.48376e-06,1.39312e-07,-3.89837e-05,-0.00788024,-0.0152366,0.00735636,28.875,0.0273593
2024-09-06 00:00:00+00:00,-0.0124079,1.17875,0.918488,0.146383,-0.000987018,0.0291642,1.08621e-05,1.67784e-06,1.19679e-06,-1.848e-05,-0.0124086,-0.0225699,0.0101613,28.875,0.0211279
2024-09-07 00:00:00+00:00,-0.00160081,1.17686,0.885479,0.131545,0.00227413,0.0254227,8.13002e-06,1.01625e-06,1.92887e-06,2.18687e-07,-0.00157764,0.00866714,-0.0102448,28,0.014426
2024-09-08 00:00:00+00:00,0.000291193,1.1772,0.887414,0.132076,0.00566321,0.013673,4.3748e-06,5.4685e-07,6.25927e-07,4.63227e-06,0.000301492,0.00913182,-0.00883033,28,0.012355
2024-09-09 00:00:00+00:00,-0.000863789,1.17619,0.85009,0.121223,0.0118869,0.0767998,2.45938e-05,3.07422e-06,4.88982e-06,7.93411e-05,-0.000892366,0.0186621,-0.0195545,26.9792,0.0106345
2024-09-10 00:00:00+00:00,-0.00418874,1.17126,0.85925,0.110027,0.00752839,0.023733,7.59546e-06,9.49433e-07,6.44654e-07,2.9234e-05,-0.00420372,0.00358134,-0.00778506,27,0.00832453
2024-09-11 00:00:00+00:00,0.00925997,1.18211,0.769313,0.127547,0.0161259,0.0658043,2.55572e-05,4.321e-06,4.28612e-06,-3.22647e-05,0.00929726,-0.00447415,0.0137714,25.7708,0.00874014
2024-09-12 00:00:00+00:00,-0.00111577,1.18079,0.723336,0.13265,0.0127429,0.0357501,1.32846e-05,3.04299e-06,2.03909e-06,-0.000181656,-0.000905132,0.00669558,-0.00760071,25.4167,0.0136291
2024-09-13 00:00:00+00:00,-0.000672442,1.17999,0.73574,0.1285,0.000640388,0.0304628,9.75015e-06,2.32447e-06,1.0202e-06,-0.000159032,-0.000490079,0.0115726,-0.0120627,26,0.0141939
2024-09-14 00:00:00+00:00,-0.00401492,1.17526,0.743304,0.128323,-0.0108517,0,0,0,0,2.52576e-06,-0.00401704,-0.00445701,0.000439973,26,0.0153958
2024-09-15 00:00:00+00:00,0.00456955,1.18063,0.735249,0.132953,-0.0130414,0.0206062,8.84787e-06,1.57684e-06,2.84721e-06,2.47681e-05,0.00455669,-0.00787072,0.0124274,26,0.0155524
2024-09-16 00:00:00+00:00,-0.000289824,1.18028,0.673319,0.154929,0.0185721,0.0551573,1.76435e-05,2.61465e-05,8.84879e-06,-4.35142e-05,-0.000183216,-0.00466549,0.00448227,25.4167,0.0128784
2024-09-17 00:00:00+00:00,0.00478994,1.18594,0.675084,0.14827,0.0178649,0.00952848,3.05031e-06,5.38792e-06,6.67699e-07,-3.27685e-06,0.00479729,0.0102834,-0.00548616,26,0.0116832
2024-09-18 00:00:00+00:00,-0.00461153,1.18047,0.671909,0.146156,0.0101033,0.0132168,5.30381e-06,1.77887e-06,6.45593e-07,4.6182e-05,-0.00464946,0.00829897,-0.0129484,25.7708,0.0108655
2024-09-19 00:00:00+00:00,-0.0027205,1.17726,0.668069,0.16387,0.00785023,0.062578,2.7097e-05,2.30514e-05,8.18477e-06,3.53288e-05,-0.00268296,0.0123746,-0.0150576,24.0208,0.00641163
2024-09-20 00:00:00+00:00,0.00299511,1.18078,0.651039,0.160204,-0.0008008,0.0329923,1.14283e-05,4.97328e-06,9.12984e-07,1.75829e-06,0.00301908,0.00663358,-0.00361451,23.1667,0.00572891
2024-09-21 00:00:00+00:00,0.00310716,1.18445,0.639761,0.160969,-0.00329947,0,0,0,0,3.87126e-06,0.00310441,0.00547221,-0.00236779,23,0.00686332
2024-09-22 00:00:00+00:00,0.00554624,1.19102,0.63731,0.161293,-0.00762535,0.00205313,6.57256e-07,8.21571e-08,1.26756e-07,1.87932e-05,0.00551771,-0.0030545,0.00857221,23,0.0100444
2024-09-23 00:00:00+00:00,-0.00424948,1.18596,0.607778,0.140255,0.00450304,0.0545845,1.92679e-05,2.58635e-05,3.89783e-06,-1.77369e-05,-0.00418425,0.00392411,-0.00810836,21.2917,0.00725507
2024-09-24 00:00:00+00:00,-0.00584202,1.17903,0.611916,0.14175,-0.00340516,0.00504674,1.61238e-06,2.01547e-07,2.4496e-07,2.76566e-05,-0.00587621,0.00621547,-0.0120917,21,0.00511087
2024-09-25 00:00:00+00:00,-0.0115932,1.16536,0.601161,0.146685,-0.00374332,0.0482035,1.54e-05,3.82422e-06,3.34802e-06,2.52203e-05,-0.0116463,-0.0092058,-0.00244045,21,0.00106835
2024-09-26 00:00:00+00:00,-0.00390593,1.16081,0.54146,0.141346,0.0010144,0.0980331,3.46921e-05,1.8517e-05,6.90261e-06,-2.11843e-05,-0.00382277,0.0101686,-0.0139914,20.2708,0
2024-09-27 00:00:00+00:00,-0.00774808,1.15182,0.463705,0.119298,0.00546932,0.10593,3.92442e-05,6.02223e-06,5.37968e-06,4.50011e-06,-0.00772498,0.00469875,-0.0124237,18.9583,0
2024-09-28 00:00:00+00:00,0.000560172,1.15246,0.380661,0.100581,0.010284,0.043799,1.72308e-05,2.82149e-06,1.81701e-06,-1.30392e-06,0.000586704,-0.000451556,0.00103826,17.1042,0
2024-09-29 00:00:00+00:00,0.00106464,1.15369,0.372991,0.101021,0.00439893,0,0,0,0,-1.90633e-05,0.00108567,-0.000616063,0.00170173,17,0
2024-09-30 00:00:00+00:00,-0.00103462,1.15249,0.309973,0.109599,0.0151911,0.0607434,1.94338e-05,1.21976e-05,4.03291e-06,-3.44336e-05,-0.000962816,-0.00773934,0.00677652,16,0
2024-10-01 00:00:00+00:00,-0.00064286,1.15175,0.282918,0.0972564,0.0142417,0.0335264,1.126e-05,3.65748e-06,2.00173e-07,-4.72651e-05,-0.000577707,-0.00849658,0.00791887,15.0417,0
2024-10-02 00:00:00+00:00,-0.000609004,1.15105,0.247163,0.0757564,0.00836892,0.00431991,1.38182e-06,1.72727e-07,1.03537e-08,-3.63381e-05,-0.000569299,-0.0031193,0.00255,15,0
2024-10-03 00:00:00+00:00,0.000335808,1.15144,0.234553,0.0693575,0.00916529,0.00496441,1.58867e-06,1.98584e-07,1.69249e-08,-2.68137e-05,0.000365275,-0.000530133,0.000895408,15,0
2024-10-04 00:00:00+00:00,-0.000637989,1.1507,0.236851,0.0665835,0.00745873,0,0,0,0,-3.30318e-05,-0.000604502,0.00382641,-0.00443092,15,0
2024-10-05 00:00:00+00:00,0.0010572,1.15192,0.239924,0.0666312,0.00748452,0,0,0,0,-2.94568e-06,0.00106004,0.00028457,0.000775469,15,0
2024-10-06 00:00:00+00:00,-0.00254494,1.14899,0.24268,0.0658355,0.0048319,0,0,0,0,2.32056e-06,-0.00254921,0.00209457,-0.00464378,15,0
2024-10-07 00:00:00+00:00,0.000129648,1.14914,0.230648,0.0713732,0.0112136,0.0181198,5.79918e-06,5.04255e-06,9.27239e-07,8.13266e-06,0.000134745,-0.00144722,0.00158197,13,0
2024-10-08 00:00:00+00:00,0.0024357,1.15194,0.225834,0.072095,0.0154534,0,0,0,0,2.83738e-06,0.00243071,0.00106291,0.0013678,13,0
2024-10-09 00:00:00+00:00,-0.000760127,1.15106,0.223155,0.0731476,0.0142574,0,0,0,0,2.43761e-05,-0.00078319,-0.00358978,0.00280659,13,0
2024-10-10 00:00:00+00:00,-0.000759885,1.15019,0.218228,0.0725133,0.0143708,0,0,0,0,-2.30228e-06,-0.000756614,-0.000346405,-0.000410209,13,0
2024-10-11 00:00:00+00:00,-0.000571505,1.14953,0.223667,0.0716688,0.0133502,0,0,0,0,1.14213e-05,-0.000581891,0.00426107,-0.00484296,13,0
2024-10-12 00:00:00+00:00,-0.000790467,1.14862,0.231,0.0702803,0.0102152,0,0,0,0,1.46695e-05,-0.000803727,0.00145609,-0.00225981,13,0
2024-10-13 00:00:00+00:00,-0.000768784,1.14774,0.23047,0.0701628,0.00873718,0,0,0,0,1.72376e-05,-0.000785412,-0.000421335,-0.000364078,13,0
2024-10-14 00:00:00+00:00,0.00368122,1.15196,0.216931,0.0798386,0.0212121,0.0318179,1.20875e-05,1.77008e-05,2.14739e-06,-2.12245e-05,0.00373068,0.00753212,-0.00380145,11.125,0
2024-10-15 00:00:00+00:00,0.00195526,1.15422,0.200914,0.0665104,0.0149288,0.0211781,6.77735e-06,1.09716e-06,1.14314e-07,-2.64853e-05,0.00198997,0.000374103,0.00161587,11,0
2024-10-16 00:00:00+00:00,0.00169422,1.15617,0.188129,0.0567666,0.00896477,0,0,0,0,-1.8521e-05,0.00171213,0.000741295,0.000970833,11,0
2024-10-17 00:00:00+00:00,3.35826e-05,1.15621,0.186549,0.0573217,0.00872958,0,0,0,0,-1.27898e-05,4.69137e-05,-0.00106518,0.00111209,11,0.00118756
2024-10-18 00:00:00+00:00,-0.0006682,1.15544,0.18904,0.0569066,0.00770517,0,0,0,0,-1.3729e-05,-0.000654136,0.00179257,-0.0024467,11,0.00325291
2024-10-19 00:00:00+00:00,4.23024e-05,1.15549,0.190598,0.0562433,0.00574819,0,0,0,0,-1.06698e-05,5.33699e-05,0.000428594,-0.000375224,11,0.00263849
2024-10-20 00:00:00+00:00,0.0011697,1.15684,0.191625,0.056811,0.00410079,0,0,0,0,-9.56157e-06,0.00117909,0.00272569,-0.0015466,11,0.00682296
2024-10-21 00:00:00+00:00,0.00157943,1.15866,0.212431,0.0466665,-0.00596772,0.0417486,1.33603e-05,1.73488e-06,2.54641e-06,-1.03276e-05,0.00160698,-0.00239471,0.00400169,13.2917,0.0119749
2024-10-22 00:00:00+00:00,-0.0010035,1.1575,0.249025,0.0538321,-0.00573847,0.0247363,7.91306e-06,9.95286e-07,7.11163e-07,-2.1027e-06,-0.000990014,-0.000471005,-0.000519008,14.875,0.0130513
2024-10-23 00:00:00+00:00,0.00187164,1.15967,0.249074,0.050712,-0.00824158,0.00650271,2.082e-06,2.6025e-07,3.10835e-07,-1.4475e-05,0.00188878,-0.0014898,0.00337859,15.9375,0.0120198
2024-10-24 00:00:00+00:00,0.000954781,1.16078,0.259966,0.0487292,-0.0125531,0.00944742,3.02311e-06,3.77889e-07,3.31713e-07,1.85627e-05,0.000941541,0.00320647,-0.00226493,16,0.0125792
2024-10-25 00:00:00+00:00,0.00590573,1.16763,0.28433,0.0623914,-0.0077208,0.109491,3.51138e-05,4.88978e-06,4.17189e-06,-2.30052e-06,0.00594862,-0.00688764,0.0128363,16.375,0.0166627
2024-10-26 00:00:00+00:00,0.00083305,1.1686,0.396671,0.11242,-0.00493569,0.0807654,2.58405e-05,6.70797e-06,2.02616e-06,-4.1994e-05,0.000920008,0.00439581,-0.0034758,19.2083,0.0203284
2024-10-27 00:00:00+00:00,-0.00495175,1.16282,0.4644,0.149987,-0.00226433,0.0856196,3.30399e-05,6.34118e-06,1.16755e-05,-4.44937e-05,-0.00485527,0.00495816,-0.00981343,20,0.0247033
2024-10-28 00:00:00+00:00,0.00934035,1.17368,0.497524,0.15383,-0.00425052,0.129274,4.25376e-05,2.59343e-05,5.22125e-06,-3.66097e-05,0.00942198,0.00754674,0.00187524,19,0.027473
2024-10-29 00:00:00+00:00,0.00218994,1.17625,0.625822,0.188558,-0.00080898,0.107345,3.43518e-05,1.43048e-05,2.82203e-06,7.63255e-07,0.00225495,0.0111145,-0.00885957,20.625,0.0321444
2024-10-30 00:00:00+00:00,0.00462438,1.18169,0.69765,0.203675,0.0015409,0.165243,5.28882e-05,1.71908e-05,6.48187e-06,3.70425e-05,0.00467302,-0.00243391,0.00710693,21.7083,0.0323365
2024-10-31 00:00:00+00:00,-0.0109377,1.16876,0.808144,0.212622,-0.000635588,0.154224,4.93494e-05,7.5016e-06,6.39753e-06,4.49585e-05,-0.0109498,-0.0211898,0.01024,23.25,0.0332277
2024-11-01 00:00:00+00:00,0.00533356,1.175,0.857957,0.207458,0.0106486,0.0320126,1.02383e-05,4.35897e-06,1.79387e-06,-2.73301e-05,0.00539144,-0.00557014,0.0109616,25,0.0288202
2024-11-02 00:00:00+00:00,0.00158137,1.17685,0.85383,0.198194,0.0127343,0.00516163,1.65248e-06,1.07253e-06,3.37756e-07,-3.59231e-05,0.00163537,-0.00501863,0.006654,25.4792,0.0294704
2024-11-03 00:00:00+00:00,0.00709355,1.1852,0.814684,0.203954,-0.000313183,0.213069,8.13529e-05,6.12263e-05,1.50628e-05,-3.77308e-05,0.00731342,-0.0109558,0.0182693,25.0625,0.0318877
2024-11-04 00:00:00+00:00,0.00125029,1.18668,0.860496,0.223829,0.00156775,0.104365,3.33891e-05,5.68129e-06,5.01203e-06,-5.45434e-05,0.0013753,-0.0129558,0.0143311,25.375,0.0374409
2024-11-05 00:00:00+00:00,-0.000195193,1.18645,0.920717,0.232669,0.00477707,0.0453654,1.45054e-05,2.37942e-06,2.04048e-06,-1.65762e-05,-0.000128303,0.0216217,-0.02175,26,0.036606
2024-11-06 00:00:00+00:00,0.00550764,1.19299,1.01178,0.227151,0.00949005,0.252102,8.68798e-05,1.42743e-05,1.63136e-05,-1.15104e-06,0.0056769,0.0621196,-0.0564427,26.8958,0.038007
2024-11-07 00:00:00+00:00,0.0276127,1.22593,1.08426,0.245789,0.0105261,0.194107,6.21594e-05,9.37795e-06,9.35676e-06,-1.74824e-05,0.0274444,0.0218297,0.00561464,27.8958,0.0400792
2024-11-08 00:00:00+00:00,0.0203921,1.25093,1.16983,0.27328,0.0110639,0.205854,6.59356e-05,1.7746e-05,1.29688e-05,-1.03762e-05,0.020348,0.00916123,0.0111867,29,0.045449
2024-11-09 00:00:00+00:00,0.00328376,1.25504,1.21312,0.279535,0.000372593,0.39788,0.000130986,2.36946e-05,3.49957e-05,0.000118329,0.00345412,0.0334293,-0.0299752,29,0.051287
2024-11-10 00:00:00+00:00,0.0233391,1.28433,0.987784,0.236397,-0.00332463,0.567928,0.000186554,4.67511e-05,3.60303e-05,0.000120394,0.0234254,0.038646,-0.0152206,28.5833,0.0508156
2024-11-11 00:00:00+00:00,0.0349086,1.32916,0.926208,0.254693,-0.00714716,0.808263,0.00025879,0.000180208,8.19832e-05,0.000114362,0.0348212,0.0493519,-0.0145307,29.5833,0.05362
2024-11-12 00:00:00+00:00,0.00672658,1.3381,0.828993,0.206993,-0.0108653,0.515828,0.000167419,0.00010942,3.40823e-05,-5.2956e-05,0.00721653,-0.0126161,0.0198326,29.2708,0.0585046
2024-11-13 00:00:00+00:00,0.000166673,1.33833,0.744677,0.184694,-0.013581,0.548494,0.00017943,0.00016461,4.59223e-05,0.000130455,0.000588666,0.00589153,-0.00530287,29.9792,0.0606574
2024-11-14 00:00:00+00:00,0.00180516,1.34074,0.740115,0.200164,0.00147701,0.397623,0.000128844,0.000146856,3.07424e-05,0.000224053,0.00201082,-0.0148629,0.0168737,29.3958,0.0577781
2024-11-15 00:00:00+00:00,0.00694446,1.35005,0.875115,0.221435,0.0018431,0.484071,0.000154939,0.000135322,3.31934e-05,8.84754e-05,0.00719484,0.0218831,-0.0146882,29,0.0566203
2024-11-16 00:00:00+00:00,0.00641818,1.35872,0.973363,0.251967,0.0017637,0.28568,9.50949e-05,5.53102e-05,1.72394e-05,0.000178777,0.00642261,0.0123871,-0.00596449,29,0.0581125
2024-11-17 00:00:00+00:00,0.011854,1.37482,1.00877,0.261772,0.0023966,0.211665,6.77308e-05,5.53659e-05,8.00477e-06,0.00015568,0.0118058,0.00239021,0.00941556,29.5833,0.059284
2024-11-18 00:00:00+00:00,0.00632276,1.38352,1.01012,0.265557,-0.0122183,0.520456,0.000166727,0.000100416,8.3029e-05,0.000149887,0.0065462,0.00838498,-0.00183878,28,0.060432
2024-11-19 00:00:00+00:00,-0.00120696,1.38185,0.969723,0.256403,-0.011515,0.571789,0.000182246,0.000145175,3.65957e-05,-5.23138e-06,-0.000664037,-0.003745,0.00308096,28.125,0.0615253
2024-11-20 00:00:00+00:00,0.0243328,1.41547,1.03029,0.252462,-0.0122072,0.299551,9.58902e-05,3.74987e-05,9.98936e-06,-4.83409e-05,0.0242825,-0.00394848,0.028231,29,0.0642253
2024-11-21 00:00:00+00:00,0.0215771,1.44601,1.03942,0.226987,-0.0204238,0.932197,0.000298509,0.000198169,4.64441e-05,-5.7076e-05,0.0220392,0.0405379,-0.0184987,29,0.0713109
2024-11-22 00:00:00+00:00,0.0238745,1.48053,0.989591,0.178389,-0.0189716,1.40221,0.000449152,0.000478871,7.52099e-05,9.56625e-05,0.0245773,0.0209614,0.00361591,29.75,0.109813
2024-11-23 00:00:00+00:00,-0.0222472,1.4476,0.770139,0.135771,-0.00738654,1.32832,0.000433639,0.000599346,7.30846e-05,0.000109821,-0.0214272,0.00534765,-0.0267748,28.7083,0.110599
2024-11-24 00:00:00+00:00,-0.0125372,1.42945,0.808001,0.168886,0.000860616,0.875988,0.000280262,0.000396582,3.55263e-05,7.90445e-05,-0.0119102,0.00207343,-0.0139836,25.25,0.103975
2024-11-25 00:00:00+00:00,-0.00873351,1.41696,0.84246,0.154282,0.00278023,1.75512,0.000561191,0.000799215,0.000186814,2.15884e-05,-0.00718876,-0.0197725,0.0125837,28.8333,0.099001
2024-11-26 00:00:00+00:00,0.0101849,1.4314,0.854393,0.136652,0.00865914,1.26822,0.000405948,0.000394152,3.86399e-05,-6.40242e-05,0.0110818,-0.00331388,0.0143957,27.6042,0.0931537
2024-11-27 00:00:00+00:00,0.012959,1.44995,0.819995,0.11868,0.00472741,0.921723,0.000295067,0.000351891,2.94818e-05,9.7779e-05,0.0134936,0.0281966,-0.014703,25.3125,0.0920649
2024-11-28 00:00:00+00:00,-0.00898933,1.43691,0.899735,0.151905,0.0098157,0.97027,0.000310408,0.000351027,3.0873e-05,0.000138904,-0.00841098,-2.8666e-06,-0.00840811,22.625,0.0938116
2024-11-29 00:00:00+00:00,0.00460931,1.44353,0.711486,0.132447,6.87897e-06,0.900984,0.000288408,0.000309024,2.43599e-05,0.000205866,0.00510092,0.0155332,-0.0104322,22.4167,0.0913948
2024-11-30 00:00:00+00:00,0.00385465,1.4491,0.714867,0.168279,0.00494345,0.934381,0.00030134,0.000301174,2.39963e-05,0.000215671,0.00429274,0.00360013,0.000692617,23.3125,0.0909236
2024-12-01 00:00:00+00:00,0.00122528,1.45087,0.862565,0.222164,-0.00422736,1.09119,0.00035097,0.000277108,3.31271e-05,0.000109582,0.00188816,0.0121828,-0.0102946,24.625,0.0883126
2024-12-02 00:00:00+00:00,0.00211748,1.45395,0.89156,0.194512,-0.0069038,1.30518,0.000431358,0.000322791,0.000146214,-7.72482e-05,0.0032011,0.00459084,-0.00138974,26.875,0.0869224
2024-12-03 00:00:00+00:00,0.00626551,1.46306,0.881359,0.181929,-0.00206833,0.897311,0.000287773,0.000249926,4.72077e-05,0.000180153,0.00671997,0.0099304,-0.00321043,29.8125,0.0853593
2024-12-04 00:00:00+00:00,0.0126408,1.48155,0.792653,0.147888,0.00315975,0.632202,0.00020517,0.000184353,3.25185e-05,0.000270864,0.0128156,0.0122527,0.000562842,30,0.0852385
2024-12-05 00:00:00+00:00,-0.00450898,1.47487,0.831115,0.152678,0.00770751,0.71186,0.000227771,0.000185393,3.6876e-05,0.00019756,-0.00418327,0.00454498,-0.00872825,30,0.0882436
2024-12-06 00:00:00+00:00,0.00783427,1.48642,0.831281,0.144548,0.0142561,0.688036,0.000220226,0.000165215,3.12402e-05,0.000184595,0.00807226,0.0206615,-0.0125892,29.8542,0.0869594
2024-12-07 00:00:00+00:00,-0.0131231,1.46692,0.902411,0.157763,0.00842279,0.709726,0.000227003,0.000103371,2.58831e-05,0.000265921,-0.0130231,0.00731695,-0.0203401,30,0.0859769
2024-12-08 00:00:00+00:00,0.00597435,1.47568,0.855916,0.153593,0.00013748,0.833897,0.000266908,0.000177539,1.80917e-05,0.000257537,0.00619989,0.00146324,0.00473665,30,0.0808729
2024-12-09 00:00:00+00:00,-0.011374,1.4589,0.799209,0.163507,0.0118621,1.29251,0.00042638,0.000220408,0.000105896,-1.70227e-05,-0.0105672,-0.0587583,0.048191,23.0417,0.0809083
2024-12-10 00:00:00+00:00,0.0258159,1.49656,0.684597,0.13504,0.0064644,1.16429,0.000372758,0.000103015,4.42555e-05,-6.5927e-05,0.0261167,0.00416246,0.0219542,28.0625,0.0840672
2024-12-11 00:00:00+00:00,0.0025499,1.50038,0.84055,0.143378,0.00636703,1.22004,0.000390462,0.000101686,3.90289e-05,-4.1803e-05,0.00314518,0.0325276,-0.0293824,29.5625,0.0894115
2024-12-12 00:00:00+00:00,0.00582385,1.50911,0.887884,0.155024,0.00757869,1.10668,0.000354203,0.000124105,2.96239e-05,-4.59368e-05,0.00639571,0.00352675,0.00286896,29.3125,0.0904009
2024-12-13 00:00:00+00:00,-0.00168868,1.50657,1.18141,0.170152,0.00469348,0.822356,0.000263115,7.06802e-05,2.81099e-05,-3.75409e-05,-0.00124978,0.0115238,-0.0127736,29,0.0914787
2024-12-14 00:00:00+00:00,-0.000692433,1.50552,1.19403,0.166107,0.0038233,0.569359,0.000182149,7.32621e-05,1.73719e-05,-0.000437484,4.44365e-05,-0.0192755,0.01932,29,0.0911559
2024-12-15 00:00:00+00:00,0.00930278,1.51953,1.18852,0.168012,0.00411212,0.780959,0.000249905,0.00011167,2.50513e-05,2.49822e-06,0.00970174,0.024092,-0.0143902,28.9583,0.0928138
2024-12-16 00:00:00+00:00,0.0196579,1.5494,1.11288,0.130692,-0.0275526,1.42543,0.000456354,0.000238058,0.000106368,-0.000118057,0.0204482,-0.00262838,0.0230766,28.9583,0.0956762
2024-12-17 00:00:00+00:00,0.0110122,1.56646,1.10148,0.113396,-0.0303339,0.988832,0.000316519,0.000330347,3.23699e-05,-1.33068e-05,0.0116893,-0.0070122,0.0187015,29,0.100097
2024-12-18 00:00:00+00:00,0.00473865,1.57388,1.15441,0.120844,-0.0165615,1.50623,0.000482098,0.000310658,5.3083e-05,9.96344e-06,0.00561991,-0.0557665,0.0613865,28.8333,0.100605
2024-12-19 00:00:00+00:00,0.00153167,1.57629,1.25601,0.0987456,-0.00890957,1.55096,0.00052823,0.000112208,0.00011768,-0.000132439,0.00250241,-0.0487669,0.0512693,29.3542,0.100658
2024-12-20 00:00:00+00:00,-0.0166409,1.55006,1.04374,0.0823208,0.00200236,1.31228,0.000420625,7.72408e-05,7.05449e-05,-0.00043169,-0.0157094,0.0124607,-0.02817,30,0.0978974
2024-12-21 00:00:00+00:00,0.00807167,1.56258,0.986928,0.10144,0.000312286,0.776744,0.000248643,3.10803e-05,3.79648e-05,-0.000104713,0.00851117,-0.0190262,0.0275374,30,0.0941026
2024-12-22 00:00:00+00:00,-0.00798477,1.5501,1.16801,0.133317,0.00324479,0.819833,0.000262324,3.27906e-05,3.55652e-05,-0.000257921,-0.00740642,-0.00360812,-0.0037983,30,0.0923092
2024-12-23 00:00:00+00:00,-0.0116665,1.53201,1.05109,0.100944,-0.0169408,1.50947,0.000483135,6.32472e-05,0.00010822,-6.54651e-05,-0.0109815,0.0281859,-0.0391674,28.1667,0.0885366
2024-12-24 00:00:00+00:00,0.000563104,1.53288,0.979314,0.128702,-0.0158404,1.11397,0.000356494,4.45617e-05,3.5442e-05,-4.2726e-06,0.00103798,0.0142612,-0.0132232,25.7708,0.0869416
2024-12-25 00:00:00+00:00,0.01116,1.54998,0.818681,0.11327,-0.00693348,0.610799,0.000195516,2.44766e-05,1.35574e-05,3.18432e-05,0.0113176,-0.00125716,0.0125748,23.5417,0.0872098
2024-12-26 00:00:00+00:00,0.00775742,1.56201,0.905953,0.109675,1.04673e-05,0.845718,0.000270678,3.38409e-05,2.05899e-05,7.24912e-05,0.00799819,-0.0245748,0.032573,23.5417,0.0935497
2024-12-27 00:00:00+00:00,0.00247173,1.56587,0.851939,0.0830541,-0.00755361,1.64309,0.000525831,0.000140481,5.96406e-05,5.18454e-05,0.00315884,-0.00180285,0.00496168,25.8958,0.0969691
2024-12-28 00:00:00+00:00,0.000161748,1.56612,1.06347,0.109034,-0.00531606,1.31988,0.000422387,6.5731e-05,3.48099e-05,4.66525e-05,0.00066818,0.0206395,-0.0199713,27.6042,0.0990253
2024-12-29 00:00:00+00:00,0.00302641,1.57086,0.89154,0.133448,-0.00132172,0.739171,0.000236535,5.35985e-05,1.30319e-05,1.08957e-05,0.0033229,-0.0166649,0.0199878,24.3958,0.0993019
2024-12-30 00:00:00+00:00,0.00369038,1.57666,0.934567,0.12537,0.0153584,1.51123,0.000483554,0.000188423,7.24718e-05,-0.00019593,0.00465334,5.03176e-06,0.00464831,23.0625,0.098184
2024-12-31 00:00:00+00:00,0.00151189,1.57904,0.977751,0.121588,0.00404512,1.00671,0.000322248,0.000103801,2.77731e-05,5.2569e-05,0.00194385,-0.0016608,0.00360465,25.0625,0.0989175
2025-01-01 00:00:00+00:00,0.000444601,1.57974,1.12014,0.132153,0.00290497,1.3193,0.000436266,0.00010685,9.6546e-05,-2.68191e-05,0.00115397,0.0301209,-0.0289669,24.9375,0.0979687
2025-01-02 00:00:00+00:00,-0.00642901,1.56959,1.02256,0.144023,0.0050511,0.984924,0.000315136,0.000105629,2.66895e-05,4.62335e-05,-0.00602664,0.0180747,-0.0241013,25.8542,0.0965688
2025-01-03 00:00:00+00:00,0.00671637,1.58013,0.957701,0.15637,0.0103862,1.20519,0.000392514,0.000107758,4.85119e-05,-0.000115462,0.00739014,0.0392226,-0.0318324,24.6458,0.0947614
2025-01-04 00:00:00+00:00,0.00837116,1.59336,0.875696,0.161701,-0.00360189,0.966682,0.000318337,7.94537e-05,4.25273e-05,6.26851e-05,0.00872988,0.00110287,0.007627,24.6667,0.0930029
2025-01-05 00:00:00+00:00,-0.00248957,1.58939,0.871902,0.150344,-0.00738891,0.778132,0.000248992,4.79361e-05,1.59462e-05,3.16632e-05,-0.0022039,-0.0042846,0.0020807,24.3542,0.09438
2025-01-06 00:00:00+00:00,0.00297927,1.59413,1.05045,0.124694,-0.026116,1.55033,0.000509279,0.000178703,0.000112205,8.52648e-05,0.00371637,0.00841423,-0.00469786,26.3958,0.0945712
2025-01-07 00:00:00+00:00,0.0100348,1.61012,1.1073,0.134938,-0.0251419,1.08831,0.000348385,9.80534e-05,2.95488e-05,0.000279503,0.0102355,-0.0462834,0.0565189,24.2083,0.0967521
2025-01-08 00:00:00+00:00,0.0179866,1.63908,1.25853,0.167597,-0.000190833,1.69095,0.000571247,0.000178441,0.000119372,4.43611e-05,0.0186941,-0.0120607,0.0307548,25.1458,0.0973775
2025-01-09 00:00:00+00:00,-0.00282577,1.63445,1.19366,0.144278,0.00949693,1.33577,0.000427455,0.000150923,6.14398e-05,4.41688e-05,-0.00221522,-0.0310499,0.0288347,25.375,0.100121
2025-01-10 00:00:00+00:00,0.00831226,1.64804,1.30913,0.146139,0.00313837,1.63326,0.000522767,0.000146973,7.6995e-05,5.17792e-05,0.00900574,0.0241544,-0.0151487,26.2292,0.097749
2025-01-11 00:00:00+00:00,0.00641492,1.65861,1.14764,0.13498,0.00586408,1.13251,0.000365899,8.70659e-05,4.25578e-05,0.000319171,0.00660093,0.0111789,-0.00457798,26.5833,0.0969739
2025-01-12 00:00:00+00:00,0.00379687,1.66491,1.13115,0.14964,-0.00126919,0.865016,0.000276833,7.99988e-05,2.70574e-05,0.000166521,0.00401793,-0.0111721,0.01519,23.5208,0.0961389
2025-01-13 00:00:00+00:00,0.00763493,1.67762,0.798408,0.112535,-0.00479196,1.82851,0.000592674,0.000169464,0.000120446,0.000225695,0.00831582,0.00109482,0.007221,26.125,0.0981348
2025-01-14 00:00:00+00:00,-0.00146528,1.67516,0.813489,0.138494,-0.00510163,0.909756,0.000291121,9.21174e-05,3.67147e-05,0.000375951,-0.00140381,0.0137589,-0.0151627,27.625,0.100461
2025-01-15 00:00:00+00:00,0.00271121,1.6797,0.7195,0.117614,-0.0071304,0.938948,0.000309349,0.000170208,8.7817e-05,0.00022146,0.00309279,0.0329029,-0.0298101,25.2292,0.099584
2025-01-16 00:00:00+00:00,-0.000504314,1.67886,0.567703,0.0898778,-0.00314587,0.644035,0.000210462,8.00253e-05,3.11838e-05,0.000202139,-0.000369511,-0.00583292,0.00546341,24.625,0.0981384
2025-01-17 00:00:00+00:00,0.00844948,1.69304,0.588208,0.0821855,-0.00173235,0.543914,0.000178211,9.73558e-05,2.11681e-05,0.000405681,0.00832946,0.0174854,-0.0091559,23.3125,0.0972599
2025-01-18 00:00:00+00:00,0.0256686,1.7365,0.654986,0.0962624,-0.00192223,0.868017,0.000277966,7.69954e-05,3.06429e-05,0.000727698,0.0250386,-0.0129957,0.0380344,27.875,0.10042
2025-01-19 00:00:00+00:00,-0.0162078,1.70835,0.786539,0.135518,-0.00253298,1.06702,0.000350481,0.000154068,7.89367e-05,-9.84215e-05,-0.0155868,-0.0419306,0.0263439,27.4792,0.104035
2025-01-20 00:00:00+00:00,0.00586671,1.71838,0.820276,0.117979,-0.00199218,0.896553,0.000287206,0.000315224,0.000175338,-2.34497e-06,0.00672651,0.000430867,0.00629564,29.4583,0.104002
2025-01-21 00:00:00+00:00,-0.000117486,1.71817,0.842834,0.148549,-0.0109679,0.723829,0.000238666,0.000286295,7.11519e-05,-6.91346e-05,0.000589215,0.0150625,-0.0144733,30,0.0980539
2025-01-22 00:00:00+00:00,-0.00504529,1.70951,0.79249,0.165255,-0.00969418,0.334111,0.000106888,0.000142175,2.07226e-05,-7.21451e-06,-0.00470826,-0.00390698,-0.000801282,30,0.0950634
2025-01-23 00:00:00+00:00,-0.0110314,1.69065,0.718053,0.15473,-0.00463783,0.224966,7.16304e-05,0.0001068,3.84937e-05,-6.84239e-06,-0.0106929,-0.00295175,-0.00774112,30,0.0904143
2025-01-24 00:00:00+00:00,0.0104186,1.70826,0.755493,0.166436,0.000219176,0.244688,7.83049e-05,9.65163e-05,1.5225e-05,-6.48981e-06,0.0106115,-0.0025525,0.013164,30,0.0900145
2025-01-25 00:00:00+00:00,0.00192699,1.71155,0.815979,0.179114,-0.00346824,0.317927,0.000101755,0.000145065,1.2568e-05,-1.80942e-05,0.00225551,0.00285938,-0.00060387,30,0.0937048
2025-01-26 00:00:00+00:00,-0.00757921,1.69858,0.770476,0.136935,-0.0154523,0.869977,0.000278314,0.000382541,2.83311e-05,1.9895e-05,-0.00689375,-0.0129847,0.00609098,29.875,0.0948251
2025-01-27 00:00:00+00:00,-0.00182191,1.69549,0.591381,0.0918283,-0.00360516,0.94271,0.000301679,0.000243607,3.90001e-05,1.93122e-05,-0.00121374,-0.00425628,0.00304254,21.1458,0.0924803
2025-01-28 00:00:00+00:00,0.0220783,1.73292,0.511662,0.0841869,-0.00204648,0.385784,0.000123545,8.4228e-05,1.13727e-05,-2.58046e-06,0.0220996,-0.00772692,0.0298265,17.5625,0.0941929
2025-01-29 00:00:00+00:00,-0.0133126,1.70985,0.55589,0.104371,-0.00247101,0.365529,0.000116914,6.45198e-05,1.11052e-05,2.25611e-05,-0.0131822,0.00588639,-0.0190686,17.8333,0.0991039
2025-01-30 00:00:00+00:00,0.00542228,1.71912,0.543501,0.12071,-0.00235329,0.284436,9.10275e-05,7.80816e-05,8.46858e-06,-6.55309e-07,0.00560201,0.00863863,-0.00303662,16.0208,0.0950842
2025-01-31 00:00:00+00:00,-0.00666262,1.70767,0.568654,0.135064,-0.00264975,0.435889,0.000139473,0.000171728,1.2437e-05,3.29804e-05,-0.0063524,-0.0039031,-0.00244929,18.4167,0.0935955
2025-02-01 00:00:00+00:00,0.0134568,1.73065,0.637985,0.162191,-0.00490767,0.341044,0.000109159,0.000135944,8.35333e-06,1.71757e-05,0.0136311,-0.0209252,0.0345563,15.7917,0.0908189
2025-02-02 00:00:00+00:00,-0.0057612,1.72068,0.693402,0.15653,-0.00513,0.748679,0.000251287,0.000345645,4.10418e-05,1.27721e-05,-0.00509779,-0.0330119,0.0279141,16.1042,0.0964767
2025-02-03 00:00:00+00:00,-0.017963,1.68977,0.61492,0.102984,0.0070687,1.69199,0.000566808,0.000491338,0.000216464,4.92851e-05,-0.0168073,0.00692092,-0.0237282,25.125,0.095592
2025-02-04 00:00:00+00:00,-0.00361886,1.68365,0.589174,0.105183,0.0038807,0.5866,0.000187721,6.66156e-05,2.64788e-05,6.16994e-05,-0.00338133,-0.0162513,0.01287,24.2708,0.0918483
2025-02-05 00:00:00+00:00,0.00684078,1.69517,0.567324,0.104746,0.00474933,0.556595,0.00018519,7.25186e-05,4.99885e-05,2.54618e-05,0.00712644,-0.00419538,0.0113218,23.3542,0.0879905
2025-02-06 00:00:00+00:00,0.0081774,1.70903,0.515389,0.0847088,0.0031874,0.497817,0.000159329,3.19475e-05,1.37006e-05,-0.000109199,0.00846785,-0.00672159,0.0151894,24.4167,0.0922672
2025-02-07 00:00:00+00:00,0.00379072,1.71551,0.499508,0.0535987,0.000478279,0.611898,0.000195825,4.28948e-05,1.75243e-05,-7.86245e-05,0.00412683,0.00132575,0.00280108,23.3125,0.0984731
2025-02-08 00:00:00+00:00,-0.00347705,1.70955,0.575792,0.0588966,0.000861718,0.547426,0.000175161,2.53899e-05,1.28869e-05,-8.20639e-05,-0.00317657,0.00639326,-0.00956983,25.75,0.0999568
2025-02-09 00:00:00+00:00,0.00379341,1.71603,0.631703,0.0588806,-0.00456339,0.70163,0.000224533,4.15851e-05,1.81188e-05,5.43245e-05,0.00403347,-0.00268766,0.00672114,23.7708,0.0979867
2025-02-10 00:00:00+00:00,-0.00911203,1.70039,0.954665,0.139491,-0.027179,1.28584,0.000411379,6.05963e-05,7.50835e-05,4.18078e-05,-0.00859789,0.0100108,-0.0186087,24.8333,0.100152
2025-02-11 00:00:00+00:00,-0.00830788,1.68627,0.846634,0.146357,-0.0285147,1.26025,0.000403183,5.75483e-05,4.53835e-05,7.6687e-05,-0.00782215,0.000418926,-0.00824107,24.6875,0.0967099
2025-02-12 00:00:00+00:00,0.00372718,1.69255,0.895034,0.138463,-0.0258862,1.11787,0.00035774,7.09531e-05,4.59988e-05,-4.78636e-05,0.00428532,0.0237658,-0.0194805,22.5833,0.0971072
2025-02-13 00:00:00+00:00,0.00315517,1.69789,1.07161,0.162157,-0.0253019,0.921639,0.000294929,7.98642e-05,4.42863e-05,0.00014032,0.0034809,-0.0112234,0.0147043,25.4792,0.0961362
2025-02-14 00:00:00+00:00,-0.00771769,1.68479,0.825706,0.144342,-0.018602,1.12106,0.000358654,0.00010282,3.78598e-05,5.08502e-05,-0.00725523,0.0104146,-0.0176699,26.0833,0.0947959
2025-02-15 00:00:00+00:00,0.00905394,1.70004,0.569052,0.121246,-0.0135557,0.489838,0.000156788,7.96183e-05,1.31383e-05,1.23314e-05,0.00926105,-0.00267907,0.0119401,20.2917,0.0931683
2025-02-16 00:00:00+00:00,0.000301713,1.70056,0.573168,0.101113,-0.0115068,0.755099,0.000252716,0.000189286,4.78536e-05,-0.000235928,0.00103893,-0.00511145,0.00615038,21.1667,0.0970208
2025-02-17 00:00:00+00:00,0.00295793,1.70559,0.908055,0.119163,-0.0389279,1.324,0.000423696,0.000467351,7.83628e-05,-0.000373307,0.00434164,-0.00530942,0.00965106,20.0625,0.0963103
2025-02-18 00:00:00+00:00,-0.00733764,1.69307,0.759276,0.0817687,-0.0261122,1.00533,0.000321653,0.00032878,3.47234e-05,-9.21661e-05,-0.0065519,-0.0144594,0.0079075,19.8958,0.0947878
2025-02-19 00:00:00+00:00,0.0125608,1.71434,0.737373,0.0710202,-0.021032,1.0723,0.000343227,0.000217197,4.64535e-05,-0.000113172,0.013223,0.00459618,0.00862684,20.75,0.09432
2025-02-20 00:00:00+00:00,-0.024351,1.67259,0.889546,0.0912787,-0.0277339,0.994344,0.000317984,0.000140114,3.69015e-05,-6.68437e-05,-0.0240303,0.00970329,-0.0337335,22.3125,0.0977021
2025-02-21 00:00:00+00:00,-0.0152128,1.64715,0.867038,0.145428,-0.0294487,1.03287,0.000337411,0.000112574,6.17043e-05,-1.99099e-05,-0.0147061,-0.0196143,0.00490815,20.75,0.0933771
2025-02-22 00:00:00+00:00,-0.00798961,1.63399,0.816198,0.147796,-0.023155,1.10303,0.000359407,8.39717e-05,7.52799e-05,-4.84846e-05,-0.00738425,0.0119835,-0.0193678,23.4167,0.0864347
2025-02-23 00:00:00+00:00,0.0131013,1.65539,0.761799,0.158829,-0.0258212,0.536148,0.000171636,3.21299e-05,1.65765e-05,-2.10115e-05,0.0132896,-0.00254537,0.015835,21.3958,0.0832333
2025-02-24 00:00:00+00:00,-0.0109726,1.63723,0.759372,0.188464,-0.0269196,1.06635,0.000352495,0.00014679,9.28244e-05,2.54204e-05,-0.0104227,-0.0519462,0.0415236,22.875,0.0836395
2025-02-25 00:00:00+00:00,-0.0152439,1.61227,0.643847,0.116512,-0.014292,0.719248,0.000233562,0.000130401,4.15536e-05,5.28213e-05,-0.01495,0.000609357,-0.0155593,23.1875,0.0772759
2025-02-26 00:00:00+00:00,-0.037984,1.55103,0.596911,0.119185,-0.00844881,0.468665,0.000154939,8.67314e-05,4.55846e-05,7.47615e-05,-0.0384332,-0.0162058,-0.0222274,19.5833,0.0681711
2025-02-27 00:00:00+00:00,0.0150276,1.57434,0.607393,0.134544,-0.00525198,0.59863,0.000191632,0.000104572,2.25095e-05,3.68281e-05,0.0152439,0.000200224,0.0150437,20.1667,0.0593625
2025-02-28 00:00:00+00:00,-0.0150518,1.55064,0.647321,0.119671,-0.00377647,0.731204,0.000239096,0.000112704,4.58168e-05,5.41897e-05,-0.0147318,-0.00356569,-0.0111661,19.125,0.0570322
2025-03-01 00:00:00+00:00,0.0192244,1.58045,0.703158,0.145701,-0.00340842,0.644112,0.000212634,0.000149378,4.02277e-05,0.00011236,0.0193991,0.00697124,0.0124278,17.1042,0.0535835
2025-03-02 00:00:00+00:00,0.0018507,1.58338,0.835981,0.150539,-0.00436285,1.06637,0.000344566,0.000161988,6.20899e-05,7.68534e-05,0.00244271,0.0623963,-0.0599535,22.5417,0.0587918
2025-03-03 00:00:00+00:00,0.00924854,1.59802,0.806394,0.152569,-0.00733847,0.890373,0.000284819,8.09495e-05,9.70831e-05,0.000133346,0.0096661,-0.062482,0.072148,26.7708,0.0607205
2025-03-04 00:00:00+00:00,-0.000302659,1.59754,0.859859,0.15362,0.00263716,1.00872,0.000330361,8.08887e-05,7.81348e-05,7.64286e-05,0.00016502,0.00141539,-0.00125037,29.2917,0.0632667
2025-03-05 00:00:00+00:00,-0.0160741,1.57186,0.914027,0.160529,-0.000436178,0.765321,0.000244832,5.80903e-05,4.87735e-05,0.000122011,-0.0158989,0.0151673,-0.0310662,30,0.0648886
2025-03-06 00:00:00+00:00,0.00796401,1.58438,0.886071,0.171118,0.00159334,0.909345,0.000300322,7.29881e-05,8.13908e-05,0.000148092,0.00834883,-0.00511624,0.0134651,30,0.0623306
2025-03-07 00:00:00+00:00,0.00260959,1.58851,0.883483,0.143259,-0.00120699,0.775602,0.000248098,8.01371e-05,4.93741e-05,6.77279e-05,0.00303739,-0.00892658,0.011964,30,0.0645785
2025-03-08 00:00:00+00:00,0.00345555,1.594,0.799613,0.148115,0.000627023,0.506037,0.00016196,2.052e-05,2.9663e-05,0.000157686,0.00355011,-0.00525544,0.00880556,30,0.0670338
2025-03-09 00:00:00+00:00,-0.0162224,1.56814,0.899526,0.145292,-0.00433805,0.805008,0.000266073,6.93281e-05,5.40675e-05,0.00015536,-0.0160647,-0.0399026,0.0238379,30,0.0669473
2025-03-10 00:00:00+00:00,-0.0118761,1.54952,0.70049,0.0891269,-0.00613082,1.65796,0.00053329,0.000375326,0.00012758,0.000126078,-0.0109315,-0.0202528,0.00932132,29.875,0.0637154
2025-03-11 00:00:00+00:00,0.0015495,1.55192,0.738988,0.098479,0.00484215,0.968089,0.000310495,0.000202455,6.17148e-05,0.000106684,0.00213581,0.0217566,-0.0196208,29.0208,0.0626414
2025-03-12 00:00:00+00:00,-0.00045583,1.55121,0.765923,0.12126,0.00393148,1.02014,0.000326429,0.000124355,5.2574e-05,9.18058e-05,1.08118e-05,0.00889393,-0.00888312,29,0.063317
2025-03-13 00:00:00+00:00,0.0202131,1.58257,0.713141,0.0974555,-0.00310189,1.1535,0.000369276,0.000113757,5.27485e-05,0.000104531,0.0205139,-0.00719865,0.0277125,29,0.0625682
2025-03-14 00:00:00+00:00,-0.0108696,1.56537,0.634095,0.0930612,-0.00406325,0.91523,0.000292712,9.83754e-05,3.25649e-05,0.000114167,-0.0105534,0.0134719,-0.0240253,25.1875,0.0648745
2025-03-15 00:00:00+00:00,-0.00459318,1.55818,0.57261,0.112438,-0.00698294,0.440376,0.00014092,6.32144e-05,1.24029e-05,0.000177157,-0.00452182,0.00775352,-0.0122753,18.8125,0.061815
2025-03-16 00:00:00+00:00,-0.00643593,1.54815,0.632323,0.130145,-0.0111063,0.792663,0.00025959,9.55953e-05,6.00164e-05,0.000328505,-0.00633051,-0.0118336,0.00550312,19.4583,0.0569629
2025-03-17 00:00:00+00:00,-0.0213366,1.51512,0.700753,0.122892,-0.00909716,1.42746,0.000456584,0.000155721,0.000131223,0.00122698,-0.0220135,0.00932608,-0.0313395,20.5625,0.0521211
2025-03-18 00:00:00+00:00,0.00422864,1.52152,0.625412,0.129605,-0.00904054,0.937607,0.000300072,0.000146032,2.78853e-05,3.97746e-05,0.00467261,-0.00506988,0.00974249,20.4792,0.0484725
2025-03-19 00:00:00+00:00,-0.00375088,1.51582,0.542949,0.144781,-0.00671461,0.980464,0.000313739,0.000216912,3.03034e-05,0.00021567,-0.00336414,0.0163208,-0.0196849,20.6042,0.0494144
2025-03-20 00:00:00+00:00,0.00429855,1.52233,0.632339,0.167552,-0.0105827,0.9317,0.000298159,0.000215195,2.9284e-05,7.26354e-05,0.0047894,-0.00748544,0.0122748,18.9167,0.0524451
2025-03-21 00:00:00+00:00,-0.00173683,1.51969,0.591348,0.139433,-0.00974701,1.03302,0.000330577,0.000253985,3.28808e-05,0.000169728,-0.00126715,0.000350355,-0.00161751,19.4583,0.0526702
2025-03-22 00:00:00+00:00,-0.00481529,1.51237,0.199176,0.0754721,-0.00278796,0.560556,0.000179372,0.000112548,2.1934e-05,6.21693e-05,-0.00456669,-0.000455072,-0.00411162,13.2292,0.0247419
2025-03-23 00:00:00+00:00,-0.00308443,1.50771,0.0743362,0.027654,-0.00447366,0.285991,9.35305e-05,2.85304e-05,1.11408e-05,2.20505e-05,-0.00297693,0.000450775,-0.00342771,6.45833,0.0187871
2025-03-24 00:00:00+00:00,-0.00544433,1.4995,0.0494484,0.0117256,-0.013171,0.292589,9.67466e-05,3.03105e-05,2.1694e-05,1.74122e-05,-0.00532534,0.000597882,-0.00592322,6.875,0.0156726
2025-03-25 00:00:00+00:00,5.99418e-07,1.4995,0.0238066,0.000920762,-0.0142722,0.18003,5.76103e-05,1.60931e-05,9.59801e-06,7.66583e-06,7.72565e-05,-0.000172367,0.000249623,4.6875,0.0119742
2025-03-26 00:00:00+00:00,0.00110982,1.50116,0.0152301,0.000831565,-0.00951795,0.157243,5.03191e-05,9.40632e-06,1.03583e-05,-4.87046e-06,0.00118448,-7.70544e-05,0.00126154,3.35417,0.0106682
2025-03-27 00:00:00+00:00,0.000396403,1.50176,0.0235758,0.00962965,-0.00376852,0.143483,4.5915e-05,7.65406e-06,8.71445e-06,5.70253e-06,0.000453157,0.000390118,6.30388e-05,3.3125,0.0107762
2025-03-28 00:00:00+00:00,-0.000568272,1.5009,0.041383,0.0192829,-0.00185698,0.197749,6.32787e-05,1.09863e-05,1.03362e-05,1.7183e-05,-0.000500669,-0.000869951,0.000369282,5.20833,0.0134354
2025-03-29 00:00:00+00:00,-0.000294609,1.50046,0.0676518,0.0282154,0.000615856,0.21417,6.85345e-05,8.98898e-06,8.30916e-06,2.73109e-05,-0.000235733,-0.00139623,0.00116049,6.66667,0.014416
2025-03-30 00:00:00+00:00,-0.00168484,1.49793,0.0894629,0.0419586,0.00137629,0.228769,7.3876e-05,1.55479e-05,9.94388e-06,6.29459e-05,-0.00164876,-0.000210741,-0.00143802,7.39583,0.0175045
2025-03-31 00:00:00+00:00,0.00248739,1.50166,0.086753,0.0402854,0.000369024,0.315759,0.000109965,2.65386e-05,1.61894e-05,8.16313e-06,0.00263109,0.000297125,0.00233397,6.72917,0.0177684
2025-04-01 00:00:00+00:00,-0.000886681,1.50033,0.229738,0.102529,0.00527977,0.369951,0.000118388,2.81126e-05,1.24461e-05,9.45902e-05,-0.000819252,0.00273228,-0.00355153,10.0625,0.0235582
2025-04-02 00:00:00+00:00,-0.000422001,1.4997,0.317602,0.125193,0.00639153,0.455263,0.000145673,2.05237e-05,1.6303e-05,2.58151e-05,-0.000259447,-0.00830065,0.0080412,11.5833,0.0261425
2025-04-03 00:00:00+00:00,8.86959e-05,1.49983,0.283775,0.06861,-0.000993978,0.391383,0.000127608,1.89469e-05,2.68782e-05,-0.000686726,0.000958871,0.00137583,-0.000416958,12.4375,0.0270196
2025-04-04 00:00:00+00:00,0.00193831,1.50274,0.248656,0.0638367,0.000225745,0.273086,8.73892e-05,2.66627e-05,9.75032e-06,-0.000724198,0.00278894,0.00300065,-0.000211709,10.3958,0.0271223
2025-04-05 00:00:00+00:00,-0.00276579,1.49858,0.250667,0.096219,0.000488982,0.325716,0.000104222,2.07798e-05,1.07311e-05,-6.92169e-05,-0.0025588,-0.0015641,-0.000994704,11.2917,0.0286043
2025-04-06 00:00:00+00:00,-0.00201882,1.49555,0.259339,0.10787,0.00674728,0.311018,9.9524e-05,1.64396e-05,8.65849e-06,-0.000112881,-0.00177253,-0.012754,0.0109814,9.77083,0.0281041
2025-04-07 00:00:00+00:00,-0.00501389,1.48806,0.235455,0.0695973,0.00492427,0.912559,0.000311419,8.69322e-05,6.9258e-05,1.28342e-05,-0.0045617,0.00048238,-0.00504408,14.9167,0.0264524
2025-04-08 00:00:00+00:00,0.00159565,1.49043,0.171593,0.0491315,0.00192463,0.356347,0.000114029,3.29785e-05,1.45154e-05,2.36871e-05,0.00173842,-0.000584347,0.00232276,12.7083,0.0231433
2025-04-09 00:00:00+00:00,-0.00614684,1.48127,0.125881,0.0248843,0.0016253,0.519317,0.000167999,9.40653e-05,2.87612e-05,9.63798e-06,-0.00587888,0.00490486,-0.0107837,12.8125,0.0224039
2025-04-10 00:00:00+00:00,0.00014038,1.48148,0.100721,0.0221531,0.00178368,0.193009,6.17625e-05,4.45085e-05,7.68102e-06,1.28677e-05,0.000242445,-0.00181835,0.0020608,10.1042,0.0190286
2025-04-11 00:00:00+00:00,-0.00329474,1.4766,0.0757079,0.013523,0.000990864,0.242394,7.88858e-05,6.36806e-05,1.82766e-05,-0.000163376,-0.00297409,0.00204245,-0.00501654,10.25,0.0173402
2025-04-12 00:00:00+00:00,0.000129533,1.47679,0.0377995,0.00375163,8.97544e-05,0.202986,6.49558e-05,2.47751e-05,1.5057e-05,-6.54589e-05,0.00030018,0.00105695,-0.000756768,8.27083,0.0122761
2025-04-13 00:00:00+00:00,0.00061187,1.47769,0.0330096,0.00658709,0.00191623,0.152041,4.86549e-05,1.61212e-05,7.21569e-06,-1.33674e-05,0.000697363,-0.000484332,0.0011817,6.72917,0.0110425
2025-04-14 00:00:00+00:00,-0.000170453,1.47744,0.0802673,0.0156936,0.00272448,0.282132,9.02811e-05,2.24684e-05,1.1445e-05,-8.75618e-06,-3.67962e-05,0.000364784,-0.00040158,7.89583,0.0140924
2025-04-15 00:00:00+00:00,-2.59801e-05,1.4774,0.110376,0.0208785,0.000821455,0.192294,6.15351e-05,9.30442e-06,8.26443e-06,-6.88766e-06,6.18526e-05,-0.000964565,0.00102642,8.16667,0.0163989
2025-04-16 00:00:00+00:00,0.00142696,1.47951,0.0982606,0.0141166,0.000729906,0.263187,8.42206e-05,2.343e-05,9.3753e-06,-3.7318e-06,0.00154783,1.59723e-05,0.00153185,7.4375,0.0174378
2025-04-17 00:00:00+00:00,3.52015e-05,1.47956,0.094989,0.0194055,-0.00138884,0.288555,9.23356e-05,4.55566e-05,9.46522e-06,7.70433e-06,0.000176182,0.000472938,-0.000296756,7.3125,0.0206426
2025-04-18 00:00:00+00:00,0.000176219,1.47982,0.0958388,0.00995289,-0.00579424,0.244719,7.83119e-05,4.31888e-05,5.73414e-06,1.17207e-06,0.000302984,-4.0115e-05,0.000343099,7.5,0.0214194
2025-04-19 00:00:00+00:00,-8.9109e-05,1.47969,0.0830013,0.0103872,-0.00443455,0.231769,7.41661e-05,6.72453e-05,7.76997e-06,1.26479e-05,4.77814e-05,0.00127575,-0.00122797,6.72917,0.0211669
2025-04-20 00:00:00+00:00,-0.000723106,1.47862,0.035243,-0.00403357,-0.00795967,0.143503,4.59201e-05,4.82559e-05,7.69982e-06,1.01336e-05,-0.000631247,-0.000381196,-0.000250051,4.29167,0.0165556
2025-04-21 00:00:00+00:00,0.00130377,1.48055,0.0164085,-0.00195088,-0.00497998,0.168234,5.38357e-05,5.65368e-05,9.55692e-06,-0.000132801,0.00155605,-4.33574e-05,0.00159941,3.9375,0.0157517
2025-04-22 00:00:00+00:00,-0.00145437,1.47839,0.0792223,0.024423,0.00220904,0.31372,0.000100392,7.14142e-05,1.45314e-05,-3.61811e-05,-0.00122999,0.00376389,-0.00499388,6.6875,0.0207851
2025-04-23 00:00:00+00:00,-0.00221038,1.47513,0.0887882,0.0318091,0.00267896,0.278309,9.1523e-05,4.55766e-05,2.30261e-05,1.54508e-05,-0.00206425,0.000116206,-0.00218045,6.8125,0.0199798
2025-04-24 00:00:00+00:00,-0.000874346,1.47384,0.0449853,0.0117922,-0.000235843,0.255979,8.19119e-05,3.192e-05,9.62555e-06,-1.59504e-05,-0.000734728,-0.000168917,-0.000565811,7.47917,0.0153338
2025-04-25 00:00:00+00:00,0.00101479,1.47533,0.0164863,-0.000221445,-0.00222633,0.164287,5.25727e-05,2.28179e-05,1.39955e-05,-2.17273e-05,0.00112588,-0.000111126,0.00123701,5.29167,0.0113447
2025-04-26 00:00:00+00:00,-7.1945e-05,1.47523,0.0112346,0.00108619,-0.00112624,0.173153,5.54092e-05,2.20117e-05,8.11467e-06,9.86241e-07,1.26525e-05,5.73483e-05,-4.46958e-05,5.77083,0.0105618
2025-04-27 00:00:00+00:00,-0.000150481,1.475,0.00856806,0.00231719,0.000380701,0.0747507,2.392e-05,9.74979e-06,3.45563e-06,3.14659e-06,-0.000116463,-5.99933e-05,-5.64698e-05,2.58333,0.0105083
2025-04-28 00:00:00+00:00,0.000113631,1.47517,0.0317455,0.0102507,0.000419965,0.18293,5.85375e-05,2.41509e-05,4.75125e-06,2.56926e-06,0.000198629,-7.64626e-06,0.000206276,4.91667,0.0125801
2025-04-29 00:00:00+00:00,-8.4489e-05,1.47505,0.0150324,0.00706284,0.00294286,0.148884,4.7643e-05,2.45191e-05,2.72213e-06,1.22499e-06,-1.07806e-05,-0.000195491,0.00018471,4.75,0.0121395
2025-04-30 00:00:00+00:00,-0.0033521,1.4701,0.0538718,0.0259095,0.00700744,0.243359,7.9081e-05,3.08278e-05,1.00009e-05,1.33765e-05,-0.00324941,-0.000149512,-0.0030999,7.10417,0.0136438
2025-05-01 00:00:00+00:00,0.000999207,1.47157,0.0284777,0.0133849,0.00379089,0.116029,3.71301e-05,1.12141e-05,3.6501e-06,4.33307e-06,0.00104648,0.000725964,0.000320515,4.875,0.0114586
2025-05-02 00:00:00+00:00,-9.36152e-05,1.47143,0.0308791,0.00476042,-0.00475084,0.193434,6.18988e-05,1.99437e-05,1.07212e-05,-1.081e-06,1.70714e-07,-0.000100778,0.000100948,5.41667,0.0135214
2025-05-03 00:00:00+00:00,7.1507e-06,1.47144,0.0340257,0.00488637,-0.00409426,0.193926,6.20561e-05,1.3789e-05,9.68281e-06,-2.64762e-05,0.000119271,-5.81729e-05,0.000177444,5.41667,0.0139048
2025-05-04 00:00:00+00:00,0.00121372,1.47323,0.0863867,0.0135508,-0.00397942,0.207353,6.63539e-05,3.1939e-05,7.70225e-06,-5.51258e-06,0.00132482,-0.00080698,0.0021318,6.1875,0.0170707
2025-05-05 00:00:00+00:00,0.000198409,1.47352,0.0709385,0.0196951,-0.00558953,0.304897,9.75661e-05,5.35814e-05,9.57882e-06,2.3194e-06,0.000357529,0.000299489,5.80399e-05,7.29167,0.017551
2025-05-06 00:00:00+00:00,0.00077402,1.47466,0.0601351,0.0153855,-0.00613729,0.202867,6.49164e-05,3.56667e-05,4.05904e-06,5.31611e-05,0.000826493,9.8923e-05,0.00072757,5.625,0.0175943
2025-05-07 00:00:00+00:00,0.00172968,1.47721,0.20193,0.066059,0.0024492,0.471078,0.000150749,4.91109e-05,9.3696e-06,-2.39553e-06,0.0019432,-0.000712235,0.00265544,11,0.0227559
2025-05-08 00:00:00+00:00,0.00847352,1.48973,0.289899,0.0933923,-0.00411738,0.581757,0.000186463,4.53029e-05,1.81216e-05,5.03146e-05,0.00864507,0.0230865,-0.0144414,15.4167,0.0259973
2025-05-09 00:00:00+00:00,-0.000640829,1.48878,0.316152,0.0984219,-0.00937174,0.729792,0.000247933,7.18907e-05,4.94e-05,5.29921e-05,-0.000303922,0.00867805,-0.00898198,15,0.0282104
2025-05-10 00:00:00+00:00,0.00532073,1.4967,0.36791,0.128709,0.000791974,0.505711,0.000163613,5.49359e-05,2.37845e-05,-7.68957e-06,0.00556811,0.00966044,-0.00409233,14.1458,0.0296548
2025-05-11 00:00:00+00:00,-0.00226891,1.4933,0.308831,0.11531,0.00618428,0.444929,0.000142367,0.000114805,1.93241e-05,-8.74373e-07,-0.00197998,-0.00337194,0.00139196,14.4583,0.0310459
2025-05-12 00:00:00+00:00,-0.00682195,1.48311,0.28201,0.11113,0.00500143,0.507196,0.000162235,0.000160504,5.71005e-05,1.7633e-06,-0.00645456,-0.00210184,-0.00435272,14.5,0.0283693
2025-05-13 00:00:00+00:00,0.00194052,1.48599,0.302168,0.11492,0.00332994,0.417435,0.000133581,9.76279e-05,1.43025e-05,2.54716e-06,0.00219071,0.00775002,-0.00555931,14.8333,0.0284508
2025-05-14 00:00:00+00:00,0.00551722,1.49419,0.335534,0.105457,0.00572726,0.524764,0.000167961,0.000175907,1.8014e-05,-4.19045e-06,0.00587643,-0.0035866,0.00946303,17.7292,0.0300704
2025-05-15 00:00:00+00:00,0.00261534,1.4981,0.436099,0.0899338,0.0037361,0.897331,0.000287164,0.000285732,2.80857e-05,-5.47277e-06,0.00322785,-0.00722086,0.0104487,20.1042,0.0360387
2025-05-16 00:00:00+00:00,0.00676705,1.50824,0.625566,0.126646,0.00351838,0.913813,0.000292475,0.000221639,2.81503e-05,-4.18347e-05,0.0073427,-6.92028e-05,0.0074119,19.25,0.0396291
2025-05-17 00:00:00+00:00,0.00213479,1.51146,0.797698,0.176072,0.00727313,0.827821,0.000264917,0.00012347,2.36657e-05,5.59287e-06,0.00254919,-0.00663061,0.0091798,18.9167,0.0419405
2025-05-18 00:00:00+00:00,-0.00459991,1.5045,0.780687,0.190886,0.0068719,0.755268,0.000243953,6.64359e-05,2.70095e-05,-1.66917e-05,-0.00424036,0.0169453,-0.0211857,19.8958,0.0424393
2025-05-19 00:00:00+00:00,0.00363148,1.50997,0.788471,0.21574,7.05696e-05,0.760528,0.000243402,5.10174e-05,2.95358e-05,-4.93952e-05,0.00402012,-0.00423284,0.00825296,18,0.0413552
2025-05-20 00:00:00+00:00,-0.00414404,1.50371,0.71969,0.201696,0.00149121,0.643504,0.000205877,7.91011e-05,1.64405e-05,1.62907e-05,-0.00384967,7.1111e-05,-0.00392078,18.3333,0.0426747
2025-05-21 00:00:00+00:00,-0.00530763,1.49573,0.582481,0.13347,0.000738361,0.738654,0.000236134,5.97976e-05,3.62035e-05,-4.56847e-05,-0.00488718,0.00847425,-0.0133614,17.0833,0.0403567
2025-05-22 00:00:00+00:00,-0.00317637,1.49098,0.602084,0.102146,-0.00253217,0.537064,0.000171852,3.63676e-05,1.44394e-05,1.80266e-05,-0.00296335,0.0109844,-0.0139477,17.4583,0.0392825
2025-05-23 00:00:00+00:00,0.000956178,1.4924,0.546158,0.117973,0.00157206,0.639846,0.000212942,4.8437e-05,5.15395e-05,-0.000102656,0.00138607,-0.0139585,0.0153446,17.6667,0.036991
2025-05-24 00:00:00+00:00,-0.00666583,1.48245,0.482024,0.0968486,0.00230611,0.484842,0.000155119,3.58097e-05,1.45897e-05,-0.000195599,-0.00627037,0.00247927,-0.00874964,16.2292,0.035956
2025-05-25 00:00:00+00:00,0.0051175,1.49004,0.409489,0.0788224,0.00247953,0.513376,0.00017101,4.76619e-05,7.77627e-05,-0.000203714,0.00561609,0.00232101,0.00329507,16.2917,0.034147
2025-05-26 00:00:00+00:00,0.00556662,1.49834,0.537166,0.121976,-0.00347282,0.683572,0.000218762,3.36285e-05,6.17993e-05,-0.000132824,0.00600259,0.000446808,0.00555578,16.3542,0.0376596
2025-05-27 00:00:00+00:00,0.000597835,1.49923,0.599704,0.139728,0.00178862,0.538865,0.000172442,2.29765e-05,1.12618e-05,-5.03967e-05,0.000864509,0.00630403,-0.00543952,16.5625,0.0400159
2025-05-28 00:00:00+00:00,0.00637175,1.50878,0.588665,0.143195,0.000610439,0.623597,0.000199602,4.81879e-05,1.45239e-05,-0.000225852,0.00684824,-0.00206599,0.00891423,16.5208,0.039142
2025-05-29 00:00:00+00:00,0.00385179,1.5146,0.702743,0.175765,0.00376631,0.716676,0.000229358,4.79997e-05,1.63529e-05,-6.71655e-05,0.00421416,-0.0100606,0.0142748,17.0417,0.0427581
2025-05-30 00:00:00+00:00,0.0198424,1.54465,0.845706,0.155739,0.00832911,1.29868,0.000415864,0.0001158,5.11296e-05,-8.11169e-05,0.0203588,-0.025185,0.0455438,19.1458,0.0488298
2025-05-31 00:00:00+00:00,-0.00171982,1.54199,0.932109,0.0825073,0.00376285,0.929394,0.000297384,9.30091e-05,3.12764e-05,-0.000308949,-0.00095437,0.00532303,-0.0062774,20.8542,0.0525899
2025-06-01 00:00:00+00:00,-0.00411698,1.53564,0.870102,0.119337,-0.0017869,0.733784,0.000234799,8.15711e-05,2.29401e-05,-5.17474e-05,-0.00371648,0.00461462,-0.0083311,18.25,0.0507819
2025-06-02 00:00:00+00:00,0.00441571,1.54242,0.777238,0.107677,-0.013566,0.869803,0.000278385,4.56766e-05,5.15203e-05,-8.72495e-05,0.00488299,0.00683965,-0.00195667,16.8333,0.0487285
2025-06-03 00:00:00+00:00,-0.00412441,1.53606,0.852301,0.175301,-0.0104852,0.807941,0.0002585,5.35028e-05,2.43161e-05,2.69431e-05,-0.00379723,-0.00284441,-0.000952816,19.3333,0.0494579
2025-06-04 00:00:00+00:00,0.00174176,1.53874,0.893055,0.177347,-0.0132202,0.786702,0.000251776,4.81337e-05,2.20756e-05,-0.000216663,0.00230509,-0.00243659,0.00474168,17.5625,0.0494667
2025-06-05 00:00:00+00:00,-0.00213027,1.53546,0.912736,0.102928,-0.00942987,1.60907,0.000543689,0.000180046,6.69994e-05,-0.000380382,-0.000889081,-0.0318857,0.0309967,20.9375,0.0528112
2025-06-06 00:00:00+00:00,0.0121404,1.5541,0.814745,0.0901616,-0.00220834,0.868945,0.000278149,7.4432e-05,2.63731e-05,-0.000437808,0.0129072,0.0119661,0.00094109,21.125,0.052153
2025-06-07 00:00:00+00:00,-0.00134694,1.55201,0.855483,0.14461,-0.00193671,0.750686,0.000240215,0.000100342,1.95972e-05,-0.000133631,-0.00083444,0.0111791,-0.0120136,18.8542,0.0520843
2025-06-08 00:00:00+00:00,-0.000959345,1.55052,0.878651,0.188565,-0.00387918,0.782102,0.000250256,0.000106798,2.36764e-05,-0.000235194,-0.000318474,0.000851261,-0.00116973,21.0625,0.0502603
2025-06-09 00:00:00+00:00,-0.00255738,1.54655,0.781024,0.213111,-0.00771812,0.939537,0.000300602,0.000120362,7.11874e-05,-0.000140319,-0.00191137,0.0230921,-0.0250035,21.375,0.0504829
2025-06-10 00:00:00+00:00,-0.00614143,1.53706,0.794878,0.198732,-0.00529229,0.921269,0.000301831,0.000125333,4.41641e-05,-0.000251648,-0.00540486,0.0123777,-0.0177825,17.75,0.0501024
2025-06-11 00:00:00+00:00,0.00678251,1.54748,0.753683,0.198757,-0.00729882,0.832666,0.000266498,0.000114015,2.60892e-05,-0.000246935,0.00743572,-0.00651831,0.013954,15.8958,0.0481193
2025-06-12 00:00:00+00:00,0.012724,1.56717,0.916178,0.210636,-0.0119343,1.22075,0.000390824,0.000186823,3.46983e-05,-0.000439859,0.0137267,-0.0213559,0.0350826,17.2708,0.0512856
2025-06-13 00:00:00+00:00,-0.00478377,1.55967,0.827535,0.161346,-0.00204104,1.1375,0.000369131,0.000140341,4.76166e-05,-0.000167708,-0.004008,-0.00671952,0.00271152,20.0625,0.0564856
2025-06-14 00:00:00+00:00,0.00696317,1.57053,0.743929,0.173187,-0.00364128,0.616593,0.000197345,7.72408e-05,1.92915e-05,-0.000329783,0.00757477,-0.00706514,0.0146399,16.5417,0.0555555
2025-06-15 00:00:00+00:00,-0.00235377,1.56684,0.819942,0.174057,-0.0134875,0.282545,9.03847e-05,2.59505e-05,7.27011e-06,-0.000328534,-0.00186295,0.00211334,-0.00397629,17.7292,0.0563139
2025-06-16 00:00:00+00:00,0.00618428,1.57653,0.979283,0.126052,-0.0411101,0.682532,0.00021859,8.76691e-05,5.53863e-05,-0.000578714,0.00717797,0.00141122,0.00576675,21.2708,0.0568009
2025-06-17 00:00:00+00:00,0.00979822,1.59198,0.912485,0.0833243,-0.0370234,1.11823,0.000357957,0.000126681,4.23242e-05,-0.000422037,0.0107554,-0.0101823,0.0209377,23.3125,0.0592713
2025-06-18 00:00:00+00:00,0.00674488,1.60271,1.13733,0.0974716,-0.0333938,1.1412,0.000365326,0.000114958,4.111e-05,-0.000122848,0.00741474,0.00483527,0.00257947,23.5,0.0627829
2025-06-19 00:00:00+00:00,0.0086819,1.61663,1.05658,0.135966,-0.0269295,1.1161,0.000357217,9.96448e-05,4.65764e-05,-5.78179e-05,0.00930883,0.000809986,0.00849885,23.7708,0.0635845
2025-06-20 00:00:00+00:00,0.00941807,1.63185,1.22275,0.136933,-0.0270544,0.621898,0.000199039,6.18905e-05,3.41344e-05,-9.80332e-05,0.00980311,-0.0208162,0.0306193,25.25,0.0650864
2025-06-21 00:00:00+00:00,-0.00425487,1.62491,1.19065,0.0854983,-0.0220391,1.79846,0.000575556,0.000154661,7.18282e-05,-0.000132914,-0.00329421,-0.0240866,0.0207924,27.7917,0.0672081
2025-06-22 00:00:00+00:00,0.00766931,1.63737,1.06735,0.0411997,-0.015057,1.99701,0.000651846,0.000291821,0.000116627,-8.99544e-05,0.0088326,-0.0109081,0.0197407,25.1875,0.0685265
2025-06-23 00:00:00+00:00,-0.00555195,1.62828,0.928268,0.135714,-0.00440079,1.60761,0.000517946,0.000486477,0.00013478,-0.00223146,-0.00214023,0.0410143,-0.0431546,27.7708,0.0672641
2025-06-24 00:00:00+00:00,0.0110957,1.64635,0.849945,0.161242,-0.00556055,0.80129,0.000256477,0.000296664,4.20863e-05,-0.000637286,0.0122916,0.00364063,0.00865098,23.4167,0.066078
2025-06-25 00:00:00+00:00,0.0170538,1.67442,0.858808,0.190925,-0.00206081,0.697376,0.000223261,0.000317603,2.89817e-05,-0.00139506,0.0189142,0.00113092,0.0177833,17.7083,0.070442
2025-06-26 00:00:00+00:00,0.0054935,1.68362,0.817366,0.128769,-0.0108048,0.776491,0.000248502,0.000322534,2.82962e-05,-0.000620132,0.00672462,-0.00389566,0.0106203,16.2917,0.0787371
2025-06-27 00:00:00+00:00,-0.0113382,1.66453,0.840196,0.117904,-0.0124236,0.66588,0.000213007,0.000257955,2.81264e-05,-0.000755301,-0.0101237,0.00505925,-0.015183,16.5833,0.0808291
2025-06-28 00:00:00+00:00,0.00255192,1.66878,0.687148,0.1213,-0.0137389,0.596985,0.000191078,0.00026322,2.64621e-05,-0.000720476,0.00376885,0.00473045,-0.000961597,15.6875,0.0758012
2025-06-29 00:00:00+00:00,-0.00951617,1.6529,0.668544,0.13945,-0.0143615,0.510032,0.000163144,0.000183263,1.86491e-05,-0.00167424,-0.0074837,0.00698101,-0.0144647,14.0625,0.0700887
2025-06-30 00:00:00+00:00,0.0115975,1.67207,0.62873,0.128852,-0.0117734,0.707345,0.000226434,0.000154685,3.34066e-05,-0.000375215,0.012345,-0.00100394,0.0133489,15.8125,0.064551
2025-07-01 00:00:00+00:00,0.00338811,1.67774,0.722903,0.0904751,-0.0170419,0.72614,0.000232429,0.000118807,2.45285e-05,-0.000392701,0.0041767,-0.0107083,0.0148849,17.5625,0.0697766
2025-07-02 00:00:00+00:00,-0.0043998,1.67035,0.908725,0.1234,-0.0150773,0.736134,0.00023556,6.60413e-05,2.67252e-05,-0.000318261,-0.00373373,0.0210191,-0.0247529,19.3333,0.07378
2025-07-03 00:00:00+00:00,-0.00665974,1.65923,1.05948,0.198659,-0.0186487,0.807527,0.000266994,4.74953e-05,0.000110262,-0.000171444,-0.00600555,0.00309133,-0.00909687,20.875,0.0717235
2025-07-04 00:00:00+00:00,0.00215707,1.66281,0.948936,0.164259,-0.0123182,0.744623,0.000238304,4.78913e-05,2.25597e-05,-0.000997676,0.00348045,-0.0150922,0.0185727,21.8958,0.0698025
2025-07-05 00:00:00+00:00,-0.00273486,1.65826,0.897904,0.154217,-0.0168041,0.718026,0.000229743,5.3163e-05,2.81883e-05,-0.0019867,-0.000421616,0.00119335,-0.00161496,19.625,0.0691374
2025-07-06 00:00:00+00:00,0.00840018,1.67219,0.937256,0.173758,-0.0248443,0.980047,0.000313664,9.47198e-05,3.80771e-05,-0.000779076,0.00960195,0.0107119,-0.00110999,16.8333,0.0685663
2025-07-07 00:00:00+00:00,0.00470727,1.68006,0.827251,0.0646718,-0.0501866,1.56817,0.000501785,0.000185725,0.000204921,-0.000117588,0.00573042,-0.00591769,0.0116481,18.6875,0.0707544
2025-07-08 00:00:00+00:00,-0.0178018,1.65015,1.08327,0.139984,-0.0402983,1.00143,0.000319778,0.000124557,5.51566e-05,-9.85433e-05,-0.0172045,0.00875776,-0.0259623,18.2292,0.073694
2025-07-09 00:00:00+00:00,-0.0135299,1.62783,1.24662,0.21836,-0.0514311,0.383078,0.00013642,5.9739e-05,0.00010135,5.26335e-05,-0.0133052,0.0262936,-0.0395988,19.6875,0.0718622
2025-07-10 00:00:00+00:00,-0.0366999,1.56809,1.00663,0.166408,-0.0436385,1.13175,0.000384787,0.000316633,0.000165195,9.96449e-05,-0.0365059,0.0300053,-0.0665112,21.8125,0.0695261
2025-07-11 00:00:00+00:00,-0.00706695,1.55701,0.884016,0.116762,-0.0238228,2.01617,0.00069277,0.000325396,0.000345353,7.79865e-05,-0.00566408,0.00141144,-0.00707552,24.0208,0.0654529
2025-07-12 00:00:00+00:00,0.00159483,1.55949,0.94831,0.138968,-0.0189769,0.795657,0.000254666,0.000114525,4.52993e-05,-0.000159501,0.00222652,-0.00471209,0.00693861,25,0.0659261
2025-07-13 00:00:00+00:00,-0.00765746,1.54755,0.944673,0.222853,-0.0054195,0.788549,0.000252304,0.000153342,3.81565e-05,5.89712e-07,-0.00719323,0.00752944,-0.0147227,24.4583,0.0675372
2025-07-14 00:00:00+00:00,0.000506658,1.54833,0.968583,0.265156,-0.022442,1.61245,0.000526471,0.000485664,0.000302712,-6.25774e-05,0.0019535,0.00518491,-0.00323141,21.7708,0.0659538
2025-07-15 00:00:00+00:00,-0.00195673,1.5453,0.868486,0.242973,-0.0154317,0.903753,0.000289148,0.000155308,3.30262e-05,4.8997e-05,-0.00147918,0.00397393,-0.0054531,21.9583,0.0634965
2025-07-16 00:00:00+00:00,-0.00507449,1.53746,0.90539,0.267089,-0.0104307,1.10822,0.000362807,0.000123295,5.25662e-05,-1.47385e-05,-0.00448295,0.020365,-0.0248479,20.1458,0.0624876
2025-07-17 00:00:00+00:00,0.0174792,1.56433,0.743699,0.222369,-0.0058937,0.844541,0.000270408,9.74722e-05,2.819e-05,3.59839e-06,0.0177833,0.0108483,0.00693501,20.3542,0.0659406
2025-07-18 00:00:00+00:00,0.0108468,1.5813,0.696831,0.161942,-0.00223592,0.900142,0.000288115,0.000111584,2.77045e-05,-1.20688e-05,0.0112457,0.00746663,0.00377907,23.0208,0.0691526
2025-07-19 00:00:00+00:00,-0.00239195,1.57752,0.713967,0.16121,0.000128828,0.698494,0.000223546,7.67288e-05,2.36667e-05,-6.60067e-05,-0.0019884,0.00397197,-0.00596037,21.8333,0.0714414
2025-07-20 00:00:00+00:00,0.0131565,1.59827,0.723206,0.122595,-0.00350279,0.828287,0.000265116,9.91721e-05,2.1447e-05,-2.13944e-05,0.0135017,0.0169289,-0.00342716,24.875,0.0934011
2025-07-21 00:00:00+00:00,0.000580937,1.5992,0.915836,0.138662,-0.0152825,0.687895,0.000221766,0.000193542,6.53889e-05,0.000176332,0.000959618,0.0103941,-0.00943447,26.75,0.092623
2025-07-22 00:00:00+00:00,0.00877833,1.61324,0.942521,0.139746,-0.0115132,0.362612,0.000118555,8.65043e-05,2.02197e-05,0.000117195,0.00889543,0.00934682,-0.000451391,27,0.0918585
2025-07-23 00:00:00+00:00,0.00119503,1.61517,0.90131,0.141291,-0.0115463,0.434293,0.000138935,9.30163e-05,1.91816e-05,1.97968e-05,0.00157506,-0.032411,0.0339861,27,0.091152
2025-07-24 00:00:00+00:00,0.0202566,1.64789,0.824472,0.115554,-0.00333158,0.532697,0.000173732,0.000288967,3.29051e-05,-0.000261107,0.0208851,-0.00529329,0.0261784,27,0.0908263
2025-07-25 00:00:00+00:00,-0.0158311,1.6218,0.821443,0.110023,-0.00448762,0.412726,0.000131986,0.00014562,1.7657e-05,-0.000699172,-0.014897,0.00608255,-0.0209796,27,0.094394
2025-07-26 00:00:00+00:00,-0.00537488,1.61308,0.871261,0.126825,-0.00665773,0.338378,0.000108237,9.66165e-05,1.55518e-05,-0.000159056,-0.00496449,0.0013963,-0.00636079,27,0.0923496
2025-07-27 00:00:00+00:00,0.0188143,1.64343,0.869311,0.13029,-0.00803096,0.390279,0.00012494,7.54126e-05,1.34199e-05,-6.07778e-05,0.0189562,0.0151642,0.00379201,27,0.0906278
2025-07-28 00:00:00+00:00,-0.0152068,1.61844,0.812868,0.147696,-0.0139511,0.86012,0.000274998,0.000199758,8.5284e-05,7.55209e-05,-0.0146956,-0.0141282,-0.000567357,26.9375,0.0926569
2025-07-29 00:00:00+00:00,-0.00342541,1.61289,0.619391,0.141627,-0.017864,0.374428,0.000119797,0.00011683,2.16232e-05,-0.000340349,-0.0027173,-0.00229111,-0.000426191,27,0.0904279
2025-07-30 00:00:00+00:00,-0.00247777,1.6089,0.701053,0.137001,-0.0190736,0.614157,0.000200024,0.000123304,2.58729e-05,3.41004e-05,-0.00211987,-0.00372424,0.00160437,27.2083,0.0946912
2025-07-31 00:00:00+00:00,0.01273,1.62938,0.763306,0.139946,-0.026547,0.411139,0.000131559,5.13526e-05,1.56626e-05,4.64497e-05,0.0128557,-0.0106177,0.0234734,27,0.0937757
2025-08-01 00:00:00+00:00,-0.0109318,1.61157,0.735936,0.14964,-0.0209469,0.513651,0.000164283,5.3584e-05,1.96796e-05,-4.49097e-05,-0.0106285,-0.0148236,0.00419515,27.1458,0.0933475
2025-08-02 00:00:00+00:00,-0.00733795,1.59974,0.772722,0.174554,-0.0105819,0.575867,0.000184244,4.77842e-05,2.04547e-05,-1.2035e-05,-0.00706817,-0.0129621,0.00589393,28,0.0894756
2025-08-03 00:00:00+00:00,0.00321779,1.60489,0.841544,0.184437,-0.00364286,0.45195,0.000144678,7.77206e-05,1.42159e-05,1.26805e-05,0.00347279,0.0170756,-0.0136029,28.6042,0.0861214
2025-08-04 00:00:00+00:00,0.00367447,1.61079,0.933957,0.171729,-0.0237852,1.02361,0.000327618,0.0001864,5.32e-05,3.65521e-05,0.00425837,0.0209512,-0.0166928,28,0.0845373
2025-08-05 00:00:00+00:00,-0.00554499,1.60185,0.931848,0.158359,-0.0204069,1.13052,0.000370312,0.000160122,4.10628e-05,2.54881e-05,-0.00496692,-0.0157612,0.0107943,28.4792,0.0852083
2025-08-06 00:00:00+00:00,0.00565104,1.61091,0.870865,0.15776,-0.0153558,0.54122,0.00017322,7.55697e-05,1.72609e-05,4.12701e-05,0.00588712,0.0103874,-0.00450026,29,0.086263
2025-08-07 00:00:00+00:00,0.0110173,1.62865,0.834467,0.170672,-0.0164343,0.759967,0.000243238,0.000184397,2.06537e-05,-4.46477e-06,0.0114506,0.0258082,-0.0143576,28.0208,0.089907
2025-08-08 00:00:00+00:00,0.00997187,1.6449,0.90694,0.177578,-0.0184804,1.36419,0.000436615,0.000203079,4.31712e-05,2.42594e-05,0.01061,0.00395634,0.00665362,23.3125,0.0917881
2025-08-09 00:00:00+00:00,-0.000674402,1.64379,0.765659,0.168503,-0.0155349,0.888125,0.000288339,0.000149189,2.50425e-05,6.39609e-05,-0.00024924,0.00509178,-0.00534102,21.1875,0.0923265
2025-08-10 00:00:00+00:00,0.00458508,1.65132,0.547373,0.111662,-0.01146,0.593775,0.000190024,5.32817e-05,1.39459e-05,-4.46019e-05,0.00488467,0.00363652,0.00124815,21.3958,0.0912848
2025-08-11 00:00:00+00:00,0.00697567,1.66284,0.615443,0.112589,-0.0141966,0.788272,0.000252347,7.91235e-05,2.60494e-05,3.77874e-05,0.00730811,-0.00822513,0.0155332,24.4167,0.0914667
2025-08-12 00:00:00+00:00,0.00487976,1.67096,0.772565,0.129478,-0.0171135,0.862866,0.00027616,7.80198e-05,2.28261e-05,1.80359e-05,0.00526779,0.0257669,-0.0204991,24.125,0.0926403
2025-08-13 00:00:00+00:00,0.00594455,1.68089,0.757699,0.129655,-0.0165941,0.741737,0.000237407,6.91027e-05,1.92511e-05,-4.02239e-06,0.00628503,0.0122539,-0.00596884,24.3125,0.0940818
2025-08-14 00:00:00+00:00,0.0193364,1.71339,0.936888,0.154586,-0.0147811,1.14104,0.000365427,0.000134633,4.77999e-05,8.11399e-06,0.0197391,-0.0278647,0.0476038,27.0417,0.0957283
2025-08-15 00:00:00+00:00,-0.00108469,1.71153,1.10384,0.19037,-0.0097647,1.14633,0.000366884,0.000150183,4.71366e-05,9.91742e-06,-0.000473587,-0.00521413,0.00474054,27.5833,0.0978527
2025-08-16 00:00:00+00:00,0.00787397,1.72501,1.09879,0.187712,-0.0105963,0.825473,0.000264201,0.000103253,2.13042e-05,-3.0896e-05,0.00827906,0.0052712,0.00300786,25.9792,0.0972581
2025-08-17 00:00:00+00:00,-0.00898018,1.70952,0.963897,0.173296,-0.00811632,1.01199,0.000323772,0.000111194,2.3203e-05,7.73444e-05,-0.00861298,0.00338455,-0.0119975,22.9375,0.0969938
2025-08-18 00:00:00+00:00,0.001669,1.71237,0.682974,0.103408,-0.0193156,1.03565,0.000331288,0.000105468,5.9846e-05,1.02179e-05,0.00217824,-0.0111267,0.0133049,21.0833,0.0937485
2025-08-19 00:00:00+00:00,-0.0035118,1.70636,0.603868,0.0865245,-0.0132219,0.488144,0.000156201,6.61096e-05,1.12581e-05,-2.82469e-06,-0.00325807,-0.0148001,0.0115421,16.7292,0.0926938
2025-08-20 00:00:00+00:00,-0.000885178,1.70485,0.623171,0.0995401,-0.0137696,0.554354,0.000183865,0.000144431,3.67111e-05,-1.56084e-05,-0.000469697,0.0152748,-0.0157445,17.8958,0.0891534
2025-08-21 00:00:00+00:00,0.00568484,1.71454,0.663483,0.110467,-0.0135301,0.718102,0.000229848,0.000172479,2.07617e-05,-3.92521e-05,0.00615411,-0.0102615,0.0164156,20.5833,0.0884009
2025-08-22 00:00:00+00:00,0.00228066,1.71845,0.52234,0.067675,-0.00919811,0.653854,0.000211794,0.000199186,2.20403e-05,4.74998e-05,0.00268559,0.0273428,-0.0246572,20.0417,0.0914187
2025-08-23 00:00:00+00:00,0.00478827,1.72668,0.583091,0.0813771,-0.00274459,0.484978,0.000158561,0.000132085,1.62829e-05,0.000150011,0.00494889,-0.0022652,0.00721409,22.3958,0.0925297
2025-08-24 00:00:00+00:00,0.00350098,1.73272,0.499166,0.063558,-0.0047788,0.521776,0.000166969,9.47424e-05,1.00534e-05,7.72494e-05,0.00369904,-0.00134089,0.00503992,22.7917,0.0935518
2025-08-25 00:00:00+00:00,-0.0031758,1.72722,0.41848,0.0377616,-0.0088982,0.468171,0.000149797,0.000108997,2.4008e-05,-0.000649656,-0.00223234,-0.01546,0.0132277,21.8333,0.0935561
2025-08-26 00:00:00+00:00,-0.00337698,1.72139,0.399781,0.0253284,-0.00851898,0.303702,9.718e-05,5.64612e-05,5.81837e-06,-0.000350394,-0.00286266,0.00801223,-0.0108749,22,0.0921157
2025-08-27 00:00:00+00:00,0.00343431,1.7273,0.440641,0.0323436,-0.0105576,0.36236,0.000115978,5.11757e-05,6.5207e-06,-0.000105427,0.00372232,-0.00100743,0.00472974,21.875,0.0907496
2025-08-28 00:00:00+00:00,-0.0044911,1.71954,0.479825,0.0434543,-0.00888558,0.40634,0.000130025,5.31184e-05,6.39324e-06,8.71869e-06,-0.00430322,0.00553552,-0.00983874,22.8958,0.0911761
2025-08-29 00:00:00+00:00,-0.00157918,1.71683,0.452893,0.0418522,-0.00722816,0.353911,0.000113254,4.49023e-05,7.43098e-06,-2.89103e-05,-0.00137476,-0.0093652,0.00799043,21.25,0.0861488
2025-08-30 00:00:00+00:00,-0.000181026,1.71652,0.406538,0.028082,-0.00634404,0.216812,6.93771e-05,2.57405e-05,3.31048e-06,8.27579e-05,-0.000159704,0.000411389,-0.000571093,19.8542,0.0804455
2025-08-31 00:00:00+00:00,0.00281985,1.72136,0.356697,0.0186986,-0.00586055,0.217827,6.9711e-05,2.19847e-05,2.90817e-06,0.000194458,0.00272004,-0.000613082,0.00333312,18.5208,0.0809911
2025-09-01 00:00:00+00:00,0.00675026,1.73298,0.427348,0.0197424,0.00152328,0.564444,0.000180642,5.64417e-05,1.9748e-05,8.71342e-05,0.00690673,-0.00190416,0.00881089,20.0417,0.0852313
2025-09-02 00:00:00+00:00,-0.0127774,1.71083,0.610535,0.0366364,-0.00693168,0.580432,0.000185626,4.33302e-05,1.34636e-05,0.000175096,-0.0127758,0.00837907,-0.0211549,21.25,0.0866143
2025-09-03 00:00:00+00:00,0.000332872,1.7114,0.687675,0.0698683,-0.00759982,0.548578,0.000182011,6.13406e-05,1.86923e-05,0.000202706,0.000406393,0.005379,-0.00497261,17.8542,0.0799076
2025-09-04 00:00:00+00:00,-0.00210565,1.7078,0.787412,0.101745,-0.00833767,0.808649,0.000258752,8.35557e-05,1.96451e-05,0.000156537,-0.00187011,-0.0107123,0.00884219,19.9167,0.0793731
2025-09-05 00:00:00+00:00,-0.00846383,1.69334,0.66808,0.07406,-0.00572241,0.840505,0.000271589,9.25839e-05,2.0631e-05,-4.89933e-05,-0.00803596,0.00289725,-0.0109332,22.1458,0.0779025
2025-09-06 00:00:00+00:00,-0.011056,1.67462,0.745236,0.108184,-0.0109275,0.641365,0.000216413,5.28141e-05,4.13922e-05,-0.000501678,-0.010269,-0.00144341,-0.00882562,19.3333,0.0720452
2025-09-07 00:00:00+00:00,-0.0372171,1.6123,0.684383,0.112557,-0.0212028,0.85865,0.000294171,0.000156261,0.000157851,-0.000392331,-0.0368573,0.00817046,-0.0450278,15.9375,0.066513
2025-09-08 00:00:00+00:00,-0.0314857,1.56153,0.873797,0.201831,-0.0448596,1.03756,0.000346783,0.000147728,0.000188355,-0.000730945,-0.0304846,0.00633409,-0.0368187,18.6458,0.0590881
2025-09-09 00:00:00+00:00,-0.00921115,1.54715,0.761832,0.200631,-0.0238115,1.18262,0.000386364,0.000347323,7.33659e-05,-0.00192272,-0.00647126,0.00138227,-0.00785353,20.875,0.0513314
2025-09-10 00:00:00+00:00,-0.00212589,1.54386,0.644276,0.164275,-0.0194914,0.871578,0.000278882,0.000178462,3.08838e-05,-0.000909143,-0.000705873,0.00729318,-0.00799905,21.4375,0.0461622
2025-09-11 00:00:00+00:00,-0.00113531,1.54211,0.63858,0.151247,-0.0256491,0.893848,0.000290783,0.000254293,4.2189e-05,-0.000910089,0.000403946,0.0083987,-0.00799475,20.4375,0.0466628
2025-09-12 00:00:00+00:00,0.0146365,1.56468,0.787608,0.143311,-0.0310065,0.903754,0.000289323,0.000226629,2.63014e-05,-0.000377807,0.0154894,0.0179596,-0.00247022,19.25,0.0494135
2025-09-13 00:00:00+00:00,-0.0160541,1.53956,0.834954,0.151185,-0.0281485,0.769921,0.000246168,0.000209021,2.45556e-05,-0.000180559,-0.0154648,0.00301753,-0.0184824,20.9375,0.0515612
2025-09-14 00:00:00+00:00,0.000491842,1.54032,0.710858,0.178876,-0.0287425,0.732257,0.000240929,0.000183276,3.36958e-05,-0.000239182,0.00123096,-0.00557294,0.0068039,16.2292,0.0500262
2025-09-15 00:00:00+00:00,0.00169059,1.54292,0.753593,0.191877,-0.0278403,0.856531,0.000274104,0.000159111,2.39599e-05,-0.000328087,0.0025045,-0.00735828,0.00986278,18.7708,0.0522264
2025-09-16 00:00:00+00:00,0.00580878,1.55188,0.796699,0.209126,-0.0236051,0.713147,0.000228256,0.000124741,1.82631e-05,-0.000247252,0.00643019,0.00436166,0.00206853,20.6667,0.0545031
2025-09-17 00:00:00+00:00,-0.000915621,1.55046,0.826834,0.19318,-0.00933797,0.883542,0.000283142,0.00024611,2.45156e-05,-0.000689518,0.000353393,0.00902355,-0.00867015,20.2708,0.0546447
2025-09-18 00:00:00+00:00,-0.000587832,1.54955,0.374659,0.109815,0.00975366,0.93262,0.000298445,0.000249888,1.85428e-05,-0.000129239,0.000112381,0.00113948,-0.0010271,19.4167,0.0278197
2025-09-19 00:00:00+00:00,0.00380926,1.55545,0.26487,0.0713503,0.0020317,0.56011,0.000179267,0.000120419,1.04827e-05,-4.14922e-06,0.00412126,-0.00398525,0.00810651,16.8125,0.0272395
2025-09-20 00:00:00+00:00,-0.000863502,1.55411,0.33482,0.115939,0.00225695,0.478582,0.000153137,9.68472e-05,1.21358e-05,-0.000135338,-0.000458207,0.000511788,-0.000969995,11.9792,0.0308742
2025-09-21 00:00:00+00:00,0.00569938,1.56297,0.422214,0.171163,0.00605081,0.585428,0.000187367,0.000163272,1.42942e-05,-6.97927e-05,0.00612478,-0.00230709,0.00843187,14.4375,0.0346085
2025-09-22 00:00:00+00:00,0.00923163,1.5774,0.549078,0.144226,-0.00907783,1.07593,0.0003476,0.000218978,5.62477e-05,-7.47103e-05,0.00993064,-0.0161147,0.0260453,18.5833,0.0401851
2025-09-23 00:00:00+00:00,0.0056996,1.58639,0.471925,0.120103,-0.00746869,0.332583,0.000106447,3.50546e-05,8.3294e-06,-0.000150825,0.00599557,-0.00467278,0.0106684,17.3958,0.042872
2025-09-24 00:00:00+00:00,0.00253074,1.5904,0.460284,0.116286,-0.00628735,0.362059,0.000115864,2.53228e-05,6.69404e-06,-2.4502e-05,0.00270571,0.00157314,0.00113257,18.5208,0.0437395
2025-09-25 00:00:00+00:00,-0.00589324,1.58103,0.361221,0.087437,-0.0043838,0.407841,0.000130494,3.13585e-05,7.62382e-06,4.85491e-05,-0.00577469,-0.0154311,0.00965644,18.1875,0.0445759
2025-09-26 00:00:00+00:00,-0.00039259,1.58041,0.284652,0.0683486,-0.00201516,0.235038,7.52112e-05,2.3402e-05,4.13291e-06,9.56317e-06,-0.000292618,0.00483283,-0.00512544,15.3333,0.038066
2025-09-27 00:00:00+00:00,-0.00205602,1.57716,0.261933,0.0744215,-0.00234679,0.196387,6.42482e-05,2.03978e-05,5.33256e-06,2.40351e-05,-0.00198743,3.85374e-05,-0.00202596,12.3333,0.034387
2025-09-28 00:00:00+00:00,-0.018661,1.54773,0.301725,0.117961,-0.00292633,0.640576,0.000209831,5.27271e-05,5.56804e-05,6.41775e-05,-0.0184931,0.00710428,-0.0255974,12.0417,0.0306869
2025-09-29 00:00:00+00:00,0.0120589,1.56639,0.354809,0.160304,-0.000349553,0.496325,0.00015886,5.80308e-05,2.92456e-05,3.73643e-05,0.0122099,0.00478686,0.00742302,14,0.027177
2025-09-30 00:00:00+00:00,-0.00222255,1.56291,0.437228,0.19095,-0.00828612,0.219683,7.0283e-05,3.54802e-05,1.1016e-05,-7.62752e-05,-0.00200637,-0.0030368,0.00103043,15.3125,0.0339322
2025-10-01 00:00:00+00:00,0.00829619,1.57588,0.505199,0.208775,-0.00157331,0.315346,0.000107504,4.58365e-05,3.09248e-05,-0.000291358,0.00876091,0.013762,-0.00500108,16,0.0338579
2025-10-02 00:00:00+00:00,0.0143945,1.59856,0.727172,0.255953,0.00161431,0.314411,0.000100647,2.00202e-05,1.19565e-05,-0.000264198,0.0147148,0.0166097,-0.00189492,16.8333,0.0363657
2025-10-03 00:00:00+00:00,0.0083475,1.61191,0.748713,0.224856,-0.00171552,1.10725,0.000354419,7.26545e-05,4.01897e-05,-0.000200739,0.00901677,0.00683911,0.00217765,19.0208,0.0436319
2025-10-04 00:00:00+00:00,0.0028216,1.61645,0.746217,0.217962,-0.00375635,1.20577,0.000385906,8.13166e-05,4.75168e-05,-0.000105984,0.00346032,-0.00709004,0.0105504,19.7083,0.049227
2025-10-05 00:00:00+00:00,-0.0045745,1.60906,0.647707,0.206723,-0.00675948,0.566792,0.000188061,8.14733e-05,3.69518e-05,-3.83506e-05,-0.0041997,0.00242544,-0.00662514,17.2708,0.0514393
2025-10-06 00:00:00+00:00,-0.0184024,1.57945,0.991783,0.282761,-0.00770852,1.17794,0.000382642,0.000105551,0.000196218,-8.66037e-05,-0.0177168,0.0124948,-0.0302116,20.1875,0.0508442
2025-10-07 00:00:00+00:00,0.0097867,1.59491,1.0475,0.296965,-8.0118e-05,0.530031,0.000169672,4.93237e-05,1.25727e-05,-1.9384e-06,0.0100274,-0.0240013,0.0340286,22,0.0502323
2025-10-08 00:00:00+00:00,0.00497056,1.60283,0.869877,0.233477,0.00602213,1.30524,0.000417734,0.000184508,3.31071e-05,-1.97595e-06,0.0056147,0.0120816,-0.00646694,22,0.0494947
2025-10-09 00:00:00+00:00,0.00451878,1.61008,0.759967,0.166018,0.00230337,0.639749,0.000204725,0.000100512,1.34449e-05,3.08268e-05,0.00481247,-0.0132017,0.0180142,19.8958,0.0498181
2025-10-10 00:00:00+00:00,0.0189441,1.64058,0.593268,0.123083,0.00142525,1.4444,0.000483785,0.000319977,0.000373327,1.00977e-05,0.0220432,-0.0359711,0.0580143,18.8542,0.049837
2025-10-11 00:00:00+00:00,-0.00686583,1.62931,0.492745,0.169433,-0.00261733,0.173252,5.5438e-05,8.62378e-05,3.16345e-05,0.000260942,-0.00694098,-0.00582432,-0.00111665,22,0.0520354
2025-10-12 00:00:00+00:00,0.0220414,1.66523,0.583766,0.189364,-0.00235189,0.327883,0.000104978,5.80441e-05,5.36108e-05,7.16347e-05,0.0219789,0.030988,-0.00900909,24.5,0.0536905
2025-10-13 00:00:00+00:00,0.00159801,1.66789,0.761448,0.216876,0.00137535,0.530697,0.000169921,0.000194811,0.000145945,-6.08752e-06,0.0021354,0.0130375,-0.0109021,27.2083,0.0598363
2025-10-14 00:00:00+00:00,0.00241671,1.67192,0.866818,0.218108,0.00280477,0.378947,0.000121272,0.000105863,3.66661e-05,-9.85342e-06,0.00272452,-0.0168207,0.0195452,28,0.0600624
2025-10-15 00:00:00+00:00,0.00217004,1.67555,0.959387,0.230081,0.00332203,0.40424,0.00012937,8.74514e-05,2.31751e-05,-0.000148815,0.00259058,-0.0199157,0.0225063,28,0.0558943
2025-10-16 00:00:00+00:00,-0.00068152,1.6744,0.776875,0.198655,0.0072627,1.26366,0.000404376,0.000236444,4.75026e-05,-0.00013,0.000156103,-0.0115416,0.0116977,27.625,0.0538169
2025-10-17 00:00:00+00:00,-0.0106405,1.65659,0.714621,0.167306,0.00630704,1.3399,0.000428689,0.000286976,7.59524e-05,-1.72685e-05,-0.00987162,-0.0127468,0.00287523,22.875,0.0504161
2025-10-18 00:00:00+00:00,-0.00713427,1.64477,0.925022,0.216764,0.00194524,0.35963,0.000115079,2.88446e-05,9.63509e-06,-6.91224e-05,-0.00690462,0.00847924,-0.0153839,24.7292,0.046982
2025-10-19 00:00:00+00:00,0.0100537,1.66131,1.01224,0.245479,0.00208579,0.168606,5.39573e-05,9.00198e-06,5.21394e-06,2.50587e-05,0.0100807,0.0134278,-0.00334711,25.5833,0.0458057
2025-10-20 00:00:00+00:00,0.0114457,1.68032,1.08782,0.223666,0.000625106,0.323856,0.000103577,2.67275e-05,3.66055e-05,-0.000223926,0.0118002,0.0133412,-0.00154106,26,0.0493054
2025-10-21 00:00:00+00:00,-0.00637745,1.6696,1.07409,0.231082,0.00588531,0.121785,3.89568e-05,5.09493e-06,3.40536e-06,-0.000152611,-0.006166,-0.0174071,0.0112411,26,0.0501874
2025-10-22 00:00:00+00:00,0.00715202,1.68155,1.01779,0.206519,0.00385386,0.258967,8.28993e-05,1.10753e-05,7.58124e-06,-0.000454513,0.00771754,-0.0101733,0.0178909,26,0.0476451
2025-10-23 00:00:00+00:00,-0.00373943,1.67526,0.888836,0.168624,0.0106497,1.33949,0.00042869,5.59598e-05,4.97162e-05,-0.000179665,-0.00301007,0.0131949,-0.016205,26,0.0493196
2025-10-24 00:00:00+00:00,-0.00179777,1.67225,0.81697,0.163605,0.0149587,0.997595,0.00031923,0.000117211,2.8585e-05,-0.000143035,-0.00117285,0.0108448,-0.0120177,25.0417,0.0486829
2025-10-25 00:00:00+00:00,-0.00168994,1.66942,0.576953,0.129594,0.00862742,0.463423,0.000148317,5.54857e-05,8.53599e-06,-0.000133221,-0.00133495,0.00251208,-0.00384702,18.4375,0.0468821
2025-10-26 00:00:00+00:00,-0.00660605,1.65839,0.667363,0.152849,0.00556072,0.0648374,2.07306e-05,7.31291e-06,7.33524e-07,-0.000161749,-0.00641532,0.0149335,-0.0213488,18,0.046489
2025-10-27 00:00:00+00:00,0.00642264,1.66904,0.634966,0.163074,-0.00551927,0.629811,0.000201602,5.45958e-05,5.25691e-05,-1.52279e-05,0.00675695,-0.00318664,0.00994359,18.9792,0.0479983
2025-10-28 00:00:00+00:00,-0.00890987,1.65417,0.514314,0.12223,-0.019301,0.776713,0.000248487,0.000151167,1.96583e-05,3.53698e-05,-0.00854632,-0.00649102,-0.0020553,17.5625,0.0526085
2025-10-29 00:00:00+00:00,0.00235756,1.65807,0.429926,0.0983161,-0.00931373,0.651575,0.000208538,0.000116963,2.11117e-05,8.46587e-06,0.00271008,-0.00459261,0.00730268,14.6458,0.0504455
2025-10-30 00:00:00+00:00,0.0123083,1.67848,0.441832,0.115967,0.00423348,0.572069,0.000183102,0.00011382,1.86847e-05,2.43458e-05,0.0125421,-0.00763246,0.0201746,15.6667,0.0503648
2025-10-31 00:00:00+00:00,-0.00320419,1.6731,0.350846,0.0669561,-0.00178513,0.574212,0.000187355,0.000103999,3.0752e-05,5.21273e-07,-0.00285843,0.00261567,-0.0054741,16.3125,0.054757
2025-11-01 00:00:00+00:00,0.00152301,1.67565,0.416603,0.0962439,-0.000984282,0.448487,0.000143471,4.27523e-05,2.06838e-05,4.10016e-06,0.0017371,0.00284578,-0.00110868,18.7708,0.0528417
2025-11-02 00:00:00+00:00,0.00891935,1.69059,0.324353,0.0936376,-0.00212425,0.294297,9.41986e-05,3.39205e-05,7.44372e-06,-8.08102e-06,0.00902952,0.000773512,0.00825601,14.75,0.0521218
2025-11-03 00:00:00+00:00,-0.000702686,1.68941,0.430784,0.091618,-0.0158809,0.56957,0.00018288,3.58385e-05,3.26618e-05,1.54661e-05,-0.000447948,-0.019116,0.0186681,16.5417,0.0557996
2025-11-04 00:00:00+00:00,-0.00321708,1.68397,0.455978,0.0926742,-0.00862351,0.48937,0.000156592,3.79117e-05,1.7505e-05,-6.25804e-06,-0.00296716,-0.0156871,0.0127199,17.9583,0.0547015
2025-11-05 00:00:00+00:00,-0.00131005,1.68177,0.503547,0.108967,-0.00171194,0.365011,0.0001168,2.81303e-05,1.33948e-05,3.08188e-05,-0.00116265,0.0106998,-0.0118625,16.5625,0.0505941
2025-11-06 00:00:00+00:00,0.000285213,1.68225,0.522779,0.103915,-0.00272176,0.517774,0.000165672,3.21837e-05,2.03264e-05,-1.38431e-05,0.000552569,-0.00788619,0.00843876,17.2708,0.0478571
2025-11-07 00:00:00+00:00,-0.0177612,1.65237,0.595562,0.123454,-0.00139402,0.70559,0.000232496,5.246e-05,5.64087e-05,-7.50609e-05,-0.0174465,0.0150024,-0.0324489,18.6042,0.046366
2025-11-08 00:00:00+00:00,0.00416706,1.65925,0.549551,0.149909,0.00406306,0.526688,0.000172565,7.20844e-05,2.99573e-05,2.0071e-06,0.00446729,-0.0028047,0.00727199,18.1667,0.0445035
2025-11-09 00:00:00+00:00,0.00385038,1.66564,0.453633,0.122057,0.0019266,0.354285,0.000113374,4.68553e-05,1.08774e-05,-7.51445e-07,0.00403591,0.0092044,-0.00516849,15.6875,0.0472017
2025-11-10 00:00:00+00:00,0.00512646,1.67418,0.402218,0.09554,-0.00176546,0.407258,0.000130379,3.27833e-05,2.43639e-05,3.04436e-05,0.00529256,0.00312567,0.00216689,17.5833,0.0485539
2025-11-11 00:00:00+00:00,0.00493758,1.68245,0.356024,0.0779665,-0.000241664,0.316117,0.00010117,6.705e-05,8.94298e-06,1.30163e-05,0.00510102,-0.00893429,0.0140353,17.8125,0.0526955
2025-11-12 00:00:00+00:00,-0.00145131,1.68,0.297671,0.060709,0.00020206,0.31781,0.000101688,8.13958e-05,7.78988e-06,2.16433e-05,-0.0012774,-0.000904607,-0.000372796,19.4792,0.0541824
2025-11-13 00:00:00+00:00,0.00282274,1.68475,0.319426,0.0494678,0.000408079,0.348111,0.000111452,5.57674e-05,1.02638e-05,2.52727e-05,0.00298153,-0.00620331,0.00918484,19.5625,0.0546891
2025-11-14 00:00:00+00:00,-0.00383412,1.67829,0.350729,0.0514691,0.000534862,0.418496,0.000133903,6.96134e-05,1.83832e-05,7.53212e-05,-0.00367981,-0.0062139,0.0025341,20.1667,0.0542056
2025-11-15 00:00:00+00:00,0.00172405,1.68118,0.39055,0.065209,-0.00141138,0.335398,0.00010887,4.17513e-05,1.26684e-05,-0.00019325,0.00209058,0.00248942,-0.000398838,22.1458,0.0502221
2025-11-16 00:00:00+00:00,0.00177798,1.68417,0.412044,0.0713928,-0.00270252,0.365495,0.000116964,4.0114e-05,9.42472e-06,-0.000379356,0.00233415,-0.00428281,0.00661696,21.8542,0.0502398
2025-11-17 00:00:00+00:00,0.00374976,1.69049,0.77377,0.0749003,-0.0140691,1.60492,0.00051399,0.000139058,0.000149129,-0.000382044,0.00497335,-0.00826343,0.0132368,26.6667,0.0693024
2025-11-18 00:00:00+00:00,0.00561484,1.69998,0.575009,0.0521761,-0.00541395,0.565688,0.000181048,6.30328e-05,1.60128e-05,4.99172e-06,0.00587044,0.0123337,-0.00646328,24.375,0.0672491
2025-11-19 00:00:00+00:00,0.00470275,1.70797,0.514758,0.0571686,-0.0076178,0.825886,0.000273651,0.000152713,2.49015e-05,-7.42596e-06,0.00517531,-0.00547028,0.0106456,25.1875,0.0686481
2025-11-20 00:00:00+00:00,-0.00264908,1.70345,0.576912,0.0741447,-0.0064702,0.664031,0.00022149,0.000113842,2.21328e-05,-7.164e-05,-0.00221002,-0.0167795,0.0145695,24.5,0.0685228
2025-11-21 00:00:00+00:00,0.0032655,1.70901,0.420038,0.0443667,-0.00207903,0.623605,0.000204664,8.16048e-05,3.00209e-05,3.96497e-09,0.0035944,-0.0126005,0.0161949,23.7292,0.0658674
2025-11-22 00:00:00+00:00,-0.0157208,1.68214,0.51497,0.0612169,-0.000700379,0.771077,0.0002464,5.71347e-05,6.52769e-05,-6.33125e-05,-0.0152974,-0.000429225,-0.0148682,24.125,0.0685456
2025-11-23 00:00:00+00:00,3.94317e-06,1.68215,0.736849,0.114394,-0.00339092,1.34674,0.000430962,0.000134644,6.99691e-05,6.95517e-05,0.000590931,0.00531914,-0.00472821,26.0208,0.0664377
2025-11-24 00:00:00+00:00,-0.00207646,1.67866,0.883278,0.130288,-0.000649554,1.87726,0.000600773,0.00018539,0.000117869,-0.000239074,-0.000913218,0.0138186,-0.0147318,28.2708,0.0659472
2025-11-25 00:00:00+00:00,-0.0113901,1.65954,0.917512,0.146727,-0.00258222,0.856431,0.000273981,7.10185e-05,2.91805e-05,0.000147767,-0.0111863,-0.00170232,-0.00948403,25.25,0.0641568
2025-11-26 00:00:00+00:00,0.00701367,1.67118,0.870197,0.140836,-0.00196876,0.846487,0.000270927,6.67413e-05,2.64192e-05,-0.000114589,0.00750278,0.0113308,-0.00382806,24.9583,0.0586762
2025-11-27 00:00:00+00:00,-0.00142962,1.66879,0.800443,0.112729,0.00193417,0.682911,0.000218541,7.25174e-05,1.85808e-05,-3.2157e-05,-0.00107558,-0.0051092,0.00403362,24.2917,0.0614024
2025-11-28 00:00:00+00:00,0.00655775,1.67973,0.676491,0.0898945,0.000952192,1.02627,0.000328444,0.000185273,3.30657e-05,0.00011851,0.00697437,-0.00626404,0.0132384,23.7708,0.0630877
2025-11-29 00:00:00+00:00,-0.000413812,1.67903,0.427011,0.0506298,-0.00203803,0.51135,0.000163628,9.25246e-05,1.15336e-05,5.27571e-05,-0.000195404,-0.00118914,0.000993736,22.2083,0.0662917
2025-11-30 00:00:00+00:00,0.00280462,1.68374,0.408422,0.0522719,-0.00409268,0.448038,0.000143385,7.64271e-05,8.36908e-06,6.61586e-05,0.00296515,-0.0046071,0.00757225,19.8125,0.067505
2025-12-01 00:00:00+00:00,-0.00639479,1.67298,0.429349,0.0521595,-0.0036135,0.838367,0.000280534,0.000108154,5.99508e-05,-0.000417652,-0.00551002,-0.0169876,0.0114776,23.2708,0.0699626
2025-12-02 00:00:00+00:00,0.00346505,1.67877,0.430922,0.0566101,-0.00279691,0.459056,0.000147293,3.72109e-05,1.84192e-05,-0.000430767,0.00410836,0.013429,-0.00932061,23.8542,0.0665133
2025-12-03 00:00:00+00:00,0.00453365,1.68638,0.507641,0.0836889,-0.00497191,0.578974,0.000189056,3.77849e-05,2.21538e-05,-0.000177114,0.00496085,0.0115203,-0.00655941,24.0417,0.0685816
2025-12-04 00:00:00+00:00,-0.00816263,1.67262,0.539665,0.107538,-0.00777037,0.51697,0.000165406,4.0122e-05,1.93388e-05,-0.000283695,-0.00765854,-0.00838518,0.000726647,23.75,0.0689481
2025-12-05 00:00:00+00:00,0.00258372,1.67694,0.477213,0.0969623,-0.00713715,0.399076,0.000127715,3.67594e-05,9.57472e-06,-0.000282205,0.00304459,-0.00985319,0.0128978,21.375,0.0652813
2025-12-06 00:00:00+00:00,-0.000653298,1.67585,0.384273,0.0736758,-0.00842471,0.346652,0.000111722,3.26433e-05,7.92477e-06,-0.000841415,0.000344505,0.00095211,-0.000607606,21.625,0.0645019
2025-12-07 00:00:00+00:00,0.00757773,1.68854,0.403607,0.0759871,-0.00818594,0.410784,0.00013148,4.0877e-05,9.83551e-06,-0.000470499,0.00821178,0.00190143,0.00631035,18.4792,0.0657833
2025-12-08 00:00:00+00:00,0.00043119,1.68927,0.341798,0.0538238,-0.00756578,0.517255,0.000165489,5.71231e-05,3.10256e-05,-0.000122904,0.000812887,0.00113025,-0.000317362,20.6667,0.0713141
2025-12-09 00:00:00+00:00,-0.00126778,1.68713,0.392779,0.0602041,-0.00414222,0.242652,7.76548e-05,2.97927e-05,5.76599e-06,-8.61455e-05,-0.00106367,0.00569556,-0.00675924,19.375,0.0717101
2025-12-10 00:00:00+00:00,0.00858555,1.70162,0.355707,0.0474372,-0.00452531,0.27119,8.68e-05,2.57336e-05,5.92326e-06,1.49333e-05,0.0086576,-0.00216555,0.0108231,19.8542,0.0721074
2025-12-11 00:00:00+00:00,0.00801365,1.71525,0.40648,0.0514357,-0.00633975,0.472547,0.000151461,4.7377e-05,1.73026e-05,5.04894e-05,0.00817539,0.000234477,0.00794092,22.6042,0.0773134
2025-12-12 00:00:00+00:00,0.00373223,1.72165,0.44184,0.0431333,-0.00932003,0.393486,0.000125926,3.27682e-05,9.02593e-06,-4.71746e-05,0.003946,-0.00323229,0.00717829,24.3958,0.0832742
2025-12-13 00:00:00+00:00,-0.00553462,1.71213,0.360445,0.0338467,-0.0111533,0.28178,9.01301e-05,1.66033e-05,8.26813e-06,-0.000425151,-0.00499792,0.00152785,-0.00652577,19.7708,0.0838503
2025-12-14 00:00:00+00:00,0.00384479,1.71871,0.395201,0.0404518,-0.012611,0.203216,6.50359e-05,1.09981e-05,3.6524e-06,-0.000362799,0.0042834,-0.00556973,0.00985313,18.5208,0.0807015
2025-12-15 00:00:00+00:00,0.0026357,1.72324,0.593454,0.0314953,-0.0187577,0.809674,0.000259988,9.76746e-05,6.81445e-05,-0.000125315,0.00319789,-0.0100103,0.0132082,20.7917,0.0834304
2025-12-16 00:00:00+00:00,0.00531962,1.7324,0.513742,0.010795,-0.0151939,0.443134,0.000141822,3.9489e-05,1.24733e-05,-0.000594136,0.00610691,0.00366207,0.00244483,22.2292,0.0835807
2025-12-17 00:00:00+00:00,0.00913175,1.74822,0.507441,0.0111756,-0.0121926,0.509273,0.000166978,3.9e-05,2.22883e-05,-9.47357e-06,0.00934196,-0.00788161,0.0172236,23.9583,0.0871361
2025-12-18 00:00:00+00:00,0.00737812,1.76112,0.423085,-0.00879829,-0.00649117,0.616643,0.000197765,5.48558e-05,2.53943e-05,-8.19661e-05,0.00772263,-0.00422742,0.0119501,24.2708,0.0907165
2025-12-19 00:00:00+00:00,-0.00255445,1.75662,0.47558,-0.000812319,-0.00325624,0.62505,0.000200005,6.47433e-05,2.74107e-05,-7.09178e-05,-0.0021867,0.0132002,-0.0153869,25.5417,0.0959939
2025-12-20 00:00:00+00:00,-0.00424956,1.74916,0.492692,0.0159959,-0.00812258,0.413137,0.000132188,4.27906e-05,1.53367e-05,-5.08864e-05,-0.00400737,0.000673612,-0.00468098,23.0417,0.0921928
2025-12-21 00:00:00+00:00,-0.00170826,1.74617,0.451524,0.0216586,-0.0129897,0.466563,0.000154996,6.10081e-05,3.43772e-05,-9.21868e-05,-0.00134607,0.00036893,-0.001715,22.3542,0.0867349
2025-12-22 00:00:00+00:00,0.00365053,1.75255,0.377623,0.0293425,-0.0131339,0.402894,0.000128963,5.69315e-05,1.59623e-05,-8.61676e-05,0.0039433,0.000896416,0.00304688,21.75,0.0888091
2025-12-23 00:00:00+00:00,-0.0012447,1.75036,0.344562,0.0253817,-0.0131081,0.242122,7.74778e-05,4.53943e-05,7.54836e-06,-0.000112775,-0.000997712,-0.00308869,0.00209098,18.8125,0.0923855
2025-12-24 00:00:00+00:00,-0.00167661,1.74743,0.324864,0.0169257,-0.0143777,0.223198,7.17488e-05,4.22228e-05,7.02744e-06,-0.000116909,-0.00143443,-0.000610018,-0.00082441,19.0417,0.0906167
2025-12-25 00:00:00+00:00,-0.0075912,1.73416,0.376721,0.0302385,-0.0157461,0.442652,0.000146302,0.000116133,4.32232e-05,-0.000237477,-0.00706273,-0.00331539,-0.00374734,21.0208,0.0843485
2025-12-26 00:00:00+00:00,-0.00577634,1.72415,0.51417,0.0519156,-0.0157103,0.415213,0.000132847,4.96953e-05,1.50242e-05,-0.000260996,-0.00531215,0.0014958,-0.00680796,21.2917,0.0793358
2025-12-27 00:00:00+00:00,-0.00197451,1.72074,0.62549,0.0822468,-0.023452,0.459976,0.000147997,6.63174e-05,1.50074e-05,-0.000130454,-0.00159847,0.00590484,-0.00750331,21.0417,0.0729322
2025-12-28 00:00:00+00:00,0.00979179,1.73759,0.939132,0.133111,-0.0286671,0.945784,0.000302729,0.000130191,3.45849e-05,-0.00016431,0.0103908,0.00185808,0.00853271,21.2917,0.0711233
2025-12-29 00:00:00+00:00,-0.00106375,1.73574,0.669078,0.103845,-0.0272496,1.22373,0.000391456,0.000199578,9.0757e-05,0.000193721,-0.000550403,-0.00113192,0.000581517,22.5625,0.077349
2025-12-30 00:00:00+00:00,-0.00227419,1.7318,0.699633,0.124517,-0.0274489,0.709033,0.000234657,0.000132074,0.000241995,2.9075e-06,-0.00163709,0.00399605,-0.00563314,23.7083,0.0821897
2025-12-31 00:00:00+00:00,-0.00164475,1.72895,0.852765,0.163214,-0.0271688,0.912323,0.000293411,0.000126079,5.11726e-05,-0.00014263,-0.000944703,-0.00395981,0.00301511,25.1667,0.0800103
2026-01-01 00:00:00+00:00,-0.00260556,1.72444,0.850016,0.146628,-0.0206569,0.797686,0.000269009,5.87303e-05,6.45926e-05,-0.000105608,-0.00209057,0.00929124,-0.0113818,24.6875,0.0743138
2026-01-02 00:00:00+00:00,-0.0152797,1.69809,0.847955,0.158475,-0.0204771,0.946951,0.000325755,8.72739e-05,6.23229e-05,-0.000246124,-0.0146459,0.0112875,-0.0259333,25.875,0.0741867
2026-01-03 00:00:00+00:00,0.00178625,1.70113,0.6618,0.114135,-0.0229424,0.550346,0.000176134,0.00011255,2.24405e-05,-0.000155575,0.00226517,0.00536036,-0.00309519,26.5625,0.073042
2026-01-04 00:00:00+00:00,-0.00410263,1.69415,0.493074,0.083725,-0.0171403,0.424478,0.000141918,7.12684e-05,2.54562e-05,-0.000393329,-0.0034706,0.0036031,-0.0070737,25.5,0.0719066
2026-01-05 00:00:00+00:00,0.00959376,1.7104,0.446473,0.0782427,-0.0158324,0.486096,0.000155662,5.96878e-05,4.85753e-05,-0.000384534,0.010212,0.00875846,0.0014535,23,0.0717304
2026-01-06 00:00:00+00:00,0.00143722,1.71286,0.394115,0.0534399,-0.0127521,0.252209,8.07168e-05,4.28784e-05,7.85148e-06,-0.000308866,0.00188619,0.00137118,0.000515008,20.9583,0.0761243
2026-01-07 00:00:00+00:00,-0.00604267,1.70251,0.369869,0.0564645,-0.0127611,0.417748,0.000137317,7.52008e-05,0.000113858,-0.000409078,-0.00529901,-0.00687805,0.00157904,23.3542,0.0731589
2026-01-08 00:00:00+00:00,0.000881653,1.70401,0.34267,0.0578151,-0.0106386,0.27574,8.98061e-05,5.45278e-05,9.4897e-06,-0.000133493,0.00118015,-0.00216073,0.00334088,19.3333,0.0697148
2026-01-09 00:00:00+00:00,-0.00464507,1.6961,0.324431,0.048303,-0.0125755,0.187952,6.0143e-05,5.08421e-05,6.26787e-06,-0.000124563,-0.00440464,-0.0007949,-0.00360974,16.0208,0.0691727
2026-01-10 00:00:00+00:00,0.00328383,1.70167,0.279409,0.0368393,-0.0116267,0.149068,4.77048e-05,4.71107e-05,5.50033e-06,-9.77234e-05,0.00348041,0.000349001,0.0031314,12.6042,0.0667233
2026-01-11 00:00:00+00:00,0.00077621,1.70299,0.282726,0.0334498,-0.0157318,0.154849,4.95506e-05,4.57601e-05,4.19172e-06,-8.59086e-05,0.000965848,0.00178605,-0.0008202,13.4375,0.0675306
2026-01-12 00:00:00+00:00,0.00552135,1.71239,0.296956,0.0343916,-0.0178933,0.426622,0.000136537,8.66027e-05,6.10651e-05,-0.000168418,0.00596916,-0.000611712,0.00658087,15.8958,0.0686454
2026-01-13 00:00:00+00:00,0.0014712,1.71491,0.361488,0.041187,-0.0165193,0.436174,0.000139619,9.23829e-05,1.34382e-05,-0.000120131,0.00186376,0.0112756,-0.00941183,17.5,0.0694647
2026-01-14 00:00:00+00:00,0.00102779,1.71667,0.471475,0.0730053,-0.00891364,0.530403,0.000174276,0.000117466,2.73314e-05,-0.00115143,0.00256024,0.00150009,0.00106015,18.0625,0.0717699
2026-01-15 00:00:00+00:00,0.000707794,1.71789,0.464822,0.0683432,-0.00905604,0.422338,0.000135114,7.18843e-05,2.42251e-05,-0.00066269,0.0016366,-0.003978,0.0056146,19.3542,0.0751632
2026-01-16 00:00:00+00:00,-0.00384295,1.71128,0.4987,0.0729572,-0.0109942,0.576486,0.000184441,6.69915e-05,1.33149e-05,-0.000816265,-0.00275815,0.000606499,-0.00336465,19.7083,0.0738585
2026-01-17 00:00:00+00:00,4.54925e-05,1.71136,0.530114,0.058797,-0.0103281,0.485231,0.000155277,2.98136e-05,9.53098e-06,-4.60438e-05,0.000291213,-0.000634745,0.000925958,19.8542,0.0712002
2026-01-18 00:00:00+00:00,0.000479795,1.71218,0.478114,0.0349986,-0.0145137,0.289902,9.2773e-05,2.09718e-05,5.57386e-06,-0.000217133,0.000825622,-0.00560862,0.00643424,17.1042,0.0731221
2026-01-19 00:00:00+00:00,0.0172914,1.74179,0.452377,0.0652303,-0.0178553,0.860211,0.000277441,4.94141e-05,0.000131587,-0.000300775,0.0179687,-0.00277465,0.0207434,21.7708,0.0758719
2026-01-20 00:00:00+00:00,0.0039901,1.74874,0.420447,0.0614312,-0.0165856,0.612046,0.000195877,3.957e-05,2.23218e-05,-1.79908e-05,0.00427279,-0.0133027,0.0175755,21.875,0.0789578
2026-01-21 00:00:00+00:00,-0.00620157,1.73789,0.402298,0.0444755,-0.010253,0.434812,0.000139118,3.75561e-05,1.50504e-05,0.00012622,-0.00613253,0.00625621,-0.0123887,21.8333,0.0747196
2026-01-22 00:00:00+00:00,4.94239e-05,1.73798,0.276771,0.028999,-0.00512975,0.211773,6.77659e-05,1.36695e-05,5.66481e-06,-5.70783e-05,0.000196852,-0.000690197,0.000887049,18.25,0.069351
2026-01-23 00:00:00+00:00,-0.00278388,1.73314,0.2745,0.0337008,-0.00534607,0.28051,8.97602e-05,1.98801e-05,1.00018e-05,-0.000365147,-0.00229343,5.93903e-06,-0.00229936,19.2917,0.0645733
2026-01-24 00:00:00+00:00,-0.00291393,1.72809,0.363762,0.0554924,-0.00718157,0.294278,9.41594e-05,2.20122e-05,9.48109e-06,-0.000328137,-0.00245703,0.00127559,-0.00373261,18.5,0.0601528
2026-01-25 00:00:00+00:00,0.00823969,1.74233,0.344464,0.068905,-0.00736225,0.306017,9.79442e-05,3.04701e-05,7.03604e-06,2.74664e-05,0.00832011,-0.00802188,0.016342,17.7917,0.0560504
2026-01-26 00:00:00+00:00,-0.00109614,1.74042,0.312357,0.0579666,-0.00499508,0.34962,0.000111912,5.89891e-05,2.9437e-05,0.000300924,-0.00118694,0.00807899,-0.00926594,17.875,0.0609077
2026-01-27 00:00:00+00:00,-0.0059388,1.73008,0.357863,0.080275,-0.00508843,0.429495,0.000141542,8.3068e-05,1.90795e-05,0.000121891,-0.00582426,0.00567381,-0.0114981,17.6667,0.0590294
2026-01-28 00:00:00+00:00,0.00542105,1.73946,0.515436,0.12129,-0.00433203,0.748432,0.000244976,0.00017621,3.56941e-05,0.000229283,0.00566081,-0.0015775,0.00723831,20.3958,0.0559995
2026-01-29 00:00:00+00:00,-9.25438e-06,1.73945,0.47302,0.0899531,-0.00178505,0.745058,0.00023843,0.000112624,2.51449e-05,9.96229e-05,0.000298128,-0.0158828,0.016181,20.0625,0.0593879
2026-01-30 00:00:00+00:00,0.00342143,1.7454,0.380404,0.0725231,-0.00358362,0.800801,0.000260613,0.000117707,3.57283e-05,2.89675e-05,0.00383498,-0.00433811,0.00817309,22.75,0.0575824
2026-01-31 00:00:00+00:00,0.00415368,1.75265,0.282121,0.0429221,-0.000819288,0.602995,0.000203064,0.000114191,2.66992e-05,1.54924e-05,0.004489,-0.0118169,0.0163059,17.5625,0.0584914
2026-02-01 00:00:00+00:00,-0.00532897,1.74331,0.385927,0.0490834,0.000288278,0.593279,0.000191036,0.000159115,2.845e-05,-4.72446e-05,-0.00488661,-0.0104544,0.00556779,21.1667,0.0584314
2026-02-02 00:00:00+00:00,0.00822797,1.75765,0.554884,0.0449802,0.00434481,0.743269,0.000238004,0.000132118,0.000149633,6.65148e-05,0.00868672,0.00926274,-0.000576021,22.8333,0.055068
2026-02-03 00:00:00+00:00,-0.011487,1.73746,0.653329,0.0547612,0.000847,0.477096,0.00015507,9.73568e-05,6.19248e-05,-0.000301311,-0.0108979,-0.0146875,0.00378964,24,0.0546851
2026-02-04 00:00:00+00:00,-0.023118,1.6973,0.661708,0.0394979,0.000242095,0.642809,0.000228726,7.74026e-05,4.61735e-05,-0.000682591,-0.0222849,-0.0196882,-0.00259673,24.25,0.049547
2026-02-05 00:00:00+00:00,-0.00684611,1.68568,0.62183,0.0114319,0.00264108,0.299179,0.000109721,0.000123772,1.41128e-05,-0.000925943,-0.00563454,-0.0497971,0.0441625,24.625,0.0417954
2026-02-06 00:00:00+00:00,0.00705703,1.69757,0.647369,-0.000994796,0.00163302,0.380244,0.000135199,6.07848e-05,3.79215e-05,-0.000303102,0.00763279,0.0409455,-0.0333127,22.125,0.0365144
2026-02-07 00:00:00+00:00,-0.00197743,1.69421,0.711283,0.0295689,0.00584375,0.194915,6.23541e-05,3.5162e-05,1.2713e-05,-0.00041691,-0.00140235,-0.00180472,0.000402368,24,0.0397536
2026-02-08 00:00:00+00:00,-0.0287311,1.64554,0.761231,0.0327933,-0.00246099,0.13899,4.43751e-05,7.00499e-06,1.59044e-05,-0.00150693,-0.0274971,0.00109966,-0.0285968,24,0.0395159
2026-02-09 00:00:00+00:00,0.00951127,1.66119,0.741965,0.0262007,-0.00698886,0.104533,3.35699e-05,2.03813e-05,3.35392e-05,-0.00183165,0.0114359,-1.63948e-05,0.0114523,24,0.0339249
2026-02-10 00:00:00+00:00,-0.0228139,1.62329,0.732399,0.0327759,-0.00716053,0.0349963,1.1178e-05,5.90831e-06,3.48315e-06,-0.00181245,-0.0211949,-0.0113675,-0.00982738,24,0.0307329
2026-02-11 00:00:00+00:00,-0.0287606,1.5766,0.639139,0.0302442,-0.00614505,0.396931,0.000131366,4.34118e-05,3.93466e-05,-0.00178483,-0.0271122,-0.011343,-0.0157692,23.9792,0.0204268
2026-02-12 00:00:00+00:00,0.000262869,1.57702,0.152556,0.0103975,-0.00113652,0.357443,0.000114386,4.50671e-05,7.29106e-06,-0.000228178,0.00065996,0.00124881,-0.000588852,24,0.0119643
2026-02-13 00:00:00+00:00,0.000922467,1.57847,0.0630667,0.00947978,0.000886611,0.204249,6.53606e-05,2.19454e-05,7.69362e-06,-9.94106e-05,0.00111694,0.00126769,-0.000150753,23.25,0.0122949
2026-02-14 00:00:00+00:00,-0.000438804,1.57778,0.114989,0.0194625,0.00458458,0.266129,8.51602e-05,2.75006e-05,1.29678e-05,-9.98228e-05,-0.000212341,0.000858265,-0.00107061,17.3542,0.0158698
2026-02-15 00:00:00+00:00,0.0013437,1.5799,0.186159,0.0303645,0.00681075,0.380936,0.000121905,4.41927e-05,1.57064e-05,-0.000376228,0.00190272,-0.00219935,0.00410207,13.4792,0.0193714
2026-02-16 00:00:00+00:00,-0.0031046,1.575,0.174114,0.0191506,0.00180308,0.365299,0.000116884,2.57336e-05,2.00211e-05,-0.000313512,-0.0026264,-3.063e-06,-0.00262333,11.8333,0.0192935
2026-02-17 00:00:00+00:00,-0.00109752,1.57327,0.0807007,0.00478534,-0.000687254,0.216133,6.91619e-05,2.58465e-05,1.22127e-05,-0.000270153,-0.000719344,-0.000841039,0.000121695,11.2083,0.0143098
2026-02-18 00:00:00+00:00,-0.00208551,1.56999,0.12237,0.00539765,9.16965e-06,0.276696,8.854e-05,6.86582e-05,2.05739e-05,-0.000408699,-0.00149886,-0.00114106,-0.000357799,8.22917,0.0177771
2026-02-19 00:00:00+00:00,-0.00327382,1.56485,0.175976,-0.000362017,-0.00730527,0.476537,0.000155636,0.000147422,5.23381e-05,-0.000858128,-0.00205898,0.000803291,-0.00286227,10.2708,0.0216768
2026-02-20 00:00:00+00:00,-0.00503028,1.55697,0.147691,-0.00409777,-0.00934558,0.589327,0.00019155,0.00016689,5.78024e-05,-0.00109291,-0.00352766,0.00133013,-0.00485779,13.5833,0.0210797
2026-02-21 00:00:00+00:00,-0.000423214,1.55632,0.107921,-0.00509395,-0.00914681,0.487552,0.000156016,0.000106721,3.54698e-05,-0.000587967,0.000466261,0.000266473,0.000199787,12.0208,0.0197563
2026-02-22 00:00:00+00:00,-0.00129129,1.55431,0.122146,-0.00356838,-0.0165261,0.52719,0.000168698,9.59514e-05,3.41881e-05,-0.000573636,-0.000417898,-0.000604152,0.000186254,11.4375,0.0223974
2026-02-23 00:00:00+00:00,-0.0102653,1.53835,0.0908374,-0.00684605,-0.00782205,0.407681,0.000131804,0.000107361,6.14134e-05,-0.000106964,-0.00990565,-0.00153381,-0.00837184,9.97917,0.0176796
2026-02-24 00:00:00+00:00,0.00231179,1.54191,0.0189821,-0.00383458,-0.00689519,0.159705,5.11089e-05,1.82556e-05,1.86275e-05,-0.000131925,0.00253091,-0.000401095,0.002932,5.70833,0.00878342
2026-02-25 00:00:00+00:00,-0.000242635,1.54153,0.0191717,0.00369309,-0.0028753,0.161061,5.15391e-05,1.14148e-05,2.02352e-05,1.76318e-05,-0.000176528,0.000100488,-0.000277017,4.10417,0.00843675
2026-02-26 00:00:00+00:00,-0.00352849,1.53609,0.0734174,0.0248223,0.000816056,0.350178,0.000114717,2.73485e-05,4.8596e-05,-7.45858e-05,-0.00326165,-0.000441706,-0.00281995,9.0625,0.0150117
2026-02-27 00:00:00+00:00,-0.000767819,1.53491,0.0419837,0.0133534,-0.00345766,0.260126,8.32398e-05,1.68191e-05,2.86216e-05,1.76572e-05,-0.000656299,-0.000720046,6.37471e-05,8.72917,0.0126833
2026-02-28 00:00:00+00:00,-0.00138879,1.53278,0.0211951,0.000987786,-0.0047572,0.22078,7.15195e-05,9.55811e-06,2.01649e-05,2.4694e-05,-0.00131248,-0.000272866,-0.00103961,7.27083,0.00969719
2026-03-01 00:00:00+00:00,-0.000314369,1.5323,0.00359943,-0.00350529,-0.00461036,0.0633952,2.02864e-05,2.5358e-06,8.57679e-06,1.55261e-05,-0.000298472,7.1373e-06,-0.00030561,2.39583,0.00642384
2026-03-02 00:00:00+00:00,-0.000321416,1.53181,0.00132442,-0.00132442,-0.00103061,0.0228555,7.31375e-06,9.14219e-07,3.87454e-06,7.77284e-07,-0.000310092,0,-0.000310092,1.54167,0.00393224
2026-03-03 00:00:00+00:00,0,1.53181,0,0,0,0,0,0,0,0,0,0,0,0,0.00133658
2026-03-04 00:00:00+00:00,0.00144513,1.53402,0.0463173,0.0132645,0.00713716,0.253115,8.09995e-05,1.01249e-05,1.14391e-05,-4.9991e-07,0.00154783,0.0010691,0.000478736,5.08333,0.00893068
2026-03-05 00:00:00+00:00,-0.000335402,1.53351,0.187797,0.0360639,0.00855142,0.377218,0.00012071,1.83267e-05,2.03703e-05,-1.23219e-05,-0.000161097,-0.00320274,0.00304164,11.8958,0.0170552
2026-03-06 00:00:00+00:00,-0.000494321,1.53275,0.119477,0.0220928,0.00522796,0.380773,0.000121847,2.40135e-05,2.06595e-05,-3.13024e-07,-0.000326665,-0.00271439,0.00238773,12.7708,0.0155206
2026-03-07 00:00:00+00:00,0.000573483,1.53363,0.0853634,0.00859529,0.00397007,0.247847,7.93129e-05,1.59343e-05,1.37537e-05,1.05868e-05,0.000672212,-0.000456807,0.00112902,9.41667,0.0148714
2026-03-08 00:00:00+00:00,-0.000233828,1.53327,0.120419,0.00905555,0.00340368,0.297173,9.50933e-05,1.19601e-05,1.28669e-05,1.20048e-05,-0.00012491,-0.00113765,0.00101274,9.66667,0.0176766
2026-03-09 00:00:00+00:00,3.08573e-06,1.53327,0.13411,0.00662392,0.000244875,0.420361,0.000134517,2.72857e-05,1.97704e-05,0.000112545,7.37523e-05,0.00216341,-0.00208966,11.875,0.0185738
2026-03-10 00:00:00+00:00,-0.00102337,1.53171,0.143559,-0.00388332,-0.000109089,0.379572,0.000121464,4.08141e-05,1.44789e-05,-5.69217e-08,-0.000843173,0.00176119,-0.00260436,10.6667,0.0209009
2026-03-11 00:00:00+00:00,-0.000613662,1.53077,0.113884,-0.00466182,0.00149262,0.349953,0.000111982,7.68231e-05,1.45625e-05,-8.07997e-05,-0.00032775,0.000306946,-0.000634696,9.97917,0.0194827
2026-03-12 00:00:00+00:00,-0.00232571,1.52721,0.0859875,-0.00333944,-0.000447564,0.33344,0.000106696,7.02123e-05,1.43771e-05,-8.79448e-05,-0.0020475,3.90514e-05,-0.00208656,9.33333,0.0169185
2026-03-13 00:00:00+00:00,-0.000690836,1.52615,0.0193104,-0.00440542,-0.00200087,0.188922,6.07001e-05,9.07283e-06,9.22446e-06,-6.77676e-05,-0.000543802,0.000218826,-0.000762628,6.375,0.0099133
2026-03-14 00:00:00+00:00,3.12119e-05,1.5262,0.000451706,-0.000449205,-0.000295038,0.00742093,2.3747e-06,3.22598e-07,5.49169e-07,-2.4461e-06,3.69082e-05,-1.82392e-08,3.69265e-05,0.625,0.00433379
2026-03-15 00:00:00+00:00,0,1.5262,0,0,0,0,0,0,0,0,0,0,0,0,0.00402304
2026-03-16 00:00:00+00:00,0.00172331,1.52883,0.0203404,0.00339868,0.00252827,0.15389,4.92486e-05,2.74151e-05,5.14609e-06,-9.35502e-05,0.00189757,0.000680064,0.00121751,3.75,0.00971942
2026-03-17 00:00:00+00:00,0.000270025,1.52924,0.00525025,0.00137456,0.000916192,0.0753455,2.41121e-05,6.12751e-06,1.04678e-06,-4.64425e-07,0.000301763,5.45956e-05,0.000247168,3.60417,0.00143139
2026-03-18 00:00:00+00:00,0,1.52924,0,0,0,0,0,0,0,0,0,0,0,0,0.00356788
2026-03-19 00:00:00+00:00,0,1.52924,0,0,0,0,0,0,0,0,0,0,0,0,0.00181407
2026-03-20 00:00:00+00:00,0,1.52924,0,0,0,0,0,0,0,0,0,0,0,0,0.000830204
2026-03-21 00:00:00+00:00,0,1.52924,0,0,0,0,0,0,0,0,0,0,0,0,0
2026-03-22 00:00:00+00:00,0,1.52924,0,0,0,0,0,0,0,0,0,0,0,0,0
2026-03-23 00:00:00+00:00,0,1.52924,0,0,0,0,0,0,0,0,0,0,0,0,0
2026-03-24 00:00:00+00:00,0,1.52924,0,0,0,0,0,0,0,0,0,0,0,0,0
2026-03-25 00:00:00+00:00,0,1.52924,0,0,0,0,0,0,0,0,0,0,0,0,0
2026-03-26 00:00:00+00:00,0,1.52924,0,0,0,0,0,0,0,0,0,0,0,0,8.70533e-05
2026-03-27 00:00:00+00:00,-0.000217699,1.52891,0.00111813,-0.00111813,-0.000971623,0.021482,6.87411e-06,9.89773e-07,1.75321e-06,-2.25703e-07,-0.000207863,0,-0.000207863,0.5625,0.00384385
2026-03-28 00:00:00+00:00,0.000145323,1.52913,0.000702746,-0.000702746,-0.000605635,0.0126075,4.03447e-06,8.2306e-07,1.12714e-06,3.36797e-08,0.000151274,0,0.000151274,0.875,0.00355227
2026-03-29 00:00:00+00:00,-4.02886e-05,1.52907,0.00544573,-0.00544573,-0.0048316,0.0934977,2.99192e-05,6.48419e-06,9.78824e-06,5.11144e-06,8.32618e-07,0,8.32618e-07,2.3125,0.00611504
2026-03-30 00:00:00+00:00,-0.000393243,1.52847,0.0114869,-0.00722604,-0.00778473,0.154443,4.94214e-05,1.80732e-05,1.18051e-05,1.27013e-05,-0.000326648,-8.92136e-05,-0.000237435,3.5,0.00849202
2026-03-31 00:00:00+00:00,0.000657259,1.52947,0.0105192,-0.00797503,-0.00919597,0.164472,5.26321e-05,2.18277e-05,1.22181e-05,3.78448e-06,0.000740027,3.73387e-05,0.000702688,4.70833,0.00878587
2026-04-01 00:00:00+00:00,-0.000319808,1.52898,0.0601978,-0.0021168,-0.00913155,0.197516,6.32063e-05,1.88151e-05,9.84736e-06,1.85256e-05,-0.000245743,-5.96885e-05,-0.000186054,5.9375,0.0129865
2026-04-02 00:00:00+00:00,-0.00319565,1.5241,0.0723669,-0.0126684,-0.0161761,0.224526,7.18446e-05,2.10367e-05,1.03491e-05,5.25201e-05,-0.00314586,-0.00141471,-0.00173115,7.9375,0.0140546
2026-04-03 00:00:00+00:00,0.00160453,1.52654,0.0468492,-0.0215759,-0.0183395,0.178354,5.70767e-05,3.21967e-05,1.09974e-05,2.9447e-05,0.00167508,0.000176925,0.00149816,7.16667,0.0122665
2026-04-04 00:00:00+00:00,-0.00311986,1.52178,0.0614206,-0.00521478,-0.00897589,0.177447,5.87419e-05,2.6645e-05,1.51191e-05,3.62471e-05,-0.00305816,0.000165727,-0.00322389,6.72917,0.0139997
2026-04-05 00:00:00+00:00,-6.79183e-05,1.52168,0.0206159,-0.00466352,-0.00613136,0.1204,3.85279e-05,7.37015e-06,1.68162e-05,2.22616e-05,-2.71742e-05,-0.000161158,0.000133984,4.16667,0.00968147
2026-04-06 00:00:00+00:00,-0.00333489,1.5166,0.0322279,0.00206088,-0.00520515,0.164587,5.26622e-05,1.45292e-05,2.74647e-05,9.98093e-06,-0.00325409,-0.000408469,-0.00284562,4.27083,0.0103511
2026-04-07 00:00:00+00:00,0.00236864,1.52019,0.0382724,0.00311571,-0.00251725,0.204137,6.53277e-05,2.47209e-05,2.15978e-05,-2.14923e-05,0.00249998,0.00106281,0.00143717,6,0.0110242
2026-04-08 00:00:00+00:00,0.00137929,1.52229,0.0759308,0.0134526,0.00877247,0.167164,5.3494e-05,1.22924e-05,1.03133e-05,-4.69203e-05,0.00150257,-0.000875604,0.00237818,7.375,0.0133686
2026-04-09 00:00:00+00:00,-0.000696124,1.52123,0.067165,0.00503892,0.00261769,0.2699,8.63671e-05,3.34195e-05,2.17586e-05,-3.38638e-05,-0.000520072,0.000131215,-0.000651287,9.22917,0.014496
2026-04-10 00:00:00+00:00,0.000845734,1.52252,0.0346784,0.00137131,0.00155479,0.224531,7.18517e-05,5.32762e-05,2.2432e-05,1.41676e-05,0.000979042,0.000323251,0.000655791,7.10417,0.0123324
2026-04-11 00:00:00+00:00,-0.000607166,1.52159,0.0852225,0.025564,0.0110102,0.286906,9.18112e-05,9.21986e-05,2.14271e-05,5.22718e-05,-0.000453545,0.000423901,-0.000877446,8.79167,0.0168919
2026-04-12 00:00:00+00:00,-0.000770166,1.52042,0.0428845,0.0114045,0.00538778,0.232011,7.42417e-05,4.32919e-05,1.50337e-05,2.23359e-05,-0.000659763,-0.00155425,0.000894487,7.54167,0.0138278
2026-04-13 00:00:00+00:00,0.00209264,1.5236,0.0499027,0.00957036,0.00467192,0.332139,0.000106301,5.49416e-05,2.02131e-05,-9.77776e-05,0.00237096,0.00260264,-0.000231685,7.875,0.0135583
2026-04-14 00:00:00+00:00,-0.00294313,1.51912,0.169697,0.0375992,0.0161837,0.33298,0.000106854,2.47396e-05,1.71172e-05,-0.000271704,-0.00252229,-0.00128443,-0.00123786,10.8333,0.0204109
2026-04-15 00:00:00+00:00,-0.00190921,1.51622,0.214823,0.0519182,0.0135556,0.404503,0.000131717,3.88613e-05,5.92949e-05,-0.000189016,-0.00148301,0.00155591,-0.00303892,14,0.0235651
2026-04-16 00:00:00+00:00,-0.0107347,1.49994,0.136215,0.0427715,0.00341289,0.346357,0.000112835,2.9059e-05,2.27791e-05,4.59843e-05,-0.0106632,-0.000178951,-0.0104843,11.0417,0.0204893
2026-04-17 00:00:00+00:00,0.00524377,1.50781,0.0867176,0.0301955,0.00110336,0.243423,7.79075e-05,5.12899e-05,3.10363e-05,-1.52849e-05,0.00540968,0.00096009,0.00444959,9.5625,0.0157123
2026-04-18 00:00:00+00:00,0.000652733,1.50879,0.174199,0.0444063,-0.000841689,0.199107,6.58098e-05,7.57142e-05,2.40649e-05,-0.000321966,0.00114471,-0.00271483,0.00385953,11.6458,0.0207078
2026-04-19 00:00:00+00:00,0.000407335,1.50941,0.24994,0.0788464,0.00519192,0.354566,0.000113465,2.54669e-05,2.82337e-05,-0.000183412,0.000762367,-0.00587446,0.00663682,12.7917,0.0238529
2026-04-20 00:00:00+00:00,0.00330968,1.5144,0.36992,0.0872681,0.00307335,0.449335,0.000143794,3.11782e-05,2.34026e-05,-9.54955e-05,0.00360694,0.00540931,-0.00180237,18.0417,0.0278429
2026-04-21 00:00:00+00:00,0.000683833,1.51544,0.300982,0.0852874,0.00325568,0.424205,0.000135744,7.19617e-05,1.67729e-05,4.4612e-05,0.000868889,0.000982274,-0.000113385,15.7917,0.0278008
2026-04-22 00:00:00+00:00,0.004417,1.52213,0.275074,0.0752519,0.00168537,0.392613,0.000125656,0.000119478,1.48969e-05,3.78895e-05,0.00463513,0.00254847,0.00208666,13.0625,0.0291991
2026-04-23 00:00:00+00:00,-0.00300718,1.51755,0.302507,0.0817631,-0.00739294,0.464318,0.000148567,6.35313e-05,1.22016e-05,9.06102e-05,-0.00286793,-0.00108764,-0.00178029,12.9375,0.0353216
2026-04-24 00:00:00+00:00,-0.00740762,1.50631,0.198488,0.05102,-0.0101139,0.469231,0.000150094,7.44416e-05,2.18066e-05,-5.34393e-05,-0.0071132,-0.000973299,-0.0061399,14,0.0297357
2026-04-25 00:00:00+00:00,7.07355e-05,1.50642,0.132167,0.0366914,-0.0130173,0.193108,6.1794e-05,3.93208e-05,7.37041e-06,6.65174e-05,0.000115097,0.000127485,-1.23881e-05,9.77083,0.0253442
2026-04-26 00:00:00+00:00,0.00210265,1.50959,0.128854,0.047735,-0.00745348,0.293419,9.39022e-05,7.01265e-05,1.03876e-05,6.78352e-05,0.0022087,0.00150165,0.000707049,8.4375,0.0257069
2026-04-27 00:00:00+00:00,-0.000667341,1.50858,0.158714,0.0586366,0.00887571,0.364018,0.000116485,0.000106354,1.21638e-05,6.15342e-05,-0.000491318,-0.00311375,0.00262243,10.8125,0.0291245
2026-04-28 00:00:00+00:00,-0.000707847,1.50751,0.0777816,0.0281118,0.00498874,0.254637,8.14827e-05,8.58892e-05,1.22191e-05,1.52244e-05,-0.000543495,-0.000785626,0.000242132,8.95833,0.0235338
2026-04-29 00:00:00+00:00,-0.00217929,1.50423,0.0681197,0.0159343,-0.000354119,0.261652,8.37237e-05,5.30526e-05,1.34432e-05,-7.46161e-05,-0.00195544,-0.00043302,-0.00152242,7,0.02081
2026-04-30 00:00:00+00:00,0.00204399,1.5073,0.0559075,0.00793694,-0.0030055,0.172464,5.51915e-05,3.69929e-05,1.02574e-05,2.04048e-05,0.00212569,0.000115402,0.00201029,7.14583,0.0205877
2026-05-01 00:00:00+00:00,-1.30855e-05,1.50728,0.0762757,0.00882813,-0.00518468,0.346417,0.000110854,7.65281e-05,1.61638e-05,3.62395e-05,0.000154699,0.000620607,-0.000465908,8.89583,0.0244692
2026-05-02 00:00:00+00:00,-0.00160658,1.50486,0.085839,0.010244,-0.00408725,0.2122,7.01789e-05,4.15041e-05,1.52616e-05,4.23381e-05,-0.00152103,0.000365379,-0.00188641,7.875,0.0241009
2026-05-03 00:00:00+00:00,0.000587907,1.50574,0.107989,0.0217208,-0.00489823,0.19889,6.36443e-05,3.02807e-05,5.62045e-06,3.51788e-05,0.00065287,-4.25522e-05,0.000695422,9.0625,0.0249257
2026-05-04 00:00:00+00:00,0.000985007,1.50723,0.256553,0.0774246,0.0182987,0.489374,0.00015731,8.13479e-05,4.44276e-05,0.000119455,0.00115773,0.00125913,-0.000101396,13.1458,0.0302182
2026-05-05 00:00:00+00:00,-0.00088124,1.5059,0.299021,0.099984,0.0208316,0.333215,0.000112354,4.50544e-05,3.53912e-05,0.000148143,-0.000832233,0.00114023,-0.00197246,13.8542,0.0322307
2026-05-06 00:00:00+00:00,-0.00598648,1.49688,0.321571,0.0981995,0.0187571,0.254509,8.16843e-05,3.64744e-05,1.57452e-05,0.000152019,-0.00601759,-0.000430184,-0.0055874,14.7708,0.0328668
2026-05-07 00:00:00+00:00,-0.00113697,1.49518,0.240849,0.0714128,0.00888242,0.37249,0.000119195,4.58368e-05,1.83951e-05,0.000112905,-0.00106365,-0.00291761,0.00185395,14.9792,0.0295819
2026-05-08 00:00:00+00:00,-0.00236743,1.49164,0.108608,0.0335965,0.00155353,0.344729,0.000110306,3.88433e-05,2.39537e-05,3.33327e-05,-0.00222965,0.000110229,-0.00233988,12.1667,0.0217458
2026-05-09 00:00:00+00:00,-5.15673e-06,1.49163,0.0616752,0.0204758,0.000402276,0.197778,6.35094e-05,1.19921e-05,1.41619e-05,2.09668e-05,6.39907e-05,0.000319788,-0.000255797,8.52083,0.0174858
2026-05-10 00:00:00+00:00,0.00142551,1.49376,0.0469327,0.0154065,0.00143507,0.178788,5.72157e-05,1.40764e-05,8.15426e-06,2.71015e-05,0.00147707,0.000903361,0.000573712,7.5,0.0175057
2026-05-11 00:00:00+00:00,0.00106977,1.49536,0.184554,0.0656623,0.0089714,0.380506,0.000121762,2.38233e-05,1.79032e-05,1.94521e-05,0.00121497,-1.4225e-05,0.0012292,11.3125,0.0233104
2026-05-12 00:00:00+00:00,-0.00439437,1.48879,0.226972,0.0761933,0.00979738,0.390001,0.000128727,0.000113541,5.25739e-05,3.48585e-06,-0.00410876,-0.00370607,-0.000402685,13.5208,0.0266973
2026-05-13 00:00:00+00:00,1.17455e-05,1.48881,0.135977,0.0464235,0.00831754,0.223475,7.15129e-05,4.91375e-05,1.16158e-05,-3.15403e-06,0.000149476,-0.00123008,0.00137955,9.89583,0.0245594
2026-05-14 00:00:00+00:00,0.00101635,1.49032,0.138344,0.044819,0.00946804,0.236667,7.57388e-05,4.6249e-05,8.8885e-06,1.13601e-05,0.00113759,0.00139286,-0.000255277,9.52083,0.0255816
2026-05-15 00:00:00+00:00,0.000987059,1.49179,0.215937,0.0631868,0.0118153,0.266438,8.52664e-05,2.44917e-05,1.22705e-05,-5.41626e-05,0.00116423,-0.0039358,0.00510002,11.4167,0.0304729
2026-05-16 00:00:00+00:00,-0.000725565,1.49071,0.30793,0.0797272,-0.00269396,0.459935,0.000147184,0.00010072,2.86653e-05,-0.000507975,6.76801e-05,-0.00275992,0.0028276,13.625,0.0408187
2026-05-17 00:00:00+00:00,7.82968e-06,1.49072,0.339248,0.0857196,-0.00287352,0.407376,0.000140725,0.000134215,2.02868e-05,-0.000286385,0.000598677,-0.00282039,0.00341906,11.5208,0.0389793
2026-05-18 00:00:00+00:00,-0.00151659,1.48846,0.280928,0.0845361,-0.00180412,0.357542,0.000114389,9.02946e-05,3.45693e-05,-6.36431e-05,-0.00121006,-0.000958776,-0.000251279,11,0.0378125
2026-05-19 00:00:00+00:00,0.000522218,1.48924,0.310063,0.0856966,-0.00161759,0.429181,0.000137339,8.56318e-05,1.5463e-05,-4.06773e-05,0.000808557,-0.00111609,0.00192465,12.9167,0.0360858
2026-05-20 00:00:00+00:00,-0.000449347,1.48857,0.356482,0.0784032,-0.00856454,0.488441,0.000156296,7.27932e-05,1.50313e-05,-1.94079e-05,-0.00018178,0.00413822,-0.00432,13.4375,0.0367093
2026-05-21 00:00:00+00:00,0.000107987,1.48873,0.301153,0.0666431,-0.00542075,0.521293,0.000166807,5.92555e-05,1.26581e-05,-5.05742e-06,0.000354986,0.0007323,-0.000377314,15.2917,0.0348227
2026-05-22 00:00:00+00:00,-0.00131863,1.48676,0.333751,0.069423,-0.00578551,0.526644,0.000171069,8.08434e-05,1.94023e-05,1.70886e-05,-0.00106228,-0.00691194,0.00584966,16.2083,0.0354562
2026-05-23 00:00:00+00:00,-0.00300513,1.4823,0.251737,0.0548369,-0.00655834,0.531721,0.00017016,6.93739e-05,1.4415e-05,3.00815e-05,-0.00278112,0.00246701,-0.00524813,16.4792,0.0331068
2026-05-24 00:00:00+00:00,-0.00198368,1.47936,0.199332,0.0325609,-0.00238186,0.331196,0.000108944,4.76693e-05,2.40733e-05,-1.81347e-06,-0.00180006,-0.00012035,-0.00167972,12.9583,0.0312417
2026-05-25 00:00:00+00:00,-0.000456989,1.47868,0.216756,0.0504058,-0.00388425,0.597089,0.000191129,9.09776e-05,2.54017e-05,-1.75885e-05,-0.000125763,-0.000240055,0.000114293,14.7292,0.0299895
2026-05-26 00:00:00+00:00,-0.00144349,1.47654,0.314584,0.0923347,-0.00183807,0.406185,0.000129974,8.98997e-05,1.37934e-05,-6.18199e-05,-0.00114276,-0.0035807,0.00243794,15.6667,0.0322662
2026-05-27 00:00:00+00:00,-0.000697994,1.47551,0.349268,0.0861934,-0.00424732,0.67846,0.000217111,9.9659e-05,1.74139e-05,-4.50522e-05,-0.000312853,-0.00470538,0.00439252,17.4583,0.0343204
2026-05-28 00:00:00+00:00,0.00687579,1.48566,0.363944,0.0726027,0.00114184,0.745757,0.000238685,0.000141931,2.71552e-05,2.32709e-05,0.00724355,0.000471793,0.00677176,19.3125,0.0363368
2026-05-29 00:00:00+00:00,-0.00494109,1.47832,0.344505,0.065125,-0.000603892,0.655228,0.000212064,0.000119649,3.34542e-05,7.96145e-06,-0.00458654,0.000428928,-0.00501547,19.9167,0.0384327
2026-05-30 00:00:00+00:00,0.0162546,1.50235,0.412704,0.0823049,0.00167664,0.837742,0.000269839,0.000142262,3.44188e-05,-0.000139295,0.0167249,0.0140266,0.00269827,18.4167,0.037682
2026-05-31 00:00:00+00:00,-0.00192432,1.49946,0.633019,0.173022,-0.003822,0.605001,0.000193613,7.01464e-05,2.29771e-05,-0.000353535,-0.00126752,-0.00176914,0.000501617,19.75,0.0434589
2026-06-01 00:00:00+00:00,-0.0159574,1.47553,0.517267,0.165195,-0.00506646,1.36029,0.00044712,0.000296961,0.000167788,-0.000494301,-0.0146458,-0.00337108,-0.0112747,19.9375,0.0405076
2026-06-02 00:00:00+00:00,-0.00447134,1.46893,0.280222,0.0952023,-0.00781419,0.745082,0.000257469,8.06591e-05,4.18966e-05,-0.00036042,-0.00371431,-0.0118707,0.00815641,18.625,0.0316138
2026-06-03 00:00:00+00:00,-0.00776815,1.45752,0.220676,0.0746034,0.00222662,0.449105,0.000153996,9.73467e-05,2.48056e-05,-3.29168e-05,-0.00748217,-0.00354637,-0.00393579,20.8958,0.0274027
2026-06-04 00:00:00+00:00,-0.001256,1.45569,0.130345,0.0385742,0.000755597,0.296776,9.86939e-05,6.74106e-05,1.41837e-05,2.5738e-05,-0.00109933,-0.00326964,0.00217031,17.7917,0.0215652
2026-06-05 00:00:00+00:00,-0.000984773,1.45426,0.0868892,0.0192303,-0.000122266,0.235385,7.9045e-05,1.95166e-05,5.39602e-06,6.32396e-05,-0.000943194,-0.0036473,0.00270411,14.5,0.0172311
2026-06-06 00:00:00+00:00,-0.00405089,1.44837,0.0492387,0.00576242,0.000316788,0.125022,4.00032e-05,9.48981e-06,3.53827e-06,-1.42917e-05,-0.0039907,-0.000438957,-0.00355174,11.4167,0.0139263
2026-06-07 00:00:00+00:00,6.43367e-05,1.44846,0.00669675,3.74869e-05,-0.000979932,0.0631551,2.05316e-05,3.03407e-06,6.50813e-06,-3.4589e-05,0.000129333,0.000345556,-0.000216223,3.29167,0.00571858
2026-06-08 00:00:00+00:00,-3.42598e-05,1.44841,0.000318935,-0.000318935,-0.00044636,0.0126272,4.04071e-06,5.05089e-07,1.91464e-06,1.03653e-06,-2.88333e-05,0,-2.88333e-05,0.375,0.00313862
2026-06-09 00:00:00+00:00,-6.4183e-05,1.44832,0.00100164,-0.00100164,-0.00146846,0.035796,1.14547e-05,1.43184e-06,5.53957e-06,1.44248e-06,-4.71737e-05,0,-4.71737e-05,1,0.00471721
2026-06-10 00:00:00+00:00,-0.000204678,1.44802,0.00252754,-0.0010591,-0.00159163,0.0398585,1.27547e-05,8.94401e-06,4.89301e-06,1.08073e-06,-0.000179169,-0.000114234,-6.49351e-05,2.02083,0.00516997
2026-06-11 00:00:00+00:00,1.19713e-05,1.44804,0.00551427,-0.00164329,-0.00275256,0.0472597,1.51231e-05,2.58046e-05,4.27378e-06,1.86159e-06,5.53576e-05,0.000217019,-0.000161661,3.41667,0.00827582
2026-06-12 00:00:00+00:00,7.75901e-05,1.44815,0.00037238,-0.00037238,-0.00047845,0.00696534,2.22892e-06,8.12642e-07,8.88722e-07,3.90825e-07,8.11339e-05,0,8.11339e-05,0.333333,0.0060714
2026-06-13 00:00:00+00:00,-7.70784e-05,1.44804,0.00402594,0.000696466,-0.000353417,0.0318512,1.01924e-05,2.37845e-06,5.22291e-07,2.54458e-07,-6.42028e-05,2.45896e-05,-8.87925e-05,1.6875,0.00938639
2026-06-14 00:00:00+00:00,-0.000216196,1.44773,0.0107996,0.00223796,-0.0016825,0.0784089,2.50907e-05,2.55252e-05,2.94276e-06,5.22552e-06,-0.000167806,0.000191138,-0.000358944,4.41667,0.0109051
2026-06-15 00:00:00+00:00,9.83123e-05,1.44787,0.0176112,0.00679723,0.00100147,0.104806,3.35384e-05,3.92418e-05,4.37609e-06,4.18291e-06,0.000171369,1.12146e-05,0.000160154,5.35417,0.0106779
2026-06-16 00:00:00+00:00,-0.00172806,1.44537,0.0272249,0.011231,0.00173246,0.132607,4.28553e-05,3.96511e-05,9.22964e-06,7.73359e-06,-0.00164529,-0.000168713,-0.00147657,6.8125,0.0114588
2026-06-17 00:00:00+00:00,0.000172601,1.44562,0.00156962,0.000833643,0.000189029,0.0325748,1.04278e-05,1.46165e-05,1.46189e-06,6.8758e-07,0.000198422,1.72154e-06,0.0001967,1.5625,0.00747856
2026-06-18 00:00:00+00:00,1.17048e-06,1.44562,3.01067e-05,3.01067e-05,1.52606e-05,0.00176548,5.64955e-07,7.06193e-08,2.41265e-09,0,1.80847e-06,1.80847e-06,0,0.104167,0.00248414
2026-06-19 00:00:00+00:00,0,1.44562,0,0,0,0,0,0,0,0,0,0,0,0,0.000720701
2026-06-20 00:00:00+00:00,2.37627e-05,1.44565,0.0144776,0.00748017,0.00177276,0.0975047,3.12016e-05,1.14356e-05,4.18399e-06,-7.26953e-05,0.00014331,0.000214976,-7.16658e-05,3.0625,0.00902793
2026-06-21 00:00:00+00:00,-0.000543783,1.44487,0.0624182,0.0241632,0.00403194,0.185955,5.95052e-05,5.1243e-05,9.35586e-06,-9.64955e-05,-0.000327113,-0.000744346,0.000417232,8.91667,0.0159149
2026-06-22 00:00:00+00:00,0.000292403,1.44529,0.0725389,0.0220515,0.00310373,0.210442,6.73437e-05,7.13988e-05,1.02218e-05,4.61212e-05,0.000395638,0.000306135,8.95023e-05,9.3125,0.0160758
2026-06-23 00:00:00+00:00,-0.000207167,1.44499,0.056345,0.0132081,-0.0011588,0.131822,4.21831e-05,2.33659e-05,4.05783e-06,9.93955e-05,-0.000236033,-0.00104252,0.000806487,7.10417,0.0154785
2026-06-24 00:00:00+00:00,0.000831639,1.44619,0.0171547,0.00197354,-0.0057464,0.0985186,3.19871e-05,2.81692e-05,2.84926e-06,1.15773e-05,0.00088304,-0.000198174,0.00108121,5.9375,0.011667
2026-06-25 00:00:00+00:00,-0.000860917,1.44494,0.0124253,0.000624933,-0.00241866,0.110911,3.54904e-05,6.57976e-05,6.91699e-06,3.97558e-06,-0.000756752,-0.000261311,-0.000495441,5.72917,0.0107895
2026-06-26 00:00:00+00:00,-0.000542616,1.44416,0.0011802,-0.000753741,-0.00104205,0.0386169,1.23573e-05,1.14178e-05,3.17855e-06,1.1542e-06,-0.000516938,-1.26625e-05,-0.000504276,1.41667,0.00561938
2026-06-27 00:00:00+00:00,0,1.44416,0,0,0,0,0,0,0,0,0,0,0,0,0.000663575
2026-06-28 00:00:00+00:00,0,1.44416,0,0,0,0,0,0,0,0,0,0,0,0,0
2026-06-29 00:00:00+00:00,0,1.44416,0,0,0,0,0,0,0,0,0,0,0,0,0
2026-06-30 00:00:00+00:00,0,1.44416,0,0,0,0,0,0,0,0,0,0,0,0,0
2026-07-01 00:00:00+00:00,0,1.44416,0,0,0,0,0,0,0,0,0,0,0,0,0
2026-07-02 00:00:00+00:00,0,1.44416,0,0,0,0,0,0,0,0,0,0,0,0,7.34544e-05
2026-07-03 00:00:00+00:00,-3.63021e-05,1.44411,0.00059654,-0.00059654,-0.000939842,0.0164989,5.27965e-06,2.70348e-06,2.01285e-06,6.31485e-07,-2.69367e-05,0,-2.69367e-05,0.6875,0.00399756
2026-07-04 00:00:00+00:00,-0.000251448,1.44375,0.00407822,-0.000570245,-0.00187569,0.0296485,9.48747e-06,8.84642e-06,1.53431e-06,7.08997e-07,-0.000232247,4.5088e-05,-0.000277335,2.1875,0.00777223
2026-07-05 00:00:00+00:00,8.0026e-05,1.44386,0.00125943,-0.00125943,-0.00143165,0.0273228,8.74332e-06,2.09654e-05,3.96322e-06,5.56551e-07,0.000113146,0,0.000113146,1,0.00630425
2026-07-06 00:00:00+00:00,8.324e-06,1.44387,0.00710064,-0.000165161,-0.0011915,0.0373177,1.19416e-05,3.77777e-06,7.78458e-07,6.79741e-08,2.4788e-05,5.30756e-05,-2.82876e-05,2.41667,0.00989009
2026-07-07 00:00:00+00:00,3.3957e-05,1.44392,0.0290897,0.00981394,0.00365698,0.0652407,2.08772e-05,9.79263e-06,1.15932e-06,8.14053e-06,5.77851e-05,-0.000352135,0.00040992,5.35417,0.0140624
2026-07-08 00:00:00+00:00,6.23499e-05,1.44401,0.0833165,0.0256737,0.00508005,0.104259,3.33632e-05,1.33272e-05,2.82313e-06,2.0132e-05,9.22204e-05,-0.000589554,0.000681775,10.25,0.0198106
2026-07-09 00:00:00+00:00,-0.00210624,1.44097,0.117774,0.0295207,0.00329444,0.146316,4.68183e-05,2.69788e-05,4.77204e-06,2.84172e-05,-0.00205632,0.000461655,-0.00251798,12.0208,0.0226514
2026-07-10 00:00:00+00:00,0.00220059,1.44414,0.106177,0.0309036,0.000369111,0.193265,6.23952e-05,4.7155e-05,7.54334e-06,4.75415e-06,0.00231138,0.00122354,0.00108784,13.4792,0.021697
2026-07-11 00:00:00+00:00,0.00153537,1.44636,0.163148,0.0596438,0.00223692,0.258197,8.26274e-05,5.51583e-05,7.20941e-06,-2.7433e-05,0.0017076,8.31104e-06,0.00169929,14.9375,0.0245664
2026-07-12 00:00:00+00:00,-0.000624161,1.44546,0.171038,0.0614105,0.00111613,0.155585,4.97866e-05,2.99273e-05,3.92513e-06,1.38383e-05,-0.000552864,0.000498511,-0.00105138,13.0833,0.0282541
2026-07-13 00:00:00+00:00,-0.000451561,1.4448,0.146638,0.0523562,0.00113195,0.180824,5.78648e-05,3.2068e-05,6.70017e-06,1.60243e-05,-0.000369431,-0.00208612,0.00171669,10.4792,0.0268583
2026-07-14 00:00:00+00:00,0.00393544,1.45049,0.169757,0.0524338,0.000248101,0.172819,5.53118e-05,1.50849e-05,6.14116e-06,2.72195e-05,0.00398266,0.00555027,-0.00156761,11.5,0.0289619
2026-07-15 00:00:00+00:00,0.00347748,1.45553,0.171785,0.0572233,0.00239283,0.251384,8.04399e-05,3.10742e-05,1.24445e-05,2.60801e-05,0.00357227,0.000241674,0.0033306,12.6042,0.0285554
2026-07-16 00:00:00+00:00,-0.00606892,1.4467,0.242023,0.0850621,-0.00535271,0.276277,9.05115e-05,4.20717e-05,4.73673e-05,7.35263e-05,-0.00596753,-0.00307957,-0.00288796,14.375,0.0333006
2026-07-17 00:00:00+00:00,-0.000268058,1.44631,0.163999,0.0741348,-0.00488383,0.148077,4.73821e-05,2.91847e-05,6.66809e-06,4.83165e-05,-0.000229795,0.000251562,-0.000481357,11.5208,0.0278461
2026-07-18 00:00:00+00:00,0.00138109,1.44831,0.186937,0.0806524,-0.00333476,0.157789,5.0493e-05,1.82126e-05,6.94443e-06,-3.28536e-05,0.00149222,0.00188597,-0.00039375,12.3958,0.0288028
2026-07-19 00:00:00+00:00,0.00195949,1.45115,0.217883,0.0879152,-0.00288517,0.144272,4.69819e-05,9.48291e-06,1.32241e-05,-0.000139453,0.00217045,0.000249088,0.00192136,13,0.0320451
2026-07-20 00:00:00+00:00,0.00234561,1.45455,0.271983,0.10212,-0.00997828,0.347833,0.000111314,4.10041e-05,3.42916e-05,-3.06989e-05,0.00256869,0.0013264,0.0012423,17.2083,0.0364798
2026-07-21 00:00:00+00:00,0.00479473,1.46153,0.306725,0.124942,-0.0101986,0.270139,8.64624e-05,4.47317e-05,1.22023e-05,7.94843e-06,0.00492613,0.00401939,0.000906743,18.1667,0.0397057
2026-07-22 00:00:00+00:00,-0.00097833,1.4601,0.308837,0.132401,-0.0176362,0.363114,0.00012101,4.97037e-05,2.34758e-05,-7.67787e-05,-0.00069323,0.00134007,-0.0020333,16.8125,0.0425057
2026-07-23 00:00:00+00:00,-0.00230446,1.45673,0.26192,0.12395,-0.0149503,0.250339,8.01046e-05,3.9357e-05,7.87693e-06,-0.000170602,-0.0020062,-0.00199211,-1.40892e-05,17.0208,0.040006
2026-07-24 00:00:00+00:00,-0.00554761,1.44865,0.220817,0.115047,-0.00924355,0.24841,7.99942e-05,5.5362e-05,1.2324e-05,-0.000232397,-0.00517478,-0.00242351,-0.00275127,13.9375,0.0366224
2026-07-25 00:00:00+00:00,-0.000143212,1.44844,0.156626,0.0788013,-0.00624587,0.122542,3.92132e-05,5.07784e-05,3.57212e-06,-7.75478e-05,2.93661e-05,0.000219735,-0.000190369,10.3125,0.0310952
2026-07-26 00:00:00+00:00,0.00425399,1.4546,0.172341,0.0816448,-0.00108808,0.151799,4.93155e-05,2.91384e-05,3.81689e-06,-0.000297445,0.00462591,0.00330066,0.00132525,10.6458,0.0307041
2026-07-27 00:00:00+00:00,-0.00154908,1.45235,0.208215,0.0941436,0.00739069,0.194023,6.20795e-05,4.46614e-05,1.2501e-05,-0.000416659,-0.00100977,-0.00456662,0.00355685,13.5625,0.0341775
2026-07-28 00:00:00+00:00,-7.62702e-05,1.45224,0.178046,0.0725101,0.0109428,0.188393,6.02834e-05,7.9311e-05,9.40231e-06,-0.000204193,0.000281014,0.000893456,-0.000612442,14.3958,0.0319557
2026-07-29 00:00:00+00:00,0.00140007,1.45427,0.216717,0.0795215,0.0156413,0.261202,8.35882e-05,8.27644e-05,9.50707e-06,-9.88816e-05,0.00167827,9.94993e-06,0.00166832,17.7708,0.0335531
2026-07-30 00:00:00+00:00,0.00262098,1.45808,0.264751,0.104218,0.0128463,0.323959,0.000103678,7.55151e-05,1.2613e-05,-0.000331207,0.00314456,0.00132468,0.00181989,18.8333,0.0390164
2026-07-31 00:00:00+00:00,-0.00545784,1.45013,0.312284,0.129693,0.00966733,0.267041,8.54346e-05,3.44703e-05,1.04379e-05,-0.000186981,-0.00514483,-0.00316956,-0.00197527,16.6042,0.041499
2026-08-01 00:00:00+00:00,0.00319359,1.45476,0.249746,0.114614,0.00708782,0.227577,7.2829e-05,3.40877e-05,1.10356e-05,-0.000135134,0.00344652,-0.00117748,0.004624,15.9375,0.0377621
2026-08-02 00:00:00+00:00,-0.00107964,1.45319,0.240601,0.105316,0.00234065,0.206625,6.61169e-05,4.82315e-05,7.81222e-06,-4.37393e-05,-0.000912186,0.000653218,-0.0015654,16.6875,0.0387244
2026-08-03 00:00:00+00:00,-0.00190332,1.45042,0.215787,0.0786221,-0.000980054,0.234901,7.5159e-05,0.000100821,1.43205e-05,-0.000630534,-0.00108099,-0.00106051,-2.04772e-05,14.5417,0.037848
2026-08-04 00:00:00+00:00,-0.000166681,1.45018,0.210766,0.0750908,0.000107482,0.181654,5.93367e-05,5.68853e-05,6.10683e-06,-0.000314443,0.000273578,0.000916425,-0.000642847,13.6042,0.0367917
2026-08-05 00:00:00+00:00,0.00416233,1.45622,0.198357,0.0815605,0.00409254,0.162289,5.19466e-05,5.33135e-05,6.31163e-06,-6.13764e-05,0.00433398,0.00191111,0.00242287,11,0.0342432
2026-08-06 00:00:00+00:00,-0.000563011,1.4554,0.217986,0.0922115,-0.00344581,0.187673,6.00547e-05,8.6891e-05,8.60039e-06,-8.32117e-05,-0.000318393,-0.000622985,0.000304591,10.2083,0.0382733
2026-08-07 00:00:00+00:00,0.00124494,1.45721,0.234006,0.0873703,-0.000659693,0.214648,6.86922e-05,5.05416e-05,5.92637e-06,-8.90546e-05,0.00146191,0.00112702,0.000334891,9.10417,0.039427
2026-08-08 00:00:00+00:00,-0.00211717,1.45412,0.234455,0.0772459,-0.00128523,0.182396,5.83687e-05,2.25591e-05,4.72222e-06,-4.85997e-05,-0.00198255,-3.58925e-06,-0.00197896,9.10417,0.0422839
2026-08-09 00:00:00+00:00,0.00300622,1.45849,0.236853,0.0769671,-0.0134609,0.131457,4.20681e-05,3.71138e-05,3.77224e-06,-0.000458093,0.00354624,-0.000241798,0.00378804,9.6875,0.0440854
2026-08-10 00:00:00+00:00,0.00152906,1.46072,0.278537,0.086934,-0.0165941,0.267644,8.56421e-05,7.94526e-05,1.47832e-05,-6.84472e-05,0.00178244,-0.00201755,0.00379999,16.0417,0.0462216
2026-08-11 00:00:00+00:00,0.00559282,1.46889,0.303564,0.11138,-0.0183238,0.342108,0.00010949,9.80025e-05,9.99066e-06,-0.000148586,0.00595099,-8.40553e-05,0.00603504,17.25,0.0469889
2026-08-12 00:00:00+00:00,-0.000193728,1.46861,0.435765,0.174296,-0.0101578,0.389866,0.000124753,6.38012e-05,1.13685e-05,-0.000184191,0.000199738,0.00119464,-0.000994903,20.8542,0.0523277
2026-08-13 00:00:00+00:00,-0.000589188,1.46774,0.462786,0.209633,-0.0091008,0.498121,0.00016237,9.58045e-05,2.44667e-05,-0.000382437,9.34159e-05,-0.000714437,0.000807853,20,0.0517983
2026-08-14 00:00:00+00:00,-0.000917635,1.4664,0.471174,0.227955,-0.0240243,0.52233,0.000168136,6.16577e-05,2.26642e-05,-0.000233063,-0.000419185,-0.000360651,-5.85332e-05,18.7917,0.0503095
2026-08-15 00:00:00+00:00,0.00381199,1.47199,0.471909,0.226266,-0.0284008,0.414803,0.000132746,4.57455e-05,9.07408e-06,4.77696e-05,0.00394943,-0.000499229,0.00444866,18.3333,0.0506357
2026-08-16 00:00:00+00:00,0.00261699,1.47584,0.464397,0.18386,-0.0275289,0.389833,0.000124759,7.161e-05,1.79493e-05,-0.000157347,0.00298825,-0.0009901,0.00397835,18.25,0.0533015
2026-08-17 00:00:00+00:00,0.0069154,1.48604,0.475785,0.200634,-0.0248204,0.615533,0.00019783,0.000164649,5.42992e-05,-5.12464e-05,0.0073753,0.0080936,-0.000718301,19.4792,0.0556116
2026-08-18 00:00:00+00:00,0.00134614,1.48805,0.378083,0.15425,-0.0243217,0.340903,0.0001091,6.52038e-05,9.80107e-06,-8.42168e-05,0.00162922,0.000378777,0.00125044,18.8125,0.0605516
2026-08-19 00:00:00+00:00,0.0234022,1.52287,0.435856,0.156158,-0.0103374,0.637545,0.00020932,8.49308e-05,2.81417e-05,-5.98861e-05,0.0235599,0.022686,0.000873903,21.75,0.062718
2026-08-20 00:00:00+00:00,0.00266791,1.52693,0.472631,0.134488,0.0179278,0.335834,0.000107478,3.46836e-05,1.07653e-05,-0.000155323,0.00298711,0.00820471,-0.00521759,22.7917,0.0693436
2026-08-21 00:00:00+00:00,-0.00152758,1.5246,0.449998,0.131656,0.013953,0.36719,0.000120843,5.04149e-05,1.91556e-05,-0.000423258,-0.000883331,0.0130534,-0.0139367,24.9375,0.073251
2026-08-22 00:00:00+00:00,-0.00171199,1.52199,0.585353,0.251587,0.00801842,0.708204,0.000233091,0.000166836,5.74067e-05,-0.00121492,-6.48231e-06,-0.00270721,0.00270072,24.7292,0.0726045
2026-08-23 00:00:00+00:00,-0.0010416,1.5204,0.618323,0.284474,0.00453514,0.458658,0.000146756,8.81457e-05,2.22009e-05,-0.00102523,0.000256529,0.00262277,-0.00236624,24.5417,0.0720592
2026-08-24 00:00:00+00:00,0.00186327,1.52324,0.598379,0.263154,0.00254203,0.714056,0.00022844,0.000232656,8.1015e-05,-7.91939e-05,0.00252002,-0.00214281,0.00466284,24.625,0.0692765
2026-08-25 00:00:00+00:00,-0.00560339,1.5147,0.56555,0.216099,0.00809652,0.417406,0.000133549,0.000147171,1.37535e-05,-6.37656e-05,-0.00522941,-0.00954049,0.00431107,22.0208,0.0689351
2026-08-26 00:00:00+00:00,-0.00151231,1.51241,0.557,0.198756,0.00592496,0.451906,0.000144603,0.000117033,1.50536e-05,-6.3314e-05,-0.00115259,0.00681831,-0.00797091,20.9583,0.064158
2026-08-27 00:00:00+00:00,0.00101401,1.51394,0.555928,0.184284,0.0109064,0.517566,0.000175449,0.000249572,8.49622e-05,-1.17363e-05,0.00156388,0.00814307,-0.00657919,20.0417,0.0620419
2026-08-28 00:00:00+00:00,-0.011695,1.49624,0.612781,0.21719,0.0103151,0.53286,0.000176782,0.000286701,8.10827e-05,-3.53346e-05,-0.0111524,-0.00879864,-0.00235371,19.6458,0.0625119
2026-08-29 00:00:00+00:00,5.03079e-05,1.49631,0.475451,0.15854,0.0042196,0.521582,0.000166866,0.000157057,2.06121e-05,-0.000102737,0.000517535,0.00117557,-0.000658032,19.5,0.0572988
2026-08-30 00:00:00+00:00,0.00600139,1.50529,0.499086,0.165625,-0.00606753,0.462516,0.000148027,0.000134388,1.43609e-05,-0.000296796,0.00659153,-0.00212933,0.00872086,19.7708,0.0564912
2026-08-31 00:00:00+00:00,0.012143,1.52357,0.528636,0.170992,-0.0114582,0.803248,0.000257099,0.000188645,5.95688e-05,-0.000278866,0.0128809,0.0061572,0.00672367,21.6957,0.0621995
