,return,equity,gross,net,beta_exposure,turnover,fees,spread,impact,funding,gross_pnl,pnl_long,pnl_short,n_positions,stops,ic_est
2023-07-31 00:00:00+00:00,0,1,0,0,0,0,0,0,0,0,0,0,0,0,0,0
2023-08-01 00:00:00+00:00,0,1,0,0,0,0,0,0,0,0,0,0,0,0,0,0.000313335
2023-08-02 00:00:00+00:00,0,1,0,0,0,0,0,0,0,0,0,0,0,0,0,0
2023-08-03 00:00:00+00:00,0,1,0,0,0,0,0,0,0,0,0,0,0,0,0,0
2023-08-04 00:00:00+00:00,0,1,0,0,0,0,0,0,0,0,0,0,0,0,0,0.0012578
2023-08-05 00:00:00+00:00,0,1,0,0,0,0,0,0,0,0,0,0,0,0,0,0.00334625
2023-08-06 00:00:00+00:00,0,1,0,0,0,0,0,0,0,0,0,0,0,0,0,0.000286091
2023-08-07 00:00:00+00:00,0,1,0,0,0,0,0,0,0,0,0,0,0,0,0,0.00077022
2023-08-08 00:00:00+00:00,0,1,0,0,0,0,0,0,0,0,0,0,0,0,0,0.00259163
2023-08-09 00:00:00+00:00,0,1,0,0,0,0,0,0,0,0,0,0,0,0,0,0.000360832
2023-08-10 00:00:00+00:00,0,1,0,0,0,0,0,0,0,0,0,0,0,0,0,0
2023-08-11 00:00:00+00:00,0,1,0,0,0,0,0,0,0,0,0,0,0,0,0,0
2023-08-12 00:00:00+00:00,0,1,0,0,0,0,0,0,0,0,0,0,0,0,0,0
2023-08-13 00:00:00+00:00,0,1,0,0,0,0,0,0,0,0,0,0,0,0,0,0
2023-08-14 00:00:00+00:00,0,1,0,0,0,0,0,0,0,0,0,0,0,0,0,0
2023-08-15 00:00:00+00:00,0,1,0,0,0,0,0,0,0,0,0,0,0,0,0,0
2023-08-16 00:00:00+00:00,0,1,0,0,0,0,0,0,0,0,0,0,0,0,0,0
2023-08-17 00:00:00+00:00,0,1,0,0,0,0,0,0,0,0,0,0,0,0,0,0
2023-08-18 00:00:00+00:00,0,1,0,0,0,0,0,0,0,0,0,0,0,0,0,0
2023-08-19 00:00:00+00:00,0,1,0,0,0,0,0,0,0,0,0,0,0,0,0,0
2023-08-20 00:00:00+00:00,0,1,0,0,0,0,0,0,0,0,0,0,0,0,0,0
2023-08-21 00:00:00+00:00,0,1,0,0,0,0,0,0,0,0,0,0,0,0,0,0
2023-08-22 00:00:00+00:00,0,1,0,0,0,0,0,0,0,0,0,0,0,0,0,0
2023-08-23 00:00:00+00:00,0,1,0,0,0,0,0,0,0,0,0,0,0,0,0,0
2023-08-24 00:00:00+00:00,0,1,0,0,0,0,0,0,0,0,0,0,0,0,0,0
2023-08-25 00:00:00+00:00,0,1,0,0,0,0,0,0,0,0,0,0,0,0,0,0
2023-08-26 00:00:00+00:00,0,1,0,0,0,0,0,0,0,0,0,0,0,0,0,4.07688e-05
2023-08-27 00:00:00+00:00,0,1,0,0,0,0,0,0,0,0,0,0,0,0,0,0.000171224
2023-08-28 00:00:00+00:00,0,1,0,0,0,0,0,0,0,0,0,0,0,0,0,0
2023-08-29 00:00:00+00:00,0,1,0,0,0,0,0,0,0,0,0,0,0,0,0,0
2023-08-30 00:00:00+00:00,0,1,0,0,0,0,0,0,0,0,0,0,0,0,0,0.0010552
2023-08-31 00:00:00+00:00,7.16949e-05,1.00007,0.00310453,-0.00226724,-0.00159612,0.00642524,2.05608e-06,1.47155e-06,2.9111e-07,2.18146e-05,5.37051e-05,-4.32428e-05,9.69478e-05,1.20833,0,0.00497068
2023-09-01 00:00:00+00:00,-0.000293113,0.999779,0.00859355,-0.00403107,-0.00190326,0.00644119,2.06136e-06,1.98371e-06,2.64718e-07,4.10548e-05,-0.000329818,-1.62251e-05,-0.000313593,2,0,0.00555578
2023-09-02 00:00:00+00:00,-0.00126541,0.998513,0.0215227,-0.00719185,-0.00243454,0.0130623,4.17962e-06,2.64558e-06,4.42134e-07,1.16655e-05,-0.00127028,-0.000350251,-0.000920029,2.45833,0,0.00883105
2023-09-03 00:00:00+00:00,0.00080808,0.99932,0.0299289,-0.0081332,-0.00188767,0.00536423,1.71658e-06,9.27345e-07,5.02512e-07,4.0501e-05,0.000771376,0.00110048,-0.000329107,3.85417,0,0.00735546
2023-09-04 00:00:00+00:00,0.00050887,0.999829,0.0227142,-0.00537106,-0.000985825,0.00667362,2.13598e-06,2.66998e-07,2.05426e-07,5.54647e-05,0.000456845,-0.000211443,0.000668288,4,0,0.00399764
2023-09-05 00:00:00+00:00,0.000105216,0.999934,0.0219767,-0.00262617,0.0018618,0.00216768,6.93629e-07,8.67037e-08,1.43538e-07,1.97032e-05,8.66369e-05,-9.26734e-05,0.00017931,4.60417,0,0.00489816
2023-09-06 00:00:00+00:00,0.000423362,1.00036,0.02686,-0.00156484,0.00414865,0.0202169,6.46929e-06,8.72643e-07,1.21055e-06,0.000133235,0.000298777,0.00121334,-0.000914567,6.125,0,0.00555963
2023-09-07 00:00:00+00:00,-0.000344572,1.00001,0.0561394,-0.000388677,0.00352621,0.0130146,4.16465e-06,5.20581e-07,5.97788e-07,0.000275876,-0.000614727,-0.00011598,-0.000498747,11.6042,0,0.00918611
2023-09-08 00:00:00+00:00,0.000546854,1.00056,0.06264,0.00282368,0.0114823,0.0165107,5.28352e-06,6.6044e-07,8.82205e-07,0.000518483,3.59397e-05,-0.000647812,0.000683751,12.7917,0,0.00934951
2023-09-09 00:00:00+00:00,0.000257648,1.00082,0.0725835,-0.00297303,0.0107954,0.0142227,4.55173e-06,5.68967e-07,7.04688e-07,0.000529184,-0.00026476,-0.00105741,0.000792649,13.625,0,0.00981639
2023-09-10 00:00:00+00:00,0.00479258,1.00561,0.0847991,-0.00390746,-7.9136e-05,0.0558869,1.78862e-05,9.11612e-06,2.18332e-06,0.00101785,0.003794,0.00211237,0.00168164,14.5417,0,0.0107842
2023-09-11 00:00:00+00:00,0.000295087,1.00591,0.193428,0.0143895,0.014449,0.166748,5.3688e-05,2.31018e-05,1.14759e-05,0.000863753,-0.000473609,-0.0046816,0.00420799,18.3542,1,0.0159397
2023-09-12 00:00:00+00:00,0.00739983,1.01335,0.276247,0.0276062,0.00641457,0.0895692,2.86642e-05,8.8125e-06,5.10743e-06,0.00184721,0.00557095,0.00570321,-0.000132253,23.1875,0,0.0160787
2023-09-13 00:00:00+00:00,0.00513327,1.01856,0.373197,0.0385741,0.00432297,0.168256,5.38503e-05,1.19803e-05,8.20331e-06,0.0019111,0.00329526,0.0064939,-0.00319864,27.0833,0,0.0187415
2023-09-14 00:00:00+00:00,0.0143716,1.03319,0.551118,0.0475499,0.00521558,0.174104,5.57361e-05,2.07461e-05,9.43364e-06,0.00196175,0.0124068,0.0104003,0.00200641,32.3542,0,0.0232113
2023-09-15 00:00:00+00:00,0.0141031,1.04777,0.675709,0.0331427,0.000974102,0.223983,7.17021e-05,3.48323e-05,9.07743e-06,0.00161095,0.012524,0.0185432,-0.00601919,34,0,0.0283896
2023-09-16 00:00:00+00:00,0.00129291,1.04912,0.857491,0.0304704,-0.00558563,0.197464,6.31969e-05,3.00658e-05,8.93431e-06,0.00120643,0.00019922,-0.00250712,0.00270634,35.4375,0,0.033443
2023-09-17 00:00:00+00:00,-0.00785101,1.04088,1.00635,0.0325948,0.00409453,0.229343,7.33662e-05,2.60958e-05,1.22778e-05,0.00155338,-0.00929464,-0.0185994,0.00930475,37.4792,0,0.03429
2023-09-18 00:00:00+00:00,0.00632313,1.04747,1.17861,0.0126188,0.0157643,0.485174,0.00015516,0.000106057,6.44315e-05,0.00119212,0.00547574,0.0161291,-0.0106533,39.9167,0,0.0345338
2023-09-19 00:00:00+00:00,0.00650025,1.05427,1.29849,0.0188782,0.0189565,0.240111,7.68637e-05,4.95945e-05,1.25304e-05,0.00071114,0.00593013,0.0230933,-0.0171632,40,0,0.0357224
2023-09-20 00:00:00+00:00,-0.00388756,1.05018,1.49682,0.0688758,0.0341676,0.362884,0.000116099,6.62945e-05,1.79423e-05,8.39802e-05,-0.00374132,-0.00882089,0.00507957,40,0,0.0369266
2023-09-21 00:00:00+00:00,-0.000177845,1.04999,1.64138,0.0805445,0.0340672,0.365577,0.000117001,6.38691e-05,2.76908e-05,0.000118513,-5.00126e-05,-0.0233024,0.0232524,40,0,0.0359617
2023-09-22 00:00:00+00:00,-0.0203176,1.02866,1.77803,0.053245,0.015719,0.536732,0.000171413,4.67728e-05,4.01008e-05,0.000160449,-0.0203337,0.0125014,-0.0328351,40,0,0.0339481
2023-09-23 00:00:00+00:00,-0.00895677,1.01944,1.84609,0.0213066,0.0263182,0.16011,5.12314e-05,3.26576e-05,9.28485e-06,0.00025005,-0.00912761,-0.0154621,0.00633447,40,0,0.028172
2023-09-24 00:00:00+00:00,0.00443648,1.02396,1.785,0.0311216,0.0124445,0.235585,7.5391e-05,2.57947e-05,1.28617e-05,0.000219297,0.00433494,-0.0106283,0.0149633,40,0,0.0254515
2023-09-25 00:00:00+00:00,0.00930789,1.0335,1.78833,0.0752392,0.0298691,0.224005,7.17561e-05,3.05361e-05,2.1396e-05,0.000160435,0.00925814,0.0212185,-0.0119604,40,0,0.0248144
2023-09-26 00:00:00+00:00,0.0012513,1.03479,1.76091,0.0747649,0.0329942,0.340081,0.000126503,3.74998e-05,2.6351e-05,0.000167931,0.00129438,0.00345733,-0.00216295,40,2,0.0247167
2023-09-27 00:00:00+00:00,0.00409441,1.03903,1.58718,0.0754574,0.0394277,0.319065,0.000102161,3.44731e-05,1.87384e-05,-7.23619e-07,0.00427577,0.00389015,0.00038562,40,0,0.0237724
2023-09-28 00:00:00+00:00,-0.00795994,1.03076,1.40367,0.0423284,0.0275037,0.39543,0.000144491,4.6588e-05,3.39505e-05,7.53431e-05,-0.0078242,0.0163603,-0.0241845,40,2,0.0230979
2023-09-29 00:00:00+00:00,-0.0145628,1.01574,1.28531,0.0113057,0.0201256,0.429408,0.000144413,3.09599e-05,2.71693e-05,-5.21867e-06,-0.0144395,0.00298003,-0.0174195,40,1,0.0191333
2023-09-30 00:00:00+00:00,0.00804137,1.02391,1.13295,0.0111138,0.00499357,0.263263,8.83742e-05,1.87137e-05,1.82972e-05,0.000365593,0.00778522,0.0107522,-0.00296697,40,1,0.0162918
2023-10-01 00:00:00+00:00,-0.00321006,1.02063,1.08724,0.00981192,-9.39043e-05,0.301449,0.000118461,2.13626e-05,3.12265e-05,0.000696372,-0.00372149,0.0264736,-0.0301951,39.9167,3,0.0187321
2023-10-02 00:00:00+00:00,0.00763758,1.02842,0.978359,0.006798,-0.0234666,0.563062,0.000183205,6.06063e-05,7.99813e-05,2.3246e-05,0.0079192,-0.0134977,0.0214169,38.8125,1,0.0202485
2023-10-03 00:00:00+00:00,-0.00829572,1.01989,1.07705,0.0181836,-0.0121092,0.234605,7.50807e-05,1.5233e-05,1.01796e-05,-1.49369e-05,-0.00819015,-0.0198064,0.0116163,40,0,0.0216023
2023-10-04 00:00:00+00:00,-0.0127706,1.00686,1.11827,0.0149534,-0.00669727,0.134008,4.28527e-05,7.16784e-06,6.13219e-06,4.0722e-05,-0.0128212,-0.0117291,-0.00109206,39.8958,0,0.0189573
2023-10-05 00:00:00+00:00,0.00186645,1.00874,1.082,0.0130305,-0.0153045,0.15188,5.17202e-05,8.98199e-06,1.29026e-05,3.07702e-05,0.00191968,-0.00470979,0.00662947,40,1,0.0147271
2023-10-06 00:00:00+00:00,-0.00865857,1.00001,1.01423,0.0346566,-0.00385493,0.169198,6.19642e-05,1.17157e-05,1.56303e-05,-2.51375e-05,-0.00857213,0.00699805,-0.0155702,40,1,0.0142588
2023-10-07 00:00:00+00:00,0.00325397,1.00326,0.979117,0.048987,0.0126439,0.0571136,1.82785e-05,5.95791e-06,2.25068e-06,2.63781e-05,0.00325291,-0.00174685,0.00499976,40,0,0.0132255
2023-10-08 00:00:00+00:00,0.0036296,1.0069,0.952169,0.0344726,-0.000859002,0.111092,3.56046e-05,1.04311e-05,2.80364e-05,2.84346e-05,0.00367872,8.8222e-05,0.0035905,40,0,0.0142171
2023-10-09 00:00:00+00:00,0.0028135,1.00974,0.905858,0.0644476,-0.000929526,0.333413,0.000118999,3.01952e-05,7.28988e-05,2.80649e-05,0.00301449,-0.014975,0.0179895,39.6875,2,0.0150915
2023-10-10 00:00:00+00:00,-0.00905033,1.0006,0.937729,0.0751034,0.00345298,0.0733249,2.34716e-05,8.0955e-06,4.30811e-06,0.000247332,-0.00929589,-0.0106193,0.00132344,40,0,0.0190157
2023-10-11 00:00:00+00:00,-0.00778825,0.992807,0.943211,0.0701362,0.00334054,0.0618578,1.98037e-05,3.7655e-06,3.84387e-06,6.0383e-05,-0.00784214,-0.00723249,-0.000609649,40,0,0.0144902
2023-10-12 00:00:00+00:00,0.000794919,0.993596,0.874618,0.0714875,0.0115184,0.096877,3.54302e-05,2.28206e-05,6.97938e-06,4.59519e-06,0.000858764,-0.00618901,0.00704777,39.6667,1,0.00918075
2023-10-13 00:00:00+00:00,-0.000653931,0.992946,0.804952,0.055958,0.0114961,0.070101,2.24267e-05,4.17636e-06,2.12835e-06,-1.91851e-05,-0.000603758,0.00363459,-0.00423834,39,0,0.00873928
2023-10-14 00:00:00+00:00,-0.00016532,0.992782,0.767252,0.0338454,0.0100527,0.0510407,1.6325e-05,2.04062e-06,1.75967e-06,2.46173e-05,-0.000167102,0.00067154,-0.000838641,39,0,0.00829996
2023-10-15 00:00:00+00:00,0.00379442,0.996549,0.742851,0.00968481,-0.00815937,0.0285016,9.12244e-06,1.7024e-06,2.17696e-06,2.35746e-05,0.0037804,0.00511789,-0.00133749,39.6042,0,0.00724816
2023-10-16 00:00:00+00:00,-0.000406289,0.996144,0.723304,-0.0091498,-0.00757886,0.39054,0.000125003,2.47432e-05,5.81441e-05,5.10341e-05,-0.000245238,0.0074541,-0.00769934,40,0,0.00815975
2023-10-17 00:00:00+00:00,0.00117792,0.997317,0.734883,-0.00291052,0.00112233,0.0310022,1.2174e-05,8.45993e-06,2.35219e-06,3.75939e-05,0.00116755,-0.00687271,0.00804026,39.875,1,0.0100692
2023-10-18 00:00:00+00:00,-0.000834386,0.996485,0.728797,0.00351154,0.00402099,0.0265441,8.49442e-06,3.42267e-06,1.40087e-06,3.09177e-05,-0.000848967,-0.00520957,0.00436061,40,0,0.0116804
2023-10-19 00:00:00+00:00,0.00237799,0.998855,0.715552,0.0138481,0.00315656,0.00712049,2.2786e-06,5.62367e-07,5.6414e-07,3.24042e-05,0.00235159,0.000338272,0.00201332,40,0,0.010999
2023-10-20 00:00:00+00:00,-0.00269805,0.99616,0.71084,0.0213651,0.0102762,0.0370599,1.35889e-05,2.05929e-06,2.58661e-06,3.29604e-05,-0.00271361,0.00864646,-0.0113601,39.1042,1,0.0111264
2023-10-21 00:00:00+00:00,0.000449448,0.996608,0.696839,0.0219433,0.0116357,0.0494023,1.94894e-05,1.01645e-05,3.70013e-06,3.14275e-05,0.000454659,0.0121595,-0.0117048,38.5833,1,0.00856295
2023-10-22 00:00:00+00:00,-0.00103692,0.995574,0.679029,0.0190167,0.00271424,0.0533014,2.27917e-05,1.42896e-05,2.93801e-06,5.83546e-05,-0.00105206,0.00712762,-0.00817967,39.0625,2,0.00627644
2023-10-23 00:00:00+00:00,0.00608715,1.00163,0.576829,0.0209133,-0.000378278,0.200128,7.34581e-05,4.70197e-05,1.73998e-05,0.000106886,0.0061047,0.0207784,-0.0146737,36.7083,4,0.00482581
2023-10-24 00:00:00+00:00,-0.00139491,1.00024,0.506728,0.0215978,0.00464571,0.144919,5.4238e-05,9.34642e-06,1.11083e-05,0.000170541,-0.00148556,0.00339512,-0.00488067,37.625,3,0.00634182
2023-10-25 00:00:00+00:00,-0.00177741,0.998459,0.442403,0.0148732,0.00098202,0.0982727,3.65162e-05,5.61979e-06,1.15952e-05,0.000475765,-0.00219632,0.00427716,-0.00647348,36.2083,3,0.0029838
2023-10-26 00:00:00+00:00,-0.00466105,0.993806,0.323193,0.00868441,0.00244563,0.125209,4.54036e-05,2.29268e-05,1.05975e-05,0.000204687,-0.00479427,-0.000789767,-0.0040045,33.4583,2,0.00103973
2023-10-27 00:00:00+00:00,0.000150811,0.993955,0.292226,0.00763414,0.00170179,0.0101515,3.2465e-06,4.05813e-07,4.67697e-07,4.00607e-05,0.000115989,-0.00299764,0.00311363,33,0,4.46408e-07
2023-10-28 00:00:00+00:00,0.000150086,0.994105,0.295817,0.0067671,0.00210572,0.00402596,1.28846e-06,1.61058e-07,1.80717e-07,1.09469e-06,0.000151503,0.00323955,-0.00308805,33,0,0
2023-10-29 00:00:00+00:00,0.000855203,0.994955,0.297041,0.0068664,0.00280559,0.00223503,7.15181e-07,8.93976e-08,5.55651e-08,8.83679e-06,0.000847991,0.00282437,-0.00197638,33,0,0.000702487
2023-10-30 00:00:00+00:00,0.000545931,0.995498,0.231916,0.00119521,0.000567193,0.0878928,2.9873e-05,1.34702e-05,9.26459e-06,3.55327e-05,0.000563738,0.00227435,-0.00171061,30.6875,1,0.00385868
2023-10-31 00:00:00+00:00,-0.00129003,0.994214,0.225224,0.00795368,0.00631206,0.0194266,6.21681e-06,7.77101e-07,7.13446e-07,1.42685e-05,-0.00129616,-0.0019068,0.000610646,32,0,0.0033662
2023-11-01 00:00:00+00:00,0.00270982,0.996908,0.22498,0.00668165,0.00607209,0.00859424,2.75096e-06,6.73618e-07,7.95383e-08,1.11371e-05,0.00269933,0.00473577,-0.00203644,32,0,0.00145995
2023-11-02 00:00:00+00:00,0.00346814,1.00037,0.223404,0.0105028,0.00789115,0.0607885,1.94561e-05,4.64406e-06,2.80711e-06,1.0078e-05,0.00348031,9.38226e-05,0.00338649,32.875,0,0.00317382
2023-11-03 00:00:00+00:00,-0.000937528,0.999427,0.184843,0.00787885,0.00428461,0,0,0,0,5.78497e-06,-0.00094336,0.000526691,-0.00147005,33,0,0.00449737
2023-11-04 00:00:00+00:00,-0.00110712,0.998321,0.189394,0.00630583,0.00236851,0.0405693,1.74546e-05,3.19347e-06,3.36631e-06,1.88589e-05,-0.00110162,0.00251863,-0.00362024,33.0625,1,0.00420754
2023-11-05 00:00:00+00:00,0.00233566,1.00065,0.175553,0.0115174,0.00858683,0.00991837,3.17451e-06,3.96814e-07,7.89177e-07,8.79519e-06,0.00232992,0.00234502,-1.50933e-05,34,0,0.00254851
2023-11-06 00:00:00+00:00,0.000348888,1.001,0.151952,0.00201599,-0.00133871,0.059624,2.11736e-05,1.02548e-05,5.21222e-06,2.05524e-05,0.000365582,0.00305036,-0.00268477,30.375,1,0.0018158
2023-11-07 00:00:00+00:00,-0.000702562,1.0003,0.150216,0.00958017,0.00593056,0.000313236,1.56635e-07,3.1327e-08,1.08777e-08,6.89457e-05,-0.000770817,-0.00139698,0.000626166,29.2708,1,0.00116473
2023-11-08 00:00:00+00:00,0.000985074,1.00128,0.130122,0.0149669,0.0143561,0.0372174,1.56145e-05,1.48464e-05,3.03685e-06,1.53092e-05,0.00100328,0.00210448,-0.0011012,26.5625,3,0.000253109
2023-11-09 00:00:00+00:00,-0.000497445,1.00079,0.114989,0.0135822,0.0114663,0.0370698,1.51012e-05,7.67188e-06,2.26118e-06,5.35593e-06,-0.000477164,0.000553792,-0.00103096,26.2917,3,0
2023-11-10 00:00:00+00:00,0.000819824,1.00161,0.102863,0.0161593,0.00995919,0.0166354,7.10939e-06,1.87555e-05,1.0906e-06,-1.8179e-05,0.000865251,0.00273067,-0.00186542,25.25,2,0
2023-11-11 00:00:00+00:00,0.000494608,1.0021,0.0879781,0.008565,0.00411672,0.0249196,9.45454e-06,3.92028e-06,2.03e-06,-1.8501e-05,0.000529484,0.00166444,-0.00113496,25.1667,1,0
2023-11-12 00:00:00+00:00,0.00195836,1.00406,0.0838594,0.00748505,0.00464208,0.00244466,7.82615e-07,2.50461e-06,4.56976e-07,-2.29816e-05,0.00198359,0.00193775,4.58424e-05,25,0,0
2023-11-13 00:00:00+00:00,-9.89401e-05,1.00396,0.0758959,0.00482068,0.00361888,0.00742869,2.39136e-06,4.45185e-06,1.56304e-06,-8.69981e-06,-8.14813e-05,-0.00152359,0.00144211,22.6875,1,0
2023-11-14 00:00:00+00:00,-0.000127293,1.00384,0.0731835,0.0042903,0.00396682,0,0,0,0,-3.55904e-06,-0.000123555,-0.000714443,0.000590888,22,0,0
2023-11-15 00:00:00+00:00,0.000608524,1.00445,0.0741002,0.00462209,0.00516943,0,0,0,0,3.0544e-07,0.000608212,0.00231162,-0.00170341,22,0,0
2023-11-16 00:00:00+00:00,-0.000704501,1.00374,0.0750469,0.00466121,0.00526377,0,0,0,0,-1.25749e-06,-0.000703294,-0.00199278,0.00128949,22,0,0
2023-11-17 00:00:00+00:00,-0.000253297,1.00349,0.0736661,0.00203592,0.00285528,0.00432496,1.3838e-06,3.9607e-07,1.83037e-07,8.85642e-07,-0.000252116,-0.000204789,-4.73268e-05,22.7083,0,0
2023-11-18 00:00:00+00:00,0.000260477,1.00375,0.0716846,-0.000387249,0.000676615,0,0,0,0,1.23817e-06,0.000259256,-0.000127917,0.000387173,23,0,0
2023-11-19 00:00:00+00:00,4.68317e-05,1.00379,0.0724028,-0.000155152,0.000973615,0,0,0,0,9.04394e-07,4.59693e-05,0.000795817,-0.000749848,23,0,0
2023-11-20 00:00:00+00:00,0.000266619,1.00406,0.0699584,-0.00229588,-0.000550233,0.0110454,3.53509e-06,1.00132e-06,4.67601e-07,-1.55794e-07,0.000271928,-0.000224231,0.00049616,21,0,0
2023-11-21 00:00:00+00:00,-0.000361824,1.0037,0.0627753,-0.000716587,0.00195149,0,0,0,0,-1.01921e-06,-0.00036075,-0.00259397,0.00223322,21,0,0
2023-11-22 00:00:00+00:00,0.000554124,1.00425,0.0614155,-0.000761406,0.00135246,0,0,0,0,-7.19672e-06,0.000561235,0.00232506,-0.00176383,21,0,0
2023-11-23 00:00:00+00:00,-0.000431275,1.00382,0.0630586,-0.000792234,0.0015183,0,0,0,0,-2.36728e-06,-0.000428909,-0.000171074,-0.000257835,21,0,0
2023-11-24 00:00:00+00:00,-9.87651e-06,1.00381,0.0620193,0.00101731,0.00340907,0.00272295,1.36135e-06,2.72271e-07,2.87313e-07,-1.05131e-07,-7.79133e-06,0.000463298,-0.000471089,20.3542,1,0.000457317
2023-11-25 00:00:00+00:00,-0.000355691,1.00345,0.0621689,0.00162876,0.00398045,0,0,0,0,-1.17115e-06,-0.000354532,0.000498446,-0.000852978,20,0,0.00189227
2023-11-26 00:00:00+00:00,-0.000174632,1.00328,0.0620178,0.00142373,0.00377509,0,0,0,0,-3.5534e-07,-0.000174245,-0.000677241,0.000502996,20,0,0.00115438
2023-11-27 00:00:00+00:00,-0.000281719,1.003,0.0566843,0.00176508,0.00341001,0.00370285,1.1849e-06,1.48113e-07,1.90252e-07,-7.40388e-07,-0.000279443,-0.000815283,0.00053584,18,0,9.60823e-05
2023-11-28 00:00:00+00:00,0.000148384,1.00315,0.0563921,0.00190023,0.00294347,0,0,0,0,-3.63522e-07,0.00014877,0.000303876,-0.000155106,18,0,0.00207612
2023-11-29 00:00:00+00:00,-0.00059847,1.00255,0.0592174,0.00435394,0.00611826,0.00403788,1.29208e-06,1.6151e-07,2.49142e-07,-1.5142e-06,-0.000595394,-0.000729802,0.000134407,18.8958,0,0.00431815
2023-11-30 00:00:00+00:00,7.80894e-05,1.00262,0.059909,0.00522068,0.00754428,0,0,0,0,-1.96939e-06,8.01604e-05,9.62862e-05,-1.61258e-05,19,0,0.00327228
2023-12-01 00:00:00+00:00,0.000179623,1.0028,0.0609231,0.00560858,0.00891546,0,0,0,0,2.67786e-08,0.000179696,0.000637106,-0.00045741,19,0,0.00395194
2023-12-02 00:00:00+00:00,0.000637513,1.00344,0.0649664,0.00294538,0.00578982,0.00458267,1.46647e-06,1.83309e-07,1.53931e-07,1.31983e-06,0.000637882,0.00135685,-0.000718972,20.1875,0,0.00570317
2023-12-03 00:00:00+00:00,-0.000702635,1.00274,0.06787,0.00166596,0.00363463,0.00499663,1.59836e-06,5.13659e-07,1.27772e-07,-5.09635e-07,-0.000699839,-0.00027954,-0.000420299,21.2292,0,0.00667625
2023-12-04 00:00:00+00:00,-0.000592743,1.00214,0.0829472,-0.00143639,0.00367236,0.0523501,1.67845e-05,7.31846e-06,5.30403e-06,7.22985e-06,-0.000569753,0.00198682,-0.00255658,22.9167,1,0.00900699
2023-12-05 00:00:00+00:00,-0.000784796,1.00136,0.0935947,-0.00364248,0.000299796,0.036141,1.23047e-05,1.94893e-06,2.99685e-06,1.0425e-05,-0.000777479,0.000149047,-0.000926526,26.1875,2,0.0104654
2023-12-06 00:00:00+00:00,-0.00101982,1.00034,0.096723,0.00349976,0.00412359,0.0306197,1.17738e-05,2.04478e-06,1.82671e-06,1.38324e-07,-0.00100372,-0.00192119,0.000917477,29.0625,1,0.0105266
2023-12-07 00:00:00+00:00,0.000712734,1.00105,0.0893326,0.00608416,0.00540234,0.0273008,8.73665e-06,1.09208e-06,1.32059e-06,3.47155e-06,0.000720503,0.00176628,-0.00104577,31.6667,0,0.00955644
2023-12-08 00:00:00+00:00,-0.000454767,1.00059,0.0976263,0.0023458,0.000585553,0.0232192,8.35891e-06,3.65183e-06,1.36076e-06,1.59589e-05,-0.000457287,0.00150864,-0.00196593,32.4792,2,0.00958537
2023-12-09 00:00:00+00:00,0.00061372,1.00121,0.101465,0.00659856,0.00572693,0.0175239,6.10663e-06,8.67304e-07,5.70544e-07,1.32618e-05,0.000608263,-0.000399612,0.00100787,30.6667,1,0.00890962
2023-12-10 00:00:00+00:00,-0.000351936,1.00086,0.131463,0.00292885,0.00197675,0.0591888,1.89405e-05,3.61246e-06,3.04637e-06,1.12502e-05,-0.000336937,0.000937646,-0.00127458,33.8542,0,0.011624
2023-12-11 00:00:00+00:00,0.000261872,1.00112,0.154396,0.00505153,0.00455771,0.0493302,1.62117e-05,4.05919e-06,3.14896e-06,-7.24298e-06,0.000293511,-0.00555019,0.0058437,35.6042,1,0.0113755
2023-12-12 00:00:00+00:00,-0.00228496,0.99883,0.177216,-0.000644078,-0.000604764,0.0487402,1.60042e-05,5.64384e-06,2.93612e-06,8.27253e-06,-0.00226972,0.00111225,-0.00338198,37.0833,1,0.0102274
2023-12-13 00:00:00+00:00,0.00380064,1.00263,0.179002,0.00357825,0.00100182,0.0126753,4.05594e-06,5.06993e-07,8.12405e-07,-8.15971e-06,0.00380921,0.00329603,0.000513183,37,0,0.0061707
2023-12-14 00:00:00+00:00,5.1042e-05,1.00268,0.172845,0.00626593,0.00310992,0.0356891,1.37175e-05,3.69916e-06,3.0434e-06,1.98299e-06,7.09721e-05,0.00262504,-0.00255407,37.5,2,0.00802341
2023-12-15 00:00:00+00:00,0.00115891,1.00384,0.169309,0.00205075,-0.00193594,0.00897041,2.8707e-06,1.70202e-06,1.68057e-07,1.26378e-05,0.00115136,-0.00432294,0.0054743,38,0,0.0102026
2023-12-16 00:00:00+00:00,-0.00569674,0.998121,0.163896,0.0023969,-0.00347723,0.0341369,1.32337e-05,8.24706e-06,5.12308e-06,2.24129e-05,-0.00570441,0.00106929,-0.0067737,38,1,0.00928029
2023-12-17 00:00:00+00:00,-0.000142553,0.997978,0.15418,0.00381271,-0.00175265,0.0106492,3.40742e-06,4.25928e-07,8.31385e-07,7.09743e-06,-0.000144521,-0.00204356,0.00189904,38,0,0.00564785
2023-12-18 00:00:00+00:00,0.000560656,0.998538,0.142903,0.00155899,-0.00112298,0.0287044,9.18571e-06,2.03504e-06,2.27813e-06,-2.66473e-07,0.000574968,0.00142359,-0.000848624,36.9167,0,0.00609324
2023-12-19 00:00:00+00:00,0.00083912,0.999376,0.152059,-0.00251451,-0.00128583,0.0338743,1.0839e-05,2.73017e-06,2.21081e-06,1.07675e-05,0.000844897,0.000303336,0.000541561,38.0208,0,0.00838826
2023-12-20 00:00:00+00:00,0.000874905,1.00025,0.161662,0.00491166,0.00275838,0.0373794,1.3859e-05,3.49635e-06,3.33266e-06,2.0684e-07,0.000896578,0.00389477,-0.00299819,39.25,2,0.00931198
2023-12-21 00:00:00+00:00,0.000394928,1.00065,0.177754,0.0166942,0.00720731,0.0411537,1.36376e-05,7.34577e-06,1.74283e-06,-4.43998e-06,0.000423415,0.00344154,-0.00301813,38.75,2,0.00998107
2023-12-22 00:00:00+00:00,-0.00149583,0.999148,0.183462,0.0154226,0.00426926,0.0336619,1.12829e-05,5.56506e-06,3.32435e-06,2.50975e-05,-0.00149793,0.00248012,-0.00397805,39.4792,1,0.00674018
2023-12-23 00:00:00+00:00,-0.000742074,0.998407,0.177366,0.0152959,0.00173875,0.00613778,1.96393e-06,2.45491e-07,3.19797e-07,8.79159e-05,-0.000826512,-1.34657e-05,-0.000813047,40,0,0.00492523
2023-12-24 00:00:00+00:00,0.00244692,1.00085,0.180135,0.0181696,0.0031586,0.01147,3.67064e-06,4.5883e-07,4.58459e-07,3.15955e-05,0.0024189,0.00127715,0.00114175,40,0,0.00699663
2023-12-25 00:00:00+00:00,0.00146999,1.00232,0.163968,0.00818635,-0.00106026,0.0366712,1.1732e-05,1.50913e-05,5.05655e-06,3.57498e-05,0.0014668,0.00373506,-0.00226825,40,0,0.00940056
2023-12-26 00:00:00+00:00,0.00326227,1.00559,0.171295,0.00962281,0.00187745,0.0466812,1.52089e-05,5.49298e-06,2.32584e-06,4.92365e-05,0.00323308,0.00238625,0.000846833,39.7917,1,0.0111456
2023-12-27 00:00:00+00:00,-0.000461093,1.00513,0.190128,0.0110025,0.000405811,0.0271155,9.64235e-06,1.76798e-06,1.07777e-06,0.000373859,-0.000820649,0.00115532,-0.00197597,39.8542,1,0.013199
2023-12-28 00:00:00+00:00,0.00198099,1.00712,0.228413,0.00779572,-0.00346415,0.132898,4.25337e-05,1.97963e-05,8.64385e-06,0.000413832,0.00163974,-0.00433178,0.00597152,40,0,0.0145433
2023-12-29 00:00:00+00:00,0.00550668,1.01266,0.266525,0.0170859,0.00108951,0.0455791,1.45872e-05,1.22912e-05,1.85457e-06,0.000517032,0.00500762,0.00268039,0.00232722,40,0,0.0150792
2023-12-30 00:00:00+00:00,0.00494287,1.01767,0.300151,0.0197499,0.000118884,0.0944635,3.02319e-05,2.14657e-05,5.04933e-06,0.0008834,0.00410828,0.00339905,0.000709226,40,0,0.018154
2023-12-31 00:00:00+00:00,0.00265517,1.02037,0.360666,0.0179506,0.000217154,0.170169,5.82686e-05,1.40756e-05,1.15226e-05,0.00187678,0.000909178,0.00138865,-0.00047947,40,1,0.021665
2024-01-01 00:00:00+00:00,-0.00168561,1.01865,0.42397,0.0112333,-0.00210306,0.241793,7.82347e-05,1.76054e-05,2.29403e-05,0.000133923,-0.00169243,0.0135425,-0.0152349,39.5417,1,0.0203424
2024-01-02 00:00:00+00:00,0.00451478,1.02325,0.404598,0.027178,0.00242991,0.159867,5.17426e-05,1.5216e-05,7.84478e-06,4.0125e-06,0.00458462,0.000295224,0.00428939,39.75,1,0.0185082
2024-01-03 00:00:00+00:00,-0.000827152,1.0224,0.411283,0.0413092,0.00390965,0.31689,0.000109602,2.34157e-05,3.46691e-05,2.9674e-05,-0.000678689,-0.0168677,0.016189,40,7,0.0202298
2024-01-04 00:00:00+00:00,0.0039966,1.02649,0.523618,0.0266731,0.0031096,0.447985,0.000143366,3.16462e-05,3.62127e-05,8.43507e-05,0.00413158,0.00971712,-0.00558554,40,0,0.0216552
2024-01-05 00:00:00+00:00,-0.00182392,1.02462,0.666881,0.0202308,0.000638201,0.342597,0.00010962,2.09068e-05,2.29573e-05,0.000196099,-0.0018547,-0.0120751,0.0102204,40,0,0.0222473
2024-01-06 00:00:00+00:00,0.00180165,1.02646,0.723884,0.0265035,0.00193684,0.215267,6.88934e-05,1.47038e-05,1.65726e-05,0.000237947,0.00167095,-0.0106581,0.012329,40,0,0.0215662
2024-01-07 00:00:00+00:00,0.00201171,1.02853,0.756547,0.0291931,0.00255324,0.266239,8.52073e-05,1.80679e-05,1.3229e-05,0.000281236,0.00185743,-0.0125106,0.0143681,40,0,0.0214593
2024-01-08 00:00:00+00:00,0.00130826,1.02988,0.807137,0.0212906,-6.3852e-05,0.608433,0.000194527,6.78529e-05,7.69075e-05,0.00015144,0.00152283,0.0262873,-0.0247645,40,0,0.0228605
2024-01-09 00:00:00+00:00,0.00728396,1.03738,0.864753,0.0320332,0.00515983,0.403729,0.000129204,4.08909e-05,2.42135e-05,4.2465e-05,0.00743388,-0.00985044,0.0172843,40,0,0.0251556
2024-01-10 00:00:00+00:00,-0.00711033,1.03,0.939603,0.0261965,0.000604745,0.410945,0.000131437,7.24488e-05,3.04085e-05,1.45389e-05,-0.0068731,0.0329903,-0.0398634,40,0,0.027534
2024-01-11 00:00:00+00:00,0.00043333,1.03045,1.06862,0.0189419,-0.00182136,0.436712,0.000143162,4.9557e-05,3.69105e-05,2.17453e-05,0.000692463,0.0171467,-0.0164542,40,1,0.0257747
2024-01-12 00:00:00+00:00,0.00261557,1.03314,1.00117,0.00724129,-0.0041986,0.192798,6.43055e-05,3.26905e-05,1.49666e-05,4.04866e-05,0.00270327,-0.0244481,0.0271513,40,1,0.0247658
2024-01-13 00:00:00+00:00,-0.00627071,1.02666,0.993052,0.0111287,-7.83167e-05,0.153484,4.91105e-05,5.21427e-05,9.51728e-06,2.72352e-05,-0.00619251,0.0052952,-0.0114877,40,0,0.0238844
2024-01-14 00:00:00+00:00,-0.00170339,1.02491,0.985772,0.00305516,-0.000660125,0.113635,3.63566e-05,3.05756e-05,5.99969e-06,4.69079e-06,-0.00162307,-0.0185181,0.0168951,40,0,0.0221165
2024-01-15 00:00:00+00:00,0.0046532,1.02968,0.899117,0.0212698,0.00898817,0.297108,9.50581e-05,0.000109359,2.40144e-05,2.40147e-05,0.00485897,0.0124852,-0.00762625,40,0,0.0206533
2024-01-16 00:00:00+00:00,0.00849087,1.03843,0.879611,0.033347,0.0126369,0.162016,5.18812e-05,5.33914e-05,9.83841e-06,7.3724e-05,0.00850913,0.00950581,-0.000996675,40,0,0.021902
2024-01-17 00:00:00+00:00,-0.00546495,1.03275,0.92645,0.0362294,0.0173093,0.13421,4.294e-05,2.8642e-05,6.3288e-06,4.56589e-05,-0.00543755,-0.00959034,0.00415279,40,0,0.0229531
2024-01-18 00:00:00+00:00,0.00140451,1.0342,0.905347,0.0280429,0.012061,0.0786779,2.51827e-05,2.75446e-05,3.09769e-06,4.18382e-05,0.0014307,-0.0223615,0.0237922,40,0,0.0231548
2024-01-19 00:00:00+00:00,0.002247,1.03653,0.925298,0.034439,0.014296,0.246688,7.8957e-05,5.60902e-05,1.03813e-05,9.67633e-05,0.00230517,-0.000698287,0.00300346,40,0,0.0254343
2024-01-20 00:00:00+00:00,-0.00569204,1.03063,1.00297,0.0097169,0.00677895,0.192296,6.14888e-05,3.33781e-05,7.96229e-06,9.41326e-05,-0.00568904,0.000234584,-0.00592362,40,0,0.0257321
2024-01-21 00:00:00+00:00,0.00287666,1.03359,0.953034,0.00829651,0.0110151,0.145162,4.6465e-05,2.24875e-05,5.03767e-06,8.6359e-05,0.00287072,-0.00513665,0.00800737,40,0,0.0241453
2024-01-22 00:00:00+00:00,0.00131663,1.03495,0.962004,0.0753527,0.0169663,0.296419,9.48648e-05,3.5395e-05,2.4783e-05,0.000366067,0.00112266,-0.025814,0.0269367,40,0,0.025404
2024-01-23 00:00:00+00:00,0.0034884,1.03856,0.954137,0.0691445,0.0141349,0.154621,4.95021e-05,1.99564e-05,1.06991e-05,0.000627926,0.00295489,-0.000875744,0.00383063,40,0,0.0267926
2024-01-24 00:00:00+00:00,-0.00352852,1.0349,0.980353,0.0649435,0.00528249,0.0850661,2.72202e-05,1.2075e-05,5.25699e-06,0.000367095,-0.0038362,0.00454608,-0.00838228,40,0,0.0265734
2024-01-25 00:00:00+00:00,0.00401852,1.03906,1.00541,0.077297,0.0085624,0.124515,3.98528e-05,3.55274e-05,5.8986e-06,0.000319101,0.00379181,-0.00704337,0.0108352,39.9583,0,0.0245411
2024-01-26 00:00:00+00:00,-0.00188326,1.0371,1.05647,0.0717385,0.0108061,0.104416,3.34135e-05,1.42188e-05,4.59066e-06,0.000512865,-0.00233266,0.0245317,-0.0268644,40,0,0.0229629
2024-01-27 00:00:00+00:00,-0.000667981,1.03641,1.08742,0.0602636,0.0145676,0.195516,6.2566e-05,2.76793e-05,9.38041e-06,0.000114432,-0.000676813,0.00557436,-0.00625117,40,0,0.0233481
2024-01-28 00:00:00+00:00,-0.00520394,1.03101,1.10189,0.0377334,0.0189788,0.14224,4.54511e-05,1.44829e-05,7.42605e-06,0.00010595,-0.00524578,-0.00922375,0.00397797,40,0,0.0226624
2024-01-29 00:00:00+00:00,-0.00161161,1.02935,1.12236,0.0319163,0.0105546,0.209793,6.71642e-05,5.40092e-05,1.92141e-05,7.11318e-05,-0.00153247,0.0216076,-0.02314,40,0,0.0228259
2024-01-30 00:00:00+00:00,-0.00576068,1.02342,1.14612,0.0477874,0.0169307,0.334927,0.000107171,9.05949e-05,2.57853e-05,5.61508e-05,-0.00559938,-0.0128421,0.00724267,40,0,0.0225033
2024-01-31 00:00:00+00:00,-0.00300422,1.02035,1.12544,0.0467914,0.0201499,0.151398,4.84494e-05,1.69488e-05,7.72465e-06,7.82345e-05,-0.00300195,-0.0215142,0.0185122,40,0,0.0209377
2024-02-01 00:00:00+00:00,-0.00283478,1.01746,1.12788,0.0230071,0.0188974,0.163011,5.21394e-05,2.61516e-05,6.67227e-06,0.000110765,-0.00284423,0.00518881,-0.00803304,40,0,0.0220867
2024-02-02 00:00:00+00:00,0.00350972,1.02103,1.1209,0.00725251,0.0229086,0.107189,3.43089e-05,2.69782e-05,5.35381e-06,0.000153446,0.00343121,0.0059919,-0.00256069,40,0,0.0230652
2024-02-03 00:00:00+00:00,-0.00181293,1.01918,1.11881,-0.00109134,0.022161,0.126053,4.03001e-05,1.98677e-05,4.96946e-06,0.000134797,-0.00186836,-0.00624409,0.00437574,40,0,0.0222378
2024-02-04 00:00:00+00:00,0.00946223,1.02882,1.06306,-0.00472673,0.0033113,0.289444,9.26436e-05,2.74202e-05,1.10159e-05,0.000124891,0.0094322,-0.00623048,0.0156627,40,0,0.0245178
2024-02-05 00:00:00+00:00,-0.000482836,1.02832,1.1982,0.0758149,0.0265353,0.451485,0.000144498,6.02885e-05,4.70525e-05,6.2071e-05,-0.000279327,0.00741966,-0.00769898,40,0,0.0282848
2024-02-06 00:00:00+00:00,-0.00429655,1.0239,1.26496,0.0978413,0.043879,0.136923,4.38081e-05,3.21554e-05,5.12578e-06,9.53524e-05,-0.00430394,0.000728376,-0.00503232,40,0,0.0282166
2024-02-07 00:00:00+00:00,-0.00133336,1.02254,1.28731,0.0836626,0.0318526,0.2546,8.73722e-05,3.65749e-05,1.67841e-05,0.000133502,-0.00130935,0.0210486,-0.022358,40,1,0.0275598
2024-02-08 00:00:00+00:00,0.00354943,1.02617,1.27711,0.0975764,0.0317167,0.330132,0.000105628,3.092e-05,1.74368e-05,0.00021518,0.00350788,0.00570273,-0.00219485,40,0,0.02706
2024-02-09 00:00:00+00:00,-0.0112676,1.01461,1.31807,0.103339,0.027658,0.344521,0.00011022,2.87436e-05,1.66566e-05,0.000210445,-0.0113641,0.0177402,-0.0291043,40,0,0.0267625
2024-02-10 00:00:00+00:00,0.000269445,1.01488,1.25787,0.077324,0.0174654,0.384721,0.000148968,3.60485e-05,4.27177e-05,0.000216626,0.000300473,0.00411209,-0.00381162,40,3,0.0249377
2024-02-11 00:00:00+00:00,-0.000628175,1.01424,1.24776,0.0847205,0.0146431,0.46757,0.000149767,4.09458e-05,3.77961e-05,0.000330785,-0.000713057,0.000894756,-0.00160781,40,0,0.0248555
2024-02-12 00:00:00+00:00,-0.0118395,1.00223,1.20942,0.109608,-0.0147684,0.595866,0.000197325,6.16003e-05,9.39948e-05,0.000477908,-0.0119996,0.0176439,-0.0296435,39.7292,2,0.0232323
2024-02-13 00:00:00+00:00,0.0025294,1.00477,1.19178,0.111104,-0.00844008,0.141273,4.86554e-05,3.20071e-05,1.11776e-05,0.000325267,0.00231124,-0.00559779,0.00790903,39.9792,1,0.0198513
2024-02-14 00:00:00+00:00,0.00623358,1.01103,1.09822,0.08544,-0.00614416,0.242988,8.1988e-05,5.19266e-05,1.54923e-05,0.000238846,0.0061367,0.0255232,-0.0193865,39.9375,1,0.0192477
2024-02-15 00:00:00+00:00,0.00676277,1.01787,0.991426,0.0271063,-0.0115253,0.484446,0.000155066,5.65042e-05,4.68001e-05,0.000202474,0.00683109,0.0148606,-0.00802954,40,0,0.0218572
2024-02-16 00:00:00+00:00,-0.00740795,1.01033,0.951964,0.01584,-0.00338494,0.333883,0.000123831,8.17736e-05,4.50442e-05,0.000101764,-0.00726776,-0.00569684,-0.00157092,39.7292,2,0.0237082
2024-02-17 00:00:00+00:00,-0.00627215,1.00399,0.927728,0.022128,-0.00217375,0.1747,5.58875e-05,2.23762e-05,7.8675e-06,0.000106062,-0.0062936,-0.00386495,-0.00242865,40,0,0.022386
2024-02-18 00:00:00+00:00,0.00732957,1.01135,0.973373,0.0138282,0.00299198,0.233807,7.48438e-05,2.64435e-05,9.38282e-06,0.000167556,0.00726674,0.015359,-0.00809224,40,0,0.0208988
2024-02-19 00:00:00+00:00,0.0111069,1.02258,0.925921,-0.00712916,0.0118592,0.427674,0.000141116,4.5431e-05,3.98646e-05,0.000137677,0.0111554,0.00739494,0.00376049,39.9792,1,0.0223612
2024-02-20 00:00:00+00:00,0.00576676,1.02848,0.968276,-0.0279871,-0.00248918,0.454161,0.000150242,6.77358e-05,3.54461e-05,4.98107e-05,0.00598804,-0.00282871,0.00881675,40,1,0.0260626
2024-02-21 00:00:00+00:00,0.0103525,1.03913,1.18443,-0.00326527,0.00179298,0.60065,0.000192222,7.87169e-05,4.55396e-05,9.09014e-05,0.0105491,-0.00612003,0.0166691,40,0,0.0297495
2024-02-22 00:00:00+00:00,0.0157235,1.05547,1.38318,0.0225085,0.00406574,0.474833,0.000151982,2.53071e-05,3.23645e-05,0.000266561,0.0155804,0.00600535,0.00957501,40,0,0.031099
2024-02-23 00:00:00+00:00,0.0143361,1.0706,1.50633,0.0790854,0.0125896,0.492757,0.000157843,2.54685e-05,5.41567e-05,0.000461857,0.014048,-0.00390361,0.0179516,40,0,0.0344244
2024-02-24 00:00:00+00:00,0.00493679,1.07588,1.50312,0.0898615,0.0102236,0.665954,0.000213073,4.86092e-05,5.3136e-05,0.000541542,0.00474368,0.028819,-0.0240753,40,0,0.0371683
2024-02-25 00:00:00+00:00,0.0087547,1.0853,1.448,0.13352,0.0221188,1.10788,0.000354734,9.55218e-05,6.83648e-05,0.000378225,0.00889384,0.0187983,-0.00990447,39.9583,0,0.0390852
2024-02-26 00:00:00+00:00,0.0200261,1.10704,1.21331,0.157164,0.0476618,0.779998,0.000249755,9.4923e-05,9.01679e-05,0.000558647,0.0197536,0.0310704,-0.0113168,40,0,0.0400649
2024-02-27 00:00:00+00:00,-0.0068401,1.09946,1.31954,0.154912,0.0437486,1.27509,0.00041048,0.000118476,0.000102948,0.000589626,-0.00674962,-0.00108967,-0.00565995,40,1,0.0425827
2024-02-28 00:00:00+00:00,0.015235,1.11621,1.39005,0.155706,0.0371577,1.32685,0.000445153,0.000212665,0.000121244,0.000447767,0.0155913,0.0317451,-0.0161538,39.9375,3,0.0431914
2024-02-29 00:00:00+00:00,-0.0130881,1.10161,1.19748,0.165989,0.00448405,1.11899,0.00036162,0.000347366,6.42286e-05,4.2249e-05,-0.0123484,-0.00870315,-0.00364526,40,1,0.0440279
2024-03-01 00:00:00+00:00,0.0162999,1.11956,1.27486,0.162633,0.00703564,0.370144,0.000118478,0.000111343,2.53505e-05,-2.1471e-05,0.0164788,0.0331699,-0.0166911,40,0,0.0421299
2024-03-02 00:00:00+00:00,0.0109848,1.13186,1.29635,0.158249,0.0038341,0.755601,0.000260548,0.000221377,6.39058e-05,3.71066e-05,0.0114862,0.0309706,-0.0194843,40,2,0.0437711
2024-03-03 00:00:00+00:00,0.0179416,1.15217,1.30237,0.139637,0.0074025,0.706552,0.000229516,0.000212273,4.98176e-05,-2.01975e-05,0.0183914,0.00758147,0.01081,40,1,0.0449553
2024-03-04 00:00:00+00:00,0.0131379,1.1673,1.02017,0.109236,0.0162805,1.70539,0.000549223,0.000469707,0.000220235,0.000204623,0.0141411,0.0112453,0.00289571,40,1,0.0483473
2024-03-05 00:00:00+00:00,-0.00771926,1.15829,0.807072,0.0534919,0.0130693,1.00524,0.00032388,0.000390597,8.07411e-05,-2.39303e-05,-0.0067977,-0.0248007,0.018003,40,2,0.0520797
2024-03-06 00:00:00+00:00,0.0163629,1.17725,0.780268,0.00897852,0.00425136,1.17242,0.000375448,0.000378207,0.000110829,0.000136658,0.0170108,0.0448734,-0.0278627,40,0,0.0517569
2024-03-07 00:00:00+00:00,0.0103036,1.18938,0.767183,0.0289931,0.00978037,0.980091,0.000313839,0.000268434,8.00964e-05,0.000172202,0.0108492,0.0268517,-0.0160025,40,0,0.0533725
2024-03-08 00:00:00+00:00,0.0144748,1.20659,0.806385,0.0612579,0.0130575,1.06844,0.000354154,0.000320998,8.44653e-05,0.000276998,0.0149038,0.0170886,-0.00218482,40,2,0.0552625
2024-03-09 00:00:00+00:00,-0.0128413,1.1911,0.793535,0.0549508,0.00721821,0.87649,0.000291499,0.000239028,7.687e-05,0.000455044,-0.0127193,0.0156803,-0.0283996,40,1,0.055635
2024-03-10 00:00:00+00:00,0.0161481,1.21033,0.86346,0.0481687,0.00906272,1.17634,0.000379285,0.00042549,7.22802e-05,0.000207567,0.0167323,0.00926824,0.00746406,40,1,0.055419
2024-03-11 00:00:00+00:00,0.0121634,1.22505,0.944197,0.0461986,0.0133439,1.90361,0.000609274,0.000563656,0.000125201,0.00027081,0.0131449,0.0223704,-0.00922556,39.9792,0,0.0581398
2024-03-12 00:00:00+00:00,-0.0195682,1.20108,0.772193,0.0541813,0.0246475,1.50758,0.000499824,0.000328607,0.000112826,7.96184e-05,-0.0187364,0.000836093,-0.0195725,40,2,0.0579916
2024-03-13 00:00:00+00:00,0.0123172,1.21588,0.854625,0.0578071,0.0188284,1.18806,0.000380251,0.00025992,5.64395e-05,6.79535e-05,0.01292,0.0056753,0.0072447,40,0,0.0545035
2024-03-14 00:00:00+00:00,0.00852356,1.22624,1.0178,0.0597411,0.00818458,1.52352,0.000487608,0.00037798,8.05949e-05,7.1644e-05,0.0094297,0.00622785,0.00320185,40,0,0.0547726
2024-03-15 00:00:00+00:00,-0.0057756,1.21916,1.0364,0.0252369,0.00667864,1.50337,0.000481034,0.000226352,0.000100719,8.19409e-05,-0.00502419,-0.0257053,0.0206811,40,0,0.0550641
2024-03-16 00:00:00+00:00,-0.00122355,1.21766,1.02515,-0.0186976,0.00028828,1.35195,0.000443404,0.000262183,0.000125021,3.60469e-05,-0.00036534,-0.0453861,0.0450208,40,1,0.0541676
2024-03-17 00:00:00+00:00,0.0348093,1.26005,1.11951,-0.00329224,0.00937724,1.68145,0.000538484,0.000156415,0.000109142,2.98024e-05,0.03504,0.0489743,-0.0139343,40,0,0.0549107
2024-03-18 00:00:00+00:00,0.00594663,1.26754,1.05106,0.0546541,0.0141536,2.18594,0.000699716,0.000352985,0.000188448,-1.13318e-05,0.00724103,-0.0296466,0.0368876,40,0,0.0587182
2024-03-19 00:00:00+00:00,-0.0260457,1.23453,1.1021,0.00062293,0.0112527,1.37649,0.000451177,0.00014856,0.000104112,5.30177e-05,-0.0256742,-0.0467641,0.0210899,40,1,0.0574891
2024-03-20 00:00:00+00:00,0.0157631,1.25399,0.948878,-0.0134318,0.00387557,1.69379,0.000547535,0.000407584,0.000114332,8.29347e-05,0.0167213,0.0547323,-0.038011,39.9792,1,0.0542553
2024-03-21 00:00:00+00:00,-0.021211,1.22739,1.04821,0.00956679,0.0038044,1.70329,0.000544795,0.000402899,9.08588e-05,0.000291933,-0.0206309,-0.0263241,0.00569319,39.8958,0,0.0536135
2024-03-22 00:00:00+00:00,0.0114186,1.24141,1.1862,-0.00299156,0.00179936,1.10976,0.000355266,0.000427055,5.11358e-05,0.000122989,0.0121037,-0.00827436,0.0203781,40,0,0.0497848
2024-03-23 00:00:00+00:00,0.0034363,1.24567,1.17952,0.0132434,-0.00302293,1.11293,0.000356177,0.000554857,4.56816e-05,9.96294e-05,0.00432162,0.00804893,-0.00372731,40,0,0.0486697
2024-03-24 00:00:00+00:00,-0.00316701,1.24173,1.0843,0.00439925,-0.00469705,0.854678,0.000273417,0.000456327,3.63008e-05,-2.40744e-05,-0.00236396,0.0219033,-0.0242673,40,0,0.0480413
2024-03-25 00:00:00+00:00,-0.00605634,1.23421,1.1413,0.07992,0.0186132,1.44976,0.000463708,0.000605962,0.000105644,1.72518e-05,-0.00486346,0.0151587,-0.0200222,40,0,0.0466493
2024-03-26 00:00:00+00:00,-0.00940774,1.2226,1.1434,0.0751773,0.00518739,0.694221,0.000222085,0.000342582,3.43398e-05,8.01964e-05,-0.00889381,0.00161974,-0.0105135,40,0,0.0469669
2024-03-27 00:00:00+00:00,-0.0120482,1.20787,1.07204,0.0317395,0.00353308,2.49594,0.000806256,0.000798945,0.000111351,-1.17972e-06,-0.0103442,-0.0125969,0.00225264,40,2,0.0626306
2024-03-28 00:00:00+00:00,0.00373271,1.21237,1.39973,0.0525779,0.0107479,1.87419,0.000599936,0.0006077,9.2373e-05,0.000176227,0.00490027,0.0142508,-0.00935049,40,0,0.0617243
2024-03-29 00:00:00+00:00,0.00440519,1.21772,1.0171,0.032032,-0.00688515,2.29581,0.000734795,0.000630721,8.68014e-05,0.000144734,0.00573826,-0.000887721,0.00662598,39.6667,0,0.0620325
2024-03-30 00:00:00+00:00,-0.00386142,1.21301,0.955257,0.0249792,-0.0231896,1.34674,0.000430858,0.000293721,3.5599e-05,0.000263132,-0.0033392,-0.0056432,0.002304,37.5208,0,0.0610309
2024-03-31 00:00:00+00:00,0.000442137,1.21355,0.916076,0.0495023,-0.0286963,1.41131,0.000462175,0.000332905,5.49374e-05,0.000267592,0.00104898,0.0128733,-0.0118243,35.6875,1,0.0578255
2024-04-01 00:00:00+00:00,0.00370411,1.21804,0.967609,0.0748426,0.00304898,1.75713,0.00056245,0.0003876,7.20351e-05,7.80394e-05,0.00466281,-0.0226771,0.0273399,36.4167,0,0.0588838
2024-04-02 00:00:00+00:00,-0.00478213,1.21222,1.17635,0.0189573,0.00135479,2.25566,0.000724602,0.000348107,9.40773e-05,-5.1612e-05,-0.00351906,-0.0410885,0.0375694,39.75,1,0.0587105
2024-04-03 00:00:00+00:00,-0.00480652,1.20639,1.35214,0.0303089,0.0147562,2.10826,0.00067469,0.000192114,0.000116444,2.50589e-05,-0.00380248,-0.0155101,0.0117076,40,0,0.05581
2024-04-04 00:00:00+00:00,0.00617778,1.21385,1.22975,0.0485286,0.0209365,2.50234,0.000800995,0.000205209,0.000104194,9.61365e-05,0.0072244,0.021423,-0.0141986,40,0,0.05534
2024-04-05 00:00:00+00:00,-0.000623314,1.21309,1.1731,0.0235844,0.0175504,1.91351,0.000612383,0.000172598,6.35549e-05,0.000203302,5.05919e-05,-0.0153571,0.0154077,40,0,0.0559955
2024-04-06 00:00:00+00:00,-0.00627486,1.20548,1.08484,0.0355441,0.0143784,1.62773,0.000520834,0.00019462,4.82814e-05,0.000200215,-0.00571163,0.0150393,-0.0207509,38.3542,0,0.0543376
2024-04-07 00:00:00+00:00,-0.00563564,1.19868,1.18013,0.0864898,0.0146099,2.02074,0.000646536,0.000219507,5.4463e-05,0.000240764,-0.0049521,0.0133763,-0.0183284,39.6458,0,0.0511162
2024-04-08 00:00:00+00:00,-0.00188096,1.19643,1.0449,0.108481,0.0352117,2.30114,0.000736378,0.000230284,0.000107106,7.60121e-05,-0.000865142,0.0166862,-0.0175514,39.2292,0,0.0500834
2024-04-09 00:00:00+00:00,0.0114257,1.2101,1.24196,0.0845585,0.0324672,1.72452,0.000556086,0.000228817,6.93024e-05,-4.53646e-06,0.0122469,-0.0355497,0.0477967,34.7708,1,0.0488222
2024-04-10 00:00:00+00:00,-0.00235726,1.20725,1.58495,0.0717022,0.0212902,1.56923,0.000514201,0.00016973,0.00010304,0.000112731,-0.00165256,0.00380277,-0.00545533,39.6667,1,0.0498457
2024-04-11 00:00:00+00:00,0.000896237,1.20833,1.56496,0.0637915,0.0284293,1.13632,0.000363625,0.00014679,4.61706e-05,1.51899e-05,0.00147171,-0.0176785,0.0191502,40,0,0.0509185
2024-04-12 00:00:00+00:00,0.0124526,1.22338,1.55461,0.0854924,0.0239761,2.5866,0.000925714,0.000204083,0.00053021,5.29585e-05,0.0140764,-0.106602,0.120678,40,14,0.0506844
2024-04-13 00:00:00+00:00,-0.000770596,1.22243,1.42251,0.128558,0.00775503,2.68423,0.000888893,0.000260601,0.00038356,0.00052146,0.000357995,-0.0820688,0.0824268,39.875,4,0.051229
2024-04-14 00:00:00+00:00,-0.00434298,1.21712,1.32228,0.0944762,0.00515355,1.21355,0.000388325,0.000100713,0.000139077,0.000396288,-0.0040775,0.0554752,-0.0595527,40,0,0.0498699
2024-04-15 00:00:00+00:00,0.006558,1.22511,1.25654,0.100213,0.00177566,1.80025,0.00057634,0.000115336,0.000311486,0.000472755,0.00711011,-0.0224786,0.0295887,40,0,0.050106
2024-04-16 00:00:00+00:00,-0.0214582,1.19882,1.36815,0.093914,-0.00219455,1.53765,0.000491819,0.000171171,0.000149299,0.000404719,-0.0212166,-0.0132158,-0.00800078,40,0,0.0490053
2024-04-17 00:00:00+00:00,-0.00850976,1.18862,1.28847,0.0815384,0.00661811,1.47514,0.000471831,0.000110565,0.000107073,0.000108327,-0.00790965,-0.0237798,0.0158702,40,0,0.0452179
2024-04-18 00:00:00+00:00,-0.0193655,1.1656,0.92945,0.0503093,0.0016226,1.51929,0.000485934,0.000129051,9.05691e-05,8.69589e-05,-0.0188842,0.00590191,-0.0247861,38.8333,0,0.0434841
2024-04-19 00:00:00+00:00,-0.0163685,1.14652,1.14963,0.048495,0.00428219,1.20937,0.000386802,8.29708e-05,0.000110509,0.000148678,-0.015997,0.0114557,-0.0274527,39.2917,0,0.0393049
2024-04-20 00:00:00+00:00,-0.00271379,1.14341,1.11915,0.015383,0.00751115,1.11648,0.000359664,0.000118917,8.38113e-05,8.39163e-05,-0.0022143,0.0455356,-0.0477499,39.9583,1,0.0345458
2024-04-21 00:00:00+00:00,0.00587895,1.15013,1.21217,0.0363923,0.0100179,0.612248,0.000195935,8.50769e-05,3.3575e-05,0.000139815,0.0060517,-0.00739003,0.0134417,40,0,0.0330744
2024-04-22 00:00:00+00:00,-0.009468,1.13924,1.44636,0.0596518,0.013087,1.34413,0.000430257,0.000114874,0.000129928,0.000154363,-0.00895607,0.0197452,-0.0287013,40,0,0.0342962
2024-04-23 00:00:00+00:00,-0.00591667,1.1325,0.909999,0.0432839,0.0114854,1.89129,0.000615069,0.000176804,6.70356e-05,0.000471289,-0.00551596,-0.00813643,0.00262047,40,1,0.0327721
2024-04-24 00:00:00+00:00,-0.00417621,1.12777,0.488887,0.0527477,0.0135091,1.55354,0.000497096,0.000122145,4.39929e-05,0.000468181,-0.00397165,-0.00905913,0.00508748,40,0,0.0302039
2024-04-25 00:00:00+00:00,0.000944752,1.12883,0.488476,0.0198428,0.00489607,1.11241,0.00035599,7.90157e-05,3.21908e-05,0.00022387,0.00119245,-0.00206412,0.00325657,36.9375,0,0.0295315
2024-04-26 00:00:00+00:00,-0.00413367,1.12417,0.506284,0.0269684,0.00647175,1.24846,0.00039948,0.00012423,3.41804e-05,0.000136969,-0.00371871,-0.00870712,0.00498842,32.3333,0,0.0291421
2024-04-27 00:00:00+00:00,-0.00292779,1.12088,0.41344,0.0236294,-5.01704e-05,0.978832,0.000313217,8.9752e-05,3.12975e-05,0.000119768,-0.00261256,-0.00176174,-0.000850818,30.4375,0,0.0275693
2024-04-28 00:00:00+00:00,5.88712e-05,1.12094,0.407084,0.0181237,0.00378805,1.07742,0.000344781,8.49501e-05,3.39945e-05,0.000100198,0.000427462,-0.00221391,0.00264137,29,0,0.0272828
2024-04-29 00:00:00+00:00,-0.00301038,1.11757,0.492299,0.0112268,0.000901903,1.34574,0.000430609,8.4158e-05,4.64219e-05,4.90763e-05,-0.00249632,-0.0030702,0.000573882,28.0625,0,0.027556
2024-04-30 00:00:00+00:00,0.0070865,1.12549,0.538772,0.0135391,0.00727709,1.72612,0.000558812,0.000171321,8.94206e-05,8.17518e-05,0.00781202,-0.0147029,0.0225149,30.4167,1,0.0275184
2024-05-01 00:00:00+00:00,0.000795676,1.12638,0.579521,-0.00586668,0.0062156,1.88821,0.000605452,0.000172137,8.60965e-05,0.000121495,0.00154628,0.00434052,-0.00279424,38.7708,1,0.0288439
2024-05-02 00:00:00+00:00,-0.00508472,1.12066,0.555849,0.00886332,0.0125034,1.5576,0.000498387,0.000102729,6.19718e-05,0.000132828,-0.00456162,0.000116991,-0.00467861,39.3333,0,0.0275855
2024-05-03 00:00:00+00:00,-0.00699956,1.11281,0.42851,0.0153132,0.00705552,1.39823,0.00044737,0.000108954,4.54246e-05,6.67077e-05,-0.0064816,0.00904267,-0.0155243,34.0833,0,0.0243676
2024-05-04 00:00:00+00:00,0.000154872,1.11298,0.298202,0.00501621,-0.000717659,0.841053,0.000269142,4.26311e-05,2.95637e-05,8.56765e-06,0.000493361,0.00544003,-0.00494667,26.5833,0,0.0225829
2024-05-05 00:00:00+00:00,-0.000538137,1.11239,0.209065,0.00109207,-0.00196018,0.767398,0.000245562,3.06953e-05,2.413e-05,3.84362e-05,-0.000274163,0.000327392,-0.000601555,22.875,0,0.0213357
2024-05-06 00:00:00+00:00,-0.000813529,1.11148,0.244539,0.0324488,0.00854854,1.09956,0.000353754,4.4807e-05,4.49947e-05,0.000118775,-0.000486357,-0.00264414,0.00215778,28.1458,1,0.0211535
2024-05-07 00:00:00+00:00,0.00240869,1.11416,0.321346,0.0332454,0.00691265,1.20593,0.00038592,6.23353e-05,3.86105e-05,6.63214e-06,0.00289005,-0.00438926,0.00727931,28.5625,0,0.022705
2024-05-08 00:00:00+00:00,0.00563624,1.12044,0.393077,0.00935499,2.49748e-05,1.14661,0.000369299,0.000106487,5.67916e-05,6.57317e-06,0.0061574,0.00143946,0.00471794,29.9583,1,0.0251221
2024-05-09 00:00:00+00:00,-0.00170909,1.11852,0.422826,0.0285718,-0.00289709,1.16878,0.000374008,0.000109085,3.666e-05,2.38388e-05,-0.00120593,0.0067693,-0.00797523,30.8958,0,0.027712
2024-05-10 00:00:00+00:00,0.00130956,1.11999,0.518906,0.0541028,0.00297832,1.35188,0.00043262,8.35965e-05,5.01432e-05,1.94567e-05,0.00186414,-0.00902888,0.010893,28.6875,0,0.0285257
2024-05-11 00:00:00+00:00,0.00104893,1.12116,0.437347,0.0353604,0.00374958,1.30312,0.000417001,7.26548e-05,3.60805e-05,8.4808e-06,0.00156891,0.00187445,-0.00030554,29.3958,0,0.0271588
2024-05-12 00:00:00+00:00,-0.00169652,1.11926,0.390973,0.0328032,0.00353535,1.00768,0.000322453,5.15444e-05,2.40012e-05,5.21552e-05,-0.00134952,-0.00124652,-0.000103002,28.6875,0,0.0269689
2024-05-13 00:00:00+00:00,0.00161553,1.12107,0.616412,0.0817342,0.00795057,2.05873,0.0006621,0.000159529,0.000122593,0.00120887,0.00137366,-0.00162761,0.00300127,31.6458,1,0.0283608
2024-05-14 00:00:00+00:00,-0.00685903,1.11338,0.595282,0.10865,0.00804216,1.19978,0.00038387,6.79459e-05,3.75988e-05,0.00060766,-0.00697555,-0.0164796,0.00950404,29.8125,0,0.0290185
2024-05-15 00:00:00+00:00,-0.00132974,1.1119,0.435177,0.0730208,0.00549448,1.18933,0.000381006,0.000118018,3.76178e-05,0.000338998,-0.00112288,0.0120532,-0.0131761,29.7292,1,0.0261814
2024-05-16 00:00:00+00:00,0.00315026,1.1154,0.379842,0.0336604,-0.00095681,1.18903,0.000380516,0.000107186,3.47946e-05,-7.03865e-05,0.00374548,-0.00262478,0.00637026,30.5833,0,0.0261631
2024-05-17 00:00:00+00:00,0.000864035,1.11637,0.369519,0.0253396,-0.00330387,1.11219,0.000358187,0.000121028,3.9573e-05,2.00409e-06,0.00138609,0.00605981,-0.00467372,30.6667,1,0.0260463
2024-05-18 00:00:00+00:00,-0.00062995,1.11566,0.294285,0.017271,-0.0100042,0.80284,0.000256902,0.000115955,1.99123e-05,-7.68712e-06,-0.000223462,-0.00190591,0.00168245,26.1875,0,0.0246051
2024-05-19 00:00:00+00:00,6.96535e-05,1.11574,0.24832,-0.000358649,-0.0182935,0.695151,0.00022245,0.000119505,1.46925e-05,-1.88943e-06,0.000430171,-0.00334049,0.00377066,23.0625,0,0.0241341
2024-05-20 00:00:00+00:00,0.00112257,1.11699,0.244317,0.00153753,-0.0090351,0.93429,0.000299278,0.000218911,2.71398e-05,8.10733e-06,0.00166799,0.0126313,-0.0109633,21.5625,1,0.0238442
2024-05-21 00:00:00+00:00,-0.00343704,1.11315,0.305772,0.0129343,-0.00258072,1.20533,0.000387297,0.000254185,3.92162e-05,-2.04438e-06,-0.00275583,-0.00103276,-0.00172306,29.8333,2,0.0247471
2024-05-22 00:00:00+00:00,-0.00719553,1.10514,0.260077,0.0215138,-0.000409505,0.806184,0.000259427,0.000116454,2.37184e-05,1.77639e-05,-0.00683097,-0.00260912,-0.00422185,24.1875,1,0.0232083
2024-05-23 00:00:00+00:00,0.00903719,1.11513,0.233968,0.00131616,0.00129572,0.78294,0.00025059,9.34827e-05,2.19208e-05,2.65256e-05,0.00934399,0.00436925,0.00497474,21.2708,0,0.0218838
2024-05-24 00:00:00+00:00,-0.000711076,1.11434,0.32462,-0.00457408,0.00271535,0.909541,0.000291052,0.000160285,2.9035e-05,2.26923e-05,-0.000250785,-0.00176227,0.00151148,26.4792,0,0.0246333
2024-05-25 00:00:00+00:00,-0.00131162,1.11288,0.298799,0.00669619,0.00660157,0.562771,0.000180086,6.73456e-05,1.75685e-05,8.4571e-06,-0.00104943,0.00310073,-0.00415017,22,0,0.025347
2024-05-26 00:00:00+00:00,-0.000153015,1.11271,0.0270628,0.00292245,0.00227176,0.279046,8.92907e-05,2.93859e-05,8.8125e-06,8.06491e-07,-2.61889e-05,0.000694203,-0.000720392,11.6042,0,0.00426595
2024-05-27 00:00:00+00:00,-0.000186728,1.1125,0.00717366,0.000450823,0.00213569,0.0931169,2.97972e-05,3.72465e-06,1.77346e-06,1.59157e-06,-0.00015298,8.42056e-06,-0.000161401,3.29167,0,0.00616072
2024-05-28 00:00:00+00:00,6.34907e-05,1.11257,0.0015407,-5.01285e-05,0.000385569,0.0168097,5.37916e-06,8.7245e-07,1.91786e-07,5.77855e-08,6.98804e-05,-8.39208e-05,0.000153801,2.10417,0,0.0043899
2024-05-29 00:00:00+00:00,0,1.11257,0,0,0,0,0,0,0,0,0,0,0,0,0,0.00102869
2024-05-30 00:00:00+00:00,0,1.11257,0,0,0,0,0,0,0,0,0,0,0,0,0,0
2024-05-31 00:00:00+00:00,0,1.11257,0,0,0,0,0,0,0,0,0,0,0,0,0,0
2024-06-01 00:00:00+00:00,0,1.11257,0,0,0,0,0,0,0,0,0,0,0,0,0,0
2024-06-02 00:00:00+00:00,0,1.11257,0,0,0,0,0,0,0,0,0,0,0,0,0,0
2024-06-03 00:00:00+00:00,0,1.11257,0,0,0,0,0,0,0,0,0,0,0,0,0,0
2024-06-04 00:00:00+00:00,0,1.11257,0,0,0,0,0,0,0,0,0,0,0,0,0,0
2024-06-05 00:00:00+00:00,0,1.11257,0,0,0,0,0,0,0,0,0,0,0,0,0,0
2024-06-06 00:00:00+00:00,0,1.11257,0,0,0,0,0,0,0,0,0,0,0,0,0,0
2024-06-07 00:00:00+00:00,0,1.11257,0,0,0,0,0,0,0,0,0,0,0,0,0,0.000733719
2024-06-08 00:00:00+00:00,0,1.11257,0,0,0,0,0,0,0,0,0,0,0,0,0,0.00444835
2024-06-09 00:00:00+00:00,0,1.11257,0,0,0,0,0,0,0,0,0,0,0,0,0,0.00376256
2024-06-10 00:00:00+00:00,0,1.11257,0,0,0,0,0,0,0,0,0,0,0,0,0,0.00102482
2024-06-11 00:00:00+00:00,0,1.11257,0,0,0,0,0,0,0,0,0,0,0,0,0,0
2024-06-12 00:00:00+00:00,0,1.11257,0,0,0,0,0,0,0,0,0,0,0,0,0,0
2024-06-13 00:00:00+00:00,0,1.11257,0,0,0,0,0,0,0,0,0,0,0,0,0,0
2024-06-14 00:00:00+00:00,0,1.11257,0,0,0,0,0,0,0,0,0,0,0,0,0,0
2024-06-15 00:00:00+00:00,0,1.11257,0,0,0,0,0,0,0,0,0,0,0,0,0,0
2024-06-16 00:00:00+00:00,0,1.11257,0,0,0,0,0,0,0,0,0,0,0,0,0,0
2024-06-17 00:00:00+00:00,0,1.11257,0,0,0,0,0,0,0,0,0,0,0,0,0,0
2024-06-18 00:00:00+00:00,0,1.11257,0,0,0,0,0,0,0,0,0,0,0,0,0,0.000335394
2024-06-19 00:00:00+00:00,0,1.11257,0,0,0,0,0,0,0,0,0,0,0,0,0,0.00115615
2024-06-20 00:00:00+00:00,0,1.11257,0,0,0,0,0,0,0,0,0,0,0,0,0,0.000486714
2024-06-21 00:00:00+00:00,0,1.11257,0,0,0,0,0,0,0,0,0,0,0,0,0,0
2024-06-22 00:00:00+00:00,0,1.11257,0,0,0,0,0,0,0,0,0,0,0,0,0,0
2024-06-23 00:00:00+00:00,0,1.11257,0,0,0,0,0,0,0,0,0,0,0,0,0,0.000924286
2024-06-24 00:00:00+00:00,0,1.11257,0,0,0,0,0,0,0,0,0,0,0,0,0,8.14157e-05
2024-06-25 00:00:00+00:00,0,1.11257,0,0,0,0,0,0,0,0,0,0,0,0,0,0.00223459
2024-06-26 00:00:00+00:00,-6.91605e-07,1.11257,3.5944e-05,-3.5944e-05,-3.97234e-05,0.00172531,5.521e-07,6.90124e-08,7.04935e-08,0,0,0,0,0.0208333,0,0.00439299
2024-06-27 00:00:00+00:00,-0.00034718,1.11218,0.00778134,-0.00324948,-0.00287034,0.108408,3.46902e-05,4.33627e-06,3.06029e-06,1.56405e-06,-0.000306704,-7.75142e-05,-0.00022919,4.10417,0,0.00664254
2024-06-28 00:00:00+00:00,0.000110668,1.1123,0.00296581,-0.00173309,-0.00168654,0.0340423,1.08936e-05,1.3617e-06,7.88627e-07,4.36851e-07,0.000123271,-1.60993e-05,0.000139371,3.08333,0,0.0062448
2024-06-29 00:00:00+00:00,-3.23803e-07,1.1123,9.74232e-06,-9.74232e-06,-1.03253e-05,0.000124981,3.9994e-08,4.99925e-09,5.20259e-10,0,-2.78289e-07,0,-2.78289e-07,0.145833,0,0.0045342
2024-06-30 00:00:00+00:00,0,1.1123,0,0,0,0,0,0,0,0,0,0,0,0,0,0.00372391
2024-07-01 00:00:00+00:00,0,1.1123,0,0,0,0,0,0,0,0,0,0,0,0,0,0.00526773
2024-07-02 00:00:00+00:00,-8.43354e-05,1.11221,0.00314583,-0.00265942,-0.00264378,0.0440287,1.40891e-05,3.30317e-06,1.41086e-06,1.10156e-06,-6.6626e-05,-3.79686e-06,-6.28291e-05,1.58333,0,0.00767805
2024-07-03 00:00:00+00:00,0.000176134,1.11241,0.00918466,-0.00363039,-0.00339793,0.109913,3.51724e-05,6.48676e-06,3.59375e-06,1.17238e-06,0.000220234,-0.000229895,0.000450129,3.91667,0,0.00894286
2024-07-04 00:00:00+00:00,0.000574488,1.11305,0.0259363,-0.00360022,-0.00268306,0.277001,8.86414e-05,1.16457e-05,1.20736e-05,8.45147e-06,0.000678336,-0.0012662,0.00194454,6.625,0,0.00927445
2024-07-05 00:00:00+00:00,-0.000111711,1.11292,0.0860595,-0.000534026,0.00100594,0.721617,0.000231814,9.47674e-05,4.25829e-05,1.05344e-05,0.000247836,-0.000337216,0.000585053,19.5833,1,0.0126264
2024-07-06 00:00:00+00:00,-0.000681183,1.11216,0.104008,-0.00307924,-0.000680073,0.745134,0.000238441,0.000123964,3.73172e-05,2.19635e-05,-0.000302809,0.00427994,-0.00458275,21.8542,0,0.014382
2024-07-07 00:00:00+00:00,0.000780672,1.11303,0.0993193,-0.000988225,-0.00264598,0.54422,0.000174155,3.80127e-05,2.45358e-05,1.40279e-05,0.00100369,-0.00230775,0.00331144,18.8333,0,0.0143142
2024-07-08 00:00:00+00:00,-0.00282925,1.10988,0.0842027,0.00254034,0.000852339,0.659326,0.000210972,0.000102593,3.9777e-05,6.1881e-06,-0.00248462,-0.000602403,-0.00188222,16.9375,0,0.0144571
2024-07-09 00:00:00+00:00,-0.000114505,1.10976,0.0714704,0.00576868,-9.52242e-05,0.491088,0.000157149,5.93837e-05,1.62516e-05,1.07708e-06,0.000117855,0.00105844,-0.000940583,15.7917,0,0.0126325
2024-07-10 00:00:00+00:00,0.00322668,1.11334,0.145176,0.00741802,-0.00207446,0.792912,0.00025375,4.06003e-05,3.08124e-05,1.44483e-05,0.00353341,0.00377104,-0.00023763,20.6042,0,0.0156579
2024-07-11 00:00:00+00:00,-0.00148674,1.11168,0.206943,0.00212387,-0.00450152,0.792076,0.000253462,4.30123e-05,2.58975e-05,2.68665e-05,-0.00119,-0.00429535,0.00310535,22.6042,0,0.0176999
2024-07-12 00:00:00+00:00,-0.00199085,1.10947,0.183972,-0.0069598,-0.000983339,0.806554,0.000258093,4.63479e-05,2.89957e-05,1.1886e-05,-0.00166945,0.00268906,-0.00435851,22.0208,0,0.0169954
2024-07-13 00:00:00+00:00,-0.00111116,1.10823,0.0954451,-0.00205961,0.00180647,0.392706,0.000125664,1.95499e-05,1.13289e-05,2.13608e-05,-0.000975804,-0.00222191,0.00124611,13.8542,0,0.0142516
2024-07-14 00:00:00+00:00,1.95385e-06,1.10824,0.0257812,-0.00152626,-0.0011801,0.311112,9.95563e-05,1.78535e-05,9.81675e-06,1.40749e-06,0.000128042,0.000669523,-0.000541481,11.3542,0,0.0104556
2024-07-15 00:00:00+00:00,-0.001276,1.10682,0.0455915,0.00858478,0.000976549,0.456141,0.000146379,3.08939e-05,1.48316e-05,-3.35258e-06,-0.00108106,0.00123462,-0.00231568,12.7292,1,0.011206
2024-07-16 00:00:00+00:00,-0.000324734,1.10646,0.0074916,0.00104866,0.000523645,0.0915821,2.93058e-05,3.8536e-06,2.73009e-06,-3.63633e-07,-0.000288514,-0.000276776,-1.17381e-05,6.16667,0,0.008003
2024-07-17 00:00:00+00:00,-3.71846e-05,1.10642,0.00256609,-0.00212609,-0.00268747,0.0446408,1.42851e-05,2.56583e-06,1.64157e-06,4.13443e-07,-1.90992e-05,1.42453e-05,-3.33445e-05,1.5625,0,0.00623768
2024-07-18 00:00:00+00:00,3.81275e-05,1.10646,0.00290711,-0.00148482,-0.00168007,0.0401509,1.28483e-05,4.19646e-06,1.5745e-06,5.17742e-07,5.62364e-05,3.62654e-05,1.9971e-05,2.10417,0,0.0060292
2024-07-19 00:00:00+00:00,3.04098e-05,1.1065,0.00136086,0.000414848,8.08552e-05,0.023711,7.58752e-06,1.15331e-05,1.03995e-06,-1.49525e-08,5.06003e-05,0.000102942,-5.23417e-05,1.125,0,0.00650505
2024-07-20 00:00:00+00:00,-5.03553e-05,1.10644,0.00165261,0.000679702,0.000269186,0.0241247,7.71991e-06,1.08621e-05,9.42801e-07,1.22623e-07,-3.09471e-05,-2.98617e-05,-1.08536e-06,1.9375,0,0.0081177
2024-07-21 00:00:00+00:00,-6.31977e-05,1.10637,0.000224208,-0.000224208,-0.000220306,0.00423165,1.35412e-06,1.69265e-07,1.08631e-07,4.44273e-08,-6.16111e-05,0,-6.16111e-05,0.208333,0,0.00715155
2024-07-22 00:00:00+00:00,-0.000928526,1.10535,0.00393407,-0.0007537,-0.000547528,0.0645277,2.06481e-05,2.67638e-06,3.60619e-06,2.28013e-06,-0.000903994,-0.000139206,-0.000764788,3.27083,0,0.00552822
2024-07-23 00:00:00+00:00,0,1.10535,0,0,0,0,0,0,0,0,0,0,0,0,0,0.00262207
2024-07-24 00:00:00+00:00,0,1.10535,0,0,0,0,0,0,0,0,0,0,0,0,0,0.000169265
2024-07-25 00:00:00+00:00,0,1.10535,0,0,0,0,0,0,0,0,0,0,0,0,0,0.000268133
2024-07-26 00:00:00+00:00,0,1.10535,0,0,0,0,0,0,0,0,0,0,0,0,0,0
2024-07-27 00:00:00+00:00,0,1.10535,0,0,0,0,0,0,0,0,0,0,0,0,0,0
2024-07-28 00:00:00+00:00,0,1.10535,0,0,0,0,0,0,0,0,0,0,0,0,0,0
2024-07-29 00:00:00+00:00,0,1.10535,0,0,0,0,0,0,0,0,0,0,0,0,0,0.000263266
2024-07-30 00:00:00+00:00,0,1.10535,0,0,0,0,0,0,0,0,0,0,0,0,0,2.39683e-05
2024-07-31 00:00:00+00:00,0,1.10535,0,0,0,0,0,0,0,0,0,0,0,0,0,0
2024-08-01 00:00:00+00:00,0,1.10535,0,0,0,0,0,0,0,0,0,0,0,0,0,0
2024-08-02 00:00:00+00:00,0,1.10535,0,0,0,0,0,0,0,0,0,0,0,0,0,0
2024-08-03 00:00:00+00:00,0,1.10535,0,0,0,0,0,0,0,0,0,0,0,0,0,0
2024-08-04 00:00:00+00:00,0,1.10535,0,0,0,0,0,0,0,0,0,0,0,0,0,0
2024-08-05 00:00:00+00:00,0,1.10535,0,0,0,0,0,0,0,0,0,0,0,0,0,0.000287536
2024-08-06 00:00:00+00:00,0,1.10535,0,0,0,0,0,0,0,0,0,0,0,0,0,0.00209015
2024-08-07 00:00:00+00:00,0,1.10535,0,0,0,0,0,0,0,0,0,0,0,0,0,0.0015799
2024-08-08 00:00:00+00:00,0,1.10535,0,0,0,0,0,0,0,0,0,0,0,0,0,0.0018603
2024-08-09 00:00:00+00:00,0,1.10535,0,0,0,0,0,0,0,0,0,0,0,0,0,0.000649877
2024-08-10 00:00:00+00:00,0,1.10535,0,0,0,0,0,0,0,0,0,0,0,0,0,0
2024-08-11 00:00:00+00:00,0,1.10535,0,0,0,0,0,0,0,0,0,0,0,0,0,0
2024-08-12 00:00:00+00:00,0,1.10535,0,0,0,0,0,0,0,0,0,0,0,0,0,0
2024-08-13 00:00:00+00:00,0,1.10535,0,0,0,0,0,0,0,0,0,0,0,0,0,0
2024-08-14 00:00:00+00:00,0,1.10535,0,0,0,0,0,0,0,0,0,0,0,0,0,0
2024-08-15 00:00:00+00:00,0,1.10535,0,0,0,0,0,0,0,0,0,0,0,0,0,0
2024-08-16 00:00:00+00:00,0,1.10535,0,0,0,0,0,0,0,0,0,0,0,0,0,0
2024-08-17 00:00:00+00:00,0,1.10535,0,0,0,0,0,0,0,0,0,0,0,0,0,0.000401388
2024-08-18 00:00:00+00:00,0,1.10535,0,0,0,0,0,0,0,0,0,0,0,0,0,0.00303643
2024-08-19 00:00:00+00:00,0,1.10535,0,0,0,0,0,0,0,0,0,0,0,0,0,0.00334815
2024-08-20 00:00:00+00:00,0,1.10535,0,0,0,0,0,0,0,0,0,0,0,0,0,0.00213303
2024-08-21 00:00:00+00:00,0,1.10535,0,0,0,0,0,0,0,0,0,0,0,0,0,0.000155114
2024-08-22 00:00:00+00:00,0,1.10535,0,0,0,0,0,0,0,0,0,0,0,0,0,0
2024-08-23 00:00:00+00:00,0,1.10535,0,0,0,0,0,0,0,0,0,0,0,0,0,0
2024-08-24 00:00:00+00:00,0,1.10535,0,0,0,0,0,0,0,0,0,0,0,0,0,0
2024-08-25 00:00:00+00:00,0,1.10535,0,0,0,0,0,0,0,0,0,0,0,0,0,0.000976951
2024-08-26 00:00:00+00:00,0,1.10535,0,0,0,0,0,0,0,0,0,0,0,0,0,0.00411791
2024-08-27 00:00:00+00:00,-9.80828e-07,1.10534,0.00035129,-0.00035129,-0.0003705,0.00644881,2.06362e-06,2.57952e-07,1.59121e-07,1.30253e-07,1.37027e-06,0,1.37027e-06,0.5625,0,0.00478302
2024-08-28 00:00:00+00:00,0,1.10534,0,0,0,0,0,0,0,0,0,0,0,0,0,0.00307421
2024-08-29 00:00:00+00:00,0,1.10534,0,0,0,0,0,0,0,0,0,0,0,0,0,0.00233725
2024-08-30 00:00:00+00:00,0,1.10534,0,0,0,0,0,0,0,0,0,0,0,0,0,0.000908958
2024-08-31 00:00:00+00:00,0,1.10534,0,0,0,0,0,0,0,0,0,0,0,0,0,8.08715e-06
2024-09-01 00:00:00+00:00,0,1.10534,0,0,0,0,0,0,0,0,0,0,0,0,0,0
2024-09-02 00:00:00+00:00,0,1.10534,0,0,0,0,0,0,0,0,0,0,0,0,0,0
2024-09-03 00:00:00+00:00,0,1.10534,0,0,0,0,0,0,0,0,0,0,0,0,0,0
2024-09-04 00:00:00+00:00,0,1.10534,0,0,0,0,0,0,0,0,0,0,0,0,0,0
2024-09-05 00:00:00+00:00,0,1.10534,0,0,0,0,0,0,0,0,0,0,0,0,0,0
2024-09-06 00:00:00+00:00,0,1.10534,0,0,0,0,0,0,0,0,0,0,0,0,0,0
2024-09-07 00:00:00+00:00,0,1.10534,0,0,0,0,0,0,0,0,0,0,0,0,0,0
2024-09-08 00:00:00+00:00,0,1.10534,0,0,0,0,0,0,0,0,0,0,0,0,0,0
2024-09-09 00:00:00+00:00,0,1.10534,0,0,0,0,0,0,0,0,0,0,0,0,0,0
2024-09-10 00:00:00+00:00,0,1.10534,0,0,0,0,0,0,0,0,0,0,0,0,0,0
2024-09-11 00:00:00+00:00,0,1.10534,0,0,0,0,0,0,0,0,0,0,0,0,0,0
2024-09-12 00:00:00+00:00,0,1.10534,0,0,0,0,0,0,0,0,0,0,0,0,0,0
2024-09-13 00:00:00+00:00,0,1.10534,0,0,0,0,0,0,0,0,0,0,0,0,0,0
2024-09-14 00:00:00+00:00,0,1.10534,0,0,0,0,0,0,0,0,0,0,0,0,0,0
2024-09-15 00:00:00+00:00,0,1.10534,0,0,0,0,0,0,0,0,0,0,0,0,0,0
2024-09-16 00:00:00+00:00,0,1.10534,0,0,0,0,0,0,0,0,0,0,0,0,0,6.17519e-06
2024-09-17 00:00:00+00:00,0,1.10534,0,0,0,0,0,0,0,0,0,0,0,0,0,0.000193934
2024-09-18 00:00:00+00:00,0,1.10534,0,0,0,0,0,0,0,0,0,0,0,0,0,0.00105806
2024-09-19 00:00:00+00:00,0,1.10534,0,0,0,0,0,0,0,0,0,0,0,0,0,0.00252476
2024-09-20 00:00:00+00:00,0,1.10534,0,0,0,0,0,0,0,0,0,0,0,0,0,0.00177888
2024-09-21 00:00:00+00:00,0,1.10534,0,0,0,0,0,0,0,0,0,0,0,0,0,0.00215751
2024-09-22 00:00:00+00:00,0,1.10534,0,0,0,0,0,0,0,0,0,0,0,0,0,0.00296629
2024-09-23 00:00:00+00:00,0,1.10534,0,0,0,0,0,0,0,0,0,0,0,0,0,0.00481722
2024-09-24 00:00:00+00:00,0,1.10534,0,0,0,0,0,0,0,0,0,0,0,0,0,0.00319616
2024-09-25 00:00:00+00:00,0,1.10534,0,0,0,0,0,0,0,0,0,0,0,0,0,0.00161648
2024-09-26 00:00:00+00:00,0,1.10534,0,0,0,0,0,0,0,0,0,0,0,0,0,2.32387e-06
2024-09-27 00:00:00+00:00,0,1.10534,0,0,0,0,0,0,0,0,0,0,0,0,0,0
2024-09-28 00:00:00+00:00,0,1.10534,0,0,0,0,0,0,0,0,0,0,0,0,0,0
2024-09-29 00:00:00+00:00,0,1.10534,0,0,0,0,0,0,0,0,0,0,0,0,0,0
2024-09-30 00:00:00+00:00,0,1.10534,0,0,0,0,0,0,0,0,0,0,0,0,0,0
2024-10-01 00:00:00+00:00,0,1.10534,0,0,0,0,0,0,0,0,0,0,0,0,0,0
2024-10-02 00:00:00+00:00,0,1.10534,0,0,0,0,0,0,0,0,0,0,0,0,0,0
2024-10-03 00:00:00+00:00,0,1.10534,0,0,0,0,0,0,0,0,0,0,0,0,0,0
2024-10-04 00:00:00+00:00,0,1.10534,0,0,0,0,0,0,0,0,0,0,0,0,0,0
2024-10-05 00:00:00+00:00,0,1.10534,0,0,0,0,0,0,0,0,0,0,0,0,0,0
2024-10-06 00:00:00+00:00,0,1.10534,0,0,0,0,0,0,0,0,0,0,0,0,0,0
2024-10-07 00:00:00+00:00,0,1.10534,0,0,0,0,0,0,0,0,0,0,0,0,0,0
2024-10-08 00:00:00+00:00,0,1.10534,0,0,0,0,0,0,0,0,0,0,0,0,0,0
2024-10-09 00:00:00+00:00,0,1.10534,0,0,0,0,0,0,0,0,0,0,0,0,0,0
2024-10-10 00:00:00+00:00,0,1.10534,0,0,0,0,0,0,0,0,0,0,0,0,0,0
2024-10-11 00:00:00+00:00,0,1.10534,0,0,0,0,0,0,0,0,0,0,0,0,0,0
2024-10-12 00:00:00+00:00,0,1.10534,0,0,0,0,0,0,0,0,0,0,0,0,0,0
2024-10-13 00:00:00+00:00,0,1.10534,0,0,0,0,0,0,0,0,0,0,0,0,0,0
2024-10-14 00:00:00+00:00,0,1.10534,0,0,0,0,0,0,0,0,0,0,0,0,0,0
2024-10-15 00:00:00+00:00,0,1.10534,0,0,0,0,0,0,0,0,0,0,0,0,0,0
2024-10-16 00:00:00+00:00,0,1.10534,0,0,0,0,0,0,0,0,0,0,0,0,0,0
2024-10-17 00:00:00+00:00,0,1.10534,0,0,0,0,0,0,0,0,0,0,0,0,0,0
2024-10-18 00:00:00+00:00,0,1.10534,0,0,0,0,0,0,0,0,0,0,0,0,0,0
2024-10-19 00:00:00+00:00,0,1.10534,0,0,0,0,0,0,0,0,0,0,0,0,0,0
2024-10-20 00:00:00+00:00,0,1.10534,0,0,0,0,0,0,0,0,0,0,0,0,0,0.000665269
2024-10-21 00:00:00+00:00,0,1.10534,0,0,0,0,0,0,0,0,0,0,0,0,0,0.00100324
2024-10-22 00:00:00+00:00,0,1.10534,0,0,0,0,0,0,0,0,0,0,0,0,0,0.00257573
2024-10-23 00:00:00+00:00,0,1.10534,0,0,0,0,0,0,0,0,0,0,0,0,0,0.00297955
2024-10-24 00:00:00+00:00,5.95072e-06,1.10535,6.54752e-05,6.54752e-05,9.21808e-05,0.00207353,6.6353e-07,8.29413e-08,8.31376e-08,-6.57e-07,7.43734e-06,7.43734e-06,0,0.0416667,0,0.00383861
2024-10-25 00:00:00+00:00,-0.000421703,1.10488,0.0106143,0.00277853,0.00395913,0.112713,3.60677e-05,6.3854e-06,3.74423e-06,-3.25424e-06,-0.000372278,-0.000682694,0.000310417,3,0,0.00762023
2024-10-26 00:00:00+00:00,0.000269276,1.10518,0.033973,-0.000405525,-0.00139666,0.292636,9.36442e-05,3.11517e-05,1.09689e-05,7.78835e-07,0.000404442,0.000377826,2.66155e-05,9.3125,0,0.0108982
2024-10-27 00:00:00+00:00,-0.000339804,1.10481,0.0335507,-0.001009,-0.00157046,0.292991,9.37568e-05,2.43822e-05,1.02078e-05,-2.1826e-06,-0.000209235,0.000343944,-0.000553178,9.72917,0,0.0125292
2024-10-28 00:00:00+00:00,-0.000631306,1.10411,0.0664112,-0.00133719,-0.00442186,0.432162,0.00013829,0.000101723,1.59938e-05,-1.56075e-06,-0.000373257,0.000955823,-0.00132908,10.9792,0,0.0157528
2024-10-29 00:00:00+00:00,-0.00118384,1.1028,0.0720879,0.00866546,0.000994546,0.504365,0.000163177,0.000102349,1.68082e-05,-1.68249e-05,-0.000884836,0.000952475,-0.00183731,14.4792,1,0.0166915
2024-10-30 00:00:00+00:00,0.000156073,1.10297,0.0411956,0.00328243,-0.00091149,0.39591,0.000126692,2.88111e-05,1.02713e-05,-3.32102e-06,0.000325383,-0.000599221,0.000924604,12.5833,0,0.0135083
2024-10-31 00:00:00+00:00,-0.000378722,1.10256,0.019701,-0.00146556,-0.00239595,0.23532,7.53018e-05,1.0999e-05,4.98632e-06,-2.2841e-06,-0.000285114,-0.000302352,1.72381e-05,7.79167,0,0.0124301
2024-11-01 00:00:00+00:00,0.000641974,1.10326,0.0173612,-0.00099953,0.000861367,0.138756,4.44026e-05,1.07958e-05,4.0013e-06,-2.59224e-06,0.000703695,0.000249301,0.000454393,5.10417,0,0.0109337
2024-11-02 00:00:00+00:00,-0.000248849,1.10299,0.00847941,0.00115465,0.00199538,0.113895,3.64462e-05,1.20702e-05,3.57963e-06,-1.00842e-05,-0.000186662,-0.00026474,7.80785e-05,3.89583,0,0.0120739
2024-11-03 00:00:00+00:00,-0.000289279,1.10267,0.0145402,0.00111015,0.0028944,0.157203,5.03047e-05,3.1058e-05,5.06751e-06,-3.77268e-07,-0.000202457,-0.000125502,-7.69551e-05,3.72917,0,0.0123131
2024-11-04 00:00:00+00:00,-0.000296364,1.10234,0.0339491,0.000177812,0.00376716,0.401431,0.000128457,3.95274e-05,1.38119e-05,8.79451e-07,-0.000115386,-0.000863186,0.0007478,10.4167,0,0.0134674
2024-11-05 00:00:00+00:00,0.000604913,1.10301,0.0450049,-0.00296193,0.0011682,0.368522,0.00011793,3.44621e-05,1.35366e-05,2.43069e-06,0.000768792,0.00188026,-0.00111147,11.3958,0,0.0147821
2024-11-06 00:00:00+00:00,-0.00454253,1.098,0.0849399,-0.000145866,0.00219463,0.666819,0.000214333,4.41814e-05,2.9526e-05,8.83514e-06,-0.00427269,0.000899635,-0.00517232,17.5625,1,0.0144971
2024-11-07 00:00:00+00:00,-0.000451472,1.0975,0.031741,-0.00252573,-0.00264272,0.286264,9.2613e-05,2.05676e-05,1.10858e-05,6.83849e-06,-0.00033376,-5.20654e-05,-0.000281694,8.85417,1,0.011003
2024-11-08 00:00:00+00:00,-0.000494065,1.09696,0.0189605,0.000420903,-0.00125976,0.204178,6.53361e-05,1.28783e-05,7.00184e-06,3.93615e-06,-0.000412778,7.15194e-05,-0.000484297,7.0625,0,0.0109111
2024-11-09 00:00:00+00:00,-0.0012742,1.09556,0.0572337,0.00728584,0.00032971,0.469664,0.000150288,2.06943e-05,1.9721e-05,1.38399e-05,-0.00109703,0.00175326,-0.0028503,12.6458,0,0.0129025
2024-11-10 00:00:00+00:00,-0.000267738,1.09527,0.0338659,0.00627673,0.00265771,0.483647,0.000155406,3.13414e-05,2.1538e-05,1.43476e-05,-7.34892e-05,0.000552566,-0.000626055,13.3333,2,0.0106535
2024-11-11 00:00:00+00:00,-0.000500503,1.09472,0.0165464,-0.000419909,-0.00190812,0.287645,9.2162e-05,3.38815e-05,1.26524e-05,1.27713e-05,-0.000374524,0.000464861,-0.000839386,9.6875,1,0.00859986
2024-11-12 00:00:00+00:00,0.000438606,1.0952,0.0106962,-0.000164449,0.000195696,0.200583,6.41867e-05,1.55139e-05,7.81651e-06,8.78923e-07,0.000525265,6.62847e-05,0.00045898,6.75,0,0.0080517
2024-11-13 00:00:00+00:00,0.000520218,1.09577,0.00757322,0.00168757,0.00225378,0.140507,4.49631e-05,1.39046e-05,4.55876e-06,4.3688e-07,0.000583176,-3.72481e-05,0.000620424,6.02083,0,0.00816843
2024-11-14 00:00:00+00:00,0.00013403,1.09592,0.00128294,0.000421624,0.000673359,0.0257318,8.23415e-06,3.21757e-06,8.02093e-07,-1.81594e-07,0.000146481,5.4272e-05,9.22091e-05,2.10417,0,0.00575614
2024-11-15 00:00:00+00:00,3.05707e-05,1.09595,0.000905528,0.000905528,0.00151746,0.0214286,6.85717e-06,8.57146e-07,5.88848e-07,-7.199e-07,3.9601e-05,3.9601e-05,0,0.979167,0,0.00529595
2024-11-16 00:00:00+00:00,0.00027915,1.09626,0.00805907,0.00229702,0.00262074,0.150606,4.81945e-05,7.42818e-06,4.21607e-06,-8.38397e-07,0.000339851,4.52619e-05,0.000294589,4.5625,0,0.00687214
2024-11-17 00:00:00+00:00,-9.85157e-05,1.09615,0.0131768,0.0037864,0.00156696,0.213902,6.84487e-05,1.56214e-05,5.32281e-06,-5.91565e-07,-8.41545e-06,-9.84161e-05,9.00007e-05,6.89583,0,0.00939354
2024-11-18 00:00:00+00:00,0.000133797,1.0963,0.0187683,0.00595077,0.000639819,0.255472,8.17518e-05,4.39578e-05,8.08393e-06,-5.20269e-06,0.000273046,8.80568e-05,0.000184989,6.875,0,0.0103502
2024-11-19 00:00:00+00:00,0.000424788,1.09676,0.0211666,0.00655362,0.000458392,0.223311,7.14607e-05,3.61748e-05,5.70661e-06,-2.12024e-06,0.000540652,1.52189e-05,0.000525433,6.45833,0,0.0105457
2024-11-20 00:00:00+00:00,-4.27547e-05,1.09672,0.0199705,0.0103241,0.00350055,0.153335,4.90671e-05,1.73707e-05,2.45994e-06,-7.20471e-06,3.36263e-05,-0.000181752,0.000215378,6.22917,0,0.0107595
2024-11-21 00:00:00+00:00,0.000172825,1.09691,0.0246662,0.0120142,0.00254963,0.137531,4.40101e-05,1.14886e-05,3.36628e-06,-1.12856e-05,0.000243344,0.000139235,0.000104109,4.95833,0,0.0133149
2024-11-22 00:00:00+00:00,-0.000246004,1.09664,0.063144,0.0100664,-0.000207352,0.597262,0.000191124,8.54924e-05,2.03804e-05,-9.41641e-06,6.15581e-05,0.00127004,-0.00120848,15.0417,0,0.0196054
2024-11-23 00:00:00+00:00,-0.00257792,1.09381,0.0908363,0.00335295,-0.00141948,0.574312,0.000185151,0.000151942,2.07024e-05,8.55873e-06,-0.00222972,0.00149261,-0.00372234,16,2,0.0197579
2024-11-24 00:00:00+00:00,-0.000392067,1.09338,0.0638733,0.00341247,-0.00232455,0.567664,0.000181914,0.0001922,2.52271e-05,1.0338e-05,-1.89678e-06,0.000427267,-0.000429164,16.9583,1,0.0176106
2024-11-25 00:00:00+00:00,-0.000731601,1.09258,0.0864384,0.0104403,0.00371599,0.576666,0.000184532,0.000188278,3.02337e-05,-2.55216e-06,-0.000324414,-0.00185502,0.00153061,17.2083,0,0.0165079
2024-11-26 00:00:00+00:00,0.000775961,1.09343,0.094677,0.00668144,0.00275019,0.314812,0.000100741,7.21945e-05,1.06217e-05,-9.14198e-06,0.000970094,-0.00180934,0.00277944,12.9792,0,0.0175464
2024-11-27 00:00:00+00:00,0.00323254,1.09696,0.0886294,0.00130979,0.000294622,0.315031,0.000100817,8.66068e-05,8.95913e-06,4.09265e-06,0.00342133,0.00471212,-0.00129079,11.9167,0,0.0190515
2024-11-28 00:00:00+00:00,-0.00146103,1.09536,0.0928252,0.00332053,-0.00233303,0.516399,0.000165242,0.000157983,1.45266e-05,7.02669e-06,-0.00112946,-5.80494e-05,-0.00107141,15.8542,0,0.0216681
2024-11-29 00:00:00+00:00,-0.000849872,1.09443,0.0879863,0.00579698,-0.000177433,0.484293,0.000154962,0.000118029,1.27947e-05,8.62312e-06,-0.000569796,0.00152406,-0.00209385,15.3333,0,0.0194129
2024-11-30 00:00:00+00:00,0.00251825,1.09719,0.0647821,0.00509999,-2.89568e-05,0.5414,0.000173258,0.000140241,1.45912e-05,1.39979e-05,0.00282996,0.00171924,0.00111071,15.6667,0,0.0184005
2024-12-01 00:00:00+00:00,-0.000308075,1.09685,0.075812,0.00475832,0.00123774,0.562265,0.000179923,0.000148674,1.32812e-05,1.11045e-05,2.53309e-05,0.0019916,-0.00196627,16.4792,0,0.0188283
2024-12-02 00:00:00+00:00,0.00468019,1.10198,0.141833,0.00852658,0.000521903,0.855074,0.000273659,0.000201707,2.55487e-05,5.2934e-06,0.00516718,0.00332939,0.00183779,23.2292,0,0.019129
2024-12-03 00:00:00+00:00,-0.000894169,1.101,0.169514,0.0058835,0.00435081,0.863988,0.000276473,0.000160373,3.07393e-05,2.77903e-05,-0.000446074,0.000752275,-0.00119835,22.2292,0,0.0225651
2024-12-04 00:00:00+00:00,0.00150172,1.10265,0.175368,0.00601238,0.00316995,1.17416,0.000375746,0.000153426,4.75982e-05,1.33876e-05,0.0020681,0.00292778,-0.000859672,28.9167,0,0.0241739
2024-12-05 00:00:00+00:00,-0.0025272,1.09986,0.262939,0.0174181,0.000881597,1.11429,0.000356551,0.000153499,3.612e-05,2.60024e-05,-0.00199874,-5.4895e-05,-0.00194384,33.9375,0,0.0262222
2024-12-06 00:00:00+00:00,0.00204698,1.10211,0.239358,0.0163706,-0.000133304,0.876791,0.00028059,0.000138213,2.8699e-05,2.58593e-05,0.00247114,0.00678899,-0.00431786,29.1667,0,0.0252679
2024-12-07 00:00:00+00:00,-0.0060054,1.09549,0.262705,0.0134552,-0.00297002,0.995231,0.000318403,0.000160772,2.96294e-05,4.04078e-05,-0.00554031,0.00155342,-0.00709374,34.3542,0,0.0259256
2024-12-08 00:00:00+00:00,0.00254715,1.09829,0.167071,-0.00162736,-0.00894577,0.797839,0.000255319,8.33353e-05,1.9135e-05,2.43729e-05,0.00288026,0.00105231,0.00182794,25.5833,0,0.0204617
2024-12-09 00:00:00+00:00,-0.00225759,1.09581,0.173622,0.0114418,0.00144999,1.21053,0.000392912,0.000163833,4.19742e-05,7.30916e-07,-0.00165301,-0.0141952,0.0125422,28.375,5,0.0209616
2024-12-10 00:00:00+00:00,0.00757995,1.10411,0.190939,0.010184,0.00464751,0.914555,0.000292709,5.89064e-05,2.87262e-05,-1.05629e-05,0.00795116,0.00142102,0.00653014,26.7708,0,0.0230085
2024-12-11 00:00:00+00:00,0.00270381,1.1071,0.240546,0.0149828,0.00661693,0.842518,0.000269631,6.57773e-05,2.28831e-05,1.28125e-05,0.00305187,0.0105619,-0.00751003,26.3125,0,0.0256653
2024-12-12 00:00:00+00:00,0.00273076,1.11012,0.290398,0.0213064,0.00507865,0.943563,0.000301962,4.15911e-05,2.6437e-05,3.10789e-06,0.00309712,0.000450848,0.00264627,29.125,0,0.0268176
2024-12-13 00:00:00+00:00,0.0015193,1.11181,0.365715,0.0233131,0.00580477,1.05081,0.000337718,5.33229e-05,2.58528e-05,4.36543e-06,0.00193548,0.00438548,-0.00245,30.1042,1,0.0278853
2024-12-14 00:00:00+00:00,0.00190459,1.11392,0.405757,0.0288411,0.00439498,1.03738,0.000331975,5.7854e-05,2.59666e-05,4.63466e-06,0.00231848,-0.00739656,0.00971504,30.9375,0,0.0299242
2024-12-15 00:00:00+00:00,0.00364206,1.11798,0.480062,0.030254,0.0073019,1.22574,0.000392264,7.93019e-05,2.80556e-05,-7.3299e-06,0.00414895,0.0100866,-0.00593763,34.2708,0,0.0324286
2024-12-16 00:00:00+00:00,0.0087008,1.12771,0.626175,0.022844,0.0185094,2.10189,0.000672723,0.00024208,7.99865e-05,-2.2774e-05,0.00968667,-0.00172682,0.0114135,37.5833,0,0.0356891
2024-12-17 00:00:00+00:00,-0.000968771,1.12662,0.429799,0.0127492,0.00894357,1.66945,0.000534211,0.000679639,4.78408e-05,1.04058e-05,0.000295555,-0.00604566,0.00634121,38.2917,0,0.0373949
2024-12-18 00:00:00+00:00,-0.00090054,1.1256,0.465403,0.0137969,0.00807787,1.72903,0.000553313,0.000327482,7.40827e-05,1.96019e-05,4.55186e-05,-0.02492,0.0249655,35.5833,0,0.0361182
2024-12-19 00:00:00+00:00,0.0022397,1.12812,0.814999,-0.0171851,0.00547844,2.48458,0.000820302,0.000163168,0.000174534,3.63235e-05,0.00338432,-0.0407743,0.0441586,39.8125,5,0.0374406
2024-12-20 00:00:00+00:00,0.00746117,1.13654,1.10539,-0.0228765,0.00136498,2.69564,0.000874618,0.000171032,0.000151856,0.000122667,0.00854205,0.0378878,-0.0293458,40,2,0.0378227
2024-12-21 00:00:00+00:00,0.00178903,1.13857,1.51949,-0.0389499,0.000875251,1.48233,0.000474358,6.85336e-05,7.6849e-05,0.000118723,0.00232409,-0.0433597,0.0456838,40,0,0.0400231
2024-12-22 00:00:00+00:00,0.0102852,1.15028,1.5839,-0.0356384,0.00101346,0.886917,0.000283867,3.54834e-05,4.99306e-05,0.000115089,0.010508,0.00268063,0.00782741,40,0,0.0397893
2024-12-23 00:00:00+00:00,0.00743522,1.15884,1.71288,-0.0132557,-0.0111375,2.09508,0.000670638,0.000102584,0.000210778,0.000127729,0.00830965,0.0696312,-0.0613216,40,0,0.0426114
2024-12-24 00:00:00+00:00,-0.00965761,1.14764,1.42649,0.0318452,0.00268022,2.93706,0.000942893,0.000183485,0.00016405,0.000106844,-0.00849152,0.0164589,-0.0249504,40,1,0.0451628
2024-12-25 00:00:00+00:00,0.00629304,1.15487,1.07176,0.0364074,0.0157937,1.89057,0.000605142,9.27808e-05,6.18379e-05,0.00029369,0.00675155,-0.0110824,0.0178339,39.0833,1,0.0455201
2024-12-26 00:00:00+00:00,0.00111947,1.15616,1.21889,0.0521909,0.0201022,1.06343,0.000340307,4.41089e-05,3.81063e-05,-0.000304028,0.00186908,-0.0395956,0.0414646,40,0,0.0462511
2024-12-27 00:00:00+00:00,0.00657614,1.16376,1.45271,0.060817,0.0159887,0.99357,0.000317996,4.21139e-05,5.40017e-05,-0.000137185,0.00713481,0.00116314,0.00597167,40,0,0.0457039
2024-12-28 00:00:00+00:00,0.0163394,1.18278,1.5493,0.0772089,0.0171546,1.36687,0.000437621,7.5001e-05,5.91116e-05,0.000254585,0.0165587,0.0360986,-0.0195398,40,0,0.0436319
2024-12-29 00:00:00+00:00,0.00343365,1.18684,1.04543,0.110014,0.0232375,2.17436,0.000695874,0.000124328,5.75101e-05,3.14049e-05,0.00428739,-0.0186009,0.0228883,40,0,0.0445522
2024-12-30 00:00:00+00:00,-0.000758386,1.18594,0.715577,0.0838363,0.0207222,1.69946,0.000543868,0.000244907,6.14518e-05,2.5271e-05,0.000103948,-0.000535774,0.000639722,30.1042,0,0.045103
2024-12-31 00:00:00+00:00,-0.00418727,1.18097,1.23882,0.109873,0.0216313,0.637934,0.000204153,6.29037e-05,2.37559e-05,0.000128509,-0.00395801,-0.00136164,-0.00259637,37.7708,0,0.0454592
2025-01-01 00:00:00+00:00,0.00490527,1.18677,1.63368,0.0971937,0.013536,0.89172,0.000296584,7.29619e-05,5.86688e-05,0.00010172,0.00528604,0.0359216,-0.0306355,40,2,0.0452587
2025-01-02 00:00:00+00:00,-0.00541225,1.18034,1.73524,0.0954148,0.019109,1.39374,0.000451394,0.000143028,5.95425e-05,3.64917e-05,-0.00474625,0.0296198,-0.0343661,40,1,0.0457908
2025-01-03 00:00:00+00:00,-0.000155784,1.18016,1.6326,0.0702785,0.00404872,1.19965,0.00040555,0.000104075,6.55116e-05,-1.03064e-05,0.000502583,0.050997,-0.0504944,40,3,0.0434836
2025-01-04 00:00:00+00:00,-0.00388218,1.17558,1.59421,0.0564217,-0.00830112,0.714687,0.000231337,5.80768e-05,3.33401e-05,0.000121715,-0.00365295,-0.00600112,0.00234817,40,1,0.0422207
2025-01-05 00:00:00+00:00,-0.00468766,1.17007,1.70743,0.055469,-0.00370036,0.411389,0.000131615,1.9454e-05,1.97971e-05,0.000114077,-0.00462282,-0.00899709,0.00437427,40,0,0.0402858
2025-01-06 00:00:00+00:00,0.00989486,1.18164,1.84585,0.184041,0.0296843,1.8803,0.000618505,0.000178063,0.000192167,0.000690548,0.0101912,0.0170077,-0.0068165,40,2,0.0393039
2025-01-07 00:00:00+00:00,-0.00414767,1.17674,1.18691,0.0922335,0.0146152,1.9951,0.000638411,0.000162714,7.19431e-05,0.000179911,-0.00342053,-0.0631521,0.0597315,40,0,0.0398566
2025-01-08 00:00:00+00:00,0.0050524,1.18269,1.41446,0.0664455,0.0212285,1.11636,0.00039048,8.78799e-05,0.000102421,0.00019615,0.00545724,-0.0294645,0.0349217,39.9375,5,0.0389791
2025-01-09 00:00:00+00:00,0.00729265,1.19131,1.74433,0.0913524,0.0169757,1.30271,0.000437096,7.34483e-05,0.000106276,0.000141207,0.00776739,-0.0355636,0.043331,40,2,0.0385056
2025-01-10 00:00:00+00:00,-0.00269287,1.18811,1.87293,0.144131,0.0121021,0.449411,0.00014379,3.16139e-05,3.13119e-05,4.77797e-05,-0.00251108,0.0219221,-0.0244332,40,0,0.0386682
2025-01-11 00:00:00+00:00,0.00460725,1.19358,1.98793,0.160994,0.0126184,0.383606,0.000122747,3.56402e-05,2.23036e-05,0.000211053,0.00459835,0.0105365,-0.00593814,40,0,0.0379015
2025-01-12 00:00:00+00:00,-0.0041685,1.1886,1.93662,0.151234,0.00866419,0.464814,0.000148698,3.12424e-05,2.19461e-05,0.000107273,-0.00406524,-0.0193078,0.0152425,40,0,0.036495
2025-01-13 00:00:00+00:00,-0.00492883,1.18275,0.812417,0.0671085,0.0107456,3.52416,0.00114374,0.000209635,0.000218123,0.000171368,-0.00350247,-0.0155202,0.0120178,34.1042,5,0.0347692
2025-01-14 00:00:00+00:00,0.00513627,1.18882,0.776281,0.0206927,0.00632343,1.97264,0.000631344,0.000144297,7.88413e-05,0.000110503,0.00588424,0.0160927,-0.0102085,36.4375,0,0.0342202
2025-01-15 00:00:00+00:00,0.00756358,1.19781,0.89272,0.0571161,0.00839832,1.69956,0.000544684,9.80857e-05,5.75549e-05,0.00010151,0.00814951,0.0325737,-0.0244242,36.6458,1,0.0340845
2025-01-16 00:00:00+00:00,0.00330416,1.20177,1.07833,0.0607045,0.00723349,0.502116,0.000164228,4.10487e-05,2.86993e-05,0.000135505,0.0034094,-0.00944286,0.0128523,39.0208,1,0.0352448
2025-01-17 00:00:00+00:00,-0.00253127,1.19873,1.06425,0.0570092,0.00658495,1.47357,0.000475298,0.000183132,5.79462e-05,7.20714e-05,-0.00186865,0.0338263,-0.0356949,39.8333,1,0.0344612
2025-01-18 00:00:00+00:00,0.0147088,1.21636,0.869503,0.0486704,0.00328,1.08745,0.000369159,9.86881e-05,7.39099e-05,-0.000476731,0.0156421,-0.0201256,0.0357677,40,3,0.0344205
2025-01-19 00:00:00+00:00,-0.00629225,1.20871,1.01884,0.0200718,0.00521733,0.593842,0.00019069,5.64549e-05,3.66959e-05,-4.4967e-05,-0.00593817,-0.0437431,0.037805,39.9375,1,0.0341276
2025-01-20 00:00:00+00:00,0.0124889,1.2238,1.07076,0.0102755,0.00802517,0.48738,0.000156198,0.000107559,6.6601e-05,-3.46824e-05,0.0128288,0.00553999,0.00728876,40,0,0.0339348
2025-01-21 00:00:00+00:00,-0.0112847,1.20999,1.17479,0.0179667,0.000836819,0.586512,0.000187307,0.000129812,7.75396e-05,3.93866e-06,-0.0108856,0.0152605,-0.0261461,40,0,0.0401509
2025-01-22 00:00:00+00:00,-0.00545778,1.20339,1.16527,0.0252419,0.000481682,0.203946,6.52795e-05,5.21415e-05,1.28101e-05,9.80261e-06,-0.00532025,-0.0137557,0.00843542,40,0,0.0379575
2025-01-23 00:00:00+00:00,-0.0111601,1.18996,1.12971,0.0198666,0.00170515,0.133158,4.25333e-05,4.46245e-05,1.2144e-05,-2.94105e-05,-0.0110318,-0.00411414,-0.0069177,40,0,0.0350295
2025-01-24 00:00:00+00:00,0.0137153,1.20628,1.10272,0.032266,0.000586345,0.193468,6.19625e-05,6.34381e-05,1.41974e-05,0.00020507,0.0135943,-0.00281818,0.0164125,40,0,0.0335474
2025-01-25 00:00:00+00:00,0.00150566,1.20809,1.05831,0.0386523,-0.00216633,0.132635,4.24567e-05,4.18851e-05,6.89992e-06,-1.84207e-05,0.00164025,0.00222797,-0.000587721,40,0,0.0344272
2025-01-26 00:00:00+00:00,-0.00851995,1.1978,1.10639,0.0311823,-0.00497498,0.186986,6.51178e-05,4.87897e-05,1.14235e-05,-3.73197e-06,-0.00841022,-0.0253062,0.016896,40,1,0.0342529
2025-01-27 00:00:00+00:00,0.00695181,1.20613,1.00843,-0.00665792,-0.0102009,0.342284,0.000114912,8.10345e-05,3.43256e-05,-2.03382e-05,0.0071955,-0.0073233,0.0145188,38.9583,2,0.0341521
2025-01-28 00:00:00+00:00,0.0148391,1.22403,1.05185,0.0196969,-0.00013803,0.347537,0.000111293,6.45116e-05,2.58213e-05,4.21838e-06,0.0149681,-0.0287945,0.0437626,39.9583,0,0.0363403
2025-01-29 00:00:00+00:00,-0.0112481,1.21026,1.10932,0.0179665,0.00490546,0.192503,6.15753e-05,2.08724e-05,1.13443e-05,2.31922e-05,-0.0111831,0.0093187,-0.0205018,39.6875,0,0.037497
2025-01-30 00:00:00+00:00,0.0068874,1.21859,1.06454,0.0119141,0.00450488,0.376163,0.000120438,0.000105964,1.77457e-05,-8.89587e-06,0.00714717,0.0288028,-0.0216556,40,0,0.0352794
2025-01-31 00:00:00+00:00,-0.0100391,1.20636,0.944322,0.0150536,0.00100139,0.107159,3.61112e-05,3.91752e-05,6.15618e-06,1.74227e-05,-0.00999167,-0.00432203,-0.00566964,40,1,0.034558
2025-02-01 00:00:00+00:00,0.00238411,1.20924,0.894352,0.0179012,0.00131934,0.077785,2.63198e-05,1.89013e-05,5.95763e-06,-9.3503e-07,0.00244628,-0.0426956,0.0451419,40,1,0.0310202
2025-02-02 00:00:00+00:00,0.0068785,1.21755,0.803895,0.00547719,-0.00707397,0.499458,0.000190046,0.000275751,6.0224e-05,-1.95685e-08,0.00739788,-0.0386904,0.0460883,39.4583,7,0.0304908
2025-02-03 00:00:00+00:00,-0.000133224,1.21739,0.85391,-0.0311327,-0.00175753,1.17216,0.000411544,0.000284225,0.000233657,3.08607e-05,0.000823825,0.0296724,-0.0288486,38.7917,13,0.0317486
2025-02-04 00:00:00+00:00,0.000591136,1.21811,0.852867,-0.0237135,-0.00454618,0.348624,0.000111556,1.79428e-05,3.38546e-05,7.28349e-05,0.000705758,-0.0275887,0.0282944,40,0,0.0307735
2025-02-05 00:00:00+00:00,-0.00117412,1.21668,0.828359,-0.00298519,-0.00241023,0.209518,6.70516e-05,1.11591e-05,1.58769e-05,0.000210535,-0.00127822,-0.0111962,0.00991799,40,0,0.0289333
2025-02-06 00:00:00+00:00,0.00849594,1.22702,0.891316,0.0232541,0.00203762,0.355662,0.000113828,3.99636e-05,2.79019e-05,0.000231997,0.0084187,-0.0167769,0.0251956,40,0,0.0293996
2025-02-07 00:00:00+00:00,0.00137283,1.2287,1.02356,0.0185538,0.0043966,0.515188,0.000164849,4.3333e-05,2.49081e-05,7.64493e-05,0.00155875,0.000573531,0.000985215,40,0,0.0336135
2025-02-08 00:00:00+00:00,-0.00375816,1.22409,1.04594,0.00206486,-0.00026246,0.669449,0.0002142,5.38335e-05,3.1385e-05,-5.98295e-05,-0.00338874,0.0152619,-0.0186506,40,0,0.0351386
2025-02-09 00:00:00+00:00,0.00433809,1.2294,0.903379,0.0350604,0.00298425,0.52662,0.000168531,3.1904e-05,2.82087e-05,2.03784e-05,0.00455045,-0.00334776,0.0078982,40,0,0.034953
2025-02-10 00:00:00+00:00,-0.00175742,1.22723,1.13398,0.0658415,-0.00733413,0.956981,0.000306154,4.06649e-05,7.41498e-05,3.41027e-05,-0.00135105,0.0151362,-0.0164873,40,0,0.0360756
2025-02-11 00:00:00+00:00,-0.0118435,1.2127,1.22866,0.107971,-0.00892423,0.785362,0.000251164,3.58004e-05,4.55866e-05,4.27965e-05,-0.0115845,-0.0110039,-0.000580571,40,0,0.0337663
2025-02-12 00:00:00+00:00,0.00181267,1.2149,1.46702,0.0939416,-0.0039843,0.762437,0.000244126,4.29847e-05,5.60494e-05,4.12803e-06,0.00219889,0.0329039,-0.030705,40,0,0.0336723
2025-02-13 00:00:00+00:00,0.00142005,1.21662,1.50638,0.0995297,0.0121251,0.715379,0.000236489,6.16876e-05,6.67664e-05,0.000146629,0.0016641,-0.0166199,0.018284,40,1,0.0329085
2025-02-14 00:00:00+00:00,-0.00629075,1.20897,1.41258,0.146798,0.0122082,0.574335,0.000188944,4.28145e-05,5.31689e-05,1.08552e-05,-0.00597275,0.022663,-0.0286358,40,1,0.0326215
2025-02-15 00:00:00+00:00,0.00734259,1.21785,1.27586,0.143014,0.00713928,0.484918,0.000155206,5.50488e-05,2.62511e-05,-1.92356e-05,0.00759825,-0.0115532,0.0191515,40,0,0.0314373
2025-02-16 00:00:00+00:00,-0.000852227,1.21681,1.20053,0.0874521,0.000914211,0.415938,0.000133091,4.03877e-05,2.14382e-05,7.50306e-05,-0.000722694,-0.0116511,0.0109284,40,0,0.0334812
2025-02-17 00:00:00+00:00,-0.00800086,1.20707,1.22007,0.0599375,-0.030126,0.600031,0.000191927,0.000150744,9.0129e-05,-4.98599e-06,-0.00756756,-0.00885652,0.00128897,40,0,0.0320833
2025-02-18 00:00:00+00:00,0.00605712,1.21439,1.18252,0.110976,-0.0104808,0.348329,0.000111481,9.03211e-05,2.41609e-05,-2.23088e-05,0.00631124,-0.0177287,0.0240399,40,0,0.0293098
2025-02-19 00:00:00+00:00,0.00502647,1.22049,1.23838,0.11233,-0.00424647,0.258923,8.2842e-05,3.60158e-05,1.85825e-05,0.00019489,0.00497254,0.00590545,-0.000932907,40,0,0.030354
2025-02-20 00:00:00+00:00,0.00325539,1.22446,1.39213,0.167712,0.00130478,0.466973,0.000152594,3.81259e-05,2.87072e-05,7.47281e-05,0.00344312,0.0296825,-0.0262393,40,1,0.0317562
2025-02-21 00:00:00+00:00,-0.0122195,1.2095,1.49911,0.172246,-0.0112533,0.464704,0.000148558,3.95577e-05,3.02046e-05,8.69026e-05,-0.0120742,-0.0287971,0.0167229,40,0,0.0318398
2025-02-22 00:00:00+00:00,-0.0133495,1.19335,1.383,0.160984,-0.0135583,0.573875,0.000188522,3.42543e-05,5.82783e-05,0.000314668,-0.0134072,0.0166808,-0.030088,40,1,0.0288058
2025-02-23 00:00:00+00:00,0.00958571,1.20479,1.26894,0.120817,-0.00861721,0.413975,0.000132511,1.81441e-05,3.06372e-05,0.000352941,0.0093906,-0.00400797,0.0133986,40,0,0.0269493
2025-02-24 00:00:00+00:00,-0.00757229,1.19567,1.26734,0.112345,-0.0203649,0.894041,0.000300092,0.000167157,9.95676e-05,5.31385e-05,-0.00705277,-0.0839383,0.0768856,40,2,0.0284313
2025-02-25 00:00:00+00:00,-0.000300418,1.19531,1.01672,0.0305047,-0.00678097,0.676777,0.000240093,0.000152207,0.000110631,5.91539e-05,0.000179447,0.0154182,-0.0152388,40,4,0.0271137
2025-02-26 00:00:00+00:00,-0.0200147,1.17139,0.938893,0.0733237,-0.000760281,0.22196,7.28884e-05,1.3652e-05,1.83778e-05,0.000141677,-0.0202282,-0.010703,-0.00952515,39.8958,1,0.0257713
2025-02-27 00:00:00+00:00,0.000624603,1.17212,0.977605,0.0865581,-0.000570254,0.206485,6.60575e-05,9.31561e-06,1.90335e-05,6.80163e-05,0.000673512,-0.0036753,0.00434881,40,0,0.022685
2025-02-28 00:00:00+00:00,0.00325582,1.17593,0.886891,0.0773021,-0.00121992,0.166538,5.3292e-05,9.6108e-06,9.42779e-06,8.96594e-05,0.00325502,0.00157388,0.00168114,40,0,0.0202968
2025-03-01 00:00:00+00:00,0.00342297,1.17996,0.866188,0.0798612,-0.00108756,0.265312,8.49205e-05,1.84573e-05,2.21452e-05,9.51971e-05,0.00347264,-0.00263909,0.00611173,40,0,0.0212879
2025-03-02 00:00:00+00:00,-0.0265049,1.14869,0.905363,0.0867475,-0.00298178,0.545854,0.000179753,4.92449e-05,5.52652e-05,0.000116396,-0.0266147,0.0483487,-0.0749634,39.9792,3,0.0224569
2025-03-03 00:00:00+00:00,-0.00199174,1.1464,0.712057,0.0619158,-0.0160027,0.53025,0.000172455,3.9751e-05,5.3857e-05,5.00443e-05,-0.00175595,-0.0571857,0.0554298,40,1,0.0189413
2025-03-04 00:00:00+00:00,0.00175011,1.1484,0.550157,0.0425467,-0.00412147,0.285964,9.75343e-05,1.42842e-05,2.56779e-05,-3.33096e-05,0.00193387,0.000490852,0.00144302,39.6458,4,0.0187639
2025-03-05 00:00:00+00:00,-0.0117207,1.13494,0.548848,0.0403236,-0.00368576,0.635963,0.000203477,3.20744e-05,2.81357e-05,7.77646e-05,-0.0115884,0.00526601,-0.0168544,40,0,0.0200896
2025-03-06 00:00:00+00:00,-0.00802825,1.12583,0.185201,0.0139349,-0.000335217,0.807624,0.000258364,5.02651e-05,3.13348e-05,5.18006e-05,-0.00776141,-0.0037448,-0.0040166,40,0,0.0155873
2025-03-07 00:00:00+00:00,-0.00220313,1.12335,0.0675835,0.00297506,0.00194861,0.417585,0.00013362,1.83175e-05,1.59962e-05,1.6943e-05,-0.00205352,-0.0018074,-0.000246117,21.2083,0,0.0118027
2025-03-08 00:00:00+00:00,0.000319321,1.12371,0.0731896,-0.00489219,-0.00515458,0.468585,0.00014995,1.87438e-05,1.77028e-05,5.75607e-06,0.000500529,-0.000155145,0.000655675,17.4167,0,0.0117547
2025-03-09 00:00:00+00:00,0.000851265,1.12467,0.0691183,-0.00500702,-0.00576904,0.464515,0.000148648,2.14666e-05,1.94855e-05,7.51839e-06,0.00103342,-0.00211943,0.00315285,16.2708,0,0.0127588
2025-03-10 00:00:00+00:00,0.000253706,1.12495,0.0968648,-0.000894721,0.00203027,0.70183,0.000224591,0.000113586,3.97533e-05,1.51407e-06,0.000631789,-0.00164203,0.00227382,23.9583,0,0.01369
2025-03-11 00:00:00+00:00,0.000848593,1.12591,0.111988,-0.00223595,0.000982964,0.666978,0.000213436,6.31456e-05,3.64068e-05,7.99677e-06,0.00115509,0.00471442,-0.00355933,26.5417,0,0.0140419
2025-03-12 00:00:00+00:00,-0.000860857,1.12494,0.100853,0.0100578,0.002079,0.515886,0.00016508,2.55549e-05,2.43558e-05,3.35843e-05,-0.00067885,0.00126633,-0.00194518,23.9792,0,0.0134579
2025-03-13 00:00:00+00:00,-0.000370619,1.12452,0.104325,0.0112793,0.00228899,0.647155,0.00020709,3.97111e-05,3.08998e-05,0.000107629,-0.000199261,-0.00274387,0.00254461,22.5833,0,0.014025
2025-03-14 00:00:00+00:00,-0.0010133,1.12338,0.0886695,0.0121925,0.00293211,0.538094,0.000172185,5.57127e-05,2.12999e-05,0.000160911,-0.000924598,0.00139087,-0.00231546,21.0417,0,0.0137361
2025-03-15 00:00:00+00:00,-0.000514002,1.1228,0.0635685,0.0129704,0.00383314,0.38476,0.000123122,4.23435e-05,1.49708e-05,0.000151952,-0.000485415,0.000376355,-0.000861769,16.9792,0,0.0128264
2025-03-16 00:00:00+00:00,-0.000661607,1.12206,0.0423937,-0.00145432,-0.00599257,0.301166,9.66414e-05,3.75882e-05,1.6352e-05,5.55651e-05,-0.000566141,-0.000725929,0.000159788,12.8333,1,0.0125157
2025-03-17 00:00:00+00:00,-0.0023699,1.1194,0.0628916,0.0160806,0.00341149,0.529172,0.000169327,4.51256e-05,2.86864e-05,0.000140271,-0.00226828,0.000256593,-0.00252487,15.6667,0,0.0125277
2025-03-18 00:00:00+00:00,0.00211354,1.12177,0.0760293,0.0265694,0.00748766,0.497648,0.000159253,3.91575e-05,2.12922e-05,5.55436e-05,0.00227625,0.000278062,0.00199819,18.8542,0,0.0142953
2025-03-19 00:00:00+00:00,1.3228e-05,1.12178,0.0831434,0.0284133,0.00776098,0.517964,0.00016575,8.57382e-05,2.2221e-05,0.000146183,0.000141398,0.00145081,-0.00130941,19.125,0,0.0164222
2025-03-20 00:00:00+00:00,0.00241436,1.12449,0.0579608,0.0221102,0.00191444,0.392341,0.000125556,7.59295e-05,1.95119e-05,0.000417815,0.00221566,0.00139963,0.000816033,16.4583,0,0.0165134
2025-03-21 00:00:00+00:00,0.00261414,1.12743,0.0657565,0.0141828,0.00342833,0.395923,0.000126704,5.85572e-05,1.65313e-05,0.000153299,0.00266302,0.0028985,-0.00023548,14.8333,0,0.0178748
2025-03-22 00:00:00+00:00,-3.66267e-05,1.12739,0.0171247,0.00340965,0.00213496,0.0738112,2.36363e-05,1.22944e-05,1.61362e-06,0.00011,-0.000108958,0.000265179,-0.000374136,11.0833,1,0.00740907
2025-03-23 00:00:00+00:00,-6.7063e-07,1.12739,0.000369038,0.000162704,4.98187e-05,0.0018257,5.84223e-07,2.75179e-07,7.38711e-09,-3.72263e-08,2.33428e-07,-2.51432e-07,4.8486e-07,2.72917,0,0.0062774
2025-03-24 00:00:00+00:00,5.67344e-05,1.12745,0.00045356,0.00045356,0.00107951,0.00353693,1.13182e-06,1.41477e-07,1.54386e-07,2.5194e-07,5.79165e-05,5.79165e-05,0,0.541667,0,0.00467224
2025-03-25 00:00:00+00:00,-1.59353e-05,1.12743,4.95476e-05,4.95476e-05,0.00012257,0.000240553,7.69769e-08,9.62211e-09,1.57637e-09,-4.8653e-09,-1.58423e-05,-1.58423e-05,0,0.458333,0,0.00270114
2025-03-26 00:00:00+00:00,0,1.12743,0,0,0,0,0,0,0,0,0,0,0,0,0,0.000497583
2025-03-27 00:00:00+00:00,0,1.12743,0,0,0,0,0,0,0,0,0,0,0,0,0,0
2025-03-28 00:00:00+00:00,0,1.12743,0,0,0,0,0,0,0,0,0,0,0,0,0,0.000368422
2025-03-29 00:00:00+00:00,0,1.12743,0,0,0,0,0,0,0,0,0,0,0,0,0,0.000849701
2025-03-30 00:00:00+00:00,0,1.12743,0,0,0,0,0,0,0,0,0,0,0,0,0,0.00106253
2025-03-31 00:00:00+00:00,8.90262e-05,1.12753,0.00234573,0.00177563,0.00142216,0.0211385,6.76431e-06,8.45539e-07,8.48728e-07,2.34343e-06,9.51507e-05,8.60722e-05,9.07857e-06,1.35417,0,0.00500306
2025-04-01 00:00:00+00:00,7.76664e-05,1.12762,0.00839543,0.00184832,0.000534746,0.061902,1.98085e-05,4.45108e-06,2.25919e-06,4.17602e-06,0.00010005,0.000111872,-1.18219e-05,6.125,0,0.00903536
2025-04-02 00:00:00+00:00,0.000929026,1.12867,0.0183742,-0.00199208,-0.00279127,0.128588,4.11505e-05,5.33353e-06,3.69478e-06,-3.28187e-06,0.000982346,-0.000304899,0.00128725,7.72917,0,0.00873135
2025-04-03 00:00:00+00:00,0.000177081,1.12887,0.0453498,0.00134319,-0.000692163,0.262708,8.40665e-05,1.05083e-05,1.10421e-05,-0.000111936,0.000394974,0.000706582,-0.000311608,8.10417,0,0.00951226
2025-04-04 00:00:00+00:00,-0.000369315,1.12845,0.0394276,0.0036805,-0.000252858,0.226052,7.23353e-05,9.1566e-06,8.17387e-06,-0.000133284,-0.000146159,0.000242235,-0.000388394,12.5625,0,0.0100354
2025-04-05 00:00:00+00:00,-0.000312368,1.1281,0.0254676,0.00535945,-0.000927541,0.152357,4.87542e-05,7.01566e-06,5.99888e-06,3.27785e-05,-0.000283312,-0.000550084,0.000266772,15.7083,0,0.00932769
2025-04-06 00:00:00+00:00,0.00161658,1.12992,0.0196026,-0.00380871,-0.00580895,0.126022,4.03291e-05,5.45201e-06,5.28623e-06,1.25839e-05,0.00165395,-0.000852138,0.00250609,10.0417,0,0.00936055
2025-04-07 00:00:00+00:00,0.000812354,1.13084,0.0554458,0.00359608,-0.00325821,0.272647,8.72468e-05,2.13691e-05,1.99724e-05,1.40576e-05,0.000927918,0.00241632,-0.00148841,12.875,0,0.011749
2025-04-08 00:00:00+00:00,-0.000467508,1.13031,0.0504922,0.00744386,-0.000422692,0.265443,8.49414e-05,1.72914e-05,1.6436e-05,3.47196e-05,-0.000383427,-0.00177956,0.00139613,15.1875,0,0.0108217
2025-04-09 00:00:00+00:00,0.000184552,1.13052,0.0590957,0.00776563,0.00022217,0.276889,8.86047e-05,3.22294e-05,1.70396e-05,1.26022e-05,0.00031024,0.00365158,-0.00334134,14,0,0.0114344
2025-04-10 00:00:00+00:00,-0.000187313,1.13031,0.0246595,0.00394306,-0.000253605,0.111551,3.56961e-05,1.61121e-05,4.59404e-06,8.20854e-06,-0.000139094,-0.000964465,0.000825371,14.375,0,0.0102561
2025-04-11 00:00:00+00:00,0.000966353,1.1314,0.0157125,-0.00010499,-0.00185881,0.094977,3.03932e-05,1.05138e-05,4.69541e-06,9.43781e-05,0.000917174,0.000528998,0.000388177,10.3125,0,0.00950748
2025-04-12 00:00:00+00:00,-5.92192e-05,1.13134,0.0393167,0.00396951,-0.001668,0.186154,5.9568e-05,1.31386e-05,9.08739e-06,0.000308382,-0.000285215,0.0005991,-0.000884315,10.5,0,0.0110068
2025-04-13 00:00:00+00:00,0.00143842,1.13296,0.0203192,0.00154476,-0.000951954,0.0893337,2.85872e-05,5.34916e-06,4.5845e-06,5.12026e-05,0.00142493,0.000248227,0.00117671,11.3125,0,0.00966915
2025-04-14 00:00:00+00:00,0.00205529,1.13529,0.0405199,-0.00091095,-0.00275441,0.166336,5.32331e-05,1.61935e-05,1.23257e-05,5.49444e-05,0.00208856,0.00104694,0.00104162,14.2917,0,0.0118628
2025-04-15 00:00:00+00:00,0.00135956,1.13683,0.0744741,-0.00200212,-0.00431015,0.22914,7.3322e-05,1.71394e-05,1.46816e-05,-0.000106184,0.00157283,3.29353e-05,0.0015399,15.7292,0,0.0139673
2025-04-16 00:00:00+00:00,0.00214697,1.13928,0.116613,-0.00335893,-0.0111205,0.247969,7.93584e-05,1.35938e-05,1.65775e-05,-6.05539e-05,0.00231816,-0.00142356,0.00374172,18.5833,0,0.0161008
2025-04-17 00:00:00+00:00,0.000728971,1.14011,0.152182,0.0223588,-0.00436323,0.222566,7.12231e-05,2.51406e-05,1.35207e-05,-2.02536e-05,0.000860311,0.00109321,-0.000232904,22.0417,0,0.0181819
2025-04-18 00:00:00+00:00,-0.00213821,1.13767,0.181556,0.047148,-0.000297966,0.324104,0.000103709,4.06819e-05,1.60539e-05,4.65619e-05,-0.0020241,-0.000427493,-0.00159661,25.4792,0,0.0197426
2025-04-19 00:00:00+00:00,-0.00272824,1.13456,0.196907,0.0413895,-0.00345776,0.432656,0.000138441,4.73597e-05,2.0574e-05,9.49882e-05,-0.00261742,0.00160852,-0.00422594,25.875,0,0.0198781
2025-04-20 00:00:00+00:00,-0.00045663,1.13405,0.133054,0.0309368,-0.00137281,0.315491,0.000100957,4.4488e-05,1.39372e-05,2.81234e-05,-0.000321354,0.000763906,-0.00108526,23.2917,0,0.01807
2025-04-21 00:00:00+00:00,-0.000850902,1.13308,0.108971,0.0359219,0.0063534,0.423126,0.000135402,8.3689e-05,2.14341e-05,0.000763788,-0.00137314,-0.00224122,0.000868072,18,0,0.0167179
2025-04-22 00:00:00+00:00,-0.00101559,1.13193,0.132741,0.00876514,-0.00308785,0.438401,0.000140286,6.06159e-05,1.36564e-05,0.000264297,-0.00106483,0.00196341,-0.00302824,16.875,0,0.0176053
2025-04-23 00:00:00+00:00,-0.00177765,1.12992,0.0708897,0.00193728,0.00263016,0.290122,9.65347e-05,7.41638e-05,1.38299e-05,2.09584e-05,-0.00161435,-0.00120374,-0.000410612,18.9375,2,0.0158878
2025-04-24 00:00:00+00:00,0.00140037,1.1315,0.0230566,-0.00109178,0.00281371,0.117331,3.75469e-05,2.21469e-05,7.04567e-06,-2.20991e-05,0.00148868,0.00101808,0.000470604,17.4583,0,0.0126337
2025-04-25 00:00:00+00:00,-0.000964163,1.13041,0.0293513,-0.000851974,-0.000720961,0.15468,4.94964e-05,2.09717e-05,9.82351e-06,-4.43285e-05,-0.000839381,-0.00133032,0.000490939,13.7292,0,0.0132642
2025-04-26 00:00:00+00:00,6.23269e-05,1.13048,0.0424989,-0.00232351,-0.000626303,0.224222,7.17511e-05,3.04909e-05,1.13799e-05,-2.55869e-06,0.000178851,0.000520076,-0.000341225,14.625,0,0.013847
2025-04-27 00:00:00+00:00,-0.000286316,1.13016,0.0542917,0.00154467,0.00154231,0.267916,8.57332e-05,3.47408e-05,1.12385e-05,-2.8672e-05,-0.000125493,-0.000598812,0.00047332,14.1042,0,0.0142185
2025-04-28 00:00:00+00:00,0.000227296,1.13041,0.112096,0.00971061,0.00374629,0.58881,0.000188421,7.4491e-05,3.66976e-05,0.000318169,0.000211174,0.00141733,-0.00120616,22.2917,0,0.0147383
2025-04-29 00:00:00+00:00,-0.000904989,1.12939,0.0817761,0.00322333,0.00262651,0.383699,0.000122834,4.91305e-05,1.80206e-05,0.00017926,-0.000893772,-0.00158242,0.00068865,23.125,1,0.0151454
2025-04-30 00:00:00+00:00,-0.00217157,1.12694,0.0639685,0.00238908,0.00207987,0.398764,0.000128911,7.78927e-05,2.11749e-05,2.86822e-05,-0.00197106,0.00167589,-0.00364695,21.8542,1,0.0141762
2025-05-01 00:00:00+00:00,-4.69455e-05,1.12689,0.0331168,0.00476375,0.00441816,0.198999,6.36792e-05,4.07228e-05,9.09773e-06,2.79141e-06,6.39839e-05,1.7341e-05,4.6643e-05,18.3333,0,0.0121085
2025-05-02 00:00:00+00:00,0.00058974,1.12755,0.0292281,0.00283441,0.00360657,0.189576,6.06649e-05,1.44728e-05,8.42122e-06,-3.4209e-07,0.000673696,0.000143122,0.000530573,11.7083,0,0.0129344
2025-05-03 00:00:00+00:00,-0.000486619,1.127,0.0591748,0.0021762,0.00640373,0.341176,0.000109174,2.39591e-05,1.5168e-05,5.96697e-06,-0.000343977,-0.00114181,0.000797833,15.8958,0,0.0153608
2025-05-04 00:00:00+00:00,0.00329451,1.13071,0.120465,-0.0042207,0.00532173,0.456261,0.000146014,5.27274e-05,1.59231e-05,8.62682e-06,0.00349659,0.000534593,0.00296199,16.8125,0,0.0168676
2025-05-05 00:00:00+00:00,-0.000925488,1.12967,0.0965004,0.0103685,0.00670152,0.48643,0.000155656,9.64414e-05,1.71576e-05,6.01052e-05,-0.000716293,0.000496119,-0.00121241,20.6042,0,0.0172484
2025-05-06 00:00:00+00:00,-0.00211132,1.12728,0.0875746,0.012361,0.00768079,0.493852,0.000159166,0.000106065,2.1404e-05,0.000642272,-0.00246631,-0.00379422,0.00132791,22.375,1,0.0171996
2025-05-07 00:00:00+00:00,-0.00116216,1.12597,0.119434,0.0134951,0.00913183,0.676956,0.000220338,7.96683e-05,3.5656e-05,0.000149409,-0.000974952,-2.32017e-06,-0.000972632,23.6042,1,0.0179403
2025-05-08 00:00:00+00:00,0.0010522,1.12716,0.139056,0.019959,0.00752068,0.71001,0.000228826,6.38985e-05,3.58963e-05,7.10642e-05,0.00131193,0.00915133,-0.0078394,23.7292,1,0.0169427
2025-05-09 00:00:00+00:00,0.00106747,1.12836,0.124572,0.0057546,-0.0018756,0.712401,0.000235862,6.24617e-05,4.38955e-05,5.50264e-05,0.00135775,0.00458975,-0.00323199,23.75,6,0.0146425
2025-05-10 00:00:00+00:00,0.000397751,1.12881,0.132265,-0.0142059,-0.00288472,0.529176,0.000173195,5.45375e-05,3.63041e-05,-4.3925e-07,0.000666371,0.00430575,-0.00363938,24.2083,2,0.0148931
2025-05-11 00:00:00+00:00,-0.000645457,1.12808,0.114786,-0.0178968,-0.00425561,0.435317,0.000142873,7.92767e-05,3.73013e-05,9.28956e-06,-0.000392527,-5.7013e-05,-0.000335514,17.0417,1,0.0142578
2025-05-12 00:00:00+00:00,-0.000464153,1.12756,0.0763203,-0.00458489,0.00326773,0.471551,0.000150894,9.66684e-05,3.09009e-05,1.51561e-05,-0.000196734,0.000822316,-0.00101905,14.4583,0,0.0135102
2025-05-13 00:00:00+00:00,0.000824128,1.12849,0.0696688,-0.0119494,0.00145534,0.373772,0.00011961,8.6816e-05,1.93026e-05,2.60841e-05,0.00102682,0.00298759,-0.00196077,15.6042,0,0.014259
2025-05-14 00:00:00+00:00,-0.00161366,1.12667,0.0715024,-0.00519948,0.00113805,0.393167,0.00012581,0.000113867,2.43442e-05,3.54517e-05,-0.00138381,-0.00307837,0.00169457,16.2708,0,0.0153655
2025-05-15 00:00:00+00:00,0.000486196,1.12721,0.0566145,-0.00947618,-0.0023495,0.366427,0.000117258,8.44164e-05,1.99316e-05,-2.53124e-06,0.000710877,-0.00199142,0.0027023,17.6667,0,0.0153302
2025-05-16 00:00:00+00:00,-0.000495917,1.12665,0.0858485,-0.0130774,-0.000726525,0.518286,0.00016585,7.18164e-05,2.8864e-05,-7.10715e-06,-0.0002217,-0.00136667,0.00114497,20.3958,0,0.016034
2025-05-17 00:00:00+00:00,0.000373614,1.12707,0.0649574,0.00117672,-0.000716633,0.402191,0.000128703,3.27878e-05,1.93897e-05,3.44839e-05,0.000520268,-0.00162368,0.00214394,20.9792,0,0.013125
2025-05-18 00:00:00+00:00,-0.000975669,1.12598,0.0647351,0.00631932,-0.00249922,0.368249,0.00011784,2.51475e-05,1.92152e-05,3.6759e-05,-0.000849433,0.00251847,-0.0033679,16.9583,0,0.0142022
2025-05-19 00:00:00+00:00,0.00199921,1.12823,0.110495,0.00441245,0.000936847,0.608915,0.000194866,3.44859e-05,3.52293e-05,3.80309e-05,0.00222501,5.28968e-05,0.00217211,19.1875,0,0.0169319
2025-05-20 00:00:00+00:00,0.00104764,1.12941,0.156962,-0.00171223,0.00692092,0.707405,0.000226378,3.1011e-05,3.08995e-05,3.24774e-05,0.00130662,-0.000885643,0.00219226,22.8542,0,0.0185827
2025-05-21 00:00:00+00:00,-0.000214544,1.12917,0.324965,-0.0102257,0.0153829,1.30078,0.000416261,7.35218e-05,5.96622e-05,4.743e-05,0.000306149,0.00820808,-0.00790193,30.4792,0,0.0262653
2025-05-22 00:00:00+00:00,0.00264186,1.13215,0.28836,-0.00320698,0.0146903,1.0622,0.000339925,5.3517e-05,4.05635e-05,3.15688e-05,0.00304836,0.00999613,-0.00694777,33.6042,0,0.0264076
2025-05-23 00:00:00+00:00,-0.005442,1.12599,0.277521,-0.00539432,0.0108952,0.983723,0.000314747,5.94887e-05,3.90629e-05,-6.0224e-05,-0.00496976,-0.0120685,0.00709875,32.7083,0,0.0258426
2025-05-24 00:00:00+00:00,-0.00413917,1.12133,0.208961,-0.0389112,0.00597119,0.771372,0.000252,3.36402e-05,6.41057e-05,-5.86096e-05,-0.00373288,0.00158072,-0.0053136,30.125,1,0.0224367
2025-05-25 00:00:00+00:00,0.00413411,1.12596,0.228406,-0.0395741,0.00309357,0.885849,0.000283491,4.49313e-05,3.04229e-05,-0.000105725,0.00459553,0.00179491,0.00280061,27.2083,0,0.0218022
2025-05-26 00:00:00+00:00,0.000553038,1.12659,0.276044,-0.0134542,0.00256312,1.03031,0.000329738,5.24963e-05,5.12006e-05,-3.00872e-05,0.00101978,8.71786e-05,0.0009326,28.75,0,0.0226926
2025-05-27 00:00:00+00:00,0.003849,1.13092,0.246139,-0.0152244,0.00576425,0.711278,0.000227635,3.19991e-05,2.0306e-05,-1.93212e-05,0.00414519,0.00512409,-0.0009789,28.375,0,0.0227624
2025-05-28 00:00:00+00:00,0.00393872,1.13538,0.237899,-0.0162438,0.0029092,0.714927,0.000228811,5.08522e-05,2.24354e-05,-0.000146019,0.00438339,0.00146602,0.00291738,32.4167,0,0.0246317
2025-05-29 00:00:00+00:00,0.00544727,1.14156,0.350527,-0.00480352,0.00488907,0.88747,0.00028911,4.73745e-05,4.15005e-05,-1.36509e-05,0.00583106,-0.00111836,0.00694942,35.0625,1,0.0269262
2025-05-30 00:00:00+00:00,-0.00089956,1.14053,0.547952,-0.0428825,-0.000544506,0.363388,0.000118458,1.90059e-05,2.47602e-05,-0.000103634,-0.00062517,-0.033795,0.0331698,37.4583,1,0.0292848
2025-05-31 00:00:00+00:00,-0.00224407,1.13797,0.569078,-0.0716776,-0.00137125,1.33365,0.000440585,0.000106035,6.65637e-05,-0.000105726,-0.00149256,0.00443998,-0.00593255,38,5,0.0294286
2025-06-01 00:00:00+00:00,0.000961702,1.13907,0.659508,-0.0506785,0.00050967,0.937151,0.000299903,5.65009e-05,2.64643e-05,4.64656e-05,0.00130796,0.00606177,-0.00475381,40,0,0.0293199
2025-06-02 00:00:00+00:00,0.0041202,1.14376,0.746771,-0.00292909,0.00663707,0.816242,0.000261231,4.8137e-05,2.5626e-05,3.42852e-05,0.00441962,0.00574522,-0.00132559,40,0,0.030798
2025-06-03 00:00:00+00:00,-0.00432121,1.13882,1.05403,0.0389235,0.0109439,0.891677,0.000285334,7.07533e-05,2.93344e-05,7.85071e-05,-0.00400849,-0.00507523,0.00106674,40,0,0.0326025
2025-06-04 00:00:00+00:00,0.00192731,1.14101,0.880078,-0.0386435,0.00226425,1.41602,0.000457316,0.00018833,5.09651e-05,0.00028782,0.00234557,-0.00772789,0.0100735,40,1,0.032829
2025-06-05 00:00:00+00:00,0.00522432,1.14698,0.897026,-0.0914679,-0.00211111,0.532274,0.000173419,5.44659e-05,2.44586e-05,3.32007e-06,0.00548416,-0.0256672,0.0311514,40,1,0.0336952
2025-06-06 00:00:00+00:00,-0.00169224,1.14503,0.830247,-0.073438,-0.00619688,1.57515,0.000504056,0.000133369,5.38123e-05,-5.96755e-05,-0.00092144,0.0101368,-0.0110583,40,0,0.035847
2025-06-07 00:00:00+00:00,0.0121407,1.15894,0.975062,0.0504099,0.0080484,0.693834,0.000222125,7.08368e-05,2.49569e-05,5.39511e-05,0.0123589,0.021909,-0.00955014,40,0,0.0353766
2025-06-08 00:00:00+00:00,-0.00375261,1.15459,1.13941,0.0469995,0.00265096,0.42338,0.000135436,2.81724e-05,1.58875e-05,2.61759e-05,-0.00358808,-0.00192517,-0.00166291,40,0,0.0369317
2025-06-09 00:00:00+00:00,0.00399528,1.1592,1.25378,0.0991812,-0.0011252,0.79974,0.000255928,5.80447e-05,8.10346e-05,0.000351359,0.00406054,0.0444912,-0.0404307,40,0,0.0372362
2025-06-10 00:00:00+00:00,-0.00590709,1.15235,1.38989,0.139517,0.00451421,0.754963,0.00026238,7.65308e-05,6.92758e-05,0.000328047,-0.00578494,0.0198664,-0.0256513,39.9375,4,0.0386814
2025-06-11 00:00:00+00:00,-0.00221096,1.1498,1.62535,0.164444,0.0135277,0.606669,0.000201031,4.57432e-05,4.85736e-05,0.00129729,-0.00316255,-0.035445,0.0322824,40,1,0.0363193
2025-06-12 00:00:00+00:00,0.00267162,1.15288,1.65888,0.156522,0.0107795,0.540369,0.000172916,4.6192e-05,3.5739e-05,0.000502853,0.00243419,-0.0578733,0.0603075,40,0,0.0343826
2025-06-13 00:00:00+00:00,0.00625493,1.16009,1.87626,0.105546,-0.00092116,0.702045,0.000224731,7.29981e-05,6.88724e-05,0.000484542,0.00614032,-0.00525669,0.011397,40,0,0.0353602
2025-06-14 00:00:00+00:00,-0.000948511,1.15899,1.97206,0.124033,7.02673e-06,0.410433,0.000131351,3.63619e-05,3.13394e-05,0.000683316,-0.00141106,-0.0195278,0.0181167,40,0,0.035236
2025-06-15 00:00:00+00:00,0.00612127,1.16608,2.02244,0.128423,0.000392921,0.337615,0.000114592,3.54133e-05,3.10201e-05,6.89949e-05,0.00623162,0.0120496,-0.00581799,40,1,0.0350513
2025-06-16 00:00:00+00:00,0.00801453,1.17543,1.69136,0.0342559,0.0135772,2.79028,0.000893588,0.000260702,0.000264129,0.000147959,0.00931426,0.0237453,-0.014431,40,0,0.0364834
2025-06-17 00:00:00+00:00,-0.000645256,1.17467,1.24715,-0.064976,0.00299652,0.755246,0.000241711,7.91288e-05,3.87278e-05,-0.000128755,-0.00011781,-0.0271171,0.0269993,40,0,0.0391142
2025-06-18 00:00:00+00:00,0.0134234,1.19044,1.28618,-0.0191106,0.00630344,1.33728,0.000429087,0.000113284,5.41862e-05,-2.52564e-05,0.0139932,0.0148457,-0.000852584,40,1,0.0400555
2025-06-19 00:00:00+00:00,-0.0041548,1.18549,1.17629,-0.0103724,0.00870184,1.56866,0.00050162,0.000214281,7.08299e-05,0.000100082,-0.00339803,-0.0073195,0.00392148,40,0,0.0415152
2025-06-20 00:00:00+00:00,-0.00109344,1.18419,1.37394,-0.00289456,0.0170544,0.874606,0.000279958,0.000155091,3.78798e-05,6.4722e-06,-0.000556823,-0.0313774,0.0308206,40,0,0.0428789
2025-06-21 00:00:00+00:00,-0.00791473,1.17482,1.36451,-0.0238045,0.00559651,1.72568,0.000585861,0.000185797,0.00015844,-5.35971e-06,-0.00694296,-0.0336643,0.0267213,40,3,0.0420276
2025-06-22 00:00:00+00:00,0.00682519,1.18284,1.20396,-0.0386584,-0.00804227,1.78609,0.000583122,0.000262399,8.32242e-05,3.56194e-05,0.00775559,-0.00936118,0.0171168,39.8333,3,0.040936
2025-06-23 00:00:00+00:00,0.00435787,1.188,1.29546,0.0285706,0.00190433,1.13526,0.000363308,0.000333026,8.93595e-05,0.00076732,0.0044086,0.069658,-0.0652494,39.6042,0,0.0421937
2025-06-24 00:00:00+00:00,0.00862351,1.19824,1.30417,0.0876441,0.00974354,0.589093,0.000188495,0.000210511,3.81957e-05,0.000607434,0.00845383,0.00574077,0.00271306,40,0,0.0426412
2025-06-25 00:00:00+00:00,0.0113698,1.21186,1.39366,0.118348,0.01328,0.31937,0.000102309,0.000149539,2.62121e-05,0.00060829,0.0110173,-0.0154076,0.0264249,40,0,0.0454127
2025-06-26 00:00:00+00:00,0.00912067,1.22292,1.29575,0.0793262,0.00855362,1.32316,0.000423477,0.000553755,6.63285e-05,0.000103262,0.0100439,-0.0113989,0.0214428,40,0,0.0493271
2025-06-27 00:00:00+00:00,-0.0103603,1.21025,0.6599,0.00122445,0.00022432,1.21934,0.000390121,0.000509265,5.26048e-05,-0.00019065,-0.00925508,0.00349704,-0.0127521,29.5,0,0.0509936
2025-06-28 00:00:00+00:00,0.00869709,1.22077,0.743161,-0.0139761,-0.00168285,0.771848,0.000247076,0.000302473,3.46695e-05,0.000192368,0.0090739,0.0139303,-0.00485635,26.5,0,0.0485676
2025-06-29 00:00:00+00:00,0.0010259,1.22202,0.84315,0.0151664,-0.00196166,1.27137,0.000406899,0.000406483,6.3351e-05,-0.000357562,0.00229001,0.0202416,-0.0179516,28.8542,0,0.0479304
2025-06-30 00:00:00+00:00,0.00946661,1.23359,0.885038,0.0650017,0.0124404,2.72457,0.000872057,0.000825491,0.000229953,0.000223191,0.0111471,-0.00720152,0.0183486,32.2708,0,0.047643
2025-07-01 00:00:00+00:00,0.0101074,1.24606,1.08309,-0.0424638,0.0142632,2.29276,0.000733908,0.000513268,9.03784e-05,0.000486568,0.0109319,-0.0166829,0.0276147,37.6667,0,0.0508132
2025-07-02 00:00:00+00:00,0.00630509,1.25392,1.03073,-0.0657913,0.0181589,2.05288,0.000657091,0.00022365,7.26804e-05,0.00026405,0.00699881,0.0400566,-0.0330578,34.3333,0,0.0546444
2025-07-03 00:00:00+00:00,0.00291594,1.25757,1.21573,-0.00320759,0.0226666,1.86169,0.000601873,0.000172344,8.41634e-05,0.0013417,0.00247636,0.00878511,-0.00630875,34.3333,1,0.0575303
2025-07-04 00:00:00+00:00,0.00813788,1.26781,1.10433,-0.0435263,0.0123342,1.56802,0.000501869,0.000133366,5.22663e-05,7.6232e-06,0.0088013,-0.0242579,0.0330592,33.0417,0,0.056845
2025-07-05 00:00:00+00:00,-0.00168732,1.26567,1.06081,-0.0880003,0.00535667,1.71502,0.000548772,0.000167209,6.44823e-05,-0.00106684,0.00017709,0.00231126,-0.00213417,34.2292,0,0.0550226
2025-07-06 00:00:00+00:00,-0.00334367,1.26144,1.24607,-0.0841266,0.00203615,1.97767,0.00063285,0.000262971,8.21451e-05,-0.000822045,-0.001525,0.0135902,-0.0151152,36.3958,0,0.0530346
2025-07-07 00:00:00+00:00,0.00264846,1.26478,1.59882,-0.0325559,0.0434039,1.80561,0.000577751,0.000255043,0.000108404,-0.000212428,0.00384951,-0.00919494,0.0130444,39.9792,0,0.0521965
2025-07-08 00:00:00+00:00,0.00292188,1.26847,1.52025,0.0346163,0.0374794,1.25347,0.000401168,0.000206507,6.47161e-05,-3.30582e-05,0.00365953,0.0142808,-0.0106213,40,0,0.0511246
2025-07-09 00:00:00+00:00,0.00677721,1.27707,1.26634,0.0735995,0.0365786,2.46274,0.000797037,0.000492836,0.000115754,0.000124758,0.00805738,0.0306651,-0.0226077,39.7083,3,0.0495096
2025-07-10 00:00:00+00:00,-0.00289577,1.27337,0.783578,0.0732304,0.0254438,2.01951,0.00065866,0.00038855,0.00011204,2.15659e-05,-0.00171102,0.0381462,-0.0398572,28.2708,2,0.0488133
2025-07-11 00:00:00+00:00,-0.00952337,1.26125,1.00941,-0.0804609,0.010038,2.69766,0.000905752,0.000473433,0.000310994,2.37195e-06,-0.00766815,0.00226994,-0.00993809,34.5,6,0.0466806
2025-07-12 00:00:00+00:00,-0.00489242,1.25508,1.10123,-0.101313,-0.00157973,0.765586,0.000245005,0.000122423,4.82544e-05,-0.000139978,-0.0043021,-0.0103485,0.00604644,38.7917,0,0.0429765
2025-07-13 00:00:00+00:00,-0.00901963,1.24375,1.19665,0.000182319,0.0091453,1.01075,0.000337895,0.00028048,0.000100181,0.00013593,-0.00841392,0.00483183,-0.0132457,40,3,0.0417811
2025-07-14 00:00:00+00:00,-0.0204425,1.21833,1.20362,-0.00205722,0.00118992,1.38122,0.000447652,0.000340495,0.000350241,0.000308416,-0.0197818,-0.00432962,-0.0154522,40,1,0.0382898
2025-07-15 00:00:00+00:00,0.000674269,1.21915,1.17489,-0.00442432,-0.00472827,0.449572,0.000151994,6.64977e-05,4.68834e-05,0.000213957,0.000771926,0.0139068,-0.0131348,40,1,0.0342206
2025-07-16 00:00:00+00:00,-0.00366492,1.21468,0.784273,0.021632,-0.00212547,1.54184,0.00049577,0.000171801,6.18296e-05,0.000140785,-0.00305725,0.0078159,-0.0108731,39.0208,1,0.0337654
2025-07-17 00:00:00+00:00,-0.00528171,1.20827,0.56151,0.0349251,0.00586956,1.61588,0.000519883,0.000253625,6.59929e-05,0.000139511,-0.00457271,-0.000537617,-0.00403509,31.5208,1,0.0334458
2025-07-18 00:00:00+00:00,-0.000997589,1.20706,0.738858,0.0454292,0.00700612,1.41053,0.000451403,0.00019477,7.75041e-05,2.97214e-05,-0.00027328,-0.000123121,-0.00015016,36.5833,0,0.0324725
2025-07-19 00:00:00+00:00,-0.00125054,1.20555,0.992007,0.00996303,0.00567706,0.496257,0.000158815,8.04814e-05,2.97093e-05,-1.77463e-06,-0.000953291,0.00170004,-0.00265333,40,0,0.0323403
2025-07-20 00:00:00+00:00,-0.0084964,1.19531,1.0867,0.000764227,0.00328741,0.740951,0.000249659,0.000158926,5.59114e-05,5.41501e-06,-0.00803457,0.0156737,-0.0237082,40,2,0.0305211
2025-07-21 00:00:00+00:00,-0.0112027,1.18192,0.99029,0.0431996,0.0194794,1.07012,0.00037567,0.000207951,0.000239021,0.000107999,-0.0104971,0.00966046,-0.0201576,40,3,0.0274287
2025-07-22 00:00:00+00:00,0.00683933,1.19,0.944625,0.027268,0.00940081,0.193153,6.18183e-05,2.08615e-05,1.0152e-05,3.29838e-05,0.00690051,0.00694266,-4.21519e-05,40,0,0.0251091
2025-07-23 00:00:00+00:00,0.00130787,1.19156,0.928591,0.0356483,0.0026071,0.244537,7.82666e-05,4.30838e-05,1.33311e-05,6.99148e-05,0.00142579,-0.0373095,0.0387352,40,0,0.025052
2025-07-24 00:00:00+00:00,0.00738987,1.20036,0.797285,0.0204926,0.00240933,0.18,5.76288e-05,3.67993e-05,1.4048e-05,0.000170827,0.00731531,-0.00744626,0.0147616,40,0,0.0252108
2025-07-25 00:00:00+00:00,0.00168109,1.20238,0.745795,0.00801021,0.00243522,0.0837526,2.67939e-05,2.81728e-05,5.09383e-06,0.000484533,0.00126692,0.0120728,-0.0108059,40,0,0.0281347
2025-07-26 00:00:00+00:00,0.00400529,1.2072,0.740555,0.0237393,0.00462306,0.212305,6.79492e-05,4.13716e-05,1.1012e-05,0.000174645,0.003951,0.00374273,0.000208268,39.875,0,0.0303775
2025-07-27 00:00:00+00:00,-7.35902e-05,1.20711,0.752975,0.0277858,0.00551815,0.238261,7.62491e-05,4.74301e-05,1.23171e-05,0.000133375,-6.27244e-05,0.00890934,-0.00897207,40,0,0.0316023
2025-07-28 00:00:00+00:00,0.00392719,1.21185,0.992679,0.124359,0.0176267,0.835249,0.00027914,0.00012188,0.000155719,5.22303e-05,0.00450603,-0.0141108,0.0186168,40,2,0.0321286
2025-07-29 00:00:00+00:00,-0.0087229,1.20128,0.952127,0.00717417,-0.0138282,0.648599,0.000228604,9.2276e-05,6.29389e-05,-7.74501e-05,-0.00826966,-0.00956368,0.00129403,40,3,0.0316185
2025-07-30 00:00:00+00:00,0.00427783,1.20642,1.09109,-0.0258024,-0.00288422,0.641486,0.000205262,0.000111698,3.29908e-05,-0.000258118,0.0049102,-0.000784502,0.0056947,40,0,0.0334444
2025-07-31 00:00:00+00:00,0.0100965,1.2186,1.27589,0.0541004,0.00257232,0.59344,0.000189967,8.16193e-05,3.54992e-05,9.02372e-05,0.0103052,-0.023476,0.0337812,40,0,0.0344152
2025-08-01 00:00:00+00:00,-0.0092236,1.20736,1.39436,0.0836929,0.000661244,0.692169,0.000251935,6.80491e-05,5.00213e-05,0.000136707,-0.00898481,-0.027335,0.0183502,40,3,0.0376312
2025-08-02 00:00:00+00:00,0.000659522,1.20815,1.4682,0.0564922,-0.00489534,0.427681,0.000136854,2.77896e-05,2.082e-05,1.18594e-05,0.000857342,-0.0190631,0.0199204,40,0,0.0365117
2025-08-03 00:00:00+00:00,0.00371809,1.21265,1.51984,0.040278,-0.00342932,0.29868,9.55986e-05,2.67777e-05,1.90302e-05,0.000136156,0.0037337,0.0338102,-0.0300765,40,0,0.0370764
2025-08-04 00:00:00+00:00,-0.00198233,1.21024,1.55136,0.0854827,0.0150531,0.513609,0.00016438,6.37138e-05,4.41424e-05,0.000354949,-0.00202784,0.0336995,-0.0357274,39.9792,0,0.0384399
2025-08-05 00:00:00+00:00,-0.00640663,1.20249,1.53608,0.0895413,0.0155141,0.450242,0.000157141,5.13766e-05,3.17435e-05,0.0002099,-0.0063761,-0.0327519,0.0263758,40,1,0.0380108
2025-08-06 00:00:00+00:00,0.0164183,1.22223,1.58672,0.0759845,0.00797523,0.355497,0.000113837,4.10551e-05,1.84626e-05,2.02251e-05,0.016461,0.0245568,-0.00809589,40,0,0.0391192
2025-08-07 00:00:00+00:00,-0.00696927,1.21371,1.54726,0.127895,0.0214939,0.602829,0.000192839,0.000123373,2.67876e-05,3.54031e-06,-0.00661957,0.0384058,-0.0450253,40,0,0.0417049
2025-08-08 00:00:00+00:00,0.000146539,1.21389,1.68029,0.167601,0.0231028,0.97226,0.000312357,0.000117574,4.83848e-05,0.000258523,0.000395437,0.0167554,-0.0163599,40,1,0.0426702
2025-08-09 00:00:00+00:00,-0.00883829,1.20316,1.36266,0.160363,0.0142244,2.57984,0.00082543,0.000433361,9.71995e-05,0.000264559,-0.00774349,0.0172391,-0.0249826,40,0,0.0414623
2025-08-10 00:00:00+00:00,0.00136754,1.20481,0.681521,0.0613656,-0.00405001,1.61391,0.000516461,0.000118254,4.85237e-05,0.000103026,0.00195651,0.00139657,0.000559936,34.2917,0,0.0382819
2025-08-11 00:00:00+00:00,0.00796455,1.2144,0.951785,0.0446702,0.00144004,1.82748,0.00058494,0.000172086,0.000124421,0.000277224,0.00857112,-0.0193751,0.0279462,37.1042,0,0.0378255
2025-08-12 00:00:00+00:00,-0.0137576,1.1977,1.26312,-0.0391643,0.000960858,1.12782,0.000385817,0.000236582,8.13949e-05,0.000368633,-0.0134296,0.031601,-0.0450307,40,2,0.0395416
2025-08-13 00:00:00+00:00,-0.00384075,1.1931,1.6016,0.0466264,0.0148288,1.03058,0.000343963,8.75274e-05,5.62946e-05,3.38006e-05,-0.00335344,0.0202444,-0.0235978,40,2,0.0370485
2025-08-14 00:00:00+00:00,-0.00529876,1.18678,1.63898,0.115145,0.00919427,0.632525,0.000215701,5.91847e-05,4.405e-05,8.98358e-05,-0.00501328,-0.0690086,0.0639954,40,1,0.0345619
2025-08-15 00:00:00+00:00,-0.00356911,1.18254,1.66524,0.110628,0.00171057,0.655761,0.000209832,8.49192e-05,4.28159e-05,0.000176918,-0.00337277,-0.00270768,-0.000665094,40,0,0.0346585
2025-08-16 00:00:00+00:00,0.00642194,1.19013,1.616,0.0998769,-0.0012256,0.727702,0.000232917,6.76074e-05,2.96223e-05,5.41411e-05,0.00669765,0.0115424,-0.00484476,40,0,0.0347968
2025-08-17 00:00:00+00:00,-0.000174969,1.18993,0.96548,0.117007,0.00989811,1.64548,0.000526586,0.000171933,5.17479e-05,0.000108255,0.000477721,0.00764085,-0.00716313,40,0,0.0353593
2025-08-18 00:00:00+00:00,-0.00851894,1.17979,0.814864,0.104959,0.00352867,0.847471,0.000271161,9.48312e-05,5.58377e-05,0.00105996,-0.00914833,-0.0210284,0.0118801,40,0,0.0361542
2025-08-19 00:00:00+00:00,-0.00755045,1.17088,0.819096,0.0880367,0.00524073,0.570225,0.000182398,0.000105017,2.10044e-05,6.02475e-05,-0.00729363,-0.0218048,0.0145111,40,0,0.0351923
2025-08-20 00:00:00+00:00,0.00278419,1.17414,0.797027,0.0518543,-0.00571039,0.374651,0.000119893,8.39883e-05,2.11849e-05,-4.48102e-05,0.00306798,0.016197,-0.013129,40,0,0.0334205
2025-08-21 00:00:00+00:00,0.00268384,1.17729,0.853191,0.0744131,0.00629246,0.36397,0.00011648,8.58113e-05,2.28749e-05,3.87393e-05,0.00288815,-0.0101779,0.013066,40,0,0.0330845
2025-08-22 00:00:00+00:00,0.00447786,1.18256,1.06507,0.0894544,0.00819274,0.593704,0.000193509,0.000152136,5.04418e-05,-4.16814e-05,0.00492178,0.0524728,-0.047551,40,1,0.0344218
2025-08-23 00:00:00+00:00,0.00311423,1.18625,1.18555,0.0736572,0.010233,0.42641,0.000140318,8.05833e-05,1.89042e-05,0.000137899,0.00322411,-0.00694186,0.010166,39.7292,1,0.0349449
2025-08-24 00:00:00+00:00,-0.000528211,1.18562,0.660623,0.0260526,0.00288118,1.57684,0.000504606,0.00028193,5.34109e-05,0.000340822,-1.82035e-05,-0.0108056,0.0107874,35.2917,0,0.0353999
2025-08-25 00:00:00+00:00,-0.00100113,1.18443,0.422511,0.0330648,0.00725921,1.41478,0.000452698,0.000163632,6.63548e-05,-0.000197435,-0.000109576,-0.020658,0.0205485,24.9375,0,0.0350409
2025-08-26 00:00:00+00:00,-0.00665788,1.17655,0.528079,-0.0164393,0.00396987,1.0836,0.000346726,0.000163316,2.94072e-05,-1.45161e-05,-0.00610562,0.00480205,-0.0109077,27.2083,0,0.0357592
2025-08-27 00:00:00+00:00,-0.00168071,1.17457,0.584066,-0.0133695,0.00149117,0.499654,0.000159861,7.01967e-05,1.78448e-05,0.000813583,-0.00223216,-0.00592981,0.00369765,34.0625,0,0.0336936
2025-08-28 00:00:00+00:00,-0.0117367,1.16078,0.795716,0.0199701,0.00672286,0.298682,9.55571e-05,2.53469e-05,8.34165e-06,0.000727586,-0.0123875,0.00403343,-0.0164209,37.8542,0,0.0314383
2025-08-29 00:00:00+00:00,0.00152641,1.16256,0.831862,0.0269677,0.00587965,0.299489,9.58409e-05,3.23981e-05,9.31261e-06,0.000234009,0.00144671,-0.0163612,0.0178079,37.5625,0,0.0284178
2025-08-30 00:00:00+00:00,-0.00153266,1.16077,0.718326,0.0175834,0.00122018,0.31361,0.00010034,3.45598e-05,6.22472e-06,0.000307163,-0.00168935,0.000949124,-0.00263848,38.3542,0,0.0257479
2025-08-31 00:00:00+00:00,0.000294169,1.16112,0.69978,-0.00535248,0.0123013,0.248514,7.94911e-05,3.84193e-05,1.37443e-05,0.000453989,-1.80262e-05,-0.00494504,0.00492701,39.9167,0,0.0264142
2025-09-01 00:00:00+00:00,-0.00540007,1.15485,0.447305,-0.0126781,0.0165435,1.19069,0.000381769,0.000145635,4.14169e-05,2.72157e-05,-0.00486099,-0.00883443,0.00397344,39.9583,1,0.0267532
2025-09-02 00:00:00+00:00,-0.00397552,1.15025,0.37795,0.0180051,0.00856697,1.15532,0.000376946,0.000122395,3.62505e-05,0.000219661,-0.00366562,0.00410113,-0.00776674,40,1,0.0249762
2025-09-03 00:00:00+00:00,-0.00175824,1.14823,0.204147,0.0395307,-0.0021853,0.76665,0.000248599,7.54873e-05,2.23097e-05,4.51619e-05,-0.00145263,4.7477e-05,-0.0015001,35.1458,1,0.021629
2025-09-04 00:00:00+00:00,0.00124331,1.14966,0.139792,0.0252713,0.00218315,0.510966,0.000163516,6.67602e-05,1.87884e-05,-0.000276217,0.0017752,-0.00089453,0.00266973,25.3542,0,0.021639
2025-09-05 00:00:00+00:00,0.000845874,1.15063,0.169931,0.0205242,0.00213415,0.672764,0.000215292,7.77943e-05,2.07994e-05,-6.51341e-05,0.00122591,0.00248789,-0.00126198,23.625,0,0.0227301
2025-09-06 00:00:00+00:00,0.00356012,1.15473,0.254624,0.016701,-0.00287732,0.709292,0.000230775,5.34531e-05,3.78033e-05,-0.000106521,0.00398835,0.00537674,-0.00138839,27.4583,2,0.023091
2025-09-07 00:00:00+00:00,0.00488406,1.16037,0.290324,0.0314912,0.000170615,0.631393,0.000211169,3.51447e-05,4.09871e-05,0.000151182,0.00501668,0.0112316,-0.00621487,27.875,2,0.023071
2025-09-08 00:00:00+00:00,-0.00620306,1.15317,0.342699,0.114463,0.015769,0.912444,0.00029568,0.000190214,4.56181e-05,0.000314429,-0.00598927,0.00504373,-0.011033,28.9167,1,0.0233341
2025-09-09 00:00:00+00:00,0.00382774,1.15758,0.297549,0.106229,0.0211726,0.522578,0.00016743,9.56173e-05,1.5837e-05,0.00113541,0.00296968,0.00148995,0.00147973,28.2292,1,0.0217458
2025-09-10 00:00:00+00:00,0.000863418,1.15858,0.36552,0.0849884,0.0184977,0.368888,0.000118038,5.24575e-05,1.07804e-05,0.00131194,-0.000254775,0.00253687,-0.00279164,30.1458,0,0.0231946
2025-09-11 00:00:00+00:00,-0.00555846,1.15214,0.386466,0.0730943,0.0139368,0.377353,0.00012072,8.09285e-05,1.55802e-05,0.00123823,-0.00658209,-0.00224107,-0.00434101,30.75,0,0.0245623
2025-09-12 00:00:00+00:00,0.00438652,1.1572,0.282399,0.0358782,0.0172968,0.440914,0.000145008,0.000113014,1.52525e-05,0.00165045,0.00301315,0.0037822,-0.000769052,29.1667,2,0.0241375
2025-09-13 00:00:00+00:00,-0.00446506,1.15203,0.238579,0.0363556,0.0003519,0.622558,0.000204721,0.000154077,2.31105e-05,9.26678e-05,-0.00417045,-0.000672858,-0.00349759,29.2917,1,0.0238665
2025-09-14 00:00:00+00:00,-0.00398048,1.14744,0.178355,-0.0260147,-0.0211884,0.623398,0.000199452,0.000138764,1.94126e-05,-0.000191238,-0.00342674,-0.00158041,-0.00184633,28.6458,0,0.0228185
2025-09-15 00:00:00+00:00,0.000297373,1.14779,0.217643,0.0264755,-0.000344315,0.803059,0.000257553,0.000115003,4.55424e-05,-0.000158516,0.000882422,-0.00524887,0.00613129,26.2292,1,0.0241812
2025-09-16 00:00:00+00:00,-0.00379139,1.14343,0.279581,0.0451606,0.00803843,0.871697,0.000280352,0.000169066,3.99181e-05,7.52676e-06,-0.00330742,-0.00168707,-0.00162035,26.1042,2,0.0268265
2025-09-17 00:00:00+00:00,0.005074,1.14924,0.358086,0.0850989,0.016477,0.783105,0.000250621,0.000210296,2.66989e-05,0.000682175,0.00487619,0.00766218,-0.00278599,25.3542,0,0.0291456
2025-09-18 00:00:00+00:00,0.00321245,1.15293,0.260278,0.0744694,0.00832675,0.659235,0.000214754,0.000210802,2.65685e-05,0.000151013,0.00351854,0.0041255,-0.000606958,26.125,2,0.0234211
2025-09-19 00:00:00+00:00,-0.00070735,1.15211,0.178592,0.0450027,0.00553142,0.542833,0.000173706,0.000184058,1.67851e-05,-7.99769e-05,-0.000250163,-0.00355434,0.00330418,29.8125,0,0.022176
2025-09-20 00:00:00+00:00,0.0022191,1.15467,0.152829,-0.00737201,-0.0100365,0.504665,0.000161506,0.000152732,1.90884e-05,-0.0001936,0.00274823,0.00248139,0.000266833,28.5417,0,0.023098
2025-09-21 00:00:00+00:00,0.00482062,1.16024,0.170356,-0.00353879,-0.00458678,0.295412,9.454e-05,6.56123e-05,1.11944e-05,-0.000121695,0.00510897,0.00142012,0.00368886,25.8958,0,0.0249676
2025-09-22 00:00:00+00:00,0.0255074,1.18983,0.595651,0.0350148,-0.00450207,0.943317,0.000302654,0.000141743,6.38686e-05,-0.000107382,0.0258531,0.00153326,0.0243198,31.8333,1,0.0289139
2025-09-23 00:00:00+00:00,0.00936513,1.20097,0.831235,0.0683301,0.000839203,1.41808,0.000453946,0.000150778,5.11325e-05,0.000143795,0.00985246,0.000336679,0.00951578,39,0,0.034312
2025-09-24 00:00:00+00:00,-0.00570594,1.19412,1.02018,0.128328,0.00727399,0.425701,0.000136206,4.82626e-05,1.89548e-05,4.59853e-05,-0.00555166,-0.00291806,-0.0026336,39.8542,0,0.0358268
2025-09-25 00:00:00+00:00,-0.0101193,1.18204,1.2322,0.126176,0.00257908,0.65253,0.000238652,5.91342e-05,4.05984e-05,0.00021322,-0.0100157,-0.0476577,0.0376421,39.7708,3,0.0336282
2025-09-26 00:00:00+00:00,0.00401547,1.18678,1.33712,0.117648,0.00415301,0.281068,9.28567e-05,3.20962e-05,2.6447e-05,0.000183245,0.00400089,0.0278621,-0.0238612,40,1,0.0314799
2025-09-27 00:00:00+00:00,0.00320724,1.19059,1.39211,0.10099,0.00244881,0.123455,3.95066e-05,1.62041e-05,8.88484e-06,-6.94818e-06,0.0032866,-0.00351524,0.00680184,40,0,0.0318775
2025-09-28 00:00:00+00:00,-0.00829862,1.18071,1.00398,0.06436,-0.0122291,1.40141,0.000453257,0.000102288,6.97687e-05,0.000133031,-0.00775143,0.0141012,-0.0218527,40,2,0.0332962
2025-09-29 00:00:00+00:00,0.00662619,1.18853,1.10256,0.156852,0.0303684,0.502675,0.00016084,8.92351e-05,8.61237e-05,2.02043e-05,0.00695142,-0.00439454,0.011346,40,0,0.0322412
2025-09-30 00:00:00+00:00,-0.0125315,1.17364,1.17865,0.151916,0.0314763,0.271832,8.69691e-05,5.57833e-05,2.28767e-05,-0.000221469,-0.0121896,-0.0157428,0.00355316,40,0,0.0324378
2025-10-01 00:00:00+00:00,-0.00626853,1.16628,1.23305,0.148454,0.026386,0.14561,4.6551e-05,5.20454e-05,1.52568e-05,0.000642085,-0.0067769,0.0260454,-0.0328223,40,0,0.0283228
2025-10-02 00:00:00+00:00,0.0140022,1.18261,1.19806,0.138075,0.00871006,0.348425,0.000112203,4.61393e-05,2.36773e-05,0.000317379,0.0138033,0.0255992,-0.0117959,39.5208,1,0.0264548
2025-10-03 00:00:00+00:00,0.00510588,1.18865,1.15085,0.1364,0.00348862,0.54172,0.000174519,5.33249e-05,3.50836e-05,0.000386076,0.00499203,0.00424255,0.000749479,39.875,1,0.028237
2025-10-04 00:00:00+00:00,0.00365321,1.19299,1.06348,0.123576,-0.00311708,0.316828,0.000101377,1.5999e-05,1.91725e-05,0.000373227,0.00342959,-0.00863623,0.0120658,40,0,0.0293005
2025-10-05 00:00:00+00:00,-0.00243222,1.19009,1.17114,0.135872,-0.00619101,0.241065,7.71219e-05,3.03835e-05,1.39661e-05,0.000225957,-0.00251532,-0.00216385,-0.000351465,40,0,0.0290553
2025-10-06 00:00:00+00:00,0.00760009,1.19914,1.31012,0.190767,0.019508,0.517812,0.000165791,5.30633e-05,5.0291e-05,0.000201478,0.00767219,0.0217384,-0.0140662,40,0,0.0296637
2025-10-07 00:00:00+00:00,0.0161429,1.21849,1.29386,0.188613,0.0136493,0.270048,8.64473e-05,3.44956e-05,1.47723e-05,4.96778e-05,0.0161259,-0.0224831,0.038609,40,0,0.0322812
2025-10-08 00:00:00+00:00,0.0020944,1.22105,1.24367,0.166366,0.013219,0.243422,7.78882e-05,3.47513e-05,1.87988e-05,5.13744e-05,0.00219439,0.0176105,-0.0154161,40,0,0.0360589
2025-10-09 00:00:00+00:00,0.0187895,1.24399,1.35957,0.140536,0.0141875,0.431932,0.000138281,5.0727e-05,2.03977e-05,0.000107151,0.0187531,-0.0116515,0.0304045,40,0,0.0380156
2025-10-10 00:00:00+00:00,0.0882151,1.35373,1.32059,0.0896989,0.00552974,2.66378,0.00101496,0.000425719,0.00181821,0.000939674,0.0906267,-0.0729574,0.163584,39.4375,24,0.0407604
2025-10-11 00:00:00+00:00,0.00810784,1.3647,0.858928,0.0710215,0.000742212,0.852077,0.000272704,0.000212792,0.000280978,0.00118295,0.00769701,0.00456756,0.00312945,39.875,0,0.0428398
2025-10-12 00:00:00+00:00,0.000466161,1.36534,0.717679,-0.00770387,-0.00182863,1.34327,0.000429866,0.000322603,0.000197669,0.000407534,0.0010227,0.025134,-0.0241113,38.1875,0,0.045099
2025-10-13 00:00:00+00:00,-0.0101815,1.35144,0.747417,-0.0173746,-0.00785296,2.05023,0.000655977,0.000353267,0.000479048,0.000241922,-0.00893354,0.0144213,-0.0233548,37.7292,0,0.0461576
2025-10-14 00:00:00+00:00,-0.000831062,1.35031,0.553675,-0.0693964,-0.00269097,1.12298,0.000359331,0.00021043,9.16222e-05,0.000204563,-0.000307855,-0.0125153,0.0122074,30.8333,0,0.0445671
2025-10-15 00:00:00+00:00,0.00890304,1.36234,0.612984,-0.13277,0.00052057,0.642943,0.000205792,0.000104776,4.48372e-05,0.000271581,0.00898284,-0.0130518,0.0220347,29.7292,0,0.0432333
2025-10-16 00:00:00+00:00,0.0020223,1.36509,0.797485,-0.189498,0.00301775,0.758697,0.000242497,0.000112827,6.73823e-05,-4.04968e-05,0.00259238,-0.0104911,0.0130835,33.7917,0,0.0453033
2025-10-17 00:00:00+00:00,0.00403332,1.3706,1.10388,-0.179929,0.0023189,1.41474,0.000452935,0.000296934,0.00013756,-0.000395558,0.00535475,-0.00908961,0.0144444,38.2917,0,0.0457902
2025-10-18 00:00:00+00:00,-0.00922942,1.35795,1.4993,-0.0701058,-0.00953796,1.2574,0.000402298,0.000156193,0.000100555,-0.000245942,-0.00833205,0.0126041,-0.0209362,40,0,0.0450724
2025-10-19 00:00:00+00:00,-0.00141891,1.35602,1.6211,-0.00930101,0.00308031,0.600424,0.00019207,3.01683e-05,3.29211e-05,4.42946e-05,-0.00117872,0.0174934,-0.0186721,40,0,0.0416425
2025-10-20 00:00:00+00:00,0.0153169,1.37679,1.66122,0.123413,0.00522084,1.02257,0.00032742,6.98102e-05,0.000114063,0.000424388,0.0153271,0.0189011,-0.00357395,40,0,0.039537
2025-10-21 00:00:00+00:00,-0.00180178,1.37431,1.77794,0.134141,0.00759184,0.931713,0.000298246,6.14741e-05,5.53108e-05,-6.48504e-05,-0.00126453,-0.0267442,0.0254797,40,0,0.0409523
2025-10-22 00:00:00+00:00,-0.000978284,1.37297,1.89048,0.0889707,0.00491806,0.926376,0.000296412,3.8914e-05,5.63631e-05,-0.000448385,-8.4896e-05,-0.0282561,0.0281712,40,0,0.0417724
2025-10-23 00:00:00+00:00,-0.00723447,1.36303,1.81384,0.0578912,0.0145364,0.837814,0.000268276,3.5055e-05,5.29251e-05,8.70414e-05,-0.00695323,0.0201875,-0.0271407,40,0,0.0416141
2025-10-24 00:00:00+00:00,-0.00433302,1.35713,1.79219,0.0963944,0.0137248,0.470762,0.000150641,3.03906e-05,3.43646e-05,0.000119509,-0.00421165,0.0152459,-0.0194576,40,0,0.0392452
2025-10-25 00:00:00+00:00,-0.0119096,1.34096,1.86427,0.0986955,0.0182039,0.628263,0.00022769,5.41254e-05,7.5061e-05,5.18886e-05,-0.0116372,-0.00594736,-0.00568987,40,1,0.0359543
2025-10-26 00:00:00+00:00,-0.00947179,1.32826,1.93093,0.0697053,-0.00328493,0.427859,0.000136874,2.69505e-05,2.82123e-05,1.62582e-05,-0.00929248,0.0381074,-0.0473999,40,0,0.0333108
2025-10-27 00:00:00+00:00,0.0225209,1.35818,1.77164,0.0165661,-0.0223875,1.04763,0.000341672,0.000199916,0.000188243,-0.000362243,0.0234192,-0.00851025,0.0319294,40,1,0.0330143
2025-10-28 00:00:00+00:00,-0.0052936,1.35099,1.61806,0.0224773,-0.0215066,0.377255,0.000120649,0.000109581,2.43923e-05,-0.000116202,-0.00489,-0.0243776,0.0194876,40,0,0.0339808
2025-10-29 00:00:00+00:00,0.0093792,1.36366,1.51687,0.0205082,-0.0300838,0.28747,9.20135e-05,7.27042e-05,1.72367e-05,7.23404e-06,0.00953838,0.00555929,0.00397909,40,0,0.0340832
2025-10-30 00:00:00+00:00,0.0124648,1.38066,1.40126,0.0697136,-0.0095302,0.52176,0.000172927,9.55669e-05,4.81303e-05,0.000127481,0.0126235,-0.0432044,0.0558279,40,1,0.0366376
2025-10-31 00:00:00+00:00,-0.0161984,1.35829,1.47796,-0.00959355,-0.0202774,0.928143,0.000296713,0.00015889,6.53739e-05,0.000197912,-0.0159311,0.0125711,-0.0285022,40,0,0.0387505
2025-11-01 00:00:00+00:00,-0.00723488,1.34846,1.41107,-0.0209684,-0.0252957,0.901063,0.000300777,9.12031e-05,0.000109734,0.000220317,-0.0069591,0.00781143,-0.0147705,40,1,0.0360771
2025-11-02 00:00:00+00:00,0.00787745,1.35909,1.33145,0.060419,-0.0107244,0.659284,0.000222934,8.79947e-05,8.14637e-05,0.000108177,0.00817668,0.000407969,0.00776871,40,1,0.0341969
2025-11-03 00:00:00+00:00,0.0202389,1.38659,1.53437,0.0122424,-0.0127445,1.74258,0.000572844,0.000133912,0.000238914,-0.000244758,0.0213361,-0.0648887,0.0862248,40,4,0.0353672
2025-11-04 00:00:00+00:00,0.0116311,1.40272,1.54153,-0.102213,-0.0180129,1.72414,0.000565745,0.00019644,0.000173223,3.17494e-06,0.0125734,-0.0295054,0.0420789,40,2,0.038752
2025-11-05 00:00:00+00:00,-0.0132336,1.38416,1.2023,-0.0508771,-0.0138781,1.46088,0.000470164,0.000225083,0.000171489,7.32712e-05,-0.0124271,0.0242409,-0.036668,40,1,0.0409402
2025-11-06 00:00:00+00:00,-0.0103877,1.36978,0.994139,-0.00912391,-0.0128744,0.963439,0.000310741,7.00989e-05,9.53534e-05,0.000181589,-0.010063,-0.0216849,0.0116219,40,1,0.0418421
2025-11-07 00:00:00+00:00,-0.0171047,1.34635,1.13618,0.00251313,0.00882734,1.75569,0.000586908,0.000174851,0.00031065,-0.000140596,-0.0158786,0.0602675,-0.0761462,40,3,0.044268
2025-11-08 00:00:00+00:00,-0.0147804,1.32645,1.30991,0.0297715,-0.00605923,1.07067,0.000349002,8.8242e-05,0.000145317,-2.09597e-05,-0.014197,-0.0262298,0.0120328,40,1,0.0415925
2025-11-09 00:00:00+00:00,0.000146825,1.32665,1.54256,0.037291,0.00727128,0.626914,0.000214733,6.53271e-05,0.000112207,3.44829e-05,0.000542382,0.0225508,-0.0220084,40,1,0.0376518
2025-11-10 00:00:00+00:00,-0.00310131,1.32253,1.20403,0.0594723,0.00119978,1.56317,0.000510548,0.000187061,0.000267162,-5.10716e-05,-0.00201785,0.0140218,-0.0160396,40,2,0.0368773
2025-11-11 00:00:00+00:00,0.0155179,1.34305,1.15048,0.0830125,0.0134602,1.37404,0.000439859,0.000220454,7.19635e-05,-4.5792e-05,0.016209,-0.0297493,0.0459583,40,0,0.0385403
2025-11-12 00:00:00+00:00,-0.00361385,1.3382,0.621029,0.0610549,0.0109905,1.13523,0.000363248,0.000218645,4.11433e-05,7.53492e-05,-0.00306007,-0.00395693,0.000896858,32.7917,0,0.0419849
2025-11-13 00:00:00+00:00,0.0146853,1.35785,0.60887,0.0648401,0.0122626,1.09327,0.000350039,0.000153538,4.08384e-05,3.20915e-05,0.015111,-0.00374515,0.0188561,29.6458,0,0.0410928
2025-11-14 00:00:00+00:00,0.00438301,1.3638,0.804782,0.0694316,0.0138947,1.59295,0.000509789,0.000213753,6.92754e-05,-0.000389388,0.00557446,-0.00759774,0.0131722,34.2083,0,0.0445734
2025-11-15 00:00:00+00:00,0.000114121,1.36396,0.873532,0.0218696,0.0131473,1.38967,0.000444713,0.000141566,5.26281e-05,-0.000206997,0.000970527,0.00418736,-0.00321683,35.2917,0,0.0455763
2025-11-16 00:00:00+00:00,0.00553796,1.37151,0.754744,0.0403978,0.00486646,1.30898,0.000418958,9.54935e-05,4.13536e-05,-0.000443845,0.00654034,-0.00820988,0.0147502,34.8125,0,0.0441309
2025-11-17 00:00:00+00:00,-0.00252027,1.36806,1.22763,0.0703623,0.0211469,2.64483,0.000846635,0.000246642,0.000352081,-0.000263027,-0.000724408,-0.018288,0.0175636,39.5417,0,0.0597775
2025-11-18 00:00:00+00:00,0.00155171,1.37018,1.11725,0.0436839,0.0110721,1.32766,0.000424969,0.00015453,8.0021e-05,0.000392203,0.00189983,0.0233435,-0.0214436,40,0,0.0599082
2025-11-19 00:00:00+00:00,0.0173952,1.39401,1.17492,0.0435078,-0.00624804,2.30432,0.000737717,0.000311104,0.000112599,-0.000106257,0.0185544,-0.00421672,0.0227711,40,0,0.0593122
2025-11-20 00:00:00+00:00,0.00134629,1.39589,1.06516,0.0629815,-0.00221671,2.12741,0.000683077,0.000332364,0.000107179,0.000849024,0.00165153,-0.0275436,0.0291952,40,1,0.0602015
2025-11-21 00:00:00+00:00,0.00959221,1.40928,1.19298,0.0236663,-0.0023077,3.09686,0.0010205,0.000398353,0.000273789,9.09773e-05,0.0112412,-0.0269374,0.0381785,40,4,0.0603896
2025-11-22 00:00:00+00:00,-0.0184592,1.38327,1.26786,0.038248,-0.00407473,2.13824,0.000687309,0.00024148,0.000183858,-0.00115157,-0.0162941,-0.0149625,-0.00133169,40,1,0.061595
2025-11-23 00:00:00+00:00,-0.013365,1.36478,1.48682,0.10068,0.00314678,1.53784,0.000491992,0.000165288,0.000113305,-0.000495271,-0.0120989,0.00855285,-0.0206517,40,0,0.058915
2025-11-24 00:00:00+00:00,-0.0145575,1.34491,1.24578,0.0516436,0.00961791,2.29768,0.000735589,0.000242711,0.000220905,8.89659e-05,-0.0135127,0.0196639,-0.0331766,40,0,0.0551082
2025-11-25 00:00:00+00:00,-0.00861386,1.33333,1.18304,0.0804803,0.00680774,1.14273,0.000365645,0.000146423,8.56534e-05,0.000710122,-0.00869592,0.00379028,-0.0124862,40,0,0.0512021
2025-11-26 00:00:00+00:00,0.00616174,1.34154,1.26252,0.0982588,0.0106154,1.27468,0.00040986,0.000135435,9.6413e-05,0.000701369,0.00613154,0.0131109,-0.00697936,40,1,0.04679
2025-11-27 00:00:00+00:00,-0.0110732,1.32669,1.23623,0.0975641,0.0134622,0.789214,0.000252489,0.000166239,6.00078e-05,0.00212025,-0.012735,-0.0110651,-0.00166996,40,0,0.045866
2025-11-28 00:00:00+00:00,0.0184066,1.35111,0.988994,0.0506635,0.00509921,1.68311,0.000538805,0.00044536,8.25774e-05,0.000669188,0.0186839,0.00165637,0.0170276,40,0,0.0430791
2025-11-29 00:00:00+00:00,-0.00102035,1.34973,0.44717,0.00327147,-0.00670538,1.25399,0.000401248,0.000367205,4.73141e-05,7.04225e-05,-0.000265749,-0.00416919,0.00390345,33,0,0.0438763
2025-11-30 00:00:00+00:00,0.00814774,1.36072,0.471011,0.0297676,-0.00237668,1.21626,0.0003893,0.000357675,4.29824e-05,0.000166223,0.00874689,-0.00159303,0.0103399,31.5,0,0.0426436
2025-12-01 00:00:00+00:00,0.0109734,1.37566,0.787488,0.0389555,-0.0085268,2.20227,0.000707557,0.000423178,0.000134995,0.00071566,0.011497,-0.0100415,0.0215385,36.625,1,0.0452978
2025-12-02 00:00:00+00:00,0.0140557,1.39499,0.878744,0.0165151,0.00142962,2.03841,0.000652648,0.000250341,0.000116422,0.00103675,0.0139963,0.0314871,-0.0174908,39.6458,0,0.0468841
2025-12-03 00:00:00+00:00,-0.00526647,1.38765,0.849925,0.0514706,-8.93298e-05,2.01417,0.000659481,0.000210085,0.000164621,0.00166626,-0.00585022,0.0174327,-0.0232829,37.75,3,0.049332
2025-12-04 00:00:00+00:00,0.00612982,1.39615,0.831405,0.0655151,-0.000477825,1.4826,0.000474505,0.000145781,9.06584e-05,0.00120649,0.0056462,-0.00857371,0.0142199,38.5,0,0.0486218
2025-12-05 00:00:00+00:00,-0.00049595,1.39546,0.857909,0.0479226,-0.0142318,1.88328,0.000602707,0.000193876,0.000105139,0.000511166,-7.67615e-05,-0.0176942,0.0176174,39.8958,0,0.0468351
2025-12-06 00:00:00+00:00,0.00976887,1.40909,0.719565,-0.0545477,-0.0294501,1.56531,0.00050101,0.000160074,8.9836e-05,-0.000301332,0.0107906,0.00609582,0.00469476,34.9167,0,0.047907
2025-12-07 00:00:00+00:00,0.00397542,1.41469,0.735262,-0.000877813,-0.0146752,2.14108,0.000685214,0.00021737,0.000129493,-0.000310737,0.00532708,-0.00467636,0.0100034,37.4167,0,0.0500838
2025-12-08 00:00:00+00:00,0.00036529,1.41521,0.613588,0.0436052,0.00258948,1.60084,0.000512353,0.000172955,0.000166346,8.78331e-05,0.00115559,0.0112012,-0.0100456,32.8125,0,0.0502392
2025-12-09 00:00:00+00:00,-0.0028415,1.41119,0.635955,0.0343929,0.00241647,1.22582,0.000394102,0.000130677,5.2548e-05,-0.000152878,-0.00209373,0.00774497,-0.0098387,32.4583,1,0.0472607
2025-12-10 00:00:00+00:00,0.0086146,1.42334,0.492124,0.0132265,0.00189762,0.968711,0.000310047,8.77016e-05,2.94309e-05,6.55372e-05,0.00895302,-0.00605113,0.0150041,33.6042,0,0.0457609
2025-12-11 00:00:00+00:00,0.00960497,1.43702,0.591429,-0.0289188,-0.00135078,1.48154,0.000474647,0.000170091,9.09188e-05,3.55556e-05,0.0103005,0.00340486,0.00689563,33.9375,0,0.0477291
2025-12-12 00:00:00+00:00,0.00259078,1.44074,0.975137,-0.0479884,-0.00756801,1.88575,0.000603451,0.000203821,0.000118761,-0.00049234,0.00404819,-0.00712213,0.0111703,40,0,0.0507764
2025-12-13 00:00:00+00:00,-0.00639189,1.43153,0.668439,-0.0649676,-0.014868,1.66631,0.000540766,0.000163757,0.000119131,-0.000512229,-0.00505305,0.00308368,-0.00813673,37.5417,2,0.0509961
2025-12-14 00:00:00+00:00,0.00752041,1.4423,0.788635,-0.0879952,-0.0219003,1.22748,0.000392866,0.000119177,4.79396e-05,-0.000501379,0.00856125,-0.0127469,0.0213082,32.3542,0,0.0495567
2025-12-15 00:00:00+00:00,0.00574004,1.45057,0.783441,-0.0504836,-0.0198589,1.80252,0.000576898,0.000232105,0.000163492,1.04075e-05,0.00670742,-0.00634667,0.0130541,33.4792,0,0.0495798
2025-12-16 00:00:00+00:00,-0.000728816,1.44952,0.840137,-0.0213877,-0.0170127,1.33544,0.000427357,0.000147976,5.64169e-05,0.000791639,-0.000865966,0.000321488,-0.00118745,34.9167,0,0.050333
2025-12-17 00:00:00+00:00,0.0111226,1.46564,0.973262,-0.003732,-0.00451096,1.91762,0.000636245,0.000170565,0.000140596,0.000503024,0.011532,-0.0175704,0.0291024,39.0833,3,0.0505043
2025-12-18 00:00:00+00:00,0.00400813,1.47151,0.764508,0.00529191,-0.000667988,1.50127,0.000491389,0.000147975,0.00010508,0.000126493,0.00463801,-0.01407,0.0187081,37.7708,2,0.0523267
2025-12-19 00:00:00+00:00,-0.00208669,1.46844,1.04532,0.00230986,-0.00284823,2.01044,0.000651412,0.000237496,0.000309751,0.000289428,-0.00102028,0.0512437,-0.052264,38.0625,1,0.0531899
2025-12-20 00:00:00+00:00,0.00375706,1.47396,0.598827,-0.0456426,-0.0109956,1.35419,0.000437751,0.000170695,8.49772e-05,0.000582356,0.00387305,0.00333138,0.000541672,36.875,1,0.0500763
2025-12-21 00:00:00+00:00,-0.0124804,1.45557,0.612425,-0.107693,-0.0179179,1.35281,0.000442097,0.000139867,9.64574e-05,0.000254619,-0.0120994,-0.0101674,-0.00193192,32.0625,1,0.0498102
2025-12-22 00:00:00+00:00,0.00376898,1.46105,0.478859,0.0283557,0.000187208,1.25955,0.000403151,0.000133568,0.000129912,9.23024e-06,0.004435,0.00046434,0.00397066,33.3542,0,0.0482435
2025-12-23 00:00:00+00:00,-0.00301203,1.45665,0.420067,0.0311349,-0.00162725,0.741274,0.000237195,9.61215e-05,3.20562e-05,-5.51468e-05,-0.00258911,-0.00628718,0.00369807,30.3542,0,0.0483116
2025-12-24 00:00:00+00:00,-0.00508039,1.44925,0.593236,0.0436749,0.00636092,1.16241,0.000381197,0.000234276,8.06597e-05,-8.80264e-05,-0.00429824,-0.00414929,-0.000148947,33.8333,2,0.0484293
2025-12-25 00:00:00+00:00,-0.00429138,1.44303,0.608973,0.0344368,0.015165,1.24281,0.000402211,0.000217234,8.59515e-05,-0.000157236,-0.00341237,-0.00431084,0.000898464,31.5833,1,0.0463815
2025-12-26 00:00:00+00:00,-0.00947557,1.42936,0.804238,0.0606507,0.00646315,1.47647,0.000472418,0.000218985,8.15398e-05,-6.75358e-05,-0.00865861,0.0011729,-0.00983151,36.625,0,0.0438103
2025-12-27 00:00:00+00:00,-0.00379584,1.42393,0.745873,0.0516773,-0.0129352,0.639572,0.000213764,7.07063e-05,6.5764e-05,0.000188739,-0.00361308,0.00661384,-0.0102269,34.2083,2,0.0398495
2025-12-28 00:00:00+00:00,0.00405864,1.42971,0.796021,0.0540772,-0.0049695,1.05337,0.000337138,8.07929e-05,5.44854e-05,0.000521411,0.00402181,-0.00375256,0.00777438,37.7917,0,0.0372389
2025-12-29 00:00:00+00:00,0.00239177,1.43313,0.735953,0.0288886,0.00900116,1.80335,0.000580371,0.00019505,0.0001749,1.90146e-05,0.00334395,-0.00518847,0.00853242,38.9375,3,0.0385111
2025-12-30 00:00:00+00:00,0.00423806,1.4392,0.72613,0.00650234,-0.010419,1.52941,0.00048946,0.000161086,6.99909e-05,-7.43277e-05,0.00504251,0.00201454,0.00302797,33.625,0,0.0399108
2025-12-31 00:00:00+00:00,-0.00789851,1.42784,0.987357,0.00498431,-0.0256286,0.656151,0.000209876,5.62807e-05,3.89224e-05,-9.9961e-05,-0.00749441,-0.0100302,0.00253576,38.1042,0,0.0400984
2026-01-01 00:00:00+00:00,0.00861417,1.44014,0.804545,0.0189347,-0.0168865,1.41002,0.000451516,0.00012052,7.98616e-05,0.000290001,0.00896718,0.0187024,-0.00973523,39.8333,1,0.0383747
2026-01-02 00:00:00+00:00,-0.0213519,1.40939,0.95654,0.0824323,-0.00774069,1.85093,0.00064414,0.000192877,0.000242807,0.000778032,-0.0212367,0.0119282,-0.0331649,40,9,0.0399075
2026-01-03 00:00:00+00:00,0.00170243,1.41179,0.771328,0.0381391,0.00509377,1.93128,0.000618031,0.000209064,0.000130538,0.000429377,0.00224223,0.00120746,0.00103478,40,0,0.0373229
2026-01-04 00:00:00+00:00,-0.00775861,1.40083,0.603675,-0.00957071,-0.00962083,1.52093,0.000490757,0.000175466,9.64428e-05,-0.000454959,-0.00654431,0.00645609,-0.0130004,38.9167,1,0.0354996
2026-01-05 00:00:00+00:00,0.00365401,1.40595,0.815021,-0.00474785,-0.0207432,1.29337,0.000419918,0.000142764,0.000166838,7.97052e-05,0.00437981,0.00963977,-0.00525996,40,1,0.0319838
2026-01-06 00:00:00+00:00,-9.77079e-05,1.40581,0.541244,-0.0254834,-0.0108147,1.61737,0.000526782,0.00039867,0.000228118,0.000209231,0.000871901,0.00146632,-0.00059442,39.8542,2,0.0316027
2026-01-07 00:00:00+00:00,-0.00123678,1.40407,0.351299,-0.0440137,-0.0152742,1.03354,0.000330706,0.000191552,7.52465e-05,-0.000115421,-0.000508639,-0.0051156,0.00460697,32.4167,0,0.030459
2026-01-08 00:00:00+00:00,0.00197353,1.40685,0.305827,-0.059593,-0.0233804,0.952903,0.000304962,0.000174384,5.63685e-05,-0.000148114,0.00266928,-0.00111488,0.00378416,28.0833,0,0.0302239
2026-01-09 00:00:00+00:00,-0.000651541,1.40593,0.406992,-0.064419,-0.0238468,0.522131,0.00016708,0.000107264,3.9556e-05,-0.000172764,-0.000151887,0.00120179,-0.00135367,31.75,0,0.0307936
2026-01-10 00:00:00+00:00,0.00189717,1.4086,0.40281,-0.0586231,-0.0201398,0.460643,0.000147421,0.000147872,3.30624e-05,-0.000103916,0.00233381,-0.00129758,0.00363138,32.8125,0,0.0301173
2026-01-11 00:00:00+00:00,-0.00200617,1.40577,0.249189,-0.0674287,-0.027765,0.386491,0.000123671,0.000123428,2.49189e-05,1.8777e-05,-0.00174824,0.000756909,-0.00250515,29.4583,0,0.0309001
2026-01-12 00:00:00+00:00,0.00188945,1.40843,0.273443,-0.0487603,-0.00376051,0.919129,0.000294156,0.000275099,0.000103076,0.000338121,0.00223062,-0.00332751,0.00555813,22.5417,0,0.0303077
2026-01-13 00:00:00+00:00,-0.00117784,1.40677,0.349086,-0.0611769,0.00440085,0.950275,0.000304091,0.000173878,7.00764e-05,0.000438393,-0.00104138,0.00919798,-0.0102394,22.9375,0,0.030617
2026-01-14 00:00:00+00:00,-0.0116186,1.39042,0.404983,-0.0375102,0.00502716,0.761592,0.000250907,0.000137162,0.000120847,0.000999332,-0.0120928,-0.00506299,-0.00702979,26.8542,1,0.0311983
2026-01-15 00:00:00+00:00,-0.00415524,1.38465,0.483385,-0.071532,0.000293012,0.28567,9.42253e-05,6.12296e-05,6.23996e-05,0.00057003,-0.00448774,-0.00662789,0.00214015,33.2292,1,0.02861
2026-01-16 00:00:00+00:00,-0.00337146,1.37998,0.461434,-0.0812238,-0.00505552,0.122215,3.9108e-05,6.37584e-06,1.79429e-05,0.000102279,-0.00340851,0.00146299,-0.00487151,36.8958,0,0.0180992
2026-01-17 00:00:00+00:00,-0.00323375,1.37551,0.459483,-0.0780284,-0.00472663,0.0443204,1.41837e-05,2.44116e-06,4.91166e-06,5.79814e-05,-0.00327234,-0.00433728,0.00106494,38,0,0.0152289
2026-01-18 00:00:00+00:00,-0.00106712,1.37405,0.443108,-0.0711416,-0.00107262,0.0192058,6.14601e-06,7.78609e-07,1.10352e-06,-0.000202729,-0.000853282,-0.00923281,0.00837953,38,0,0.0138117
2026-01-19 00:00:00+00:00,0.00736473,1.38417,0.296222,-0.0689109,-0.0135706,0.349148,0.000124814,3.29095e-05,8.96688e-05,-1.43133e-05,0.00761428,-0.0053522,0.0129665,31.1875,7,0.0158958
2026-01-20 00:00:00+00:00,0.0125055,1.40148,0.355472,-0.0748679,-0.0132653,0.23992,7.67905e-05,1.94348e-05,1.57781e-05,0.000376172,0.0121718,-0.00535347,0.0175252,35.2708,0,0.0207099
2026-01-21 00:00:00+00:00,-0.00433918,1.3954,0.369497,-0.039835,-0.00727078,0.727968,0.000232853,5.82674e-05,4.16379e-05,0.00128523,-0.00527092,0.00976265,-0.0150336,38.3125,0,0.0218509
2026-01-22 00:00:00+00:00,0.00757693,1.40597,0.249284,-0.0200727,-0.00395776,0.67904,0.000217454,6.01364e-05,3.9305e-05,0.00246636,0.00541263,0.00389928,0.00151335,38.2708,1,0.0203988
2026-01-23 00:00:00+00:00,-0.000711109,1.40497,0.213009,-0.0267443,-0.00771567,0.699223,0.00022375,6.45735e-05,3.77163e-05,0.000735631,-0.00111404,-0.00198969,0.000875648,24.1667,0,0.0233305
2026-01-24 00:00:00+00:00,0.000529745,1.40571,0.269889,0.00229791,-0.00502931,0.561478,0.000179668,6.06984e-05,3.7325e-05,6.74648e-05,0.000749635,0.00356871,-0.00281908,24.8125,0,0.0230087
2026-01-25 00:00:00+00:00,0.00652724,1.41489,0.270073,0.00434856,-0.00929922,0.398888,0.000127658,6.33036e-05,2.71803e-05,3.66474e-05,0.00669836,-0.00514448,0.0118428,29.4375,0,0.0226798
2026-01-26 00:00:00+00:00,0.0025639,1.41852,0.295807,0.0273301,-0.000945532,1.13617,0.000363619,0.000207675,0.000112081,0.00139519,0.00185969,0.00929017,-0.00743048,31.125,0,0.0256904
2026-01-27 00:00:00+00:00,-0.00579369,1.4103,0.367365,0.0239753,0.000440418,0.276666,9.27999e-05,4.15032e-05,2.25145e-05,0.00252451,-0.0081624,0.00157561,-0.00973801,26.8333,1,0.0245866
2026-01-28 00:00:00+00:00,-0.00241857,1.40689,0.429365,0.0342423,0.00347121,0.148619,5.0956e-05,1.94428e-05,1.59707e-05,0.00132051,-0.00363253,-0.00658781,0.00295528,30.5208,2,0.0224669
2026-01-29 00:00:00+00:00,-0.00583111,1.39868,0.471221,0.0483801,0.00343139,0.134786,4.31534e-05,2.24855e-05,1.08346e-05,0.000616897,-0.0063717,-0.0190759,0.0127042,31.3125,0,0.0224374
2026-01-30 00:00:00+00:00,-0.000430011,1.39808,0.461058,0.0461607,-0.00293882,0.300594,0.000112556,4.6801e-05,3.61736e-05,0.000191664,-0.000405412,-0.00388309,0.00347767,30.9583,5,0.0218322
2026-01-31 00:00:00+00:00,-0.00331185,1.39345,0.472739,0.0349205,0.00147881,0.469992,0.000174793,8.21089e-05,7.63839e-05,1.72751e-05,-0.00298431,-0.0301268,0.0271425,34.1458,7,0.0230677
2026-02-01 00:00:00+00:00,-0.00214023,1.39047,0.537276,0.00708131,-0.00129247,0.418962,0.00013529,0.000105082,3.72839e-05,0.000539191,-0.00237208,-0.0150982,0.0127261,39.2083,1,0.0226002
2026-02-02 00:00:00+00:00,0.00744882,1.40083,0.658286,0.00402457,0.00110749,0.24997,8.00093e-05,6.83024e-05,7.54395e-05,0.0012118,0.00645393,0.0111361,-0.00468221,39.2083,0,0.0220128
2026-02-03 00:00:00+00:00,-0.00080494,1.3997,0.723598,0.000720831,-0.00574901,0.208318,6.66556e-05,3.85353e-05,2.49626e-05,0.00171821,-0.00237958,-0.0143244,0.0119448,39.9375,0,0.02391
2026-02-04 00:00:00+00:00,-0.00544048,1.39208,0.79571,-0.0110947,-0.00536568,0.123563,3.95333e-05,3.34436e-05,1.85993e-05,0.00163836,-0.00698917,-0.0111401,0.00415089,40,0,0.0243039
2026-02-05 00:00:00+00:00,0.0128597,1.40998,0.758591,-0.0198403,-0.00748613,0.400367,0.00015163,0.000137302,5.63493e-05,0.00144607,0.0117012,-0.0529324,0.0646336,39.8958,5,0.0235781
2026-02-06 00:00:00+00:00,-0.0270325,1.37187,0.697463,-0.0252051,-0.00193043,0.440309,0.000156065,0.000121244,0.00015529,0.000238864,-0.027108,0.0291038,-0.0562117,38.6458,6,0.0221891
2026-02-07 00:00:00+00:00,0.00180944,1.37435,0.602848,-0.0102853,0.000749368,0.125717,4.02263e-05,1.57163e-05,1.02182e-05,0.000320512,0.00155974,-0.00348187,0.00504161,40,0,0.0183474
2026-02-08 00:00:00+00:00,-0.0109965,1.35924,0.578622,-0.0135207,-0.00469115,0.0853617,2.8467e-05,1.02651e-05,1.40363e-05,-7.80225e-05,-0.0109099,-0.0049392,-0.00597072,39.9583,1,0.0180936
2026-02-09 00:00:00+00:00,0.00215371,1.36217,0.549682,-0.00185292,-0.00460952,0.286238,9.17122e-05,8.36043e-05,8.55401e-05,3.99622e-05,0.00238429,-0.000407165,0.00279146,40,0,0.0151865
2026-02-10 00:00:00+00:00,0.00108172,1.36364,0.496148,-0.00504005,-0.00658391,0.0658885,2.22531e-05,9.49672e-06,7.32369e-06,0.000110284,0.00101676,-0.00422236,0.00523912,40,1,0.0147585
2026-02-11 00:00:00+00:00,-0.0037297,1.35855,0.474535,-0.002086,-0.00321147,0.0979952,3.39113e-05,8.86829e-06,2.1461e-05,-0.000226279,-0.00342661,-0.00350499,7.83843e-05,39.7708,4,0.0133783
2026-02-12 00:00:00+00:00,0.00345897,1.36325,0.450298,0.00527317,-0.00269344,0.0406275,1.30049e-05,2.46273e-06,1.97947e-06,7.30926e-05,0.00340332,0.00777435,-0.00437103,38,0,0.0125919
2026-02-13 00:00:00+00:00,0.00548356,1.37073,0.458796,0.00679523,-0.000542678,0.0849169,2.71756e-05,2.28893e-05,7.87173e-06,-8.40384e-05,0.00562186,0.0136003,-0.00797849,39.75,0,0.013606
2026-02-14 00:00:00+00:00,0.00689209,1.38018,0.47407,0.00252472,0.00157288,0.131127,4.19785e-05,1.12502e-05,1.33399e-05,-0.000250414,0.00719422,0.0161738,-0.00897963,40,0,0.0146
2026-02-15 00:00:00+00:00,0.00474518,1.38672,0.45478,-0.00641707,-0.00725966,0.0928094,2.97044e-05,1.54416e-05,7.01641e-06,-0.000711317,0.00550187,-0.00614407,0.0116459,40,0,0.017052
2026-02-16 00:00:00+00:00,0.00519551,1.39393,0.454591,-0.0126633,-0.0117113,0.177448,5.68147e-05,3.47831e-05,2.71126e-05,-0.000621914,0.00593657,0.00880589,-0.00286932,39.8125,0,0.0182584
2026-02-17 00:00:00+00:00,-0.00406498,1.38826,0.461089,-0.0199379,-0.0118112,0.130383,4.31515e-05,1.7691e-05,1.36677e-05,-0.000716114,-0.00327812,-0.00595776,0.00267964,40,1,0.015647
2026-02-18 00:00:00+00:00,-0.00170021,1.3859,0.46833,-0.0199352,-0.0108709,0.112874,3.9851e-05,1.09979e-05,1.63553e-05,-0.00076189,-0.000865148,-0.00510603,0.00424088,40,1,0.0137215
2026-02-19 00:00:00+00:00,0.000536486,1.38665,0.451728,-0.0229812,-0.00776878,0.066578,2.23722e-05,1.41611e-05,7.30333e-06,-0.000727892,0.00131258,-1.323e-05,0.00132581,39.9792,1,0.0119831
2026-02-20 00:00:00+00:00,-0.00635266,1.37784,0.457681,-0.0231407,-0.0088928,0.033869,1.18141e-05,3.35988e-06,5.18989e-06,-0.000676185,-0.00567073,0.00236247,-0.00803321,40,1,0.0109328
2026-02-21 00:00:00+00:00,0.00409425,1.38348,0.450895,-0.0173562,-0.00356771,0.0642736,2.0567e-05,1.15898e-05,8.2878e-06,-0.000725304,0.00485766,0.00233804,0.00251962,40,0,0.010197
2026-02-22 00:00:00+00:00,0.00367882,1.38857,0.427081,-0.0249026,-0.0138772,0.029579,9.46911e-06,4.19001e-06,2.78452e-06,-0.000384922,0.00407722,-0.00107729,0.00515451,40,0,0.0135207
2026-02-23 00:00:00+00:00,-8.61544e-05,1.38845,0.411017,-0.0138393,-0.0102047,0.156397,5.00527e-05,2.13936e-05,2.42651e-05,0.000157983,-0.00014105,-0.00557111,0.00543006,40,0,0.0173201
2026-02-24 00:00:00+00:00,0.00246962,1.39188,0.42016,-0.0318896,-0.0147294,0.0550837,1.86593e-05,6.04477e-06,9.0165e-06,-0.000339451,0.00285143,0.00342087,-0.000569445,39.9583,1,0.0181571
2026-02-25 00:00:00+00:00,0.0061741,1.40047,0.436617,-0.0377524,-0.00791437,0.0995361,3.186e-05,8.04949e-06,9.5195e-06,4.13479e-05,0.00617451,0.0202737,-0.0140992,40,0,0.0171235
2026-02-26 00:00:00+00:00,-0.000797814,1.39935,0.463465,-0.0468144,-0.000441619,0.143663,4.94662e-05,2.17439e-05,2.46187e-05,0.00115475,-0.00182805,0.00127224,-0.00310029,40,1,0.0202418
2026-02-27 00:00:00+00:00,0.00117572,1.401,0.478069,-0.0529944,-0.012118,0.0396784,1.27025e-05,2.42529e-06,6.26253e-06,0.000340413,0.0008661,-0.00865342,0.00951952,40,0,0.0190326
2026-02-28 00:00:00+00:00,-0.00790156,1.38993,0.453617,-0.0526382,-0.0162624,0.0856176,2.90388e-05,4.51673e-06,1.18715e-05,-4.11315e-05,-0.00783052,0.00468341,-0.0125139,40,1,0.0186038
2026-03-01 00:00:00+00:00,0.000471048,1.39058,0.45578,-0.0382564,-0.00399013,0.0348637,1.11557e-05,1.39446e-06,4.98716e-06,6.17741e-05,0.000433494,-0.00314432,0.00357781,40,0,0.0155721
2026-03-02 00:00:00+00:00,0.0039547,1.39608,0.404387,-0.0260627,-0.00640354,0.218206,7.65257e-05,4.50332e-05,3.82625e-05,0.000242616,0.0038704,0.00962624,-0.00575584,37.9375,1,0.0134123
2026-03-03 00:00:00+00:00,-0.00733444,1.38584,0.379281,-0.0275641,-0.00553331,0.0878469,2.9449e-05,5.26278e-06,8.97302e-06,0.000107979,-0.00741862,-0.00999546,0.00257684,39.8333,2,0.012546
2026-03-04 00:00:00+00:00,-0.000157641,1.38563,0.37879,-0.0178756,-0.00715886,0.0695413,2.34753e-05,3.94139e-06,5.67248e-06,-0.000164667,4.47419e-05,0.00476679,-0.00472205,39.9167,1,0.0115202
2026-03-05 00:00:00+00:00,0.00398899,1.39115,0.384254,-0.00848773,-0.00493487,0.102571,3.28233e-05,7.82919e-06,9.14359e-06,-7.71884e-05,0.00411227,-0.0014014,0.00551367,40,0,0.0142652
2026-03-06 00:00:00+00:00,-0.000710312,1.39016,0.385968,-0.00862258,-0.00558548,0.0950871,3.34934e-05,3.70931e-05,3.12587e-05,-8.1327e-05,-0.000522473,-0.00596623,0.00544376,40,1,0.0164915
2026-03-07 00:00:00+00:00,-0.000165509,1.38993,0.393949,-0.0210764,-0.00828753,0.107793,3.44966e-05,6.6178e-06,1.23477e-05,-0.000317785,0.00020937,-0.00393938,0.00414875,40,0,0.0172968
2026-03-08 00:00:00+00:00,0.000308879,1.39036,0.39866,-0.0304625,-0.00978207,0.0471773,1.50979e-05,6.49994e-06,4.42464e-06,0.000101339,0.000235591,-0.0031394,0.00337499,40,0,0.0160784
2026-03-09 00:00:00+00:00,-0.00444793,1.38418,0.436062,-0.0032488,-0.00497502,0.231428,7.74175e-05,3.63649e-05,5.95492e-05,0.000284097,-0.00456374,0.00300954,-0.00757328,40,1,0.01534
2026-03-10 00:00:00+00:00,0.00203546,1.387,0.457356,-0.00525769,-0.00556142,0.0522743,1.6724e-05,9.24406e-06,7.21327e-06,0.000460914,0.00162421,0.00699594,-0.00537173,40,0,0.0159841
2026-03-11 00:00:00+00:00,0.00299441,1.39115,0.438089,-0.0125769,-0.00601496,0.0755871,2.41907e-05,1.23944e-05,7.76121e-06,0.000152004,0.00288927,0.00217445,0.000714823,39.9792,0,0.0171813
2026-03-12 00:00:00+00:00,-0.00139681,1.38921,0.454539,-0.0125044,-0.00222116,0.0772493,2.47215e-05,6.2366e-06,7.33846e-06,-0.000125228,-0.00122801,0.00336121,-0.00458922,40,0,0.0202249
2026-03-13 00:00:00+00:00,-0.00330449,1.38462,0.44629,-0.0199532,0.00325726,0.157391,5.85948e-05,2.59837e-05,1.98895e-05,-3.21929e-05,-0.00316377,0.00147594,-0.00463971,40,2,0.017538
2026-03-14 00:00:00+00:00,-0.000320326,1.38417,0.411746,-0.0282511,-0.00757386,0.0594659,1.90286e-05,4.48589e-06,8.77689e-06,-0.000161474,-0.00012118,0.00189602,-0.0020172,40,0,0.0159903
2026-03-15 00:00:00+00:00,-0.00330586,1.3796,0.407247,-0.0382026,-0.0151132,0.0810714,2.96106e-05,7.52893e-06,4.13549e-05,-0.000188922,-0.00303181,0.0024157,-0.0054475,40,1,0.0164771
2026-03-16 00:00:00+00:00,0.00161966,1.38183,0.401436,-0.00728645,0.00260339,0.203636,6.92125e-05,3.67737e-05,3.31377e-05,1.34868e-05,0.00175521,0.00706171,-0.0053065,39.7083,1,0.0169327
2026-03-17 00:00:00+00:00,0.00390821,1.38723,0.362789,-0.00456342,0.00927669,0.0303848,9.72806e-06,7.55434e-06,4.04747e-06,4.70158e-05,0.00388054,-0.00268611,0.00656665,40,0,0.0100998
2026-03-18 00:00:00+00:00,0.00444364,1.3934,0.335699,-0.0043264,0.00246479,0.0319537,1.02293e-05,3.72638e-06,4.42185e-06,-0.000191193,0.0046478,-0.004244,0.0088918,40,0,0.0114307
2026-03-19 00:00:00+00:00,-0.00525775,1.38607,0.304706,-0.0172353,-0.00483852,0.0325902,1.04257e-05,7.37275e-06,3.2289e-06,-0.000254895,-0.00499307,-0.00651705,0.00152399,40,0,0.0124422
2026-03-20 00:00:00+00:00,-0.00402099,1.3805,0.299885,-0.0321003,-0.0106668,0.025304,1.02843e-05,1.74141e-06,5.42492e-06,-5.85813e-05,-0.00395036,-0.000351704,-0.00359866,39.2083,3,0.0114414
2026-03-21 00:00:00+00:00,0.000369278,1.38101,0.298476,-0.0341918,-0.013866,0.0106886,3.42073e-06,4.27592e-07,9.18044e-07,8.17166e-05,0.000295051,-0.00242027,0.00271532,39,0,0.00914437
2026-03-22 00:00:00+00:00,0.00423291,1.38685,0.280226,-0.0305562,-0.0188823,0.0165798,6.72881e-06,1.13679e-06,3.21616e-06,0.000291089,0.00394694,0.00199278,0.00195416,38.3333,1,0.00539673
2026-03-23 00:00:00+00:00,-0.00196974,1.38412,0.259578,-0.0209405,-0.00570387,0.0215651,6.9013e-06,3.50235e-06,4.49607e-06,0.000181044,-0.00213607,0.0038784,-0.00601446,35.4792,0,0.00463871
2026-03-24 00:00:00+00:00,-0.00155839,1.38196,0.264197,-0.0222532,-0.00377881,0.00209012,6.68809e-07,5.95108e-07,3.98657e-07,9.11851e-05,-0.00164761,-0.00046052,-0.00118709,36,0,0.00470462
2026-03-25 00:00:00+00:00,0.00270174,1.3857,0.266181,-0.0174972,-0.00072844,0.00391123,1.54619e-06,2.54597e-07,8.07375e-07,0.000245388,0.00245637,0.00168883,0.000767547,35.7083,1,0.00481684
2026-03-26 00:00:00+00:00,0.00037644,1.38622,0.252414,-0.0180444,-0.00349534,0.00446049,1.42734e-06,4.49472e-07,3.86647e-07,5.16345e-05,0.000327734,-0.0065664,0.00689413,35,0,0.00605854
2026-03-27 00:00:00+00:00,-0.00162451,1.38397,0.238423,-0.0208418,-0.0094742,0.0293208,9.38224e-06,1.98167e-06,3.30475e-06,-0.000264286,-0.00134599,-0.00509892,0.00375293,35.3542,0,0.00852643
2026-03-28 00:00:00+00:00,0.0012556,1.3857,0.234862,-0.0174913,-0.00435089,0.01656,5.29953e-06,9.79173e-07,1.62355e-06,-0.000116322,0.00137997,3.27096e-05,0.00134726,36.625,0,0.00958455
2026-03-29 00:00:00+00:00,-0.000144368,1.3855,0.247508,-0.0166144,-0.00701194,0.029954,9.58518e-06,2.08565e-06,2.32554e-06,-0.000307089,0.000177362,-0.00161061,0.00178798,38.8542,0,0.0109722
2026-03-30 00:00:00+00:00,0.000441558,1.38612,0.235013,-0.0127539,0.00562829,0.0602976,1.92969e-05,1.11226e-05,9.71308e-06,-0.000235992,0.000718961,0.00211589,-0.00139693,37.9583,0,0.0106392
2026-03-31 00:00:00+00:00,-0.000957217,1.38479,0.238163,-0.0198999,-0.000840297,0.0170375,5.45174e-06,6.81468e-07,1.51309e-06,-6.14772e-05,-0.000886871,-0.0010049,0.000118031,38.3125,0,0.00907981
2026-04-01 00:00:00+00:00,0.00224572,1.3879,0.243637,-0.0178778,-0.00422354,0.0166544,5.36295e-06,6.77239e-07,1.92097e-06,-0.000217252,0.00247122,0.00297795,-0.000506735,38.6042,1,0.00684914
2026-04-02 00:00:00+00:00,0.00123505,1.38961,0.2379,-0.0154436,-0.0113279,0.0296901,9.88106e-06,3.28927e-06,3.4274e-06,-5.09926e-05,0.00130392,-0.00247156,0.00377548,39.3542,1,0.00972
2026-04-03 00:00:00+00:00,0.000938485,1.39092,0.249976,-0.0238133,-0.0148708,0.0135078,4.42919e-06,5.76012e-07,1.54847e-06,0.000148963,0.000797868,6.70437e-05,0.000730824,39.9375,1,0.0110255
2026-04-04 00:00:00+00:00,-0.00446859,1.3847,0.255733,-0.0271557,-0.0182728,0.0113519,3.6315e-06,4.53937e-07,6.69806e-07,-0.000294732,-0.00417676,0.000404041,-0.0045808,39.9167,0,0.0104216
2026-04-05 00:00:00+00:00,-0.00264395,1.38104,0.251834,-0.0303565,-0.0208277,0.00235068,7.51665e-07,9.39581e-08,2.65387e-08,-0.000258677,-0.00238534,-0.00189707,-0.00048827,40,0,0.00983363
2026-04-06 00:00:00+00:00,-0.00295844,1.37696,0.237321,-0.00442029,-0.00635579,0.0620132,2.12373e-05,1.14315e-05,2.0897e-05,3.53325e-05,-0.00294179,-0.00245192,-0.000489873,37.625,1,0.00860853
2026-04-07 00:00:00+00:00,-0.000985379,1.3756,0.229014,-0.00844351,-0.0106429,0.0156569,5.00966e-06,2.49737e-06,4.00555e-06,8.68453e-05,-0.00105911,0.0059132,-0.00697232,38,0,0.00657239
2026-04-08 00:00:00+00:00,0.00266989,1.37927,0.227324,-0.0039159,-0.00297647,0.0149299,4.7777e-06,1.54726e-06,2.0087e-06,0.00012159,0.00255392,-0.00202918,0.00458311,38,0,0.00685176
2026-04-09 00:00:00+00:00,-0.00263188,1.37564,0.222734,-0.00830361,-0.00470842,0.0168012,7.15191e-06,1.61142e-06,4.97276e-06,0.000114278,-0.00273297,-0.00125525,-0.00147772,37.5208,2,0.00753799
2026-04-10 00:00:00+00:00,-9.21749e-06,1.37563,0.221597,-0.00888143,-0.00208352,0.0178115,5.69968e-06,7.1246e-07,1.43553e-06,9.57878e-05,-9.61671e-05,0.000373477,-0.000469644,37.6458,0,0.00838527
2026-04-11 00:00:00+00:00,-0.000678291,1.3747,0.226518,-0.0127849,-0.00399225,0.0277562,1.04063e-05,6.73987e-06,1.08309e-05,9.2085e-05,-0.000741664,0.000877954,-0.00161962,39.1458,1,0.0107752
2026-04-12 00:00:00+00:00,0.000776719,1.37576,0.22595,-0.012179,0.00490945,0.00953295,3.05048e-06,1.18066e-06,4.86837e-07,0.000136411,0.00064592,-0.00358115,0.00422707,40,0,0.0104418
2026-04-13 00:00:00+00:00,0.0011817,1.37739,0.222488,-0.0242768,-6.23067e-05,0.0630427,2.01691e-05,1.08064e-05,1.41731e-05,0.000471782,0.00075944,0.00575476,-0.00499532,39.625,0,0.0119238
2026-04-14 00:00:00+00:00,-0.000814261,1.37627,0.231922,-0.034032,0.00303156,0.051595,1.78354e-05,4.08136e-06,1.31094e-05,0.00125071,-0.00202097,-0.00261716,0.000596188,39.3333,4,0.0136957
2026-04-15 00:00:00+00:00,-0.00114091,1.3747,0.226771,-0.0333691,0.00212633,0.03758,1.36164e-05,3.22272e-06,2.16614e-05,0.000551236,-0.00164829,0.000480072,-0.00212836,39,1,0.0139235
2026-04-16 00:00:00+00:00,-0.00645751,1.36582,0.224054,-0.0300342,-0.00545634,0.0452795,1.68383e-05,9.76518e-06,1.20735e-05,0.000144694,-0.00657436,0.00546553,-0.0120399,38.4583,2,0.012546
2026-04-17 00:00:00+00:00,0.00313415,1.3701,0.202979,-0.0223578,-0.00169169,0.0379463,1.34091e-05,3.15297e-06,3.21915e-06,8.4834e-05,0.00306737,-0.000642773,0.00371014,38.25,1,0.00871838
2026-04-18 00:00:00+00:00,7.86203e-05,1.37021,0.19567,-0.0363139,-0.0114759,0.0266415,8.60304e-06,4.86824e-06,3.67745e-06,-0.000165232,0.000264583,-0.0068167,0.00708129,39.2292,1,0.0102282
2026-04-19 00:00:00+00:00,0.00417914,1.37593,0.188168,-0.0364851,-0.0136155,0.0302497,9.88962e-06,3.07301e-06,7.61945e-06,-0.000257135,0.00445313,-0.000578675,0.0050318,39.5,1,0.0104716
2026-04-20 00:00:00+00:00,4.3868e-05,1.37599,0.191569,-0.024263,-0.00553551,0.0779495,2.49412e-05,1.20192e-05,1.65914e-05,-0.000132525,0.000232671,0.0022557,-0.00202303,38.1667,0,0.0121848
2026-04-21 00:00:00+00:00,0.00174841,1.3784,0.195704,-0.0245424,-0.00349708,0.0273554,8.75552e-06,1.09444e-06,4.65168e-06,-5.00997e-05,0.00181349,0.00211422,-0.000300724,40,0,0.0123579
2026-04-22 00:00:00+00:00,-0.000274352,1.37802,0.223421,-0.0164699,-0.00103156,0.0457599,1.46433e-05,3.07976e-06,5.12389e-06,-3.69893e-05,-0.000213107,-0.00156696,0.00135385,40,0,0.0144376
2026-04-23 00:00:00+00:00,-0.000303463,1.3776,0.23918,-0.0163507,-0.00874433,0.0260773,8.34447e-06,1.04306e-06,3.09668e-06,-1.5329e-05,-0.000272645,0.00209194,-0.00236458,40,0,0.0165361
2026-04-24 00:00:00+00:00,-0.00561603,1.36987,0.240724,-0.0166999,-0.0101711,0.0220142,7.03688e-06,5.7931e-06,5.31234e-06,-0.000103389,-0.00549793,-0.00191655,-0.00358137,40,0,0.0147707
2026-04-25 00:00:00+00:00,0.000216883,1.37016,0.230038,-0.00542727,-0.00629613,0.0242847,8.58146e-06,2.55505e-05,5.29932e-06,2.75812e-05,0.000232676,-0.000375492,0.000608168,39.0417,1,0.0106197
2026-04-26 00:00:00+00:00,0.000136643,1.37035,0.216404,-0.000858485,-0.00428001,0.0163678,5.23726e-06,9.95419e-07,3.57817e-06,6.35219e-05,8.48167e-05,-4.43551e-05,0.000129172,39.75,0,0.0100753
2026-04-27 00:00:00+00:00,0.000642608,1.37123,0.212145,0.0185957,0.0112493,0.0423764,1.37678e-05,5.96313e-06,7.89109e-06,4.84229e-05,0.000622935,-0.000689864,0.0013128,38.7708,1,0.0087208
2026-04-28 00:00:00+00:00,7.08661e-05,1.37133,0.203818,0.0152969,0.00447764,0.00696786,2.22985e-06,2.78731e-07,1.02101e-06,4.88524e-05,2.68868e-05,0.000697524,-0.000670637,38,0,0.00917975
2026-04-29 00:00:00+00:00,-0.00206125,1.3685,0.196955,0.0162628,0.00294102,0.0241075,8.81419e-06,1.72922e-06,1.35175e-06,-1.39464e-05,-0.00203561,-0.0015998,-0.000435803,37.3958,1,0.00903356
2026-04-30 00:00:00+00:00,0.00268575,1.37218,0.188645,0.0122611,0.00330677,0.00690976,2.21115e-06,3.55141e-07,7.36161e-07,3.32336e-05,0.00265356,0.000956485,0.00169707,37,0,0.00921681
2026-05-01 00:00:00+00:00,-0.00185541,1.36963,0.188037,0.00358273,0.00107308,0.0151951,4.86276e-06,1.30941e-06,2.2863e-06,1.01128e-06,-0.00184892,0.00114125,-0.00299016,38.7083,0,0.0103096
2026-05-02 00:00:00+00:00,0.000379395,1.37015,0.187212,-0.00417621,-0.00165648,0.0144429,5.10098e-06,7.37408e-07,2.30401e-06,2.30011e-05,0.000365476,0.00166521,-0.00129973,39,1,0.00858723
2026-05-03 00:00:00+00:00,0.00050158,1.37084,0.187176,-0.00964035,-0.00796108,0.0105953,3.3903e-06,3.64632e-06,9.91645e-07,4.65698e-06,0.000505801,-0.000300003,0.000805804,39,0,0.00805547
2026-05-04 00:00:00+00:00,0.00170062,1.37317,0.182506,-0.00939736,-0.00689854,0.0726303,2.32391e-05,1.16734e-05,8.55475e-06,4.2374e-05,0.00170224,-6.43493e-05,0.00176659,38.375,0,0.00977285
2026-05-05 00:00:00+00:00,0.00200905,1.37593,0.193092,-0.0153643,-0.00304225,0.0502821,2.14059e-05,5.51071e-06,5.59951e-06,3.64683e-05,0.0020053,0.00261998,-0.000614682,39.7708,2,0.0100246
2026-05-06 00:00:00+00:00,-3.65717e-05,1.37588,0.165541,0.00790762,0.0177428,0.0277642,1.04599e-05,4.02363e-06,4.36763e-06,3.27783e-05,-4.8515e-05,0.00216801,-0.00221653,37.1875,1,0.0111092
2026-05-07 00:00:00+00:00,-0.000496981,1.3752,0.160766,-0.00538569,0.00309568,0.0119305,3.81818e-06,1.56958e-06,1.54259e-06,5.73132e-05,-0.000546045,-0.000881465,0.00033542,38.3125,0,0.0116422
2026-05-08 00:00:00+00:00,-0.00243021,1.37185,0.15752,-0.0246003,-0.0124766,0.0326586,1.17106e-05,2.51997e-06,3.53725e-06,3.22231e-05,-0.00244663,0.00192588,-0.0043725,38.8333,1,0.0100285
2026-05-09 00:00:00+00:00,0.000128684,1.37203,0.15688,-0.0314622,-0.0137601,0.00637503,2.0401e-06,2.55013e-07,2.5916e-07,5.81635e-05,7.38826e-05,0.000931065,-0.000857182,38,0,0.00951003
2026-05-10 00:00:00+00:00,0.0011003,1.37354,0.156777,-0.0291515,-0.0100443,0.014316,5.66888e-06,9.35339e-07,1.79001e-06,3.96248e-05,0.00106979,0.00105131,1.84789e-05,36.9375,1,0.00830026
2026-05-11 00:00:00+00:00,-0.00114567,1.37197,0.150031,-0.00876425,0.000256115,0.0816793,2.61388e-05,1.60128e-05,1.60922e-05,2.79408e-05,-0.00111341,-0.00142679,0.000313375,34,0,0.0103731
2026-05-12 00:00:00+00:00,0.00197407,1.37467,0.149431,-0.00882983,0.000287294,0.0310538,1.03595e-05,5.67238e-06,4.23539e-06,3.86927e-05,0.00195458,-0.000126883,0.00208146,35,1,0.0104685
2026-05-13 00:00:00+00:00,0.00229838,1.37783,0.155387,-0.0100738,-0.00203139,0.00888921,2.84489e-06,3.41227e-06,1.21889e-06,1.89787e-05,0.00228594,-0.000270166,0.0025561,36,0,0.010714
2026-05-14 00:00:00+00:00,-0.00230275,1.37466,0.15733,-0.0142889,-0.00618097,0.00214494,6.86456e-07,8.5807e-08,5.27181e-09,3.70709e-05,-0.00233935,-0.000918846,-0.0014205,36,0,0.0107451
2026-05-15 00:00:00+00:00,6.3267e-05,1.37475,0.151421,-0.0142357,-0.00768026,0.0140321,4.49059e-06,5.61324e-07,1.70193e-06,2.10229e-05,5.11405e-05,-0.00257554,0.00262668,35.8333,0,0.0106351
2026-05-16 00:00:00+00:00,-0.00339387,1.37008,0.204049,-0.0181939,-0.009716,0.0700381,2.26026e-05,8.96664e-06,6.5088e-06,-0.000165558,-0.00319253,-0.00441829,0.00122576,36.0833,1,0.0132344
2026-05-17 00:00:00+00:00,0.00238712,1.37335,0.212299,-0.0187386,-0.00977206,0.0348434,1.3361e-05,4.41372e-06,3.64573e-06,-9.85222e-05,0.0025073,-0.00124953,0.00375683,36.1458,2,0.0129392
2026-05-18 00:00:00+00:00,0.00322725,1.37779,0.194252,-0.0235562,-0.00963529,0.0652654,2.08937e-05,1.06345e-05,6.44459e-06,-1.67883e-06,0.00326398,0.00336655,-0.000102578,33.3333,0,0.0131451
2026-05-19 00:00:00+00:00,-0.000852133,1.37661,0.194857,-0.0189635,-0.0111672,0.0324192,1.0373e-05,1.29663e-06,2.60662e-06,-3.46572e-06,-0.000832679,-0.00241001,0.00157733,35.5833,0,0.0115135
2026-05-20 00:00:00+00:00,0.00178957,1.37907,0.201328,-0.0136533,-0.00721435,0.020256,6.48249e-06,2.05524e-06,1.56741e-06,1.26101e-05,0.0017872,0.00309359,-0.00130639,36,0,0.00928899
2026-05-21 00:00:00+00:00,0.000301055,1.37949,0.204255,-0.0122106,-0.00350275,0.0235594,8.39349e-06,9.08812e-06,3.93543e-06,-3.58133e-06,0.000327206,5.88194e-05,0.000268387,35.7083,3,0.00898765
2026-05-22 00:00:00+00:00,-0.00152168,1.37739,0.202575,-0.00429611,0.0015207,0.023089,7.38849e-06,1.95124e-06,3.12372e-06,9.70913e-06,-0.00151799,-0.00455848,0.00304049,36.8542,0,0.00792736
2026-05-23 00:00:00+00:00,-0.00075445,1.37635,0.194899,-0.00503044,-0.00278234,0.00200036,6.40075e-07,5.61222e-07,3.69052e-07,3.53519e-05,-0.000787681,0.00204456,-0.00283224,37,0,0.00610314
2026-05-24 00:00:00+00:00,0.00165046,1.37862,0.194536,-0.00391537,-0.000839919,0.00368864,1.32511e-06,1.95748e-07,6.83478e-07,2.29806e-05,0.00162907,-0.000379155,0.00200823,36.8958,1,0.00471985
2026-05-25 00:00:00+00:00,-3.53047e-05,1.37857,0.163417,-0.00371869,0.00184408,0.0598317,2.01309e-05,8.53749e-06,1.30236e-05,1.69736e-05,-9.86965e-06,0.0010611,-0.00107097,31.2083,2,0.0047569
2026-05-26 00:00:00+00:00,0.000499253,1.37926,0.154139,-0.00637411,-0.00177068,0,0,0,0,1.05483e-05,0.000489029,-0.00208125,0.00257028,31,0,0.00463957
2026-05-27 00:00:00+00:00,0.000673527,1.38019,0.147771,-0.0019878,-0.000471052,0.00549357,2.74656e-06,6.67468e-06,1.26078e-06,3.17428e-06,0.000681323,-0.00115637,0.00183769,30.2292,1,0.00321132
2026-05-28 00:00:00+00:00,-0.000217209,1.37989,0.136912,-0.00319394,-0.00490444,0.0108914,5.06328e-06,9.61955e-07,1.03574e-06,1.38867e-05,-0.000223228,-0.00204109,0.00181786,30.3125,1,0.00203342
2026-05-29 00:00:00+00:00,-7.42795e-05,1.37979,0.13314,-0.00704903,-0.00514316,0,0,0,0,1.40003e-05,-8.77428e-05,0.000328801,-0.000416543,30,0,0.00366059
2026-05-30 00:00:00+00:00,0.00244256,1.38316,0.135515,-0.00590033,-0.00306128,0.00677693,2.16865e-06,2.71081e-07,7.90068e-07,1.6697e-05,0.00242672,0.00227681,0.000149908,30.2083,0,0.0042387
2026-05-31 00:00:00+00:00,0.00253676,1.38667,0.148651,-0.00735918,-0.00475497,0.0359679,1.15104e-05,1.4388e-06,2.4687e-06,9.47383e-05,0.00245498,0.00195725,0.000497731,32.75,0,0.0071539
2026-06-01 00:00:00+00:00,-0.00246986,1.38324,0.169794,0.00259617,0.00770021,0.126574,4.45936e-05,1.55995e-05,1.91306e-05,0.000197732,-0.00258733,-0.00079404,-0.00179329,32.8958,2,0.00894935
2026-06-02 00:00:00+00:00,-0.000513733,1.38253,0.171567,-0.0106883,0.000586894,0.0934734,3.83861e-05,8.96889e-06,6.49851e-06,0.000247022,-0.000702958,-0.00481003,0.00410707,32.8125,6,0.00576741
2026-06-03 00:00:00+00:00,0.000276167,1.38291,0.15336,-0.012951,-0.00306278,0.0193121,6.68551e-06,1.22243e-06,1.46495e-06,0.000292961,-4.9126e-06,0.000902077,-0.00090699,31.125,1,0.00489756
2026-06-04 00:00:00+00:00,0.00306031,1.38715,0.121785,-0.00651446,-0.00496687,0.0339063,1.2879e-05,3.30959e-06,3.29335e-06,0.000379521,0.00269788,-0.00239762,0.0050955,29.9583,2,0.00548184
2026-06-05 00:00:00+00:00,0.00239452,1.39047,0.100694,-0.00526762,-0.00940851,0.0116759,4.28337e-06,6.49295e-07,1.1843e-06,2.90582e-05,0.00237024,-0.00166426,0.00403449,28.2917,2,0.00563806
2026-06-06 00:00:00+00:00,0.000409652,1.39104,0.0994841,0.000422108,-0.00457064,0.00710401,2.43024e-06,3.36517e-07,9.62717e-07,0.000118187,0.000295886,0.00189545,-0.00159957,28.3958,1,0.00530534
2026-06-07 00:00:00+00:00,0.00408731,1.39672,0.10496,0.00358034,-0.000530719,0.00752678,2.40821e-06,3.02981e-06,2.27279e-06,0.00012603,0.00396177,0.00475182,-0.000790049,28.9583,0,0.003804
2026-06-08 00:00:00+00:00,4.74641e-05,1.39679,0.0711301,-0.00190929,0.000959562,0.0576853,1.90636e-05,6.27124e-06,7.90981e-06,-2.16798e-05,0.000103371,0.000845891,-0.00074252,25.8958,1,0.00345065
2026-06-09 00:00:00+00:00,0.00154219,1.39894,0.0717236,0.00223829,0.00325932,0.0020267,6.48727e-07,8.10909e-08,2.64725e-08,3.88719e-05,0.00150381,0.000163469,0.00134034,27,0,0.00247034
2026-06-10 00:00:00+00:00,-0.000783258,1.39785,0.0667623,4.32075e-05,0.00218457,0.00814116,2.85343e-06,9.26365e-06,1.50522e-06,7.02627e-05,-0.000839558,-0.0017627,0.000923141,26,2,0.0028016
2026-06-11 00:00:00+00:00,0.000550544,1.39862,0.0632994,-0.000899239,0.0022904,0,0,0,0,-3.50571e-05,0.000586017,0.00228089,-0.00169488,25,0,0.00438782
2026-06-12 00:00:00+00:00,-0.000589611,1.39779,0.0650154,-0.000524125,0.00411485,0.00437812,1.43154e-06,1.8523e-07,3.69804e-07,-1.52593e-05,-0.000571727,-0.000806044,0.000234317,24.6875,1,0.00503065
2026-06-13 00:00:00+00:00,0.000115215,1.39795,0.0654337,-0.00232764,0.00310142,0.00203796,6.52114e-07,8.15142e-08,1.35509e-07,-5.8587e-06,0.000122542,0.00099602,-0.000873478,24.375,0,0.00437653
2026-06-14 00:00:00+00:00,-0.000477099,1.39729,0.0662802,-0.00461553,0.00115298,0,0,0,0,-1.1091e-05,-0.000465822,1.72779e-05,-0.0004831,25,0,0.00433923
2026-06-15 00:00:00+00:00,-0.00106736,1.3958,0.0614532,0.00205915,0.00664343,0.00702012,2.24635e-06,2.80794e-07,2.16306e-06,1.37422e-05,-0.00107668,-0.000272989,-0.000803689,23,0,0.00120426
2026-06-16 00:00:00+00:00,-0.000851797,1.39461,0.0587654,0.00426504,0.00825317,0.00561048,2.80494e-06,2.08312e-05,1.46887e-06,3.44643e-08,-0.000826794,0.00019945,-0.00102624,21.8125,2,0
2026-06-17 00:00:00+00:00,-0.00102154,1.39318,0.0569263,0.0058248,0.0099785,0,0,0,0,9.15508e-06,-0.00103078,-0.000721279,-0.000309505,21,0,0
2026-06-18 00:00:00+00:00,0.000642686,1.39408,0.0555295,0.00556968,0.00833706,0,0,0,0,1.21779e-05,0.00063042,-0.000229244,0.000859664,21,0,0
2026-06-19 00:00:00+00:00,-0.000275345,1.39369,0.0543321,0.00576206,0.00827521,0,0,0,0,1.43231e-05,-0.00028954,-0.000718299,0.000428759,21,0,0
2026-06-20 00:00:00+00:00,-4.96049e-05,1.39362,0.0544747,0.00548644,0.00811939,0,0,0,0,1.39021e-05,-6.3379e-05,0.000321743,-0.000385122,21,0,0
2026-06-21 00:00:00+00:00,0.000161728,1.39385,0.0552463,0.00549599,0.00830202,0,0,0,0,2.22552e-05,0.000139544,-9.46289e-05,0.000234173,21,0,5.56976e-05
2026-06-22 00:00:00+00:00,-3.27695e-05,1.3938,0.0548323,0.0052936,0.00939363,0.000641242,2.05257e-07,1.83502e-07,4.55944e-08,4.64748e-05,-7.8629e-05,0.000165893,-0.000244522,19,0,0.000591678
2026-06-23 00:00:00+00:00,-8.8462e-05,1.39368,0.0528542,0.0049193,0.00867831,0,0,0,0,5.10755e-05,-0.000139362,-0.000969569,0.000830207,19,0,2.63878e-06
2026-06-24 00:00:00+00:00,-0.000367233,1.39317,0.0517326,0.00471419,0.0093657,0,0,0,0,0.000118165,-0.000485149,-0.000956747,0.000471598,19,0,0.000317823
2026-06-25 00:00:00+00:00,9.15611e-05,1.3933,0.0510144,0.00245747,0.00940075,0.00459835,1.86077e-06,3.13764e-07,4.37139e-07,8.24331e-05,1.22675e-05,-0.000286392,0.000298659,18.9792,1,0.002012
2026-06-26 00:00:00+00:00,0.00104873,1.39476,0.0510823,0.000367804,0.00916593,0,0,0,0,0.000140273,0.000908112,0.00083165,7.64627e-05,19,0,0.00091844
2026-06-27 00:00:00+00:00,-0.000313697,1.39432,0.0511417,0.000475786,0.00975008,0,0,0,0,0.000229625,-0.000543203,-0.000836211,0.000293008,19,0,4.91471e-05
2026-06-28 00:00:00+00:00,0.000243585,1.39466,0.048755,-0.00153071,0.00868571,0.00202009,6.46433e-07,8.08041e-08,2.33629e-07,3.45922e-06,0.000241155,0.000187445,5.37106e-05,18.0417,0,0
2026-06-29 00:00:00+00:00,0.000129516,1.39484,0.0480422,-0.00260729,0.00745707,0.00105625,3.37955e-07,7.62451e-07,1.1618e-07,-1.888e-06,0.000132755,0.000449407,-0.000316651,17,0,0
2026-06-30 00:00:00+00:00,0.000169866,1.39508,0.0475358,-0.00234099,0.00773692,0,0,0,0,-3.7372e-06,0.000173657,-0.000308141,0.000481798,17,0,0
2026-07-01 00:00:00+00:00,0.00037458,1.3956,0.0478153,-0.00203855,0.0084199,0,0,0,0,-1.29303e-06,0.000375943,0.000371894,4.04932e-06,17,0,0
2026-07-02 00:00:00+00:00,0.000218251,1.3959,0.0476505,-0.000443176,0.00856916,0.00235516,7.53773e-07,9.42217e-08,2.51957e-08,1.94245e-06,0.000217247,0.000997186,-0.000779939,17,0,0
2026-07-03 00:00:00+00:00,-8.89881e-05,1.39578,0.0478336,0.000678862,0.00843266,0,0,0,0,5.39913e-07,-8.94923e-05,0.000487189,-0.000576682,17,0,0
2026-07-04 00:00:00+00:00,0.000120192,1.39595,0.0483313,0.000766448,0.0076718,0,0,0,0,-7.63886e-07,0.000120983,6.22999e-05,5.86835e-05,17,0,0
2026-07-05 00:00:00+00:00,-9.9723e-05,1.39581,0.047933,0.000583536,0.00720952,0,0,0,0,-2.80611e-06,-9.68591e-05,-8.42333e-05,-1.26258e-05,17,0,0
2026-07-06 00:00:00+00:00,-3.83801e-05,1.39576,0.0431785,0.00230215,0.00659488,0.00459536,1.47046e-06,1.83808e-07,4.29223e-07,-3.16904e-07,-3.59402e-05,-0.000116501,8.0561e-05,15,0,0
2026-07-07 00:00:00+00:00,-0.000244688,1.39541,0.0429629,0.00222205,0.00558193,0,0,0,0,1.76783e-06,-0.000246454,-0.000625114,0.00037866,15,0,0
2026-07-08 00:00:00+00:00,-0.000502065,1.39471,0.0417596,0.00162774,0.00402132,0,0,0,0,2.94229e-06,-0.00050508,-0.000546759,4.16784e-05,15,0,0
2026-07-09 00:00:00+00:00,1.21287e-05,1.39473,0.04192,0.0015876,0.0038403,0,0,0,0,2.42452e-07,1.19142e-05,1.62841e-05,-4.36984e-06,15,0,0
2026-07-10 00:00:00+00:00,0.00012077,1.3949,0.0426879,0.00171247,0.00390917,0,0,0,0,-9.32751e-07,0.000121731,0.000554187,-0.000432455,15,0,0
2026-07-11 00:00:00+00:00,-0.000125681,1.39472,0.0430105,0.00178657,0.00428634,0,0,0,0,2.15365e-06,-0.000127806,-0.000385947,0.00025814,15,0,0
2026-07-12 00:00:00+00:00,0.000105375,1.39487,0.0426085,0.00162763,0.00353828,0,0,0,0,1.59804e-06,0.000103811,0.000141823,-3.80121e-05,15,0,0
2026-07-13 00:00:00+00:00,-0.000410646,1.3943,0.0403509,0.00325304,0.00481245,0.00170737,5.46373e-07,7.67282e-07,3.4611e-07,2.19943e-06,-0.000411227,-0.000470825,5.95975e-05,14,0,0.00022514
2026-07-14 00:00:00+00:00,-2.83147e-05,1.39426,0.0409497,0.00296054,0.00448846,0,0,0,0,-3.07868e-06,-2.52055e-05,0.000703221,-0.000728427,14,0,0.00240906
2026-07-15 00:00:00+00:00,9.90795e-05,1.3944,0.0419558,0.00287949,0.0040425,0.00207956,6.65472e-07,8.3184e-08,4.83518e-07,4.26124e-07,9.99182e-05,0.000179742,-7.98239e-05,14.0833,0,0.00267736
2026-07-16 00:00:00+00:00,0.000413911,1.39497,0.0459042,-0.00127384,-0.00150685,0.00465452,1.48948e-06,4.20122e-07,1.96614e-06,1.32703e-05,0.000404938,-0.000389012,0.00079395,16.0417,0,0.00484652
2026-07-17 00:00:00+00:00,-0.000984848,1.3936,0.0473093,-0.00339993,-0.0069495,0,0,0,0,6.63695e-06,-0.000991564,-0.000139214,-0.00085235,17,0,0.00353758
2026-07-18 00:00:00+00:00,-0.000314458,1.39316,0.0471991,-0.00362444,-0.00833828,0.00210608,6.73695e-07,3.18066e-06,1.32663e-06,6.39567e-06,-0.000315181,-0.000189468,-0.000125712,17,0,0.00369891
2026-07-19 00:00:00+00:00,-0.000312637,1.39273,0.0450817,-0.00164785,-0.000554526,0.00121091,6.05367e-07,1.21073e-07,5.69322e-07,6.6735e-06,-0.000318014,-0.000143386,-0.000174629,16.0417,1,0.0038594
2026-07-20 00:00:00+00:00,0.00023059,1.39305,0.0426294,0.00117618,0.00246781,0.0153663,4.91733e-06,1.52085e-06,1.72546e-06,-2.8793e-08,0.000238812,0.000403633,-0.000164821,15.0625,0,0.00452497
2026-07-21 00:00:00+00:00,-0.000658035,1.39213,0.0467649,0.00203561,0.00117319,0.0118732,4.8119e-06,8.12393e-07,2.5567e-06,-4.05055e-06,-0.000645851,0.000468815,-0.00111467,17.375,1,0.00682933
2026-07-22 00:00:00+00:00,-0.000530348,1.39139,0.0474324,0.00181006,-0.00245205,0.00902376,3.43874e-06,5.44686e-07,1.67665e-06,3.0822e-06,-0.000527532,2.832e-05,-0.000555852,17,1,0.00689708
2026-07-23 00:00:00+00:00,0.0012323,1.39311,0.0513792,-0.00188798,-0.00399523,0.0067862,2.17189e-06,2.71486e-07,3.12953e-07,5.72074e-06,0.00122903,0.000538164,0.000690867,17.3333,0,0.00784617
2026-07-24 00:00:00+00:00,-0.00103227,1.39167,0.0565257,-0.00787902,-0.00436244,0.00221218,7.07857e-07,8.84821e-08,6.9814e-07,4.95174e-05,-0.00108029,-0.000291231,-0.000789056,18,0,0.00716905
2026-07-25 00:00:00+00:00,0.00109498,1.39319,0.0567502,-0.00837792,-0.00470023,0,0,0,0,4.35359e-06,0.00109044,0.000509356,0.00058108,18,0,0.00627805
2026-07-26 00:00:00+00:00,0.000297125,1.39361,0.0578566,-0.00675412,-0.000703405,0.00202257,6.47154e-07,8.08943e-08,2.10562e-07,-4.42933e-05,0.000342638,0.00071295,-0.000370311,18.4792,0,0.0080198
2026-07-27 00:00:00+00:00,0.00193364,1.3963,0.0777182,-0.00738973,0.0147587,0.0351372,1.15486e-05,9.33409e-06,4.25873e-06,-3.51916e-05,0.00199707,-0.000322763,0.00231983,22.9792,1,0.00937559
2026-07-28 00:00:00+00:00,-0.00165759,1.39399,0.0877386,-0.0175677,0.0137249,0.00404252,1.29346e-06,1.61682e-07,1.76566e-06,-4.15618e-05,-0.00161217,-0.000231897,-0.00138027,24.625,0,0.0090456
2026-07-29 00:00:00+00:00,-1.56697e-05,1.39396,0.0887028,-0.0179517,0.00966753,0.0123902,4.14646e-06,5.56228e-07,1.34413e-06,-3.3024e-05,2.46634e-05,-0.000602418,0.000627082,24.8333,1,0.00968048
2026-07-30 00:00:00+00:00,-0.00116352,1.39234,0.0974983,-0.0199344,0.00594685,0.0189287,6.25283e-06,8.2234e-07,3.08118e-06,6.70966e-05,-0.0012199,-0.00158973,0.000369827,25.9167,1,0.0102962
2026-07-31 00:00:00+00:00,0.000186412,1.3926,0.103968,-0.0217593,0.000424457,0.00868071,2.77791e-06,3.47239e-07,1.56168e-06,2.8697e-05,0.000163554,-0.00105257,0.00121612,28.5,0,0.0100378
2026-08-01 00:00:00+00:00,0.00251991,1.39611,0.11091,-0.0218285,-0.00168839,0.0174106,5.57182e-06,6.96477e-07,9.71602e-07,-5.23122e-06,0.00253066,0.000898062,0.0016326,31.6042,0,0.00969302
2026-08-02 00:00:00+00:00,-0.000389243,1.39557,0.121335,-0.0235281,0.0019546,0.0189152,6.32739e-06,3.96259e-06,1.30955e-06,-5.70709e-05,-0.000319525,0.000133797,-0.000453322,32.3542,1,0.0105992
2026-08-03 00:00:00+00:00,-0.000802,1.39445,0.122716,-0.0206431,0.00944775,0.0438203,1.40234e-05,1.09753e-05,1.04614e-05,-0.0001381,-0.000627503,-0.000626915,-5.87611e-07,32.75,0,0.00944597
2026-08-04 00:00:00+00:00,-0.00140091,1.3925,0.121572,-0.0219592,0.00113831,0.0158224,6.96441e-06,2.47914e-06,9.03761e-07,-2.91137e-05,-0.00136162,0.000171426,-0.00153305,32.7917,1,0.00565417
2026-08-05 00:00:00+00:00,-0.00132668,1.39065,0.111872,-0.0189025,-0.00738141,0,0,0,0,-1.62434e-05,-0.00131001,-0.000485095,-0.000824914,32,0,0.00419742
2026-08-06 00:00:00+00:00,-0.0011715,1.38902,0.107504,-0.0214583,-0.00970021,0.00613815,2.14708e-06,7.31061e-06,2.09715e-06,7.25776e-06,-0.00116697,-0.000419065,-0.000747902,31.3542,1,0.00600394
2026-08-07 00:00:00+00:00,-0.000528621,1.38828,0.108485,-0.0227836,-0.0139965,0,0,0,0,-4.31533e-06,-0.000523561,-0.000492566,-3.09946e-05,31,0,0.00554158
2026-08-08 00:00:00+00:00,-0.000300257,1.38787,0.107169,-0.0218941,-0.0149504,0.00201597,6.451e-07,8.06375e-08,4.55454e-07,6.38631e-05,-0.0003627,5.72657e-05,-0.000419966,31,0,0.00440902
2026-08-09 00:00:00+00:00,0.000546406,1.38863,0.106234,-0.0211186,-0.0138344,0,0,0,0,8.68149e-05,0.000459732,-0.000263877,0.000723609,31,0,0.00440049
2026-08-10 00:00:00+00:00,-0.000236983,1.3883,0.0890082,-0.000515634,-0.00165355,0.0206762,6.61452e-06,8.50002e-06,4.01658e-06,8.38688e-05,-0.000301497,-0.000593491,0.000291993,27.8542,0,0.00536725
2026-08-11 00:00:00+00:00,0.00139981,1.39024,0.0868962,-0.000363958,-0.00291322,0.0044553,1.4255e-06,1.78187e-07,5.41612e-07,7.05219e-05,0.00133078,0.000486611,0.000844165,28,0,0.00561996
2026-08-12 00:00:00+00:00,-7.83721e-05,1.39013,0.0925158,0.00192702,0.00420403,0.0197114,6.51239e-06,5.4501e-06,2.64426e-06,2.91119e-05,-9.25338e-05,-0.00010089,8.35592e-06,30.2083,1,0.00790381
2026-08-13 00:00:00+00:00,0.00117503,1.39176,0.102922,-0.000747288,0.00547962,0.00220019,7.04038e-07,8.80047e-08,1.69072e-07,-3.28296e-06,0.00117915,0.000376078,0.000803074,32,0,0.00748392
2026-08-14 00:00:00+00:00,0.00162751,1.39403,0.0996104,-0.000679051,0.00561759,0.00405802,1.57789e-06,7.02998e-07,6.0835e-07,4.15522e-05,0.00158828,0.000721338,0.000866941,31.7708,1,0.0064521
2026-08-15 00:00:00+00:00,-0.00074121,1.393,0.0997531,-0.00127753,0.0113196,0.00444288,1.42189e-06,1.77736e-07,6.11179e-07,5.01492e-05,-0.000788961,-0.00120087,0.000411913,32.0625,0,0.00725396
2026-08-16 00:00:00+00:00,0.000734919,1.39402,0.10141,-0.00324819,0.00813524,0.00412082,1.31864e-06,1.6483e-07,5.38086e-07,4.5628e-05,0.000691438,-1.54838e-05,0.000706922,33,0,0.00814885
2026-08-17 00:00:00+00:00,-0.000240874,1.39368,0.102634,-0.0043718,0.0124995,0.031729,1.05924e-05,3.31692e-06,5.39087e-06,2.88841e-05,-0.000249921,0.00030949,-0.000559411,30.5208,1,0.00920425
2026-08-18 00:00:00+00:00,-0.00027749,1.3933,0.10451,-0.00732749,0.00796165,0.00218211,1.09075e-06,3.25502e-06,4.55917e-07,-1.04486e-05,-0.000261725,-0.000419859,0.000158134,30.5833,2,0.00786357
2026-08-19 00:00:00+00:00,-0.00181945,1.39076,0.101487,-0.00288918,0.00817947,0.0307109,1.31635e-05,2.34119e-06,2.78396e-06,-1.48774e-05,-0.00178628,0.00218741,-0.00397369,30.5833,2,0.00738763
2026-08-20 00:00:00+00:00,-0.000637524,1.38988,0.101523,0.00679167,0.00624614,0.0339672,1.35366e-05,2.41985e-06,6.73744e-06,7.71927e-06,-0.000621667,0.00186908,-0.00249075,31.9583,2,0.00859535
2026-08-21 00:00:00+00:00,9.42836e-05,1.39001,0.0972051,0.00755094,-0.00243012,0.0261515,9.52187e-06,4.26629e-06,3.7899e-06,-1.78774e-05,0.000130566,0.00443782,-0.00430726,31.6875,2,0.00889541
2026-08-22 00:00:00+00:00,0.000760358,1.39106,0.0975355,0.0061669,-0.00664684,0.0213156,7.89634e-06,1.37629e-06,1.91744e-06,-4.06771e-05,0.000813563,-0.00118283,0.0019964,30.7292,3,0.00836044
2026-08-23 00:00:00+00:00,-0.00047524,1.3904,0.10099,0.00195551,-0.00732681,0.0106326,3.40282e-06,4.25353e-07,7.66812e-07,1.53797e-05,-0.000485157,0.000213479,-0.000698636,32.0625,0,0.00869193
2026-08-24 00:00:00+00:00,0.000124426,1.39058,0.11034,0.00216636,-0.000831634,0.0117119,3.74825e-06,3.22392e-06,1.59107e-06,-1.13603e-05,0.000145626,-0.000663255,0.000808881,33.9167,0,0.00866924
2026-08-25 00:00:00+00:00,0.00173321,1.39299,0.113966,-0.00135606,-0.000629618,0.00426821,1.36604e-06,1.70754e-07,4.50534e-07,1.16712e-05,0.00172256,0.000171471,0.00155108,35,0,0.0060575
2026-08-26 00:00:00+00:00,-6.9353e-05,1.39289,0.111098,-0.00204491,-0.0019935,0.0051163,2.1838e-06,2.71608e-06,4.50999e-07,9.88517e-08,-6.35464e-05,0.00161075,-0.0016743,34.7708,1,0.00314734
2026-08-27 00:00:00+00:00,-0.000723686,1.39188,0.109757,-0.00131014,0.00158766,0.00387185,1.93562e-06,2.66335e-06,1.50512e-06,-5.06771e-06,-0.000711691,0.000449014,-0.00116071,33.9583,1,0.00133973
2026-08-28 00:00:00+00:00,-0.00139179,1.38994,0.0928933,-0.000657362,0.00140305,0.0176599,6.85862e-06,4.73055e-06,3.34914e-07,-5.26323e-05,-0.00132729,-0.000388106,-0.000939185,32.3542,1,0.00223726
2026-08-29 00:00:00+00:00,-0.000822774,1.3888,0.0885299,0.00163366,0.00342217,0.00752868,2.96537e-06,1.78474e-06,2.29895e-06,-4.24942e-05,-0.000773055,-0.000282351,-0.000490704,32.3958,1,0.00123854
2026-08-30 00:00:00+00:00,-7.58173e-05,1.3887,0.0863197,0.0032446,0.00316871,0,0,0,0,-4.93821e-05,-2.62965e-05,-0.00176306,0.00173676,32,0,0.000633914
2026-08-31 00:00:00+00:00,0.000464039,1.38934,0.0642127,0.010795,0.00871437,0.0215912,6.90953e-06,8.63691e-07,3.0185e-06,-1.7871e-05,0.000492713,0.000876886,-0.000384174,27,0,0.00280036
