,return,equity,gross,net,beta_exposure,turnover,fees,spread,impact,funding,gross_pnl,pnl_long,pnl_short,n_positions,stops,ic_est
2023-07-31 00:00:00+00:00,0,1,0,0,0,0,0,0,0,0,0,0,0,0,0,0
2023-08-01 00:00:00+00:00,0,1,0,0,0,0,0,0,0,0,0,0,0,0,0,1.63428e-05
2023-08-02 00:00:00+00:00,0,1,0,0,0,0,0,0,0,0,0,0,0,0,0,0
2023-08-03 00:00:00+00:00,0,1,0,0,0,0,0,0,0,0,0,0,0,0,0,0
2023-08-04 00:00:00+00:00,0,1,0,0,0,0,0,0,0,0,0,0,0,0,0,0
2023-08-05 00:00:00+00:00,0,1,0,0,0,0,0,0,0,0,0,0,0,0,0,0
2023-08-06 00:00:00+00:00,0,1,0,0,0,0,0,0,0,0,0,0,0,0,0,0
2023-08-07 00:00:00+00:00,0,1,0,0,0,0,0,0,0,0,0,0,0,0,0,0
2023-08-08 00:00:00+00:00,0,1,0,0,0,0,0,0,0,0,0,0,0,0,0,0
2023-08-09 00:00:00+00:00,0,1,0,0,0,0,0,0,0,0,0,0,0,0,0,0
2023-08-10 00:00:00+00:00,0,1,0,0,0,0,0,0,0,0,0,0,0,0,0,0
2023-08-11 00:00:00+00:00,0,1,0,0,0,0,0,0,0,0,0,0,0,0,0,0
2023-08-12 00:00:00+00:00,0,1,0,0,0,0,0,0,0,0,0,0,0,0,0,0
2023-08-13 00:00:00+00:00,0,1,0,0,0,0,0,0,0,0,0,0,0,0,0,0
2023-08-14 00:00:00+00:00,0,1,0,0,0,0,0,0,0,0,0,0,0,0,0,0
2023-08-15 00:00:00+00:00,0,1,0,0,0,0,0,0,0,0,0,0,0,0,0,0
2023-08-16 00:00:00+00:00,0,1,0,0,0,0,0,0,0,0,0,0,0,0,0,0
2023-08-17 00:00:00+00:00,0,1,0,0,0,0,0,0,0,0,0,0,0,0,0,0
2023-08-18 00:00:00+00:00,0,1,0,0,0,0,0,0,0,0,0,0,0,0,0,0
2023-08-19 00:00:00+00:00,0,1,0,0,0,0,0,0,0,0,0,0,0,0,0,0
2023-08-20 00:00:00+00:00,0,1,0,0,0,0,0,0,0,0,0,0,0,0,0,0
2023-08-21 00:00:00+00:00,0,1,0,0,0,0,0,0,0,0,0,0,0,0,0,0
2023-08-22 00:00:00+00:00,0,1,0,0,0,0,0,0,0,0,0,0,0,0,0,0
2023-08-23 00:00:00+00:00,0,1,0,0,0,0,0,0,0,0,0,0,0,0,0,0
2023-08-24 00:00:00+00:00,0,1,0,0,0,0,0,0,0,0,0,0,0,0,0,0
2023-08-25 00:00:00+00:00,0,1,0,0,0,0,0,0,0,0,0,0,0,0,0,0
2023-08-26 00:00:00+00:00,0,1,0,0,0,0,0,0,0,0,0,0,0,0,0,0
2023-08-27 00:00:00+00:00,0,1,0,0,0,0,0,0,0,0,0,0,0,0,0,0
2023-08-28 00:00:00+00:00,0,1,0,0,0,0,0,0,0,0,0,0,0,0,0,0
2023-08-29 00:00:00+00:00,0,1,0,0,0,0,0,0,0,0,0,0,0,0,0,0
2023-08-30 00:00:00+00:00,0,1,0,0,0,0,0,0,0,0,0,0,0,0,0,0
2023-08-31 00:00:00+00:00,0,1,0,0,0,0,0,0,0,0,0,0,0,0,0,0
2023-09-01 00:00:00+00:00,0,1,0,0,0,0,0,0,0,0,0,0,0,0,0,0.00152995
2023-09-02 00:00:00+00:00,-0.000145579,0.999854,0.00206525,-0.000306581,-0.000293651,0.00634246,2.02958e-06,2.53697e-07,2.29472e-07,-5.46346e-07,-0.000142528,-2.21817e-05,-0.000120346,0.75,0,0.00738451
2023-09-03 00:00:00+00:00,0.000115502,0.99997,0.00642513,-0.00215178,-0.00221797,0,0,0,0,-6.61908e-07,0.000116164,1.354e-05,0.000102624,2,0,0.00925057
2023-09-04 00:00:00+00:00,0.000462616,1.00043,0.0107134,0.000578808,5.26355e-05,0.00666057,2.13138e-06,3.13618e-07,3.614e-07,6.68999e-06,0.000458655,0.000451642,7.01371e-06,3.1875,0,0.00850849
2023-09-05 00:00:00+00:00,0.000162098,1.00059,0.0186205,-0.00106941,-0.00350493,0.00885467,2.83357e-06,7.71558e-07,2.59903e-07,2.28972e-05,0.000143111,0.000288241,-0.00014513,4.64583,0,0.0100673
2023-09-06 00:00:00+00:00,-6.05881e-05,1.00053,0.0226383,-0.000759655,-0.00363482,0.00203176,6.50192e-07,8.1274e-08,4.08707e-08,3.46468e-06,-6.32482e-05,-0.000135141,7.18927e-05,5.10417,0,0.00793255
2023-09-07 00:00:00+00:00,0.00182445,1.00236,0.032079,-0.00323896,-0.00593864,0.0116052,3.7136e-06,1.19665e-06,2.91986e-07,7.78918e-05,0.00175035,0.00198353,-0.000233189,6.83333,0,0.010648
2023-09-08 00:00:00+00:00,-1.16109e-05,1.00235,0.043793,0.00101811,0.00271598,0.0138744,4.43985e-06,5.54981e-07,5.82949e-07,0.000437659,-0.000443256,-0.000566164,0.000122907,7.45833,0,0.0115757
2023-09-09 00:00:00+00:00,0.000617572,1.00297,0.0599182,-0.00424072,0.00347492,0.0124101,3.97112e-06,4.96389e-07,5.45165e-07,0.000657992,-3.47818e-05,-0.000283234,0.000248452,8,0,0.0129243
2023-09-10 00:00:00+00:00,0.00488131,1.00786,0.0766862,0.00693867,-0.000570038,0.0334078,1.06958e-05,4.36008e-06,1.84596e-06,0.000868838,0.00401939,0.00154846,0.00247093,9.3125,0,0.0128157
2023-09-11 00:00:00+00:00,-7.34524e-05,1.00779,0.111282,0.0204169,0.0212638,0.073726,2.35832e-05,5.70117e-06,6.59942e-06,0.00052561,-0.000560938,-0.00308687,0.00245969,12.6458,0,0.0156156
2023-09-12 00:00:00+00:00,0.00462574,1.01245,0.147736,0.0159648,0.00959346,0.0366643,1.1734e-05,1.9732e-06,2.07523e-06,0.00129418,0.00333821,0.00399647,-0.000658267,15.8542,0,0.0139927
2023-09-13 00:00:00+00:00,0.00283001,1.01532,0.14727,0.010195,0.00203889,0.0248511,7.95452e-06,9.94315e-07,9.47696e-07,0.00156343,0.00127942,0.00250471,-0.00122529,16.3333,0,0.0134983
2023-09-14 00:00:00+00:00,0.00612029,1.02153,0.176301,0.0134463,0.00778091,0.0491937,1.57413e-05,4.5117e-06,2.01318e-06,0.00173107,0.00440065,0.00375694,0.000643707,17.4792,0,0.0176697
2023-09-15 00:00:00+00:00,0.00942939,1.03116,0.240825,0.00304095,0.00115009,0.0923718,2.95727e-05,8.91833e-06,3.80056e-06,0.00197779,0.00745775,0.0114334,-0.0039757,18,0,0.0231477
2023-09-16 00:00:00+00:00,0.00227823,1.03351,0.321163,-0.017832,-0.00487303,0.128502,4.11201e-05,1.34548e-05,5.9267e-06,0.00182157,0.000526502,-0.00203235,0.00255885,18,0,0.0278258
2023-09-17 00:00:00+00:00,-0.00993799,1.02324,0.437349,-0.0254884,-0.000209272,0.13281,4.24832e-05,1.56594e-05,5.6556e-06,0.0016784,-0.0115847,-0.0153636,0.00377891,18.5625,0,0.031648
2023-09-18 00:00:00+00:00,0.0018183,1.0251,0.543047,-0.0287382,0.0140809,0.146664,4.69219e-05,3.35833e-05,1.41912e-05,0.000722394,0.00121116,0.00613826,-0.00489792,19.0625,0,0.0326509
2023-09-19 00:00:00+00:00,0.00813674,1.03344,0.588576,-0.0121093,0.0112879,0.0832117,2.66396e-05,1.23113e-05,3.0306e-06,0.000478652,0.00767844,0.0159944,-0.00831599,20.5208,0,0.0329387
2023-09-20 00:00:00+00:00,0.0065121,1.04017,0.680684,0.0348708,0.0351521,0.168371,5.38865e-05,2.50327e-05,5.19095e-06,0.000402804,0.006184,0.00102345,0.00516055,21.5625,0,0.0349189
2023-09-21 00:00:00+00:00,-0.00748822,1.03238,0.871098,0.0835825,0.0487878,0.238019,7.61311e-05,1.91915e-05,9.28652e-06,0.000214812,-0.00760131,-0.0189026,0.0113013,23.4375,0,0.0362384
2023-09-22 00:00:00+00:00,-0.0194086,1.01235,1.00197,0.0613888,0.0339202,0.22356,7.15562e-05,3.80791e-05,1.1451e-05,0.00026093,-0.0196989,0.000595259,-0.0202942,25.375,1,0.0338197
2023-09-23 00:00:00+00:00,0.00368122,1.01607,1.01369,0.0377719,0.0272094,0.107636,3.44476e-05,4.78866e-06,6.89189e-06,0.000222251,0.00350506,-0.000953154,0.00445821,25.875,0,0.0279692
2023-09-24 00:00:00+00:00,0.000711371,1.01679,1.03117,0.0400727,0.0178374,0.168148,5.37928e-05,1.35325e-05,7.03292e-06,0.000153623,0.00064349,-0.00829184,0.00893533,26.9375,0,0.0277634
2023-09-25 00:00:00+00:00,0.0103479,1.02732,1.08425,0.0529616,0.0193954,0.195138,6.24813e-05,5.07106e-05,9.37235e-06,0.000201732,0.0102308,0.0178436,-0.00762977,27,0,0.0295803
2023-09-26 00:00:00+00:00,0.0109984,1.03862,1.13992,0.0661019,0.036152,0.174165,5.58299e-05,1.71107e-05,1.22492e-05,0.000305926,0.010748,0.00708411,0.00366393,27,0,0.0316675
2023-09-27 00:00:00+00:00,0.0107072,1.04974,1.13444,0.0621781,0.0479186,0.13158,4.21176e-05,1.49657e-05,6.89624e-06,0.000639415,0.0101069,0.0118083,-0.00170141,27,0,0.0324736
2023-09-28 00:00:00+00:00,-0.00837662,1.04094,1.09955,0.0460356,0.0595651,0.160874,5.14501e-05,4.05336e-05,7.36696e-06,0.000367679,-0.00865676,0.00761524,-0.016272,27.2292,0,0.0340017
2023-09-29 00:00:00+00:00,-0.0115549,1.02891,1.10176,0.0206461,0.0455498,0.346266,0.000110717,2.43635e-05,1.48787e-05,0.000151057,-0.0115831,0.00377506,-0.0153581,28.6458,0,0.0330965
2023-09-30 00:00:00+00:00,0.00470723,1.03376,0.939542,0.0208308,0.0214945,0.390132,0.000124828,2.72361e-05,1.26566e-05,0.000379233,0.00449869,0.00641859,-0.0019199,30,0,0.0304201
2023-10-01 00:00:00+00:00,-0.0244176,1.00852,0.999928,-0.0196914,0.00880306,0.42913,0.000146442,3.50129e-05,2.33535e-05,5.47622e-05,-0.0245156,0.0144052,-0.0389208,29.4167,1,0.0302675
2023-10-02 00:00:00+00:00,0.00276583,1.01131,1.13424,-0.0353487,-0.0129127,0.438925,0.000140546,1.90246e-05,5.56175e-05,7.90439e-05,0.00291053,-0.0183989,0.0211495,28.25,0,0.0271239
2023-10-03 00:00:00+00:00,-0.00301407,1.00826,1.17792,-0.0328541,-0.0198981,0.262984,8.41664e-05,1.5802e-05,1.04019e-05,-3.26942e-05,-0.0028639,-0.00912463,0.00626073,29,0,0.0254372
2023-10-04 00:00:00+00:00,-0.00620336,1.002,1.17092,-0.0308452,-0.00658763,0.256614,9.07108e-05,1.82097e-05,1.54234e-05,-3.14361e-05,-0.00605735,-0.00533582,-0.000721539,28.3542,1,0.0244375
2023-10-05 00:00:00+00:00,0.00386834,1.00588,1.16558,-0.0259714,-0.0124702,0.113884,3.64416e-05,5.99303e-06,4.3895e-06,-0.000111283,0.00402814,-0.00816447,0.0121926,28.6458,0,0.0227511
2023-10-06 00:00:00+00:00,-0.0060927,0.999751,1.24231,-0.0158447,-0.0233346,0.244202,7.81314e-05,9.77633e-06,6.17831e-06,-0.000152426,-0.00585626,0.0105619,-0.0164182,29,0,0.0254013
2023-10-07 00:00:00+00:00,0.000386533,1.00014,1.29097,-0.00540656,-0.0258293,0.0637544,2.04079e-05,2.55099e-06,1.85637e-06,-9.41396e-05,0.000514997,-0.00562498,0.00613998,29,0,0.0230176
2023-10-08 00:00:00+00:00,-0.00308765,0.997049,1.28638,-0.00786735,-0.0234562,0.0528752,1.69192e-05,2.52553e-06,1.12818e-06,-2.78402e-05,-0.00303658,-0.00614763,0.00311105,29,0,0.0214189
2023-10-09 00:00:00+00:00,0.00184601,0.99889,1.19961,0.0266523,-0.000530927,0.180405,5.77383e-05,1.10329e-05,1.15308e-05,2.44864e-05,0.0019081,-0.0226841,0.0246903,28.8958,0,0.0198887
2023-10-10 00:00:00+00:00,-0.00454749,0.994347,1.18417,0.0170629,-0.011909,0.0323848,1.03601e-05,1.69201e-06,1.3558e-06,0.000275284,-0.00481202,-0.00731915,0.00250713,29,0,0.0198821
2023-10-11 00:00:00+00:00,-0.00580151,0.988578,1.19187,0.0307854,0.00265316,0.0295063,9.4444e-06,1.18055e-06,1.02743e-06,8.88829e-05,-0.00588724,-0.0084411,0.00255386,29,0,0.0168955
2023-10-12 00:00:00+00:00,-0.00280978,0.985801,1.16807,0.0172495,0.00150236,0.0611835,1.95754e-05,3.82984e-06,1.48198e-06,1.79581e-05,-0.00280023,-0.00817224,0.00537201,29,0,0.0107998
2023-10-13 00:00:00+00:00,-0.000494463,0.985313,1.13123,0.00254353,-0.000705672,0.054294,1.7375e-05,2.17187e-06,1.77426e-06,3.02605e-05,-0.000499085,0.00451185,-0.00501094,29,0,0.00903388
2023-10-14 00:00:00+00:00,-0.00187415,0.983467,1.14666,-0.0178598,-0.0124938,0.0584541,1.86979e-05,2.33724e-06,1.4833e-06,8.06884e-05,-0.00192984,0.00208946,-0.0040193,29,0,0.00952231
2023-10-15 00:00:00+00:00,-0.00403212,0.979501,1.1551,-0.0285753,-0.0200054,0.026494,1.08831e-05,1.92423e-06,2.91146e-06,6.43467e-05,-0.0040822,0.000771012,-0.00485321,29,1,0.00379673
2023-10-16 00:00:00+00:00,-0.00275862,0.976799,0.974584,-0.0347716,-0.0395813,0.236458,7.5541e-05,4.95028e-05,3.28988e-05,2.88415e-05,-0.00262013,0.00982507,-0.0125068,27.2292,0,0.00269018
2023-10-17 00:00:00+00:00,0.0002152,0.977009,0.936915,-0.000694673,-0.0174549,0.093316,2.98811e-05,9.96057e-06,5.20255e-06,-8.24004e-06,0.000272785,-0.0105385,0.0108112,28,0,0.00390402
2023-10-18 00:00:00+00:00,-0.00213995,0.974919,0.886582,0.00973366,-0.00470675,0.0945519,3.02543e-05,1.10538e-05,3.45419e-06,4.76898e-06,-0.00209821,-0.00578567,0.00368746,28,0,0.00972421
2023-10-19 00:00:00+00:00,0.00591007,0.98068,0.889999,0.0193552,-0.000755406,0.0592148,1.89594e-05,5.43743e-06,2.375e-06,-2.05637e-05,0.00595167,0.0063836,-0.000431931,28,0,0.0140859
2023-10-20 00:00:00+00:00,0.0013758,0.98203,0.862754,0.0132837,-0.00963166,0.0882902,2.82651e-05,9.45147e-06,4.38013e-06,-3.05909e-05,0.00145276,0.0118607,-0.010408,28,0,0.0132125
2023-10-21 00:00:00+00:00,0.00342275,0.985391,0.840531,0.0166439,-0.0108183,0.0494515,1.58269e-05,9.01218e-06,2.56913e-06,-1.72705e-05,0.00346843,0.0152264,-0.0117579,28,0,0.0138891
2023-10-22 00:00:00+00:00,-0.00049254,0.984906,0.829067,0.0146212,-0.0207122,0.0734286,2.57784e-05,8.03186e-06,4.04553e-06,-1.70925e-05,-0.000431623,0.0087292,-0.00916083,28.3958,1,0.0119515
2023-10-23 00:00:00+00:00,0.0049821,0.989812,0.702516,0.0425084,0.0125179,0.21545,6.92571e-05,3.82813e-05,2.20713e-05,-5.26735e-05,0.00515983,0.023583,-0.0182335,26.8333,1,0.00974294
2023-10-24 00:00:00+00:00,-0.00193626,0.987896,0.583993,0.0360486,0.00714841,0.294109,0.000106308,2.1468e-05,1.78277e-05,0.000213521,-0.00199446,0.00346292,-0.00545738,28,2,0.0111288
2023-10-25 00:00:00+00:00,0.00322006,0.991077,0.543215,0.0211168,0.000223736,0.0704282,2.25328e-05,2.81659e-06,4.95666e-06,0.00108243,0.00217025,0.00897218,-0.00680193,28.6667,0,0.00767551
2023-10-26 00:00:00+00:00,0.00243673,0.993492,0.45784,0.0121893,0.000265084,0.0785418,2.67806e-05,3.6915e-06,5.58404e-06,0.000797786,0.00167863,0.0030848,-0.00140617,28.0625,1,0.00794268
2023-10-27 00:00:00+00:00,-0.00282501,0.990685,0.425232,0.00972852,-0.000526523,0.027123,8.67394e-06,1.57661e-06,1.4824e-06,0.000210882,-0.00302376,-0.00647819,0.00345443,28,0,0.00831091
2023-10-28 00:00:00+00:00,-0.00148117,0.989218,0.42348,0.010881,0.00447185,0.0114732,3.67079e-06,4.58849e-07,4.6862e-07,4.96518e-05,-0.00152438,0.00265729,-0.00418167,28,0,0.0057323
2023-10-29 00:00:00+00:00,-4.9453e-05,0.989169,0.405398,0.00612261,0.0032536,0.0243913,7.80296e-06,9.75371e-07,8.31197e-07,6.6718e-05,-0.000103643,0.00293855,-0.0030422,28,0,0.00449355
2023-10-30 00:00:00+00:00,0.0029073,0.992045,0.376265,0.0077134,0.00696287,0.0437767,1.40061e-05,1.75076e-06,2.90753e-06,0.000279163,0.00264584,0.00476809,-0.00219748,25.6458,0,0.00504699
2023-10-31 00:00:00+00:00,3.80596e-05,0.992083,0.347326,0.00695939,0.00466761,0.0454277,1.45491e-05,1.81863e-06,1.38432e-06,0.000229028,-0.000170658,-0.00136184,0.00119118,26,0,0.00412646
2023-11-01 00:00:00+00:00,0.000610271,0.992688,0.328408,0.00732223,0.00382846,0.0115231,3.6861e-06,4.72013e-07,2.23526e-07,3.27804e-05,0.000584376,0.00591615,-0.00533177,26,0,0.000982838
2023-11-02 00:00:00+00:00,0.00137857,0.994057,0.329078,0.0090413,0.00399826,0.0274327,8.78157e-06,2.53691e-06,1.13738e-06,5.00534e-05,0.00134381,-0.00289766,0.00424147,26,0,0.00324625
2023-11-03 00:00:00+00:00,-9.78833e-05,0.993959,0.294335,0.00187183,-0.0015124,0.0321199,1.02832e-05,3.14896e-06,1.31973e-06,7.91976e-06,-8.89571e-05,0.00288134,-0.00297029,26,0,0.0053586
2023-11-04 00:00:00+00:00,-0.00349188,0.990488,0.284491,0.00160062,-0.00228942,0.0300094,9.59814e-06,4.13339e-06,1.5103e-06,1.79213e-05,-0.00349867,0.00249361,-0.00599228,26,0,0.00574184
2023-11-05 00:00:00+00:00,0.00209874,0.992567,0.272426,0.00256209,0.00132491,0.0780946,3.14968e-05,8.49451e-06,7.27885e-06,1.39818e-05,0.0021312,0.0032186,-0.00108739,26,1,0.00723598
2023-11-06 00:00:00+00:00,0.00433877,0.996874,0.25164,0.0156833,0.00999941,0.0743238,2.37897e-05,4.07355e-06,3.29543e-06,3.87185e-05,0.00432404,0.00709029,-0.00275602,25.4583,0,0.010212
2023-11-07 00:00:00+00:00,-0.00277873,0.994104,0.266798,0.0112888,0.00475888,0.0289857,9.27306e-06,3.04647e-06,5.87997e-07,0.000149556,-0.00291797,-0.00360867,0.000690702,26.7083,0,0.0075421
2023-11-08 00:00:00+00:00,-0.00182823,0.992286,0.26178,0.0134388,0.00929307,0.0284367,1.10917e-05,2.67565e-06,2.49489e-06,0.00036424,-0.00217446,0.00428449,-0.00645895,26.2292,1,0.00292742
2023-11-09 00:00:00+00:00,-0.0010899,0.991205,0.236796,0.00415007,0.00456888,0.0512168,1.74504e-05,2.03456e-05,3.24159e-06,0.000307772,-0.00135229,-0.00144523,9.29469e-05,25.9792,1,0.000394151
2023-11-10 00:00:00+00:00,-0.00440317,0.98684,0.209498,0.000265251,0.0029548,0.0314399,1.11506e-05,2.04226e-06,2.90099e-06,-1.61659e-05,-0.00437828,0.00172068,-0.00609896,24.8958,1,0
2023-11-11 00:00:00+00:00,-0.00148295,0.985377,0.192027,-0.0012009,0.00644873,0.0231184,7.77287e-06,2.97972e-06,1.59174e-06,-3.71776e-06,-0.00146509,-0.000358791,-0.0011063,23.5417,1,0
2023-11-12 00:00:00+00:00,0.00409969,0.989417,0.183728,-0.00236255,0.00693841,0.00903003,2.89008e-06,3.6126e-07,3.10259e-07,-3.37612e-05,0.00413019,0.0035359,0.000594289,23,0,0
2023-11-13 00:00:00+00:00,-0.00111904,0.988309,0.104291,0.00854452,0.0137064,0.0960822,3.27942e-05,2.13769e-05,1.05549e-05,-1.27091e-05,-0.00104112,-0.00213615,0.00128973,20.4792,1,0
2023-11-14 00:00:00+00:00,7.9749e-05,0.988388,0.0831292,0.0047981,0.0101339,0.00224912,7.19848e-07,8.9981e-08,9.18765e-08,1.57436e-06,7.95332e-05,-0.000440168,0.000519702,20,0,0
2023-11-15 00:00:00+00:00,0.000987632,0.989364,0.0843341,0.00500526,0.0108416,0,0,0,0,-3.56844e-07,0.000987721,0.00301999,-0.00203227,20,0,0
2023-11-16 00:00:00+00:00,0.000837176,0.990193,0.0841076,0.00273612,0.00777925,0.0113718,3.63895e-06,1.4386e-06,4.19342e-07,-1.30332e-05,0.000855988,-0.00100483,0.00186082,21,0,0
2023-11-17 00:00:00+00:00,-0.000324854,0.989871,0.0795706,-0.00082321,0.00378683,0.00214007,6.84799e-07,5.61297e-07,1.02469e-07,-2.76296e-06,-0.000320538,-0.000405113,8.45749e-05,22,0,0
2023-11-18 00:00:00+00:00,0.000308587,0.990176,0.0766237,-0.00247698,0.00130983,0,0,0,0,-1.14031e-07,0.000308747,-0.000259802,0.000568549,22,0,0
2023-11-19 00:00:00+00:00,-0.000642142,0.989541,0.0773552,-0.00274735,0.00112895,0,0,0,0,-1.30476e-06,-0.000640951,0.000533761,-0.00117471,22,0,0
2023-11-20 00:00:00+00:00,-0.000450538,0.989095,0.0791466,-0.00323719,0.000336525,0.000193874,6.20428e-08,7.42848e-08,2.02846e-09,1.14111e-06,-0.000451514,-0.000727516,0.000275658,21,0,0
2023-11-21 00:00:00+00:00,0.000241173,0.989333,0.078142,-0.00327094,-0.000125214,0.00923221,2.95463e-06,3.69329e-07,3.75805e-07,1.41202e-06,0.00024365,-0.00273369,0.00297734,21.7708,0,0
2023-11-22 00:00:00+00:00,0.000130304,0.989462,0.0790678,-0.0023052,-0.000462184,0,0,0,0,-8.52217e-06,0.000138909,0.00259889,-0.00245999,23,0,0
2023-11-23 00:00:00+00:00,-0.000550643,0.988917,0.0802853,-0.00160283,0.000670354,0.00407123,1.30261e-06,1.62827e-07,1.55305e-07,-2.73743e-06,-0.000546259,7.12236e-05,-0.000617483,23,0,0
2023-11-24 00:00:00+00:00,-0.000215415,0.988704,0.0831565,-0.00298297,-0.00076217,0,0,0,0,1.41302e-06,-0.000216703,0.000708812,-0.000925515,23,0,0
2023-11-25 00:00:00+00:00,-0.000379619,0.988329,0.0791072,0.00238717,0.00514601,0.00626743,2.73803e-06,5.83145e-07,7.97484e-07,2.05621e-06,-0.000377495,0.000853627,-0.00123112,22.0625,1,0
2023-11-26 00:00:00+00:00,-0.000483836,0.987851,0.0784515,0.00231395,0.00503631,0,0,0,0,7.03787e-07,-0.000484592,-0.000852512,0.00036792,22,0,0
2023-11-27 00:00:00+00:00,-0.000178542,0.987675,0.0743334,0.00433453,0.0066996,0.00231576,7.41038e-07,9.25175e-07,9.72766e-08,-1.20465e-06,-0.000175496,-0.000839689,0.000664793,20,0,0
2023-11-28 00:00:00+00:00,0.00010852,0.987782,0.0741023,0.00428636,0.0065577,0,0,0,0,-1.10703e-06,0.000109683,0.000421692,-0.000312009,20,0,0
2023-11-29 00:00:00+00:00,-0.000245935,0.987539,0.0748595,0.00433164,0.00649792,0,0,0,0,-1.25661e-06,-0.00024464,-0.000463683,0.000219043,20,0,0
2023-11-30 00:00:00+00:00,0.000197371,0.987734,0.074273,0.00426695,0.00623407,0,0,0,0,5.58492e-07,0.000196836,0.000114261,8.25753e-05,20,0,0
2023-12-01 00:00:00+00:00,2.99449e-05,0.987763,0.0755715,0.00443647,0.00672117,0,0,0,0,-4.38e-07,3.0459e-05,0.000807858,-0.000777399,20,0,0
2023-12-02 00:00:00+00:00,0.00104697,0.988797,0.0773262,0.0047314,0.00762042,0,0,0,0,-2.46094e-06,0.00104907,0.00209314,-0.00104407,20,0,0
2023-12-03 00:00:00+00:00,-0.000628334,0.988176,0.078614,0.00495052,0.00788756,0,0,0,0,-3.64372e-06,-0.000624758,-0.00041847,-0.000206287,20,0,0
2023-12-04 00:00:00+00:00,-0.000224038,0.987955,0.0644418,0.0119785,0.0115992,0.0197274,6.31079e-06,1.35571e-06,9.21726e-07,-5.69324e-06,-0.000209296,0.000623456,-0.000808789,17,0,0.00154472
2023-12-05 00:00:00+00:00,-0.000219222,0.987738,0.0549549,0.0041604,0.00315685,0.00956473,3.06048e-06,4.17761e-07,2.39413e-07,-1.38932e-06,-0.000214,0.00039578,-0.00060978,17,0,0.00479946
2023-12-06 00:00:00+00:00,0.000428056,0.988161,0.0511725,0.00475179,0.00369123,0.00414444,1.32613e-06,1.65767e-07,1.90288e-07,-9.35173e-07,0.000430799,2.06848e-05,0.000410114,17,0,0.00687446
2023-12-07 00:00:00+00:00,0.000182059,0.988341,0.0494261,0.00480535,0.00497561,0.00712919,2.59862e-06,3.9085e-07,4.3265e-07,-5.7063e-06,0.000191463,0.00139316,-0.0012017,16.8958,1,0.00663929
2023-12-08 00:00:00+00:00,0.000506838,0.988842,0.0525786,0.00318071,0.00591496,0.0184007,6.83711e-06,2.88346e-06,9.85791e-07,5.9618e-06,0.000511731,0.00201587,-0.00150414,16,1,0.00694033
2023-12-09 00:00:00+00:00,0.000306931,0.989145,0.0510533,-0.000732865,0.00395188,0.00445974,1.42719e-06,1.78399e-07,1.96899e-07,7.27121e-06,0.00030177,0.00031723,-1.54605e-05,16,0,0.00540577
2023-12-10 00:00:00+00:00,0.000460654,0.989601,0.0490768,-0.00192077,0.00291487,0.00555322,1.77712e-06,2.22141e-07,3.15242e-07,1.04165e-05,0.000452529,0.000788836,-0.000336308,16,0,0.00568702
2023-12-11 00:00:00+00:00,-0.000415613,0.98919,0.0437103,-0.00226707,-0.00140541,0.0108284,3.90562e-06,5.79953e-07,6.07482e-07,8.91582e-07,-0.000411348,-0.00152153,0.00111018,16.8958,1,0.00569174
2023-12-12 00:00:00+00:00,0.000245917,0.989433,0.0436775,0.00175565,0.00283718,0,0,0,0,-1.72182e-06,0.000247821,0.00101666,-0.000768841,16,0,0.00561066
2023-12-13 00:00:00+00:00,0.000532538,0.98996,0.0398051,-0.00167979,-0.000871961,0.00433234,1.44937e-06,1.94308e-07,2.74768e-07,-2.41564e-06,0.000536857,0.000578375,-4.15179e-05,15.8542,1,0.0023316
2023-12-14 00:00:00+00:00,-0.000272142,0.98969,0.0406408,-0.00137291,-0.000417394,0,0,0,0,6.381e-06,-0.000278442,0.000123603,-0.000402045,15,0,0.00245885
2023-12-15 00:00:00+00:00,1.3307e-05,0.989704,0.0400486,-0.00154942,-0.000909972,0,0,0,0,8.37865e-06,4.99208e-06,-0.00136795,0.00137294,15,0,0.00326163
2023-12-16 00:00:00+00:00,-0.000124524,0.98958,0.0392672,-0.00127,-0.000450605,0.000879739,4.39817e-07,8.79634e-08,6.80558e-08,4.68358e-06,-0.000128566,0.000587863,-0.000716429,14.6875,1,0.005057
2023-12-17 00:00:00+00:00,-0.000269883,0.989313,0.0384024,-0.00083992,0.000343173,0,0,0,0,3.60872e-06,-0.00027348,-0.000777622,0.000504143,14,0,0.00370556
2023-12-18 00:00:00+00:00,0.000144247,0.989456,0.0368457,-0.00104172,0.000442894,0,0,0,0,2.5499e-06,0.000141733,2.34881e-05,0.000118245,14,0,0.00358533
2023-12-19 00:00:00+00:00,-0.000359405,0.9891,0.0390782,-0.00266902,-0.00121565,0.00208247,6.6638e-07,8.32975e-08,9.03403e-08,1.85571e-06,-0.000360445,-0.000621331,0.000260886,14.7917,0,0.00514943
2023-12-20 00:00:00+00:00,-0.000607618,0.988499,0.0399493,-0.00347312,-0.00213069,0.00207456,6.63866e-07,8.29832e-08,9.78686e-08,4.58169e-06,-0.000611461,0.000356366,-0.000967827,15.0625,0,0.0055199
2023-12-21 00:00:00+00:00,0.000315807,0.988812,0.0419163,-0.000718739,0.000875331,0.00357241,1.14323e-06,1.42904e-07,6.32894e-08,9.29372e-07,0.000316277,0.000854356,-0.000538079,16,0,0.00676019
2023-12-22 00:00:00+00:00,0.000714897,0.989518,0.0377751,-0.0018568,0.000641951,0.00553145,1.77012e-06,2.21266e-07,1.93123e-07,2.36885e-06,0.000714619,0.00136344,-0.000648824,16,0,0.00400894
2023-12-23 00:00:00+00:00,-0.000362972,0.989159,0.0367733,-0.00297463,-0.00030879,0,0,0,0,-2.38931e-06,-0.000360599,-0.000369693,9.09418e-06,16,0,0.00278992
2023-12-24 00:00:00+00:00,2.03886e-05,0.989179,0.037236,-0.00319661,-0.00066646,0,0,0,0,2.57755e-06,1.78572e-05,-0.000465833,0.00048369,16,0,0.00599502
2023-12-25 00:00:00+00:00,-3.92448e-05,0.989141,0.0300419,0.00385699,0.00397587,0.00690475,2.20957e-06,7.56033e-07,2.80683e-07,-3.1575e-06,-3.27962e-05,0.00057155,-0.000625483,15,0,0.00587881
2023-12-26 00:00:00+00:00,9.11903e-05,0.989231,0.032484,0.00363597,0.00360723,0.0159649,5.10859e-06,1.59726e-06,2.92006e-07,8.37086e-07,9.7412e-05,-0.00033732,0.000434732,15.2708,0,0.00615738
2023-12-27 00:00:00+00:00,0.000278964,0.989507,0.0501699,0.00388998,0.00499778,0.0189571,6.25099e-06,1.83254e-06,7.77352e-07,-1.25024e-05,0.000300552,0.000773401,-0.00047285,16.625,1,0.00834851
2023-12-28 00:00:00+00:00,0.00210061,0.991585,0.076771,-0.00180147,-0.00381811,0.0412694,1.32071e-05,5.15767e-06,1.40981e-06,8.81012e-05,0.00203064,-6.09681e-05,0.0020916,17.6875,0,0.0110209
2023-12-29 00:00:00+00:00,0.0024225,0.993987,0.123807,0.00610465,-0.00267006,0.0558731,1.78778e-05,1.38194e-05,1.48188e-06,0.000501723,0.0019522,0.00123082,0.000721374,19.25,0,0.0139784
2023-12-30 00:00:00+00:00,0.0020803,0.996055,0.162456,0.00986374,-0.00565307,0.030061,9.62056e-06,1.24856e-05,9.83412e-07,0.00106772,0.00103523,0.000547838,0.000487393,20.5208,0,0.0173249
2023-12-31 00:00:00+00:00,0.0103073,1.00632,0.192025,0.00853863,-0.00339056,0.0684031,2.18978e-05,1.29911e-05,5.16072e-06,0.00253301,0.00784927,0.00609287,0.0017564,22.9375,0,0.0205287
2024-01-01 00:00:00+00:00,0.000117379,1.00644,0.259946,0.0080089,0.00636503,0.121592,3.89042e-05,2.43581e-05,1.22273e-05,0.000168941,3.48922e-05,0.00713542,-0.00710003,25.75,0,0.0198591
2024-01-02 00:00:00+00:00,-0.00030026,1.00614,0.276698,0.0290831,0.0087036,0.0327319,1.04759e-05,2.72474e-06,1.54294e-06,2.0752e-05,-0.000301374,-0.00362385,0.00332247,26,0,0.0169822
2024-01-03 00:00:00+00:00,0.00233245,1.00848,0.272916,0.034089,0.0087407,0.116478,3.72714e-05,4.79159e-06,6.52654e-06,2.90401e-05,0.00235711,-0.00874556,0.0111027,26.875,0,0.0181068
2024-01-04 00:00:00+00:00,0.00904968,1.01761,0.329318,0.0193859,0.00456735,0.217326,6.95569e-05,9.70838e-06,1.54415e-05,2.99178e-05,0.00908553,0.0142141,-0.00513387,28.1458,0,0.0213013
2024-01-05 00:00:00+00:00,-0.0028734,1.01469,0.456191,0.0161129,0.00154784,0.217762,6.96858e-05,1.8731e-05,1.29165e-05,4.71209e-06,-0.00277068,-0.00733593,0.00456525,29,0,0.0255141
2024-01-06 00:00:00+00:00,0.00113702,1.01584,0.5662,0.0260926,0.00270868,0.127293,4.07388e-05,9.33308e-06,6.20304e-06,8.34407e-05,0.00112123,-0.0102101,0.0113313,29.8125,0,0.0271227
2024-01-07 00:00:00+00:00,0.00543388,1.02136,0.631917,0.0263381,0.000441468,0.296608,9.49303e-05,2.45428e-05,1.18237e-05,7.69868e-05,0.00548326,-0.00956994,0.0150532,30,0,0.0272225
2024-01-08 00:00:00+00:00,0.00598051,1.02747,0.749124,0.0517224,-0.00193695,0.996067,0.000318508,0.000101766,0.000130324,7.74406e-05,0.00649542,0.0298258,-0.02274,30,0,0.0304384
2024-01-09 00:00:00+00:00,0.00344983,1.03101,0.734975,0.0521051,0.00324386,0.409048,0.000130871,4.16603e-05,1.60975e-05,-1.82793e-06,0.00366737,-0.0150448,0.0187121,30,0,0.0326079
2024-01-10 00:00:00+00:00,-0.0102389,1.02046,0.831386,0.0680195,0.00822493,0.25231,8.0694e-05,4.65459e-05,1.40383e-05,-1.54235e-05,-0.0100878,0.0243942,-0.0344821,30,0,0.0334096
2024-01-11 00:00:00+00:00,0.00884132,1.02948,0.912,0.045482,0.00559434,0.410239,0.000131324,7.67629e-05,1.88511e-05,-2.05007e-05,0.00911706,0.0207446,-0.0116276,30,0,0.0328628
2024-01-12 00:00:00+00:00,0.00950373,1.03926,0.816565,0.0266496,0.00293366,0.191573,6.13123e-05,3.95308e-05,9.3513e-06,8.14447e-06,0.00958277,-0.0133061,0.0228888,30,0,0.0336567
2024-01-13 00:00:00+00:00,-0.00175875,1.03744,0.837246,0.0197764,-0.00546244,0.197298,6.31436e-05,7.52001e-05,9.76677e-06,-7.74571e-06,-0.00158296,0.0069181,-0.00850106,30,0,0.0354329
2024-01-14 00:00:00+00:00,-0.000380981,1.03704,0.90485,0.0151635,-0.00590372,0.112012,3.58424e-05,5.30112e-05,5.53654e-06,-1.86453e-05,-0.000257436,-0.0178703,0.0176129,30,0,0.0336197
2024-01-15 00:00:00+00:00,-0.00846245,1.02826,0.969471,0.0233203,0.0116336,0.437081,0.000139786,0.000121006,5.02813e-05,-4.44179e-05,-0.00812216,0.00357328,-0.0119352,29.9792,0,0.0296214
2024-01-16 00:00:00+00:00,0.00850675,1.03701,0.997981,0.0186349,0.0205727,0.141184,4.51942e-05,4.43365e-05,4.38588e-06,-0.000135251,0.00871335,0.00922924,-0.00051589,30,0,0.0281743
2024-01-17 00:00:00+00:00,-0.00934645,1.02732,0.937457,0.0279024,0.0273223,0.242541,7.75911e-05,3.34807e-05,5.33138e-06,-5.08863e-05,-0.00920236,-0.00742848,-0.00177388,30,0,0.0277265
2024-01-18 00:00:00+00:00,0.00378525,1.03121,0.868562,0.0232107,0.0300875,0.0866294,2.77252e-05,2.9175e-05,3.58784e-06,-3.35243e-05,0.0038811,-0.0193625,0.0232436,30,0,0.0249346
2024-01-19 00:00:00+00:00,0.00104582,1.03229,0.855155,0.0213599,0.0152521,0.344916,0.000110378,6.33609e-05,9.8065e-06,2.87444e-05,0.00120464,0.00063219,0.000572453,30,0,0.026485
2024-01-20 00:00:00+00:00,-0.00801383,1.02401,1.01185,0.00364999,0.0111739,0.144585,4.62392e-05,2.16065e-05,4.48166e-06,5.79476e-05,-0.00802501,-0.00300834,-0.00501667,30,0,0.0269774
2024-01-21 00:00:00+00:00,-0.000110803,1.0239,0.93791,0.00126137,0.0069738,0.107754,3.44838e-05,1.83598e-05,2.59059e-06,7.50544e-05,-0.000125141,-0.00479298,0.00466784,30,0,0.0237222
2024-01-22 00:00:00+00:00,-0.00289458,1.02094,0.872194,0.0273758,0.0241007,0.270126,8.64686e-05,4.83596e-05,1.73598e-05,0.000110015,-0.00284976,-0.0273981,0.0245131,29.7917,0,0.024132
2024-01-23 00:00:00+00:00,-0.00283653,1.01804,0.863457,0.0449519,0.00892686,0.264593,8.46909e-05,5.5185e-05,1.53422e-05,0.000164053,-0.00283419,-0.00321099,0.0003768,30,0,0.0239278
2024-01-24 00:00:00+00:00,-0.00356764,1.01441,0.848049,0.0592765,0.00267996,0.148434,4.75019e-05,2.88178e-05,7.69714e-06,0.000153259,-0.00363215,0.00367255,-0.0073047,30,0,0.0218488
2024-01-25 00:00:00+00:00,0.00143227,1.01586,0.810629,0.0579893,0.00882469,0.11564,3.70166e-05,2.32079e-05,3.76731e-06,5.25409e-05,0.00145141,-0.00592957,0.00738098,30,0,0.0192353
2024-01-26 00:00:00+00:00,-0.00409633,1.0117,0.740415,0.0265111,0.00686125,0.161905,5.17947e-05,2.00645e-05,3.78399e-06,5.05552e-05,-0.00407466,0.0148134,-0.018888,30,0,0.0167298
2024-01-27 00:00:00+00:00,-6.07994e-05,1.01164,0.708254,0.0149182,0.00822812,0.0339787,1.08743e-05,4.12946e-06,1.71518e-06,8.54239e-05,-0.000126434,0.00404515,-0.00417158,30,0,0.0140622
2024-01-28 00:00:00+00:00,0.00119096,1.01284,0.661364,0.0203224,0.0114861,0.0791364,2.53146e-05,5.09376e-06,2.62913e-06,5.49313e-05,0.00117436,-0.000638555,0.00181291,30,0,0.0157819
2024-01-29 00:00:00+00:00,-0.00394028,1.00885,0.632729,0.0168861,0.00500594,0.253017,8.09789e-05,4.41015e-05,1.87689e-05,3.43685e-05,-0.00383291,0.0120265,-0.0159687,29.9792,0,0.0172935
2024-01-30 00:00:00+00:00,-0.00215788,1.00668,0.623217,0.0193449,0.00848256,0.0367277,1.17487e-05,5.5439e-06,1.16778e-06,1.80395e-05,-0.00215489,-0.00438222,0.00222732,30,0,0.016421
2024-01-31 00:00:00+00:00,-0.00160966,1.00506,0.574408,0.00634559,-0.00120379,0.0367874,1.17705e-05,1.47131e-06,6.22804e-07,4.34695e-05,-0.00163545,-0.00971583,0.00808038,30,0,0.013931
2024-02-01 00:00:00+00:00,0.000857647,1.00592,0.531899,-0.0111013,-0.000487686,0.0606882,1.94169e-05,2.42711e-06,1.32933e-06,5.8923e-05,0.000826298,0.00250155,-0.00167525,30,0,0.0134571
2024-02-02 00:00:00+00:00,0.00213358,1.00806,0.560663,-0.0262996,-0.00162128,0.0528095,1.68967e-05,7.5764e-06,1.40874e-06,6.92065e-05,0.00209334,0.0043106,-0.00221725,30,0,0.0162827
2024-02-03 00:00:00+00:00,-0.0016802,1.00637,0.596179,-0.0363458,-0.00109771,0.0504516,1.61313e-05,1.00942e-05,2.01389e-06,7.02305e-05,-0.00171937,-0.00396114,0.00224178,30,0,0.0163516
2024-02-04 00:00:00+00:00,0.00511876,1.01152,0.58686,-0.0314595,-0.00393574,0.0490827,1.57084e-05,1.96355e-06,9.80476e-07,5.15446e-05,0.0050757,-0.00360367,0.00867937,30,0,0.0160434
2024-02-05 00:00:00+00:00,-0.00237106,1.00912,0.575277,-0.0229607,-0.0145471,0.121189,3.87884e-05,1.01648e-05,8.42283e-06,2.78769e-05,-0.0023404,0.00132171,-0.00346453,30,0,0.0182248
2024-02-06 00:00:00+00:00,-0.000553063,1.00856,0.582367,-0.0184672,-0.0160126,0.0111341,3.56336e-06,2.05233e-06,2.96672e-07,5.83397e-05,-0.00060298,0.00109033,-0.00169331,30,0,0.016894
2024-02-07 00:00:00+00:00,0.00195455,1.01054,0.598958,-0.00755984,-0.00146147,0.0521767,1.66962e-05,5.22314e-06,2.48758e-06,5.29338e-05,0.00192758,0.00994747,-0.00801988,30,0,0.0152921
2024-02-08 00:00:00+00:00,-0.0016001,1.00892,0.621598,-0.00404442,-0.00222469,0.0524053,1.67602e-05,3.20449e-06,2.03296e-06,2.92894e-05,-0.00160159,0.00225349,-0.00385507,30,0,0.0163066
2024-02-09 00:00:00+00:00,-0.00492988,1.00394,0.613913,0.000131242,0.00258892,0.0542091,1.73497e-05,3.30827e-06,1.74162e-06,5.76562e-05,-0.00496891,0.00777591,-0.0127448,30,0,0.0173248
2024-02-10 00:00:00+00:00,0.0043836,1.00835,0.593422,-0.00604148,-0.000473752,0.0379587,1.21495e-05,3.36502e-06,1.18039e-06,3.33662e-05,0.0043632,0.00340504,0.000958158,30,0,0.015574
2024-02-11 00:00:00+00:00,-0.000744769,1.00759,0.572563,-0.00798615,-0.0158038,0.0352419,1.12779e-05,5.01637e-06,8.13371e-07,9.23851e-05,-0.000818638,-0.00124382,0.000425183,30,0,0.0160329
2024-02-12 00:00:00+00:00,-0.00655415,1.00099,0.525365,-0.0122383,-0.0150559,0.105461,3.37224e-05,7.60233e-06,8.18211e-06,0.000109646,-0.00662545,0.00922571,-0.0158711,27,0,0.0134424
2024-02-13 00:00:00+00:00,0.00190071,1.00289,0.515341,-0.00984823,0.0027883,0.00986453,3.15749e-06,2.71411e-06,4.81105e-07,6.99175e-05,0.00184096,-0.00219727,0.00403823,27,0,0.0113279
2024-02-14 00:00:00+00:00,-0.00052297,1.00237,0.508523,-0.0094757,0.00555184,0.0203339,7.86277e-06,1.26541e-06,1.46268e-06,2.69282e-05,-0.000536693,0.00859466,-0.00913136,26.8542,1,0.0106952
2024-02-15 00:00:00+00:00,0.000334188,1.0027,0.489249,-0.0123977,-0.00699259,0.10446,3.34134e-05,7.77807e-06,4.88825e-06,8.33232e-05,0.000301899,0.0027147,-0.0024128,27.125,0,0.0110268
2024-02-16 00:00:00+00:00,-0.00447315,0.998219,0.45468,-0.0130354,-0.0110087,0.0425052,1.3598e-05,3.59481e-06,1.28865e-06,5.62901e-05,-0.00451777,-0.0038238,-0.000693972,28,0,0.0126316
2024-02-17 00:00:00+00:00,-0.00149581,0.996726,0.417068,-0.0124596,-0.0128887,0.0373279,1.1943e-05,3.04193e-06,2.61488e-06,4.65046e-05,-0.00152246,-0.00185423,0.000331769,28,0,0.0109405
2024-02-18 00:00:00+00:00,0.00131183,0.998033,0.3955,-0.00537796,-0.00838156,0.0314872,1.00768e-05,1.54139e-06,6.84817e-07,7.37502e-05,0.00125249,0.00506138,-0.00380889,28,0,0.00922488
2024-02-19 00:00:00+00:00,0.00322402,1.00125,0.372353,0.0076201,0.00156633,0.113771,3.64119e-05,4.98723e-06,4.76569e-06,-6.06732e-06,0.00327441,0.00244257,0.000789308,27,0,0.0103434
2024-02-20 00:00:00+00:00,0.000123031,1.00137,0.348341,0.0218981,0.00563026,0.0527454,1.68799e-05,2.10999e-06,2.55503e-06,-1.31716e-05,0.000161169,-0.00279804,0.00296395,26.9583,0,0.0152489
2024-02-21 00:00:00+00:00,0.00442001,1.0058,0.361367,0.0244846,0.00374666,0.0866281,2.77218e-05,3.46522e-06,3.72826e-06,4.32172e-05,0.0044055,0.000624843,0.00378066,27.4792,0,0.0184173
2024-02-22 00:00:00+00:00,0.00351088,1.00933,0.39609,0.0212644,0.00886232,0.0568086,1.8182e-05,2.27275e-06,1.93329e-06,0.00011456,0.00341574,0.00119706,0.00221869,28,0,0.0188411
2024-02-23 00:00:00+00:00,0.00246382,1.01182,0.446374,0.0323276,0.0107353,0.0570176,1.82493e-05,2.28116e-06,1.82498e-06,0.000158356,0.0023277,-0.00355126,0.00587896,28,0,0.0209675
2024-02-24 00:00:00+00:00,0.000725535,1.01255,0.484212,0.0380039,0.012309,0.111068,3.55203e-05,4.93153e-06,3.11397e-06,0.000248277,0.000526112,0.00685725,-0.00633114,28,0,0.0231564
2024-02-25 00:00:00+00:00,0.00241742,1.015,0.568161,0.0485173,0.0101499,0.104609,3.34845e-05,6.7348e-06,2.88328e-06,0.000242595,0.00222132,0.00681307,-0.00459175,28,0,0.0255094
2024-02-26 00:00:00+00:00,0.00734586,1.02246,0.616728,0.0817366,0.0254254,0.357922,0.00011465,3.4495e-05,2.78282e-05,0.000251655,0.00726471,0.0137949,-0.00645431,28.3125,0,0.0281666
2024-02-27 00:00:00+00:00,-0.000407304,1.02204,0.717905,0.0785498,0.0127093,0.35584,0.000120248,2.42516e-05,1.71485e-05,0.000392988,-0.000618863,0.000641041,-0.0012599,29,1,0.0305843
2024-02-28 00:00:00+00:00,0.00574896,1.02792,0.76667,0.08866,0.0151578,0.404966,0.000140962,5.5158e-05,2.40945e-05,0.000320224,0.00569343,0.0159716,-0.0102781,29,2,0.0324694
2024-02-29 00:00:00+00:00,-0.0161005,1.01137,0.871199,0.0857277,0.00681305,0.316462,0.000101151,6.59521e-05,1.42533e-05,6.21548e-05,-0.0160282,-0.00922665,-0.0068016,30,0,0.0327173
2024-03-01 00:00:00+00:00,0.00434256,1.01576,0.827967,0.0541323,0.006514,0.156834,5.0201e-05,3.509e-05,5.39102e-06,1.52409e-05,0.00442586,0.0159732,-0.0115473,30,0,0.0300347
2024-03-02 00:00:00+00:00,0.0193236,1.03539,0.815491,0.0451438,0.00704273,0.191049,6.13931e-05,4.14018e-05,1.35834e-05,0.000218559,0.0191034,0.030398,-0.0112947,30,0,0.0323593
2024-03-03 00:00:00+00:00,0.00552956,1.04111,0.805109,0.0525511,0.00627592,0.123042,3.94316e-05,1.98844e-05,6.04872e-06,0.00010009,0.0055154,-0.00106772,0.00658312,30,0,0.0346921
2024-03-04 00:00:00+00:00,0.0304398,1.0728,0.75477,0.0492401,0.0169976,0.476556,0.000157625,8.4422e-05,6.56471e-05,0.000184014,0.0301991,0.0301817,-0.000317251,30,1,0.037225
2024-03-05 00:00:00+00:00,0.0117453,1.0854,0.696688,0.00447113,0.0104409,0.294642,9.75827e-05,3.238e-05,2.1296e-05,0.000178154,0.011747,-0.0132885,0.0250354,30,1,0.0422581
2024-03-06 00:00:00+00:00,1.69031e-05,1.08542,0.62998,-0.0194282,0.00389118,0.405309,0.000129652,8.51623e-05,2.5787e-05,9.40277e-05,0.000227472,0.0230168,-0.0227893,30,0,0.0438858
2024-03-07 00:00:00+00:00,-0.00189489,1.08336,0.635406,0.00385717,0.00693278,0.265087,8.48178e-05,6.30848e-05,1.45912e-05,0.000125553,-0.00180283,0.00416478,-0.00593325,29.2917,0,0.0439666
2024-03-08 00:00:00+00:00,-0.00170792,1.08151,0.743655,0.0408229,0.00936871,0.321982,0.000104233,9.28167e-05,1.70212e-05,0.000227967,-0.001663,0.0076493,-0.00931231,29.8125,1,0.0429672
2024-03-09 00:00:00+00:00,-0.0201908,1.05968,0.766905,0.0412778,0.00483874,0.197502,6.31406e-05,3.27018e-05,9.39419e-06,0.000433253,-0.0206842,0.00198262,-0.0226668,30,0,0.0415685
2024-03-10 00:00:00+00:00,0.0135867,1.07407,0.756396,0.0468457,0.00600687,0.259275,8.99217e-05,6.70923e-05,2.13052e-05,0.000217896,0.013476,0.00112833,0.0123476,30,1,0.0394667
2024-03-11 00:00:00+00:00,0.00114893,1.07531,0.822953,0.0434614,0.00970017,0.533569,0.000176104,0.000234565,4.10658e-05,0.000182368,0.00145147,0.0123149,-0.0111286,29.8125,1,0.0410173
2024-03-12 00:00:00+00:00,-0.0105146,1.064,0.887515,0.0588307,0.0150156,0.418048,0.000133897,8.6832e-05,1.55633e-05,5.66736e-05,-0.0102662,-0.00107492,-0.00919129,30,0,0.0402752
2024-03-13 00:00:00+00:00,0.0201844,1.08548,0.869941,0.0486537,0.00791277,0.31157,9.97498e-05,6.33801e-05,1.02184e-05,1.94387e-05,0.0201696,0.0195365,0.000635025,29.8542,0,0.0384916
2024-03-14 00:00:00+00:00,0.0261087,1.11382,0.81283,0.0503553,0.00546536,0.346764,0.000111099,9.54745e-05,1.88734e-05,5.16476e-05,0.0260416,0.0209964,0.00504521,30,0,0.0399686
2024-03-15 00:00:00+00:00,0.0136125,1.12898,0.962238,0.0469298,0.00788231,0.543353,0.000173953,6.00581e-05,2.22035e-05,8.35509e-05,0.0137228,-0.00876539,0.0224882,30,0,0.043999
2024-03-16 00:00:00+00:00,-0.00372505,1.12477,1.07,0.0367938,0.00717464,0.783249,0.000250535,0.000111166,3.09479e-05,5.31932e-05,-0.00333658,-0.041452,0.0381155,30,0,0.0463578
2024-03-17 00:00:00+00:00,0.0118621,1.13812,0.89061,0.0556798,0.00997414,0.751345,0.000240584,5.76768e-05,3.00041e-05,8.6579e-06,0.0121785,0.0303209,-0.0181424,30,0,0.0484112
2024-03-18 00:00:00+00:00,0.0219793,1.16313,0.87746,0.0567246,0.0107554,1.0006,0.000320325,8.78666e-05,7.36517e-05,1.37762e-05,0.0222548,-0.00595291,0.0283454,30,0,0.0501479
2024-03-19 00:00:00+00:00,-0.021511,1.13811,0.837181,0.0282677,0.00603738,0.711483,0.000227608,8.37002e-05,3.21618e-05,4.56816e-05,-0.0213881,-0.0430226,0.0216346,30,0,0.0526197
2024-03-20 00:00:00+00:00,0.00470947,1.14347,0.87801,0.0157893,0.00453386,0.633188,0.000202535,0.000152333,3.11684e-05,4.53768e-05,0.00511052,0.0494303,-0.0443198,30,0,0.0494705
2024-03-21 00:00:00+00:00,-0.00374905,1.13918,0.967912,0.0347732,0.0105917,0.413061,0.000132126,7.29085e-05,2.1329e-05,7.85054e-05,-0.00356009,-0.0102715,0.00670657,29.7917,0,0.0474504
2024-03-22 00:00:00+00:00,0.004168,1.14393,0.934993,0.0158559,0.0109563,0.230587,7.38077e-05,4.81706e-05,9.17313e-06,3.9085e-05,0.0042786,-0.00821338,0.012492,30,0,0.0450675
2024-03-23 00:00:00+00:00,-0.000574398,1.14328,0.989385,0.0199928,0.00901694,0.155268,4.96951e-05,5.97271e-05,6.13232e-06,4.98389e-05,-0.00047863,0.00307514,-0.00355377,30,0,0.0431495
2024-03-24 00:00:00+00:00,0.00376613,1.14758,0.872082,0.0107063,0.0065472,0.523418,0.000167543,0.000207822,2.66087e-05,9.1137e-06,0.00416741,0.0198909,-0.0157235,30,0,0.0424358
2024-03-25 00:00:00+00:00,0.00343852,1.15153,1.00779,0.0280505,0.0115105,0.582542,0.000186444,0.000320886,1.51956e-05,0.000128525,0.00385597,0.0173784,-0.0135049,29,0,0.0435173
2024-03-26 00:00:00+00:00,0.0188022,1.17318,1.19379,0.0483961,0.00721158,0.278339,8.90658e-05,0.000134681,8.6528e-06,2.46995e-05,0.0188795,0.0183919,0.000487561,29.4583,0,0.0463952
2024-03-27 00:00:00+00:00,0.00401929,1.17789,0.745446,0.0514266,0.00770267,2.50998,0.00080313,0.000771876,7.3219e-05,-5.29419e-05,0.00573055,-0.00575814,0.0114885,28.1042,0,0.0653246
2024-03-28 00:00:00+00:00,-0.00723606,1.16937,0.651806,0.0806941,0.004273,1.34838,0.000431305,0.000377641,3.21361e-05,6.49752e-05,-0.00643844,0.00329869,-0.00973752,22.5625,0,0.0659975
2024-03-29 00:00:00+00:00,0.00695908,1.17751,0.729244,0.0839764,0.00284155,1.17205,0.00037512,0.000291642,2.76597e-05,-4.50749e-05,0.00769607,0.00335667,0.00433961,21.7292,0,0.0631453
2024-03-30 00:00:00+00:00,-0.0103565,1.16531,0.840346,0.114256,0.0083329,1.14231,0.000365392,0.000225912,2.106e-05,0.000106232,-0.00986093,-0.00573608,-0.0041248,23.8125,0,0.0613097
2024-03-31 00:00:00+00:00,0.00313335,1.16897,0.901528,0.155086,-0.000257673,1.33631,0.000427646,0.000245245,2.6353e-05,0.000129639,0.00375351,0.0184519,-0.0146984,25.1667,0,0.0582944
2024-04-01 00:00:00+00:00,0.0153844,1.18695,1.24261,0.121837,0.00254358,1.74968,0.000560136,0.000372563,5.80272e-05,9.60764e-05,0.0162369,-0.0201749,0.0366837,26.1667,0,0.0612311
2024-04-02 00:00:00+00:00,0.00169821,1.18896,1.26244,0.0407439,0.00388644,2.30824,0.000738735,0.000286187,7.66006e-05,-3.89878e-05,0.00286168,-0.0415789,0.0444405,28.7708,0,0.0646792
2024-04-03 00:00:00+00:00,0.00617921,1.19631,1.29841,0.0371681,0.0155559,2.19082,0.000701215,0.000157348,8.41003e-05,3.38993e-05,0.00710392,-0.00561865,0.0127267,29.9583,0,0.063909
2024-04-04 00:00:00+00:00,-0.006832,1.18814,0.958899,0.0204575,0.018271,1.75985,0.000563107,0.000135226,5.7678e-05,6.51688e-05,-0.00611793,0.00757998,-0.0136979,28.2708,0,0.064398
2024-04-05 00:00:00+00:00,-0.00915412,1.17726,0.997281,0.00774102,0.0193636,1.33414,0.000426876,0.000123218,3.43715e-05,0.000149432,-0.00873068,-0.0231528,0.0144217,27.3542,0,0.0616148
2024-04-06 00:00:00+00:00,-0.00547498,1.17082,0.910904,0.0323195,0.0167485,0.954771,0.000305495,0.00012685,2.15397e-05,0.000180565,-0.0051938,0.014058,-0.019252,22.0417,0,0.0572593
2024-04-07 00:00:00+00:00,-0.0135037,1.15501,1.02329,0.0641143,0.0114785,1.08207,0.000346125,0.000120222,2.39497e-05,0.000242058,-0.0133199,0.00464433,-0.0179642,21.9583,0,0.0533759
2024-04-08 00:00:00+00:00,-0.000798723,1.15408,1.02709,0.114593,0.0346521,1.22695,0.00039268,0.000136454,8.10739e-05,0.000121322,-0.000269638,0.0167097,-0.0169542,27.75,0,0.0507813
2024-04-09 00:00:00+00:00,-3.91474e-05,1.15404,1.01076,0.0762959,0.0320122,1.12234,0.000359131,0.000145029,3.43216e-05,1.3159e-05,0.000530007,-0.0282828,0.0288128,27.6875,0,0.0494119
2024-04-10 00:00:00+00:00,0.0153205,1.17172,1.33258,0.0814373,0.0262016,0.866198,0.000277327,0.000101297,3.04346e-05,9.61888e-05,0.0155438,0.0118518,0.00369199,28.9583,0,0.0507354
2024-04-11 00:00:00+00:00,-0.000992685,1.17056,1.34444,0.0858342,0.0349363,1.19734,0.000383066,0.000181926,3.74094e-05,4.95981e-05,-0.000410769,-0.0131593,0.0126824,29.5625,0,0.0539561
2024-04-12 00:00:00+00:00,-0.00315515,1.16686,1.02071,0.0737699,0.0296638,1.62483,0.000520444,0.00012599,0.000103871,0.000121475,-0.00246698,-0.0833881,0.0809212,29.7708,1,0.0529036
2024-04-13 00:00:00+00:00,0.00198254,1.16918,1.05782,0.0869469,0.0032311,2.06433,0.000697264,0.000207615,0.000453898,0.000391124,0.00303676,-0.0613176,0.0643544,29.2292,6,0.0525283
2024-04-14 00:00:00+00:00,0.0142609,1.18585,1.22056,0.0477207,0.000582541,0.61179,0.000195835,6.60165e-05,5.36525e-05,0.000325552,0.0141987,0.0538926,-0.0396939,28.625,0,0.0526534
2024-04-15 00:00:00+00:00,0.0020953,1.18833,1.42085,0.0495763,0.000204564,1.18706,0.000379878,0.000109015,0.000101076,0.000393339,0.00231713,-0.0270081,0.0293472,29.375,0,0.0549073
2024-04-16 00:00:00+00:00,-0.0172352,1.16785,1.46131,0.0333275,-0.0012365,1.04274,0.000333583,7.484e-05,7.25714e-05,0.00034828,-0.0172028,-0.00362028,-0.0135826,30,0,0.0539302
2024-04-17 00:00:00+00:00,-0.00466557,1.1624,1.50333,0.0148006,-0.00718685,0.760429,0.000243239,3.54631e-05,4.32092e-05,5.7828e-05,-0.00436752,-0.0248255,0.020458,30,0,0.0492835
2024-04-18 00:00:00+00:00,0.00337461,1.16633,1.46059,-0.0325531,-0.0190098,1.18569,0.000379338,7.36009e-05,6.97267e-05,2.46581e-05,0.00389907,0.0309747,-0.0270756,30,0,0.0466681
2024-04-19 00:00:00+00:00,-0.0119688,1.15237,1.11578,0.013665,-0.00808071,1.92893,0.000617012,0.000187857,0.000112638,1.59255e-05,-0.0110943,0.012684,-0.0237782,30,0,0.0440443
2024-04-20 00:00:00+00:00,-0.00105278,1.15115,0.563272,0.0231157,0.000641608,1.44163,0.000461343,0.000217156,8.12638e-05,3.15303e-05,-0.000302907,0.0274375,-0.0277408,21.6458,0,0.0403505
2024-04-21 00:00:00+00:00,0.00213347,1.15361,0.637371,0.0423596,0.00784485,1.03038,0.000329724,8.0726e-05,3.93715e-05,9.4832e-05,0.00249934,-0.000177412,0.00267691,18.7708,0,0.0389094
2024-04-22 00:00:00+00:00,-0.00973285,1.14238,0.659538,0.0569346,0.00155504,1.60568,0.000513939,0.000138323,9.47363e-05,7.17299e-05,-0.00907552,0.0102207,-0.018713,20.1667,0,0.03933
2024-04-23 00:00:00+00:00,-0.0166849,1.12332,0.540624,0.045138,-0.00544938,0.929822,0.000297435,8.33018e-05,2.0414e-05,7.18389e-05,-0.0164747,-0.0103776,-0.00609708,20.4792,0,0.0352021
2024-04-24 00:00:00+00:00,-0.00828087,1.11402,0.607399,0.0490042,-0.00696399,0.414216,0.000132484,3.34288e-05,1.19602e-05,5.51022e-05,-0.00815594,-0.0168988,0.00874287,23.2917,0,0.0291418
2024-04-25 00:00:00+00:00,0.000305771,1.11436,0.666937,0.0403524,-0.0162801,0.281325,9.00331e-05,1.62623e-05,1.12185e-05,0.000140034,0.000294947,0.000178226,0.000116722,24.1875,0,0.0277405
2024-04-26 00:00:00+00:00,-0.00254086,1.11153,0.827638,0.0421875,-0.0131463,0.265159,8.48425e-05,2.69275e-05,9.17357e-06,0.000197155,-0.00261042,-0.0106379,0.00802744,25.6875,0,0.0277655
2024-04-27 00:00:00+00:00,0.00344653,1.11536,0.854457,0.0378105,-0.00610563,0.261175,8.35774e-05,1.46414e-05,1.05489e-05,0.000234912,0.00332228,0.00207964,0.00124265,27.2917,0,0.0265064
2024-04-28 00:00:00+00:00,0.00367102,1.11945,0.926037,0.0658127,-0.000802102,0.196284,6.28078e-05,1.20707e-05,5.69575e-06,0.000415391,0.0033357,-0.0022884,0.0056241,28,0,0.0273858
2024-04-29 00:00:00+00:00,-0.0050227,1.11383,0.969103,0.0825038,-0.00814109,0.665737,0.000213135,4.68877e-05,5.79542e-05,0.000329529,-0.00502724,-0.00143094,-0.00370412,28.8542,0,0.0295324
2024-04-30 00:00:00+00:00,0.0205022,1.13667,1.10715,0.0873316,-0.00892526,0.630314,0.000201784,4.26065e-05,2.42984e-05,0.000163284,0.0204634,-0.0241966,0.0446599,30,0,0.0304632
2024-05-01 00:00:00+00:00,0.000531827,1.13727,1.13969,0.0864278,-0.0153647,0.955312,0.000305722,7.06755e-05,4.48133e-05,0.000258152,0.000723104,0.0109621,-0.010239,30,0,0.033519
2024-05-02 00:00:00+00:00,-0.00863782,1.12745,0.893568,0.0879271,0.0043024,1.82468,0.0005837,8.59028e-05,6.67262e-05,0.000132558,-0.00804819,-0.000526414,-0.00752138,29.5625,0,0.0338509
2024-05-03 00:00:00+00:00,-0.0114144,1.11458,0.736482,0.0764178,-0.00134624,0.65711,0.00021024,2.62875e-05,2.23219e-05,0.000177515,-0.0113707,0.0125536,-0.0239243,24.9583,0,0.0292088
2024-05-04 00:00:00+00:00,-0.0108309,1.10251,0.774203,0.0573128,-0.00744047,0.230399,7.36645e-05,9.20806e-06,9.67806e-06,6.8448e-05,-0.0108326,-0.00223314,-0.00859944,26,0,0.0228087
2024-05-05 00:00:00+00:00,0.00394626,1.10686,0.622285,0.0402454,-0.0105552,0.210998,6.75328e-05,8.4416e-06,9.43606e-06,5.73062e-07,0.00403453,0.00364015,0.000394388,26,0,0.0168993
2024-05-06 00:00:00+00:00,0.00414025,1.11144,0.566646,0.0477755,0.0107302,0.268956,8.61162e-05,1.08312e-05,2.34585e-05,6.41976e-05,0.00419274,-0.0027853,0.00726766,26.6042,0,0.0176945
2024-05-07 00:00:00+00:00,0.00646097,1.11862,0.623317,0.0564245,0.0117138,0.190183,6.08704e-05,8.45537e-06,6.96619e-06,3.35577e-05,0.00648844,-0.00536704,0.0118555,27.3333,0,0.0214727
2024-05-08 00:00:00+00:00,0.0155602,1.13603,0.7403,0.041226,0.00185797,0.329084,0.000105481,1.86305e-05,1.8384e-05,3.93162e-05,0.0155727,0.00449679,0.0110824,28.9583,0,0.0266966
2024-05-09 00:00:00+00:00,-0.00373923,1.13178,0.88043,0.0450766,-0.0044559,0.279401,8.93941e-05,2.97213e-05,1.20615e-05,2.6779e-05,-0.00361867,0.0141908,-0.0178094,30,0,0.0315367
2024-05-10 00:00:00+00:00,-0.00117738,1.13045,1.09429,0.0643962,-0.00809949,0.606924,0.000194157,4.29199e-05,1.63713e-05,4.13106e-05,-0.000947391,-0.0229164,0.021969,30,0,0.0311647
2024-05-11 00:00:00+00:00,0.00308754,1.13394,0.983408,0.0708935,-0.00444107,0.169667,5.42928e-05,1.10937e-05,6.27139e-06,6.89134e-07,0.00316491,0.00257226,0.00059265,30,0,0.0290417
2024-05-12 00:00:00+00:00,0.000308566,1.13429,0.989569,0.0857465,-0.00494306,0.366968,0.000117439,1.94807e-05,8.67278e-06,1.10918e-05,0.000446949,0.000790292,-0.000343343,30,0,0.0286791
2024-05-13 00:00:00+00:00,-0.00478081,1.12886,0.961065,0.150863,0.00242021,0.646732,0.000206778,5.82718e-05,4.77716e-05,0.000117372,-0.0045231,0.00360243,-0.00818235,29,0,0.0302014
2024-05-14 00:00:00+00:00,-0.0112345,1.11618,0.979189,0.156993,0.000228118,0.216784,6.93452e-05,9.22809e-06,5.64696e-06,0.000347298,-0.0115266,-0.0273434,0.0158168,29,0,0.0279523
2024-05-15 00:00:00+00:00,0.0112469,1.12874,1.02919,0.128015,0.00570729,0.260097,8.32129e-05,2.00363e-05,1.20348e-05,0.000375033,0.0109628,0.0429809,-0.0320182,29,0,0.0255537
2024-05-16 00:00:00+00:00,0.014328,1.14491,1.05538,0.108993,-0.00072472,0.250946,8.03376e-05,2.10763e-05,1.14402e-05,0.000140249,0.0142234,0.00164393,0.0125795,29.4792,0,0.0286379
2024-05-17 00:00:00+00:00,0.00493522,1.15056,1.21137,0.110212,-0.000943265,0.214973,6.87895e-05,1.20053e-05,9.13008e-06,0.000102957,0.00493037,0.0204413,-0.0155109,30,0,0.0297279
2024-05-18 00:00:00+00:00,0.00698971,1.1586,1.27164,0.0975063,-0.016658,0.242169,7.75196e-05,1.8915e-05,9.48302e-06,4.40621e-05,0.00705212,0.00323034,0.00382177,30,0,0.0310284
2024-05-19 00:00:00+00:00,0.00655381,1.16619,1.28703,0.0966419,-0.0319409,0.164336,5.26007e-05,2.19842e-05,6.30289e-06,-2.76306e-05,0.00665368,-0.0129243,0.019578,30,0,0.0342399
2024-05-20 00:00:00+00:00,-0.0047186,1.16069,1.15646,0.0809845,-0.0347655,1.25092,0.00039997,0.000223924,6.04644e-05,2.54999e-05,-0.00401624,0.0485112,-0.0523642,29.9167,0,0.0348204
2024-05-21 00:00:00+00:00,-0.0131334,1.14545,0.864272,0.0531457,-0.00948483,0.510306,0.000163285,7.32787e-05,1.62939e-05,3.37569e-05,-0.0129731,-0.00678906,-0.006184,30,0,0.0349433
2024-05-22 00:00:00+00:00,-0.0191541,1.12351,0.922789,0.0406336,-0.0015182,0.245492,8.1785e-05,2.54243e-05,1.42177e-05,4.29726e-05,-0.0192224,-0.0140977,-0.00512465,30,1,0.0309253
2024-05-23 00:00:00+00:00,0.0141312,1.13938,0.94082,0.0119537,0.00430742,0.174728,5.59692e-05,1.85992e-05,8.35676e-06,3.99675e-05,0.014118,0.00218216,0.0119358,30,0,0.0279526
2024-05-24 00:00:00+00:00,-0.004206,1.13459,0.929456,0.000816765,0.00483247,0.196439,6.27845e-05,1.48058e-05,1.03339e-05,2.6079e-05,-0.00412784,-0.00449641,0.000368578,30,0,0.0312415
2024-05-25 00:00:00+00:00,-0.0092336,1.12412,0.946572,0.00132631,0.00935741,0.0809601,2.59075e-05,8.83704e-06,3.01852e-06,3.58501e-05,-0.00925581,0.00463411,-0.0138899,30,0,0.0289924
2024-05-26 00:00:00+00:00,0.0101159,1.13549,0.815607,0.0140572,0.0209163,0.162275,5.1952e-05,1.54683e-05,9.00311e-06,3.76449e-05,0.0101115,0.000197655,0.00991386,30,0,0.00963993
2024-05-27 00:00:00+00:00,-0.00756596,1.1269,0.740522,0.00799723,0.00843306,0.127311,4.07326e-05,1.12573e-05,3.95909e-06,7.13672e-05,-0.00759705,0.00794989,-0.0155846,29,0,0.0123521
2024-05-28 00:00:00+00:00,-0.00425947,1.1221,0.721615,0.00548175,0.00557732,0.0415706,1.33005e-05,3.61454e-06,1.25711e-06,0.000105954,-0.00435032,-0.00676923,0.00241891,29,0,0.00994933
2024-05-29 00:00:00+00:00,-0.00617904,1.11516,0.681858,0.0165903,0.0107416,0.0461605,1.47644e-05,3.20419e-06,1.55884e-06,2.91437e-05,-0.00620029,-0.00530061,-0.000899681,29,0,0.00472044
2024-05-30 00:00:00+00:00,0.000271028,1.11546,0.619514,0.0212921,0.00997259,0.0678501,2.17034e-05,4.82473e-06,2.36195e-06,-1.29356e-05,0.000320336,-0.00400055,0.00432088,29,0,4.90772e-05
2024-05-31 00:00:00+00:00,0.0031227,1.11895,0.574108,0.0187385,0.0132735,0.0147483,4.72031e-06,2.00348e-06,2.6801e-07,9.27297e-06,0.00311784,0.00103721,0.00208063,29,0,0
2024-06-01 00:00:00+00:00,0.000755099,1.11979,0.554454,0.0187736,0.00508696,0.0163903,5.24404e-06,2.30201e-06,4.36146e-07,1.35769e-05,0.000750456,0.00189352,-0.00114306,29,0,0
2024-06-02 00:00:00+00:00,-0.000846229,1.11885,0.543704,0.0193445,0.00681512,0.0187643,6.53087e-06,9.25669e-07,7.37948e-07,1.46009e-05,-0.000851427,-0.0049397,0.00408827,28.0417,1,0
2024-06-03 00:00:00+00:00,-0.00185589,1.11677,0.444014,-0.00839936,-0.00875094,0.117161,3.74724e-05,1.41834e-05,1.40075e-05,3.50479e-05,-0.00182525,0.00139014,-0.0030444,28,0,0
2024-06-04 00:00:00+00:00,-0.001004,1.11565,0.439958,-0.00176412,-0.00491442,0.00507945,1.62591e-06,2.03239e-07,5.34479e-08,1.48571e-05,-0.00101558,0.00539545,-0.00641103,28,0,0
2024-06-05 00:00:00+00:00,0.000248205,1.11592,0.45013,-0.000908758,-0.00367486,0.00465895,1.49025e-06,1.86282e-07,1.64165e-07,3.17582e-05,0.000220458,0.00390656,-0.0036861,28,0,0.000156814
2024-06-06 00:00:00+00:00,-0.000876689,1.11495,0.445113,0.00476878,0.0030834,0.00630245,2.01661e-06,2.52076e-07,6.9353e-08,8.50645e-06,-0.000881768,-0.00323635,0.00235458,28,0,0.00222842
2024-06-07 00:00:00+00:00,4.39743e-05,1.115,0.415364,0.0219777,0.0064489,0.0881569,2.84592e-05,3.60806e-06,2.20959e-06,1.33977e-05,6.77213e-05,-0.0114951,0.0115629,27.9792,1,0.00745125
2024-06-08 00:00:00+00:00,-0.00257608,1.11212,0.412264,0.0357246,0.00252708,0.0381959,1.22229e-05,1.52787e-06,1.73942e-06,2.29942e-05,-0.00258571,-0.00495755,0.00237184,29.25,0,0.0130873
2024-06-09 00:00:00+00:00,-0.000211362,1.11189,0.427039,0.033541,0.0014586,0.00613475,1.96295e-06,2.45369e-07,1.55599e-07,1.89333e-05,-0.000226956,0.00190128,-0.00212823,30,0,0.012385
2024-06-10 00:00:00+00:00,-0.00140943,1.11032,0.428253,0.0374503,0.00451218,0.0720984,2.3063e-05,2.88288e-06,5.65731e-06,9.32417e-06,-0.00138556,-0.00495918,0.00355526,28,0,0.00866353
2024-06-11 00:00:00+00:00,-0.00338372,1.10656,0.373737,0.026149,0.00446684,0.0538254,1.72145e-05,2.15181e-06,1.67854e-06,3.48356e-05,-0.00340091,-0.0118926,0.00849167,28,0,0.00317711
2024-06-12 00:00:00+00:00,0.0026161,1.10946,0.351988,0.0216529,0.00966105,0.0291722,9.33776e-06,1.16722e-06,1.41026e-06,1.93296e-05,0.00260714,0.00818576,-0.00557862,28,0,0.000341492
2024-06-13 00:00:00+00:00,0.000219182,1.1097,0.328183,0.00939852,0.00617642,0.00433222,1.3866e-06,1.73326e-07,8.13949e-08,1.22485e-05,0.000209283,-0.00736087,0.00757016,28,0,0.000280384
2024-06-14 00:00:00+00:00,0.00116386,1.11099,0.321034,0.00910215,0.0048717,0.00427225,1.36719e-06,1.70899e-07,1.39128e-07,1.79831e-05,0.00114782,-0.00216825,0.00331606,28,0,0.00166068
2024-06-15 00:00:00+00:00,0.00136736,1.11251,0.321983,0.00597899,-0.000790293,0.0043521,1.39241e-06,1.74052e-07,1.62929e-07,2.32912e-05,0.00134551,0.00384089,-0.00249538,28,0,0.00394475
2024-06-16 00:00:00+00:00,0.00159554,1.11429,0.318452,0.00632576,0.00152265,0.00641097,2.0513e-06,2.56412e-07,9.53957e-08,2.23322e-05,0.00157479,0.00291169,-0.0013369,28,0,0.00295299
2024-06-17 00:00:00+00:00,-0.00142404,1.1127,0.299818,0.00119333,-0.00208898,0.0362007,1.15856e-05,2.82898e-06,1.29015e-06,1.08253e-05,-0.00141846,-0.00823579,0.00678913,27,0,0.00205181
2024-06-18 00:00:00+00:00,0.00130055,1.11415,0.263699,0.00407355,-0.00156649,0.0178948,6.0578e-06,8.26187e-07,1.0832e-06,2.27144e-06,0.00130673,-0.00598124,0.00728797,26.2708,1,0.00325352
2024-06-19 00:00:00+00:00,4.72742e-05,1.1142,0.268655,0.00423606,-0.00135241,0.00845288,2.70511e-06,3.74446e-07,6.01426e-07,-1.19595e-05,6.35827e-05,0.0012548,-0.00119121,28,0,0.00677765
2024-06-20 00:00:00+00:00,-0.000493522,1.11365,0.267998,0.00390977,-0.00157773,0.0250634,8.02098e-06,1.00262e-06,1.48841e-06,9.87222e-06,-0.000492257,-0.000771655,0.000279398,28.3333,0,0.00814977
2024-06-21 00:00:00+00:00,0.000545612,1.11426,0.28378,0.00571168,-0.000977727,0.0187247,5.99155e-06,7.48944e-07,8.82861e-07,7.02403e-06,0.000546952,-0.000528842,0.00107579,29,0,0.00897612
2024-06-22 00:00:00+00:00,0.00103039,1.11541,0.290099,0.00754388,0.00057126,0.0113139,3.62144e-06,4.5268e-07,5.38155e-07,8.14718e-06,0.00102745,-0.000291862,0.00131931,29,0,0.00774374
2024-06-23 00:00:00+00:00,0.000346455,1.11579,0.295064,0.00579029,-0.00258179,0.0020065,6.42122e-07,1.39284e-06,7.57606e-08,5.76541e-06,0.000343232,-0.00374646,0.00408969,29,0,0.00910008
2024-06-24 00:00:00+00:00,0.00428494,1.12057,0.229053,0.00139345,-0.00150593,0.0756345,2.41978e-05,4.32823e-06,5.82674e-06,-3.94975e-07,0.00431255,0.00208815,0.0023005,25.3958,0,0.00797668
2024-06-25 00:00:00+00:00,-0.00058179,1.11992,0.252812,0.00592677,0.000488666,0.0435434,1.39338e-05,5.45499e-06,2.23016e-06,-1.98416e-06,-0.000556966,0.0034781,-0.00403506,27.5208,0,0.0103332
2024-06-26 00:00:00+00:00,0.00123502,1.12131,0.26812,0.0114319,0.00115269,0.00243974,7.81261e-07,9.76576e-08,8.46994e-08,1.72447e-05,0.00121904,-0.000901502,0.00212054,28,0,0.00983712
2024-06-27 00:00:00+00:00,0.00178467,1.12331,0.278256,0.00912523,0.000578732,0.0419577,1.34284e-05,1.67855e-06,2.26111e-06,1.06368e-05,0.00179117,0.00597351,-0.00418233,28,0,0.00950416
2024-06-28 00:00:00+00:00,-0.00323854,1.11967,0.282893,0.00463586,-0.000918675,0.00415217,1.32838e-06,1.66048e-07,1.73344e-07,6.6929e-06,-0.00324747,-0.00766151,0.00441404,28,0,0.00727725
2024-06-29 00:00:00+00:00,-0.00238554,1.117,0.276458,0.00399753,0.00222907,0.0040813,1.30578e-06,1.63223e-07,1.05495e-07,6.76093e-06,-0.00239297,-0.000861533,-0.00153144,28,0,0.00211315
2024-06-30 00:00:00+00:00,0.00110569,1.11823,0.271722,0.00750588,0.00566716,0.00216316,6.92066e-07,8.65082e-08,6.4971e-08,1.26596e-05,0.00109394,0.00465216,-0.00355821,28,0,0
2024-07-01 00:00:00+00:00,0.00218896,1.12068,0.263767,0.000633541,-0.00412821,0.0150515,4.81707e-06,6.02133e-07,6.99985e-07,1.59577e-05,0.00217762,0.00106065,0.00110604,25,0,0
2024-07-02 00:00:00+00:00,0.00112537,1.12194,0.260701,0.00163996,-0.000154057,0.00457133,1.46304e-06,1.8288e-07,2.47581e-07,7.86423e-06,0.00111981,0.00137277,-0.000252959,25,0,0.000885374
2024-07-03 00:00:00+00:00,-0.000565525,1.12131,0.247757,-0.00166432,-0.00177624,0,0,0,0,2.66364e-06,-0.000567447,-0.00861459,0.00804715,25,0,0.00361302
2024-07-04 00:00:00+00:00,0.00162188,1.12313,0.227939,-0.00495442,-0.00379524,0.0124305,5.45142e-06,2.75689e-06,5.44582e-07,1.49065e-06,0.00162888,-0.00947639,0.0111053,25,1,0.00368126
2024-07-05 00:00:00+00:00,0.0010371,1.12429,0.214357,0.000615293,-0.00150856,0.0321209,1.12052e-05,2.76747e-06,2.76432e-06,-4.11803e-06,0.00105862,-0.000777358,0.00183598,24.4583,1,0.00573828
2024-07-06 00:00:00+00:00,-0.000502233,1.12373,0.223917,0.0015599,-0.00018576,0.00700765,2.2421e-06,2.80262e-07,4.39661e-07,4.46671e-06,-0.000502987,0.00695457,-0.00745756,25,0,0.00637282
2024-07-07 00:00:00+00:00,0.00176327,1.12571,0.225936,0.00454059,0.00319908,0.00681642,2.18134e-06,4.85177e-07,3.70212e-07,-2.87663e-06,0.00176866,-0.00661811,0.00838677,25,0,0.00801066
2024-07-08 00:00:00+00:00,0.00390419,1.1301,0.235358,0.0015874,0.000914697,0.0252187,8.07074e-06,2.24805e-06,1.58837e-06,2.70837e-06,0.00390697,0.00547277,-0.00160333,24.9583,0,0.0115908
2024-07-09 00:00:00+00:00,-0.00151164,1.12839,0.247174,0.00454604,0.000333291,0.0302434,9.67724e-06,1.20966e-06,1.88036e-06,8.70559e-07,-0.00149998,0.00177043,-0.00327041,25.8125,0,0.0116374
2024-07-10 00:00:00+00:00,0.00208985,1.13075,0.304069,0.00906808,0.000512819,0.110868,3.54804e-05,8.506e-06,4.91293e-06,1.06904e-05,0.00212822,0.00289486,-0.00076664,26,0,0.0155917
2024-07-11 00:00:00+00:00,0.000213821,1.13099,0.378433,0.0150519,-0.00173537,0.147774,4.73067e-05,7.12088e-06,9.59485e-06,-5.91769e-06,0.000286227,-0.00646447,0.00675069,26.8958,0,0.016774
2024-07-12 00:00:00+00:00,-0.00429547,1.12614,0.452514,0.0210334,0.00100197,0.0896558,2.86826e-05,6.08755e-06,4.1149e-06,3.78654e-06,-0.0042655,0.00410659,-0.00837209,28,0,0.0167786
2024-07-13 00:00:00+00:00,-0.00529917,1.12017,0.480331,0.0116216,0.00201451,0.109309,3.49657e-05,4.60542e-06,4.83958e-06,4.27255e-05,-0.00530688,-0.0013417,-0.00396518,28,0,0.0146837
2024-07-14 00:00:00+00:00,0.00216809,1.1226,0.449706,0.0124053,0.00198034,0.0386899,1.23805e-05,1.60434e-06,1.6058e-06,5.56987e-05,0.00213098,0.00854475,-0.00641377,28,0,0.011891
2024-07-15 00:00:00+00:00,-0.00448314,1.11756,0.450049,0.0257768,-0.00690537,0.10614,3.39528e-05,6.01793e-06,4.77795e-06,2.07761e-05,-0.00446239,0.0212901,-0.0257531,26.4375,0,0.0129403
2024-07-16 00:00:00+00:00,-0.00685017,1.10991,0.444329,0.0275952,-0.00238335,0.0601598,1.92306e-05,4.56907e-06,3.27329e-06,2.73632e-05,-0.00686529,-0.000826012,-0.00603928,28,0,0.00758159
2024-07-17 00:00:00+00:00,-0.00164412,1.10808,0.427504,0.0274714,-0.00269747,0.0168792,6.62216e-06,1.08221e-06,1.14898e-06,7.54203e-05,-0.00170929,-0.00574169,0.0040324,27.3542,1,0.00404484
2024-07-18 00:00:00+00:00,-0.000198114,1.10786,0.411588,0.0273587,-0.000118474,0.0108469,3.47048e-06,1.52037e-06,3.37993e-07,2.49907e-05,-0.000215089,-0.000267146,5.20565e-05,27,0,0.00436629
2024-07-19 00:00:00+00:00,-0.000334859,1.10749,0.399707,0.0248207,0.00329721,0.0333117,1.06574e-05,2.39088e-06,1.04086e-06,2.55192e-05,-0.000343622,0.00930766,-0.00965128,27,0,0.00193727
2024-07-20 00:00:00+00:00,-0.00273686,1.10446,0.357631,0.0109079,0.00319659,0.0726778,2.32413e-05,2.90516e-06,2.51676e-06,1.00185e-05,-0.00271771,0.00243007,-0.00514778,27,0,0.00208747
2024-07-21 00:00:00+00:00,0.000703085,1.10524,0.321649,0.00651707,0.00419818,0.0364809,1.16708e-05,1.45885e-06,1.59129e-06,4.54426e-06,0.000714971,0.00504987,-0.0043349,27,0,4.353e-06
2024-07-22 00:00:00+00:00,-0.0015622,1.10351,0.292046,0.00852407,0.00520006,0.00355035,1.13548e-06,4.94124e-07,1.51227e-07,8.5539e-06,-0.00156865,-0.00694996,0.00538224,26,0,0
2024-07-23 00:00:00+00:00,0.00269022,1.10648,0.263405,0.00444674,0.000526368,0.0398561,1.27682e-05,1.88133e-06,4.59314e-06,2.91427e-05,0.00267987,-0.00126922,0.00394908,26.9583,0,0
2024-07-24 00:00:00+00:00,0.000920737,1.1075,0.253258,0.00811474,0.00362324,0.00550907,1.76336e-06,2.2042e-07,8.36977e-08,1.71221e-05,0.000906156,-0.0015928,0.00249896,27,0,0
2024-07-25 00:00:00+00:00,4.08639e-05,1.10754,0.23306,0.00917727,0.00399808,0.00588959,1.88469e-06,2.35586e-07,1.72178e-07,1.42041e-06,4.2642e-05,-0.00293061,0.00297325,27,0,0
2024-07-26 00:00:00+00:00,-0.00127996,1.10613,0.241579,0.0098026,0.0034282,0.004009,1.28255e-06,1.60318e-07,1.54428e-07,1.14924e-05,-0.00128998,0.00548624,-0.00677621,27,0,0
2024-07-27 00:00:00+00:00,0.00154288,1.10783,0.24253,0.0102389,0.00571453,0.0123729,3.96021e-06,4.95026e-07,3.26892e-07,1.07247e-06,0.0015464,0.000401455,0.00114494,27.1667,0,0
2024-07-28 00:00:00+00:00,0.00218922,1.11026,0.243339,0.00604634,0.00228467,0.00275163,8.80756e-07,1.10095e-07,1.1238e-07,-2.45827e-06,0.00219103,0.000490131,0.0017009,28,0,0
2024-07-29 00:00:00+00:00,0.00236245,1.11288,0.219395,0.00616119,0.00270961,0.0376465,1.20498e-05,4.24307e-06,1.57884e-06,1.65064e-06,0.00237691,0.00088762,0.00148498,25,0,0
2024-07-30 00:00:00+00:00,-0.000150493,1.11271,0.201819,0.00686793,0.00177363,0.0205333,6.57102e-06,1.06695e-06,4.98139e-07,-1.15024e-05,-0.000130264,-0.00191577,0.00178551,25.6042,0,0
2024-07-31 00:00:00+00:00,-0.000288086,1.11239,0.194936,0.00316069,-0.000421776,0.0168234,5.38396e-06,6.72995e-07,5.06607e-07,1.31838e-06,-0.000282599,-0.00353218,0.00324958,26.4167,0,0
2024-08-01 00:00:00+00:00,0.00169235,1.11428,0.18395,0.00465245,-0.000855289,0.00420706,1.34614e-06,1.68267e-07,2.08025e-07,3.06759e-06,0.00169017,-0.00119225,0.0028779,26.9167,0,0
2024-08-02 00:00:00+00:00,-0.000964052,1.1132,0.173855,0.00894692,0.00313138,0.00782994,2.50533e-06,3.13166e-07,2.75093e-07,7.2768e-07,-0.000961579,-0.00772871,0.00676713,26,0,0
2024-08-03 00:00:00+00:00,-0.000266655,1.11291,0.159921,0.00925936,0.00227557,0.00244478,7.82431e-07,9.78039e-08,1.6059e-07,5.07272e-06,-0.00027037,-0.00423803,0.00396766,26,0,0
2024-08-04 00:00:00+00:00,-0.00141341,1.11133,0.146603,0.007524,0.00154246,0.0173142,6.66208e-06,1.06645e-06,6.84042e-07,6.36283e-06,-0.00141202,-0.0050441,0.00363208,25.625,1,0
2024-08-05 00:00:00+00:00,0.00144018,1.11293,0.0877996,0.00192805,-0.00134083,0.0499289,1.88575e-05,2.9556e-06,3.43468e-06,1.33962e-05,0.00145171,-0.00515162,0.00660334,19.4375,6,0
2024-08-06 00:00:00+00:00,-0.00136495,1.11141,0.0933471,0.00215888,-0.000525639,0.00202513,6.48165e-07,8.10206e-08,1.21574e-07,2.63123e-05,-0.0013911,0.00260312,-0.00399422,19,0,0
2024-08-07 00:00:00+00:00,-0.000340428,1.11104,0.0979429,0.00243252,0.000201723,0.00201652,6.45371e-07,8.06714e-08,1.33724e-07,1.32674e-05,-0.000352277,-0.00141293,0.00106065,20,0,0
2024-08-08 00:00:00+00:00,-0.000257074,1.11075,0.0991905,0.00358822,0.000910387,0.00418454,1.33856e-06,1.6732e-07,2.2681e-07,1.67766e-05,-0.00027177,0.00656731,-0.00683908,20,0,0
2024-08-09 00:00:00+00:00,-9.75059e-05,1.11064,0.100904,0.00126737,-0.000905079,0,0,0,0,1.50368e-05,-0.000112331,-0.00146471,0.00135238,20,0,0
2024-08-10 00:00:00+00:00,-0.000842777,1.10971,0.100415,0.0015935,-0.000539679,0.00215552,6.89735e-07,8.62168e-08,2.03271e-07,1.04721e-05,-0.000852447,-0.000151114,-0.000701334,20,0,0
2024-08-11 00:00:00+00:00,0.000819883,1.11062,0.0977846,0.0033205,0.00184162,0,0,0,0,9.9818e-06,0.000809708,-0.0031853,0.00399501,20,0,0
2024-08-12 00:00:00+00:00,-0.00111618,1.10938,0.0895243,-0.000971798,-0.00280661,0.0119202,3.81401e-06,4.76751e-07,9.58201e-07,4.36036e-06,-0.0011157,0.0026041,-0.0037018,19.375,0,0
2024-08-13 00:00:00+00:00,-0.000404038,1.10893,0.089517,0.00296019,0.00108644,0.00404436,1.29421e-06,4.35451e-07,1.42367e-07,2.39357e-06,-0.00040449,-0.000342498,-6.19914e-05,20.1667,0,0
2024-08-14 00:00:00+00:00,0.000218194,1.10917,0.0904978,0.00351128,0.00195512,0.00217666,6.96514e-07,8.70642e-08,1.13539e-07,1.37737e-05,0.000205395,-0.0014529,0.0016583,21.5833,0,0
2024-08-15 00:00:00+00:00,0.000211724,1.1094,0.0886615,0.00436487,0.00276029,0,0,0,0,4.20256e-06,0.000207588,-0.00147821,0.0016858,22,0,0
2024-08-16 00:00:00+00:00,-0.000213441,1.10917,0.0852317,0.00419322,0.00198492,0.00624079,1.99703e-06,4.12477e-07,2.5099e-07,6.72132e-06,-0.000217442,-0.0007345,0.000517058,22,0,0.00111574
2024-08-17 00:00:00+00:00,-0.000186248,1.10896,0.08297,0.00114418,-0.000762784,0.0024218,7.74872e-07,9.6859e-08,4.40889e-08,1.25669e-05,-0.000197829,0.000655869,-0.000853698,22,0,0.00595973
2024-08-18 00:00:00+00:00,0.000349162,1.10935,0.0854695,-0.000186304,-0.00200981,0,0,0,0,1.2399e-05,0.000336753,-0.000168332,0.000505085,22,0,0.00799919
2024-08-19 00:00:00+00:00,-0.000406751,1.1089,0.0940181,-0.00272616,-0.00235865,0.0424714,1.35927e-05,1.69908e-06,2.6722e-06,1.42027e-05,-0.000402677,0.000977617,-0.00136397,23.9792,0,0.00839128
2024-08-20 00:00:00+00:00,-0.000927093,1.10787,0.0945231,-0.0040275,-0.0040857,0,0,0,0,5.28165e-06,-0.000932558,0.000107778,-0.00104034,24,0,0.00607597
2024-08-21 00:00:00+00:00,-0.0013417,1.10638,0.0927879,-0.002289,-0.00325005,0.00825338,2.64067e-06,3.30084e-07,4.57644e-07,2.36895e-06,-0.00134132,0.000737562,-0.00207888,24,0,0.00452322
2024-08-22 00:00:00+00:00,-0.000860916,1.10543,0.0936525,0.00293704,0.000991488,0.00223688,7.15731e-07,8.94664e-08,8.71243e-08,-3.43584e-06,-0.000856858,1.51195e-05,-0.000871978,24,0,0.00325509
2024-08-23 00:00:00+00:00,0.000761175,1.10627,0.0965837,0.00402093,0.00407046,0,0,0,0,9.33681e-07,0.000760317,0.00478459,-0.00402428,24,0,6.57787e-05
2024-08-24 00:00:00+00:00,-5.85293e-05,1.10621,0.102472,0.003987,0.00576651,0.00325811,1.04268e-06,1.30335e-07,1.15752e-07,4.34999e-06,-6.12561e-05,0.000723823,-0.000785079,24,0,0
2024-08-25 00:00:00+00:00,-0.000377517,1.10579,0.0975587,0.000963594,0.00228228,0,0,0,0,1.10666e-06,-0.000378544,-0.00157799,0.00119945,24,0,0.00156834
2024-08-26 00:00:00+00:00,0.000255078,1.10607,0.0897329,0.00140733,0.00234433,0.0053652,1.71679e-06,1.00505e-06,3.81581e-07,4.72929e-07,0.000257791,-0.00249222,0.00274594,21,0,0.004055
2024-08-27 00:00:00+00:00,-4.49031e-05,1.10602,0.0860929,0.00137841,0.00170872,0,0,0,0,2.48413e-06,-4.72458e-05,-0.00282581,0.00277857,21,0,0.00261736
2024-08-28 00:00:00+00:00,0.000435065,1.1065,0.0805357,0.00232363,0.00158203,0.0021957,7.0265e-07,8.78313e-08,1.01443e-07,4.87447e-06,0.000431125,-0.000151426,0.000582551,21,0,0.000108086
2024-08-29 00:00:00+00:00,-5.92423e-05,1.10644,0.0791389,0.00419865,0.00228036,0,0,0,0,1.5175e-06,-6.07038e-05,-0.000147656,8.6952e-05,21,0,0
2024-08-30 00:00:00+00:00,-0.000179191,1.10624,0.0777217,0.00395065,0.00218203,0,0,0,0,9.85062e-07,-0.000180141,2.89141e-05,-0.000209055,21,0,0
2024-08-31 00:00:00+00:00,-0.000196491,1.10602,0.0775049,0.00387798,0.00202408,0,0,0,0,3.13478e-06,-0.000199613,-0.000798323,0.00059871,21,0,0.000323362
2024-09-01 00:00:00+00:00,2.45557e-05,1.10605,0.0752628,0.00386565,0.00177618,0,0,0,0,-2.92876e-07,2.48886e-05,-0.00207687,0.00210175,21,0,0
2024-09-02 00:00:00+00:00,-0.000282393,1.10574,0.0623059,0.000308406,-0.00377691,0.0307088,9.82758e-06,8.10555e-06,1.90511e-06,-4.25414e-06,-0.00025823,0.0017892,-0.00206458,19,0,0
2024-09-03 00:00:00+00:00,-0.000542463,1.10514,0.0651389,0.00218479,-0.00258758,0,0,0,0,-1.64568e-06,-0.000540906,-0.00170815,0.00116724,19,0,0
2024-09-04 00:00:00+00:00,0.000494281,1.10568,0.0636367,0.00232402,-0.00138974,0,0,0,0,4.36295e-07,0.000493892,0.00107629,-0.000582402,19,0,0
2024-09-05 00:00:00+00:00,4.93388e-05,1.10574,0.0636029,0.00246032,-0.00097655,0,0,0,0,6.78375e-07,4.87027e-05,-0.000889215,0.000937918,19,0,0.000123539
2024-09-06 00:00:00+00:00,0.00020225,1.10596,0.0622395,0.00253179,-5.15556e-05,0,0,0,0,-3.26906e-06,0.000205555,-0.000877566,0.00108312,19,0,0
2024-09-07 00:00:00+00:00,0.000112148,1.10608,0.06198,0.00273036,0.00061873,0,0,0,0,-9.24577e-07,0.000113129,0.000632785,-0.000519656,19,0,0
2024-09-08 00:00:00+00:00,-0.000218136,1.10584,0.0628912,0.00273648,0.000400967,0,0,0,0,5.14532e-06,-0.000223244,0.000702383,-0.000925627,19,0,0
2024-09-09 00:00:00+00:00,-0.000640053,1.10514,0.0570591,-0.00664317,-0.0120121,0.0107641,3.44422e-06,4.30527e-07,9.84427e-07,1.09998e-06,-0.000636239,0.000907341,-0.0015388,17,0,0
2024-09-10 00:00:00+00:00,-0.000176401,1.10494,0.0603611,-0.00899308,-0.0146204,0,0,0,0,2.58079e-06,-0.000178908,0.000202189,-0.000381097,17,0,0
2024-09-11 00:00:00+00:00,0.000667887,1.10568,0.0595243,-0.00854022,-0.0137842,0,0,0,0,3.86582e-06,0.000664002,-0.000235578,0.00089958,17,0,0
2024-09-12 00:00:00+00:00,-0.000167118,1.10549,0.0643672,-0.00287601,-0.0111004,0.0118311,3.78693e-06,1.16332e-06,2.17816e-07,2.98648e-06,-0.000164679,0.000583064,-0.000747743,17.4792,0,0
2024-09-13 00:00:00+00:00,-0.00108734,1.10429,0.0690946,0.00279048,-0.00912561,0,0,0,0,1.99065e-05,-0.00110761,0.000299758,-0.00140737,18,0,0
2024-09-14 00:00:00+00:00,0.000330835,1.10466,0.069982,0.00234188,-0.0108585,0,0,0,0,1.55861e-05,0.000315295,-0.000143919,0.000459214,18,0,0
2024-09-15 00:00:00+00:00,0.00085349,1.1056,0.0693329,0.00293873,-0.0100577,0,0,0,0,-5.98045e-07,0.000853797,-0.000788761,0.00164256,18,0,0.000460948
2024-09-16 00:00:00+00:00,0.00026108,1.10589,0.0667969,0.00349047,-0.00706816,0,0,0,0,-2.94693e-06,0.000264054,-0.000194123,0.000458177,18,0,0.00222907
2024-09-17 00:00:00+00:00,-0.000118245,1.10576,0.0676508,0.00358138,-0.00647372,0,0,0,0,-9.45407e-07,-0.000117196,0.000490138,-0.000607334,18,0,0.00316314
2024-09-18 00:00:00+00:00,-0.000516055,1.10519,0.0674964,0.00344522,-0.00685247,0,0,0,0,6.67167e-06,-0.000522713,0.000668927,-0.00119164,18,0,0.00582588
2024-09-19 00:00:00+00:00,-0.000188536,1.10498,0.0774383,0.00916118,-0.00081783,0.00652493,2.08795e-06,1.47526e-06,4.21031e-07,3.33259e-05,-0.000217494,0.00133452,-0.00155202,18,0,0.00578194
2024-09-20 00:00:00+00:00,1.4981e-05,1.105,0.0797078,0.00942839,-0.00261748,0,0,0,0,1.78912e-05,-2.6974e-06,0.000682326,-0.000685023,18,0,0.00269341
2024-09-21 00:00:00+00:00,-7.50996e-05,1.10491,0.0797099,0.00937287,-0.00268325,0,0,0,0,1.49997e-05,-8.99332e-05,0.000516361,-0.000606295,18,0,0.00180758
2024-09-22 00:00:00+00:00,0.000380942,1.10533,0.0789326,0.00953883,-0.0014907,0,0,0,0,9.18025e-06,0.000371781,-0.000897602,0.00126938,18,0,0.00124205
2024-09-23 00:00:00+00:00,0.0010789,1.10653,0.0676111,0.00561658,0.00120468,0.0170075,5.44237e-06,1.30419e-06,5.82783e-07,2.03804e-05,0.00106541,0.00150582,-0.000443922,17,0,0.00199948
2024-09-24 00:00:00+00:00,-0.00030609,1.10619,0.0620938,0.00433043,-0.00263563,0.00221602,7.09199e-07,8.86499e-08,1.23127e-07,4.35899e-06,-0.000309411,0.00107697,-0.00138638,17,0,0.00388873
2024-09-25 00:00:00+00:00,-0.000353645,1.1058,0.063643,0.00409131,-0.00400205,0,0,0,0,1.98648e-06,-0.000355529,-0.000636666,0.000281137,17,0,0.0013595
2024-09-26 00:00:00+00:00,-0.00169385,1.10392,0.0650766,0.00310818,-0.00640673,0,0,0,0,2.10911e-06,-0.00169713,0.000752198,-0.00244933,17,0,0
2024-09-27 00:00:00+00:00,-0.00104783,1.10277,0.0661369,0.00345164,-0.00485982,0.00750395,2.40043e-06,3.00053e-07,1.5522e-07,3.24153e-07,-0.00104553,0.000649295,-0.00169483,17,0,0
2024-09-28 00:00:00+00:00,-0.000433239,1.10229,0.065691,0.00393228,-0.00432621,0,0,0,0,-1.80012e-07,-0.000432984,-0.000146822,-0.000286163,17,0,0
2024-09-29 00:00:00+00:00,0.000383143,1.10271,0.0657794,0.00416411,-0.005133,0,0,0,0,-1.86178e-06,0.000385229,0.00034705,3.81784e-05,17,0,0
2024-09-30 00:00:00+00:00,-9.62932e-05,1.1026,0.0595187,0.00948288,0.000191083,0.00612251,1.95929e-06,1.02221e-06,2.48993e-07,-1.52748e-08,-9.28681e-05,-0.001359,0.00125971,16,0,0
2024-10-01 00:00:00+00:00,-0.000134705,1.10246,0.0574228,0.0101379,0.00197846,0,0,0,0,-7.46006e-07,-0.000133765,-0.00169941,0.00156564,16,0,0
2024-10-02 00:00:00+00:00,-0.000532767,1.10187,0.0542685,0.0099713,0.00237431,0,0,0,0,6.03354e-06,-0.000538791,-0.00113646,0.000597668,16,0,0
2024-10-03 00:00:00+00:00,-0.000129,1.10173,0.0518885,0.00942653,0.00374923,0,0,0,0,4.58528e-06,-0.000133473,-0.00067393,0.000540457,16,0,0
2024-10-04 00:00:00+00:00,2.62543e-05,1.10176,0.0528045,0.00936196,0.00386833,0,0,0,0,1.24343e-05,1.39152e-05,0.00121486,-0.00120094,16,0,0
2024-10-05 00:00:00+00:00,-7.59201e-05,1.10167,0.0534461,0.00916901,0.00337843,0,0,0,0,2.88655e-06,-7.87803e-05,-0.000235253,0.000156472,16,0,0
2024-10-06 00:00:00+00:00,-0.000701487,1.1009,0.0540865,0.00891447,0.00299322,0,0,0,0,5.84869e-06,-0.000707522,0.000702823,-0.00141034,16,0,0
2024-10-07 00:00:00+00:00,0.000598468,1.10156,0.0586197,0.00666794,0.00228468,0.00219863,7.03632e-07,8.7954e-08,2.12576e-08,2.09265e-06,0.000597121,3.97755e-05,0.000557345,17,0,0
2024-10-08 00:00:00+00:00,7.5376e-06,1.10157,0.0569994,0.00691182,0.00324092,0,0,0,0,2.08245e-06,5.50367e-06,-0.000276847,0.000282351,17,0,0
2024-10-09 00:00:00+00:00,-6.21008e-05,1.1015,0.056051,0.00678457,0.00269123,0,0,0,0,-2.00781e-06,-6.00181e-05,-0.000928631,0.000868613,17,0,0
2024-10-10 00:00:00+00:00,-0.000118312,1.10137,0.0548381,0.00682712,0.00227297,0,0,0,0,-3.4922e-08,-0.000118212,7.67455e-05,-0.000194958,17,0,0
2024-10-11 00:00:00+00:00,4.56835e-05,1.10142,0.0565419,0.00686179,0.00162598,0,0,0,0,6.55145e-06,3.91901e-05,0.00133115,-0.00129196,17,0,0
2024-10-12 00:00:00+00:00,0.000566169,1.10204,0.0583952,0.00691447,0.00158456,0,0,0,0,3.21771e-06,0.000562872,0.000805894,-0.000243022,17,0,0
2024-10-13 00:00:00+00:00,0.000398868,1.10248,0.0584717,0.00737912,0.00237414,0,0,0,0,7.91198e-06,0.00039095,0.000294131,9.6819e-05,17,0,0
2024-10-14 00:00:00+00:00,-0.000411295,1.10203,0.0604286,0.00758949,0.00123395,0.000200796,6.42526e-08,5.31822e-08,1.50345e-09,6.19895e-06,-0.000417348,0.00131032,-0.00172783,16,0,0
2024-10-15 00:00:00+00:00,-0.000283179,1.10172,0.0600123,0.00689302,0.000348151,0.00210975,6.75089e-07,8.43861e-08,8.9646e-08,-6.59427e-07,-0.000281601,-0.000854039,0.000572438,16,0,0
2024-10-16 00:00:00+00:00,-4.27426e-05,1.10167,0.0579899,0.00514325,-0.00042112,0,0,0,0,1.9116e-06,-4.46071e-05,-0.000114913,7.03059e-05,16,0,0
2024-10-17 00:00:00+00:00,8.68699e-05,1.10176,0.0574405,0.0053272,-0.000173022,0,0,0,0,2.70702e-06,8.41879e-05,-0.000493678,0.000577866,16,0,2.47635e-06
2024-10-18 00:00:00+00:00,-0.000137455,1.10161,0.0573108,0.00584694,2.52412e-05,0.000870799,4.35372e-07,8.70744e-08,1.64463e-08,1.26263e-05,-0.000149487,0.000762251,-0.000911738,15.0208,1,0.00152715
2024-10-19 00:00:00+00:00,0.000119304,1.10174,0.0575883,0.00586831,1.86982e-05,0,0,0,0,7.81909e-06,0.00011151,3.36544e-05,7.78553e-05,15,0,0.00427285
2024-10-20 00:00:00+00:00,0.000454252,1.10224,0.0594154,0.00769049,0.00193853,0.00209116,6.69171e-07,8.36464e-08,4.87625e-08,4.49515e-06,0.000450504,0.000962162,-0.000511658,15.7292,0,0.00632766
2024-10-21 00:00:00+00:00,0.00168012,1.1041,0.0732563,0.00684968,-0.00474772,0.0300628,9.62058e-06,1.20257e-06,2.12256e-06,3.52431e-06,0.00168865,-0.000217891,0.00190279,17,0,0.00690819
2024-10-22 00:00:00+00:00,-0.00209309,1.10179,0.0861996,0.00644991,-0.00657245,0.0108369,3.46783e-06,4.33479e-07,6.22381e-07,5.3341e-06,-0.00209515,-0.00155505,-0.000540108,17.875,0,0.00905063
2024-10-23 00:00:00+00:00,-0.00199837,1.09958,0.0866112,0.00667602,-0.00436328,0.00202221,6.47094e-07,8.08868e-08,1.06502e-07,2.11543e-06,-0.00200115,-0.00210975,0.000108596,18.1667,0,0.00807505
2024-10-24 00:00:00+00:00,-2.31024e-05,1.09956,0.0894123,0.00773613,-2.33016e-06,0.00219426,7.02337e-07,1.05214e-06,1.1704e-07,5.81281e-06,-2.62228e-05,0.00101661,-0.00104283,19,0,0.00561015
2024-10-25 00:00:00+00:00,0.000802034,1.10044,0.0928736,0.00913567,0.00215876,0.0463307,1.50256e-05,4.92006e-06,2.47964e-06,9.67661e-07,0.000823939,-0.00367824,0.00450218,19.2708,1,0.00872249
2024-10-26 00:00:00+00:00,0.00170157,1.10231,0.109511,0.0109638,0.00065399,0.0262281,8.39276e-06,1.73937e-06,1.10643e-06,-2.55893e-06,0.00171482,0.00137524,0.000339579,20.6458,0,0.0112128
2024-10-27 00:00:00+00:00,-0.00129878,1.10088,0.132464,0.00808219,-0.00438291,0.0244057,7.80983e-06,1.71915e-06,8.3126e-07,1.22525e-07,-0.00128891,0.000369447,-0.00165836,21.6667,0,0.0138645
2024-10-28 00:00:00+00:00,0.000305273,1.10122,0.168128,0.0235115,-8.7104e-05,0.0888742,2.84428e-05,8.58534e-06,4.79235e-06,-3.69424e-06,0.000353883,0.000244444,0.000116494,21.75,0,0.015104
2024-10-29 00:00:00+00:00,-0.00095272,1.10017,0.212471,0.0353912,0.00328853,0.0443735,1.41994e-05,4.79338e-06,1.67249e-06,-3.29786e-05,-0.000895912,0.00438291,-0.00527882,22.3958,0,0.0169322
2024-10-30 00:00:00+00:00,-0.00193111,1.09804,0.234526,0.0307821,0.000472372,0.0345074,1.10408e-05,1.68199e-06,1.05707e-06,-2.39565e-05,-0.00189359,-0.00453967,0.00264607,24.4167,0,0.0146007
2024-10-31 00:00:00+00:00,-7.39496e-05,1.09796,0.235368,0.0260565,0.000349083,0.0209535,6.70476e-06,8.38095e-07,8.30413e-07,-1.1796e-05,-5.17422e-05,-0.00507405,0.00502231,25,0,0.0126261
2024-11-01 00:00:00+00:00,0.00399873,1.10235,0.237802,0.0203585,0.00309056,0.0223367,7.14703e-06,7.76074e-06,1.07587e-06,-1.37464e-06,0.00401282,-0.00103098,0.0050438,25,0,0.0115571
2024-11-02 00:00:00+00:00,-0.001325,1.10089,0.223824,0.0179447,0.00755037,0.00256624,8.20871e-07,1.02609e-07,1.52515e-07,-5.98725e-06,-0.00131649,-0.00223052,0.00091403,25,0,0.0128149
2024-11-03 00:00:00+00:00,-0.001229,1.09954,0.209496,0.0124054,0.00226536,0.0135297,4.33008e-06,5.78657e-07,5.79585e-07,3.61793e-06,-0.001226,-0.00461692,0.00339092,25,0,0.0116741
2024-11-04 00:00:00+00:00,0.00214512,1.1019,0.207498,0.00729643,0.00158705,0.0133998,4.2875e-06,6.29433e-07,5.57349e-07,-2.74128e-06,0.00215252,-0.00355998,0.00572327,24,0,0.0115084
2024-11-05 00:00:00+00:00,0.00180544,1.10389,0.213941,0.00655092,-0.00122675,0.0296342,9.48395e-06,3.02e-06,1.48712e-06,-3.64043e-06,0.00182389,0.00733637,-0.00551248,24,0,0.0118208
2024-11-06 00:00:00+00:00,-0.00263439,1.10098,0.262742,0.00499589,-0.000787189,0.0465938,1.49136e-05,2.37813e-06,2.29473e-06,-1.53716e-05,-0.00259839,0.0154166,-0.018015,24,0,0.0139802
2024-11-07 00:00:00+00:00,-0.000797566,1.1001,0.270017,0.00021412,-0.00386652,0.0571298,1.82764e-05,2.79967e-06,3.11212e-06,-8.84153e-06,-0.000760982,0.000803988,-0.00156497,25.25,0,0.0109482
2024-11-08 00:00:00+00:00,-0.000630418,1.09941,0.25337,0.00338428,-0.00315388,0.0343863,1.1003e-05,1.54487e-06,1.33934e-06,-9.30661e-08,-0.000613262,-0.000774501,0.000161238,26,0,0.00946003
2024-11-09 00:00:00+00:00,-0.00235848,1.09681,0.237104,0.0100941,0.000404654,0.0547987,1.99594e-05,3.46002e-06,3.21707e-06,-7.55687e-06,-0.00232202,0.00533456,-0.00765658,25.9167,1,0.0105342
2024-11-10 00:00:00+00:00,0.000550756,1.09742,0.206369,0.0188808,0.00207414,0.0678161,2.3252e-05,3.22875e-06,3.78635e-06,-4.45554e-05,0.000628382,0.00707028,-0.00644189,23.5625,3,0.00802025
2024-11-11 00:00:00+00:00,-0.0021005,1.09511,0.160235,0.0231672,0.00497739,0.125896,4.02791e-05,9.17366e-06,1.10561e-05,-8.4135e-06,-0.00202634,0.00592619,-0.00805823,23.9792,0,0.0055846
2024-11-12 00:00:00+00:00,-0.00250764,1.09237,0.15599,0.015621,0.00227266,0.0151881,4.85731e-06,6.07164e-07,5.51264e-07,-1.8164e-07,-0.0025015,-0.00277553,0.000274026,24.0833,0,0.00491421
2024-11-13 00:00:00+00:00,-0.00576446,1.08607,0.140658,0.0130288,0.00515641,0.0755373,2.48474e-05,1.77646e-05,5.98464e-06,9.68904e-07,-0.005723,0.000991775,-0.00671477,24.9792,1,0.00419341
2024-11-14 00:00:00+00:00,0.000430586,1.08654,0.102809,0.00860244,0.00761725,0.0141243,4.51935e-06,5.62019e-06,1.64509e-07,-2.07882e-06,0.000444389,-0.00224652,0.00269091,25,0,0.000742691
2024-11-15 00:00:00+00:00,0.00183366,1.08853,0.0938122,0.00596617,0.00574823,0.00431652,1.38139e-06,2.28964e-07,1.79367e-07,-2.92072e-06,0.00183709,0.00348432,-0.00164723,25,0,0.00272426
2024-11-16 00:00:00+00:00,0.000167333,1.08871,0.0992982,0.0050308,0.00543889,0.00499196,1.59628e-06,1.99535e-07,8.18e-08,-7.0486e-06,0.000177137,0.00104803,-0.000870892,25.4583,0,0.00520856
2024-11-17 00:00:00+00:00,0.00188526,1.09077,0.0944531,0.00676963,0.00201784,0.0180171,5.76761e-06,5.16441e-06,7.70956e-07,-6.80755e-06,0.00190271,0.000673068,0.00122964,26,0,0.00612925
2024-11-18 00:00:00+00:00,-0.000166758,1.09058,0.0850182,-0.000950619,-0.00687729,0.0336465,1.07679e-05,8.21992e-06,1.858e-06,1.32038e-05,-0.000158532,0.000963797,-0.00120441,24,0,0.00659031
2024-11-19 00:00:00+00:00,0.000357623,1.09097,0.0863404,0.00105242,-0.00560739,0.00203345,6.50583e-07,8.13229e-08,8.94145e-08,5.09498e-06,0.000353643,-0.000894164,0.00124781,24.4583,0,0.00712703
2024-11-20 00:00:00+00:00,0.000609098,1.09164,0.0858911,0.00357764,-0.00176401,0.00413808,1.32429e-06,8.46588e-07,4.42865e-07,5.64185e-07,0.000611211,-0.00117803,0.00178924,25.5,0,0.00808363
2024-11-21 00:00:00+00:00,0.000231718,1.09189,0.112487,0.00685148,0.00014553,0.0426921,1.36602e-05,1.85778e-06,1.33615e-06,-1.11906e-05,0.000261521,0.00344133,-0.00317981,26,0,0.0121759
2024-11-22 00:00:00+00:00,0.00153126,1.09356,0.180267,0.0118351,-0.00135894,0.0887294,2.83961e-05,1.69042e-05,3.48491e-06,-7.71357e-06,0.00158849,0.00292648,-0.00133799,26,0,0.0207564
2024-11-23 00:00:00+00:00,-0.0113966,1.0811,0.275502,0.00842605,0.00263927,0.272528,9.30276e-05,0.000140441,1.5656e-05,7.39968e-07,-0.0112004,0.000791273,-0.0119916,27.8125,1,0.0206539
2024-11-24 00:00:00+00:00,-0.00305024,1.0778,0.110598,0.000302786,-0.00390214,0.290803,9.3051e-05,0.000117454,8.29675e-06,-2.59573e-06,-0.00283044,-0.00070144,-0.00212903,27.4792,0,0.0157548
2024-11-25 00:00:00+00:00,-0.00193208,1.07572,0.0792202,0.00782081,-0.000628419,0.341569,0.000109302,0.000117562,1.24302e-05,8.17853e-06,-0.00170086,-0.00187603,9.18665e-05,25.7083,0,0.0138276
2024-11-26 00:00:00+00:00,0.000639714,1.07641,0.0443859,0.000392399,-0.00291429,0.164979,5.27933e-05,3.79625e-05,3.68769e-06,-1.12321e-06,0.000735867,-0.000767573,0.00150386,17.0417,0,0.011754
2024-11-27 00:00:00+00:00,0.000729186,1.07719,0.0371712,-0.00191009,-0.00357898,0.138697,4.4384e-05,3.01029e-05,3.11538e-06,1.20451e-05,0.000794982,0.0013302,-0.000535658,10.5,0,0.0131049
2024-11-28 00:00:00+00:00,-0.000277542,1.07689,0.0268195,-0.00210616,-0.00361579,0.100338,3.21073e-05,4.77438e-05,2.04928e-06,6.79501e-06,-0.000202077,0.000206483,-0.000409115,6.79167,0,0.0152162
2024-11-29 00:00:00+00:00,-9.38033e-05,1.07679,0.0230122,-0.00109947,-0.00368712,0.118134,3.78012e-05,6.48064e-05,2.33483e-06,2.91809e-06,8.8764e-06,0.000516933,-0.000507929,7.52083,0,0.0143154
2024-11-30 00:00:00+00:00,0.00194598,1.07889,0.0499472,0.0104278,0.00220873,0.20082,6.4265e-05,6.18383e-05,3.66865e-06,5.32656e-06,0.00206906,0.00126983,0.000799057,10.5208,0,0.0147774
2024-12-01 00:00:00+00:00,-0.00129492,1.07749,0.0823631,0.00618926,0.00160308,0.364986,0.000116786,0.000102245,8.00368e-06,-5.68432e-06,-0.00105997,0.00196879,-0.00302891,12.125,0,0.0162795
2024-12-02 00:00:00+00:00,0.0038153,1.0816,0.13497,0.0208061,0.00683815,0.444422,0.00014222,9.08912e-05,1.44104e-05,-1.07291e-05,0.00407167,0.00181273,0.00225149,17.2917,0,0.0157375
2024-12-03 00:00:00+00:00,0.0043592,1.08632,0.190483,0.028417,0.00942888,0.330589,0.00010581,5.90618e-05,9.79945e-06,1.11165e-05,0.00452092,0.00164755,0.00287337,23.0417,0,0.0185917
2024-12-04 00:00:00+00:00,0.00540764,1.09219,0.230609,0.0303626,0.0125068,0.149978,4.80139e-05,1.47161e-05,6.26032e-06,3.62547e-06,0.00547243,0.00646769,-0.000995269,24.8125,0,0.021781
2024-12-05 00:00:00+00:00,-0.0062726,1.08534,0.328507,0.0385286,0.00850619,0.210693,6.73846e-05,2.69368e-05,7.5217e-06,-3.18894e-06,-0.00617248,-0.00281201,-0.00336047,26.75,0,0.0239453
2024-12-06 00:00:00+00:00,0.0009934,1.08642,0.294826,0.0348111,0.00737641,0.311226,9.95908e-05,4.95738e-05,7.31825e-06,8.75269e-06,0.00114554,0.00600769,-0.00486215,28,0,0.0232594
2024-12-07 00:00:00+00:00,-0.00477628,1.08123,0.34633,0.0343005,0.00295113,0.340625,0.000108973,3.19443e-05,7.77499e-06,4.35503e-05,-0.00467185,0.00390091,-0.00857277,28,0,0.0243632
2024-12-08 00:00:00+00:00,0.00191673,1.0833,0.223381,0.0151201,-0.00207078,0.327055,0.00010466,3.46616e-05,4.49594e-06,3.55993e-05,0.00202621,0.000153333,0.00187288,28,0,0.0213384
2024-12-09 00:00:00+00:00,-0.00475446,1.07815,0.225163,0.0298447,0.00709746,0.604108,0.000193286,6.95265e-05,1.66295e-05,9.74984e-07,-0.00447337,-0.0168925,0.0124493,27.7292,0,0.0208603
2024-12-10 00:00:00+00:00,0.00781932,1.08658,0.264178,0.0225815,0.00729216,0.380489,0.00012178,1.78491e-05,1.07974e-05,-2.21661e-05,0.00797202,0.00446014,0.00351188,26.3333,0,0.0215998
2024-12-11 00:00:00+00:00,0.00419029,1.09114,0.387773,0.0256666,0.00741804,0.0925886,2.96386e-05,3.73733e-06,3.00881e-06,-6.18606e-06,0.00423448,0.0156472,-0.0114127,27,0,0.0239252
2024-12-12 00:00:00+00:00,0.0101791,1.10224,0.461909,0.0394705,0.00419524,0.244017,7.81577e-05,1.04647e-05,9.49608e-06,-1.05344e-05,0.0102561,0.0067463,0.00351294,27.375,0,0.0269701
2024-12-13 00:00:00+00:00,0.00608584,1.10895,0.490395,0.0407762,-0.000157746,0.23208,7.42155e-05,9.27694e-06,8.49367e-06,2.57866e-06,0.00618331,0.0107909,-0.00460763,27.5,0,0.0295961
2024-12-14 00:00:00+00:00,-0.00308646,1.10553,0.568341,0.0490235,0.00407776,0.112871,3.61111e-05,4.51389e-06,2.9518e-06,-3.90803e-05,-0.00299823,-0.0141589,0.0111607,29,0,0.0322937
2024-12-15 00:00:00+00:00,0.0106963,1.11735,0.662724,0.0474032,0.00362119,0.251053,8.03732e-05,1.17081e-05,7.77951e-06,2.74974e-05,0.0107288,0.0174314,-0.00670266,29,0,0.0324512
2024-12-16 00:00:00+00:00,0.0121293,1.1309,0.874612,0.0380337,-0.00488319,0.457858,0.000146552,2.51067e-05,1.66086e-05,-1.20028e-06,0.0122738,-0.00311839,0.0152924,28.3958,0,0.0360047
2024-12-17 00:00:00+00:00,-0.0034541,1.127,0.969403,0.0374359,-0.0143563,0.33437,0.000106962,8.20968e-05,1.03521e-05,3.08322e-06,-0.0032124,-0.01016,0.00694757,30,0,0.039462
2024-12-18 00:00:00+00:00,0.00400072,1.13151,1.08981,0.0538959,-0.00324983,0.545246,0.000174557,7.45955e-05,2.58883e-05,5.93029e-05,0.00425019,-0.0487039,0.0529401,29.9792,0,0.0374893
2024-12-19 00:00:00+00:00,0.00612895,1.13844,1.06608,0.0436366,0.0051311,0.494396,0.000158191,2.5242e-05,2.43163e-05,-2.90056e-05,0.00637256,-0.0395077,0.0458803,30,0,0.0367198
2024-12-20 00:00:00+00:00,-0.00255575,1.13553,1.13151,0.0325397,0.0046756,0.583641,0.000186785,2.59161e-05,3.51626e-05,-4.00892e-06,-0.0022629,0.0244684,-0.0267313,30,0,0.0355959
2024-12-21 00:00:00+00:00,0.00316698,1.13913,1.25636,0.0427562,0.0017784,0.627605,0.000200841,2.51052e-05,3.00557e-05,8.81896e-05,0.00335864,-0.0276985,0.0310572,30,0,0.0365328
2024-12-22 00:00:00+00:00,0.000951508,1.14021,1.40526,0.0476643,0.00364489,0.310702,9.94362e-05,1.24295e-05,1.37756e-05,6.62339e-05,0.00103699,-0.0013933,0.00243029,30,0,0.0358741
2024-12-23 00:00:00+00:00,-0.0097919,1.12905,1.53035,0.049848,-0.00841506,1.31604,0.000421204,5.43528e-05,0.000129946,9.57688e-05,-0.0092626,0.0531147,-0.0624894,30,0,0.0373435
2024-12-24 00:00:00+00:00,-0.0031222,1.12552,1.51697,0.0617754,-0.00388892,0.753444,0.000241024,3.0128e-05,2.65473e-05,7.97849e-05,-0.00285014,0.0190481,-0.0218983,30,0,0.0386997
2024-12-25 00:00:00+00:00,0.00225925,1.12807,1.44467,0.0697629,0.00472839,0.420769,0.000134665,1.68331e-05,1.61864e-05,2.43758e-05,0.00242473,-0.0126906,0.0151154,30,0,0.0358889
2024-12-26 00:00:00+00:00,0.00470427,1.13337,1.41906,0.053126,0.00861141,0.392828,0.000125699,1.57124e-05,1.4005e-05,0.000105924,0.0047624,-0.0432516,0.048014,30,0,0.0354965
2024-12-27 00:00:00+00:00,0.000310723,1.13372,1.39092,0.0269432,-0.000769742,0.738551,0.000236555,3.5551e-05,3.79119e-05,2.41956e-05,0.000624921,-0.000949843,0.00157476,30,0,0.0369235
2024-12-28 00:00:00+00:00,0.00549782,1.13996,1.3339,0.0330075,-0.00355625,0.694362,0.000222196,2.85289e-05,2.23689e-05,4.37827e-05,0.00572204,0.0225545,-0.0168325,30,0,0.03517
2024-12-29 00:00:00+00:00,0.00327195,1.14369,1.21749,0.0550813,0.00150593,0.259371,8.30064e-05,1.067e-05,8.15085e-06,2.20801e-05,0.00335415,-0.0209247,0.0242789,30,0,0.0337003
2024-12-30 00:00:00+00:00,-0.00183279,1.14159,1.25071,0.130336,0.0472716,0.531269,0.000170033,7.25548e-05,4.91742e-05,0.000339902,-0.00184204,-0.00105027,-0.000705821,29.8333,0,0.0337435
2024-12-31 00:00:00+00:00,-0.00937441,1.13089,1.1603,0.108132,0.0296701,0.425599,0.000136071,4.66892e-05,1.82288e-05,8.6723e-05,-0.00922999,-0.0034594,-0.00577058,30,0,0.0326595
2025-01-01 00:00:00+00:00,0.0105986,1.14288,1.1649,0.0952451,0.0228603,0.387805,0.000124119,2.6258e-05,1.12899e-05,8.06775e-05,0.0106676,0.0305306,-0.019863,30,0,0.0312787
2025-01-02 00:00:00+00:00,0.00509312,1.1487,1.28959,0.154058,0.0224822,0.681241,0.000218035,0.000107087,2.20223e-05,5.82076e-05,0.00541165,0.0259807,-0.0205691,29.9792,0,0.0332284
2025-01-03 00:00:00+00:00,0.00159786,1.15053,1.25182,0.122352,0.0240854,0.682123,0.000218281,6.81912e-05,2.40536e-05,7.58901e-05,0.00185684,0.0413085,-0.0394444,30,0,0.0347519
2025-01-04 00:00:00+00:00,-0.00213585,1.14807,1.26287,0.15011,0.0299385,0.407606,0.000130443,4.225e-05,1.37421e-05,0.000245481,-0.00217706,-0.00350473,0.00132767,30,0,0.0347899
2025-01-05 00:00:00+00:00,-0.00463402,1.14275,1.36239,0.160947,0.0361925,0.107073,3.42623e-05,9.71204e-06,3.12716e-06,0.000180602,-0.00476646,-0.00951639,0.00474992,30,0,0.0327236
2025-01-06 00:00:00+00:00,0.00161299,1.1446,1.32684,0.250351,0.028986,0.581729,0.000186177,3.90972e-05,5.06074e-05,0.000288534,0.00162565,0.00999732,-0.00801591,29.75,0,0.0312696
2025-01-07 00:00:00+00:00,-0.00077855,1.14371,1.30064,0.195063,0.0145832,0.491997,0.000157432,2.58431e-05,2.05271e-05,0.000525554,-0.0010651,-0.05439,0.0533137,29.9375,0,0.0319243
2025-01-08 00:00:00+00:00,0.0047974,1.14919,1.27933,0.104623,0.0133415,0.172282,5.513e-05,1.1113e-05,6.97973e-06,0.000389177,0.00450704,-0.0216253,0.0261323,30,0,0.0301254
2025-01-09 00:00:00+00:00,-0.00894933,1.13891,1.26681,0.0831542,0.017032,0.225221,7.20127e-05,1.5778e-05,1.16198e-05,0.000154135,-0.00901028,-0.0380367,0.0290264,30,0,0.0274901
2025-01-10 00:00:00+00:00,-0.000292744,1.13858,1.28553,0.0964493,0.012338,0.184792,5.91765e-05,8.10034e-06,9.7274e-06,0.000387432,-0.000574394,0.0161188,-0.0166932,30,0,0.0263387
2025-01-11 00:00:00+00:00,0.00647463,1.14595,1.31248,0.103483,0.00865154,0.125417,4.01501e-05,1.39418e-05,6.13468e-06,0.000476647,0.00606315,0.0123221,-0.00625896,30,0,0.0259907
2025-01-12 00:00:00+00:00,-0.00546672,1.13968,1.34733,0.0899409,0.00807483,0.120073,3.84151e-05,7.84115e-06,4.56827e-06,0.000299011,-0.00571712,-0.0183926,0.0126754,30,0,0.0238149
2025-01-13 00:00:00+00:00,-0.00129261,1.13821,0.833743,0.0422207,0.00882743,0.928257,0.000296777,5.17028e-05,6.97466e-05,0.000344789,-0.00118291,-0.0135544,0.0127165,28.9792,0,0.0195481
2025-01-14 00:00:00+00:00,-0.00190457,1.13604,0.762578,0.0529189,0.0109792,0.0915798,2.93111e-05,1.15868e-05,5.44831e-06,0.000453099,-0.00230437,0.0103513,-0.012652,28.875,0,0.0187875
2025-01-15 00:00:00+00:00,-0.00167104,1.13414,0.768459,0.0564718,0.00852807,0.0973736,3.11593e-05,8.96761e-06,4.15245e-06,0.000268524,-0.00188354,0.0259229,-0.0278064,29.1875,0,0.0153383
2025-01-16 00:00:00+00:00,-0.00226975,1.13157,0.711987,0.0542803,0.00762459,0.121635,3.89367e-05,6.48643e-06,6.58043e-06,0.000311112,-0.00251562,-0.00505142,0.00253581,30,0,0.0134201
2025-01-17 00:00:00+00:00,-0.00262051,1.1286,0.661758,0.0463145,0.00728304,0.103637,3.31565e-05,6.0672e-06,2.56048e-06,0.000434815,-0.00300099,0.017835,-0.020836,30,0,0.0115936
2025-01-18 00:00:00+00:00,0.00520359,1.13448,0.515222,0.0453862,0.00292669,0.173077,5.53968e-05,7.41349e-06,1.03005e-05,0.000777119,0.00449983,-0.0136666,0.0181664,30,0,0.0114366
2025-01-19 00:00:00+00:00,-0.00895199,1.12432,0.461733,0.0424635,-0.00134151,0.172589,5.77768e-05,3.21694e-05,1.07664e-05,5.12777e-05,-0.0089174,-0.0217575,0.0128401,30,1,0.0117653
2025-01-20 00:00:00+00:00,-0.00186468,1.12222,0.376378,0.0262492,0.00107034,0.0524484,1.67729e-05,3.82803e-06,4.28287e-06,-4.1863e-06,-0.00182203,0.000697552,-0.00251958,30,0,0.0109005
2025-01-21 00:00:00+00:00,-0.00323976,1.11859,0.311296,0.0210552,-6.79793e-05,0.0922703,2.95193e-05,5.97005e-06,7.62693e-06,-1.56317e-05,-0.00317906,0.00308005,-0.00625911,30,0,0.00617316
2025-01-22 00:00:00+00:00,0.00273518,1.12165,0.271439,0.0194166,0.003747,0.00441993,1.41539e-06,1.76923e-07,3.04098e-07,-1.64591e-06,0.00273711,-0.00136172,0.00409882,30,0,0.00442135
2025-01-23 00:00:00+00:00,1.03109e-05,1.12166,0.251748,0.0134625,-0.0031261,0.0196209,6.28135e-06,3.68935e-06,2.36066e-06,8.16709e-06,1.66726e-05,0.000745359,-0.000728686,30,0,0.00439879
2025-01-24 00:00:00+00:00,0.00159104,1.12344,0.252885,0.0150379,-0.00342352,0,0,0,0,3.68223e-06,0.00158774,-0.000899772,0.00248752,30,0,0.00415335
2025-01-25 00:00:00+00:00,0.00206095,1.12576,0.250543,0.0160015,-0.00229219,0.00653887,2.09289e-06,2.61612e-07,3.6677e-07,1.39386e-06,0.00206146,0.00179666,0.000264793,30,0,0.0063037
2025-01-26 00:00:00+00:00,-0.000832471,1.12482,0.256222,0.0130818,-0.00541714,0.00443813,1.41989e-06,1.77486e-07,2.03758e-07,2.42133e-06,-0.000832747,-0.00500881,0.00417622,29.875,0,0.00750875
2025-01-27 00:00:00+00:00,0.00177049,1.12681,0.220644,0.0106603,0.00189635,0.0367011,1.17488e-05,8.02754e-06,2.76756e-06,1.75375e-05,0.00177568,-0.000561633,0.00228189,27.0208,0,0.00963568
2025-01-28 00:00:00+00:00,0.00397226,1.13129,0.239196,0.00701834,-0.000572689,0.0331332,1.06042e-05,1.32553e-06,1.4225e-06,1.73129e-05,0.00396196,-0.00589974,0.00986169,28,0,0.0131841
2025-01-29 00:00:00+00:00,-0.00380386,1.12699,0.263378,0.00729822,-0.00210374,0.0157041,5.02442e-06,6.28053e-07,8.30581e-07,1.15848e-05,-0.00381298,0.00219233,-0.00600531,28.7708,0,0.0149112
2025-01-30 00:00:00+00:00,0.0019172,1.12915,0.277274,0.0125196,0.000478617,0.00945335,3.02609e-06,2.12358e-06,3.74144e-07,1.48111e-06,0.00192177,0.00588905,-0.00396728,29.75,0,0.0120478
2025-01-31 00:00:00+00:00,-0.00250623,1.12632,0.275356,0.0112356,-0.00261686,0.0113984,3.64582e-06,4.55728e-07,3.68364e-07,9.62886e-06,-0.0025105,-0.00148638,-0.00102412,30,0,0.0109348
2025-02-01 00:00:00+00:00,0.000346011,1.12671,0.264777,0.0125927,-0.000985954,0.00410612,1.31368e-06,1.64211e-07,1.22052e-07,3.99991e-06,0.000344668,-0.0113724,0.011717,30,0,0.00718991
2025-02-02 00:00:00+00:00,0.000588488,1.12737,0.237516,0.00811582,-0.000437461,0.0250415,9.53156e-06,8.47063e-06,1.05839e-06,-1.73357e-06,0.000611003,-0.0106797,0.0112907,29.6667,2,0.00899318
2025-02-03 00:00:00+00:00,0.00272908,1.13045,0.167932,0.000573148,0.00143477,0.130518,4.32948e-05,3.00268e-05,1.06869e-05,-4.93372e-06,0.00282376,0.00349127,-0.00068703,24.1875,3,0.0119953
2025-02-04 00:00:00+00:00,0.000152252,1.13062,0.165851,-0.0064639,-0.000696737,0.00831875,2.66259e-06,3.32824e-07,3.37832e-07,9.43198e-06,0.000148329,-0.00511509,0.00526342,25,0,0.0121606
2025-02-05 00:00:00+00:00,-0.000827739,1.12968,0.152157,-0.00444195,-0.000287536,0.0123278,3.94482e-06,7.15885e-07,7.57445e-07,-8.66423e-08,-0.00082165,-0.00215728,0.00133563,25,0,0.0107309
2025-02-06 00:00:00+00:00,-0.000163098,1.1295,0.147762,-0.00353047,0.000539436,0.0022098,7.07084e-07,8.83855e-08,4.49257e-08,-2.36565e-05,-0.000138226,-0.00291693,0.00277871,25,0,0.00873999
2025-02-07 00:00:00+00:00,0.0012216,1.13088,0.163471,-0.0066156,-0.0013467,0.0600523,1.92165e-05,2.44594e-06,2.19325e-06,-9.4876e-06,0.00125482,0.000405007,0.000849811,26.5833,0,0.0119655
2025-02-08 00:00:00+00:00,-0.000291255,1.13055,0.212103,-0.0074238,0.00286805,0.0310151,9.924e-06,1.2405e-06,1.45768e-06,-1.83885e-06,-0.000275907,0.00380934,-0.00408524,27,0,0.0148915
2025-02-09 00:00:00+00:00,0.00321613,1.13419,0.245078,0.00177196,0.00121476,0.14933,4.77887e-05,6.66971e-06,4.03665e-06,2.52481e-05,0.00324661,0.000237277,0.00300933,27.2083,0,0.0172717
2025-02-10 00:00:00+00:00,-0.000398299,1.13373,0.369133,-0.000368991,-0.0120539,0.229492,7.34326e-05,9.46834e-06,1.23807e-05,3.45869e-06,-0.000303632,0.00274178,-0.00310785,27.4583,0,0.0206593
2025-02-11 00:00:00+00:00,8.2813e-05,1.13383,0.438285,0.00633765,-0.0145018,0.179694,5.75084e-05,7.18855e-06,7.26297e-06,2.03388e-05,0.000143986,5.00363e-05,9.39498e-05,28,0,0.0192957
2025-02-12 00:00:00+00:00,0.00343809,1.13773,0.529131,0.0223012,-0.00887387,0.271222,8.68042e-05,1.24244e-05,1.16234e-05,-1.88652e-05,0.00357163,0.0131702,-0.00959853,28.4167,0,0.0200044
2025-02-13 00:00:00+00:00,0.00171236,1.13967,0.647659,0.0655071,0.00100353,0.212728,6.80889e-05,1.86367e-05,1.24748e-05,8.24657e-05,0.00173721,-0.00414253,0.00587974,29,0,0.0211173
2025-02-14 00:00:00+00:00,-0.00335279,1.13585,0.758445,0.110428,0.00292165,0.196759,6.2942e-05,1.08605e-05,9.66692e-06,7.26018e-05,-0.00333607,0.00832693,-0.011663,29,0,0.0224685
2025-02-15 00:00:00+00:00,0.00842127,1.14542,0.733616,0.109458,0.00256236,0.127688,4.08613e-05,1.47898e-05,3.89051e-06,-1.38653e-05,0.00846773,0.00150216,0.00696557,29,0,0.0207757
2025-02-16 00:00:00+00:00,0.00297424,1.14882,0.666319,0.0716418,0.00126091,0.35267,0.000112872,3.38894e-05,1.04403e-05,4.86438e-05,0.0030828,-0.00411107,0.00719387,29.625,0,0.023818
2025-02-17 00:00:00+00:00,-0.00645374,1.14141,0.697257,0.0282377,0.00357993,0.147807,4.72844e-05,4.00049e-05,7.88937e-06,2.92275e-05,-0.00640115,-0.00852107,0.00214037,29,0,0.0239649
2025-02-18 00:00:00+00:00,-0.00130211,1.13992,0.690563,0.0489887,0.00351411,0.117106,3.7441e-05,1.91688e-05,5.07801e-06,8.1485e-06,-0.00123778,-0.0127921,0.0115544,29.6875,0,0.0200584
2025-02-19 00:00:00+00:00,0.000193961,1.14015,0.719861,0.0465051,0.0023239,0.0865667,2.76993e-05,1.65901e-05,6.16294e-06,5.97982e-05,0.000188199,0.00726258,-0.00707438,30,0,0.0192508
2025-02-20 00:00:00+00:00,-0.0101988,1.12852,0.792388,0.0569409,0.00480787,0.0537614,1.71961e-05,2.14952e-06,3.14834e-06,1.87381e-05,-0.0102363,0.00539483,-0.0156312,30,0,0.0178317
2025-02-21 00:00:00+00:00,-0.00285454,1.1253,0.752099,0.0533674,0.00773899,0.0874196,2.79641e-05,4.15778e-06,4.03174e-06,9.93749e-05,-0.00290823,-0.013729,0.0108207,30,0,0.0140443
2025-02-22 00:00:00+00:00,-0.00375264,1.12107,0.689341,0.046983,0.00545218,0.0777407,2.65495e-05,3.66866e-06,7.69848e-06,2.19965e-05,-0.00373936,0.00902682,-0.0127662,30,1,0.0115277
2025-02-23 00:00:00+00:00,0.00239679,1.12376,0.667953,0.0472577,0.00278114,0.0135522,4.33725e-06,5.42156e-07,6.9838e-07,4.79219e-05,0.00235306,-0.00337052,0.00572358,30,0,0.00861686
2025-02-24 00:00:00+00:00,-0.00459791,1.11859,0.585765,0.0584615,-0.00188355,0.154164,4.93252e-05,1.37649e-05,1.37999e-05,0.000115238,-0.00463965,-0.0376168,0.0329969,28.5,0,0.00956987
2025-02-25 00:00:00+00:00,-0.000376555,1.11817,0.515448,0.0397876,0.00106593,0.0758038,2.42571e-05,1.00755e-05,2.63897e-06,8.73519e-05,-0.000417436,0.00168443,-0.00210187,29,0,0.0089603
2025-02-26 00:00:00+00:00,-0.00642583,1.11099,0.484101,0.0339679,-0.00124772,0.0284798,9.11717e-06,1.13965e-06,1.49035e-06,7.81159e-05,-0.00650536,-0.00599144,-0.000513913,29,0,0.0089154
2025-02-27 00:00:00+00:00,0.00331609,1.11467,0.482768,0.0356551,-0.00122128,0.0176083,5.63456e-06,1.39491e-06,8.17917e-07,3.0821e-05,0.00329316,0.00232865,0.000964517,29,0,0.00675096
2025-02-28 00:00:00+00:00,0.00427015,1.11943,0.418247,0.0249772,-0.00432906,0.0764723,2.45036e-05,3.06295e-06,2.72218e-06,4.17013e-05,0.00425804,0.00117037,0.00308767,29,0,0.00597836
2025-03-01 00:00:00+00:00,-0.000774712,1.11856,0.387051,0.0237899,-0.00390217,0.0243043,7.77535e-06,9.71918e-07,1.54661e-06,3.10691e-05,-0.000791378,-0.00153038,0.000738998,29,0,0.00652515
2025-03-02 00:00:00+00:00,-0.00719667,1.11051,0.366883,0.023694,-0.00291902,0.120138,3.8441e-05,4.93059e-06,9.29372e-06,-4.40968e-06,-0.00715612,0.024132,-0.0312881,29,0,0.00777828
2025-03-03 00:00:00+00:00,-0.000197394,1.11029,0.268079,0.0229096,-0.00145878,0.0553007,1.76942e-05,4.35746e-06,6.02729e-06,2.97287e-05,-0.000194418,-0.021089,0.0210333,26,0,0.00438176
2025-03-04 00:00:00+00:00,0.00229314,1.11284,0.226953,0.01798,0.00372501,0.0419357,1.34184e-05,1.75702e-06,2.38837e-06,-1.3582e-05,0.00232456,0.000445368,0.00187919,26.2917,0,0.00565616
2025-03-05 00:00:00+00:00,-0.00311939,1.10937,0.232607,0.00753138,-0.00200041,0.0134101,4.29115e-06,6.25481e-07,4.30806e-07,1.41792e-05,-0.00313093,0.0034234,-0.00655433,27,0,0.00774815
2025-03-06 00:00:00+00:00,-0.000827232,1.10845,0.227544,0.0101523,-0.00132648,0.0192714,6.16545e-06,7.70682e-07,1.12294e-06,1.94785e-05,-0.000835663,-0.00234312,0.00150746,27,0,0.00264448
2025-03-07 00:00:00+00:00,-0.000734605,1.10764,0.204551,0.00972847,-0.0021678,0.00694948,2.22332e-06,2.77915e-07,3.96032e-07,7.90641e-06,-0.000738506,-0.00443783,0.00369933,27,0,2.79412e-05
2025-03-08 00:00:00+00:00,0.000939449,1.10868,0.189914,0.00806912,-0.00244751,0.00936499,2.99678e-06,3.74598e-07,2.52382e-07,5.26993e-06,0.00093834,-0.00173927,0.00267761,27,0,0.00167424
2025-03-09 00:00:00+00:00,0.00145836,1.11029,0.17534,0.00519668,-0.00482556,0.0127655,5.57899e-06,8.42259e-06,7.10827e-07,7.45946e-06,0.00146514,-0.00770552,0.00917066,26.75,1,0.00437834
2025-03-10 00:00:00+00:00,-6.69461e-05,1.11022,0.149413,0.00279083,-0.00442755,0.0553019,1.7919e-05,3.14226e-06,2.85486e-06,-2.02275e-06,-3.98971e-05,-0.00339774,0.00335169,24.25,1,0.00806068
2025-03-11 00:00:00+00:00,-0.00046677,1.1097,0.176591,0.00387814,-0.000756379,0.0501534,1.60494e-05,6.63609e-06,3.03589e-06,6.31068e-06,-0.000445852,0.00460348,-0.00504414,25.7083,0,0.0107454
2025-03-12 00:00:00+00:00,-0.000159151,1.10953,0.200015,0.00920855,1.21471e-05,0.0137892,4.41373e-06,5.51716e-07,8.29555e-07,2.01196e-05,-0.00017152,0.0032361,-0.00340762,26.8542,0,0.0102204
2025-03-13 00:00:00+00:00,0.00137391,1.11105,0.20729,0.0121031,0.000436668,0.0123076,3.94033e-06,4.92542e-07,7.4507e-07,2.255e-05,0.00135745,-0.00329618,0.00465363,27,0,0.00941702
2025-03-14 00:00:00+00:00,-0.00206919,1.10875,0.204211,0.0106518,0.000675863,0.0214253,6.85387e-06,1.96372e-06,1.15357e-06,9.52403e-06,-0.00206922,0.00351727,-0.00558649,27.1042,0,0.0088174
2025-03-15 00:00:00+00:00,-0.000505691,1.10819,0.204891,0.00954067,-0.00197636,0,0,0,0,8.84737e-06,-0.000513933,0.0019798,-0.00249373,28,0,0.00701506
2025-03-16 00:00:00+00:00,0.000908941,1.1092,0.202053,0.00901234,-0.00316607,0,0,0,0,-1.24138e-05,0.00092183,-0.00391136,0.00483319,28,0,0.0077889
2025-03-17 00:00:00+00:00,-0.00233697,1.10661,0.201767,0.0167499,-0.00209907,0.0271088,8.67582e-06,3.10101e-06,2.81866e-06,2.62611e-05,-0.00234944,0.0018896,-0.00422031,27,0,0.0093216
2025-03-18 00:00:00+00:00,0.00362896,1.11062,0.198678,0.0206293,0.000189091,0.0146798,4.69681e-06,7.43791e-07,5.12159e-07,-2.2149e-05,0.00365385,0.00109403,0.00255982,27,0,0.0106447
2025-03-19 00:00:00+00:00,-0.000476571,1.11009,0.203897,0.0292798,0.00312572,0.0267041,8.54595e-06,4.96246e-06,1.26603e-06,4.42919e-05,-0.00050365,0.00540697,-0.00591062,27.6042,0,0.0119175
2025-03-20 00:00:00+00:00,0.00287103,1.11328,0.200031,0.0444125,0.00109417,0.0323167,1.03434e-05,4.57828e-06,1.70059e-06,0.000738281,0.00214856,-0.000580782,0.00272934,28.4167,0,0.0130899
2025-03-21 00:00:00+00:00,0.00422495,1.11798,0.20986,0.0505774,0.0027134,0.0236058,7.57416e-06,1.01139e-06,3.53802e-06,0.000325377,0.00392111,0.00413998,-0.000218874,29,0,0.0143273
2025-03-22 00:00:00+00:00,-0.00460649,1.11283,0.205474,0.0362911,0.00416076,0.00707143,2.26296e-06,2.8287e-07,7.4727e-07,0.00110702,-0.00571501,-0.00423565,-0.00147936,29,0,0.0108208
2025-03-23 00:00:00+00:00,-0.00443414,1.1079,0.197241,0.0367915,0.0112936,0.0206179,7.43697e-06,1.47925e-06,1.40882e-06,4.90252e-05,-0.00448084,-0.000198698,-0.00428214,28.3333,1,0.00755461
2025-03-24 00:00:00+00:00,0.00171771,1.1098,0.184476,0.033164,0.00938923,0.0298889,9.56814e-06,3.69188e-06,1.90518e-06,8.87621e-05,0.00164448,0.00512604,-0.00348269,26.4375,0,0.00516084
2025-03-25 00:00:00+00:00,-0.000169587,1.10961,0.185077,0.0318561,0.00722758,0.00895794,2.86628e-06,1.77421e-06,1.81127e-07,3.39815e-05,-0.000197788,0.00034307,-0.000540858,27,0,0.00719737
2025-03-26 00:00:00+00:00,-0.00168839,1.10774,0.180057,0.0283574,0.0027551,0.00774651,3.00196e-06,7.84358e-07,3.57655e-07,2.07339e-05,-0.00170547,-0.00227274,0.000567268,26.8333,1,0.00658399
2025-03-27 00:00:00+00:00,-0.00135569,1.10624,0.177546,0.0280209,0.00197317,0,0,0,0,1.26918e-05,-0.00136845,-0.000981194,-0.000387253,27,0,0.00596125
2025-03-28 00:00:00+00:00,0.000672739,1.10698,0.161632,0.0220671,-0.000457621,0.0206113,7.25092e-06,1.04281e-06,9.29319e-07,4.16566e-05,0.000640481,-0.00543584,0.00607632,27,1,0.0067831
2025-03-29 00:00:00+00:00,-0.000566205,1.10636,0.155695,0.0242367,0.00407243,0.00210456,6.73297e-07,8.41622e-08,1.3831e-07,4.12595e-05,-0.000606141,-0.00468347,0.00407733,27,0,0.00401331
2025-03-30 00:00:00+00:00,0.00162894,1.10816,0.152775,0.0237554,0.00544161,0.00221753,7.09719e-07,8.87149e-08,2.85442e-07,2.8842e-05,0.00160056,0.00118417,0.000416391,27,0,0.00310226
2025-03-31 00:00:00+00:00,-0.00124237,1.10678,0.131053,0.022425,0.00850359,0.0451557,1.44496e-05,2.22342e-06,3.56279e-06,1.04153e-05,-0.00123266,-0.00133924,1.7034e-05,24,0,0.00625299
2025-04-01 00:00:00+00:00,0.00185502,1.10883,0.145859,0.0176475,0.00952411,0.0311432,9.96664e-06,1.24583e-06,2.04423e-06,3.80764e-06,0.00186429,0.00320076,-0.00133647,24,0,0.0113358
2025-04-02 00:00:00+00:00,0.00320524,1.11239,0.183038,0.017638,0.00417856,0.109702,3.51226e-05,4.39033e-06,5.76998e-06,-5.03357e-06,0.00325363,-0.00460962,0.00786325,24.3333,0,0.0134472
2025-04-03 00:00:00+00:00,-0.00052332,1.11181,0.254673,0.0137927,0.00318269,0.045876,1.46788e-05,1.83485e-06,2.98588e-06,3.52753e-05,-0.000535545,0.00114164,-0.00167718,26.4167,0,0.0145414
2025-04-04 00:00:00+00:00,0.000464763,1.11232,0.279993,0.00903465,0.00436935,0.0417,1.33437e-05,2.42185e-06,3.57118e-06,3.89808e-05,0.000449831,0.00203743,-0.0015876,27,0,0.0163501
2025-04-05 00:00:00+00:00,-0.000411077,1.11186,0.308427,0.0232028,0.010786,0.0448488,1.43508e-05,3.35363e-06,2.6905e-06,3.62833e-05,-0.00042165,-0.00220182,0.00178017,27,0,0.0165465
2025-04-06 00:00:00+00:00,0.00175279,1.11381,0.329398,0.0213081,0.00874774,0.0903967,2.893e-05,3.9397e-06,5.54975e-06,-7.15816e-05,0.0018694,-0.0194388,0.0213082,27.1458,0,0.0169961
2025-04-07 00:00:00+00:00,0.00807871,1.12281,0.402917,0.0164334,0.00206072,0.385878,0.000124299,3.39682e-05,5.42704e-05,-2.92529e-05,0.00830368,0.00605148,0.00242053,26.9167,1,0.020136
2025-04-08 00:00:00+00:00,0.00776897,1.13154,0.442149,0.0235813,0.00469587,0.227233,7.27444e-05,1.15036e-05,1.26461e-05,-0.000100421,0.00794484,-0.00645675,0.0144016,27.8542,0,0.0210999
2025-04-09 00:00:00+00:00,0.00941413,1.14219,0.565852,0.0388395,0.00610175,0.214513,6.86579e-05,2.46624e-05,1.52827e-05,-6.2135e-05,0.0095567,0.0405223,-0.0309656,28,0,0.0251245
2025-04-10 00:00:00+00:00,-0.00169812,1.14025,0.582869,0.0415046,0.00481051,0.0640377,2.04895e-05,4.38324e-06,4.16664e-06,-6.58932e-05,-0.0015975,-0.0142377,0.0126402,28,0,0.0250074
2025-04-11 00:00:00+00:00,0.00308278,1.14376,0.599663,0.0485352,0.00498504,0.09321,2.98287e-05,1.31185e-05,8.08804e-06,-9.31181e-05,0.00325506,0.016369,-0.0131139,28.3958,0,0.0209156
2025-04-12 00:00:00+00:00,0.00257042,1.1467,0.582073,0.0375116,0.00481328,0.173058,5.54169e-05,2.7507e-05,2.0279e-05,-8.56812e-05,0.00278114,0.0198988,-0.0171177,29,0,0.01875
2025-04-13 00:00:00+00:00,0.00925795,1.15732,0.572317,0.021625,-0.000283148,0.0824142,2.63773e-05,9.80919e-06,7.05982e-06,0.000119613,0.00915622,-0.00479679,0.013953,29,0,0.0179677
2025-04-14 00:00:00+00:00,0.00586775,1.16411,0.637359,0.0142454,-0.000520518,0.242689,7.76619e-05,1.47489e-05,1.56913e-05,0.000202861,0.00576824,0.00497548,0.000873359,28.8125,0,0.0225123
2025-04-15 00:00:00+00:00,0.00711087,1.17239,0.767361,-0.0100899,-0.011376,0.19919,6.37918e-05,8.00469e-06,1.19291e-05,0.000186236,0.00700137,-0.00778618,0.0147876,29.1875,0,0.0275529
2025-04-16 00:00:00+00:00,-0.00219188,1.16982,0.459008,-0.0119129,-0.00524117,1.2684,0.000405892,0.000118334,4.69654e-05,7.86592e-05,-0.00169365,-0.00106484,-0.000627683,27.5,0,0.0307213
2025-04-17 00:00:00+00:00,0.000736106,1.17068,0.210875,0.0261071,-0.00272828,0.588418,0.000188298,0.000112801,2.2268e-05,0.000100854,0.000964955,0.00342964,-0.00246447,15.4167,0,0.0302918
2025-04-18 00:00:00+00:00,-0.00394643,1.16606,0.22549,0.0330789,0.000715287,0.177055,5.66494e-05,2.81842e-05,7.828e-06,5.22917e-05,-0.00390279,-0.00286809,-0.0010347,13.7917,0,0.0281338
2025-04-19 00:00:00+00:00,0.00220754,1.16863,0.295661,0.0366742,-0.00115171,0.0885804,2.83436e-05,1.75801e-05,3.62174e-06,7.96391e-05,0.00218472,0.00456983,-0.00238511,15.125,0,0.0280223
2025-04-20 00:00:00+00:00,0.000702358,1.16945,0.310245,0.0326917,-0.00951632,0.0438431,1.40305e-05,1.09685e-05,1.35612e-06,9.83712e-05,0.000642616,0.00117629,-0.000533671,17.0625,0,0.0266516
2025-04-21 00:00:00+00:00,0.00114116,1.17079,0.389813,0.0434261,0.00141737,0.144291,4.61922e-05,3.93877e-05,1.62942e-05,0.000122159,0.00112841,-0.00204256,0.00322086,19.7708,0,0.0265241
2025-04-22 00:00:00+00:00,0.0063275,1.1782,0.41933,0.0414244,-0.00285982,0.200114,6.40375e-05,4.65651e-05,1.33731e-05,0.00016134,0.00629556,0.0231443,-0.0168487,21.125,0,0.0276423
2025-04-23 00:00:00+00:00,-0.0101502,1.16624,0.466993,0.040354,-0.00211048,0.149128,5.71611e-05,4.47688e-05,3.22793e-05,5.53623e-05,-0.0100534,0.00565853,-0.015712,22.5625,2,0.0247577
2025-04-24 00:00:00+00:00,0.00453451,1.17153,0.392881,0.0231634,-0.0128168,0.105203,3.36773e-05,2.44499e-05,5.58109e-06,-2.0919e-05,0.00462718,0.00473813,-0.000110948,24,0,0.0217428
2025-04-25 00:00:00+00:00,-0.00137505,1.16992,0.380005,0.00590445,-0.0145596,0.0547435,1.75146e-05,6.00492e-06,2.89609e-06,3.81241e-05,-0.00137045,-0.00108426,-0.000286189,24,0,0.0190886
2025-04-26 00:00:00+00:00,0.00284785,1.17325,0.377129,0.00335603,-0.0115617,0.0231742,7.41527e-06,1.95815e-06,2.43114e-06,1.32516e-05,0.00284747,0.00350915,-0.000661686,24,0,0.0167901
2025-04-27 00:00:00+00:00,-0.000434851,1.17274,0.394858,0.00172548,-0.0125309,0.0765616,2.44935e-05,5.17602e-06,4.76825e-06,-1.87672e-05,-0.000362994,-0.00136838,0.00100539,24.5625,0,0.018787
2025-04-28 00:00:00+00:00,-0.000109605,1.17261,0.359366,-0.00881943,-0.00510512,0.178401,5.7069e-05,2.44846e-05,2.92377e-05,0.000111413,-0.000101025,0.00260176,-0.00272822,21.7708,0,0.0188116
2025-04-29 00:00:00+00:00,-0.00342379,1.16859,0.354251,-0.0136348,-0.00208661,0.0369075,1.18046e-05,4.94174e-06,2.06028e-06,0.00011314,-0.00351686,-0.00460099,0.00108413,22,0,0.0187514
2025-04-30 00:00:00+00:00,0.000472712,1.16915,0.344579,-0.0182306,-0.00935347,0.0447228,1.43103e-05,2.94122e-06,3.31592e-06,7.35728e-05,0.000425141,0.00241717,-0.00199203,23.1458,0,0.0156272
2025-05-01 00:00:00+00:00,-0.00395412,1.16452,0.335806,-0.0104867,-0.00978845,0.0199664,6.39013e-06,1.27616e-06,9.33361e-07,6.15412e-05,-0.00401038,-0.000323313,-0.00368707,24,0,0.0123255
2025-05-02 00:00:00+00:00,-0.00237626,1.16176,0.318506,-0.00460168,-0.00118349,0.0517248,1.66458e-05,7.92465e-06,2.47646e-06,1.00423e-05,-0.00235408,8.46449e-05,-0.00243872,23.6667,1,0.0107666
2025-05-03 00:00:00+00:00,-0.00382739,1.15731,0.293865,-0.00779331,-0.000989798,0.0136615,4.36958e-06,6.93596e-07,8.1509e-07,4.39032e-05,-0.0038695,-0.00697611,0.00310662,23.0625,0,0.0120132
2025-05-04 00:00:00+00:00,0.000820777,1.15826,0.29017,-0.0119256,-0.0017937,0.0135214,4.3263e-06,3.18157e-06,5.63891e-07,7.99209e-05,0.000750204,-0.00342499,0.0041752,24,0,0.0113286
2025-05-05 00:00:00+00:00,-0.000790043,1.15734,0.299664,-0.0030848,0.00583131,0.0373708,1.19548e-05,2.08595e-06,3.59845e-06,3.91681e-05,-0.000808679,0.00117606,-0.0019564,23.9583,0,0.00970901
2025-05-06 00:00:00+00:00,0.00100444,1.15851,0.294972,0.00257147,0.0112243,0.0287461,9.20055e-06,1.60454e-06,1.56427e-06,0.000528097,0.000492627,-0.00114669,0.00163931,24,0,0.0104412
2025-05-07 00:00:00+00:00,-0.00590027,1.15167,0.269141,0.00885665,0.00661062,0.068178,2.25023e-05,5.8012e-06,5.53462e-06,0.000415765,-0.00629072,-0.00250066,-0.00379006,24.7708,1,0.0102128
2025-05-08 00:00:00+00:00,0.00328864,1.15546,0.25673,0.0111786,0.00496643,0.0609871,2.22901e-05,4.00809e-06,4.40418e-06,0.000175692,0.0031421,0.0163411,-0.013199,24.6875,1,0.00780975
2025-05-09 00:00:00+00:00,0.00223376,1.15804,0.252426,0.00968642,-0.00286061,0.0494195,1.58184e-05,3.2553e-06,3.46335e-06,6.02284e-05,0.00220009,0.00652497,-0.00432488,24,0,0.00537135
2025-05-10 00:00:00+00:00,-0.00203495,1.15568,0.214741,0.0164239,0.00479285,0.0428284,1.76257e-05,2.02595e-05,2.33525e-06,4.15304e-05,-0.00203518,0.00517413,-0.00720931,22.2708,3,0.0056256
2025-05-11 00:00:00+00:00,0.00202154,1.15802,0.207929,0.0164199,0.00267714,0.00206235,6.59767e-07,8.24709e-08,2.59673e-07,6.68875e-06,0.00201612,-0.00275853,0.00477464,22,0,0.00464124
2025-05-12 00:00:00+00:00,0.00432771,1.16303,0.197488,0.0163924,0.000859165,0.0316466,1.01289e-05,5.78867e-06,4.10107e-06,1.34467e-05,0.00432709,0.00344432,0.000909651,21,0,0.00533975
2025-05-13 00:00:00+00:00,-5.0246e-05,1.16297,0.193039,0.0136359,-7.94883e-05,0.00835964,2.67486e-06,2.12832e-06,4.30159e-07,4.27174e-05,-8.67235e-05,0.00286593,-0.00295266,21.2708,0,0.00707764
2025-05-14 00:00:00+00:00,-5.75476e-05,1.16291,0.207496,0.0112595,0.0028431,0.0261722,8.37221e-06,5.66181e-06,1.16703e-06,4.53765e-05,-8.48713e-05,-0.00363074,0.00354587,23.3542,0,0.0100605
2025-05-15 00:00:00+00:00,-0.000228179,1.16264,0.203124,0.0125488,0.0047393,0.0170764,5.46289e-06,1.20073e-06,4.05802e-07,1.33101e-05,-0.000232863,-0.00430191,0.00406905,24.2708,0,0.00905053
2025-05-16 00:00:00+00:00,0.00134675,1.16421,0.218094,0.00911038,0.0056782,0.0137285,4.39273e-06,1.00719e-06,1.2758e-06,1.10878e-05,0.0013426,-0.000421909,0.00176451,25.75,0,0.00996811
2025-05-17 00:00:00+00:00,-0.00184478,1.16206,0.21362,0.0068891,0.00239593,0.00633267,2.02631e-06,2.53288e-07,2.30464e-07,2.65154e-05,-0.0018695,-0.00372899,0.0018595,26.3542,0,0.0096218
2025-05-18 00:00:00+00:00,0.00246776,1.16493,0.224593,0.00794094,0.00694951,0.00711535,2.27777e-06,2.84721e-07,3.18895e-07,4.4107e-05,0.00242608,0.00785729,-0.00543121,27,0,0.00966822
2025-05-19 00:00:00+00:00,0.00190669,1.16715,0.252668,-0.000376719,-0.00143489,0.117888,3.77239e-05,4.71549e-06,9.47491e-06,1.00127e-05,0.00194956,-0.000495905,0.00234503,26,0,0.0151892
2025-05-20 00:00:00+00:00,-0.00490676,1.16142,0.321384,-0.00068035,0.00198393,0.0515725,1.64992e-05,2.06239e-06,2.14928e-06,3.59748e-05,-0.00492822,-0.00227094,-0.00265729,26.75,0,0.0171466
2025-05-21 00:00:00+00:00,-0.00222607,1.15883,0.350877,0.00790896,0.00231852,0.112856,3.68914e-05,6.32427e-06,2.03515e-05,-1.14366e-05,-0.0021158,0.00893209,-0.0110479,28.3958,1,0.0132928
2025-05-22 00:00:00+00:00,-0.00284281,1.15554,0.338059,0.0118967,0.00337944,0.04457,1.42648e-05,3.69068e-06,2.29822e-06,3.07504e-05,-0.00284997,0.00777199,-0.010622,28,0,0.0125502
2025-05-23 00:00:00+00:00,-0.0053524,1.14936,0.270428,0.00766019,0.00381647,0.0888361,3.23983e-05,1.52993e-05,5.50857e-06,-4.56615e-05,-0.00526315,-0.0109068,0.00564366,28.0833,1,0.010311
2025-05-24 00:00:00+00:00,0.000285005,1.14968,0.234073,-0.00213743,-0.00116238,0.00884365,2.83126e-06,4.98763e-07,7.03471e-07,-4.00051e-05,0.000331235,0.00203683,-0.0017056,28,0,0.00663539
2025-05-25 00:00:00+00:00,0.000601972,1.15038,0.224696,-0.0043312,-0.00512169,0.00872131,2.791e-06,3.48875e-07,2.7466e-07,-2.84154e-05,0.000634785,4.07376e-05,0.000594047,28,0,0.0097386
2025-05-26 00:00:00+00:00,0.000821876,1.15132,0.204616,0.00122619,0.00514997,0.0899629,2.87889e-05,6.50005e-06,1.37214e-05,-1.94647e-05,0.000890612,-0.000573894,0.0013781,25,0,0.0128633
2025-05-27 00:00:00+00:00,0.00064433,1.15206,0.227765,-0.000717056,0.00870632,0.0584633,1.87084e-05,2.33856e-06,1.74463e-06,-7.31797e-06,0.000675268,0.00259122,-0.00190163,24.5833,0,0.0165147
2025-05-28 00:00:00+00:00,0.00486234,1.15766,0.269156,-0.0120876,0.00787187,0.0739108,2.36598e-05,2.95747e-06,3.01837e-06,-0.000159819,0.00504357,0.000611331,0.00443223,24.2917,0,0.0183924
2025-05-29 00:00:00+00:00,-0.000306998,1.15731,0.338887,-0.0224329,0.0111102,0.0693526,2.21945e-05,3.45289e-06,2.18271e-06,-1.37957e-05,-0.000261796,-0.00690213,0.00664033,26,0,0.0227108
2025-05-30 00:00:00+00:00,-0.000268666,1.157,0.377828,-0.0268023,0.0022363,0.126995,4.06467e-05,7.35121e-06,4.95544e-06,-3.74384e-05,-0.000172692,-0.0210905,0.0209174,25.0833,0,0.0232826
2025-05-31 00:00:00+00:00,0.000261391,1.1573,0.513265,-0.0597855,0.00199863,0.134505,4.29971e-05,1.18522e-05,6.53192e-06,-0.000162087,0.000508303,0.00577089,-0.00526259,27.625,0,0.0222484
2025-06-01 00:00:00+00:00,0.00019416,1.15752,0.540772,-0.0575885,-0.00145315,0.0588764,1.88416e-05,2.5254e-06,2.84488e-06,-1.47061e-05,0.000240224,0.00487769,-0.00463746,28,0,0.022212
2025-06-02 00:00:00+00:00,0.00691759,1.16553,0.602184,-0.0131491,0.00999019,0.206196,6.60269e-05,1.19587e-05,1.85365e-05,5.61908e-05,0.00694232,0.00780174,-0.000855374,27.9792,0,0.0235415
2025-06-03 00:00:00+00:00,0.00194923,1.1678,0.628856,0.00590328,0.0141583,0.13577,4.34615e-05,6.38862e-06,6.72833e-06,5.39621e-05,0.00196358,0.000855683,0.0011079,28.4583,0,0.0266886
2025-06-04 00:00:00+00:00,0.011216,1.1809,0.641465,-0.00856934,0.0119448,0.214712,6.87402e-05,1.35857e-05,1.08772e-05,0.000489001,0.0107753,0.000665056,0.0101103,29.9792,0,0.0285328
2025-06-05 00:00:00+00:00,0.00255138,1.18392,0.746474,-0.0606521,0.00663093,0.252591,8.08414e-05,1.95617e-05,1.21178e-05,6.87073e-05,0.00260765,-0.024656,0.0272637,30,0,0.0309629
2025-06-06 00:00:00+00:00,-0.0029076,1.18047,0.74917,-0.0594502,0.0020227,0.774674,0.00024791,5.01013e-05,2.84859e-05,-0.000162124,-0.00240408,0.00673746,-0.00914154,30,0,0.0339683
2025-06-07 00:00:00+00:00,0.00797734,1.18989,0.798804,-0.0276815,0.0148859,0.244696,7.83474e-05,2.68567e-05,7.20487e-06,0.000155156,0.00793251,0.0186833,-0.0107508,30,0,0.0330999
2025-06-08 00:00:00+00:00,0.00112381,1.19123,0.807243,-0.040024,0.00679691,0.273016,8.73445e-05,2.06377e-05,8.75998e-06,0.000209428,0.00104421,0.00301947,-0.00197526,30,0,0.0344083
2025-06-09 00:00:00+00:00,8.35113e-05,1.19133,0.962354,-0.0225649,-0.0289187,0.57019,0.000182536,5.10894e-05,8.84547e-05,0.00071072,-0.000287221,0.0358065,-0.0359894,30,0,0.0345866
2025-06-10 00:00:00+00:00,-0.00540444,1.18489,1.04235,0.0336929,-0.0183843,0.52649,0.000168207,7.05808e-05,2.15939e-05,0.00080185,-0.00591183,0.0184665,-0.0243716,29.9375,0,0.0365562
2025-06-11 00:00:00+00:00,-0.00237692,1.18207,1.05927,0.094905,-0.00223207,0.312385,9.99644e-05,2.00062e-05,1.75693e-05,0.000658176,-0.00285544,-0.0213887,0.0185332,29.5,0,0.0345647
2025-06-12 00:00:00+00:00,-0.00210102,1.17959,0.968338,0.0713911,-0.00301353,0.148731,4.76026e-05,1.24621e-05,6.26914e-06,-3.46275e-05,-0.0019902,-0.0350309,0.0330407,30,0,0.031845
2025-06-13 00:00:00+00:00,0.00275312,1.18284,0.913113,0.0526935,0.00184451,0.302994,9.69708e-05,1.92551e-05,1.42001e-05,-6.94276e-05,0.00296214,-0.00216396,0.00512609,30,0,0.0309303
2025-06-14 00:00:00+00:00,0.000309326,1.1832,0.990417,0.0587859,0.00411283,0.186659,5.97385e-05,1.92086e-05,1.12328e-05,1.76585e-05,0.000389454,-0.0108257,0.0112151,30,0,0.030692
2025-06-15 00:00:00+00:00,-0.00270972,1.18,1.09533,0.0467033,0.000677466,0.180703,5.78207e-05,1.11459e-05,5.92313e-06,-4.63249e-05,-0.00258428,0.00288911,-0.0054734,30,0,0.0313356
2025-06-16 00:00:00+00:00,0.00939334,1.19108,1.38042,0.0897514,0.00311678,0.778679,0.000249315,0.000125137,6.01419e-05,0.000806376,0.0090248,0.00702626,0.00204889,30,0,0.0304642
2025-06-17 00:00:00+00:00,0.0018158,1.19324,1.32316,0.0304701,-0.00860893,0.176266,5.64453e-05,7.13434e-06,6.93768e-06,0.000324246,0.00158548,-0.0218457,0.0234312,30,0,0.0326987
2025-06-18 00:00:00+00:00,0.000777639,1.19417,1.37815,0.0419797,-0.00164091,0.22573,8.18446e-05,1.95704e-05,3.12615e-05,0.000258766,0.000675895,0.00030493,0.000370965,30,1,0.0332329
2025-06-19 00:00:00+00:00,-0.00471407,1.18854,1.42795,0.062847,0.00903277,0.221852,7.08878e-05,3.23982e-05,1.9235e-05,0.000189958,-0.00474633,-0.00648495,0.00173861,30,0,0.033196
2025-06-20 00:00:00+00:00,0.00653236,1.1963,1.44179,0.0712916,0.00721219,0.24608,7.87996e-05,3.51318e-05,1.3661e-05,1.89226e-05,0.00666037,-0.0227029,0.0293633,30,0,0.0341753
2025-06-21 00:00:00+00:00,-0.00563856,1.18956,1.44207,0.0776649,0.001021,0.240732,7.70617e-05,1.3023e-05,1.31624e-05,0.000145277,-0.0056504,-0.0344139,0.0287635,30,0,0.0358469
2025-06-22 00:00:00+00:00,0.00425104,1.19462,1.43759,0.0732432,-0.00378233,0.27286,8.73413e-05,2.65759e-05,1.5056e-05,0.000124066,0.004305,-0.0187637,0.0230687,30,0,0.0344508
2025-06-23 00:00:00+00:00,0.00261885,1.19774,1.50494,0.113881,0.00679602,0.348403,0.000111528,0.000105346,2.22604e-05,-6.15138e-05,0.00296894,0.066725,-0.0637574,30,0,0.0352061
2025-06-24 00:00:00+00:00,0.00376711,1.20226,1.50472,0.0941545,0.000469616,0.263145,8.4194e-05,8.49186e-05,1.44708e-05,-1.85166e-05,0.00398619,0.00192955,0.00205664,30,0,0.0352278
2025-06-25 00:00:00+00:00,0.00948007,1.21365,1.39407,0.098884,-0.00154995,0.155486,4.98447e-05,6.07667e-05,1.11286e-05,-0.000274499,0.00985224,-0.0136778,0.0235301,30,0,0.0375762
2025-06-26 00:00:00+00:00,0.0110092,1.22702,1.26882,0.056934,-0.00819205,0.640866,0.000205103,0.000277935,2.84462e-05,-0.000230732,0.0117097,-0.00704925,0.0187589,30,0,0.0417541
2025-06-27 00:00:00+00:00,-0.0125277,1.21164,1.0059,-0.0184783,-0.0154228,0.373219,0.000119341,0.000134227,1.04154e-05,-0.000486804,-0.0118374,0.00635283,-0.0181902,30,0,0.04307
2025-06-28 00:00:00+00:00,0.00187515,1.21392,0.914511,-0.0523385,-0.01907,0.0926153,2.96388e-05,3.60139e-05,2.65806e-06,-0.000372911,0.00233621,0.00899686,-0.00666065,30,0,0.0396788
2025-06-29 00:00:00+00:00,-0.0010023,1.2127,0.892341,-0.061274,-0.0289856,0.214226,6.85426e-05,7.36508e-05,1.22211e-05,-0.000889325,7.45308e-05,0.0207588,-0.0206843,30,0,0.0398232
2025-06-30 00:00:00+00:00,0.00348606,1.21693,0.957247,-0.0465843,-0.0055525,0.896757,0.000286983,0.000204472,4.66308e-05,-7.52652e-06,0.0040375,-0.013859,0.018091,30,0,0.04073
2025-07-01 00:00:00+00:00,-0.00205253,1.21443,0.917634,-0.101832,-0.0128629,1.62849,0.000521057,0.000261135,6.42514e-05,3.87283e-05,-0.00123765,-0.0217637,0.0205261,29.5625,0,0.0440773
2025-07-02 00:00:00+00:00,0.000828139,1.21543,0.760097,-0.0330722,-0.0116199,1.74738,0.000559291,0.000133266,5.92513e-05,-3.28596e-05,0.00163576,0.0232427,-0.0216073,22.6875,0,0.045337
2025-07-03 00:00:00+00:00,0.00110704,1.21678,1.32171,0.00601649,-0.0347921,2.23957,0.000716625,0.000115954,9.71986e-05,0.000226984,0.00184043,0.0081099,-0.00626938,26.8125,0,0.0480014
2025-07-04 00:00:00+00:00,0.00451727,1.22228,1.07727,0.0291901,0.00368131,2.07641,0.000664528,0.000138105,8.56174e-05,0.000183676,0.00522426,-0.0224087,0.0276332,24.7917,0,0.0472148
2025-07-05 00:00:00+00:00,0.0033568,1.22638,1.26773,-0.0213814,-0.0106686,0.794259,0.000254201,5.07232e-05,3.27208e-05,-0.000135886,0.00384324,0.00481413,-0.000970892,25.4167,0,0.0445862
2025-07-06 00:00:00+00:00,-0.000822631,1.22537,1.36866,-0.0470611,-0.0154025,0.507257,0.000162264,6.07634e-05,2.94224e-05,-0.000414873,-0.000143363,0.012171,-0.0123144,26,0,0.044009
2025-07-07 00:00:00+00:00,-0.00434967,1.22004,1.52267,0.0548981,0.0208123,0.775233,0.000247992,6.27101e-05,9.07626e-05,-0.000103929,-0.00382344,-0.0174885,0.0136698,25.1458,0,0.0440368
2025-07-08 00:00:00+00:00,-1.94297e-05,1.22002,1.5007,0.0538956,0.0142124,0.272307,8.71106e-05,2.0138e-05,1.13643e-05,2.83748e-05,0.000111846,0.0112055,-0.0110937,26.2708,0,0.0436846
2025-07-09 00:00:00+00:00,0.00219403,1.22269,1.52104,0.0228297,0.00104707,0.505164,0.000161602,8.68508e-05,2.02403e-05,0.000189012,0.00230264,0.038887,-0.0365843,27,0,0.0425971
2025-07-10 00:00:00+00:00,0.0146026,1.24055,1.43961,-0.0492926,-0.0132806,1.06503,0.000349693,0.000152924,4.38886e-05,1.28139e-05,0.0150864,0.0663315,-0.0512451,27.7083,2,0.0433399
2025-07-11 00:00:00+00:00,-0.0143984,1.22269,1.21117,-0.0946252,-0.0023001,0.866938,0.00028177,0.000101378,5.30045e-05,4.27753e-05,-0.0140364,0.00283746,-0.0168738,26.4167,1,0.0436711
2025-07-12 00:00:00+00:00,0.00881667,1.23347,1.15877,-0.0700232,0.00424753,0.756146,0.000242038,0.000121424,4.24457e-05,-7.28159e-05,0.00929654,-0.00561663,0.0149132,27.8333,0,0.0423498
2025-07-13 00:00:00+00:00,-0.00398514,1.22855,0.984411,0.0118403,0.00149755,0.842956,0.00027559,0.000149622,4.56905e-05,2.78255e-05,-0.00351305,0.00967924,-0.0131923,29.0833,1,0.0442519
2025-07-14 00:00:00+00:00,0.00550879,1.23532,1.20017,0.105286,0.0133656,0.861739,0.000282522,0.000226825,9.17513e-05,2.62557e-05,0.00610996,0.0123382,-0.00623214,29.9583,1,0.0423133
2025-07-15 00:00:00+00:00,0.00255531,1.23848,0.58379,0.0326711,0.000914688,1.51011,0.000483235,0.000334623,5.4702e-05,7.92196e-05,0.0033681,0.00239913,0.00096855,26.0417,0,0.0410278
2025-07-16 00:00:00+00:00,-0.0162076,1.2184,0.511144,0.0415309,-0.000426687,1.12031,0.000369838,0.00010549,5.95966e-05,4.80609e-05,-0.0158216,0.00281614,-0.0186377,19.1667,1,0.0395698
2025-07-17 00:00:00+00:00,0.00429433,1.22364,0.594894,0.0854317,0.00264677,0.616322,0.000216336,4.87134e-05,7.92226e-05,4.91435e-05,0.00463613,0.00445206,0.000184075,23.4375,2,0.035423
2025-07-18 00:00:00+00:00,0.00588141,1.23083,0.785813,0.0750635,0.00963305,0.713064,0.000228276,8.14441e-05,3.29255e-05,2.62826e-05,0.0062204,-0.00329822,0.00951862,25.8958,0,0.034101
2025-07-19 00:00:00+00:00,-0.0063487,1.22302,0.948318,0.0750117,0.00733379,0.302817,9.68944e-05,4.43246e-05,1.60218e-05,3.70851e-05,-0.00622245,0.00639585,-0.0126183,26.875,0,0.0359614
2025-07-20 00:00:00+00:00,0.00325165,1.22699,0.767798,0.0826272,0.00947049,1.44989,0.000464006,0.000197591,4.59175e-05,4.07418e-05,0.0039521,0.0243718,-0.0204299,25.9375,0,0.0422429
2025-07-21 00:00:00+00:00,-0.016388,1.20689,0.657888,0.102677,0.0205139,1.62461,0.000519534,0.00036608,0.000118107,0.000143292,-0.0155931,0.00496921,-0.0203499,22.1458,0,0.0396354
2025-07-22 00:00:00+00:00,0.00874603,1.21744,0.714529,0.0606327,0.0125311,0.283468,9.07192e-05,2.79102e-05,1.05649e-05,0.000102847,0.00879676,0.00946067,-0.000663912,24.625,0,0.0363492
2025-07-23 00:00:00+00:00,0.000114645,1.21758,0.894101,0.0232466,-0.00378616,0.340271,0.000108929,4.72002e-05,1.35185e-05,9.18792e-05,0.000296602,-0.0367153,0.0370119,25.9375,0,0.035583
2025-07-24 00:00:00+00:00,0.00982385,1.22954,1.02659,-0.0323636,-0.00348005,0.452989,0.000144973,0.000108359,2.03968e-05,4.386e-05,0.0100504,-0.00775838,0.0178088,26.9375,0,0.0350605
2025-07-25 00:00:00+00:00,-0.00206704,1.227,1.16448,-0.0271887,0.00217476,0.464777,0.000148687,0.000120631,1.48829e-05,7.79686e-05,-0.00184353,0.0157182,-0.0175618,28,0,0.0354941
2025-07-26 00:00:00+00:00,0.00179448,1.2292,1.0151,0.0135463,0.00567975,0.601275,0.00019236,0.000113302,1.32093e-05,3.14778e-05,0.00210187,0.00657844,-0.00447657,28,0,0.0350025
2025-07-27 00:00:00+00:00,0.00356477,1.23358,0.899893,0.0389409,0.00908684,0.605667,0.000193928,8.0474e-05,1.91304e-05,1.18656e-05,0.00386205,0.0127327,-0.00887032,27.9583,0,0.0358366
2025-07-28 00:00:00+00:00,0.0255758,1.26513,1.00224,0.127132,0.0315171,0.935837,0.0002996,0.000117833,6.81491e-05,-1.46302e-05,0.0258439,-0.0133926,0.0390847,28,0,0.0393879
2025-07-29 00:00:00+00:00,0.00940503,1.27703,0.849135,0.0954082,0.0086995,1.02784,0.000329021,0.000219485,3.70292e-05,2.77988e-05,0.00999978,0.000891721,0.00910806,28,0,0.0470092
2025-07-30 00:00:00+00:00,0.0113738,1.29156,0.812119,0.0517508,0.00807197,1.28721,0.000412079,0.000171516,4.41861e-05,5.58293e-05,0.0119239,0.0028837,0.00904024,28.1042,0,0.0529944
2025-07-31 00:00:00+00:00,0.00875762,1.30287,0.897714,0.0629816,-0.00501138,1.14133,0.000365329,6.49968e-05,3.59602e-05,8.49782e-05,0.00916181,-0.0113571,0.0205189,29,0,0.0554217
2025-08-01 00:00:00+00:00,-0.0045803,1.2969,0.83787,0.0833552,-0.00100082,1.72823,0.000552998,0.000115335,4.86729e-05,6.33045e-05,-0.00388035,-0.017295,0.0134145,27.1667,0,0.0565582
2025-08-02 00:00:00+00:00,-0.0070413,1.28777,1.0274,0.103724,0.0128572,1.191,0.000381093,6.14114e-05,4.27975e-05,5.61657e-05,-0.00660433,-0.0158293,0.00922501,25,0,0.0541739
2025-08-03 00:00:00+00:00,0.0110917,1.30205,1.16119,0.0999842,0.00909104,0.862895,0.00027621,9.4275e-05,2.70265e-05,0.000129231,0.0113331,0.0328446,-0.0215047,25.4167,0,0.0548133
2025-08-04 00:00:00+00:00,-0.00588986,1.29438,1.31509,0.130519,0.0255178,1.72238,0.000551145,0.000280625,0.00011789,7.22058e-05,-0.00498492,0.0223195,-0.0277999,29.7083,0,0.0565442
2025-08-05 00:00:00+00:00,-0.00356533,1.28977,0.86489,0.102359,0.012919,1.2945,0.00041417,0.000142772,4.00227e-05,8.8082e-05,-0.00302733,-0.0176757,0.0146484,30,0,0.0554988
2025-08-06 00:00:00+00:00,0.0161994,1.31066,0.53433,0.0793634,0.0115932,0.653786,0.000209299,8.88112e-05,2.18055e-05,5.08367e-05,0.0163675,0.0173345,-0.00096706,30,0,0.0574708
2025-08-07 00:00:00+00:00,-0.00425104,1.30509,0.906092,0.150517,0.0278818,1.60648,0.000514063,0.000369684,5.48304e-05,-2.2813e-05,-0.00324425,0.0218983,-0.0251425,30,0,0.0611778
2025-08-08 00:00:00+00:00,-0.0102526,1.29171,1.2757,0.228333,0.028166,1.98745,0.000635784,0.000312357,6.18955e-05,7.30376e-05,-0.00931003,0.0029325,-0.0122425,30,0,0.0600979
2025-08-09 00:00:00+00:00,-0.0206587,1.26503,1.43255,0.25707,0.0157615,1.17289,0.000374934,0.000162918,4.38936e-05,-9.17546e-06,-0.0202231,-0.00204851,-0.0181745,30,0,0.0546019
2025-08-10 00:00:00+00:00,0.0114713,1.27954,1.09237,0.212423,0.00579721,1.93526,0.000619608,0.000145961,5.32725e-05,-2.60486e-05,0.012284,0.00906526,0.00320267,28.0625,0,0.0501834
2025-08-11 00:00:00+00:00,0.0231889,1.30921,1.13114,0.18833,0.00449737,1.84265,0.000590041,0.000223649,6.18479e-05,8.57921e-05,0.0237673,-0.0136729,0.03744,25.4792,0,0.0527116
2025-08-12 00:00:00+00:00,-0.00530332,1.30227,1.1859,0.0896974,-0.00690318,2.02265,0.00064719,0.000156306,7.26666e-05,0.000125672,-0.00450604,0.0398821,-0.0443881,29,0,0.0588768
2025-08-13 00:00:00+00:00,0.00070774,1.30319,1.23433,0.138501,0.00469128,2.04765,0.00065529,0.000156027,7.8464e-05,-8.85744e-06,0.00167072,0.0177958,-0.0161251,29.9583,0,0.0568167
2025-08-14 00:00:00+00:00,0.0102309,1.31652,1.36476,0.184648,0.00154691,2.08593,0.000667641,0.000169182,8.88436e-05,4.36751e-05,0.0111138,-0.0456864,0.0567932,29.9792,0,0.0551358
2025-08-15 00:00:00+00:00,-0.0105873,1.30258,1.49356,0.145075,-0.0030504,1.62278,0.000519126,0.000174786,7.57362e-05,-1.7596e-05,-0.00978391,-0.0138055,0.00402156,30,0,0.0552539
2025-08-16 00:00:00+00:00,0.00777282,1.31271,1.61409,0.10549,-0.00818739,0.960715,0.000307512,0.000108193,3.38412e-05,-1.82684e-05,0.00824175,0.0113424,-0.00310062,30,0,0.0541601
2025-08-17 00:00:00+00:00,0.0087103,1.32414,1.87413,0.138215,0.00142824,0.863114,0.000276271,0.000117253,3.24002e-05,-7.88176e-06,0.00917279,0.0190226,-0.0098498,30,0,0.0555492
2025-08-18 00:00:00+00:00,-0.00162239,1.32199,0.834219,-0.02396,-0.0164365,3.84665,0.00123076,0.000457344,0.000206497,-1.46101e-05,0.000309215,-0.0163362,0.0165986,26.6042,0,0.0580599
2025-08-19 00:00:00+00:00,-0.00150694,1.32,0.59538,-0.0434914,-0.012956,1.1986,0.000383518,0.000186926,3.03644e-05,1.78585e-05,-0.000901574,-0.0121208,0.0112189,18.2917,0,0.0564653
2025-08-20 00:00:00+00:00,0.00422293,1.32557,0.445696,-0.0604124,-0.0210475,0.889781,0.000284757,0.000225833,2.9549e-05,-3.34504e-05,0.00480936,0.0109576,-0.0061486,15.125,0,0.0558079
2025-08-21 00:00:00+00:00,0.00612282,1.33369,0.632748,-0.0145664,-0.0131258,1.44376,0.000462135,0.000393046,5.70826e-05,-5.72772e-05,0.00708995,-0.0104021,0.0174919,16.4375,0,0.0576589
2025-08-22 00:00:00+00:00,0.00253442,1.33707,0.530169,0.011543,-0.00650955,1.29865,0.000415655,0.000323164,4.97889e-05,2.19257e-05,0.00332614,0.0304285,-0.0271016,17.7708,0,0.0581282
2025-08-23 00:00:00+00:00,0.00493644,1.34367,0.734775,0.00970482,-0.0112929,1.13443,0.000363063,0.00017998,3.39529e-05,-1.31839e-06,0.0055202,-0.00329035,0.0088105,16.8958,0,0.0591367
2025-08-24 00:00:00+00:00,0.00758322,1.35386,0.495807,0.0281476,-0.0137672,1.19703,0.000383149,0.000188575,3.40897e-05,-3.64688e-05,0.00820919,-0.00156268,0.0097718,18.9375,0,0.059796
2025-08-25 00:00:00+00:00,-0.0152486,1.33322,0.641197,0.0210406,-0.00421068,1.37637,0.000440301,0.000212515,5.76759e-05,-0.00159,-0.012976,-0.0307613,0.0181188,21.8125,0,0.0606239
2025-08-26 00:00:00+00:00,-0.00121131,1.3316,0.912172,-0.0492048,-0.0144437,1.47071,0.000470687,0.00023552,4.64854e-05,-0.000711128,0.000287436,0.0126111,-0.0123235,23.2917,0,0.0587536
2025-08-27 00:00:00+00:00,0.00433307,1.33737,1.0437,-0.0161693,-0.0115749,1.65817,0.000530691,0.000178859,5.11814e-05,0.000894769,0.00421579,-0.00876358,0.0129792,21.7708,0,0.0572352
2025-08-28 00:00:00+00:00,-0.00889903,1.32547,1.12014,0.0210262,-0.0127352,2.12203,0.000679068,0.000185869,6.6426e-05,0.000655303,-0.00862599,0.00781852,-0.0164441,22.9792,0,0.0565053
2025-08-29 00:00:00+00:00,0.00205366,1.32819,0.749114,-0.0109537,-0.016699,1.38742,0.000444037,0.000100524,4.11502e-05,8.59036e-05,0.00258125,-0.0158549,0.018436,20.8125,0,0.0542571
2025-08-30 00:00:00+00:00,0.000198045,1.32845,0.769383,-0.0574032,-0.0192543,1.04207,0.000333464,0.000109906,2.78446e-05,0.000234005,0.00045984,0.00278635,-0.00232658,19.5208,0,0.0508923
2025-08-31 00:00:00+00:00,0.000941355,1.3297,0.646433,-0.0400713,-0.00210888,1.09247,0.000349598,0.000138506,2.83915e-05,0.000591622,0.000873879,-0.00324785,0.00412162,18.4375,0,0.0512083
2025-09-01 00:00:00+00:00,-0.0107138,1.31546,0.911361,-0.0382997,0.0450955,1.60731,0.000514308,0.000187022,0.000106317,0.000110789,-0.0100072,-0.0111121,0.0011085,20.2917,0,0.0514156
2025-09-02 00:00:00+00:00,-0.00794628,1.30501,1.39393,-0.081336,0.036788,0.469582,0.000150243,3.01067e-05,2.1469e-05,0.000188478,-0.00792498,0.0203451,-0.0282701,26.0417,0,0.0489062
2025-09-03 00:00:00+00:00,0.00362866,1.30974,1.58919,-0.0791848,0.0291558,0.422505,0.000135312,3.93996e-05,2.2189e-05,0.00018678,0.00369328,0.0129117,-0.00921844,28.6667,0,0.0462915
2025-09-04 00:00:00+00:00,-0.00976518,1.29695,1.3345,-0.0397219,0.0189527,1.54952,0.000495722,0.000195541,5.14209e-05,0.000253058,-0.00925808,-0.0261596,0.0169016,28.9792,0,0.0472959
2025-09-05 00:00:00+00:00,0.00235673,1.30001,0.569673,-0.00362661,0.00288895,1.07664,0.000344551,0.00010494,2.44319e-05,0.000268158,0.00257215,0.00836215,-0.0057898,19.6042,0,0.0461222
2025-09-06 00:00:00+00:00,0.00301211,1.30392,0.560191,0.00233557,-0.000523388,1.28356,0.00041074,7.97262e-05,3.75274e-05,-0.000135533,0.00367655,0.00044168,0.00323538,17.5625,0,0.0472789
2025-09-07 00:00:00+00:00,0.000998224,1.30522,0.498656,0.0133206,-0.00627314,1.46028,0.000467313,9.08541e-05,4.46489e-05,-7.33381e-05,0.00168199,0.0084331,-0.00675116,15.6875,0,0.0491682
2025-09-08 00:00:00+00:00,-0.0222819,1.27614,1.26595,0.261484,0.0341846,1.34743,0.000431167,0.000134595,0.000131094,0.00010051,-0.0218757,-0.00339365,-0.0184798,21.125,0,0.0492565
2025-09-09 00:00:00+00:00,0.00304304,1.28003,1.38684,0.307443,0.0371401,0.525916,0.000168213,9.32904e-05,2.02502e-05,7.13643e-05,0.00331645,0.00102895,0.0022875,24.7917,0,0.047142
2025-09-10 00:00:00+00:00,-0.000599609,1.27926,1.53696,0.253846,0.00607149,0.60592,0.000193954,5.59268e-05,2.19263e-05,0.000224602,-0.000510407,0.013875,-0.0143854,27.3333,0,0.0462846
2025-09-11 00:00:00+00:00,0.0248273,1.31102,1.59056,0.228278,0.00799299,1.57066,0.000502834,0.000348143,7.66007e-05,0.000323867,0.0252941,0.0311107,-0.00581665,28.5208,0,0.0489288
2025-09-12 00:00:00+00:00,0.00605426,1.31896,0.991764,0.10697,0.00459928,1.64239,0.000525675,0.000410303,4.18223e-05,0.000193141,0.00684418,0.0120764,-0.00523218,29.8542,0,0.053971
2025-09-13 00:00:00+00:00,-0.0100455,1.30571,0.933905,0.0633712,-0.00833353,1.53452,0.000494011,0.000313282,4.82702e-05,0.000182189,-0.00934712,0.00450885,-0.013856,30,1,0.0534212
2025-09-14 00:00:00+00:00,-0.00169012,1.3035,0.690012,0.0316438,-0.0213548,1.32525,0.00042409,0.0002586,4.86176e-05,-9.9765e-05,-0.000814247,-0.00573267,0.00491842,30,0,0.0522024
2025-09-15 00:00:00+00:00,0.012275,1.3195,0.679762,-0.00710724,0.00557611,2.42341,0.000775935,0.000412154,0.000190152,-7.22408e-05,0.0136654,3.06207e-05,0.0137359,22.8125,0,0.0534363
2025-09-16 00:00:00+00:00,0.00646555,1.32803,0.742203,-0.0278686,-0.00920113,1.83583,0.000587588,0.000406991,6.87686e-05,-0.00016286,0.00768528,0.00645202,0.00123287,21.7292,0,0.0559696
2025-09-17 00:00:00+00:00,0.00725398,1.33766,1.06577,0.0264808,0.0232825,2.53323,0.000810817,0.000605934,0.00011574,-4.47713e-05,0.0088262,0.0200819,-0.0112558,21,0,0.0601166
2025-09-18 00:00:00+00:00,0.00510605,1.34449,0.909329,0.0705137,0.0122264,2.21482,0.000708894,0.000495216,8.77649e-05,5.10522e-05,0.00636946,0.0108632,-0.00449359,22.5833,0,0.0576596
2025-09-19 00:00:00+00:00,0.00584642,1.35236,1.13257,0.0934204,0.00511189,1.60548,0.000513781,0.000292465,5.94254e-05,-3.66141e-05,0.00675467,-0.0197567,0.0265114,26.1875,0,0.0585175
2025-09-20 00:00:00+00:00,0.000498491,1.35303,0.722927,0.0109542,-0.0193334,1.32454,0.00042385,0.000246545,4.35619e-05,-0.000301816,0.00155282,0.00531371,-0.00376051,22.3958,0,0.0598057
2025-09-21 00:00:00+00:00,0.00420184,1.35871,0.751823,0.0254236,-0.018831,0.712353,0.000228004,0.000162535,2.78325e-05,-0.000176777,0.00479985,-0.00415993,0.00895982,17.6667,0,0.0609198
2025-09-22 00:00:00+00:00,0.0114532,1.37428,0.98731,-0.0175054,-0.0162524,3.06053,0.00098235,0.000377828,0.000238963,-0.000144414,0.0131696,-0.0260616,0.0369604,24.1667,1,0.0623417
2025-09-23 00:00:00+00:00,0.0118572,1.39057,0.899106,0.0128032,-0.00954144,1.47843,0.000473242,0.000116267,4.89485e-05,0.000150594,0.0123018,0.00152794,0.0107738,23.2292,0,0.0643447
2025-09-24 00:00:00+00:00,-0.0114119,1.3747,1.23856,0.066771,-0.0062212,1.56755,0.0005015,0.000106306,4.47094e-05,1.07394e-05,-0.010799,-0.00583458,-0.00496435,23.0833,0,0.0661967
2025-09-25 00:00:00+00:00,-0.0108119,1.35984,1.24542,0.0728616,-0.00866301,1.515,0.000484784,0.000114506,4.81791e-05,0.000155361,-0.010315,-0.0564551,0.0461401,23.0625,0,0.0637407
2025-09-26 00:00:00+00:00,-0.00978555,1.34653,1.13813,0.0738126,-0.0118442,1.06776,0.000341586,5.85495e-05,4.25337e-05,3.62342e-05,-0.00936813,0.0200643,-0.0294324,25.6458,0,0.0598729
2025-09-27 00:00:00+00:00,0.000592803,1.34733,1.13328,0.0949441,-0.0131133,1.3673,0.000437578,9.20887e-05,3.79044e-05,1.51039e-06,0.00118342,-0.00290909,0.00409251,26,0,0.0558915
2025-09-28 00:00:00+00:00,0.00695141,1.3567,1.51793,0.148831,-0.0162932,0.765539,0.000245025,8.5424e-05,2.93758e-05,0.000101328,0.00721439,0.0352567,-0.0280423,26.5208,0,0.0575054
2025-09-29 00:00:00+00:00,0.0145453,1.37643,1.9958,0.244031,0.0305335,0.5856,0.000187619,5.96383e-05,6.07419e-05,-7.49488e-05,0.0148826,0.00356772,0.0113153,28,0,0.0601614
2025-09-30 00:00:00+00:00,-0.00648288,1.36751,1.86831,0.231687,0.0436045,0.857777,0.000274396,0.00019327,2.74707e-05,0.000153308,-0.00611514,-0.0177336,0.0116185,28,0,0.0611922
2025-10-01 00:00:00+00:00,-0.00786721,1.35675,1.85081,0.192222,0.0218877,0.325682,0.000104088,5.00649e-05,1.67323e-05,1.13806e-05,-0.00765232,0.0423304,-0.0499827,28.0625,0,0.0568052
2025-10-02 00:00:00+00:00,0.0015871,1.3589,1.81758,0.190222,0.0126314,0.840848,0.000269029,5.39018e-05,3.34604e-05,3.41557e-05,0.00200408,0.0298397,-0.0278357,29,0,0.0543628
2025-10-03 00:00:00+00:00,0.0303534,1.40015,1.58306,0.233101,0.0147349,0.990875,0.000317361,7.2378e-05,4.36945e-05,0.000103704,0.0302956,0.0225592,0.00773638,29,0,0.0564819
2025-10-04 00:00:00+00:00,-0.00217957,1.3971,1.48848,0.218534,-0.00143268,1.51477,0.000484566,7.80329e-05,5.37216e-05,1.66282e-06,-0.00151856,-0.0200625,0.0185439,29,0,0.0616414
2025-10-05 00:00:00+00:00,0.00483062,1.40385,1.22762,0.22206,0.00384085,1.70351,0.000545165,9.33609e-05,6.74328e-05,0.000127083,0.00542446,-0.00317308,0.00859753,29,0,0.0614865
2025-10-06 00:00:00+00:00,0.0149663,1.42486,1.49005,0.256467,0.036559,2.27996,0.00072994,0.000195215,0.000136382,-4.74151e-05,0.0160257,0.0310277,-0.0149974,29.1667,0,0.0609669
2025-10-07 00:00:00+00:00,0.0268555,1.46312,1.10677,0.178146,-0.00854527,1.83667,0.000588146,0.000200081,6.19972e-05,5.18707e-05,0.0273402,-0.00705151,0.0343917,29.3958,0,0.0627877
2025-10-08 00:00:00+00:00,0.000889011,1.46442,1.0683,0.137552,-0.00628954,1.9796,0.000633511,0.000206252,7.38575e-05,1.69883e-05,0.00183582,0.00941689,-0.00758124,27.3542,0,0.0673859
2025-10-09 00:00:00+00:00,0.0142559,1.4853,0.877675,0.0857138,0.00447796,1.67747,0.000536973,0.000247352,6.56578e-05,5.40879e-05,0.0149854,-0.00823343,0.0232185,21.375,0,0.0682044
2025-10-10 00:00:00+00:00,-9.81473e-05,1.48515,1.04248,0.0315529,-0.0061712,3.27305,0.00110147,0.000472157,0.00269571,0.000894271,0.00348385,-0.12069,0.124174,23.625,11,0.0705488
2025-10-11 00:00:00+00:00,0.00891696,1.4984,0.705918,0.0197968,-0.000125865,1.06674,0.00034142,0.000216018,0.000357597,0.00029528,0.00956525,0.00439255,0.0051727,28.6458,0,0.0704079
2025-10-12 00:00:00+00:00,0.00954682,1.5127,0.773088,0.0820583,-0.000839291,1.39082,0.000445226,0.000247311,0.000302014,0.000130591,0.0104004,0.0418771,-0.0314767,29.3125,0,0.0722232
2025-10-13 00:00:00+00:00,-0.00140607,1.51057,1.05378,0.0998802,0.00228027,1.95109,0.000624517,0.000320898,0.000577675,7.54709e-05,6.05075e-05,0.0186417,-0.0186425,30,0,0.0742267
2025-10-14 00:00:00+00:00,0.00103183,1.51213,1.07026,0.0154856,-0.000382475,1.59866,0.000511579,0.000277814,0.000167004,2.78284e-05,0.00198636,-0.0224433,0.0244481,29.9583,0,0.0723384
2025-10-15 00:00:00+00:00,0.0079926,1.52422,1.18155,-0.0236538,0.00293901,1.6142,0.000516683,0.000228765,0.000129941,-8.3188e-05,0.00894571,-0.0210487,0.0299945,30,0,0.0704491
2025-10-16 00:00:00+00:00,0.00694387,1.5348,1.5823,-0.0139645,0.000581836,2.20046,0.000704254,0.000210174,0.000165232,-0.000302615,0.00833581,-0.0288232,0.037159,30,0,0.0713953
2025-10-17 00:00:00+00:00,-0.011491,1.51717,1.4516,0.0346767,-0.000522821,2.5131,0.000804095,0.000489128,0.000183018,1.65052e-05,-0.01004,-0.0261833,0.0161433,30,0,0.0728534
2025-10-18 00:00:00+00:00,-0.014255,1.49554,1.28148,0.051445,-0.00287259,1.55853,0.000498564,7.49175e-05,7.97928e-05,-0.000143014,-0.0135172,0.0115812,-0.0250984,30,0,0.0699186
2025-10-19 00:00:00+00:00,0.00295943,1.49996,1.33147,0.0434275,0.00404924,1.48496,0.000475146,7.06279e-05,7.00754e-05,1.32297e-06,0.00361041,0.0129026,-0.00929217,30,0,0.0675067
2025-10-20 00:00:00+00:00,-0.00387146,1.49416,1.67377,0.0376479,0.00153656,2.00452,0.000641612,0.000184183,0.00017636,-0.000100571,-0.0027304,0.00855306,-0.0112878,30,0,0.0661948
2025-10-21 00:00:00+00:00,-0.00579353,1.4855,1.79185,0.0707673,0.012452,1.54447,0.000494187,0.000100358,6.20106e-05,-9.35986e-05,-0.00501203,-0.0286783,0.0236663,30,0,0.0662644
2025-10-22 00:00:00+00:00,0.00658395,1.49528,1.83536,0.0276854,0.00931886,1.09165,0.000349403,4.60112e-05,5.24475e-05,-0.000500576,0.00756259,-0.0175955,0.0251581,30,0,0.0642131
2025-10-23 00:00:00+00:00,0.00275564,1.4994,1.71611,-0.0380366,-0.000546729,2.09262,0.00067006,8.94237e-05,8.32292e-05,-9.50474e-05,0.00374742,0.0291197,-0.0253723,30,0,0.0632543
2025-10-24 00:00:00+00:00,-0.00100558,1.49789,1.87073,0.0286569,0.0207414,1.38462,0.000443005,0.000108272,4.48806e-05,-0.00012539,-0.000250712,0.0213988,-0.0216495,30,0,0.0633641
2025-10-25 00:00:00+00:00,0.00307844,1.50251,1.91785,-0.00204945,0.00156893,0.937102,0.000299894,7.02675e-05,3.46232e-05,-0.000194106,0.00369921,0.00980833,-0.00610912,30,0,0.0647292
2025-10-26 00:00:00+00:00,-0.0232497,1.46757,1.78102,-0.01609,-0.00650375,1.11466,0.000356482,0.000121369,3.70146e-05,-0.000182905,-0.0227445,0.0387637,-0.0615082,30,0,0.0638712
2025-10-27 00:00:00+00:00,0.0208549,1.49818,0.776677,0.0281114,-0.00192961,2.35852,0.000754658,0.000584009,0.000265406,-0.000282921,0.022593,0.00846431,0.0140902,30,0,0.0593815
2025-10-28 00:00:00+00:00,-0.0125464,1.47938,0.596102,0.0237059,-0.0215888,0.590566,0.000188956,0.000181978,2.86133e-05,-2.36748e-05,-0.0121432,-0.0109673,-0.00117596,30,0,0.0607962
2025-10-29 00:00:00+00:00,0.00606853,1.48836,0.560745,0.0390931,-0.0337178,1.27076,0.000406745,0.000333689,5.91778e-05,5.67411e-05,0.00684562,0.00148836,0.00535726,30,0,0.0597675
2025-10-30 00:00:00+00:00,0.00965607,1.50273,0.766217,0.0940326,-0.0271482,1.35145,0.000432689,0.000238888,7.36421e-05,0.000190056,0.0102185,-0.0235747,0.0337932,30,0,0.0586304
2025-10-31 00:00:00+00:00,-0.0017042,1.50017,0.865075,0.0590064,-0.0345102,2.07511,0.000664084,0.000360302,0.000102336,0.000171819,-0.000711943,0.00790069,-0.00861282,29.4167,0,0.0593777
2025-11-01 00:00:00+00:00,-0.0136889,1.47964,1.08001,0.0831691,-0.0208415,1.50807,0.000482393,0.000243392,7.91743e-05,0.000100003,-0.0130362,-0.00296494,-0.0100713,29,0,0.0569032
2025-11-02 00:00:00+00:00,0.0154055,1.50243,0.970738,0.129195,-0.00102562,1.8307,0.000586108,0.000265049,7.97432e-05,-6.48935e-05,0.0163523,0.00520197,0.0111503,29,0,0.0545755
2025-11-03 00:00:00+00:00,-0.00494855,1.49499,0.98783,0.0996334,0.00789884,2.12405,0.000680175,0.000189726,0.000132197,4.00945e-05,-0.00389349,-0.0488106,0.0449131,28.6458,1,0.0556536
2025-11-04 00:00:00+00:00,0.0155144,1.51819,0.963425,0.0351172,0.00259413,1.96454,0.000629818,0.000142526,0.000130825,0.000127128,0.0162686,-0.0158721,0.0321407,28.4167,1,0.0554129
2025-11-05 00:00:00+00:00,-0.0133109,1.49798,1.01531,0.0486379,0.00479846,1.39012,0.000444702,7.56613e-05,8.59607e-05,0.00011852,-0.0128519,0.0243026,-0.0371545,29,0,0.0564672
2025-11-06 00:00:00+00:00,-0.00799267,1.48601,0.779107,0.0411293,0.00716939,1.20573,0.000388936,5.68508e-05,0.000111152,-0.000121155,-0.00730127,-0.0246857,0.0173844,29.5208,1,0.0546714
2025-11-07 00:00:00+00:00,-0.00319572,1.48126,0.902819,0.0221744,0.0080723,1.48914,0.000487053,0.000103202,0.000153652,-0.000566679,-0.0017449,0.0613519,-0.0630968,30,1,0.0561093
2025-11-08 00:00:00+00:00,-0.00275132,1.47718,1.0592,0.062916,0.0104397,1.36687,0.000437435,0.00012285,5.47553e-05,-2.99303e-05,-0.0020656,-0.0163191,0.0142535,30,0,0.0537665
2025-11-09 00:00:00+00:00,0.013098,1.49653,1.05908,0.0853143,0.0234758,1.67656,0.000536676,0.00017697,9.16285e-05,-5.1472e-06,0.0138923,0.0236827,-0.00979038,30,0,0.0533906
2025-11-10 00:00:00+00:00,-0.00228445,1.49311,0.791083,0.0843624,0.0354904,1.66238,0.000532295,0.000250565,0.00015875,7.40063e-06,-0.00131264,0.00280847,-0.0034592,30,0,0.0578174
2025-11-11 00:00:00+00:00,0.0112475,1.50991,0.865023,0.0838346,0.0402079,1.47241,0.000471357,0.000225543,6.56143e-05,-0.000250185,0.0122441,-0.0260199,0.038264,30,0,0.0608267
2025-11-12 00:00:00+00:00,0.00708211,1.5206,1.04195,0.065562,0.0237064,1.80548,0.000577912,0.000405024,8.59009e-05,-0.000205066,0.00837301,-0.00452815,0.0129012,30,0,0.0628584
2025-11-13 00:00:00+00:00,0.0108704,1.53713,1.25258,0.0607051,0.0271333,2.0117,0.000643853,0.000164664,8.79868e-05,-1.38162e-05,0.0117572,-0.0141438,0.0259011,30,0,0.0615608
2025-11-14 00:00:00+00:00,-0.00265531,1.53305,0.988655,0.0451502,0.0289502,1.28237,0.000410415,0.000122786,6.71593e-05,4.30506e-05,-0.00206391,-0.0178225,0.0157586,30,0,0.0626822
2025-11-15 00:00:00+00:00,-0.00460981,1.52598,0.906105,0.0280699,0.0185942,0.831891,0.000266193,8.66699e-05,3.61411e-05,-0.000181401,-0.0040131,0.00387815,-0.00789124,30,0,0.0627258
2025-11-16 00:00:00+00:00,-0.00164999,1.52346,1.09754,0.0761922,0.0188872,1.22141,0.000390846,8.22671e-05,4.78026e-05,-0.000428641,-0.000621723,-0.0185766,0.0179549,30,0,0.0604235
2025-11-17 00:00:00+00:00,0.000604409,1.52438,0.994893,0.0869898,0.0195167,1.61209,0.000516007,9.99149e-05,9.24455e-05,0.000115721,0.00130861,0.00184676,-0.000413158,30,0,0.064809
2025-11-18 00:00:00+00:00,-0.00440275,1.51767,0.911669,0.0716312,0.0248179,1.06089,0.000339484,0.000131295,5.07418e-05,5.47061e-05,-0.00388686,0.0188701,-0.022757,30,0,0.0624912
2025-11-19 00:00:00+00:00,0.010507,1.53362,1.12915,0.0983797,0.028298,1.39219,0.000445603,0.00022219,6.25157e-05,0.00010635,0.0111236,-0.00755224,0.0186759,30,0,0.061392
2025-11-20 00:00:00+00:00,0.000380972,1.5342,1.21444,0.104353,0.0268198,1.56731,0.000501516,0.000223743,7.54255e-05,-2.33426e-05,0.00124147,-0.038972,0.0402135,30,0,0.0625
2025-11-21 00:00:00+00:00,0.013816,1.5554,1.13628,0.0785947,0.0243575,1.53084,0.000490172,0.000135001,0.000109692,2.85957e-05,0.0144743,-0.0242584,0.0387327,30,0,0.0617719
2025-11-22 00:00:00+00:00,0.000512573,1.5562,1.16402,0.0840578,0.0228151,1.38318,0.000442748,8.61206e-05,7.99978e-05,3.72301e-05,0.00111207,-0.00934905,0.0104611,30,0,0.0625604
2025-11-23 00:00:00+00:00,-0.00930805,1.54171,1.34144,0.120425,0.0223679,1.43512,0.000459169,8.35679e-05,7.76749e-05,0.000364024,-0.00905992,0.00785293,-0.0169128,30,0,0.0605722
2025-11-24 00:00:00+00:00,-0.0135153,1.52087,1.01217,0.0890231,0.0238365,1.50541,0.00048188,0.000103072,0.00016167,9.63531e-05,-0.0129146,0.0130809,-0.025814,30,0,0.056326
2025-11-25 00:00:00+00:00,-0.00806559,1.50861,0.953374,0.0841078,0.0268989,0.869376,0.000278135,4.2142e-05,4.00604e-05,0.000192934,-0.0078768,0.00134863,-0.00922543,30,0,0.05083
2025-11-26 00:00:00+00:00,0.00857644,1.52155,1.11893,0.10857,0.0359258,0.746317,0.000238941,7.18267e-05,3.73902e-05,0.000220774,0.00876345,0.0178909,-0.00912743,30,0,0.0458318
2025-11-27 00:00:00+00:00,-0.0094374,1.50719,1.32576,0.129111,0.0454272,0.839902,0.00026874,7.21713e-05,3.6971e-05,6.42505e-05,-0.00913762,-0.0129496,0.003812,30,0,0.0465655
2025-11-28 00:00:00+00:00,0.00317545,1.51197,1.38321,0.110647,0.0468235,0.52893,0.000169191,6.15063e-05,2.02991e-05,0.000353519,0.00312483,-0.0106066,0.0137314,30,0,0.044019
2025-11-29 00:00:00+00:00,0.00075524,1.51311,1.09145,0.0787904,0.021913,1.65755,0.000530327,0.000368935,7.85532e-05,0.000130264,0.00162405,-0.0092222,0.0108462,29.7917,0,0.0433298
2025-11-30 00:00:00+00:00,0.000429257,1.51376,0.569141,0.0560532,0.00688044,0.606549,0.000194081,0.00013343,2.08395e-05,0.000155435,0.000630951,-0.0113819,0.0120128,25.9583,0,0.0413027
2025-12-01 00:00:00+00:00,-0.00714557,1.50295,1.0318,0.0825619,0.00668005,0.825564,0.000264208,5.90577e-05,0.000139016,0.000151077,-0.006791,-0.0237105,0.0168081,27.8333,0,0.0398586
2025-12-02 00:00:00+00:00,-0.00127507,1.50103,1.21793,0.0503188,-0.00393658,0.415264,0.00013281,2.56637e-05,3.31923e-05,0.000113514,-0.00113164,0.0454631,-0.0465947,28.0833,0,0.0390378
2025-12-03 00:00:00+00:00,0.01999,1.53104,1.24911,0.0136741,-0.0102716,0.711454,0.000227777,3.73444e-05,4.87084e-05,6.04952e-05,0.0200813,0.0364435,-0.0163621,29,0,0.0402217
2025-12-04 00:00:00+00:00,-0.000895012,1.52967,1.05651,0.00752785,-0.0249604,0.385438,0.000123376,1.5422e-05,3.06483e-05,1.04276e-05,-0.000719075,-0.0131323,0.0124132,29,0,0.0425142
2025-12-05 00:00:00+00:00,-0.00302604,1.52504,1.11369,0.036764,-0.0249523,0.372847,0.000119293,2.25906e-05,1.40534e-05,-5.14104e-05,-0.00280633,-0.0346837,0.0318774,29,0,0.0417445
2025-12-06 00:00:00+00:00,0.00765678,1.53671,1.12475,0.0372074,-0.0190553,0.216,6.91395e-05,1.40659e-05,9.60262e-06,0.000134731,0.0076042,0.0051047,0.00249949,29,0,0.0429327
2025-12-07 00:00:00+00:00,0.00355563,1.54218,0.997637,0.033619,-0.00731787,0.973596,0.000311603,6.68349e-05,4.49258e-05,6.25785e-05,0.00392352,0.00405117,-0.000127647,29.0417,0,0.0455006
2025-12-08 00:00:00+00:00,-0.0134126,1.52149,0.557185,-0.0308711,-0.00882698,1.86925,0.000597812,0.000140599,0.000245773,-0.000377192,-0.0120711,0.00593455,-0.0182589,29.3958,0,0.0472919
2025-12-09 00:00:00+00:00,0.00815808,1.53391,0.769244,0.0180439,0.0211494,0.482651,0.000154465,2.59228e-05,2.31626e-05,-0.000346678,0.00873545,0.0169724,-0.00823695,28.7083,0,0.0431826
2025-12-10 00:00:00+00:00,0.00685333,1.54442,0.926004,-0.00703977,0.0118663,0.545306,0.000174393,2.98199e-05,2.50774e-05,-3.3367e-05,0.0071443,-0.0105671,0.0177114,29.9167,0,0.0417603
2025-12-11 00:00:00+00:00,0.00372383,1.55017,0.992645,-0.0516956,0.00250074,0.654306,0.000209379,3.05486e-05,2.98953e-05,-0.000136677,0.00417338,0.00094089,0.00323258,29.9167,0,0.0422533
2025-12-12 00:00:00+00:00,0.00335514,1.55537,1.22041,-0.0551858,0.000381173,0.54973,0.000175947,2.22753e-05,1.73776e-05,-0.000104067,0.00370313,-0.00821853,0.0119217,30,0,0.0426088
2025-12-13 00:00:00+00:00,-0.00163764,1.55282,1.05301,-0.0595299,-0.00812502,1.34754,0.000431153,8.16155e-05,4.41307e-05,8.21303e-05,-0.00115198,0.00382158,-0.00497349,29.4375,0,0.0433764
2025-12-14 00:00:00+00:00,0.00175543,1.55555,0.507415,-0.0581313,-0.00551708,0.891665,0.000285352,4.47503e-05,2.53607e-05,-2.13043e-05,0.00213842,-0.00750355,0.00964165,17.6667,0,0.0437871
2025-12-15 00:00:00+00:00,0.010787,1.57233,1.04159,0.0326239,0.0405915,1.01649,0.000325253,4.88926e-05,0.000150875,5.20602e-05,0.0112665,-0.0133976,0.0243863,21.4375,0,0.0436224
2025-12-16 00:00:00+00:00,0.00435471,1.57918,1.21033,0.0558101,0.0165434,1.19944,0.000383837,9.49949e-05,5.75233e-05,0.0013998,0.00352862,0.00508077,-0.00155215,26,0,0.0449799
2025-12-17 00:00:00+00:00,0.0133565,1.60027,1.3803,0.0573629,0.0171391,0.821846,0.00026301,6.18502e-05,3.81271e-05,0.00121693,0.0124688,-0.031583,0.0440518,27.7292,0,0.0454888
2025-12-18 00:00:00+00:00,-0.0081079,1.58729,1.3503,0.0469816,0.0164417,0.882639,0.000282642,0.000109498,7.00488e-05,0.000333867,-0.00791341,-0.0347427,0.0268293,29,0,0.0468626
2025-12-19 00:00:00+00:00,-0.0052818,1.57891,1.04439,0.0603765,0.0109585,0.63866,0.000204394,8.56831e-05,4.36145e-05,0.000824932,-0.00573928,0.0350185,-0.0407578,29.9167,0,0.0474488
2025-12-20 00:00:00+00:00,0.0011418,1.58071,1.13564,0.0801407,0.00824412,0.231232,7.39878e-05,2.91915e-05,1.88796e-05,0.000327329,0.000962373,0.00372046,-0.00275809,30,0,0.0431018
2025-12-21 00:00:00+00:00,-0.00260049,1.5766,1.1169,0.0387464,-0.000777484,0.781356,0.000249575,7.44444e-05,6.03204e-05,0.00109126,-0.00326147,-0.00914146,0.00587999,30,0,0.0415526
2025-12-22 00:00:00+00:00,0.00733918,1.58817,0.514206,0.0529192,-0.00707671,1.93215,0.000618337,0.00024594,0.000186406,0.000524415,0.00788114,0.00374445,0.00413052,26.4792,0,0.0408223
2025-12-23 00:00:00+00:00,0.0025558,1.59223,0.435028,0.0224218,-0.0118045,1.09694,0.00035105,0.000144316,4.65675e-05,7.07004e-05,0.00303751,-0.00174487,0.00478198,19.75,0,0.0415571
2025-12-24 00:00:00+00:00,0.000836618,1.59356,0.882001,0.058083,-0.0181859,0.973361,0.000311508,0.000101411,4.98014e-05,6.66357e-05,0.00125466,0.00572288,-0.00446822,21.2083,0,0.0442927
2025-12-25 00:00:00+00:00,0.00483543,1.60127,1.04372,0.0891091,-0.0257251,0.292306,9.42305e-05,3.50685e-05,2.46967e-05,0.000213697,0.00479162,-0.00263144,0.00742306,25.8958,1,0.0426073
2025-12-26 00:00:00+00:00,-0.00788945,1.58864,0.999009,0.112299,-0.0110495,0.956672,0.000306093,0.000116582,4.60316e-05,0.000530553,-0.00795572,0.00710575,-0.0150615,27.3542,0,0.0405352
2025-12-27 00:00:00+00:00,-0.00440757,1.58163,0.650196,0.0566993,-0.0212722,0.227172,7.26873e-05,2.88022e-05,9.65797e-06,0.000543895,-0.00483545,0.00227176,-0.00710619,27.75,0,0.0357053
2025-12-28 00:00:00+00:00,0.00650113,1.59192,0.671071,0.0850946,-0.00117055,0.165393,5.29826e-05,2.43464e-05,1.20276e-05,0.000955382,0.00563383,0.00186972,0.00376411,28,0,0.0324288
2025-12-29 00:00:00+00:00,0.00243191,1.59579,0.746212,0.103147,0.00898367,0.375637,0.000120166,2.86216e-05,3.50701e-05,0.00109453,0.00153554,-0.00579648,0.00725812,28,0,0.0326258
2025-12-30 00:00:00+00:00,0.00329628,1.60105,0.74214,0.0729735,-0.00147821,0.755405,0.000241736,6.28516e-05,2.71212e-05,0.00044717,0.0031863,0.00331718,-0.000130886,28.4375,0,0.0336851
2025-12-31 00:00:00+00:00,-0.0340845,1.54648,0.815115,0.0639923,-0.009185,0.408206,0.000138486,0.000271512,0.000148391,0.000407905,-0.0340084,-0.00997787,-0.0240306,29.5,2,0.0346516
2026-01-01 00:00:00+00:00,0.00116457,1.54828,0.750054,0.0172576,-0.0129065,0.634036,0.000202893,3.99336e-05,2.71803e-05,0.000194336,0.00126123,0.0145734,-0.0133121,29,0,0.0310152
2026-01-02 00:00:00+00:00,-0.0177542,1.52079,0.84512,0.0381155,-0.0110897,0.354173,0.0001164,3.86798e-05,2.11314e-05,0.000288512,-0.0179758,0.0122007,-0.0301766,29.8333,1,0.0304501
2026-01-03 00:00:00+00:00,0.0035609,1.52621,0.915811,0.0637908,-0.00547748,0.210952,6.75001e-05,2.62021e-05,1.18778e-05,0.000159938,0.00353046,0.00566171,-0.00213126,30,0,0.0269107
2026-01-04 00:00:00+00:00,-0.0147139,1.50375,0.863769,0.0448142,-0.0107491,0.405161,0.000141419,6.97432e-05,3.73776e-05,-0.00069162,-0.0138658,0.00265992,-0.0165257,29.7083,2,0.025494
2026-01-05 00:00:00+00:00,0.00372413,1.50935,0.85506,0.104371,0.00279222,0.257791,8.25719e-05,1.19612e-05,3.7645e-05,-0.000520509,0.00440711,0.00754918,-0.00302487,30,0,0.0226187
2026-01-06 00:00:00+00:00,-0.00770163,1.49773,0.782436,0.0916083,0.00633773,0.244065,8.76707e-05,7.4335e-05,3.32401e-05,0.00015477,-0.00766557,0.00280948,-0.010475,30,1,0.0230885
2026-01-07 00:00:00+00:00,0.000950605,1.49915,0.704557,0.0614968,2.9437e-05,0.0926496,2.96565e-05,9.34457e-06,9.03107e-06,-3.13999e-06,0.00103337,-0.0154647,0.016498,30,0,0.0210318
2026-01-08 00:00:00+00:00,-0.00629704,1.48971,0.664129,0.0184268,-0.00490947,0.0981901,3.1417e-05,2.52447e-05,8.30709e-06,-6.18543e-05,-0.00618147,-0.00845212,0.00227065,30,0,0.0200958
2026-01-09 00:00:00+00:00,-0.00163726,1.48727,0.642204,-0.011416,-0.0145188,0.0696314,2.22818e-05,8.89086e-06,3.28431e-06,-0.000207158,-0.00139056,0.00125686,-0.00264743,30,0,0.0181084
2026-01-10 00:00:00+00:00,0.000348859,1.48779,0.624252,-0.0137544,-0.0137173,0.0170845,5.46507e-06,4.42388e-06,6.77874e-07,-0.000177065,0.000541045,-0.00371345,0.0042545,30,0,0.016076
2026-01-11 00:00:00+00:00,-0.00443125,1.4812,0.618352,-0.0129556,-0.0111174,0.0112708,3.60783e-06,1.09329e-06,7.80183e-07,-0.000112147,-0.00431943,-0.00181552,-0.00250391,30,0,0.0168496
2026-01-12 00:00:00+00:00,0.00343256,1.48628,0.531904,-0.0206712,-0.0130013,0.217133,6.94695e-05,3.67484e-05,5.62189e-05,-4.21171e-06,0.0036036,-0.00379333,0.00768498,28,0,0.017183
2026-01-13 00:00:00+00:00,-0.00124465,1.48443,0.542243,-0.020647,-0.0160337,0.0415219,1.32785e-05,2.70667e-06,2.10617e-06,-1.81736e-05,-0.00119586,0.0174702,-0.0186661,28.9167,0,0.0180443
2026-01-14 00:00:00+00:00,-0.0092913,1.47064,0.59324,0.000862738,-0.00693386,0.0977299,3.12511e-05,1.53342e-05,1.09081e-05,0.000431214,-0.00966481,-0.00451476,-0.00515005,29,0,0.018971
2026-01-15 00:00:00+00:00,0.000377801,1.47119,0.556133,-0.0149914,-0.00804288,0.049176,1.57322e-05,4.44816e-06,3.19267e-06,0.000180221,0.000236184,-0.0101342,0.0103704,29,0,0.0182373
2026-01-16 00:00:00+00:00,0.00281102,1.47533,0.499966,-0.0213306,-0.00989598,0.084265,2.69716e-05,3.66541e-06,6.64148e-06,0.000315227,0.00253344,0.00303146,-0.000498026,29,0,0.0067255
2026-01-17 00:00:00+00:00,-0.00125979,1.47347,0.448677,-0.0300739,-0.0149031,0.015137,4.84347e-06,6.05434e-07,1.10221e-06,2.04454e-05,-0.00127293,-0.00200117,0.000728244,29,0,0.00700981
2026-01-18 00:00:00+00:00,-0.000365618,1.47293,0.437664,-0.0241156,-0.01225,0.00200591,6.4186e-07,8.02325e-08,1.5176e-07,6.12379e-05,-0.000424352,-0.00826251,0.00783815,29,0,0.00605577
2026-01-19 00:00:00+00:00,0.00483532,1.48005,0.331711,0.00824862,-0.000650402,0.15762,5.05282e-05,7.1508e-06,1.94121e-05,-2.414e-05,0.00493009,-0.00462856,0.00982617,27.75,0,0.00817115
2026-01-20 00:00:00+00:00,0.00345749,1.48517,0.315793,0.00268406,-0.000179363,0.0669908,2.14421e-05,2.68026e-06,1.97669e-06,-3.71551e-05,0.00351743,-0.00789506,0.0114125,28.7083,0,0.0109038
2026-01-21 00:00:00+00:00,-0.00123125,1.48334,0.310913,-0.00753467,-0.00444571,0.0223511,7.14984e-06,8.93731e-07,2.27211e-06,0.000349482,-0.00156815,0.00513474,-0.00670289,29,0,0.0111899
2026-01-22 00:00:00+00:00,0.00134068,1.48533,0.309412,-0.0106259,-0.001695,0.00824018,2.63693e-06,3.29616e-07,8.33027e-07,0.000970791,0.000375929,-0.000474125,0.000850054,29,0,0.0075842
2026-01-23 00:00:00+00:00,-0.00521394,1.47759,0.303314,-0.0135548,-0.00144711,0.0119169,3.81325e-06,2.20915e-06,5.40711e-07,0.000133432,-0.0053504,-0.00192675,-0.00342365,29.8958,0,0.00706644
2026-01-24 00:00:00+00:00,0.00285741,1.48181,0.299864,-0.0148235,0.00266141,0.0108028,3.45696e-06,1.37692e-06,8.58176e-07,-0.000209259,0.00307147,0.00341033,-0.000338859,30,0,0.00524767
2026-01-25 00:00:00+00:00,0.00319092,1.48654,0.28683,-0.0134082,0.00204985,0.0137314,4.39707e-06,4.2668e-06,5.98904e-07,2.39775e-05,0.00317326,-0.00728864,0.0104619,30,0,0.00948596
2026-01-26 00:00:00+00:00,0.00308189,1.49112,0.303697,0.0108952,0.00774629,0.090291,2.89011e-05,1.36666e-05,1.66431e-05,0.00121201,0.00193207,0.0099794,-0.00827638,30,0,0.0119927
2026-01-27 00:00:00+00:00,-0.00672453,1.48109,0.315592,0.00172361,-7.45001e-05,0.0145132,4.64215e-06,4.82008e-06,1.11262e-06,0.00138216,-0.00811284,0.00469806,-0.0128109,30,0,0.0112798
2026-01-28 00:00:00+00:00,-0.00279151,1.47696,0.315029,0.00531001,-0.0001769,0.0474453,1.75974e-05,2.7036e-06,1.04004e-05,0.000730101,-0.00349103,-0.0047096,0.00121857,30,1,0.0101655
2026-01-29 00:00:00+00:00,0.00103205,1.47848,0.295961,0.0114782,0.0050488,0.0163444,5.23129e-06,1.44072e-06,1.85717e-06,0.000251072,0.000793387,-0.00970364,0.010497,30,0,0.0114903
2026-01-30 00:00:00+00:00,0.000958479,1.4799,0.283227,0.0141506,0.000205958,0.0145896,4.66845e-06,4.0651e-06,6.41348e-07,0.000216402,0.000752909,-0.00416932,0.00492223,30,0,0.0118993
2026-01-31 00:00:00+00:00,-0.00164129,1.47747,0.277404,0.0256648,0.00348675,0.123598,4.65444e-05,7.27027e-06,1.14411e-05,8.09412e-05,-0.00165419,-0.015293,0.0136388,28.5833,5,0.0147671
2026-02-01 00:00:00+00:00,-0.00274,1.47342,0.285537,0.0310924,0.00171632,0.136809,4.38628e-05,2.13224e-05,7.72155e-06,2.63463e-05,-0.00269107,-0.00547035,0.00277928,27.25,1,0.0147698
2026-02-02 00:00:00+00:00,0.000879259,1.47472,0.321289,0.0337721,0.00409471,0.082534,2.64131e-05,2.10614e-05,1.85441e-05,0.000718372,0.00023156,0.00427,-0.00414605,27.875,0,0.0120022
2026-02-03 00:00:00+00:00,0.000105385,1.47487,0.327351,0.038379,0.0104364,0.0312686,1.00067e-05,3.76832e-06,2.69473e-06,0.00113779,-0.00101007,-0.00579906,0.004789,28,0,0.0130359
2026-02-04 00:00:00+00:00,-0.00309505,1.47031,0.331865,0.021527,0.00103774,0.135043,5.16041e-05,1.77207e-05,1.23138e-05,0.00166316,-0.00467509,-0.00767929,0.0030042,27.7292,1,0.0160119
2026-02-05 00:00:00+00:00,0.00582252,1.47887,0.301866,0.00543953,-0.00137197,0.0504702,1.88853e-05,2.97036e-05,6.76824e-06,0.00199939,0.00386769,-0.0201693,0.024037,26.2917,2,0.0161022
2026-02-06 00:00:00+00:00,-0.00443718,1.47231,0.300602,-0.0113017,0.00188688,0.0653915,2.09821e-05,8.77777e-06,7.19925e-06,0.000806792,-0.00519601,0.0150592,-0.0202552,24.4792,1,0.0178968
2026-02-07 00:00:00+00:00,0.000459602,1.47298,0.306935,-0.0144077,-0.00345201,0.0313639,1.00359e-05,3.63895e-06,2.97654e-06,0.000830882,-0.000351901,-0.00325448,0.00290258,25.6875,0,0.0164834
2026-02-08 00:00:00+00:00,-0.0029693,1.46861,0.290862,-0.0120576,-0.00520064,0.0731255,2.62482e-05,4.81926e-06,1.04716e-05,0.00127844,-0.00420501,-0.00156501,-0.00264,26,1,0.0173775
2026-02-09 00:00:00+00:00,-0.0018018,1.46596,0.293385,-0.00734709,-0.00461081,0.0447024,1.43079e-05,1.06656e-05,8.06742e-06,0.00110217,-0.00286832,-0.00226525,-0.000600441,25.8542,0,0.0149236
2026-02-10 00:00:00+00:00,-0.00119408,1.46421,0.295255,-0.00732015,-0.00518469,0.0262353,9.27973e-06,1.34417e-06,2.74877e-06,0.000763715,-0.00193828,-0.00257612,0.000636872,26.25,1,0.0132484
2026-02-11 00:00:00+00:00,0.0009684,1.46563,0.2908,-0.00669092,-0.00625534,0.0470933,1.50705e-05,3.11511e-06,5.17927e-06,0.000263207,0.000734488,-0.00168031,0.0024148,26,0,0.0127818
2026-02-12 00:00:00+00:00,-0.000967316,1.46421,0.310507,-0.00737804,-0.00777177,0.019884,6.3625e-06,2.11439e-06,1.71713e-06,0.000584358,-0.00153867,0.00153976,-0.00307844,26,0,0.0141388
2026-02-13 00:00:00+00:00,0.0009911,1.46566,0.313745,-0.00602112,-0.00370875,0.0331585,1.14574e-05,1.4566e-05,3.59192e-06,0.000602268,0.000422049,0.00643576,-0.00601372,25.9792,1,0.0139307
2026-02-14 00:00:00+00:00,-0.00471126,1.45876,0.313509,-0.011551,-0.00539391,0.064065,2.05008e-05,5.37676e-06,3.84542e-06,0.00042931,-0.00511734,0.00804808,-0.0131654,26,0,0.0134539
2026-02-15 00:00:00+00:00,0.00183304,1.46143,0.30902,-0.0233359,-0.0114326,0.0544429,1.74244e-05,4.98706e-06,3.28928e-06,-0.000167909,0.00202826,-0.0063443,0.00837256,26,0,0.0131499
2026-02-16 00:00:00+00:00,0.000283269,1.46185,0.308142,-0.00439597,-0.00107431,0.144768,4.63322e-05,1.32872e-05,2.64132e-05,-0.000363894,0.000734775,0.00187547,-0.00108314,26.3958,0,0.0156902
2026-02-17 00:00:00+00:00,-0.00496717,1.45459,0.332839,-0.00563245,-0.001178,0.0712498,2.27968e-05,3.06188e-06,3.9484e-06,-0.000367884,-0.00457657,-0.00552478,0.000948207,27.2917,0,0.0158147
2026-02-18 00:00:00+00:00,-0.00587373,1.44604,0.364629,-0.0227447,-0.0120263,0.103945,3.32483e-05,7.92333e-06,4.94206e-06,-0.000412996,-0.00541797,-0.00542615,9.91457e-06,27.7083,0,0.0140007
2026-02-19 00:00:00+00:00,0.00296788,1.45033,0.324841,-0.0238134,-0.00419103,0.0473798,1.51608e-05,3.37748e-06,2.38662e-06,-0.000363607,0.00335056,-2.24842e-05,0.00337304,28,0,0.00933663
2026-02-20 00:00:00+00:00,-0.00274304,1.44635,0.287824,-0.0232469,-0.00214534,0.076956,2.46237e-05,5.43552e-06,2.62854e-06,-0.000299889,-0.00241074,0.00318925,-0.00559999,28,0,0.0073979
2026-02-21 00:00:00+00:00,1.15078e-05,1.44637,0.204838,-0.0125789,0.0032022,0.0788358,2.52168e-05,1.25932e-05,3.62178e-06,-0.000272865,0.000329122,0.000495465,-0.000166342,28,0,0.00459525
2026-02-22 00:00:00+00:00,-0.000714363,1.44534,0.165625,-0.0123979,0.00102696,0.037346,1.19506e-05,5.99814e-06,3.89403e-07,-5.20491e-05,-0.000643887,-0.00237625,0.00173236,28,0,0.00542641
2026-02-23 00:00:00+00:00,-0.00260624,1.44157,0.101807,-0.0106578,-0.00109165,0.0791468,2.53889e-05,1.12396e-05,8.60948e-07,-5.1842e-05,-0.00251977,-0.00299671,0.000479471,26.0417,1,0.00482881
2026-02-24 00:00:00+00:00,0.000585236,1.44241,0.0390691,-0.00516961,-0.00187767,0.0444425,1.44039e-05,6.79883e-06,6.40672e-07,-4.38778e-06,0.000611379,-7.62396e-05,0.000687619,25.875,2,0.00456571
2026-02-25 00:00:00+00:00,0.000140922,1.44262,0.0175856,-0.00352581,-0.00211463,0.0229661,7.34913e-06,2.6612e-06,8.37497e-07,3.40958e-05,0.00011773,0.000954785,-0.000837006,24.7708,0,0.00469313
2026-02-26 00:00:00+00:00,-0.000842442,1.4414,0.00941196,-0.00232242,-0.00150275,0.0104577,3.34638e-06,7.12113e-07,9.79013e-08,0.000111512,-0.000950019,-0.000370842,-0.000579152,24.5417,0,0.00314256
2026-02-27 00:00:00+00:00,1.99737e-05,1.44143,0.00286179,-0.000832338,-0.000615505,0.00367396,1.17567e-06,2.56836e-07,2.12576e-08,2.14259e-05,1.04757e-08,-4.34638e-05,4.35934e-05,18.0625,0,0
2026-02-28 00:00:00+00:00,-6.41961e-05,1.44134,0.000616362,-0.000186466,-0.000107883,0.00135195,4.83422e-07,7.16015e-08,1.63214e-08,1.42623e-06,-6.50517e-05,-1.16984e-05,-5.35855e-05,6.47917,1,0
2026-03-01 00:00:00+00:00,-1.97063e-06,1.44134,1.15681e-05,2.57525e-06,3.16792e-06,8.20273e-05,2.62487e-08,3.28109e-09,5.11003e-10,6.37116e-08,-2.00431e-06,-1.21875e-06,-7.33348e-07,0.3125,0,0
2026-03-02 00:00:00+00:00,0,1.44134,0,0,0,0,0,0,0,0,0,0,0,0,0,0
2026-03-03 00:00:00+00:00,0,1.44134,0,0,0,0,0,0,0,0,0,0,0,0,0,0
2026-03-04 00:00:00+00:00,0,1.44134,0,0,0,0,0,0,0,0,0,0,0,0,0,0
2026-03-05 00:00:00+00:00,0,1.44134,0,0,0,0,0,0,0,0,0,0,0,0,0,0
2026-03-06 00:00:00+00:00,0,1.44134,0,0,0,0,0,0,0,0,0,0,0,0,0,0
2026-03-07 00:00:00+00:00,0,1.44134,0,0,0,0,0,0,0,0,0,0,0,0,0,0
2026-03-08 00:00:00+00:00,0,1.44134,0,0,0,0,0,0,0,0,0,0,0,0,0,0
2026-03-09 00:00:00+00:00,0,1.44134,0,0,0,0,0,0,0,0,0,0,0,0,0,0
2026-03-10 00:00:00+00:00,0,1.44134,0,0,0,0,0,0,0,0,0,0,0,0,0,0
2026-03-11 00:00:00+00:00,0,1.44134,0,0,0,0,0,0,0,0,0,0,0,0,0,0
2026-03-12 00:00:00+00:00,0,1.44134,0,0,0,0,0,0,0,0,0,0,0,0,0,0
2026-03-13 00:00:00+00:00,0,1.44134,0,0,0,0,0,0,0,0,0,0,0,0,0,0
2026-03-14 00:00:00+00:00,0,1.44134,0,0,0,0,0,0,0,0,0,0,0,0,0,0
2026-03-15 00:00:00+00:00,0,1.44134,0,0,0,0,0,0,0,0,0,0,0,0,0,0
2026-03-16 00:00:00+00:00,0,1.44134,0,0,0,0,0,0,0,0,0,0,0,0,0,0
2026-03-17 00:00:00+00:00,0,1.44134,0,0,0,0,0,0,0,0,0,0,0,0,0,0
2026-03-18 00:00:00+00:00,0,1.44134,0,0,0,0,0,0,0,0,0,0,0,0,0,0
2026-03-19 00:00:00+00:00,0,1.44134,0,0,0,0,0,0,0,0,0,0,0,0,0,0
2026-03-20 00:00:00+00:00,0,1.44134,0,0,0,0,0,0,0,0,0,0,0,0,0,0
2026-03-21 00:00:00+00:00,0,1.44134,0,0,0,0,0,0,0,0,0,0,0,0,0,0
2026-03-22 00:00:00+00:00,0,1.44134,0,0,0,0,0,0,0,0,0,0,0,0,0,0
2026-03-23 00:00:00+00:00,0,1.44134,0,0,0,0,0,0,0,0,0,0,0,0,0,0
2026-03-24 00:00:00+00:00,0,1.44134,0,0,0,0,0,0,0,0,0,0,0,0,0,0
2026-03-25 00:00:00+00:00,0,1.44134,0,0,0,0,0,0,0,0,0,0,0,0,0,0
2026-03-26 00:00:00+00:00,0,1.44134,0,0,0,0,0,0,0,0,0,0,0,0,0,0
2026-03-27 00:00:00+00:00,0,1.44134,0,0,0,0,0,0,0,0,0,0,0,0,0,0
2026-03-28 00:00:00+00:00,0,1.44134,0,0,0,0,0,0,0,0,0,0,0,0,0,0
2026-03-29 00:00:00+00:00,0,1.44134,0,0,0,0,0,0,0,0,0,0,0,0,0,0
2026-03-30 00:00:00+00:00,0,1.44134,0,0,0,0,0,0,0,0,0,0,0,0,0,0
2026-03-31 00:00:00+00:00,0,1.44134,0,0,0,0,0,0,0,0,0,0,0,0,0,0
2026-04-01 00:00:00+00:00,0,1.44134,0,0,0,0,0,0,0,0,0,0,0,0,0,0
2026-04-02 00:00:00+00:00,0,1.44134,0,0,0,0,0,0,0,0,0,0,0,0,0,0
2026-04-03 00:00:00+00:00,0,1.44134,0,0,0,0,0,0,0,0,0,0,0,0,0,0
2026-04-04 00:00:00+00:00,0,1.44134,0,0,0,0,0,0,0,0,0,0,0,0,0,0
2026-04-05 00:00:00+00:00,0,1.44134,0,0,0,0,0,0,0,0,0,0,0,0,0,0
2026-04-06 00:00:00+00:00,0,1.44134,0,0,0,0,0,0,0,0,0,0,0,0,0,0
2026-04-07 00:00:00+00:00,0,1.44134,0,0,0,0,0,0,0,0,0,0,0,0,0,0
2026-04-08 00:00:00+00:00,0,1.44134,0,0,0,0,0,0,0,0,0,0,0,0,0,0
2026-04-09 00:00:00+00:00,0,1.44134,0,0,0,0,0,0,0,0,0,0,0,0,0,0
2026-04-10 00:00:00+00:00,0,1.44134,0,0,0,0,0,0,0,0,0,0,0,0,0,0
2026-04-11 00:00:00+00:00,0,1.44134,0,0,0,0,0,0,0,0,0,0,0,0,0,0
2026-04-12 00:00:00+00:00,0,1.44134,0,0,0,0,0,0,0,0,0,0,0,0,0,0
2026-04-13 00:00:00+00:00,0,1.44134,0,0,0,0,0,0,0,0,0,0,0,0,0,0
2026-04-14 00:00:00+00:00,0,1.44134,0,0,0,0,0,0,0,0,0,0,0,0,0,0
2026-04-15 00:00:00+00:00,0,1.44134,0,0,0,0,0,0,0,0,0,0,0,0,0,1.92854e-05
2026-04-16 00:00:00+00:00,0,1.44134,0,0,0,0,0,0,0,0,0,0,0,0,0,0.000242933
2026-04-17 00:00:00+00:00,0,1.44134,0,0,0,0,0,0,0,0,0,0,0,0,0,0
2026-04-18 00:00:00+00:00,0,1.44134,0,0,0,0,0,0,0,0,0,0,0,0,0,0
2026-04-19 00:00:00+00:00,0,1.44134,0,0,0,0,0,0,0,0,0,0,0,0,0,0
2026-04-20 00:00:00+00:00,0,1.44134,0,0,0,0,0,0,0,0,0,0,0,0,0,0
2026-04-21 00:00:00+00:00,0,1.44134,0,0,0,0,0,0,0,0,0,0,0,0,0,0
2026-04-22 00:00:00+00:00,0,1.44134,0,0,0,0,0,0,0,0,0,0,0,0,0,0
2026-04-23 00:00:00+00:00,0,1.44134,0,0,0,0,0,0,0,0,0,0,0,0,0,0
2026-04-24 00:00:00+00:00,0,1.44134,0,0,0,0,0,0,0,0,0,0,0,0,0,0
2026-04-25 00:00:00+00:00,0,1.44134,0,0,0,0,0,0,0,0,0,0,0,0,0,0
2026-04-26 00:00:00+00:00,0,1.44134,0,0,0,0,0,0,0,0,0,0,0,0,0,0
2026-04-27 00:00:00+00:00,0,1.44134,0,0,0,0,0,0,0,0,0,0,0,0,0,0
2026-04-28 00:00:00+00:00,0,1.44134,0,0,0,0,0,0,0,0,0,0,0,0,0,0
2026-04-29 00:00:00+00:00,0,1.44134,0,0,0,0,0,0,0,0,0,0,0,0,0,0
2026-04-30 00:00:00+00:00,0,1.44134,0,0,0,0,0,0,0,0,0,0,0,0,0,0
2026-05-01 00:00:00+00:00,0,1.44134,0,0,0,0,0,0,0,0,0,0,0,0,0,0
2026-05-02 00:00:00+00:00,0,1.44134,0,0,0,0,0,0,0,0,0,0,0,0,0,0
2026-05-03 00:00:00+00:00,0,1.44134,0,0,0,0,0,0,0,0,0,0,0,0,0,0
2026-05-04 00:00:00+00:00,0,1.44134,0,0,0,0,0,0,0,0,0,0,0,0,0,0
2026-05-05 00:00:00+00:00,0,1.44134,0,0,0,0,0,0,0,0,0,0,0,0,0,0
2026-05-06 00:00:00+00:00,0,1.44134,0,0,0,0,0,0,0,0,0,0,0,0,0,0
2026-05-07 00:00:00+00:00,0,1.44134,0,0,0,0,0,0,0,0,0,0,0,0,0,0
2026-05-08 00:00:00+00:00,0,1.44134,0,0,0,0,0,0,0,0,0,0,0,0,0,0
2026-05-09 00:00:00+00:00,0,1.44134,0,0,0,0,0,0,0,0,0,0,0,0,0,0
2026-05-10 00:00:00+00:00,0,1.44134,0,0,0,0,0,0,0,0,0,0,0,0,0,0
2026-05-11 00:00:00+00:00,0,1.44134,0,0,0,0,0,0,0,0,0,0,0,0,0,0
2026-05-12 00:00:00+00:00,0,1.44134,0,0,0,0,0,0,0,0,0,0,0,0,0,0
2026-05-13 00:00:00+00:00,0,1.44134,0,0,0,0,0,0,0,0,0,0,0,0,0,0
2026-05-14 00:00:00+00:00,0,1.44134,0,0,0,0,0,0,0,0,0,0,0,0,0,0
2026-05-15 00:00:00+00:00,0,1.44134,0,0,0,0,0,0,0,0,0,0,0,0,0,0
2026-05-16 00:00:00+00:00,0,1.44134,0,0,0,0,0,0,0,0,0,0,0,0,0,0
2026-05-17 00:00:00+00:00,0,1.44134,0,0,0,0,0,0,0,0,0,0,0,0,0,0
2026-05-18 00:00:00+00:00,0,1.44134,0,0,0,0,0,0,0,0,0,0,0,0,0,0
2026-05-19 00:00:00+00:00,0,1.44134,0,0,0,0,0,0,0,0,0,0,0,0,0,0
2026-05-20 00:00:00+00:00,0,1.44134,0,0,0,0,0,0,0,0,0,0,0,0,0,0
2026-05-21 00:00:00+00:00,0,1.44134,0,0,0,0,0,0,0,0,0,0,0,0,0,0
2026-05-22 00:00:00+00:00,0,1.44134,0,0,0,0,0,0,0,0,0,0,0,0,0,0
2026-05-23 00:00:00+00:00,0,1.44134,0,0,0,0,0,0,0,0,0,0,0,0,0,0
2026-05-24 00:00:00+00:00,0,1.44134,0,0,0,0,0,0,0,0,0,0,0,0,0,0
2026-05-25 00:00:00+00:00,0,1.44134,0,0,0,0,0,0,0,0,0,0,0,0,0,0
2026-05-26 00:00:00+00:00,0,1.44134,0,0,0,0,0,0,0,0,0,0,0,0,0,0
2026-05-27 00:00:00+00:00,0,1.44134,0,0,0,0,0,0,0,0,0,0,0,0,0,0
2026-05-28 00:00:00+00:00,0,1.44134,0,0,0,0,0,0,0,0,0,0,0,0,0,0
2026-05-29 00:00:00+00:00,0,1.44134,0,0,0,0,0,0,0,0,0,0,0,0,0,0
2026-05-30 00:00:00+00:00,0,1.44134,0,0,0,0,0,0,0,0,0,0,0,0,0,0
2026-05-31 00:00:00+00:00,0,1.44134,0,0,0,0,0,0,0,0,0,0,0,0,0,0
2026-06-01 00:00:00+00:00,0,1.44134,0,0,0,0,0,0,0,0,0,0,0,0,0,0
2026-06-02 00:00:00+00:00,0,1.44134,0,0,0,0,0,0,0,0,0,0,0,0,0,0
2026-06-03 00:00:00+00:00,0,1.44134,0,0,0,0,0,0,0,0,0,0,0,0,0,0
2026-06-04 00:00:00+00:00,0,1.44134,0,0,0,0,0,0,0,0,0,0,0,0,0,0
2026-06-05 00:00:00+00:00,0,1.44134,0,0,0,0,0,0,0,0,0,0,0,0,0,0
2026-06-06 00:00:00+00:00,0,1.44134,0,0,0,0,0,0,0,0,0,0,0,0,0,0
2026-06-07 00:00:00+00:00,0,1.44134,0,0,0,0,0,0,0,0,0,0,0,0,0,0
2026-06-08 00:00:00+00:00,0,1.44134,0,0,0,0,0,0,0,0,0,0,0,0,0,0
2026-06-09 00:00:00+00:00,0,1.44134,0,0,0,0,0,0,0,0,0,0,0,0,0,0
2026-06-10 00:00:00+00:00,0,1.44134,0,0,0,0,0,0,0,0,0,0,0,0,0,0
2026-06-11 00:00:00+00:00,0,1.44134,0,0,0,0,0,0,0,0,0,0,0,0,0,0
2026-06-12 00:00:00+00:00,0,1.44134,0,0,0,0,0,0,0,0,0,0,0,0,0,0
2026-06-13 00:00:00+00:00,0,1.44134,0,0,0,0,0,0,0,0,0,0,0,0,0,0
2026-06-14 00:00:00+00:00,0,1.44134,0,0,0,0,0,0,0,0,0,0,0,0,0,0
2026-06-15 00:00:00+00:00,0,1.44134,0,0,0,0,0,0,0,0,0,0,0,0,0,0
2026-06-16 00:00:00+00:00,0,1.44134,0,0,0,0,0,0,0,0,0,0,0,0,0,0
2026-06-17 00:00:00+00:00,0,1.44134,0,0,0,0,0,0,0,0,0,0,0,0,0,0
2026-06-18 00:00:00+00:00,0,1.44134,0,0,0,0,0,0,0,0,0,0,0,0,0,0
2026-06-19 00:00:00+00:00,0,1.44134,0,0,0,0,0,0,0,0,0,0,0,0,0,0
2026-06-20 00:00:00+00:00,0,1.44134,0,0,0,0,0,0,0,0,0,0,0,0,0,0
2026-06-21 00:00:00+00:00,0,1.44134,0,0,0,0,0,0,0,0,0,0,0,0,0,0
2026-06-22 00:00:00+00:00,0,1.44134,0,0,0,0,0,0,0,0,0,0,0,0,0,0
2026-06-23 00:00:00+00:00,0,1.44134,0,0,0,0,0,0,0,0,0,0,0,0,0,0
2026-06-24 00:00:00+00:00,0,1.44134,0,0,0,0,0,0,0,0,0,0,0,0,0,0
2026-06-25 00:00:00+00:00,0,1.44134,0,0,0,0,0,0,0,0,0,0,0,0,0,0
2026-06-26 00:00:00+00:00,0,1.44134,0,0,0,0,0,0,0,0,0,0,0,0,0,0
2026-06-27 00:00:00+00:00,0,1.44134,0,0,0,0,0,0,0,0,0,0,0,0,0,0
2026-06-28 00:00:00+00:00,0,1.44134,0,0,0,0,0,0,0,0,0,0,0,0,0,0
2026-06-29 00:00:00+00:00,0,1.44134,0,0,0,0,0,0,0,0,0,0,0,0,0,0
2026-06-30 00:00:00+00:00,0,1.44134,0,0,0,0,0,0,0,0,0,0,0,0,0,0
2026-07-01 00:00:00+00:00,0,1.44134,0,0,0,0,0,0,0,0,0,0,0,0,0,0
2026-07-02 00:00:00+00:00,0,1.44134,0,0,0,0,0,0,0,0,0,0,0,0,0,0
2026-07-03 00:00:00+00:00,0,1.44134,0,0,0,0,0,0,0,0,0,0,0,0,0,0
2026-07-04 00:00:00+00:00,0,1.44134,0,0,0,0,0,0,0,0,0,0,0,0,0,0
2026-07-05 00:00:00+00:00,0,1.44134,0,0,0,0,0,0,0,0,0,0,0,0,0,0
2026-07-06 00:00:00+00:00,0,1.44134,0,0,0,0,0,0,0,0,0,0,0,0,0,0
2026-07-07 00:00:00+00:00,0,1.44134,0,0,0,0,0,0,0,0,0,0,0,0,0,0
2026-07-08 00:00:00+00:00,0,1.44134,0,0,0,0,0,0,0,0,0,0,0,0,0,0
2026-07-09 00:00:00+00:00,0,1.44134,0,0,0,0,0,0,0,0,0,0,0,0,0,0
2026-07-10 00:00:00+00:00,0,1.44134,0,0,0,0,0,0,0,0,0,0,0,0,0,0
2026-07-11 00:00:00+00:00,0,1.44134,0,0,0,0,0,0,0,0,0,0,0,0,0,0
2026-07-12 00:00:00+00:00,0,1.44134,0,0,0,0,0,0,0,0,0,0,0,0,0,0
2026-07-13 00:00:00+00:00,0,1.44134,0,0,0,0,0,0,0,0,0,0,0,0,0,0
2026-07-14 00:00:00+00:00,0,1.44134,0,0,0,0,0,0,0,0,0,0,0,0,0,0
2026-07-15 00:00:00+00:00,0,1.44134,0,0,0,0,0,0,0,0,0,0,0,0,0,0
2026-07-16 00:00:00+00:00,0,1.44134,0,0,0,0,0,0,0,0,0,0,0,0,0,0
2026-07-17 00:00:00+00:00,0,1.44134,0,0,0,0,0,0,0,0,0,0,0,0,0,0
2026-07-18 00:00:00+00:00,0,1.44134,0,0,0,0,0,0,0,0,0,0,0,0,0,0
2026-07-19 00:00:00+00:00,0,1.44134,0,0,0,0,0,0,0,0,0,0,0,0,0,0
2026-07-20 00:00:00+00:00,0,1.44134,0,0,0,0,0,0,0,0,0,0,0,0,0,0
2026-07-21 00:00:00+00:00,0,1.44134,0,0,0,0,0,0,0,0,0,0,0,0,0,0
2026-07-22 00:00:00+00:00,0,1.44134,0,0,0,0,0,0,0,0,0,0,0,0,0,0
2026-07-23 00:00:00+00:00,0,1.44134,0,0,0,0,0,0,0,0,0,0,0,0,0,0
2026-07-24 00:00:00+00:00,0,1.44134,0,0,0,0,0,0,0,0,0,0,0,0,0,0
2026-07-25 00:00:00+00:00,0,1.44134,0,0,0,0,0,0,0,0,0,0,0,0,0,0
2026-07-26 00:00:00+00:00,0,1.44134,0,0,0,0,0,0,0,0,0,0,0,0,0,0
2026-07-27 00:00:00+00:00,0,1.44134,0,0,0,0,0,0,0,0,0,0,0,0,0,0
2026-07-28 00:00:00+00:00,0,1.44134,0,0,0,0,0,0,0,0,0,0,0,0,0,0
2026-07-29 00:00:00+00:00,0,1.44134,0,0,0,0,0,0,0,0,0,0,0,0,0,0
2026-07-30 00:00:00+00:00,0,1.44134,0,0,0,0,0,0,0,0,0,0,0,0,0,0
2026-07-31 00:00:00+00:00,0,1.44134,0,0,0,0,0,0,0,0,0,0,0,0,0,0
2026-08-01 00:00:00+00:00,0,1.44134,0,0,0,0,0,0,0,0,0,0,0,0,0,0
2026-08-02 00:00:00+00:00,0,1.44134,0,0,0,0,0,0,0,0,0,0,0,0,0,0
2026-08-03 00:00:00+00:00,0,1.44134,0,0,0,0,0,0,0,0,0,0,0,0,0,0
2026-08-04 00:00:00+00:00,0,1.44134,0,0,0,0,0,0,0,0,0,0,0,0,0,0
2026-08-05 00:00:00+00:00,0,1.44134,0,0,0,0,0,0,0,0,0,0,0,0,0,0
2026-08-06 00:00:00+00:00,0,1.44134,0,0,0,0,0,0,0,0,0,0,0,0,0,0
2026-08-07 00:00:00+00:00,0,1.44134,0,0,0,0,0,0,0,0,0,0,0,0,0,0
2026-08-08 00:00:00+00:00,0,1.44134,0,0,0,0,0,0,0,0,0,0,0,0,0,0
2026-08-09 00:00:00+00:00,0,1.44134,0,0,0,0,0,0,0,0,0,0,0,0,0,0
2026-08-10 00:00:00+00:00,0,1.44134,0,0,0,0,0,0,0,0,0,0,0,0,0,0
2026-08-11 00:00:00+00:00,0,1.44134,0,0,0,0,0,0,0,0,0,0,0,0,0,0
2026-08-12 00:00:00+00:00,0,1.44134,0,0,0,0,0,0,0,0,0,0,0,0,0,0
2026-08-13 00:00:00+00:00,0,1.44134,0,0,0,0,0,0,0,0,0,0,0,0,0,0
2026-08-14 00:00:00+00:00,0,1.44134,0,0,0,0,0,0,0,0,0,0,0,0,0,0
2026-08-15 00:00:00+00:00,0,1.44134,0,0,0,0,0,0,0,0,0,0,0,0,0,0
2026-08-16 00:00:00+00:00,0,1.44134,0,0,0,0,0,0,0,0,0,0,0,0,0,0
2026-08-17 00:00:00+00:00,0,1.44134,0,0,0,0,0,0,0,0,0,0,0,0,0,0
2026-08-18 00:00:00+00:00,0,1.44134,0,0,0,0,0,0,0,0,0,0,0,0,0,0
2026-08-19 00:00:00+00:00,0,1.44134,0,0,0,0,0,0,0,0,0,0,0,0,0,0
2026-08-20 00:00:00+00:00,0,1.44134,0,0,0,0,0,0,0,0,0,0,0,0,0,0
2026-08-21 00:00:00+00:00,0,1.44134,0,0,0,0,0,0,0,0,0,0,0,0,0,0
2026-08-22 00:00:00+00:00,0,1.44134,0,0,0,0,0,0,0,0,0,0,0,0,0,0
2026-08-23 00:00:00+00:00,0,1.44134,0,0,0,0,0,0,0,0,0,0,0,0,0,0
2026-08-24 00:00:00+00:00,0,1.44134,0,0,0,0,0,0,0,0,0,0,0,0,0,0
2026-08-25 00:00:00+00:00,0,1.44134,0,0,0,0,0,0,0,0,0,0,0,0,0,0
2026-08-26 00:00:00+00:00,0,1.44134,0,0,0,0,0,0,0,0,0,0,0,0,0,0
2026-08-27 00:00:00+00:00,0,1.44134,0,0,0,0,0,0,0,0,0,0,0,0,0,0
2026-08-28 00:00:00+00:00,0,1.44134,0,0,0,0,0,0,0,0,0,0,0,0,0,0
2026-08-29 00:00:00+00:00,0,1.44134,0,0,0,0,0,0,0,0,0,0,0,0,0,0
2026-08-30 00:00:00+00:00,0,1.44134,0,0,0,0,0,0,0,0,0,0,0,0,0,0
2026-08-31 00:00:00+00:00,0,1.44134,0,0,0,0,0,0,0,0,0,0,0,0,0,0
